frame_index,timestamp_ms,hand_detected,detection_confidence,tracking_confidence,l0_x,l0_y,l0_z,l1_x,l1_y,l1_z,l2_x,l2_y,l2_z,l3_x,l3_y,l3_z,l4_x,l4_y,l4_z,l5_x,l5_y,l5_z,l6_x,l6_y,l6_z,l7_x,l7_y,l7_z,l8_x,l8_y,l8_z,l9_x,l9_y,l9_z,l10_x,l10_y,l10_z,l11_x,l11_y,l11_z,l12_x,l12_y,l12_z,l13_x,l13_y,l13_z,l14_x,l14_y,l14_z,l15_x,l15_y,l15_z,l16_x,l16_y,l16_z,l17_x,l17_y,l17_z,l18_x,l18_y,l18_z,l19_x,l19_y,l19_z,l20_x,l20_y,l20_z
0,0,False,0.0,0.0,0.0,0.0,0.0,0.0,0.0,0.0,0.0,0.0,0.0,0.0,0.0,0.0,0.0,0.0,0.0,0.0,0.0,0.0,0.0,0.0,0.0,0.0,0.0,0.0,0.0,0.0,0.0,0.0,0.0,0.0,0.0,0.0,0.0,0.0,0.0,0.0,0.0,0.0,0.0,0.0,0.0,0.0,0.0,0.0,0.0,0.0,0.0,0.0,0.0,0.0,0.0,0.0,0.0,0.0,0.0,0.0,0.0,0.0,0.0,0.0,0.0,0.0,0.0
1,33,False,0.0,0.0,0.0,0.0,0.0,0.0,0.0,0.0,0.0,0.0,0.0,0.0,0.0,0.0,0.0,0.0,0.0,0.0,0.0,0.0,0.0,0.0,0.0,0.0,0.0,0.0,0.0,0.0,0.0,0.0,0.0,0.0,0.0,0.0,0.0,0.0,0.0,0.0,0.0,0.0,0.0,0.0,0.0,0.0,0.0,0.0,0.0,0.0,0.0,0.0,0.0,0.0,0.0,0.0,0.0,0.0,0.0,0.0,0.0,0.0,0.0,0.0,0.0,0.0,0.0
2,66,False,0.0,0.0,0.0,0.0,0.0,0.0,0.0,0.0,0.0,0.0,0.0,0.0,0.0,0.0,0.0,0.0,0.0,0.0,0.0,0.0,0.0,0.0,0.0,0.0,0.0,0.0,0.0,0.0,0.0,0.0,0.0,0.0,0.0,0.0,0.0,0.0,0.0,0.0,0.0,0.0,0.0,0.0,0.0,0.0,0.0,0.0,0.0,0.0,0.0,0.0,0.0,0.0,0.0,0.0,0.0,0.0,0.0,0.0,0.0,0.0,0.0,0.0,0.0,0.0,0.0
3,100,False,0.0,0.0,0.0,0.0,0.0,0.0,0.0,0.0,0.0,0.0,0.0,0.0,0.0,0.0,0.0,0.0,0.0,0.0,0.0,0.0,0.0,0.0,0.0,0.0,0.0,0.0,0.0,0.0,0.0,0.0,0.0,0.0,0.0,0.0,0.0,0.0,0.0,0.0,0.0,0.0,0.0,0.0,0.0,0.0,0.0,0.0,0.0,0.0,0.0,0.0,0.0,0.0,0.0,0.0,0.0,0.0,0.0,0.0,0.0,0.0,0.0,0.0,0.0,0.0,0.0
4,133,False,0.0,0.0,0.0,0.0,0.0,0.0,0.0,0.0,0.0,0.0,0.0,0.0,0.0,0.0,0.0,0.0,0.0,0.0,0.0,0.0,0.0,0.0,0.0,0.0,0.0,0.0,0.0,0.0,0.0,0.0,0.0,0.0,0.0,0.0,0.0,0.0,0.0,0.0,0.0,0.0,0.0,0.0,0.0,0.0,0.0,0.0,0.0,0.0,0.0,0.0,0.0,0.0,0.0,0.0,0.0,0.0,0.0,0.0,0.0,0.0,0.0,0.0,0.0,0.0,0.0
5,166,False,0.0,0.0,0.0,0.0,0.0,0.0,0.0,0.0,0.0,0.0,0.0,0.0,0.0,0.0,0.0,0.0,0.0,0.0,0.0,0.0,0.0,0.0,0.0,0.0,0.0,0.0,0.0,0.0,0.0,0.0,0.0,0.0,0.0,0.0,0.0,0.0,0.0,0.0,0.0,0.0,0.0,0.0,0.0,0.0,0.0,0.0,0.0,0.0,0.0,0.0,0.0,0.0,0.0,0.0,0.0,0.0,0.0,0.0,0.0,0.0,0.0,0.0,0.0,0.0,0.0
6,200,False,0.0,0.0,0.0,0.0,0.0,0.0,0.0,0.0,0.0,0.0,0.0,0.0,0.0,0.0,0.0,0.0,0.0,0.0,0.0,0.0,0.0,0.0,0.0,0.0,0.0,0.0,0.0,0.0,0.0,0.0,0.0,0.0,0.0,0.0,0.0,0.0,0.0,0.0,0.0,0.0,0.0,0.0,0.0,0.0,0.0,0.0,0.0,0.0,0.0,0.0,0.0,0.0,0.0,0.0,0.0,0.0,0.0,0.0,0.0,0.0,0.0,0.0,0.0,0.0,0.0
7,233,False,0.0,0.0,0.0,0.0,0.0,0.0,0.0,0.0,0.0,0.0,0.0,0.0,0.0,0.0,0.0,0.0,0.0,0.0,0.0,0.0,0.0,0.0,0.0,0.0,0.0,0.0,0.0,0.0,0.0,0.0,0.0,0.0,0.0,0.0,0.0,0.0,0.0,0.0,0.0,0.0,0.0,0.0,0.0,0.0,0.0,0.0,0.0,0.0,0.0,0.0,0.0,0.0,0.0,0.0,0.0,0.0,0.0,0.0,0.0,0.0,0.0,0.0,0.0,0.0,0.0
8,266,False,0.0,0.0,0.0,0.0,0.0,0.0,0.0,0.0,0.0,0.0,0.0,0.0,0.0,0.0,0.0,0.0,0.0,0.0,0.0,0.0,0.0,0.0,0.0,0.0,0.0,0.0,0.0,0.0,0.0,0.0,0.0,0.0,0.0,0.0,0.0,0.0,0.0,0.0,0.0,0.0,0.0,0.0,0.0,0.0,0.0,0.0,0.0,0.0,0.0,0.0,0.0,0.0,0.0,0.0,0.0,0.0,0.0,0.0,0.0,0.0,0.0,0.0,0.0,0.0,0.0
9,300,False,0.0,0.0,0.0,0.0,0.0,0.0,0.0,0.0,0.0,0.0,0.0,0.0,0.0,0.0,0.0,0.0,0.0,0.0,0.0,0.0,0.0,0.0,0.0,0.0,0.0,0.0,0.0,0.0,0.0,0.0,0.0,0.0,0.0,0.0,0.0,0.0,0.0,0.0,0.0,0.0,0.0,0.0,0.0,0.0,0.0,0.0,0.0,0.0,0.0,0.0,0.0,0.0,0.0,0.0,0.0,0.0,0.0,0.0,0.0,0.0,0.0,0.0,0.0,0.0,0.0
10,333,False,0.0,0.0,0.0,0.0,0.0,0.0,0.0,0.0,0.0,0.0,0.0,0.0,0.0,0.0,0.0,0.0,0.0,0.0,0.0,0.0,0.0,0.0,0.0,0.0,0.0,0.0,0.0,0.0,0.0,0.0,0.0,0.0,0.0,0.0,0.0,0.0,0.0,0.0,0.0,0.0,0.0,0.0,0.0,0.0,0.0,0.0,0.0,0.0,0.0,0.0,0.0,0.0,0.0,0.0,0.0,0.0,0.0,0.0,0.0,0.0,0.0,0.0,0.0,0.0,0.0
11,366,False,0.0,0.0,0.0,0.0,0.0,0.0,0.0,0.0,0.0,0.0,0.0,0.0,0.0,0.0,0.0,0.0,0.0,0.0,0.0,0.0,0.0,0.0,0.0,0.0,0.0,0.0,0.0,0.0,0.0,0.0,0.0,0.0,0.0,0.0,0.0,0.0,0.0,0.0,0.0,0.0,0.0,0.0,0.0,0.0,0.0,0.0,0.0,0.0,0.0,0.0,0.0,0.0,0.0,0.0,0.0,0.0,0.0,0.0,0.0,0.0,0.0,0.0,0.0,0.0,0.0
12,400,False,0.0,0.0,0.0,0.0,0.0,0.0,0.0,0.0,0.0,0.0,0.0,0.0,0.0,0.0,0.0,0.0,0.0,0.0,0.0,0.0,0.0,0.0,0.0,0.0,0.0,0.0,0.0,0.0,0.0,0.0,0.0,0.0,0.0,0.0,0.0,0.0,0.0,0.0,0.0,0.0,0.0,0.0,0.0,0.0,0.0,0.0,0.0,0.0,0.0,0.0,0.0,0.0,0.0,0.0,0.0,0.0,0.0,0.0,0.0,0.0,0.0,0.0,0.0,0.0,0.0
13,433,False,0.0,0.0,0.0,0.0,0.0,0.0,0.0,0.0,0.0,0.0,0.0,0.0,0.0,0.0,0.0,0.0,0.0,0.0,0.0,0.0,0.0,0.0,0.0,0.0,0.0,0.0,0.0,0.0,0.0,0.0,0.0,0.0,0.0,0.0,0.0,0.0,0.0,0.0,0.0,0.0,0.0,0.0,0.0,0.0,0.0,0.0,0.0,0.0,0.0,0.0,0.0,0.0,0.0,0.0,0.0,0.0,0.0,0.0,0.0,0.0,0.0,0.0,0.0,0.0,0.0
14,466,False,0.0,0.0,0.0,0.0,0.0,0.0,0.0,0.0,0.0,0.0,0.0,0.0,0.0,0.0,0.0,0.0,0.0,0.0,0.0,0.0,0.0,0.0,0.0,0.0,0.0,0.0,0.0,0.0,0.0,0.0,0.0,0.0,0.0,0.0,0.0,0.0,0.0,0.0,0.0,0.0,0.0,0.0,0.0,0.0,0.0,0.0,0.0,0.0,0.0,0.0,0.0,0.0,0.0,0.0,0.0,0.0,0.0,0.0,0.0,0.0,0.0,0.0,0.0,0.0,0.0
15,500,False,0.0,0.0,0.0,0.0,0.0,0.0,0.0,0.0,0.0,0.0,0.0,0.0,0.0,0.0,0.0,0.0,0.0,0.0,0.0,0.0,0.0,0.0,0.0,0.0,0.0,0.0,0.0,0.0,0.0,0.0,0.0,0.0,0.0,0.0,0.0,0.0,0.0,0.0,0.0,0.0,0.0,0.0,0.0,0.0,0.0,0.0,0.0,0.0,0.0,0.0,0.0,0.0,0.0,0.0,0.0,0.0,0.0,0.0,0.0,0.0,0.0,0.0,0.0,0.0,0.0
16,533,False,0.0,0.0,0.0,0.0,0.0,0.0,0.0,0.0,0.0,0.0,0.0,0.0,0.0,0.0,0.0,0.0,0.0,0.0,0.0,0.0,0.0,0.0,0.0,0.0,0.0,0.0,0.0,0.0,0.0,0.0,0.0,0.0,0.0,0.0,0.0,0.0,0.0,0.0,0.0,0.0,0.0,0.0,0.0,0.0,0.0,0.0,0.0,0.0,0.0,0.0,0.0,0.0,0.0,0.0,0.0,0.0,0.0,0.0,0.0,0.0,0.0,0.0,0.0,0.0,0.0
17,566,False,0.0,0.0,0.0,0.0,0.0,0.0,0.0,0.0,0.0,0.0,0.0,0.0,0.0,0.0,0.0,0.0,0.0,0.0,0.0,0.0,0.0,0.0,0.0,0.0,0.0,0.0,0.0,0.0,0.0,0.0,0.0,0.0,0.0,0.0,0.0,0.0,0.0,0.0,0.0,0.0,0.0,0.0,0.0,0.0,0.0,0.0,0.0,0.0,0.0,0.0,0.0,0.0,0.0,0.0,0.0,0.0,0.0,0.0,0.0,0.0,0.0,0.0,0.0,0.0,0.0
18,600,False,0.0,0.0,0.0,0.0,0.0,0.0,0.0,0.0,0.0,0.0,0.0,0.0,0.0,0.0,0.0,0.0,0.0,0.0,0.0,0.0,0.0,0.0,0.0,0.0,0.0,0.0,0.0,0.0,0.0,0.0,0.0,0.0,0.0,0.0,0.0,0.0,0.0,0.0,0.0,0.0,0.0,0.0,0.0,0.0,0.0,0.0,0.0,0.0,0.0,0.0,0.0,0.0,0.0,0.0,0.0,0.0,0.0,0.0,0.0,0.0,0.0,0.0,0.0,0.0,0.0
19,633,False,0.0,0.0,0.0,0.0,0.0,0.0,0.0,0.0,0.0,0.0,0.0,0.0,0.0,0.0,0.0,0.0,0.0,0.0,0.0,0.0,0.0,0.0,0.0,0.0,0.0,0.0,0.0,0.0,0.0,0.0,0.0,0.0,0.0,0.0,0.0,0.0,0.0,0.0,0.0,0.0,0.0,0.0,0.0,0.0,0.0,0.0,0.0,0.0,0.0,0.0,0.0,0.0,0.0,0.0,0.0,0.0,0.0,0.0,0.0,0.0,0.0,0.0,0.0,0.0,0.0
20,666,False,0.0,0.0,0.0,0.0,0.0,0.0,0.0,0.0,0.0,0.0,0.0,0.0,0.0,0.0,0.0,0.0,0.0,0.0,0.0,0.0,0.0,0.0,0.0,0.0,0.0,0.0,0.0,0.0,0.0,0.0,0.0,0.0,0.0,0.0,0.0,0.0,0.0,0.0,0.0,0.0,0.0,0.0,0.0,0.0,0.0,0.0,0.0,0.0,0.0,0.0,0.0,0.0,0.0,0.0,0.0,0.0,0.0,0.0,0.0,0.0,0.0,0.0,0.0,0.0,0.0
21,700,False,0.0,0.0,0.0,0.0,0.0,0.0,0.0,0.0,0.0,0.0,0.0,0.0,0.0,0.0,0.0,0.0,0.0,0.0,0.0,0.0,0.0,0.0,0.0,0.0,0.0,0.0,0.0,0.0,0.0,0.0,0.0,0.0,0.0,0.0,0.0,0.0,0.0,0.0,0.0,0.0,0.0,0.0,0.0,0.0,0.0,0.0,0.0,0.0,0.0,0.0,0.0,0.0,0.0,0.0,0.0,0.0,0.0,0.0,0.0,0.0,0.0,0.0,0.0,0.0,0.0
22,733,False,0.0,0.0,0.0,0.0,0.0,0.0,0.0,0.0,0.0,0.0,0.0,0.0,0.0,0.0,0.0,0.0,0.0,0.0,0.0,0.0,0.0,0.0,0.0,0.0,0.0,0.0,0.0,0.0,0.0,0.0,0.0,0.0,0.0,0.0,0.0,0.0,0.0,0.0,0.0,0.0,0.0,0.0,0.0,0.0,0.0,0.0,0.0,0.0,0.0,0.0,0.0,0.0,0.0,0.0,0.0,0.0,0.0,0.0,0.0,0.0,0.0,0.0,0.0,0.0,0.0
23,766,False,0.0,0.0,0.0,0.0,0.0,0.0,0.0,0.0,0.0,0.0,0.0,0.0,0.0,0.0,0.0,0.0,0.0,0.0,0.0,0.0,0.0,0.0,0.0,0.0,0.0,0.0,0.0,0.0,0.0,0.0,0.0,0.0,0.0,0.0,0.0,0.0,0.0,0.0,0.0,0.0,0.0,0.0,0.0,0.0,0.0,0.0,0.0,0.0,0.0,0.0,0.0,0.0,0.0,0.0,0.0,0.0,0.0,0.0,0.0,0.0,0.0,0.0,0.0,0.0,0.0
24,800,False,0.0,0.0,0.0,0.0,0.0,0.0,0.0,0.0,0.0,0.0,0.0,0.0,0.0,0.0,0.0,0.0,0.0,0.0,0.0,0.0,0.0,0.0,0.0,0.0,0.0,0.0,0.0,0.0,0.0,0.0,0.0,0.0,0.0,0.0,0.0,0.0,0.0,0.0,0.0,0.0,0.0,0.0,0.0,0.0,0.0,0.0,0.0,0.0,0.0,0.0,0.0,0.0,0.0,0.0,0.0,0.0,0.0,0.0,0.0,0.0,0.0,0.0,0.0,0.0,0.0
25,833,False,0.0,0.0,0.0,0.0,0.0,0.0,0.0,0.0,0.0,0.0,0.0,0.0,0.0,0.0,0.0,0.0,0.0,0.0,0.0,0.0,0.0,0.0,0.0,0.0,0.0,0.0,0.0,0.0,0.0,0.0,0.0,0.0,0.0,0.0,0.0,0.0,0.0,0.0,0.0,0.0,0.0,0.0,0.0,0.0,0.0,0.0,0.0,0.0,0.0,0.0,0.0,0.0,0.0,0.0,0.0,0.0,0.0,0.0,0.0,0.0,0.0,0.0,0.0,0.0,0.0
26,866,False,0.0,0.0,0.0,0.0,0.0,0.0,0.0,0.0,0.0,0.0,0.0,0.0,0.0,0.0,0.0,0.0,0.0,0.0,0.0,0.0,0.0,0.0,0.0,0.0,0.0,0.0,0.0,0.0,0.0,0.0,0.0,0.0,0.0,0.0,0.0,0.0,0.0,0.0,0.0,0.0,0.0,0.0,0.0,0.0,0.0,0.0,0.0,0.0,0.0,0.0,0.0,0.0,0.0,0.0,0.0,0.0,0.0,0.0,0.0,0.0,0.0,0.0,0.0,0.0,0.0
27,900,False,0.0,0.0,0.0,0.0,0.0,0.0,0.0,0.0,0.0,0.0,0.0,0.0,0.0,0.0,0.0,0.0,0.0,0.0,0.0,0.0,0.0,0.0,0.0,0.0,0.0,0.0,0.0,0.0,0.0,0.0,0.0,0.0,0.0,0.0,0.0,0.0,0.0,0.0,0.0,0.0,0.0,0.0,0.0,0.0,0.0,0.0,0.0,0.0,0.0,0.0,0.0,0.0,0.0,0.0,0.0,0.0,0.0,0.0,0.0,0.0,0.0,0.0,0.0,0.0,0.0
28,933,False,0.0,0.0,0.0,0.0,0.0,0.0,0.0,0.0,0.0,0.0,0.0,0.0,0.0,0.0,0.0,0.0,0.0,0.0,0.0,0.0,0.0,0.0,0.0,0.0,0.0,0.0,0.0,0.0,0.0,0.0,0.0,0.0,0.0,0.0,0.0,0.0,0.0,0.0,0.0,0.0,0.0,0.0,0.0,0.0,0.0,0.0,0.0,0.0,0.0,0.0,0.0,0.0,0.0,0.0,0.0,0.0,0.0,0.0,0.0,0.0,0.0,0.0,0.0,0.0,0.0
29,966,False,0.0,0.0,0.0,0.0,0.0,0.0,0.0,0.0,0.0,0.0,0.0,0.0,0.0,0.0,0.0,0.0,0.0,0.0,0.0,0.0,0.0,0.0,0.0,0.0,0.0,0.0,0.0,0.0,0.0,0.0,0.0,0.0,0.0,0.0,0.0,0.0,0.0,0.0,0.0,0.0,0.0,0.0,0.0,0.0,0.0,0.0,0.0,0.0,0.0,0.0,0.0,0.0,0.0,0.0,0.0,0.0,0.0,0.0,0.0,0.0,0.0,0.0,0.0,0.0,0.0
30,1000,False,0.0,0.0,0.0,0.0,0.0,0.0,0.0,0.0,0.0,0.0,0.0,0.0,0.0,0.0,0.0,0.0,0.0,0.0,0.0,0.0,0.0,0.0,0.0,0.0,0.0,0.0,0.0,0.0,0.0,0.0,0.0,0.0,0.0,0.0,0.0,0.0,0.0,0.0,0.0,0.0,0.0,0.0,0.0,0.0,0.0,0.0,0.0,0.0,0.0,0.0,0.0,0.0,0.0,0.0,0.0,0.0,0.0,0.0,0.0,0.0,0.0,0.0,0.0,0.0,0.0
31,1033,False,0.0,0.0,0.0,0.0,0.0,0.0,0.0,0.0,0.0,0.0,0.0,0.0,0.0,0.0,0.0,0.0,0.0,0.0,0.0,0.0,0.0,0.0,0.0,0.0,0.0,0.0,0.0,0.0,0.0,0.0,0.0,0.0,0.0,0.0,0.0,0.0,0.0,0.0,0.0,0.0,0.0,0.0,0.0,0.0,0.0,0.0,0.0,0.0,0.0,0.0,0.0,0.0,0.0,0.0,0.0,0.0,0.0,0.0,0.0,0.0,0.0,0.0,0.0,0.0,0.0
32,1066,False,0.0,0.0,0.0,0.0,0.0,0.0,0.0,0.0,0.0,0.0,0.0,0.0,0.0,0.0,0.0,0.0,0.0,0.0,0.0,0.0,0.0,0.0,0.0,0.0,0.0,0.0,0.0,0.0,0.0,0.0,0.0,0.0,0.0,0.0,0.0,0.0,0.0,0.0,0.0,0.0,0.0,0.0,0.0,0.0,0.0,0.0,0.0,0.0,0.0,0.0,0.0,0.0,0.0,0.0,0.0,0.0,0.0,0.0,0.0,0.0,0.0,0.0,0.0,0.0,0.0
33,1100,False,0.0,0.0,0.0,0.0,0.0,0.0,0.0,0.0,0.0,0.0,0.0,0.0,0.0,0.0,0.0,0.0,0.0,0.0,0.0,0.0,0.0,0.0,0.0,0.0,0.0,0.0,0.0,0.0,0.0,0.0,0.0,0.0,0.0,0.0,0.0,0.0,0.0,0.0,0.0,0.0,0.0,0.0,0.0,0.0,0.0,0.0,0.0,0.0,0.0,0.0,0.0,0.0,0.0,0.0,0.0,0.0,0.0,0.0,0.0,0.0,0.0,0.0,0.0,0.0,0.0
34,1133,False,0.0,0.0,0.0,0.0,0.0,0.0,0.0,0.0,0.0,0.0,0.0,0.0,0.0,0.0,0.0,0.0,0.0,0.0,0.0,0.0,0.0,0.0,0.0,0.0,0.0,0.0,0.0,0.0,0.0,0.0,0.0,0.0,0.0,0.0,0.0,0.0,0.0,0.0,0.0,0.0,0.0,0.0,0.0,0.0,0.0,0.0,0.0,0.0,0.0,0.0,0.0,0.0,0.0,0.0,0.0,0.0,0.0,0.0,0.0,0.0,0.0,0.0,0.0,0.0,0.0
35,1166,False,0.0,0.0,0.0,0.0,0.0,0.0,0.0,0.0,0.0,0.0,0.0,0.0,0.0,0.0,0.0,0.0,0.0,0.0,0.0,0.0,0.0,0.0,0.0,0.0,0.0,0.0,0.0,0.0,0.0,0.0,0.0,0.0,0.0,0.0,0.0,0.0,0.0,0.0,0.0,0.0,0.0,0.0,0.0,0.0,0.0,0.0,0.0,0.0,0.0,0.0,0.0,0.0,0.0,0.0,0.0,0.0,0.0,0.0,0.0,0.0,0.0,0.0,0.0,0.0,0.0
36,1200,False,0.0,0.0,0.0,0.0,0.0,0.0,0.0,0.0,0.0,0.0,0.0,0.0,0.0,0.0,0.0,0.0,0.0,0.0,0.0,0.0,0.0,0.0,0.0,0.0,0.0,0.0,0.0,0.0,0.0,0.0,0.0,0.0,0.0,0.0,0.0,0.0,0.0,0.0,0.0,0.0,0.0,0.0,0.0,0.0,0.0,0.0,0.0,0.0,0.0,0.0,0.0,0.0,0.0,0.0,0.0,0.0,0.0,0.0,0.0,0.0,0.0,0.0,0.0,0.0,0.0
37,1233,False,0.0,0.0,0.0,0.0,0.0,0.0,0.0,0.0,0.0,0.0,0.0,0.0,0.0,0.0,0.0,0.0,0.0,0.0,0.0,0.0,0.0,0.0,0.0,0.0,0.0,0.0,0.0,0.0,0.0,0.0,0.0,0.0,0.0,0.0,0.0,0.0,0.0,0.0,0.0,0.0,0.0,0.0,0.0,0.0,0.0,0.0,0.0,0.0,0.0,0.0,0.0,0.0,0.0,0.0,0.0,0.0,0.0,0.0,0.0,0.0,0.0,0.0,0.0,0.0,0.0
38,1266,False,0.0,0.0,0.0,0.0,0.0,0.0,0.0,0.0,0.0,0.0,0.0,0.0,0.0,0.0,0.0,0.0,0.0,0.0,0.0,0.0,0.0,0.0,0.0,0.0,0.0,0.0,0.0,0.0,0.0,0.0,0.0,0.0,0.0,0.0,0.0,0.0,0.0,0.0,0.0,0.0,0.0,0.0,0.0,0.0,0.0,0.0,0.0,0.0,0.0,0.0,0.0,0.0,0.0,0.0,0.0,0.0,0.0,0.0,0.0,0.0,0.0,0.0,0.0,0.0,0.0
39,1300,False,0.0,0.0,0.0,0.0,0.0,0.0,0.0,0.0,0.0,0.0,0.0,0.0,0.0,0.0,0.0,0.0,0.0,0.0,0.0,0.0,0.0,0.0,0.0,0.0,0.0,0.0,0.0,0.0,0.0,0.0,0.0,0.0,0.0,0.0,0.0,0.0,0.0,0.0,0.0,0.0,0.0,0.0,0.0,0.0,0.0,0.0,0.0,0.0,0.0,0.0,0.0,0.0,0.0,0.0,0.0,0.0,0.0,0.0,0.0,0.0,0.0,0.0,0.0,0.0,0.0
40,1333,False,0.0,0.0,0.0,0.0,0.0,0.0,0.0,0.0,0.0,0.0,0.0,0.0,0.0,0.0,0.0,0.0,0.0,0.0,0.0,0.0,0.0,0.0,0.0,0.0,0.0,0.0,0.0,0.0,0.0,0.0,0.0,0.0,0.0,0.0,0.0,0.0,0.0,0.0,0.0,0.0,0.0,0.0,0.0,0.0,0.0,0.0,0.0,0.0,0.0,0.0,0.0,0.0,0.0,0.0,0.0,0.0,0.0,0.0,0.0,0.0,0.0,0.0,0.0,0.0,0.0
41,1366,False,0.0,0.0,0.0,0.0,0.0,0.0,0.0,0.0,0.0,0.0,0.0,0.0,0.0,0.0,0.0,0.0,0.0,0.0,0.0,0.0,0.0,0.0,0.0,0.0,0.0,0.0,0.0,0.0,0.0,0.0,0.0,0.0,0.0,0.0,0.0,0.0,0.0,0.0,0.0,0.0,0.0,0.0,0.0,0.0,0.0,0.0,0.0,0.0,0.0,0.0,0.0,0.0,0.0,0.0,0.0,0.0,0.0,0.0,0.0,0.0,0.0,0.0,0.0,0.0,0.0
42,1400,False,0.0,0.0,0.0,0.0,0.0,0.0,0.0,0.0,0.0,0.0,0.0,0.0,0.0,0.0,0.0,0.0,0.0,0.0,0.0,0.0,0.0,0.0,0.0,0.0,0.0,0.0,0.0,0.0,0.0,0.0,0.0,0.0,0.0,0.0,0.0,0.0,0.0,0.0,0.0,0.0,0.0,0.0,0.0,0.0,0.0,0.0,0.0,0.0,0.0,0.0,0.0,0.0,0.0,0.0,0.0,0.0,0.0,0.0,0.0,0.0,0.0,0.0,0.0,0.0,0.0
43,1433,False,0.0,0.0,0.0,0.0,0.0,0.0,0.0,0.0,0.0,0.0,0.0,0.0,0.0,0.0,0.0,0.0,0.0,0.0,0.0,0.0,0.0,0.0,0.0,0.0,0.0,0.0,0.0,0.0,0.0,0.0,0.0,0.0,0.0,0.0,0.0,0.0,0.0,0.0,0.0,0.0,0.0,0.0,0.0,0.0,0.0,0.0,0.0,0.0,0.0,0.0,0.0,0.0,0.0,0.0,0.0,0.0,0.0,0.0,0.0,0.0,0.0,0.0,0.0,0.0,0.0
44,1466,False,0.0,0.0,0.0,0.0,0.0,0.0,0.0,0.0,0.0,0.0,0.0,0.0,0.0,0.0,0.0,0.0,0.0,0.0,0.0,0.0,0.0,0.0,0.0,0.0,0.0,0.0,0.0,0.0,0.0,0.0,0.0,0.0,0.0,0.0,0.0,0.0,0.0,0.0,0.0,0.0,0.0,0.0,0.0,0.0,0.0,0.0,0.0,0.0,0.0,0.0,0.0,0.0,0.0,0.0,0.0,0.0,0.0,0.0,0.0,0.0,0.0,0.0,0.0,0.0,0.0
45,1500,False,0.0,0.0,0.0,0.0,0.0,0.0,0.0,0.0,0.0,0.0,0.0,0.0,0.0,0.0,0.0,0.0,0.0,0.0,0.0,0.0,0.0,0.0,0.0,0.0,0.0,0.0,0.0,0.0,0.0,0.0,0.0,0.0,0.0,0.0,0.0,0.0,0.0,0.0,0.0,0.0,0.0,0.0,0.0,0.0,0.0,0.0,0.0,0.0,0.0,0.0,0.0,0.0,0.0,0.0,0.0,0.0,0.0,0.0,0.0,0.0,0.0,0.0,0.0,0.0,0.0
46,1533,False,0.0,0.0,0.0,0.0,0.0,0.0,0.0,0.0,0.0,0.0,0.0,0.0,0.0,0.0,0.0,0.0,0.0,0.0,0.0,0.0,0.0,0.0,0.0,0.0,0.0,0.0,0.0,0.0,0.0,0.0,0.0,0.0,0.0,0.0,0.0,0.0,0.0,0.0,0.0,0.0,0.0,0.0,0.0,0.0,0.0,0.0,0.0,0.0,0.0,0.0,0.0,0.0,0.0,0.0,0.0,0.0,0.0,0.0,0.0,0.0,0.0,0.0,0.0,0.0,0.0
47,1566,False,0.0,0.0,0.0,0.0,0.0,0.0,0.0,0.0,0.0,0.0,0.0,0.0,0.0,0.0,0.0,0.0,0.0,0.0,0.0,0.0,0.0,0.0,0.0,0.0,0.0,0.0,0.0,0.0,0.0,0.0,0.0,0.0,0.0,0.0,0.0,0.0,0.0,0.0,0.0,0.0,0.0,0.0,0.0,0.0,0.0,0.0,0.0,0.0,0.0,0.0,0.0,0.0,0.0,0.0,0.0,0.0,0.0,0.0,0.0,0.0,0.0,0.0,0.0,0.0,0.0
48,1600,True,0.9652,0.9652,0.322199,0.859757,0.0,0.388512,0.839619,-0.020065,0.44679,0.796399,-0.037876,0.491782,0.773446,-0.056795,0.532734,0.758983,-0.078186,0.427143,0.687697,-0.050653,0.452446,0.605898,-0.084731,0.480572,0.572194,-0.108456,0.504406,0.546584,-0.126971,0.389895,0.690728,-0.064304,0.39487,0.612612,-0.111499,0.411555,0.665818,-0.134401,0.417138,0.716902,-0.146975,0.345195,0.713701,-0.07905,0.337056,0.63137,-0.123079,0.354957,0.681786,-0.133879,0.364263,0.725868,-0.137195,0.299309,0.743404,-0.095035,0.276449,0.684676,-0.130759,0.28315,0.695143,-0.142045,0.287994,0.707954,-0.147782
49,1633,True,0.9965,0.9965,0.351352,0.828129,0.0,0.406793,0.80275,-0.026928,0.456648,0.753688,-0.048391,0.49719,0.720108,-0.069377,0.527265,0.682547,-0.092838,0.430871,0.627754,-0.049831,0.455521,0.545047,-0.083016,0.483519,0.498854,-0.107082,0.505367,0.46087,-0.124954,0.386762,0.623165,-0.059588,0.386638,0.517293,-0.101699,0.407285,0.565674,-0.12083,0.416995,0.619657,-0.129008,0.34241,0.646992,-0.070888,0.327612,0.548167,-0.10864,0.347421,0.597928,-0.11162,0.359163,0.64872,-0.109242,0.30011,0.691713,-0.084457,0.272954,0.630959,-0.11829,0.281147,0.643872,-0.124976,0.287217,0.662543,-0.126239
50,1666,True,0.9976,0.9976,0.357944,0.794153,0.0,0.409752,0.778332,-0.036638,0.458231,0.724754,-0.060968,0.496933,0.680902,-0.083192,0.531934,0.640425,-0.107173,0.439787,0.583853,-0.052536,0.463495,0.496903,-0.08538,0.484466,0.444857,-0.1081,0.500681,0.399561,-0.124137,0.389419,0.575874,-0.056156,0.391866,0.475678,-0.099692,0.412658,0.523639,-0.11764,0.423091,0.577248,-0.123042,0.340395,0.597084,-0.0622,0.330759,0.502065,-0.103274,0.351832,0.555519,-0.104523,0.36356,0.608176,-0.097981,0.293422,0.637111,-0.070988,0.271533,0.570346,-0.104781,0.286507,0.598908,-0.106647,0.297553,0.634196,-0.102345
51,1700,True,0.9971,0.9971,0.366633,0.76785,0.0,0.420063,0.755639,-0.04129,0.46713,0.701319,-0.068965,0.506855,0.653561,-0.093905,0.542897,0.606762,-0.12023,0.447862,0.554423,-0.056682,0.471812,0.458322,-0.091925,0.490951,0.399551,-0.115566,0.506772,0.350274,-0.131983,0.396077,0.546452,-0.059086,0.395584,0.43721,-0.106724,0.420748,0.481919,-0.126196,0.436974,0.540225,-0.131256,0.346462,0.568259,-0.064244,0.33648,0.4728,-0.108356,0.360098,0.524864,-0.110494,0.374402,0.5791,-0.103392,0.300127,0.609243,-0.072531,0.279686,0.5395,-0.108536,0.300166,0.569304,-0.11112,0.316253,0.608715,-0.106511
52,1733,True,0.9971,0.9971,0.371184,0.761507,0.0,0.426743,0.745459,-0.04203,0.472064,0.689792,-0.071676,0.509816,0.641051,-0.099489,0.54871,0.59625,-0.128468,0.453696,0.540451,-0.055794,0.478245,0.438434,-0.092079,0.495251,0.376901,-0.116751,0.507665,0.324058,-0.134399,0.401952,0.534803,-0.059576,0.402242,0.421981,-0.112829,0.42982,0.472762,-0.136064,0.446738,0.535915,-0.142231,0.352683,0.556777,-0.066166,0.343927,0.453455,-0.113941,0.375281,0.506616,-0.118804,0.394137,0.565502,-0.112262,0.306869,0.597638,-0.075908,0.286547,0.520727,-0.113313,0.311822,0.548665,-0.11756,0.331984,0.59052,-0.113821
53,1766,True,0.9964,0.9964,0.376093,0.759703,0.0,0.432841,0.739406,-0.041038,0.477966,0.679626,-0.069733,0.51432,0.628248,-0.097083,0.554431,0.584092,-0.125414,0.46064,0.526156,-0.052571,0.482716,0.423784,-0.0888,0.497943,0.361622,-0.112747,0.508384,0.304725,-0.130062,0.408879,0.522376,-0.057485,0.411081,0.409241,-0.112495,0.438095,0.468474,-0.135182,0.453826,0.534296,-0.140161,0.359236,0.54641,-0.065401,0.35301,0.441725,-0.116254,0.386765,0.503487,-0.12001,0.406772,0.566686,-0.11145,0.311819,0.588924,-0.076384,0.292026,0.5083,-0.115857,0.319876,0.539662,-0.119612,0.342287,0.583519,-0.114866
54,1800,True,0.9956,0.9956,0.382233,0.757372,0.0,0.438962,0.736393,-0.042749,0.484035,0.676497,-0.072175,0.517501,0.624338,-0.099921,0.554489,0.5757,-0.128396,0.467918,0.512165,-0.051948,0.488304,0.410754,-0.088707,0.502264,0.347754,-0.113191,0.511401,0.287757,-0.131341,0.414161,0.50868,-0.056632,0.416302,0.39836,-0.113813,0.439746,0.472393,-0.136507,0.453265,0.544499,-0.140661,0.363497,0.534467,-0.064533,0.35536,0.434512,-0.117741,0.389162,0.504683,-0.12005,0.410016,0.570481,-0.109743,0.315442,0.580595,-0.075626,0.296259,0.503303,-0.116401,0.326152,0.54126,-0.11865,0.350299,0.587791,-0.112341
55,1833,True,0.9951,0.9951,0.38359,0.757963,0.0,0.441647,0.737597,-0.043161,0.487529,0.675566,-0.072387,0.519938,0.621182,-0.100304,0.556259,0.570328,-0.129153,0.471428,0.507361,-0.049963,0.491155,0.403744,-0.086425,0.504701,0.339898,-0.111,0.512541,0.279442,-0.129625,0.418308,0.504857,-0.054308,0.423415,0.399283,-0.111594,0.443193,0.482626,-0.134639,0.453214,0.556786,-0.139377,0.367911,0.530438,-0.061973,0.359645,0.430965,-0.116626,0.389143,0.509943,-0.118375,0.406404,0.580604,-0.107425,0.318957,0.576515,-0.072672,0.302431,0.500483,-0.115174,0.331754,0.547371,-0.116554,0.352619,0.600003,-0.109248
56,1866,True,0.9942,0.9942,0.383115,0.759217,0.0,0.440893,0.739798,-0.042925,0.486629,0.677351,-0.07218,0.516705,0.621056,-0.100438,0.551129,0.564854,-0.129769,0.472547,0.512171,-0.052521,0.493384,0.405302,-0.089663,0.507031,0.340837,-0.114087,0.514827,0.279133,-0.132785,0.419209,0.509898,-0.057512,0.426111,0.403185,-0.115398,0.444152,0.487807,-0.138797,0.453007,0.559977,-0.144361,0.369023,0.535042,-0.065637,0.360989,0.432932,-0.120633,0.389753,0.512909,-0.122918,0.40688,0.583373,-0.113021,0.321225,0.580487,-0.076735,0.304324,0.50424,-0.119604,0.332614,0.552315,-0.121692,0.352682,0.605213,-0.115495
57,1900,True,0.9947,0.9947,0.386526,0.759185,0.0,0.441902,0.740116,-0.044222,0.486993,0.678135,-0.073726,0.513022,0.621256,-0.10214,0.546127,0.564205,-0.131279,0.476215,0.512796,-0.05136,0.495166,0.405216,-0.088568,0.507955,0.340017,-0.112683,0.515097,0.278431,-0.130813,0.422094,0.5104,-0.055479,0.429766,0.40875,-0.114487,0.448725,0.495242,-0.138034,0.457708,0.56754,-0.142962,0.370773,0.534597,-0.062968,0.364791,0.437101,-0.119918,0.393135,0.520824,-0.122078,0.409327,0.591389,-0.111104,0.32118,0.578836,-0.073379,0.305708,0.504785,-0.117499,0.333863,0.556322,-0.119122,0.353072,0.609598,-0.111815
58,1933,True,0.9952,0.9952,0.391901,0.761454,0.0,0.44468,0.741514,-0.043507,0.487308,0.678978,-0.073109,0.508986,0.622223,-0.101701,0.536905,0.56364,-0.130795,0.477843,0.513938,-0.051905,0.496872,0.406614,-0.08935,0.511113,0.340939,-0.113398,0.517703,0.27889,-0.131226,0.423366,0.511261,-0.056418,0.432277,0.414172,-0.115693,0.455861,0.505346,-0.137943,0.46502,0.577551,-0.141654,0.371674,0.535522,-0.064103,0.368496,0.44384,-0.121294,0.399922,0.530732,-0.121118,0.414259,0.600035,-0.108185,0.320712,0.580451,-0.07464,0.310751,0.508055,-0.118003,0.341918,0.561243,-0.116928,0.359501,0.61415,-0.107434
59,1966,True,0.9946,0.9946,0.393474,0.766458,0.0,0.444933,0.746661,-0.044485,0.487013,0.685626,-0.075192,0.502842,0.62769,-0.104819,0.524696,0.565655,-0.134978,0.480166,0.520741,-0.053954,0.499526,0.411132,-0.091816,0.514327,0.343036,-0.116307,0.519641,0.279362,-0.134635,0.425577,0.518509,-0.05818,0.435539,0.418692,-0.115967,0.458487,0.511072,-0.138212,0.465929,0.578716,-0.142799,0.375041,0.541922,-0.06553,0.372639,0.450945,-0.121639,0.403311,0.537728,-0.121426,0.414828,0.604302,-0.109254,0.325018,0.586582,-0.075849,0.315743,0.510851,-0.11864,0.347334,0.563374,-0.117221,0.363985,0.616206,-0.108029
60,2000,True,0.9949,0.9949,0.393513,0.770061,0.0,0.44426,0.75181,-0.045131,0.487415,0.693698,-0.076844,0.503573,0.636858,-0.107328,0.518555,0.573081,-0.138278,0.480483,0.527429,-0.05716,0.50186,0.416015,-0.096149,0.517812,0.346865,-0.121427,0.524072,0.282991,-0.140249,0.427161,0.524372,-0.061726,0.44017,0.424769,-0.120523,0.462671,0.515754,-0.143586,0.469454,0.581497,-0.148927,0.377595,0.546187,-0.069294,0.37734,0.456855,-0.125554,0.40781,0.541728,-0.125932,0.41876,0.607173,-0.114655,0.328272,0.588799,-0.079939,0.32284,0.516862,-0.122671,0.353848,0.568803,-0.121619,0.368811,0.619794,-0.113066
61,2033,True,0.9939,0.9939,0.395372,0.772792,0.0,0.446059,0.753941,-0.042909,0.490556,0.696331,-0.073116,0.50585,0.640519,-0.102068,0.516456,0.576667,-0.131493,0.483901,0.531937,-0.057321,0.506537,0.418952,-0.095449,0.523293,0.35091,-0.120347,0.529855,0.287426,-0.138862,0.430892,0.529451,-0.062451,0.445761,0.433773,-0.120713,0.468048,0.525618,-0.143453,0.473495,0.593055,-0.148833,0.381243,0.550946,-0.070217,0.383813,0.463684,-0.125109,0.413991,0.54788,-0.125291,0.423966,0.613268,-0.114361,0.331513,0.592412,-0.080898,0.327508,0.521145,-0.122653,0.358046,0.572501,-0.12144,0.372452,0.622849,-0.112944
62,2066,True,0.9939,0.9939,0.395936,0.775203,0.0,0.445746,0.756502,-0.042432,0.488592,0.700677,-0.07287,0.506228,0.649137,-0.102481,0.517849,0.587291,-0.132212,0.487454,0.533646,-0.055231,0.511861,0.42108,-0.09388,0.52921,0.354516,-0.119018,0.536567,0.292858,-0.137391,0.435006,0.531068,-0.060357,0.451497,0.443454,-0.12041,0.473347,0.536991,-0.143411,0.478959,0.60466,-0.148336,0.384692,0.551276,-0.068417,0.38816,0.467402,-0.12499,0.418516,0.553804,-0.125231,0.429628,0.619738,-0.113614,0.334256,0.590675,-0.079344,0.33216,0.524373,-0.122202,0.36173,0.578108,-0.121096,0.375855,0.628667,-0.11207
63,2100,True,0.9938,0.9938,0.39741,0.777684,0.0,0.447356,0.759528,-0.042949,0.491473,0.704814,-0.073993,0.509226,0.653917,-0.104088,0.519977,0.592065,-0.134529,0.489053,0.537179,-0.057121,0.513992,0.424572,-0.096227,0.532264,0.358336,-0.122309,0.540939,0.296261,-0.141636,0.437133,0.534687,-0.062487,0.454819,0.445258,-0.123305,0.477492,0.538889,-0.147814,0.482966,0.607381,-0.154113,0.387325,0.554738,-0.070628,0.391885,0.468699,-0.127339,0.422833,0.55492,-0.128829,0.433541,0.621589,-0.118458,0.336952,0.593588,-0.08166,0.336373,0.526886,-0.124565,0.365751,0.580731,-0.124276,0.37858,0.631493,-0.116275
64,2133,True,0.993,0.993,0.400417,0.779981,0.0,0.450487,0.761533,-0.041468,0.494336,0.706081,-0.071503,0.511027,0.654205,-0.100774,0.523799,0.592784,-0.130583,0.491362,0.542379,-0.055719,0.515185,0.427602,-0.093895,0.533939,0.361031,-0.119303,0.543033,0.298288,-0.138211,0.439756,0.539899,-0.061486,0.456823,0.445571,-0.120891,0.479058,0.539279,-0.144793,0.484029,0.608668,-0.150856,0.390578,0.55974,-0.069813,0.393709,0.470447,-0.125209,0.423958,0.555871,-0.126227,0.43398,0.622558,-0.115772,0.340694,0.598051,-0.080909,0.337519,0.526156,-0.122677,0.367068,0.580264,-0.12155,0.379982,0.633148,-0.113176
65,2166,True,0.9942,0.9942,0.401776,0.779408,0.0,0.452131,0.760842,-0.040262,0.496585,0.70588,-0.069112,0.512338,0.653926,-0.097354,0.522272,0.592599,-0.126179,0.493902,0.542304,-0.054167,0.517863,0.426616,-0.090917,0.536259,0.360224,-0.115417,0.544961,0.297337,-0.133664,0.442658,0.539377,-0.05987,0.459378,0.444276,-0.117427,0.480547,0.537103,-0.140694,0.4851,0.606501,-0.146469,0.393351,0.558597,-0.067923,0.396998,0.469932,-0.121786,0.425848,0.555885,-0.122386,0.435056,0.62355,-0.111719,0.342974,0.596306,-0.078666,0.340033,0.524462,-0.119254,0.368902,0.578268,-0.117632,0.381574,0.631458,-0.108869
66,2200,True,0.993,0.993,0.401545,0.779231,0.0,0.452889,0.760311,-0.040097,0.496655,0.705148,-0.069017,0.513414,0.653392,-0.097304,0.52439,0.592682,-0.126244,0.494491,0.541197,-0.055521,0.519828,0.425675,-0.09277,0.538705,0.359847,-0.118016,0.547811,0.296996,-0.136898,0.443777,0.538505,-0.061285,0.460588,0.444098,-0.119099,0.481956,0.537965,-0.142577,0.486771,0.608601,-0.148836,0.394648,0.557903,-0.069318,0.398915,0.46838,-0.122986,0.427827,0.55523,-0.123491,0.436905,0.624334,-0.113094,0.344103,0.595471,-0.080057,0.343028,0.523453,-0.120776,0.372393,0.577745,-0.119273,0.385049,0.632162,-0.110745
67,2233,True,0.9936,0.9936,0.402006,0.778434,0.0,0.453279,0.758923,-0.039081,0.498595,0.704203,-0.067478,0.516378,0.653735,-0.095528,0.527429,0.593181,-0.124126,0.49578,0.541616,-0.053728,0.521067,0.424954,-0.090656,0.539906,0.358845,-0.115345,0.549115,0.295689,-0.133646,0.44531,0.539261,-0.059905,0.463489,0.445273,-0.118267,0.484419,0.537897,-0.141776,0.487632,0.608289,-0.147618,0.396167,0.558424,-0.068361,0.401297,0.467532,-0.122745,0.430164,0.553867,-0.12347,0.438693,0.622649,-0.112726,0.345827,0.594974,-0.079403,0.343513,0.521119,-0.120514,0.37202,0.574801,-0.119197,0.384109,0.628943,-0.110474
68,2266,True,0.9929,0.9929,0.402198,0.777946,0.0,0.453923,0.758322,-0.038967,0.499073,0.703554,-0.067154,0.517687,0.651576,-0.094938,0.53048,0.590918,-0.123177,0.49652,0.541523,-0.052989,0.522519,0.42447,-0.089575,0.541071,0.357427,-0.113872,0.550152,0.293685,-0.131852,0.446608,0.539126,-0.059075,0.464369,0.444159,-0.116641,0.485504,0.53514,-0.139286,0.489384,0.605549,-0.144554,0.397798,0.558461,-0.067497,0.403514,0.468252,-0.12127,0.432139,0.553339,-0.121088,0.440487,0.621511,-0.109735,0.347591,0.594723,-0.078582,0.346321,0.520012,-0.119061,0.374478,0.573321,-0.116908,0.38581,0.627866,-0.107549
69,2300,True,0.9935,0.9935,0.404188,0.776078,0.0,0.455775,0.756742,-0.038974,0.501303,0.70314,-0.067095,0.518979,0.652754,-0.094906,0.530571,0.593056,-0.123219,0.498146,0.540895,-0.052593,0.524062,0.424003,-0.088625,0.542873,0.357472,-0.112601,0.552265,0.294435,-0.130405,0.448531,0.53852,-0.058823,0.466996,0.442197,-0.115941,0.488902,0.532811,-0.139162,0.493202,0.603638,-0.144927,0.399962,0.557689,-0.067355,0.40602,0.46748,-0.120536,0.435004,0.551423,-0.121642,0.443438,0.619389,-0.11135,0.349446,0.593861,-0.078551,0.34773,0.518609,-0.118362,0.376111,0.57061,-0.116991,0.387778,0.624826,-0.108522
70,2333,True,0.9936,0.9936,0.406005,0.773698,0.0,0.458382,0.754051,-0.038745,0.503703,0.699236,-0.06643,0.521614,0.647262,-0.093697,0.535324,0.587378,-0.121463,0.500767,0.539915,-0.052811,0.526157,0.42437,-0.089004,0.544979,0.358248,-0.112919,0.553994,0.29505,-0.130661,0.451182,0.537076,-0.058947,0.468501,0.44051,-0.115954,0.49022,0.531358,-0.138581,0.493864,0.601745,-0.143938,0.402427,0.556116,-0.067371,0.408198,0.466978,-0.12082,0.436284,0.551944,-0.121196,0.443647,0.619386,-0.11024,0.351758,0.592021,-0.078421,0.349253,0.516568,-0.118412,0.377404,0.568628,-0.11672,0.388938,0.622215,-0.107925
71,2366,True,0.9935,0.9935,0.407049,0.771364,0.0,0.459452,0.751778,-0.038582,0.504847,0.697383,-0.066413,0.523974,0.646046,-0.093827,0.536939,0.58584,-0.121819,0.501939,0.538608,-0.05335,0.527563,0.423734,-0.089837,0.54668,0.357982,-0.11408,0.555956,0.295025,-0.132117,0.452438,0.535719,-0.059752,0.470368,0.439914,-0.117159,0.491152,0.53244,-0.139856,0.494111,0.603423,-0.145304,0.403656,0.55444,-0.06842,0.410405,0.466,-0.122003,0.438062,0.551582,-0.122191,0.444906,0.619112,-0.111237,0.352818,0.589779,-0.079704,0.351428,0.515322,-0.119842,0.379392,0.567963,-0.118009,0.390564,0.621734,-0.109205
72,2400,True,0.994,0.994,0.407654,0.767796,0.0,0.459646,0.748861,-0.040154,0.504992,0.696861,-0.068621,0.522242,0.645998,-0.096268,0.535037,0.586271,-0.124344,0.503724,0.534281,-0.052213,0.529862,0.42332,-0.088004,0.548059,0.357501,-0.111716,0.557137,0.295469,-0.129309,0.453895,0.531047,-0.057856,0.470053,0.435453,-0.113913,0.491024,0.524232,-0.136278,0.496667,0.594157,-0.141467,0.404879,0.549522,-0.065998,0.411765,0.466107,-0.119791,0.438753,0.552319,-0.120037,0.446498,0.618847,-0.1088,0.353796,0.584883,-0.076832,0.354808,0.515457,-0.117298,0.382772,0.570985,-0.115055,0.394383,0.624806,-0.10563
73,2433,True,0.9943,0.9943,0.408671,0.766575,0.0,0.459613,0.747951,-0.039775,0.505501,0.695371,-0.067948,0.521416,0.644,-0.095203,0.533214,0.584216,-0.122663,0.504317,0.532068,-0.051025,0.529989,0.421672,-0.086593,0.548282,0.356098,-0.109761,0.557707,0.294482,-0.126724,0.453782,0.528871,-0.056387,0.471056,0.434956,-0.112474,0.490908,0.525331,-0.133671,0.495294,0.595864,-0.137537,0.404718,0.547131,-0.064309,0.412031,0.463771,-0.118298,0.438658,0.550834,-0.11706,0.445939,0.617029,-0.104363,0.353428,0.582043,-0.074862,0.356328,0.51415,-0.11537,0.384063,0.57106,-0.112022,0.394775,0.624354,-0.101399
74,2466,True,0.9938,0.9938,0.408347,0.762968,0.0,0.459692,0.744863,-0.040708,0.505793,0.69169,-0.068973,0.521836,0.639359,-0.096159,0.53371,0.578879,-0.123611,0.503657,0.529452,-0.051693,0.529876,0.419157,-0.087456,0.548112,0.353624,-0.110598,0.557794,0.292159,-0.127513,0.453559,0.525879,-0.056736,0.471726,0.431782,-0.113539,0.491523,0.520522,-0.135664,0.496423,0.590626,-0.140007,0.404647,0.543702,-0.064401,0.412781,0.461417,-0.119366,0.439195,0.547727,-0.119859,0.447241,0.614001,-0.108082,0.353759,0.57859,-0.074688,0.354761,0.510249,-0.116116,0.382716,0.56628,-0.114304,0.395114,0.620058,-0.104655
75,2500,True,0.9938,0.9938,0.408472,0.760463,0.0,0.459913,0.741457,-0.040194,0.505381,0.688028,-0.067937,0.520614,0.635016,-0.094629,0.532916,0.575036,-0.121434,0.503522,0.526237,-0.050266,0.529173,0.416304,-0.085389,0.547064,0.351189,-0.108208,0.556553,0.290097,-0.124837,0.453825,0.522526,-0.05498,0.471015,0.43087,-0.110846,0.491682,0.517614,-0.132396,0.49715,0.587388,-0.136459,0.405106,0.54033,-0.06235,0.412712,0.458927,-0.116393,0.439732,0.544112,-0.116366,0.44834,0.610404,-0.104343,0.354152,0.575221,-0.072369,0.355588,0.508408,-0.113242,0.38378,0.563842,-0.111263,0.396367,0.617125,-0.101435
76,2533,True,0.9936,0.9936,0.407803,0.758874,0.0,0.45899,0.740609,-0.040241,0.503738,0.686752,-0.068009,0.519509,0.6333,-0.094741,0.531479,0.572883,-0.121679,0.502887,0.525975,-0.051051,0.528833,0.415388,-0.086349,0.546967,0.350038,-0.109311,0.55635,0.288542,-0.126136,0.453516,0.52191,-0.055884,0.470998,0.427436,-0.11168,0.492078,0.513987,-0.133495,0.497625,0.583396,-0.137907,0.404915,0.539635,-0.063275,0.41236,0.455811,-0.117418,0.43961,0.541201,-0.117762,0.448252,0.607952,-0.106112,0.354073,0.574613,-0.073303,0.355136,0.506786,-0.114702,0.383525,0.562489,-0.113191,0.396191,0.616738,-0.10375
77,2566,True,0.9914,0.9914,0.406071,0.757053,0.0,0.458526,0.738199,-0.041486,0.503544,0.682299,-0.070026,0.521881,0.628205,-0.097385,0.535213,0.567726,-0.125127,0.502736,0.524556,-0.054271,0.528983,0.413957,-0.091431,0.54648,0.348592,-0.115981,0.555791,0.287,-0.134035,0.45331,0.521066,-0.0592,0.471301,0.428116,-0.118369,0.493081,0.516174,-0.142665,0.499533,0.587026,-0.148536,0.404472,0.538783,-0.066646,0.41248,0.454511,-0.122923,0.44072,0.540344,-0.125259,0.450646,0.609344,-0.114798,0.353958,0.573467,-0.076763,0.354979,0.505924,-0.119831,0.383417,0.56117,-0.12015,0.396554,0.616059,-0.111992
78,2600,True,0.9928,0.9928,0.405604,0.757086,0.0,0.458022,0.737329,-0.040073,0.502536,0.681195,-0.067645,0.520092,0.626866,-0.094208,0.535664,0.566569,-0.12103,0.502493,0.523712,-0.051278,0.527962,0.413074,-0.087117,0.545546,0.347578,-0.11073,0.55547,0.285825,-0.128094,0.452851,0.519619,-0.056186,0.471339,0.426033,-0.113268,0.491905,0.513726,-0.135965,0.49753,0.585177,-0.140774,0.403959,0.536999,-0.063614,0.412458,0.451952,-0.11831,0.439425,0.538241,-0.119166,0.448546,0.607215,-0.107741,0.353183,0.571539,-0.073644,0.354909,0.503484,-0.115532,0.382929,0.559647,-0.114619,0.395722,0.615097,-0.105502
79,2633,True,0.9924,0.9924,0.405153,0.756941,0.0,0.457038,0.737669,-0.040026,0.501193,0.681213,-0.067641,0.518805,0.626644,-0.094287,0.534454,0.566986,-0.121253,0.501172,0.523947,-0.052122,0.527043,0.411787,-0.087911,0.545189,0.346321,-0.111546,0.555096,0.284312,-0.129023,0.451918,0.520173,-0.0572,0.470077,0.425172,-0.114081,0.492012,0.512981,-0.136976,0.498297,0.583889,-0.142122,0.40341,0.537776,-0.064685,0.411026,0.451126,-0.118861,0.438925,0.53671,-0.119908,0.448473,0.605297,-0.108907,0.352886,0.572621,-0.074801,0.353379,0.502585,-0.116336,0.381741,0.558071,-0.115525,0.39476,0.613795,-0.106692
80,2666,True,0.9934,0.9934,0.40544,0.757045,0.0,0.457434,0.737173,-0.039424,0.501143,0.680356,-0.066754,0.516804,0.624183,-0.093081,0.532847,0.565263,-0.119623,0.501259,0.522051,-0.051691,0.526848,0.409758,-0.08676,0.54482,0.34422,-0.11005,0.553529,0.28213,-0.127483,0.452101,0.518674,-0.056674,0.469229,0.424153,-0.1116,0.490955,0.512217,-0.133216,0.496696,0.580745,-0.138183,0.403829,0.53686,-0.064009,0.410323,0.450567,-0.116431,0.438399,0.536104,-0.116068,0.447383,0.603156,-0.104834,0.353117,0.572349,-0.074013,0.353777,0.502505,-0.114183,0.382467,0.557584,-0.112329,0.395139,0.611715,-0.103213
81,2700,True,0.9915,0.9915,0.404365,0.755959,0.0,0.457071,0.736575,-0.03949,0.500755,0.679121,-0.066811,0.517333,0.623215,-0.093194,0.532445,0.563677,-0.119958,0.500476,0.521234,-0.052616,0.526389,0.408839,-0.08845,0.543784,0.343745,-0.112377,0.552582,0.281966,-0.13029,0.451361,0.518231,-0.057872,0.46882,0.423333,-0.114381,0.490479,0.511599,-0.137251,0.496786,0.581679,-0.142968,0.402933,0.536388,-0.065464,0.409852,0.449597,-0.119065,0.438047,0.534903,-0.119898,0.447723,0.603486,-0.109348,0.352321,0.571571,-0.075687,0.353294,0.501772,-0.116777,0.381821,0.556272,-0.115959,0.394796,0.611093,-0.107588
82,2733,True,0.9911,0.9911,0.403264,0.756066,0.0,0.456109,0.736472,-0.039434,0.499809,0.679864,-0.066957,0.516349,0.624823,-0.093669,0.530067,0.564966,-0.120873,0.499542,0.521817,-0.052575,0.52561,0.408888,-0.088533,0.543368,0.343226,-0.11274,0.552579,0.281046,-0.130842,0.450557,0.518832,-0.058043,0.468374,0.423022,-0.114967,0.489493,0.512155,-0.13837,0.495288,0.5832,-0.144265,0.402436,0.536807,-0.065788,0.409423,0.448734,-0.11939,0.437317,0.534341,-0.120553,0.44673,0.603675,-0.110127,0.352271,0.571894,-0.076158,0.352995,0.501293,-0.117188,0.381537,0.55626,-0.116385,0.394455,0.612133,-0.107955
83,2766,True,0.9913,0.9913,0.403382,0.755722,0.0,0.456184,0.737832,-0.04072,0.501371,0.681169,-0.068712,0.518107,0.625888,-0.09571,0.531767,0.565341,-0.123215,0.49997,0.522193,-0.053764,0.525675,0.408826,-0.090215,0.543108,0.343022,-0.114668,0.55232,0.280732,-0.132938,0.450598,0.519063,-0.058862,0.468819,0.423263,-0.116745,0.489591,0.512795,-0.140868,0.495152,0.584211,-0.147102,0.402234,0.536876,-0.066326,0.409603,0.448216,-0.120791,0.437361,0.533877,-0.122791,0.446766,0.603712,-0.112789,0.351905,0.571869,-0.076491,0.352505,0.501213,-0.11825,0.380854,0.555843,-0.118314,0.393786,0.611496,-0.110466
84,2800,True,0.9907,0.9907,0.403216,0.756586,0.0,0.455579,0.738033,-0.039801,0.501618,0.680613,-0.067178,0.519481,0.625941,-0.093781,0.533275,0.564867,-0.121073,0.500132,0.524242,-0.053582,0.525828,0.410878,-0.090346,0.543497,0.344558,-0.115189,0.55275,0.281542,-0.133742,0.450769,0.52157,-0.059339,0.468625,0.42369,-0.117769,0.491133,0.512332,-0.142793,0.497332,0.583792,-0.149608,0.402442,0.539451,-0.067339,0.408888,0.449198,-0.12232,0.437956,0.534079,-0.125396,0.447841,0.603742,-0.116007,0.352242,0.573812,-0.077902,0.35214,0.500318,-0.119795,0.380727,0.554109,-0.120304,0.393635,0.610009,-0.11284
85,2833,True,0.9918,0.9918,0.404335,0.755962,0.0,0.456489,0.737776,-0.039709,0.502201,0.68087,-0.066987,0.52077,0.626527,-0.093409,0.535126,0.565808,-0.120454,0.501014,0.524202,-0.053379,0.526352,0.411016,-0.089818,0.543718,0.344653,-0.114139,0.552733,0.281839,-0.132247,0.451481,0.52115,-0.058984,0.468392,0.423905,-0.117001,0.48999,0.512452,-0.141119,0.496173,0.583775,-0.147206,0.402904,0.539093,-0.06686,0.409113,0.450938,-0.121618,0.437484,0.535553,-0.124018,0.447305,0.604397,-0.114091,0.352486,0.573686,-0.077294,0.352657,0.501954,-0.118798,0.380972,0.555908,-0.118786,0.393912,0.611042,-0.11091
86,2866,True,0.991,0.991,0.40386,0.755,0.0,0.45615,0.736358,-0.040204,0.50189,0.679289,-0.068171,0.521448,0.626537,-0.095282,0.534364,0.566032,-0.123131,0.501093,0.523172,-0.055154,0.526721,0.411557,-0.092571,0.543873,0.345721,-0.11778,0.552812,0.282995,-0.136631,0.450902,0.520289,-0.061119,0.469114,0.424159,-0.120716,0.491359,0.514809,-0.145952,0.49772,0.586628,-0.15279,0.401855,0.538406,-0.069299,0.408856,0.449837,-0.12529,0.438126,0.536272,-0.128375,0.448236,0.605949,-0.118865,0.351402,0.573211,-0.080015,0.352824,0.501827,-0.122643,0.381851,0.556936,-0.123207,0.394854,0.612527,-0.115737
87,2900,True,0.9913,0.9913,0.403322,0.754248,0.0,0.455806,0.736761,-0.04089,0.502091,0.680278,-0.069094,0.521939,0.627891,-0.096276,0.533994,0.566519,-0.124225,0.501249,0.523577,-0.055716,0.527019,0.41202,-0.093439,0.544089,0.346396,-0.118868,0.553066,0.283884,-0.137833,0.45104,0.520255,-0.061454,0.469988,0.423485,-0.121624,0.491652,0.514956,-0.147279,0.497642,0.587423,-0.154231,0.4019,0.537788,-0.069435,0.40982,0.449152,-0.126326,0.438422,0.536755,-0.129761,0.447873,0.607102,-0.120241,0.351176,0.571864,-0.079926,0.353778,0.501757,-0.123569,0.382478,0.558408,-0.124378,0.394733,0.614695,-0.11686
88,2933,True,0.9912,0.9912,0.403959,0.753719,0.0,0.456414,0.736273,-0.040422,0.50241,0.679555,-0.068273,0.521248,0.626095,-0.095096,0.534038,0.56519,-0.122715,0.500976,0.524386,-0.055362,0.526996,0.412623,-0.092729,0.544412,0.347044,-0.117517,0.554029,0.284407,-0.135968,0.451152,0.520586,-0.061083,0.470991,0.423396,-0.120661,0.491224,0.513857,-0.145505,0.496394,0.585865,-0.151849,0.40236,0.537676,-0.069018,0.41061,0.450231,-0.125445,0.438265,0.537054,-0.128479,0.447462,0.60652,-0.118663,0.351792,0.571432,-0.079431,0.353526,0.501553,-0.122611,0.38214,0.557709,-0.123227,0.395038,0.613631,-0.115582
89,2966,True,0.9911,0.9911,0.404962,0.753272,0.0,0.457511,0.735247,-0.03997,0.502909,0.678253,-0.067632,0.521294,0.624685,-0.09435,0.535167,0.565771,-0.12176,0.501772,0.522169,-0.054265,0.527968,0.410623,-0.09141,0.545295,0.345075,-0.116282,0.554454,0.282906,-0.13478,0.451808,0.518999,-0.060007,0.470415,0.423972,-0.119575,0.49148,0.514708,-0.144235,0.497249,0.587385,-0.150343,0.402859,0.536479,-0.068004,0.410876,0.449623,-0.124337,0.438872,0.536459,-0.126921,0.448249,0.606424,-0.116695,0.352071,0.570533,-0.078488,0.354152,0.501698,-0.121666,0.382713,0.557544,-0.122062,0.395579,0.613271,-0.114075
90,3000,True,0.9906,0.9906,0.404818,0.753879,0.0,0.457033,0.735557,-0.040791,0.503036,0.678717,-0.068993,0.521951,0.625217,-0.096216,0.535512,0.566153,-0.124037,0.501014,0.521382,-0.054362,0.527459,0.409687,-0.091661,0.54493,0.344146,-0.116396,0.55444,0.282211,-0.13477,0.451233,0.518288,-0.059855,0.471047,0.425169,-0.120129,0.491767,0.5162,-0.144891,0.496869,0.588726,-0.150888,0.402456,0.535788,-0.067774,0.411449,0.450657,-0.124827,0.4399,0.537682,-0.127668,0.44951,0.607248,-0.117426,0.351901,0.569733,-0.078226,0.354274,0.502141,-0.121735,0.383157,0.55797,-0.122377,0.396338,0.613147,-0.11451
91,3033,True,0.9906,0.9906,0.405573,0.753639,0.0,0.457598,0.73484,-0.040368,0.503425,0.6785,-0.06847,0.522644,0.625517,-0.095674,0.53513,0.566464,-0.123439,0.501875,0.519726,-0.053781,0.528209,0.408443,-0.090868,0.545631,0.343268,-0.115394,0.554982,0.281544,-0.133569,0.451745,0.516778,-0.059384,0.471225,0.424408,-0.119101,0.491583,0.516442,-0.143283,0.496527,0.588891,-0.148929,0.402798,0.534688,-0.067423,0.41127,0.449877,-0.123975,0.439709,0.537047,-0.126322,0.449443,0.60629,-0.11583,0.352174,0.569376,-0.077983,0.354652,0.502251,-0.121049,0.383632,0.558354,-0.121233,0.396819,0.613231,-0.113073
92,3066,True,0.9903,0.9903,0.405073,0.755329,0.0,0.456889,0.734796,-0.039804,0.501146,0.678606,-0.067722,0.52078,0.626679,-0.09491,0.533594,0.566458,-0.122531,0.501847,0.519921,-0.052137,0.527621,0.408785,-0.088838,0.545055,0.343909,-0.113317,0.55468,0.281866,-0.131481,0.451833,0.516647,-0.057902,0.471353,0.423936,-0.117012,0.491386,0.516295,-0.141029,0.49614,0.589172,-0.14657,0.402781,0.53423,-0.066157,0.411371,0.44867,-0.122046,0.439465,0.536202,-0.124169,0.448963,0.605811,-0.11356,0.352243,0.568753,-0.076942,0.354282,0.500447,-0.119465,0.382988,0.556916,-0.119304,0.39599,0.612644,-0.110896
93,3100,True,0.991,0.991,0.40598,0.753427,0.0,0.457854,0.73345,-0.039948,0.503444,0.677019,-0.067705,0.522383,0.623966,-0.09468,0.534299,0.563923,-0.122071,0.501908,0.519022,-0.05251,0.52801,0.406947,-0.089006,0.545578,0.341731,-0.113282,0.554989,0.279916,-0.131266,0.4521,0.51613,-0.058167,0.470611,0.42215,-0.116818,0.491292,0.513376,-0.140708,0.496821,0.585231,-0.146324,0.403337,0.534049,-0.066265,0.411297,0.448307,-0.121578,0.439293,0.534928,-0.123633,0.448795,0.603809,-0.113201,0.352936,0.568796,-0.076963,0.354701,0.500271,-0.118777,0.383302,0.555202,-0.118572,0.396365,0.609705,-0.110355
94,3133,True,0.9906,0.9906,0.405353,0.754602,0.0,0.457059,0.733698,-0.040066,0.501074,0.677481,-0.068026,0.519605,0.62518,-0.09524,0.532574,0.565166,-0.122776,0.502237,0.518713,-0.051546,0.527485,0.40776,-0.088121,0.544823,0.343002,-0.112427,0.55454,0.28108,-0.1304,0.452073,0.515277,-0.05709,0.47128,0.422433,-0.116017,0.491303,0.514293,-0.139832,0.496347,0.586878,-0.145104,0.403019,0.53266,-0.065199,0.411258,0.447224,-0.121056,0.439242,0.534899,-0.122999,0.449039,0.604389,-0.112133,0.352542,0.567034,-0.075878,0.354849,0.499573,-0.11829,0.383548,0.556262,-0.117978,0.396851,0.611646,-0.109365
95,3166,True,0.991,0.991,0.405334,0.752633,0.0,0.458212,0.731695,-0.039432,0.502549,0.67377,-0.066665,0.521884,0.61946,-0.093197,0.537076,0.559629,-0.120112,0.502095,0.518536,-0.051523,0.527082,0.406228,-0.087558,0.544418,0.340917,-0.11143,0.55364,0.27846,-0.129191,0.45256,0.514991,-0.057105,0.470126,0.420797,-0.115108,0.490988,0.510335,-0.138616,0.49672,0.580982,-0.144093,0.403527,0.532446,-0.065112,0.410274,0.44699,-0.120019,0.43815,0.533039,-0.12183,0.447855,0.601242,-0.111252,0.352846,0.566852,-0.075695,0.352745,0.496723,-0.117068,0.381452,0.551445,-0.116642,0.395147,0.606222,-0.108324
96,3200,True,0.992,0.992,0.403103,0.748554,0.0,0.456129,0.728969,-0.040473,0.498793,0.673096,-0.068572,0.517084,0.617935,-0.095619,0.536339,0.557832,-0.122894,0.501063,0.516215,-0.052395,0.526905,0.404911,-0.08863,0.543981,0.339104,-0.112382,0.552785,0.276345,-0.130006,0.451888,0.510973,-0.057188,0.470228,0.416744,-0.11396,0.489535,0.50363,-0.136353,0.495185,0.572095,-0.141362,0.402841,0.527628,-0.064548,0.409692,0.443472,-0.118742,0.436171,0.528362,-0.119645,0.446258,0.595118,-0.10871,0.351941,0.562003,-0.074613,0.351395,0.493702,-0.115854,0.380008,0.548655,-0.115143,0.395084,0.603088,-0.106588
97,3233,True,0.9931,0.9931,0.402539,0.740295,0.0,0.456177,0.720971,-0.039106,0.500528,0.665055,-0.066288,0.518784,0.609989,-0.092587,0.534289,0.550112,-0.119197,0.500666,0.508971,-0.051179,0.526123,0.398194,-0.087464,0.543179,0.332708,-0.111106,0.551841,0.270097,-0.128412,0.451104,0.50371,-0.056327,0.46888,0.408747,-0.113304,0.487583,0.497643,-0.135668,0.492475,0.566782,-0.140352,0.40174,0.520061,-0.063875,0.407768,0.437389,-0.117908,0.433662,0.523305,-0.118231,0.443267,0.589765,-0.106639,0.350361,0.554018,-0.074003,0.348617,0.485898,-0.113967,0.37705,0.539997,-0.112237,0.392472,0.592958,-0.103007
98,3266,True,0.9942,0.9942,0.403131,0.724132,0.0,0.456367,0.705622,-0.04092,0.501372,0.65275,-0.069597,0.518426,0.59967,-0.097381,0.53136,0.541273,-0.125292,0.500745,0.496167,-0.050151,0.52471,0.387871,-0.086941,0.541447,0.322428,-0.110239,0.550699,0.260213,-0.126977,0.450167,0.489643,-0.054908,0.468634,0.39423,-0.113271,0.483575,0.484861,-0.134863,0.486133,0.553211,-0.137814,0.399917,0.504647,-0.062472,0.406259,0.42537,-0.118533,0.429125,0.513959,-0.117511,0.436684,0.5786,-0.103667,0.347811,0.536707,-0.072741,0.346752,0.471278,-0.112961,0.374058,0.52675,-0.109667,0.388454,0.577291,-0.098734
99,3300,True,0.9939,0.9939,0.405274,0.703253,0.0,0.456879,0.684269,-0.04471,0.498905,0.631483,-0.077749,0.515687,0.582366,-0.109683,0.52478,0.522765,-0.1419,0.49892,0.474362,-0.058665,0.52071,0.366823,-0.10011,0.537981,0.301055,-0.125843,0.547434,0.240152,-0.143861,0.448419,0.470118,-0.06338,0.466367,0.380081,-0.126516,0.481451,0.471211,-0.14893,0.482889,0.534531,-0.152302,0.398206,0.486751,-0.071448,0.403974,0.403652,-0.131863,0.426875,0.492506,-0.130773,0.43328,0.554519,-0.11658,0.346225,0.519211,-0.082524,0.340346,0.452568,-0.126955,0.367609,0.504745,-0.125594,0.382459,0.551211,-0.11574
100,3333,True,0.9951,0.9951,0.406316,0.684904,0.0,0.455279,0.662355,-0.04237,0.493681,0.607829,-0.071726,0.507725,0.55769,-0.099651,0.514126,0.496215,-0.127439,0.491913,0.444677,-0.050836,0.509708,0.34001,-0.088207,0.522857,0.274084,-0.111748,0.530348,0.213586,-0.128149,0.438525,0.441554,-0.054816,0.45087,0.35134,-0.111784,0.46652,0.440137,-0.1311,0.471585,0.506623,-0.13238,0.387019,0.461703,-0.062161,0.387533,0.381252,-0.116006,0.409665,0.467199,-0.111932,0.4186,0.52815,-0.096415,0.336065,0.500144,-0.072584,0.324485,0.434058,-0.111054,0.350194,0.485132,-0.106072,0.366317,0.530524,-0.093861
101,3366,True,0.9956,0.9956,0.403584,0.662022,0.0,0.452527,0.63838,-0.047193,0.488852,0.582303,-0.078824,0.495615,0.53367,-0.108451,0.496085,0.472209,-0.137905,0.481244,0.413738,-0.056212,0.493636,0.303724,-0.095117,0.504047,0.234493,-0.120033,0.509806,0.17117,-0.137381,0.425937,0.414763,-0.057965,0.435446,0.32822,-0.117386,0.454201,0.414471,-0.138179,0.462055,0.480225,-0.140252,0.374057,0.437205,-0.063512,0.371453,0.354092,-0.119148,0.394835,0.440912,-0.11563,0.405537,0.504202,-0.10005,0.324332,0.477329,-0.072629,0.309825,0.410574,-0.113143,0.335055,0.459104,-0.109467,0.351804,0.502926,-0.097707
102,3400,True,0.996,0.996,0.399127,0.643005,0.0,0.447524,0.615742,-0.047801,0.482356,0.55851,-0.080128,0.482915,0.508474,-0.110008,0.47525,0.447237,-0.13969,0.469626,0.385081,-0.058855,0.476715,0.270124,-0.097962,0.482972,0.196051,-0.122881,0.485763,0.128445,-0.140359,0.412319,0.38897,-0.059818,0.41381,0.296037,-0.117404,0.429083,0.385611,-0.13575,0.437829,0.45297,-0.136488,0.360652,0.414673,-0.064458,0.352677,0.326777,-0.117367,0.374801,0.411174,-0.11091,0.386755,0.474635,-0.094079,0.312396,0.458659,-0.07296,0.29247,0.387231,-0.111304,0.317153,0.432712,-0.105721,0.335858,0.476572,-0.092903
103,3433,True,0.9965,0.9965,0.389773,0.628207,0.0,0.439656,0.600621,-0.049664,0.473621,0.538758,-0.082025,0.470665,0.484296,-0.111845,0.464818,0.418956,-0.141302,0.45679,0.357836,-0.058314,0.463542,0.238526,-0.097438,0.467768,0.161753,-0.121807,0.468287,0.092586,-0.138899,0.398182,0.363135,-0.058523,0.394526,0.265069,-0.116783,0.409072,0.357383,-0.135389,0.419192,0.426838,-0.1358,0.346446,0.391264,-0.062715,0.334034,0.299157,-0.116888,0.356284,0.384157,-0.11129,0.369807,0.450286,-0.094443,0.298805,0.438436,-0.070879,0.274624,0.362892,-0.110497,0.298271,0.406349,-0.106082,0.316981,0.450228,-0.093692
104,3466,True,0.9965,0.9965,0.378345,0.622606,0.0,0.431346,0.590129,-0.048931,0.463765,0.522969,-0.079408,0.458888,0.463663,-0.107808,0.452772,0.396262,-0.135835,0.440949,0.336795,-0.052515,0.446424,0.215951,-0.088784,0.450033,0.139009,-0.111797,0.451208,0.069491,-0.128279,0.381724,0.343859,-0.052451,0.376427,0.241922,-0.10718,0.38939,0.33451,-0.125045,0.400881,0.405462,-0.125432,0.330704,0.374568,-0.056595,0.317324,0.280327,-0.107907,0.338768,0.36333,-0.103325,0.353758,0.431771,-0.087666,0.285101,0.424978,-0.064763,0.258832,0.346358,-0.102181,0.282254,0.387957,-0.098224,0.302804,0.43494,-0.086617
105,3500,True,0.9955,0.9955,0.365577,0.62141,0.0,0.420583,0.586719,-0.049545,0.453349,0.516311,-0.079189,0.443239,0.454544,-0.106784,0.439218,0.384835,-0.134019,0.426259,0.330882,-0.050752,0.432732,0.205642,-0.086236,0.436296,0.126398,-0.109253,0.436527,0.054115,-0.12619,0.365963,0.338597,-0.050255,0.358246,0.229288,-0.103981,0.371453,0.321182,-0.123044,0.384054,0.393233,-0.124694,0.31538,0.369536,-0.053955,0.299812,0.268689,-0.104376,0.321337,0.350902,-0.101691,0.337574,0.42109,-0.087811,0.271259,0.420238,-0.061708,0.244226,0.340027,-0.098471,0.266395,0.379807,-0.095707,0.286518,0.427123,-0.085427
106,3533,True,0.9956,0.9956,0.349811,0.626301,0.0,0.409836,0.583621,-0.045899,0.44156,0.51845,-0.074298,0.430462,0.453745,-0.101133,0.424694,0.383107,-0.12796,0.412142,0.332866,-0.049015,0.416789,0.205742,-0.084815,0.420726,0.123744,-0.110407,0.416918,0.048769,-0.13,0.350298,0.338511,-0.048565,0.341231,0.233084,-0.098345,0.355227,0.329966,-0.115247,0.366945,0.398673,-0.117868,0.299048,0.367328,-0.052164,0.281796,0.265929,-0.096125,0.303111,0.351064,-0.090162,0.320774,0.424052,-0.077061,0.255305,0.419739,-0.059941,0.226931,0.338827,-0.092065,0.247564,0.377328,-0.08783,0.269715,0.42542,-0.078347
107,3566,True,0.9945,0.9945,0.342,0.634187,0.0,0.400187,0.590413,-0.045383,0.433724,0.525916,-0.073682,0.420516,0.460367,-0.100145,0.410474,0.39158,-0.126167,0.402195,0.337592,-0.04949,0.403686,0.210344,-0.086394,0.405364,0.128421,-0.113977,0.399997,0.05435,-0.13479,0.338753,0.34683,-0.049211,0.327668,0.244635,-0.100029,0.341902,0.33851,-0.118387,0.353236,0.40666,-0.122228,0.286682,0.377477,-0.052693,0.266529,0.275824,-0.096475,0.288367,0.359235,-0.089288,0.307248,0.432481,-0.075807,0.244115,0.430945,-0.06047,0.215372,0.355165,-0.092152,0.236537,0.396835,-0.086144,0.258735,0.443631,-0.075306
108,3600,True,0.9954,0.9954,0.336168,0.643957,0.0,0.392744,0.599486,-0.045745,0.426511,0.536403,-0.075514,0.414211,0.474029,-0.104355,0.398283,0.406307,-0.133296,0.391459,0.348157,-0.051085,0.389929,0.21927,-0.086973,0.390139,0.1377,-0.111858,0.381996,0.065252,-0.130518,0.32831,0.359351,-0.051807,0.315907,0.258953,-0.102587,0.332668,0.351769,-0.120353,0.342545,0.417241,-0.123607,0.277436,0.390708,-0.056342,0.255596,0.289885,-0.100482,0.279577,0.373693,-0.094523,0.295849,0.444239,-0.081749,0.234537,0.444348,-0.065153,0.202108,0.368009,-0.097074,0.224379,0.407844,-0.092427,0.245886,0.452835,-0.082782
109,3633,True,0.9946,0.9946,0.32983,0.65706,-0.0,0.385365,0.609034,-0.041845,0.418378,0.548763,-0.070047,0.40596,0.488303,-0.097905,0.387164,0.423295,-0.125818,0.380484,0.360089,-0.045251,0.376699,0.234216,-0.080038,0.377164,0.153393,-0.105335,0.368631,0.082269,-0.124506,0.317847,0.372581,-0.046754,0.303417,0.275206,-0.095485,0.321763,0.36929,-0.11268,0.332337,0.435259,-0.116085,0.268308,0.403821,-0.051994,0.244012,0.30509,-0.093187,0.269122,0.388665,-0.086231,0.286915,0.459221,-0.073707,0.227159,0.458154,-0.061309,0.193815,0.385433,-0.090931,0.217025,0.425791,-0.085292,0.240802,0.470364,-0.07547
110,3666,True,0.9943,0.9943,0.322722,0.669715,-0.0,0.379424,0.617879,-0.039567,0.410471,0.559005,-0.066557,0.39983,0.496287,-0.09342,0.382335,0.430458,-0.120565,0.371493,0.373784,-0.043388,0.369006,0.247051,-0.078457,0.369102,0.1664,-0.105013,0.358647,0.096034,-0.125116,0.309029,0.387904,-0.04498,0.296085,0.288436,-0.092592,0.313421,0.382094,-0.109985,0.323108,0.444865,-0.114337,0.260248,0.418855,-0.050047,0.235515,0.318582,-0.089157,0.260042,0.402967,-0.081203,0.279481,0.473353,-0.068985,0.220427,0.47398,-0.05907,0.187336,0.399804,-0.086577,0.210656,0.44038,-0.079448,0.236829,0.485646,-0.069236
111,3699,True,0.9939,0.9939,0.32033,0.679288,-0.0,0.37567,0.627477,-0.039891,0.404762,0.569306,-0.067396,0.393917,0.509389,-0.094942,0.376224,0.444634,-0.122926,0.36753,0.383945,-0.043229,0.362488,0.259844,-0.077996,0.361678,0.180051,-0.104251,0.351266,0.110255,-0.124258,0.305087,0.398526,-0.04488,0.29058,0.300084,-0.092451,0.308868,0.396122,-0.109637,0.320028,0.459187,-0.113768,0.255681,0.430156,-0.050073,0.22964,0.332487,-0.08949,0.255403,0.417941,-0.081533,0.276044,0.488469,-0.069216,0.215464,0.486219,-0.059218,0.182836,0.411855,-0.086882,0.207363,0.453856,-0.079613,0.233941,0.500257,-0.069445
112,3733,True,0.9933,0.9933,0.316374,0.687992,-0.0,0.371228,0.635946,-0.040673,0.397913,0.579756,-0.068677,0.387291,0.520589,-0.09647,0.373918,0.455019,-0.124769,0.364851,0.395058,-0.043712,0.359536,0.273063,-0.080127,0.357646,0.193095,-0.10829,0.346228,0.124429,-0.129763,0.302131,0.408033,-0.044388,0.286519,0.309917,-0.091989,0.30428,0.408245,-0.109129,0.315778,0.470121,-0.113622,0.252454,0.438511,-0.048912,0.225051,0.341218,-0.087678,0.250425,0.427775,-0.08022,0.271822,0.497188,-0.068862,0.211224,0.495518,-0.057425,0.179692,0.422136,-0.084504,0.203515,0.464471,-0.077847,0.230465,0.510125,-0.068747
113,3766,True,0.9941,0.9941,0.315386,0.690138,0.0,0.369515,0.645962,-0.049903,0.398754,0.586967,-0.083286,0.38996,0.53102,-0.115463,0.374651,0.464327,-0.148175,0.362705,0.400669,-0.055078,0.35676,0.282029,-0.093034,0.352893,0.201425,-0.119895,0.342779,0.133241,-0.14018,0.299561,0.413902,-0.054209,0.282505,0.320004,-0.106762,0.301254,0.417824,-0.125444,0.315258,0.481564,-0.129626,0.247958,0.445116,-0.057753,0.220952,0.352819,-0.102927,0.247368,0.436279,-0.098609,0.268647,0.50624,-0.087697,0.206475,0.499423,-0.065895,0.171961,0.428388,-0.098409,0.197612,0.469065,-0.095143,0.224449,0.515597,-0.087456
114,3800,True,0.9957,0.9957,0.31362,0.698659,-0.0,0.369858,0.648638,-0.042573,0.397928,0.592349,-0.072474,0.388966,0.536096,-0.102378,0.373647,0.471312,-0.133019,0.361379,0.40666,-0.04675,0.355551,0.286966,-0.084683,0.354015,0.20607,-0.11244,0.344374,0.138057,-0.133144,0.298326,0.41976,-0.047963,0.281971,0.324392,-0.097229,0.302058,0.424695,-0.113121,0.316111,0.48618,-0.115746,0.247825,0.452392,-0.053442,0.22033,0.356054,-0.095112,0.246457,0.441487,-0.087812,0.267697,0.509525,-0.075372,0.206455,0.512491,-0.062997,0.172967,0.435377,-0.092566,0.195916,0.474392,-0.086869,0.221816,0.519512,-0.077778
115,3833,True,0.996,0.996,0.312367,0.705369,-0.0,0.370032,0.654162,-0.042253,0.399501,0.599698,-0.072282,0.389214,0.541961,-0.102147,0.374165,0.476133,-0.132757,0.361712,0.413563,-0.047374,0.35595,0.293873,-0.086081,0.354595,0.213299,-0.114454,0.345287,0.1456,-0.135446,0.298719,0.426024,-0.048321,0.283626,0.332104,-0.098618,0.304275,0.434038,-0.115077,0.318374,0.496851,-0.118163,0.248128,0.458044,-0.053338,0.221219,0.36231,-0.095715,0.248301,0.449159,-0.088361,0.269854,0.517587,-0.075932,0.206342,0.518632,-0.062232,0.173489,0.440601,-0.091704,0.199138,0.482014,-0.085258,0.226302,0.527874,-0.075826
116,3866,True,0.996,0.996,0.311867,0.711138,-0.0,0.370063,0.658776,-0.040465,0.399189,0.607212,-0.06987,0.391146,0.549769,-0.099483,0.375519,0.48445,-0.129801,0.364402,0.419762,-0.045265,0.359894,0.299179,-0.083978,0.358876,0.21849,-0.112,0.349479,0.151537,-0.132415,0.300898,0.431054,-0.04683,0.286717,0.335893,-0.096614,0.307377,0.438177,-0.112003,0.321802,0.500782,-0.114183,0.250024,0.462704,-0.052461,0.224317,0.366028,-0.094514,0.251105,0.453613,-0.08638,0.272319,0.521543,-0.073236,0.207663,0.524039,-0.061802,0.176042,0.444105,-0.090626,0.201099,0.48596,-0.083203,0.227638,0.53252,-0.073008
117,3900,True,0.9955,0.9955,0.311013,0.71469,-0.0,0.369956,0.661823,-0.040745,0.398824,0.609014,-0.070465,0.3927,0.548999,-0.100318,0.377977,0.483985,-0.130841,0.366077,0.423013,-0.045579,0.362784,0.304175,-0.084644,0.362274,0.223543,-0.112863,0.353226,0.157161,-0.133411,0.302405,0.434557,-0.046623,0.288582,0.340275,-0.095798,0.308882,0.44378,-0.109819,0.323654,0.505358,-0.111122,0.251711,0.465715,-0.051913,0.22665,0.369152,-0.092719,0.252991,0.457875,-0.083077,0.274568,0.525921,-0.069248,0.208805,0.525777,-0.061176,0.177438,0.446515,-0.089493,0.200926,0.488179,-0.082054,0.227474,0.53471,-0.071916
118,3933,True,0.9952,0.9952,0.30956,0.720549,-0.0,0.369471,0.664053,-0.03765,0.397743,0.612717,-0.066266,0.393098,0.550614,-0.095384,0.378138,0.484788,-0.125352,0.367754,0.427978,-0.043974,0.364295,0.307807,-0.084232,0.363902,0.225705,-0.114234,0.354756,0.159111,-0.135829,0.304063,0.438574,-0.045462,0.290035,0.341803,-0.093143,0.309226,0.445661,-0.106867,0.32364,0.505638,-0.108572,0.253629,0.468439,-0.050935,0.228284,0.368487,-0.089684,0.253687,0.458403,-0.079174,0.27533,0.526527,-0.06541,0.210513,0.528112,-0.060173,0.178427,0.445273,-0.087078,0.199992,0.486658,-0.078924,0.226202,0.532744,-0.068604
119,3966,True,0.9946,0.9946,0.308386,0.717255,-0.0,0.36801,0.665188,-0.039601,0.397721,0.611976,-0.068535,0.392503,0.549566,-0.097239,0.376017,0.482887,-0.126404,0.367659,0.426617,-0.047061,0.363299,0.308412,-0.088016,0.362038,0.228125,-0.118347,0.35272,0.161097,-0.140156,0.304231,0.438077,-0.048163,0.289575,0.343007,-0.098465,0.308568,0.445746,-0.114049,0.323133,0.508243,-0.116775,0.253277,0.468201,-0.053137,0.228225,0.371133,-0.094328,0.253949,0.459973,-0.085027,0.276166,0.529187,-0.071588,0.210085,0.525542,-0.061941,0.178591,0.446578,-0.090135,0.202036,0.488742,-0.082412,0.229225,0.535764,-0.072077
120,4000,True,0.9948,0.9948,0.3079,0.716602,-0.0,0.367272,0.663235,-0.038755,0.396948,0.612611,-0.067435,0.392271,0.550762,-0.096024,0.377278,0.484229,-0.124932,0.365942,0.425733,-0.04387,0.36199,0.307726,-0.08368,0.360307,0.227259,-0.112807,0.351246,0.160711,-0.133545,0.302777,0.437067,-0.044876,0.289754,0.342674,-0.094973,0.307146,0.445566,-0.110207,0.321066,0.507445,-0.112256,0.252055,0.466555,-0.049746,0.227805,0.371466,-0.091565,0.253052,0.460738,-0.08234,0.275108,0.529174,-0.068391,0.20965,0.524049,-0.058189,0.178472,0.446339,-0.086172,0.204207,0.490994,-0.077578,0.233188,0.538447,-0.066351
121,4033,True,0.995,0.995,0.307885,0.714166,-0.0,0.366233,0.663293,-0.038979,0.396273,0.611301,-0.067928,0.39106,0.550838,-0.096979,0.376616,0.484822,-0.126537,0.36439,0.425647,-0.044932,0.359785,0.307613,-0.084186,0.358358,0.227721,-0.112611,0.349358,0.161224,-0.133031,0.301803,0.436931,-0.046292,0.28817,0.342716,-0.096106,0.306332,0.444052,-0.111122,0.320104,0.505701,-0.11307,0.251404,0.466709,-0.051488,0.226732,0.371238,-0.092929,0.252439,0.459615,-0.083645,0.274463,0.528375,-0.069811,0.208952,0.523997,-0.060393,0.176483,0.446252,-0.088661,0.200495,0.488511,-0.080904,0.228278,0.535024,-0.070296
122,4066,True,0.9952,0.9952,0.30769,0.711443,-0.0,0.366031,0.661467,-0.039599,0.396619,0.608593,-0.068616,0.391856,0.549559,-0.097592,0.375752,0.484175,-0.127128,0.363459,0.423261,-0.045766,0.358097,0.306947,-0.084958,0.356586,0.228174,-0.11381,0.347678,0.161733,-0.134749,0.300697,0.435309,-0.04709,0.286854,0.342275,-0.096908,0.306452,0.443065,-0.1128,0.32074,0.504575,-0.115624,0.24982,0.465566,-0.052233,0.225133,0.370582,-0.093741,0.251417,0.458445,-0.085055,0.273451,0.527141,-0.0718,0.207289,0.522334,-0.061154,0.17512,0.4448,-0.089746,0.199587,0.48732,-0.082405,0.227283,0.533889,-0.072159
123,4100,True,0.9951,0.9951,0.308117,0.708212,-0.0,0.364562,0.66057,-0.040391,0.394287,0.607425,-0.069821,0.390296,0.550623,-0.099149,0.375446,0.486515,-0.129004,0.362234,0.421847,-0.046774,0.357414,0.30644,-0.085522,0.355542,0.228707,-0.114136,0.346489,0.162167,-0.13521,0.299941,0.434031,-0.048356,0.285813,0.341734,-0.098692,0.305466,0.441409,-0.115502,0.319945,0.503157,-0.118949,0.248898,0.465025,-0.053711,0.224729,0.371134,-0.095958,0.251101,0.457728,-0.08826,0.272907,0.526573,-0.075505,0.206718,0.52163,-0.062905,0.174914,0.445283,-0.092523,0.199358,0.487505,-0.086084,0.226542,0.534202,-0.076273
124,4133,True,0.9955,0.9955,0.309135,0.707407,0.0,0.364966,0.662881,-0.043648,0.395725,0.606143,-0.073876,0.389591,0.548849,-0.103691,0.374913,0.483263,-0.134039,0.360567,0.421686,-0.049086,0.356427,0.307067,-0.087649,0.355274,0.229064,-0.114855,0.347396,0.162595,-0.134684,0.298528,0.434104,-0.050048,0.284333,0.342334,-0.101258,0.304978,0.441635,-0.117894,0.320368,0.504408,-0.120392,0.24767,0.465672,-0.055148,0.224017,0.372118,-0.099399,0.250936,0.457489,-0.092714,0.272254,0.525835,-0.079695,0.205978,0.522142,-0.06431,0.173044,0.445237,-0.095572,0.197668,0.485251,-0.090242,0.224223,0.531521,-0.080632
125,4166,True,0.996,0.996,0.310134,0.708621,0.0,0.364771,0.663307,-0.044062,0.394147,0.605148,-0.074042,0.387733,0.548491,-0.103616,0.374213,0.483164,-0.133557,0.359768,0.421388,-0.047813,0.356204,0.306618,-0.085034,0.355204,0.228703,-0.110416,0.347994,0.162674,-0.128793,0.297721,0.433767,-0.048745,0.284207,0.343321,-0.099348,0.304365,0.442558,-0.114843,0.319739,0.505659,-0.115981,0.246922,0.466079,-0.054039,0.224049,0.374569,-0.098389,0.250433,0.459234,-0.091814,0.270713,0.52594,-0.078298,0.205113,0.522697,-0.063437,0.171498,0.444637,-0.094574,0.194652,0.482232,-0.089399,0.219782,0.526689,-0.079595
126,4200,True,0.9962,0.9962,0.306524,0.711117,-0.0,0.363309,0.661466,-0.040304,0.392094,0.607867,-0.068911,0.387225,0.550622,-0.097717,0.372402,0.486834,-0.12728,0.359637,0.424109,-0.043379,0.356636,0.309632,-0.081295,0.355919,0.231793,-0.108661,0.347941,0.165888,-0.128494,0.297069,0.435085,-0.044826,0.284122,0.342936,-0.093983,0.30316,0.445442,-0.109051,0.317597,0.508108,-0.110354,0.245969,0.466139,-0.050456,0.224158,0.374199,-0.092177,0.249024,0.461105,-0.084547,0.268509,0.527229,-0.071009,0.202619,0.524142,-0.059836,0.171668,0.444499,-0.088317,0.195327,0.485208,-0.081265,0.221586,0.531137,-0.070722
127,4233,True,0.9959,0.9959,0.307538,0.711622,0.0,0.363213,0.665204,-0.04394,0.393176,0.607721,-0.073999,0.386084,0.551429,-0.103941,0.370512,0.487709,-0.134482,0.357717,0.423356,-0.046913,0.3551,0.309147,-0.083801,0.355006,0.231465,-0.108689,0.348106,0.166411,-0.126517,0.295645,0.43568,-0.047921,0.283227,0.346475,-0.098566,0.302927,0.44639,-0.114108,0.317486,0.50972,-0.115058,0.245255,0.468273,-0.053309,0.224291,0.3788,-0.097512,0.249499,0.462859,-0.091604,0.26831,0.528975,-0.078413,0.203374,0.525569,-0.062768,0.169719,0.447226,-0.092933,0.192083,0.482758,-0.08784,0.216838,0.52636,-0.078282
128,4266,True,0.9962,0.9962,0.306414,0.712215,-0.0,0.362425,0.666084,-0.043044,0.391778,0.610436,-0.072998,0.386683,0.554469,-0.103053,0.370954,0.490678,-0.133869,0.358881,0.426058,-0.047096,0.35623,0.312403,-0.085689,0.355673,0.234842,-0.112574,0.348341,0.169411,-0.131877,0.29638,0.437534,-0.048343,0.283325,0.34752,-0.099561,0.302532,0.450145,-0.115348,0.31761,0.513666,-0.116491,0.24531,0.469372,-0.053938,0.223985,0.377958,-0.097584,0.248688,0.464158,-0.091023,0.267992,0.530923,-0.077562,0.202076,0.526825,-0.063577,0.169975,0.447734,-0.093624,0.192183,0.485518,-0.088141,0.217341,0.530401,-0.078292
129,4300,True,0.9962,0.9962,0.307017,0.71264,0.0,0.362498,0.667566,-0.044564,0.392625,0.612209,-0.075278,0.385745,0.55715,-0.105975,0.370056,0.493343,-0.137429,0.358325,0.426091,-0.047127,0.355804,0.31409,-0.084722,0.354889,0.236643,-0.11021,0.347083,0.17217,-0.128423,0.295641,0.437972,-0.047885,0.282799,0.349173,-0.098303,0.302353,0.450369,-0.113327,0.317115,0.512836,-0.113903,0.244922,0.470247,-0.053218,0.223701,0.380958,-0.097115,0.24865,0.465815,-0.090777,0.267147,0.531445,-0.077357,0.202021,0.52791,-0.062695,0.169461,0.449489,-0.092826,0.192068,0.486578,-0.087459,0.216988,0.531456,-0.077719
130,4333,True,0.9967,0.9967,0.306181,0.714778,-0.0,0.362317,0.66736,-0.042233,0.392099,0.61251,-0.071623,0.385683,0.556096,-0.101144,0.368898,0.493145,-0.13157,0.358537,0.43043,-0.045715,0.356274,0.316821,-0.083693,0.355438,0.239242,-0.109934,0.347485,0.174294,-0.128819,0.295786,0.440418,-0.046958,0.2828,0.349224,-0.096959,0.302196,0.451507,-0.111504,0.317026,0.51417,-0.111869,0.245436,0.471731,-0.052602,0.223386,0.380432,-0.095272,0.248029,0.46626,-0.088278,0.267212,0.532079,-0.074738,0.202305,0.530056,-0.062208,0.169997,0.450352,-0.091588,0.190157,0.486438,-0.086111,0.213843,0.530207,-0.076546
131,4366,True,0.9965,0.9965,0.305893,0.714118,-0.0,0.361717,0.668245,-0.043021,0.391869,0.612885,-0.072847,0.384947,0.556831,-0.102518,0.369489,0.493593,-0.132875,0.358963,0.431046,-0.047208,0.356763,0.317714,-0.085438,0.355908,0.240523,-0.111718,0.347862,0.175753,-0.130695,0.296163,0.44135,-0.048326,0.282979,0.350928,-0.099395,0.302599,0.452852,-0.114768,0.317378,0.515228,-0.115729,0.245656,0.472391,-0.053769,0.22315,0.381982,-0.09719,0.248185,0.467234,-0.090535,0.267477,0.532847,-0.077254,0.202602,0.529667,-0.063243,0.170262,0.451527,-0.092925,0.190633,0.487519,-0.087706,0.213835,0.530165,-0.07839
132,4400,True,0.9962,0.9962,0.304864,0.715121,-0.0,0.360803,0.667291,-0.041167,0.38981,0.61324,-0.070149,0.384986,0.556499,-0.099206,0.369615,0.493004,-0.12887,0.359457,0.430326,-0.044412,0.356804,0.317986,-0.082481,0.355755,0.241344,-0.109036,0.347848,0.176852,-0.128096,0.296756,0.44084,-0.045949,0.284178,0.349896,-0.096701,0.30285,0.452995,-0.111759,0.317581,0.515287,-0.112384,0.245682,0.471585,-0.051724,0.224105,0.381578,-0.095188,0.248974,0.4688,-0.087574,0.268399,0.533841,-0.073401,0.202207,0.528647,-0.061254,0.171681,0.449887,-0.090529,0.195203,0.49044,-0.083493,0.220878,0.535219,-0.072679
133,4433,True,0.9962,0.9962,0.304616,0.718165,-0.0,0.362075,0.666984,-0.038123,0.390951,0.614745,-0.065373,0.385614,0.557245,-0.093249,0.369036,0.494682,-0.121837,0.359551,0.431458,-0.039203,0.356711,0.318595,-0.076429,0.356178,0.242117,-0.103091,0.3482,0.17833,-0.12211,0.297101,0.441768,-0.041289,0.285572,0.351203,-0.090197,0.303816,0.453636,-0.104894,0.317964,0.514869,-0.105618,0.246438,0.472351,-0.047575,0.225969,0.382735,-0.089264,0.250106,0.469644,-0.081592,0.269025,0.53416,-0.067719,0.203072,0.530959,-0.057394,0.172756,0.450139,-0.084869,0.195729,0.490344,-0.077173,0.221729,0.535313,-0.066257
134,4466,True,0.9961,0.9961,0.305,0.717319,-0.0,0.362283,0.667375,-0.039371,0.391817,0.61486,-0.067395,0.387274,0.558527,-0.095706,0.370298,0.496008,-0.124684,0.360578,0.432417,-0.042094,0.358164,0.318578,-0.078872,0.358286,0.242377,-0.105089,0.350703,0.178395,-0.124046,0.298155,0.442849,-0.043894,0.286811,0.351323,-0.092941,0.305415,0.4528,-0.108277,0.319004,0.514107,-0.109834,0.247361,0.473241,-0.049689,0.227178,0.382504,-0.09136,0.251598,0.469233,-0.084045,0.269826,0.534281,-0.070782,0.203538,0.530189,-0.059115,0.174967,0.450339,-0.086865,0.197822,0.490695,-0.079612,0.222168,0.535404,-0.069208
135,4500,True,0.9959,0.9959,0.306964,0.715944,-0.0,0.362992,0.670215,-0.04179,0.392927,0.614016,-0.070229,0.387408,0.557863,-0.098622,0.371789,0.494825,-0.127555,0.36134,0.431912,-0.044722,0.359169,0.318325,-0.080868,0.359316,0.243049,-0.105713,0.352601,0.179135,-0.123616,0.299529,0.442641,-0.046219,0.287686,0.353447,-0.096348,0.306781,0.452501,-0.112383,0.321152,0.515536,-0.113923,0.248628,0.473643,-0.051807,0.228546,0.384665,-0.095506,0.253304,0.469213,-0.089805,0.271445,0.534577,-0.07687,0.205103,0.52923,-0.061169,0.175324,0.449975,-0.090866,0.198275,0.488498,-0.085126,0.221855,0.533417,-0.075172
136,4533,True,0.9966,0.9966,0.310894,0.715964,0.0,0.365604,0.67596,-0.04532,0.396461,0.616777,-0.075081,0.390706,0.562919,-0.104616,0.375277,0.500314,-0.134774,0.363959,0.431769,-0.048114,0.362462,0.319553,-0.084545,0.362393,0.245506,-0.108911,0.35673,0.181699,-0.126435,0.301907,0.442983,-0.049513,0.289886,0.353759,-0.101496,0.309192,0.45154,-0.119081,0.324435,0.51599,-0.121087,0.250548,0.475566,-0.055214,0.231332,0.387149,-0.101741,0.256362,0.470509,-0.098617,0.273845,0.537034,-0.086399,0.206699,0.531055,-0.064926,0.175554,0.450183,-0.097377,0.198172,0.486374,-0.093857,0.22081,0.532367,-0.084773
137,4566,True,0.9967,0.9967,0.312987,0.715749,0.0,0.365836,0.680783,-0.047983,0.398517,0.619172,-0.078452,0.39223,0.567123,-0.108168,0.379502,0.503221,-0.138312,0.365437,0.434631,-0.051353,0.365463,0.322873,-0.088605,0.36566,0.249026,-0.113285,0.361242,0.184391,-0.131005,0.303673,0.445193,-0.052207,0.291744,0.355642,-0.107004,0.311951,0.450381,-0.127101,0.327587,0.516945,-0.130135,0.252038,0.477494,-0.057311,0.233187,0.389171,-0.106812,0.258609,0.470345,-0.105742,0.275749,0.537301,-0.093911,0.20792,0.530985,-0.066505,0.177246,0.451051,-0.101592,0.1994,0.485829,-0.099711,0.219954,0.530825,-0.090992
138,4600,True,0.9968,0.9968,0.315546,0.71567,0.0,0.368117,0.682088,-0.049299,0.401269,0.620706,-0.080345,0.393924,0.568963,-0.110399,0.381315,0.505315,-0.140639,0.367848,0.436546,-0.052327,0.367578,0.324364,-0.089741,0.367137,0.250104,-0.113713,0.362535,0.185818,-0.130611,0.30578,0.446812,-0.052636,0.293313,0.35797,-0.108638,0.314053,0.45322,-0.12834,0.330038,0.521143,-0.130272,0.253945,0.478791,-0.05733,0.234408,0.390546,-0.108304,0.260256,0.471712,-0.107235,0.277601,0.5392,-0.094554,0.209511,0.531387,-0.06613,0.178331,0.451047,-0.102185,0.199838,0.485009,-0.100446,0.219408,0.529674,-0.09125
139,4633,True,0.997,0.997,0.316241,0.717606,0.0,0.369246,0.683389,-0.04886,0.401508,0.623773,-0.080052,0.395446,0.571001,-0.110479,0.382777,0.506767,-0.141335,0.36923,0.439139,-0.052409,0.36931,0.326627,-0.089735,0.369078,0.25186,-0.113509,0.364001,0.187646,-0.130332,0.306721,0.448775,-0.052937,0.295029,0.359839,-0.108164,0.315758,0.456572,-0.127147,0.331845,0.523539,-0.128827,0.255241,0.480298,-0.057896,0.23575,0.391468,-0.107783,0.261355,0.473247,-0.106575,0.278823,0.540614,-0.094288,0.211005,0.533591,-0.066979,0.178775,0.452548,-0.102149,0.199328,0.484871,-0.100608,0.219342,0.52868,-0.092006
140,4666,True,0.9969,0.9969,0.315597,0.719742,0.0,0.369235,0.685529,-0.047889,0.402304,0.625746,-0.078665,0.395579,0.571509,-0.108769,0.381646,0.506603,-0.139143,0.370599,0.442484,-0.051812,0.370711,0.328012,-0.08947,0.370465,0.252418,-0.113249,0.365169,0.188003,-0.129884,0.307963,0.451437,-0.052307,0.29708,0.362801,-0.107148,0.316949,0.460232,-0.125032,0.332073,0.526425,-0.126043,0.256082,0.481713,-0.057197,0.237091,0.391792,-0.106611,0.262118,0.47471,-0.103791,0.27895,0.542389,-0.090525,0.211336,0.534077,-0.066165,0.180464,0.453722,-0.100998,0.201933,0.488368,-0.098338,0.222067,0.533358,-0.088833
141,4700,True,0.9971,0.9971,0.316159,0.721041,0.0,0.369621,0.686471,-0.047874,0.402641,0.627447,-0.079342,0.396721,0.573955,-0.110194,0.382927,0.509212,-0.141542,0.372821,0.443557,-0.053775,0.373213,0.331005,-0.092529,0.372891,0.255588,-0.117337,0.367524,0.190815,-0.134831,0.309821,0.452035,-0.054927,0.298876,0.362379,-0.110152,0.318891,0.460781,-0.128347,0.33445,0.526713,-0.129792,0.257813,0.482948,-0.060408,0.23903,0.392389,-0.109734,0.26393,0.47518,-0.106981,0.280979,0.542734,-0.094098,0.212812,0.536286,-0.070029,0.181244,0.455171,-0.104758,0.201207,0.487392,-0.10238,0.220768,0.53069,-0.09341
142,4733,True,0.9972,0.9972,0.317114,0.721312,0.0,0.370019,0.687756,-0.047897,0.404245,0.62948,-0.079272,0.39894,0.57797,-0.10999,0.38477,0.514371,-0.141116,0.373774,0.444812,-0.054048,0.37447,0.332323,-0.092764,0.374408,0.256815,-0.117293,0.369462,0.191991,-0.134349,0.310808,0.453201,-0.055326,0.300098,0.362741,-0.111181,0.320098,0.461013,-0.129714,0.335206,0.52835,-0.130977,0.258421,0.48371,-0.060861,0.240258,0.393728,-0.11125,0.265118,0.477445,-0.108859,0.281527,0.545431,-0.095596,0.213127,0.535711,-0.07046,0.181036,0.454232,-0.10567,0.201397,0.48674,-0.103201,0.220927,0.529808,-0.093794
143,4766,True,0.9973,0.9973,0.316828,0.722458,0.0,0.370519,0.68783,-0.047135,0.404513,0.630467,-0.078497,0.400439,0.57756,-0.109355,0.385253,0.513972,-0.140714,0.374369,0.446641,-0.053546,0.375753,0.333448,-0.092063,0.376008,0.257659,-0.116335,0.3709,0.192944,-0.133205,0.311739,0.454701,-0.054796,0.301344,0.364044,-0.109487,0.321277,0.463276,-0.126691,0.336249,0.529266,-0.127289,0.259712,0.484484,-0.060313,0.241458,0.393994,-0.109275,0.266613,0.478455,-0.105616,0.282966,0.546081,-0.091953,0.214363,0.536314,-0.069916,0.182896,0.455126,-0.104156,0.203765,0.488816,-0.100993,0.223674,0.532597,-0.091361
144,4800,True,0.9974,0.9974,0.318722,0.722628,0.0,0.371137,0.690658,-0.05003,0.40562,0.631507,-0.082738,0.400811,0.578165,-0.114602,0.387597,0.512903,-0.146897,0.375435,0.446005,-0.055916,0.377165,0.334242,-0.095679,0.377811,0.258124,-0.120518,0.373542,0.193125,-0.137657,0.312381,0.454152,-0.056672,0.302396,0.363723,-0.1138,0.322873,0.46316,-0.132507,0.337902,0.530661,-0.133585,0.260117,0.484856,-0.061919,0.242558,0.395912,-0.113771,0.268141,0.480112,-0.111466,0.284344,0.548312,-0.097985,0.214532,0.537019,-0.0714,0.182469,0.455252,-0.107706,0.203032,0.488009,-0.105518,0.222204,0.531813,-0.096206
145,4833,True,0.9973,0.9973,0.318115,0.723068,0.0,0.371317,0.68957,-0.047586,0.405547,0.632968,-0.079493,0.401707,0.579763,-0.110925,0.387542,0.516026,-0.142858,0.376047,0.448258,-0.054326,0.377995,0.334713,-0.093096,0.378919,0.258097,-0.11723,0.374559,0.193239,-0.133835,0.313307,0.456248,-0.055403,0.303453,0.366317,-0.11012,0.323015,0.465845,-0.127009,0.337448,0.532089,-0.127289,0.26128,0.485949,-0.060757,0.244179,0.395967,-0.110028,0.268818,0.480298,-0.106136,0.284174,0.548396,-0.092165,0.215575,0.537628,-0.070213,0.184083,0.45592,-0.10475,0.20455,0.489391,-0.101434,0.223766,0.533757,-0.091538
146,4866,True,0.9975,0.9975,0.319647,0.725128,0.0,0.372377,0.691391,-0.048513,0.406653,0.633815,-0.080846,0.401527,0.579772,-0.112606,0.387349,0.515072,-0.144933,0.377713,0.449244,-0.05512,0.379101,0.337595,-0.094416,0.379876,0.260987,-0.118792,0.375345,0.196056,-0.135678,0.314268,0.45647,-0.056201,0.304346,0.365522,-0.111241,0.32453,0.46567,-0.128077,0.339505,0.531238,-0.128312,0.26233,0.486418,-0.06172,0.244228,0.396181,-0.111371,0.269296,0.481181,-0.107549,0.285178,0.548619,-0.093685,0.216686,0.539198,-0.07147,0.184368,0.457189,-0.10643,0.204433,0.489921,-0.103636,0.223653,0.532977,-0.094269
147,4900,True,0.9974,0.9974,0.318596,0.725358,0.0,0.371231,0.691386,-0.047513,0.404911,0.633868,-0.079298,0.400701,0.578608,-0.110466,0.387469,0.513773,-0.142251,0.376962,0.451158,-0.054505,0.378688,0.338734,-0.093353,0.379853,0.262088,-0.117909,0.375345,0.196515,-0.135164,0.314057,0.457453,-0.05563,0.304543,0.366209,-0.109693,0.324733,0.466833,-0.126518,0.339402,0.532652,-0.127204,0.262352,0.486597,-0.061015,0.244756,0.396306,-0.109443,0.269856,0.481145,-0.105602,0.285665,0.549424,-0.092251,0.216582,0.538726,-0.070544,0.184821,0.457161,-0.104793,0.204656,0.489937,-0.101998,0.223543,0.533578,-0.092943
148,4933,True,0.9975,0.9975,0.317514,0.72752,0.0,0.370931,0.690908,-0.044927,0.403615,0.635653,-0.076075,0.400457,0.580908,-0.107069,0.386478,0.517666,-0.138914,0.376227,0.452939,-0.052887,0.378008,0.339997,-0.091617,0.380004,0.263255,-0.116794,0.375149,0.197972,-0.134647,0.31363,0.459106,-0.054736,0.304488,0.366872,-0.106894,0.324842,0.46796,-0.122793,0.338935,0.531973,-0.123583,0.262473,0.48785,-0.060674,0.244476,0.395575,-0.106644,0.26932,0.480593,-0.101718,0.284878,0.548681,-0.088551,0.216885,0.541018,-0.070631,0.185396,0.458496,-0.1032,0.205114,0.491861,-0.099567,0.224382,0.536453,-0.090468
149,4966,True,0.997,0.997,0.318209,0.725881,0.0,0.369297,0.694973,-0.049628,0.403976,0.635455,-0.082123,0.400204,0.581676,-0.113584,0.387967,0.516691,-0.145413,0.376787,0.451779,-0.056964,0.378828,0.339935,-0.096636,0.379136,0.263803,-0.121629,0.374491,0.198229,-0.139136,0.313595,0.458428,-0.057736,0.303087,0.368099,-0.114435,0.323696,0.466768,-0.13321,0.338908,0.53367,-0.134751,0.26102,0.488308,-0.062783,0.243292,0.398719,-0.113884,0.268914,0.482142,-0.111458,0.285281,0.550389,-0.098355,0.215257,0.539878,-0.072059,0.183972,0.459597,-0.108193,0.204362,0.491574,-0.106328,0.223158,0.534435,-0.097449
150,5000,True,0.9973,0.9973,0.317372,0.726073,0.0,0.368718,0.695788,-0.049179,0.403852,0.638158,-0.081631,0.400959,0.585664,-0.113247,0.388192,0.522058,-0.14519,0.376242,0.452504,-0.056194,0.378618,0.340709,-0.095498,0.379724,0.264609,-0.119902,0.37589,0.199241,-0.136851,0.31293,0.459311,-0.057309,0.303311,0.36723,-0.113493,0.323829,0.466839,-0.131687,0.338806,0.53441,-0.132619,0.260599,0.489424,-0.062727,0.243466,0.399321,-0.1135,0.268785,0.482682,-0.111103,0.284583,0.550789,-0.097829,0.215028,0.541059,-0.072337,0.18283,0.459263,-0.107934,0.203012,0.490688,-0.105924,0.221861,0.533415,-0.096926
151,5033,True,0.9973,0.9973,0.315589,0.726088,0.0,0.367137,0.698212,-0.051381,0.403253,0.640492,-0.084362,0.400473,0.590187,-0.116019,0.389124,0.526497,-0.147836,0.376116,0.453756,-0.058158,0.378011,0.3427,-0.097584,0.378602,0.267185,-0.122426,0.374941,0.201656,-0.139866,0.312364,0.460665,-0.058614,0.302479,0.367867,-0.116471,0.322596,0.466608,-0.136767,0.337817,0.536627,-0.138861,0.259512,0.491261,-0.06342,0.242581,0.400106,-0.115455,0.267069,0.482606,-0.115265,0.283602,0.552088,-0.103188,0.214002,0.542327,-0.072552,0.181733,0.460615,-0.10916,0.199745,0.488183,-0.10919,0.217765,0.527966,-0.101616
152,5066,True,0.997,0.997,0.315312,0.726471,0.0,0.3661,0.698595,-0.051346,0.40165,0.640478,-0.084392,0.398222,0.591043,-0.116191,0.388303,0.527097,-0.148221,0.375847,0.45341,-0.057586,0.376893,0.342722,-0.097442,0.377459,0.268078,-0.122933,0.373938,0.202378,-0.140834,0.312135,0.460679,-0.058415,0.301932,0.36886,-0.117657,0.321784,0.466491,-0.139163,0.336751,0.537877,-0.141834,0.25884,0.491317,-0.063654,0.241684,0.40154,-0.11747,0.266774,0.483683,-0.118133,0.283547,0.553387,-0.106103,0.212953,0.542282,-0.073086,0.179246,0.460109,-0.111206,0.20011,0.491413,-0.111248,0.220712,0.535067,-0.103196
153,5100,True,0.9973,0.9973,0.312418,0.728643,0.0,0.364017,0.698042,-0.048769,0.400173,0.64094,-0.080827,0.397443,0.591727,-0.112196,0.386369,0.529971,-0.144065,0.373241,0.45627,-0.05582,0.374895,0.34362,-0.094529,0.376128,0.26873,-0.119061,0.373385,0.203117,-0.136231,0.310273,0.463541,-0.057547,0.301149,0.369683,-0.115042,0.320882,0.467585,-0.135603,0.335864,0.538514,-0.137811,0.257607,0.493965,-0.063392,0.24116,0.40189,-0.115396,0.26571,0.484291,-0.115575,0.282097,0.554479,-0.103543,0.211733,0.545139,-0.073265,0.178292,0.460884,-0.109872,0.197589,0.489567,-0.109496,0.217171,0.532281,-0.101443
154,5133,True,0.9971,0.9971,0.309614,0.729981,0.0,0.361309,0.699715,-0.05017,0.398429,0.641767,-0.082404,0.395547,0.592419,-0.113613,0.385679,0.529757,-0.145267,0.372316,0.458223,-0.057308,0.37445,0.346111,-0.096201,0.375795,0.271798,-0.121081,0.373138,0.206437,-0.138709,0.308918,0.465382,-0.058574,0.300037,0.372721,-0.116979,0.320283,0.469469,-0.139118,0.335742,0.539515,-0.142571,0.255991,0.495831,-0.063973,0.239349,0.404084,-0.116329,0.26407,0.48575,-0.118179,0.281606,0.555519,-0.107565,0.209849,0.546674,-0.073537,0.177203,0.464608,-0.110472,0.194157,0.490228,-0.111874,0.212062,0.528617,-0.105421
155,5166,True,0.9969,0.9969,0.308059,0.733854,0.0,0.360322,0.701946,-0.049069,0.396013,0.643348,-0.080372,0.392212,0.592151,-0.110593,0.383486,0.52916,-0.141264,0.371361,0.461131,-0.055745,0.374634,0.349707,-0.094223,0.376455,0.275511,-0.1194,0.373504,0.209801,-0.137397,0.308146,0.467387,-0.056943,0.298552,0.375254,-0.114391,0.318261,0.47139,-0.135777,0.333159,0.542341,-0.13891,0.255148,0.497136,-0.062222,0.237956,0.405979,-0.113689,0.262687,0.487482,-0.114135,0.279396,0.557145,-0.102702,0.209035,0.548124,-0.071603,0.177755,0.466319,-0.108143,0.197047,0.496788,-0.108018,0.215725,0.539476,-0.100303
156,5200,True,0.9976,0.9976,0.306129,0.738552,0.0,0.358554,0.703212,-0.048328,0.393179,0.645037,-0.080032,0.389509,0.593215,-0.110977,0.380742,0.530791,-0.142548,0.368823,0.463716,-0.055267,0.372953,0.351829,-0.092766,0.37591,0.276178,-0.116082,0.372717,0.212064,-0.132499,0.305794,0.469673,-0.056401,0.29868,0.380896,-0.111529,0.31718,0.47818,-0.129823,0.330439,0.545344,-0.13121,0.253487,0.498881,-0.061815,0.237277,0.409481,-0.110876,0.261107,0.492177,-0.109388,0.276768,0.560017,-0.097533,0.20696,0.550636,-0.071431,0.17513,0.470712,-0.105651,0.191477,0.496718,-0.105007,0.208639,0.534152,-0.097794
157,5233,True,0.9972,0.9972,0.305336,0.742047,0.0,0.357105,0.706761,-0.047966,0.391973,0.648934,-0.07998,0.389129,0.598743,-0.111633,0.380052,0.537297,-0.143947,0.368091,0.466828,-0.054311,0.371097,0.356207,-0.092089,0.373339,0.281538,-0.115353,0.370519,0.217615,-0.131673,0.305044,0.473664,-0.056223,0.297887,0.382846,-0.111655,0.316506,0.480797,-0.129789,0.329913,0.547567,-0.130814,0.252344,0.50377,-0.062481,0.236602,0.413574,-0.112516,0.260527,0.497172,-0.110573,0.275649,0.564691,-0.097927,0.205456,0.555644,-0.072924,0.173778,0.473342,-0.107979,0.19104,0.501167,-0.106717,0.208195,0.539742,-0.09871
158,5266,True,0.997,0.997,0.304422,0.744597,0.0,0.355285,0.713493,-0.050201,0.390934,0.653521,-0.082213,0.38797,0.602604,-0.11321,0.381655,0.540026,-0.144547,0.366758,0.47228,-0.055933,0.370102,0.360891,-0.094617,0.372409,0.286219,-0.118854,0.370253,0.220484,-0.136026,0.304205,0.478836,-0.0572,0.296259,0.385322,-0.115732,0.31583,0.481322,-0.136918,0.32984,0.551327,-0.13949,0.250976,0.508946,-0.062771,0.235268,0.418922,-0.116451,0.259508,0.501582,-0.117074,0.274997,0.569961,-0.105076,0.203934,0.55906,-0.072471,0.171903,0.476393,-0.110398,0.190498,0.506042,-0.110645,0.208176,0.546484,-0.102987
159,5300,True,0.9974,0.9974,0.30417,0.748062,0.0,0.35495,0.718024,-0.050315,0.390973,0.656437,-0.08211,0.387775,0.604556,-0.112927,0.379966,0.540737,-0.144122,0.364199,0.47578,-0.055442,0.367465,0.363866,-0.094008,0.370575,0.289314,-0.1179,0.368931,0.223902,-0.134772,0.302065,0.483059,-0.056761,0.294808,0.390092,-0.11593,0.315153,0.48636,-0.137431,0.329084,0.556857,-0.140093,0.249148,0.513684,-0.062453,0.232903,0.423159,-0.116993,0.258205,0.505771,-0.118255,0.274033,0.574208,-0.106512,0.202502,0.564191,-0.072195,0.168453,0.480925,-0.110892,0.188102,0.510558,-0.11179,0.206932,0.551387,-0.104522
160,5333,True,0.9973,0.9973,0.30271,0.75001,0.0,0.353284,0.720612,-0.05015,0.389847,0.659529,-0.08226,0.386545,0.608651,-0.11353,0.377251,0.546368,-0.144946,0.363341,0.47765,-0.054936,0.366625,0.365687,-0.093655,0.368703,0.291589,-0.117142,0.365637,0.227071,-0.133567,0.300987,0.486007,-0.056506,0.29329,0.393356,-0.115985,0.314446,0.490384,-0.1367,0.328778,0.559275,-0.138494,0.24779,0.51711,-0.06254,0.231792,0.426661,-0.117288,0.257326,0.50928,-0.117519,0.272676,0.5764,-0.10483,0.200702,0.567543,-0.072665,0.167097,0.485368,-0.111226,0.186903,0.514987,-0.111383,0.205569,0.554971,-0.103401
161,5366,True,0.997,0.997,0.301422,0.75334,0.0,0.351381,0.724362,-0.050419,0.388095,0.663594,-0.083011,0.385531,0.613423,-0.114896,0.376255,0.550904,-0.146934,0.362721,0.479745,-0.054831,0.365478,0.368099,-0.09407,0.367519,0.294067,-0.118005,0.364519,0.229479,-0.134776,0.30025,0.488641,-0.056551,0.292386,0.395591,-0.116651,0.313786,0.492342,-0.137732,0.32815,0.560559,-0.139673,0.246843,0.519694,-0.062814,0.230272,0.42977,-0.118638,0.256025,0.513206,-0.118882,0.271148,0.579958,-0.10587,0.199562,0.570006,-0.073159,0.165761,0.488494,-0.112968,0.187873,0.522281,-0.113065,0.208186,0.565053,-0.104647
162,5400,True,0.9972,0.9972,0.300001,0.75718,0.0,0.350486,0.72808,-0.050748,0.387659,0.666941,-0.083031,0.384407,0.617366,-0.114545,0.375268,0.555591,-0.146338,0.361331,0.485195,-0.056069,0.364142,0.372197,-0.095325,0.366139,0.297903,-0.119604,0.363442,0.232894,-0.1367,0.299197,0.494309,-0.057858,0.29153,0.400865,-0.119095,0.312957,0.49643,-0.141671,0.327597,0.56568,-0.144554,0.246071,0.525673,-0.064055,0.229207,0.435111,-0.120379,0.254679,0.517995,-0.12219,0.270546,0.585997,-0.110204,0.19928,0.576135,-0.074365,0.165282,0.49427,-0.114342,0.185217,0.524554,-0.115662,0.204234,0.565308,-0.108286
163,5433,True,0.9969,0.9969,0.297816,0.761734,0.0,0.348382,0.732899,-0.049726,0.385782,0.672361,-0.081359,0.384117,0.622917,-0.112258,0.375149,0.562504,-0.143357,0.358764,0.491395,-0.054447,0.36173,0.378451,-0.092725,0.364718,0.304343,-0.116084,0.363142,0.239535,-0.132394,0.297305,0.499686,-0.056133,0.290886,0.407127,-0.116506,0.311942,0.501931,-0.138028,0.325648,0.573101,-0.139922,0.244201,0.530271,-0.062163,0.229077,0.441074,-0.117969,0.253712,0.523382,-0.118983,0.268397,0.591406,-0.106161,0.197364,0.579781,-0.072186,0.162489,0.499137,-0.111997,0.183608,0.531592,-0.11268,0.203711,0.574241,-0.104457
164,5466,True,0.9969,0.9969,0.297406,0.767123,0.0,0.347583,0.737372,-0.04869,0.383351,0.676998,-0.080414,0.384289,0.628127,-0.111864,0.373228,0.567754,-0.143676,0.358173,0.49668,-0.054707,0.361449,0.383759,-0.093823,0.36475,0.310602,-0.117742,0.362701,0.246462,-0.134276,0.296334,0.505141,-0.057178,0.290417,0.414298,-0.118123,0.311018,0.510704,-0.139109,0.32369,0.581724,-0.140661,0.242654,0.535913,-0.064013,0.227612,0.445667,-0.119721,0.2524,0.529089,-0.119548,0.266521,0.597983,-0.106018,0.195622,0.585777,-0.074856,0.160691,0.503992,-0.114495,0.182946,0.537035,-0.114315,0.204046,0.581442,-0.105454
165,5500,True,0.9969,0.9969,0.294608,0.773199,0.0,0.345755,0.743523,-0.048524,0.383117,0.684202,-0.079674,0.38273,0.635677,-0.110366,0.371944,0.576651,-0.141257,0.356728,0.504552,-0.053717,0.36019,0.391633,-0.092111,0.362961,0.318772,-0.115936,0.361121,0.254315,-0.132471,0.29496,0.512288,-0.055709,0.2885,0.421796,-0.115967,0.3086,0.515708,-0.137166,0.321878,0.587035,-0.138924,0.241403,0.542274,-0.062003,0.226579,0.45268,-0.116731,0.250357,0.534979,-0.116659,0.264996,0.604249,-0.103294,0.194633,0.591045,-0.072364,0.160682,0.510265,-0.11116,0.180796,0.54132,-0.111094,0.200613,0.584433,-0.102352
166,5533,True,0.9974,0.9974,0.292359,0.778165,0.0,0.34297,0.748142,-0.048949,0.3789,0.689344,-0.080746,0.379764,0.639789,-0.112112,0.371221,0.579108,-0.143837,0.354962,0.510145,-0.055222,0.35898,0.397646,-0.093809,0.362599,0.324163,-0.117197,0.3609,0.259876,-0.133451,0.293266,0.516532,-0.057213,0.287692,0.426335,-0.117352,0.307561,0.522497,-0.137928,0.320412,0.593293,-0.139441,0.239925,0.54588,-0.063556,0.224738,0.456081,-0.118731,0.249272,0.54017,-0.118926,0.264254,0.609616,-0.105963,0.192672,0.594708,-0.073903,0.157698,0.513971,-0.113337,0.177789,0.544784,-0.114014,0.19785,0.587194,-0.106075
167,5566,True,0.9974,0.9974,0.289366,0.778856,0.0,0.340354,0.751025,-0.050906,0.378115,0.692005,-0.083035,0.379403,0.6418,-0.11428,0.368003,0.579851,-0.146039,0.352574,0.511986,-0.057071,0.356896,0.400567,-0.097058,0.360039,0.328015,-0.121936,0.357973,0.263461,-0.13908,0.290722,0.518405,-0.058423,0.283781,0.427932,-0.120618,0.303242,0.525009,-0.143358,0.316521,0.597203,-0.146017,0.236832,0.547805,-0.064185,0.221638,0.46038,-0.12133,0.246004,0.545562,-0.123384,0.261536,0.615977,-0.111102,0.18923,0.59619,-0.073955,0.154691,0.515765,-0.113961,0.174875,0.547285,-0.115083,0.195203,0.59052,-0.107331
168,5600,True,0.9973,0.9973,0.288963,0.783889,0.0,0.338759,0.754194,-0.048774,0.37474,0.694317,-0.080674,0.374465,0.64371,-0.112173,0.363027,0.581589,-0.144234,0.349725,0.514645,-0.056135,0.353261,0.403186,-0.095035,0.356586,0.3305,-0.118904,0.355139,0.266563,-0.135483,0.288445,0.522314,-0.058495,0.282292,0.430757,-0.118526,0.303512,0.527698,-0.139972,0.31796,0.59843,-0.142258,0.235775,0.552341,-0.06503,0.219523,0.461152,-0.12006,0.245877,0.545721,-0.12127,0.262951,0.615875,-0.109225,0.189519,0.602149,-0.075474,0.152545,0.519348,-0.114491,0.174221,0.550094,-0.115458,0.196636,0.593602,-0.108033
169,5633,True,0.9971,0.9971,0.286735,0.783685,0.0,0.33612,0.755266,-0.05003,0.372447,0.69418,-0.081436,0.371787,0.643321,-0.111794,0.360343,0.581243,-0.142387,0.347511,0.51504,-0.05682,0.350532,0.404961,-0.096002,0.352354,0.333559,-0.120313,0.350213,0.269154,-0.137125,0.285364,0.521933,-0.058095,0.277602,0.432733,-0.118682,0.29794,0.529323,-0.14035,0.312546,0.601931,-0.14252,0.231814,0.552806,-0.063592,0.215156,0.463739,-0.119129,0.240542,0.548165,-0.120251,0.258077,0.619247,-0.107741,0.185071,0.602863,-0.073097,0.150373,0.520834,-0.112308,0.168901,0.549137,-0.113208,0.188261,0.590331,-0.105443
170,5666,True,0.9968,0.9968,0.285789,0.780784,0.0,0.334632,0.753953,-0.05249,0.369638,0.693065,-0.085221,0.371499,0.641198,-0.116507,0.36248,0.577085,-0.148002,0.345858,0.513516,-0.059336,0.349085,0.405273,-0.100303,0.3499,0.333908,-0.12585,0.346351,0.268965,-0.143513,0.283255,0.519964,-0.059547,0.274628,0.433072,-0.121808,0.295561,0.531921,-0.143618,0.310677,0.603893,-0.145708,0.229164,0.550158,-0.064258,0.212556,0.462895,-0.121503,0.238517,0.549164,-0.121984,0.255953,0.620036,-0.108704,0.181909,0.59926,-0.073132,0.147835,0.518811,-0.113786,0.168314,0.551783,-0.114235,0.188702,0.596187,-0.105771
171,5700,True,0.9965,0.9965,0.284646,0.780022,0.0,0.332939,0.753174,-0.05241,0.367352,0.691519,-0.08474,0.370157,0.638528,-0.115428,0.360361,0.574047,-0.146211,0.342971,0.514204,-0.058969,0.347279,0.405422,-0.100402,0.348221,0.333297,-0.126422,0.344437,0.267767,-0.14431,0.281337,0.520227,-0.058759,0.272477,0.433773,-0.121069,0.294095,0.532628,-0.14261,0.309544,0.604239,-0.144409,0.227585,0.549609,-0.06308,0.211225,0.461697,-0.120307,0.23796,0.547016,-0.120406,0.255411,0.617672,-0.106774,0.180664,0.597618,-0.07155,0.146675,0.51691,-0.112643,0.16793,0.55092,-0.11289,0.188533,0.59694,-0.103993
172,5733,True,0.9971,0.9971,0.285141,0.778446,0.0,0.332955,0.751071,-0.051011,0.367401,0.689972,-0.082719,0.369586,0.637004,-0.112949,0.358414,0.572608,-0.143224,0.342932,0.512783,-0.057519,0.34671,0.404998,-0.098183,0.347601,0.333414,-0.123331,0.343535,0.26827,-0.140616,0.28123,0.518095,-0.057778,0.272993,0.432092,-0.118724,0.295628,0.53139,-0.13901,0.310612,0.602125,-0.140135,0.227473,0.547958,-0.062468,0.210834,0.459342,-0.118972,0.238287,0.545419,-0.11792,0.255096,0.615503,-0.103593,0.180055,0.59704,-0.07118,0.145937,0.515388,-0.111988,0.167086,0.548785,-0.111573,0.186811,0.593566,-0.102186
173,5766,True,0.9973,0.9973,0.284805,0.777882,0.0,0.333014,0.750772,-0.050874,0.366894,0.689027,-0.082271,0.367811,0.635537,-0.112179,0.35751,0.57169,-0.141973,0.342948,0.511524,-0.056079,0.346079,0.404752,-0.095825,0.346349,0.3338,-0.120132,0.342396,0.269575,-0.136847,0.281215,0.516369,-0.056111,0.272924,0.431451,-0.116578,0.29447,0.530971,-0.136359,0.30958,0.602082,-0.136908,0.227521,0.546023,-0.060611,0.211513,0.457577,-0.116547,0.237749,0.543708,-0.115188,0.254539,0.614524,-0.10053,0.180047,0.5951,-0.069156,0.146073,0.514285,-0.109731,0.166249,0.54623,-0.109517,0.186099,0.5903,-0.10011
174,5800,True,0.9973,0.9973,0.284585,0.772739,0.0,0.332536,0.745626,-0.050607,0.367014,0.684658,-0.08203,0.36726,0.631851,-0.112131,0.357118,0.567814,-0.142137,0.343417,0.505535,-0.054868,0.346527,0.400248,-0.093465,0.346229,0.329533,-0.116969,0.341217,0.266978,-0.133123,0.281502,0.510551,-0.054741,0.273634,0.43086,-0.113694,0.29446,0.530236,-0.132872,0.3084,0.599973,-0.133361,0.227599,0.540333,-0.059081,0.212404,0.455829,-0.114252,0.238039,0.541142,-0.112916,0.253186,0.611041,-0.098567,0.17974,0.589798,-0.067397,0.146513,0.509854,-0.107566,0.167611,0.543204,-0.106924,0.187422,0.588548,-0.097237
175,5833,True,0.9968,0.9968,0.286185,0.771187,0.0,0.333208,0.743956,-0.049896,0.368121,0.68116,-0.080088,0.367035,0.627174,-0.108895,0.358111,0.563159,-0.137276,0.344011,0.504221,-0.05267,0.347206,0.397127,-0.089951,0.347346,0.326434,-0.112451,0.342782,0.264772,-0.127803,0.282426,0.509476,-0.052318,0.274898,0.42944,-0.110002,0.295565,0.524884,-0.128756,0.308664,0.593953,-0.129067,0.22876,0.538718,-0.056435,0.21427,0.45366,-0.110693,0.239517,0.535832,-0.109513,0.253558,0.604598,-0.095329,0.181018,0.586937,-0.064494,0.149294,0.505478,-0.104041,0.170056,0.538358,-0.103185,0.18823,0.584361,-0.093285
176,5866,True,0.9966,0.9966,0.286984,0.768929,0.0,0.333558,0.740728,-0.048547,0.367777,0.67813,-0.078572,0.367569,0.624483,-0.107396,0.360616,0.560681,-0.135898,0.345338,0.50247,-0.052254,0.348267,0.39581,-0.089212,0.348352,0.325431,-0.111886,0.343379,0.263559,-0.127688,0.284081,0.506885,-0.052571,0.27676,0.42667,-0.109255,0.297721,0.521524,-0.128014,0.310552,0.589524,-0.12899,0.23081,0.535822,-0.057177,0.21584,0.450354,-0.110348,0.2414,0.530961,-0.109176,0.25537,0.598757,-0.095779,0.183621,0.584018,-0.065631,0.151138,0.503752,-0.104586,0.172429,0.536347,-0.103692,0.191022,0.5818,-0.094281
177,5900,True,0.9971,0.9971,0.287124,0.764962,0.0,0.332319,0.736716,-0.047313,0.367585,0.672598,-0.077413,0.366726,0.617711,-0.106493,0.363146,0.553416,-0.13515,0.345531,0.500245,-0.052165,0.348467,0.393232,-0.089032,0.349643,0.322839,-0.110892,0.344842,0.262062,-0.125979,0.285338,0.505814,-0.053333,0.279568,0.421435,-0.109075,0.30239,0.514241,-0.127063,0.314136,0.578205,-0.127804,0.233007,0.534863,-0.058618,0.218617,0.448474,-0.111629,0.245579,0.528098,-0.109471,0.257995,0.592624,-0.09561,0.185472,0.582086,-0.06763,0.153697,0.50148,-0.106114,0.175732,0.532957,-0.104365,0.192607,0.574456,-0.094635
178,5933,True,0.9965,0.9965,0.288809,0.760501,0.0,0.3332,0.731356,-0.046,0.368099,0.666245,-0.074841,0.367521,0.611683,-0.102672,0.366695,0.547846,-0.129964,0.34746,0.495709,-0.049799,0.350157,0.389521,-0.086016,0.350934,0.320054,-0.108198,0.34588,0.259609,-0.123643,0.287577,0.501104,-0.051052,0.281609,0.418012,-0.105928,0.303468,0.507801,-0.12451,0.314398,0.570986,-0.125953,0.234781,0.529708,-0.056262,0.220877,0.445166,-0.108519,0.247238,0.523117,-0.106234,0.258693,0.586072,-0.092408,0.186554,0.576292,-0.065079,0.157376,0.497074,-0.102979,0.181506,0.531682,-0.100264,0.198982,0.574318,-0.089732
179,5966,True,0.9963,0.9963,0.291424,0.758187,0.0,0.335295,0.728349,-0.045705,0.368936,0.662119,-0.074885,0.367553,0.606422,-0.103195,0.368302,0.542145,-0.130818,0.349806,0.493336,-0.049167,0.35067,0.387555,-0.085407,0.350976,0.318377,-0.107132,0.345753,0.258853,-0.122067,0.290619,0.498749,-0.05035,0.286023,0.416474,-0.104835,0.306485,0.506887,-0.122091,0.315935,0.567846,-0.122408,0.238346,0.526284,-0.055582,0.225083,0.442187,-0.107673,0.250969,0.52151,-0.103639,0.261519,0.583463,-0.088369,0.190017,0.571623,-0.064419,0.164002,0.492628,-0.101817,0.188567,0.52902,-0.097557,0.205241,0.571963,-0.085743
180,6000,True,0.9968,0.9968,0.295182,0.755885,0.0,0.339152,0.722761,-0.044823,0.372269,0.655862,-0.074702,0.369009,0.597708,-0.103878,0.368856,0.53254,-0.132351,0.351045,0.489226,-0.047497,0.34857,0.388637,-0.082438,0.347444,0.31966,-0.102128,0.340946,0.263397,-0.115375,0.292502,0.495713,-0.048657,0.288835,0.411735,-0.100448,0.310431,0.505824,-0.113992,0.319953,0.565177,-0.111576,0.241804,0.522825,-0.054026,0.229324,0.438707,-0.103849,0.256144,0.517459,-0.097215,0.265854,0.576788,-0.080525,0.194087,0.567981,-0.062959,0.170191,0.489474,-0.097524,0.196318,0.525922,-0.091303,0.21266,0.567404,-0.078724
181,6033,True,0.9955,0.9955,0.29549,0.755126,0.0,0.339497,0.721375,-0.043362,0.373993,0.654757,-0.073529,0.368389,0.591541,-0.102709,0.366005,0.525206,-0.131105,0.35173,0.488473,-0.045575,0.34747,0.391788,-0.079149,0.342651,0.322196,-0.097819,0.331839,0.267521,-0.11051,0.293903,0.494409,-0.046604,0.289373,0.411685,-0.094686,0.309091,0.504899,-0.104812,0.316983,0.559632,-0.100697,0.244844,0.519347,-0.051809,0.2313,0.437064,-0.09714,0.25933,0.512627,-0.086296,0.269128,0.567035,-0.068227,0.197629,0.563114,-0.060675,0.178987,0.490152,-0.09094,0.208386,0.529867,-0.080815,0.224801,0.570052,-0.066408
182,6066,True,0.996,0.996,0.297649,0.751125,0.0,0.342819,0.718817,-0.045238,0.378611,0.652728,-0.076116,0.370106,0.588731,-0.105361,0.365536,0.522338,-0.133436,0.355359,0.48168,-0.043192,0.347423,0.390292,-0.077306,0.339902,0.322381,-0.09709,0.326846,0.269066,-0.110733,0.296609,0.488337,-0.043222,0.291678,0.406502,-0.0921,0.310263,0.504117,-0.10227,0.317573,0.55856,-0.097613,0.247454,0.513557,-0.047897,0.233547,0.433576,-0.093887,0.260692,0.51302,-0.081675,0.269652,0.566249,-0.062306,0.199841,0.558492,-0.056495,0.184331,0.492099,-0.087289,0.21353,0.536603,-0.076284,0.228332,0.574478,-0.060992
183,6100,True,0.9952,0.9952,0.29848,0.749091,0.0,0.34297,0.716984,-0.045405,0.378019,0.650873,-0.077008,0.368628,0.585401,-0.107082,0.366288,0.518814,-0.135593,0.357021,0.481662,-0.041725,0.348934,0.388854,-0.075374,0.340401,0.320035,-0.094199,0.326787,0.266887,-0.107123,0.298753,0.48812,-0.041541,0.293927,0.404755,-0.089574,0.312273,0.500885,-0.098454,0.320325,0.552234,-0.092799,0.250119,0.51208,-0.046209,0.235485,0.430925,-0.091352,0.261852,0.508447,-0.077935,0.271201,0.559016,-0.057898,0.202854,0.554838,-0.054993,0.186073,0.489917,-0.085216,0.214289,0.533183,-0.07389,0.229271,0.569137,-0.05839
184,6133,True,0.9957,0.9957,0.301828,0.746685,0.0,0.346097,0.714061,-0.044944,0.381076,0.646269,-0.075592,0.370896,0.581569,-0.104608,0.367211,0.515983,-0.13209,0.361858,0.47855,-0.041738,0.352611,0.385338,-0.075169,0.342362,0.317845,-0.094509,0.32735,0.265485,-0.107885,0.303079,0.485672,-0.041668,0.298548,0.401291,-0.090419,0.316867,0.495698,-0.100984,0.324886,0.549029,-0.096516,0.253803,0.510182,-0.046223,0.239059,0.426728,-0.09206,0.265542,0.503807,-0.080208,0.275169,0.557028,-0.061062,0.206066,0.553328,-0.054746,0.190307,0.486141,-0.086101,0.218474,0.529643,-0.075695,0.23315,0.568022,-0.060629
185,6166,True,0.9964,0.9964,0.301408,0.745986,0.0,0.347473,0.713534,-0.044796,0.382238,0.644978,-0.074059,0.372396,0.579386,-0.10162,0.36964,0.513729,-0.127588,0.365221,0.477725,-0.039592,0.356689,0.383353,-0.071938,0.34685,0.316536,-0.091101,0.332105,0.263602,-0.104659,0.307652,0.483773,-0.039608,0.302417,0.396491,-0.088023,0.319018,0.488286,-0.099831,0.326415,0.543341,-0.096279,0.258806,0.507978,-0.044269,0.24406,0.422811,-0.090528,0.268731,0.50014,-0.080608,0.277858,0.555011,-0.062479,0.210812,0.55067,-0.052841,0.195259,0.48223,-0.085512,0.221987,0.525686,-0.076917,0.236451,0.565251,-0.062881
186,6200,True,0.9963,0.9963,0.303424,0.74602,0.0,0.349763,0.713044,-0.043563,0.384337,0.645357,-0.072565,0.375169,0.578172,-0.100198,0.373813,0.51236,-0.126389,0.366484,0.479545,-0.03824,0.35853,0.383785,-0.069931,0.350422,0.315944,-0.088379,0.337023,0.261553,-0.101531,0.30977,0.484276,-0.038642,0.3068,0.394417,-0.085473,0.323438,0.487407,-0.096164,0.3299,0.541526,-0.092223,0.26176,0.50748,-0.043609,0.248145,0.419584,-0.088832,0.272921,0.497693,-0.078455,0.281198,0.552375,-0.060374,0.214485,0.549744,-0.052377,0.198976,0.478468,-0.084333,0.226087,0.522757,-0.075465,0.240276,0.563081,-0.061571
187,6233,True,0.9961,0.9961,0.30517,0.743531,0.0,0.350464,0.712378,-0.044091,0.386059,0.646524,-0.073752,0.377421,0.583239,-0.102007,0.375017,0.519729,-0.128641,0.371547,0.474923,-0.03857,0.36386,0.380986,-0.070429,0.354777,0.314476,-0.089506,0.34093,0.26113,-0.103125,0.313667,0.480265,-0.039072,0.310147,0.393007,-0.087305,0.326299,0.486562,-0.09894,0.333441,0.543079,-0.095259,0.264678,0.503658,-0.044167,0.251821,0.416608,-0.090167,0.276018,0.496175,-0.079596,0.284588,0.553551,-0.061027,0.216659,0.546198,-0.053193,0.202767,0.476559,-0.085944,0.229438,0.522211,-0.077005,0.243449,0.563868,-0.062628
188,6266,True,0.996,0.996,0.306466,0.743358,0.0,0.352091,0.712528,-0.043485,0.387731,0.645568,-0.072454,0.379011,0.581456,-0.10007,0.376649,0.517474,-0.126258,0.373819,0.477026,-0.039682,0.367707,0.380425,-0.072037,0.360071,0.312988,-0.091096,0.346934,0.258495,-0.104621,0.3161,0.48127,-0.04061,0.314444,0.391485,-0.088853,0.330632,0.48367,-0.100663,0.336901,0.539549,-0.097368,0.267032,0.504033,-0.045996,0.255634,0.415408,-0.092636,0.279519,0.49387,-0.083077,0.28715,0.550337,-0.065225,0.218879,0.545496,-0.055135,0.203966,0.47295,-0.088544,0.230659,0.517559,-0.080282,0.244626,0.559179,-0.066464
189,6300,True,0.996,0.996,0.306764,0.74246,0.0,0.35227,0.712004,-0.041378,0.389157,0.646163,-0.069338,0.382191,0.584829,-0.096311,0.37814,0.523017,-0.121973,0.375866,0.476992,-0.038596,0.37036,0.378076,-0.070091,0.363006,0.310851,-0.088715,0.349732,0.2558,-0.101889,0.318093,0.480826,-0.040174,0.318126,0.391506,-0.088152,0.335744,0.484116,-0.100244,0.342148,0.541366,-0.097093,0.268476,0.50291,-0.045833,0.258165,0.414222,-0.091981,0.283277,0.493536,-0.082521,0.291112,0.551768,-0.064623,0.219779,0.543773,-0.054996,0.206813,0.470021,-0.087767,0.234223,0.515931,-0.078935,0.247801,0.559381,-0.064607
190,6333,True,0.9961,0.9961,0.308176,0.741928,0.0,0.353835,0.710851,-0.041933,0.391282,0.645035,-0.070299,0.383546,0.582586,-0.097733,0.379099,0.519946,-0.123817,0.377533,0.473933,-0.037711,0.372826,0.377123,-0.069183,0.365814,0.309272,-0.087637,0.352689,0.254704,-0.100637,0.319544,0.477358,-0.039225,0.320567,0.38941,-0.087118,0.33744,0.484374,-0.098554,0.343535,0.541589,-0.094722,0.269897,0.499002,-0.04506,0.260415,0.411675,-0.091223,0.284915,0.491611,-0.081498,0.292119,0.549403,-0.063385,0.220784,0.539675,-0.05451,0.206629,0.465729,-0.087125,0.233905,0.511285,-0.078221,0.24786,0.554527,-0.063853
191,6366,True,0.996,0.996,0.309967,0.740275,0.0,0.355383,0.709708,-0.042048,0.39296,0.643923,-0.070692,0.385368,0.582608,-0.098452,0.379815,0.519771,-0.124981,0.378989,0.472108,-0.039134,0.374348,0.375259,-0.071294,0.367728,0.307792,-0.090179,0.354778,0.253177,-0.103353,0.320663,0.47529,-0.040866,0.32188,0.387307,-0.089463,0.338545,0.482985,-0.10125,0.344081,0.540879,-0.097603,0.270547,0.496874,-0.04684,0.261561,0.410338,-0.09394,0.286298,0.491557,-0.084491,0.29339,0.550498,-0.066308,0.220815,0.537543,-0.056353,0.206905,0.463184,-0.089608,0.234731,0.508831,-0.080744,0.249054,0.55294,-0.066246
192,6400,True,0.996,0.996,0.311263,0.741417,0.0,0.356742,0.709471,-0.042438,0.392534,0.640409,-0.070762,0.383635,0.576799,-0.09818,0.381373,0.512125,-0.124432,0.378875,0.472305,-0.039551,0.375863,0.373393,-0.071716,0.370855,0.305502,-0.090481,0.359298,0.249753,-0.103585,0.321213,0.475108,-0.040907,0.322739,0.387215,-0.089445,0.339897,0.481908,-0.101336,0.345973,0.540456,-0.097949,0.271092,0.496902,-0.046579,0.262099,0.408485,-0.094191,0.287244,0.489835,-0.085652,0.295011,0.550305,-0.067989,0.221356,0.537578,-0.055729,0.205978,0.460558,-0.089613,0.233462,0.504578,-0.081757,0.24827,0.549633,-0.067923
193,6433,True,0.996,0.996,0.311391,0.741774,0.0,0.357578,0.711122,-0.043788,0.393953,0.641818,-0.072587,0.385399,0.578218,-0.100062,0.382749,0.512464,-0.126558,0.378335,0.472549,-0.042117,0.375662,0.374139,-0.074751,0.371122,0.306949,-0.094855,0.360177,0.249448,-0.109439,0.320385,0.475027,-0.043322,0.323592,0.384628,-0.092535,0.342493,0.478882,-0.106721,0.348694,0.538347,-0.105467,0.270139,0.49761,-0.048596,0.262161,0.406999,-0.096747,0.28902,0.488877,-0.089747,0.297195,0.550489,-0.073559,0.220972,0.539962,-0.057351,0.208278,0.462319,-0.09202,0.238044,0.50808,-0.084832,0.253536,0.555057,-0.071835
194,6466,True,0.9962,0.9962,0.312339,0.740034,0.0,0.359004,0.710333,-0.04501,0.396642,0.640438,-0.074498,0.386943,0.576027,-0.102507,0.385272,0.509332,-0.129434,0.381029,0.470684,-0.043726,0.378992,0.371923,-0.077369,0.37476,0.304444,-0.097453,0.364042,0.247822,-0.111634,0.322689,0.473372,-0.044608,0.325104,0.384433,-0.095256,0.343517,0.47943,-0.109432,0.349758,0.539579,-0.107691,0.27178,0.495883,-0.049743,0.263494,0.407163,-0.099573,0.290125,0.489347,-0.092871,0.298612,0.551369,-0.076298,0.221574,0.537569,-0.058381,0.207061,0.460942,-0.094176,0.236332,0.505401,-0.087599,0.251961,0.551553,-0.07464
195,6500,True,0.9964,0.9964,0.312875,0.739616,0.0,0.360307,0.710935,-0.044211,0.399209,0.642227,-0.072562,0.389816,0.578815,-0.099579,0.38667,0.51217,-0.125633,0.383066,0.471218,-0.042754,0.381924,0.370221,-0.075959,0.37857,0.303014,-0.095745,0.369495,0.246106,-0.10969,0.324892,0.473613,-0.043756,0.32812,0.385182,-0.093942,0.345508,0.478135,-0.108904,0.352217,0.537686,-0.108027,0.273821,0.495944,-0.048919,0.266188,0.407873,-0.098505,0.291485,0.489141,-0.093167,0.300509,0.550936,-0.077638,0.223624,0.537453,-0.057471,0.207515,0.45923,-0.09317,0.235521,0.502937,-0.087436,0.251652,0.549315,-0.075139
196,6533,True,0.9967,0.9967,0.316872,0.741789,0.0,0.363934,0.712323,-0.043668,0.4033,0.641987,-0.071209,0.394376,0.577637,-0.097633,0.391361,0.510558,-0.123158,0.385338,0.474379,-0.043818,0.384293,0.369729,-0.07712,0.382465,0.301819,-0.096528,0.374673,0.244528,-0.109911,0.327259,0.476669,-0.044855,0.330701,0.38885,-0.095345,0.348668,0.481197,-0.109958,0.354951,0.542328,-0.108823,0.276213,0.498889,-0.050001,0.268473,0.409694,-0.099237,0.293986,0.489651,-0.093809,0.30279,0.552402,-0.078304,0.226115,0.53967,-0.058551,0.208607,0.457442,-0.093704,0.23558,0.498409,-0.088055,0.250934,0.545255,-0.075877
197,6566,True,0.9967,0.9967,0.318126,0.743328,0.0,0.366436,0.714039,-0.045123,0.406413,0.644,-0.073822,0.398207,0.579338,-0.101233,0.396428,0.511255,-0.127722,0.39114,0.474557,-0.046074,0.391495,0.37156,-0.08074,0.389768,0.304009,-0.101178,0.38192,0.246439,-0.115213,0.331822,0.476378,-0.046942,0.333888,0.389472,-0.098696,0.351642,0.482616,-0.113738,0.358066,0.54484,-0.112718,0.279564,0.498962,-0.052035,0.270808,0.410623,-0.102621,0.296596,0.491536,-0.097315,0.305939,0.55534,-0.081602,0.228688,0.540225,-0.060623,0.210182,0.458313,-0.097056,0.237561,0.500037,-0.091588,0.253715,0.547896,-0.079229
198,6600,True,0.9965,0.9965,0.318456,0.744016,0.0,0.367198,0.714534,-0.046432,0.407462,0.645365,-0.076215,0.402494,0.58042,-0.104925,0.400418,0.511199,-0.132805,0.394075,0.477395,-0.04801,0.397018,0.374056,-0.08399,0.397762,0.304645,-0.104172,0.391625,0.246576,-0.117671,0.334312,0.478038,-0.048822,0.336661,0.392458,-0.102534,0.354009,0.489065,-0.116808,0.359963,0.551761,-0.114568,0.281642,0.499852,-0.054163,0.273622,0.412372,-0.106368,0.29893,0.49483,-0.100678,0.307642,0.558952,-0.084144,0.230276,0.539928,-0.063177,0.209823,0.457586,-0.100507,0.235542,0.496997,-0.095751,0.250883,0.542973,-0.083685
199,6633,True,0.9966,0.9966,0.321597,0.745045,0.0,0.370455,0.716491,-0.048272,0.410365,0.648682,-0.078602,0.407011,0.585924,-0.107278,0.403415,0.517111,-0.135415,0.399014,0.480541,-0.053577,0.40507,0.374723,-0.092049,0.407687,0.304388,-0.114974,0.40352,0.243064,-0.130553,0.337464,0.480558,-0.054413,0.339453,0.392876,-0.111324,0.356326,0.490705,-0.128276,0.362512,0.556567,-0.12772,0.282912,0.503137,-0.059566,0.275054,0.415177,-0.113936,0.299795,0.498582,-0.109531,0.308763,0.564148,-0.093602,0.231251,0.544277,-0.068456,0.210322,0.459635,-0.107483,0.235048,0.500429,-0.103047,0.249845,0.548131,-0.091006
200,6666,True,0.9961,0.9961,0.322891,0.743878,0.0,0.370344,0.715825,-0.048368,0.40998,0.652715,-0.080522,0.407988,0.594424,-0.111615,0.405244,0.528177,-0.142122,0.401679,0.480888,-0.055726,0.408774,0.374185,-0.095918,0.412168,0.301213,-0.119092,0.408679,0.239486,-0.134446,0.338983,0.482118,-0.057399,0.339759,0.398843,-0.115957,0.354784,0.495924,-0.132408,0.361069,0.557335,-0.131136,0.283566,0.505784,-0.063529,0.275392,0.422928,-0.118031,0.297456,0.505649,-0.112311,0.305906,0.566945,-0.095551,0.231713,0.547465,-0.073736,0.206183,0.465798,-0.111406,0.226562,0.497352,-0.106756,0.241665,0.533931,-0.094833
201,6700,True,0.9948,0.9948,0.323258,0.746137,0.0,0.369958,0.718935,-0.051372,0.409614,0.660601,-0.086898,0.412869,0.60659,-0.1212,0.408294,0.542533,-0.154883,0.400453,0.486383,-0.064288,0.409383,0.375503,-0.10945,0.414255,0.300876,-0.135895,0.412183,0.236801,-0.153101,0.337342,0.48924,-0.066209,0.338991,0.417508,-0.132982,0.352973,0.515964,-0.151853,0.358238,0.578145,-0.150598,0.281609,0.514991,-0.072675,0.273664,0.441606,-0.132814,0.293809,0.528821,-0.125948,0.301474,0.589154,-0.106948,0.231039,0.558734,-0.083601,0.205151,0.484852,-0.124689,0.221623,0.51376,-0.119819,0.234489,0.543005,-0.106627
202,6733,True,0.9909,0.9909,0.318701,0.751625,0.0,0.365057,0.72911,-0.051838,0.406274,0.68271,-0.090231,0.416925,0.641153,-0.127613,0.417392,0.587416,-0.164712,0.393969,0.504735,-0.068751,0.405481,0.388829,-0.11586,0.413769,0.309612,-0.144241,0.414171,0.243211,-0.162661,0.330246,0.506281,-0.070379,0.329307,0.446635,-0.141517,0.340545,0.548043,-0.161412,0.34471,0.612992,-0.159851,0.274468,0.528555,-0.076354,0.264475,0.467758,-0.137261,0.281158,0.5517,-0.130479,0.287067,0.608342,-0.111221,0.22445,0.568124,-0.086842,0.197718,0.505864,-0.127261,0.21427,0.541182,-0.121432,0.227401,0.571785,-0.10703
203,6766,True,0.9907,0.9907,0.313845,0.757656,0.0,0.360748,0.740822,-0.051969,0.403387,0.702329,-0.091531,0.42055,0.669259,-0.129972,0.422853,0.618432,-0.168667,0.389417,0.523648,-0.077032,0.401042,0.404091,-0.12708,0.409033,0.325139,-0.157504,0.409999,0.257212,-0.176652,0.325328,0.523551,-0.077949,0.328313,0.490017,-0.154833,0.337307,0.608178,-0.175491,0.340691,0.686149,-0.173557,0.266327,0.545037,-0.082813,0.26213,0.503275,-0.148813,0.278233,0.600936,-0.140398,0.285222,0.669145,-0.118473,0.214979,0.583309,-0.091799,0.188997,0.525848,-0.134968,0.204655,0.560935,-0.127393,0.218394,0.591796,-0.110379
204,6800,True,0.9909,0.9909,0.304741,0.749309,0.0,0.354034,0.739915,-0.055563,0.395689,0.712032,-0.099344,0.414696,0.687299,-0.141248,0.421615,0.641485,-0.183901,0.383774,0.541253,-0.091852,0.396681,0.423312,-0.146793,0.404422,0.3442,-0.180554,0.404671,0.277476,-0.201962,0.319971,0.538862,-0.092079,0.320617,0.520796,-0.174982,0.331205,0.64046,-0.197954,0.338224,0.721763,-0.197467,0.26085,0.558691,-0.095897,0.25631,0.537822,-0.166512,0.273985,0.637226,-0.159708,0.284653,0.707616,-0.138562,0.209356,0.592813,-0.104,0.183111,0.549504,-0.151298,0.197492,0.584429,-0.146292,0.212698,0.61457,-0.130796
205,6833,True,0.9949,0.9949,0.29879,0.753282,0.0,0.347796,0.752951,-0.063959,0.387237,0.728776,-0.114021,0.409253,0.708339,-0.160321,0.419801,0.659492,-0.208168,0.381339,0.560055,-0.108539,0.395203,0.440932,-0.170162,0.402054,0.359695,-0.209435,0.400583,0.292249,-0.234984,0.319006,0.556596,-0.106191,0.316746,0.541049,-0.195489,0.327854,0.658087,-0.221227,0.335929,0.735736,-0.223126,0.259422,0.572459,-0.107862,0.250548,0.55337,-0.184377,0.269182,0.65413,-0.178718,0.280958,0.724323,-0.158503,0.206753,0.601355,-0.114262,0.178756,0.559025,-0.169127,0.198128,0.612058,-0.16535,0.218308,0.659195,-0.149978
206,6866,True,0.9966,0.9966,0.303466,0.748341,0.0,0.353731,0.751706,-0.083237,0.390519,0.725621,-0.149375,0.410559,0.706939,-0.208779,0.422431,0.656981,-0.271004,0.381486,0.56527,-0.151819,0.396148,0.444827,-0.234009,0.400871,0.360253,-0.28836,0.399267,0.289735,-0.324958,0.318568,0.559992,-0.146754,0.316883,0.539374,-0.256392,0.328508,0.65655,-0.292497,0.338683,0.731277,-0.302234,0.259188,0.574149,-0.146765,0.249916,0.551918,-0.240974,0.269752,0.654023,-0.244108,0.282483,0.725739,-0.229723,0.20537,0.597777,-0.152605,0.177849,0.558511,-0.222522,0.198255,0.613434,-0.229013,0.219919,0.660728,-0.221889
207,6899,True,0.9965,0.9965,0.302571,0.741185,0.0,0.355372,0.745711,-0.088354,0.392308,0.71911,-0.158753,0.411611,0.702782,-0.221937,0.42171,0.653586,-0.288165,0.382373,0.563485,-0.161284,0.395605,0.443317,-0.248147,0.400389,0.358004,-0.305623,0.399618,0.288465,-0.34442,0.319759,0.557943,-0.155482,0.317708,0.537698,-0.270901,0.328332,0.657523,-0.310427,0.337605,0.731143,-0.322403,0.260392,0.570984,-0.155188,0.249236,0.546106,-0.2552,0.268692,0.649054,-0.26307,0.281097,0.722622,-0.251499,0.206746,0.592984,-0.16088,0.176962,0.555215,-0.236295,0.19658,0.608597,-0.248154,0.217927,0.654194,-0.244979
208,6933,True,0.9961,0.9961,0.305867,0.73975,0.0,0.356791,0.744779,-0.084247,0.39446,0.718362,-0.149634,0.413839,0.699388,-0.208057,0.420738,0.648725,-0.26893,0.384312,0.559394,-0.150601,0.39791,0.439925,-0.231943,0.402149,0.356986,-0.285867,0.400852,0.287996,-0.32219,0.321372,0.552273,-0.144812,0.319747,0.533356,-0.254654,0.329256,0.652813,-0.292338,0.338235,0.728279,-0.303207,0.261213,0.565674,-0.144156,0.251514,0.540522,-0.238511,0.268724,0.642045,-0.244378,0.27974,0.71531,-0.231869,0.207437,0.589366,-0.149327,0.177833,0.548433,-0.219104,0.195541,0.599288,-0.227844,0.215226,0.644405,-0.222553
209,6966,True,0.9949,0.9949,0.307653,0.741973,0.0,0.35682,0.744637,-0.07085,0.395261,0.717596,-0.125724,0.413511,0.693974,-0.175765,0.422419,0.643676,-0.227503,0.386054,0.555093,-0.123038,0.39847,0.434385,-0.189845,0.403145,0.353259,-0.232758,0.401726,0.284297,-0.261625,0.322835,0.548259,-0.119717,0.322805,0.529162,-0.213441,0.331586,0.64488,-0.243089,0.338943,0.718282,-0.249426,0.262297,0.562807,-0.120688,0.254859,0.531518,-0.200832,0.270274,0.629758,-0.19915,0.279323,0.700402,-0.183176,0.208879,0.590712,-0.126896,0.180227,0.545547,-0.185297,0.197165,0.590573,-0.186863,0.215306,0.630896,-0.17693
210,7000,True,0.9941,0.9941,0.309881,0.740634,0.0,0.357519,0.739837,-0.061314,0.39705,0.711719,-0.109542,0.414401,0.687211,-0.154424,0.426231,0.641901,-0.200687,0.388452,0.549342,-0.105627,0.399618,0.430297,-0.165985,0.405462,0.350425,-0.204123,0.405407,0.282399,-0.229366,0.325833,0.54354,-0.104484,0.323911,0.524731,-0.191181,0.331681,0.638582,-0.216816,0.338466,0.710455,-0.220033,0.266322,0.558687,-0.107163,0.257053,0.527059,-0.181086,0.271148,0.622323,-0.175516,0.279583,0.688914,-0.156882,0.213603,0.588259,-0.1144,0.185322,0.542955,-0.166458,0.201115,0.585845,-0.163213,0.218117,0.621411,-0.149717
211,7033,True,0.9944,0.9944,0.313338,0.737221,0.0,0.360323,0.737355,-0.062648,0.400212,0.708404,-0.111627,0.416388,0.682017,-0.157313,0.427466,0.635401,-0.204415,0.393485,0.544645,-0.105374,0.403763,0.425331,-0.166159,0.409674,0.344803,-0.204315,0.409865,0.276686,-0.229572,0.33035,0.539315,-0.103903,0.328293,0.51892,-0.191054,0.334467,0.633256,-0.216544,0.3403,0.703337,-0.219543,0.271036,0.554701,-0.106624,0.262412,0.521789,-0.181937,0.275238,0.617435,-0.176801,0.28227,0.683348,-0.15814,0.218561,0.584785,-0.113934,0.190442,0.538398,-0.16744,0.205343,0.581237,-0.1649,0.221285,0.615973,-0.151726
212,7066,True,0.9946,0.9946,0.31692,0.734985,0.0,0.364097,0.734484,-0.062792,0.404112,0.704492,-0.11167,0.420102,0.678074,-0.157238,0.431678,0.631196,-0.204266,0.396329,0.54171,-0.105958,0.407348,0.422404,-0.167468,0.413733,0.342275,-0.206477,0.414448,0.27394,-0.232533,0.333785,0.53575,-0.104756,0.332171,0.514605,-0.193423,0.339188,0.629466,-0.220374,0.345732,0.700704,-0.224226,0.275078,0.550637,-0.107715,0.265711,0.516811,-0.18417,0.279051,0.613218,-0.180211,0.287078,0.679759,-0.162157,0.223364,0.580421,-0.115245,0.195833,0.535979,-0.170112,0.211404,0.580897,-0.16892,0.228211,0.616708,-0.156602
213,7100,True,0.9941,0.9941,0.322113,0.732897,0.0,0.369016,0.731283,-0.064297,0.40774,0.70082,-0.114307,0.4241,0.673626,-0.160939,0.436719,0.627882,-0.208793,0.401119,0.537614,-0.106592,0.412967,0.419775,-0.168101,0.420695,0.34093,-0.206697,0.422973,0.273477,-0.232667,0.338578,0.531863,-0.105339,0.336434,0.50784,-0.195033,0.344217,0.62388,-0.222546,0.351802,0.696122,-0.226465,0.280452,0.548431,-0.108518,0.270107,0.51296,-0.186094,0.284166,0.607612,-0.184283,0.293485,0.673513,-0.167428,0.229897,0.58019,-0.116322,0.203,0.536427,-0.17168,0.216044,0.572187,-0.173186,0.230598,0.599183,-0.16326
214,7133,True,0.9943,0.9943,0.323813,0.734696,0.0,0.370905,0.731133,-0.062887,0.410532,0.700096,-0.111891,0.426998,0.671332,-0.157883,0.43852,0.622094,-0.204984,0.405398,0.533754,-0.101189,0.41693,0.418136,-0.161007,0.424641,0.339292,-0.198415,0.4267,0.272786,-0.223361,0.34252,0.529171,-0.100396,0.341353,0.502157,-0.187533,0.349011,0.615023,-0.213985,0.355581,0.685123,-0.21719,0.284077,0.546392,-0.104179,0.275286,0.510633,-0.18027,0.290343,0.604674,-0.177427,0.299346,0.668872,-0.15983,0.232813,0.57878,-0.112543,0.205557,0.531375,-0.166572,0.219959,0.568844,-0.16643,0.235564,0.59848,-0.155154
215,7166,True,0.9951,0.9951,0.325994,0.734902,0.0,0.373388,0.732407,-0.065262,0.411821,0.700983,-0.116823,0.430596,0.672458,-0.165272,0.442695,0.621464,-0.214978,0.408592,0.534447,-0.106599,0.421548,0.415968,-0.168657,0.429076,0.336747,-0.207083,0.430653,0.270426,-0.232804,0.346834,0.529095,-0.105986,0.347397,0.501488,-0.19642,0.354298,0.617326,-0.22393,0.360553,0.686878,-0.227542,0.288701,0.54479,-0.110058,0.279531,0.506782,-0.189126,0.294249,0.60311,-0.18698,0.303112,0.667881,-0.169546,0.237438,0.575317,-0.118814,0.209777,0.53066,-0.175583,0.225566,0.573412,-0.176389,0.242553,0.607215,-0.165506
216,7200,True,0.9939,0.9939,0.331424,0.738804,0.0,0.378276,0.732071,-0.063874,0.415104,0.700989,-0.115166,0.431932,0.671693,-0.16386,0.445947,0.62115,-0.213598,0.412783,0.53189,-0.101461,0.426358,0.414426,-0.160973,0.434288,0.334681,-0.197255,0.436162,0.268125,-0.221585,0.350761,0.527376,-0.101059,0.349552,0.497901,-0.188897,0.356571,0.614632,-0.214383,0.363297,0.683953,-0.216345,0.293312,0.544406,-0.105389,0.283393,0.505669,-0.181805,0.298934,0.602281,-0.177247,0.308795,0.666195,-0.158319,0.242343,0.576329,-0.114524,0.213401,0.531299,-0.168238,0.22772,0.567028,-0.167639,0.244445,0.593219,-0.156162
217,7233,True,0.9939,0.9939,0.331952,0.73971,0.0,0.379499,0.733771,-0.065435,0.41709,0.701971,-0.11743,0.435331,0.67184,-0.166751,0.449666,0.620963,-0.217375,0.414995,0.53298,-0.101937,0.428939,0.415085,-0.161887,0.437068,0.334308,-0.198301,0.439021,0.268527,-0.222254,0.353554,0.528533,-0.100419,0.352863,0.495517,-0.187425,0.35834,0.61149,-0.21185,0.36368,0.680482,-0.212767,0.296233,0.544025,-0.103772,0.286516,0.504336,-0.179659,0.30063,0.602336,-0.17369,0.309071,0.667379,-0.153412,0.244655,0.574321,-0.11209,0.21597,0.528694,-0.165321,0.232516,0.571933,-0.162662,0.250626,0.606292,-0.149148
218,7266,True,0.9953,0.9953,0.335645,0.735112,0.0,0.384936,0.729068,-0.073883,0.42164,0.698373,-0.133853,0.44036,0.672175,-0.190403,0.449363,0.623049,-0.248647,0.419877,0.532685,-0.118612,0.432661,0.417645,-0.185965,0.440383,0.334688,-0.2273,0.442019,0.270024,-0.254814,0.356424,0.528477,-0.116784,0.357775,0.498668,-0.212508,0.363213,0.620747,-0.240853,0.368967,0.690241,-0.244105,0.298032,0.544118,-0.120507,0.290367,0.506215,-0.20401,0.305304,0.605297,-0.203151,0.313932,0.671603,-0.186078,0.246487,0.573466,-0.129738,0.219145,0.530837,-0.188772,0.2348,0.571587,-0.191688,0.251973,0.602848,-0.18282
219,7300,True,0.9964,0.9964,0.338637,0.724329,0.0,0.388841,0.723159,-0.083378,0.42538,0.693955,-0.150926,0.444809,0.672076,-0.213742,0.452174,0.62141,-0.279032,0.422186,0.533061,-0.141211,0.435585,0.418689,-0.218963,0.444373,0.336198,-0.267765,0.447516,0.271538,-0.300809,0.358961,0.528915,-0.139323,0.359632,0.502734,-0.247835,0.368071,0.624822,-0.283635,0.376159,0.692579,-0.292289,0.300235,0.54417,-0.143499,0.291632,0.510636,-0.239426,0.310207,0.612313,-0.246556,0.321155,0.679872,-0.234554,0.248858,0.571298,-0.153498,0.218665,0.531626,-0.223742,0.236029,0.579646,-0.234312,0.255447,0.618222,-0.231125
220,7333,True,0.9972,0.9972,0.341298,0.728449,0.0,0.389911,0.725076,-0.071064,0.428409,0.696499,-0.128771,0.44563,0.673089,-0.182822,0.460532,0.625957,-0.238889,0.422583,0.535376,-0.117364,0.436428,0.422545,-0.184756,0.446335,0.341366,-0.226223,0.448981,0.276452,-0.253632,0.360141,0.531331,-0.116207,0.361117,0.504112,-0.211229,0.371322,0.623791,-0.238152,0.37787,0.694627,-0.240454,0.302292,0.548053,-0.120369,0.295036,0.512584,-0.20532,0.313847,0.61574,-0.202512,0.322405,0.682734,-0.183556,0.251031,0.57847,-0.129604,0.219025,0.535488,-0.191239,0.238021,0.584781,-0.192407,0.257653,0.624424,-0.181341
221,7366,True,0.9971,0.9971,0.34427,0.724221,0.0,0.394637,0.722365,-0.078573,0.432067,0.693429,-0.143193,0.448891,0.670887,-0.203806,0.464321,0.623765,-0.266863,0.425374,0.53559,-0.13179,0.43922,0.42352,-0.207079,0.44935,0.340957,-0.253959,0.453618,0.27734,-0.285337,0.362978,0.532651,-0.130547,0.362116,0.505113,-0.233886,0.3719,0.625704,-0.265365,0.380844,0.69257,-0.271027,0.305599,0.549756,-0.135493,0.295089,0.514686,-0.227599,0.313717,0.614239,-0.230845,0.323894,0.679152,-0.216241,0.25505,0.578535,-0.145973,0.22215,0.537624,-0.213216,0.237084,0.580233,-0.220905,0.254175,0.612342,-0.215537
222,7399,True,0.9975,0.9975,0.346706,0.724519,0.0,0.396827,0.722282,-0.076976,0.43357,0.69295,-0.139144,0.449385,0.670504,-0.197421,0.464446,0.623802,-0.258147,0.427104,0.535531,-0.126384,0.441139,0.423826,-0.198124,0.451308,0.341299,-0.243004,0.455302,0.277378,-0.273226,0.364546,0.532285,-0.125096,0.36454,0.50416,-0.225728,0.374967,0.622025,-0.258025,0.382739,0.689749,-0.264467,0.306804,0.549907,-0.129684,0.297526,0.514298,-0.219947,0.316056,0.613057,-0.2247,0.325068,0.678034,-0.211168,0.256115,0.579648,-0.139561,0.223521,0.536612,-0.20493,0.238351,0.577847,-0.212574,0.254476,0.609488,-0.207331
223,7433,True,0.9974,0.9974,0.349805,0.72007,0.0,0.401807,0.715789,-0.08235,0.436697,0.68756,-0.150676,0.450974,0.666562,-0.21472,0.467363,0.620887,-0.281261,0.430203,0.53189,-0.140683,0.443601,0.421821,-0.220848,0.4535,0.339897,-0.270397,0.458411,0.276427,-0.304044,0.367837,0.531384,-0.140741,0.365654,0.502736,-0.252211,0.376265,0.62247,-0.289365,0.386656,0.685851,-0.298692,0.310935,0.551245,-0.147424,0.298731,0.51698,-0.2483,0.318381,0.613054,-0.261034,0.329413,0.673964,-0.252405,0.262275,0.580937,-0.159394,0.228395,0.540855,-0.233789,0.237455,0.56899,-0.251145,0.249253,0.58503,-0.253657
224,7466,True,0.9978,0.9978,0.349141,0.724444,0.0,0.398738,0.720866,-0.076694,0.435386,0.690028,-0.139251,0.453108,0.666182,-0.197996,0.469599,0.619832,-0.259027,0.431144,0.533877,-0.124607,0.445142,0.423694,-0.19591,0.455266,0.340268,-0.239275,0.458929,0.277398,-0.26813,0.368788,0.532007,-0.123533,0.367889,0.499546,-0.223649,0.377835,0.620317,-0.25343,0.385581,0.687217,-0.257312,0.311709,0.550384,-0.128662,0.301153,0.510113,-0.219679,0.319904,0.609739,-0.223218,0.328334,0.673825,-0.208173,0.26173,0.580009,-0.138976,0.229481,0.535154,-0.205006,0.241871,0.573463,-0.212504,0.254118,0.599948,-0.206951
225,7500,True,0.9966,0.9966,0.351739,0.729616,0.0,0.397514,0.722767,-0.06371,0.435178,0.693206,-0.116187,0.45258,0.667201,-0.166096,0.468143,0.621916,-0.217693,0.430756,0.531928,-0.105561,0.445805,0.420772,-0.168305,0.456279,0.342273,-0.206387,0.460484,0.277463,-0.231768,0.369301,0.529264,-0.106504,0.369128,0.497005,-0.196432,0.379575,0.614352,-0.222152,0.387131,0.681784,-0.224313,0.312767,0.549211,-0.112338,0.303662,0.510586,-0.193715,0.322813,0.611274,-0.191477,0.332689,0.675217,-0.173378,0.26267,0.58313,-0.122562,0.230025,0.535796,-0.180773,0.241972,0.569101,-0.182996,0.255341,0.592015,-0.173665
226,7533,True,0.9961,0.9961,0.350833,0.722397,0.0,0.398905,0.720711,-0.074846,0.436739,0.692016,-0.135685,0.455616,0.668348,-0.193028,0.469806,0.620977,-0.252414,0.434234,0.530299,-0.122454,0.448564,0.416993,-0.192322,0.458586,0.336914,-0.235116,0.46328,0.274014,-0.263674,0.371396,0.526318,-0.121635,0.372608,0.497242,-0.220824,0.38136,0.615759,-0.251846,0.388677,0.681596,-0.257179,0.31363,0.543885,-0.126765,0.305942,0.509574,-0.215927,0.323804,0.6078,-0.22088,0.333541,0.67081,-0.20737,0.263313,0.57466,-0.137022,0.234442,0.530198,-0.201268,0.246539,0.563153,-0.209813,0.260362,0.585499,-0.205452
227,7566,True,0.9957,0.9957,0.352188,0.73145,0.0,0.397136,0.724613,-0.060084,0.437167,0.694943,-0.108508,0.456261,0.666316,-0.154508,0.470966,0.619259,-0.201695,0.433391,0.529912,-0.095197,0.449791,0.418228,-0.152594,0.460948,0.340624,-0.186897,0.465229,0.275936,-0.209563,0.372288,0.525603,-0.0954,0.373874,0.494035,-0.179407,0.384503,0.609003,-0.20237,0.390717,0.675626,-0.202642,0.315824,0.543334,-0.100189,0.308385,0.507473,-0.176416,0.32711,0.607137,-0.170968,0.335941,0.668885,-0.150862,0.264919,0.575874,-0.109209,0.23441,0.529925,-0.163557,0.247739,0.568997,-0.16214,0.261037,0.596472,-0.149702
228,7600,True,0.994,0.994,0.350682,0.734233,0.0,0.395786,0.727016,-0.059393,0.435693,0.69665,-0.107013,0.45629,0.666471,-0.152658,0.475136,0.616495,-0.199266,0.435563,0.527233,-0.088354,0.45123,0.415101,-0.143175,0.461971,0.337503,-0.175445,0.466612,0.274827,-0.196087,0.374948,0.52315,-0.087804,0.375577,0.491783,-0.168098,0.381614,0.60561,-0.188582,0.385982,0.6713,-0.186803,0.318521,0.540204,-0.092139,0.31085,0.504357,-0.164819,0.325832,0.603,-0.156942,0.33351,0.664214,-0.135071,0.267019,0.572638,-0.100844,0.238366,0.52415,-0.151493,0.252041,0.562801,-0.146976,0.266664,0.590244,-0.132042
229,7633,True,0.9943,0.9943,0.349729,0.736665,0.0,0.397529,0.728874,-0.055599,0.438335,0.698328,-0.099761,0.457002,0.666914,-0.142717,0.474223,0.614133,-0.186823,0.435106,0.527929,-0.083487,0.452123,0.41361,-0.135758,0.463113,0.337102,-0.167333,0.468744,0.272654,-0.187718,0.375102,0.522106,-0.084355,0.378195,0.493784,-0.16402,0.383525,0.606812,-0.187154,0.386709,0.678285,-0.18733,0.318437,0.538481,-0.08945,0.313859,0.503997,-0.16117,0.328647,0.604127,-0.156536,0.336712,0.671946,-0.13672,0.266552,0.571028,-0.098495,0.238762,0.519492,-0.148153,0.254096,0.558334,-0.145146,0.270521,0.592659,-0.13121
230,7666,True,0.9937,0.9937,0.352665,0.73898,0.0,0.400173,0.728969,-0.055985,0.440404,0.697066,-0.100531,0.459599,0.666042,-0.143874,0.477027,0.61472,-0.188373,0.437335,0.527187,-0.084696,0.45431,0.413804,-0.137867,0.464934,0.338208,-0.169992,0.470107,0.273509,-0.190995,0.376637,0.521605,-0.085964,0.379005,0.490701,-0.166531,0.385079,0.603868,-0.190053,0.389068,0.674648,-0.190602,0.319756,0.539277,-0.091501,0.314193,0.502525,-0.164172,0.330149,0.6034,-0.15957,0.33955,0.671013,-0.139761,0.268277,0.573005,-0.101044,0.240887,0.521788,-0.151659,0.25535,0.559392,-0.149229,0.270961,0.590874,-0.135814
231,7700,True,0.9935,0.9935,0.352131,0.739894,0.0,0.399993,0.73051,-0.055946,0.440739,0.696846,-0.099552,0.460603,0.664525,-0.141842,0.478603,0.612766,-0.185277,0.437321,0.528536,-0.08396,0.455036,0.413557,-0.136548,0.465542,0.338018,-0.168747,0.470725,0.272826,-0.189972,0.377181,0.521598,-0.084793,0.380562,0.492519,-0.165189,0.387143,0.605089,-0.189054,0.391069,0.677602,-0.190042,0.320324,0.537987,-0.089906,0.31523,0.501417,-0.161955,0.331964,0.600835,-0.158194,0.342011,0.67002,-0.139177,0.268739,0.570706,-0.099047,0.244098,0.521424,-0.150212,0.261468,0.564636,-0.148506,0.278698,0.603238,-0.135378
232,7733,True,0.9934,0.9934,0.354439,0.740293,0.0,0.40152,0.730602,-0.059232,0.441213,0.698108,-0.105981,0.461573,0.667181,-0.151107,0.478022,0.614668,-0.197503,0.439327,0.529943,-0.090497,0.456562,0.415312,-0.145811,0.467316,0.338393,-0.179721,0.472113,0.273095,-0.2021,0.378562,0.523835,-0.090948,0.382873,0.491485,-0.173329,0.390474,0.605516,-0.197518,0.394895,0.676813,-0.198802,0.321698,0.540546,-0.09594,0.317131,0.501476,-0.169323,0.334733,0.602276,-0.165473,0.344845,0.671479,-0.146649,0.270116,0.573169,-0.105331,0.244963,0.522309,-0.157204,0.261573,0.562811,-0.156157,0.278126,0.598613,-0.144038
233,7766,True,0.9937,0.9937,0.353556,0.736486,0.0,0.400736,0.728405,-0.057667,0.441908,0.697167,-0.103558,0.463396,0.668392,-0.148,0.480225,0.618413,-0.193733,0.440539,0.530563,-0.088578,0.457378,0.416487,-0.143506,0.468514,0.341049,-0.177214,0.473978,0.276804,-0.199361,0.379841,0.5238,-0.089423,0.384557,0.492308,-0.17121,0.391636,0.606772,-0.194989,0.395162,0.678489,-0.195963,0.322739,0.539537,-0.09468,0.319001,0.502139,-0.167635,0.335892,0.603625,-0.163114,0.345187,0.672548,-0.143678,0.270444,0.571314,-0.104173,0.246735,0.52226,-0.155797,0.264253,0.566186,-0.153824,0.281052,0.604182,-0.140803
234,7800,True,0.995,0.995,0.356825,0.735742,0.0,0.40342,0.727188,-0.057683,0.445636,0.695779,-0.103871,0.471598,0.671427,-0.148374,0.481211,0.625391,-0.194446,0.442549,0.533923,-0.093741,0.460252,0.420877,-0.15139,0.472212,0.345349,-0.187555,0.477762,0.27945,-0.211567,0.38283,0.526563,-0.095375,0.390104,0.493846,-0.179698,0.398496,0.608537,-0.204704,0.401683,0.680961,-0.206766,0.324939,0.54168,-0.101224,0.323583,0.50379,-0.176259,0.341546,0.607074,-0.172571,0.350588,0.677172,-0.153652,0.27234,0.572836,-0.111294,0.248803,0.522591,-0.164829,0.267259,0.569272,-0.163769,0.284535,0.610662,-0.151497
235,7833,True,0.9952,0.9952,0.359296,0.739876,0.0,0.406931,0.729551,-0.053219,0.449709,0.697836,-0.095458,0.475891,0.672056,-0.136679,0.489292,0.627836,-0.179075,0.446645,0.534183,-0.08067,0.464623,0.424936,-0.132295,0.477157,0.352647,-0.164235,0.483252,0.289038,-0.185438,0.387811,0.527924,-0.083032,0.396756,0.4936,-0.161037,0.405206,0.603965,-0.183997,0.40672,0.673258,-0.185011,0.331115,0.54541,-0.089615,0.329893,0.502001,-0.15996,0.34711,0.601025,-0.156147,0.35473,0.667305,-0.137524,0.278834,0.578401,-0.100068,0.257374,0.524053,-0.149396,0.272397,0.561277,-0.147823,0.285101,0.593734,-0.135781
236,7866,True,0.9967,0.9967,0.362326,0.749136,0.0,0.411172,0.735333,-0.049677,0.452643,0.696467,-0.089224,0.48097,0.667233,-0.128614,0.509198,0.629831,-0.169423,0.450074,0.532856,-0.071186,0.470436,0.424664,-0.118003,0.485833,0.355337,-0.147042,0.494259,0.293125,-0.166744,0.394142,0.529985,-0.074569,0.404344,0.489501,-0.147304,0.415611,0.594176,-0.169339,0.417757,0.662159,-0.170633,0.338623,0.551128,-0.082021,0.338166,0.497409,-0.14853,0.35617,0.596591,-0.144506,0.364268,0.665202,-0.126586,0.286086,0.588426,-0.093145,0.265564,0.528056,-0.139752,0.278981,0.556527,-0.138474,0.289069,0.581287,-0.127634
237,7899,True,0.995,0.995,0.360856,0.757598,0.0,0.413403,0.744749,-0.050638,0.456428,0.704053,-0.090994,0.486354,0.673243,-0.131258,0.518207,0.637946,-0.17313,0.45567,0.539369,-0.07075,0.480015,0.428578,-0.118837,0.497081,0.35894,-0.149027,0.506886,0.297689,-0.169202,0.399215,0.535579,-0.074646,0.414507,0.477904,-0.148435,0.426034,0.579348,-0.171541,0.427727,0.651243,-0.172717,0.343365,0.555493,-0.082764,0.348087,0.490582,-0.150352,0.367676,0.590095,-0.147689,0.376984,0.663024,-0.129702,0.289537,0.592155,-0.094575,0.274333,0.526004,-0.142077,0.29118,0.563933,-0.140617,0.303404,0.602701,-0.129002
238,7933,True,0.9917,0.9917,0.358796,0.771346,0.0,0.411505,0.754222,-0.042544,0.455717,0.709769,-0.077781,0.492213,0.68023,-0.113756,0.528419,0.654828,-0.151111,0.458299,0.549516,-0.058821,0.486265,0.440345,-0.1017,0.503855,0.37619,-0.129162,0.515204,0.318701,-0.148171,0.403575,0.545432,-0.065754,0.423522,0.477793,-0.134228,0.439303,0.572222,-0.15627,0.443804,0.647806,-0.157612,0.349123,0.565653,-0.076192,0.356868,0.493449,-0.137752,0.379822,0.584778,-0.134419,0.390946,0.657419,-0.11737,0.295159,0.603786,-0.089861,0.286326,0.540257,-0.133764,0.307449,0.586222,-0.130686,0.320918,0.633591,-0.118478
239,7966,True,0.993,0.993,0.349041,0.78594,0.0,0.407491,0.766975,-0.036058,0.456598,0.726569,-0.068433,0.495399,0.700458,-0.102362,0.538057,0.682513,-0.137752,0.449463,0.572384,-0.055458,0.482264,0.463941,-0.095278,0.501168,0.401594,-0.120289,0.514525,0.345718,-0.138011,0.398773,0.568905,-0.064276,0.424806,0.511741,-0.129102,0.44984,0.601614,-0.151036,0.460571,0.676785,-0.153459,0.348187,0.58817,-0.075609,0.364031,0.533882,-0.132023,0.393305,0.61938,-0.128917,0.40868,0.687564,-0.113928,0.297938,0.623282,-0.089698,0.299813,0.588682,-0.128056,0.32185,0.636546,-0.124204,0.334074,0.67848,-0.112748
240,8000,True,0.9962,0.9962,0.340513,0.811011,0.0,0.41268,0.789718,-0.028167,0.467947,0.754452,-0.05607,0.507046,0.726898,-0.087009,0.537403,0.705498,-0.118384,0.449997,0.592263,-0.045453,0.476202,0.510261,-0.083685,0.496192,0.461996,-0.108836,0.515039,0.41795,-0.126141,0.398166,0.58907,-0.056068,0.429709,0.551738,-0.114457,0.456937,0.621317,-0.137821,0.469788,0.685981,-0.142571,0.35376,0.612069,-0.068597,0.387592,0.613476,-0.121004,0.41936,0.683869,-0.124195,0.433666,0.742841,-0.114042,0.317009,0.655071,-0.083604,0.354017,0.667849,-0.117913,0.384261,0.716377,-0.118405,0.400359,0.757839,-0.110771
241,8033,True,0.9875,0.9875,0.314119,0.840377,0.0,0.389293,0.828313,-0.020916,0.453791,0.797206,-0.042685,0.496396,0.774425,-0.068237,0.532057,0.757067,-0.093838,0.454461,0.664483,-0.034751,0.485008,0.578668,-0.073926,0.505176,0.545857,-0.098628,0.519653,0.528877,-0.112459,0.416376,0.658421,-0.045833,0.450084,0.592963,-0.086384,0.470921,0.602635,-0.104445,0.482014,0.618737,-0.111061,0.378823,0.672907,-0.059883,0.423021,0.688978,-0.103564,0.437138,0.748144,-0.107019,0.435697,0.789645,-0.099434,0.345744,0.705493,-0.075845,0.385467,0.735042,-0.10337,0.400105,0.778515,-0.101431,0.399867,0.808049,-0.093875
242,8066,False,0.0,0.0,0.0,0.0,0.0,0.0,0.0,0.0,0.0,0.0,0.0,0.0,0.0,0.0,0.0,0.0,0.0,0.0,0.0,0.0,0.0,0.0,0.0,0.0,0.0,0.0,0.0,0.0,0.0,0.0,0.0,0.0,0.0,0.0,0.0,0.0,0.0,0.0,0.0,0.0,0.0,0.0,0.0,0.0,0.0,0.0,0.0,0.0,0.0,0.0,0.0,0.0,0.0,0.0,0.0,0.0,0.0,0.0,0.0,0.0,0.0,0.0,0.0,0.0,0.0
243,8100,False,0.0,0.0,0.0,0.0,0.0,0.0,0.0,0.0,0.0,0.0,0.0,0.0,0.0,0.0,0.0,0.0,0.0,0.0,0.0,0.0,0.0,0.0,0.0,0.0,0.0,0.0,0.0,0.0,0.0,0.0,0.0,0.0,0.0,0.0,0.0,0.0,0.0,0.0,0.0,0.0,0.0,0.0,0.0,0.0,0.0,0.0,0.0,0.0,0.0,0.0,0.0,0.0,0.0,0.0,0.0,0.0,0.0,0.0,0.0,0.0,0.0,0.0,0.0,0.0,0.0
244,8133,False,0.0,0.0,0.0,0.0,0.0,0.0,0.0,0.0,0.0,0.0,0.0,0.0,0.0,0.0,0.0,0.0,0.0,0.0,0.0,0.0,0.0,0.0,0.0,0.0,0.0,0.0,0.0,0.0,0.0,0.0,0.0,0.0,0.0,0.0,0.0,0.0,0.0,0.0,0.0,0.0,0.0,0.0,0.0,0.0,0.0,0.0,0.0,0.0,0.0,0.0,0.0,0.0,0.0,0.0,0.0,0.0,0.0,0.0,0.0,0.0,0.0,0.0,0.0,0.0,0.0
245,8166,False,0.0,0.0,0.0,0.0,0.0,0.0,0.0,0.0,0.0,0.0,0.0,0.0,0.0,0.0,0.0,0.0,0.0,0.0,0.0,0.0,0.0,0.0,0.0,0.0,0.0,0.0,0.0,0.0,0.0,0.0,0.0,0.0,0.0,0.0,0.0,0.0,0.0,0.0,0.0,0.0,0.0,0.0,0.0,0.0,0.0,0.0,0.0,0.0,0.0,0.0,0.0,0.0,0.0,0.0,0.0,0.0,0.0,0.0,0.0,0.0,0.0,0.0,0.0,0.0,0.0
246,8200,False,0.0,0.0,0.0,0.0,0.0,0.0,0.0,0.0,0.0,0.0,0.0,0.0,0.0,0.0,0.0,0.0,0.0,0.0,0.0,0.0,0.0,0.0,0.0,0.0,0.0,0.0,0.0,0.0,0.0,0.0,0.0,0.0,0.0,0.0,0.0,0.0,0.0,0.0,0.0,0.0,0.0,0.0,0.0,0.0,0.0,0.0,0.0,0.0,0.0,0.0,0.0,0.0,0.0,0.0,0.0,0.0,0.0,0.0,0.0,0.0,0.0,0.0,0.0,0.0,0.0
247,8233,False,0.0,0.0,0.0,0.0,0.0,0.0,0.0,0.0,0.0,0.0,0.0,0.0,0.0,0.0,0.0,0.0,0.0,0.0,0.0,0.0,0.0,0.0,0.0,0.0,0.0,0.0,0.0,0.0,0.0,0.0,0.0,0.0,0.0,0.0,0.0,0.0,0.0,0.0,0.0,0.0,0.0,0.0,0.0,0.0,0.0,0.0,0.0,0.0,0.0,0.0,0.0,0.0,0.0,0.0,0.0,0.0,0.0,0.0,0.0,0.0,0.0,0.0,0.0,0.0,0.0
248,8266,False,0.0,0.0,0.0,0.0,0.0,0.0,0.0,0.0,0.0,0.0,0.0,0.0,0.0,0.0,0.0,0.0,0.0,0.0,0.0,0.0,0.0,0.0,0.0,0.0,0.0,0.0,0.0,0.0,0.0,0.0,0.0,0.0,0.0,0.0,0.0,0.0,0.0,0.0,0.0,0.0,0.0,0.0,0.0,0.0,0.0,0.0,0.0,0.0,0.0,0.0,0.0,0.0,0.0,0.0,0.0,0.0,0.0,0.0,0.0,0.0,0.0,0.0,0.0,0.0,0.0
249,8300,False,0.0,0.0,0.0,0.0,0.0,0.0,0.0,0.0,0.0,0.0,0.0,0.0,0.0,0.0,0.0,0.0,0.0,0.0,0.0,0.0,0.0,0.0,0.0,0.0,0.0,0.0,0.0,0.0,0.0,0.0,0.0,0.0,0.0,0.0,0.0,0.0,0.0,0.0,0.0,0.0,0.0,0.0,0.0,0.0,0.0,0.0,0.0,0.0,0.0,0.0,0.0,0.0,0.0,0.0,0.0,0.0,0.0,0.0,0.0,0.0,0.0,0.0,0.0,0.0,0.0
250,8333,False,0.0,0.0,0.0,0.0,0.0,0.0,0.0,0.0,0.0,0.0,0.0,0.0,0.0,0.0,0.0,0.0,0.0,0.0,0.0,0.0,0.0,0.0,0.0,0.0,0.0,0.0,0.0,0.0,0.0,0.0,0.0,0.0,0.0,0.0,0.0,0.0,0.0,0.0,0.0,0.0,0.0,0.0,0.0,0.0,0.0,0.0,0.0,0.0,0.0,0.0,0.0,0.0,0.0,0.0,0.0,0.0,0.0,0.0,0.0,0.0,0.0,0.0,0.0,0.0,0.0
251,8366,False,0.0,0.0,0.0,0.0,0.0,0.0,0.0,0.0,0.0,0.0,0.0,0.0,0.0,0.0,0.0,0.0,0.0,0.0,0.0,0.0,0.0,0.0,0.0,0.0,0.0,0.0,0.0,0.0,0.0,0.0,0.0,0.0,0.0,0.0,0.0,0.0,0.0,0.0,0.0,0.0,0.0,0.0,0.0,0.0,0.0,0.0,0.0,0.0,0.0,0.0,0.0,0.0,0.0,0.0,0.0,0.0,0.0,0.0,0.0,0.0,0.0,0.0,0.0,0.0,0.0
252,8400,False,0.0,0.0,0.0,0.0,0.0,0.0,0.0,0.0,0.0,0.0,0.0,0.0,0.0,0.0,0.0,0.0,0.0,0.0,0.0,0.0,0.0,0.0,0.0,0.0,0.0,0.0,0.0,0.0,0.0,0.0,0.0,0.0,0.0,0.0,0.0,0.0,0.0,0.0,0.0,0.0,0.0,0.0,0.0,0.0,0.0,0.0,0.0,0.0,0.0,0.0,0.0,0.0,0.0,0.0,0.0,0.0,0.0,0.0,0.0,0.0,0.0,0.0,0.0,0.0,0.0
253,8433,False,0.0,0.0,0.0,0.0,0.0,0.0,0.0,0.0,0.0,0.0,0.0,0.0,0.0,0.0,0.0,0.0,0.0,0.0,0.0,0.0,0.0,0.0,0.0,0.0,0.0,0.0,0.0,0.0,0.0,0.0,0.0,0.0,0.0,0.0,0.0,0.0,0.0,0.0,0.0,0.0,0.0,0.0,0.0,0.0,0.0,0.0,0.0,0.0,0.0,0.0,0.0,0.0,0.0,0.0,0.0,0.0,0.0,0.0,0.0,0.0,0.0,0.0,0.0,0.0,0.0
254,8466,False,0.0,0.0,0.0,0.0,0.0,0.0,0.0,0.0,0.0,0.0,0.0,0.0,0.0,0.0,0.0,0.0,0.0,0.0,0.0,0.0,0.0,0.0,0.0,0.0,0.0,0.0,0.0,0.0,0.0,0.0,0.0,0.0,0.0,0.0,0.0,0.0,0.0,0.0,0.0,0.0,0.0,0.0,0.0,0.0,0.0,0.0,0.0,0.0,0.0,0.0,0.0,0.0,0.0,0.0,0.0,0.0,0.0,0.0,0.0,0.0,0.0,0.0,0.0,0.0,0.0
255,8500,False,0.0,0.0,0.0,0.0,0.0,0.0,0.0,0.0,0.0,0.0,0.0,0.0,0.0,0.0,0.0,0.0,0.0,0.0,0.0,0.0,0.0,0.0,0.0,0.0,0.0,0.0,0.0,0.0,0.0,0.0,0.0,0.0,0.0,0.0,0.0,0.0,0.0,0.0,0.0,0.0,0.0,0.0,0.0,0.0,0.0,0.0,0.0,0.0,0.0,0.0,0.0,0.0,0.0,0.0,0.0,0.0,0.0,0.0,0.0,0.0,0.0,0.0,0.0,0.0,0.0
256,8533,True,0.8032,0.8032,0.71798,0.847515,-1e-06,0.682163,0.810035,-0.002809,0.658977,0.767219,-0.009773,0.641242,0.734823,-0.019722,0.626178,0.715095,-0.030496,0.686925,0.69152,-0.003843,0.657414,0.694523,-0.022732,0.632385,0.725579,-0.04027,0.615196,0.754545,-0.049083,0.711767,0.690476,-0.011468,0.672935,0.711342,-0.026631,0.647986,0.749242,-0.040026,0.63307,0.782868,-0.047021,0.736269,0.700167,-0.019885,0.699547,0.714122,-0.033941,0.676897,0.749075,-0.038415,0.665881,0.78189,-0.03755,0.760686,0.714646,-0.028804,0.748971,0.700181,-0.035543,0.73985,0.709731,-0.03087,0.734882,0.721702,-0.024318
257,8566,True,0.9977,0.9977,0.722866,0.793914,-0.0,0.676833,0.756386,-0.025556,0.636779,0.703429,-0.043302,0.609522,0.659624,-0.061848,0.590592,0.629357,-0.080255,0.670331,0.587445,-0.028277,0.664364,0.518351,-0.055752,0.664624,0.467325,-0.073687,0.668889,0.42336,-0.08556,0.718063,0.583835,-0.030513,0.696548,0.579313,-0.07257,0.671666,0.638282,-0.084875,0.658778,0.689734,-0.083182,0.758515,0.605829,-0.036109,0.739541,0.622424,-0.078501,0.711674,0.677251,-0.076937,0.69569,0.722664,-0.062754,0.793741,0.640425,-0.043826,0.799391,0.625624,-0.072876,0.787729,0.648262,-0.071135,0.781453,0.673231,-0.060699
258,8600,True,0.9764,0.9764,0.73957,0.753658,0.0,0.691867,0.727469,-0.03008,0.65095,0.672005,-0.049353,0.632678,0.625235,-0.067942,0.629007,0.584215,-0.085649,0.684269,0.55662,-0.031248,0.682992,0.471367,-0.060136,0.688637,0.418276,-0.078172,0.695762,0.370573,-0.089476,0.731261,0.561536,-0.033773,0.737434,0.499018,-0.080669,0.721975,0.566262,-0.091837,0.708456,0.620982,-0.086035,0.774154,0.582005,-0.039901,0.78149,0.542372,-0.085373,0.761206,0.60812,-0.079218,0.745613,0.65586,-0.060305,0.813575,0.613087,-0.047977,0.826409,0.568755,-0.077099,0.809683,0.606178,-0.069123,0.794206,0.638387,-0.053797
259,8633,True,0.9774,0.9774,0.748959,0.720594,0.0,0.700911,0.701815,-0.034759,0.662363,0.655335,-0.059264,0.651441,0.611254,-0.08237,0.647634,0.563431,-0.104005,0.692065,0.525446,-0.041869,0.693757,0.4339,-0.073136,0.702646,0.377933,-0.092135,0.712031,0.327074,-0.103903,0.740707,0.526838,-0.042687,0.747894,0.471709,-0.092978,0.739004,0.546151,-0.105303,0.726814,0.605486,-0.100459,0.785403,0.544079,-0.046955,0.795675,0.506326,-0.094468,0.782552,0.576519,-0.088186,0.767426,0.627666,-0.069373,0.826643,0.572102,-0.053503,0.844658,0.522243,-0.084347,0.83457,0.556881,-0.07712,0.819062,0.58729,-0.062149
260,8666,True,0.9817,0.9817,0.755284,0.702978,0.0,0.705929,0.688998,-0.040147,0.66551,0.642869,-0.067332,0.659748,0.596118,-0.092028,0.661446,0.541346,-0.114777,0.698688,0.513992,-0.049908,0.703886,0.414958,-0.084674,0.713727,0.356852,-0.105271,0.724577,0.302305,-0.118526,0.749683,0.514058,-0.050099,0.764251,0.45576,-0.103113,0.757257,0.531522,-0.115421,0.744976,0.587255,-0.111468,0.796092,0.530427,-0.054298,0.812869,0.48623,-0.104776,0.801457,0.557971,-0.096835,0.785953,0.606035,-0.077726,0.838318,0.557336,-0.061293,0.860244,0.504658,-0.095248,0.84861,0.54768,-0.08719,0.830592,0.582595,-0.072094
261,8700,True,0.9883,0.9883,0.759833,0.697367,0.0,0.710093,0.684393,-0.040716,0.673083,0.637193,-0.069263,0.669203,0.589636,-0.095146,0.671542,0.536237,-0.119523,0.706183,0.506374,-0.050925,0.71238,0.408806,-0.088182,0.723391,0.348527,-0.111918,0.734002,0.293366,-0.127657,0.758768,0.506532,-0.051175,0.774921,0.456493,-0.103086,0.770432,0.535872,-0.114916,0.756739,0.587825,-0.111987,0.807239,0.523558,-0.055682,0.82588,0.4777,-0.104107,0.816939,0.550313,-0.093033,0.799389,0.593724,-0.073777,0.849448,0.552088,-0.063332,0.872267,0.502079,-0.096097,0.860484,0.550094,-0.085462,0.841244,0.582453,-0.069501
262,8733,True,0.9923,0.9923,0.763077,0.695922,0.0,0.713165,0.686539,-0.042166,0.676242,0.64168,-0.07232,0.672182,0.596639,-0.099371,0.677388,0.542805,-0.125118,0.710612,0.507423,-0.055182,0.718935,0.408128,-0.093584,0.733102,0.348295,-0.119236,0.745216,0.293025,-0.136864,0.763992,0.507673,-0.055165,0.778872,0.458692,-0.107507,0.775422,0.538039,-0.120759,0.760232,0.589272,-0.119729,0.813529,0.525127,-0.059318,0.832833,0.475806,-0.108026,0.827547,0.546369,-0.098104,0.80985,0.589261,-0.080536,0.856597,0.554018,-0.066689,0.881064,0.506079,-0.102103,0.869124,0.554993,-0.093463,0.846656,0.588602,-0.079053
263,8766,True,0.994,0.994,0.761398,0.702432,0.0,0.7132,0.694333,-0.046223,0.678342,0.647393,-0.079123,0.675081,0.599192,-0.108136,0.682658,0.54094,-0.135972,0.710761,0.511558,-0.061988,0.721744,0.409918,-0.105399,0.736853,0.348215,-0.134977,0.751202,0.290992,-0.15513,0.764657,0.511825,-0.060763,0.780958,0.45872,-0.116387,0.775472,0.540864,-0.130535,0.760088,0.589236,-0.130065,0.815028,0.529436,-0.064093,0.835904,0.474139,-0.115414,0.828768,0.547204,-0.104454,0.810971,0.590217,-0.086082,0.857625,0.55895,-0.071071,0.883212,0.509373,-0.10983,0.869908,0.560826,-0.101511,0.847455,0.595262,-0.086852
264,8800,True,0.9947,0.9947,0.754867,0.704424,0.0,0.705963,0.694292,-0.046645,0.672495,0.643528,-0.079274,0.673848,0.591661,-0.108078,0.687933,0.534757,-0.13588,0.708378,0.509942,-0.061611,0.721047,0.408478,-0.106387,0.736772,0.347157,-0.136752,0.752361,0.288877,-0.157247,0.762572,0.510751,-0.060589,0.780427,0.460702,-0.118383,0.773328,0.544014,-0.133409,0.757499,0.589929,-0.132953,0.812773,0.528797,-0.064234,0.835769,0.479419,-0.117812,0.824604,0.554881,-0.107004,0.804331,0.594119,-0.087989,0.854694,0.557351,-0.071539,0.881867,0.510658,-0.110356,0.866246,0.563732,-0.100923,0.842528,0.595956,-0.085251
265,8833,True,0.9914,0.9914,0.756404,0.707752,0.0,0.704863,0.696781,-0.046161,0.667635,0.642976,-0.077556,0.669435,0.58617,-0.105133,0.679794,0.526988,-0.130922,0.7052,0.507077,-0.05623,0.715654,0.406955,-0.097191,0.73263,0.344417,-0.124371,0.749431,0.287818,-0.142687,0.757983,0.506425,-0.054584,0.777612,0.45471,-0.107343,0.771739,0.534941,-0.119379,0.755771,0.581098,-0.117406,0.806973,0.524313,-0.05789,0.830065,0.475587,-0.107738,0.820199,0.548911,-0.096302,0.800599,0.589245,-0.077399,0.849668,0.554046,-0.065022,0.878501,0.505434,-0.101378,0.864983,0.555339,-0.092376,0.841499,0.587663,-0.077421
266,8866,True,0.993,0.993,0.752962,0.705574,0.0,0.701028,0.695751,-0.04694,0.662305,0.642018,-0.079973,0.657716,0.585584,-0.109817,0.670691,0.527331,-0.138121,0.698368,0.502973,-0.05448,0.706513,0.402486,-0.097518,0.722048,0.338833,-0.125489,0.738095,0.282454,-0.1437,0.751848,0.501785,-0.05344,0.767192,0.44717,-0.108847,0.760805,0.528317,-0.121473,0.746193,0.572088,-0.118691,0.802938,0.517697,-0.057854,0.822048,0.466791,-0.110052,0.813219,0.54135,-0.098513,0.796603,0.579814,-0.078326,0.847883,0.545215,-0.066144,0.871784,0.492349,-0.102014,0.859284,0.543914,-0.091437,0.840194,0.575722,-0.074945
267,8900,True,0.9897,0.9897,0.74305,0.699445,0.0,0.690705,0.686989,-0.045152,0.652979,0.631961,-0.076095,0.653949,0.573996,-0.10395,0.665597,0.515115,-0.129856,0.691885,0.486499,-0.050987,0.700164,0.386217,-0.090484,0.715104,0.323347,-0.116126,0.730557,0.267939,-0.132953,0.744009,0.48626,-0.050022,0.758377,0.428546,-0.102765,0.753045,0.508778,-0.114675,0.740633,0.558103,-0.111487,0.793535,0.504542,-0.054246,0.814416,0.449274,-0.104271,0.805108,0.523095,-0.093887,0.78813,0.568346,-0.074582,0.837637,0.536329,-0.062271,0.864578,0.48331,-0.098445,0.85063,0.530428,-0.09046,0.828047,0.564672,-0.075632
268,8933,True,0.9892,0.9892,0.735346,0.692436,0.0,0.682943,0.676591,-0.045551,0.643987,0.61973,-0.076082,0.646434,0.559018,-0.103429,0.653,0.495472,-0.128375,0.679249,0.467491,-0.046163,0.688452,0.370396,-0.083743,0.705027,0.306674,-0.108352,0.722081,0.252499,-0.124589,0.732178,0.465835,-0.044734,0.746992,0.413993,-0.095569,0.74122,0.49533,-0.106642,0.728061,0.546591,-0.103116,0.782217,0.483307,-0.048954,0.803068,0.433023,-0.096668,0.794127,0.505601,-0.085923,0.776856,0.551109,-0.067252,0.827178,0.515401,-0.057217,0.850297,0.467547,-0.091123,0.835131,0.514878,-0.082767,0.811785,0.548693,-0.068325
269,8966,True,0.9884,0.9884,0.724253,0.687648,0.0,0.670207,0.667296,-0.042947,0.62931,0.607408,-0.071347,0.633501,0.542837,-0.097316,0.640193,0.478954,-0.120634,0.665722,0.448713,-0.038062,0.672598,0.352091,-0.070085,0.687223,0.289761,-0.090394,0.700998,0.23818,-0.104173,0.716326,0.448618,-0.037252,0.72811,0.398632,-0.082961,0.722427,0.479357,-0.092196,0.709598,0.529092,-0.088291,0.764745,0.467421,-0.042109,0.783763,0.418327,-0.086703,0.774541,0.489937,-0.076715,0.757144,0.534684,-0.059561,0.80942,0.502059,-0.050825,0.830923,0.454868,-0.083642,0.814647,0.503014,-0.076352,0.789257,0.538762,-0.063194
270,9000,True,0.9882,0.9882,0.709519,0.689261,0.0,0.655037,0.664736,-0.039817,0.613276,0.601914,-0.065896,0.614307,0.536501,-0.090486,0.618781,0.473081,-0.112483,0.645598,0.443619,-0.034744,0.648313,0.343189,-0.064664,0.659756,0.280463,-0.083747,0.670691,0.228044,-0.096821,0.696106,0.444549,-0.034732,0.706073,0.392965,-0.079491,0.700508,0.472651,-0.089576,0.688216,0.526213,-0.086464,0.744563,0.463263,-0.039936,0.761538,0.410337,-0.083127,0.752208,0.481676,-0.074179,0.736158,0.530827,-0.057869,0.79026,0.497358,-0.048736,0.811487,0.444156,-0.079867,0.794875,0.489565,-0.072908,0.77047,0.52809,-0.060205
271,9033,True,0.9908,0.9908,0.69243,0.683658,-0.0,0.639038,0.657868,-0.038157,0.594922,0.597207,-0.063738,0.592725,0.531864,-0.088397,0.598248,0.467723,-0.110566,0.62424,0.436328,-0.033212,0.623891,0.334986,-0.063172,0.63193,0.273114,-0.08237,0.640099,0.220859,-0.095706,0.674378,0.436689,-0.034226,0.6786,0.387108,-0.079916,0.671916,0.466139,-0.091049,0.661396,0.517736,-0.08886,0.7237,0.454381,-0.040317,0.736612,0.402249,-0.084272,0.727281,0.473672,-0.075597,0.713511,0.521054,-0.05964,0.771353,0.487377,-0.049843,0.78883,0.434256,-0.080865,0.77215,0.481359,-0.073439,0.750381,0.51974,-0.06054
272,9066,True,0.9893,0.9893,0.676765,0.68228,-0.0,0.622428,0.6573,-0.037743,0.576416,0.595698,-0.062783,0.571463,0.529208,-0.087004,0.576677,0.464021,-0.108646,0.601561,0.434974,-0.033934,0.596374,0.32872,-0.064734,0.602144,0.265388,-0.085,0.609181,0.211187,-0.099048,0.651855,0.436874,-0.03528,0.654346,0.382864,-0.083143,0.649328,0.461158,-0.096058,0.641104,0.51506,-0.094731,0.701939,0.45462,-0.041522,0.712049,0.39632,-0.086489,0.703976,0.467663,-0.078627,0.692507,0.517143,-0.062895,0.751204,0.485995,-0.051142,0.765965,0.426959,-0.082097,0.749548,0.473688,-0.074744,0.729243,0.513737,-0.061902
273,9100,True,0.9871,0.9871,0.662702,0.682289,-0.0,0.607483,0.653916,-0.038045,0.561744,0.591143,-0.063071,0.553382,0.523374,-0.087522,0.556413,0.456068,-0.109233,0.583829,0.437424,-0.033185,0.577209,0.33229,-0.063992,0.580593,0.267788,-0.083563,0.586566,0.212853,-0.097008,0.632491,0.437191,-0.034451,0.629697,0.375048,-0.082554,0.625484,0.453682,-0.094228,0.621433,0.513618,-0.091365,0.682102,0.453687,-0.040939,0.687463,0.389215,-0.085931,0.679558,0.458533,-0.078432,0.672213,0.511745,-0.062241,0.732568,0.483623,-0.050895,0.745001,0.416593,-0.080917,0.727555,0.457823,-0.074451,0.708683,0.500709,-0.062302
274,9133,True,0.99,0.99,0.648612,0.67496,-0.0,0.5945,0.647484,-0.04142,0.548361,0.583048,-0.068316,0.539856,0.511488,-0.094186,0.540554,0.441985,-0.116654,0.567652,0.431296,-0.034481,0.560092,0.326345,-0.068121,0.561509,0.257907,-0.087791,0.56517,0.20107,-0.100784,0.615469,0.431211,-0.034866,0.608569,0.368555,-0.08604,0.609408,0.458231,-0.094828,0.609814,0.513807,-0.088513,0.665163,0.445981,-0.041235,0.668749,0.380491,-0.090219,0.663712,0.458754,-0.077502,0.658777,0.507885,-0.056341,0.715993,0.474461,-0.051466,0.726349,0.407378,-0.083693,0.710684,0.455004,-0.073875,0.693853,0.495486,-0.058461
275,9166,True,0.9901,0.9901,0.639315,0.673377,-0.0,0.582592,0.644705,-0.039883,0.53618,0.57914,-0.066206,0.528365,0.506628,-0.091856,0.533069,0.437403,-0.114213,0.558448,0.427858,-0.033596,0.5496,0.323569,-0.067831,0.548806,0.255102,-0.08878,0.550177,0.197435,-0.102943,0.605547,0.427253,-0.034935,0.594778,0.362597,-0.086426,0.595588,0.451364,-0.096172,0.596579,0.507105,-0.090689,0.654622,0.441403,-0.042023,0.654721,0.373739,-0.0909,0.649249,0.451888,-0.078191,0.644764,0.502657,-0.057087,0.704696,0.469716,-0.05297,0.713087,0.40131,-0.085202,0.696243,0.448379,-0.075252,0.679406,0.490776,-0.059712
276,9200,True,0.9907,0.9907,0.630123,0.670441,-0.0,0.573559,0.641561,-0.04139,0.526885,0.574683,-0.06794,0.520343,0.500104,-0.093498,0.523128,0.428633,-0.115892,0.548347,0.42182,-0.034242,0.539738,0.317797,-0.068714,0.538705,0.24823,-0.089652,0.54024,0.189369,-0.103732,0.596521,0.42081,-0.034853,0.583768,0.356031,-0.086246,0.583109,0.447187,-0.095141,0.585339,0.502513,-0.088876,0.646246,0.435251,-0.041478,0.643821,0.368321,-0.090949,0.636793,0.448236,-0.077532,0.633789,0.497917,-0.055706,0.697168,0.46407,-0.052079,0.702998,0.395344,-0.084826,0.68466,0.444934,-0.074267,0.668829,0.488205,-0.058152
277,9233,True,0.9904,0.9904,0.626245,0.669531,-0.0,0.568908,0.641031,-0.043127,0.520837,0.573002,-0.07058,0.512487,0.495247,-0.096718,0.516879,0.421192,-0.119442,0.539232,0.419247,-0.03446,0.530078,0.316171,-0.070475,0.529596,0.246508,-0.092926,0.531238,0.188005,-0.1081,0.58787,0.416944,-0.03445,0.573409,0.353534,-0.08691,0.575547,0.446421,-0.096589,0.578851,0.500651,-0.090909,0.638102,0.430374,-0.040821,0.635004,0.364065,-0.091312,0.629336,0.444863,-0.078239,0.62606,0.493701,-0.056649,0.688978,0.458349,-0.051368,0.694101,0.390684,-0.08496,0.675802,0.441518,-0.074881,0.659156,0.484801,-0.059109
278,9266,True,0.99,0.99,0.622929,0.67,-0.0,0.564307,0.641183,-0.044005,0.516853,0.574856,-0.072742,0.507991,0.496729,-0.100078,0.511934,0.42169,-0.123735,0.532184,0.417411,-0.03471,0.523458,0.314215,-0.071302,0.523249,0.2446,-0.094239,0.526084,0.18694,-0.109729,0.582226,0.414102,-0.034628,0.567119,0.350673,-0.087307,0.570167,0.447607,-0.09632,0.574683,0.502431,-0.090219,0.633224,0.426916,-0.04115,0.629549,0.360713,-0.091469,0.624078,0.44324,-0.077002,0.62149,0.492736,-0.054746,0.684189,0.455337,-0.052104,0.690342,0.387552,-0.085741,0.671408,0.4391,-0.075077,0.654503,0.483584,-0.059004
279,9300,True,0.9902,0.9902,0.619706,0.669258,-0.0,0.562987,0.641307,-0.045461,0.514413,0.574619,-0.075276,0.50447,0.495959,-0.103483,0.508888,0.420651,-0.127755,0.528295,0.41664,-0.036542,0.519424,0.313717,-0.07399,0.518956,0.24349,-0.096571,0.521932,0.186825,-0.111708,0.578577,0.4128,-0.036313,0.56157,0.349362,-0.090345,0.565588,0.450359,-0.097987,0.57156,0.504161,-0.090336,0.629903,0.425183,-0.042973,0.625229,0.360027,-0.094766,0.621055,0.443783,-0.078878,0.619599,0.490879,-0.055337,0.681253,0.453303,-0.054239,0.687768,0.386627,-0.089067,0.668743,0.439546,-0.07797,0.651447,0.483273,-0.061436
280,9333,True,0.9917,0.9917,0.617803,0.670234,-0.0,0.561413,0.644457,-0.045325,0.512056,0.575819,-0.074719,0.503204,0.496059,-0.102593,0.506783,0.419904,-0.126638,0.527099,0.419391,-0.036499,0.518523,0.316725,-0.07343,0.517621,0.246407,-0.095207,0.520798,0.189707,-0.109789,0.577658,0.415016,-0.036509,0.558529,0.35198,-0.090879,0.561542,0.45086,-0.098707,0.567908,0.504598,-0.090914,0.629074,0.426691,-0.043359,0.622553,0.361259,-0.095445,0.618882,0.443181,-0.080326,0.618321,0.489857,-0.057187,0.681064,0.453479,-0.054754,0.68633,0.38651,-0.090044,0.667708,0.438893,-0.079679,0.650804,0.483054,-0.063585
281,9366,True,0.9913,0.9913,0.618221,0.673314,-0.0,0.559292,0.648431,-0.042253,0.509423,0.580965,-0.070296,0.500659,0.501782,-0.097149,0.505422,0.426758,-0.120434,0.524022,0.424458,-0.035352,0.515139,0.320369,-0.073057,0.515491,0.249753,-0.096639,0.518834,0.191925,-0.112636,0.574665,0.419431,-0.036521,0.555217,0.35587,-0.090326,0.559167,0.454577,-0.099062,0.56442,0.508784,-0.092637,0.626597,0.430054,-0.044173,0.619409,0.364113,-0.095245,0.61612,0.446401,-0.080053,0.614834,0.494002,-0.057435,0.679263,0.455374,-0.056132,0.683881,0.387652,-0.090557,0.665469,0.441201,-0.079437,0.64828,0.48602,-0.063103
282,9400,True,0.9929,0.9929,0.615396,0.680058,-0.0,0.557461,0.655564,-0.042194,0.506486,0.588921,-0.070493,0.497854,0.512072,-0.097781,0.503378,0.437525,-0.121554,0.521109,0.428636,-0.035484,0.511467,0.323306,-0.073002,0.511727,0.252361,-0.096804,0.515101,0.194545,-0.112971,0.571655,0.42508,-0.036973,0.551792,0.362514,-0.091506,0.555023,0.458765,-0.101965,0.56,0.511574,-0.096682,0.623795,0.436107,-0.044833,0.615959,0.370002,-0.096105,0.612381,0.45039,-0.082761,0.611078,0.49673,-0.06145,0.676948,0.461663,-0.056915,0.680006,0.394407,-0.09142,0.661408,0.447032,-0.081182,0.644583,0.490978,-0.065435
283,9433,True,0.9932,0.9932,0.613043,0.687067,-0.0,0.554774,0.660774,-0.041392,0.504488,0.595275,-0.068799,0.494617,0.51994,-0.095278,0.500449,0.445226,-0.118163,0.516406,0.435184,-0.034153,0.506378,0.330397,-0.072194,0.506919,0.260563,-0.097289,0.51114,0.202032,-0.114492,0.567864,0.430403,-0.035663,0.546412,0.368759,-0.090178,0.550947,0.465389,-0.101329,0.55849,0.519141,-0.096837,0.620716,0.440915,-0.043554,0.610942,0.376676,-0.094497,0.607133,0.458497,-0.0812,0.607676,0.5071,-0.060036,0.674866,0.466013,-0.055711,0.676181,0.398736,-0.089616,0.656225,0.451942,-0.079352,0.640237,0.49701,-0.063732
284,9466,True,0.9937,0.9937,0.61102,0.694202,-0.0,0.552891,0.667458,-0.042538,0.50147,0.603637,-0.072005,0.489489,0.528682,-0.100487,0.495506,0.453501,-0.125421,0.512008,0.441067,-0.036673,0.501918,0.337348,-0.076893,0.502685,0.266935,-0.103214,0.507838,0.208694,-0.120944,0.563654,0.43662,-0.038141,0.542708,0.373788,-0.093128,0.548068,0.474109,-0.103155,0.555554,0.524967,-0.097822,0.617341,0.446808,-0.046209,0.608171,0.381804,-0.097864,0.604402,0.466764,-0.082593,0.604386,0.51413,-0.060029,0.671784,0.47196,-0.058695,0.673675,0.403518,-0.092922,0.654147,0.458475,-0.081181,0.638152,0.503066,-0.064406
285,9500,True,0.9927,0.9927,0.61066,0.699114,-0.0,0.550781,0.673454,-0.042331,0.499282,0.611166,-0.072037,0.486923,0.536933,-0.100664,0.493191,0.462278,-0.125915,0.50905,0.448816,-0.037924,0.498303,0.34571,-0.078855,0.499018,0.275909,-0.106449,0.503777,0.217275,-0.125265,0.560885,0.443545,-0.039576,0.541133,0.380891,-0.094899,0.546092,0.481298,-0.106253,0.551033,0.532976,-0.102315,0.614664,0.452649,-0.047598,0.606667,0.38636,-0.099378,0.602588,0.471673,-0.08483,0.600561,0.520667,-0.06316,0.669215,0.476823,-0.059958,0.671237,0.408937,-0.094632,0.652287,0.465035,-0.083166,0.635815,0.510398,-0.06674
286,9533,True,0.9944,0.9944,0.608558,0.701309,-0.0,0.548732,0.675633,-0.044407,0.497041,0.611533,-0.075573,0.485222,0.53391,-0.105341,0.489953,0.457777,-0.131535,0.505609,0.44693,-0.038333,0.494817,0.34787,-0.079956,0.495415,0.277552,-0.106983,0.500621,0.221094,-0.124778,0.557772,0.442349,-0.039111,0.539558,0.385583,-0.094613,0.545062,0.489655,-0.10422,0.549195,0.537203,-0.098355,0.612157,0.451666,-0.046671,0.605874,0.39156,-0.099393,0.601785,0.479439,-0.08336,0.598488,0.524842,-0.060173,0.666395,0.476811,-0.058742,0.669017,0.414037,-0.094333,0.650841,0.473217,-0.081853,0.634298,0.517169,-0.064093
287,9566,True,0.9938,0.9938,0.609245,0.703084,-0.0,0.54846,0.677337,-0.043245,0.496009,0.614095,-0.073456,0.482281,0.537477,-0.102326,0.487215,0.461653,-0.127608,0.504134,0.450359,-0.037497,0.492824,0.350753,-0.079235,0.493712,0.281345,-0.106786,0.498636,0.224262,-0.125056,0.556352,0.444788,-0.038417,0.537366,0.387587,-0.093371,0.544073,0.491527,-0.103252,0.548614,0.53889,-0.097971,0.610906,0.45361,-0.045955,0.603861,0.393021,-0.098604,0.600588,0.482071,-0.082477,0.597577,0.527772,-0.05927,0.665529,0.478392,-0.057851,0.668658,0.414245,-0.093526,0.650956,0.474313,-0.0808,0.634342,0.51897,-0.062872
288,9600,True,0.9937,0.9937,0.60741,0.70007,-0.0,0.548346,0.679305,-0.047265,0.493742,0.614919,-0.07911,0.481433,0.537583,-0.108926,0.485471,0.459266,-0.135147,0.503205,0.449579,-0.040168,0.492018,0.350006,-0.080336,0.492373,0.281757,-0.105467,0.498304,0.224951,-0.122056,0.556767,0.443164,-0.040011,0.538826,0.386806,-0.097588,0.543262,0.490777,-0.10819,0.548672,0.5436,-0.102007,0.61123,0.452099,-0.046741,0.60474,0.39135,-0.101897,0.600913,0.480104,-0.087859,0.598271,0.528126,-0.064907,0.665546,0.476396,-0.057904,0.668124,0.41264,-0.095842,0.651355,0.472682,-0.085328,0.635511,0.519194,-0.068371
289,9633,True,0.9947,0.9947,0.605737,0.699014,-0.0,0.547619,0.678203,-0.047308,0.493909,0.613089,-0.078684,0.481418,0.536727,-0.107953,0.484116,0.458786,-0.133638,0.502428,0.447426,-0.039582,0.492194,0.348953,-0.079788,0.49146,0.281133,-0.104924,0.496181,0.223986,-0.121638,0.556294,0.440806,-0.039379,0.537337,0.384851,-0.096676,0.540892,0.489179,-0.106884,0.546806,0.541089,-0.100506,0.611142,0.449944,-0.046195,0.60375,0.390064,-0.101309,0.599513,0.478914,-0.086914,0.597845,0.525575,-0.063766,0.665997,0.47449,-0.057499,0.667439,0.41074,-0.095558,0.64995,0.471737,-0.084915,0.634411,0.518122,-0.067922
290,9666,True,0.9952,0.9952,0.60468,0.698295,-0.0,0.547173,0.676958,-0.046496,0.493832,0.611837,-0.07732,0.481617,0.536343,-0.106109,0.484853,0.45939,-0.131258,0.502506,0.446373,-0.039218,0.49205,0.347614,-0.079128,0.490984,0.27976,-0.104483,0.495081,0.221988,-0.121581,0.555803,0.439958,-0.039245,0.536273,0.384051,-0.095875,0.540033,0.486834,-0.106285,0.546711,0.539155,-0.100503,0.610528,0.449215,-0.046194,0.602824,0.38833,-0.100693,0.598964,0.475689,-0.086599,0.598408,0.522779,-0.064003,0.665776,0.473699,-0.057589,0.667149,0.408911,-0.095326,0.649151,0.468842,-0.084968,0.633716,0.515835,-0.068414
291,9700,True,0.9956,0.9956,0.604929,0.697423,-0.0,0.547597,0.676592,-0.04737,0.494083,0.612256,-0.079307,0.481681,0.537749,-0.109217,0.485433,0.46124,-0.135437,0.502641,0.445625,-0.0404,0.491888,0.346758,-0.081171,0.490871,0.278188,-0.106974,0.495477,0.220534,-0.124274,0.555698,0.439368,-0.040213,0.534492,0.382722,-0.096954,0.538866,0.486453,-0.106795,0.54656,0.537677,-0.100581,0.610538,0.448079,-0.047109,0.601386,0.386107,-0.101727,0.598352,0.474005,-0.08665,0.598929,0.521037,-0.063421,0.665953,0.471941,-0.058613,0.666993,0.406918,-0.096413,0.649025,0.467024,-0.08555,0.63395,0.513841,-0.068639
292,9733,True,0.9949,0.9949,0.606041,0.697473,-0.0,0.547345,0.676389,-0.047558,0.493571,0.611001,-0.079063,0.482269,0.53472,-0.108397,0.486655,0.457046,-0.134123,0.504017,0.445686,-0.040069,0.492562,0.346234,-0.080283,0.491374,0.277604,-0.105911,0.495702,0.21918,-0.12318,0.55717,0.438656,-0.039893,0.536568,0.381411,-0.097482,0.54019,0.484194,-0.108418,0.547489,0.538978,-0.102551,0.611764,0.447679,-0.046708,0.603235,0.385392,-0.101926,0.59936,0.472846,-0.088428,0.599369,0.522116,-0.065846,0.667024,0.471936,-0.058053,0.667316,0.407596,-0.096566,0.649123,0.467516,-0.086842,0.634155,0.51583,-0.070457
293,9766,True,0.9946,0.9946,0.607222,0.698026,-0.0,0.547289,0.676741,-0.046271,0.493782,0.610315,-0.076527,0.483407,0.532583,-0.104757,0.487192,0.454024,-0.129411,0.504715,0.44617,-0.038385,0.493544,0.346666,-0.078215,0.492889,0.278432,-0.103589,0.497518,0.220374,-0.120565,0.558847,0.439156,-0.038412,0.538636,0.381814,-0.095392,0.541229,0.484102,-0.106195,0.547614,0.538115,-0.100312,0.613833,0.448094,-0.045335,0.605052,0.386254,-0.100199,0.600113,0.474968,-0.086646,0.599703,0.524215,-0.063934,0.669433,0.471896,-0.056638,0.668669,0.407679,-0.094748,0.649986,0.468529,-0.084712,0.635202,0.516705,-0.068013
294,9800,True,0.9948,0.9948,0.609894,0.69936,-0.0,0.550326,0.678243,-0.047507,0.496145,0.613187,-0.078992,0.483791,0.536794,-0.108465,0.487657,0.457995,-0.134343,0.506026,0.446711,-0.038707,0.494962,0.347597,-0.079311,0.494149,0.278688,-0.105206,0.498682,0.221001,-0.122399,0.560272,0.439999,-0.038527,0.540982,0.38333,-0.096421,0.544383,0.485692,-0.10785,0.550621,0.538506,-0.102033,0.615402,0.448593,-0.045418,0.60706,0.388501,-0.100713,0.602753,0.476921,-0.087274,0.60211,0.524873,-0.064469,0.670932,0.47212,-0.056839,0.67009,0.409641,-0.094744,0.652424,0.470222,-0.084435,0.63825,0.516728,-0.067481
295,9833,True,0.9956,0.9956,0.609937,0.702775,-0.0,0.551259,0.681131,-0.047431,0.49713,0.61532,-0.078799,0.484891,0.538211,-0.108181,0.489693,0.458751,-0.134001,0.507571,0.450202,-0.039549,0.496053,0.350165,-0.080017,0.495201,0.281681,-0.106043,0.50004,0.223788,-0.123449,0.561607,0.443617,-0.039343,0.54218,0.386808,-0.097122,0.544418,0.487643,-0.108922,0.550063,0.540679,-0.103723,0.61653,0.452463,-0.046117,0.608272,0.391731,-0.100894,0.603558,0.478427,-0.088047,0.603034,0.526552,-0.066047,0.672026,0.475894,-0.057453,0.672291,0.412036,-0.095017,0.654349,0.470849,-0.085349,0.639994,0.517561,-0.069145
296,9866,True,0.9956,0.9956,0.61149,0.703484,-0.0,0.552831,0.68282,-0.048013,0.498366,0.617653,-0.07954,0.485297,0.542091,-0.108956,0.490823,0.463646,-0.134715,0.508145,0.451818,-0.040185,0.497234,0.351813,-0.081345,0.496115,0.28329,-0.107809,0.500324,0.224805,-0.125676,0.561675,0.4446,-0.039893,0.541012,0.388653,-0.098618,0.544831,0.490466,-0.110528,0.552298,0.543661,-0.105294,0.616621,0.453274,-0.046706,0.607844,0.392678,-0.102749,0.604508,0.479714,-0.089746,0.605215,0.526964,-0.067446,0.672394,0.476876,-0.058113,0.672706,0.414056,-0.096838,0.654517,0.473848,-0.087259,0.639918,0.520199,-0.071006
297,9900,True,0.9953,0.9953,0.612483,0.705003,-0.0,0.553054,0.683667,-0.047507,0.498414,0.616816,-0.078661,0.48546,0.538933,-0.107861,0.489391,0.459602,-0.133456,0.508944,0.453464,-0.039239,0.497151,0.353135,-0.080023,0.495968,0.284263,-0.106039,0.500273,0.225883,-0.123489,0.562517,0.446165,-0.039107,0.542004,0.389227,-0.097434,0.545311,0.491044,-0.109059,0.551768,0.544195,-0.103626,0.617356,0.454369,-0.046051,0.609074,0.392661,-0.101842,0.605275,0.479836,-0.088816,0.604954,0.527789,-0.066503,0.672755,0.477277,-0.057558,0.673592,0.413603,-0.096282,0.655484,0.473284,-0.086844,0.640273,0.520426,-0.070676
298,9933,True,0.9945,0.9945,0.611697,0.703388,-0.0,0.552709,0.682536,-0.048152,0.498127,0.6163,-0.079688,0.485239,0.539002,-0.109173,0.489558,0.460473,-0.13498,0.508608,0.45173,-0.040101,0.497056,0.35085,-0.081133,0.496131,0.282493,-0.107266,0.500616,0.223669,-0.124877,0.562249,0.444889,-0.039856,0.541948,0.387755,-0.098805,0.545316,0.491128,-0.11031,0.55203,0.544916,-0.104704,0.616947,0.45395,-0.046763,0.608484,0.391959,-0.103212,0.604407,0.480796,-0.089662,0.603825,0.529363,-0.066781,0.671973,0.47795,-0.058278,0.673436,0.413166,-0.097427,0.655207,0.473065,-0.087785,0.639694,0.520046,-0.071384
299,9966,True,0.9952,0.9952,0.611147,0.700593,-0.0,0.552516,0.679604,-0.048574,0.49802,0.613934,-0.080859,0.485536,0.537399,-0.111131,0.490157,0.458716,-0.137779,0.509141,0.448058,-0.040372,0.497871,0.348277,-0.081633,0.496717,0.28041,-0.107744,0.501274,0.22234,-0.125258,0.562568,0.44146,-0.040212,0.542352,0.384574,-0.098948,0.544859,0.487569,-0.110326,0.551058,0.538891,-0.104742,0.616981,0.450437,-0.047338,0.608864,0.389225,-0.103613,0.604395,0.477595,-0.090072,0.603937,0.524116,-0.067403,0.671997,0.474458,-0.059162,0.672972,0.409233,-0.098065,0.654856,0.469552,-0.088286,0.640027,0.516023,-0.07195
300,10000,True,0.9967,0.9967,0.60922,0.69467,-0.0,0.553703,0.674289,-0.047096,0.498908,0.610571,-0.079148,0.485618,0.536005,-0.109304,0.492078,0.45891,-0.135702,0.508733,0.444737,-0.041402,0.498304,0.345307,-0.083716,0.497059,0.276692,-0.110159,0.502214,0.218677,-0.127738,0.561323,0.438435,-0.040869,0.539679,0.380976,-0.097185,0.543795,0.486499,-0.104992,0.552881,0.535391,-0.097642,0.615665,0.446759,-0.047637,0.605734,0.385133,-0.101291,0.603113,0.475208,-0.083349,0.606451,0.520843,-0.058418,0.670911,0.470279,-0.059247,0.670925,0.404642,-0.095788,0.652692,0.464883,-0.08348,0.639621,0.509461,-0.065793
301,10033,True,0.9966,0.9966,0.609368,0.689808,-0.0,0.55395,0.670128,-0.047099,0.498648,0.605884,-0.07941,0.484051,0.530543,-0.109982,0.491073,0.45304,-0.136914,0.509114,0.442622,-0.040735,0.49832,0.342639,-0.082586,0.496984,0.273254,-0.108203,0.501582,0.215105,-0.125098,0.560562,0.435806,-0.040264,0.538446,0.377535,-0.096103,0.542802,0.48151,-0.103321,0.551601,0.529202,-0.095427,0.614301,0.443439,-0.04713,0.603999,0.380909,-0.100539,0.602117,0.469482,-0.082373,0.605435,0.513417,-0.057179,0.669037,0.466078,-0.058824,0.668835,0.399669,-0.095012,0.651862,0.458713,-0.082426,0.639405,0.502542,-0.064514
302,10066,True,0.9969,0.9969,0.607853,0.68525,-0.0,0.551702,0.665552,-0.045869,0.496859,0.601379,-0.077561,0.482075,0.526992,-0.107783,0.48759,0.450875,-0.134525,0.506844,0.436566,-0.038118,0.497668,0.339684,-0.078877,0.496152,0.270475,-0.104028,0.499919,0.214221,-0.120639,0.558656,0.429695,-0.038354,0.536776,0.373106,-0.09345,0.541791,0.476641,-0.100959,0.54954,0.524214,-0.093123,0.612819,0.436856,-0.045835,0.602405,0.378133,-0.098162,0.601326,0.464437,-0.08039,0.603866,0.507207,-0.05569,0.667822,0.459389,-0.058088,0.667125,0.394734,-0.092946,0.651396,0.452667,-0.079959,0.639522,0.49545,-0.061991
303,10100,True,0.9972,0.9972,0.604729,0.681868,-0.0,0.54858,0.661377,-0.046147,0.493589,0.597875,-0.079058,0.477992,0.524074,-0.110816,0.484952,0.448081,-0.13915,0.503724,0.431449,-0.037174,0.494502,0.336663,-0.077224,0.492702,0.267708,-0.101299,0.496911,0.212797,-0.117008,0.555682,0.425079,-0.037405,0.535183,0.371833,-0.091472,0.540095,0.474835,-0.097906,0.547388,0.520508,-0.089292,0.610009,0.43254,-0.045096,0.600384,0.376973,-0.096319,0.599094,0.460927,-0.078234,0.601011,0.501506,-0.053586,0.665182,0.455601,-0.05765,0.664515,0.392202,-0.09138,0.649123,0.44853,-0.078198,0.637036,0.490206,-0.060274
304,10133,True,0.9967,0.9967,0.604915,0.682557,-0.0,0.548079,0.66134,-0.047972,0.492334,0.596201,-0.082299,0.475913,0.519942,-0.115465,0.481503,0.441662,-0.145133,0.501193,0.431857,-0.037194,0.49175,0.337877,-0.07734,0.490546,0.267941,-0.10022,0.495077,0.214191,-0.114676,0.553267,0.424575,-0.037182,0.53378,0.372876,-0.092027,0.53951,0.476324,-0.097692,0.545824,0.519265,-0.087789,0.607901,0.431237,-0.044969,0.5998,0.376821,-0.097424,0.59931,0.459919,-0.079193,0.599191,0.497036,-0.053916,0.662934,0.453703,-0.057743,0.663468,0.3901,-0.092317,0.650058,0.445813,-0.078931,0.637732,0.485991,-0.060463
305,10166,True,0.9967,0.9967,0.602693,0.682593,-0.0,0.546496,0.6614,-0.047936,0.490044,0.597159,-0.082596,0.473024,0.52083,-0.116115,0.478737,0.442677,-0.146177,0.499008,0.431088,-0.037388,0.489859,0.337653,-0.077628,0.488448,0.268535,-0.100783,0.493517,0.215208,-0.115451,0.551398,0.424297,-0.037334,0.532327,0.371726,-0.091643,0.537968,0.475529,-0.097217,0.544288,0.51738,-0.087544,0.606054,0.430892,-0.045086,0.598525,0.376271,-0.097089,0.597481,0.459754,-0.078768,0.597236,0.496985,-0.05372,0.661261,0.452941,-0.057847,0.66218,0.389332,-0.092059,0.648444,0.445321,-0.078667,0.635896,0.485978,-0.060422
306,10200,True,0.9967,0.9967,0.602197,0.682685,-0.0,0.545184,0.66151,-0.047966,0.489,0.598286,-0.082901,0.472547,0.522968,-0.116695,0.478433,0.444752,-0.146992,0.497631,0.430175,-0.037433,0.488603,0.337175,-0.077452,0.487479,0.268408,-0.100831,0.491627,0.215415,-0.115791,0.549654,0.423674,-0.037379,0.531105,0.375155,-0.091514,0.537365,0.478529,-0.097703,0.542778,0.518843,-0.088728,0.604407,0.430638,-0.045066,0.597167,0.377635,-0.09655,0.596104,0.460609,-0.078578,0.594664,0.495966,-0.054104,0.659549,0.453114,-0.057768,0.659983,0.390446,-0.091684,0.646143,0.44696,-0.078208,0.632893,0.486846,-0.059978
307,10233,True,0.9968,0.9968,0.60064,0.686786,-0.0,0.544386,0.6648,-0.0469,0.488123,0.600968,-0.081004,0.471943,0.525168,-0.114089,0.477094,0.446315,-0.143619,0.496437,0.434397,-0.03674,0.487571,0.339281,-0.075855,0.486688,0.270552,-0.098355,0.491209,0.217925,-0.112713,0.548568,0.428292,-0.037102,0.528875,0.379327,-0.091158,0.53511,0.480415,-0.09734,0.541705,0.520752,-0.088355,0.603002,0.435529,-0.045085,0.594631,0.381082,-0.096157,0.593683,0.461497,-0.078535,0.593529,0.495869,-0.054464,0.658349,0.457503,-0.058005,0.658487,0.393843,-0.091646,0.644603,0.448491,-0.078576,0.631834,0.487572,-0.060741
308,10266,True,0.997,0.997,0.599703,0.689263,-0.0,0.543239,0.668336,-0.045366,0.487163,0.606263,-0.078798,0.470975,0.532354,-0.111249,0.475862,0.454584,-0.140054,0.497514,0.438635,-0.038379,0.488235,0.341166,-0.077776,0.487198,0.273364,-0.100534,0.490474,0.220465,-0.115161,0.548818,0.433486,-0.039068,0.527316,0.384088,-0.092107,0.533933,0.484724,-0.097807,0.540933,0.522725,-0.089321,0.60273,0.440818,-0.047032,0.5932,0.384911,-0.097406,0.592338,0.467226,-0.07877,0.592981,0.50118,-0.054499,0.657729,0.462454,-0.059778,0.657307,0.398385,-0.092939,0.643154,0.453757,-0.079121,0.631106,0.491825,-0.060939
309,10300,True,0.9969,0.9969,0.599387,0.692933,-0.0,0.542565,0.673256,-0.045945,0.485914,0.611675,-0.079073,0.470354,0.538507,-0.110862,0.474499,0.460146,-0.139019,0.497084,0.44308,-0.039108,0.48697,0.343578,-0.078303,0.485268,0.277219,-0.101518,0.487481,0.223781,-0.116801,0.548672,0.437315,-0.039951,0.526691,0.389653,-0.095259,0.532757,0.489606,-0.103501,0.54009,0.529662,-0.096449,0.601979,0.445,-0.047948,0.591698,0.390576,-0.099714,0.590674,0.472729,-0.083079,0.59195,0.506885,-0.059964,0.656565,0.466835,-0.060663,0.654301,0.404996,-0.094863,0.640002,0.462051,-0.082061,0.62869,0.500401,-0.064486
310,10333,True,0.9964,0.9964,0.600545,0.702134,-0.0,0.544176,0.680674,-0.04756,0.488477,0.617656,-0.080484,0.471519,0.54462,-0.111896,0.474501,0.464936,-0.139794,0.497944,0.452187,-0.039781,0.486025,0.351684,-0.079331,0.483839,0.284969,-0.103779,0.486254,0.229558,-0.119977,0.549258,0.446261,-0.039917,0.528599,0.39378,-0.096278,0.532742,0.487939,-0.10764,0.53871,0.530624,-0.102727,0.602209,0.454306,-0.047075,0.592489,0.395732,-0.099852,0.5911,0.475292,-0.086418,0.592562,0.513616,-0.064942,0.656515,0.476007,-0.058982,0.654446,0.408863,-0.094115,0.640886,0.461426,-0.083425,0.630825,0.50153,-0.067091
311,10366,True,0.9968,0.9968,0.600586,0.703351,-0.0,0.544004,0.684014,-0.046272,0.488165,0.622846,-0.079168,0.473222,0.551327,-0.110961,0.476353,0.473842,-0.139174,0.497056,0.453071,-0.038535,0.485435,0.354352,-0.077475,0.483713,0.288024,-0.100924,0.486644,0.234689,-0.116278,0.548393,0.447554,-0.039363,0.528786,0.398398,-0.094586,0.532752,0.49324,-0.104491,0.537781,0.533213,-0.098773,0.601302,0.45567,-0.047301,0.593685,0.400233,-0.099191,0.592037,0.479357,-0.085016,0.592404,0.514637,-0.063448,0.655943,0.477947,-0.059946,0.656119,0.412435,-0.09427,0.642576,0.465539,-0.083129,0.631343,0.503789,-0.066754
312,10400,True,0.9969,0.9969,0.604683,0.704297,-0.0,0.546755,0.686605,-0.045076,0.489522,0.626593,-0.076679,0.474455,0.555596,-0.106871,0.47706,0.479303,-0.133507,0.498838,0.455224,-0.038053,0.488559,0.359369,-0.077455,0.487115,0.29462,-0.101211,0.489959,0.240944,-0.116755,0.551267,0.448433,-0.039106,0.532607,0.401486,-0.093777,0.53604,0.499992,-0.102863,0.540473,0.537705,-0.096609,0.604818,0.455907,-0.047114,0.597797,0.403942,-0.098628,0.595493,0.487389,-0.082583,0.595333,0.51979,-0.059744,0.659123,0.478345,-0.059728,0.65892,0.417788,-0.093204,0.646126,0.47454,-0.080076,0.636322,0.508838,-0.062241
313,10433,True,0.9961,0.9961,0.609073,0.703095,-0.0,0.551098,0.686614,-0.046265,0.494316,0.627217,-0.078294,0.478795,0.556229,-0.108848,0.481586,0.48024,-0.135899,0.500943,0.458014,-0.038487,0.492023,0.363229,-0.078342,0.491368,0.298232,-0.102215,0.494603,0.244848,-0.117726,0.553307,0.449936,-0.039207,0.536135,0.402953,-0.094574,0.540966,0.500783,-0.103887,0.545223,0.537638,-0.097503,0.607069,0.456692,-0.047025,0.601404,0.405603,-0.099724,0.600266,0.487816,-0.084344,0.599129,0.519171,-0.061585,0.661216,0.478626,-0.059507,0.663237,0.418089,-0.094173,0.651813,0.47371,-0.081646,0.641454,0.5081,-0.064002
314,10466,True,0.9961,0.9961,0.6122,0.70339,-0.0,0.554311,0.687002,-0.046415,0.498408,0.627791,-0.079568,0.484416,0.554985,-0.111248,0.486874,0.478837,-0.139501,0.503874,0.459661,-0.04027,0.494601,0.364611,-0.081502,0.494967,0.298495,-0.106122,0.500078,0.245364,-0.121766,0.556642,0.451572,-0.041038,0.541385,0.404245,-0.096306,0.546423,0.503487,-0.104583,0.549411,0.538863,-0.097594,0.610836,0.457477,-0.049002,0.606855,0.405344,-0.101235,0.604781,0.487353,-0.084723,0.6015,0.51876,-0.061456,0.664891,0.478193,-0.061713,0.667664,0.416127,-0.095941,0.656294,0.470797,-0.082614,0.644666,0.505353,-0.064462
315,10500,True,0.9968,0.9968,0.613743,0.703812,-0.0,0.557242,0.686936,-0.045911,0.502351,0.628111,-0.078695,0.488024,0.557235,-0.110261,0.491514,0.481527,-0.138413,0.508575,0.457362,-0.038799,0.499657,0.361916,-0.080139,0.499467,0.295542,-0.104969,0.504827,0.241808,-0.120561,0.561632,0.450141,-0.03956,0.545214,0.402301,-0.09503,0.548084,0.501822,-0.103242,0.552154,0.537344,-0.095786,0.615908,0.456421,-0.047623,0.611031,0.404943,-0.099871,0.606903,0.488399,-0.083344,0.605464,0.520019,-0.059572,0.670653,0.477153,-0.060447,0.672295,0.4153,-0.094209,0.658094,0.471446,-0.080786,0.646618,0.507087,-0.062309
316,10533,True,0.9965,0.9965,0.617596,0.700631,-0.0,0.560096,0.684093,-0.045821,0.505093,0.627383,-0.078564,0.491501,0.55814,-0.110018,0.495463,0.483984,-0.137898,0.511619,0.45472,-0.039071,0.502407,0.358747,-0.079878,0.502608,0.291002,-0.104487,0.507635,0.238238,-0.119973,0.564818,0.447113,-0.039719,0.548963,0.398966,-0.094289,0.552586,0.496222,-0.10234,0.555955,0.533802,-0.095104,0.619564,0.453585,-0.047574,0.615223,0.401896,-0.099189,0.612234,0.483867,-0.082827,0.610593,0.517486,-0.059489,0.674656,0.475364,-0.06014,0.677458,0.413899,-0.093963,0.663179,0.469528,-0.08074,0.650633,0.506115,-0.062468
317,10566,True,0.9962,0.9962,0.620151,0.699476,-0.0,0.562989,0.683974,-0.046497,0.507048,0.62958,-0.080867,0.49323,0.561574,-0.113953,0.497075,0.487187,-0.143529,0.515442,0.454035,-0.041075,0.50562,0.355836,-0.082941,0.506381,0.286732,-0.107813,0.512277,0.234028,-0.123216,0.568748,0.446806,-0.042275,0.553057,0.397792,-0.098686,0.557054,0.496749,-0.106705,0.560153,0.535135,-0.098866,0.623284,0.453008,-0.05077,0.619324,0.401635,-0.103231,0.616213,0.483916,-0.086116,0.613568,0.517127,-0.062051,0.677843,0.474311,-0.064073,0.680322,0.413785,-0.09777,0.667009,0.470056,-0.083644,0.654664,0.505435,-0.06468
318,10600,True,0.9963,0.9963,0.621784,0.702166,-0.0,0.564203,0.685165,-0.044836,0.509182,0.627844,-0.0774,0.496461,0.558156,-0.108809,0.500084,0.483268,-0.136813,0.519035,0.456041,-0.040148,0.509646,0.355674,-0.081532,0.510249,0.286727,-0.106463,0.515677,0.231919,-0.122191,0.572353,0.449113,-0.041838,0.555651,0.397113,-0.098146,0.558442,0.49625,-0.106731,0.561814,0.536491,-0.099538,0.626544,0.455388,-0.050532,0.622114,0.399783,-0.102577,0.61799,0.481841,-0.085841,0.61575,0.516476,-0.062175,0.680935,0.476168,-0.063905,0.68376,0.412326,-0.097352,0.669389,0.467908,-0.08355,0.6568,0.504518,-0.064985
319,10633,True,0.9966,0.9966,0.620914,0.702065,-0.0,0.564237,0.685181,-0.045754,0.509588,0.626945,-0.078143,0.496267,0.557672,-0.109171,0.499541,0.48227,-0.136702,0.518485,0.452859,-0.039373,0.510132,0.354054,-0.079459,0.510276,0.286033,-0.104253,0.514999,0.230634,-0.120491,0.572138,0.445008,-0.040392,0.556153,0.395838,-0.096207,0.55831,0.495072,-0.105668,0.561823,0.539306,-0.099494,0.626648,0.452198,-0.04849,0.622354,0.397179,-0.100004,0.617789,0.478328,-0.084665,0.615755,0.515839,-0.062363,0.681875,0.474585,-0.061337,0.684814,0.410298,-0.095149,0.668633,0.465362,-0.082957,0.654457,0.504937,-0.065812
320,10666,True,0.9968,0.9968,0.6219,0.704781,-0.0,0.564064,0.686929,-0.045376,0.509765,0.627283,-0.077223,0.496674,0.558316,-0.107796,0.499853,0.483175,-0.134926,0.518991,0.454887,-0.039038,0.510129,0.355127,-0.079132,0.509925,0.286824,-0.104622,0.514004,0.230315,-0.12169,0.572487,0.446724,-0.040266,0.555304,0.397123,-0.096138,0.557981,0.495842,-0.106868,0.561716,0.540913,-0.101937,0.626994,0.453549,-0.048434,0.621371,0.397209,-0.099808,0.617636,0.477326,-0.085403,0.616232,0.516122,-0.064033,0.682186,0.4756,-0.061341,0.684978,0.410904,-0.09546,0.668549,0.465339,-0.083969,0.654014,0.505911,-0.067484
321,10700,True,0.9969,0.9969,0.622144,0.705437,-0.0,0.563834,0.688937,-0.046989,0.508652,0.630458,-0.080304,0.495325,0.562661,-0.112261,0.498665,0.487414,-0.140771,0.518016,0.454498,-0.040601,0.509261,0.355394,-0.081977,0.509102,0.286852,-0.108154,0.513208,0.230314,-0.125585,0.571679,0.446163,-0.041721,0.554483,0.397733,-0.098846,0.557273,0.497893,-0.109778,0.560511,0.541401,-0.104728,0.626529,0.452813,-0.050031,0.621042,0.3987,-0.102786,0.617833,0.480366,-0.088182,0.615995,0.517683,-0.066414,0.681761,0.47497,-0.06322,0.684539,0.411849,-0.098158,0.668794,0.467822,-0.086353,0.654381,0.507429,-0.069475
322,10733,True,0.9974,0.9974,0.621927,0.710428,-0.0,0.564285,0.693544,-0.04657,0.509556,0.634836,-0.079657,0.496358,0.564874,-0.111298,0.497978,0.488216,-0.139248,0.516832,0.458999,-0.040279,0.508448,0.360136,-0.082164,0.508414,0.291186,-0.108301,0.51318,0.234866,-0.125566,0.571103,0.450748,-0.041174,0.552972,0.400864,-0.09695,0.557257,0.502314,-0.106029,0.561215,0.542662,-0.100063,0.626371,0.457097,-0.049365,0.621006,0.40237,-0.100971,0.618226,0.48538,-0.084161,0.616459,0.52131,-0.061311,0.681986,0.479321,-0.062553,0.6852,0.415809,-0.096467,0.66971,0.472522,-0.083468,0.655013,0.510937,-0.065995
323,10766,True,0.9973,0.9973,0.622648,0.711831,-0.0,0.564717,0.695226,-0.047158,0.509063,0.635997,-0.080385,0.495324,0.566137,-0.112083,0.49838,0.489932,-0.140139,0.517964,0.461719,-0.041118,0.509133,0.362538,-0.082952,0.508455,0.293731,-0.108709,0.512744,0.237224,-0.125734,0.571847,0.453148,-0.041902,0.552386,0.404007,-0.09838,0.556355,0.505745,-0.10742,0.561251,0.546363,-0.101078,0.626911,0.45942,-0.050009,0.6204,0.406179,-0.102779,0.617783,0.489608,-0.086273,0.616999,0.525292,-0.063167,0.682524,0.481481,-0.063053,0.684716,0.41929,-0.097913,0.669095,0.476422,-0.085108,0.655025,0.5148,-0.067499
324,10800,True,0.9973,0.9973,0.621933,0.711196,-0.0,0.565354,0.695941,-0.047837,0.510096,0.638441,-0.081223,0.497356,0.569832,-0.112667,0.500151,0.493766,-0.140442,0.518426,0.462152,-0.042216,0.509757,0.364235,-0.084107,0.510061,0.296829,-0.1099,0.515018,0.240918,-0.126875,0.573029,0.453006,-0.042677,0.555571,0.405472,-0.099966,0.558387,0.505745,-0.109825,0.561534,0.546073,-0.103844,0.628326,0.459643,-0.050405,0.623456,0.408668,-0.104185,0.620768,0.491664,-0.088617,0.619418,0.525559,-0.065852,0.683911,0.482312,-0.062971,0.686515,0.42251,-0.098723,0.672003,0.480921,-0.086287,0.658751,0.518143,-0.068675
325,10833,True,0.9967,0.9967,0.625681,0.710239,-0.0,0.568519,0.694564,-0.045953,0.514296,0.638082,-0.07765,0.501564,0.571344,-0.107384,0.503417,0.496556,-0.133576,0.52211,0.46249,-0.039982,0.513281,0.3643,-0.080102,0.513638,0.297885,-0.105611,0.517193,0.242254,-0.122677,0.576564,0.454068,-0.040912,0.559936,0.403785,-0.09728,0.56331,0.499461,-0.108843,0.565582,0.542795,-0.104306,0.63138,0.460981,-0.048679,0.62711,0.407935,-0.101138,0.625318,0.487698,-0.087521,0.623045,0.523279,-0.066371,0.686304,0.483378,-0.061019,0.689003,0.423265,-0.095799,0.675921,0.480209,-0.084252,0.662755,0.517529,-0.067552
326,10866,True,0.9961,0.9961,0.629716,0.708673,-0.0,0.571751,0.692812,-0.043397,0.5173,0.636019,-0.074147,0.505713,0.567342,-0.103397,0.509387,0.493553,-0.129307,0.52785,0.464571,-0.03987,0.51872,0.364077,-0.079677,0.519502,0.297915,-0.104546,0.522762,0.24321,-0.121026,0.582044,0.455786,-0.041841,0.566592,0.406166,-0.097533,0.570468,0.501731,-0.10817,0.572435,0.544181,-0.103241,0.636948,0.46257,-0.050311,0.633291,0.408218,-0.101904,0.630811,0.487033,-0.087773,0.627049,0.521239,-0.066612,0.691844,0.48445,-0.063097,0.696285,0.423463,-0.097365,0.682632,0.47881,-0.085432,0.667753,0.515321,-0.068547
327,10900,True,0.9965,0.9965,0.63278,0.708219,-0.0,0.575486,0.689936,-0.044457,0.522234,0.632731,-0.076501,0.511229,0.563816,-0.107107,0.514749,0.490346,-0.134216,0.532545,0.460049,-0.039439,0.524832,0.363674,-0.079881,0.525786,0.296404,-0.104787,0.530305,0.243585,-0.1209,0.586326,0.45275,-0.040996,0.570141,0.403197,-0.095558,0.574191,0.501158,-0.104031,0.577548,0.541514,-0.097486,0.641439,0.460123,-0.049486,0.637744,0.407558,-0.100209,0.634284,0.487776,-0.083899,0.631041,0.521654,-0.061391,0.696542,0.483399,-0.062606,0.70108,0.423328,-0.095924,0.685817,0.479745,-0.082692,0.670612,0.516561,-0.065004
328,10933,True,0.9968,0.9968,0.636554,0.705505,-0.0,0.579799,0.687,-0.046825,0.526368,0.630116,-0.080808,0.515504,0.558608,-0.113204,0.518942,0.483272,-0.142072,0.536485,0.455914,-0.040364,0.529041,0.360928,-0.080946,0.530261,0.292386,-0.105399,0.535527,0.239268,-0.121067,0.590775,0.448917,-0.040747,0.57586,0.402278,-0.094883,0.579198,0.501544,-0.102341,0.581247,0.539962,-0.094968,0.646256,0.455927,-0.04838,0.643458,0.405899,-0.099115,0.639373,0.486715,-0.082258,0.634831,0.520241,-0.059295,0.701083,0.47896,-0.060879,0.705248,0.420771,-0.094509,0.689894,0.477957,-0.081189,0.674141,0.514989,-0.063244
329,10966,True,0.9967,0.9967,0.638718,0.704364,-0.0,0.581088,0.685521,-0.046983,0.528377,0.62637,-0.080558,0.51826,0.553767,-0.1125,0.523013,0.478351,-0.140949,0.540651,0.455167,-0.040824,0.533358,0.359259,-0.08166,0.534206,0.290108,-0.10629,0.539716,0.236025,-0.122123,0.594929,0.447655,-0.041494,0.579989,0.397155,-0.096454,0.582814,0.495607,-0.10415,0.585961,0.536905,-0.096622,0.650209,0.455258,-0.049412,0.647155,0.403088,-0.100673,0.642881,0.483313,-0.083977,0.639743,0.518811,-0.060826,0.705225,0.479126,-0.062236,0.709826,0.41896,-0.096047,0.693717,0.474371,-0.082965,0.678379,0.512246,-0.065147
330,11000,True,0.9966,0.9966,0.641463,0.703861,-0.0,0.584317,0.684906,-0.046813,0.531913,0.626819,-0.08054,0.522131,0.554946,-0.112708,0.525445,0.479872,-0.141305,0.543088,0.4533,-0.040685,0.536664,0.35828,-0.081379,0.538098,0.289074,-0.10609,0.544149,0.235205,-0.121944,0.597417,0.446387,-0.041013,0.584041,0.397581,-0.094806,0.586362,0.496537,-0.102127,0.588406,0.537056,-0.094763,0.65279,0.454089,-0.048581,0.651162,0.401896,-0.098674,0.646361,0.481615,-0.081893,0.64213,0.51736,-0.059115,0.707768,0.477987,-0.061083,0.713973,0.417418,-0.094318,0.69753,0.471686,-0.081414,0.680869,0.509135,-0.063874
331,11033,True,0.996,0.996,0.645459,0.703326,-0.0,0.588165,0.684942,-0.045963,0.53555,0.627381,-0.078932,0.524713,0.557119,-0.110466,0.527336,0.48252,-0.138633,0.547162,0.454293,-0.040583,0.540043,0.358129,-0.081076,0.541427,0.288701,-0.106113,0.54599,0.233144,-0.12244,0.600559,0.446507,-0.041203,0.587581,0.397993,-0.094907,0.590965,0.495255,-0.103368,0.592351,0.536766,-0.097116,0.655533,0.453656,-0.048811,0.653915,0.399798,-0.098741,0.650487,0.478621,-0.082809,0.645926,0.514443,-0.060782,0.709992,0.47727,-0.061219,0.716466,0.416348,-0.094527,0.700889,0.470844,-0.08195,0.68417,0.508481,-0.064739
332,11066,True,0.9959,0.9959,0.64629,0.703743,-0.0,0.589113,0.68483,-0.047526,0.53697,0.625061,-0.080914,0.526263,0.553785,-0.112623,0.529059,0.478927,-0.141132,0.548682,0.455722,-0.042024,0.541586,0.359909,-0.083669,0.542806,0.290187,-0.109915,0.547574,0.234071,-0.127136,0.60217,0.447184,-0.042378,0.589787,0.398665,-0.09789,0.592853,0.495452,-0.107834,0.593789,0.537511,-0.102364,0.657254,0.45388,-0.049834,0.656054,0.399856,-0.101461,0.652559,0.478411,-0.086657,0.647647,0.515053,-0.06511,0.711755,0.47687,-0.062187,0.717834,0.416286,-0.097009,0.702644,0.47159,-0.085068,0.686658,0.510606,-0.068104
333,11100,True,0.9963,0.9963,0.64685,0.703393,-0.0,0.590009,0.68469,-0.046415,0.538552,0.624552,-0.079484,0.529011,0.551522,-0.110957,0.530047,0.476101,-0.139039,0.54985,0.454239,-0.040001,0.542786,0.360539,-0.081254,0.544722,0.291054,-0.106986,0.550035,0.236182,-0.123681,0.603647,0.445415,-0.040567,0.591873,0.398389,-0.095013,0.595749,0.496584,-0.103568,0.596122,0.538559,-0.097155,0.65862,0.451578,-0.048329,0.65835,0.399749,-0.098608,0.655567,0.478299,-0.082403,0.650069,0.514079,-0.06023,0.712977,0.474609,-0.061047,0.71959,0.415545,-0.094742,0.704875,0.47117,-0.082089,0.688067,0.509408,-0.064809
334,11133,True,0.9966,0.9966,0.648066,0.703394,-0.0,0.591727,0.684818,-0.046693,0.540327,0.62588,-0.080275,0.530557,0.554475,-0.112292,0.532971,0.480187,-0.140988,0.551764,0.454291,-0.040847,0.545732,0.361105,-0.082699,0.54736,0.291087,-0.108838,0.552217,0.236041,-0.125749,0.60557,0.445955,-0.041212,0.593675,0.401038,-0.09543,0.596819,0.500988,-0.103433,0.597139,0.541301,-0.09666,0.660694,0.452209,-0.048801,0.66017,0.401739,-0.098738,0.656871,0.481612,-0.081463,0.65164,0.516372,-0.058607,0.714802,0.475351,-0.061414,0.721062,0.417418,-0.094594,0.706514,0.473487,-0.080991,0.690926,0.509959,-0.06298
335,11166,True,0.9965,0.9965,0.64878,0.703129,-0.0,0.592687,0.684595,-0.047621,0.541073,0.625805,-0.081815,0.531876,0.553786,-0.114315,0.535085,0.478835,-0.143496,0.553526,0.454173,-0.041413,0.547739,0.360967,-0.082763,0.549457,0.291178,-0.10808,0.554378,0.236435,-0.124448,0.607154,0.446094,-0.041632,0.595583,0.400246,-0.095985,0.599058,0.499958,-0.103802,0.599594,0.540861,-0.096721,0.662105,0.453172,-0.04914,0.662078,0.402845,-0.099921,0.659124,0.4829,-0.083086,0.653716,0.518347,-0.060234,0.716231,0.477036,-0.061636,0.722927,0.418817,-0.095672,0.708808,0.474797,-0.08256,0.692833,0.511978,-0.064762
336,11200,True,0.9968,0.9968,0.650006,0.703389,-0.0,0.594183,0.684798,-0.047517,0.542766,0.626842,-0.081974,0.532674,0.557699,-0.114826,0.535828,0.484318,-0.144314,0.556148,0.454313,-0.042545,0.550041,0.360289,-0.084428,0.55182,0.290034,-0.109873,0.557931,0.235847,-0.12614,0.609596,0.447198,-0.042916,0.596717,0.399146,-0.097877,0.599365,0.499686,-0.105146,0.601166,0.541729,-0.097424,0.664356,0.455142,-0.050596,0.662851,0.404294,-0.101849,0.659512,0.484827,-0.084375,0.656109,0.52174,-0.060778,0.718572,0.479846,-0.063286,0.725046,0.420134,-0.097315,0.709978,0.474593,-0.083963,0.694613,0.511834,-0.065896
337,11233,True,0.9968,0.9968,0.651534,0.704153,-0.0,0.59577,0.685318,-0.047413,0.54441,0.626884,-0.081386,0.533638,0.559011,-0.11365,0.537313,0.485398,-0.142571,0.55791,0.455741,-0.043079,0.55148,0.360748,-0.085326,0.553566,0.291206,-0.111467,0.559377,0.23607,-0.128372,0.611151,0.448354,-0.043407,0.59809,0.40043,-0.098687,0.601521,0.49926,-0.10696,0.604049,0.541746,-0.100204,0.665903,0.456851,-0.050948,0.66414,0.405305,-0.10239,0.661425,0.48551,-0.085646,0.658616,0.522636,-0.062584,0.719977,0.482064,-0.06346,0.726568,0.421672,-0.097682,0.711542,0.475798,-0.084792,0.696485,0.513073,-0.067106
338,11266,True,0.9966,0.9966,0.6533,0.70526,-0.0,0.597764,0.68676,-0.046667,0.546607,0.628846,-0.080051,0.535713,0.560904,-0.111611,0.539807,0.487324,-0.139842,0.559446,0.458013,-0.043104,0.552858,0.362203,-0.085294,0.555403,0.293322,-0.111701,0.561226,0.237656,-0.128878,0.612626,0.450911,-0.043355,0.600035,0.401444,-0.098053,0.603777,0.49928,-0.106772,0.605826,0.540838,-0.100687,0.667345,0.459037,-0.050595,0.665817,0.405717,-0.101404,0.662993,0.486201,-0.084885,0.65975,0.522657,-0.062258,0.721406,0.483426,-0.062673,0.727775,0.42356,-0.096402,0.712994,0.47875,-0.083442,0.698072,0.515424,-0.065864
339,11300,True,0.9965,0.9965,0.655087,0.707716,-0.0,0.600017,0.689294,-0.046328,0.54942,0.631403,-0.079319,0.538436,0.562987,-0.110329,0.541939,0.489323,-0.138007,0.561377,0.46028,-0.042845,0.555216,0.364591,-0.084884,0.55743,0.295841,-0.111151,0.562819,0.239958,-0.128247,0.614412,0.453405,-0.043012,0.601115,0.403689,-0.097634,0.605018,0.50158,-0.106253,0.607229,0.543011,-0.100029,0.668894,0.461547,-0.050089,0.667114,0.408788,-0.100588,0.66445,0.488183,-0.083988,0.661081,0.523026,-0.061382,0.722655,0.48603,-0.061968,0.728703,0.426543,-0.09534,0.714434,0.482412,-0.082142,0.699697,0.518855,-0.064458
340,11333,True,0.9961,0.9961,0.656846,0.706566,-0.0,0.60124,0.689281,-0.045469,0.550212,0.633025,-0.077642,0.539455,0.56697,-0.10788,0.541812,0.495837,-0.134731,0.56319,0.460288,-0.041886,0.5577,0.363836,-0.082865,0.560322,0.29555,-0.108227,0.565067,0.239936,-0.12481,0.616316,0.453076,-0.042448,0.604524,0.404434,-0.097101,0.608454,0.502488,-0.105879,0.609499,0.543865,-0.099669,0.670571,0.461053,-0.049789,0.670252,0.410588,-0.10068,0.667677,0.490453,-0.084461,0.663121,0.524097,-0.061946,0.723814,0.485602,-0.061765,0.731209,0.428524,-0.095371,0.717481,0.484748,-0.082196,0.702121,0.519506,-0.064414
341,11366,True,0.9964,0.9964,0.658966,0.708023,-0.0,0.603048,0.690007,-0.045892,0.552708,0.632107,-0.078537,0.54281,0.563988,-0.109255,0.546929,0.491853,-0.136638,0.565329,0.461248,-0.04181,0.560461,0.366475,-0.083627,0.562854,0.29812,-0.109312,0.567608,0.242816,-0.125994,0.61845,0.453784,-0.042273,0.606682,0.405141,-0.097268,0.611145,0.50461,-0.105397,0.612316,0.544829,-0.098491,0.672751,0.461276,-0.049677,0.672438,0.412033,-0.100851,0.669859,0.492666,-0.083875,0.664892,0.525512,-0.060678,0.725896,0.485327,-0.06182,0.7329,0.428441,-0.09535,0.719259,0.485226,-0.081688,0.703706,0.52004,-0.063496
342,11400,True,0.9967,0.9967,0.659927,0.708482,-0.0,0.604497,0.690303,-0.045779,0.554317,0.632913,-0.07863,0.544942,0.565424,-0.109795,0.548835,0.493865,-0.137572,0.566984,0.462116,-0.04148,0.56196,0.368376,-0.08338,0.565036,0.299712,-0.10907,0.571082,0.245307,-0.125552,0.620025,0.45499,-0.041934,0.609038,0.406206,-0.096406,0.612815,0.50585,-0.104039,0.613814,0.545727,-0.096846,0.674483,0.462432,-0.049424,0.674584,0.412072,-0.099851,0.671648,0.492157,-0.08244,0.666847,0.525488,-0.059095,0.727679,0.486583,-0.061744,0.73608,0.428184,-0.094573,0.721831,0.482781,-0.080795,0.70575,0.517014,-0.062637
343,11433,True,0.9967,0.9967,0.660409,0.707721,-0.0,0.604366,0.688606,-0.045647,0.554975,0.628738,-0.078028,0.547147,0.558478,-0.108699,0.551978,0.485735,-0.1361,0.568396,0.461626,-0.040811,0.563591,0.368649,-0.081966,0.567098,0.300561,-0.107389,0.573781,0.24591,-0.123832,0.621408,0.453838,-0.041076,0.610993,0.406203,-0.094546,0.614841,0.503521,-0.102296,0.616314,0.54426,-0.095556,0.675913,0.46159,-0.048343,0.676346,0.410624,-0.098189,0.673527,0.489184,-0.081623,0.669065,0.523944,-0.059099,0.729281,0.486304,-0.060403,0.73796,0.427789,-0.093727,0.723109,0.482217,-0.080931,0.706528,0.518746,-0.06351
344,11466,True,0.9969,0.9969,0.661212,0.707006,-0.0,0.605487,0.687802,-0.044322,0.556292,0.627857,-0.076376,0.549004,0.557063,-0.10693,0.55386,0.484153,-0.13424,0.570243,0.459362,-0.03934,0.565425,0.368223,-0.080404,0.569017,0.300498,-0.105742,0.575781,0.246279,-0.122038,0.623269,0.45196,-0.039917,0.613555,0.405625,-0.092082,0.616798,0.504381,-0.098886,0.61743,0.544229,-0.091774,0.677725,0.460124,-0.047463,0.678834,0.410272,-0.096058,0.675134,0.490368,-0.07833,0.669853,0.524504,-0.055326,0.730874,0.485815,-0.059752,0.739933,0.428481,-0.091794,0.724628,0.483524,-0.078074,0.707472,0.518683,-0.06022
345,11500,True,0.9968,0.9968,0.662905,0.706056,-0.0,0.607439,0.687494,-0.044448,0.558019,0.627013,-0.076091,0.550739,0.555451,-0.106135,0.554723,0.482454,-0.132957,0.571227,0.459059,-0.039246,0.566463,0.368137,-0.080607,0.570341,0.300357,-0.106274,0.577423,0.245808,-0.122793,0.624771,0.451197,-0.039624,0.615727,0.405712,-0.092111,0.61873,0.505358,-0.099099,0.619033,0.545475,-0.09208,0.679504,0.458851,-0.047005,0.681124,0.409951,-0.09613,0.676995,0.491155,-0.078474,0.671149,0.525504,-0.055382,0.732586,0.483816,-0.059105,0.741764,0.427515,-0.091527,0.726485,0.483509,-0.077755,0.709252,0.5185,-0.059766
346,11533,True,0.9964,0.9964,0.663573,0.705615,-0.0,0.60852,0.687161,-0.046205,0.559408,0.62819,-0.079463,0.55145,0.55706,-0.110959,0.554944,0.484041,-0.139145,0.571265,0.457555,-0.03922,0.567326,0.36803,-0.08052,0.570957,0.299564,-0.105847,0.578521,0.245773,-0.122081,0.624984,0.449585,-0.039147,0.617294,0.405132,-0.092174,0.620478,0.505773,-0.098924,0.620128,0.545838,-0.0912,0.679949,0.457182,-0.046391,0.682797,0.409781,-0.095488,0.679,0.489528,-0.07774,0.672112,0.522388,-0.05456,0.733043,0.482319,-0.058599,0.742596,0.428189,-0.091123,0.728055,0.484399,-0.07759,0.710478,0.518373,-0.059741
347,11566,True,0.9963,0.9963,0.66449,0.705301,-0.0,0.609243,0.687587,-0.045619,0.560108,0.629397,-0.078377,0.551982,0.559784,-0.109302,0.555702,0.488009,-0.136959,0.572385,0.458235,-0.039446,0.568132,0.367624,-0.080952,0.572514,0.299236,-0.106899,0.580013,0.245193,-0.123595,0.626288,0.450352,-0.039615,0.61898,0.404584,-0.09293,0.622374,0.503415,-0.100642,0.620921,0.543602,-0.093732,0.681203,0.458058,-0.046924,0.684348,0.41009,-0.096321,0.680924,0.489563,-0.079262,0.67355,0.523068,-0.05648,0.734037,0.483329,-0.059071,0.743277,0.428771,-0.091859,0.729349,0.485116,-0.078484,0.712088,0.519451,-0.060661
348,11600,True,0.9966,0.9966,0.664799,0.704854,0.0,0.611286,0.687146,-0.048533,0.562187,0.630927,-0.084037,0.552004,0.564948,-0.117677,0.557264,0.494525,-0.148059,0.573356,0.459603,-0.043048,0.569835,0.368564,-0.085992,0.573564,0.298669,-0.112093,0.581378,0.244955,-0.128577,0.626435,0.45186,-0.042205,0.618568,0.407546,-0.096244,0.621603,0.5086,-0.102648,0.62106,0.547139,-0.094513,0.681366,0.45941,-0.048853,0.684584,0.411659,-0.099105,0.680565,0.491509,-0.080869,0.673002,0.525318,-0.057015,0.733624,0.484894,-0.060654,0.743475,0.428769,-0.09444,0.729478,0.484524,-0.080748,0.712415,0.519915,-0.062344
349,11633,True,0.997,0.997,0.665842,0.704185,0.0,0.612355,0.686947,-0.048416,0.562716,0.631103,-0.08464,0.55259,0.564691,-0.119171,0.55819,0.494323,-0.150488,0.574261,0.457514,-0.04252,0.570856,0.367086,-0.085841,0.57423,0.296506,-0.111998,0.581935,0.243684,-0.128366,0.627227,0.450211,-0.041927,0.619122,0.406425,-0.09596,0.622193,0.508767,-0.101554,0.621239,0.54612,-0.09266,0.682232,0.457316,-0.049006,0.685101,0.410654,-0.099165,0.681452,0.490855,-0.079953,0.673944,0.523494,-0.055448,0.734666,0.482343,-0.061298,0.743784,0.42747,-0.094899,0.730278,0.484302,-0.080491,0.713479,0.518861,-0.061535
350,11666,True,0.997,0.997,0.665008,0.704271,0.0,0.611652,0.686365,-0.048679,0.562592,0.62967,-0.084358,0.553723,0.563016,-0.118263,0.559435,0.492509,-0.148967,0.574358,0.456196,-0.042375,0.5714,0.366341,-0.085581,0.575294,0.296577,-0.112032,0.583381,0.24334,-0.128637,0.627624,0.448808,-0.04165,0.620668,0.40623,-0.096232,0.622729,0.507574,-0.103077,0.621331,0.545239,-0.094934,0.682628,0.456341,-0.048525,0.68647,0.411108,-0.099147,0.681698,0.491251,-0.081279,0.673862,0.52411,-0.057438,0.73488,0.481663,-0.06059,0.74493,0.427625,-0.094486,0.73081,0.483857,-0.08084,0.713971,0.518199,-0.062259
351,11700,True,0.9971,0.9971,0.664968,0.704223,0.0,0.611922,0.686644,-0.049875,0.563058,0.630795,-0.086548,0.553336,0.565547,-0.121362,0.558729,0.495033,-0.152969,0.575026,0.456387,-0.043841,0.571773,0.366058,-0.087359,0.575727,0.295922,-0.113959,0.58415,0.243446,-0.130646,0.628352,0.448962,-0.042898,0.62064,0.40581,-0.098057,0.622912,0.506925,-0.105044,0.622314,0.545935,-0.096914,0.683385,0.456918,-0.049682,0.686456,0.410492,-0.100885,0.681865,0.490133,-0.083263,0.674683,0.525008,-0.059482,0.735942,0.482682,-0.061764,0.745565,0.427538,-0.096389,0.731094,0.482772,-0.083335,0.714305,0.518565,-0.065107
352,11733,True,0.9971,0.9971,0.665363,0.703707,0.0,0.612262,0.686453,-0.05039,0.563383,0.630707,-0.087128,0.55331,0.566005,-0.121931,0.557899,0.495418,-0.153595,0.574968,0.456561,-0.044533,0.572051,0.366229,-0.088408,0.576173,0.29605,-0.115468,0.584545,0.243202,-0.132501,0.628444,0.449124,-0.043549,0.621539,0.404928,-0.099404,0.623441,0.505671,-0.107176,0.622404,0.545783,-0.099562,0.683479,0.456959,-0.050284,0.687031,0.410244,-0.102286,0.682529,0.490522,-0.085233,0.675408,0.526547,-0.061659,0.735934,0.482314,-0.062304,0.745837,0.426956,-0.097274,0.731528,0.48222,-0.084371,0.7151,0.518371,-0.066242
353,11766,True,0.9972,0.9972,0.665858,0.704467,0.0,0.612417,0.686345,-0.049218,0.563958,0.630366,-0.085069,0.554541,0.564669,-0.119055,0.559045,0.493592,-0.149784,0.57578,0.455838,-0.043088,0.572891,0.365953,-0.086133,0.576767,0.296285,-0.112495,0.585381,0.243606,-0.12904,0.629364,0.448991,-0.04207,0.622111,0.403977,-0.096373,0.624052,0.504827,-0.102895,0.624001,0.545246,-0.094637,0.684127,0.457415,-0.048739,0.687291,0.41079,-0.099241,0.682247,0.491203,-0.081396,0.67592,0.527848,-0.057502,0.736658,0.483449,-0.060669,0.746317,0.427302,-0.094395,0.731123,0.481935,-0.081237,0.714438,0.518246,-0.06312
354,11800,True,0.9975,0.9975,0.66565,0.706735,0.0,0.613536,0.68801,-0.049647,0.565707,0.632215,-0.086602,0.555083,0.566588,-0.121885,0.559895,0.495466,-0.153947,0.575621,0.456663,-0.043046,0.573452,0.368221,-0.087292,0.576997,0.297792,-0.114528,0.585789,0.245494,-0.13152,0.629159,0.449939,-0.041947,0.622057,0.406183,-0.096207,0.623495,0.507483,-0.102389,0.622405,0.545624,-0.093961,0.684381,0.457898,-0.04873,0.687921,0.412069,-0.09873,0.682739,0.491757,-0.080013,0.67537,0.52689,-0.055773,0.737073,0.483937,-0.060966,0.746879,0.4274,-0.094149,0.731841,0.481826,-0.080324,0.714716,0.517698,-0.061821
355,11833,True,0.9973,0.9973,0.666332,0.705338,0.0,0.613531,0.686756,-0.048487,0.565524,0.630182,-0.084563,0.555716,0.563981,-0.118918,0.560874,0.493423,-0.150049,0.575985,0.457361,-0.042702,0.573696,0.368219,-0.086352,0.578046,0.298166,-0.113207,0.586571,0.245737,-0.130068,0.629689,0.450316,-0.041951,0.622429,0.405212,-0.0959,0.624588,0.505776,-0.102017,0.622933,0.544362,-0.093753,0.685046,0.458177,-0.048864,0.688573,0.409809,-0.098521,0.684521,0.488891,-0.07961,0.67663,0.523458,-0.055529,0.737724,0.484284,-0.061063,0.748173,0.427646,-0.094148,0.733781,0.482209,-0.080181,0.716025,0.51711,-0.06177
356,11866,True,0.9971,0.9971,0.666603,0.706396,0.0,0.613352,0.687665,-0.05007,0.56582,0.630129,-0.086796,0.556485,0.564617,-0.121776,0.562154,0.494689,-0.153757,0.577481,0.457591,-0.04328,0.574589,0.367922,-0.087364,0.578408,0.297364,-0.115039,0.587077,0.245411,-0.132462,0.631011,0.450584,-0.042707,0.623331,0.404121,-0.099189,0.624687,0.502349,-0.107752,0.623546,0.544318,-0.100334,0.686095,0.458881,-0.049943,0.689161,0.40916,-0.101404,0.684942,0.485149,-0.08529,0.677886,0.521921,-0.062426,0.7388,0.485037,-0.062564,0.748858,0.427892,-0.097226,0.734173,0.480053,-0.085219,0.717158,0.516512,-0.067828
357,11900,True,0.9969,0.9969,0.668009,0.705232,0.0,0.613753,0.686096,-0.048259,0.565583,0.628229,-0.083232,0.556811,0.561661,-0.116426,0.562439,0.491079,-0.146544,0.578421,0.457259,-0.041792,0.575386,0.366823,-0.084002,0.579804,0.297894,-0.110448,0.587925,0.244772,-0.127357,0.63171,0.450107,-0.041301,0.624225,0.403579,-0.095761,0.626142,0.501388,-0.104109,0.624759,0.543654,-0.097243,0.686712,0.458537,-0.048229,0.689987,0.407688,-0.098773,0.686214,0.485409,-0.082866,0.679073,0.522573,-0.060448,0.739515,0.484627,-0.060214,0.749748,0.427117,-0.094648,0.735219,0.48114,-0.082664,0.717901,0.518434,-0.065436
358,11933,True,0.997,0.997,0.667754,0.704214,0.0,0.614265,0.685137,-0.048548,0.566683,0.627268,-0.083435,0.559097,0.559794,-0.116332,0.565103,0.488403,-0.14608,0.578761,0.456429,-0.042726,0.57704,0.36568,-0.084795,0.581867,0.296888,-0.111149,0.589545,0.243608,-0.128157,0.632531,0.448724,-0.042048,0.62468,0.40389,-0.096578,0.627381,0.502018,-0.104923,0.626298,0.543649,-0.098244,0.687607,0.457041,-0.048691,0.690714,0.407772,-0.099494,0.687152,0.485939,-0.08351,0.679771,0.522777,-0.06114,0.740285,0.483009,-0.060378,0.750713,0.42673,-0.095182,0.736193,0.480964,-0.083246,0.718385,0.518086,-0.06605
359,11966,True,0.9969,0.9969,0.667718,0.70504,0.0,0.614032,0.684701,-0.048364,0.566764,0.624846,-0.083033,0.559722,0.555339,-0.115958,0.566234,0.483313,-0.14578,0.580429,0.45626,-0.041476,0.578346,0.365849,-0.083198,0.582891,0.296588,-0.109077,0.590941,0.243312,-0.12569,0.633643,0.44935,-0.040908,0.625824,0.402557,-0.095038,0.62769,0.498425,-0.103203,0.626599,0.539722,-0.096333,0.688225,0.458284,-0.047762,0.691119,0.407837,-0.097954,0.687509,0.484146,-0.082128,0.680794,0.520585,-0.059922,0.740789,0.48482,-0.059733,0.751253,0.426823,-0.093851,0.736497,0.47885,-0.082216,0.718936,0.515335,-0.065418
360,12000,True,0.9967,0.9967,0.668851,0.70333,0.0,0.613874,0.683405,-0.049072,0.566421,0.623594,-0.084013,0.559965,0.55423,-0.116854,0.566838,0.482038,-0.146602,0.579755,0.456559,-0.042756,0.577849,0.367078,-0.085512,0.582945,0.298362,-0.11238,0.591954,0.244637,-0.129735,0.63377,0.448179,-0.042011,0.627523,0.4005,-0.097012,0.630371,0.497881,-0.105697,0.629656,0.54151,-0.099098,0.688813,0.456227,-0.048754,0.692527,0.406396,-0.099678,0.689613,0.48374,-0.084105,0.682753,0.521019,-0.061985,0.741315,0.481813,-0.06061,0.751632,0.425533,-0.095087,0.737353,0.478795,-0.083423,0.719888,0.515203,-0.066633
361,12033,True,0.9965,0.9965,0.669407,0.701464,0.0,0.61387,0.681874,-0.048524,0.566663,0.622199,-0.08295,0.561659,0.552374,-0.115299,0.568598,0.480829,-0.144507,0.580301,0.454917,-0.041617,0.578751,0.36515,-0.083442,0.583817,0.296818,-0.109696,0.592561,0.243645,-0.126654,0.634473,0.447394,-0.040985,0.628312,0.399606,-0.095813,0.630927,0.496696,-0.104624,0.62993,0.540877,-0.098003,0.689392,0.45576,-0.047749,0.693176,0.405324,-0.098798,0.689868,0.482993,-0.083669,0.682684,0.521229,-0.061668,0.741945,0.481314,-0.059513,0.752452,0.424916,-0.094401,0.738012,0.478507,-0.083139,0.720125,0.515561,-0.066461
362,12066,True,0.9967,0.9967,0.668898,0.702568,0.0,0.61483,0.682006,-0.048589,0.568204,0.622041,-0.083811,0.562073,0.552009,-0.117169,0.569256,0.480861,-0.147432,0.580753,0.453667,-0.041069,0.579355,0.365101,-0.083336,0.584562,0.295479,-0.109523,0.593841,0.242949,-0.126183,0.634311,0.446879,-0.040396,0.628355,0.400645,-0.094413,0.630921,0.498088,-0.101972,0.629512,0.538719,-0.094504,0.6893,0.455468,-0.047297,0.693645,0.407037,-0.097379,0.690024,0.483555,-0.081036,0.682154,0.518799,-0.058494,0.741701,0.481677,-0.059333,0.752322,0.426126,-0.093269,0.738271,0.479645,-0.081038,0.720577,0.515518,-0.063782
363,12100,True,0.9968,0.9968,0.669732,0.702348,0.0,0.615724,0.681607,-0.047845,0.5687,0.622329,-0.082812,0.562417,0.551901,-0.115935,0.568694,0.479924,-0.145835,0.581562,0.452633,-0.040543,0.580649,0.364445,-0.082284,0.585521,0.295585,-0.107822,0.594434,0.243435,-0.124059,0.635119,0.446244,-0.039844,0.628552,0.401134,-0.092791,0.631437,0.500514,-0.099121,0.630642,0.54108,-0.091029,0.689913,0.454837,-0.046689,0.69389,0.406982,-0.095903,0.690162,0.484961,-0.078355,0.682425,0.520338,-0.055241,0.742316,0.480966,-0.058648,0.7527,0.425708,-0.091974,0.738081,0.480594,-0.079118,0.719653,0.516719,-0.061562
364,12133,True,0.9968,0.9968,0.670479,0.702788,0.0,0.615731,0.68168,-0.047973,0.569288,0.621361,-0.08274,0.564092,0.550147,-0.115588,0.56989,0.477929,-0.145215,0.581548,0.452827,-0.040681,0.580693,0.364848,-0.08302,0.586097,0.295692,-0.109198,0.595076,0.243594,-0.12582,0.635144,0.44597,-0.04002,0.629243,0.400082,-0.093427,0.633236,0.498282,-0.100308,0.63245,0.538696,-0.092623,0.690051,0.45419,-0.046925,0.694195,0.40655,-0.096746,0.69143,0.4842,-0.07965,0.68382,0.519869,-0.056753,0.742552,0.479928,-0.058938,0.753292,0.425266,-0.092694,0.739073,0.480044,-0.080001,0.720531,0.516486,-0.062493
365,12166,True,0.9966,0.9966,0.670455,0.702528,0.0,0.615605,0.680791,-0.047294,0.569171,0.620456,-0.08143,0.564866,0.549871,-0.113707,0.570487,0.478017,-0.142818,0.582403,0.451554,-0.039654,0.581781,0.363772,-0.080875,0.587296,0.295488,-0.106505,0.595779,0.243637,-0.122908,0.635875,0.44504,-0.03937,0.630019,0.399819,-0.092669,0.633732,0.497383,-0.100194,0.632643,0.538897,-0.092924,0.69046,0.453732,-0.046496,0.694802,0.405663,-0.096201,0.692093,0.482508,-0.079961,0.684267,0.518216,-0.057657,0.74279,0.479876,-0.05861,0.75359,0.425112,-0.092341,0.739464,0.479603,-0.080028,0.72074,0.516003,-0.06283
366,12200,True,0.9968,0.9968,0.671119,0.701544,0.0,0.616845,0.67992,-0.046608,0.570476,0.62044,-0.08041,0.565504,0.550817,-0.112422,0.570851,0.479359,-0.141239,0.583148,0.45164,-0.03973,0.58254,0.364064,-0.080922,0.588363,0.296282,-0.106397,0.596986,0.244176,-0.122656,0.636542,0.444977,-0.039381,0.63036,0.400471,-0.091736,0.633948,0.498569,-0.098579,0.632982,0.538428,-0.09117,0.691215,0.453453,-0.046337,0.695422,0.405837,-0.095206,0.692314,0.48338,-0.078158,0.684548,0.518343,-0.055514,0.743562,0.479566,-0.058248,0.754143,0.424479,-0.091176,0.739851,0.478824,-0.078259,0.721457,0.51433,-0.06074
367,12233,True,0.9968,0.9968,0.671109,0.702543,0.0,0.617197,0.680875,-0.045376,0.57143,0.621559,-0.078781,0.566754,0.552127,-0.110541,0.571726,0.481536,-0.139126,0.583347,0.452022,-0.038616,0.582589,0.365153,-0.080073,0.58846,0.297167,-0.106073,0.59754,0.245243,-0.122645,0.636612,0.445786,-0.038652,0.631369,0.399495,-0.090163,0.634184,0.497531,-0.096847,0.63184,0.536982,-0.08961,0.691164,0.454265,-0.045917,0.696242,0.405097,-0.093666,0.692685,0.482666,-0.076103,0.684108,0.51763,-0.053474,0.743248,0.480653,-0.058107,0.754323,0.425023,-0.090136,0.740121,0.479436,-0.076745,0.721488,0.514673,-0.059106
368,12266,True,0.9965,0.9965,0.671842,0.701961,0.0,0.617191,0.680907,-0.047439,0.570847,0.621347,-0.081546,0.566317,0.55154,-0.113722,0.57161,0.480553,-0.142741,0.584162,0.453548,-0.04055,0.58353,0.3652,-0.081897,0.589468,0.296814,-0.107687,0.598464,0.244629,-0.124166,0.637196,0.446991,-0.040047,0.632141,0.399263,-0.093245,0.635262,0.496018,-0.10105,0.633475,0.538244,-0.094071,0.691472,0.455506,-0.046853,0.69676,0.404915,-0.096204,0.693847,0.481162,-0.080127,0.685627,0.517787,-0.05799,0.743435,0.481304,-0.058659,0.754984,0.424626,-0.092013,0.741189,0.47742,-0.079845,0.722738,0.513661,-0.062835
369,12300,True,0.9966,0.9966,0.672137,0.70131,0.0,0.618207,0.68017,-0.047534,0.57188,0.62123,-0.081908,0.566714,0.552247,-0.114352,0.572784,0.481249,-0.143661,0.584578,0.452782,-0.040363,0.583999,0.364177,-0.081231,0.589939,0.296286,-0.106636,0.59901,0.244174,-0.122904,0.63759,0.446836,-0.039756,0.632266,0.399608,-0.092671,0.634696,0.496706,-0.100446,0.632431,0.538445,-0.093488,0.691763,0.455401,-0.046424,0.696719,0.404811,-0.095802,0.693414,0.482252,-0.07971,0.685246,0.518957,-0.057553,0.743695,0.481036,-0.058044,0.754468,0.425224,-0.091676,0.740713,0.479789,-0.079483,0.722745,0.516528,-0.062387
370,12333,True,0.9967,0.9967,0.671733,0.701378,0.0,0.617732,0.680219,-0.047006,0.571727,0.621419,-0.081328,0.567352,0.552712,-0.113697,0.57288,0.482026,-0.14287,0.584167,0.451604,-0.040601,0.584226,0.363997,-0.081999,0.590465,0.295775,-0.107895,0.599439,0.244224,-0.124467,0.637806,0.445579,-0.040383,0.63269,0.399068,-0.093556,0.635226,0.497071,-0.100981,0.63261,0.53854,-0.09378,0.692322,0.454672,-0.047436,0.697785,0.405538,-0.096446,0.694107,0.482413,-0.079581,0.685042,0.517988,-0.057108,0.744046,0.481342,-0.059483,0.755522,0.426316,-0.092438,0.741304,0.479974,-0.079606,0.722396,0.515285,-0.062194
371,12366,True,0.9963,0.9963,0.671923,0.701714,0.0,0.617693,0.68083,-0.048679,0.571751,0.620141,-0.083234,0.568171,0.550205,-0.115594,0.573529,0.47937,-0.144785,0.584518,0.451978,-0.041019,0.584311,0.364606,-0.082753,0.590704,0.296694,-0.108518,0.600112,0.245086,-0.124888,0.637892,0.445774,-0.04031,0.633911,0.40017,-0.09471,0.635708,0.498296,-0.10268,0.632621,0.53883,-0.095363,0.692168,0.454827,-0.04711,0.698649,0.407385,-0.097899,0.694648,0.484796,-0.081999,0.685256,0.519183,-0.059607,0.743611,0.48122,-0.058968,0.755504,0.427691,-0.093572,0.741725,0.482841,-0.081431,0.723278,0.518104,-0.064111
372,12400,True,0.9967,0.9967,0.672781,0.705011,0.0,0.618925,0.684973,-0.047725,0.573344,0.624391,-0.081175,0.567819,0.55559,-0.11245,0.573699,0.4844,-0.140612,0.585785,0.455991,-0.040861,0.585266,0.367736,-0.083195,0.591332,0.300873,-0.110452,0.60087,0.247857,-0.128087,0.638954,0.449545,-0.040146,0.633749,0.40213,-0.094231,0.634893,0.498551,-0.103595,0.632845,0.539456,-0.097865,0.693013,0.45903,-0.046696,0.69816,0.409219,-0.096798,0.693113,0.486779,-0.08159,0.685142,0.522676,-0.059899,0.744346,0.485958,-0.05824,0.755519,0.429411,-0.092186,0.740661,0.482997,-0.080402,0.723216,0.518996,-0.063548
373,12433,True,0.9969,0.9969,0.66914,0.7123,-0.0,0.61696,0.690648,-0.042918,0.571655,0.629998,-0.074253,0.566943,0.562278,-0.10404,0.57284,0.492132,-0.130791,0.586506,0.464062,-0.038854,0.585257,0.373206,-0.080542,0.59166,0.305292,-0.107677,0.600172,0.251345,-0.125295,0.638673,0.459601,-0.039541,0.631699,0.412532,-0.091068,0.633819,0.506517,-0.09917,0.631688,0.544178,-0.093595,0.692056,0.470107,-0.047014,0.696182,0.418433,-0.09342,0.691678,0.493306,-0.07634,0.684114,0.5249,-0.054728,0.743544,0.49784,-0.059257,0.75408,0.440672,-0.089837,0.738868,0.49312,-0.076369,0.721092,0.525277,-0.05918
374,12466,True,0.9902,0.9902,0.660627,0.727831,-0.0,0.605415,0.699739,-0.035188,0.560653,0.635836,-0.060739,0.558835,0.569049,-0.086101,0.575227,0.506157,-0.109428,0.582739,0.49147,-0.033476,0.578251,0.393784,-0.070656,0.584991,0.328822,-0.096677,0.591691,0.271405,-0.114585,0.631212,0.487686,-0.03723,0.628982,0.44134,-0.085267,0.630354,0.518331,-0.097954,0.624605,0.556623,-0.097821,0.681111,0.499685,-0.046248,0.686458,0.446952,-0.090395,0.682811,0.515933,-0.079239,0.673057,0.549783,-0.063015,0.729957,0.52635,-0.058922,0.740663,0.469082,-0.087858,0.728034,0.520818,-0.075956,0.711823,0.555526,-0.060976
375,12500,True,0.9886,0.9886,0.641405,0.757227,-0.0,0.590217,0.726692,-0.025406,0.542561,0.658438,-0.0425,0.534351,0.588317,-0.061075,0.56059,0.542471,-0.079378,0.56951,0.526569,-0.022822,0.559201,0.431254,-0.051925,0.560869,0.370868,-0.072763,0.565056,0.320059,-0.087474,0.619175,0.519387,-0.027844,0.604593,0.497513,-0.072905,0.593182,0.566725,-0.085359,0.587644,0.620422,-0.08392,0.665946,0.530664,-0.036906,0.65311,0.524517,-0.076593,0.640249,0.587866,-0.069213,0.63389,0.632715,-0.054588,0.710619,0.554431,-0.049007,0.700172,0.541972,-0.07302,0.682844,0.588201,-0.064657,0.675502,0.622326,-0.051892
376,12533,True,0.9905,0.9905,0.616252,0.80348,-0.0,0.55523,0.76724,-0.029383,0.503212,0.700021,-0.047376,0.495766,0.634389,-0.065264,0.52735,0.59368,-0.079532,0.531808,0.563904,-0.027831,0.529963,0.500407,-0.059612,0.52952,0.480596,-0.08043,0.532812,0.470224,-0.093216,0.587876,0.553634,-0.030175,0.549669,0.675759,-0.065601,0.54116,0.71096,-0.074946,0.544994,0.70277,-0.075091,0.638388,0.587054,-0.037336,0.59262,0.71979,-0.063767,0.586995,0.742338,-0.051404,0.593158,0.727119,-0.038312,0.681434,0.630937,-0.049958,0.634299,0.749024,-0.070109,0.621256,0.774123,-0.062594,0.624576,0.764884,-0.049583
377,12566,False,0.0,0.0,0.0,0.0,0.0,0.0,0.0,0.0,0.0,0.0,0.0,0.0,0.0,0.0,0.0,0.0,0.0,0.0,0.0,0.0,0.0,0.0,0.0,0.0,0.0,0.0,0.0,0.0,0.0,0.0,0.0,0.0,0.0,0.0,0.0,0.0,0.0,0.0,0.0,0.0,0.0,0.0,0.0,0.0,0.0,0.0,0.0,0.0,0.0,0.0,0.0,0.0,0.0,0.0,0.0,0.0,0.0,0.0,0.0,0.0,0.0,0.0,0.0,0.0,0.0
378,12600,False,0.0,0.0,0.0,0.0,0.0,0.0,0.0,0.0,0.0,0.0,0.0,0.0,0.0,0.0,0.0,0.0,0.0,0.0,0.0,0.0,0.0,0.0,0.0,0.0,0.0,0.0,0.0,0.0,0.0,0.0,0.0,0.0,0.0,0.0,0.0,0.0,0.0,0.0,0.0,0.0,0.0,0.0,0.0,0.0,0.0,0.0,0.0,0.0,0.0,0.0,0.0,0.0,0.0,0.0,0.0,0.0,0.0,0.0,0.0,0.0,0.0,0.0,0.0,0.0,0.0
379,12633,False,0.0,0.0,0.0,0.0,0.0,0.0,0.0,0.0,0.0,0.0,0.0,0.0,0.0,0.0,0.0,0.0,0.0,0.0,0.0,0.0,0.0,0.0,0.0,0.0,0.0,0.0,0.0,0.0,0.0,0.0,0.0,0.0,0.0,0.0,0.0,0.0,0.0,0.0,0.0,0.0,0.0,0.0,0.0,0.0,0.0,0.0,0.0,0.0,0.0,0.0,0.0,0.0,0.0,0.0,0.0,0.0,0.0,0.0,0.0,0.0,0.0,0.0,0.0,0.0,0.0
380,12666,False,0.0,0.0,0.0,0.0,0.0,0.0,0.0,0.0,0.0,0.0,0.0,0.0,0.0,0.0,0.0,0.0,0.0,0.0,0.0,0.0,0.0,0.0,0.0,0.0,0.0,0.0,0.0,0.0,0.0,0.0,0.0,0.0,0.0,0.0,0.0,0.0,0.0,0.0,0.0,0.0,0.0,0.0,0.0,0.0,0.0,0.0,0.0,0.0,0.0,0.0,0.0,0.0,0.0,0.0,0.0,0.0,0.0,0.0,0.0,0.0,0.0,0.0,0.0,0.0,0.0
381,12700,False,0.0,0.0,0.0,0.0,0.0,0.0,0.0,0.0,0.0,0.0,0.0,0.0,0.0,0.0,0.0,0.0,0.0,0.0,0.0,0.0,0.0,0.0,0.0,0.0,0.0,0.0,0.0,0.0,0.0,0.0,0.0,0.0,0.0,0.0,0.0,0.0,0.0,0.0,0.0,0.0,0.0,0.0,0.0,0.0,0.0,0.0,0.0,0.0,0.0,0.0,0.0,0.0,0.0,0.0,0.0,0.0,0.0,0.0,0.0,0.0,0.0,0.0,0.0,0.0,0.0
382,12733,False,0.0,0.0,0.0,0.0,0.0,0.0,0.0,0.0,0.0,0.0,0.0,0.0,0.0,0.0,0.0,0.0,0.0,0.0,0.0,0.0,0.0,0.0,0.0,0.0,0.0,0.0,0.0,0.0,0.0,0.0,0.0,0.0,0.0,0.0,0.0,0.0,0.0,0.0,0.0,0.0,0.0,0.0,0.0,0.0,0.0,0.0,0.0,0.0,0.0,0.0,0.0,0.0,0.0,0.0,0.0,0.0,0.0,0.0,0.0,0.0,0.0,0.0,0.0,0.0,0.0
383,12766,False,0.0,0.0,0.0,0.0,0.0,0.0,0.0,0.0,0.0,0.0,0.0,0.0,0.0,0.0,0.0,0.0,0.0,0.0,0.0,0.0,0.0,0.0,0.0,0.0,0.0,0.0,0.0,0.0,0.0,0.0,0.0,0.0,0.0,0.0,0.0,0.0,0.0,0.0,0.0,0.0,0.0,0.0,0.0,0.0,0.0,0.0,0.0,0.0,0.0,0.0,0.0,0.0,0.0,0.0,0.0,0.0,0.0,0.0,0.0,0.0,0.0,0.0,0.0,0.0,0.0
384,12800,False,0.0,0.0,0.0,0.0,0.0,0.0,0.0,0.0,0.0,0.0,0.0,0.0,0.0,0.0,0.0,0.0,0.0,0.0,0.0,0.0,0.0,0.0,0.0,0.0,0.0,0.0,0.0,0.0,0.0,0.0,0.0,0.0,0.0,0.0,0.0,0.0,0.0,0.0,0.0,0.0,0.0,0.0,0.0,0.0,0.0,0.0,0.0,0.0,0.0,0.0,0.0,0.0,0.0,0.0,0.0,0.0,0.0,0.0,0.0,0.0,0.0,0.0,0.0,0.0,0.0
385,12833,False,0.0,0.0,0.0,0.0,0.0,0.0,0.0,0.0,0.0,0.0,0.0,0.0,0.0,0.0,0.0,0.0,0.0,0.0,0.0,0.0,0.0,0.0,0.0,0.0,0.0,0.0,0.0,0.0,0.0,0.0,0.0,0.0,0.0,0.0,0.0,0.0,0.0,0.0,0.0,0.0,0.0,0.0,0.0,0.0,0.0,0.0,0.0,0.0,0.0,0.0,0.0,0.0,0.0,0.0,0.0,0.0,0.0,0.0,0.0,0.0,0.0,0.0,0.0,0.0,0.0
386,12866,False,0.0,0.0,0.0,0.0,0.0,0.0,0.0,0.0,0.0,0.0,0.0,0.0,0.0,0.0,0.0,0.0,0.0,0.0,0.0,0.0,0.0,0.0,0.0,0.0,0.0,0.0,0.0,0.0,0.0,0.0,0.0,0.0,0.0,0.0,0.0,0.0,0.0,0.0,0.0,0.0,0.0,0.0,0.0,0.0,0.0,0.0,0.0,0.0,0.0,0.0,0.0,0.0,0.0,0.0,0.0,0.0,0.0,0.0,0.0,0.0,0.0,0.0,0.0,0.0,0.0
387,12900,False,0.0,0.0,0.0,0.0,0.0,0.0,0.0,0.0,0.0,0.0,0.0,0.0,0.0,0.0,0.0,0.0,0.0,0.0,0.0,0.0,0.0,0.0,0.0,0.0,0.0,0.0,0.0,0.0,0.0,0.0,0.0,0.0,0.0,0.0,0.0,0.0,0.0,0.0,0.0,0.0,0.0,0.0,0.0,0.0,0.0,0.0,0.0,0.0,0.0,0.0,0.0,0.0,0.0,0.0,0.0,0.0,0.0,0.0,0.0,0.0,0.0,0.0,0.0,0.0,0.0
388,12933,False,0.0,0.0,0.0,0.0,0.0,0.0,0.0,0.0,0.0,0.0,0.0,0.0,0.0,0.0,0.0,0.0,0.0,0.0,0.0,0.0,0.0,0.0,0.0,0.0,0.0,0.0,0.0,0.0,0.0,0.0,0.0,0.0,0.0,0.0,0.0,0.0,0.0,0.0,0.0,0.0,0.0,0.0,0.0,0.0,0.0,0.0,0.0,0.0,0.0,0.0,0.0,0.0,0.0,0.0,0.0,0.0,0.0,0.0,0.0,0.0,0.0,0.0,0.0,0.0,0.0
389,12966,False,0.0,0.0,0.0,0.0,0.0,0.0,0.0,0.0,0.0,0.0,0.0,0.0,0.0,0.0,0.0,0.0,0.0,0.0,0.0,0.0,0.0,0.0,0.0,0.0,0.0,0.0,0.0,0.0,0.0,0.0,0.0,0.0,0.0,0.0,0.0,0.0,0.0,0.0,0.0,0.0,0.0,0.0,0.0,0.0,0.0,0.0,0.0,0.0,0.0,0.0,0.0,0.0,0.0,0.0,0.0,0.0,0.0,0.0,0.0,0.0,0.0,0.0,0.0,0.0,0.0
390,13000,False,0.0,0.0,0.0,0.0,0.0,0.0,0.0,0.0,0.0,0.0,0.0,0.0,0.0,0.0,0.0,0.0,0.0,0.0,0.0,0.0,0.0,0.0,0.0,0.0,0.0,0.0,0.0,0.0,0.0,0.0,0.0,0.0,0.0,0.0,0.0,0.0,0.0,0.0,0.0,0.0,0.0,0.0,0.0,0.0,0.0,0.0,0.0,0.0,0.0,0.0,0.0,0.0,0.0,0.0,0.0,0.0,0.0,0.0,0.0,0.0,0.0,0.0,0.0,0.0,0.0
391,13033,False,0.0,0.0,0.0,0.0,0.0,0.0,0.0,0.0,0.0,0.0,0.0,0.0,0.0,0.0,0.0,0.0,0.0,0.0,0.0,0.0,0.0,0.0,0.0,0.0,0.0,0.0,0.0,0.0,0.0,0.0,0.0,0.0,0.0,0.0,0.0,0.0,0.0,0.0,0.0,0.0,0.0,0.0,0.0,0.0,0.0,0.0,0.0,0.0,0.0,0.0,0.0,0.0,0.0,0.0,0.0,0.0,0.0,0.0,0.0,0.0,0.0,0.0,0.0,0.0,0.0
392,13066,False,0.0,0.0,0.0,0.0,0.0,0.0,0.0,0.0,0.0,0.0,0.0,0.0,0.0,0.0,0.0,0.0,0.0,0.0,0.0,0.0,0.0,0.0,0.0,0.0,0.0,0.0,0.0,0.0,0.0,0.0,0.0,0.0,0.0,0.0,0.0,0.0,0.0,0.0,0.0,0.0,0.0,0.0,0.0,0.0,0.0,0.0,0.0,0.0,0.0,0.0,0.0,0.0,0.0,0.0,0.0,0.0,0.0,0.0,0.0,0.0,0.0,0.0,0.0,0.0,0.0
393,13100,False,0.0,0.0,0.0,0.0,0.0,0.0,0.0,0.0,0.0,0.0,0.0,0.0,0.0,0.0,0.0,0.0,0.0,0.0,0.0,0.0,0.0,0.0,0.0,0.0,0.0,0.0,0.0,0.0,0.0,0.0,0.0,0.0,0.0,0.0,0.0,0.0,0.0,0.0,0.0,0.0,0.0,0.0,0.0,0.0,0.0,0.0,0.0,0.0,0.0,0.0,0.0,0.0,0.0,0.0,0.0,0.0,0.0,0.0,0.0,0.0,0.0,0.0,0.0,0.0,0.0
394,13133,False,0.0,0.0,0.0,0.0,0.0,0.0,0.0,0.0,0.0,0.0,0.0,0.0,0.0,0.0,0.0,0.0,0.0,0.0,0.0,0.0,0.0,0.0,0.0,0.0,0.0,0.0,0.0,0.0,0.0,0.0,0.0,0.0,0.0,0.0,0.0,0.0,0.0,0.0,0.0,0.0,0.0,0.0,0.0,0.0,0.0,0.0,0.0,0.0,0.0,0.0,0.0,0.0,0.0,0.0,0.0,0.0,0.0,0.0,0.0,0.0,0.0,0.0,0.0,0.0,0.0
395,13166,False,0.0,0.0,0.0,0.0,0.0,0.0,0.0,0.0,0.0,0.0,0.0,0.0,0.0,0.0,0.0,0.0,0.0,0.0,0.0,0.0,0.0,0.0,0.0,0.0,0.0,0.0,0.0,0.0,0.0,0.0,0.0,0.0,0.0,0.0,0.0,0.0,0.0,0.0,0.0,0.0,0.0,0.0,0.0,0.0,0.0,0.0,0.0,0.0,0.0,0.0,0.0,0.0,0.0,0.0,0.0,0.0,0.0,0.0,0.0,0.0,0.0,0.0,0.0,0.0,0.0
396,13200,False,0.0,0.0,0.0,0.0,0.0,0.0,0.0,0.0,0.0,0.0,0.0,0.0,0.0,0.0,0.0,0.0,0.0,0.0,0.0,0.0,0.0,0.0,0.0,0.0,0.0,0.0,0.0,0.0,0.0,0.0,0.0,0.0,0.0,0.0,0.0,0.0,0.0,0.0,0.0,0.0,0.0,0.0,0.0,0.0,0.0,0.0,0.0,0.0,0.0,0.0,0.0,0.0,0.0,0.0,0.0,0.0,0.0,0.0,0.0,0.0,0.0,0.0,0.0,0.0,0.0
397,13233,False,0.0,0.0,0.0,0.0,0.0,0.0,0.0,0.0,0.0,0.0,0.0,0.0,0.0,0.0,0.0,0.0,0.0,0.0,0.0,0.0,0.0,0.0,0.0,0.0,0.0,0.0,0.0,0.0,0.0,0.0,0.0,0.0,0.0,0.0,0.0,0.0,0.0,0.0,0.0,0.0,0.0,0.0,0.0,0.0,0.0,0.0,0.0,0.0,0.0,0.0,0.0,0.0,0.0,0.0,0.0,0.0,0.0,0.0,0.0,0.0,0.0,0.0,0.0,0.0,0.0
398,13266,False,0.0,0.0,0.0,0.0,0.0,0.0,0.0,0.0,0.0,0.0,0.0,0.0,0.0,0.0,0.0,0.0,0.0,0.0,0.0,0.0,0.0,0.0,0.0,0.0,0.0,0.0,0.0,0.0,0.0,0.0,0.0,0.0,0.0,0.0,0.0,0.0,0.0,0.0,0.0,0.0,0.0,0.0,0.0,0.0,0.0,0.0,0.0,0.0,0.0,0.0,0.0,0.0,0.0,0.0,0.0,0.0,0.0,0.0,0.0,0.0,0.0,0.0,0.0,0.0,0.0
399,13299,False,0.0,0.0,0.0,0.0,0.0,0.0,0.0,0.0,0.0,0.0,0.0,0.0,0.0,0.0,0.0,0.0,0.0,0.0,0.0,0.0,0.0,0.0,0.0,0.0,0.0,0.0,0.0,0.0,0.0,0.0,0.0,0.0,0.0,0.0,0.0,0.0,0.0,0.0,0.0,0.0,0.0,0.0,0.0,0.0,0.0,0.0,0.0,0.0,0.0,0.0,0.0,0.0,0.0,0.0,0.0,0.0,0.0,0.0,0.0,0.0,0.0,0.0,0.0,0.0,0.0
400,13333,False,0.0,0.0,0.0,0.0,0.0,0.0,0.0,0.0,0.0,0.0,0.0,0.0,0.0,0.0,0.0,0.0,0.0,0.0,0.0,0.0,0.0,0.0,0.0,0.0,0.0,0.0,0.0,0.0,0.0,0.0,0.0,0.0,0.0,0.0,0.0,0.0,0.0,0.0,0.0,0.0,0.0,0.0,0.0,0.0,0.0,0.0,0.0,0.0,0.0,0.0,0.0,0.0,0.0,0.0,0.0,0.0,0.0,0.0,0.0,0.0,0.0,0.0,0.0,0.0,0.0
401,13366,False,0.0,0.0,0.0,0.0,0.0,0.0,0.0,0.0,0.0,0.0,0.0,0.0,0.0,0.0,0.0,0.0,0.0,0.0,0.0,0.0,0.0,0.0,0.0,0.0,0.0,0.0,0.0,0.0,0.0,0.0,0.0,0.0,0.0,0.0,0.0,0.0,0.0,0.0,0.0,0.0,0.0,0.0,0.0,0.0,0.0,0.0,0.0,0.0,0.0,0.0,0.0,0.0,0.0,0.0,0.0,0.0,0.0,0.0,0.0,0.0,0.0,0.0,0.0,0.0,0.0
402,13400,False,0.0,0.0,0.0,0.0,0.0,0.0,0.0,0.0,0.0,0.0,0.0,0.0,0.0,0.0,0.0,0.0,0.0,0.0,0.0,0.0,0.0,0.0,0.0,0.0,0.0,0.0,0.0,0.0,0.0,0.0,0.0,0.0,0.0,0.0,0.0,0.0,0.0,0.0,0.0,0.0,0.0,0.0,0.0,0.0,0.0,0.0,0.0,0.0,0.0,0.0,0.0,0.0,0.0,0.0,0.0,0.0,0.0,0.0,0.0,0.0,0.0,0.0,0.0,0.0,0.0
403,13433,False,0.0,0.0,0.0,0.0,0.0,0.0,0.0,0.0,0.0,0.0,0.0,0.0,0.0,0.0,0.0,0.0,0.0,0.0,0.0,0.0,0.0,0.0,0.0,0.0,0.0,0.0,0.0,0.0,0.0,0.0,0.0,0.0,0.0,0.0,0.0,0.0,0.0,0.0,0.0,0.0,0.0,0.0,0.0,0.0,0.0,0.0,0.0,0.0,0.0,0.0,0.0,0.0,0.0,0.0,0.0,0.0,0.0,0.0,0.0,0.0,0.0,0.0,0.0,0.0,0.0
404,13466,False,0.0,0.0,0.0,0.0,0.0,0.0,0.0,0.0,0.0,0.0,0.0,0.0,0.0,0.0,0.0,0.0,0.0,0.0,0.0,0.0,0.0,0.0,0.0,0.0,0.0,0.0,0.0,0.0,0.0,0.0,0.0,0.0,0.0,0.0,0.0,0.0,0.0,0.0,0.0,0.0,0.0,0.0,0.0,0.0,0.0,0.0,0.0,0.0,0.0,0.0,0.0,0.0,0.0,0.0,0.0,0.0,0.0,0.0,0.0,0.0,0.0,0.0,0.0,0.0,0.0
405,13500,False,0.0,0.0,0.0,0.0,0.0,0.0,0.0,0.0,0.0,0.0,0.0,0.0,0.0,0.0,0.0,0.0,0.0,0.0,0.0,0.0,0.0,0.0,0.0,0.0,0.0,0.0,0.0,0.0,0.0,0.0,0.0,0.0,0.0,0.0,0.0,0.0,0.0,0.0,0.0,0.0,0.0,0.0,0.0,0.0,0.0,0.0,0.0,0.0,0.0,0.0,0.0,0.0,0.0,0.0,0.0,0.0,0.0,0.0,0.0,0.0,0.0,0.0,0.0,0.0,0.0
406,13533,False,0.0,0.0,0.0,0.0,0.0,0.0,0.0,0.0,0.0,0.0,0.0,0.0,0.0,0.0,0.0,0.0,0.0,0.0,0.0,0.0,0.0,0.0,0.0,0.0,0.0,0.0,0.0,0.0,0.0,0.0,0.0,0.0,0.0,0.0,0.0,0.0,0.0,0.0,0.0,0.0,0.0,0.0,0.0,0.0,0.0,0.0,0.0,0.0,0.0,0.0,0.0,0.0,0.0,0.0,0.0,0.0,0.0,0.0,0.0,0.0,0.0,0.0,0.0,0.0,0.0
407,13566,False,0.0,0.0,0.0,0.0,0.0,0.0,0.0,0.0,0.0,0.0,0.0,0.0,0.0,0.0,0.0,0.0,0.0,0.0,0.0,0.0,0.0,0.0,0.0,0.0,0.0,0.0,0.0,0.0,0.0,0.0,0.0,0.0,0.0,0.0,0.0,0.0,0.0,0.0,0.0,0.0,0.0,0.0,0.0,0.0,0.0,0.0,0.0,0.0,0.0,0.0,0.0,0.0,0.0,0.0,0.0,0.0,0.0,0.0,0.0,0.0,0.0,0.0,0.0,0.0,0.0
408,13600,False,0.0,0.0,0.0,0.0,0.0,0.0,0.0,0.0,0.0,0.0,0.0,0.0,0.0,0.0,0.0,0.0,0.0,0.0,0.0,0.0,0.0,0.0,0.0,0.0,0.0,0.0,0.0,0.0,0.0,0.0,0.0,0.0,0.0,0.0,0.0,0.0,0.0,0.0,0.0,0.0,0.0,0.0,0.0,0.0,0.0,0.0,0.0,0.0,0.0,0.0,0.0,0.0,0.0,0.0,0.0,0.0,0.0,0.0,0.0,0.0,0.0,0.0,0.0,0.0,0.0
409,13633,False,0.0,0.0,0.0,0.0,0.0,0.0,0.0,0.0,0.0,0.0,0.0,0.0,0.0,0.0,0.0,0.0,0.0,0.0,0.0,0.0,0.0,0.0,0.0,0.0,0.0,0.0,0.0,0.0,0.0,0.0,0.0,0.0,0.0,0.0,0.0,0.0,0.0,0.0,0.0,0.0,0.0,0.0,0.0,0.0,0.0,0.0,0.0,0.0,0.0,0.0,0.0,0.0,0.0,0.0,0.0,0.0,0.0,0.0,0.0,0.0,0.0,0.0,0.0,0.0,0.0
410,13666,False,0.0,0.0,0.0,0.0,0.0,0.0,0.0,0.0,0.0,0.0,0.0,0.0,0.0,0.0,0.0,0.0,0.0,0.0,0.0,0.0,0.0,0.0,0.0,0.0,0.0,0.0,0.0,0.0,0.0,0.0,0.0,0.0,0.0,0.0,0.0,0.0,0.0,0.0,0.0,0.0,0.0,0.0,0.0,0.0,0.0,0.0,0.0,0.0,0.0,0.0,0.0,0.0,0.0,0.0,0.0,0.0,0.0,0.0,0.0,0.0,0.0,0.0,0.0,0.0,0.0
411,13700,False,0.0,0.0,0.0,0.0,0.0,0.0,0.0,0.0,0.0,0.0,0.0,0.0,0.0,0.0,0.0,0.0,0.0,0.0,0.0,0.0,0.0,0.0,0.0,0.0,0.0,0.0,0.0,0.0,0.0,0.0,0.0,0.0,0.0,0.0,0.0,0.0,0.0,0.0,0.0,0.0,0.0,0.0,0.0,0.0,0.0,0.0,0.0,0.0,0.0,0.0,0.0,0.0,0.0,0.0,0.0,0.0,0.0,0.0,0.0,0.0,0.0,0.0,0.0,0.0,0.0
412,13733,False,0.0,0.0,0.0,0.0,0.0,0.0,0.0,0.0,0.0,0.0,0.0,0.0,0.0,0.0,0.0,0.0,0.0,0.0,0.0,0.0,0.0,0.0,0.0,0.0,0.0,0.0,0.0,0.0,0.0,0.0,0.0,0.0,0.0,0.0,0.0,0.0,0.0,0.0,0.0,0.0,0.0,0.0,0.0,0.0,0.0,0.0,0.0,0.0,0.0,0.0,0.0,0.0,0.0,0.0,0.0,0.0,0.0,0.0,0.0,0.0,0.0,0.0,0.0,0.0,0.0
413,13766,False,0.0,0.0,0.0,0.0,0.0,0.0,0.0,0.0,0.0,0.0,0.0,0.0,0.0,0.0,0.0,0.0,0.0,0.0,0.0,0.0,0.0,0.0,0.0,0.0,0.0,0.0,0.0,0.0,0.0,0.0,0.0,0.0,0.0,0.0,0.0,0.0,0.0,0.0,0.0,0.0,0.0,0.0,0.0,0.0,0.0,0.0,0.0,0.0,0.0,0.0,0.0,0.0,0.0,0.0,0.0,0.0,0.0,0.0,0.0,0.0,0.0,0.0,0.0,0.0,0.0
414,13799,False,0.0,0.0,0.0,0.0,0.0,0.0,0.0,0.0,0.0,0.0,0.0,0.0,0.0,0.0,0.0,0.0,0.0,0.0,0.0,0.0,0.0,0.0,0.0,0.0,0.0,0.0,0.0,0.0,0.0,0.0,0.0,0.0,0.0,0.0,0.0,0.0,0.0,0.0,0.0,0.0,0.0,0.0,0.0,0.0,0.0,0.0,0.0,0.0,0.0,0.0,0.0,0.0,0.0,0.0,0.0,0.0,0.0,0.0,0.0,0.0,0.0,0.0,0.0,0.0,0.0
415,13833,False,0.0,0.0,0.0,0.0,0.0,0.0,0.0,0.0,0.0,0.0,0.0,0.0,0.0,0.0,0.0,0.0,0.0,0.0,0.0,0.0,0.0,0.0,0.0,0.0,0.0,0.0,0.0,0.0,0.0,0.0,0.0,0.0,0.0,0.0,0.0,0.0,0.0,0.0,0.0,0.0,0.0,0.0,0.0,0.0,0.0,0.0,0.0,0.0,0.0,0.0,0.0,0.0,0.0,0.0,0.0,0.0,0.0,0.0,0.0,0.0,0.0,0.0,0.0,0.0,0.0
416,13866,False,0.0,0.0,0.0,0.0,0.0,0.0,0.0,0.0,0.0,0.0,0.0,0.0,0.0,0.0,0.0,0.0,0.0,0.0,0.0,0.0,0.0,0.0,0.0,0.0,0.0,0.0,0.0,0.0,0.0,0.0,0.0,0.0,0.0,0.0,0.0,0.0,0.0,0.0,0.0,0.0,0.0,0.0,0.0,0.0,0.0,0.0,0.0,0.0,0.0,0.0,0.0,0.0,0.0,0.0,0.0,0.0,0.0,0.0,0.0,0.0,0.0,0.0,0.0,0.0,0.0
417,13900,False,0.0,0.0,0.0,0.0,0.0,0.0,0.0,0.0,0.0,0.0,0.0,0.0,0.0,0.0,0.0,0.0,0.0,0.0,0.0,0.0,0.0,0.0,0.0,0.0,0.0,0.0,0.0,0.0,0.0,0.0,0.0,0.0,0.0,0.0,0.0,0.0,0.0,0.0,0.0,0.0,0.0,0.0,0.0,0.0,0.0,0.0,0.0,0.0,0.0,0.0,0.0,0.0,0.0,0.0,0.0,0.0,0.0,0.0,0.0,0.0,0.0,0.0,0.0,0.0,0.0
418,13933,True,0.7283,0.7283,0.314563,0.787506,0.0,0.390123,0.761725,-0.023776,0.459619,0.715599,-0.05429,0.505253,0.685308,-0.080365,0.539603,0.661824,-0.111224,0.429438,0.729078,-0.103002,0.434821,0.620619,-0.150806,0.455889,0.567151,-0.179341,0.474501,0.528498,-0.198635,0.380636,0.744623,-0.115664,0.381233,0.578792,-0.162799,0.389875,0.592202,-0.171061,0.395564,0.636283,-0.174944,0.324476,0.750023,-0.126989,0.323622,0.588129,-0.172472,0.332747,0.609434,-0.160936,0.340565,0.658053,-0.147662,0.271715,0.744926,-0.138587,0.267625,0.625631,-0.177067,0.278538,0.631681,-0.17202,0.290679,0.661891,-0.163718
419,13966,True,0.9395,0.9395,0.310884,0.770077,0.0,0.388326,0.712716,-0.03022,0.454661,0.633012,-0.070933,0.49374,0.559927,-0.10542,0.526379,0.475064,-0.144614,0.44282,0.660206,-0.143774,0.460436,0.553317,-0.212674,0.481559,0.478042,-0.251744,0.502485,0.419228,-0.279351,0.399785,0.691294,-0.158936,0.392894,0.528527,-0.232698,0.391303,0.524038,-0.249561,0.397454,0.554936,-0.260436,0.343913,0.715916,-0.172059,0.320787,0.546703,-0.241345,0.321339,0.55835,-0.236133,0.331708,0.603505,-0.227519,0.287932,0.728125,-0.184922,0.262033,0.5962,-0.244478,0.2671,0.593104,-0.25089,0.281785,0.622238,-0.251387
420,14000,True,0.9785,0.9785,0.322274,0.738543,0.0,0.396442,0.741122,-0.059405,0.450857,0.699398,-0.106472,0.488057,0.67055,-0.147745,0.537405,0.638084,-0.189795,0.452717,0.561932,-0.117406,0.476309,0.46903,-0.186933,0.495686,0.412691,-0.227192,0.512843,0.356616,-0.254169,0.398723,0.557189,-0.124498,0.397956,0.463576,-0.214154,0.392338,0.554081,-0.238816,0.393361,0.627666,-0.244118,0.342663,0.574798,-0.136755,0.329089,0.493685,-0.223477,0.336955,0.592773,-0.224348,0.352354,0.663339,-0.21072,0.292062,0.600295,-0.152427,0.269439,0.536483,-0.217081,0.278115,0.592191,-0.223019,0.295755,0.640134,-0.218674
421,14033,True,0.9971,0.9971,0.348097,0.728134,0.0,0.408352,0.730295,-0.058239,0.459945,0.685643,-0.097228,0.502455,0.649512,-0.132589,0.554905,0.622122,-0.169848,0.45557,0.522943,-0.079649,0.483559,0.436065,-0.130203,0.500836,0.378095,-0.161442,0.515812,0.325968,-0.183321,0.398829,0.510107,-0.081095,0.404475,0.446989,-0.159357,0.412167,0.551095,-0.185669,0.417779,0.63137,-0.189223,0.341413,0.526841,-0.087429,0.338206,0.470026,-0.163986,0.353066,0.573491,-0.167697,0.364181,0.648039,-0.153527,0.287096,0.559915,-0.097269,0.275561,0.507305,-0.154224,0.289779,0.564873,-0.158841,0.301822,0.613233,-0.151339
422,14066,True,0.9959,0.9959,0.36214,0.72902,0.0,0.417076,0.724433,-0.047199,0.467383,0.675205,-0.079677,0.511055,0.637814,-0.110312,0.559464,0.611322,-0.142091,0.461771,0.51485,-0.056665,0.492914,0.425495,-0.099838,0.510082,0.36523,-0.127131,0.523304,0.308948,-0.146187,0.405939,0.50275,-0.058779,0.418161,0.440092,-0.127045,0.426859,0.545969,-0.147195,0.431424,0.624516,-0.146155,0.349131,0.518918,-0.065007,0.351395,0.458552,-0.131136,0.368252,0.561549,-0.126416,0.378168,0.634026,-0.106248,0.294184,0.554931,-0.0742,0.289117,0.50674,-0.122738,0.310166,0.572644,-0.118885,0.323308,0.625584,-0.104287
423,14100,True,0.9928,0.9928,0.369656,0.733117,0.0,0.425005,0.725752,-0.049523,0.475025,0.676183,-0.083967,0.519148,0.636293,-0.116251,0.566758,0.605379,-0.149289,0.473041,0.520263,-0.061646,0.503521,0.425391,-0.107511,0.519132,0.36117,-0.136024,0.530474,0.301868,-0.155436,0.416197,0.506628,-0.063137,0.430186,0.438298,-0.134854,0.437398,0.545234,-0.154867,0.440662,0.626906,-0.152712,0.35885,0.519886,-0.068902,0.362418,0.455466,-0.13747,0.378256,0.558721,-0.13181,0.387797,0.634413,-0.110133,0.302917,0.552303,-0.077866,0.298899,0.500529,-0.128129,0.321145,0.566882,-0.123895,0.335702,0.624333,-0.108336
424,14133,True,0.9917,0.9917,0.376699,0.737522,0.0,0.432017,0.728979,-0.050411,0.481033,0.67853,-0.086268,0.523146,0.636667,-0.12004,0.568273,0.600957,-0.154561,0.479886,0.522367,-0.06602,0.507648,0.423438,-0.11434,0.521273,0.357477,-0.144329,0.530823,0.297567,-0.164581,0.422834,0.509415,-0.068607,0.440249,0.441469,-0.144101,0.447243,0.547467,-0.165944,0.44945,0.629614,-0.164731,0.365141,0.52298,-0.075513,0.370695,0.460642,-0.147114,0.387878,0.56279,-0.1428,0.397867,0.639172,-0.121811,0.308607,0.555127,-0.0857,0.306046,0.501724,-0.138103,0.329436,0.566869,-0.134876,0.344432,0.625445,-0.119988
425,14166,True,0.9916,0.9916,0.381797,0.742348,0.0,0.43636,0.732574,-0.050406,0.484912,0.680625,-0.085926,0.526373,0.635783,-0.119512,0.571949,0.599028,-0.153535,0.483871,0.522531,-0.063128,0.511881,0.423007,-0.110447,0.525842,0.356406,-0.139854,0.535301,0.295564,-0.159699,0.427073,0.509389,-0.065111,0.44671,0.446753,-0.139437,0.453943,0.551565,-0.160447,0.455195,0.631465,-0.158703,0.369472,0.522615,-0.071571,0.37794,0.46554,-0.14237,0.395014,0.568156,-0.137024,0.403969,0.643367,-0.115236,0.312891,0.554597,-0.081421,0.313789,0.50455,-0.132719,0.337614,0.570133,-0.128609,0.351598,0.627605,-0.113025
426,14200,True,0.992,0.992,0.385287,0.747819,0.0,0.43861,0.73643,-0.048773,0.486411,0.683967,-0.083326,0.524788,0.638689,-0.116268,0.566408,0.597066,-0.149422,0.487403,0.52581,-0.060151,0.513682,0.422459,-0.106032,0.527965,0.355874,-0.134301,0.536285,0.294228,-0.153445,0.43077,0.513159,-0.062293,0.451736,0.452591,-0.134808,0.458391,0.559636,-0.154819,0.456888,0.635674,-0.152805,0.373502,0.526675,-0.068858,0.381592,0.468104,-0.138469,0.398518,0.572687,-0.131879,0.405375,0.645174,-0.10959,0.316725,0.558297,-0.078652,0.316465,0.506946,-0.12913,0.340404,0.572796,-0.124065,0.353518,0.627671,-0.107988
427,14233,True,0.9917,0.9917,0.386207,0.750538,0.0,0.437359,0.738911,-0.04929,0.484323,0.689518,-0.085737,0.520353,0.646108,-0.120633,0.55901,0.602089,-0.155655,0.489293,0.529502,-0.062379,0.515349,0.424534,-0.108847,0.529901,0.356795,-0.137299,0.536289,0.294454,-0.156769,0.433509,0.517078,-0.064912,0.454628,0.456235,-0.137385,0.460718,0.563198,-0.157309,0.457215,0.634191,-0.155816,0.37709,0.529586,-0.071826,0.384905,0.471038,-0.1416,0.402482,0.576548,-0.134418,0.407525,0.645439,-0.112405,0.319974,0.559503,-0.081971,0.3195,0.510432,-0.132795,0.343934,0.579411,-0.126946,0.356156,0.633088,-0.110711
428,14266,True,0.9911,0.9911,0.386609,0.753388,0.0,0.436529,0.741598,-0.04667,0.482084,0.694289,-0.08246,0.515387,0.652276,-0.117206,0.550788,0.608073,-0.151979,0.490085,0.531294,-0.059974,0.515038,0.425627,-0.104911,0.529456,0.357641,-0.132722,0.535648,0.295669,-0.151936,0.434845,0.519094,-0.063381,0.457225,0.460883,-0.133797,0.462803,0.568014,-0.153285,0.458778,0.637539,-0.15208,0.379132,0.530954,-0.070819,0.38742,0.471584,-0.137773,0.405409,0.576206,-0.13013,0.41018,0.644848,-0.108851,0.322218,0.56023,-0.081374,0.322975,0.514155,-0.130058,0.348209,0.584266,-0.123623,0.360782,0.637957,-0.107584
429,14299,True,0.9901,0.9901,0.38633,0.754412,0.0,0.434317,0.742164,-0.046514,0.477982,0.696902,-0.082412,0.506638,0.656017,-0.117212,0.537243,0.609974,-0.151695,0.491499,0.533348,-0.058895,0.515373,0.428684,-0.103539,0.529446,0.359998,-0.131016,0.535167,0.298079,-0.14989,0.436934,0.521107,-0.062136,0.459137,0.46258,-0.130622,0.463071,0.568976,-0.148856,0.458665,0.634624,-0.147136,0.38164,0.531561,-0.069539,0.391182,0.472715,-0.135288,0.406424,0.577185,-0.126534,0.409387,0.642304,-0.104905,0.324346,0.558769,-0.080115,0.325906,0.513167,-0.127849,0.349397,0.583697,-0.120386,0.360837,0.634767,-0.103842
430,14333,True,0.9895,0.9895,0.38573,0.752443,0.0,0.433997,0.741303,-0.048415,0.477876,0.700191,-0.086483,0.506666,0.662335,-0.123289,0.531362,0.614335,-0.159701,0.493356,0.532841,-0.062826,0.517089,0.428925,-0.108685,0.530574,0.359392,-0.136904,0.535324,0.297671,-0.156124,0.438101,0.520466,-0.06614,0.463095,0.463648,-0.135297,0.466775,0.571342,-0.153441,0.461988,0.636674,-0.151671,0.382805,0.530184,-0.073671,0.396006,0.474453,-0.139957,0.410106,0.579511,-0.130361,0.411496,0.644813,-0.108302,0.326178,0.556984,-0.084635,0.332364,0.516129,-0.133052,0.355785,0.588317,-0.124955,0.365721,0.640355,-0.107897
431,14366,True,0.9916,0.9916,0.387559,0.751973,0.0,0.435882,0.74147,-0.047726,0.480366,0.701531,-0.084378,0.508589,0.664729,-0.119699,0.529895,0.612492,-0.154564,0.494257,0.532051,-0.062385,0.518207,0.428045,-0.107048,0.532585,0.36032,-0.134371,0.53849,0.299574,-0.152788,0.439212,0.51944,-0.065485,0.463332,0.465235,-0.133352,0.467575,0.572513,-0.15121,0.462274,0.639987,-0.149481,0.38408,0.530114,-0.072794,0.396305,0.475782,-0.136805,0.40998,0.578583,-0.128107,0.411256,0.643294,-0.107135,0.328109,0.558193,-0.083574,0.327797,0.510248,-0.129969,0.350121,0.576043,-0.122976,0.36119,0.625604,-0.107129
432,14400,True,0.9902,0.9902,0.388067,0.751583,0.0,0.434442,0.741349,-0.047783,0.478429,0.700384,-0.085005,0.506313,0.663963,-0.121154,0.529044,0.61529,-0.156856,0.496236,0.535447,-0.063712,0.520367,0.429931,-0.110445,0.535132,0.360534,-0.138875,0.54099,0.298855,-0.157891,0.44139,0.522614,-0.067421,0.467558,0.466411,-0.13764,0.472324,0.574629,-0.155884,0.467713,0.641118,-0.153912,0.386274,0.531371,-0.075362,0.400655,0.477607,-0.142427,0.414479,0.583468,-0.133313,0.415308,0.649786,-0.111076,0.33013,0.55724,-0.086725,0.333583,0.509674,-0.135231,0.356785,0.578897,-0.127614,0.367175,0.63149,-0.110695
433,14433,True,0.9918,0.9918,0.389304,0.748365,0.0,0.437431,0.739023,-0.047282,0.482384,0.697862,-0.082542,0.509836,0.659009,-0.116394,0.530889,0.607242,-0.149506,0.499817,0.53346,-0.061533,0.524689,0.429009,-0.107478,0.539017,0.360696,-0.135709,0.545977,0.299049,-0.154505,0.445591,0.519053,-0.0646,0.471647,0.466673,-0.134302,0.476796,0.570608,-0.153207,0.474,0.638262,-0.151692,0.390345,0.526284,-0.071829,0.404857,0.478037,-0.138732,0.418503,0.582152,-0.130231,0.420864,0.64889,-0.108318,0.334449,0.550307,-0.082402,0.34113,0.508112,-0.131082,0.36367,0.579668,-0.123386,0.373971,0.633285,-0.10608
434,14466,True,0.9906,0.9906,0.39138,0.746169,0.0,0.4398,0.736065,-0.043701,0.484764,0.693686,-0.076224,0.511399,0.655131,-0.107666,0.532654,0.603648,-0.138441,0.501504,0.531974,-0.057907,0.527776,0.428769,-0.10158,0.542756,0.362694,-0.12912,0.5504,0.301601,-0.14794,0.448725,0.517404,-0.061742,0.474002,0.466618,-0.12825,0.478478,0.568659,-0.146979,0.474233,0.635337,-0.146636,0.39422,0.524994,-0.069379,0.409626,0.47456,-0.132476,0.422577,0.575625,-0.124385,0.423651,0.640747,-0.104215,0.33859,0.550061,-0.080165,0.344506,0.50654,-0.126261,0.366937,0.574808,-0.119197,0.377402,0.626769,-0.103356
435,14500,True,0.991,0.991,0.39334,0.745161,0.0,0.442212,0.733995,-0.041785,0.488065,0.690734,-0.073362,0.516783,0.651592,-0.10409,0.539268,0.601078,-0.134254,0.504203,0.532023,-0.056864,0.53222,0.42775,-0.100404,0.548266,0.361221,-0.128086,0.556761,0.299999,-0.14694,0.452189,0.517284,-0.061557,0.480042,0.465133,-0.128083,0.485405,0.564586,-0.147357,0.481543,0.631565,-0.147386,0.39789,0.523909,-0.069761,0.415944,0.474218,-0.133074,0.429332,0.57385,-0.125494,0.430549,0.639884,-0.105581,0.342018,0.547373,-0.080914,0.350665,0.506015,-0.127264,0.373251,0.574809,-0.120097,0.383412,0.628877,-0.104009
436,14533,True,0.9898,0.9898,0.393924,0.744847,0.0,0.445103,0.734175,-0.040532,0.490624,0.690903,-0.0713,0.519304,0.651715,-0.101413,0.542366,0.600544,-0.131037,0.505439,0.534073,-0.05598,0.534856,0.428307,-0.098465,0.552497,0.362275,-0.125333,0.562406,0.301594,-0.143548,0.454254,0.520381,-0.061065,0.48228,0.466373,-0.126704,0.488228,0.563521,-0.145687,0.484124,0.631614,-0.145587,0.400577,0.527193,-0.069515,0.418214,0.474988,-0.130972,0.431908,0.572236,-0.123363,0.433381,0.638116,-0.10377,0.345293,0.549788,-0.080874,0.353326,0.505479,-0.124956,0.375624,0.572175,-0.117375,0.385475,0.625559,-0.101447
437,14566,True,0.9884,0.9884,0.395397,0.745776,0.0,0.446685,0.735388,-0.04052,0.492263,0.692205,-0.071234,0.52092,0.651534,-0.101182,0.546411,0.600841,-0.130684,0.506868,0.53513,-0.055825,0.537034,0.430685,-0.097614,0.555309,0.365316,-0.124106,0.566302,0.304817,-0.142258,0.456885,0.52112,-0.060636,0.485139,0.468859,-0.125317,0.490817,0.564218,-0.144422,0.486424,0.631673,-0.144883,0.40415,0.527606,-0.068729,0.422959,0.476098,-0.129323,0.436392,0.571714,-0.12225,0.437412,0.637003,-0.103539,0.349324,0.549537,-0.079723,0.359077,0.508109,-0.123372,0.38138,0.574819,-0.116438,0.390868,0.627669,-0.101302
438,14600,True,0.9869,0.9869,0.39644,0.745308,0.0,0.448171,0.734684,-0.040738,0.493967,0.691679,-0.071542,0.522991,0.652251,-0.101573,0.547392,0.601816,-0.131199,0.50904,0.535288,-0.056275,0.539421,0.43284,-0.098797,0.557604,0.368523,-0.126131,0.568925,0.309068,-0.14494,0.458991,0.521283,-0.061516,0.489339,0.469484,-0.127643,0.496003,0.566183,-0.148225,0.492068,0.635313,-0.149572,0.406204,0.527809,-0.070056,0.426126,0.477141,-0.131903,0.439715,0.573476,-0.126527,0.440689,0.640117,-0.10882,0.350986,0.550138,-0.081482,0.361388,0.510264,-0.126554,0.383625,0.576827,-0.1212,0.393113,0.630117,-0.107141
439,14633,True,0.9864,0.9864,0.398879,0.746168,0.0,0.450218,0.735776,-0.040827,0.496082,0.693246,-0.071814,0.525363,0.654771,-0.101958,0.547997,0.603693,-0.131766,0.511847,0.53764,-0.057002,0.542237,0.435501,-0.099726,0.5598,0.371822,-0.127215,0.570654,0.312533,-0.146154,0.461579,0.523792,-0.062292,0.492207,0.470402,-0.128537,0.499133,0.567805,-0.149244,0.495411,0.636705,-0.150724,0.408443,0.530316,-0.070833,0.427445,0.477735,-0.13278,0.44131,0.5751,-0.127278,0.442621,0.642073,-0.109512,0.352968,0.552214,-0.082263,0.362573,0.510855,-0.127554,0.384532,0.578078,-0.122121,0.393724,0.631677,-0.108037
440,14666,True,0.9861,0.9861,0.400136,0.746748,0.0,0.451054,0.7359,-0.041241,0.497102,0.693405,-0.072919,0.526126,0.655246,-0.103714,0.549634,0.606591,-0.134076,0.513695,0.537944,-0.056668,0.544311,0.436829,-0.100278,0.562017,0.372846,-0.12814,0.57271,0.31374,-0.147176,0.463569,0.523956,-0.061715,0.494559,0.472871,-0.12854,0.499459,0.57192,-0.148468,0.494941,0.638691,-0.148993,0.410347,0.530222,-0.070211,0.4293,0.48178,-0.132936,0.442168,0.580651,-0.126148,0.443577,0.645418,-0.107077,0.354445,0.55197,-0.081634,0.36474,0.51537,-0.1269,0.386614,0.583629,-0.120415,0.39643,0.634597,-0.105364
441,14700,True,0.9871,0.9871,0.40126,0.748502,0.0,0.451711,0.738244,-0.042026,0.496983,0.69564,-0.074132,0.525143,0.657326,-0.105352,0.550955,0.609386,-0.136257,0.515641,0.539777,-0.057455,0.54662,0.440447,-0.101725,0.564862,0.377164,-0.130242,0.576583,0.318252,-0.149799,0.465161,0.524944,-0.062177,0.494463,0.474082,-0.129139,0.499531,0.573104,-0.149256,0.496134,0.640582,-0.1501,0.411469,0.531257,-0.070473,0.429348,0.483815,-0.133329,0.441938,0.583356,-0.126833,0.443725,0.649866,-0.108021,0.355246,0.553638,-0.081794,0.364603,0.515869,-0.127421,0.386287,0.583702,-0.121552,0.396644,0.635551,-0.106951
442,14733,True,0.9889,0.9889,0.400298,0.750256,0.0,0.45034,0.739773,-0.040449,0.495617,0.696769,-0.071582,0.524049,0.658222,-0.10212,0.55084,0.612871,-0.132361,0.514219,0.542496,-0.056046,0.546337,0.442655,-0.099867,0.565666,0.379557,-0.127856,0.578051,0.320806,-0.146952,0.464285,0.52759,-0.061366,0.494477,0.477529,-0.128751,0.498616,0.57685,-0.14864,0.493749,0.645774,-0.148884,0.410963,0.53385,-0.070145,0.428708,0.488007,-0.13305,0.44119,0.586579,-0.126733,0.442786,0.653419,-0.107659,0.354946,0.556151,-0.081798,0.363049,0.517329,-0.127062,0.384418,0.583502,-0.121253,0.394739,0.635397,-0.10652
443,14766,True,0.989,0.989,0.398933,0.752545,0.0,0.447977,0.742298,-0.040217,0.494177,0.699547,-0.071103,0.523397,0.661387,-0.101408,0.549916,0.615922,-0.131493,0.513769,0.546806,-0.056383,0.545852,0.446403,-0.099614,0.565353,0.383017,-0.126971,0.577614,0.324067,-0.145622,0.463574,0.530873,-0.061773,0.494938,0.480992,-0.128707,0.498994,0.57977,-0.148306,0.49319,0.648924,-0.148397,0.409976,0.536451,-0.070505,0.428649,0.490912,-0.133157,0.441199,0.589351,-0.126856,0.442221,0.65661,-0.107856,0.353715,0.558191,-0.082052,0.36201,0.519315,-0.127235,0.383034,0.585941,-0.121323,0.392461,0.638626,-0.106526
444,14799,True,0.9904,0.9904,0.39806,0.751655,0.0,0.447537,0.740544,-0.039791,0.493428,0.699071,-0.070395,0.521862,0.662151,-0.100363,0.548941,0.616019,-0.130109,0.513081,0.545049,-0.055712,0.545283,0.446027,-0.098409,0.564191,0.383347,-0.125083,0.575771,0.325349,-0.143078,0.46238,0.53035,-0.060866,0.49056,0.479902,-0.126443,0.494024,0.577912,-0.145342,0.488274,0.644377,-0.145206,0.40848,0.537451,-0.069376,0.423623,0.493597,-0.131597,0.435096,0.592699,-0.124814,0.435974,0.657004,-0.105422,0.352721,0.559941,-0.080591,0.355907,0.515466,-0.124907,0.374793,0.580442,-0.118049,0.383335,0.631471,-0.102635
445,14833,True,0.9896,0.9896,0.395429,0.74971,0.0,0.443999,0.739219,-0.041142,0.490128,0.69971,-0.073293,0.519062,0.66486,-0.10493,0.544992,0.618075,-0.136442,0.511478,0.545045,-0.05739,0.541969,0.445693,-0.101011,0.561558,0.38295,-0.12805,0.572981,0.325347,-0.146166,0.460181,0.530017,-0.062422,0.487328,0.480939,-0.129256,0.48994,0.582803,-0.147932,0.48358,0.649936,-0.147205,0.406368,0.53682,-0.071059,0.421331,0.49391,-0.134285,0.432592,0.59418,-0.127349,0.433245,0.65867,-0.107541,0.350473,0.559452,-0.082534,0.35353,0.514591,-0.127534,0.373391,0.579253,-0.121029,0.383015,0.629805,-0.105763
446,14866,True,0.9892,0.9892,0.392277,0.749398,0.0,0.44156,0.738171,-0.040597,0.487094,0.698082,-0.072099,0.515464,0.663396,-0.103149,0.540389,0.61751,-0.134024,0.50825,0.542495,-0.054312,0.538325,0.445279,-0.097224,0.557486,0.383024,-0.123678,0.568728,0.326283,-0.141195,0.456773,0.528508,-0.059232,0.482197,0.478635,-0.124999,0.485147,0.5798,-0.142994,0.480376,0.646182,-0.141589,0.402834,0.536127,-0.067915,0.416751,0.494066,-0.130988,0.427829,0.594955,-0.123739,0.42956,0.658854,-0.103316,0.346873,0.559543,-0.07939,0.348272,0.514162,-0.124095,0.367841,0.579654,-0.117086,0.378394,0.630969,-0.101203
447,14900,True,0.9899,0.9899,0.388617,0.749089,0.0,0.438031,0.738387,-0.041552,0.483711,0.698413,-0.073793,0.51273,0.664708,-0.105571,0.53638,0.616669,-0.137477,0.503662,0.545074,-0.057905,0.53366,0.447177,-0.101822,0.553322,0.3844,-0.129403,0.564556,0.326616,-0.147951,0.452475,0.530813,-0.063293,0.479594,0.478436,-0.130597,0.483935,0.579114,-0.150545,0.478625,0.645546,-0.150807,0.398581,0.537521,-0.072235,0.414311,0.491918,-0.136373,0.426376,0.592561,-0.130862,0.426812,0.65742,-0.111935,0.342627,0.559583,-0.083974,0.345354,0.51233,-0.129908,0.365593,0.577529,-0.124141,0.375117,0.630012,-0.10941
448,14933,True,0.9899,0.9899,0.386225,0.746012,0.0,0.435801,0.735869,-0.040223,0.481824,0.696733,-0.070686,0.511038,0.663143,-0.100455,0.532998,0.614899,-0.130061,0.500287,0.541637,-0.054526,0.530325,0.445032,-0.096162,0.549209,0.383635,-0.122508,0.560761,0.326492,-0.140412,0.44967,0.526891,-0.059444,0.476081,0.477468,-0.124112,0.481842,0.575476,-0.143394,0.478468,0.642175,-0.143634,0.395975,0.532984,-0.0678,0.411896,0.489962,-0.129633,0.425365,0.58864,-0.123914,0.427849,0.652936,-0.105362,0.340503,0.554516,-0.078873,0.346065,0.513674,-0.123462,0.366706,0.580403,-0.117426,0.376629,0.632474,-0.102641
449,14966,True,0.9884,0.9884,0.384977,0.743899,0.0,0.433825,0.733894,-0.042363,0.477713,0.694328,-0.074699,0.505923,0.661057,-0.106089,0.52992,0.613267,-0.137352,0.499451,0.539896,-0.057293,0.528508,0.443542,-0.100074,0.546063,0.381553,-0.127155,0.556365,0.324167,-0.145671,0.448311,0.525633,-0.061959,0.473568,0.474065,-0.12787,0.478573,0.572926,-0.147951,0.475474,0.639246,-0.148783,0.394099,0.532301,-0.070218,0.408159,0.486435,-0.132987,0.420922,0.585689,-0.127757,0.423366,0.649926,-0.109642,0.337798,0.55437,-0.081338,0.341239,0.510266,-0.126651,0.361931,0.576858,-0.121032,0.372719,0.62917,-0.106694
450,15000,True,0.99,0.99,0.382893,0.740438,0.0,0.432411,0.732002,-0.04361,0.477866,0.694583,-0.076291,0.507,0.661411,-0.108035,0.528249,0.612056,-0.139739,0.496182,0.53845,-0.059438,0.525477,0.441159,-0.103591,0.543406,0.379021,-0.131412,0.55419,0.321563,-0.150106,0.444645,0.523004,-0.063881,0.470231,0.473941,-0.133055,0.474657,0.573203,-0.154195,0.470624,0.643017,-0.154587,0.390897,0.528779,-0.072063,0.405087,0.487688,-0.137531,0.417952,0.587649,-0.133515,0.420813,0.654623,-0.11499,0.33637,0.55054,-0.083185,0.338972,0.508279,-0.130578,0.359285,0.574968,-0.126235,0.370133,0.628817,-0.111956
451,15033,True,0.9903,0.9903,0.382763,0.739665,0.0,0.431562,0.730961,-0.04381,0.475381,0.694218,-0.076952,0.5033,0.661063,-0.109125,0.524743,0.610829,-0.141198,0.493595,0.536424,-0.059627,0.523021,0.438136,-0.102741,0.540889,0.375917,-0.129581,0.551476,0.319097,-0.147583,0.44199,0.522307,-0.063768,0.466569,0.472641,-0.130684,0.47038,0.570738,-0.150539,0.466163,0.638939,-0.150642,0.387983,0.529318,-0.071652,0.402062,0.486909,-0.1353,0.414791,0.585198,-0.130645,0.417347,0.650704,-0.112342,0.33262,0.552233,-0.082514,0.334713,0.508008,-0.128623,0.355719,0.573088,-0.123817,0.36709,0.626555,-0.109611
452,15066,True,0.991,0.991,0.380938,0.740472,0.0,0.429428,0.732621,-0.044498,0.473121,0.695912,-0.078192,0.500686,0.661725,-0.110944,0.523294,0.612849,-0.143663,0.490782,0.536768,-0.06002,0.520077,0.438984,-0.10323,0.538058,0.376059,-0.129998,0.548797,0.31907,-0.147915,0.439532,0.522334,-0.06389,0.464821,0.472353,-0.130942,0.468091,0.568095,-0.150793,0.463327,0.635725,-0.150753,0.38604,0.528678,-0.071546,0.401175,0.486593,-0.135569,0.413278,0.584113,-0.131014,0.41506,0.650237,-0.112582,0.331684,0.551411,-0.082215,0.335309,0.508897,-0.128657,0.356362,0.574742,-0.123981,0.367114,0.628749,-0.109719
453,15100,True,0.9911,0.9911,0.379771,0.740544,0.0,0.427649,0.732373,-0.0446,0.470789,0.694615,-0.078405,0.498105,0.660378,-0.111318,0.521543,0.611575,-0.144231,0.488894,0.537259,-0.060252,0.51813,0.43881,-0.103341,0.535879,0.376202,-0.12988,0.546196,0.319087,-0.147703,0.438066,0.523161,-0.064079,0.462952,0.473267,-0.131083,0.466322,0.569996,-0.151063,0.461278,0.636675,-0.151256,0.384802,0.530062,-0.071707,0.399644,0.483639,-0.135557,0.411811,0.581493,-0.131325,0.413252,0.647329,-0.113301,0.330506,0.553237,-0.082343,0.3314,0.506177,-0.12899,0.352172,0.569599,-0.125102,0.363272,0.622441,-0.111524
454,15133,True,0.9917,0.9917,0.379144,0.740163,0.0,0.425872,0.731797,-0.043598,0.469716,0.693427,-0.076901,0.498823,0.65847,-0.109277,0.521305,0.609904,-0.141553,0.487286,0.538505,-0.060015,0.516886,0.438928,-0.103172,0.534897,0.375539,-0.129487,0.544731,0.317857,-0.147103,0.436915,0.523702,-0.064089,0.46396,0.47322,-0.13088,0.466802,0.570994,-0.149676,0.460996,0.636476,-0.148954,0.383797,0.529479,-0.071838,0.400441,0.483739,-0.136093,0.412506,0.582649,-0.130284,0.413192,0.647954,-0.11103,0.329421,0.551265,-0.082478,0.333854,0.50821,-0.129844,0.354831,0.575217,-0.124732,0.364419,0.629216,-0.109983
455,15166,True,0.9911,0.9911,0.377913,0.739248,0.0,0.424505,0.730843,-0.043834,0.467785,0.692623,-0.077337,0.496134,0.65846,-0.110025,0.519515,0.609106,-0.142638,0.486564,0.537098,-0.058972,0.51546,0.438213,-0.10153,0.533121,0.375478,-0.127225,0.542587,0.318512,-0.144408,0.436165,0.523345,-0.062849,0.461077,0.472933,-0.12861,0.463936,0.571602,-0.147154,0.458647,0.635458,-0.146499,0.383178,0.529999,-0.070535,0.397619,0.482835,-0.134005,0.40968,0.582584,-0.12815,0.410718,0.64631,-0.109114,0.328687,0.552272,-0.081125,0.329271,0.504942,-0.127422,0.350128,0.570922,-0.122068,0.360862,0.623532,-0.107474
456,15200,True,0.9901,0.9901,0.377406,0.737046,0.0,0.425056,0.729466,-0.049806,0.468367,0.692331,-0.088305,0.495611,0.658229,-0.12528,0.518998,0.610159,-0.162385,0.487072,0.536204,-0.069731,0.515575,0.439139,-0.11813,0.532397,0.374255,-0.147876,0.541088,0.31662,-0.167801,0.434915,0.521852,-0.073137,0.462122,0.471033,-0.145554,0.465152,0.571882,-0.166815,0.46132,0.636533,-0.167402,0.381487,0.528005,-0.080773,0.396905,0.483459,-0.149493,0.409269,0.583305,-0.145349,0.410905,0.648504,-0.126893,0.326949,0.549505,-0.091857,0.33029,0.505448,-0.142109,0.351413,0.570927,-0.138899,0.362222,0.623446,-0.125658
457,15233,True,0.9913,0.9913,0.377408,0.735845,0.0,0.424,0.728555,-0.04886,0.467148,0.690187,-0.086493,0.494704,0.656485,-0.122729,0.51848,0.608271,-0.159259,0.486897,0.53613,-0.068707,0.514339,0.438783,-0.116696,0.531112,0.374315,-0.146444,0.539727,0.316822,-0.166511,0.435335,0.522043,-0.072493,0.461943,0.470308,-0.144817,0.464791,0.571628,-0.16681,0.460554,0.636755,-0.168016,0.381799,0.528656,-0.080399,0.396495,0.481325,-0.149179,0.40861,0.581076,-0.146223,0.409801,0.646888,-0.128618,0.326898,0.550688,-0.091573,0.327862,0.502087,-0.142316,0.348304,0.566748,-0.140046,0.359062,0.620406,-0.127513
458,15266,True,0.9909,0.9909,0.376919,0.735694,0.0,0.422892,0.727744,-0.047981,0.466786,0.690095,-0.085228,0.493725,0.656213,-0.121172,0.516251,0.609345,-0.157247,0.485815,0.53508,-0.066921,0.513557,0.438459,-0.114233,0.530685,0.373613,-0.143341,0.539264,0.315886,-0.162819,0.434221,0.521072,-0.070761,0.461469,0.470644,-0.141549,0.464706,0.570901,-0.162109,0.460304,0.634235,-0.162395,0.380962,0.527466,-0.078703,0.396443,0.481672,-0.146496,0.408908,0.581838,-0.141734,0.409862,0.646646,-0.122921,0.326204,0.549541,-0.089931,0.329564,0.503902,-0.13988,0.350917,0.56999,-0.136083,0.361694,0.623385,-0.122309
459,15299,True,0.9918,0.9918,0.376951,0.735173,0.0,0.422366,0.72735,-0.046804,0.465273,0.688388,-0.082903,0.492553,0.654706,-0.117933,0.516462,0.608539,-0.153176,0.484677,0.535192,-0.065258,0.512911,0.437805,-0.111724,0.530157,0.373813,-0.140136,0.538966,0.316233,-0.159117,0.433615,0.521493,-0.069333,0.461265,0.468906,-0.139423,0.465013,0.569346,-0.160199,0.460823,0.633494,-0.160593,0.380579,0.528564,-0.07741,0.395811,0.480672,-0.144503,0.408128,0.580356,-0.140842,0.409269,0.645207,-0.122695,0.326195,0.551166,-0.088608,0.326744,0.500576,-0.137736,0.346809,0.563037,-0.134675,0.357286,0.614996,-0.121556
460,15333,True,0.9909,0.9909,0.375698,0.734761,0.0,0.421999,0.727481,-0.047343,0.465348,0.689319,-0.083763,0.491949,0.654436,-0.118937,0.51544,0.608525,-0.154138,0.48432,0.534185,-0.065515,0.512025,0.436814,-0.112404,0.529161,0.372211,-0.141496,0.538013,0.314106,-0.160948,0.432988,0.520396,-0.069314,0.460403,0.468682,-0.139146,0.465729,0.567447,-0.159807,0.462939,0.63119,-0.160366,0.379986,0.526877,-0.07718,0.396467,0.479999,-0.144066,0.409838,0.579101,-0.139682,0.411182,0.644375,-0.121277,0.32599,0.549021,-0.088316,0.330625,0.503093,-0.137579,0.352061,0.568348,-0.133907,0.362422,0.622011,-0.120287
461,15366,True,0.991,0.991,0.375855,0.733398,0.0,0.421956,0.72618,-0.047466,0.465516,0.688027,-0.084001,0.49163,0.653252,-0.11925,0.515651,0.606772,-0.154554,0.484029,0.533377,-0.065693,0.512193,0.435761,-0.111767,0.529021,0.371657,-0.13957,0.537971,0.31417,-0.158096,0.432627,0.519896,-0.069374,0.460336,0.467112,-0.139734,0.462911,0.567643,-0.16005,0.458237,0.63296,-0.159816,0.379976,0.526578,-0.077062,0.39548,0.480148,-0.144419,0.407214,0.579733,-0.140058,0.407891,0.644681,-0.1212,0.325974,0.548593,-0.08791,0.328152,0.499769,-0.136954,0.348589,0.564401,-0.133051,0.358613,0.61751,-0.119176
462,15400,True,0.992,0.992,0.375572,0.734602,0.0,0.42115,0.727021,-0.047393,0.465278,0.688788,-0.083952,0.491819,0.653304,-0.119235,0.515776,0.60549,-0.154613,0.483963,0.534553,-0.066175,0.511751,0.437356,-0.113089,0.528956,0.372683,-0.14177,0.537454,0.314502,-0.160964,0.432583,0.520596,-0.070025,0.460449,0.467024,-0.139935,0.464677,0.567461,-0.160213,0.460695,0.630547,-0.160441,0.379906,0.527112,-0.077894,0.395553,0.478972,-0.144943,0.408322,0.579449,-0.140008,0.409133,0.643938,-0.12121,0.325831,0.549234,-0.088995,0.328817,0.501923,-0.138096,0.349897,0.566901,-0.134048,0.360057,0.619206,-0.120285
463,15433,True,0.9916,0.9916,0.375733,0.734851,0.0,0.421308,0.726868,-0.046008,0.465541,0.688529,-0.08145,0.49162,0.653044,-0.11579,0.514455,0.605474,-0.15012,0.483681,0.534007,-0.063133,0.511963,0.43642,-0.108345,0.528999,0.37216,-0.135883,0.537709,0.314451,-0.154265,0.432545,0.520573,-0.067118,0.460655,0.467021,-0.135609,0.464301,0.566809,-0.155329,0.4602,0.630841,-0.155095,0.380109,0.526958,-0.075006,0.396381,0.478858,-0.140554,0.40832,0.577876,-0.135218,0.408687,0.642093,-0.116203,0.325956,0.548703,-0.086051,0.329033,0.500317,-0.133635,0.349952,0.564684,-0.128801,0.36015,0.617257,-0.114508
464,15466,True,0.9918,0.9918,0.375338,0.734749,0.0,0.421606,0.727112,-0.047524,0.465671,0.689042,-0.083912,0.491576,0.65311,-0.118987,0.514829,0.605009,-0.154102,0.483421,0.534178,-0.065814,0.5111,0.437747,-0.112285,0.527877,0.373383,-0.140625,0.536634,0.315836,-0.159608,0.432239,0.520341,-0.069611,0.459983,0.467067,-0.139847,0.463439,0.566784,-0.160472,0.459352,0.631371,-0.160754,0.379752,0.526779,-0.077436,0.395609,0.479712,-0.144651,0.407864,0.578471,-0.140552,0.408673,0.643213,-0.122192,0.325858,0.548729,-0.088484,0.328374,0.500636,-0.137593,0.349486,0.564783,-0.134072,0.360051,0.617739,-0.120652
465,15500,True,0.9921,0.9921,0.375749,0.734939,0.0,0.42168,0.727063,-0.047518,0.465279,0.688662,-0.084044,0.490981,0.652843,-0.119307,0.514092,0.605173,-0.154667,0.483099,0.53505,-0.066327,0.510961,0.439122,-0.113138,0.528125,0.374993,-0.141657,0.53667,0.317781,-0.160686,0.432089,0.52146,-0.070358,0.460235,0.467898,-0.140832,0.464596,0.56701,-0.161784,0.460545,0.630795,-0.162377,0.37979,0.528234,-0.078398,0.395889,0.481324,-0.146065,0.40816,0.580099,-0.142332,0.408424,0.644364,-0.124197,0.326029,0.550451,-0.089633,0.328352,0.502367,-0.139145,0.349504,0.565578,-0.135948,0.359861,0.617846,-0.122773
466,15533,True,0.9924,0.9924,0.374841,0.735852,0.0,0.420724,0.727427,-0.045551,0.464871,0.688661,-0.080412,0.491617,0.653365,-0.114312,0.513734,0.60563,-0.148364,0.482264,0.537012,-0.062998,0.510492,0.440528,-0.108377,0.527611,0.376745,-0.136261,0.535981,0.319632,-0.154809,0.431848,0.523668,-0.067272,0.459825,0.469307,-0.135745,0.464739,0.566978,-0.156407,0.461044,0.630148,-0.157052,0.379674,0.530213,-0.075411,0.395697,0.4806,-0.140981,0.408212,0.577845,-0.13741,0.408725,0.64192,-0.119731,0.32598,0.551913,-0.086625,0.327363,0.501657,-0.134494,0.348238,0.56326,-0.131152,0.358796,0.615287,-0.118066
467,15566,True,0.9928,0.9928,0.375456,0.734952,0.0,0.421314,0.726993,-0.046717,0.465484,0.688555,-0.082494,0.491202,0.653207,-0.117227,0.513152,0.605665,-0.152168,0.481893,0.537299,-0.065818,0.50985,0.440639,-0.112444,0.526729,0.376933,-0.140705,0.535345,0.319941,-0.159455,0.431372,0.524008,-0.070125,0.459808,0.470686,-0.140778,0.463939,0.569092,-0.162117,0.459843,0.632704,-0.162832,0.379378,0.530439,-0.07837,0.395161,0.482117,-0.14611,0.407173,0.580564,-0.143189,0.407694,0.645319,-0.125383,0.326037,0.551634,-0.089693,0.326425,0.500762,-0.13913,0.346578,0.56185,-0.136554,0.356865,0.613362,-0.123736
468,15600,True,0.9922,0.9922,0.376054,0.737082,0.0,0.420648,0.729178,-0.046347,0.464734,0.689604,-0.081621,0.490665,0.654044,-0.11588,0.513228,0.607187,-0.150338,0.482316,0.537932,-0.064154,0.509155,0.441775,-0.1105,0.52635,0.377859,-0.13884,0.534608,0.320394,-0.157622,0.431516,0.524541,-0.068305,0.459614,0.470805,-0.137191,0.465624,0.569021,-0.157796,0.462218,0.630282,-0.158463,0.378899,0.531019,-0.076496,0.394995,0.482282,-0.143156,0.408689,0.580554,-0.139802,0.409422,0.643859,-0.122084,0.324544,0.552113,-0.087794,0.324707,0.499412,-0.136698,0.34568,0.560912,-0.133742,0.356483,0.613295,-0.120818
469,15633,True,0.9911,0.9911,0.375569,0.736769,0.0,0.420723,0.728808,-0.045855,0.465218,0.68952,-0.080847,0.491323,0.653689,-0.11476,0.51361,0.607299,-0.148612,0.482003,0.536266,-0.062511,0.509191,0.441334,-0.108663,0.526496,0.378005,-0.136853,0.535299,0.321002,-0.155499,0.430678,0.522722,-0.066272,0.457644,0.471593,-0.134283,0.463173,0.570182,-0.153575,0.460411,0.629749,-0.153446,0.378339,0.528986,-0.074124,0.394019,0.482899,-0.139967,0.408104,0.581595,-0.134422,0.409369,0.643532,-0.115368,0.324588,0.550096,-0.085151,0.327605,0.502064,-0.133484,0.349432,0.566901,-0.12878,0.360204,0.619362,-0.114476
470,15666,True,0.9915,0.9915,0.375758,0.736962,0.0,0.420965,0.728331,-0.046861,0.465367,0.688798,-0.082432,0.491736,0.652944,-0.116738,0.512805,0.604855,-0.151006,0.482224,0.537839,-0.064166,0.508621,0.442793,-0.110586,0.525637,0.378999,-0.138652,0.534102,0.321935,-0.1572,0.431395,0.523838,-0.067864,0.459135,0.471322,-0.136905,0.464318,0.570534,-0.156607,0.460672,0.631751,-0.156511,0.379233,0.529733,-0.075684,0.394704,0.483244,-0.142554,0.407583,0.582511,-0.137476,0.407935,0.645032,-0.118556,0.325379,0.550663,-0.086692,0.327467,0.503099,-0.135714,0.348768,0.568179,-0.131428,0.359103,0.620756,-0.117437
471,15700,True,0.9916,0.9916,0.376041,0.736134,0.0,0.421409,0.727638,-0.04667,0.466054,0.688783,-0.082319,0.492629,0.653665,-0.116627,0.513093,0.604268,-0.15097,0.482019,0.53745,-0.065662,0.50914,0.443564,-0.112565,0.526219,0.380327,-0.141101,0.534578,0.323297,-0.160022,0.430892,0.523479,-0.069466,0.459013,0.471006,-0.138315,0.464427,0.570835,-0.157904,0.460811,0.63189,-0.158026,0.378676,0.529631,-0.077313,0.394916,0.483737,-0.143709,0.40776,0.582894,-0.138528,0.407714,0.645196,-0.119857,0.324916,0.550792,-0.08837,0.327082,0.502594,-0.137286,0.348174,0.566415,-0.133301,0.358345,0.618402,-0.119714
472,15733,True,0.9929,0.9929,0.377431,0.737884,0.0,0.421721,0.729521,-0.04474,0.466462,0.691178,-0.078985,0.493035,0.655733,-0.112138,0.514553,0.607307,-0.145227,0.48284,0.538458,-0.061141,0.51017,0.444965,-0.106093,0.527468,0.382126,-0.133465,0.535647,0.325378,-0.151505,0.431905,0.524466,-0.064991,0.459951,0.471799,-0.130867,0.465655,0.571249,-0.148925,0.461908,0.631731,-0.148121,0.379799,0.530928,-0.072795,0.396413,0.484246,-0.136963,0.409505,0.583296,-0.130569,0.409354,0.644985,-0.111178,0.325867,0.552785,-0.083677,0.328346,0.504364,-0.130851,0.349875,0.568315,-0.125499,0.360284,0.620178,-0.110864
473,15766,True,0.9932,0.9932,0.378319,0.740358,0.0,0.422746,0.730932,-0.042319,0.467331,0.691248,-0.074562,0.494693,0.655265,-0.106087,0.515527,0.606095,-0.137504,0.483632,0.540535,-0.057449,0.511141,0.446203,-0.101092,0.528398,0.383636,-0.127947,0.536813,0.327189,-0.145638,0.433573,0.526435,-0.061914,0.461461,0.473955,-0.126561,0.466817,0.571891,-0.14479,0.462862,0.633177,-0.144215,0.381369,0.53278,-0.07015,0.397754,0.485438,-0.132776,0.410158,0.582457,-0.126781,0.409972,0.644057,-0.107816,0.327057,0.554754,-0.081306,0.32813,0.503949,-0.127062,0.349369,0.565781,-0.121611,0.360455,0.617655,-0.107016
474,15799,True,0.993,0.993,0.378206,0.741624,0.0,0.423452,0.732199,-0.042032,0.468112,0.691604,-0.073728,0.49453,0.654777,-0.104428,0.515964,0.607787,-0.13496,0.48469,0.542179,-0.057334,0.512642,0.448568,-0.101251,0.529921,0.38657,-0.128735,0.538614,0.330309,-0.146991,0.434996,0.528469,-0.061737,0.462828,0.474644,-0.126126,0.467546,0.572492,-0.144132,0.463773,0.634192,-0.143599,0.38292,0.535261,-0.069877,0.399403,0.487194,-0.131989,0.410558,0.583948,-0.125119,0.409904,0.645194,-0.10578,0.328576,0.557474,-0.080953,0.331218,0.508138,-0.126132,0.351812,0.570483,-0.119766,0.362089,0.621447,-0.104686
475,15833,True,0.9931,0.9931,0.379158,0.742522,0.0,0.424779,0.733659,-0.041188,0.46981,0.694347,-0.072246,0.495604,0.656784,-0.102338,0.517241,0.608827,-0.132211,0.485933,0.544128,-0.055983,0.513977,0.450356,-0.098522,0.53152,0.388641,-0.124704,0.541051,0.332846,-0.142,0.436002,0.529897,-0.060468,0.463845,0.476087,-0.12375,0.467827,0.572511,-0.141114,0.463548,0.635487,-0.140038,0.383946,0.53657,-0.068593,0.400695,0.490616,-0.129639,0.411362,0.585443,-0.122674,0.41088,0.646099,-0.103305,0.329788,0.55873,-0.079547,0.332925,0.509889,-0.123408,0.352802,0.571373,-0.116555,0.362348,0.621774,-0.101237
476,15866,True,0.9938,0.9938,0.380776,0.742892,0.0,0.426305,0.734565,-0.04127,0.470855,0.696145,-0.072695,0.497024,0.659906,-0.103285,0.518101,0.611679,-0.133814,0.487578,0.545737,-0.056752,0.515795,0.451536,-0.099103,0.533434,0.389771,-0.125132,0.542936,0.33402,-0.142327,0.437545,0.531413,-0.061364,0.465749,0.477368,-0.124582,0.469412,0.573231,-0.142176,0.464739,0.636482,-0.141334,0.385193,0.538092,-0.06955,0.401598,0.492329,-0.130475,0.41249,0.586965,-0.124068,0.412401,0.648431,-0.105153,0.330782,0.560166,-0.080557,0.332748,0.510013,-0.124421,0.352991,0.571141,-0.11802,0.363403,0.622648,-0.103105
477,15900,True,0.9934,0.9934,0.381767,0.743868,0.0,0.426865,0.735479,-0.041596,0.470969,0.697078,-0.073805,0.497155,0.660833,-0.105147,0.518864,0.613041,-0.136427,0.488725,0.546437,-0.057795,0.517052,0.452112,-0.100758,0.534729,0.390341,-0.127156,0.544073,0.334983,-0.144599,0.438456,0.532326,-0.062554,0.466998,0.479067,-0.126439,0.470799,0.574928,-0.144164,0.466474,0.637405,-0.143451,0.386019,0.538819,-0.070924,0.402712,0.493212,-0.13258,0.414415,0.588068,-0.126233,0.414845,0.649759,-0.107394,0.331289,0.560555,-0.08211,0.334544,0.511833,-0.126671,0.354978,0.574151,-0.12034,0.36514,0.625996,-0.105462
478,15933,True,0.9937,0.9937,0.381803,0.744685,0.0,0.426865,0.735767,-0.040602,0.471885,0.697438,-0.071968,0.498979,0.662538,-0.102598,0.519625,0.614909,-0.13321,0.490103,0.547548,-0.056663,0.518009,0.453167,-0.099141,0.535758,0.392421,-0.125582,0.544977,0.337169,-0.14315,0.439696,0.533347,-0.061864,0.467861,0.479798,-0.125773,0.472519,0.576685,-0.144195,0.467987,0.640886,-0.143952,0.386846,0.540115,-0.070532,0.40344,0.492902,-0.132151,0.415513,0.588944,-0.12647,0.41573,0.65205,-0.107998,0.331921,0.562197,-0.081882,0.33537,0.512772,-0.126439,0.355514,0.575492,-0.120367,0.364957,0.627921,-0.105643
479,15966,True,0.9932,0.9932,0.381625,0.745079,0.0,0.427086,0.735205,-0.041374,0.472238,0.696616,-0.073224,0.500747,0.662982,-0.10438,0.521515,0.615357,-0.135625,0.490569,0.547629,-0.05776,0.51847,0.45478,-0.101263,0.535997,0.39431,-0.128496,0.545504,0.339293,-0.146582,0.440484,0.533134,-0.06288,0.46799,0.481974,-0.128695,0.47174,0.580017,-0.148076,0.466979,0.645169,-0.148122,0.387704,0.539438,-0.071557,0.403708,0.492646,-0.134837,0.414939,0.59042,-0.129892,0.415083,0.6552,-0.111472,0.332901,0.561341,-0.082965,0.335865,0.513826,-0.129124,0.355986,0.577129,-0.124197,0.365925,0.629991,-0.109971
480,16000,True,0.9925,0.9925,0.381792,0.743323,0.0,0.427355,0.734796,-0.044904,0.470871,0.697793,-0.079962,0.49733,0.665025,-0.114073,0.518517,0.617987,-0.148482,0.491355,0.547101,-0.063812,0.519008,0.4563,-0.109399,0.536499,0.39573,-0.137601,0.546394,0.34108,-0.15642,0.440021,0.532159,-0.068599,0.468517,0.481607,-0.136915,0.470981,0.580223,-0.157518,0.465544,0.643983,-0.158319,0.38745,0.538336,-0.077131,0.403794,0.495029,-0.142973,0.414865,0.592917,-0.139462,0.414331,0.657051,-0.121847,0.333056,0.559785,-0.088608,0.334874,0.512307,-0.136674,0.35487,0.575019,-0.133084,0.364798,0.627766,-0.119903
481,16033,True,0.9917,0.9917,0.382572,0.742087,0.0,0.428022,0.734134,-0.042654,0.471089,0.697123,-0.076486,0.498535,0.664072,-0.10972,0.520457,0.61873,-0.143183,0.491449,0.546001,-0.060443,0.520825,0.454229,-0.104668,0.538728,0.39437,-0.132523,0.548317,0.340211,-0.151129,0.440539,0.532077,-0.065809,0.468772,0.483352,-0.132082,0.474027,0.578765,-0.152292,0.470925,0.640485,-0.153365,0.388089,0.538341,-0.074713,0.405842,0.493381,-0.138495,0.419067,0.589766,-0.134254,0.419993,0.65399,-0.11673,0.333899,0.559764,-0.086485,0.339333,0.515517,-0.133342,0.360139,0.579332,-0.128827,0.369857,0.632888,-0.115043
482,16066,True,0.9925,0.9925,0.383506,0.741249,0.0,0.428669,0.733109,-0.043652,0.472674,0.695999,-0.077841,0.500188,0.662982,-0.111338,0.521178,0.616586,-0.144957,0.492692,0.543962,-0.060591,0.522083,0.453532,-0.104668,0.540726,0.393756,-0.131901,0.550863,0.339973,-0.149996,0.441669,0.528978,-0.065554,0.471164,0.481359,-0.132247,0.47455,0.579499,-0.151904,0.469161,0.64258,-0.152053,0.389284,0.534971,-0.074255,0.407407,0.49313,-0.139024,0.419163,0.591098,-0.134962,0.418813,0.655061,-0.116936,0.334928,0.556639,-0.085853,0.338147,0.511326,-0.133542,0.358564,0.574333,-0.129636,0.368614,0.627528,-0.115956
483,16100,True,0.9921,0.9921,0.383843,0.739851,0.0,0.429447,0.732122,-0.042668,0.473747,0.695315,-0.075906,0.501155,0.661922,-0.108555,0.521417,0.613962,-0.141265,0.493957,0.543585,-0.058588,0.522724,0.451409,-0.101631,0.541295,0.391256,-0.128399,0.551713,0.337126,-0.146161,0.442681,0.528487,-0.063642,0.471713,0.47877,-0.129235,0.476623,0.57517,-0.148987,0.472444,0.639658,-0.149321,0.390007,0.534076,-0.072296,0.407739,0.490947,-0.135737,0.420391,0.587883,-0.131625,0.420826,0.652938,-0.113755,0.335503,0.555381,-0.083809,0.340087,0.509328,-0.13017,0.361297,0.573309,-0.125613,0.37161,0.628311,-0.111599
484,16133,True,0.9928,0.9928,0.3837,0.737843,0.0,0.429161,0.730434,-0.043725,0.473202,0.693848,-0.077174,0.500635,0.660413,-0.109747,0.520879,0.609483,-0.142389,0.493773,0.542518,-0.060368,0.522126,0.450187,-0.103949,0.541008,0.390295,-0.131162,0.552471,0.335825,-0.149257,0.443144,0.526905,-0.06502,0.472164,0.475825,-0.131358,0.47613,0.572948,-0.15182,0.471125,0.639378,-0.152605,0.390587,0.53207,-0.073313,0.408036,0.487519,-0.137272,0.419588,0.584328,-0.134069,0.419335,0.650206,-0.116814,0.335976,0.553032,-0.084503,0.339279,0.504909,-0.131484,0.359808,0.568305,-0.127896,0.369767,0.623927,-0.114635
485,16166,True,0.9922,0.9922,0.382594,0.735601,0.0,0.42776,0.727654,-0.040946,0.472556,0.690631,-0.072175,0.499236,0.655561,-0.102587,0.520166,0.60631,-0.132871,0.493635,0.539297,-0.055767,0.522739,0.446532,-0.097318,0.541293,0.386962,-0.123575,0.552993,0.331985,-0.141224,0.443641,0.52385,-0.060384,0.471578,0.473841,-0.123654,0.47514,0.569419,-0.142679,0.470713,0.635109,-0.143192,0.391374,0.528762,-0.068437,0.408467,0.481869,-0.129549,0.419483,0.577926,-0.124368,0.419396,0.64359,-0.10657,0.33661,0.549241,-0.079244,0.342451,0.503454,-0.124459,0.362035,0.569013,-0.119232,0.370669,0.624215,-0.105031
486,16200,True,0.9923,0.9923,0.382256,0.733253,0.0,0.42823,0.725577,-0.041669,0.473499,0.687686,-0.073213,0.499089,0.651616,-0.103904,0.521529,0.603064,-0.134364,0.494673,0.534728,-0.05542,0.523495,0.442731,-0.097349,0.541736,0.383295,-0.123886,0.553401,0.328072,-0.141798,0.444545,0.519132,-0.059965,0.472103,0.469622,-0.12396,0.476146,0.565804,-0.143469,0.472006,0.632203,-0.144168,0.39188,0.524223,-0.068139,0.408339,0.479352,-0.129909,0.419531,0.575897,-0.125154,0.419601,0.641243,-0.107479,0.336869,0.545208,-0.079133,0.34184,0.49993,-0.124467,0.36175,0.564642,-0.119625,0.371085,0.618822,-0.105743
487,16233,True,0.9918,0.9918,0.382545,0.731781,0.0,0.428251,0.723106,-0.041454,0.473917,0.684851,-0.07296,0.499337,0.648617,-0.103747,0.521903,0.600137,-0.134318,0.495489,0.533966,-0.056157,0.523987,0.441914,-0.098336,0.542482,0.381748,-0.124671,0.553869,0.32675,-0.142319,0.44529,0.517584,-0.060855,0.47283,0.469291,-0.125276,0.477013,0.56528,-0.144664,0.472676,0.630707,-0.145231,0.392586,0.521916,-0.069156,0.40948,0.478407,-0.131479,0.420755,0.575081,-0.126884,0.420503,0.639851,-0.109149,0.337179,0.541729,-0.080243,0.341541,0.494282,-0.125819,0.361772,0.557817,-0.121207,0.371669,0.611849,-0.107415
488,16266,True,0.9926,0.9926,0.382593,0.729594,0.0,0.428786,0.721683,-0.041643,0.474125,0.683341,-0.073418,0.500137,0.647636,-0.104337,0.524554,0.60135,-0.135032,0.496723,0.532016,-0.05609,0.526115,0.439702,-0.09872,0.545417,0.379697,-0.125745,0.557271,0.32487,-0.143877,0.446281,0.516042,-0.060628,0.473243,0.467257,-0.124839,0.478105,0.56237,-0.144265,0.474588,0.626286,-0.145016,0.393386,0.52041,-0.068777,0.409559,0.47626,-0.131071,0.421319,0.572947,-0.125805,0.421389,0.636889,-0.107707,0.338186,0.539633,-0.079716,0.343163,0.492914,-0.125305,0.362753,0.558664,-0.119593,0.371519,0.61323,-0.104923
489,16300,True,0.9932,0.9932,0.38282,0.725268,0.0,0.429262,0.718164,-0.04246,0.47515,0.681461,-0.074926,0.501507,0.647228,-0.106614,0.524457,0.600581,-0.138136,0.498913,0.530379,-0.057527,0.528691,0.438098,-0.10089,0.548453,0.378755,-0.128225,0.56054,0.324406,-0.146386,0.448037,0.513849,-0.061944,0.474729,0.466718,-0.127703,0.477491,0.564016,-0.147428,0.472155,0.627911,-0.147893,0.395097,0.517528,-0.070018,0.410921,0.47358,-0.133319,0.421327,0.571748,-0.127901,0.420049,0.636116,-0.109259,0.33987,0.535992,-0.080951,0.343958,0.488392,-0.126948,0.362857,0.554344,-0.121102,0.370954,0.608979,-0.106085
490,16333,True,0.993,0.993,0.381507,0.723459,0.0,0.428332,0.717019,-0.042109,0.475094,0.681925,-0.074895,0.502888,0.649384,-0.107048,0.525765,0.60429,-0.139188,0.499942,0.53155,-0.05838,0.531199,0.439358,-0.102789,0.55193,0.379399,-0.130928,0.564142,0.324328,-0.149612,0.449152,0.514326,-0.063278,0.477834,0.4656,-0.129878,0.480044,0.564321,-0.149585,0.473909,0.627572,-0.149917,0.396359,0.516816,-0.071753,0.413968,0.471045,-0.135607,0.422583,0.571239,-0.129152,0.419443,0.635429,-0.109683,0.340879,0.533011,-0.083091,0.347022,0.488,-0.129229,0.364786,0.5554,-0.122534,0.370988,0.609025,-0.106858
491,16366,True,0.9935,0.9935,0.381126,0.720472,0.0,0.427895,0.71529,-0.043329,0.474868,0.681786,-0.076737,0.504024,0.650376,-0.109449,0.527286,0.603928,-0.142301,0.501596,0.533427,-0.060137,0.533439,0.441204,-0.104333,0.553779,0.381671,-0.132131,0.566045,0.32633,-0.150734,0.45131,0.515018,-0.064686,0.479821,0.465049,-0.131822,0.479496,0.564418,-0.151887,0.471937,0.628991,-0.15232,0.398302,0.516288,-0.072854,0.415558,0.467418,-0.136865,0.422264,0.567856,-0.131365,0.418438,0.633534,-0.11254,0.342558,0.531321,-0.083974,0.346285,0.482761,-0.130626,0.362375,0.548937,-0.125343,0.368259,0.603258,-0.110759
492,16400,True,0.9931,0.9931,0.384062,0.718151,0.0,0.430576,0.713667,-0.044526,0.477733,0.680653,-0.0792,0.505924,0.650432,-0.113217,0.52766,0.606438,-0.147595,0.5046,0.529727,-0.062288,0.536495,0.438961,-0.10779,0.557035,0.379495,-0.136494,0.568766,0.324882,-0.15559,0.453588,0.512249,-0.067177,0.480617,0.463311,-0.135634,0.481986,0.561999,-0.156934,0.47547,0.62592,-0.158221,0.400116,0.51474,-0.07586,0.415438,0.465602,-0.140843,0.422635,0.564424,-0.136784,0.419358,0.629099,-0.118905,0.344353,0.531107,-0.087628,0.344295,0.476978,-0.134727,0.359014,0.537312,-0.130664,0.365017,0.588663,-0.117089
493,16433,True,0.995,0.995,0.385391,0.718804,0.0,0.431248,0.714366,-0.043149,0.478227,0.680967,-0.076889,0.505367,0.650266,-0.11008,0.528082,0.607882,-0.143789,0.506134,0.531466,-0.06218,0.538244,0.43842,-0.10716,0.559355,0.3787,-0.13564,0.571084,0.323699,-0.154561,0.455305,0.514922,-0.067528,0.48254,0.462303,-0.135128,0.485087,0.560646,-0.156349,0.478839,0.624019,-0.157802,0.401635,0.517969,-0.076353,0.417252,0.462833,-0.140745,0.425313,0.562102,-0.136819,0.421984,0.627535,-0.119145,0.345479,0.534188,-0.088071,0.344396,0.474427,-0.135061,0.35902,0.533023,-0.131001,0.364685,0.584212,-0.117447
494,16466,True,0.995,0.995,0.385194,0.718223,0.0,0.432508,0.71382,-0.041734,0.480157,0.679243,-0.073903,0.507607,0.647213,-0.105667,0.532358,0.606393,-0.137891,0.507067,0.530878,-0.060312,0.541085,0.438864,-0.105293,0.562854,0.379027,-0.134282,0.576045,0.323694,-0.153563,0.456968,0.513276,-0.066245,0.485932,0.461611,-0.133986,0.488803,0.557608,-0.155667,0.482283,0.624043,-0.157335,0.403216,0.51623,-0.075556,0.420468,0.463079,-0.139413,0.427366,0.560865,-0.135392,0.423143,0.627569,-0.117622,0.346946,0.532752,-0.087743,0.348596,0.475173,-0.133827,0.36261,0.5322,-0.129237,0.367452,0.582597,-0.115312
495,16500,True,0.9956,0.9956,0.389529,0.717102,0.0,0.437521,0.712355,-0.040405,0.485098,0.676993,-0.071683,0.513263,0.644002,-0.102459,0.538022,0.601472,-0.133432,0.51112,0.529022,-0.058827,0.544529,0.436913,-0.10282,0.566075,0.377755,-0.131098,0.579104,0.323149,-0.149999,0.46146,0.511836,-0.064915,0.490471,0.46162,-0.131003,0.494438,0.557752,-0.151517,0.488478,0.623103,-0.152787,0.407731,0.515065,-0.074293,0.426184,0.463539,-0.136367,0.434084,0.560342,-0.131148,0.43022,0.624905,-0.113127,0.351394,0.531919,-0.08649,0.354203,0.47559,-0.130766,0.367991,0.532225,-0.125077,0.372125,0.581068,-0.11079
496,16533,True,0.9942,0.9942,0.393136,0.714415,0.0,0.442739,0.709318,-0.039709,0.491311,0.675197,-0.070021,0.523643,0.64393,-0.099708,0.54678,0.59929,-0.129632,0.514751,0.528005,-0.058158,0.54939,0.436703,-0.101594,0.57151,0.378199,-0.129734,0.585081,0.323871,-0.148448,0.466057,0.50987,-0.063663,0.494573,0.46171,-0.128471,0.497781,0.556347,-0.148274,0.49121,0.622262,-0.149531,0.412687,0.512308,-0.0725,0.430563,0.4637,-0.132694,0.43999,0.556637,-0.127745,0.437451,0.620493,-0.110595,0.356693,0.52854,-0.084179,0.360291,0.47268,-0.127377,0.376167,0.530774,-0.121899,0.381948,0.582699,-0.10812
497,16566,True,0.9916,0.9916,0.395063,0.714319,0.0,0.444922,0.708593,-0.039616,0.492573,0.671766,-0.070733,0.523779,0.639966,-0.101644,0.550316,0.601618,-0.132881,0.517229,0.528496,-0.058011,0.5538,0.438129,-0.10225,0.577412,0.380743,-0.130608,0.593038,0.327871,-0.149542,0.469483,0.510631,-0.064215,0.50165,0.463855,-0.130624,0.504822,0.55766,-0.151084,0.498116,0.622093,-0.152538,0.417236,0.512748,-0.073838,0.438168,0.464206,-0.135526,0.44573,0.557862,-0.130786,0.441492,0.62168,-0.11341,0.362039,0.528469,-0.086306,0.368169,0.476632,-0.130275,0.383388,0.533432,-0.125436,0.387936,0.582292,-0.112109
498,16600,True,0.9887,0.9887,0.398226,0.713579,0.0,0.448151,0.708996,-0.040554,0.495792,0.673696,-0.072039,0.525901,0.641792,-0.103047,0.551578,0.605222,-0.134274,0.52331,0.527542,-0.056903,0.559396,0.438795,-0.10051,0.583543,0.381633,-0.128606,0.599999,0.329898,-0.1473,0.474955,0.507827,-0.062129,0.50684,0.467959,-0.127443,0.509048,0.560751,-0.147431,0.501999,0.624104,-0.148708,0.422366,0.508813,-0.070919,0.443584,0.468176,-0.132527,0.45189,0.561302,-0.128167,0.448358,0.624808,-0.111129,0.366571,0.524659,-0.082596,0.37568,0.480048,-0.127416,0.392081,0.542614,-0.122688,0.39734,0.595251,-0.10915
499,16633,True,0.9867,0.9867,0.400264,0.715441,0.0,0.450941,0.711354,-0.040949,0.498231,0.675827,-0.073132,0.529036,0.643899,-0.104708,0.55706,0.609079,-0.136612,0.527693,0.530117,-0.058948,0.56339,0.441148,-0.104039,0.587323,0.383665,-0.13369,0.604349,0.331395,-0.153775,0.479386,0.510128,-0.064654,0.510206,0.469115,-0.131872,0.51316,0.560941,-0.153225,0.507576,0.625743,-0.15563,0.426373,0.510854,-0.073897,0.447196,0.469243,-0.137178,0.455776,0.563482,-0.133374,0.453388,0.629542,-0.116785,0.369928,0.526367,-0.086019,0.381026,0.48714,-0.13249,0.396988,0.551999,-0.128516,0.401848,0.604979,-0.115573
500,16666,True,0.9854,0.9854,0.402162,0.715826,0.0,0.453566,0.71247,-0.04367,0.500746,0.67794,-0.07806,0.532418,0.647903,-0.111792,0.560868,0.612157,-0.146103,0.528726,0.533119,-0.064251,0.566128,0.442731,-0.111654,0.590441,0.383793,-0.142706,0.607325,0.330853,-0.16371,0.480058,0.513044,-0.070009,0.512193,0.472533,-0.14156,0.513641,0.56511,-0.165323,0.506597,0.631059,-0.168631,0.427285,0.513898,-0.079471,0.447393,0.47421,-0.145711,0.456787,0.568141,-0.144616,0.455523,0.634635,-0.129294,0.371534,0.53007,-0.092078,0.378394,0.486326,-0.140508,0.395341,0.547033,-0.139231,0.403182,0.600228,-0.128136
501,16700,True,0.9879,0.9879,0.403053,0.720633,0.0,0.452651,0.71607,-0.039653,0.500169,0.680529,-0.070987,0.532125,0.649947,-0.102176,0.561475,0.614035,-0.133794,0.529894,0.536541,-0.058009,0.567968,0.44604,-0.102818,0.592263,0.387338,-0.131794,0.608756,0.333626,-0.151356,0.482295,0.515643,-0.064265,0.513961,0.474678,-0.13184,0.514337,0.567997,-0.153278,0.506767,0.632335,-0.155295,0.429372,0.516332,-0.073962,0.448543,0.475938,-0.137003,0.456241,0.570783,-0.134021,0.454774,0.635882,-0.117736,0.37291,0.533232,-0.086498,0.376526,0.487301,-0.13251,0.392748,0.545728,-0.129965,0.401569,0.596155,-0.118041
502,16733,True,0.9886,0.9886,0.403673,0.725795,0.0,0.452735,0.721801,-0.038447,0.500991,0.68601,-0.069405,0.533032,0.654648,-0.1001,0.563828,0.619797,-0.131028,0.529576,0.54087,-0.056731,0.567887,0.449864,-0.100854,0.593428,0.391247,-0.129247,0.610692,0.337218,-0.148632,0.481542,0.519313,-0.063293,0.51477,0.479067,-0.129408,0.515619,0.574503,-0.149003,0.507817,0.637914,-0.150042,0.428621,0.519583,-0.073105,0.449738,0.479902,-0.135477,0.458331,0.577037,-0.129545,0.456601,0.641008,-0.111585,0.372173,0.536109,-0.085611,0.381764,0.499569,-0.131257,0.398142,0.565859,-0.125897,0.404359,0.616806,-0.111949
503,16766,True,0.9891,0.9891,0.403218,0.730245,0.0,0.452509,0.724787,-0.038632,0.500916,0.689342,-0.069034,0.533628,0.659524,-0.099199,0.56302,0.625194,-0.129655,0.530015,0.546496,-0.056301,0.568218,0.455863,-0.099793,0.593434,0.397339,-0.127772,0.610673,0.342854,-0.146817,0.482296,0.524665,-0.06238,0.514938,0.482777,-0.128592,0.515202,0.577612,-0.148504,0.506675,0.643183,-0.1494,0.429141,0.524159,-0.071726,0.449697,0.484847,-0.134191,0.457329,0.582186,-0.129377,0.454877,0.647873,-0.111683,0.37241,0.539961,-0.083778,0.379675,0.499956,-0.129703,0.395726,0.565038,-0.125493,0.402372,0.618092,-0.112079
504,16800,True,0.9857,0.9857,0.401711,0.732608,0.0,0.453023,0.726081,-0.039509,0.500514,0.689791,-0.070951,0.532177,0.660641,-0.102185,0.562771,0.630475,-0.133985,0.529627,0.549294,-0.058028,0.567944,0.460946,-0.102913,0.592878,0.402843,-0.132686,0.610324,0.348687,-0.153144,0.481902,0.528429,-0.064153,0.51224,0.48764,-0.131116,0.513744,0.57993,-0.152584,0.506919,0.644977,-0.155176,0.429207,0.528495,-0.073725,0.448259,0.488735,-0.136196,0.457367,0.58336,-0.13291,0.456539,0.649523,-0.116856,0.373259,0.544834,-0.086175,0.379265,0.502533,-0.132181,0.394833,0.564598,-0.129224,0.401785,0.617132,-0.11722
505,16833,True,0.9874,0.9874,0.401713,0.736779,0.0,0.452295,0.73063,-0.040446,0.499984,0.693206,-0.072426,0.531439,0.662739,-0.104045,0.562607,0.632264,-0.136271,0.528787,0.55366,-0.059157,0.567236,0.464327,-0.104331,0.592406,0.406327,-0.134159,0.609452,0.352047,-0.154741,0.480977,0.533112,-0.06527,0.511958,0.491167,-0.133132,0.514082,0.585097,-0.155175,0.506978,0.649996,-0.158027,0.428385,0.533724,-0.074839,0.447003,0.490636,-0.13814,0.45695,0.586861,-0.135032,0.456299,0.653243,-0.119022,0.37266,0.550314,-0.087312,0.378022,0.505667,-0.133951,0.393438,0.567872,-0.131105,0.399907,0.619967,-0.11918
506,16866,True,0.9887,0.9887,0.40147,0.738886,0.0,0.452029,0.733303,-0.039641,0.49907,0.696563,-0.071095,0.529724,0.666353,-0.102294,0.559154,0.634515,-0.134128,0.528266,0.555498,-0.058668,0.567729,0.465661,-0.103601,0.592903,0.408008,-0.133355,0.610215,0.353697,-0.153846,0.479882,0.534996,-0.065156,0.511009,0.49373,-0.133399,0.513077,0.588046,-0.155756,0.506056,0.654292,-0.15855,0.42681,0.535961,-0.074961,0.445472,0.493389,-0.138186,0.455805,0.589626,-0.135279,0.455655,0.656745,-0.119214,0.371105,0.552707,-0.087562,0.376602,0.508342,-0.1338,0.39171,0.570043,-0.130737,0.398011,0.621895,-0.118506
507,16900,True,0.9914,0.9914,0.4015,0.743014,0.0,0.451323,0.736734,-0.038093,0.499319,0.699346,-0.067983,0.530448,0.669321,-0.097807,0.558542,0.634528,-0.128259,0.527734,0.557439,-0.056411,0.567012,0.468097,-0.099868,0.592441,0.411484,-0.128432,0.609498,0.357762,-0.148085,0.47909,0.537936,-0.063216,0.509388,0.495707,-0.129771,0.512462,0.591455,-0.15132,0.505537,0.657727,-0.153692,0.425662,0.540258,-0.073153,0.444212,0.495718,-0.135498,0.453942,0.593719,-0.131827,0.452724,0.66068,-0.11525,0.369899,0.558233,-0.085717,0.374012,0.511554,-0.131605,0.388595,0.572606,-0.128054,0.394056,0.623494,-0.115369
508,16933,True,0.9907,0.9907,0.40088,0.745206,0.0,0.450301,0.738185,-0.037633,0.496779,0.701415,-0.06775,0.529157,0.672814,-0.098046,0.55991,0.639082,-0.128949,0.526384,0.559006,-0.05719,0.566764,0.46989,-0.101307,0.592332,0.413776,-0.13001,0.60988,0.360451,-0.14956,0.477737,0.539139,-0.064283,0.50931,0.499277,-0.131648,0.512865,0.595466,-0.153299,0.506413,0.661958,-0.1555,0.424206,0.541186,-0.074485,0.443276,0.498309,-0.137183,0.452783,0.596789,-0.13372,0.452006,0.66425,-0.117051,0.368759,0.55883,-0.087292,0.371861,0.510896,-0.133009,0.386205,0.5693,-0.129772,0.392387,0.618635,-0.117236
509,16966,True,0.9932,0.9932,0.402592,0.747339,0.0,0.451157,0.741231,-0.038088,0.497594,0.706459,-0.068783,0.529786,0.677926,-0.099739,0.559716,0.643351,-0.131295,0.527778,0.560434,-0.057784,0.567872,0.473097,-0.102349,0.593055,0.417215,-0.130756,0.610123,0.364207,-0.149805,0.478799,0.539661,-0.064751,0.509952,0.50177,-0.131819,0.512017,0.600261,-0.152162,0.50517,0.66596,-0.153203,0.424559,0.542009,-0.074945,0.443112,0.501723,-0.137822,0.45098,0.602256,-0.132968,0.449596,0.669203,-0.115016,0.368511,0.560661,-0.087762,0.370908,0.512409,-0.132938,0.384189,0.569013,-0.12852,0.389803,0.615597,-0.115032
510,17000,True,0.9936,0.9936,0.403352,0.750778,0.0,0.451081,0.744356,-0.039081,0.497441,0.709738,-0.070522,0.52857,0.681677,-0.102217,0.555583,0.64934,-0.134584,0.528225,0.563519,-0.058275,0.568264,0.477167,-0.102901,0.593275,0.421508,-0.13118,0.610073,0.368838,-0.150107,0.478752,0.54305,-0.065066,0.509532,0.504143,-0.132451,0.509783,0.603835,-0.152468,0.501946,0.669315,-0.152964,0.424421,0.545833,-0.075209,0.442845,0.504281,-0.138416,0.449641,0.605648,-0.133235,0.447341,0.672663,-0.114731,0.36821,0.56508,-0.088113,0.370008,0.514831,-0.1333,0.383309,0.56969,-0.128824,0.389034,0.615417,-0.11523
511,17033,True,0.9921,0.9921,0.404482,0.751228,0.0,0.453249,0.745511,-0.041343,0.499741,0.712622,-0.07477,0.530641,0.685381,-0.107764,0.556388,0.6557,-0.141399,0.53016,0.564568,-0.061419,0.569514,0.481679,-0.107291,0.593796,0.426456,-0.136473,0.610503,0.374606,-0.156094,0.479364,0.542972,-0.067262,0.509748,0.50678,-0.13579,0.510713,0.606761,-0.155621,0.504216,0.673502,-0.155975,0.424344,0.544795,-0.07661,0.44354,0.508905,-0.141336,0.451879,0.610131,-0.136019,0.450635,0.677399,-0.117309,0.367615,0.563789,-0.088806,0.37265,0.522947,-0.13585,0.387483,0.586909,-0.131301,0.393615,0.638102,-0.117307
512,17066,True,0.9918,0.9918,0.406762,0.756634,0.0,0.454956,0.751826,-0.040891,0.505103,0.718384,-0.07328,0.537307,0.692077,-0.105255,0.558893,0.662428,-0.137911,0.534633,0.570816,-0.058418,0.576265,0.491913,-0.102407,0.602354,0.440934,-0.129866,0.620546,0.393207,-0.148135,0.482226,0.549717,-0.064159,0.511915,0.511817,-0.131214,0.512463,0.612788,-0.150133,0.506688,0.678027,-0.149762,0.426261,0.550793,-0.07338,0.445204,0.514504,-0.138016,0.452906,0.618314,-0.131849,0.451188,0.684324,-0.112316,0.368479,0.568986,-0.085298,0.375151,0.529203,-0.131919,0.390724,0.59796,-0.125752,0.396675,0.650547,-0.110526
513,17100,True,0.9938,0.9938,0.406839,0.762462,0.0,0.456242,0.758574,-0.039562,0.505565,0.723546,-0.071277,0.53678,0.695502,-0.102809,0.563763,0.671404,-0.135117,0.534343,0.575025,-0.056206,0.580209,0.504428,-0.100994,0.612273,0.458891,-0.130027,0.637845,0.41691,-0.149168,0.483412,0.553245,-0.06268,0.516377,0.518381,-0.130281,0.516872,0.61585,-0.151018,0.509914,0.682818,-0.151713,0.428574,0.554466,-0.072536,0.449494,0.522406,-0.136738,0.45694,0.62332,-0.132377,0.454436,0.689776,-0.113918,0.371628,0.57363,-0.085073,0.379206,0.534165,-0.130697,0.395179,0.599747,-0.125391,0.401337,0.652695,-0.110835
514,17133,True,0.9965,0.9965,0.408052,0.765162,0.0,0.460972,0.762603,-0.038405,0.512581,0.731148,-0.068728,0.544607,0.704398,-0.09903,0.568997,0.674195,-0.130308,0.540078,0.58294,-0.054633,0.584498,0.520824,-0.100186,0.617688,0.484229,-0.130521,0.647456,0.451397,-0.149581,0.489623,0.560332,-0.061284,0.521202,0.527042,-0.128049,0.521528,0.619008,-0.150385,0.516146,0.688812,-0.152369,0.434232,0.560845,-0.071523,0.45478,0.527664,-0.13407,0.459874,0.622895,-0.132945,0.457566,0.692624,-0.11697,0.377371,0.579797,-0.084399,0.381872,0.535369,-0.128608,0.39525,0.592513,-0.125739,0.401711,0.645184,-0.113206
515,17166,True,0.9969,0.9969,0.411347,0.764904,0.0,0.463607,0.762522,-0.037649,0.517892,0.730303,-0.067264,0.551496,0.703722,-0.096866,0.572495,0.677912,-0.127825,0.545679,0.585492,-0.055246,0.588996,0.529077,-0.100927,0.622786,0.497919,-0.130904,0.654229,0.470442,-0.14943,0.495285,0.561342,-0.062427,0.528849,0.53025,-0.128342,0.526263,0.624046,-0.149632,0.518974,0.693621,-0.151082,0.439131,0.560989,-0.073201,0.462249,0.530815,-0.135901,0.466084,0.628307,-0.13492,0.462905,0.698661,-0.119044,0.380737,0.57932,-0.086444,0.386509,0.531417,-0.130234,0.399427,0.586201,-0.127379,0.405671,0.637608,-0.115258
516,17200,True,0.9969,0.9969,0.413253,0.767501,0.0,0.464089,0.762973,-0.037115,0.517594,0.728906,-0.066261,0.55111,0.701046,-0.094923,0.567581,0.673874,-0.124732,0.546446,0.586658,-0.055396,0.586978,0.535045,-0.101823,0.619632,0.50775,-0.132406,0.650292,0.482551,-0.15186,0.496467,0.561266,-0.062746,0.530329,0.531261,-0.128567,0.52851,0.628585,-0.149665,0.522466,0.696069,-0.15168,0.440099,0.559306,-0.073659,0.462694,0.52744,-0.137063,0.467545,0.626418,-0.135708,0.465167,0.694301,-0.120242,0.381322,0.576109,-0.086889,0.387916,0.536009,-0.133391,0.399301,0.599834,-0.131366,0.403701,0.653954,-0.119789
517,17233,True,0.9985,0.9985,0.416752,0.764754,0.0,0.464108,0.760035,-0.035577,0.515655,0.725294,-0.063121,0.547366,0.698897,-0.090314,0.568162,0.669143,-0.118485,0.547083,0.585946,-0.052305,0.583645,0.533188,-0.096066,0.615604,0.506528,-0.124559,0.644962,0.479634,-0.142664,0.496616,0.561398,-0.059484,0.52823,0.524874,-0.122179,0.526069,0.626406,-0.142476,0.517827,0.693206,-0.144147,0.43948,0.559873,-0.070026,0.461399,0.517465,-0.131637,0.466142,0.6189,-0.130743,0.461828,0.687075,-0.115783,0.380367,0.577029,-0.082529,0.383523,0.522394,-0.128448,0.394111,0.580377,-0.127065,0.39747,0.632034,-0.116076
518,17266,True,0.9989,0.9989,0.417086,0.759429,0.0,0.461964,0.75502,-0.034661,0.512682,0.718662,-0.061013,0.545265,0.690669,-0.087136,0.566748,0.656373,-0.114155,0.538494,0.578398,-0.048734,0.576406,0.522977,-0.090306,0.609626,0.4942,-0.116563,0.638942,0.46511,-0.133132,0.490836,0.556319,-0.056048,0.526137,0.5145,-0.117106,0.524071,0.616569,-0.136603,0.514225,0.682841,-0.137347,0.435989,0.556752,-0.066613,0.459369,0.512607,-0.127902,0.464392,0.613639,-0.126588,0.458428,0.679499,-0.110731,0.378053,0.574535,-0.07887,0.381397,0.515719,-0.124107,0.393908,0.573112,-0.121768,0.397107,0.624753,-0.109813
519,17300,True,0.9986,0.9986,0.415451,0.754046,0.0,0.45907,0.751179,-0.035885,0.511432,0.715407,-0.062876,0.543849,0.684732,-0.089274,0.560959,0.653375,-0.116592,0.536369,0.577899,-0.050474,0.575247,0.517868,-0.091903,0.607672,0.485767,-0.117025,0.636015,0.454077,-0.133036,0.488645,0.554908,-0.057549,0.527414,0.509107,-0.120103,0.521553,0.612097,-0.138618,0.509339,0.678859,-0.137845,0.434256,0.554101,-0.067909,0.457771,0.509221,-0.1309,0.461478,0.610212,-0.129207,0.455395,0.675367,-0.112315,0.376215,0.570156,-0.079937,0.378482,0.512489,-0.12656,0.391382,0.574241,-0.123982,0.395449,0.628458,-0.111413
520,17333,True,0.9983,0.9983,0.414159,0.750758,0.0,0.459839,0.747113,-0.035915,0.511297,0.710479,-0.063283,0.543664,0.680009,-0.090124,0.560197,0.647829,-0.117924,0.534897,0.572022,-0.052412,0.574655,0.511093,-0.095486,0.606962,0.476154,-0.121906,0.634935,0.443338,-0.138498,0.486852,0.549573,-0.059881,0.52403,0.509522,-0.124271,0.519621,0.610528,-0.143332,0.509121,0.677404,-0.142919,0.431914,0.550271,-0.070768,0.454374,0.508581,-0.134425,0.458621,0.60736,-0.133305,0.45404,0.67313,-0.116892,0.374515,0.56831,-0.083451,0.375399,0.509153,-0.129501,0.38765,0.56353,-0.127477,0.392465,0.613421,-0.115608
521,17366,True,0.9977,0.9977,0.413863,0.748385,0.0,0.461669,0.743786,-0.039479,0.513408,0.710714,-0.071449,0.544328,0.680788,-0.102882,0.549437,0.649633,-0.135459,0.536245,0.569958,-0.059686,0.575845,0.50935,-0.10702,0.607663,0.472361,-0.136313,0.634726,0.437593,-0.155004,0.486391,0.547656,-0.068072,0.522855,0.506728,-0.138103,0.519261,0.608425,-0.159297,0.51011,0.674448,-0.159645,0.430904,0.548484,-0.080114,0.452029,0.508212,-0.148105,0.457645,0.607862,-0.147621,0.453943,0.672045,-0.130968,0.373247,0.566742,-0.094379,0.372985,0.509943,-0.142739,0.386907,0.566272,-0.140982,0.393368,0.616689,-0.129153
522,17400,True,0.9977,0.9977,0.413878,0.747147,0.0,0.462547,0.743523,-0.04149,0.513204,0.711983,-0.07514,0.545648,0.683152,-0.10816,0.551768,0.649769,-0.142384,0.536203,0.570733,-0.062878,0.57627,0.510058,-0.111944,0.608584,0.471722,-0.141969,0.635758,0.43612,-0.160977,0.486242,0.548151,-0.070864,0.523132,0.50618,-0.142523,0.518276,0.608736,-0.163629,0.508879,0.674252,-0.16355,0.430907,0.548574,-0.082702,0.452515,0.508467,-0.15214,0.456702,0.609254,-0.150821,0.452233,0.673426,-0.133176,0.373573,0.566546,-0.096964,0.373755,0.510638,-0.146292,0.387351,0.568681,-0.144145,0.393374,0.620281,-0.131732
523,17433,True,0.9975,0.9975,0.413809,0.745692,0.0,0.460947,0.743647,-0.042853,0.509481,0.71277,-0.07736,0.541858,0.685368,-0.110904,0.55616,0.651558,-0.145585,0.536347,0.57142,-0.065627,0.577012,0.511258,-0.115799,0.609405,0.472786,-0.146943,0.636547,0.437283,-0.166725,0.486625,0.548517,-0.073106,0.522876,0.506452,-0.14594,0.518713,0.607221,-0.168288,0.509742,0.673438,-0.169166,0.431616,0.548894,-0.084446,0.452614,0.509714,-0.154527,0.456958,0.609664,-0.153869,0.452751,0.674514,-0.136757,0.374674,0.566631,-0.098274,0.376135,0.511677,-0.148197,0.389344,0.569215,-0.146426,0.394791,0.620321,-0.134236
524,17466,True,0.9979,0.9979,0.416622,0.747454,0.0,0.463105,0.745301,-0.042305,0.512565,0.712729,-0.075719,0.545026,0.683683,-0.108104,0.557602,0.649331,-0.141599,0.538965,0.571708,-0.063079,0.578436,0.511293,-0.112133,0.610853,0.472338,-0.142661,0.638062,0.437021,-0.161836,0.488875,0.548186,-0.06983,0.524422,0.508691,-0.140691,0.51993,0.609281,-0.161664,0.510706,0.675909,-0.161665,0.433462,0.548076,-0.080481,0.454836,0.510798,-0.148765,0.45826,0.611096,-0.146622,0.45364,0.676854,-0.128628,0.376143,0.565796,-0.093665,0.377915,0.511885,-0.142144,0.390786,0.570815,-0.139112,0.396076,0.623293,-0.125972
525,17500,True,0.9982,0.9982,0.416998,0.750776,0.0,0.462709,0.747375,-0.037574,0.511435,0.712526,-0.067321,0.543458,0.683598,-0.096955,0.564306,0.653073,-0.127835,0.538205,0.572318,-0.05567,0.578473,0.510814,-0.100913,0.611597,0.473722,-0.129179,0.640119,0.438957,-0.146967,0.489402,0.549934,-0.063424,0.524969,0.511108,-0.130133,0.522017,0.609696,-0.15052,0.512724,0.675578,-0.150822,0.434777,0.551308,-0.074638,0.455695,0.511556,-0.139272,0.45987,0.610959,-0.137312,0.455127,0.677124,-0.12006,0.377836,0.569724,-0.087991,0.378811,0.511374,-0.133291,0.391913,0.564377,-0.129852,0.397234,0.612763,-0.117006
526,17533,True,0.9977,0.9977,0.418676,0.751953,0.0,0.464988,0.746873,-0.03536,0.516076,0.710032,-0.062947,0.547731,0.680568,-0.090247,0.560499,0.653013,-0.118635,0.541349,0.57045,-0.051375,0.58323,0.510229,-0.094444,0.616193,0.471974,-0.121425,0.644303,0.43626,-0.13851,0.492512,0.545726,-0.058912,0.528402,0.512033,-0.122415,0.523666,0.611125,-0.14057,0.513684,0.677117,-0.139568,0.437277,0.546105,-0.069743,0.458656,0.514529,-0.131059,0.462068,0.612942,-0.127506,0.458026,0.677368,-0.109664,0.379862,0.56572,-0.082666,0.381857,0.515878,-0.12524,0.396157,0.573036,-0.120145,0.403327,0.622781,-0.10626
527,17566,True,0.998,0.998,0.420322,0.754071,0.0,0.46527,0.74927,-0.035416,0.514901,0.713483,-0.063593,0.547314,0.684326,-0.091688,0.565738,0.654162,-0.12077,0.540825,0.573606,-0.052557,0.584247,0.510091,-0.096475,0.618782,0.471315,-0.123958,0.647356,0.435885,-0.141154,0.492745,0.550597,-0.060243,0.530873,0.512522,-0.124241,0.526245,0.612161,-0.142136,0.515016,0.677914,-0.14091,0.438512,0.551393,-0.071244,0.461991,0.515807,-0.132857,0.464716,0.613925,-0.128191,0.458478,0.677538,-0.109515,0.381312,0.569513,-0.084361,0.384496,0.516275,-0.127228,0.398331,0.572809,-0.121383,0.403792,0.62218,-0.106825
528,17600,True,0.9975,0.9975,0.424459,0.756221,0.0,0.470724,0.750945,-0.036481,0.523934,0.71682,-0.06443,0.55351,0.687189,-0.091794,0.558718,0.660219,-0.120167,0.549491,0.572996,-0.05048,0.589314,0.51246,-0.093194,0.620693,0.47377,-0.12074,0.647327,0.438748,-0.13825,0.499088,0.549475,-0.057033,0.533693,0.512854,-0.118674,0.528838,0.610656,-0.136424,0.51867,0.677219,-0.135795,0.443093,0.550065,-0.067089,0.465607,0.517129,-0.126928,0.469449,0.613758,-0.122746,0.464739,0.678622,-0.105049,0.384704,0.569257,-0.079495,0.391146,0.524253,-0.122083,0.405462,0.586668,-0.116668,0.410941,0.640528,-0.102613
529,17633,True,0.997,0.997,0.425507,0.758972,0.0,0.475908,0.75441,-0.035513,0.532296,0.71974,-0.062828,0.562814,0.688616,-0.089969,0.565138,0.661119,-0.118437,0.554814,0.575253,-0.049668,0.592955,0.517434,-0.092405,0.62432,0.48126,-0.12005,0.651702,0.448282,-0.137157,0.503398,0.55189,-0.056941,0.535299,0.516084,-0.118693,0.531316,0.613676,-0.136877,0.522566,0.6821,-0.136266,0.446806,0.552836,-0.067687,0.468671,0.522024,-0.127261,0.472025,0.618523,-0.123658,0.467591,0.685096,-0.105997,0.387827,0.572057,-0.080759,0.393941,0.521316,-0.121476,0.407819,0.577162,-0.115783,0.413788,0.628174,-0.101798
530,17666,True,0.9977,0.9977,0.429054,0.759445,0.0,0.482439,0.755116,-0.035461,0.542096,0.722378,-0.063945,0.571606,0.690789,-0.092365,0.558851,0.665643,-0.12252,0.559393,0.575549,-0.051581,0.596591,0.517231,-0.095272,0.629519,0.481852,-0.123943,0.659308,0.450066,-0.141808,0.508234,0.552167,-0.059537,0.541291,0.521824,-0.12213,0.539191,0.618809,-0.141178,0.531349,0.687883,-0.141553,0.451241,0.552738,-0.070869,0.473805,0.523815,-0.130013,0.478703,0.620524,-0.127132,0.476108,0.688507,-0.110653,0.392621,0.571776,-0.08469,0.399135,0.52522,-0.124357,0.413025,0.579991,-0.119386,0.419658,0.629731,-0.106769
531,17700,True,0.9977,0.9977,0.430778,0.759944,0.0,0.486844,0.759157,-0.034163,0.549625,0.728783,-0.062359,0.577725,0.699924,-0.090961,0.564307,0.676055,-0.121686,0.56737,0.580287,-0.049292,0.602255,0.521081,-0.093227,0.634901,0.48656,-0.123261,0.665126,0.45608,-0.142219,0.514601,0.557211,-0.058033,0.545861,0.525178,-0.120688,0.543755,0.620939,-0.141032,0.536106,0.690257,-0.142662,0.456506,0.557088,-0.070027,0.478359,0.523037,-0.128938,0.482126,0.620048,-0.1257,0.478288,0.68912,-0.109313,0.39637,0.575162,-0.084366,0.403951,0.530237,-0.124756,0.416477,0.592106,-0.118895,0.421228,0.646615,-0.105406
532,17733,True,0.997,0.997,0.430398,0.758835,0.0,0.487008,0.757637,-0.033639,0.549088,0.728179,-0.061695,0.582233,0.70009,-0.089907,0.577486,0.676408,-0.119853,0.566948,0.577337,-0.04791,0.607261,0.523892,-0.090122,0.642351,0.490908,-0.119359,0.674099,0.462804,-0.138098,0.515481,0.552813,-0.056348,0.549492,0.528424,-0.116208,0.550034,0.622325,-0.135461,0.544056,0.691347,-0.137192,0.458882,0.552791,-0.068017,0.48306,0.529105,-0.123797,0.489327,0.622896,-0.120177,0.487254,0.690164,-0.104888,0.400146,0.571543,-0.082194,0.412246,0.537743,-0.120476,0.424829,0.601039,-0.114592,0.428519,0.654279,-0.101889
533,17766,True,0.997,0.997,0.432029,0.758197,0.0,0.488875,0.75967,-0.032447,0.550313,0.734196,-0.059769,0.586161,0.708833,-0.087309,0.586599,0.682439,-0.116043,0.570442,0.581211,-0.045286,0.614963,0.529589,-0.085562,0.652421,0.499118,-0.113297,0.686168,0.472997,-0.130821,0.521658,0.556468,-0.052994,0.557498,0.535196,-0.110329,0.557216,0.624573,-0.128097,0.550244,0.691509,-0.12885,0.467365,0.554165,-0.063868,0.49414,0.538493,-0.116584,0.497078,0.629852,-0.111026,0.491882,0.694063,-0.094577,0.410644,0.569812,-0.077285,0.426896,0.544153,-0.111749,0.437469,0.605688,-0.103697,0.438707,0.653822,-0.089654
534,17800,True,0.9972,0.9972,0.437616,0.760443,0.0,0.496746,0.760876,-0.030722,0.562956,0.734642,-0.057858,0.598797,0.704409,-0.0849,0.589494,0.677837,-0.113808,0.577781,0.582444,-0.047908,0.621596,0.536297,-0.089299,0.660168,0.508694,-0.118337,0.695807,0.484686,-0.137062,0.528431,0.55831,-0.057345,0.567065,0.538997,-0.115353,0.570031,0.627871,-0.134416,0.565459,0.696255,-0.136524,0.474045,0.558084,-0.069435,0.502791,0.544913,-0.122426,0.509876,0.634302,-0.11849,0.508146,0.698702,-0.103796,0.417978,0.576403,-0.083812,0.43451,0.553044,-0.11802,0.44769,0.61583,-0.110447,0.452066,0.667108,-0.097408
535,17833,True,0.9975,0.9975,0.442158,0.761172,0.0,0.499377,0.760901,-0.030633,0.561636,0.732181,-0.057957,0.602051,0.706578,-0.085499,0.607787,0.685917,-0.114677,0.583588,0.582886,-0.046506,0.632053,0.54757,-0.088579,0.673194,0.527797,-0.117749,0.710788,0.509851,-0.13652,0.536499,0.556958,-0.055687,0.578518,0.543708,-0.113602,0.580499,0.635518,-0.132231,0.574306,0.701717,-0.134065,0.483779,0.556926,-0.067783,0.514187,0.552067,-0.121406,0.520092,0.643265,-0.117537,0.516097,0.704755,-0.102707,0.428592,0.575555,-0.08219,0.448826,0.55915,-0.11757,0.462629,0.622678,-0.110906,0.46625,0.671384,-0.098191
536,17866,True,0.9977,0.9977,0.445013,0.74814,0.0,0.505301,0.747248,-0.026133,0.567168,0.722281,-0.051644,0.610181,0.705824,-0.078151,0.628595,0.694281,-0.106821,0.589419,0.580156,-0.045534,0.644928,0.555336,-0.088519,0.68954,0.545633,-0.118025,0.729837,0.532816,-0.136983,0.545534,0.553987,-0.056681,0.589449,0.545562,-0.114984,0.588707,0.640508,-0.133451,0.579539,0.703443,-0.135122,0.494126,0.553455,-0.070299,0.526122,0.551814,-0.124482,0.529257,0.644531,-0.120616,0.522486,0.701322,-0.105465,0.439418,0.570745,-0.085714,0.459668,0.560085,-0.121801,0.468649,0.619962,-0.115667,0.467061,0.660461,-0.103037
537,17900,True,0.9975,0.9975,0.461841,0.715847,0.0,0.520105,0.720788,-0.030384,0.57565,0.704165,-0.057756,0.612402,0.691501,-0.085277,0.63697,0.672207,-0.114246,0.608915,0.566909,-0.047709,0.658009,0.53885,-0.090092,0.699042,0.52894,-0.118207,0.736515,0.518327,-0.135407,0.564467,0.536311,-0.055897,0.605786,0.524442,-0.113739,0.598632,0.617548,-0.131999,0.585037,0.683343,-0.132421,0.512558,0.531019,-0.067165,0.539596,0.537398,-0.120759,0.539509,0.626607,-0.119043,0.531881,0.681759,-0.104616,0.457963,0.544201,-0.080354,0.474608,0.533808,-0.11502,0.478379,0.587588,-0.110124,0.472829,0.622855,-0.098199
538,17933,True,0.9976,0.9976,0.495346,0.707714,0.0,0.551693,0.703346,-0.032949,0.608294,0.647906,-0.052907,0.618985,0.5759,-0.070635,0.608063,0.511774,-0.089438,0.621155,0.523208,-0.030157,0.653487,0.487855,-0.063297,0.687892,0.467253,-0.087307,0.718926,0.450964,-0.103135,0.573272,0.495375,-0.03221,0.60394,0.47562,-0.078597,0.597261,0.563005,-0.093975,0.585233,0.62516,-0.095195,0.52099,0.491371,-0.038316,0.546813,0.476165,-0.086635,0.548013,0.563524,-0.083272,0.540422,0.620124,-0.070165,0.465176,0.50519,-0.046392,0.48587,0.487959,-0.083184,0.492844,0.550217,-0.079479,0.489405,0.592781,-0.069169
539,17966,True,0.9976,0.9976,0.474141,0.652853,0.0,0.526962,0.648732,-0.029145,0.58147,0.609387,-0.047649,0.608813,0.565172,-0.065096,0.613343,0.523748,-0.082593,0.605775,0.484542,-0.022446,0.643586,0.429801,-0.049772,0.675611,0.392043,-0.070117,0.700559,0.357674,-0.084046,0.563936,0.459159,-0.025405,0.601572,0.409616,-0.066847,0.600846,0.485811,-0.081122,0.589143,0.542832,-0.080891,0.516877,0.453932,-0.031621,0.545231,0.411121,-0.073977,0.548936,0.488669,-0.06889,0.539808,0.541227,-0.054383,0.465175,0.46402,-0.03982,0.484601,0.433469,-0.072017,0.493791,0.491907,-0.065235,0.488843,0.535425,-0.052293
540,18000,True,0.9954,0.9954,0.475792,0.613154,0.0,0.524728,0.603807,-0.023618,0.579344,0.553844,-0.037145,0.606945,0.503756,-0.050719,0.61831,0.452562,-0.064761,0.592902,0.429891,-0.021066,0.634743,0.355026,-0.04454,0.668648,0.310524,-0.060626,0.693246,0.268177,-0.071977,0.55487,0.411026,-0.026731,0.593853,0.336172,-0.064941,0.601569,0.412542,-0.078581,0.591613,0.473603,-0.078415,0.512541,0.413226,-0.034494,0.541286,0.347194,-0.073959,0.553105,0.422113,-0.070334,0.54649,0.476854,-0.057373,0.463781,0.427447,-0.043708,0.482758,0.372161,-0.074444,0.49722,0.423656,-0.068944,0.493565,0.46884,-0.057388
541,18033,True,0.9961,0.9961,0.478492,0.580941,0.0,0.526411,0.571357,-0.025721,0.580153,0.510655,-0.039744,0.61051,0.452566,-0.053973,0.635701,0.401476,-0.067931,0.590278,0.383858,-0.021335,0.62835,0.293142,-0.044847,0.658161,0.23778,-0.05928,0.678152,0.18656,-0.069697,0.552898,0.367841,-0.026209,0.58787,0.283855,-0.067751,0.595758,0.362621,-0.080421,0.586307,0.425986,-0.078327,0.51161,0.372371,-0.033643,0.538337,0.297139,-0.076133,0.552127,0.373566,-0.070768,0.54701,0.431531,-0.055147,0.46356,0.387893,-0.042767,0.481563,0.322524,-0.074709,0.499054,0.371911,-0.069081,0.497353,0.419498,-0.05677
542,18066,True,0.9967,0.9967,0.480399,0.569935,0.0,0.5301,0.556948,-0.028282,0.582117,0.48977,-0.045479,0.609194,0.424661,-0.062875,0.637011,0.368629,-0.080095,0.590322,0.355868,-0.029466,0.626661,0.249701,-0.057176,0.652807,0.185925,-0.073331,0.668219,0.125685,-0.085037,0.550746,0.343885,-0.035362,0.583219,0.251424,-0.083317,0.591348,0.334013,-0.097306,0.582059,0.396948,-0.095127,0.508371,0.353774,-0.043654,0.532543,0.267029,-0.091849,0.549929,0.352617,-0.084481,0.547545,0.414833,-0.066294,0.460553,0.376576,-0.053779,0.481208,0.307505,-0.089757,0.501454,0.36094,-0.082754,0.501747,0.409448,-0.068583
543,18100,True,0.9954,0.9954,0.480831,0.581524,0.0,0.533488,0.562529,-0.02747,0.582131,0.495792,-0.045291,0.608488,0.431593,-0.063718,0.635601,0.37601,-0.081469,0.593928,0.353953,-0.02659,0.627534,0.249175,-0.053206,0.650049,0.186554,-0.068816,0.663564,0.128046,-0.080087,0.554638,0.342792,-0.032049,0.58294,0.255397,-0.077938,0.590645,0.33881,-0.090991,0.583033,0.40301,-0.08869,0.511375,0.351586,-0.039927,0.530385,0.275068,-0.086433,0.54612,0.36006,-0.07861,0.544254,0.421058,-0.060627,0.461853,0.373547,-0.049555,0.478241,0.308136,-0.082911,0.498576,0.36433,-0.074311,0.499977,0.415657,-0.059358
544,18133,True,0.9909,0.9909,0.474544,0.616373,-0.0,0.53723,0.597579,-0.027063,0.594291,0.534803,-0.044237,0.616847,0.468898,-0.062229,0.627371,0.416907,-0.079636,0.601965,0.38896,-0.021801,0.635694,0.298353,-0.049821,0.658054,0.2432,-0.069071,0.672907,0.19289,-0.082673,0.561265,0.377899,-0.027105,0.589218,0.307401,-0.073735,0.600993,0.389369,-0.090362,0.597337,0.455671,-0.090762,0.516879,0.382742,-0.035346,0.537407,0.324653,-0.080849,0.55421,0.406969,-0.076039,0.552221,0.469338,-0.060821,0.467726,0.399809,-0.045724,0.487735,0.351927,-0.078311,0.506512,0.410902,-0.071562,0.507117,0.462408,-0.058393
545,18166,True,0.9892,0.9892,0.502453,0.70166,-0.0,0.563132,0.682918,-0.026752,0.612678,0.635734,-0.047206,0.624199,0.582076,-0.069543,0.618688,0.538161,-0.089059,0.612304,0.448831,-0.016697,0.620632,0.366723,-0.057271,0.62863,0.408169,-0.086545,0.631454,0.465693,-0.10045,0.566989,0.440122,-0.021326,0.586761,0.384509,-0.064634,0.594501,0.466043,-0.085009,0.591477,0.538297,-0.089056,0.520174,0.447379,-0.031323,0.539164,0.431623,-0.071835,0.549002,0.510197,-0.074672,0.545793,0.570303,-0.06591,0.471264,0.469764,-0.044015,0.490028,0.469048,-0.070992,0.501908,0.532197,-0.067746,0.501444,0.579657,-0.057414
546,18200,True,0.9737,0.9737,0.536183,0.696785,-1e-06,0.500636,0.686246,-0.057702,0.456062,0.643043,-0.102331,0.426504,0.647521,-0.141046,0.424619,0.672586,-0.178524,0.527428,0.51268,-0.092419,0.530838,0.571036,-0.143319,0.522243,0.635301,-0.174511,0.510499,0.683824,-0.191723,0.584253,0.521857,-0.087226,0.60148,0.554468,-0.140356,0.586864,0.63263,-0.158448,0.566654,0.69873,-0.1627,0.626607,0.551961,-0.085677,0.643924,0.58352,-0.134221,0.626903,0.652364,-0.139821,0.604909,0.701539,-0.133454,0.655692,0.596017,-0.088261,0.677353,0.628991,-0.119107,0.670995,0.670977,-0.120611,0.65884,0.69545,-0.115543
547,18233,True,0.9848,0.9848,0.529832,0.642261,-0.0,0.580223,0.670995,-0.032023,0.626067,0.717661,-0.078066,0.646199,0.785572,-0.12502,0.673151,0.850087,-0.17481,0.624655,0.628086,-0.105733,0.653993,0.710486,-0.166439,0.659122,0.788648,-0.202022,0.658614,0.83263,-0.223983,0.580464,0.608513,-0.12056,0.606576,0.68815,-0.179517,0.600717,0.772847,-0.198256,0.589436,0.812033,-0.210751,0.530016,0.60585,-0.136059,0.552115,0.668874,-0.193197,0.55205,0.75009,-0.2001,0.546222,0.786318,-0.200379,0.479027,0.61511,-0.152774,0.471296,0.65818,-0.19195,0.473823,0.70629,-0.195823,0.476326,0.729381,-0.197893
548,18266,True,0.9985,0.9985,0.480067,0.734583,0.0,0.541456,0.767556,-0.019981,0.593215,0.783483,-0.045712,0.630422,0.798836,-0.070949,0.670037,0.816225,-0.09744,0.619598,0.648503,-0.064823,0.649749,0.700057,-0.1112,0.637963,0.766417,-0.138421,0.620715,0.810018,-0.154019,0.580902,0.619326,-0.07781,0.613042,0.673823,-0.127382,0.598659,0.752081,-0.144728,0.580025,0.802435,-0.152478,0.534424,0.615402,-0.092697,0.555209,0.667036,-0.141428,0.55064,0.736835,-0.150279,0.544134,0.778397,-0.150714,0.48689,0.628,-0.107474,0.489199,0.667949,-0.142866,0.488165,0.715762,-0.148953,0.487117,0.746175,-0.149918
549,18300,True,0.9461,0.9461,0.58398,0.561195,0.0,0.544091,0.581259,-0.030373,0.514062,0.639797,-0.072653,0.510153,0.714273,-0.112511,0.531548,0.762698,-0.153564,0.525543,0.587131,-0.11079,0.508615,0.674862,-0.158698,0.511068,0.719873,-0.182384,0.518845,0.736804,-0.196198,0.555739,0.600409,-0.117898,0.551515,0.71331,-0.160986,0.551943,0.754776,-0.172387,0.561058,0.753464,-0.183554,0.592745,0.623352,-0.123187,0.594436,0.732917,-0.163823,0.58499,0.770071,-0.162317,0.580494,0.765907,-0.160294,0.628875,0.65042,-0.130216,0.644949,0.723708,-0.152007,0.649398,0.751163,-0.144965,0.655331,0.752283,-0.141001
550,18333,True,0.5727,0.5727,0.5502,0.710544,0.0,0.502431,0.726682,-0.079514,0.482429,0.726762,-0.163828,0.482148,0.692305,-0.232274,0.493561,0.641027,-0.303936,0.532682,0.632126,-0.225817,0.551788,0.60319,-0.318488,0.561883,0.594123,-0.378712,0.568071,0.58216,-0.414867,0.584148,0.606053,-0.216382,0.614127,0.600377,-0.318968,0.620985,0.582807,-0.361412,0.621789,0.558293,-0.387682,0.622129,0.605967,-0.202049,0.628631,0.622971,-0.272705,0.615194,0.636041,-0.275112,0.602649,0.645101,-0.272294,0.64714,0.631559,-0.191405,0.645418,0.649428,-0.226279,0.626591,0.658727,-0.219523,0.607063,0.664864,-0.215783
551,18366,False,0.0,0.0,0.0,0.0,0.0,0.0,0.0,0.0,0.0,0.0,0.0,0.0,0.0,0.0,0.0,0.0,0.0,0.0,0.0,0.0,0.0,0.0,0.0,0.0,0.0,0.0,0.0,0.0,0.0,0.0,0.0,0.0,0.0,0.0,0.0,0.0,0.0,0.0,0.0,0.0,0.0,0.0,0.0,0.0,0.0,0.0,0.0,0.0,0.0,0.0,0.0,0.0,0.0,0.0,0.0,0.0,0.0,0.0,0.0,0.0,0.0,0.0,0.0,0.0,0.0
552,18400,True,0.9831,0.9831,0.470962,0.659476,1e-06,0.514072,0.679205,-0.080515,0.53958,0.668521,-0.147557,0.547975,0.661071,-0.206469,0.538909,0.624426,-0.267585,0.592949,0.519355,-0.128799,0.620965,0.425656,-0.192137,0.652246,0.366265,-0.233731,0.671809,0.316821,-0.26254,0.547557,0.504673,-0.12449,0.567878,0.419509,-0.197634,0.56161,0.484783,-0.22045,0.556847,0.53115,-0.228737,0.497859,0.513226,-0.12568,0.508157,0.449182,-0.188341,0.508226,0.521742,-0.183372,0.507191,0.56784,-0.172719,0.448956,0.530504,-0.13364,0.456777,0.483474,-0.175108,0.461936,0.530154,-0.170204,0.461614,0.562886,-0.163485
553,18433,True,0.9941,0.9941,0.472726,0.681135,0.0,0.515964,0.673944,-0.035792,0.563244,0.641824,-0.06454,0.584558,0.622159,-0.092496,0.588106,0.598044,-0.120794,0.584535,0.497626,-0.050502,0.619581,0.413917,-0.088373,0.642487,0.353767,-0.112358,0.659038,0.299007,-0.12969,0.532542,0.477784,-0.057481,0.555492,0.437081,-0.114873,0.551259,0.540751,-0.127987,0.542944,0.609781,-0.125244,0.478815,0.48414,-0.067604,0.493588,0.46702,-0.1244,0.495776,0.572812,-0.11281,0.491185,0.633621,-0.091618,0.424042,0.509585,-0.080492,0.436199,0.503945,-0.120276,0.446092,0.580516,-0.109395,0.446121,0.624704,-0.092615
554,18466,True,0.9941,0.9941,0.469765,0.709526,-0.0,0.541293,0.702323,-0.029793,0.601212,0.686596,-0.056191,0.612243,0.678089,-0.081284,0.574138,0.662725,-0.102645,0.604039,0.501994,-0.046336,0.604011,0.580041,-0.090836,0.599605,0.611803,-0.117213,0.600677,0.606645,-0.132766,0.544398,0.479887,-0.051116,0.544322,0.635469,-0.087689,0.541574,0.681126,-0.095012,0.543398,0.655318,-0.098101,0.484527,0.492795,-0.060492,0.486881,0.649733,-0.090626,0.489894,0.679664,-0.081183,0.492966,0.642102,-0.072064,0.429452,0.520267,-0.074505,0.433258,0.637287,-0.094001,0.436131,0.666862,-0.087705,0.434896,0.642967,-0.079314
555,18500,True,0.9838,0.9838,0.447048,0.7076,-0.0,0.515672,0.707747,-0.028039,0.570668,0.696063,-0.055405,0.592784,0.686872,-0.08241,0.600921,0.681453,-0.109642,0.598993,0.560424,-0.050754,0.60768,0.570642,-0.097597,0.628821,0.575837,-0.131297,0.652417,0.585987,-0.152835,0.548588,0.527511,-0.058529,0.556331,0.613813,-0.110547,0.544028,0.671128,-0.129219,0.535506,0.694625,-0.134715,0.489706,0.534942,-0.069621,0.490287,0.651646,-0.114339,0.481878,0.691997,-0.113586,0.478053,0.689537,-0.104862,0.429842,0.560908,-0.084006,0.429244,0.645626,-0.112407,0.425969,0.677387,-0.109119,0.420662,0.669079,-0.100991
556,18533,True,0.9956,0.9956,0.48186,0.667803,0.0,0.546978,0.668253,-0.037555,0.589129,0.674698,-0.077368,0.584957,0.699123,-0.114533,0.55437,0.709147,-0.15297,0.595376,0.556524,-0.099665,0.604266,0.549361,-0.159293,0.611916,0.56365,-0.196225,0.618539,0.574227,-0.219784,0.52822,0.531761,-0.108502,0.514703,0.603102,-0.169048,0.510572,0.650334,-0.181943,0.513202,0.658078,-0.186106,0.463582,0.544929,-0.120211,0.454559,0.660572,-0.16928,0.460592,0.695502,-0.1568,0.471787,0.682602,-0.14379,0.41053,0.574619,-0.136472,0.40423,0.668766,-0.172764,0.410056,0.701405,-0.166724,0.420689,0.696251,-0.157826
557,18566,True,0.9918,0.9918,0.417441,0.724559,0.0,0.454595,0.727239,-0.038805,0.499202,0.717888,-0.072769,0.50108,0.701015,-0.105481,0.464908,0.683145,-0.135647,0.536959,0.566001,-0.043397,0.5485,0.531213,-0.088915,0.550054,0.569445,-0.114234,0.554461,0.591315,-0.127429,0.483709,0.544381,-0.047048,0.489809,0.51923,-0.090839,0.483182,0.605602,-0.100034,0.483375,0.625115,-0.099244,0.43113,0.547019,-0.056863,0.432859,0.539025,-0.098289,0.435253,0.617369,-0.087175,0.437994,0.632108,-0.072961,0.380292,0.567615,-0.070102,0.383471,0.570447,-0.093645,0.394043,0.627449,-0.080616,0.402336,0.642644,-0.066957
558,18600,True,0.9974,0.9974,0.38923,0.710741,0.0,0.42512,0.714797,-0.040099,0.467353,0.693368,-0.066455,0.49091,0.672319,-0.089422,0.49717,0.637206,-0.111838,0.486768,0.553136,-0.045991,0.505126,0.492234,-0.079135,0.519454,0.447714,-0.100405,0.529402,0.407365,-0.115118,0.438939,0.537348,-0.046098,0.443352,0.492488,-0.089675,0.436647,0.569857,-0.100134,0.435193,0.612508,-0.09926,0.39077,0.544093,-0.050483,0.390693,0.517811,-0.092504,0.3926,0.58825,-0.083117,0.394561,0.620459,-0.068891,0.344717,0.567424,-0.058361,0.344241,0.549737,-0.087328,0.352839,0.602938,-0.078842,0.359038,0.628782,-0.067594
559,18633,True,0.99,0.99,0.351428,0.709051,0.0,0.393082,0.714966,-0.033077,0.432321,0.718168,-0.061751,0.446065,0.717735,-0.089576,0.439012,0.697753,-0.116648,0.455385,0.580689,-0.058028,0.47922,0.522365,-0.092911,0.495035,0.479214,-0.113415,0.507483,0.447899,-0.126704,0.407661,0.541587,-0.058585,0.399535,0.620715,-0.107056,0.391666,0.683764,-0.119499,0.387309,0.717841,-0.119041,0.35793,0.538811,-0.061592,0.350061,0.650608,-0.097814,0.354028,0.691371,-0.090436,0.359587,0.70315,-0.078177,0.311485,0.554004,-0.068822,0.310821,0.644161,-0.092605,0.31988,0.682688,-0.087917,0.328472,0.691285,-0.077631
560,18666,True,0.9982,0.9982,0.340891,0.700995,-0.0,0.383798,0.700353,-0.031086,0.419938,0.711077,-0.062823,0.442335,0.735369,-0.094664,0.454006,0.761906,-0.125603,0.443255,0.584532,-0.064785,0.459508,0.627871,-0.120013,0.458014,0.700778,-0.153388,0.44961,0.763682,-0.167826,0.388495,0.569957,-0.070414,0.384694,0.661897,-0.11899,0.387682,0.739505,-0.132038,0.389934,0.785602,-0.1346,0.332483,0.584874,-0.080068,0.327622,0.690619,-0.11935,0.336262,0.747617,-0.116561,0.343262,0.772289,-0.10754,0.284626,0.615637,-0.092981,0.28616,0.698275,-0.112559,0.296876,0.74712,-0.103728,0.306064,0.770173,-0.092323
561,18700,True,0.9957,0.9957,0.349465,0.761919,-0.0,0.391479,0.766672,-0.030651,0.425937,0.776312,-0.062228,0.448566,0.800872,-0.09448,0.470683,0.836151,-0.125969,0.458631,0.635143,-0.053531,0.473972,0.696406,-0.107658,0.473035,0.769137,-0.140948,0.469658,0.824809,-0.156275,0.40672,0.615855,-0.060066,0.407787,0.692292,-0.109445,0.401556,0.777032,-0.123093,0.39616,0.823251,-0.124953,0.348691,0.623318,-0.071263,0.343224,0.703974,-0.114523,0.342467,0.774667,-0.114125,0.343308,0.808203,-0.104797,0.295349,0.648035,-0.085407,0.285595,0.711275,-0.110319,0.292621,0.761463,-0.106605,0.300648,0.786458,-0.097871
562,18733,True,0.9964,0.9964,0.350778,0.772958,-0.0,0.397321,0.767189,-0.02403,0.435476,0.766888,-0.048795,0.461509,0.784725,-0.07389,0.490725,0.793512,-0.098917,0.456758,0.623476,-0.051348,0.476335,0.676956,-0.096512,0.485814,0.719878,-0.122622,0.490889,0.756204,-0.135691,0.412403,0.605994,-0.058021,0.414882,0.678047,-0.105135,0.415964,0.758157,-0.118215,0.415636,0.809722,-0.120703,0.358313,0.616452,-0.067605,0.351516,0.692664,-0.111422,0.353967,0.762529,-0.110396,0.354645,0.797732,-0.10136,0.306532,0.643762,-0.078999,0.29394,0.69122,-0.110371,0.29849,0.724898,-0.111133,0.302429,0.736573,-0.105454
563,18766,True,0.7238,0.7238,0.356029,0.741614,-0.0,0.411521,0.719852,-0.017728,0.451044,0.706044,-0.041968,0.462566,0.695184,-0.063778,0.445727,0.674892,-0.085762,0.459919,0.64459,-0.073172,0.464704,0.655212,-0.115108,0.448085,0.67997,-0.134853,0.436641,0.71092,-0.143735,0.413195,0.631532,-0.079598,0.405232,0.62299,-0.12321,0.401194,0.669823,-0.128482,0.403192,0.722135,-0.126261,0.362771,0.6304,-0.08553,0.343317,0.630983,-0.119955,0.350496,0.677743,-0.109695,0.365575,0.720695,-0.096767,0.31723,0.638424,-0.09239,0.296216,0.642601,-0.117092,0.305399,0.672342,-0.111849,0.32434,0.699777,-0.102906
564,18800,True,0.9956,0.9956,0.360754,0.721296,0.0,0.410783,0.705403,-0.032125,0.438763,0.703087,-0.066604,0.442381,0.71138,-0.098126,0.418591,0.711065,-0.127029,0.465308,0.555904,-0.071208,0.476902,0.618326,-0.118477,0.463674,0.66849,-0.137654,0.451153,0.690383,-0.146734,0.41306,0.534922,-0.07714,0.420062,0.632205,-0.122924,0.408591,0.707287,-0.123792,0.40413,0.731269,-0.118222,0.357627,0.549744,-0.086695,0.363439,0.668307,-0.129524,0.366632,0.725552,-0.115539,0.372668,0.733496,-0.098798,0.308437,0.584842,-0.099261,0.316364,0.67924,-0.129489,0.330207,0.721729,-0.123709,0.346069,0.727257,-0.113108
565,18833,True,0.9993,0.9993,0.373254,0.710337,0.0,0.405106,0.708399,-0.033724,0.443176,0.686524,-0.058314,0.461385,0.661207,-0.080567,0.466666,0.625755,-0.103654,0.457985,0.565566,-0.044423,0.474812,0.505955,-0.075937,0.488606,0.464895,-0.09429,0.498166,0.428851,-0.106361,0.408796,0.547593,-0.046561,0.410858,0.48726,-0.089086,0.412762,0.562784,-0.098732,0.416014,0.612156,-0.096334,0.360047,0.55613,-0.051487,0.353236,0.510121,-0.095149,0.360141,0.58907,-0.083779,0.365319,0.633332,-0.065859,0.312468,0.586024,-0.058498,0.300941,0.544926,-0.091029,0.312704,0.600107,-0.080689,0.322567,0.635875,-0.06572
566,18866,True,0.999,0.999,0.378744,0.703293,0.0,0.412194,0.705115,-0.046727,0.449032,0.683087,-0.082786,0.464484,0.65489,-0.114436,0.468462,0.612363,-0.146247,0.463632,0.549403,-0.070817,0.475334,0.482816,-0.116345,0.482196,0.43779,-0.142994,0.485467,0.394045,-0.160282,0.410013,0.534962,-0.071355,0.408157,0.468861,-0.133879,0.414841,0.560338,-0.150968,0.41959,0.614236,-0.150217,0.358521,0.54488,-0.074714,0.349523,0.505035,-0.135073,0.364111,0.601329,-0.125096,0.371503,0.650983,-0.104365,0.311145,0.574044,-0.080769,0.297527,0.539866,-0.124408,0.317507,0.606103,-0.115088,0.331752,0.644722,-0.098529
567,18900,True,0.9966,0.9966,0.381825,0.702692,0.0,0.419986,0.697298,-0.031416,0.459539,0.691022,-0.06268,0.462332,0.684911,-0.092783,0.438188,0.671213,-0.12064,0.469004,0.545438,-0.060243,0.475013,0.506047,-0.108587,0.47844,0.477836,-0.136609,0.479768,0.455767,-0.154123,0.411365,0.512368,-0.065861,0.413938,0.573028,-0.12266,0.423128,0.642936,-0.133158,0.42899,0.673443,-0.129744,0.356487,0.521391,-0.075577,0.369056,0.639294,-0.121787,0.384649,0.686549,-0.109529,0.393934,0.684835,-0.09155,0.309514,0.553918,-0.08947,0.323529,0.650323,-0.120302,0.344286,0.687742,-0.114644,0.359513,0.681755,-0.102818
568,18933,True,0.9954,0.9954,0.385457,0.678773,-0.0,0.427019,0.68452,-0.031336,0.461993,0.700907,-0.064079,0.466344,0.721974,-0.096158,0.440426,0.72764,-0.12585,0.472247,0.555653,-0.059357,0.488202,0.577021,-0.11421,0.507941,0.626675,-0.14975,0.524921,0.669175,-0.166561,0.420248,0.535617,-0.063377,0.425553,0.636176,-0.110445,0.433802,0.679062,-0.123455,0.438374,0.688269,-0.125848,0.367555,0.5514,-0.072231,0.371202,0.666465,-0.105573,0.382218,0.684739,-0.098983,0.391311,0.670697,-0.088603,0.322826,0.582479,-0.085559,0.33063,0.673959,-0.10516,0.351829,0.692111,-0.099658,0.371681,0.682052,-0.09024
569,18966,True,0.9898,0.9898,0.398718,0.728577,0.0,0.443108,0.72482,-0.027171,0.477584,0.719532,-0.054378,0.500637,0.726498,-0.082515,0.52543,0.738179,-0.110759,0.483566,0.580491,-0.04187,0.488625,0.573008,-0.081392,0.503808,0.572598,-0.108186,0.523078,0.578972,-0.123714,0.437643,0.558448,-0.045664,0.44693,0.620196,-0.089638,0.451259,0.679836,-0.102326,0.453933,0.715468,-0.102785,0.391094,0.568282,-0.053133,0.396304,0.65172,-0.087507,0.407296,0.697885,-0.083919,0.415414,0.71988,-0.073549,0.348941,0.594954,-0.064248,0.353105,0.660228,-0.082921,0.365858,0.694796,-0.078703,0.375609,0.706913,-0.070072
570,19000,True,0.993,0.993,0.412454,0.745508,0.0,0.455345,0.751411,-0.038019,0.489631,0.758438,-0.073393,0.498373,0.764217,-0.107288,0.485193,0.766305,-0.142059,0.507791,0.59446,-0.055139,0.518497,0.592873,-0.10287,0.539652,0.59856,-0.136066,0.562819,0.611153,-0.15487,0.462244,0.570989,-0.057763,0.479535,0.588907,-0.111329,0.478647,0.667544,-0.129892,0.475087,0.723809,-0.131458,0.412976,0.577555,-0.064385,0.419308,0.626695,-0.11128,0.424702,0.697501,-0.112167,0.426005,0.737741,-0.100768,0.366653,0.603729,-0.074122,0.370578,0.644955,-0.101042,0.381618,0.694607,-0.09661,0.387992,0.719653,-0.086016
571,19033,True,0.9976,0.9976,0.425358,0.754235,0.0,0.463884,0.75729,-0.035957,0.503386,0.74472,-0.0655,0.533415,0.737508,-0.093875,0.56328,0.723043,-0.123259,0.51956,0.602963,-0.049942,0.545133,0.591527,-0.096263,0.57436,0.591967,-0.127739,0.600674,0.601578,-0.145746,0.476134,0.578309,-0.053336,0.498346,0.590702,-0.109737,0.499814,0.66997,-0.128823,0.495275,0.7254,-0.130521,0.426994,0.583615,-0.060924,0.43737,0.619823,-0.114605,0.439733,0.69815,-0.11572,0.43622,0.742118,-0.103555,0.37889,0.610238,-0.070896,0.382051,0.63847,-0.107411,0.39028,0.69324,-0.105503,0.391823,0.723872,-0.095185
572,19066,True,0.9983,0.9983,0.429212,0.760021,0.0,0.47595,0.758645,-0.032148,0.518557,0.746215,-0.061942,0.548377,0.738308,-0.091275,0.568106,0.730049,-0.122293,0.530481,0.603902,-0.050871,0.557221,0.588532,-0.096553,0.587954,0.576793,-0.128854,0.618019,0.571646,-0.14832,0.483608,0.580934,-0.056791,0.507645,0.593103,-0.113722,0.512658,0.674448,-0.132828,0.510155,0.734237,-0.134477,0.43452,0.587473,-0.065986,0.448011,0.62438,-0.11685,0.455493,0.702588,-0.115669,0.455133,0.750552,-0.102648,0.387736,0.615368,-0.077718,0.396618,0.648439,-0.109257,0.407837,0.704737,-0.104406,0.41131,0.737863,-0.092923
573,19100,True,0.9993,0.9993,0.438946,0.76533,0.0,0.487669,0.76585,-0.030841,0.531992,0.753098,-0.059869,0.559205,0.743297,-0.088779,0.571505,0.734188,-0.11979,0.540423,0.609188,-0.051709,0.573136,0.587698,-0.096387,0.605171,0.569477,-0.127861,0.635709,0.556514,-0.147373,0.491522,0.586997,-0.059491,0.521092,0.590189,-0.116995,0.52809,0.67051,-0.136893,0.526586,0.730705,-0.139476,0.441072,0.595618,-0.070075,0.459492,0.621115,-0.122423,0.469146,0.698731,-0.122809,0.46961,0.748214,-0.110997,0.393702,0.626671,-0.08281,0.408054,0.649505,-0.116516,0.422022,0.705259,-0.112884,0.42702,0.740731,-0.102412
574,19133,True,0.9995,0.9995,0.446736,0.770701,0.0,0.493824,0.77211,-0.032019,0.537731,0.757336,-0.061428,0.565352,0.743134,-0.090421,0.582424,0.730031,-0.121143,0.545199,0.6116,-0.052415,0.57916,0.582804,-0.097968,0.613107,0.562771,-0.129704,0.645485,0.547643,-0.149164,0.497544,0.591043,-0.059632,0.531309,0.585129,-0.117348,0.539202,0.666236,-0.136897,0.536359,0.727389,-0.138797,0.448979,0.600248,-0.069781,0.471505,0.624313,-0.121796,0.482032,0.701914,-0.121035,0.480669,0.749742,-0.108332,0.402426,0.630853,-0.082285,0.420841,0.654313,-0.115042,0.435158,0.708519,-0.11032,0.438288,0.741375,-0.099074
575,19166,True,0.9995,0.9995,0.45967,0.767085,0.0,0.508904,0.764708,-0.0362,0.559621,0.733995,-0.064439,0.599761,0.707142,-0.091082,0.636155,0.688275,-0.118971,0.557846,0.610883,-0.055994,0.585652,0.579807,-0.103993,0.617376,0.557546,-0.136523,0.647425,0.542368,-0.156807,0.509584,0.591654,-0.061647,0.544854,0.586738,-0.124643,0.549448,0.667614,-0.14374,0.541871,0.727656,-0.144582,0.460725,0.601018,-0.071124,0.483816,0.622337,-0.128048,0.493397,0.697516,-0.12595,0.490664,0.742765,-0.112014,0.413664,0.630743,-0.083437,0.432994,0.657392,-0.121725,0.446676,0.710756,-0.118692,0.448535,0.740825,-0.108281
576,19200,True,0.9982,0.9982,0.459975,0.772153,0.0,0.510209,0.77272,-0.035528,0.556436,0.754779,-0.066859,0.584984,0.736161,-0.097053,0.609013,0.722822,-0.128502,0.569046,0.609814,-0.05608,0.610687,0.573917,-0.10223,0.644441,0.544711,-0.133191,0.675238,0.519297,-0.1524,0.520966,0.588594,-0.061527,0.557189,0.5825,-0.122253,0.560289,0.667252,-0.139675,0.553314,0.728597,-0.139186,0.472394,0.595028,-0.070251,0.494699,0.619972,-0.123873,0.503048,0.701016,-0.119179,0.499694,0.749306,-0.103189,0.424942,0.621866,-0.081839,0.443561,0.643305,-0.115189,0.454757,0.701006,-0.108213,0.453428,0.733623,-0.094907
577,19233,True,0.9986,0.9986,0.472044,0.767333,0.0,0.51821,0.768322,-0.026898,0.563562,0.739511,-0.051081,0.592708,0.717495,-0.075349,0.621007,0.701555,-0.100459,0.576772,0.595539,-0.041256,0.624089,0.550786,-0.079933,0.661688,0.519709,-0.107058,0.692297,0.492249,-0.124838,0.52918,0.576071,-0.048799,0.566294,0.572967,-0.100548,0.575001,0.660024,-0.115081,0.570601,0.715687,-0.115137,0.480825,0.58666,-0.059114,0.508702,0.603638,-0.106189,0.51961,0.683777,-0.098823,0.515249,0.72729,-0.083481,0.434165,0.619159,-0.071544,0.459475,0.631381,-0.102149,0.474246,0.68922,-0.092543,0.473587,0.720352,-0.078342
578,19266,True,0.9991,0.9991,0.479421,0.754212,0.0,0.52879,0.75317,-0.023536,0.579093,0.717985,-0.044485,0.612484,0.691618,-0.0659,0.633206,0.668784,-0.088649,0.584325,0.561172,-0.035283,0.634696,0.519093,-0.070093,0.672583,0.484719,-0.095632,0.702815,0.453058,-0.112829,0.536182,0.545773,-0.043506,0.577222,0.539715,-0.089528,0.585084,0.62772,-0.102393,0.580353,0.684472,-0.102629,0.487925,0.562473,-0.054247,0.519572,0.569693,-0.097347,0.533617,0.649365,-0.089552,0.531648,0.696547,-0.074974,0.441944,0.600939,-0.066845,0.470925,0.598346,-0.095708,0.488724,0.657317,-0.08548,0.49016,0.694436,-0.071384
579,19300,True,0.9984,0.9984,0.487162,0.740738,0.0,0.535687,0.742757,-0.027494,0.58445,0.706091,-0.050971,0.616433,0.674743,-0.074339,0.642454,0.644742,-0.098406,0.596837,0.547909,-0.039693,0.646317,0.480589,-0.07517,0.681666,0.436548,-0.100066,0.706877,0.395254,-0.117602,0.547525,0.531858,-0.046873,0.587402,0.51477,-0.096246,0.594309,0.604392,-0.109524,0.586602,0.655576,-0.109808,0.497931,0.546585,-0.056693,0.530059,0.547679,-0.103618,0.542974,0.630466,-0.094114,0.53879,0.672342,-0.078083,0.450118,0.582482,-0.068594,0.478713,0.580883,-0.101073,0.495086,0.64098,-0.090387,0.494082,0.672028,-0.075531
580,19333,True,0.9971,0.9971,0.494013,0.735665,0.0,0.543923,0.734212,-0.027814,0.59228,0.689073,-0.049814,0.623698,0.649578,-0.071958,0.654793,0.618115,-0.094015,0.60127,0.53482,-0.037336,0.649165,0.451857,-0.072553,0.681369,0.40194,-0.095128,0.7041,0.3538,-0.110881,0.554633,0.521402,-0.044396,0.59709,0.484774,-0.096077,0.604059,0.575288,-0.109323,0.595167,0.627596,-0.107926,0.507072,0.533741,-0.054121,0.543629,0.520284,-0.104264,0.553934,0.606482,-0.094492,0.54727,0.64809,-0.076291,0.45928,0.565796,-0.065797,0.492081,0.560553,-0.100136,0.509103,0.622527,-0.089591,0.507549,0.653543,-0.073777
581,19366,True,0.9955,0.9955,0.495325,0.73417,0.0,0.548392,0.730775,-0.029943,0.596945,0.680056,-0.053092,0.629169,0.633142,-0.076152,0.662001,0.595264,-0.098755,0.607418,0.525491,-0.040288,0.652205,0.433787,-0.077229,0.681776,0.379772,-0.099719,0.701433,0.327757,-0.115301,0.562955,0.514139,-0.046598,0.607533,0.469649,-0.101495,0.614815,0.56432,-0.115398,0.604607,0.618771,-0.113551,0.51659,0.526275,-0.05576,0.552594,0.501042,-0.109785,0.56441,0.589813,-0.101217,0.557897,0.633814,-0.082691,0.468631,0.555539,-0.066804,0.502009,0.541698,-0.105525,0.521306,0.605061,-0.097319,0.520572,0.639439,-0.082321
582,19400,True,0.9943,0.9943,0.497153,0.739636,0.0,0.552314,0.733265,-0.032799,0.600175,0.684553,-0.058428,0.632991,0.637753,-0.083683,0.664977,0.595764,-0.108053,0.610174,0.526828,-0.044192,0.652687,0.435825,-0.082565,0.680502,0.37919,-0.106143,0.698138,0.324027,-0.122914,0.565034,0.513145,-0.050197,0.610182,0.469537,-0.105741,0.619059,0.565369,-0.119341,0.610224,0.621412,-0.117606,0.518414,0.52367,-0.059372,0.558282,0.503535,-0.112979,0.56962,0.594,-0.102848,0.562815,0.638317,-0.083959,0.472016,0.552153,-0.071077,0.507493,0.548719,-0.10882,0.525203,0.613461,-0.100306,0.523309,0.646658,-0.085683
583,19433,True,0.991,0.991,0.495489,0.747957,0.0,0.558804,0.732514,-0.02927,0.615088,0.692542,-0.054972,0.638484,0.682222,-0.08224,0.627178,0.684245,-0.111194,0.617949,0.521183,-0.038547,0.660896,0.470443,-0.072224,0.690597,0.425028,-0.096315,0.71053,0.387139,-0.114087,0.565566,0.502004,-0.046534,0.593347,0.535571,-0.098603,0.598757,0.637578,-0.11425,0.590618,0.704209,-0.114573,0.513583,0.520968,-0.057476,0.53829,0.561132,-0.101261,0.548827,0.646035,-0.096406,0.545217,0.696118,-0.083813,0.469505,0.562695,-0.072022,0.488806,0.618383,-0.101043,0.497671,0.681158,-0.097151,0.494694,0.713155,-0.087721
584,19466,True,0.954,0.954,0.534731,0.567656,-0.0,0.59024,0.598394,-0.025253,0.618656,0.658611,-0.062043,0.594886,0.728274,-0.096594,0.55338,0.773959,-0.13335,0.604903,0.567346,-0.09346,0.613037,0.710615,-0.1343,0.6081,0.742302,-0.161386,0.598286,0.725657,-0.182765,0.549587,0.571734,-0.103858,0.563004,0.73167,-0.134932,0.559629,0.756867,-0.140577,0.556779,0.7215,-0.153027,0.503058,0.589833,-0.112697,0.524754,0.730673,-0.137366,0.527717,0.750959,-0.125264,0.528132,0.712729,-0.123723,0.469667,0.611426,-0.125044,0.48557,0.736454,-0.14477,0.490931,0.755811,-0.136503,0.48986,0.7269,-0.135104
585,19500,True,0.9949,0.9949,0.459047,0.740508,1e-06,0.541342,0.78208,-0.019022,0.606055,0.796225,-0.051146,0.649899,0.815356,-0.083595,0.692797,0.844522,-0.116378,0.647137,0.683731,-0.083809,0.697441,0.756404,-0.143294,0.725931,0.833798,-0.183302,0.747414,0.899686,-0.209534,0.60593,0.653898,-0.103793,0.647563,0.703788,-0.169737,0.64247,0.787782,-0.193047,0.637166,0.842845,-0.205733,0.552311,0.646619,-0.124376,0.587964,0.703472,-0.186168,0.583586,0.78336,-0.188422,0.580754,0.823939,-0.183197,0.49618,0.653508,-0.145733,0.523572,0.713384,-0.191552,0.52729,0.769969,-0.19453,0.531316,0.793461,-0.191996
586,19533,True,0.9981,0.9981,0.502837,0.730107,1e-06,0.563651,0.7728,-0.020039,0.619265,0.79605,-0.046806,0.655991,0.818605,-0.072489,0.693915,0.844868,-0.099364,0.634747,0.673285,-0.078097,0.667613,0.722251,-0.128756,0.666715,0.790194,-0.160818,0.656834,0.836407,-0.179688,0.593203,0.650974,-0.092032,0.624041,0.694894,-0.144739,0.619697,0.779421,-0.163481,0.610215,0.833504,-0.17346,0.546032,0.65308,-0.106511,0.567052,0.700257,-0.155284,0.565969,0.769892,-0.158451,0.563841,0.806802,-0.155767,0.501092,0.666939,-0.121268,0.510311,0.708219,-0.156193,0.514861,0.755024,-0.156531,0.518559,0.780423,-0.153519
587,19566,True,0.9983,0.9983,0.500649,0.782647,0.0,0.560479,0.789654,-0.015015,0.614889,0.780398,-0.031999,0.657068,0.780953,-0.049397,0.694816,0.784551,-0.066081,0.627047,0.648314,-0.040553,0.664901,0.681809,-0.078178,0.663236,0.739137,-0.099987,0.652264,0.781221,-0.110961,0.589594,0.627564,-0.051251,0.617883,0.665656,-0.090147,0.617076,0.739515,-0.103226,0.609492,0.789621,-0.107194,0.545414,0.63406,-0.064212,0.56289,0.675747,-0.10382,0.566164,0.74013,-0.11001,0.565604,0.777689,-0.107992,0.501352,0.658025,-0.0775,0.502995,0.707062,-0.106849,0.507221,0.754821,-0.111334,0.509641,0.78265,-0.109705
588,19600,False,0.0,0.0,0.0,0.0,0.0,0.0,0.0,0.0,0.0,0.0,0.0,0.0,0.0,0.0,0.0,0.0,0.0,0.0,0.0,0.0,0.0,0.0,0.0,0.0,0.0,0.0,0.0,0.0,0.0,0.0,0.0,0.0,0.0,0.0,0.0,0.0,0.0,0.0,0.0,0.0,0.0,0.0,0.0,0.0,0.0,0.0,0.0,0.0,0.0,0.0,0.0,0.0,0.0,0.0,0.0,0.0,0.0,0.0,0.0,0.0,0.0,0.0,0.0,0.0,0.0
589,19633,True,0.9875,0.9875,0.493419,0.73072,0.0,0.551149,0.733545,-0.022865,0.600862,0.705698,-0.040557,0.633811,0.682483,-0.058875,0.663518,0.650449,-0.077413,0.621659,0.587612,-0.043167,0.665981,0.540019,-0.07242,0.695752,0.504622,-0.091687,0.717895,0.470253,-0.107093,0.582373,0.570403,-0.054559,0.608707,0.528139,-0.098718,0.617806,0.59329,-0.116727,0.617688,0.648482,-0.12333,0.535064,0.57848,-0.06727,0.544338,0.554467,-0.11176,0.559375,0.626176,-0.118008,0.567208,0.678409,-0.115269,0.487039,0.602876,-0.081319,0.492731,0.606496,-0.115854,0.510203,0.658982,-0.121351,0.523779,0.701764,-0.120501
590,19666,True,0.9986,0.9986,0.503869,0.736582,0.0,0.547993,0.729715,-0.024629,0.592593,0.699166,-0.045422,0.617467,0.678873,-0.066629,0.637915,0.652785,-0.088203,0.611451,0.553514,-0.034073,0.650803,0.513195,-0.065504,0.678374,0.479634,-0.087673,0.699801,0.445905,-0.103641,0.5652,0.534002,-0.04283,0.600333,0.517673,-0.085675,0.599925,0.599822,-0.098829,0.590666,0.648565,-0.100824,0.516303,0.544128,-0.054198,0.540723,0.546071,-0.095683,0.547528,0.624234,-0.089534,0.543159,0.663978,-0.077499,0.46763,0.574608,-0.067579,0.490826,0.572831,-0.094273,0.501971,0.628198,-0.08564,0.501498,0.658946,-0.074593
591,19700,True,0.9972,0.9972,0.487829,0.734807,-0.0,0.54901,0.725669,-0.031143,0.602057,0.708635,-0.061309,0.607672,0.697273,-0.090933,0.575324,0.687016,-0.117062,0.610262,0.526257,-0.040762,0.623479,0.559532,-0.093672,0.615512,0.642053,-0.12589,0.60186,0.690135,-0.141627,0.557689,0.515277,-0.04976,0.57857,0.548619,-0.103492,0.579061,0.645998,-0.120346,0.571116,0.696012,-0.121571,0.504439,0.532663,-0.064044,0.525646,0.582758,-0.112008,0.532682,0.672756,-0.107503,0.528545,0.708679,-0.093472,0.457744,0.572272,-0.081431,0.477756,0.630044,-0.10975,0.488402,0.688643,-0.102503,0.490104,0.70609,-0.089963
592,19733,True,0.9911,0.9911,0.498751,0.686794,-0.0,0.561792,0.683492,-0.017936,0.599919,0.681501,-0.046725,0.620536,0.696473,-0.078167,0.65031,0.716726,-0.109573,0.60463,0.539294,-0.050416,0.623512,0.584916,-0.097721,0.624668,0.64592,-0.125835,0.621181,0.676949,-0.142324,0.558453,0.534683,-0.065492,0.588457,0.598134,-0.112497,0.590998,0.670542,-0.124795,0.586836,0.698872,-0.129041,0.511185,0.555353,-0.083181,0.530554,0.613798,-0.126144,0.537342,0.683247,-0.122058,0.537569,0.707937,-0.113858,0.469127,0.593676,-0.10248,0.477352,0.652776,-0.129719,0.484287,0.695374,-0.12455,0.486728,0.706284,-0.117153
593,19766,True,0.9863,0.9863,0.505762,0.720045,0.0,0.551683,0.736898,-0.023117,0.59525,0.732605,-0.049778,0.626432,0.732829,-0.077096,0.663642,0.735343,-0.104574,0.595569,0.586465,-0.05225,0.627212,0.605675,-0.096786,0.645069,0.650816,-0.124447,0.655528,0.680567,-0.141068,0.569067,0.565859,-0.061756,0.614539,0.608848,-0.106558,0.623388,0.682628,-0.117866,0.619506,0.725296,-0.121534,0.538237,0.57039,-0.074389,0.577793,0.614141,-0.11599,0.587836,0.684142,-0.111817,0.586245,0.7259,-0.103484,0.50528,0.594897,-0.08881,0.5382,0.633589,-0.119227,0.559895,0.68042,-0.117584,0.572301,0.712572,-0.111898
594,19800,True,0.9999,0.9999,0.519931,0.772031,0.0,0.563911,0.782446,-0.024245,0.612891,0.767915,-0.048073,0.650785,0.763694,-0.071818,0.684349,0.7618,-0.09613,0.633644,0.635844,-0.032745,0.677608,0.630633,-0.072598,0.717511,0.63714,-0.103278,0.749828,0.643144,-0.12311,0.600333,0.615595,-0.0411,0.652333,0.624815,-0.090858,0.654389,0.701437,-0.109045,0.644043,0.748318,-0.112306,0.561583,0.61599,-0.052872,0.606533,0.627025,-0.099696,0.610294,0.702988,-0.098337,0.600764,0.74548,-0.086772,0.519589,0.634385,-0.066351,0.556318,0.646828,-0.10122,0.566004,0.7054,-0.098035,0.563498,0.742081,-0.087792
595,19833,True,0.9995,0.9995,0.522683,0.775843,0.0,0.567896,0.79079,-0.027793,0.620038,0.779902,-0.055607,0.658942,0.772061,-0.082709,0.691531,0.767177,-0.111467,0.656855,0.650817,-0.051482,0.719161,0.639659,-0.097914,0.767315,0.632874,-0.131452,0.806849,0.625293,-0.153531,0.618129,0.621989,-0.060612,0.669434,0.636361,-0.118863,0.664429,0.717183,-0.137544,0.652133,0.766132,-0.141236,0.574187,0.618126,-0.072744,0.61684,0.640611,-0.12735,0.616105,0.720444,-0.125284,0.606588,0.763961,-0.113261,0.527574,0.633628,-0.086662,0.562042,0.649515,-0.127928,0.570041,0.713312,-0.125625,0.569347,0.752175,-0.115831
596,19866,True,0.9979,0.9979,0.512794,0.782037,0.0,0.56282,0.788827,-0.013084,0.613729,0.769594,-0.030011,0.649692,0.755444,-0.049311,0.679838,0.745328,-0.071374,0.637251,0.638531,-0.034986,0.697616,0.619453,-0.064609,0.741659,0.608858,-0.087045,0.778632,0.59729,-0.1034,0.598698,0.613392,-0.04605,0.634045,0.636459,-0.083417,0.631822,0.705487,-0.096309,0.622291,0.749491,-0.101462,0.554874,0.615702,-0.058035,0.576293,0.639346,-0.088996,0.585609,0.704,-0.085718,0.583721,0.74768,-0.080533,0.509173,0.638682,-0.071475,0.522425,0.664599,-0.092484,0.534354,0.714813,-0.089143,0.538334,0.752032,-0.084044
597,19900,True,0.9994,0.9994,0.501469,0.725556,0.0,0.575303,0.706629,-0.025314,0.629093,0.677075,-0.054265,0.67162,0.66754,-0.081673,0.709505,0.642546,-0.106778,0.586004,0.537828,-0.069977,0.607411,0.542064,-0.115378,0.625146,0.589445,-0.139016,0.628396,0.619929,-0.152984,0.535732,0.553242,-0.083143,0.575262,0.596082,-0.13627,0.593196,0.682248,-0.150756,0.591686,0.725214,-0.155876,0.491029,0.597875,-0.097636,0.523001,0.64603,-0.147323,0.541858,0.71269,-0.142745,0.54439,0.733868,-0.134104,0.455474,0.655024,-0.113536,0.477294,0.712018,-0.148382,0.495994,0.755425,-0.144089,0.499976,0.768677,-0.136961
598,19933,True,0.9974,0.9974,0.490053,0.758961,0.0,0.552515,0.744798,-0.03568,0.607729,0.694694,-0.058238,0.625136,0.648677,-0.078172,0.635325,0.611027,-0.096711,0.579854,0.566078,-0.041068,0.583045,0.537742,-0.082851,0.606612,0.539967,-0.108253,0.632559,0.545812,-0.122138,0.533001,0.558021,-0.042503,0.556396,0.562345,-0.095351,0.566786,0.65174,-0.108022,0.568511,0.705211,-0.104999,0.488924,0.574852,-0.048858,0.508689,0.60375,-0.102056,0.521539,0.685098,-0.096059,0.52415,0.724589,-0.078843,0.448579,0.606171,-0.057903,0.466658,0.638647,-0.09327,0.479066,0.695688,-0.087645,0.480281,0.719024,-0.074728
599,19966,True,0.9989,0.9989,0.501729,0.74788,0.0,0.554679,0.735079,-0.032118,0.605019,0.680361,-0.049386,0.624182,0.628341,-0.064911,0.623976,0.579728,-0.079758,0.580179,0.552742,-0.024956,0.586939,0.528589,-0.063767,0.602386,0.53213,-0.089162,0.615967,0.54669,-0.101895,0.530693,0.544086,-0.025565,0.547318,0.541043,-0.074099,0.560983,0.624024,-0.089647,0.565832,0.679045,-0.088542,0.482762,0.558975,-0.031486,0.496506,0.573879,-0.081517,0.515031,0.653366,-0.08043,0.522769,0.699204,-0.066716,0.437556,0.593216,-0.03954,0.453047,0.615055,-0.075976,0.473398,0.67422,-0.074105,0.483051,0.707451,-0.063056
600,20000,True,0.9984,0.9984,0.48302,0.743223,0.0,0.529442,0.742919,-0.02895,0.578346,0.713762,-0.048517,0.607643,0.681382,-0.067133,0.614822,0.644631,-0.085462,0.580178,0.57518,-0.030844,0.610291,0.526294,-0.062143,0.63541,0.493071,-0.081809,0.656108,0.460131,-0.092995,0.536488,0.5569,-0.032868,0.562473,0.516018,-0.078997,0.568813,0.592417,-0.091777,0.565856,0.653814,-0.087245,0.491509,0.559667,-0.03798,0.513104,0.566514,-0.080334,0.520094,0.641942,-0.07601,0.515853,0.688778,-0.05966,0.446911,0.579623,-0.045245,0.465625,0.58854,-0.069395,0.474921,0.639792,-0.062142,0.471624,0.66893,-0.04874
601,20033,True,0.9988,0.9988,0.49203,0.728039,0.0,0.533363,0.730844,-0.03057,0.580295,0.699327,-0.05248,0.608653,0.667897,-0.073291,0.618644,0.629274,-0.093998,0.591775,0.552325,-0.033904,0.633736,0.487215,-0.064849,0.667685,0.442444,-0.086102,0.691968,0.403185,-0.09971,0.546881,0.535774,-0.037079,0.578624,0.496381,-0.084172,0.581982,0.578569,-0.097361,0.573166,0.637665,-0.094541,0.501903,0.542067,-0.043294,0.524405,0.534851,-0.086886,0.536049,0.610852,-0.080425,0.532941,0.656161,-0.063994,0.456882,0.566787,-0.051772,0.478339,0.551539,-0.07909,0.493116,0.604697,-0.069132,0.492366,0.637349,-0.054113
602,20066,True,0.9976,0.9976,0.489487,0.733064,0.0,0.532839,0.733206,-0.032731,0.581393,0.694974,-0.05623,0.61134,0.657402,-0.079215,0.624581,0.612357,-0.101882,0.598987,0.547801,-0.036507,0.643286,0.473653,-0.069996,0.674322,0.426656,-0.091104,0.697126,0.384581,-0.10448,0.555688,0.531662,-0.040304,0.594283,0.483693,-0.090285,0.594404,0.568398,-0.104192,0.584319,0.625885,-0.101701,0.511249,0.537538,-0.047257,0.537019,0.510463,-0.095609,0.546901,0.593362,-0.088836,0.544065,0.645806,-0.07127,0.463535,0.561099,-0.056569,0.48653,0.535959,-0.090359,0.505564,0.593241,-0.082182,0.51023,0.634757,-0.067096
603,20100,True,0.9961,0.9961,0.487928,0.737808,0.0,0.53555,0.733583,-0.030554,0.583111,0.696138,-0.053228,0.614161,0.660719,-0.075947,0.629009,0.615906,-0.098018,0.601198,0.545296,-0.034855,0.646647,0.470751,-0.066003,0.676068,0.425109,-0.085166,0.697364,0.383604,-0.097651,0.557708,0.529317,-0.039695,0.595753,0.487137,-0.088583,0.594765,0.572698,-0.101547,0.583642,0.632427,-0.098733,0.511676,0.535,-0.047513,0.539386,0.513462,-0.094317,0.547151,0.597608,-0.087447,0.543558,0.650531,-0.070367,0.464208,0.558332,-0.057649,0.486074,0.539653,-0.089569,0.502984,0.596362,-0.081913,0.507131,0.636396,-0.06779
604,20133,True,0.9936,0.9936,0.478605,0.747897,-0.0,0.536617,0.736632,-0.02819,0.590233,0.707852,-0.052904,0.611819,0.686595,-0.078305,0.614672,0.659507,-0.100007,0.600215,0.533543,-0.031174,0.628195,0.522933,-0.076107,0.622893,0.594509,-0.10355,0.606421,0.643984,-0.115864,0.554387,0.518302,-0.03828,0.588632,0.505832,-0.084723,0.589011,0.604771,-0.099427,0.577292,0.666571,-0.099244,0.506201,0.52632,-0.050242,0.532417,0.534699,-0.093829,0.538457,0.634171,-0.089151,0.52998,0.688202,-0.074987,0.458883,0.554492,-0.064802,0.479721,0.583559,-0.091822,0.48692,0.652315,-0.08419,0.481576,0.687743,-0.07112
605,20166,True,0.8263,0.8263,0.52151,0.635305,-0.0,0.564318,0.652779,-0.02703,0.581691,0.676587,-0.061627,0.560705,0.718455,-0.094662,0.533298,0.743422,-0.126578,0.590653,0.516831,-0.06793,0.567759,0.63866,-0.116651,0.543705,0.71225,-0.145233,0.528406,0.722383,-0.16389,0.557173,0.514816,-0.078201,0.54946,0.630143,-0.123946,0.54071,0.708342,-0.131914,0.54311,0.713047,-0.135125,0.522292,0.532699,-0.090622,0.519711,0.647175,-0.132854,0.51703,0.719217,-0.122214,0.519966,0.714886,-0.111349,0.492177,0.564833,-0.10578,0.488988,0.678064,-0.132659,0.490313,0.725442,-0.124336,0.494634,0.715306,-0.116058
606,20200,True,0.9922,0.9922,0.543394,0.569597,0.0,0.562819,0.598881,-0.028753,0.570485,0.649985,-0.069641,0.575334,0.708271,-0.111107,0.588435,0.749074,-0.156491,0.586009,0.58635,-0.085466,0.601985,0.632948,-0.139433,0.612241,0.677909,-0.176726,0.619804,0.717505,-0.198907,0.556467,0.576178,-0.097118,0.575591,0.631572,-0.15241,0.576977,0.694302,-0.173145,0.575743,0.74079,-0.183419,0.522459,0.578217,-0.10971,0.531045,0.632175,-0.159022,0.529759,0.696307,-0.164657,0.529712,0.737659,-0.162314,0.489714,0.592382,-0.123766,0.480186,0.643946,-0.155993,0.47901,0.689514,-0.155631,0.480754,0.719994,-0.152633
607,20233,True,0.9995,0.9995,0.562532,0.62752,1e-06,0.523663,0.628181,-0.042224,0.492085,0.641505,-0.080708,0.479857,0.667844,-0.10907,0.480572,0.704585,-0.136791,0.494043,0.57513,-0.120204,0.468316,0.63482,-0.160001,0.461305,0.675861,-0.176952,0.453705,0.708616,-0.185983,0.526027,0.578221,-0.110873,0.511318,0.673232,-0.144135,0.508248,0.722126,-0.144377,0.50199,0.751621,-0.147187,0.558018,0.599651,-0.100806,0.544037,0.697244,-0.128977,0.536646,0.732309,-0.123824,0.526436,0.751133,-0.121146,0.584537,0.629959,-0.093084,0.570965,0.694955,-0.113195,0.560299,0.724949,-0.113047,0.550519,0.743313,-0.114163
608,20266,True,0.9992,0.9992,0.479615,0.76655,0.0,0.517442,0.786168,-0.039591,0.562245,0.781632,-0.070037,0.591422,0.76832,-0.097608,0.622498,0.746573,-0.126024,0.606722,0.656082,-0.060257,0.645671,0.638616,-0.106596,0.678445,0.650181,-0.138218,0.707565,0.661768,-0.158175,0.569502,0.620467,-0.064821,0.602855,0.606182,-0.12547,0.592922,0.686525,-0.148641,0.579536,0.742126,-0.154495,0.524068,0.607482,-0.073039,0.546456,0.594835,-0.130113,0.541771,0.677616,-0.132857,0.533941,0.73209,-0.123852,0.47342,0.613309,-0.083628,0.486861,0.605386,-0.127214,0.488663,0.664416,-0.129411,0.486102,0.706295,-0.122997
609,20300,True,0.9976,0.9976,0.485065,0.758582,0.0,0.53075,0.764933,-0.026843,0.576208,0.744583,-0.047566,0.600641,0.725819,-0.067768,0.604634,0.697139,-0.086401,0.59887,0.608379,-0.033188,0.618408,0.598561,-0.07218,0.614243,0.656675,-0.096135,0.604136,0.697027,-0.107479,0.561919,0.588924,-0.038853,0.582259,0.576407,-0.078217,0.579663,0.647382,-0.09311,0.57294,0.689186,-0.096972,0.517113,0.588655,-0.048802,0.532747,0.577091,-0.08866,0.532436,0.648726,-0.089682,0.527581,0.689688,-0.0828,0.468757,0.606068,-0.060445,0.477609,0.59447,-0.090027,0.48344,0.644139,-0.088178,0.485083,0.678521,-0.080858
610,20333,True,0.9983,0.9983,0.491212,0.754414,0.0,0.528507,0.747401,-0.034614,0.574359,0.713358,-0.058151,0.594858,0.686252,-0.079577,0.581411,0.664041,-0.099067,0.581534,0.58333,-0.030527,0.58699,0.543333,-0.066561,0.598239,0.570475,-0.088274,0.607742,0.594802,-0.098996,0.537931,0.571148,-0.031176,0.55017,0.535589,-0.067465,0.548241,0.61146,-0.075993,0.545796,0.641925,-0.074747,0.493914,0.576137,-0.037451,0.506338,0.551895,-0.075129,0.508845,0.621201,-0.067792,0.504204,0.649051,-0.054673,0.448398,0.595879,-0.046476,0.461482,0.568527,-0.07139,0.468803,0.618601,-0.061993,0.467271,0.64591,-0.049542
611,20366,True,0.9989,0.9989,0.476836,0.742103,1e-06,0.513563,0.747365,-0.043352,0.559024,0.717969,-0.070664,0.579042,0.68447,-0.094197,0.575959,0.640815,-0.117383,0.581529,0.580367,-0.043847,0.594759,0.53237,-0.074822,0.604253,0.482131,-0.095635,0.608871,0.440782,-0.109927,0.531291,0.560548,-0.042671,0.549769,0.500628,-0.083885,0.561802,0.540142,-0.098827,0.5683,0.560665,-0.101239,0.479296,0.562222,-0.045639,0.491069,0.518572,-0.091882,0.497699,0.59865,-0.086346,0.495953,0.646276,-0.071498,0.426953,0.582235,-0.051673,0.436125,0.550559,-0.086024,0.45077,0.606194,-0.079539,0.455257,0.640885,-0.067563
612,20400,True,0.9989,0.9989,0.469332,0.748676,0.0,0.503812,0.745744,-0.036185,0.551321,0.715267,-0.062322,0.571072,0.682704,-0.086545,0.562365,0.640323,-0.109999,0.563187,0.567289,-0.036199,0.573148,0.521747,-0.071832,0.581495,0.49405,-0.093541,0.584677,0.473621,-0.105952,0.512957,0.552122,-0.038449,0.52457,0.515743,-0.084647,0.526683,0.606747,-0.095497,0.526477,0.655238,-0.092364,0.461051,0.558122,-0.045202,0.468813,0.535153,-0.094457,0.477426,0.62938,-0.08515,0.476939,0.679313,-0.066552,0.407219,0.582591,-0.054353,0.414281,0.567005,-0.088231,0.431197,0.632515,-0.078519,0.437925,0.670111,-0.063215
613,20433,True,0.9972,0.9972,0.457817,0.752127,0.0,0.503337,0.760213,-0.036069,0.558798,0.73612,-0.061142,0.585989,0.707288,-0.084941,0.574526,0.678635,-0.109551,0.562322,0.599204,-0.040343,0.576369,0.55753,-0.080198,0.603997,0.550091,-0.108067,0.629776,0.558816,-0.122404,0.522072,0.579595,-0.042548,0.554786,0.51213,-0.085435,0.590215,0.542486,-0.105954,0.612908,0.58115,-0.111661,0.475449,0.576539,-0.048796,0.508279,0.545534,-0.097376,0.514654,0.625768,-0.099477,0.509258,0.682869,-0.0873,0.426501,0.588835,-0.056958,0.45042,0.560139,-0.089972,0.464913,0.619107,-0.083706,0.465805,0.666288,-0.070471
614,20466,True,0.9975,0.9975,0.45342,0.766724,0.0,0.498671,0.768227,-0.033009,0.54937,0.744468,-0.057844,0.583063,0.721842,-0.0812,0.592348,0.690178,-0.10473,0.574411,0.609024,-0.040566,0.612066,0.585279,-0.081824,0.648258,0.571042,-0.110467,0.681244,0.558724,-0.12763,0.53055,0.581113,-0.04498,0.560684,0.552291,-0.101079,0.559682,0.637629,-0.119433,0.553502,0.703883,-0.119366,0.481241,0.575193,-0.053015,0.50244,0.56847,-0.106795,0.508497,0.65554,-0.104836,0.50703,0.71256,-0.089452,0.430143,0.588168,-0.063222,0.448845,0.584029,-0.099801,0.460601,0.649393,-0.094914,0.463039,0.694044,-0.082019
615,20500,True,0.9978,0.9978,0.468367,0.766366,0.0,0.509913,0.76483,-0.034102,0.557619,0.736987,-0.06026,0.578206,0.709427,-0.084451,0.571097,0.673768,-0.109101,0.574246,0.60351,-0.039772,0.582999,0.568804,-0.07774,0.60394,0.550731,-0.105413,0.623209,0.541371,-0.122535,0.524512,0.580917,-0.042701,0.535673,0.55615,-0.089741,0.532592,0.64051,-0.104447,0.528211,0.693497,-0.105623,0.474012,0.58106,-0.049628,0.480557,0.559739,-0.09399,0.486876,0.637303,-0.087188,0.486101,0.684493,-0.073179,0.423604,0.600423,-0.059182,0.430887,0.574712,-0.089423,0.439654,0.630566,-0.08061,0.441416,0.668327,-0.06765
616,20533,True,0.9972,0.9972,0.450788,0.759336,0.0,0.483546,0.75701,-0.037337,0.526646,0.732918,-0.063319,0.550892,0.704853,-0.086343,0.548689,0.670531,-0.108577,0.540883,0.602517,-0.038741,0.550043,0.564521,-0.072923,0.561672,0.544539,-0.095457,0.567041,0.539872,-0.107988,0.493598,0.585775,-0.037476,0.499147,0.552538,-0.076712,0.497902,0.626755,-0.086321,0.496207,0.669028,-0.084553,0.447482,0.588852,-0.040881,0.450022,0.569151,-0.078815,0.457171,0.635813,-0.071657,0.456529,0.672371,-0.058579,0.40122,0.608262,-0.047306,0.404959,0.587166,-0.072587,0.415425,0.636736,-0.06431,0.418876,0.667208,-0.052587
617,20566,True,0.9993,0.9993,0.434269,0.772942,0.0,0.466169,0.769267,-0.033654,0.504944,0.738677,-0.054883,0.52744,0.703541,-0.073844,0.539258,0.661724,-0.091573,0.511461,0.61738,-0.032824,0.5255,0.582433,-0.065925,0.541817,0.576935,-0.084905,0.552163,0.578754,-0.09467,0.470606,0.599708,-0.032992,0.478628,0.552874,-0.073545,0.482589,0.627112,-0.08387,0.482554,0.669663,-0.081302,0.426825,0.604329,-0.037707,0.428526,0.5666,-0.081342,0.434052,0.645816,-0.076856,0.434643,0.688494,-0.062529,0.383462,0.628383,-0.044428,0.375233,0.597186,-0.077224,0.380202,0.639209,-0.074829,0.381139,0.664603,-0.065214
618,20600,True,0.9901,0.9901,0.430641,0.782676,-0.0,0.470279,0.779911,-0.030892,0.511218,0.759024,-0.053923,0.534458,0.748599,-0.076123,0.543473,0.736678,-0.095125,0.523743,0.623522,-0.028972,0.530857,0.624112,-0.071861,0.530554,0.692059,-0.097554,0.533924,0.734274,-0.108902,0.477575,0.605798,-0.030102,0.48649,0.601163,-0.074261,0.4903,0.689871,-0.084801,0.492681,0.739405,-0.082179,0.430498,0.607208,-0.037012,0.439145,0.606116,-0.079276,0.449142,0.692225,-0.073879,0.452224,0.741192,-0.05932,0.386829,0.626512,-0.046395,0.394319,0.646071,-0.075106,0.407163,0.707269,-0.071416,0.413831,0.741793,-0.060596
619,20633,True,0.9971,0.9971,0.422738,0.795957,0.0,0.476263,0.786105,-0.012436,0.523264,0.770377,-0.03252,0.555588,0.770765,-0.055683,0.585768,0.779329,-0.081141,0.527746,0.639994,-0.030192,0.570672,0.641521,-0.06505,0.600169,0.665432,-0.091085,0.625466,0.696759,-0.106755,0.490126,0.633921,-0.042379,0.526397,0.656362,-0.079777,0.548363,0.713753,-0.098391,0.564752,0.764182,-0.106421,0.44935,0.649577,-0.056377,0.480878,0.679809,-0.092178,0.508057,0.73164,-0.100338,0.52674,0.775577,-0.09944,0.411507,0.681262,-0.070872,0.434977,0.708824,-0.096075,0.455745,0.750311,-0.096918,0.469347,0.785964,-0.092568
620,20666,True,0.9991,0.9991,0.441364,0.809543,0.0,0.498387,0.810403,-0.021944,0.546358,0.800007,-0.047409,0.580832,0.802994,-0.074346,0.617382,0.815171,-0.103059,0.561416,0.667883,-0.03731,0.605331,0.675373,-0.081063,0.641645,0.695886,-0.113085,0.674227,0.719825,-0.133062,0.524595,0.647281,-0.048319,0.570904,0.667721,-0.100798,0.575308,0.746741,-0.121346,0.570484,0.802212,-0.126514,0.483196,0.652706,-0.062339,0.515323,0.677479,-0.111592,0.520017,0.751839,-0.114575,0.517136,0.796467,-0.106005,0.441285,0.676914,-0.077751,0.460942,0.696855,-0.11245,0.470769,0.749504,-0.111395,0.474415,0.783975,-0.103231
621,20700,True,0.9998,0.9998,0.45166,0.806874,0.0,0.505158,0.808387,-0.019231,0.549141,0.80121,-0.043867,0.581578,0.803782,-0.069837,0.612047,0.797315,-0.098378,0.558264,0.664322,-0.045765,0.609484,0.671636,-0.08868,0.649036,0.688414,-0.119979,0.684972,0.708274,-0.140424,0.517214,0.643336,-0.059366,0.562412,0.668989,-0.110751,0.572227,0.744844,-0.132123,0.5727,0.797849,-0.140445,0.473102,0.654973,-0.074901,0.501193,0.686051,-0.122857,0.511577,0.753607,-0.128186,0.513103,0.793669,-0.124547,0.430666,0.687829,-0.091419,0.446855,0.72382,-0.125087,0.458957,0.772077,-0.126626,0.465198,0.800635,-0.122769
622,20733,True,0.9993,0.9993,0.459443,0.792727,0.0,0.513753,0.780698,-0.019078,0.557963,0.753033,-0.039334,0.581931,0.740914,-0.060432,0.58979,0.73545,-0.084271,0.532864,0.620919,-0.0385,0.563286,0.614395,-0.071466,0.592376,0.633013,-0.096634,0.620362,0.659832,-0.113542,0.488284,0.618906,-0.048436,0.515965,0.644698,-0.085702,0.53292,0.708318,-0.102861,0.541702,0.754801,-0.112001,0.444864,0.64519,-0.060431,0.461988,0.666881,-0.097918,0.482543,0.721354,-0.105223,0.495617,0.759337,-0.106005,0.407423,0.687479,-0.07338,0.417074,0.712424,-0.100297,0.436593,0.753206,-0.102646,0.451482,0.783787,-0.101417
623,20766,True,0.9953,0.9953,0.432708,0.777955,0.0,0.478495,0.768155,-0.02389,0.524299,0.737377,-0.041311,0.55097,0.719891,-0.059256,0.553393,0.698687,-0.076436,0.49803,0.617841,-0.025705,0.515836,0.565739,-0.060302,0.54014,0.582428,-0.084552,0.559859,0.608678,-0.096671,0.456448,0.617433,-0.028596,0.465727,0.595785,-0.063769,0.48385,0.654893,-0.076807,0.49331,0.69451,-0.079446,0.418094,0.634124,-0.03547,0.42717,0.629706,-0.066398,0.444054,0.681831,-0.062766,0.45107,0.711446,-0.053508,0.384737,0.663037,-0.044722,0.39351,0.663268,-0.063515,0.410828,0.701015,-0.056081,0.419639,0.723207,-0.045418
624,20800,True,0.999,0.999,0.421592,0.757096,0.0,0.457453,0.740112,-0.031217,0.495755,0.699173,-0.0505,0.512455,0.662498,-0.067665,0.502005,0.627546,-0.084615,0.473468,0.586659,-0.029347,0.475721,0.538266,-0.054875,0.478968,0.501838,-0.071703,0.477797,0.472458,-0.08278,0.432225,0.587465,-0.029864,0.42938,0.549773,-0.064533,0.443376,0.614632,-0.074035,0.451294,0.648698,-0.073387,0.392499,0.606104,-0.034014,0.385574,0.575383,-0.070358,0.404003,0.636684,-0.064558,0.41246,0.668717,-0.052478,0.354932,0.638119,-0.040467,0.346954,0.613695,-0.06628,0.364438,0.654646,-0.060234,0.373913,0.680396,-0.050228
625,20833,True,0.9997,0.9997,0.412622,0.741562,0.0,0.442811,0.733596,-0.039242,0.475068,0.695437,-0.064235,0.487988,0.66034,-0.085402,0.487117,0.614807,-0.106523,0.462508,0.563149,-0.049661,0.461431,0.493786,-0.083406,0.457826,0.44359,-0.105602,0.446554,0.398671,-0.120411,0.414806,0.565054,-0.04784,0.409984,0.510176,-0.092179,0.429502,0.590086,-0.103993,0.438501,0.637498,-0.10276,0.369692,0.586385,-0.04922,0.362616,0.541951,-0.094317,0.386112,0.618404,-0.086025,0.394683,0.66157,-0.0691,0.328216,0.622797,-0.053024,0.315625,0.577345,-0.085073,0.339591,0.622964,-0.075611,0.353415,0.656961,-0.060685
626,20866,True,0.9967,0.9967,0.404338,0.756462,0.0,0.442842,0.747015,-0.035015,0.481607,0.703543,-0.057704,0.500445,0.661937,-0.078565,0.495664,0.617736,-0.098705,0.472985,0.572708,-0.034732,0.479151,0.506455,-0.061712,0.480476,0.460216,-0.077629,0.476699,0.425036,-0.087595,0.427728,0.571405,-0.034262,0.428973,0.511622,-0.073822,0.440354,0.578061,-0.083411,0.444816,0.619607,-0.080561,0.384028,0.583559,-0.037537,0.380922,0.528714,-0.075683,0.396505,0.590979,-0.067858,0.401513,0.633079,-0.052856,0.341783,0.607527,-0.043624,0.330168,0.557922,-0.069966,0.346521,0.596629,-0.062486,0.355268,0.629754,-0.050421
627,20900,True,0.9944,0.9944,0.399611,0.787088,-0.0,0.444777,0.774622,-0.026161,0.49014,0.742034,-0.046236,0.511639,0.71253,-0.066935,0.515948,0.681472,-0.086061,0.491201,0.621151,-0.025307,0.511838,0.570545,-0.062109,0.533894,0.587693,-0.086101,0.552353,0.610379,-0.097762,0.451803,0.608754,-0.028751,0.471798,0.557486,-0.070169,0.480983,0.629831,-0.083974,0.482901,0.680125,-0.084678,0.40883,0.608837,-0.036812,0.42553,0.563189,-0.076746,0.43567,0.634588,-0.073912,0.43687,0.683338,-0.061751,0.36349,0.62091,-0.046728,0.369666,0.585288,-0.072597,0.38247,0.632502,-0.066912,0.386933,0.668637,-0.056073
628,20933,True,0.9226,0.9226,0.394899,0.766863,-1e-06,0.445566,0.768303,-0.014626,0.492444,0.753349,-0.030915,0.524215,0.737208,-0.04816,0.547535,0.717874,-0.065391,0.47796,0.628625,-0.034011,0.485546,0.700319,-0.062394,0.47347,0.752549,-0.083279,0.463705,0.765987,-0.095925,0.446579,0.610464,-0.038643,0.458692,0.717579,-0.058774,0.446926,0.761904,-0.067474,0.437247,0.768851,-0.074072,0.414963,0.610832,-0.044144,0.42581,0.716387,-0.062992,0.421612,0.756328,-0.060854,0.416512,0.762521,-0.058048,0.380152,0.623024,-0.051444,0.38687,0.690808,-0.061808,0.391651,0.72356,-0.055994,0.394604,0.733632,-0.049489
629,20966,True,0.9944,0.9944,0.392507,0.777088,-0.0,0.439797,0.781073,-0.019897,0.487974,0.767668,-0.034097,0.521172,0.760676,-0.048539,0.543246,0.747443,-0.063011,0.474549,0.648844,-0.032892,0.483218,0.638874,-0.054659,0.494381,0.633934,-0.069951,0.507547,0.636111,-0.080116,0.435376,0.624479,-0.03445,0.436309,0.728652,-0.057345,0.434118,0.761072,-0.066373,0.43369,0.763809,-0.07164,0.393605,0.631885,-0.037868,0.394143,0.743342,-0.058386,0.392171,0.763938,-0.05769,0.391712,0.757546,-0.055408,0.3536,0.651236,-0.044079,0.355101,0.728991,-0.059463,0.360842,0.754683,-0.058248,0.366074,0.759469,-0.053962
630,21000,True,0.9963,0.9963,0.381903,0.799294,-0.0,0.425191,0.79453,-0.030491,0.471431,0.773028,-0.052044,0.484344,0.749866,-0.072441,0.460011,0.730235,-0.092576,0.458594,0.636109,-0.032884,0.455948,0.612837,-0.066378,0.460146,0.620677,-0.088748,0.46664,0.636881,-0.100137,0.414555,0.624693,-0.03487,0.407001,0.631322,-0.077307,0.409193,0.704103,-0.094292,0.414479,0.756035,-0.096619,0.370035,0.63611,-0.040407,0.36147,0.643011,-0.082103,0.369346,0.711338,-0.084918,0.379827,0.754947,-0.075975,0.329355,0.660702,-0.047934,0.313626,0.644059,-0.074985,0.318988,0.676705,-0.07319,0.329491,0.700561,-0.064549
631,21033,True,0.994,0.994,0.373537,0.799,-0.0,0.414168,0.788866,-0.034777,0.451642,0.761798,-0.060485,0.470813,0.739189,-0.084795,0.452466,0.70964,-0.105726,0.442204,0.606213,-0.037231,0.441264,0.611401,-0.080244,0.441035,0.679283,-0.105094,0.441139,0.722354,-0.115611,0.394253,0.60118,-0.038834,0.389231,0.612689,-0.083828,0.400052,0.699556,-0.098351,0.406536,0.746936,-0.099796,0.347475,0.619735,-0.045869,0.338332,0.613419,-0.090373,0.353734,0.693476,-0.090318,0.364449,0.740432,-0.080029,0.307393,0.655204,-0.055268,0.289131,0.633591,-0.086337,0.30319,0.676847,-0.085093,0.318021,0.710409,-0.076275
632,21066,True,0.9979,0.9979,0.369202,0.801743,-0.0,0.405141,0.787982,-0.032088,0.443007,0.760927,-0.056784,0.464211,0.731679,-0.081445,0.46222,0.690967,-0.102616,0.443086,0.618086,-0.032285,0.446654,0.592791,-0.073945,0.447299,0.62537,-0.095653,0.43866,0.663822,-0.102843,0.393874,0.611334,-0.034089,0.396205,0.579068,-0.079751,0.405298,0.670236,-0.089838,0.40486,0.719575,-0.085502,0.34657,0.624665,-0.041566,0.342622,0.586143,-0.083793,0.356768,0.664517,-0.078502,0.358309,0.708331,-0.063673,0.302015,0.65522,-0.051364,0.285353,0.614808,-0.077248,0.292814,0.636056,-0.073301,0.295556,0.647635,-0.063229
633,21100,True,0.9989,0.9989,0.371983,0.790973,-0.0,0.409116,0.779923,-0.028982,0.445168,0.748294,-0.052142,0.467724,0.718601,-0.075556,0.47917,0.678108,-0.096432,0.440509,0.617687,-0.034813,0.444811,0.569226,-0.075046,0.454115,0.589472,-0.097974,0.457186,0.613621,-0.107627,0.39676,0.611534,-0.037863,0.405269,0.562607,-0.083242,0.419112,0.639857,-0.096631,0.419338,0.685861,-0.096178,0.352055,0.623085,-0.045507,0.354272,0.573825,-0.088186,0.370382,0.647534,-0.085987,0.372066,0.690609,-0.07405,0.308745,0.648946,-0.055032,0.29525,0.59988,-0.082393,0.301806,0.61327,-0.081338,0.301276,0.619384,-0.074213
634,21133,True,0.9994,0.9994,0.376291,0.775763,0.0,0.411727,0.769854,-0.030225,0.451398,0.732428,-0.050219,0.472004,0.698734,-0.070073,0.48435,0.658945,-0.090088,0.454634,0.608591,-0.034272,0.477934,0.552187,-0.067046,0.501008,0.518018,-0.08688,0.518031,0.483793,-0.09901,0.409814,0.596863,-0.038676,0.425298,0.536264,-0.087247,0.432474,0.61286,-0.103196,0.429108,0.661441,-0.102653,0.362572,0.607303,-0.046149,0.368408,0.556589,-0.096309,0.380778,0.636308,-0.095043,0.381618,0.68367,-0.080358,0.315781,0.633002,-0.055084,0.306248,0.581109,-0.090282,0.317676,0.614444,-0.087529,0.320899,0.640555,-0.076673
635,21166,True,0.9994,0.9994,0.376888,0.760563,0.0,0.413679,0.75547,-0.032845,0.452943,0.716809,-0.054126,0.472102,0.67961,-0.07396,0.48247,0.634671,-0.094121,0.45365,0.585794,-0.037494,0.476792,0.514458,-0.068338,0.495946,0.46703,-0.087527,0.509101,0.423957,-0.099891,0.408896,0.576882,-0.039953,0.421934,0.510467,-0.085601,0.43086,0.581542,-0.100376,0.43138,0.6308,-0.099972,0.362676,0.5882,-0.045183,0.369393,0.539058,-0.092864,0.385084,0.616738,-0.088906,0.388589,0.666801,-0.073351,0.315925,0.616078,-0.052194,0.31358,0.566471,-0.087334,0.333532,0.616669,-0.081504,0.342909,0.658412,-0.068235
636,21200,True,0.9987,0.9987,0.373698,0.751181,0.0,0.408295,0.743354,-0.039528,0.442804,0.706034,-0.067354,0.460361,0.672748,-0.092954,0.470796,0.625836,-0.118626,0.452122,0.565342,-0.050465,0.473035,0.478766,-0.08621,0.490993,0.420928,-0.108465,0.501009,0.368978,-0.123294,0.403849,0.5585,-0.051576,0.41663,0.49409,-0.102528,0.422306,0.580202,-0.116295,0.420395,0.632621,-0.114796,0.356065,0.571869,-0.055937,0.360302,0.522315,-0.105614,0.375269,0.604648,-0.097704,0.377794,0.652714,-0.080195,0.308113,0.601396,-0.062971,0.302564,0.550868,-0.09835,0.323016,0.602835,-0.089808,0.33385,0.641783,-0.075169
637,21233,True,0.9964,0.9964,0.363702,0.757061,0.0,0.398664,0.744854,-0.040044,0.435786,0.714278,-0.069975,0.450301,0.686336,-0.098442,0.458554,0.645131,-0.126267,0.447925,0.56376,-0.048161,0.46845,0.485429,-0.083774,0.483106,0.430601,-0.105346,0.490075,0.384122,-0.119273,0.396592,0.556354,-0.049188,0.403032,0.504089,-0.1,0.405928,0.590496,-0.112434,0.403988,0.637584,-0.109768,0.347714,0.568894,-0.054095,0.346572,0.527267,-0.102449,0.356602,0.607114,-0.093768,0.357025,0.646816,-0.076153,0.300189,0.597733,-0.062023,0.289505,0.550339,-0.093691,0.304648,0.596408,-0.084145,0.313014,0.625667,-0.069384
638,21266,True,0.9923,0.9923,0.354549,0.757916,-0.0,0.393701,0.749996,-0.04643,0.427234,0.728357,-0.084431,0.448711,0.721268,-0.120542,0.446417,0.691318,-0.152891,0.437595,0.579896,-0.071663,0.437552,0.579836,-0.131952,0.429581,0.67408,-0.165494,0.419419,0.733709,-0.180248,0.382661,0.57284,-0.073369,0.388531,0.542359,-0.137033,0.391944,0.654233,-0.156194,0.389051,0.71779,-0.158851,0.332585,0.580758,-0.080757,0.331724,0.543737,-0.135467,0.344058,0.642164,-0.13551,0.348496,0.701102,-0.124476,0.287837,0.60532,-0.09141,0.27371,0.570207,-0.125001,0.289954,0.622478,-0.124385,0.303804,0.661078,-0.117559
639,21300,True,0.9938,0.9938,0.354265,0.764959,-0.0,0.394669,0.758035,-0.039601,0.432765,0.742986,-0.070884,0.449262,0.727102,-0.100141,0.453755,0.694821,-0.126126,0.445069,0.583538,-0.052668,0.438074,0.599208,-0.098447,0.429445,0.666994,-0.125366,0.422149,0.712361,-0.13813,0.393064,0.566984,-0.053178,0.391635,0.575499,-0.100771,0.391979,0.659036,-0.115878,0.388378,0.711672,-0.118353,0.342983,0.576107,-0.058687,0.337291,0.568817,-0.103062,0.343304,0.645,-0.103386,0.344831,0.692809,-0.09434,0.298538,0.605118,-0.067046,0.280054,0.580073,-0.099511,0.290757,0.617895,-0.100047,0.302396,0.648461,-0.092853
640,21333,True,0.9984,0.9984,0.358615,0.763841,-0.0,0.39542,0.759092,-0.030338,0.430398,0.740571,-0.05481,0.451102,0.720893,-0.079558,0.462275,0.686098,-0.101036,0.447903,0.599576,-0.037343,0.455199,0.569238,-0.078004,0.452628,0.6154,-0.100856,0.444282,0.657448,-0.110175,0.401141,0.584128,-0.040247,0.406867,0.552052,-0.084783,0.407807,0.633963,-0.097895,0.403622,0.685761,-0.097839,0.35277,0.590675,-0.047993,0.353902,0.550511,-0.09003,0.359067,0.628389,-0.089267,0.357736,0.67855,-0.078894,0.307447,0.615458,-0.05774,0.295677,0.573623,-0.086835,0.297204,0.58831,-0.087866,0.295901,0.597702,-0.081989
641,21366,True,0.9994,0.9994,0.35874,0.750521,0.0,0.394331,0.755569,-0.039781,0.431848,0.733229,-0.068149,0.452252,0.706113,-0.094761,0.472346,0.670708,-0.121852,0.45807,0.607333,-0.054603,0.486689,0.55943,-0.09592,0.514623,0.531379,-0.121722,0.537124,0.503564,-0.138391,0.411624,0.582259,-0.057462,0.429124,0.530668,-0.116395,0.426313,0.617489,-0.136923,0.422198,0.673645,-0.139718,0.361381,0.582309,-0.064117,0.367714,0.52983,-0.122551,0.370237,0.615502,-0.126886,0.36897,0.67186,-0.11664,0.31226,0.601711,-0.072715,0.301999,0.552725,-0.116523,0.304496,0.576237,-0.122354,0.304469,0.593631,-0.118476
642,21400,True,0.9989,0.9989,0.354252,0.741798,0.0,0.39062,0.748134,-0.038385,0.426434,0.731535,-0.064904,0.444181,0.709936,-0.089314,0.458446,0.676597,-0.114005,0.455618,0.598044,-0.05119,0.487829,0.541506,-0.085751,0.512274,0.506515,-0.107444,0.533028,0.473285,-0.121877,0.40988,0.573351,-0.052842,0.423655,0.518348,-0.103804,0.417606,0.600639,-0.120527,0.41108,0.662257,-0.121435,0.360874,0.574643,-0.05762,0.36592,0.520479,-0.107464,0.365465,0.599227,-0.107676,0.363203,0.657452,-0.095994,0.312538,0.594797,-0.064622,0.302591,0.540887,-0.101822,0.305415,0.567413,-0.102942,0.307339,0.593513,-0.095939
643,21433,True,0.9977,0.9977,0.349274,0.737802,0.0,0.382782,0.730874,-0.029069,0.423212,0.715642,-0.052612,0.424847,0.705367,-0.075213,0.415407,0.688791,-0.097453,0.439095,0.576129,-0.033212,0.454754,0.529912,-0.063579,0.471953,0.51059,-0.084101,0.488134,0.494899,-0.097208,0.392587,0.559441,-0.036414,0.388817,0.522862,-0.077188,0.386244,0.600376,-0.090556,0.387499,0.646529,-0.091405,0.346186,0.564044,-0.042934,0.339042,0.526754,-0.080597,0.342625,0.59229,-0.076443,0.346037,0.626195,-0.065341,0.300689,0.586588,-0.051566,0.285488,0.54869,-0.076229,0.287975,0.578465,-0.070543,0.291979,0.591851,-0.060832
644,21466,True,0.9916,0.9916,0.327128,0.724399,-0.0,0.359655,0.725043,-0.036828,0.398928,0.716382,-0.066883,0.392221,0.71023,-0.095123,0.363034,0.706856,-0.119946,0.408035,0.57775,-0.043475,0.415756,0.526309,-0.088781,0.397093,0.553381,-0.10975,0.384009,0.580767,-0.117149,0.362787,0.559603,-0.04347,0.348457,0.529187,-0.090525,0.332206,0.614108,-0.097553,0.336843,0.649377,-0.091626,0.320982,0.556781,-0.049714,0.299718,0.537142,-0.091584,0.295491,0.606915,-0.081464,0.306781,0.629068,-0.064914,0.282984,0.56745,-0.058949,0.25897,0.550167,-0.081381,0.259155,0.596428,-0.070282,0.271768,0.61409,-0.055874
645,21500,True,0.9989,0.9989,0.298026,0.720388,-0.0,0.34203,0.729355,-0.050291,0.383874,0.727546,-0.087185,0.367601,0.705639,-0.117418,0.326647,0.688787,-0.141911,0.395194,0.555129,-0.065029,0.373894,0.580632,-0.115044,0.341175,0.63027,-0.142084,0.317315,0.649534,-0.155873,0.340996,0.525691,-0.060037,0.312833,0.588026,-0.103684,0.306898,0.648282,-0.113662,0.309744,0.648827,-0.115338,0.289191,0.526368,-0.061029,0.26608,0.602581,-0.097359,0.272407,0.642754,-0.090087,0.281716,0.624479,-0.081029,0.243486,0.544219,-0.06712,0.229851,0.602119,-0.090462,0.238924,0.635486,-0.08509,0.251036,0.622379,-0.076585
646,21533,True,0.9981,0.9981,0.28862,0.713206,-0.0,0.328221,0.731945,-0.049639,0.367302,0.735831,-0.084055,0.363484,0.726608,-0.112021,0.333004,0.709763,-0.137042,0.375706,0.566591,-0.067914,0.341079,0.6082,-0.112422,0.32882,0.670348,-0.136333,0.329314,0.699187,-0.14858,0.323438,0.544279,-0.062944,0.290356,0.574061,-0.109707,0.283097,0.65317,-0.122573,0.284421,0.691156,-0.12442,0.272519,0.547573,-0.062237,0.24027,0.560992,-0.106865,0.239997,0.630296,-0.103663,0.247468,0.662555,-0.092766,0.227638,0.567281,-0.064847,0.19847,0.567579,-0.096649,0.20209,0.609147,-0.093727,0.214136,0.628473,-0.084394
647,21566,True,0.9955,0.9955,0.290141,0.737619,0.0,0.331259,0.744325,-0.053247,0.370154,0.742068,-0.093034,0.373097,0.740252,-0.128093,0.346754,0.728044,-0.159347,0.371232,0.599501,-0.072848,0.341611,0.569914,-0.117919,0.319359,0.543997,-0.1375,0.302572,0.519629,-0.147218,0.318307,0.566251,-0.065211,0.284933,0.635933,-0.108454,0.295003,0.711126,-0.10386,0.320444,0.714695,-0.093036,0.26931,0.562799,-0.064377,0.242452,0.642715,-0.102816,0.257118,0.694873,-0.082125,0.279806,0.689193,-0.061384,0.225697,0.570252,-0.07024,0.208214,0.627917,-0.097914,0.225327,0.672551,-0.088931,0.248486,0.677029,-0.075618
648,21600,True,0.9927,0.9927,0.311703,0.751939,-0.0,0.353324,0.758439,-0.038124,0.383514,0.75881,-0.066487,0.398438,0.755325,-0.091552,0.420499,0.742306,-0.111946,0.396042,0.611129,-0.052881,0.38321,0.668011,-0.092485,0.379238,0.720957,-0.113582,0.384703,0.73338,-0.124754,0.350097,0.596571,-0.049942,0.336301,0.684626,-0.085382,0.34259,0.734949,-0.091952,0.355083,0.737178,-0.093794,0.3053,0.601045,-0.051715,0.29394,0.687033,-0.083925,0.305844,0.730364,-0.079425,0.320345,0.731427,-0.072471,0.26468,0.615133,-0.057492,0.256156,0.675714,-0.077988,0.269166,0.712873,-0.075361,0.285449,0.717651,-0.069328
649,21633,True,0.9844,0.9844,0.320194,0.780777,0.0,0.3691,0.770933,-0.015063,0.406325,0.76064,-0.034207,0.427658,0.755912,-0.0558,0.445334,0.761721,-0.078593,0.422001,0.653609,-0.026863,0.448967,0.647244,-0.057666,0.46865,0.658649,-0.079748,0.484672,0.676547,-0.092373,0.383073,0.634354,-0.033639,0.409074,0.669524,-0.066778,0.413625,0.729125,-0.079461,0.414347,0.775465,-0.082472,0.339997,0.637828,-0.042519,0.36128,0.687362,-0.071195,0.366107,0.736719,-0.07136,0.367487,0.77235,-0.064871,0.296428,0.654343,-0.052957,0.306384,0.692134,-0.069398,0.314787,0.728759,-0.065419,0.32072,0.754703,-0.057765
650,21666,True,0.9975,0.9975,0.354615,0.775964,0.0,0.393676,0.772877,-0.020132,0.428982,0.77119,-0.04398,0.447341,0.787812,-0.069812,0.46474,0.803809,-0.097016,0.456248,0.650926,-0.038783,0.4814,0.673094,-0.077229,0.503971,0.690577,-0.105736,0.526664,0.710474,-0.124171,0.412861,0.623362,-0.047626,0.425984,0.703534,-0.089335,0.424214,0.748551,-0.10705,0.423881,0.765672,-0.114716,0.362359,0.629546,-0.059089,0.369097,0.706165,-0.096664,0.371589,0.75339,-0.099663,0.375217,0.772315,-0.095412,0.312834,0.653741,-0.07268,0.311404,0.701326,-0.100085,0.317301,0.732307,-0.101687,0.32455,0.746228,-0.097711
651,21700,True,0.9938,0.9938,0.353993,0.782614,0.0,0.394086,0.778443,-0.025755,0.431781,0.77525,-0.051748,0.452336,0.78351,-0.078565,0.451556,0.785927,-0.107031,0.452565,0.63899,-0.042386,0.472853,0.644578,-0.081753,0.498563,0.667384,-0.110876,0.523528,0.691711,-0.128821,0.407279,0.617038,-0.049758,0.416025,0.651295,-0.095827,0.420534,0.728089,-0.115382,0.420838,0.782784,-0.121779,0.356979,0.623027,-0.059839,0.361428,0.662966,-0.10277,0.37111,0.73406,-0.107728,0.376339,0.780105,-0.102192,0.308378,0.648862,-0.071844,0.305557,0.67428,-0.102174,0.319051,0.721453,-0.103484,0.331029,0.753757,-0.097992
652,21733,True,0.9952,0.9952,0.353054,0.780085,0.0,0.391858,0.778228,-0.024612,0.428271,0.773432,-0.049233,0.438326,0.775734,-0.074458,0.421804,0.773736,-0.101187,0.445651,0.635167,-0.037435,0.459617,0.626579,-0.073477,0.486024,0.634784,-0.100546,0.51339,0.646448,-0.117573,0.399262,0.61263,-0.044653,0.406931,0.626923,-0.087304,0.412427,0.706684,-0.104636,0.413732,0.760902,-0.109603,0.349371,0.618288,-0.054428,0.352588,0.645404,-0.094076,0.365425,0.718872,-0.096337,0.372198,0.763036,-0.089839,0.300772,0.644863,-0.06611,0.303757,0.672576,-0.092834,0.323172,0.72622,-0.091057,0.33824,0.7596,-0.084312
653,21766,True,0.9954,0.9954,0.356432,0.773967,0.0,0.389884,0.7758,-0.030565,0.423146,0.770518,-0.057684,0.44073,0.7712,-0.084238,0.443201,0.753008,-0.111239,0.445383,0.637078,-0.04408,0.458421,0.618992,-0.086747,0.476297,0.631558,-0.116484,0.49308,0.652117,-0.133856,0.397593,0.614386,-0.049076,0.399513,0.615355,-0.100513,0.402609,0.700955,-0.119697,0.404395,0.758049,-0.124104,0.346989,0.619862,-0.05786,0.343899,0.622391,-0.107111,0.352827,0.703118,-0.10922,0.360089,0.752425,-0.100549,0.300093,0.647612,-0.068305,0.291348,0.646946,-0.105047,0.304112,0.699517,-0.105377,0.317841,0.734478,-0.09809
654,21800,True,0.9963,0.9963,0.362449,0.777775,0.0,0.394249,0.774683,-0.031118,0.430232,0.767173,-0.060799,0.443376,0.770148,-0.090306,0.429034,0.76185,-0.120562,0.442525,0.632783,-0.050133,0.454892,0.611641,-0.095817,0.469597,0.629903,-0.125875,0.480084,0.657687,-0.142561,0.393652,0.614166,-0.05679,0.39907,0.607829,-0.112095,0.4028,0.699602,-0.131916,0.40192,0.760778,-0.135938,0.342873,0.623992,-0.067319,0.341738,0.617749,-0.120766,0.351142,0.703052,-0.124959,0.356163,0.753174,-0.116479,0.297453,0.655035,-0.079364,0.284771,0.640562,-0.117763,0.29588,0.684993,-0.120289,0.307455,0.714106,-0.114911
655,21833,True,0.9924,0.9924,0.356853,0.777891,-0.0,0.396089,0.774262,-0.032285,0.432415,0.767252,-0.063011,0.44684,0.767278,-0.093312,0.436735,0.756314,-0.123392,0.439152,0.626227,-0.054084,0.445547,0.617045,-0.103636,0.453872,0.656034,-0.133719,0.45801,0.695362,-0.14812,0.391369,0.613981,-0.059211,0.399891,0.617216,-0.113033,0.407592,0.703497,-0.130548,0.408611,0.761501,-0.133679,0.341628,0.623925,-0.068391,0.344581,0.630174,-0.120589,0.357707,0.713966,-0.122086,0.364686,0.765091,-0.112106,0.295199,0.651705,-0.079347,0.290338,0.647234,-0.116828,0.310113,0.703794,-0.116246,0.326973,0.745169,-0.108032
656,21866,True,0.9956,0.9956,0.357478,0.789751,0.0,0.398029,0.783962,-0.030776,0.43368,0.775715,-0.060576,0.45403,0.775652,-0.090026,0.448525,0.76636,-0.119697,0.438278,0.63329,-0.049854,0.458194,0.624963,-0.097528,0.478894,0.655611,-0.129613,0.493559,0.693621,-0.145652,0.392718,0.620903,-0.054924,0.410888,0.625835,-0.105537,0.418243,0.708063,-0.124883,0.418156,0.768394,-0.129794,0.345436,0.630405,-0.06383,0.35512,0.63582,-0.110018,0.363776,0.708158,-0.113789,0.366844,0.754646,-0.106501,0.30154,0.656038,-0.0747,0.30027,0.647497,-0.105303,0.315579,0.695336,-0.103761,0.327514,0.73057,-0.096011
657,21900,True,0.9965,0.9965,0.360623,0.79683,0.0,0.404169,0.79057,-0.026692,0.437802,0.781952,-0.053122,0.459507,0.783454,-0.079813,0.472609,0.776239,-0.106845,0.448537,0.639408,-0.041697,0.470446,0.638835,-0.083626,0.494979,0.666109,-0.113013,0.51773,0.696551,-0.128798,0.404541,0.624537,-0.046974,0.420822,0.641121,-0.092006,0.427285,0.719344,-0.109941,0.429491,0.775543,-0.114878,0.357807,0.63562,-0.055609,0.366049,0.650766,-0.097112,0.376109,0.718392,-0.100873,0.381726,0.763198,-0.094419,0.314478,0.663717,-0.066021,0.309509,0.659106,-0.093895,0.323071,0.701128,-0.092793,0.335186,0.733235,-0.085625
658,21933,True,0.9966,0.9966,0.364741,0.80397,0.0,0.407013,0.797293,-0.02769,0.443503,0.78456,-0.054789,0.470274,0.781767,-0.082135,0.490395,0.774407,-0.110058,0.448314,0.646227,-0.043072,0.477008,0.642588,-0.087024,0.502034,0.668516,-0.117714,0.523668,0.699346,-0.134518,0.408649,0.632323,-0.048598,0.435461,0.643884,-0.09747,0.442694,0.72338,-0.116464,0.443274,0.780255,-0.121272,0.365676,0.641961,-0.057703,0.381032,0.652949,-0.102741,0.39051,0.725024,-0.106419,0.394238,0.772129,-0.098957,0.323911,0.667522,-0.068577,0.323962,0.668097,-0.098848,0.33584,0.711295,-0.098821,0.344438,0.742156,-0.092063
659,21966,True,0.9985,0.9985,0.372744,0.811474,0.0,0.414816,0.806322,-0.023994,0.454394,0.79259,-0.049107,0.484433,0.789476,-0.075325,0.510846,0.787527,-0.102232,0.456023,0.659856,-0.038816,0.490006,0.65125,-0.081585,0.514831,0.679176,-0.111213,0.535061,0.714023,-0.126808,0.416704,0.645845,-0.045488,0.448732,0.65732,-0.092296,0.454161,0.736102,-0.1097,0.452791,0.792418,-0.113248,0.37392,0.654762,-0.055584,0.395155,0.667052,-0.098214,0.4035,0.737387,-0.10052,0.405234,0.783156,-0.092072,0.332077,0.678859,-0.067182,0.338189,0.681086,-0.094029,0.350788,0.723205,-0.091825,0.358172,0.752889,-0.083645
660,22000,True,0.9987,0.9987,0.37571,0.826138,0.0,0.420739,0.818824,-0.023195,0.462893,0.803125,-0.048993,0.494238,0.799511,-0.075875,0.527748,0.802601,-0.10369,0.46387,0.665681,-0.041272,0.495629,0.66088,-0.085009,0.52336,0.689195,-0.115239,0.54725,0.725242,-0.131624,0.423451,0.652016,-0.049509,0.458706,0.672757,-0.099016,0.467334,0.753807,-0.117397,0.466888,0.811983,-0.12107,0.379398,0.662252,-0.060679,0.405692,0.687055,-0.107736,0.416319,0.765306,-0.11027,0.418559,0.815552,-0.100702,0.337126,0.687819,-0.073138,0.350331,0.703676,-0.10489,0.363822,0.754766,-0.103107,0.369691,0.788689,-0.09397
661,22033,True,0.9989,0.9989,0.383076,0.842711,0.0,0.427967,0.83454,-0.023955,0.469915,0.81815,-0.051249,0.500851,0.815369,-0.079676,0.536121,0.820223,-0.108468,0.472921,0.67314,-0.041424,0.51206,0.674418,-0.087668,0.541967,0.707155,-0.119655,0.56676,0.746274,-0.136543,0.432511,0.659573,-0.049782,0.473479,0.690669,-0.100519,0.478847,0.774056,-0.118841,0.47526,0.83146,-0.122059,0.388108,0.671839,-0.061444,0.417854,0.704582,-0.108759,0.427069,0.783345,-0.110585,0.428628,0.832396,-0.100031,0.345957,0.700094,-0.074604,0.360286,0.714965,-0.104992,0.374155,0.763102,-0.102086,0.38107,0.794178,-0.091944
662,22066,True,0.9986,0.9986,0.387388,0.850655,0.0,0.433927,0.841658,-0.024539,0.475879,0.826079,-0.053175,0.506029,0.824311,-0.082499,0.541633,0.832505,-0.112468,0.480846,0.678897,-0.045375,0.51857,0.688096,-0.094415,0.548865,0.721402,-0.128165,0.574975,0.759793,-0.146442,0.439763,0.664715,-0.054068,0.481612,0.701876,-0.108099,0.486883,0.789785,-0.127079,0.483779,0.84993,-0.130433,0.395397,0.678078,-0.065986,0.42446,0.716872,-0.117354,0.433272,0.800432,-0.119744,0.435565,0.852543,-0.10885,0.353798,0.70873,-0.079336,0.369408,0.733105,-0.11477,0.384982,0.787359,-0.114013,0.394148,0.821517,-0.104578
663,22100,True,0.9984,0.9984,0.389762,0.855648,0.0,0.435453,0.847565,-0.022151,0.477902,0.832722,-0.049759,0.508777,0.832454,-0.078663,0.544417,0.841041,-0.108582,0.486057,0.68851,-0.044389,0.528526,0.700808,-0.094481,0.557524,0.734865,-0.128889,0.581897,0.773528,-0.147639,0.444577,0.673736,-0.054904,0.48779,0.709537,-0.109813,0.491282,0.798667,-0.128921,0.487429,0.858803,-0.132399,0.399772,0.687369,-0.068555,0.429409,0.725306,-0.120492,0.435948,0.809119,-0.12267,0.437017,0.860366,-0.111717,0.357263,0.719032,-0.083411,0.372718,0.742861,-0.118965,0.386359,0.795397,-0.117948,0.394197,0.827598,-0.10862
664,22133,True,0.9989,0.9989,0.393403,0.85712,0.0,0.440971,0.851176,-0.023201,0.483549,0.839145,-0.052257,0.515187,0.840047,-0.082405,0.553065,0.851479,-0.114105,0.492581,0.695886,-0.04961,0.532105,0.710587,-0.101564,0.561835,0.741681,-0.137644,0.586868,0.777417,-0.157889,0.45151,0.68021,-0.060367,0.491375,0.717575,-0.116693,0.493628,0.804834,-0.136508,0.488197,0.863819,-0.141011,0.406834,0.693934,-0.074189,0.433026,0.732911,-0.127147,0.439465,0.813524,-0.129913,0.440202,0.862152,-0.119908,0.363789,0.725529,-0.089267,0.375277,0.745027,-0.125985,0.387756,0.79469,-0.125816,0.395985,0.825684,-0.117483
665,22166,True,0.9991,0.9991,0.394383,0.848187,0.0,0.449669,0.848728,-0.015789,0.493205,0.84069,-0.03747,0.523043,0.845415,-0.061946,0.557107,0.857846,-0.088172,0.499219,0.703612,-0.029513,0.538422,0.721146,-0.066562,0.568806,0.748424,-0.093365,0.595914,0.777782,-0.108724,0.462647,0.686504,-0.039546,0.499153,0.725278,-0.079959,0.500633,0.800746,-0.095988,0.495384,0.851917,-0.099597,0.421616,0.694965,-0.051781,0.448195,0.737499,-0.090538,0.451253,0.80873,-0.092423,0.449015,0.851581,-0.083551,0.382301,0.720404,-0.065,0.395414,0.735163,-0.087983,0.403365,0.773993,-0.083697,0.406519,0.800234,-0.074102
666,22200,True,0.9994,0.9994,0.408626,0.853296,0.0,0.460293,0.851957,-0.012267,0.505657,0.841945,-0.031603,0.537702,0.841793,-0.053114,0.570733,0.845574,-0.076764,0.510607,0.712308,-0.032239,0.551313,0.717925,-0.067096,0.580013,0.741781,-0.092461,0.603343,0.770023,-0.107813,0.474382,0.693406,-0.043339,0.51246,0.725963,-0.080813,0.516276,0.793157,-0.095379,0.510762,0.840409,-0.100335,0.434405,0.701425,-0.056091,0.463797,0.736692,-0.089753,0.469578,0.795273,-0.091375,0.466135,0.831363,-0.086603,0.396536,0.728118,-0.069744,0.413085,0.753061,-0.092477,0.418893,0.792746,-0.090897,0.417327,0.817953,-0.085364
667,22233,True,0.9995,0.9995,0.421035,0.834948,0.0,0.474045,0.834383,-0.006519,0.523743,0.821685,-0.021275,0.560062,0.821743,-0.039655,0.592178,0.821712,-0.060582,0.520302,0.692721,-0.021286,0.560244,0.686889,-0.048438,0.590427,0.692971,-0.067472,0.61465,0.703387,-0.079491,0.486786,0.67783,-0.033853,0.534517,0.700629,-0.068458,0.544281,0.762556,-0.081528,0.54218,0.809932,-0.084805,0.451147,0.688128,-0.04755,0.488844,0.721784,-0.080085,0.49571,0.778509,-0.081732,0.493299,0.815866,-0.076336,0.417012,0.716739,-0.061329,0.444608,0.741537,-0.082214,0.455121,0.780126,-0.079908,0.456987,0.807192,-0.07389
668,22266,True,0.9983,0.9983,0.445592,0.808938,0.0,0.493519,0.810422,-0.013283,0.542589,0.795335,-0.029256,0.577388,0.788106,-0.047816,0.609002,0.779761,-0.06865,0.546475,0.683873,-0.025398,0.580088,0.660558,-0.054156,0.605906,0.655484,-0.0744,0.62609,0.655738,-0.085676,0.514437,0.666277,-0.03411,0.552265,0.650044,-0.0708,0.571425,0.700684,-0.087432,0.577073,0.74686,-0.091661,0.48093,0.665438,-0.044154,0.515162,0.65878,-0.077516,0.532175,0.713323,-0.079268,0.536489,0.758777,-0.071825,0.447142,0.679266,-0.05493,0.478284,0.654148,-0.07517,0.499592,0.675101,-0.071677,0.509716,0.700162,-0.063727
669,22300,True,0.9986,0.9986,0.471256,0.783684,0.0,0.515705,0.781005,-0.012577,0.568694,0.750214,-0.024952,0.605011,0.728503,-0.039359,0.637187,0.714716,-0.055346,0.561758,0.642937,-0.014482,0.583072,0.611591,-0.040178,0.612365,0.59691,-0.059991,0.638234,0.59139,-0.072015,0.532299,0.627448,-0.022515,0.571931,0.60683,-0.056865,0.58823,0.664294,-0.07119,0.587772,0.713549,-0.073559,0.499574,0.628364,-0.032393,0.537606,0.625583,-0.067011,0.544034,0.689661,-0.063497,0.535402,0.731638,-0.052133,0.462882,0.642053,-0.042875,0.496363,0.641706,-0.066106,0.504539,0.690297,-0.058552,0.496798,0.724271,-0.046859
670,22333,True,0.9983,0.9983,0.488704,0.751307,0.0,0.533281,0.743761,-0.010494,0.584724,0.710328,-0.020114,0.617309,0.685292,-0.031432,0.644565,0.665914,-0.043984,0.584032,0.612305,-0.00889,0.607226,0.572256,-0.028501,0.631054,0.547107,-0.04451,0.650963,0.526717,-0.055176,0.554035,0.598739,-0.015605,0.593227,0.566306,-0.042774,0.605786,0.617745,-0.055245,0.603255,0.658321,-0.05805,0.520324,0.600365,-0.023805,0.549964,0.570852,-0.050065,0.563159,0.623098,-0.047183,0.560516,0.659762,-0.039147,0.481867,0.614058,-0.032643,0.507912,0.594973,-0.050766,0.519002,0.634829,-0.04433,0.514546,0.664335,-0.035452
671,22366,True,0.9988,0.9988,0.509795,0.723009,0.0,0.552094,0.715254,-0.013099,0.604382,0.670456,-0.020909,0.636179,0.63247,-0.029533,0.66208,0.606086,-0.039046,0.60258,0.565625,-0.00886,0.622782,0.521348,-0.026797,0.646414,0.491894,-0.041168,0.666419,0.466334,-0.05128,0.57064,0.549765,-0.013645,0.608041,0.508716,-0.039121,0.620046,0.563018,-0.049666,0.616241,0.603946,-0.051315,0.535952,0.551798,-0.020208,0.566,0.511221,-0.047962,0.579818,0.567114,-0.046282,0.576585,0.605504,-0.038587,0.496334,0.568111,-0.027399,0.523416,0.541461,-0.049031,0.537185,0.583064,-0.045676,0.534671,0.614858,-0.038613
672,22400,True,0.9971,0.9971,0.522917,0.689753,0.0,0.563753,0.681407,-0.014053,0.614498,0.634506,-0.022822,0.648448,0.596968,-0.03257,0.674444,0.566904,-0.042873,0.616723,0.531186,-0.010881,0.645778,0.470154,-0.029196,0.673536,0.433908,-0.042802,0.692855,0.400376,-0.05216,0.586184,0.51761,-0.016028,0.62804,0.46584,-0.044324,0.640528,0.522245,-0.054757,0.633009,0.56526,-0.054972,0.552299,0.519365,-0.022767,0.583509,0.475418,-0.051479,0.599377,0.531184,-0.047689,0.595964,0.570365,-0.037579,0.512348,0.532671,-0.03022,0.540077,0.496458,-0.050748,0.556426,0.538646,-0.043646,0.554214,0.572843,-0.033308
673,22433,True,0.9978,0.9978,0.538054,0.662281,0.0,0.57732,0.658052,-0.016308,0.625854,0.610619,-0.027373,0.658573,0.571841,-0.039814,0.6842,0.536915,-0.052932,0.632447,0.49432,-0.016448,0.667118,0.421622,-0.038016,0.696405,0.377746,-0.053543,0.715164,0.335976,-0.064586,0.601415,0.482477,-0.022469,0.641847,0.432059,-0.05609,0.655564,0.498848,-0.067147,0.64774,0.546455,-0.0672,0.56621,0.487746,-0.030104,0.59964,0.440176,-0.064018,0.614458,0.509064,-0.057248,0.60837,0.554829,-0.044049,0.524462,0.504353,-0.038803,0.5542,0.46777,-0.063904,0.571824,0.515407,-0.055811,0.569401,0.552605,-0.043732
674,22466,True,0.9965,0.9965,0.542153,0.652558,0.0,0.583217,0.649631,-0.022276,0.630665,0.604049,-0.03864,0.664527,0.566722,-0.056062,0.690517,0.529726,-0.073563,0.644655,0.481965,-0.029753,0.687198,0.392388,-0.057082,0.716643,0.339744,-0.073852,0.735114,0.291128,-0.085215,0.610857,0.470909,-0.036123,0.651357,0.415615,-0.08085,0.661127,0.493724,-0.09303,0.652678,0.548523,-0.09102,0.573132,0.477388,-0.044221,0.607862,0.430772,-0.086656,0.621164,0.509171,-0.078015,0.615409,0.560275,-0.060791,0.529336,0.495744,-0.05388,0.559504,0.454762,-0.083904,0.579234,0.505009,-0.074788,0.57958,0.545615,-0.060199
675,22500,True,0.9935,0.9935,0.54234,0.672732,0.0,0.58843,0.667382,-0.022561,0.637031,0.626106,-0.038989,0.67236,0.589966,-0.056015,0.687888,0.548563,-0.072886,0.653842,0.495181,-0.029598,0.695327,0.411275,-0.056183,0.721241,0.361431,-0.073222,0.737674,0.314498,-0.085432,0.618794,0.484219,-0.035924,0.658266,0.439536,-0.079264,0.663989,0.519683,-0.091003,0.65441,0.576125,-0.089822,0.578988,0.489323,-0.044311,0.612301,0.455037,-0.08533,0.622796,0.530583,-0.07748,0.61674,0.580096,-0.062497,0.535379,0.505181,-0.054476,0.565115,0.478363,-0.083801,0.577796,0.533067,-0.075578,0.573352,0.572922,-0.062812
676,22533,True,0.9405,0.9405,0.559159,0.683185,-0.0,0.527354,0.667454,-0.041896,0.491304,0.643206,-0.081144,0.471604,0.665642,-0.117453,0.454277,0.699162,-0.152653,0.539855,0.504634,-0.072192,0.559354,0.552427,-0.112516,0.557268,0.621462,-0.134631,0.547374,0.666431,-0.145287,0.592969,0.503549,-0.071175,0.630398,0.533609,-0.108902,0.625276,0.607923,-0.1181,0.611573,0.65676,-0.119259,0.633318,0.516796,-0.073254,0.664876,0.557078,-0.109057,0.648534,0.627894,-0.108631,0.628449,0.667759,-0.100885,0.663806,0.543333,-0.078598,0.689444,0.573183,-0.09718,0.676977,0.622213,-0.091525,0.661636,0.646079,-0.08372
677,22566,True,0.9846,0.9846,0.578484,0.535235,-0.0,0.52751,0.571346,-0.034563,0.492811,0.614015,-0.068602,0.495414,0.677434,-0.098867,0.510537,0.715183,-0.130218,0.522962,0.558194,-0.08084,0.52084,0.668487,-0.118823,0.526792,0.699603,-0.141856,0.538588,0.685343,-0.157786,0.576274,0.564339,-0.082586,0.573109,0.681284,-0.115504,0.570455,0.722519,-0.121401,0.579575,0.714957,-0.126584,0.621461,0.578619,-0.085185,0.616204,0.68648,-0.119574,0.60913,0.720873,-0.113684,0.611831,0.710098,-0.106932,0.659064,0.59618,-0.090659,0.655574,0.682307,-0.111645,0.644928,0.71154,-0.104072,0.642494,0.706922,-0.097601
678,22600,True,0.9777,0.9777,0.506965,0.678743,0.0,0.5796,0.736035,-0.009734,0.640758,0.77601,-0.034223,0.683215,0.804877,-0.059574,0.719564,0.830603,-0.086287,0.670685,0.678405,-0.072297,0.708813,0.721302,-0.117702,0.730991,0.783655,-0.147651,0.747652,0.835526,-0.16801,0.633009,0.648798,-0.091492,0.660457,0.688206,-0.138022,0.648093,0.761236,-0.151671,0.638655,0.801728,-0.160665,0.582117,0.633245,-0.11008,0.603682,0.671164,-0.1563,0.596232,0.738438,-0.157065,0.592998,0.76996,-0.154115,0.527836,0.629387,-0.12819,0.540095,0.668242,-0.161478,0.54249,0.714191,-0.162334,0.546591,0.733211,-0.161367
679,22633,True,0.9988,0.9988,0.624864,0.687884,1e-06,0.572582,0.693813,-0.029607,0.529988,0.707091,-0.062746,0.520341,0.734354,-0.089383,0.541735,0.737373,-0.117149,0.555023,0.621205,-0.1101,0.561301,0.662935,-0.146755,0.564755,0.708109,-0.163939,0.567068,0.745219,-0.173391,0.605667,0.612004,-0.10701,0.611724,0.686329,-0.140565,0.609147,0.739191,-0.144297,0.602588,0.765931,-0.148589,0.650334,0.627803,-0.101096,0.65041,0.71759,-0.128733,0.639089,0.769406,-0.128379,0.625874,0.793217,-0.128425,0.683295,0.654914,-0.096227,0.679189,0.726011,-0.115297,0.663803,0.770382,-0.117402,0.647071,0.797057,-0.120077
680,22666,True,0.9975,0.9975,0.542188,0.748798,0.0,0.593831,0.758884,-0.021734,0.640251,0.750476,-0.045136,0.676446,0.750222,-0.068912,0.712868,0.751474,-0.093004,0.664221,0.635114,-0.049085,0.702345,0.641309,-0.091074,0.703258,0.682926,-0.118651,0.696502,0.708079,-0.135644,0.631489,0.608682,-0.060574,0.666874,0.625258,-0.109976,0.66076,0.707854,-0.131176,0.646245,0.760058,-0.139849,0.589729,0.605646,-0.074332,0.614969,0.617564,-0.12099,0.615595,0.692406,-0.129319,0.609066,0.736562,-0.128827,0.543274,0.618423,-0.088953,0.547614,0.651036,-0.125804,0.551198,0.701809,-0.133276,0.550616,0.730802,-0.13407
681,22700,True,0.9901,0.9901,0.568806,0.75342,-0.0,0.610541,0.744961,-0.024181,0.650874,0.724459,-0.047341,0.684434,0.70846,-0.071752,0.715199,0.693424,-0.095187,0.67737,0.594161,-0.029448,0.710587,0.560979,-0.062789,0.73235,0.544156,-0.086079,0.749364,0.531236,-0.101416,0.638086,0.565572,-0.032574,0.664643,0.611543,-0.070205,0.651006,0.680559,-0.081509,0.636805,0.712136,-0.08354,0.595626,0.568707,-0.039409,0.614803,0.624513,-0.072453,0.607349,0.677547,-0.068934,0.596519,0.693131,-0.060227,0.549907,0.588886,-0.048913,0.560727,0.643379,-0.0687,0.558643,0.685952,-0.063804,0.550834,0.696145,-0.055176
682,22733,True,0.9968,0.9968,0.558724,0.716027,0.0,0.600287,0.724049,-0.024009,0.652786,0.692311,-0.041641,0.691357,0.668127,-0.059365,0.721053,0.649224,-0.077074,0.674753,0.57987,-0.029169,0.723664,0.520573,-0.059159,0.758871,0.485623,-0.077188,0.785187,0.452226,-0.088888,0.640477,0.56076,-0.035064,0.691982,0.529599,-0.085765,0.690917,0.613941,-0.098862,0.677882,0.670427,-0.095055,0.601226,0.558839,-0.043434,0.636819,0.540119,-0.09196,0.642676,0.618529,-0.08612,0.636907,0.66748,-0.068475,0.556183,0.569943,-0.053149,0.586273,0.555181,-0.087282,0.600592,0.61085,-0.081048,0.601061,0.648725,-0.067316
683,22766,True,0.9972,0.9972,0.561402,0.700023,0.0,0.603134,0.70401,-0.024002,0.651631,0.672918,-0.042318,0.686498,0.648036,-0.061085,0.713958,0.62717,-0.079839,0.681156,0.543608,-0.032023,0.73411,0.480324,-0.060936,0.768162,0.437143,-0.079137,0.792958,0.396823,-0.091771,0.642763,0.520247,-0.038908,0.686526,0.494467,-0.086442,0.686098,0.572183,-0.099685,0.675445,0.627973,-0.09835,0.600189,0.516098,-0.048074,0.636038,0.511928,-0.092508,0.641138,0.586783,-0.08834,0.634287,0.634191,-0.074808,0.553261,0.527845,-0.059066,0.583857,0.531657,-0.090255,0.59562,0.589272,-0.085561,0.595571,0.626927,-0.074597
684,22800,True,0.9909,0.9909,0.553103,0.698307,0.0,0.595251,0.697492,-0.027036,0.639272,0.663598,-0.048524,0.669661,0.638843,-0.070149,0.699583,0.615907,-0.091259,0.670724,0.527912,-0.033782,0.723974,0.456439,-0.061512,0.757939,0.413418,-0.079375,0.782119,0.370948,-0.092092,0.63141,0.510759,-0.038551,0.667681,0.479055,-0.081448,0.665192,0.554957,-0.092507,0.652804,0.602477,-0.091668,0.588868,0.509449,-0.045923,0.622571,0.495094,-0.087135,0.624716,0.569848,-0.078624,0.613769,0.609792,-0.063433,0.543816,0.522087,-0.055401,0.580066,0.504101,-0.083505,0.589832,0.562024,-0.073663,0.583412,0.597492,-0.059803
685,22833,True,0.9869,0.9869,0.531069,0.707751,0.0,0.579262,0.701507,-0.026242,0.622779,0.66465,-0.045044,0.650443,0.636334,-0.06432,0.675236,0.608271,-0.083204,0.649693,0.531106,-0.028754,0.693288,0.462266,-0.05754,0.721752,0.41885,-0.076588,0.742014,0.375439,-0.090394,0.605492,0.515524,-0.033453,0.633067,0.484987,-0.077732,0.624578,0.566359,-0.088968,0.614305,0.609376,-0.087639,0.560466,0.518929,-0.04108,0.578619,0.500069,-0.082506,0.5768,0.57628,-0.071694,0.570712,0.608769,-0.05504,0.516136,0.536008,-0.050977,0.532674,0.516906,-0.076671,0.537136,0.574255,-0.063994,0.53506,0.60048,-0.048736
686,22866,True,0.9855,0.9855,0.5083,0.708395,0.0,0.555023,0.705735,-0.029623,0.602901,0.683478,-0.052522,0.597736,0.669546,-0.075184,0.572921,0.652675,-0.098578,0.626795,0.54409,-0.035257,0.665528,0.479897,-0.061681,0.688664,0.441433,-0.07857,0.70665,0.404148,-0.090714,0.578488,0.52398,-0.03903,0.59428,0.490938,-0.079561,0.58858,0.567119,-0.091422,0.581016,0.613741,-0.091414,0.531141,0.523116,-0.045378,0.543814,0.50972,-0.084366,0.544452,0.584981,-0.078632,0.538915,0.621334,-0.065904,0.484154,0.536852,-0.053912,0.500798,0.522206,-0.078165,0.507191,0.580188,-0.067626,0.506389,0.610647,-0.054296
687,22900,True,0.9953,0.9953,0.508472,0.731861,-0.0,0.569094,0.716736,-0.025978,0.610207,0.683899,-0.048359,0.59928,0.663349,-0.071733,0.564755,0.657972,-0.093928,0.615174,0.531889,-0.026532,0.621498,0.533666,-0.06759,0.613349,0.598581,-0.0968,0.602704,0.65208,-0.110535,0.560523,0.518634,-0.03239,0.563467,0.520037,-0.072344,0.563746,0.60402,-0.087521,0.560409,0.667756,-0.089522,0.506771,0.526667,-0.042744,0.508947,0.53311,-0.078034,0.517192,0.614212,-0.076322,0.519229,0.669656,-0.065524,0.458802,0.552131,-0.055524,0.462815,0.551122,-0.072898,0.473108,0.60796,-0.062312,0.478115,0.646792,-0.048666
688,22933,True,0.9981,0.9981,0.524514,0.715777,-0.0,0.581613,0.714769,-0.041171,0.623217,0.70183,-0.072174,0.620513,0.689018,-0.097196,0.58855,0.677656,-0.117998,0.611937,0.525478,-0.063184,0.59687,0.628952,-0.109644,0.591969,0.680925,-0.137749,0.593187,0.687833,-0.153197,0.553167,0.519978,-0.060307,0.546421,0.671835,-0.097946,0.553056,0.70416,-0.106542,0.560035,0.68399,-0.110419,0.497179,0.540799,-0.062109,0.500494,0.680756,-0.092867,0.512277,0.693938,-0.08593,0.520419,0.65773,-0.078324,0.449494,0.573913,-0.068779,0.459197,0.676536,-0.090294,0.470454,0.696047,-0.086101,0.476233,0.670522,-0.078574
689,22966,True,0.9816,0.9816,0.542469,0.569724,-0.0,0.590593,0.604722,-0.020574,0.62052,0.655698,-0.052466,0.637396,0.702787,-0.084256,0.661111,0.743113,-0.117913,0.615608,0.60088,-0.080848,0.619885,0.683457,-0.120554,0.618586,0.700983,-0.145086,0.61794,0.705792,-0.160344,0.563946,0.587506,-0.08835,0.567311,0.743323,-0.12051,0.565452,0.764164,-0.122833,0.566577,0.750352,-0.127721,0.51441,0.588127,-0.095088,0.51941,0.7324,-0.117636,0.51845,0.737375,-0.105498,0.52076,0.710766,-0.099899,0.468043,0.593762,-0.105148,0.473119,0.701141,-0.116591,0.473431,0.717496,-0.104288,0.473449,0.704696,-0.096949
690,23000,True,0.8826,0.8826,0.557304,0.63339,-0.0,0.557473,0.658456,-0.060118,0.590953,0.710541,-0.098745,0.638236,0.76061,-0.125049,0.686533,0.798381,-0.152044,0.533701,0.720463,-0.133854,0.496033,0.753267,-0.191021,0.506491,0.773175,-0.226707,0.529206,0.786416,-0.251334,0.561197,0.722083,-0.123239,0.561542,0.783622,-0.170911,0.57556,0.806207,-0.189275,0.584032,0.813373,-0.208533,0.595415,0.711271,-0.115297,0.619187,0.75924,-0.161995,0.636323,0.789679,-0.18227,0.645151,0.804445,-0.19933,0.627372,0.684475,-0.110031,0.663861,0.717987,-0.150402,0.700725,0.747572,-0.174763,0.730013,0.764536,-0.197103
691,23033,True,0.8473,0.8473,0.580203,0.752997,0.0,0.535107,0.77809,-0.036329,0.514929,0.784081,-0.076205,0.538131,0.816221,-0.107313,0.587105,0.828634,-0.139218,0.525448,0.682734,-0.130656,0.511415,0.639649,-0.185917,0.508905,0.61834,-0.217256,0.50849,0.602312,-0.233523,0.576548,0.675204,-0.12833,0.590695,0.681171,-0.167784,0.600197,0.731544,-0.186616,0.600963,0.768867,-0.207811,0.625338,0.691984,-0.123563,0.652844,0.721835,-0.162152,0.660004,0.77916,-0.179898,0.656711,0.821164,-0.195976,0.660813,0.718895,-0.118983,0.69544,0.744702,-0.144862,0.716275,0.77371,-0.154062,0.73069,0.789827,-0.165645
692,23066,True,0.9856,0.9856,0.498184,0.793253,0.0,0.577133,0.846335,-0.014031,0.643301,0.854978,-0.03861,0.690063,0.857061,-0.065605,0.727641,0.855422,-0.093587,0.687712,0.756856,-0.066347,0.75814,0.764789,-0.113914,0.806748,0.785555,-0.146812,0.848636,0.796457,-0.17115,0.655687,0.729287,-0.086785,0.699947,0.744444,-0.147129,0.68438,0.816558,-0.169711,0.664821,0.860218,-0.180685,0.610464,0.718716,-0.107591,0.650715,0.736018,-0.161937,0.640327,0.807226,-0.166273,0.626346,0.84759,-0.162682,0.562948,0.718956,-0.129323,0.587959,0.744188,-0.170183,0.592043,0.795258,-0.177058,0.590676,0.828119,-0.177942
693,23100,True,0.9998,0.9998,0.544309,0.834585,-0.0,0.583167,0.843614,-0.014106,0.624281,0.836271,-0.028637,0.655544,0.831933,-0.044493,0.678196,0.831198,-0.058829,0.65431,0.717671,-0.009282,0.69215,0.733303,-0.036876,0.697489,0.786331,-0.057074,0.693587,0.828592,-0.066851,0.628503,0.699938,-0.014724,0.667782,0.728928,-0.038253,0.66889,0.790604,-0.047937,0.661927,0.828413,-0.050082,0.594847,0.701422,-0.023601,0.632341,0.72357,-0.048139,0.636643,0.782457,-0.047742,0.632556,0.82063,-0.040956,0.56008,0.71903,-0.033758,0.586783,0.742034,-0.050724,0.59481,0.785774,-0.047712,0.594434,0.81702,-0.040121
694,23133,True,0.9998,0.9998,0.549283,0.827494,0.0,0.589795,0.836987,-0.018015,0.638696,0.822674,-0.036922,0.674847,0.81517,-0.05651,0.704496,0.809576,-0.07869,0.658586,0.713603,-0.035702,0.711051,0.711223,-0.071462,0.757515,0.714254,-0.099247,0.794898,0.717807,-0.117679,0.626112,0.690279,-0.045517,0.667265,0.705176,-0.089435,0.670196,0.770495,-0.106898,0.663015,0.812244,-0.113,0.587749,0.690446,-0.057387,0.619133,0.700546,-0.096791,0.625811,0.763367,-0.09676,0.6229,0.801469,-0.090462,0.546819,0.708658,-0.070514,0.568141,0.711782,-0.099945,0.573662,0.751662,-0.09893,0.571646,0.777298,-0.093323
695,23166,True,0.994,0.994,0.516933,0.805944,0.0,0.552678,0.815976,-0.0259,0.60443,0.795328,-0.04542,0.64354,0.782162,-0.062082,0.672426,0.772943,-0.078985,0.598016,0.666649,-0.049391,0.657193,0.669883,-0.081932,0.701697,0.67841,-0.104523,0.739939,0.684255,-0.120176,0.575824,0.652515,-0.053234,0.625968,0.68563,-0.091253,0.62578,0.747581,-0.102616,0.619601,0.780132,-0.106885,0.554164,0.663526,-0.059021,0.602166,0.700267,-0.09334,0.604249,0.749907,-0.0894,0.59816,0.771816,-0.082877,0.531937,0.691051,-0.066857,0.575427,0.72374,-0.090575,0.579909,0.760423,-0.086883,0.575206,0.777792,-0.081209
696,23200,False,0.0,0.0,0.0,0.0,0.0,0.0,0.0,0.0,0.0,0.0,0.0,0.0,0.0,0.0,0.0,0.0,0.0,0.0,0.0,0.0,0.0,0.0,0.0,0.0,0.0,0.0,0.0,0.0,0.0,0.0,0.0,0.0,0.0,0.0,0.0,0.0,0.0,0.0,0.0,0.0,0.0,0.0,0.0,0.0,0.0,0.0,0.0,0.0,0.0,0.0,0.0,0.0,0.0,0.0,0.0,0.0,0.0,0.0,0.0,0.0,0.0,0.0,0.0,0.0,0.0
697,23233,True,0.9878,0.9878,0.504935,0.717939,0.0,0.553272,0.741394,-0.021687,0.571027,0.761437,-0.05399,0.562239,0.784683,-0.088891,0.545843,0.793401,-0.127024,0.556162,0.616817,-0.057721,0.568438,0.635758,-0.102793,0.588122,0.671564,-0.138878,0.603608,0.695882,-0.16262,0.510883,0.613229,-0.072041,0.51414,0.652751,-0.115736,0.534234,0.719314,-0.135369,0.548263,0.755827,-0.147095,0.469132,0.631376,-0.08767,0.47066,0.666398,-0.127306,0.492191,0.728362,-0.127664,0.507245,0.76005,-0.124206,0.437997,0.663454,-0.105061,0.435444,0.707885,-0.129858,0.453395,0.751535,-0.122392,0.466456,0.774663,-0.11476
698,23266,True,0.9994,0.9994,0.45797,0.786271,0.0,0.492426,0.778908,-0.025149,0.528066,0.753053,-0.045626,0.552435,0.73353,-0.066443,0.56918,0.713356,-0.087578,0.522675,0.635186,-0.030599,0.541585,0.608813,-0.06791,0.566423,0.620938,-0.095634,0.588846,0.644911,-0.11107,0.483422,0.625676,-0.036004,0.513669,0.609812,-0.074066,0.544864,0.653077,-0.092302,0.562297,0.689311,-0.099185,0.442253,0.641582,-0.045161,0.463544,0.635786,-0.083305,0.481635,0.702316,-0.085073,0.487431,0.745441,-0.078379,0.405154,0.676367,-0.056169,0.4172,0.685628,-0.083948,0.435209,0.728877,-0.082652,0.44423,0.757575,-0.075727
699,23300,True,0.9996,0.9996,0.468018,0.78902,0.0,0.502613,0.782771,-0.033363,0.538978,0.752301,-0.057523,0.560814,0.721616,-0.079222,0.563332,0.683451,-0.101377,0.530199,0.62227,-0.043999,0.543081,0.593376,-0.079024,0.558463,0.567933,-0.101286,0.570317,0.551624,-0.114802,0.482549,0.612114,-0.045786,0.492169,0.59877,-0.090993,0.50657,0.67604,-0.103389,0.515316,0.725507,-0.103317,0.435099,0.629513,-0.051354,0.442686,0.618671,-0.096712,0.460622,0.692865,-0.094078,0.470898,0.739819,-0.08261,0.394108,0.668167,-0.05899,0.38893,0.655777,-0.093391,0.40121,0.691253,-0.093638,0.408711,0.715215,-0.086909
700,23333,True,0.9982,0.9982,0.460975,0.79443,0.0,0.4996,0.787355,-0.033029,0.539786,0.751086,-0.05655,0.565323,0.719562,-0.077867,0.571191,0.685886,-0.09899,0.53236,0.624182,-0.038598,0.545594,0.575333,-0.069616,0.559235,0.543038,-0.09045,0.569601,0.512589,-0.104272,0.488702,0.6178,-0.039273,0.502783,0.583602,-0.084216,0.516404,0.659173,-0.096898,0.520005,0.708795,-0.096599,0.444702,0.62939,-0.043386,0.454156,0.597666,-0.085396,0.472478,0.665497,-0.079922,0.476581,0.710378,-0.067182,0.402109,0.655855,-0.049875,0.409716,0.634101,-0.0805,0.428368,0.682348,-0.076153,0.433718,0.715149,-0.066583
701,23366,True,0.9977,0.9977,0.464815,0.779395,0.0,0.505497,0.779756,-0.036542,0.546867,0.75285,-0.063743,0.57715,0.731929,-0.08921,0.591165,0.703832,-0.114165,0.544049,0.615255,-0.04245,0.559705,0.557114,-0.081256,0.588072,0.548349,-0.109213,0.61456,0.549716,-0.125923,0.50173,0.608089,-0.04322,0.523027,0.572757,-0.093447,0.536588,0.647462,-0.111716,0.538356,0.699108,-0.114266,0.460807,0.618302,-0.048146,0.473526,0.595524,-0.09162,0.488642,0.663154,-0.088563,0.49028,0.705698,-0.076596,0.421402,0.6432,-0.05615,0.431069,0.633789,-0.084621,0.447212,0.68147,-0.079297,0.450721,0.71048,-0.068786
702,23400,True,0.9955,0.9955,0.494342,0.747098,-0.0,0.548156,0.750452,-0.028461,0.572843,0.759081,-0.066035,0.570915,0.775092,-0.104598,0.54935,0.778104,-0.1436,0.570645,0.601153,-0.063109,0.585756,0.644621,-0.122385,0.589864,0.719204,-0.163382,0.586927,0.754837,-0.187746,0.528836,0.593663,-0.076444,0.549286,0.637062,-0.132452,0.561989,0.721312,-0.151446,0.566277,0.75731,-0.159913,0.483246,0.609971,-0.093695,0.495928,0.639609,-0.143845,0.508999,0.717189,-0.140624,0.514195,0.744517,-0.132257,0.44296,0.643259,-0.113259,0.447831,0.677751,-0.144704,0.460438,0.728797,-0.137816,0.467625,0.745712,-0.128827
703,23433,True,0.9993,0.9993,0.481802,0.79619,-0.0,0.529301,0.790154,-0.024971,0.568367,0.780558,-0.054231,0.595452,0.779263,-0.084386,0.623215,0.775678,-0.114764,0.583867,0.651577,-0.052954,0.611653,0.688011,-0.105932,0.604443,0.75593,-0.139493,0.593055,0.80585,-0.157151,0.539518,0.644634,-0.064682,0.573758,0.674321,-0.117187,0.575125,0.751732,-0.135599,0.568507,0.802033,-0.141326,0.490869,0.662598,-0.08043,0.513108,0.678362,-0.127168,0.519013,0.743308,-0.132587,0.518941,0.780678,-0.128609,0.446483,0.69899,-0.0974,0.448686,0.712198,-0.128271,0.451755,0.740035,-0.130998,0.45181,0.752644,-0.128251
704,23466,True,0.9979,0.9979,0.467628,0.810821,-0.0,0.520853,0.807528,-0.02115,0.566381,0.793696,-0.045545,0.601558,0.785187,-0.070657,0.637172,0.784418,-0.096559,0.567955,0.667338,-0.046169,0.599127,0.693505,-0.093149,0.594348,0.757479,-0.121078,0.581549,0.807157,-0.1345,0.529948,0.656696,-0.05554,0.565499,0.682731,-0.102915,0.561185,0.758139,-0.11918,0.549433,0.812056,-0.123216,0.487037,0.666086,-0.068626,0.509653,0.68444,-0.115645,0.510444,0.752748,-0.12482,0.506926,0.797429,-0.12231,0.446086,0.691826,-0.082177,0.450757,0.704411,-0.118994,0.456896,0.750281,-0.127996,0.461898,0.783004,-0.128124
705,23500,True,0.9992,0.9992,0.476452,0.815514,-0.0,0.523839,0.799506,-0.024925,0.563861,0.777469,-0.049928,0.588303,0.762002,-0.074312,0.605755,0.753572,-0.097702,0.565625,0.654342,-0.048117,0.586602,0.681288,-0.094692,0.585401,0.755705,-0.120699,0.578274,0.805805,-0.133056,0.521562,0.64423,-0.056252,0.544372,0.668436,-0.104326,0.546706,0.754774,-0.118219,0.542801,0.807877,-0.120586,0.474828,0.657547,-0.068166,0.486766,0.675307,-0.114873,0.49297,0.750853,-0.11737,0.494058,0.79334,-0.110796,0.431367,0.688005,-0.081213,0.431573,0.711622,-0.114894,0.44089,0.762203,-0.117485,0.447603,0.790967,-0.113417
706,23533,True,0.9989,0.9989,0.485911,0.799757,0.0,0.526418,0.790101,-0.033191,0.561059,0.761532,-0.059375,0.571486,0.74057,-0.083203,0.553914,0.717961,-0.104953,0.546176,0.623323,-0.043583,0.554358,0.626237,-0.085556,0.558077,0.695607,-0.110147,0.55453,0.740482,-0.122008,0.502702,0.613675,-0.046181,0.514447,0.614318,-0.087922,0.526909,0.697325,-0.100372,0.530042,0.745197,-0.102259,0.456938,0.627646,-0.05356,0.466066,0.630502,-0.095801,0.482781,0.710112,-0.094852,0.489176,0.753243,-0.086313,0.416192,0.662081,-0.063129,0.421483,0.684022,-0.095117,0.439497,0.738838,-0.095315,0.450443,0.768018,-0.089306
707,23566,True,0.9989,0.9989,0.457626,0.786905,0.0,0.491537,0.783934,-0.035184,0.531897,0.745069,-0.057317,0.557279,0.709362,-0.076771,0.565032,0.67538,-0.095125,0.539305,0.630234,-0.036851,0.556947,0.58739,-0.07415,0.574555,0.567367,-0.098646,0.587093,0.55698,-0.112345,0.495661,0.613467,-0.035809,0.5138,0.57957,-0.081203,0.522376,0.64753,-0.093427,0.523775,0.69066,-0.092011,0.449329,0.617097,-0.039459,0.463145,0.599992,-0.084842,0.473183,0.675968,-0.078244,0.474158,0.71934,-0.062471,0.403855,0.63898,-0.045564,0.416389,0.641868,-0.077152,0.431518,0.694328,-0.071292,0.437284,0.722326,-0.059276
708,23600,True,0.9995,0.9995,0.451927,0.772416,0.0,0.485213,0.774353,-0.040209,0.525612,0.742785,-0.067147,0.550668,0.712035,-0.09115,0.558441,0.67535,-0.115735,0.53886,0.616105,-0.052925,0.559903,0.56793,-0.093085,0.583455,0.534758,-0.118994,0.601722,0.505704,-0.135056,0.489595,0.600541,-0.054765,0.506228,0.549782,-0.11023,0.513226,0.632215,-0.127833,0.511867,0.690977,-0.128186,0.43988,0.609517,-0.060168,0.445923,0.56945,-0.114367,0.458333,0.652316,-0.111723,0.460427,0.706821,-0.096606,0.391789,0.63711,-0.06794,0.387285,0.597506,-0.106785,0.403993,0.649372,-0.102795,0.41301,0.691728,-0.090886
709,23633,True,0.9989,0.9989,0.451269,0.773448,0.0,0.485981,0.767399,-0.032646,0.52674,0.732409,-0.056174,0.55382,0.700643,-0.078336,0.563626,0.661331,-0.10039,0.536357,0.608027,-0.042441,0.555837,0.559188,-0.081838,0.570325,0.544643,-0.106599,0.577786,0.538843,-0.12042,0.487858,0.596087,-0.046195,0.49913,0.555958,-0.097308,0.510394,0.64089,-0.112806,0.511342,0.693757,-0.113136,0.437934,0.60761,-0.053762,0.442532,0.570569,-0.104398,0.4572,0.654912,-0.100909,0.459546,0.705034,-0.086939,0.389399,0.637273,-0.063099,0.386841,0.611909,-0.099892,0.404315,0.665553,-0.096158,0.411863,0.70136,-0.085327
710,23666,True,0.9942,0.9942,0.443725,0.783695,-0.0,0.490033,0.772034,-0.03232,0.532735,0.748099,-0.05946,0.552584,0.729322,-0.085813,0.551021,0.703264,-0.109845,0.542722,0.592965,-0.0428,0.55095,0.602538,-0.095055,0.548791,0.677447,-0.127586,0.542373,0.730573,-0.141583,0.48894,0.579945,-0.046411,0.491724,0.605512,-0.09792,0.494472,0.701277,-0.113832,0.491706,0.757219,-0.114795,0.434514,0.595217,-0.055558,0.435737,0.60726,-0.103935,0.443079,0.694992,-0.101872,0.44437,0.745326,-0.089214,0.38754,0.631,-0.066826,0.38181,0.636913,-0.100705,0.390701,0.691436,-0.097534,0.395944,0.721898,-0.086255
711,23700,True,0.9983,0.9983,0.447035,0.768089,-0.0,0.497209,0.760278,-0.028228,0.539203,0.756629,-0.057833,0.556996,0.771563,-0.087473,0.536232,0.784062,-0.118388,0.535263,0.626438,-0.058221,0.540166,0.656633,-0.106134,0.5359,0.709,-0.136844,0.525577,0.758741,-0.15216,0.481992,0.611843,-0.064776,0.480611,0.652889,-0.112909,0.481744,0.734136,-0.12879,0.478398,0.797815,-0.133203,0.427391,0.62542,-0.074361,0.422869,0.653176,-0.117452,0.429015,0.725179,-0.119566,0.433728,0.776302,-0.113023,0.380634,0.657091,-0.08589,0.369003,0.674782,-0.115731,0.378527,0.719911,-0.115395,0.38953,0.75146,-0.109649
712,23733,True,0.9924,0.9924,0.436422,0.768898,-0.0,0.481709,0.771756,-0.044137,0.525223,0.766644,-0.081462,0.5516,0.772767,-0.115042,0.537873,0.763128,-0.146767,0.511401,0.630576,-0.082089,0.511489,0.676054,-0.13824,0.505628,0.754237,-0.169426,0.498696,0.806793,-0.184395,0.457607,0.620882,-0.084049,0.460689,0.650151,-0.140172,0.465135,0.741746,-0.155305,0.46501,0.802395,-0.159166,0.406128,0.63428,-0.089909,0.405799,0.652443,-0.143077,0.41691,0.738128,-0.142229,0.424215,0.791123,-0.132687,0.36152,0.664519,-0.098748,0.35642,0.676716,-0.136488,0.372935,0.733544,-0.136759,0.387549,0.770779,-0.131058
713,23766,True,0.9877,0.9877,0.41616,0.798372,-0.0,0.467289,0.784313,-0.041965,0.517106,0.760737,-0.079152,0.546866,0.748448,-0.112915,0.545162,0.725943,-0.142708,0.496115,0.648167,-0.091415,0.505589,0.619136,-0.15591,0.511843,0.699666,-0.184444,0.51294,0.758307,-0.194486,0.441748,0.645768,-0.094679,0.449759,0.623069,-0.167034,0.465917,0.722581,-0.18011,0.474863,0.788278,-0.177224,0.393791,0.65773,-0.102386,0.395122,0.642963,-0.166054,0.419879,0.734512,-0.158535,0.437251,0.790618,-0.140783,0.352259,0.681941,-0.112886,0.350249,0.682659,-0.159219,0.376376,0.742949,-0.159481,0.398028,0.778891,-0.150716
714,23800,True,0.9927,0.9927,0.415211,0.801865,-0.0,0.457991,0.786738,-0.032898,0.4965,0.767083,-0.064199,0.503235,0.755422,-0.094345,0.47359,0.745885,-0.121149,0.493492,0.602742,-0.049317,0.496092,0.631924,-0.102651,0.502451,0.707251,-0.132647,0.509167,0.742523,-0.14649,0.440775,0.59686,-0.055263,0.4478,0.629365,-0.107222,0.461329,0.719232,-0.119181,0.467365,0.757792,-0.118875,0.390255,0.615624,-0.066608,0.397351,0.647241,-0.115501,0.418021,0.731103,-0.109425,0.42911,0.764553,-0.095004,0.347714,0.652434,-0.080676,0.350384,0.676641,-0.110978,0.372891,0.730556,-0.105643,0.389247,0.75246,-0.094809
715,23833,True,0.9992,0.9992,0.421597,0.777464,0.0,0.448354,0.773913,-0.031097,0.481942,0.749946,-0.056075,0.48503,0.730839,-0.080639,0.463897,0.713505,-0.106079,0.494099,0.617324,-0.037805,0.507841,0.575801,-0.071625,0.525783,0.550628,-0.093019,0.540646,0.532908,-0.105777,0.443799,0.6059,-0.0425,0.447661,0.562862,-0.088975,0.459751,0.63894,-0.105081,0.466721,0.68901,-0.106147,0.394304,0.620082,-0.050474,0.394008,0.588619,-0.098727,0.409081,0.670219,-0.098375,0.416763,0.7185,-0.086068,0.34869,0.653986,-0.059934,0.334973,0.615724,-0.092237,0.342943,0.647147,-0.088923,0.348519,0.66951,-0.079477
716,23866,True,0.9994,0.9994,0.410646,0.770732,0.0,0.442596,0.772048,-0.037477,0.479629,0.740054,-0.061169,0.498401,0.705912,-0.0829,0.504896,0.668865,-0.104641,0.48771,0.619734,-0.042659,0.499665,0.572657,-0.077384,0.513614,0.546049,-0.097834,0.528636,0.529462,-0.109545,0.438829,0.604356,-0.043635,0.44243,0.538781,-0.092304,0.445777,0.608847,-0.108465,0.44995,0.663895,-0.107527,0.391527,0.615615,-0.048263,0.387136,0.562334,-0.099039,0.394252,0.638862,-0.099857,0.401008,0.692238,-0.086569,0.347457,0.646755,-0.054799,0.330677,0.601461,-0.092537,0.335172,0.6322,-0.092944,0.340761,0.660002,-0.084173
717,23900,True,0.9961,0.9961,0.407691,0.780129,-0.0,0.444611,0.767891,-0.034175,0.482081,0.73456,-0.058791,0.503252,0.707197,-0.082162,0.509708,0.676226,-0.101489,0.483468,0.612362,-0.046612,0.486511,0.576917,-0.094602,0.486562,0.640241,-0.117194,0.486134,0.685907,-0.12485,0.433638,0.605196,-0.049194,0.433662,0.561802,-0.103467,0.441622,0.650822,-0.1157,0.444257,0.701382,-0.112586,0.386218,0.619705,-0.057327,0.378933,0.570947,-0.108917,0.392221,0.654526,-0.105783,0.399639,0.70172,-0.091455,0.344899,0.651461,-0.06725,0.32518,0.618786,-0.103132,0.329208,0.64342,-0.104511,0.332109,0.652424,-0.097498
718,23933,True,0.9952,0.9952,0.405553,0.772746,-0.0,0.449623,0.76023,-0.035445,0.489949,0.744885,-0.067799,0.515641,0.73952,-0.099097,0.519407,0.735471,-0.129795,0.480709,0.604334,-0.065605,0.497949,0.63409,-0.120308,0.507661,0.698765,-0.154886,0.513832,0.74787,-0.171893,0.429807,0.595966,-0.070016,0.439431,0.63632,-0.122321,0.447438,0.714171,-0.140924,0.451467,0.768231,-0.147647,0.380417,0.616985,-0.078809,0.382645,0.635229,-0.126836,0.394792,0.702679,-0.132782,0.404883,0.748708,-0.128801,0.338039,0.656428,-0.090194,0.324245,0.652506,-0.125222,0.341289,0.687365,-0.13057,0.361886,0.716205,-0.128632
719,23966,True,0.9902,0.9902,0.400052,0.80347,-0.0,0.445744,0.786262,-0.029428,0.485147,0.761078,-0.057417,0.514035,0.751369,-0.086164,0.541887,0.73918,-0.11419,0.483685,0.63444,-0.04994,0.498167,0.63196,-0.099028,0.497411,0.692113,-0.128814,0.490925,0.740984,-0.143395,0.436131,0.625547,-0.055938,0.450078,0.619469,-0.109121,0.45418,0.708178,-0.12724,0.453387,0.773374,-0.131569,0.388738,0.638255,-0.066293,0.390803,0.616993,-0.116975,0.402492,0.699691,-0.121971,0.410121,0.759965,-0.11542,0.344072,0.669737,-0.078197,0.333861,0.652202,-0.117323,0.353237,0.701067,-0.123166,0.373236,0.741714,-0.120114
720,24000,True,0.9965,0.9965,0.405173,0.800749,-0.0,0.447282,0.789573,-0.030595,0.485394,0.76966,-0.057025,0.506632,0.760206,-0.084342,0.504719,0.741979,-0.108747,0.486726,0.631467,-0.045834,0.488212,0.627065,-0.093649,0.485838,0.70875,-0.119289,0.480867,0.758119,-0.129398,0.439946,0.625979,-0.051531,0.445634,0.610913,-0.103059,0.453962,0.707211,-0.118364,0.453395,0.759845,-0.119577,0.392231,0.640538,-0.062355,0.394247,0.60959,-0.110783,0.408588,0.69847,-0.114175,0.41416,0.751083,-0.105823,0.350528,0.67241,-0.074922,0.330558,0.634203,-0.105901,0.335496,0.642994,-0.111373,0.340888,0.645342,-0.109667
721,24033,True,0.997,0.997,0.404347,0.796015,-0.0,0.441831,0.785694,-0.03236,0.479995,0.75818,-0.059394,0.488984,0.738315,-0.085907,0.469568,0.719199,-0.108865,0.48575,0.622978,-0.041601,0.48682,0.60008,-0.09061,0.489844,0.678558,-0.115619,0.489398,0.726011,-0.124182,0.439081,0.61738,-0.046205,0.449963,0.5709,-0.097011,0.458108,0.667505,-0.10841,0.457586,0.720822,-0.104675,0.391221,0.628321,-0.056397,0.395369,0.584628,-0.10554,0.409173,0.675978,-0.101692,0.413961,0.725463,-0.086069,0.345477,0.65433,-0.068431,0.33268,0.615315,-0.099497,0.34789,0.664558,-0.0953,0.360281,0.69938,-0.084026
722,24066,True,0.9994,0.9994,0.402747,0.771824,0.0,0.435278,0.766413,-0.035946,0.475564,0.738369,-0.059923,0.494007,0.706451,-0.081811,0.495914,0.666337,-0.103716,0.481428,0.609711,-0.04212,0.499934,0.562828,-0.075665,0.521987,0.538281,-0.095719,0.536622,0.520913,-0.107712,0.433463,0.596617,-0.04366,0.439936,0.542836,-0.089879,0.446703,0.623909,-0.103303,0.447763,0.676677,-0.10218,0.385469,0.608148,-0.049021,0.382469,0.561358,-0.095887,0.391491,0.639397,-0.092715,0.393588,0.684307,-0.079011,0.339135,0.639437,-0.056487,0.323419,0.597114,-0.090961,0.331633,0.631473,-0.088843,0.336135,0.65414,-0.079693
723,24100,True,0.9988,0.9988,0.39065,0.772706,0.0,0.426568,0.766758,-0.032937,0.465343,0.73216,-0.053222,0.482663,0.698475,-0.071429,0.491643,0.659235,-0.089496,0.465316,0.608515,-0.038713,0.480074,0.554333,-0.066532,0.490002,0.520068,-0.082818,0.497905,0.486889,-0.093869,0.416558,0.595024,-0.040194,0.419777,0.531821,-0.08369,0.425168,0.60912,-0.096927,0.427285,0.667173,-0.095683,0.370047,0.607095,-0.044402,0.364429,0.549298,-0.088329,0.37347,0.616967,-0.08716,0.377434,0.66557,-0.075308,0.327013,0.637975,-0.050297,0.308527,0.590452,-0.082774,0.314789,0.617312,-0.082119,0.318997,0.640872,-0.0744
724,24133,True,0.9976,0.9976,0.379401,0.780723,0.0,0.414423,0.773948,-0.032928,0.451543,0.749555,-0.057216,0.471087,0.723123,-0.079668,0.481355,0.69043,-0.101349,0.454982,0.626176,-0.044859,0.472306,0.571014,-0.077948,0.484113,0.552148,-0.096303,0.490728,0.536857,-0.107365,0.406497,0.612511,-0.045865,0.408104,0.561272,-0.091178,0.412294,0.634176,-0.103325,0.411241,0.676541,-0.102428,0.361368,0.622596,-0.050078,0.353955,0.573074,-0.093737,0.359792,0.636815,-0.091013,0.359719,0.669155,-0.07944,0.320066,0.651177,-0.055925,0.30005,0.616586,-0.087417,0.301261,0.635603,-0.086707,0.300825,0.638578,-0.07965
725,24166,True,0.9976,0.9976,0.370536,0.769872,-0.0,0.416611,0.762211,-0.027314,0.453709,0.759438,-0.052629,0.472594,0.752715,-0.077754,0.464363,0.732723,-0.101001,0.449687,0.604234,-0.048837,0.444433,0.666636,-0.08815,0.437279,0.732429,-0.113136,0.435286,0.775105,-0.125524,0.400442,0.596145,-0.054269,0.394907,0.679518,-0.092913,0.399968,0.743154,-0.109521,0.404177,0.781785,-0.117287,0.351686,0.618903,-0.062509,0.345909,0.671846,-0.097373,0.352634,0.721685,-0.103156,0.358232,0.749489,-0.102039,0.310921,0.658667,-0.072759,0.288764,0.656178,-0.096712,0.292033,0.65435,-0.100038,0.300246,0.649208,-0.098467
726,24200,True,0.9947,0.9947,0.369363,0.786689,-0.0,0.408513,0.781756,-0.036088,0.443472,0.775247,-0.069087,0.466469,0.778581,-0.102163,0.464415,0.76214,-0.133053,0.444728,0.62921,-0.064056,0.454871,0.633686,-0.117395,0.450124,0.713663,-0.147458,0.440771,0.771112,-0.160856,0.395929,0.621952,-0.068827,0.400483,0.630073,-0.125575,0.40666,0.728669,-0.145089,0.407269,0.788666,-0.150434,0.346544,0.63584,-0.078161,0.339775,0.617656,-0.127877,0.350229,0.703817,-0.133544,0.357573,0.760036,-0.128207,0.302965,0.667229,-0.089759,0.278668,0.643022,-0.1231,0.289481,0.672899,-0.129371,0.304867,0.696557,-0.128436
727,24233,True,0.9959,0.9959,0.36999,0.797461,-0.0,0.411614,0.790353,-0.040825,0.449575,0.77441,-0.07542,0.473962,0.773297,-0.109313,0.470578,0.751367,-0.141375,0.443003,0.626876,-0.070232,0.449907,0.626207,-0.126224,0.450048,0.704756,-0.1586,0.447058,0.762554,-0.173335,0.391959,0.622334,-0.07346,0.398588,0.620531,-0.132979,0.406489,0.721153,-0.156998,0.409409,0.779958,-0.165633,0.342975,0.638768,-0.081412,0.339314,0.612283,-0.134294,0.352039,0.698011,-0.146993,0.360758,0.757053,-0.146309,0.302342,0.672188,-0.091689,0.277597,0.637039,-0.127741,0.286764,0.655728,-0.140624,0.299987,0.674255,-0.145136
728,24266,True,0.9949,0.9949,0.371901,0.804446,-0.0,0.416158,0.785775,-0.036871,0.454045,0.754978,-0.066423,0.476546,0.732099,-0.095526,0.459527,0.704468,-0.120745,0.440872,0.621247,-0.051634,0.443049,0.600032,-0.105047,0.445914,0.685089,-0.13323,0.442678,0.744546,-0.143268,0.390863,0.61733,-0.053569,0.392396,0.592283,-0.109841,0.405247,0.697735,-0.123496,0.407363,0.759052,-0.121427,0.344419,0.631932,-0.061614,0.336936,0.589254,-0.110259,0.354729,0.67822,-0.10831,0.363741,0.732541,-0.095334,0.303081,0.662072,-0.072347,0.281281,0.622535,-0.102141,0.294019,0.656566,-0.10245,0.306565,0.683706,-0.095581
729,24300,True,0.9968,0.9968,0.376908,0.797361,-0.0,0.414237,0.781754,-0.032772,0.449782,0.745716,-0.057878,0.463982,0.712427,-0.082799,0.457575,0.674467,-0.106085,0.442659,0.615618,-0.036475,0.44618,0.565095,-0.077249,0.453354,0.563814,-0.100608,0.455126,0.577905,-0.110805,0.393191,0.609223,-0.038796,0.394128,0.560305,-0.087705,0.408588,0.649156,-0.100035,0.413241,0.706519,-0.096875,0.345944,0.622444,-0.046035,0.340742,0.572521,-0.093103,0.358184,0.656563,-0.087723,0.364713,0.708694,-0.071498,0.300869,0.653263,-0.055463,0.279389,0.605477,-0.087004,0.294912,0.644263,-0.082538,0.307464,0.676789,-0.070936
730,24333,True,0.9984,0.9984,0.372583,0.787715,0.0,0.410374,0.776284,-0.036724,0.442967,0.741711,-0.062137,0.457343,0.70653,-0.086047,0.462664,0.663838,-0.109159,0.438613,0.606824,-0.042178,0.442313,0.561618,-0.080647,0.446547,0.543561,-0.103246,0.447915,0.535609,-0.115395,0.388052,0.598782,-0.04399,0.387058,0.54645,-0.096382,0.400757,0.63138,-0.112114,0.408467,0.689225,-0.110786,0.340785,0.614908,-0.050188,0.332415,0.562099,-0.102436,0.350293,0.643781,-0.102251,0.360748,0.69813,-0.088532,0.297835,0.649706,-0.058345,0.277914,0.602,-0.095894,0.289338,0.632797,-0.096521,0.298658,0.659172,-0.088177
731,24366,True,0.9982,0.9982,0.367327,0.789608,-0.0,0.401232,0.777001,-0.03404,0.437197,0.744778,-0.058461,0.448473,0.710424,-0.081121,0.448854,0.672142,-0.102111,0.432387,0.614834,-0.039396,0.435454,0.562801,-0.075802,0.438074,0.547841,-0.096683,0.437076,0.554165,-0.106853,0.380481,0.608773,-0.039969,0.377585,0.558162,-0.084715,0.384896,0.633382,-0.096811,0.388559,0.683411,-0.095047,0.334668,0.62404,-0.04505,0.325536,0.572016,-0.086742,0.334819,0.630241,-0.085779,0.337944,0.668309,-0.075617,0.294441,0.656664,-0.05241,0.273707,0.614422,-0.082612,0.277745,0.627358,-0.083972,0.281055,0.633671,-0.078582
732,24400,True,0.9954,0.9954,0.352586,0.768141,-0.0,0.392904,0.769737,-0.034885,0.433412,0.752134,-0.060343,0.443345,0.73254,-0.084089,0.432581,0.701119,-0.106314,0.401161,0.634728,-0.05136,0.388432,0.605661,-0.088473,0.389692,0.678475,-0.1111,0.388656,0.733484,-0.122067,0.361997,0.627583,-0.050916,0.36042,0.598119,-0.089869,0.36547,0.679381,-0.10757,0.363021,0.732949,-0.114733,0.324237,0.634714,-0.053781,0.315738,0.598541,-0.090159,0.323105,0.662076,-0.096233,0.323045,0.708587,-0.094507,0.288599,0.652348,-0.05834,0.261542,0.620508,-0.085646,0.264547,0.641488,-0.090841,0.268857,0.658735,-0.090422
733,24433,True,0.9943,0.9943,0.350442,0.785834,-0.0,0.388351,0.787909,-0.047971,0.425919,0.770565,-0.083395,0.446164,0.759073,-0.115896,0.434431,0.731388,-0.145903,0.419967,0.628736,-0.072696,0.41848,0.623058,-0.126204,0.407892,0.699085,-0.15585,0.398508,0.752943,-0.169465,0.368722,0.622846,-0.070534,0.365836,0.611173,-0.128221,0.367252,0.709479,-0.148643,0.368104,0.765583,-0.154236,0.319514,0.633378,-0.073604,0.306279,0.605317,-0.125897,0.310761,0.685457,-0.133625,0.313841,0.73669,-0.12907,0.275779,0.658468,-0.079317,0.249146,0.627483,-0.115914,0.258127,0.662314,-0.123131,0.26996,0.689817,-0.122079
734,24466,True,0.9952,0.9952,0.346714,0.789378,-0.0,0.39095,0.78031,-0.034951,0.432056,0.761949,-0.063344,0.452832,0.747105,-0.091134,0.439679,0.721404,-0.117263,0.419884,0.622357,-0.053703,0.418433,0.629459,-0.098536,0.411253,0.70557,-0.126904,0.402021,0.767039,-0.13986,0.370259,0.612284,-0.055431,0.36773,0.613674,-0.101165,0.367117,0.69798,-0.120592,0.362544,0.760537,-0.127243,0.321922,0.623878,-0.061202,0.3128,0.59716,-0.10125,0.318486,0.664881,-0.110116,0.320906,0.719805,-0.108521,0.278743,0.651405,-0.069081,0.253084,0.614139,-0.096926,0.257843,0.633131,-0.103485,0.265365,0.655688,-0.10329
735,24500,True,0.9934,0.9934,0.356709,0.795587,-0.0,0.40131,0.768886,-0.027145,0.439043,0.730201,-0.048338,0.454516,0.69123,-0.070156,0.442403,0.655473,-0.090596,0.42162,0.602828,-0.031797,0.431653,0.538306,-0.06644,0.433203,0.532031,-0.087345,0.428402,0.542322,-0.097446,0.374819,0.597489,-0.03448,0.378685,0.564219,-0.082548,0.383965,0.65081,-0.097047,0.385055,0.715387,-0.096211,0.331662,0.612947,-0.041255,0.325285,0.567766,-0.080036,0.332144,0.630045,-0.078793,0.336441,0.678316,-0.068592,0.293379,0.644946,-0.050404,0.273761,0.603992,-0.074706,0.274249,0.604665,-0.075847,0.275759,0.605306,-0.071144
736,24533,True,0.9971,0.9971,0.367221,0.759358,0.0,0.405398,0.742724,-0.028442,0.44134,0.702604,-0.048088,0.454915,0.667028,-0.067477,0.455665,0.627973,-0.086186,0.433154,0.578471,-0.031111,0.446699,0.522032,-0.059021,0.459846,0.491193,-0.075203,0.468083,0.46444,-0.084978,0.385589,0.572068,-0.034514,0.388006,0.511446,-0.077361,0.397305,0.583856,-0.090021,0.398606,0.632528,-0.088309,0.34049,0.586792,-0.040943,0.335105,0.528048,-0.0813,0.347012,0.59055,-0.079245,0.34968,0.631074,-0.067204,0.298636,0.617086,-0.049182,0.281628,0.566227,-0.075784,0.288576,0.580275,-0.073812,0.291371,0.589989,-0.065983
737,24566,True,0.9978,0.9978,0.374803,0.730331,0.0,0.411838,0.717133,-0.031917,0.446498,0.672855,-0.051731,0.457187,0.634302,-0.070322,0.461214,0.593708,-0.089025,0.435174,0.55073,-0.0373,0.451101,0.483758,-0.067164,0.46642,0.442865,-0.085361,0.478076,0.405603,-0.096983,0.387857,0.544534,-0.039343,0.395187,0.479768,-0.085095,0.408006,0.551554,-0.10017,0.412218,0.60659,-0.099931,0.343788,0.560701,-0.044321,0.339793,0.496,-0.088015,0.356437,0.56221,-0.087982,0.36376,0.612386,-0.076603,0.30363,0.594114,-0.051314,0.286123,0.539083,-0.083226,0.295255,0.556468,-0.084209,0.299524,0.574639,-0.077608
738,24600,True,0.9982,0.9982,0.372569,0.718261,0.0,0.414003,0.70706,-0.038939,0.450891,0.660845,-0.061756,0.460499,0.615332,-0.082097,0.464415,0.565497,-0.102667,0.436284,0.529832,-0.042706,0.449605,0.461416,-0.076167,0.464047,0.416467,-0.097265,0.474204,0.374886,-0.110559,0.38757,0.524638,-0.042537,0.392607,0.454806,-0.092133,0.406725,0.530135,-0.109532,0.410957,0.588822,-0.10975,0.34247,0.540891,-0.045789,0.338666,0.476807,-0.095248,0.359183,0.549181,-0.096672,0.367661,0.605081,-0.084083,0.300679,0.573936,-0.051258,0.283715,0.513728,-0.088123,0.303539,0.550616,-0.088229,0.316632,0.589543,-0.07901
739,24633,True,0.9981,0.9981,0.370778,0.717119,0.0,0.41335,0.705692,-0.03978,0.448639,0.661351,-0.063679,0.459438,0.617425,-0.08523,0.463812,0.567155,-0.10677,0.439496,0.527895,-0.043455,0.449159,0.462748,-0.077209,0.45851,0.420086,-0.097725,0.46615,0.380615,-0.110755,0.390015,0.520675,-0.043662,0.394083,0.445727,-0.094778,0.406297,0.524784,-0.113035,0.413177,0.586389,-0.113343,0.343663,0.534132,-0.047291,0.339126,0.466729,-0.098493,0.357434,0.541778,-0.101141,0.367479,0.601374,-0.088862,0.300257,0.564769,-0.053027,0.283679,0.50278,-0.090911,0.303048,0.54253,-0.09182,0.317503,0.58605,-0.083036
740,24666,True,0.9983,0.9983,0.371238,0.718055,0.0,0.41341,0.706556,-0.035058,0.450632,0.661487,-0.055711,0.465396,0.617106,-0.075428,0.470117,0.566367,-0.094923,0.443736,0.53119,-0.034255,0.45055,0.472241,-0.066611,0.458478,0.43713,-0.08667,0.465235,0.407096,-0.098836,0.396322,0.522729,-0.036393,0.40056,0.453102,-0.086104,0.411836,0.529465,-0.104078,0.417784,0.590259,-0.104048,0.350833,0.535936,-0.042154,0.346247,0.469517,-0.091079,0.362339,0.542106,-0.093162,0.371524,0.600556,-0.080889,0.307168,0.566235,-0.049987,0.289361,0.505683,-0.08591,0.306639,0.541419,-0.086559,0.321195,0.583138,-0.077789
741,24700,True,0.9986,0.9986,0.379541,0.724254,0.0,0.419202,0.709123,-0.02882,0.457591,0.660301,-0.045744,0.471724,0.616138,-0.062266,0.473328,0.569371,-0.078545,0.445711,0.537962,-0.025738,0.45543,0.486981,-0.054322,0.466289,0.457728,-0.072567,0.47297,0.430468,-0.084007,0.401901,0.530692,-0.029452,0.410247,0.466675,-0.073573,0.425574,0.540648,-0.088925,0.430619,0.594434,-0.088635,0.358201,0.543646,-0.036424,0.356203,0.482175,-0.081156,0.374846,0.553308,-0.080375,0.381741,0.604095,-0.067581,0.313922,0.573032,-0.045056,0.301376,0.518678,-0.077628,0.321378,0.556508,-0.075618,0.334337,0.593337,-0.065983
742,24733,True,0.9977,0.9977,0.382367,0.738244,-0.0,0.421306,0.720356,-0.027542,0.457734,0.674332,-0.045888,0.476721,0.635052,-0.063835,0.484974,0.594901,-0.080915,0.440563,0.56038,-0.028986,0.448655,0.512841,-0.060113,0.462343,0.497992,-0.079066,0.473511,0.487912,-0.089519,0.399113,0.554509,-0.032239,0.410155,0.49974,-0.076619,0.423637,0.572539,-0.090351,0.426972,0.623766,-0.089475,0.357586,0.56621,-0.0391,0.358675,0.509722,-0.081339,0.373635,0.576382,-0.07947,0.378801,0.622614,-0.067133,0.316821,0.592495,-0.047643,0.304905,0.543255,-0.075819,0.315357,0.566131,-0.073932,0.320325,0.586212,-0.065831
743,24766,True,0.9979,0.9979,0.376713,0.759986,-0.0,0.41579,0.740665,-0.022947,0.452099,0.699265,-0.038522,0.471368,0.659564,-0.054384,0.478414,0.623036,-0.068446,0.428462,0.593277,-0.021364,0.440622,0.54982,-0.051727,0.448311,0.567549,-0.070922,0.451041,0.597257,-0.079572,0.388678,0.588577,-0.023423,0.39563,0.548474,-0.060002,0.402572,0.614767,-0.072551,0.404368,0.66616,-0.072914,0.350866,0.601736,-0.029456,0.349846,0.550543,-0.060954,0.357688,0.604927,-0.060697,0.362301,0.646556,-0.05312,0.316795,0.631016,-0.037245,0.301251,0.59832,-0.058847,0.298832,0.594719,-0.061059,0.297133,0.586531,-0.058101
744,24800,True,0.9974,0.9974,0.365404,0.773041,-0.0,0.408707,0.754485,-0.025172,0.450126,0.719403,-0.044058,0.463743,0.679255,-0.062467,0.44174,0.656149,-0.079586,0.428177,0.603924,-0.030392,0.432673,0.571072,-0.064769,0.431942,0.59619,-0.086478,0.428272,0.63205,-0.095778,0.383782,0.600057,-0.031837,0.377117,0.590978,-0.070145,0.381051,0.665957,-0.08201,0.384053,0.720026,-0.081721,0.342355,0.617566,-0.037034,0.332168,0.600643,-0.069425,0.338769,0.657567,-0.067566,0.343894,0.696862,-0.058634,0.307593,0.64955,-0.044105,0.290504,0.628486,-0.063092,0.287242,0.630242,-0.060758,0.283632,0.623364,-0.054385
745,24833,True,0.9987,0.9987,0.35236,0.77926,-0.0,0.398316,0.761165,-0.026982,0.431635,0.731545,-0.046723,0.445487,0.705793,-0.065447,0.433546,0.679298,-0.082297,0.394509,0.592505,-0.031029,0.395176,0.626053,-0.065541,0.402119,0.679943,-0.091468,0.409444,0.723888,-0.103571,0.349709,0.595735,-0.031964,0.350779,0.655734,-0.064147,0.363275,0.714203,-0.080281,0.37538,0.755498,-0.086236,0.308544,0.62273,-0.036574,0.309659,0.664712,-0.064252,0.319403,0.705906,-0.068282,0.329287,0.731081,-0.065129,0.276513,0.66089,-0.043721,0.263142,0.658012,-0.059143,0.263348,0.654909,-0.057937,0.267466,0.647875,-0.05273
746,24866,True,0.9952,0.9952,0.340164,0.783799,-0.0,0.384057,0.767377,-0.043093,0.419117,0.734806,-0.071497,0.429567,0.703595,-0.095978,0.41495,0.671547,-0.115922,0.393661,0.590118,-0.049967,0.382945,0.618399,-0.0987,0.391186,0.6968,-0.125416,0.400126,0.747658,-0.135695,0.341919,0.590793,-0.046431,0.329361,0.608697,-0.098394,0.345774,0.693779,-0.112259,0.359817,0.743104,-0.111162,0.296227,0.613062,-0.049158,0.279373,0.60819,-0.096846,0.293247,0.677195,-0.095636,0.306479,0.715798,-0.083224,0.260817,0.649072,-0.054948,0.23544,0.631287,-0.086356,0.240114,0.654472,-0.086829,0.249022,0.66522,-0.078779
747,24900,True,0.9972,0.9972,0.334793,0.782663,0.0,0.37614,0.763298,-0.042203,0.408062,0.727213,-0.071082,0.416238,0.692959,-0.097954,0.406533,0.652067,-0.123798,0.386384,0.588554,-0.044822,0.377588,0.546512,-0.081149,0.368629,0.519052,-0.102151,0.359358,0.505389,-0.113246,0.333431,0.591489,-0.043471,0.320286,0.558696,-0.093983,0.332512,0.64572,-0.106492,0.345431,0.698989,-0.102505,0.28755,0.613853,-0.047213,0.272327,0.576439,-0.095566,0.288289,0.650307,-0.091587,0.301263,0.69795,-0.07588,0.249719,0.649496,-0.054115,0.220098,0.607522,-0.086263,0.226333,0.624522,-0.084199,0.235575,0.636799,-0.074425
748,24933,True,0.9979,0.9979,0.324196,0.7655,0.0,0.363663,0.758137,-0.042008,0.396916,0.7294,-0.069849,0.414458,0.696418,-0.095646,0.409077,0.652816,-0.121054,0.389616,0.591033,-0.048843,0.402507,0.538309,-0.086079,0.409959,0.50377,-0.106652,0.411668,0.477831,-0.118006,0.337282,0.581565,-0.047784,0.330922,0.532149,-0.101457,0.340225,0.620188,-0.113589,0.346612,0.678614,-0.108738,0.288101,0.596613,-0.051378,0.275516,0.551437,-0.103819,0.291418,0.634072,-0.0996,0.301458,0.687468,-0.082219,0.244504,0.629117,-0.0576,0.216482,0.585966,-0.094172,0.230162,0.619965,-0.091707,0.245212,0.648531,-0.080373
749,24966,True,0.9952,0.9952,0.31584,0.749575,-0.0,0.362234,0.737164,-0.034205,0.399338,0.715237,-0.061942,0.417658,0.693626,-0.089406,0.403071,0.660506,-0.115273,0.385317,0.582437,-0.048304,0.391455,0.548504,-0.091466,0.385608,0.586982,-0.117019,0.375942,0.632734,-0.128243,0.333995,0.577138,-0.049592,0.331872,0.554122,-0.097538,0.335006,0.633676,-0.113101,0.335192,0.694368,-0.114855,0.286298,0.589643,-0.055362,0.276927,0.550936,-0.096137,0.284876,0.613749,-0.097474,0.289608,0.663917,-0.08948,0.244419,0.616947,-0.063583,0.219359,0.579001,-0.091806,0.228924,0.605367,-0.092528,0.241507,0.633233,-0.086536
750,25000,True,0.9879,0.9879,0.282666,0.714882,-0.0,0.330582,0.708542,-0.034918,0.372646,0.681468,-0.05965,0.395012,0.673578,-0.082848,0.392247,0.677788,-0.104468,0.349393,0.575058,-0.042295,0.330031,0.549129,-0.078775,0.319369,0.552182,-0.099467,0.312327,0.55378,-0.110362,0.300983,0.562439,-0.041524,0.268745,0.584504,-0.081001,0.281219,0.64951,-0.086842,0.300847,0.673711,-0.084757,0.2551,0.570031,-0.045826,0.22884,0.582939,-0.079049,0.242257,0.636768,-0.068118,0.262925,0.650842,-0.055266,0.214485,0.588673,-0.054386,0.190279,0.592874,-0.075519,0.206703,0.631513,-0.067739,0.230103,0.644755,-0.057671
751,25033,True,0.9934,0.9934,0.274925,0.670086,-0.0,0.321412,0.656958,-0.043536,0.356538,0.634176,-0.074194,0.363071,0.63046,-0.09961,0.346392,0.636274,-0.120274,0.327458,0.516081,-0.07193,0.294388,0.582095,-0.116926,0.305941,0.645607,-0.137375,0.321684,0.670197,-0.145622,0.276979,0.500106,-0.067099,0.250437,0.586512,-0.111336,0.268692,0.65097,-0.116186,0.284925,0.672893,-0.113961,0.232432,0.506915,-0.06624,0.207559,0.568459,-0.103975,0.226621,0.626529,-0.09364,0.248514,0.644327,-0.080291,0.195807,0.52869,-0.069998,0.16633,0.556471,-0.096629,0.181876,0.593417,-0.093159,0.205613,0.605294,-0.084611
752,25066,True,0.9926,0.9926,0.27319,0.67283,-0.0,0.313636,0.640231,-0.04836,0.342002,0.59075,-0.074596,0.344324,0.538526,-0.095308,0.330187,0.494114,-0.112087,0.314473,0.463783,-0.047529,0.282089,0.458087,-0.091482,0.273959,0.51497,-0.117887,0.271938,0.566299,-0.128322,0.266831,0.450716,-0.036908,0.240384,0.4326,-0.080023,0.236865,0.503397,-0.094339,0.240755,0.561938,-0.095429,0.224992,0.457779,-0.032678,0.195645,0.418555,-0.072063,0.196353,0.478026,-0.072808,0.205015,0.533057,-0.063977,0.189418,0.483811,-0.032212,0.156669,0.454227,-0.064406,0.161366,0.484113,-0.067632,0.174868,0.518823,-0.061253
753,25100,True,0.9969,0.9969,0.284979,0.621067,0.0,0.322135,0.585674,-0.040953,0.346322,0.531996,-0.061291,0.339032,0.483963,-0.07773,0.323287,0.438945,-0.093141,0.309901,0.401517,-0.028054,0.297337,0.354172,-0.050292,0.290384,0.324438,-0.06956,0.28446,0.30982,-0.081642,0.26336,0.404185,-0.020719,0.248161,0.345831,-0.045697,0.24918,0.372448,-0.060353,0.250867,0.40143,-0.065037,0.223453,0.422762,-0.017894,0.207921,0.366728,-0.043291,0.210428,0.398037,-0.046196,0.213005,0.432818,-0.042063,0.189672,0.458867,-0.018783,0.167209,0.407389,-0.040861,0.172589,0.422727,-0.041135,0.180616,0.451894,-0.035563
754,25133,True,0.9974,0.9974,0.296648,0.592422,0.0,0.336732,0.55893,-0.042989,0.360272,0.501026,-0.065546,0.348099,0.453154,-0.08481,0.33765,0.403484,-0.102837,0.321534,0.363761,-0.036233,0.312795,0.280104,-0.059755,0.302393,0.218616,-0.074596,0.290313,0.175366,-0.084344,0.272346,0.375876,-0.030604,0.247316,0.295648,-0.06363,0.259972,0.343296,-0.074094,0.274895,0.388183,-0.07252,0.234366,0.402175,-0.029276,0.207666,0.327802,-0.062673,0.223704,0.367248,-0.061959,0.238886,0.409572,-0.05215,0.202763,0.443336,-0.031586,0.170169,0.381483,-0.058586,0.183128,0.39537,-0.058558,0.199932,0.42446,-0.051272
755,25166,True,0.9971,0.9971,0.304416,0.599914,0.0,0.34757,0.570117,-0.043028,0.372595,0.513168,-0.068101,0.365851,0.465993,-0.090685,0.357698,0.413802,-0.112389,0.338842,0.366356,-0.042604,0.33486,0.267884,-0.074577,0.332193,0.201856,-0.095556,0.327393,0.146424,-0.109578,0.290032,0.378269,-0.040994,0.267822,0.286798,-0.089026,0.28472,0.347708,-0.106784,0.300011,0.403813,-0.107197,0.250541,0.406823,-0.043144,0.226181,0.329187,-0.088962,0.249103,0.384479,-0.088594,0.266872,0.435535,-0.075479,0.217214,0.448388,-0.04861,0.192312,0.385173,-0.082566,0.211968,0.414095,-0.080686,0.228223,0.450505,-0.070143
756,25200,True,0.9947,0.9947,0.308258,0.625481,0.0,0.34783,0.595089,-0.039738,0.373687,0.542107,-0.063849,0.364048,0.496976,-0.086289,0.346586,0.455663,-0.108008,0.348302,0.393561,-0.040945,0.35182,0.294831,-0.070943,0.351914,0.230728,-0.090015,0.349367,0.176343,-0.102916,0.298362,0.400071,-0.041289,0.288307,0.307332,-0.08546,0.297255,0.373417,-0.100113,0.304079,0.429411,-0.099486,0.256381,0.424846,-0.04512,0.243326,0.353153,-0.086181,0.257297,0.409602,-0.084638,0.265199,0.459194,-0.072595,0.220466,0.464294,-0.052267,0.201847,0.400759,-0.080153,0.216764,0.429915,-0.075552,0.227544,0.46574,-0.064971
757,25233,True,0.9888,0.9888,0.293016,0.653519,-0.0,0.334417,0.630324,-0.037618,0.370195,0.583109,-0.061794,0.372546,0.549702,-0.083934,0.364737,0.516503,-0.1055,0.346103,0.430032,-0.039905,0.345216,0.339596,-0.071294,0.34303,0.280952,-0.092738,0.342592,0.23198,-0.106411,0.299815,0.426291,-0.037547,0.282023,0.393713,-0.08905,0.278945,0.471669,-0.105033,0.284752,0.540408,-0.102587,0.258473,0.437697,-0.038731,0.24228,0.433645,-0.083077,0.250694,0.50299,-0.079732,0.263813,0.556606,-0.064588,0.224513,0.461036,-0.043291,0.210261,0.460363,-0.071736,0.2233,0.512628,-0.065949,0.240164,0.551081,-0.052273
758,25266,True,0.9961,0.9961,0.291015,0.602045,-1e-06,0.333326,0.62388,-0.045728,0.365429,0.629443,-0.079237,0.363199,0.637304,-0.104485,0.342075,0.633095,-0.125613,0.346403,0.503103,-0.091233,0.337643,0.635936,-0.125478,0.334592,0.67126,-0.140467,0.331983,0.658397,-0.150769,0.296558,0.485933,-0.084608,0.292,0.630125,-0.113062,0.295548,0.659773,-0.114432,0.299163,0.644732,-0.11876,0.252081,0.487449,-0.078919,0.248142,0.612959,-0.102812,0.25519,0.633977,-0.092298,0.25948,0.606587,-0.087818,0.21055,0.499591,-0.077885,0.206167,0.591212,-0.094993,0.217376,0.611497,-0.090083,0.226603,0.587959,-0.087021
759,25300,True,0.9926,0.9926,0.289227,0.684954,-0.0,0.323845,0.700455,-0.048841,0.361752,0.696097,-0.082553,0.366023,0.689109,-0.110426,0.352741,0.671179,-0.136532,0.35874,0.556432,-0.068596,0.337115,0.571942,-0.113683,0.321577,0.616213,-0.140128,0.314274,0.64824,-0.153512,0.30543,0.538218,-0.061921,0.276507,0.56433,-0.107064,0.272981,0.63947,-0.11994,0.276213,0.682024,-0.122442,0.256974,0.545044,-0.059836,0.225076,0.562718,-0.104537,0.228408,0.632822,-0.10131,0.237172,0.670595,-0.090464,0.215842,0.567777,-0.060833,0.186242,0.571846,-0.093402,0.192946,0.618599,-0.089509,0.204764,0.643798,-0.079501
760,25333,True,0.9932,0.9932,0.285558,0.742157,-0.0,0.324428,0.746358,-0.051221,0.360302,0.733868,-0.085419,0.367036,0.713134,-0.113583,0.359261,0.672695,-0.13894,0.361408,0.577979,-0.069273,0.337975,0.586465,-0.11428,0.315386,0.629237,-0.140505,0.298508,0.663545,-0.153505,0.306557,0.557894,-0.0618,0.269109,0.585832,-0.106926,0.264507,0.664122,-0.119321,0.268249,0.707585,-0.121395,0.255171,0.564514,-0.059099,0.217222,0.581875,-0.102463,0.221261,0.653806,-0.098872,0.231058,0.69363,-0.088535,0.2107,0.588479,-0.060074,0.176077,0.58948,-0.092875,0.182005,0.6382,-0.08983,0.194972,0.666891,-0.080333
761,25366,True,0.9945,0.9945,0.281192,0.755643,-0.0,0.325607,0.755714,-0.048717,0.361704,0.740872,-0.083774,0.371599,0.722615,-0.114589,0.361889,0.684052,-0.143024,0.350867,0.588614,-0.068231,0.335282,0.58903,-0.117412,0.316426,0.634921,-0.145979,0.298392,0.678948,-0.159269,0.295554,0.576527,-0.063721,0.267735,0.599414,-0.112521,0.268167,0.681033,-0.125264,0.272522,0.729876,-0.126744,0.24405,0.587609,-0.064329,0.2145,0.597001,-0.110383,0.223995,0.67016,-0.10468,0.235051,0.71356,-0.092211,0.199824,0.61594,-0.068697,0.166131,0.608831,-0.10408,0.180029,0.658739,-0.099796,0.198892,0.690821,-0.088733
762,25400,True,0.9936,0.9936,0.283397,0.752624,-0.0,0.327992,0.753905,-0.046959,0.368602,0.739088,-0.082014,0.379197,0.724091,-0.113144,0.357046,0.695131,-0.142072,0.354501,0.592099,-0.068604,0.33885,0.602482,-0.116451,0.322804,0.647464,-0.141932,0.30591,0.684126,-0.153733,0.296662,0.577279,-0.065671,0.274126,0.607468,-0.113777,0.275373,0.693321,-0.123419,0.279296,0.733951,-0.122869,0.244118,0.587882,-0.067523,0.21813,0.603953,-0.114168,0.230009,0.682156,-0.105819,0.243238,0.718064,-0.091641,0.197992,0.614218,-0.072888,0.169503,0.612098,-0.107565,0.183568,0.665682,-0.100789,0.201887,0.694287,-0.088482
763,25433,True,0.9922,0.9922,0.287519,0.750137,-0.0,0.330923,0.749971,-0.039479,0.368144,0.736715,-0.07006,0.385297,0.720031,-0.097916,0.382283,0.688218,-0.12341,0.358078,0.592274,-0.060957,0.353518,0.597387,-0.10289,0.335862,0.629113,-0.125585,0.31529,0.665431,-0.135572,0.302797,0.575979,-0.059361,0.286974,0.610217,-0.099471,0.283608,0.680857,-0.106697,0.282797,0.722465,-0.105765,0.251701,0.585478,-0.061823,0.235059,0.612127,-0.096769,0.242424,0.669341,-0.088069,0.25153,0.697429,-0.07656,0.206996,0.610908,-0.068022,0.185508,0.613425,-0.093263,0.199509,0.656849,-0.085348,0.215466,0.680095,-0.073952
764,25466,True,0.9936,0.9936,0.30971,0.746826,-0.0,0.357563,0.734555,-0.034892,0.398996,0.711071,-0.061431,0.403626,0.697422,-0.085297,0.373166,0.689939,-0.107355,0.369797,0.58461,-0.0544,0.359282,0.60295,-0.094957,0.352559,0.613145,-0.121272,0.34635,0.623536,-0.135464,0.313833,0.56605,-0.052986,0.300065,0.649066,-0.092452,0.309223,0.704252,-0.101293,0.319973,0.730674,-0.102026,0.264241,0.578414,-0.055432,0.258784,0.662382,-0.086917,0.273404,0.696689,-0.079153,0.289942,0.6986,-0.06872,0.22316,0.606043,-0.062295,0.213668,0.649898,-0.082355,0.229759,0.677032,-0.076414,0.248907,0.679075,-0.067332
765,25500,True,0.9844,0.9844,0.331445,0.758594,-0.0,0.377935,0.74501,-0.046906,0.413987,0.712748,-0.076563,0.427387,0.679527,-0.102176,0.420337,0.654045,-0.125776,0.391283,0.588198,-0.057017,0.384255,0.596203,-0.108389,0.388202,0.608767,-0.142223,0.397265,0.61984,-0.159425,0.339171,0.5777,-0.051159,0.332243,0.6228,-0.108527,0.354009,0.687729,-0.127603,0.378135,0.731263,-0.129494,0.292523,0.590997,-0.051153,0.291314,0.651636,-0.1023,0.318455,0.710587,-0.103878,0.348817,0.744346,-0.092743,0.254643,0.617147,-0.055558,0.25318,0.660324,-0.089304,0.278283,0.704751,-0.091568,0.306486,0.728582,-0.084528
766,25533,True,0.9961,0.9961,0.34085,0.782218,-0.0,0.390534,0.746821,-0.011144,0.426922,0.707734,-0.023655,0.445186,0.68104,-0.038924,0.460202,0.667204,-0.05375,0.391114,0.598392,-0.016468,0.411049,0.601157,-0.043862,0.436331,0.618236,-0.063351,0.460649,0.640989,-0.0736,0.355339,0.605454,-0.02303,0.392337,0.653089,-0.049304,0.41833,0.697337,-0.060343,0.436096,0.729078,-0.064039,0.322402,0.631573,-0.032017,0.36879,0.694266,-0.056136,0.392178,0.732074,-0.057859,0.405751,0.755377,-0.053904,0.294843,0.668074,-0.042809,0.337211,0.721344,-0.056602,0.36024,0.751563,-0.054797,0.373449,0.76836,-0.049232
767,25566,True,0.9972,0.9972,0.353287,0.806192,0.0,0.403183,0.757042,-0.007964,0.437149,0.707475,-0.021589,0.459808,0.677481,-0.037372,0.490616,0.668437,-0.054294,0.411272,0.617031,-0.026692,0.452293,0.626184,-0.059164,0.484049,0.642764,-0.081756,0.509838,0.661855,-0.094637,0.380057,0.63353,-0.036831,0.436738,0.668664,-0.070782,0.470419,0.71136,-0.08351,0.493058,0.745001,-0.087901,0.355891,0.671895,-0.04866,0.41508,0.711997,-0.081988,0.449647,0.740239,-0.088478,0.473591,0.760927,-0.087341,0.339216,0.722162,-0.060864,0.395392,0.756926,-0.08494,0.431102,0.776397,-0.088509,0.457109,0.788233,-0.086754
768,25600,True,0.992,0.992,0.376328,0.809343,0.0,0.427224,0.79277,-0.011074,0.469016,0.765447,-0.0253,0.50008,0.745945,-0.042346,0.528854,0.738266,-0.059908,0.464911,0.654941,-0.016896,0.505879,0.64436,-0.049449,0.532593,0.666601,-0.072009,0.548398,0.693145,-0.083686,0.434218,0.648334,-0.025379,0.477398,0.655827,-0.060392,0.496301,0.716372,-0.074412,0.500985,0.762469,-0.077271,0.403701,0.661811,-0.036491,0.43749,0.674753,-0.069736,0.457467,0.728466,-0.072368,0.465534,0.768152,-0.066095,0.374979,0.690388,-0.048258,0.403178,0.702769,-0.07173,0.425903,0.738522,-0.071265,0.439322,0.76801,-0.064772
769,25633,True,0.9994,0.9994,0.416191,0.796271,0.0,0.469492,0.789312,-0.013821,0.515612,0.770668,-0.033199,0.55036,0.761884,-0.055895,0.584925,0.755374,-0.080319,0.516546,0.65065,-0.025564,0.555159,0.633653,-0.059435,0.590145,0.629857,-0.085053,0.61976,0.630483,-0.100716,0.482382,0.635146,-0.036705,0.519936,0.651139,-0.081525,0.530226,0.719825,-0.098085,0.52909,0.773647,-0.099979,0.446171,0.642165,-0.049756,0.480766,0.668898,-0.090081,0.483563,0.737446,-0.087229,0.47743,0.782856,-0.074476,0.408955,0.664516,-0.063945,0.436417,0.678787,-0.089492,0.442729,0.722802,-0.082396,0.440249,0.752545,-0.069702
770,25666,True,0.9976,0.9976,0.437437,0.766307,0.0,0.489508,0.753073,-0.01151,0.537691,0.724483,-0.025286,0.570323,0.705498,-0.042106,0.597031,0.692824,-0.060646,0.537727,0.629122,-0.019098,0.563344,0.588854,-0.048431,0.591343,0.570695,-0.069932,0.615475,0.562684,-0.082541,0.503869,0.615526,-0.028843,0.540946,0.602345,-0.07056,0.551521,0.665416,-0.086863,0.550177,0.719087,-0.08884,0.468466,0.618644,-0.040353,0.499539,0.610562,-0.076465,0.507886,0.670002,-0.074653,0.507316,0.716641,-0.063953,0.43106,0.633957,-0.052748,0.455204,0.621256,-0.075129,0.464163,0.654182,-0.069896,0.464873,0.682951,-0.059885
771,25700,True,0.9952,0.9952,0.456353,0.730765,0.0,0.507989,0.706563,-0.010279,0.556777,0.658346,-0.016362,0.581728,0.617782,-0.02475,0.594917,0.58529,-0.03372,0.548064,0.576237,3.3e-05,0.562127,0.532813,-0.021317,0.583145,0.516866,-0.038234,0.600076,0.51155,-0.047756,0.515695,0.566618,-0.006949,0.542529,0.521529,-0.037142,0.55395,0.58057,-0.050984,0.553612,0.635192,-0.052333,0.480857,0.570122,-0.016321,0.506259,0.540586,-0.048268,0.516298,0.600693,-0.04691,0.514915,0.647721,-0.036618,0.44183,0.584592,-0.026241,0.465067,0.565788,-0.049591,0.476612,0.610116,-0.04481,0.47592,0.647243,-0.034767
772,25733,True,0.9974,0.9974,0.463804,0.688541,0.0,0.511874,0.670144,-0.015105,0.562143,0.62101,-0.023181,0.588693,0.577431,-0.032442,0.60031,0.548349,-0.042436,0.551001,0.528116,-0.003385,0.569579,0.477415,-0.01975,0.589988,0.438657,-0.033355,0.60661,0.407271,-0.042739,0.52057,0.517081,-0.007758,0.549095,0.465264,-0.034606,0.559893,0.515872,-0.046485,0.556894,0.563152,-0.047098,0.487554,0.520296,-0.014251,0.510954,0.480583,-0.044387,0.524239,0.534361,-0.043226,0.522275,0.576883,-0.033668,0.44946,0.534003,-0.02154,0.471047,0.50364,-0.044202,0.485274,0.546225,-0.039419,0.484329,0.583513,-0.029846
773,25766,True,0.9962,0.9962,0.475303,0.647152,0.0,0.520722,0.628687,-0.015441,0.569078,0.576352,-0.023992,0.599995,0.532807,-0.033497,0.623614,0.497475,-0.043521,0.556,0.481263,-0.007651,0.572362,0.417853,-0.024172,0.590993,0.37546,-0.036963,0.605386,0.33791,-0.046135,0.525336,0.471579,-0.012031,0.553676,0.411061,-0.040837,0.568348,0.467938,-0.052376,0.565398,0.517972,-0.052603,0.493048,0.476881,-0.018155,0.515772,0.419579,-0.04916,0.532224,0.476312,-0.046782,0.530095,0.52105,-0.036472,0.456072,0.491502,-0.024976,0.475306,0.448066,-0.048831,0.491796,0.490392,-0.044024,0.490904,0.528697,-0.03435
774,25800,True,0.9962,0.9962,0.487374,0.612729,0.0,0.529975,0.600098,-0.023344,0.575511,0.546799,-0.035906,0.60652,0.498544,-0.048222,0.635001,0.461331,-0.061209,0.56475,0.439938,-0.01673,0.584598,0.365397,-0.034529,0.603152,0.315141,-0.04682,0.614802,0.271088,-0.055767,0.533351,0.432093,-0.018694,0.557954,0.358676,-0.048837,0.575006,0.411456,-0.060096,0.57409,0.460717,-0.059705,0.500117,0.44088,-0.02271,0.519177,0.384201,-0.055894,0.538329,0.441383,-0.053483,0.538733,0.486207,-0.042208,0.462079,0.458899,-0.028046,0.477734,0.40774,-0.053167,0.497655,0.448231,-0.048033,0.499577,0.488107,-0.037617
775,25833,True,0.9978,0.9978,0.498199,0.6031,0.0,0.538506,0.598045,-0.025579,0.585516,0.543076,-0.041148,0.615226,0.493914,-0.056555,0.643952,0.455052,-0.072127,0.577394,0.423195,-0.026408,0.60247,0.331799,-0.05107,0.622035,0.276762,-0.065354,0.633702,0.227813,-0.075028,0.544319,0.415797,-0.03062,0.574653,0.337779,-0.072955,0.589481,0.40564,-0.085558,0.58697,0.46184,-0.083146,0.509022,0.427358,-0.036903,0.531902,0.362423,-0.079409,0.550669,0.432472,-0.074049,0.551368,0.48545,-0.0581,0.469281,0.450729,-0.04473,0.487701,0.396392,-0.075161,0.509146,0.44085,-0.068424,0.512652,0.483259,-0.055316
776,25866,True,0.9922,0.9922,0.492096,0.627544,0.0,0.542431,0.624358,-0.022993,0.591096,0.573808,-0.03768,0.619844,0.527415,-0.052986,0.645665,0.499995,-0.068419,0.592505,0.446883,-0.025601,0.620065,0.356147,-0.050845,0.639191,0.300908,-0.066562,0.651762,0.250425,-0.077921,0.556927,0.436891,-0.029958,0.586067,0.381656,-0.073663,0.59554,0.457852,-0.085829,0.591593,0.515499,-0.083818,0.51826,0.440757,-0.036258,0.541208,0.400174,-0.078546,0.552621,0.475309,-0.071181,0.549425,0.528672,-0.054775,0.475301,0.454096,-0.044245,0.495369,0.423867,-0.074233,0.510757,0.475881,-0.067298,0.511444,0.516192,-0.054439
777,25900,True,0.9905,0.9905,0.510383,0.697423,-0.0,0.562767,0.680933,-0.020094,0.610659,0.628564,-0.033291,0.624494,0.578992,-0.048073,0.609164,0.542951,-0.062116,0.605437,0.4916,-0.012354,0.62023,0.437016,-0.03544,0.625063,0.44419,-0.051441,0.633276,0.458558,-0.061726,0.564124,0.479963,-0.017114,0.587768,0.452277,-0.05094,0.590476,0.524893,-0.062991,0.588269,0.581171,-0.064031,0.519182,0.482511,-0.025162,0.544104,0.473408,-0.061404,0.549506,0.547749,-0.059695,0.545414,0.60027,-0.050059,0.471381,0.497912,-0.034827,0.496564,0.50445,-0.062652,0.505644,0.564516,-0.059816,0.504106,0.605835,-0.051264
778,25933,True,0.9949,0.9949,0.554524,0.57024,-0.0,0.510695,0.592356,-0.034245,0.467265,0.626596,-0.07361,0.443018,0.68286,-0.112498,0.428164,0.722552,-0.153334,0.505282,0.509447,-0.07529,0.493454,0.627119,-0.123937,0.496766,0.687314,-0.159078,0.501318,0.720331,-0.178756,0.552195,0.515518,-0.080829,0.549696,0.632078,-0.125165,0.547382,0.703969,-0.14243,0.545533,0.749148,-0.150104,0.592999,0.534654,-0.087466,0.594197,0.649905,-0.127604,0.587546,0.718758,-0.128368,0.582953,0.755864,-0.120921,0.626748,0.563951,-0.09725,0.634267,0.64388,-0.1149,0.626993,0.6909,-0.104106,0.621952,0.716993,-0.092603
779,25966,True,0.9663,0.9663,0.567433,0.5334,-0.0,0.51126,0.577307,-0.035005,0.465845,0.647523,-0.079868,0.449151,0.720482,-0.122227,0.454788,0.784972,-0.169843,0.506044,0.592114,-0.100924,0.499487,0.664906,-0.151727,0.500834,0.715933,-0.188093,0.498369,0.755172,-0.208404,0.555992,0.597125,-0.10756,0.564492,0.675267,-0.157365,0.558872,0.74426,-0.17568,0.549127,0.798486,-0.183805,0.600131,0.610582,-0.11285,0.61462,0.69476,-0.162239,0.607339,0.762013,-0.166121,0.596249,0.80811,-0.160413,0.635069,0.628042,-0.11967,0.655617,0.706093,-0.152807,0.657695,0.764005,-0.146189,0.656433,0.801959,-0.136359
780,26000,True,0.9013,0.9013,0.557773,0.649983,0.0,0.594301,0.696571,-0.032246,0.635279,0.751355,-0.060353,0.668256,0.803127,-0.081972,0.694656,0.847235,-0.102835,0.614097,0.697518,-0.089832,0.611262,0.761417,-0.123021,0.605355,0.816767,-0.140643,0.596999,0.863268,-0.15291,0.57362,0.671733,-0.085567,0.57067,0.736313,-0.115541,0.559959,0.789907,-0.12417,0.551018,0.828569,-0.13371,0.534025,0.657631,-0.080843,0.529279,0.70791,-0.108731,0.521867,0.75838,-0.1125,0.520746,0.794947,-0.115834,0.495785,0.648577,-0.077591,0.48301,0.689527,-0.10147,0.480827,0.729599,-0.109421,0.482999,0.764161,-0.116413
781,26033,True,0.884,0.884,0.57985,0.719802,0.0,0.524963,0.72405,-0.047918,0.479143,0.746566,-0.092036,0.461323,0.776826,-0.126788,0.475581,0.800302,-0.16129,0.514239,0.671714,-0.142087,0.506778,0.703112,-0.193311,0.504648,0.759228,-0.216929,0.504244,0.813259,-0.231035,0.568027,0.677118,-0.135995,0.562951,0.725944,-0.181763,0.554668,0.787994,-0.192068,0.546027,0.834727,-0.202695,0.61208,0.696848,-0.128895,0.614075,0.749474,-0.171566,0.604179,0.81033,-0.181751,0.59441,0.855565,-0.189121,0.643636,0.725037,-0.123995,0.664193,0.769496,-0.156069,0.670208,0.813357,-0.169199,0.673764,0.851552,-0.180849
782,26066,True,0.954,0.954,0.5227,0.686984,-0.0,0.568627,0.727339,-0.030764,0.611141,0.76101,-0.066874,0.638766,0.801413,-0.102901,0.663274,0.821671,-0.140074,0.602868,0.681801,-0.069276,0.625321,0.740036,-0.109763,0.623821,0.800252,-0.137069,0.618678,0.839699,-0.153423,0.565192,0.673322,-0.073816,0.588949,0.724852,-0.108416,0.584567,0.798252,-0.121382,0.574063,0.84059,-0.131161,0.524109,0.676543,-0.079556,0.539472,0.714023,-0.114176,0.541703,0.777406,-0.118175,0.536966,0.81592,-0.118534,0.478774,0.693752,-0.087086,0.48012,0.734247,-0.108615,0.489343,0.778334,-0.106705,0.495957,0.803749,-0.105031
783,26099,True,0.9862,0.9862,0.483284,0.733545,1e-06,0.538103,0.757933,-0.02058,0.58364,0.775622,-0.04446,0.615425,0.789409,-0.066112,0.64675,0.801111,-0.089565,0.5827,0.68268,-0.074694,0.607673,0.706841,-0.117064,0.626184,0.750846,-0.144364,0.636738,0.792557,-0.162318,0.543818,0.673176,-0.085987,0.558769,0.703115,-0.131672,0.56588,0.769228,-0.148935,0.569785,0.821314,-0.159617,0.501467,0.682935,-0.097452,0.504674,0.709714,-0.141793,0.515064,0.76548,-0.149169,0.525779,0.806622,-0.151372,0.46241,0.701429,-0.109313,0.450961,0.725556,-0.1435,0.455255,0.762439,-0.148744,0.461971,0.791529,-0.150535
784,26133,True,0.9987,0.9987,0.473671,0.795847,0.0,0.520928,0.79803,-0.020567,0.56912,0.78824,-0.037429,0.600345,0.777831,-0.052616,0.627073,0.767888,-0.069399,0.572393,0.681862,-0.048073,0.593851,0.700561,-0.079063,0.608536,0.729062,-0.098953,0.620078,0.760899,-0.111259,0.533437,0.660065,-0.053472,0.543168,0.701708,-0.088444,0.543107,0.765529,-0.099966,0.540897,0.814153,-0.104945,0.489328,0.663456,-0.060359,0.49458,0.705452,-0.096732,0.498011,0.758447,-0.100366,0.498444,0.795529,-0.098296,0.446456,0.683293,-0.067973,0.454048,0.714935,-0.09545,0.460747,0.756096,-0.097237,0.463685,0.787288,-0.09482
785,26166,True,0.9964,0.9964,0.449157,0.822186,0.0,0.507458,0.811061,-0.017646,0.562806,0.781411,-0.031273,0.592517,0.752456,-0.04553,0.59043,0.721412,-0.05998,0.527996,0.653368,-0.020469,0.558366,0.65803,-0.04843,0.57724,0.695592,-0.069789,0.593321,0.732402,-0.081526,0.489843,0.641363,-0.024903,0.522387,0.673745,-0.053524,0.531404,0.737517,-0.066516,0.534114,0.784597,-0.071227,0.451025,0.651202,-0.032186,0.482976,0.681911,-0.060191,0.496002,0.740329,-0.06285,0.502427,0.784214,-0.058725,0.416881,0.677384,-0.040932,0.44211,0.689727,-0.060389,0.456988,0.730046,-0.05918,0.466225,0.765278,-0.053455
786,26200,True,0.9973,0.9973,0.434223,0.818301,0.0,0.486308,0.79836,-0.019599,0.531214,0.765882,-0.040023,0.56313,0.744827,-0.061406,0.590454,0.724508,-0.083382,0.490427,0.635188,-0.031135,0.51229,0.617545,-0.062133,0.533934,0.641327,-0.086017,0.550798,0.670036,-0.100146,0.449152,0.633984,-0.03724,0.477979,0.658106,-0.071039,0.500355,0.723254,-0.086578,0.509691,0.771217,-0.093225,0.412845,0.656824,-0.045642,0.435734,0.673105,-0.074458,0.457189,0.725936,-0.075967,0.467089,0.763452,-0.072532,0.382836,0.693975,-0.0559,0.399418,0.705299,-0.073926,0.418865,0.741788,-0.071201,0.429486,0.769619,-0.065607
787,26233,True,0.9946,0.9946,0.42872,0.813838,0.0,0.474081,0.796621,-0.034773,0.51334,0.762048,-0.064452,0.543774,0.737436,-0.092131,0.572966,0.711537,-0.120118,0.493273,0.626126,-0.048934,0.510495,0.599636,-0.090931,0.52996,0.589985,-0.119241,0.54516,0.588666,-0.136806,0.44732,0.618627,-0.051904,0.470864,0.635386,-0.104943,0.492369,0.718475,-0.121219,0.501229,0.769989,-0.12314,0.404914,0.641759,-0.058921,0.421507,0.663208,-0.109273,0.447063,0.735128,-0.108067,0.460208,0.775912,-0.09706,0.370134,0.683326,-0.068378,0.382716,0.70569,-0.105927,0.408567,0.754662,-0.105756,0.424176,0.780911,-0.097808
788,26266,True,0.9952,0.9952,0.436161,0.800672,0.0,0.479739,0.791678,-0.039488,0.515689,0.757131,-0.069269,0.542968,0.730557,-0.095899,0.572238,0.707149,-0.123048,0.501322,0.625774,-0.054392,0.511023,0.572343,-0.093671,0.518423,0.537046,-0.119232,0.525046,0.511706,-0.135855,0.454127,0.620346,-0.054569,0.466953,0.616622,-0.110051,0.484723,0.69803,-0.125487,0.495746,0.752562,-0.125628,0.4094,0.639704,-0.058625,0.418812,0.645874,-0.110193,0.441338,0.717354,-0.107288,0.454712,0.762615,-0.094257,0.370637,0.675479,-0.06554,0.380763,0.689604,-0.103684,0.404915,0.740667,-0.102846,0.420128,0.771117,-0.093963
789,26300,True,0.9952,0.9952,0.435108,0.807059,0.0,0.47741,0.795554,-0.029809,0.518304,0.759031,-0.052787,0.551662,0.735346,-0.074808,0.582986,0.716673,-0.097056,0.505525,0.638937,-0.033193,0.525299,0.59825,-0.066579,0.544009,0.581761,-0.089428,0.559137,0.570639,-0.103936,0.463955,0.633264,-0.03595,0.482977,0.603382,-0.07923,0.498465,0.674999,-0.092547,0.502926,0.721972,-0.093272,0.422529,0.647823,-0.042475,0.435096,0.628962,-0.082989,0.453032,0.696334,-0.078347,0.458015,0.736035,-0.066401,0.38373,0.678483,-0.051353,0.393168,0.679975,-0.078711,0.411687,0.727309,-0.073838,0.417998,0.75396,-0.064527
790,26333,True,0.9982,0.9982,0.440809,0.80562,0.0,0.486776,0.796669,-0.025468,0.530458,0.768593,-0.048172,0.565003,0.752046,-0.07172,0.591782,0.737581,-0.095608,0.514441,0.650932,-0.033765,0.530336,0.604801,-0.070334,0.549468,0.603179,-0.094808,0.56621,0.614001,-0.109046,0.475535,0.643138,-0.038801,0.499486,0.627212,-0.086377,0.514349,0.703421,-0.102575,0.517339,0.759003,-0.10471,0.43628,0.655209,-0.047471,0.451612,0.645433,-0.089714,0.469309,0.712479,-0.089487,0.475251,0.756903,-0.080341,0.398617,0.682065,-0.058146,0.410058,0.690745,-0.087122,0.426516,0.73374,-0.086934,0.43305,0.760325,-0.080809
791,26366,True,0.999,0.999,0.450707,0.815859,0.0,0.5024,0.809836,-0.025966,0.5481,0.796455,-0.053984,0.580251,0.791168,-0.08267,0.607989,0.786105,-0.113092,0.547192,0.665972,-0.049238,0.561553,0.640008,-0.091234,0.580772,0.632316,-0.120364,0.597463,0.631324,-0.138707,0.501039,0.65179,-0.057463,0.517875,0.66867,-0.110536,0.532219,0.746878,-0.128987,0.538373,0.804863,-0.133567,0.453915,0.665465,-0.068431,0.465384,0.684199,-0.115206,0.482736,0.751699,-0.115554,0.491201,0.79846,-0.107383,0.410754,0.698625,-0.081256,0.418316,0.71679,-0.11282,0.43395,0.762827,-0.111188,0.442723,0.793065,-0.104272
792,26400,True,0.9984,0.9984,0.448719,0.813571,-0.0,0.505053,0.807643,-0.018623,0.550037,0.804989,-0.043995,0.580626,0.812492,-0.071093,0.61208,0.815776,-0.099263,0.549395,0.67301,-0.050562,0.57884,0.682187,-0.093756,0.589108,0.716902,-0.120866,0.589389,0.753973,-0.135362,0.504162,0.657814,-0.060862,0.527802,0.716889,-0.107689,0.530815,0.790994,-0.123075,0.525411,0.842929,-0.127556,0.455939,0.672653,-0.073219,0.472683,0.727307,-0.112514,0.478114,0.7849,-0.114597,0.476277,0.818304,-0.109908,0.412992,0.70516,-0.086974,0.41984,0.752029,-0.112626,0.42662,0.78909,-0.112388,0.4276,0.806052,-0.107754
793,26433,True,0.9943,0.9943,0.446897,0.806062,-0.0,0.503116,0.81379,-0.015783,0.547414,0.819395,-0.034541,0.578948,0.831858,-0.054779,0.602681,0.824423,-0.075262,0.536337,0.68367,-0.039725,0.566096,0.719243,-0.070347,0.574654,0.756471,-0.091576,0.572076,0.789881,-0.103625,0.492298,0.670799,-0.046626,0.50904,0.781537,-0.075179,0.512,0.828667,-0.087476,0.507867,0.851861,-0.095492,0.44533,0.686445,-0.054868,0.459945,0.783065,-0.076755,0.459385,0.804405,-0.078152,0.452943,0.802796,-0.078622,0.402999,0.714091,-0.065157,0.415841,0.786211,-0.08082,0.418879,0.805325,-0.079568,0.413858,0.803248,-0.076586
794,26466,True,0.998,0.998,0.437176,0.822041,-0.0,0.48847,0.816722,-0.026735,0.53001,0.813171,-0.053982,0.563459,0.816658,-0.080835,0.586244,0.801834,-0.107648,0.514446,0.669931,-0.056034,0.538534,0.712506,-0.101673,0.546588,0.774782,-0.132104,0.54643,0.819099,-0.148335,0.466799,0.66225,-0.063275,0.485341,0.706427,-0.10771,0.495192,0.788826,-0.12436,0.494425,0.842917,-0.131088,0.420358,0.680429,-0.072875,0.432638,0.712488,-0.113394,0.443769,0.781416,-0.115702,0.4446,0.821736,-0.111006,0.381042,0.714637,-0.084285,0.386863,0.746153,-0.112071,0.399263,0.793534,-0.110772,0.403634,0.822281,-0.105065
795,26500,True,0.9968,0.9968,0.417179,0.80632,-0.0,0.471369,0.795585,-0.032111,0.516855,0.791381,-0.06532,0.550525,0.788066,-0.097883,0.552631,0.768994,-0.128879,0.498728,0.650109,-0.071022,0.514588,0.657822,-0.129366,0.53004,0.728073,-0.164137,0.533543,0.785042,-0.179781,0.447103,0.648264,-0.077879,0.460073,0.677221,-0.133828,0.483485,0.758367,-0.151471,0.493387,0.813649,-0.156583,0.399796,0.670384,-0.088521,0.410855,0.703113,-0.135078,0.437518,0.77011,-0.13511,0.452618,0.812834,-0.127458,0.361139,0.708623,-0.1021,0.370637,0.744526,-0.132422,0.397083,0.787835,-0.1331,0.417362,0.814001,-0.128125
796,26533,True,0.9931,0.9931,0.406637,0.821892,-0.0,0.453574,0.800193,-0.033419,0.493479,0.773193,-0.065541,0.528856,0.759473,-0.0974,0.553281,0.739723,-0.126634,0.479155,0.640743,-0.059068,0.497223,0.608876,-0.114059,0.507546,0.679759,-0.143762,0.507306,0.73703,-0.156221,0.433058,0.640987,-0.065629,0.445923,0.62636,-0.125372,0.468181,0.720562,-0.142439,0.477814,0.781533,-0.143988,0.389758,0.663398,-0.077159,0.395673,0.653148,-0.13186,0.426084,0.737006,-0.132309,0.444207,0.790313,-0.121383,0.352426,0.701976,-0.090701,0.353807,0.696042,-0.129379,0.381234,0.749089,-0.130692,0.402305,0.786281,-0.123592
797,26566,True,0.9951,0.9951,0.415863,0.796917,0.0,0.454735,0.791717,-0.053013,0.489641,0.766509,-0.096631,0.518039,0.746369,-0.135699,0.549846,0.726704,-0.175439,0.494223,0.635484,-0.088019,0.50985,0.597696,-0.150556,0.523948,0.57987,-0.188917,0.533629,0.567731,-0.211406,0.442207,0.626613,-0.089177,0.447878,0.600765,-0.165675,0.463781,0.684328,-0.187236,0.474407,0.739233,-0.189445,0.392312,0.643234,-0.095718,0.393632,0.634897,-0.168483,0.417812,0.716469,-0.168776,0.433639,0.76494,-0.154494,0.34851,0.678329,-0.10528,0.348342,0.675362,-0.159619,0.374562,0.732167,-0.16255,0.394015,0.766056,-0.154613
798,26599,True,0.9964,0.9964,0.411657,0.783302,0.0,0.456497,0.786444,-0.069223,0.489236,0.761229,-0.125768,0.512151,0.747007,-0.175577,0.546308,0.722293,-0.227434,0.490957,0.635485,-0.124287,0.505327,0.592087,-0.203271,0.516299,0.571664,-0.25386,0.526436,0.554618,-0.284989,0.440375,0.630117,-0.123973,0.444916,0.589583,-0.223425,0.457605,0.67108,-0.26377,0.468429,0.725348,-0.278145,0.391714,0.644815,-0.128644,0.388635,0.621685,-0.220306,0.410307,0.703032,-0.238065,0.42602,0.755691,-0.233963,0.349324,0.673836,-0.136494,0.339352,0.652491,-0.204781,0.36172,0.707258,-0.220539,0.380059,0.746599,-0.221956
799,26633,True,0.9959,0.9959,0.410328,0.802223,-0.0,0.449969,0.790049,-0.039078,0.486776,0.763911,-0.070874,0.517873,0.751918,-0.100527,0.543433,0.743676,-0.126622,0.485061,0.645151,-0.064928,0.48627,0.639237,-0.119348,0.486987,0.717324,-0.143895,0.484057,0.764289,-0.153294,0.435732,0.641203,-0.069058,0.440121,0.616035,-0.133172,0.45345,0.715374,-0.148009,0.457639,0.771626,-0.146273,0.388708,0.656453,-0.078248,0.386908,0.627108,-0.138518,0.403568,0.716278,-0.137615,0.410616,0.764685,-0.123705,0.347008,0.687229,-0.089505,0.330899,0.659094,-0.131059,0.345651,0.703591,-0.133421,0.358355,0.731876,-0.126577
800,26666,True,0.9932,0.9932,0.394986,0.812394,-0.0,0.441902,0.802816,-0.032566,0.482659,0.787117,-0.063516,0.511499,0.782475,-0.094803,0.526867,0.782755,-0.124523,0.484212,0.65176,-0.055175,0.496546,0.63704,-0.106107,0.494495,0.703717,-0.135862,0.486127,0.761861,-0.148575,0.435047,0.645066,-0.058944,0.439949,0.658765,-0.11297,0.444416,0.748091,-0.12885,0.443285,0.81085,-0.130223,0.38647,0.659758,-0.067284,0.384425,0.660818,-0.112854,0.392679,0.734315,-0.112673,0.396267,0.78577,-0.10249,0.343801,0.688154,-0.078092,0.333147,0.682086,-0.107354,0.344498,0.722787,-0.106257,0.355275,0.752788,-0.098387
801,26700,True,0.9952,0.9952,0.396235,0.810735,-0.0,0.439873,0.807745,-0.033498,0.48065,0.799554,-0.063526,0.509917,0.806632,-0.092944,0.519866,0.80181,-0.121332,0.478002,0.665305,-0.062562,0.482604,0.691376,-0.110273,0.476071,0.76365,-0.137021,0.467305,0.811759,-0.150173,0.429597,0.655992,-0.068268,0.432163,0.675744,-0.12057,0.43588,0.76579,-0.138269,0.434496,0.824264,-0.143609,0.380482,0.669387,-0.077298,0.374023,0.669145,-0.126138,0.382416,0.750136,-0.130608,0.38692,0.802803,-0.124799,0.33687,0.698446,-0.088174,0.321452,0.685181,-0.121947,0.331168,0.724567,-0.124867,0.342114,0.754458,-0.12139
802,26733,True,0.9944,0.9944,0.38889,0.815554,-0.0,0.43739,0.810044,-0.031708,0.480019,0.800275,-0.061122,0.510682,0.805484,-0.091141,0.514068,0.789422,-0.12026,0.470161,0.659837,-0.056723,0.473117,0.686869,-0.1082,0.469629,0.760602,-0.140219,0.462639,0.807485,-0.156456,0.420055,0.654695,-0.063861,0.423729,0.670615,-0.1191,0.432469,0.761287,-0.140275,0.433791,0.819087,-0.147508,0.371133,0.669438,-0.07479,0.367139,0.665259,-0.124845,0.381413,0.749616,-0.130378,0.389657,0.803426,-0.124659,0.328131,0.700285,-0.087686,0.313621,0.688491,-0.121968,0.329089,0.73079,-0.125878,0.345073,0.763077,-0.122708
803,26766,True,0.9928,0.9928,0.378897,0.812883,-0.0,0.427366,0.798901,-0.033091,0.470646,0.775793,-0.063494,0.503766,0.768972,-0.094492,0.514881,0.755868,-0.124211,0.463535,0.646708,-0.056237,0.46683,0.659011,-0.109862,0.463553,0.739778,-0.142076,0.458814,0.797651,-0.157068,0.413824,0.64109,-0.062233,0.419667,0.649025,-0.120538,0.428201,0.745328,-0.140827,0.43161,0.811504,-0.145295,0.36626,0.656234,-0.072633,0.362449,0.645684,-0.124901,0.378099,0.732815,-0.129667,0.390049,0.792932,-0.121907,0.32409,0.68829,-0.085118,0.310377,0.671288,-0.122191,0.326465,0.719157,-0.126813,0.344652,0.760042,-0.12261
804,26800,True,0.9914,0.9914,0.381258,0.822072,-0.0,0.427036,0.795966,-0.027179,0.465759,0.755615,-0.050788,0.496555,0.732987,-0.075615,0.522619,0.720081,-0.097025,0.458939,0.64368,-0.038906,0.474314,0.608666,-0.085996,0.477447,0.68423,-0.109947,0.473222,0.741707,-0.118222,0.412743,0.641604,-0.044853,0.417849,0.607129,-0.098337,0.432536,0.705339,-0.110953,0.43698,0.766802,-0.107542,0.368942,0.657968,-0.055903,0.361875,0.617974,-0.103889,0.381632,0.702755,-0.100411,0.392319,0.755463,-0.085455,0.329781,0.688659,-0.068762,0.312186,0.653191,-0.100374,0.327437,0.692813,-0.098707,0.340748,0.723442,-0.088942
805,26833,True,0.9976,0.9976,0.388898,0.796075,0.0,0.431636,0.776706,-0.026209,0.470593,0.737729,-0.046531,0.49705,0.70868,-0.067129,0.507357,0.675224,-0.086467,0.459602,0.624856,-0.031452,0.471277,0.579048,-0.071591,0.483278,0.591437,-0.09542,0.488293,0.607538,-0.106338,0.414762,0.619849,-0.036216,0.418917,0.57068,-0.083719,0.434146,0.65479,-0.096796,0.438645,0.708133,-0.095024,0.371029,0.634527,-0.045097,0.36697,0.589005,-0.090964,0.386222,0.669361,-0.085464,0.393492,0.717867,-0.069645,0.329952,0.664767,-0.055549,0.318553,0.629831,-0.087633,0.33679,0.676978,-0.082419,0.347406,0.711538,-0.070092
806,26866,True,0.9985,0.9985,0.391093,0.782582,0.0,0.432033,0.770192,-0.032412,0.468201,0.731885,-0.055326,0.490863,0.698025,-0.076883,0.507778,0.657873,-0.098519,0.459439,0.610211,-0.037095,0.469703,0.567718,-0.071875,0.484739,0.545297,-0.094048,0.498454,0.527588,-0.107252,0.415266,0.60501,-0.039881,0.423056,0.552836,-0.089183,0.435502,0.632907,-0.104273,0.440986,0.689062,-0.10309,0.37149,0.620192,-0.046148,0.370666,0.573742,-0.095326,0.389964,0.652258,-0.092505,0.398863,0.70463,-0.077601,0.329579,0.651242,-0.05415,0.320555,0.611024,-0.090218,0.340308,0.657957,-0.087147,0.353195,0.697403,-0.075928
807,26900,True,0.9987,0.9987,0.394166,0.77523,0.0,0.43213,0.768942,-0.035375,0.466705,0.733272,-0.058859,0.488072,0.699298,-0.080567,0.506911,0.660234,-0.102923,0.458372,0.6137,-0.04399,0.473472,0.564838,-0.077126,0.489073,0.535278,-0.096889,0.503091,0.505761,-0.109342,0.41368,0.606674,-0.045962,0.422384,0.548858,-0.095961,0.433827,0.628329,-0.112051,0.437849,0.684941,-0.111631,0.369763,0.621682,-0.050945,0.369569,0.572124,-0.101027,0.386602,0.646547,-0.101401,0.39338,0.697524,-0.08853,0.328334,0.651884,-0.057603,0.315241,0.601597,-0.092945,0.330941,0.637582,-0.091987,0.340682,0.671456,-0.083045
808,26933,True,0.9983,0.9983,0.393383,0.784437,0.0,0.429927,0.773694,-0.031392,0.471333,0.735935,-0.052166,0.494148,0.701245,-0.071154,0.49373,0.666986,-0.090601,0.459519,0.621871,-0.041308,0.478715,0.5713,-0.074194,0.497657,0.544607,-0.093967,0.511611,0.520914,-0.105986,0.414609,0.61495,-0.04376,0.421479,0.566582,-0.091329,0.432312,0.650658,-0.104075,0.43531,0.707859,-0.102279,0.370732,0.62997,-0.049284,0.368792,0.587152,-0.095733,0.38297,0.662282,-0.091703,0.387987,0.709928,-0.077245,0.329571,0.661718,-0.056502,0.316631,0.62463,-0.089657,0.332175,0.666833,-0.085943,0.341442,0.699616,-0.075489
809,26966,True,0.9962,0.9962,0.388363,0.789359,-0.0,0.429761,0.778529,-0.034466,0.467823,0.755725,-0.063602,0.490467,0.743675,-0.091985,0.494417,0.72271,-0.11691,0.458545,0.635032,-0.059125,0.467212,0.606064,-0.112327,0.464673,0.692707,-0.138635,0.458899,0.753628,-0.147992,0.409932,0.63761,-0.062743,0.412163,0.603457,-0.120549,0.422362,0.706025,-0.134723,0.426819,0.766967,-0.133582,0.366186,0.653613,-0.071152,0.35677,0.613002,-0.121385,0.373126,0.700358,-0.118133,0.383179,0.754376,-0.104741,0.328012,0.682697,-0.081455,0.308018,0.651097,-0.113981,0.324466,0.698304,-0.111766,0.340472,0.733416,-0.102778
810,27000,True,0.9946,0.9946,0.383477,0.774745,-0.0,0.42834,0.763728,-0.026103,0.464012,0.757731,-0.055687,0.487488,0.77024,-0.085822,0.50082,0.775918,-0.115888,0.457775,0.632845,-0.057418,0.470444,0.67342,-0.106732,0.472465,0.743921,-0.139243,0.473291,0.80194,-0.155608,0.409259,0.628149,-0.064819,0.419131,0.672567,-0.111912,0.429084,0.753676,-0.129519,0.436297,0.815063,-0.136265,0.362359,0.646451,-0.074892,0.364846,0.671718,-0.115837,0.37754,0.739507,-0.11898,0.387214,0.787562,-0.114561,0.321295,0.67911,-0.086847,0.319013,0.700404,-0.114051,0.337935,0.74753,-0.113453,0.35609,0.781603,-0.108492
811,27033,True,0.9938,0.9938,0.385919,0.799457,-0.0,0.425365,0.79352,-0.027045,0.462372,0.787204,-0.05483,0.485917,0.798235,-0.082867,0.491125,0.804837,-0.11029,0.459761,0.66203,-0.052262,0.470934,0.702874,-0.09734,0.464864,0.773977,-0.12543,0.458631,0.822977,-0.139893,0.413326,0.6555,-0.059145,0.422267,0.68948,-0.104645,0.427433,0.770036,-0.120295,0.429084,0.826785,-0.125778,0.36624,0.669622,-0.069066,0.366879,0.681943,-0.111191,0.379153,0.754842,-0.113942,0.386858,0.804899,-0.108524,0.32429,0.699549,-0.080582,0.317878,0.70323,-0.109763,0.337444,0.751413,-0.109718,0.354861,0.789176,-0.104695
812,27066,True,0.9947,0.9947,0.384592,0.820356,-0.0,0.426058,0.813022,-0.031897,0.465047,0.800431,-0.061541,0.492584,0.798245,-0.09052,0.499938,0.780057,-0.118912,0.456639,0.664412,-0.059201,0.479188,0.691782,-0.108989,0.478105,0.758955,-0.140041,0.470831,0.809308,-0.155556,0.41141,0.657898,-0.064889,0.426776,0.678897,-0.117272,0.433365,0.767989,-0.139276,0.433392,0.828448,-0.147844,0.365793,0.674028,-0.073911,0.370331,0.675079,-0.123351,0.382184,0.75247,-0.133508,0.387377,0.805004,-0.131735,0.325678,0.705681,-0.084246,0.311801,0.69323,-0.120007,0.326474,0.734688,-0.126711,0.340453,0.76854,-0.125857
813,27099,True,0.9901,0.9901,0.378173,0.831295,-0.0,0.423972,0.817474,-0.036679,0.469184,0.79468,-0.069447,0.497328,0.776803,-0.101128,0.488162,0.749497,-0.130565,0.457755,0.666703,-0.068207,0.469351,0.652569,-0.128418,0.469241,0.733409,-0.162071,0.462341,0.792241,-0.176038,0.408968,0.663451,-0.073017,0.421914,0.650356,-0.13566,0.431483,0.746971,-0.154964,0.433731,0.810257,-0.15798,0.36224,0.676945,-0.082704,0.364698,0.662624,-0.139279,0.383497,0.750476,-0.141754,0.394758,0.808181,-0.131771,0.320842,0.705173,-0.094551,0.313406,0.689836,-0.13416,0.334547,0.74421,-0.137111,0.35299,0.786165,-0.131256
814,27133,True,0.993,0.993,0.378401,0.829348,-0.0,0.423704,0.807661,-0.028072,0.464398,0.772213,-0.050958,0.488881,0.745651,-0.073755,0.482425,0.718854,-0.094698,0.453134,0.65526,-0.041889,0.464248,0.622625,-0.08825,0.473381,0.650537,-0.113,0.474675,0.674004,-0.12365,0.404597,0.64902,-0.04736,0.411812,0.629963,-0.10059,0.431182,0.716314,-0.112034,0.43709,0.772289,-0.108372,0.358666,0.665748,-0.057572,0.362126,0.667306,-0.109172,0.389354,0.746086,-0.103983,0.403337,0.791746,-0.087403,0.318065,0.699962,-0.069633,0.322374,0.706101,-0.105593,0.349981,0.756623,-0.102901,0.367873,0.787386,-0.091829
815,27166,True,0.9987,0.9987,0.379294,0.812053,0.0,0.413154,0.801278,-0.031734,0.447907,0.770971,-0.055187,0.468141,0.745635,-0.07765,0.472942,0.715791,-0.099675,0.447563,0.651928,-0.037179,0.460323,0.605858,-0.072491,0.471872,0.588529,-0.093451,0.477229,0.585252,-0.104437,0.401967,0.644708,-0.039602,0.406482,0.605648,-0.084211,0.41605,0.686564,-0.096079,0.418575,0.735736,-0.094345,0.356778,0.658658,-0.046085,0.35531,0.625639,-0.092153,0.368705,0.702371,-0.088319,0.372827,0.74678,-0.074191,0.314202,0.68882,-0.054336,0.299078,0.653747,-0.086168,0.311779,0.69121,-0.081784,0.320312,0.718489,-0.071026
816,27200,True,0.9976,0.9976,0.37448,0.810938,-0.0,0.409377,0.802129,-0.032937,0.442304,0.774761,-0.058274,0.462,0.747804,-0.082376,0.470126,0.713126,-0.104907,0.440831,0.650199,-0.040869,0.450316,0.595369,-0.080406,0.450055,0.593743,-0.10339,0.443848,0.61241,-0.113675,0.392399,0.644026,-0.041748,0.39228,0.605255,-0.088637,0.399428,0.68814,-0.100983,0.402392,0.743337,-0.099061,0.348082,0.65789,-0.047209,0.340702,0.619007,-0.089541,0.350697,0.685063,-0.086586,0.354585,0.728007,-0.07448,0.307355,0.688116,-0.054888,0.28746,0.653478,-0.083159,0.295593,0.67836,-0.080854,0.302555,0.695901,-0.072395
817,27233,True,0.9957,0.9957,0.369384,0.81158,-0.0,0.409014,0.799579,-0.034892,0.441257,0.780533,-0.064123,0.46086,0.764418,-0.092884,0.461955,0.732014,-0.119348,0.426941,0.648233,-0.054606,0.431787,0.627736,-0.100997,0.430778,0.691019,-0.128721,0.421297,0.746329,-0.141217,0.380283,0.648651,-0.056416,0.383835,0.634277,-0.105991,0.394128,0.723538,-0.12497,0.395537,0.78078,-0.130644,0.337198,0.667395,-0.062614,0.331229,0.637509,-0.103442,0.3436,0.706017,-0.108855,0.348311,0.752703,-0.105541,0.300121,0.70176,-0.071191,0.278616,0.673999,-0.097897,0.283527,0.68059,-0.104194,0.288739,0.682202,-0.104847
818,27266,True,0.9917,0.9917,0.360113,0.805978,-0.0,0.405105,0.799586,-0.028524,0.443603,0.790548,-0.053398,0.463751,0.786437,-0.078445,0.456328,0.767928,-0.102442,0.430578,0.643748,-0.044479,0.43509,0.692293,-0.086509,0.43304,0.759051,-0.115322,0.428558,0.801924,-0.129484,0.382396,0.637661,-0.048308,0.385108,0.682303,-0.087487,0.390594,0.760542,-0.10407,0.391307,0.812555,-0.110485,0.335584,0.655608,-0.055343,0.331836,0.670464,-0.092449,0.339689,0.744572,-0.095639,0.344118,0.794618,-0.090062,0.294898,0.688882,-0.064372,0.273006,0.675178,-0.089353,0.285148,0.708415,-0.088739,0.300514,0.738187,-0.082498
819,27300,True,0.9944,0.9944,0.352509,0.808503,-0.0,0.400781,0.8041,-0.032823,0.443835,0.797924,-0.063987,0.466889,0.800981,-0.094765,0.451009,0.788916,-0.124536,0.434104,0.650618,-0.060746,0.439579,0.691183,-0.110297,0.43365,0.762646,-0.140431,0.425014,0.808001,-0.155284,0.382998,0.642603,-0.066067,0.390684,0.684864,-0.116678,0.394576,0.774645,-0.135306,0.394684,0.828986,-0.141918,0.332858,0.657017,-0.074549,0.334107,0.673743,-0.121512,0.344036,0.755868,-0.126079,0.350947,0.80621,-0.120664,0.288668,0.686873,-0.084884,0.275332,0.684305,-0.117247,0.292164,0.733013,-0.118832,0.310685,0.769316,-0.114054
820,27333,True,0.9916,0.9916,0.34788,0.820696,-0.0,0.39212,0.811068,-0.027088,0.43019,0.798959,-0.053483,0.457521,0.797833,-0.081276,0.464694,0.772497,-0.107383,0.424779,0.658136,-0.046295,0.440392,0.669782,-0.0957,0.43798,0.739794,-0.126982,0.427734,0.794044,-0.141019,0.376413,0.651485,-0.052742,0.38641,0.666392,-0.103831,0.394936,0.758352,-0.122031,0.395837,0.82307,-0.126015,0.32852,0.664979,-0.063142,0.330457,0.665437,-0.108722,0.344128,0.749263,-0.110515,0.351762,0.80607,-0.101504,0.285442,0.694672,-0.075338,0.27317,0.681933,-0.10648,0.291639,0.726818,-0.106511,0.310138,0.765782,-0.099141
821,27366,True,0.9911,0.9911,0.351519,0.809094,-0.0,0.396692,0.790109,-0.032173,0.430918,0.768129,-0.061253,0.451191,0.761706,-0.090668,0.443396,0.754027,-0.11924,0.423504,0.652493,-0.050914,0.433418,0.660094,-0.103525,0.440009,0.723267,-0.136315,0.442129,0.775985,-0.150698,0.375966,0.647186,-0.055473,0.377668,0.647235,-0.112404,0.392012,0.738656,-0.130672,0.399169,0.805221,-0.132085,0.329622,0.66072,-0.064892,0.32315,0.646962,-0.115656,0.338639,0.729045,-0.118111,0.350044,0.786221,-0.106953,0.289393,0.688688,-0.076561,0.267418,0.6646,-0.109418,0.282727,0.700127,-0.110759,0.301175,0.732437,-0.103613
822,27400,True,0.9942,0.9942,0.359759,0.817961,-0.0,0.406656,0.783528,-0.031189,0.438864,0.701598,-0.04652,0.439496,0.628215,-0.060253,0.432021,0.564174,-0.075794,0.423787,0.643481,-0.036041,0.420976,0.607549,-0.072255,0.423119,0.584005,-0.092732,0.422565,0.561771,-0.104698,0.376987,0.643635,-0.039266,0.368126,0.606368,-0.095784,0.386586,0.693305,-0.110823,0.398473,0.759507,-0.108086,0.332615,0.661962,-0.0464,0.315811,0.62567,-0.106041,0.337191,0.708359,-0.103104,0.352431,0.76515,-0.08515,0.290164,0.69409,-0.054679,0.265336,0.649859,-0.100754,0.284844,0.694008,-0.100643,0.303334,0.733025,-0.089594
823,27433,True,0.9983,0.9983,0.352747,0.78995,0.0,0.390656,0.785545,-0.049664,0.422463,0.756548,-0.083679,0.437816,0.727215,-0.113022,0.440632,0.687771,-0.142814,0.418417,0.627694,-0.072064,0.41781,0.582139,-0.118419,0.416445,0.548167,-0.14659,0.413945,0.516963,-0.164363,0.367494,0.621128,-0.070192,0.357275,0.578927,-0.133107,0.368045,0.66703,-0.151291,0.37844,0.724971,-0.151498,0.319743,0.638207,-0.072665,0.304991,0.601458,-0.133473,0.321915,0.683767,-0.132193,0.335716,0.735695,-0.117519,0.280146,0.671413,-0.078183,0.255224,0.634283,-0.123875,0.264632,0.668905,-0.12594,0.275276,0.693673,-0.118177
824,27466,True,0.9971,0.9971,0.350367,0.796282,0.0,0.385797,0.789261,-0.042004,0.420345,0.759089,-0.070803,0.434052,0.730799,-0.096596,0.429181,0.69381,-0.122193,0.41014,0.62439,-0.055651,0.416591,0.548987,-0.089932,0.415978,0.496152,-0.10851,0.412123,0.454132,-0.120224,0.357895,0.624616,-0.054379,0.353268,0.586971,-0.106997,0.360527,0.672443,-0.118321,0.3671,0.7242,-0.114316,0.311362,0.642879,-0.056709,0.301481,0.605527,-0.106082,0.313282,0.676835,-0.099106,0.31979,0.718973,-0.0823,0.270643,0.676472,-0.062009,0.247797,0.63504,-0.097292,0.260106,0.668632,-0.092855,0.271955,0.693238,-0.081061
825,27500,True,0.9949,0.9949,0.34573,0.798678,-0.0,0.388776,0.786312,-0.034938,0.426147,0.761394,-0.062112,0.441982,0.744301,-0.088903,0.425462,0.72216,-0.112333,0.403644,0.64114,-0.05311,0.400721,0.618816,-0.103635,0.401921,0.699315,-0.130486,0.400232,0.76243,-0.14002,0.352504,0.643829,-0.054518,0.349828,0.629761,-0.107866,0.362155,0.72567,-0.121298,0.36925,0.78642,-0.120303,0.306503,0.659873,-0.061199,0.297798,0.628629,-0.107848,0.311898,0.713968,-0.104958,0.322024,0.76931,-0.091849,0.266938,0.688158,-0.070403,0.24263,0.655535,-0.09991,0.254585,0.691974,-0.098382,0.27089,0.721266,-0.089916
826,27533,True,0.9943,0.9943,0.341014,0.814157,-0.0,0.3846,0.804443,-0.034241,0.426594,0.78345,-0.064787,0.444731,0.764788,-0.095292,0.423548,0.735672,-0.124534,0.405757,0.657563,-0.055449,0.408285,0.623969,-0.106587,0.415285,0.663286,-0.136065,0.41473,0.712798,-0.147339,0.356328,0.656226,-0.057171,0.360441,0.647106,-0.112493,0.371954,0.740985,-0.127236,0.375948,0.805721,-0.126267,0.310323,0.670438,-0.063474,0.304847,0.653808,-0.11157,0.31734,0.735202,-0.108628,0.326633,0.78908,-0.095147,0.268803,0.697823,-0.072106,0.246766,0.6766,-0.103343,0.262753,0.717687,-0.100429,0.28188,0.751427,-0.090382
827,27566,True,0.9938,0.9938,0.338278,0.821436,-0.0,0.381985,0.81165,-0.037576,0.423446,0.792843,-0.07104,0.44536,0.776048,-0.10379,0.428153,0.744376,-0.136347,0.409484,0.654403,-0.059261,0.412755,0.641573,-0.111203,0.41965,0.6703,-0.143875,0.421196,0.708067,-0.159323,0.358683,0.64823,-0.061537,0.364802,0.657175,-0.120789,0.377237,0.751159,-0.140401,0.383403,0.818625,-0.142986,0.309687,0.663024,-0.068191,0.308226,0.660691,-0.122507,0.324115,0.745898,-0.124393,0.335919,0.802771,-0.113482,0.264858,0.693755,-0.077067,0.248857,0.68006,-0.115922,0.270036,0.731161,-0.116826,0.292226,0.77284,-0.108593
828,27599,True,0.9956,0.9956,0.339143,0.836778,-0.0,0.381357,0.819797,-0.033717,0.421277,0.792738,-0.062343,0.443244,0.771741,-0.090898,0.430226,0.740553,-0.118443,0.403129,0.665717,-0.046064,0.405942,0.640858,-0.095619,0.414038,0.669195,-0.126495,0.417387,0.713523,-0.13979,0.35456,0.660695,-0.048197,0.362392,0.651929,-0.105521,0.374806,0.746844,-0.122631,0.381155,0.81793,-0.121948,0.307711,0.674795,-0.055418,0.308135,0.661453,-0.106803,0.323501,0.74417,-0.106997,0.335604,0.801095,-0.093997,0.263829,0.705059,-0.064851,0.248054,0.683592,-0.099662,0.266501,0.727403,-0.099829,0.287147,0.766277,-0.090874
829,27633,True,0.9958,0.9958,0.337856,0.834149,-0.0,0.380771,0.817251,-0.037846,0.41971,0.787657,-0.068935,0.440518,0.763053,-0.09882,0.423124,0.733418,-0.128103,0.399023,0.653938,-0.052525,0.398567,0.636331,-0.101488,0.406348,0.66216,-0.13185,0.409414,0.703733,-0.145277,0.350052,0.651289,-0.053095,0.35521,0.650284,-0.10996,0.370053,0.74244,-0.128474,0.377663,0.811344,-0.129409,0.303603,0.6692,-0.058537,0.299641,0.657385,-0.110176,0.316344,0.734234,-0.112691,0.328405,0.788641,-0.101827,0.261596,0.70214,-0.066372,0.242017,0.677761,-0.102713,0.260268,0.718039,-0.10447,0.279825,0.75423,-0.096771
830,27666,True,0.996,0.996,0.33497,0.828198,-0.0,0.377501,0.813752,-0.041225,0.415036,0.787575,-0.075475,0.438959,0.768242,-0.108252,0.426964,0.74099,-0.139835,0.396607,0.65987,-0.057847,0.397412,0.634474,-0.110273,0.405298,0.655237,-0.142897,0.408308,0.699166,-0.157279,0.346711,0.654183,-0.057459,0.352955,0.64612,-0.117252,0.367966,0.737457,-0.135093,0.375337,0.807238,-0.135015,0.30011,0.668003,-0.062558,0.298455,0.651881,-0.11496,0.315304,0.72791,-0.115711,0.327616,0.783843,-0.103652,0.258479,0.697763,-0.070669,0.240562,0.676286,-0.10732,0.259188,0.716661,-0.108872,0.279091,0.753106,-0.101046
831,27700,True,0.9955,0.9955,0.333664,0.824637,-0.0,0.376057,0.810406,-0.042423,0.412314,0.784727,-0.078025,0.437179,0.767869,-0.11193,0.430314,0.740738,-0.144527,0.39453,0.659934,-0.060542,0.394255,0.627264,-0.114891,0.402415,0.645421,-0.149141,0.405183,0.690023,-0.164366,0.345174,0.655439,-0.059933,0.350522,0.641178,-0.121764,0.367026,0.732749,-0.140286,0.375521,0.802035,-0.140322,0.299521,0.668226,-0.064938,0.296435,0.647554,-0.117819,0.314708,0.722632,-0.117955,0.327804,0.777536,-0.105576,0.258321,0.696352,-0.073174,0.240773,0.674306,-0.1095,0.25987,0.715092,-0.110328,0.27962,0.750429,-0.102159
832,27733,True,0.9959,0.9959,0.333267,0.82257,-0.0,0.375025,0.80955,-0.041497,0.409612,0.783411,-0.07541,0.43514,0.768495,-0.107957,0.433077,0.742372,-0.139228,0.39616,0.661288,-0.057029,0.39636,0.627718,-0.109386,0.403142,0.641954,-0.142582,0.404931,0.682157,-0.157564,0.346948,0.656429,-0.056718,0.351688,0.639654,-0.117826,0.366771,0.729716,-0.137164,0.375332,0.799327,-0.137801,0.301081,0.669362,-0.061994,0.297427,0.644365,-0.114102,0.313511,0.718162,-0.115958,0.32615,0.773553,-0.104643,0.259479,0.697712,-0.070407,0.239676,0.668017,-0.105839,0.254631,0.701722,-0.107936,0.272925,0.734799,-0.100882
833,27766,True,0.9944,0.9944,0.339152,0.82359,-0.0,0.38007,0.804966,-0.038642,0.414467,0.775548,-0.071042,0.436431,0.759398,-0.102884,0.435945,0.740735,-0.133402,0.3991,0.658146,-0.05544,0.401508,0.618168,-0.106404,0.405954,0.635237,-0.1374,0.404298,0.678192,-0.150754,0.349398,0.654731,-0.056179,0.352762,0.638813,-0.115943,0.365726,0.726891,-0.133408,0.372987,0.795045,-0.13282,0.304282,0.669821,-0.062376,0.299846,0.643337,-0.11213,0.314495,0.713668,-0.112537,0.326454,0.768447,-0.100675,0.264485,0.699385,-0.07178,0.242661,0.669602,-0.105004,0.252961,0.68869,-0.107925,0.267722,0.7081,-0.102016
834,27800,True,0.9954,0.9954,0.341136,0.823151,-0.0,0.383403,0.80514,-0.034339,0.420211,0.776235,-0.06262,0.441252,0.757667,-0.090657,0.439355,0.733588,-0.117594,0.398574,0.662334,-0.046998,0.398663,0.624595,-0.092753,0.406188,0.634789,-0.121078,0.410742,0.669042,-0.133478,0.350822,0.657943,-0.048026,0.357377,0.635898,-0.101013,0.368219,0.716593,-0.116491,0.372968,0.779347,-0.115767,0.307745,0.671467,-0.054085,0.30585,0.641083,-0.099089,0.318237,0.70737,-0.098664,0.327042,0.756992,-0.087336,0.269841,0.700001,-0.062936,0.249003,0.668566,-0.092838,0.25898,0.688453,-0.093995,0.272626,0.707481,-0.087522
835,27833,True,0.9935,0.9935,0.343321,0.822379,-0.0,0.386883,0.807006,-0.033602,0.423724,0.779091,-0.060992,0.449052,0.761177,-0.088327,0.447392,0.736971,-0.114748,0.400549,0.659705,-0.042757,0.400078,0.618058,-0.087589,0.411697,0.635114,-0.117487,0.42244,0.671547,-0.131225,0.355619,0.657936,-0.043812,0.361472,0.631606,-0.093699,0.375026,0.704632,-0.111439,0.382994,0.763612,-0.113495,0.313851,0.67142,-0.049801,0.313536,0.642709,-0.092527,0.327203,0.704781,-0.093913,0.336331,0.751504,-0.08452,0.276823,0.69724,-0.058547,0.259678,0.66878,-0.086656,0.27518,0.701654,-0.085972,0.291273,0.731942,-0.078318
836,27866,True,0.9905,0.9905,0.345909,0.831104,-0.0,0.390857,0.810472,-0.023099,0.428737,0.777857,-0.043934,0.457113,0.759761,-0.066428,0.478028,0.738609,-0.088975,0.401119,0.661395,-0.029897,0.408825,0.629255,-0.067432,0.42796,0.646677,-0.093526,0.446199,0.673765,-0.106672,0.361189,0.660288,-0.035138,0.374648,0.642627,-0.077249,0.396212,0.710514,-0.093967,0.406363,0.762093,-0.097763,0.322513,0.676413,-0.043919,0.328137,0.655236,-0.081258,0.349397,0.716565,-0.08207,0.359433,0.760014,-0.073996,0.28604,0.704706,-0.054616,0.278003,0.679347,-0.078862,0.297771,0.713988,-0.07614,0.312061,0.744733,-0.068202
837,27900,True,0.9907,0.9907,0.354598,0.841524,-0.0,0.403422,0.819902,-0.018256,0.448536,0.784775,-0.036149,0.481805,0.764075,-0.056116,0.502755,0.748038,-0.076412,0.4199,0.671406,-0.02502,0.445386,0.652265,-0.061767,0.465669,0.692376,-0.087925,0.479653,0.732081,-0.100675,0.380926,0.671895,-0.030993,0.402271,0.658025,-0.067433,0.419642,0.724462,-0.082434,0.4271,0.774706,-0.086395,0.341823,0.68757,-0.040133,0.354076,0.671564,-0.073644,0.374559,0.733568,-0.074062,0.384345,0.778736,-0.066499,0.304863,0.713995,-0.050529,0.309047,0.699915,-0.07222,0.329024,0.743621,-0.067232,0.340711,0.778658,-0.057879
838,27933,True,0.9939,0.9939,0.356842,0.855146,-0.0,0.413518,0.836504,-0.012943,0.462122,0.803117,-0.027627,0.500719,0.784943,-0.045114,0.53254,0.77807,-0.063355,0.436327,0.694712,-0.018264,0.46573,0.673491,-0.045322,0.489093,0.696472,-0.065791,0.506266,0.72595,-0.077043,0.401528,0.687306,-0.024273,0.432214,0.699756,-0.050508,0.440169,0.758166,-0.061063,0.440159,0.801895,-0.06421,0.366108,0.69957,-0.032752,0.389637,0.716652,-0.054727,0.401597,0.764694,-0.054413,0.405614,0.800579,-0.04987,0.333528,0.724249,-0.042937,0.349205,0.744637,-0.055522,0.363279,0.780291,-0.051489,0.370504,0.807138,-0.045105
839,27966,True,0.9995,0.9995,0.374381,0.869943,0.0,0.435513,0.851307,-0.007299,0.484984,0.822719,-0.022006,0.524867,0.812409,-0.040349,0.561759,0.812632,-0.060994,0.45774,0.708503,-0.0271,0.503544,0.714938,-0.058299,0.535181,0.741701,-0.082023,0.560922,0.771774,-0.097569,0.416163,0.712383,-0.040728,0.45643,0.732651,-0.071105,0.475514,0.781065,-0.085436,0.48285,0.814502,-0.09393,0.377268,0.74345,-0.055763,0.412239,0.772759,-0.08315,0.427494,0.809228,-0.087565,0.428784,0.827933,-0.088504,0.346699,0.791431,-0.071584,0.376678,0.832378,-0.088232,0.387919,0.854779,-0.087805,0.385408,0.860629,-0.086462
840,28000,True,0.9997,0.9997,0.372076,0.883776,0.0,0.442224,0.872833,-0.002084,0.500384,0.845831,-0.01468,0.539757,0.833871,-0.032047,0.575252,0.829644,-0.05175,0.484773,0.725279,-0.01611,0.53941,0.729655,-0.046497,0.57436,0.754129,-0.070043,0.602407,0.782508,-0.084952,0.446462,0.722359,-0.032354,0.502799,0.743394,-0.064642,0.521724,0.805809,-0.079238,0.526188,0.848586,-0.085347,0.409658,0.746669,-0.049744,0.458799,0.776203,-0.079849,0.474668,0.830799,-0.081506,0.475794,0.862661,-0.077458,0.378314,0.787989,-0.067354,0.418051,0.820997,-0.0863,0.437779,0.858333,-0.082806,0.44476,0.880401,-0.076716
841,28033,True,0.9986,0.9986,0.371394,0.892718,0.0,0.443063,0.881453,-0.002812,0.503627,0.85418,-0.01603,0.548364,0.844237,-0.032683,0.589931,0.840938,-0.050955,0.486617,0.731455,-0.023443,0.551895,0.744231,-0.052735,0.592764,0.761535,-0.073017,0.62576,0.779612,-0.086567,0.453744,0.730335,-0.0395,0.522258,0.760234,-0.072555,0.539713,0.826004,-0.084478,0.543011,0.868649,-0.089026,0.421816,0.759196,-0.056034,0.480545,0.797577,-0.088635,0.495764,0.856928,-0.088261,0.497751,0.890351,-0.082757,0.394417,0.804888,-0.072605,0.439151,0.843385,-0.094045,0.459596,0.881516,-0.091682,0.468085,0.903027,-0.086521
842,28066,True,0.9988,0.9988,0.37458,0.887804,0.0,0.444569,0.871695,-0.005033,0.504852,0.846259,-0.022036,0.55231,0.842124,-0.041947,0.596374,0.84198,-0.063365,0.490381,0.727731,-0.033271,0.554945,0.735809,-0.065222,0.598489,0.74927,-0.086484,0.633734,0.762223,-0.100955,0.456105,0.732323,-0.05063,0.527419,0.762255,-0.089213,0.550343,0.833299,-0.10213,0.55596,0.879211,-0.106771,0.423533,0.76762,-0.068244,0.488249,0.810106,-0.104692,0.506707,0.869204,-0.104339,0.507744,0.898956,-0.098513,0.395922,0.81821,-0.085937,0.446758,0.856136,-0.109166,0.465159,0.891375,-0.106431,0.467399,0.906783,-0.101194
843,28099,True,0.9991,0.9991,0.383488,0.882341,0.0,0.45392,0.863596,-0.004343,0.512097,0.834826,-0.020966,0.558208,0.825542,-0.040728,0.601554,0.820796,-0.06168,0.496632,0.721085,-0.03148,0.553149,0.711716,-0.063295,0.596926,0.725123,-0.084699,0.632479,0.74108,-0.098488,0.462844,0.727374,-0.048291,0.534232,0.76041,-0.086143,0.556055,0.829618,-0.098299,0.559446,0.872152,-0.102089,0.430709,0.762468,-0.065433,0.496365,0.810602,-0.100037,0.514887,0.866994,-0.098584,0.514715,0.893564,-0.091949,0.403188,0.811102,-0.082739,0.457154,0.852262,-0.102803,0.477481,0.887496,-0.097776,0.47971,0.902278,-0.090854
844,28133,True,0.9985,0.9985,0.385422,0.87722,0.0,0.457198,0.848751,-0.004873,0.517141,0.813856,-0.019348,0.564178,0.799122,-0.036155,0.606849,0.794311,-0.053864,0.501894,0.700878,-0.026375,0.554504,0.706592,-0.053256,0.594818,0.712409,-0.072539,0.629267,0.72183,-0.085907,0.466814,0.70973,-0.040735,0.532036,0.756886,-0.072045,0.551734,0.818644,-0.082784,0.556682,0.857622,-0.08744,0.434555,0.74654,-0.055483,0.496908,0.804172,-0.086166,0.514576,0.853026,-0.085813,0.517202,0.877793,-0.081171,0.40803,0.795839,-0.070519,0.461682,0.84069,-0.089273,0.483388,0.875099,-0.085898,0.490895,0.891949,-0.080637
845,28166,True,0.9992,0.9992,0.384164,0.864677,0.0,0.462259,0.835561,-0.00691,0.520562,0.801089,-0.024598,0.563593,0.781986,-0.044623,0.606378,0.770879,-0.065455,0.497552,0.686283,-0.03137,0.551165,0.693463,-0.061682,0.594841,0.699436,-0.08347,0.63016,0.708704,-0.098479,0.463016,0.7007,-0.046563,0.53368,0.748239,-0.081928,0.551303,0.810263,-0.093321,0.551167,0.845775,-0.097968,0.432153,0.743253,-0.062326,0.499149,0.800808,-0.095744,0.516729,0.850496,-0.092349,0.51544,0.873128,-0.085252,0.408039,0.797606,-0.078606,0.466359,0.839304,-0.097825,0.488556,0.870427,-0.091576,0.493441,0.882804,-0.084326
846,28200,True,0.9992,0.9992,0.385824,0.852025,0.0,0.459936,0.825235,-0.007856,0.517801,0.791431,-0.025039,0.561787,0.772302,-0.04426,0.605512,0.757461,-0.064175,0.496831,0.682031,-0.030875,0.549481,0.681769,-0.061719,0.592976,0.686642,-0.083005,0.627253,0.694246,-0.097353,0.463526,0.693855,-0.045476,0.535708,0.730552,-0.081582,0.55921,0.7941,-0.093721,0.563514,0.832639,-0.098426,0.43381,0.733071,-0.06089,0.500147,0.788541,-0.094586,0.521581,0.838262,-0.092648,0.523706,0.860528,-0.08653,0.410583,0.784481,-0.076858,0.466538,0.828041,-0.096093,0.488497,0.860546,-0.09091,0.493291,0.873897,-0.084584
847,28233,True,0.9991,0.9991,0.389688,0.836817,0.0,0.46503,0.811047,-0.007917,0.522036,0.777316,-0.025863,0.564529,0.758319,-0.045949,0.604703,0.743849,-0.067125,0.500913,0.668066,-0.034223,0.545958,0.667024,-0.066662,0.588143,0.669077,-0.090029,0.620725,0.675868,-0.106026,0.466041,0.676403,-0.049026,0.528772,0.720658,-0.084922,0.556179,0.781391,-0.097917,0.564087,0.818622,-0.104633,0.434373,0.713415,-0.064675,0.493222,0.767744,-0.099612,0.51953,0.818101,-0.099008,0.526835,0.843723,-0.094692,0.408157,0.76396,-0.08085,0.456793,0.807773,-0.10382,0.479746,0.840453,-0.101201,0.486932,0.855977,-0.096755
848,28266,True,0.9993,0.9993,0.401547,0.816581,0.0,0.47333,0.796584,-0.009234,0.528547,0.764564,-0.026355,0.5654,0.742864,-0.04561,0.601368,0.727601,-0.065421,0.505485,0.647863,-0.031303,0.543262,0.633506,-0.063474,0.583062,0.638174,-0.086544,0.616584,0.652409,-0.101581,0.470314,0.650006,-0.044376,0.527146,0.682833,-0.080942,0.557042,0.743591,-0.095112,0.569595,0.788518,-0.101299,0.439107,0.681023,-0.058473,0.493471,0.730132,-0.092578,0.522191,0.7833,-0.092541,0.534312,0.81822,-0.087643,0.41276,0.727503,-0.073427,0.458723,0.770835,-0.094786,0.482569,0.805946,-0.092294,0.49283,0.827695,-0.087234
849,28300,True,0.9987,0.9987,0.410641,0.804647,0.0,0.482175,0.78925,-0.009566,0.535462,0.75161,-0.024677,0.569042,0.72148,-0.042262,0.603927,0.703622,-0.060779,0.514475,0.634522,-0.023444,0.545239,0.617671,-0.052694,0.578153,0.614643,-0.073798,0.608527,0.619864,-0.087453,0.47894,0.62942,-0.035066,0.534651,0.657464,-0.071377,0.55807,0.722275,-0.084983,0.565645,0.773487,-0.089011,0.446557,0.651312,-0.048163,0.499888,0.693877,-0.081661,0.523027,0.75037,-0.081342,0.531287,0.79139,-0.075255,0.417624,0.689579,-0.062164,0.462443,0.725449,-0.082927,0.484712,0.762716,-0.080326,0.494203,0.78961,-0.074582
850,28333,True,0.9992,0.9992,0.41308,0.781185,0.0,0.481675,0.76495,-0.011579,0.533803,0.729333,-0.028551,0.568962,0.700598,-0.047514,0.600088,0.680059,-0.067556,0.513496,0.614911,-0.030081,0.547082,0.593727,-0.062368,0.57946,0.587574,-0.084391,0.609057,0.589125,-0.09855,0.475958,0.609129,-0.04241,0.532496,0.630702,-0.083953,0.554068,0.701176,-0.097996,0.559507,0.756528,-0.101013,0.441871,0.63196,-0.056178,0.493773,0.672271,-0.093443,0.513497,0.730251,-0.092586,0.518674,0.769763,-0.085406,0.41181,0.672564,-0.070842,0.455091,0.71317,-0.093941,0.477246,0.750692,-0.091281,0.486799,0.775444,-0.085191
851,28366,True,0.9992,0.9992,0.434073,0.763141,0.0,0.496496,0.748435,-0.013884,0.546567,0.712039,-0.030646,0.579008,0.679558,-0.049305,0.601558,0.650473,-0.069084,0.526817,0.594501,-0.027996,0.554924,0.568659,-0.059151,0.584605,0.555906,-0.081208,0.611726,0.550447,-0.095142,0.488231,0.583425,-0.038383,0.53812,0.603429,-0.079224,0.554541,0.669185,-0.09355,0.556188,0.719765,-0.096372,0.451847,0.599309,-0.050547,0.496805,0.63522,-0.087137,0.51302,0.692286,-0.086465,0.515902,0.731183,-0.078963,0.418692,0.634015,-0.063936,0.457252,0.666332,-0.087032,0.4791,0.706287,-0.084491,0.489149,0.734608,-0.077988
852,28400,True,0.9995,0.9995,0.449088,0.746218,0.0,0.50606,0.730379,-0.019167,0.553818,0.690168,-0.038136,0.584086,0.657613,-0.058189,0.600669,0.627643,-0.079188,0.522931,0.565643,-0.030987,0.546571,0.533702,-0.064601,0.577168,0.526019,-0.088935,0.605631,0.528036,-0.104035,0.484268,0.561121,-0.039336,0.534095,0.573492,-0.08099,0.550989,0.641899,-0.095005,0.552545,0.689663,-0.097762,0.448207,0.584145,-0.050335,0.492451,0.605384,-0.087535,0.508244,0.66456,-0.08512,0.509294,0.701341,-0.076523,0.415855,0.624547,-0.063085,0.453239,0.648171,-0.086921,0.473821,0.686585,-0.083042,0.480307,0.710287,-0.075549
853,28433,True,0.9996,0.9996,0.450194,0.735934,0.0,0.5076,0.717837,-0.020309,0.556559,0.676848,-0.039771,0.587245,0.643598,-0.059798,0.601541,0.608058,-0.080731,0.523014,0.550645,-0.030372,0.553185,0.525644,-0.063181,0.581288,0.507941,-0.086897,0.607172,0.494081,-0.102564,0.482676,0.5468,-0.038875,0.535885,0.551225,-0.081186,0.554082,0.625781,-0.095303,0.554742,0.675857,-0.09774,0.446257,0.572733,-0.04999,0.490003,0.584214,-0.089115,0.509292,0.645707,-0.086479,0.511838,0.68179,-0.077284,0.414537,0.617798,-0.062652,0.449895,0.631276,-0.088015,0.472764,0.668651,-0.083897,0.480036,0.69088,-0.07616
854,28466,True,0.9993,0.9993,0.456856,0.725677,0.0,0.513955,0.707815,-0.023978,0.560966,0.662619,-0.044181,0.586857,0.625391,-0.064435,0.605565,0.592294,-0.085633,0.525738,0.536523,-0.029035,0.557985,0.512306,-0.061784,0.586353,0.491527,-0.085992,0.612232,0.47488,-0.10212,0.484948,0.534332,-0.035648,0.535905,0.536834,-0.079724,0.553849,0.612685,-0.094609,0.555403,0.663278,-0.096776,0.448687,0.559124,-0.045393,0.491169,0.568785,-0.086644,0.508995,0.631973,-0.083957,0.510232,0.668739,-0.073842,0.416356,0.602356,-0.056986,0.451195,0.614396,-0.084125,0.473952,0.655447,-0.079926,0.48053,0.679826,-0.071459
855,28500,True,0.9994,0.9994,0.457368,0.717436,0.0,0.510778,0.697362,-0.020378,0.555562,0.650683,-0.039241,0.582181,0.613041,-0.058801,0.609317,0.581512,-0.078791,0.524966,0.527176,-0.024258,0.561983,0.49931,-0.055884,0.592753,0.47825,-0.078386,0.621339,0.460467,-0.093066,0.486697,0.522746,-0.031909,0.541752,0.523896,-0.075766,0.558561,0.601382,-0.089228,0.558442,0.652946,-0.089282,0.452065,0.545415,-0.042427,0.499133,0.555551,-0.084174,0.516681,0.623254,-0.08056,0.516827,0.661927,-0.068337,0.420925,0.586724,-0.054424,0.459484,0.598179,-0.081682,0.481942,0.642682,-0.076458,0.487024,0.669068,-0.066097
856,28533,True,0.9994,0.9994,0.457611,0.716142,0.0,0.510487,0.693963,-0.019874,0.552981,0.645432,-0.039558,0.579773,0.607549,-0.05995,0.61178,0.578909,-0.08045,0.52366,0.521147,-0.024269,0.564424,0.492385,-0.056907,0.59767,0.472195,-0.079784,0.627056,0.454288,-0.095233,0.48581,0.518437,-0.033485,0.544609,0.516191,-0.077806,0.561232,0.597304,-0.09016,0.55831,0.645469,-0.089886,0.452088,0.543799,-0.045814,0.50229,0.55294,-0.08943,0.518372,0.621286,-0.085182,0.513467,0.653941,-0.072718,0.421631,0.588104,-0.059488,0.463111,0.599629,-0.088709,0.48515,0.643903,-0.083307,0.486558,0.665571,-0.07308
857,28566,True,0.9992,0.9992,0.456589,0.718915,0.0,0.51079,0.696241,-0.021838,0.554777,0.648087,-0.042553,0.581571,0.610289,-0.063769,0.61451,0.58124,-0.084633,0.529454,0.519837,-0.023579,0.567653,0.492421,-0.057487,0.599646,0.470708,-0.080874,0.627919,0.452104,-0.096431,0.4913,0.513945,-0.032103,0.54803,0.515185,-0.078465,0.562907,0.600333,-0.090508,0.5589,0.648654,-0.08905,0.456053,0.535708,-0.044271,0.50532,0.549415,-0.09026,0.519055,0.622921,-0.084657,0.513054,0.65627,-0.070293,0.423047,0.576943,-0.058093,0.464238,0.593357,-0.08918,0.484697,0.642713,-0.083318,0.485757,0.665134,-0.072003
858,28599,True,0.9993,0.9993,0.464151,0.725894,0.0,0.52124,0.706065,-0.025948,0.568222,0.657656,-0.048064,0.588286,0.613388,-0.069872,0.614953,0.581413,-0.091008,0.537863,0.520757,-0.025317,0.572094,0.494591,-0.059392,0.602208,0.471478,-0.082606,0.629545,0.454004,-0.097931,0.496641,0.514403,-0.032059,0.551165,0.515493,-0.080043,0.565365,0.604603,-0.092367,0.562241,0.656769,-0.0902,0.459067,0.535277,-0.042805,0.506285,0.549123,-0.09056,0.520004,0.624561,-0.085073,0.514632,0.660201,-0.070091,0.423337,0.576196,-0.055428,0.464009,0.59046,-0.087848,0.48527,0.641983,-0.082125,0.487061,0.666233,-0.070489
859,28633,True,0.9994,0.9994,0.464452,0.73337,0.0,0.529018,0.719208,-0.030385,0.585284,0.679177,-0.053512,0.605865,0.637113,-0.07538,0.613718,0.594088,-0.09643,0.548675,0.52774,-0.028229,0.575466,0.50163,-0.061519,0.601991,0.481269,-0.084393,0.628162,0.468452,-0.098985,0.504099,0.519979,-0.03205,0.552733,0.521316,-0.078588,0.567403,0.610944,-0.091415,0.567087,0.666491,-0.089496,0.463255,0.538864,-0.040134,0.504396,0.552689,-0.085085,0.519499,0.627421,-0.080435,0.517487,0.665684,-0.066536,0.425057,0.577416,-0.050667,0.461414,0.590428,-0.081087,0.482217,0.641661,-0.076046,0.485376,0.66749,-0.065152
860,28666,True,0.9992,0.9992,0.462774,0.733989,0.0,0.529511,0.722162,-0.031202,0.585168,0.68696,-0.055409,0.606675,0.647565,-0.078194,0.616294,0.604235,-0.10013,0.552484,0.532917,-0.031622,0.580409,0.506767,-0.066947,0.60628,0.490562,-0.091541,0.632602,0.48266,-0.107261,0.506963,0.523256,-0.035968,0.554416,0.529525,-0.084378,0.568319,0.617615,-0.098989,0.569451,0.673142,-0.098473,0.464866,0.542756,-0.044452,0.504525,0.56047,-0.091066,0.519552,0.634241,-0.08764,0.520135,0.672604,-0.074558,0.426513,0.581878,-0.055439,0.461901,0.599329,-0.087647,0.482797,0.652411,-0.083353,0.488552,0.680419,-0.072628
861,28700,True,0.9994,0.9994,0.463834,0.736401,0.0,0.527,0.725614,-0.028779,0.582555,0.692239,-0.051614,0.608212,0.655084,-0.073332,0.61493,0.611576,-0.094645,0.552437,0.538185,-0.032836,0.583659,0.510786,-0.067278,0.610553,0.492524,-0.092044,0.637114,0.481045,-0.108076,0.507756,0.527446,-0.038052,0.55593,0.534604,-0.085519,0.570074,0.620201,-0.100981,0.570945,0.677644,-0.101688,0.465742,0.546476,-0.046729,0.506848,0.563587,-0.091401,0.522411,0.636499,-0.088487,0.523786,0.677841,-0.07637,0.427669,0.584703,-0.057749,0.463914,0.600229,-0.088416,0.484145,0.652414,-0.084127,0.489788,0.683146,-0.073805
862,28733,True,0.9995,0.9995,0.461233,0.736435,0.0,0.525091,0.727021,-0.028736,0.580277,0.694626,-0.05226,0.607811,0.659445,-0.074747,0.615023,0.615988,-0.096951,0.551664,0.539347,-0.03337,0.58462,0.51285,-0.068994,0.613364,0.493264,-0.094769,0.642129,0.480339,-0.111514,0.507767,0.528187,-0.039303,0.559323,0.537216,-0.08846,0.571851,0.623672,-0.104532,0.571039,0.680758,-0.105436,0.465825,0.547181,-0.048729,0.509502,0.564091,-0.095454,0.523017,0.637713,-0.092997,0.52219,0.678219,-0.080846,0.427578,0.585218,-0.060385,0.465775,0.600861,-0.093172,0.485287,0.655238,-0.089158,0.490143,0.686714,-0.078651
863,28766,True,0.9996,0.9996,0.45755,0.734212,0.0,0.520116,0.727814,-0.02739,0.577013,0.698577,-0.050512,0.609981,0.664858,-0.073098,0.615662,0.620127,-0.095624,0.552317,0.542306,-0.033534,0.587699,0.513177,-0.068937,0.617748,0.492781,-0.094619,0.647307,0.478333,-0.111333,0.50975,0.529613,-0.040133,0.560972,0.538286,-0.089282,0.57294,0.623819,-0.105644,0.571852,0.682557,-0.10681,0.468642,0.547013,-0.049978,0.511473,0.564884,-0.095518,0.525481,0.638101,-0.09318,0.525695,0.681253,-0.081383,0.430695,0.583399,-0.062112,0.467623,0.600233,-0.093708,0.487209,0.653706,-0.089935,0.492895,0.687048,-0.079826
864,28800,True,0.9996,0.9996,0.460256,0.737037,0.0,0.521797,0.727909,-0.024018,0.57961,0.695715,-0.045048,0.608219,0.661851,-0.066012,0.617445,0.620917,-0.087075,0.55393,0.543938,-0.030394,0.592983,0.515648,-0.064476,0.62463,0.492786,-0.089763,0.654313,0.474326,-0.10641,0.510539,0.531359,-0.038514,0.56243,0.538309,-0.086153,0.574126,0.620794,-0.102223,0.571613,0.678085,-0.103564,0.469374,0.548349,-0.049478,0.513927,0.563575,-0.093947,0.526929,0.637406,-0.090724,0.525712,0.681235,-0.078502,0.43157,0.585228,-0.062389,0.470343,0.600687,-0.092755,0.488711,0.654556,-0.08746,0.492851,0.688212,-0.076452
865,28833,True,0.9996,0.9996,0.459461,0.734407,0.0,0.519369,0.726717,-0.025012,0.575859,0.693768,-0.046477,0.605556,0.659095,-0.067728,0.616875,0.617079,-0.088943,0.553656,0.544259,-0.03117,0.59527,0.512848,-0.065874,0.627538,0.488612,-0.090943,0.656955,0.468548,-0.107323,0.511255,0.531927,-0.038979,0.564957,0.533916,-0.087755,0.574658,0.617742,-0.103162,0.570185,0.674333,-0.103637,0.470641,0.548209,-0.049802,0.516222,0.5603,-0.096194,0.526998,0.636096,-0.091995,0.523804,0.678955,-0.078528,0.432334,0.583771,-0.06248,0.471745,0.595771,-0.094419,0.489142,0.651127,-0.088311,0.492054,0.684356,-0.076299
866,28866,True,0.9993,0.9993,0.464361,0.732529,0.0,0.523912,0.725163,-0.025478,0.579459,0.69228,-0.046718,0.609568,0.657213,-0.06791,0.616804,0.614195,-0.089118,0.558737,0.543416,-0.030479,0.59898,0.510236,-0.065495,0.630704,0.484607,-0.090847,0.659474,0.462895,-0.107415,0.517102,0.531081,-0.037999,0.566999,0.529979,-0.087395,0.576307,0.614225,-0.103026,0.571881,0.671182,-0.103453,0.476238,0.546154,-0.048672,0.517686,0.555836,-0.094908,0.528453,0.631332,-0.09052,0.525329,0.674133,-0.076923,0.437342,0.580233,-0.061375,0.473236,0.591529,-0.092781,0.49003,0.64627,-0.08673,0.492149,0.67911,-0.07492
867,28900,True,0.9994,0.9994,0.467392,0.730364,0.0,0.526828,0.72525,-0.028079,0.583285,0.693364,-0.050378,0.609347,0.655433,-0.071844,0.617401,0.610001,-0.09325,0.565509,0.54036,-0.032877,0.603868,0.50619,-0.067669,0.635531,0.477972,-0.092616,0.663577,0.454427,-0.108969,0.522121,0.527196,-0.038959,0.570697,0.52677,-0.087505,0.578619,0.612202,-0.102091,0.572777,0.667901,-0.102005,0.480379,0.54179,-0.048424,0.520733,0.55061,-0.094698,0.531573,0.627137,-0.089494,0.528092,0.669446,-0.075587,0.440297,0.576438,-0.060052,0.475697,0.586706,-0.092214,0.492492,0.64288,-0.086075,0.494462,0.674992,-0.074194
868,28933,True,0.9991,0.9991,0.469705,0.728212,0.0,0.529458,0.723603,-0.029338,0.586307,0.68937,-0.051806,0.609546,0.64732,-0.073034,0.616931,0.600963,-0.093908,0.570554,0.538806,-0.033724,0.608611,0.50247,-0.069074,0.640045,0.472786,-0.09387,0.666776,0.447498,-0.110182,0.526462,0.524864,-0.039458,0.574617,0.522028,-0.089733,0.582078,0.611759,-0.104163,0.574916,0.668887,-0.103189,0.484104,0.538971,-0.048742,0.523482,0.547488,-0.096906,0.535031,0.625799,-0.091284,0.53135,0.667145,-0.076376,0.442825,0.573122,-0.060187,0.47868,0.58286,-0.093317,0.49583,0.639875,-0.08675,0.497134,0.670619,-0.074285
869,28966,True,0.9989,0.9989,0.472787,0.72504,0.0,0.531556,0.720064,-0.029097,0.587434,0.686781,-0.05131,0.611673,0.646148,-0.072568,0.61935,0.600724,-0.093433,0.572419,0.539378,-0.032924,0.611546,0.498945,-0.066952,0.642659,0.467616,-0.090282,0.668202,0.439914,-0.105719,0.529303,0.524996,-0.038476,0.577539,0.517367,-0.087581,0.58449,0.60637,-0.101133,0.576856,0.662744,-0.099584,0.48739,0.537101,-0.047506,0.526177,0.5419,-0.094632,0.53735,0.620746,-0.08844,0.533929,0.663074,-0.07314,0.446036,0.568481,-0.058754,0.479957,0.576828,-0.091493,0.497972,0.634113,-0.085117,0.500584,0.66601,-0.072722
870,29000,True,0.9986,0.9986,0.47128,0.72006,0.0,0.528545,0.712248,-0.026718,0.581939,0.672279,-0.047702,0.606897,0.63001,-0.068359,0.613916,0.586198,-0.088713,0.571594,0.53524,-0.030822,0.611946,0.490576,-0.063651,0.643065,0.457898,-0.086244,0.667432,0.428484,-0.101394,0.529591,0.523705,-0.037514,0.577976,0.513173,-0.086395,0.586172,0.600675,-0.100157,0.578667,0.656196,-0.098971,0.488532,0.53647,-0.04738,0.528902,0.536482,-0.09445,0.540247,0.615466,-0.0882,0.536294,0.658658,-0.072877,0.447906,0.567578,-0.05924,0.483633,0.570615,-0.091913,0.50151,0.627017,-0.085123,0.503157,0.659726,-0.072524
871,29033,True,0.9985,0.9985,0.473957,0.716762,0.0,0.530293,0.705781,-0.024059,0.58284,0.661747,-0.043107,0.610813,0.618459,-0.062395,0.61681,0.57425,-0.081324,0.570222,0.531802,-0.028692,0.613031,0.481,-0.060365,0.644793,0.446446,-0.081286,0.6692,0.415074,-0.095225,0.53012,0.52095,-0.035995,0.580769,0.50492,-0.083093,0.588114,0.58967,-0.095033,0.579688,0.643635,-0.092897,0.489972,0.532779,-0.046322,0.53257,0.532847,-0.091152,0.542036,0.608295,-0.083988,0.536477,0.648168,-0.068603,0.450381,0.561724,-0.058613,0.487051,0.566642,-0.088894,0.504068,0.620488,-0.081566,0.504572,0.650741,-0.069177
872,29066,True,0.9986,0.9986,0.478113,0.713925,0.0,0.535509,0.700548,-0.022116,0.589293,0.653784,-0.039766,0.618521,0.609544,-0.058226,0.621185,0.566588,-0.076619,0.574001,0.525609,-0.02719,0.616736,0.470895,-0.057795,0.648112,0.433937,-0.078608,0.672286,0.400151,-0.092711,0.533199,0.516047,-0.035175,0.582214,0.500453,-0.08131,0.591234,0.583249,-0.093705,0.583973,0.636534,-0.092553,0.492764,0.528869,-0.04589,0.535758,0.524096,-0.089924,0.547691,0.599577,-0.082875,0.543574,0.642199,-0.068026,0.45302,0.558712,-0.058488,0.491082,0.559839,-0.089002,0.508666,0.613395,-0.081992,0.509112,0.646002,-0.069913
873,29099,True,0.998,0.998,0.481514,0.713238,0.0,0.540175,0.698364,-0.021761,0.594972,0.651359,-0.039462,0.622175,0.607533,-0.058127,0.621294,0.568269,-0.076845,0.576839,0.522028,-0.027624,0.62034,0.464081,-0.056904,0.651181,0.426025,-0.076795,0.674418,0.39087,-0.090444,0.535562,0.513192,-0.035444,0.585179,0.498643,-0.080909,0.59529,0.580729,-0.092997,0.587987,0.634408,-0.091706,0.495392,0.52579,-0.045727,0.538894,0.519931,-0.08839,0.551386,0.595481,-0.080947,0.546888,0.639408,-0.065993,0.456421,0.554702,-0.057954,0.495442,0.553861,-0.087141,0.512864,0.607358,-0.079683,0.512428,0.641182,-0.067395
874,29133,True,0.9974,0.9974,0.481206,0.715002,0.0,0.540642,0.699157,-0.022797,0.593804,0.652212,-0.04197,0.620755,0.608158,-0.06228,0.623856,0.566468,-0.082435,0.577126,0.521392,-0.027667,0.621574,0.46113,-0.057501,0.653366,0.420797,-0.077996,0.67651,0.384334,-0.092137,0.535727,0.512314,-0.035526,0.586868,0.496895,-0.080993,0.597836,0.577868,-0.093424,0.589461,0.628983,-0.092536,0.496036,0.525124,-0.046029,0.541774,0.517015,-0.088542,0.55416,0.591767,-0.080633,0.547802,0.633144,-0.065667,0.457589,0.554872,-0.05865,0.498246,0.555325,-0.087654,0.516056,0.607805,-0.079705,0.514753,0.639212,-0.067162
875,29166,True,0.9975,0.9975,0.48097,0.710884,0.0,0.540017,0.694335,-0.022529,0.592116,0.648961,-0.04241,0.621653,0.605795,-0.063612,0.625781,0.565124,-0.084629,0.578236,0.519282,-0.029693,0.623078,0.455583,-0.0605,0.654726,0.415166,-0.081157,0.678097,0.378151,-0.09528,0.537557,0.51069,-0.038222,0.589209,0.49177,-0.085386,0.600561,0.573331,-0.097935,0.592806,0.627501,-0.096847,0.498071,0.523824,-0.049337,0.544654,0.515346,-0.093278,0.557011,0.590501,-0.08575,0.551093,0.634125,-0.070624,0.459901,0.553326,-0.062516,0.501107,0.553548,-0.092357,0.519102,0.605774,-0.085021,0.518079,0.638546,-0.072783
876,29200,True,0.9976,0.9976,0.480989,0.711906,0.0,0.541386,0.695032,-0.021962,0.593684,0.649087,-0.041067,0.621707,0.605896,-0.061648,0.626301,0.564209,-0.081985,0.579115,0.519502,-0.029777,0.624249,0.453681,-0.060326,0.655154,0.412322,-0.080937,0.678062,0.372782,-0.09517,0.538393,0.510472,-0.038246,0.589772,0.492332,-0.084949,0.600953,0.571576,-0.09797,0.592613,0.623265,-0.09763,0.499079,0.522751,-0.049116,0.546504,0.514079,-0.092486,0.558074,0.588704,-0.085148,0.551043,0.631437,-0.070391,0.461365,0.551345,-0.062016,0.504094,0.551334,-0.091333,0.521385,0.604073,-0.0839,0.519328,0.637031,-0.071684
877,29233,True,0.9977,0.9977,0.480527,0.711745,0.0,0.540645,0.694471,-0.021253,0.5931,0.649332,-0.04035,0.623772,0.607603,-0.061081,0.629735,0.564261,-0.081564,0.578182,0.517824,-0.029701,0.624101,0.45119,-0.060448,0.655437,0.409833,-0.081172,0.678173,0.36958,-0.095539,0.538196,0.509216,-0.038629,0.59105,0.490534,-0.085123,0.602386,0.57073,-0.098139,0.593368,0.620958,-0.098001,0.499585,0.522076,-0.04984,0.547582,0.512912,-0.09298,0.559183,0.588168,-0.085173,0.551484,0.629228,-0.070297,0.462647,0.551197,-0.063028,0.505217,0.55076,-0.092131,0.522448,0.603218,-0.084213,0.519615,0.634827,-0.071759
878,29266,True,0.9975,0.9975,0.484273,0.71284,0.0,0.545148,0.696881,-0.023223,0.596929,0.65341,-0.043796,0.6266,0.611473,-0.065716,0.633147,0.565598,-0.08731,0.581527,0.519053,-0.032925,0.625869,0.449694,-0.065154,0.656681,0.406596,-0.086742,0.679028,0.365466,-0.101534,0.540965,0.509808,-0.04139,0.59367,0.490558,-0.089883,0.605919,0.572198,-0.103391,0.597573,0.626136,-0.103108,0.501542,0.522485,-0.052266,0.549374,0.513499,-0.096968,0.562631,0.590136,-0.089131,0.556528,0.634634,-0.073771,0.463699,0.55166,-0.065268,0.505749,0.551203,-0.095499,0.524532,0.604617,-0.087725,0.523488,0.638602,-0.075014
879,29300,True,0.9976,0.9976,0.493108,0.718976,0.0,0.553247,0.704382,-0.025586,0.604665,0.661733,-0.046935,0.631282,0.619055,-0.06916,0.633608,0.571925,-0.091057,0.588368,0.521733,-0.034582,0.62937,0.450447,-0.066647,0.658703,0.406076,-0.088449,0.680448,0.365379,-0.103407,0.546098,0.512166,-0.041811,0.596114,0.492662,-0.08983,0.608853,0.572801,-0.103791,0.601599,0.62707,-0.104012,0.505126,0.524594,-0.051651,0.551027,0.514324,-0.09581,0.566123,0.589517,-0.089206,0.561753,0.634788,-0.075072,0.465711,0.553614,-0.063814,0.506817,0.551674,-0.094285,0.526518,0.604957,-0.087553,0.527081,0.640194,-0.075698
880,29333,True,0.9971,0.9971,0.489595,0.716527,0.0,0.550376,0.70281,-0.023706,0.601725,0.661412,-0.04422,0.62752,0.62213,-0.066122,0.633476,0.576835,-0.087782,0.587779,0.523456,-0.033147,0.630628,0.450705,-0.064308,0.661059,0.407323,-0.085279,0.683084,0.367382,-0.099559,0.545294,0.515117,-0.041043,0.5977,0.495451,-0.087983,0.611772,0.573246,-0.101964,0.604208,0.625965,-0.102503,0.504726,0.528152,-0.051318,0.552288,0.516922,-0.094682,0.567567,0.590948,-0.088482,0.562399,0.635052,-0.074795,0.46632,0.557681,-0.063695,0.509158,0.555971,-0.093662,0.529456,0.608155,-0.086974,0.529982,0.642635,-0.075217
881,29366,True,0.9973,0.9973,0.497544,0.722605,0.0,0.558251,0.707359,-0.024188,0.61012,0.66236,-0.044299,0.632867,0.620257,-0.06537,0.632719,0.575564,-0.086156,0.592202,0.523987,-0.032306,0.633008,0.452977,-0.063819,0.663102,0.40964,-0.085261,0.684519,0.369396,-0.100071,0.54912,0.516081,-0.040012,0.599678,0.495238,-0.087316,0.612284,0.577613,-0.100997,0.603297,0.629912,-0.101181,0.507666,0.529483,-0.050233,0.554689,0.518929,-0.094603,0.568919,0.595618,-0.087694,0.562144,0.637185,-0.073386,0.467998,0.558978,-0.062518,0.510686,0.557312,-0.092916,0.529663,0.6116,-0.085391,0.528069,0.643837,-0.073172
882,29400,True,0.997,0.997,0.497864,0.723378,0.0,0.55756,0.709431,-0.024549,0.607798,0.664917,-0.044522,0.630173,0.624148,-0.06549,0.632486,0.581562,-0.086159,0.593047,0.525225,-0.033082,0.634982,0.453117,-0.063834,0.664633,0.409538,-0.084178,0.686199,0.370487,-0.097897,0.549183,0.517852,-0.040218,0.600995,0.495946,-0.086976,0.616035,0.574366,-0.100369,0.610228,0.629526,-0.100115,0.507315,0.531143,-0.049864,0.554644,0.520268,-0.093875,0.571344,0.595797,-0.088117,0.567745,0.642013,-0.074246,0.468032,0.560797,-0.061579,0.511171,0.558061,-0.09229,0.53197,0.611841,-0.085987,0.53311,0.647875,-0.074224
883,29433,True,0.9966,0.9966,0.495988,0.725914,0.0,0.555907,0.711663,-0.025701,0.606272,0.665335,-0.045634,0.629901,0.622635,-0.066172,0.635855,0.578524,-0.086208,0.592879,0.527296,-0.033148,0.63556,0.455045,-0.064778,0.665985,0.411592,-0.08567,0.687763,0.371519,-0.09984,0.550024,0.519595,-0.0399,0.601464,0.494945,-0.087798,0.615806,0.57593,-0.101395,0.60894,0.630413,-0.10092,0.508742,0.532789,-0.049373,0.55541,0.520875,-0.094663,0.570551,0.597639,-0.088487,0.564924,0.641272,-0.07394,0.469471,0.562309,-0.060984,0.512007,0.55931,-0.092316,0.531446,0.613667,-0.085518,0.530244,0.64746,-0.073263
884,29466,True,0.9971,0.9971,0.498606,0.725889,0.0,0.559297,0.711886,-0.024684,0.610075,0.668342,-0.044608,0.632783,0.62761,-0.06549,0.635647,0.583748,-0.086014,0.594813,0.526146,-0.032615,0.636826,0.454234,-0.063416,0.666769,0.410959,-0.084015,0.688204,0.371077,-0.098124,0.551634,0.518601,-0.039701,0.601704,0.495506,-0.086463,0.615813,0.576252,-0.100125,0.608722,0.630864,-0.100152,0.510344,0.532396,-0.049298,0.555841,0.520541,-0.093759,0.570903,0.59789,-0.087923,0.565621,0.642805,-0.073902,0.47112,0.562368,-0.060909,0.51239,0.558574,-0.092,0.532358,0.613044,-0.085582,0.532451,0.647943,-0.073729
885,29500,True,0.9973,0.9973,0.498307,0.72508,0.0,0.559539,0.709959,-0.023204,0.610662,0.661635,-0.041951,0.632975,0.618897,-0.061869,0.635029,0.576859,-0.081579,0.592307,0.524041,-0.032194,0.63579,0.452914,-0.063247,0.666776,0.410015,-0.083892,0.689329,0.370799,-0.097873,0.548541,0.517489,-0.03985,0.602306,0.496341,-0.087388,0.61749,0.576784,-0.100935,0.610637,0.633278,-0.100605,0.5073,0.531996,-0.049889,0.556123,0.521136,-0.094934,0.571997,0.598819,-0.089204,0.566822,0.645617,-0.074917,0.46917,0.562556,-0.06183,0.513895,0.559273,-0.093233,0.534092,0.613766,-0.087026,0.533535,0.650034,-0.075142
886,29533,True,0.9969,0.9969,0.495982,0.723415,0.0,0.556331,0.71141,-0.026447,0.606484,0.667594,-0.047124,0.629824,0.626496,-0.068441,0.636901,0.583303,-0.089229,0.595188,0.526015,-0.034247,0.637796,0.45292,-0.06568,0.667685,0.40879,-0.085992,0.689032,0.368383,-0.099717,0.552274,0.518162,-0.040523,0.6034,0.494023,-0.088674,0.618034,0.575283,-0.102041,0.611732,0.631706,-0.101201,0.51107,0.531451,-0.049522,0.557067,0.519773,-0.095647,0.572774,0.598065,-0.089902,0.568142,0.644676,-0.075171,0.472209,0.560966,-0.060632,0.514221,0.557483,-0.093141,0.534679,0.61252,-0.087223,0.534802,0.64833,-0.075187
887,29566,True,0.9972,0.9972,0.498511,0.723732,0.0,0.557816,0.708281,-0.023305,0.607358,0.661953,-0.042468,0.632359,0.620229,-0.062775,0.641341,0.575617,-0.082667,0.592494,0.523771,-0.032635,0.635498,0.451181,-0.063719,0.666159,0.407588,-0.084156,0.688202,0.366961,-0.098067,0.550432,0.515892,-0.040163,0.603497,0.494064,-0.087808,0.61738,0.575923,-0.101063,0.609793,0.631893,-0.100544,0.510053,0.529285,-0.050044,0.558542,0.518704,-0.094981,0.573148,0.596594,-0.088442,0.567326,0.642688,-0.073679,0.471732,0.558653,-0.061835,0.51521,0.555613,-0.093062,0.534386,0.610369,-0.086413,0.533207,0.646107,-0.074219
888,29599,True,0.9973,0.9973,0.496873,0.721427,0.0,0.554727,0.710283,-0.027143,0.603543,0.669712,-0.049607,0.629553,0.631026,-0.0727,0.64016,0.585175,-0.095211,0.594662,0.524245,-0.036584,0.637524,0.449968,-0.068487,0.667762,0.406252,-0.089037,0.689716,0.366138,-0.102893,0.552706,0.516488,-0.043213,0.605659,0.491139,-0.091702,0.61998,0.572588,-0.105284,0.612913,0.628676,-0.104725,0.512086,0.530028,-0.05248,0.558896,0.51667,-0.098631,0.57367,0.594425,-0.092635,0.56764,0.640257,-0.077973,0.473307,0.559909,-0.063845,0.515886,0.55382,-0.096317,0.535539,0.608613,-0.089767,0.534141,0.644585,-0.077389
889,29633,True,0.9977,0.9977,0.501888,0.724032,0.0,0.559819,0.711037,-0.025476,0.608953,0.667138,-0.046133,0.63405,0.625121,-0.067553,0.643862,0.57746,-0.08853,0.596038,0.523604,-0.034403,0.637252,0.448598,-0.065323,0.667396,0.403977,-0.085642,0.68956,0.363143,-0.09947,0.554274,0.515112,-0.041144,0.606179,0.492321,-0.088488,0.618921,0.574045,-0.101812,0.610734,0.630156,-0.10138,0.513764,0.528386,-0.050331,0.560448,0.51544,-0.095298,0.574474,0.592858,-0.088861,0.568434,0.639466,-0.074227,0.474672,0.557916,-0.061505,0.516495,0.550233,-0.09339,0.535566,0.605715,-0.086542,0.534438,0.643218,-0.074016
890,29666,True,0.9975,0.9975,0.498139,0.718966,0.0,0.55584,0.705536,-0.023787,0.605823,0.660073,-0.043538,0.633067,0.618436,-0.064491,0.643463,0.572975,-0.085086,0.595292,0.520771,-0.03339,0.637809,0.444884,-0.063855,0.66794,0.399869,-0.083315,0.689751,0.358763,-0.096406,0.553468,0.512582,-0.040898,0.606805,0.48931,-0.088272,0.621004,0.56966,-0.1012,0.61373,0.626432,-0.100267,0.51342,0.526073,-0.050705,0.560818,0.514802,-0.095606,0.575201,0.591045,-0.089321,0.569305,0.637621,-0.074629,0.475419,0.555823,-0.062414,0.518791,0.550973,-0.094016,0.538039,0.605346,-0.087374,0.536867,0.642423,-0.07494
891,29700,True,0.9973,0.9973,0.500722,0.720382,0.0,0.557851,0.705641,-0.023912,0.606598,0.66067,-0.044215,0.632955,0.62047,-0.065762,0.644053,0.574371,-0.086909,0.595002,0.520077,-0.033713,0.637275,0.444286,-0.065303,0.667706,0.399202,-0.086235,0.689261,0.357234,-0.100567,0.553615,0.511635,-0.04171,0.606873,0.489751,-0.0897,0.620826,0.571111,-0.103407,0.612868,0.6254,-0.103363,0.513535,0.525191,-0.05207,0.561559,0.512618,-0.097222,0.576459,0.590704,-0.090402,0.570604,0.636071,-0.075701,0.475069,0.555487,-0.064406,0.517817,0.5509,-0.096025,0.537314,0.605738,-0.088872,0.536472,0.641091,-0.076335
892,29733,True,0.9972,0.9972,0.509203,0.73105,0.0,0.567413,0.716911,-0.024515,0.615553,0.663551,-0.041632,0.636557,0.614836,-0.059131,0.643367,0.569566,-0.07596,0.600772,0.5244,-0.031291,0.639818,0.446756,-0.06046,0.668509,0.399935,-0.079229,0.688381,0.357546,-0.09203,0.557879,0.516163,-0.037086,0.607423,0.491206,-0.082106,0.620845,0.572851,-0.093658,0.613323,0.627858,-0.091942,0.517004,0.529037,-0.045408,0.56399,0.520134,-0.088535,0.578115,0.597827,-0.081354,0.571721,0.641509,-0.066346,0.478424,0.558217,-0.055784,0.520612,0.557413,-0.085403,0.539096,0.612492,-0.078027,0.536827,0.645859,-0.065475
893,29766,True,0.9962,0.9962,0.506961,0.737161,0.0,0.569862,0.718838,-0.026194,0.624005,0.662713,-0.043194,0.640342,0.602378,-0.060167,0.632452,0.551472,-0.076869,0.611172,0.53146,-0.031132,0.647631,0.467443,-0.061946,0.67264,0.423158,-0.081309,0.691615,0.381374,-0.094054,0.565019,0.51918,-0.036021,0.610547,0.507604,-0.083863,0.620448,0.593383,-0.094878,0.614062,0.653759,-0.091107,0.520917,0.53137,-0.043811,0.566218,0.543839,-0.089301,0.57639,0.623783,-0.081146,0.569513,0.67138,-0.063768,0.479572,0.560942,-0.053952,0.520575,0.57475,-0.084479,0.533852,0.632138,-0.077126,0.528765,0.66702,-0.063644
894,29800,True,0.9905,0.9905,0.567404,0.517847,-1e-06,0.510635,0.565197,-0.032446,0.465349,0.63338,-0.07414,0.452113,0.714067,-0.113313,0.463915,0.755548,-0.153991,0.482097,0.572998,-0.100903,0.475883,0.704034,-0.144754,0.481071,0.722395,-0.173081,0.483833,0.698048,-0.194831,0.534608,0.568928,-0.107404,0.540273,0.721777,-0.141413,0.532492,0.735693,-0.147244,0.530059,0.690333,-0.158818,0.588009,0.573974,-0.113018,0.589524,0.725653,-0.141041,0.572195,0.730699,-0.128581,0.563263,0.679168,-0.125857,0.63578,0.583923,-0.122994,0.630103,0.71168,-0.143371,0.607238,0.72434,-0.134889,0.593004,0.689667,-0.132712
895,29833,True,0.9862,0.9862,0.583618,0.532399,-0.0,0.62802,0.572192,-0.032044,0.642207,0.648745,-0.061148,0.629577,0.714263,-0.079983,0.602207,0.741816,-0.098057,0.60306,0.569978,-0.1227,0.594924,0.730773,-0.155473,0.587582,0.782575,-0.158749,0.578634,0.793689,-0.156172,0.551668,0.577425,-0.113768,0.557282,0.755452,-0.142536,0.556813,0.78101,-0.136727,0.552293,0.757568,-0.131088,0.507274,0.594502,-0.101258,0.51728,0.752739,-0.122423,0.527861,0.766153,-0.112091,0.532488,0.741469,-0.103515,0.472706,0.622846,-0.089468,0.473049,0.720445,-0.109507,0.481353,0.729373,-0.107703,0.485322,0.711637,-0.103739
896,29866,True,0.9815,0.9815,0.503017,0.677741,-0.0,0.565155,0.68939,-0.02986,0.614533,0.709839,-0.055988,0.640119,0.75314,-0.077166,0.648345,0.796872,-0.099996,0.595312,0.618709,-0.086543,0.608788,0.690321,-0.11668,0.603133,0.758115,-0.131686,0.594788,0.810021,-0.141294,0.550583,0.614901,-0.084921,0.567837,0.708316,-0.111684,0.565778,0.773753,-0.12017,0.562421,0.82041,-0.129758,0.503444,0.629262,-0.082011,0.526281,0.715172,-0.109989,0.531957,0.769239,-0.112696,0.537408,0.807076,-0.114653,0.461453,0.653841,-0.080484,0.475517,0.716604,-0.102135,0.486425,0.7534,-0.102575,0.496433,0.781014,-0.103817
897,29900,True,0.9995,0.9995,0.47701,0.766545,0.0,0.543921,0.774928,-0.013784,0.59428,0.777837,-0.039036,0.632712,0.791603,-0.066541,0.672537,0.815976,-0.095308,0.611494,0.663947,-0.045846,0.647754,0.724847,-0.090411,0.65335,0.778622,-0.118731,0.643546,0.81808,-0.134686,0.572047,0.646507,-0.062077,0.607146,0.721469,-0.108745,0.600962,0.799764,-0.124312,0.584695,0.842817,-0.130511,0.524026,0.652227,-0.080364,0.552028,0.718547,-0.122796,0.545825,0.783354,-0.123105,0.534577,0.809371,-0.117821,0.476358,0.673159,-0.099344,0.490655,0.719907,-0.125911,0.492946,0.76021,-0.122229,0.490206,0.774866,-0.116446
898,29933,True,0.9998,0.9998,0.479208,0.769561,-0.0,0.544219,0.778787,-0.011213,0.591914,0.777297,-0.032699,0.626579,0.7766,-0.055652,0.664145,0.787206,-0.079189,0.598068,0.652873,-0.046113,0.622126,0.714141,-0.084285,0.615775,0.78294,-0.107821,0.599901,0.827272,-0.120777,0.556196,0.639401,-0.059979,0.581883,0.708294,-0.096561,0.579872,0.778217,-0.110678,0.56721,0.816035,-0.118651,0.509973,0.650071,-0.07488,0.534674,0.702933,-0.109024,0.53901,0.764284,-0.112412,0.535149,0.794766,-0.111781,0.466321,0.676056,-0.089827,0.473057,0.720331,-0.112218,0.478661,0.757748,-0.112315,0.479829,0.775614,-0.110423
899,29966,True,0.9998,0.9998,0.490554,0.774256,0.0,0.548989,0.772265,-0.012398,0.59541,0.757079,-0.032342,0.628972,0.745753,-0.054324,0.6644,0.744725,-0.076441,0.596618,0.633356,-0.03635,0.634328,0.655407,-0.075183,0.640495,0.707852,-0.098833,0.635579,0.74304,-0.111795,0.557161,0.61595,-0.050627,0.600114,0.651257,-0.094226,0.602835,0.737997,-0.108646,0.59282,0.791562,-0.1116,0.513368,0.628947,-0.066824,0.545003,0.671808,-0.106472,0.550114,0.742938,-0.106797,0.545062,0.778252,-0.100235,0.471556,0.662372,-0.083478,0.4857,0.713168,-0.108717,0.49416,0.758906,-0.107048,0.494103,0.778627,-0.101651
900,30000,True,0.9999,0.9999,0.516622,0.773103,0.0,0.55868,0.767776,-0.015891,0.602068,0.74018,-0.03405,0.634526,0.719529,-0.053898,0.663502,0.706372,-0.075733,0.608356,0.624635,-0.032485,0.643738,0.587901,-0.065742,0.6746,0.563295,-0.087425,0.698055,0.540763,-0.101966,0.567712,0.605234,-0.044654,0.616044,0.601158,-0.092176,0.626623,0.679244,-0.107029,0.619608,0.730437,-0.107655,0.525062,0.614193,-0.058479,0.559665,0.630294,-0.103923,0.570776,0.702697,-0.101691,0.567415,0.741689,-0.090196,0.483629,0.645187,-0.072892,0.508109,0.671244,-0.103762,0.521759,0.721897,-0.099927,0.521598,0.747832,-0.090652
901,30033,True,0.9993,0.9993,0.515242,0.75228,0.0,0.556588,0.753256,-0.023346,0.601539,0.724467,-0.044675,0.635278,0.703184,-0.066466,0.663699,0.686372,-0.089119,0.613915,0.599351,-0.03534,0.656886,0.546403,-0.070028,0.689866,0.508075,-0.093402,0.712961,0.471972,-0.109288,0.573545,0.581109,-0.043367,0.619891,0.571414,-0.095385,0.626042,0.654359,-0.110247,0.616532,0.707379,-0.109043,0.531254,0.588304,-0.053665,0.566169,0.599982,-0.102934,0.573939,0.67939,-0.097465,0.567818,0.722311,-0.081511,0.489009,0.615838,-0.065424,0.518893,0.634526,-0.100796,0.53428,0.692953,-0.09523,0.535053,0.723231,-0.082335
902,30066,True,0.998,0.998,0.511293,0.744955,0.0,0.556247,0.748145,-0.022366,0.600066,0.716834,-0.043094,0.631501,0.694374,-0.064831,0.654466,0.679398,-0.087724,0.613587,0.584798,-0.041387,0.661223,0.519582,-0.075407,0.692571,0.477473,-0.098005,0.71326,0.436545,-0.11477,0.568886,0.568408,-0.051232,0.610261,0.562324,-0.10029,0.613815,0.645489,-0.111984,0.603441,0.692318,-0.112064,0.522528,0.579967,-0.063251,0.552998,0.589028,-0.105776,0.559282,0.660878,-0.095968,0.550641,0.69577,-0.08184,0.478282,0.612494,-0.077586,0.50198,0.633509,-0.106561,0.511839,0.683565,-0.098967,0.506323,0.705389,-0.088073
903,30099,True,0.9951,0.9951,0.494069,0.743406,0.0,0.547522,0.73948,-0.027172,0.601151,0.71646,-0.049089,0.623758,0.697226,-0.070734,0.629483,0.678244,-0.09301,0.601968,0.58135,-0.040083,0.640211,0.526111,-0.069863,0.667192,0.486486,-0.090047,0.687969,0.449406,-0.104224,0.553987,0.563915,-0.04459,0.587006,0.559267,-0.088257,0.586641,0.640181,-0.099327,0.576253,0.696201,-0.098426,0.508885,0.569552,-0.051369,0.539421,0.584293,-0.090315,0.544048,0.655332,-0.082989,0.536841,0.698947,-0.069593,0.467303,0.592468,-0.060588,0.496303,0.605949,-0.086319,0.506741,0.660659,-0.078709,0.50599,0.694416,-0.067192
904,30133,True,0.9968,0.9968,0.476324,0.747171,-0.0,0.540571,0.737599,-0.023924,0.607385,0.695195,-0.036429,0.63312,0.648462,-0.048599,0.636442,0.602431,-0.060673,0.582078,0.581501,-0.023836,0.606006,0.543309,-0.052917,0.6231,0.53509,-0.071461,0.63408,0.534473,-0.081682,0.536111,0.566378,-0.026172,0.562014,0.557993,-0.066612,0.563856,0.6356,-0.078214,0.556971,0.693001,-0.076892,0.492124,0.570681,-0.032022,0.515497,0.581783,-0.072734,0.522202,0.654554,-0.070136,0.519676,0.702453,-0.0582,0.449266,0.590458,-0.039544,0.473299,0.604164,-0.068315,0.484643,0.660476,-0.065017,0.486543,0.697892,-0.055395
905,30166,True,0.9991,0.9991,0.494438,0.745629,0.0,0.553689,0.738231,-0.039508,0.594041,0.71718,-0.074354,0.590697,0.701343,-0.107831,0.559815,0.695414,-0.140712,0.588348,0.560956,-0.054793,0.5938,0.545739,-0.110621,0.601914,0.592794,-0.149503,0.600454,0.641908,-0.169179,0.532175,0.552923,-0.059196,0.537014,0.566979,-0.119181,0.545245,0.654859,-0.141741,0.544351,0.719527,-0.146405,0.476877,0.569816,-0.069069,0.480693,0.590757,-0.124444,0.496863,0.678198,-0.127137,0.504929,0.734339,-0.116586,0.429689,0.605396,-0.081989,0.437344,0.632563,-0.118811,0.452765,0.69546,-0.116465,0.462816,0.732142,-0.106283
906,30200,True,0.9976,0.9976,0.478323,0.746621,-0.0,0.535043,0.743438,-0.044129,0.578273,0.72779,-0.08094,0.596223,0.712671,-0.115237,0.594538,0.70386,-0.1474,0.580297,0.579583,-0.061035,0.593511,0.576545,-0.124246,0.608838,0.634556,-0.165961,0.615541,0.689338,-0.185478,0.528503,0.570754,-0.062521,0.544175,0.605117,-0.128541,0.552343,0.696748,-0.151064,0.552103,0.756533,-0.154022,0.476795,0.585649,-0.070505,0.488199,0.62027,-0.128062,0.499097,0.700692,-0.130063,0.502361,0.744957,-0.118718,0.432456,0.615168,-0.082132,0.440014,0.660489,-0.119152,0.451076,0.717349,-0.118106,0.456198,0.742737,-0.108432
907,30233,True,0.9981,0.9981,0.489277,0.725155,-0.0,0.546791,0.72684,-0.021072,0.579501,0.741833,-0.055791,0.594401,0.765088,-0.093103,0.607426,0.785659,-0.134038,0.584876,0.617765,-0.065761,0.610846,0.659652,-0.119647,0.621643,0.716829,-0.158451,0.626825,0.767581,-0.181483,0.540218,0.609684,-0.080877,0.5679,0.661006,-0.134866,0.573585,0.735465,-0.15931,0.574518,0.791237,-0.171856,0.493331,0.625091,-0.097553,0.508007,0.66556,-0.142715,0.516295,0.727475,-0.153426,0.520967,0.768388,-0.15613,0.451898,0.656781,-0.11543,0.45025,0.706194,-0.144846,0.456959,0.746473,-0.148707,0.463908,0.770288,-0.14922
908,30266,True,0.9996,0.9996,0.47072,0.797052,0.0,0.526392,0.802718,-0.013229,0.572037,0.802721,-0.035338,0.604997,0.809355,-0.059834,0.637051,0.815326,-0.08673,0.58333,0.678176,-0.038708,0.632138,0.692517,-0.075552,0.662126,0.717819,-0.101175,0.686981,0.745743,-0.118114,0.547999,0.662267,-0.053367,0.594808,0.699836,-0.097435,0.5998,0.773306,-0.115167,0.595824,0.825258,-0.122228,0.507013,0.673331,-0.069586,0.538848,0.698221,-0.110661,0.54264,0.759565,-0.116466,0.538913,0.797,-0.114536,0.467517,0.701258,-0.086312,0.477978,0.73311,-0.116553,0.481936,0.773957,-0.119838,0.480808,0.798117,-0.118149
909,30300,True,0.9997,0.9997,0.466251,0.808011,0.0,0.526602,0.816587,-0.011608,0.58,0.811667,-0.033283,0.622331,0.822427,-0.057447,0.662559,0.839236,-0.08416,0.586335,0.693022,-0.03795,0.645056,0.718936,-0.078716,0.686135,0.747538,-0.107591,0.717741,0.774238,-0.126339,0.553351,0.679309,-0.054519,0.614744,0.710251,-0.105685,0.625711,0.790051,-0.125801,0.622235,0.843599,-0.132079,0.517531,0.691695,-0.072319,0.568664,0.72297,-0.120436,0.574596,0.797983,-0.123593,0.56892,0.841131,-0.116635,0.482085,0.721988,-0.090458,0.515154,0.759465,-0.124752,0.524298,0.80978,-0.125246,0.523898,0.839144,-0.11965
910,30333,True,0.9999,0.9999,0.474319,0.817627,0.0,0.534394,0.828978,-0.010705,0.588848,0.828887,-0.033613,0.627415,0.838902,-0.059443,0.667103,0.854155,-0.087493,0.602785,0.709525,-0.041237,0.662985,0.736304,-0.085336,0.705415,0.767374,-0.115758,0.740894,0.795645,-0.135591,0.567208,0.688738,-0.059859,0.625576,0.726762,-0.116466,0.628517,0.810219,-0.137253,0.620271,0.861343,-0.143178,0.527995,0.696954,-0.079469,0.575792,0.739671,-0.132317,0.575421,0.816952,-0.133322,0.565076,0.854135,-0.123744,0.488508,0.723476,-0.099247,0.524093,0.764878,-0.135643,0.530539,0.818631,-0.133619,0.527631,0.844355,-0.125538
911,30366,True,0.9998,0.9998,0.477691,0.824644,0.0,0.538929,0.829086,-0.006765,0.590899,0.827098,-0.025548,0.627053,0.830773,-0.047105,0.660492,0.827913,-0.071844,0.599101,0.707128,-0.042236,0.651908,0.742373,-0.078843,0.688712,0.768742,-0.104684,0.719778,0.796904,-0.122193,0.560323,0.686505,-0.060079,0.600224,0.732726,-0.102322,0.605505,0.802469,-0.119378,0.603111,0.851285,-0.127723,0.514942,0.696303,-0.078098,0.54141,0.738996,-0.116984,0.54845,0.798169,-0.120433,0.54832,0.832941,-0.118653,0.47152,0.726095,-0.096059,0.480676,0.762519,-0.122013,0.485696,0.799358,-0.12229,0.486026,0.81975,-0.12001
912,30400,True,0.999,0.999,0.476795,0.829032,0.0,0.541034,0.818771,-0.013069,0.593558,0.788648,-0.028877,0.633424,0.775489,-0.045736,0.670843,0.775572,-0.063997,0.566593,0.674826,-0.036937,0.60271,0.693842,-0.068338,0.619858,0.728169,-0.089331,0.62839,0.76092,-0.102493,0.5249,0.66465,-0.046443,0.560744,0.709784,-0.081542,0.567792,0.781018,-0.093594,0.564572,0.829431,-0.098655,0.483721,0.679861,-0.057458,0.509203,0.727216,-0.09043,0.518656,0.784028,-0.092688,0.518423,0.816178,-0.090273,0.448185,0.711093,-0.069196,0.466048,0.752152,-0.090542,0.477178,0.7919,-0.09016,0.479526,0.815672,-0.087462
913,30433,True,0.9943,0.9943,0.465875,0.835725,0.0,0.530614,0.819501,-0.024038,0.577051,0.791781,-0.044654,0.600371,0.768212,-0.065869,0.602803,0.750657,-0.086941,0.534367,0.650741,-0.023983,0.566399,0.666689,-0.054646,0.58659,0.70731,-0.078122,0.598544,0.746543,-0.090543,0.492452,0.648827,-0.027222,0.530469,0.682032,-0.05626,0.543169,0.744094,-0.070925,0.544503,0.789958,-0.076394,0.452134,0.666678,-0.033918,0.486979,0.701896,-0.060115,0.498566,0.754289,-0.06343,0.499703,0.790007,-0.060205,0.418097,0.698583,-0.042921,0.441779,0.731826,-0.057754,0.45435,0.77017,-0.055398,0.458095,0.796311,-0.049828
914,30466,True,0.9961,0.9961,0.446701,0.827328,0.0,0.500986,0.805913,-0.02912,0.541983,0.77613,-0.054598,0.568628,0.749616,-0.080256,0.575665,0.721604,-0.105374,0.510664,0.631348,-0.034688,0.535876,0.627011,-0.075845,0.552889,0.662388,-0.104652,0.558431,0.70316,-0.11858,0.466467,0.630264,-0.037122,0.492193,0.659516,-0.077397,0.510179,0.732494,-0.093593,0.514634,0.782941,-0.09757,0.425949,0.655084,-0.044049,0.445549,0.6867,-0.080344,0.465464,0.746349,-0.083177,0.472986,0.784831,-0.077503,0.392533,0.695795,-0.053493,0.408379,0.728326,-0.076519,0.429428,0.770173,-0.075664,0.440758,0.796499,-0.069314
915,30500,True,0.9961,0.9961,0.437309,0.820855,0.0,0.48317,0.807865,-0.037584,0.522079,0.776539,-0.066454,0.549785,0.747307,-0.092664,0.57023,0.713916,-0.118287,0.509222,0.632566,-0.047638,0.525422,0.618342,-0.091745,0.539356,0.617282,-0.121059,0.549048,0.620203,-0.138338,0.462124,0.621025,-0.048897,0.480258,0.639395,-0.104566,0.50103,0.728169,-0.1224,0.510852,0.78538,-0.123544,0.418103,0.641099,-0.054641,0.430424,0.669101,-0.106619,0.455164,0.745167,-0.106939,0.467829,0.789264,-0.095612,0.381543,0.681814,-0.063164,0.394,0.717122,-0.101541,0.417363,0.766766,-0.103545,0.430632,0.791355,-0.096294
916,30533,True,0.998,0.998,0.435744,0.823815,0.0,0.485081,0.807291,-0.026896,0.531054,0.772277,-0.048924,0.562988,0.745255,-0.070739,0.568261,0.731275,-0.093267,0.503563,0.64304,-0.031409,0.531353,0.625656,-0.064698,0.561685,0.621417,-0.089743,0.590832,0.625807,-0.105462,0.461431,0.634362,-0.03514,0.496343,0.659225,-0.077459,0.510163,0.736285,-0.092342,0.514331,0.791824,-0.09437,0.421113,0.651626,-0.042357,0.447353,0.680581,-0.078782,0.462927,0.741862,-0.077863,0.468955,0.782759,-0.06955,0.385636,0.686613,-0.052417,0.405322,0.722285,-0.076228,0.422614,0.765767,-0.074451,0.430743,0.792386,-0.067713
917,30566,True,0.9981,0.9981,0.43996,0.833165,-0.0,0.49444,0.813372,-0.023243,0.540235,0.791942,-0.049069,0.571859,0.782016,-0.076712,0.589903,0.774491,-0.104905,0.531043,0.65404,-0.038398,0.561092,0.654649,-0.085195,0.584149,0.693249,-0.117514,0.597236,0.733775,-0.134153,0.486216,0.646886,-0.04569,0.513794,0.683133,-0.092402,0.526904,0.765027,-0.110094,0.527645,0.820449,-0.115089,0.440827,0.666493,-0.057003,0.46044,0.699167,-0.098432,0.475083,0.770183,-0.100452,0.478533,0.813925,-0.093635,0.402066,0.702566,-0.070342,0.415979,0.73905,-0.09705,0.430482,0.785723,-0.096272,0.435683,0.810852,-0.090006
918,30599,True,0.9988,0.9988,0.43269,0.828696,-0.0,0.491296,0.818437,-0.020229,0.537771,0.808421,-0.046427,0.573668,0.810912,-0.07438,0.610121,0.809524,-0.1031,0.526561,0.668597,-0.042806,0.561969,0.698332,-0.090906,0.584006,0.747777,-0.122994,0.591738,0.795877,-0.139168,0.484448,0.660047,-0.052712,0.519667,0.708467,-0.100058,0.529807,0.792171,-0.117615,0.524877,0.849924,-0.122622,0.440401,0.679731,-0.065731,0.46243,0.722257,-0.108199,0.474639,0.793474,-0.111288,0.473761,0.834907,-0.104907,0.402856,0.717114,-0.080068,0.414474,0.74948,-0.106765,0.42388,0.792217,-0.105389,0.422597,0.815035,-0.098781
919,30633,True,0.9992,0.9992,0.429489,0.831354,0.0,0.489546,0.818642,-0.024872,0.535778,0.804623,-0.053871,0.571571,0.800011,-0.083481,0.60252,0.792019,-0.113567,0.520149,0.665763,-0.052263,0.560824,0.695587,-0.102366,0.584651,0.747697,-0.135481,0.595808,0.795276,-0.153122,0.47543,0.659304,-0.061741,0.51036,0.701734,-0.114336,0.523179,0.788166,-0.134096,0.52171,0.846808,-0.140316,0.431111,0.681182,-0.074085,0.455466,0.720769,-0.121543,0.469114,0.793639,-0.125362,0.469259,0.83375,-0.11935,0.393572,0.719404,-0.087988,0.408462,0.76039,-0.119024,0.420071,0.804608,-0.119206,0.420166,0.82399,-0.113636
920,30666,True,0.9992,0.9992,0.434101,0.838707,0.0,0.488952,0.8294,-0.029264,0.537421,0.811169,-0.057217,0.572969,0.790043,-0.085903,0.567618,0.765701,-0.114267,0.52303,0.664005,-0.041808,0.548874,0.642312,-0.088457,0.569391,0.665941,-0.11808,0.579261,0.695717,-0.132898,0.476568,0.65079,-0.048539,0.507042,0.669857,-0.100417,0.517852,0.75717,-0.11616,0.515989,0.813329,-0.116656,0.430135,0.667642,-0.059883,0.453458,0.702925,-0.106896,0.46851,0.778382,-0.106407,0.471924,0.820505,-0.095402,0.390502,0.704537,-0.073712,0.408231,0.743851,-0.102846,0.425428,0.792232,-0.100538,0.431633,0.817889,-0.091832
921,30700,True,0.9992,0.9992,0.424176,0.839407,0.0,0.473307,0.828582,-0.03135,0.516592,0.799051,-0.057988,0.547932,0.776649,-0.08379,0.575982,0.754246,-0.110163,0.514872,0.670284,-0.048303,0.54665,0.63868,-0.090709,0.574787,0.618679,-0.11826,0.599075,0.596741,-0.136697,0.466414,0.653138,-0.055887,0.49357,0.639973,-0.11415,0.507649,0.729032,-0.132158,0.508896,0.78683,-0.133859,0.419437,0.668054,-0.066774,0.440812,0.675169,-0.123151,0.461875,0.759715,-0.122202,0.467242,0.806534,-0.109553,0.378847,0.704965,-0.079668,0.400408,0.732596,-0.120327,0.421077,0.787588,-0.121049,0.427065,0.814883,-0.113625
922,30733,True,0.998,0.998,0.424131,0.82731,0.0,0.472775,0.818612,-0.034208,0.513021,0.796545,-0.063172,0.543556,0.776117,-0.090878,0.5709,0.751333,-0.117827,0.502248,0.649881,-0.047508,0.527504,0.632569,-0.094431,0.540027,0.662698,-0.124175,0.544938,0.696882,-0.138967,0.458253,0.637118,-0.050324,0.486158,0.644336,-0.102847,0.497332,0.728772,-0.121322,0.498277,0.788408,-0.123641,0.41461,0.652617,-0.057488,0.43306,0.671,-0.106396,0.449208,0.74779,-0.108678,0.455059,0.795935,-0.098906,0.376449,0.686042,-0.066824,0.389201,0.707226,-0.100509,0.40609,0.759948,-0.10016,0.414036,0.793088,-0.09161
923,30766,True,0.9978,0.9978,0.426986,0.821012,-0.0,0.477251,0.809268,-0.02714,0.523941,0.792932,-0.050868,0.553796,0.778961,-0.07388,0.551104,0.756875,-0.096874,0.510002,0.643845,-0.043253,0.529692,0.669942,-0.087723,0.533461,0.722572,-0.11749,0.52892,0.770219,-0.131698,0.461186,0.634049,-0.046813,0.472892,0.675446,-0.09243,0.483465,0.760389,-0.109856,0.486,0.822999,-0.113734,0.412187,0.65108,-0.053859,0.417137,0.688966,-0.093159,0.430505,0.757284,-0.096961,0.435057,0.803038,-0.091342,0.371381,0.685879,-0.062993,0.374807,0.726011,-0.090592,0.389775,0.773992,-0.092121,0.397637,0.802143,-0.086786
924,30800,True,0.9945,0.9945,0.414167,0.819839,-0.0,0.462429,0.810471,-0.032262,0.504025,0.794557,-0.060634,0.534159,0.788531,-0.087678,0.552494,0.770754,-0.113275,0.494513,0.646672,-0.049816,0.514473,0.668959,-0.096775,0.52284,0.725347,-0.126358,0.521614,0.771963,-0.140967,0.447216,0.638076,-0.053119,0.462648,0.677837,-0.102842,0.476726,0.771332,-0.119986,0.479183,0.829395,-0.123486,0.400243,0.657049,-0.060133,0.405766,0.689985,-0.104717,0.421582,0.767396,-0.105079,0.426378,0.808093,-0.096369,0.360319,0.692466,-0.069461,0.365088,0.725657,-0.099891,0.382914,0.777511,-0.098015,0.391956,0.802081,-0.089971
925,30833,True,0.9964,0.9964,0.416819,0.807494,-0.0,0.46013,0.795125,-0.033109,0.498531,0.779728,-0.063583,0.528151,0.771991,-0.092954,0.535893,0.752822,-0.120861,0.486027,0.634405,-0.056389,0.502087,0.647364,-0.110233,0.511826,0.709872,-0.143214,0.510794,0.761131,-0.15778,0.436754,0.631488,-0.059983,0.451462,0.665178,-0.112704,0.469304,0.753822,-0.128366,0.474499,0.80962,-0.130154,0.389974,0.653685,-0.06808,0.396069,0.687537,-0.113803,0.415689,0.762037,-0.112012,0.425033,0.803372,-0.101214,0.351484,0.690884,-0.078821,0.355352,0.720797,-0.107542,0.375976,0.770588,-0.104086,0.389939,0.797782,-0.094718
926,30866,True,0.9929,0.9929,0.400731,0.816092,-0.0,0.444241,0.807366,-0.039146,0.481661,0.781003,-0.070925,0.511598,0.761776,-0.101052,0.538074,0.741161,-0.129321,0.481259,0.64485,-0.055999,0.498386,0.602221,-0.110336,0.504819,0.636496,-0.14216,0.504311,0.675012,-0.157132,0.431824,0.635612,-0.057564,0.440605,0.629559,-0.118194,0.454429,0.7226,-0.134919,0.461066,0.781368,-0.134683,0.385358,0.653262,-0.064854,0.387559,0.659749,-0.120328,0.409349,0.742683,-0.118781,0.422925,0.791262,-0.105321,0.345929,0.688772,-0.074903,0.349665,0.710351,-0.114387,0.374094,0.764627,-0.114838,0.392752,0.792004,-0.105974
927,30900,True,0.9954,0.9954,0.398903,0.811213,0.0,0.440917,0.805919,-0.040373,0.477039,0.779308,-0.071056,0.505131,0.756748,-0.099099,0.534656,0.735889,-0.126692,0.475813,0.656146,-0.054763,0.492471,0.612781,-0.102829,0.500812,0.609661,-0.133429,0.505796,0.615983,-0.151174,0.426863,0.644009,-0.055716,0.43047,0.623078,-0.11562,0.444572,0.715455,-0.134194,0.45391,0.777769,-0.135687,0.380476,0.658105,-0.061518,0.374548,0.649592,-0.117424,0.394065,0.729508,-0.117183,0.40862,0.778925,-0.105327,0.339282,0.690897,-0.069906,0.332334,0.698971,-0.11167,0.353835,0.753452,-0.113102,0.373344,0.785244,-0.105597
928,30933,True,0.9951,0.9951,0.391636,0.814495,-0.0,0.437674,0.798803,-0.029191,0.47657,0.77655,-0.054064,0.508593,0.758721,-0.077895,0.532848,0.738085,-0.100105,0.464907,0.630058,-0.042305,0.477523,0.654015,-0.084628,0.475273,0.722638,-0.112222,0.468939,0.776438,-0.125062,0.415567,0.62489,-0.044281,0.424476,0.659597,-0.087278,0.43101,0.740915,-0.102571,0.432527,0.800352,-0.104982,0.369349,0.643899,-0.050115,0.371513,0.676139,-0.086316,0.382969,0.738389,-0.088359,0.387992,0.781391,-0.081836,0.331543,0.677423,-0.058274,0.33063,0.706864,-0.081862,0.345915,0.750727,-0.081224,0.356404,0.77759,-0.074542
929,30966,True,0.9934,0.9934,0.38014,0.811374,-0.0,0.427174,0.803037,-0.02945,0.468992,0.788482,-0.052857,0.499238,0.780674,-0.075326,0.503615,0.762435,-0.096669,0.459158,0.643679,-0.040206,0.464079,0.693751,-0.080993,0.46465,0.754044,-0.10856,0.464372,0.795659,-0.12225,0.410632,0.636432,-0.041944,0.407958,0.68866,-0.081111,0.415068,0.766178,-0.09463,0.419565,0.815669,-0.097768,0.36224,0.651961,-0.047308,0.353765,0.689861,-0.082682,0.367059,0.758186,-0.081079,0.377117,0.797841,-0.072596,0.321619,0.681187,-0.055122,0.312546,0.707574,-0.078492,0.327923,0.755316,-0.073831,0.340365,0.782453,-0.064376
930,31000,True,0.9901,0.9901,0.375638,0.808836,-0.0,0.421641,0.801978,-0.032631,0.462656,0.789844,-0.059963,0.493894,0.783022,-0.08588,0.497104,0.756259,-0.110001,0.448278,0.643017,-0.050911,0.451465,0.690998,-0.097607,0.453477,0.762977,-0.127127,0.45283,0.810173,-0.141454,0.397378,0.639707,-0.05422,0.397099,0.684703,-0.102106,0.412866,0.771668,-0.117913,0.42166,0.824981,-0.121331,0.348932,0.658647,-0.061264,0.343289,0.686977,-0.105446,0.363007,0.761775,-0.105036,0.375979,0.803993,-0.095885,0.308867,0.692431,-0.070576,0.303291,0.711214,-0.100866,0.324854,0.762277,-0.098021,0.342482,0.792926,-0.089095
931,31033,True,0.9952,0.9952,0.375142,0.806279,-0.0,0.418736,0.792928,-0.036654,0.451527,0.77725,-0.070425,0.477442,0.766396,-0.103513,0.489399,0.73922,-0.134212,0.442181,0.630828,-0.059638,0.442239,0.644913,-0.11826,0.446491,0.720674,-0.155529,0.446389,0.781017,-0.172569,0.389833,0.633485,-0.063424,0.388084,0.657007,-0.123618,0.409414,0.748198,-0.143651,0.42419,0.812443,-0.147066,0.342497,0.656854,-0.072167,0.336302,0.676467,-0.123582,0.361576,0.756996,-0.122296,0.381131,0.810947,-0.11048,0.303651,0.69516,-0.083881,0.297689,0.713563,-0.118185,0.325437,0.765002,-0.116521,0.351322,0.798207,-0.107024
932,31066,True,0.9972,0.9972,0.374621,0.807822,0.0,0.413551,0.800044,-0.030689,0.447882,0.772899,-0.055504,0.468504,0.746961,-0.079098,0.489358,0.717325,-0.100577,0.439513,0.637883,-0.049371,0.447955,0.589771,-0.091171,0.448501,0.580811,-0.115099,0.44947,0.584992,-0.127447,0.385787,0.620008,-0.051044,0.392625,0.672891,-0.099672,0.410465,0.746078,-0.109299,0.425684,0.789202,-0.105703,0.337095,0.640749,-0.056537,0.348934,0.723515,-0.099585,0.370302,0.779182,-0.090908,0.387626,0.804016,-0.074522,0.295877,0.679707,-0.065225,0.30584,0.741199,-0.094714,0.332814,0.781365,-0.089686,0.355361,0.795879,-0.076967
933,31099,True,0.9956,0.9956,0.37353,0.805264,0.0,0.413683,0.801891,-0.047187,0.445021,0.770306,-0.081452,0.46399,0.740405,-0.111242,0.485529,0.704658,-0.141303,0.437123,0.641142,-0.067157,0.439957,0.59569,-0.113775,0.440379,0.571052,-0.14234,0.439195,0.549298,-0.160147,0.385075,0.63802,-0.066541,0.375984,0.60084,-0.129392,0.392072,0.68352,-0.147354,0.405304,0.741615,-0.147122,0.338232,0.658727,-0.070148,0.32617,0.640605,-0.13193,0.350452,0.722044,-0.129383,0.369385,0.771507,-0.113263,0.298747,0.696267,-0.076269,0.288765,0.686327,-0.122659,0.316051,0.742113,-0.120965,0.33889,0.775159,-0.109419
934,31133,True,0.9962,0.9962,0.371597,0.81265,0.0,0.411144,0.806375,-0.040351,0.443786,0.771699,-0.067987,0.463566,0.741321,-0.092215,0.48389,0.708339,-0.116791,0.432013,0.649891,-0.050239,0.435903,0.605235,-0.087673,0.436112,0.577727,-0.11097,0.435216,0.552011,-0.125832,0.382441,0.648172,-0.049842,0.376442,0.611021,-0.104097,0.388185,0.694081,-0.119028,0.397752,0.749316,-0.117489,0.336623,0.667237,-0.053244,0.325515,0.641093,-0.107486,0.342368,0.71999,-0.103442,0.353865,0.766808,-0.087157,0.296724,0.701451,-0.058744,0.283131,0.679084,-0.098078,0.303934,0.73186,-0.093673,0.320248,0.764496,-0.081134
935,31166,True,0.996,0.996,0.362257,0.823077,-0.0,0.405992,0.808617,-0.030847,0.441959,0.787038,-0.055499,0.465295,0.768212,-0.079282,0.474696,0.74279,-0.101035,0.425929,0.646693,-0.040252,0.429208,0.649029,-0.082785,0.42833,0.712879,-0.109732,0.426127,0.764409,-0.121043,0.376729,0.646268,-0.040688,0.37447,0.663313,-0.083835,0.380558,0.743364,-0.097998,0.384817,0.799776,-0.098657,0.33055,0.664593,-0.045385,0.323995,0.681546,-0.083365,0.336143,0.749055,-0.083023,0.344559,0.794657,-0.073016,0.291498,0.695319,-0.052283,0.279902,0.699331,-0.076647,0.294555,0.745328,-0.072448,0.306889,0.775747,-0.061748
936,31200,True,0.9932,0.9932,0.348491,0.836227,-0.0,0.391563,0.824294,-0.03037,0.427688,0.808304,-0.056482,0.455115,0.801296,-0.081536,0.476442,0.786176,-0.104995,0.423235,0.65625,-0.043147,0.429343,0.700636,-0.085359,0.425572,0.764381,-0.113057,0.418464,0.808595,-0.12673,0.372208,0.652453,-0.045386,0.369595,0.698988,-0.085403,0.374993,0.776917,-0.098712,0.375949,0.825695,-0.101864,0.323242,0.673345,-0.051321,0.315941,0.707982,-0.088108,0.32835,0.776791,-0.086165,0.334378,0.816402,-0.077397,0.282569,0.708977,-0.059493,0.27295,0.726047,-0.083821,0.287406,0.772861,-0.078307,0.297153,0.797839,-0.068136
937,31233,True,0.992,0.992,0.347921,0.84618,-0.0,0.390949,0.836768,-0.032712,0.428822,0.822124,-0.060102,0.45801,0.811343,-0.086151,0.470407,0.78507,-0.110375,0.424245,0.661712,-0.045885,0.428147,0.693996,-0.091366,0.424355,0.753404,-0.12108,0.417627,0.798013,-0.135276,0.37284,0.655709,-0.04763,0.371278,0.697711,-0.093029,0.377526,0.783428,-0.109009,0.379294,0.837741,-0.112341,0.322986,0.674925,-0.053286,0.315848,0.706047,-0.095636,0.330544,0.783945,-0.094781,0.339933,0.829679,-0.084909,0.280925,0.710063,-0.061101,0.270781,0.725605,-0.090168,0.288962,0.777952,-0.08604,0.303209,0.807503,-0.075507
938,31266,True,0.9968,0.9968,0.35248,0.82855,-0.0,0.397685,0.8181,-0.027949,0.435097,0.803831,-0.052516,0.462316,0.791515,-0.076739,0.469923,0.76209,-0.099791,0.42363,0.652143,-0.041279,0.427234,0.679051,-0.083166,0.425378,0.740145,-0.111445,0.418684,0.792527,-0.123879,0.374875,0.649147,-0.043876,0.373045,0.681892,-0.085416,0.380804,0.761155,-0.101931,0.382012,0.821616,-0.105483,0.327389,0.668773,-0.049918,0.319167,0.694608,-0.087172,0.332701,0.762313,-0.090085,0.340084,0.809569,-0.083081,0.287312,0.702562,-0.057742,0.272691,0.705165,-0.081985,0.285541,0.745318,-0.079687,0.296271,0.776011,-0.07114
939,31300,True,0.994,0.994,0.359365,0.82628,-0.0,0.402966,0.810502,-0.028107,0.442431,0.779465,-0.049688,0.468465,0.754114,-0.071721,0.471951,0.724884,-0.092303,0.423979,0.658284,-0.033109,0.432121,0.609931,-0.075757,0.432707,0.638088,-0.102119,0.429742,0.677275,-0.112636,0.376821,0.657025,-0.035015,0.377148,0.628021,-0.083293,0.387696,0.710656,-0.096979,0.394616,0.773658,-0.09467,0.332963,0.67149,-0.041594,0.329227,0.659657,-0.084351,0.344958,0.734807,-0.079958,0.354852,0.786304,-0.0649,0.294054,0.699221,-0.050258,0.287381,0.687081,-0.076911,0.307255,0.737268,-0.070057,0.32241,0.773285,-0.056547
940,31333,True,0.9977,0.9977,0.369858,0.805836,0.0,0.410178,0.790865,-0.02663,0.445757,0.751503,-0.044149,0.463335,0.71873,-0.060653,0.471192,0.682049,-0.077467,0.430515,0.636355,-0.029402,0.438889,0.595159,-0.058085,0.446853,0.569885,-0.07643,0.454003,0.545151,-0.087665,0.384266,0.634335,-0.032475,0.380405,0.590688,-0.073744,0.391278,0.662085,-0.084798,0.399288,0.709538,-0.082518,0.340638,0.652528,-0.038442,0.334153,0.625005,-0.080687,0.350807,0.692638,-0.074989,0.359583,0.731982,-0.059806,0.301447,0.685299,-0.045786,0.292851,0.656118,-0.074215,0.312065,0.701933,-0.066199,0.324304,0.732248,-0.052837
941,31366,True,0.9984,0.9984,0.37765,0.7898,0.0,0.41653,0.776868,-0.029857,0.447555,0.731798,-0.049928,0.463966,0.69217,-0.068311,0.48296,0.654902,-0.087363,0.430389,0.62027,-0.03554,0.444705,0.567267,-0.066409,0.455841,0.530034,-0.085376,0.465378,0.493446,-0.097811,0.385493,0.617371,-0.037989,0.393053,0.562469,-0.083572,0.406932,0.639142,-0.095582,0.415067,0.693672,-0.092968,0.343405,0.63594,-0.043213,0.343452,0.598335,-0.089884,0.364018,0.671262,-0.084276,0.374841,0.718738,-0.067962,0.304998,0.670387,-0.04987,0.302482,0.639331,-0.083315,0.326071,0.688381,-0.077116,0.339585,0.724553,-0.064209
942,31400,True,0.9981,0.9981,0.377415,0.770255,0.0,0.419828,0.76469,-0.051589,0.449453,0.727678,-0.088337,0.465982,0.691313,-0.120075,0.484795,0.646613,-0.152701,0.436028,0.610372,-0.076128,0.445529,0.553625,-0.126307,0.456214,0.514554,-0.157406,0.465743,0.477459,-0.177401,0.389204,0.609981,-0.074988,0.393387,0.548854,-0.145161,0.408027,0.631401,-0.167911,0.416762,0.688685,-0.170056,0.345346,0.627301,-0.077947,0.342666,0.58704,-0.144542,0.365151,0.663365,-0.145982,0.376836,0.712029,-0.131731,0.306094,0.656111,-0.083653,0.299439,0.624461,-0.132141,0.32327,0.674547,-0.133328,0.337369,0.710495,-0.124437
943,31433,True,0.9983,0.9983,0.381001,0.77793,0.0,0.418199,0.77139,-0.039425,0.448005,0.731886,-0.065152,0.465129,0.695427,-0.087667,0.483637,0.655678,-0.110318,0.437016,0.610421,-0.04483,0.446832,0.561959,-0.078973,0.455364,0.526922,-0.100353,0.460685,0.493415,-0.11465,0.390424,0.606747,-0.044786,0.390801,0.553792,-0.095776,0.409211,0.632062,-0.111842,0.418756,0.686302,-0.111317,0.346666,0.626019,-0.048156,0.34183,0.585558,-0.100521,0.365347,0.662206,-0.098067,0.376368,0.710514,-0.082919,0.307819,0.66244,-0.053502,0.299191,0.630872,-0.092356,0.324493,0.681756,-0.089073,0.339861,0.719124,-0.077462
944,31466,True,0.9975,0.9975,0.38245,0.777604,0.0,0.418842,0.770467,-0.035341,0.451078,0.732675,-0.060631,0.470078,0.696863,-0.083724,0.487644,0.658449,-0.105554,0.439591,0.614422,-0.038593,0.445928,0.562522,-0.079022,0.452684,0.552448,-0.10227,0.456868,0.561961,-0.112778,0.393616,0.612149,-0.038622,0.395991,0.563031,-0.086828,0.410631,0.640238,-0.098802,0.418252,0.689581,-0.095227,0.350979,0.628835,-0.04352,0.349284,0.594367,-0.091895,0.366595,0.667821,-0.086926,0.374351,0.710193,-0.070611,0.311753,0.660685,-0.050304,0.30371,0.632978,-0.083816,0.324485,0.681596,-0.077897,0.336726,0.713874,-0.064646
945,31500,True,0.9956,0.9956,0.383498,0.784944,-0.0,0.423852,0.767629,-0.027971,0.45735,0.731866,-0.04948,0.4769,0.700949,-0.070488,0.488763,0.665424,-0.089838,0.435513,0.603882,-0.030244,0.444951,0.57385,-0.071405,0.456246,0.603834,-0.09849,0.462893,0.643343,-0.110961,0.39175,0.606324,-0.033089,0.401753,0.590639,-0.07726,0.422267,0.663075,-0.09262,0.433052,0.71508,-0.094316,0.350303,0.628472,-0.040655,0.356646,0.621056,-0.081767,0.382135,0.688831,-0.080276,0.395767,0.732881,-0.069962,0.313308,0.665852,-0.050306,0.320249,0.667982,-0.079071,0.346471,0.715434,-0.075556,0.361792,0.745302,-0.065838
946,31533,True,0.9959,0.9959,0.382847,0.792351,-0.0,0.426231,0.771693,-0.024591,0.46446,0.738375,-0.043721,0.485203,0.704752,-0.062599,0.482854,0.678736,-0.080742,0.439289,0.611387,-0.030094,0.451341,0.599249,-0.068079,0.460234,0.628763,-0.092946,0.46454,0.667421,-0.103176,0.394675,0.60969,-0.03134,0.410762,0.631122,-0.070302,0.422973,0.704248,-0.081899,0.427861,0.758481,-0.080794,0.351845,0.629756,-0.036656,0.366109,0.661094,-0.070285,0.381431,0.721988,-0.068646,0.388566,0.763326,-0.058556,0.314478,0.663207,-0.044278,0.324995,0.692361,-0.064909,0.343026,0.737096,-0.061287,0.351891,0.76489,-0.051894
947,31566,True,0.9949,0.9949,0.377715,0.812205,-0.0,0.424112,0.793153,-0.026308,0.466892,0.75248,-0.043837,0.480939,0.713723,-0.060296,0.457338,0.698493,-0.077254,0.429456,0.626189,-0.027593,0.431051,0.626509,-0.058226,0.437863,0.647118,-0.081609,0.444983,0.674812,-0.093906,0.384429,0.622262,-0.027599,0.389117,0.66254,-0.062929,0.403714,0.734692,-0.077072,0.414312,0.7906,-0.079368,0.342598,0.642931,-0.03065,0.343859,0.676897,-0.060927,0.360268,0.734689,-0.06125,0.37288,0.778459,-0.054229,0.308109,0.676593,-0.036225,0.307238,0.700522,-0.057499,0.325374,0.744176,-0.055028,0.339735,0.775061,-0.046984
948,31599,True,0.9946,0.9946,0.377656,0.808624,-0.0,0.417201,0.792431,-0.031014,0.451077,0.762005,-0.055172,0.470067,0.735065,-0.077982,0.460094,0.711382,-0.099474,0.421111,0.62942,-0.037671,0.422844,0.632489,-0.078811,0.430423,0.66584,-0.105849,0.435923,0.702815,-0.11819,0.374473,0.632985,-0.038737,0.376774,0.664969,-0.082703,0.399657,0.741065,-0.09698,0.415403,0.790185,-0.097829,0.332299,0.659308,-0.044062,0.329935,0.684296,-0.081741,0.35217,0.745044,-0.078943,0.367602,0.779223,-0.068424,0.297801,0.698051,-0.052053,0.293398,0.716227,-0.076372,0.316203,0.756737,-0.071389,0.33358,0.778055,-0.060929
949,31633,True,0.991,0.991,0.366332,0.81395,-0.0,0.404236,0.798763,-0.036908,0.43516,0.771095,-0.065625,0.453412,0.747267,-0.091535,0.459787,0.713992,-0.116116,0.415778,0.635531,-0.048776,0.417063,0.624213,-0.092424,0.419988,0.64306,-0.119655,0.420429,0.669142,-0.13309,0.3665,0.635407,-0.047689,0.369011,0.650324,-0.096813,0.394436,0.731222,-0.11079,0.410927,0.784116,-0.110598,0.322277,0.659462,-0.051096,0.320305,0.674795,-0.097012,0.347275,0.745085,-0.093651,0.365191,0.785248,-0.080844,0.284887,0.698942,-0.057004,0.281546,0.712106,-0.090955,0.309047,0.758988,-0.088368,0.329409,0.783143,-0.077882
950,31666,True,0.9925,0.9925,0.361722,0.813397,-0.0,0.404863,0.798038,-0.031104,0.444408,0.767743,-0.05465,0.45946,0.741609,-0.076453,0.444435,0.721974,-0.098076,0.425971,0.642544,-0.043466,0.428726,0.617331,-0.08277,0.425838,0.610775,-0.108944,0.422436,0.614516,-0.122886,0.373619,0.633268,-0.044373,0.376083,0.66571,-0.090316,0.39204,0.73972,-0.103354,0.405182,0.787311,-0.103298,0.325073,0.652308,-0.049059,0.326071,0.68985,-0.089868,0.345578,0.751131,-0.086128,0.36179,0.784766,-0.074769,0.282963,0.688127,-0.056495,0.283329,0.717944,-0.085608,0.309411,0.762717,-0.082296,0.331895,0.784425,-0.072632
951,31700,True,0.9908,0.9908,0.357109,0.818832,-0.0,0.396833,0.807373,-0.030876,0.436286,0.781434,-0.056104,0.459185,0.763827,-0.080871,0.452823,0.743633,-0.105207,0.428945,0.659929,-0.043647,0.439726,0.61796,-0.089195,0.44303,0.638143,-0.11728,0.443129,0.671108,-0.130346,0.379866,0.656511,-0.04643,0.380661,0.640188,-0.100462,0.39521,0.730598,-0.116319,0.404469,0.794962,-0.115722,0.332613,0.673023,-0.053618,0.3258,0.66291,-0.103087,0.343918,0.744121,-0.100536,0.356415,0.796388,-0.086392,0.290243,0.704113,-0.062603,0.277576,0.698649,-0.096513,0.298892,0.749742,-0.093065,0.317275,0.78203,-0.081799
952,31733,True,0.9962,0.9962,0.341499,0.818446,-0.0,0.384609,0.810017,-0.025915,0.418244,0.798797,-0.048506,0.442243,0.796844,-0.070811,0.459178,0.781845,-0.091357,0.417488,0.657313,-0.038698,0.420931,0.688173,-0.076661,0.416234,0.746998,-0.100546,0.408355,0.789811,-0.111306,0.370661,0.64935,-0.041522,0.362065,0.691048,-0.076407,0.363888,0.763999,-0.086831,0.36474,0.809415,-0.08814,0.324048,0.663247,-0.04758,0.312366,0.701551,-0.07891,0.322672,0.765084,-0.075753,0.330171,0.801239,-0.066718,0.283593,0.690826,-0.055855,0.268511,0.71267,-0.076429,0.284023,0.757479,-0.07012,0.298691,0.783231,-0.059414
953,31766,True,0.9965,0.9965,0.332289,0.83162,-0.0,0.375437,0.826279,-0.030242,0.414437,0.812721,-0.053567,0.440422,0.801333,-0.07548,0.441994,0.77536,-0.096364,0.404818,0.666763,-0.040379,0.406723,0.67415,-0.076522,0.404469,0.714587,-0.100208,0.401657,0.751651,-0.111534,0.358693,0.655846,-0.040654,0.346545,0.700663,-0.07824,0.350947,0.774942,-0.091448,0.356751,0.823819,-0.093893,0.312307,0.670687,-0.044466,0.29796,0.707082,-0.079485,0.308344,0.768181,-0.079615,0.319698,0.8051,-0.071832,0.272462,0.699169,-0.050494,0.251128,0.708866,-0.075825,0.263525,0.751898,-0.07313,0.279492,0.780149,-0.063941
954,31800,True,0.9946,0.9946,0.326126,0.787924,-0.0,0.373015,0.772278,-0.019679,0.409393,0.759895,-0.03882,0.432918,0.753092,-0.058272,0.427704,0.738624,-0.076317,0.388559,0.627046,-0.037135,0.398332,0.703031,-0.069831,0.400206,0.752415,-0.094196,0.400812,0.779288,-0.106605,0.344461,0.625908,-0.040901,0.352028,0.738196,-0.065351,0.36148,0.779635,-0.075366,0.366787,0.803136,-0.08118,0.302594,0.642917,-0.046723,0.309767,0.743697,-0.066868,0.320672,0.777914,-0.066153,0.327866,0.794899,-0.062658,0.266726,0.671252,-0.055438,0.254633,0.714686,-0.068559,0.264126,0.735771,-0.065371,0.276238,0.749616,-0.059145
955,31833,True,0.9968,0.9968,0.327699,0.779228,-0.0,0.373529,0.756994,-0.033969,0.415502,0.724403,-0.057549,0.428662,0.691264,-0.07856,0.410464,0.66924,-0.096634,0.390035,0.600798,-0.041902,0.373153,0.60083,-0.085168,0.375228,0.669716,-0.109924,0.382337,0.725185,-0.118528,0.347828,0.593652,-0.039735,0.335666,0.592799,-0.08387,0.340575,0.671888,-0.096786,0.345757,0.730051,-0.095587,0.307817,0.604413,-0.04223,0.292494,0.598937,-0.08153,0.302806,0.671833,-0.078369,0.313107,0.724358,-0.065721,0.272613,0.629195,-0.047207,0.246602,0.613501,-0.072898,0.252383,0.651013,-0.069505,0.26278,0.681538,-0.058879
956,31866,True,0.9971,0.9971,0.336901,0.767299,0.0,0.376051,0.732881,-0.030826,0.411263,0.691155,-0.048996,0.417818,0.648832,-0.06531,0.41561,0.611934,-0.081088,0.385472,0.562226,-0.022363,0.383902,0.513693,-0.040944,0.375897,0.468681,-0.053581,0.365599,0.433877,-0.062736,0.337904,0.561284,-0.021051,0.325139,0.508551,-0.050137,0.332416,0.575457,-0.057983,0.339729,0.619665,-0.054898,0.298044,0.580205,-0.022974,0.281469,0.535881,-0.052985,0.29268,0.592116,-0.047911,0.299286,0.628904,-0.035779,0.263858,0.616284,-0.027428,0.239506,0.574641,-0.049823,0.249116,0.599881,-0.045363,0.258648,0.620311,-0.035648
957,31900,True,0.9981,0.9981,0.342897,0.728611,0.0,0.382921,0.704869,-0.03552,0.414192,0.658345,-0.056958,0.418441,0.612655,-0.076041,0.428599,0.566584,-0.094536,0.381937,0.523882,-0.031202,0.388897,0.451516,-0.05428,0.388854,0.399144,-0.069157,0.384935,0.355131,-0.079529,0.335606,0.527765,-0.029334,0.328403,0.458013,-0.063401,0.341407,0.518528,-0.073164,0.349905,0.564414,-0.07082,0.297001,0.550107,-0.03079,0.286438,0.497513,-0.065243,0.303374,0.552426,-0.060224,0.311393,0.589573,-0.04709,0.262859,0.58839,-0.034873,0.246259,0.539156,-0.058733,0.263595,0.569439,-0.052141,0.274548,0.596467,-0.040528
958,31933,True,0.9981,0.9981,0.348933,0.711853,0.0,0.392302,0.693838,-0.040247,0.420585,0.64777,-0.066059,0.429265,0.604037,-0.08979,0.438368,0.554262,-0.113026,0.394126,0.50182,-0.041073,0.400109,0.410779,-0.073109,0.400367,0.350016,-0.092926,0.398813,0.298136,-0.105959,0.347041,0.509716,-0.040832,0.336165,0.425942,-0.08987,0.349759,0.489281,-0.106155,0.362838,0.543346,-0.104842,0.306416,0.53655,-0.044115,0.296046,0.478316,-0.092335,0.318445,0.542205,-0.089808,0.333703,0.590473,-0.074052,0.271659,0.578758,-0.05012,0.255665,0.528172,-0.084384,0.279332,0.565923,-0.079543,0.29742,0.601828,-0.066306
959,31966,True,0.9964,0.9964,0.35007,0.729411,0.0,0.39465,0.707591,-0.03633,0.426698,0.661692,-0.061753,0.44117,0.619665,-0.085859,0.451421,0.573354,-0.109933,0.402602,0.516675,-0.044472,0.413428,0.424348,-0.079325,0.417875,0.363448,-0.100905,0.418013,0.30946,-0.114859,0.353882,0.522179,-0.047277,0.347659,0.438904,-0.098388,0.36294,0.510319,-0.11294,0.375408,0.569144,-0.11046,0.310713,0.548845,-0.053153,0.30264,0.49291,-0.101168,0.324187,0.560307,-0.094605,0.33793,0.609613,-0.076816,0.273787,0.590842,-0.061634,0.260956,0.541387,-0.092979,0.282557,0.582792,-0.08391,0.296776,0.619013,-0.068634
960,32000,True,0.9949,0.9949,0.340222,0.754897,0.0,0.388965,0.736847,-0.040787,0.43297,0.695351,-0.066856,0.443049,0.655507,-0.090355,0.43776,0.621212,-0.113144,0.406051,0.550388,-0.048705,0.416776,0.451986,-0.085373,0.423743,0.385666,-0.108352,0.427914,0.332094,-0.122217,0.355143,0.551686,-0.047362,0.349036,0.497336,-0.105975,0.353594,0.580787,-0.121337,0.360731,0.650577,-0.11629,0.311836,0.56826,-0.049564,0.303472,0.550534,-0.10171,0.315593,0.622405,-0.096352,0.327339,0.673444,-0.076991,0.27588,0.596511,-0.054887,0.266965,0.577902,-0.087614,0.28088,0.626358,-0.079683,0.293234,0.66044,-0.063306
961,32033,True,0.996,0.996,0.316336,0.73518,0.0,0.363733,0.740409,-0.019541,0.400772,0.740268,-0.039951,0.421996,0.739542,-0.059443,0.438138,0.7408,-0.077907,0.423391,0.635597,-0.047612,0.430884,0.686653,-0.08277,0.422381,0.740526,-0.105022,0.410521,0.775655,-0.117937,0.381383,0.614104,-0.055697,0.39312,0.674636,-0.08939,0.390673,0.741334,-0.099708,0.384988,0.785074,-0.10466,0.335365,0.616324,-0.065521,0.344218,0.694805,-0.096459,0.34524,0.75096,-0.094695,0.343899,0.779851,-0.090302,0.291388,0.635957,-0.077069,0.297182,0.708978,-0.09743,0.305016,0.75166,-0.094436,0.310906,0.771804,-0.089895
962,32066,True,0.9962,0.9962,0.326628,0.767967,-0.0,0.368578,0.771266,-0.032802,0.401436,0.780238,-0.065557,0.420151,0.795819,-0.097268,0.420084,0.804566,-0.129082,0.403877,0.643739,-0.067742,0.409939,0.680977,-0.116473,0.410418,0.738418,-0.148749,0.406899,0.789209,-0.163969,0.349426,0.641819,-0.070493,0.349542,0.725373,-0.11564,0.355399,0.804235,-0.127821,0.358339,0.860451,-0.130374,0.298733,0.662091,-0.076214,0.303362,0.744675,-0.109927,0.311259,0.80037,-0.105819,0.315312,0.834551,-0.097074,0.257914,0.693777,-0.085433,0.261339,0.753811,-0.10242,0.272888,0.795971,-0.094373,0.281284,0.820014,-0.084193
963,32100,True,0.9958,0.9958,0.338063,0.831822,-0.0,0.374498,0.837057,-0.041265,0.407583,0.829908,-0.07437,0.429091,0.826652,-0.104673,0.438937,0.812371,-0.133321,0.417644,0.689623,-0.062154,0.407984,0.717608,-0.112071,0.399577,0.773847,-0.141623,0.393619,0.814555,-0.156197,0.364339,0.677431,-0.062371,0.352524,0.72357,-0.11511,0.356464,0.816797,-0.130167,0.360492,0.870228,-0.1324,0.312619,0.691294,-0.067077,0.296712,0.717172,-0.116208,0.305785,0.799181,-0.11277,0.314377,0.844534,-0.100817,0.266661,0.722584,-0.074491,0.248893,0.733682,-0.109403,0.262229,0.786593,-0.105841,0.276481,0.815436,-0.095614
964,32133,True,0.9926,0.9926,0.337444,0.853129,-0.0,0.377352,0.85049,-0.039891,0.412237,0.839828,-0.073111,0.434333,0.836427,-0.104063,0.433413,0.820954,-0.132705,0.415575,0.689303,-0.058044,0.407433,0.726192,-0.108107,0.401625,0.796558,-0.138799,0.395072,0.844851,-0.153493,0.36217,0.680762,-0.059048,0.351342,0.729914,-0.111816,0.359732,0.823158,-0.129363,0.364585,0.878315,-0.132828,0.309915,0.696592,-0.064299,0.294449,0.725878,-0.112411,0.307922,0.810826,-0.11093,0.318723,0.858847,-0.099875,0.26455,0.728161,-0.072305,0.244543,0.743094,-0.106002,0.260009,0.798933,-0.103107,0.276245,0.829984,-0.093026
965,32166,True,0.991,0.991,0.339051,0.864448,-0.0,0.381858,0.857979,-0.034964,0.420706,0.842514,-0.064864,0.44235,0.834002,-0.093172,0.431571,0.817949,-0.119901,0.411223,0.691273,-0.048816,0.406201,0.719255,-0.092697,0.402927,0.777221,-0.120435,0.397177,0.823588,-0.133966,0.3573,0.684484,-0.050875,0.349149,0.731282,-0.098172,0.359815,0.824519,-0.114816,0.365515,0.881893,-0.118299,0.305207,0.702991,-0.056475,0.29391,0.728784,-0.099598,0.309269,0.808792,-0.097789,0.319315,0.852672,-0.087756,0.260355,0.737503,-0.064475,0.243964,0.74518,-0.095099,0.260943,0.799516,-0.090593,0.275432,0.829071,-0.080101
966,32200,True,0.9921,0.9921,0.326533,0.864159,-0.0,0.373023,0.853249,-0.030564,0.413351,0.834492,-0.057743,0.441542,0.827699,-0.085479,0.442795,0.808519,-0.11192,0.402562,0.69912,-0.037568,0.406025,0.682713,-0.081654,0.411888,0.714822,-0.1104,0.413291,0.76602,-0.122548,0.352503,0.68778,-0.039139,0.353398,0.720964,-0.087085,0.360547,0.806225,-0.102763,0.363925,0.86496,-0.103117,0.302962,0.701222,-0.045149,0.296665,0.722883,-0.087594,0.309723,0.798248,-0.085068,0.31962,0.843611,-0.07268,0.257807,0.729585,-0.053531,0.244533,0.739276,-0.082322,0.259132,0.790658,-0.076844,0.272252,0.820327,-0.06429
967,32233,True,0.9958,0.9958,0.338606,0.854324,-0.0,0.385585,0.841428,-0.031548,0.4236,0.822854,-0.060068,0.449087,0.815724,-0.088878,0.451928,0.799373,-0.116959,0.412231,0.684911,-0.039724,0.407685,0.671966,-0.085601,0.410728,0.701994,-0.11642,0.41008,0.747418,-0.130067,0.360414,0.677263,-0.041512,0.35872,0.697737,-0.09122,0.36575,0.783455,-0.10742,0.367905,0.847103,-0.107592,0.310968,0.693051,-0.047946,0.305283,0.71198,-0.091386,0.317892,0.787457,-0.090031,0.326993,0.835893,-0.077654,0.26587,0.723923,-0.05682,0.255316,0.730236,-0.084268,0.270655,0.777361,-0.079725,0.284505,0.806096,-0.068141
968,32266,True,0.9952,0.9952,0.343584,0.846769,-0.0,0.38732,0.833515,-0.028664,0.424542,0.807522,-0.053363,0.451646,0.796808,-0.078217,0.472263,0.781972,-0.102833,0.410979,0.674904,-0.03327,0.408911,0.668774,-0.072298,0.418157,0.687682,-0.098246,0.424789,0.717351,-0.110472,0.362742,0.667639,-0.035702,0.366428,0.682497,-0.081249,0.37576,0.769051,-0.095658,0.377769,0.829111,-0.09512,0.315289,0.684011,-0.042056,0.313491,0.698091,-0.085071,0.327445,0.776894,-0.082497,0.334759,0.824373,-0.069221,0.271189,0.715327,-0.050298,0.262697,0.717112,-0.07854,0.279518,0.764406,-0.073131,0.291722,0.791586,-0.060935
969,32299,True,0.9936,0.9936,0.349886,0.845658,0.0,0.393132,0.832807,-0.031198,0.42961,0.806986,-0.057714,0.457549,0.789731,-0.083571,0.479486,0.770577,-0.109246,0.408693,0.676177,-0.041099,0.413162,0.654782,-0.081828,0.426967,0.664895,-0.109215,0.442593,0.687623,-0.123184,0.362912,0.672049,-0.042799,0.374494,0.671034,-0.090845,0.388715,0.750073,-0.106082,0.397911,0.809223,-0.106381,0.31988,0.687937,-0.048322,0.324748,0.694923,-0.091444,0.340581,0.763762,-0.089568,0.351137,0.809271,-0.07769,0.280839,0.717638,-0.056134,0.27988,0.722121,-0.084279,0.300318,0.770431,-0.079757,0.315491,0.802104,-0.068932
970,32333,True,0.9888,0.9888,0.357313,0.843354,-0.0,0.405373,0.825538,-0.021081,0.444819,0.79823,-0.041246,0.473497,0.78292,-0.062594,0.499013,0.774838,-0.084381,0.41755,0.67945,-0.029075,0.432496,0.672038,-0.062577,0.450399,0.69353,-0.087459,0.468045,0.719081,-0.101076,0.376933,0.676151,-0.033627,0.393492,0.690447,-0.06995,0.406439,0.753645,-0.084694,0.414512,0.801812,-0.088482,0.337135,0.691881,-0.040964,0.346276,0.703648,-0.071674,0.360015,0.755379,-0.072269,0.3695,0.791771,-0.065958,0.300023,0.719546,-0.050267,0.301255,0.727507,-0.068498,0.317328,0.763984,-0.064209,0.329654,0.788299,-0.056318
971,32366,True,0.9957,0.9957,0.357018,0.858267,-0.0,0.409787,0.835826,-0.01593,0.452518,0.815254,-0.03717,0.487937,0.804402,-0.061106,0.522412,0.799536,-0.086206,0.433866,0.690999,-0.035637,0.468284,0.701849,-0.075236,0.494222,0.738431,-0.103909,0.515153,0.77701,-0.119179,0.393129,0.687547,-0.044169,0.422225,0.725197,-0.08277,0.440031,0.787386,-0.099243,0.450024,0.837787,-0.105256,0.352693,0.706809,-0.054926,0.374105,0.74787,-0.08646,0.392411,0.800689,-0.090262,0.402574,0.840375,-0.086936,0.31778,0.738938,-0.067484,0.330487,0.781376,-0.08623,0.344264,0.819361,-0.085543,0.351841,0.844719,-0.080689
972,32400,True,0.9983,0.9983,0.370624,0.882873,-0.0,0.423953,0.862567,-0.01453,0.467745,0.838988,-0.033905,0.503455,0.830029,-0.056536,0.537469,0.831057,-0.079367,0.455914,0.712492,-0.028846,0.490854,0.731723,-0.070391,0.513078,0.779793,-0.100061,0.528063,0.824177,-0.115671,0.41539,0.709465,-0.038828,0.444932,0.75858,-0.078868,0.459069,0.83004,-0.094345,0.463242,0.878573,-0.099427,0.374652,0.731802,-0.051942,0.398723,0.782352,-0.083497,0.41083,0.837508,-0.084267,0.412114,0.868256,-0.079156,0.339317,0.769314,-0.067149,0.354178,0.821032,-0.084153,0.363717,0.852062,-0.08204,0.364281,0.863088,-0.076867
973,32433,True,0.9985,0.9985,0.378481,0.900878,-0.0,0.436015,0.882418,-0.007816,0.479562,0.869684,-0.025154,0.511226,0.86819,-0.046398,0.53986,0.87633,-0.068862,0.478105,0.753972,-0.026231,0.508972,0.784375,-0.062975,0.527821,0.833021,-0.089016,0.538951,0.880636,-0.1029,0.439177,0.751716,-0.039996,0.469201,0.811848,-0.077951,0.479754,0.887092,-0.094175,0.480275,0.941233,-0.10017,0.396497,0.774996,-0.055592,0.416195,0.819118,-0.088868,0.425279,0.875486,-0.094741,0.427141,0.910859,-0.092734,0.357448,0.812403,-0.071736,0.361524,0.848752,-0.092846,0.367105,0.87811,-0.093982,0.368437,0.893837,-0.090772
974,32466,True,0.9995,0.9995,0.388117,0.935134,-0.0,0.442945,0.916856,-0.007575,0.486694,0.904203,-0.025625,0.517576,0.907018,-0.0472,0.546837,0.922303,-0.070723,0.496795,0.794166,-0.029672,0.531383,0.85437,-0.070476,0.545596,0.910622,-0.097956,0.552257,0.96295,-0.112122,0.454421,0.792954,-0.04621,0.49005,0.862987,-0.089895,0.499069,0.943265,-0.107363,0.500762,1.000318,-0.112556,0.406457,0.817455,-0.064617,0.431641,0.870001,-0.106615,0.440293,0.938121,-0.112886,0.44466,0.981246,-0.108094,0.362972,0.858578,-0.082822,0.370677,0.888156,-0.109306,0.380492,0.925785,-0.108655,0.387296,0.953448,-0.102559
975,32500,True,0.9995,0.9995,0.373159,0.964968,-0.0,0.428779,0.955012,-0.006151,0.477499,0.945346,-0.023572,0.512491,0.950424,-0.044433,0.546058,0.969348,-0.066702,0.493534,0.840622,-0.027804,0.539591,0.890683,-0.064941,0.557261,0.942813,-0.088932,0.561992,0.9929,-0.100919,0.455719,0.83796,-0.043568,0.504987,0.911928,-0.0811,0.513265,0.989322,-0.094653,0.509417,1.044099,-0.098224,0.410543,0.861721,-0.061054,0.449448,0.924262,-0.09913,0.455755,0.993641,-0.102623,0.453763,1.038711,-0.096766,0.368043,0.903023,-0.078265,0.390246,0.945285,-0.102927,0.398941,0.985573,-0.10086,0.398872,1.013008,-0.093954
976,32533,True,0.9995,0.9995,0.359215,0.973557,0.0,0.424726,0.965728,-0.001109,0.479252,0.965491,-0.015748,0.51455,0.981799,-0.034485,0.54442,1.012745,-0.05539,0.50345,0.874194,-0.026906,0.548727,0.948415,-0.060395,0.567657,1.008855,-0.081904,0.572435,1.054926,-0.093428,0.464771,0.872669,-0.044832,0.511932,0.968856,-0.076948,0.520916,1.043556,-0.089491,0.517632,1.089392,-0.094952,0.417283,0.893146,-0.063245,0.456383,0.977858,-0.095435,0.465925,1.044754,-0.096736,0.464436,1.085236,-0.09194,0.369759,0.9288,-0.081246,0.398885,0.990679,-0.101678,0.411123,1.040977,-0.095668,0.413111,1.074925,-0.087118
977,32566,True,0.9991,0.9991,0.354035,0.953142,0.0,0.423463,0.950426,-0.013133,0.484407,0.968038,-0.043658,0.526033,1.009707,-0.074292,0.555876,1.050344,-0.107857,0.507736,0.886814,-0.082431,0.563639,0.988845,-0.1321,0.579158,1.062892,-0.159218,0.579623,1.104044,-0.174992,0.463821,0.898722,-0.102147,0.526003,1.006897,-0.151295,0.534216,1.084481,-0.16563,0.532476,1.121694,-0.174289,0.415267,0.929183,-0.121188,0.470484,1.018561,-0.164635,0.481652,1.084759,-0.165002,0.481692,1.112902,-0.162373,0.368669,0.967107,-0.139961,0.407323,1.034712,-0.169962,0.419917,1.083336,-0.166618,0.423139,1.105611,-0.162329
978,32600,True,0.9975,0.9975,0.357463,0.945273,0.0,0.424973,0.933898,-0.00161,0.49221,0.954942,-0.021011,0.537481,1.000407,-0.042179,0.568571,1.041026,-0.064732,0.507167,0.894621,-0.059983,0.562767,0.985873,-0.090649,0.572764,1.048743,-0.103363,0.570897,1.085918,-0.109968,0.467572,0.904548,-0.077025,0.52303,1.000485,-0.102603,0.526731,1.064654,-0.103325,0.525163,1.095771,-0.105507,0.423344,0.931024,-0.092367,0.475151,1.016665,-0.115026,0.478746,1.073568,-0.106286,0.474064,1.099812,-0.100352,0.380941,0.966874,-0.107194,0.420762,1.032465,-0.119931,0.432195,1.073094,-0.110981,0.433249,1.091942,-0.104675
979,32633,True,0.9956,0.9956,0.360133,0.946947,0.0,0.42499,0.933253,-0.003293,0.491046,0.948665,-0.020276,0.535848,0.985954,-0.038195,0.567297,1.022728,-0.057394,0.504932,0.896438,-0.058083,0.557039,0.976126,-0.085709,0.56719,1.030616,-0.096674,0.567899,1.062663,-0.102821,0.466982,0.905884,-0.073134,0.520309,0.993776,-0.0971,0.524427,1.049594,-0.098161,0.522819,1.078018,-0.10052,0.423527,0.930238,-0.086484,0.472908,1.009274,-0.107518,0.477685,1.058391,-0.100001,0.475643,1.083671,-0.095361,0.3807,0.963458,-0.099465,0.416438,1.025195,-0.11192,0.428235,1.061368,-0.104525,0.431865,1.080264,-0.099524
980,32666,True,0.9975,0.9975,0.368334,0.943036,0.0,0.433937,0.93401,-0.002036,0.498353,0.95164,-0.018742,0.542034,0.990183,-0.037102,0.573469,1.026518,-0.057579,0.510596,0.896175,-0.054028,0.559773,0.973409,-0.082315,0.579073,1.029086,-0.096058,0.586442,1.068929,-0.104038,0.472194,0.903555,-0.069338,0.522774,0.989827,-0.093129,0.532312,1.050485,-0.094994,0.534585,1.08587,-0.097797,0.42865,0.927324,-0.08305,0.477156,1.003828,-0.104476,0.484934,1.056163,-0.097236,0.483717,1.086064,-0.092273,0.386073,0.960748,-0.096414,0.422493,1.019784,-0.1089,0.43515,1.057263,-0.101137,0.437464,1.078601,-0.095552
981,32700,True,0.9983,0.9983,0.377288,0.938795,0.0,0.441304,0.928678,-0.003155,0.503967,0.9497,-0.021184,0.545481,0.989985,-0.040761,0.574871,1.026536,-0.062488,0.515302,0.895892,-0.058526,0.564325,0.981049,-0.088885,0.57841,1.038835,-0.103437,0.582378,1.077451,-0.111904,0.476327,0.901038,-0.074357,0.5264,0.993418,-0.099922,0.532075,1.052704,-0.101886,0.533238,1.085986,-0.104914,0.431997,0.922625,-0.088658,0.47842,1.004762,-0.110826,0.482019,1.053976,-0.10248,0.479734,1.080155,-0.097114,0.389308,0.953403,-0.102789,0.420832,1.014852,-0.114926,0.430201,1.050333,-0.106263,0.431383,1.069248,-0.100464
982,32733,True,0.9983,0.9983,0.383191,0.932948,1e-06,0.448989,0.924856,-0.00588,0.510522,0.949617,-0.026796,0.549941,0.994529,-0.048661,0.577773,1.034243,-0.072331,0.520581,0.892122,-0.066244,0.568548,0.983057,-0.101829,0.579388,1.049209,-0.118894,0.580958,1.090873,-0.128249,0.480151,0.896728,-0.082235,0.527372,0.98823,-0.114506,0.535539,1.05935,-0.119303,0.538036,1.101183,-0.123229,0.434358,0.918884,-0.096825,0.477521,1.001114,-0.124912,0.486318,1.064924,-0.119036,0.487105,1.101606,-0.114012,0.390352,0.951447,-0.111165,0.420875,1.012613,-0.127574,0.435398,1.057323,-0.120885,0.440995,1.08375,-0.115691
983,32766,True,0.9983,0.9983,0.384358,0.933424,0.0,0.448055,0.92646,-0.003822,0.508573,0.946224,-0.021585,0.547105,0.984709,-0.040194,0.574538,1.020442,-0.060106,0.518827,0.887649,-0.058043,0.56495,0.969895,-0.089271,0.57343,1.030595,-0.103936,0.573203,1.067473,-0.112074,0.48064,0.892149,-0.07332,0.527126,0.976912,-0.101361,0.532162,1.039297,-0.105324,0.53101,1.073626,-0.108882,0.436642,0.91296,-0.087287,0.478557,0.989691,-0.111371,0.486726,1.047304,-0.106382,0.486856,1.079381,-0.102508,0.393758,0.943406,-0.100937,0.424535,1.000279,-0.115498,0.438724,1.041016,-0.110072,0.444468,1.064649,-0.105994
984,32800,True,0.9985,0.9985,0.396317,0.936609,1e-06,0.459863,0.935818,-0.007118,0.517806,0.957386,-0.027791,0.554899,0.999769,-0.049494,0.582077,1.037622,-0.073065,0.529137,0.882607,-0.05873,0.573322,0.971066,-0.094159,0.585163,1.038297,-0.114696,0.586479,1.085214,-0.126798,0.489752,0.883847,-0.073828,0.531525,0.978897,-0.105078,0.537681,1.051143,-0.112127,0.537008,1.093327,-0.117818,0.444676,0.903448,-0.08826,0.483629,0.989623,-0.116054,0.490539,1.055698,-0.111549,0.48954,1.092897,-0.107461,0.401407,0.934388,-0.102784,0.429138,0.999389,-0.119721,0.441375,1.046978,-0.113503,0.444951,1.074641,-0.108363
985,32833,True,0.9989,0.9989,0.393868,0.926579,0.0,0.455347,0.924675,-0.004561,0.513062,0.944673,-0.020433,0.551517,0.985847,-0.037493,0.577822,1.019781,-0.055898,0.52188,0.875284,-0.046136,0.568254,0.956083,-0.074881,0.581413,1.01789,-0.090819,0.5826,1.058611,-0.099713,0.484154,0.882064,-0.05958,0.529732,0.972025,-0.083475,0.53783,1.038247,-0.088315,0.536928,1.075155,-0.092954,0.441693,0.904549,-0.07248,0.484695,0.987104,-0.095268,0.494379,1.050114,-0.090967,0.492457,1.086026,-0.087287,0.401136,0.937614,-0.085323,0.433004,1.001153,-0.099272,0.445991,1.047404,-0.093011,0.448947,1.075432,-0.087987
986,32866,True,0.9989,0.9989,0.395792,0.919893,0.0,0.456345,0.915109,-0.006351,0.513999,0.934148,-0.024825,0.552115,0.975093,-0.044057,0.579132,1.008937,-0.06507,0.522664,0.870419,-0.05529,0.568968,0.951035,-0.086308,0.58248,1.014231,-0.103475,0.585097,1.057184,-0.113288,0.483899,0.877766,-0.068841,0.529971,0.964473,-0.094591,0.540248,1.030752,-0.09982,0.542186,1.069953,-0.104941,0.440754,0.901612,-0.081527,0.485119,0.98025,-0.105394,0.49725,1.043094,-0.101574,0.498567,1.080884,-0.098585,0.399806,0.935223,-0.094157,0.431912,0.996953,-0.109333,0.447542,1.043036,-0.103878,0.453607,1.071968,-0.099593
987,32900,True,0.998,0.998,0.396673,0.921051,1e-06,0.455793,0.916512,-0.007032,0.514476,0.933331,-0.024053,0.553431,0.973352,-0.04185,0.580278,1.007852,-0.061502,0.524707,0.867754,-0.049958,0.568061,0.949206,-0.080162,0.583353,1.012024,-0.098376,0.589105,1.057617,-0.109088,0.486652,0.874593,-0.062084,0.529299,0.962501,-0.087267,0.541726,1.028186,-0.093857,0.545947,1.070325,-0.099788,0.444678,0.897254,-0.073741,0.485589,0.977389,-0.096875,0.499178,1.038858,-0.094982,0.502788,1.078318,-0.093086,0.404871,0.928921,-0.085598,0.436341,0.991417,-0.100512,0.452977,1.038694,-0.09684,0.46113,1.07147,-0.093652
988,32933,True,0.9989,0.9989,0.398079,0.916345,1e-06,0.458653,0.911553,-0.006627,0.517704,0.932294,-0.025949,0.557351,0.976242,-0.046071,0.585209,1.012563,-0.068601,0.527789,0.865319,-0.056044,0.574433,0.954216,-0.090376,0.590477,1.023593,-0.111677,0.596052,1.073329,-0.124123,0.488214,0.872091,-0.070042,0.536274,0.97019,-0.098892,0.549929,1.043627,-0.106911,0.55411,1.089784,-0.113703,0.445161,0.89592,-0.083256,0.491882,0.982252,-0.107948,0.506938,1.047349,-0.104789,0.509677,1.08788,-0.102145,0.404384,0.928922,-0.096626,0.439815,0.993275,-0.111318,0.457958,1.040831,-0.105633,0.465477,1.072934,-0.101197
989,32966,True,0.9991,0.9991,0.39658,0.918894,1e-06,0.458112,0.916317,-0.007163,0.518141,0.938651,-0.026063,0.557382,0.985024,-0.045823,0.583886,1.022919,-0.067675,0.531595,0.866972,-0.054298,0.575265,0.958449,-0.08863,0.591001,1.030295,-0.110688,0.596623,1.083929,-0.123701,0.490674,0.871575,-0.068168,0.535671,0.968214,-0.097772,0.548452,1.044292,-0.107112,0.551755,1.093707,-0.114331,0.445991,0.894659,-0.081266,0.489418,0.980885,-0.107367,0.501792,1.046782,-0.105537,0.502503,1.087064,-0.103,0.403869,0.927566,-0.09455,0.437986,0.993917,-0.110257,0.45354,1.042857,-0.104942,0.458572,1.075349,-0.100214
990,33000,True,0.9991,0.9991,0.398252,0.91457,1e-06,0.460679,0.909379,-0.007663,0.519795,0.933403,-0.028556,0.55804,0.982541,-0.049931,0.58368,1.024207,-0.073781,0.530395,0.863956,-0.060444,0.576632,0.954356,-0.096173,0.593354,1.029761,-0.11844,0.598758,1.085613,-0.131564,0.489641,0.872163,-0.074835,0.538204,0.972588,-0.10583,0.553568,1.052388,-0.115134,0.558377,1.103445,-0.122747,0.445038,0.897831,-0.088191,0.490171,0.987921,-0.115144,0.505851,1.057239,-0.112985,0.5083,1.099978,-0.110581,0.403018,0.932396,-0.101645,0.438086,0.998296,-0.11767,0.456609,1.048709,-0.111956,0.463697,1.082956,-0.107295
991,33033,True,0.9991,0.9991,0.396596,0.91691,1e-06,0.4581,0.912331,-0.005941,0.517651,0.934615,-0.025176,0.555582,0.980517,-0.045252,0.581599,1.020594,-0.06722,0.531664,0.867201,-0.056674,0.57685,0.95213,-0.090235,0.590707,1.021951,-0.10934,0.592459,1.07118,-0.120058,0.491365,0.873165,-0.071368,0.53823,0.971443,-0.101582,0.549091,1.047085,-0.109518,0.550091,1.093814,-0.115398,0.446871,0.896638,-0.085005,0.490796,0.985395,-0.111992,0.502278,1.053336,-0.109914,0.501831,1.093727,-0.106999,0.404514,0.929267,-0.098522,0.438519,0.996028,-0.115594,0.454313,1.047341,-0.11092,0.459681,1.081607,-0.106434
992,33066,True,0.9991,0.9991,0.395888,0.919125,1e-06,0.458901,0.913752,-0.00628,0.518049,0.935218,-0.026327,0.556042,0.980032,-0.047097,0.582696,1.020674,-0.069648,0.531516,0.865759,-0.058701,0.575945,0.950751,-0.092862,0.590674,1.019525,-0.111786,0.593159,1.068648,-0.122552,0.49256,0.870966,-0.07367,0.538231,0.96698,-0.10497,0.549435,1.042421,-0.113151,0.55078,1.088671,-0.119276,0.448773,0.893765,-0.087475,0.490751,0.980252,-0.115425,0.501201,1.048465,-0.113189,0.500466,1.087616,-0.110263,0.40648,0.925826,-0.101152,0.438082,0.99095,-0.11902,0.453061,1.041611,-0.11459,0.458306,1.074181,-0.110359
993,33100,True,0.9993,0.9993,0.395597,0.918483,1e-06,0.459525,0.914405,-0.00757,0.519011,0.937908,-0.029081,0.557322,0.984381,-0.051178,0.583658,1.025807,-0.075276,0.531823,0.86484,-0.060922,0.577908,0.953574,-0.097549,0.594846,1.028327,-0.119118,0.59819,1.082198,-0.131517,0.491079,0.87113,-0.076259,0.53941,0.970171,-0.110294,0.553588,1.052716,-0.12043,0.556185,1.104392,-0.127538,0.446311,0.895714,-0.090495,0.490828,0.986518,-0.120597,0.504453,1.059387,-0.118899,0.505028,1.101399,-0.115853,0.403333,0.929689,-0.104688,0.437764,0.997984,-0.123509,0.45426,1.05122,-0.118358,0.4595,1.085349,-0.113339
994,33133,True,0.9989,0.9989,0.395967,0.921064,1e-06,0.45805,0.912377,-0.005094,0.517548,0.930494,-0.023186,0.55633,0.971387,-0.042192,0.583698,1.009563,-0.062904,0.526343,0.864409,-0.054545,0.574271,0.942065,-0.085416,0.591361,1.005041,-0.102153,0.596301,1.050191,-0.111866,0.487754,0.872245,-0.068987,0.536399,0.959425,-0.096849,0.549057,1.028013,-0.103037,0.552102,1.070559,-0.108195,0.445401,0.896972,-0.082281,0.489039,0.978312,-0.107438,0.500942,1.041849,-0.104094,0.5024,1.080015,-0.100864,0.404876,0.930941,-0.095473,0.437552,0.99298,-0.11151,0.453349,1.041153,-0.106632,0.459733,1.073283,-0.102381
995,33166,True,0.9989,0.9989,0.395089,0.916347,1e-06,0.456927,0.909547,-0.006966,0.517797,0.931274,-0.027948,0.55839,0.976847,-0.049566,0.586389,1.017118,-0.073757,0.523975,0.861123,-0.062003,0.575022,0.942597,-0.098257,0.597588,1.010306,-0.120805,0.6082,1.063443,-0.13451,0.484426,0.870093,-0.077296,0.53792,0.956312,-0.109611,0.557775,1.030132,-0.119245,0.565956,1.080021,-0.12701,0.442069,0.896785,-0.0914,0.491897,0.977729,-0.119477,0.508584,1.04246,-0.117376,0.512368,1.082215,-0.115028,0.40298,0.932719,-0.105538,0.440485,0.994684,-0.122963,0.458289,1.042595,-0.118125,0.464682,1.074107,-0.114097
996,33200,True,0.9993,0.9993,0.396945,0.922061,1e-06,0.458804,0.915684,-0.009456,0.517742,0.933396,-0.032181,0.556309,0.974147,-0.055374,0.584984,1.011245,-0.08059,0.523103,0.854188,-0.064601,0.571989,0.930896,-0.102751,0.596086,1.000525,-0.126532,0.606292,1.056021,-0.140841,0.482488,0.864735,-0.079277,0.532312,0.947986,-0.115088,0.551112,1.024762,-0.125741,0.556718,1.07696,-0.133177,0.4397,0.894394,-0.092982,0.486842,0.974385,-0.124867,0.502013,1.042552,-0.122901,0.503797,1.084417,-0.119393,0.400449,0.933199,-0.10691,0.437337,0.997941,-0.128149,0.45475,1.049825,-0.123981,0.460863,1.083961,-0.119273
997,33233,True,0.9997,0.9997,0.392756,0.91673,1e-06,0.454351,0.907476,-0.011156,0.511451,0.926598,-0.036234,0.549101,0.971295,-0.061336,0.576262,1.013896,-0.088766,0.521026,0.854131,-0.071024,0.572383,0.931567,-0.112691,0.595337,1.004671,-0.137847,0.602973,1.057789,-0.152831,0.48044,0.866189,-0.086526,0.532235,0.954142,-0.125712,0.548002,1.036604,-0.136474,0.55045,1.088696,-0.143596,0.435887,0.898304,-0.101255,0.481385,0.985159,-0.13607,0.496265,1.057258,-0.134217,0.496961,1.098807,-0.130498,0.394092,0.939483,-0.116171,0.429262,1.008623,-0.138114,0.44584,1.062098,-0.132839,0.450487,1.094805,-0.127695
998,33266,True,0.9994,0.9994,0.393863,0.922501,1e-06,0.457341,0.918874,-0.009144,0.513723,0.93788,-0.031587,0.549014,0.979638,-0.054996,0.575722,1.018427,-0.080434,0.526088,0.856416,-0.060721,0.575918,0.92614,-0.100323,0.598663,0.996483,-0.125472,0.605953,1.05032,-0.140539,0.486267,0.864627,-0.076359,0.534415,0.936468,-0.114207,0.552865,1.016087,-0.126445,0.556646,1.070127,-0.134234,0.442275,0.891334,-0.091494,0.483814,0.964601,-0.124897,0.499073,1.033779,-0.124098,0.500444,1.075511,-0.120928,0.400374,0.928687,-0.106926,0.433187,0.989151,-0.128622,0.450593,1.040944,-0.124406,0.456142,1.074346,-0.119557
999,33300,True,0.9998,0.9998,0.397903,0.917593,1e-06,0.464723,0.912596,-0.009546,0.523247,0.940104,-0.034536,0.558627,0.991433,-0.059888,0.582436,1.040871,-0.087662,0.536385,0.861718,-0.071774,0.580304,0.938717,-0.112047,0.60059,1.009428,-0.134906,0.605716,1.05921,-0.14895,0.494138,0.867204,-0.089169,0.537448,0.94645,-0.128787,0.554972,1.02962,-0.140474,0.559479,1.084396,-0.148805,0.445705,0.892342,-0.105146,0.483725,0.971494,-0.139933,0.497652,1.041858,-0.136835,0.498037,1.083079,-0.132792,0.398893,0.930311,-0.121235,0.431042,0.991115,-0.143402,0.447683,1.043109,-0.136874,0.452468,1.074011,-0.131126
1000,33333,True,0.9997,0.9997,0.398566,0.915014,1e-06,0.466924,0.913569,-0.012166,0.527854,0.941806,-0.039042,0.563362,0.996838,-0.065444,0.587051,1.048477,-0.093583,0.543714,0.861907,-0.077498,0.588883,0.962586,-0.121123,0.600043,1.049598,-0.143705,0.597549,1.104213,-0.156323,0.497128,0.8694,-0.093339,0.544265,0.975837,-0.13459,0.558638,1.068442,-0.144914,0.561983,1.124943,-0.152368,0.446154,0.89274,-0.108002,0.488429,0.991512,-0.142889,0.503129,1.067089,-0.138033,0.504734,1.110465,-0.13315,0.396353,0.929006,-0.122991,0.431476,1.00468,-0.145262,0.451987,1.062992,-0.138333,0.460519,1.098242,-0.132288
1001,33366,True,0.9991,0.9991,0.406303,0.90634,1e-06,0.471217,0.904759,-0.012401,0.529428,0.938388,-0.039479,0.563259,0.996641,-0.066425,0.584857,1.050191,-0.095481,0.541073,0.860862,-0.078206,0.589554,0.947393,-0.119476,0.601459,1.025586,-0.142028,0.599839,1.074838,-0.155481,0.496664,0.868619,-0.093346,0.541116,0.953842,-0.130802,0.555845,1.036104,-0.140152,0.55981,1.087015,-0.148351,0.448525,0.892584,-0.107457,0.486012,0.972224,-0.140793,0.501862,1.044787,-0.138266,0.50578,1.090244,-0.135863,0.402864,0.927901,-0.12182,0.432817,0.992303,-0.14418,0.451722,1.048148,-0.140343,0.460301,1.08435,-0.137275
1002,33400,True,0.9982,0.9982,0.418765,0.906218,1e-06,0.485943,0.902558,-0.019696,0.543047,0.935662,-0.052558,0.575824,0.994563,-0.083797,0.597338,1.0428,-0.117632,0.538674,0.864079,-0.094441,0.584449,0.946015,-0.142816,0.601565,1.01395,-0.174021,0.609376,1.057777,-0.194822,0.48835,0.875774,-0.108636,0.528786,0.963564,-0.156494,0.547346,1.038057,-0.171961,0.558739,1.08648,-0.184503,0.43973,0.903888,-0.121951,0.473188,0.9907,-0.162398,0.493618,1.054666,-0.162335,0.506339,1.094633,-0.16198,0.39795,0.94098,-0.136246,0.423891,1.006912,-0.165738,0.446116,1.058328,-0.165864,0.463278,1.091969,-0.16588
1003,33433,False,0.0,0.0,0.0,0.0,0.0,0.0,0.0,0.0,0.0,0.0,0.0,0.0,0.0,0.0,0.0,0.0,0.0,0.0,0.0,0.0,0.0,0.0,0.0,0.0,0.0,0.0,0.0,0.0,0.0,0.0,0.0,0.0,0.0,0.0,0.0,0.0,0.0,0.0,0.0,0.0,0.0,0.0,0.0,0.0,0.0,0.0,0.0,0.0,0.0,0.0,0.0,0.0,0.0,0.0,0.0,0.0,0.0,0.0,0.0,0.0,0.0,0.0,0.0,0.0,0.0
1004,33466,True,0.8509,0.8509,0.385302,0.917103,0.0,0.447499,0.917663,-0.001669,0.514259,0.933976,-0.014297,0.562598,0.960001,-0.029478,0.594528,0.991104,-0.045093,0.526072,0.863064,-0.032626,0.572314,0.898048,-0.059664,0.59833,0.943038,-0.078057,0.614436,0.986145,-0.090263,0.499517,0.850452,-0.04656,0.534676,0.908133,-0.073592,0.549084,0.967815,-0.08394,0.55925,1.019391,-0.091643,0.472526,0.856987,-0.060332,0.507164,0.909641,-0.084808,0.522913,0.966307,-0.084284,0.536132,1.016353,-0.083203,0.447998,0.875005,-0.074351,0.476682,0.919863,-0.088094,0.494032,0.96499,-0.083823,0.508011,1.00309,-0.080643
1005,33500,True,0.986,0.986,0.493262,0.926425,0.0,0.465013,0.919226,-0.057995,0.455879,0.92337,-0.104885,0.4657,0.95766,-0.144582,0.487785,1.001674,-0.185225,0.500135,0.859351,-0.110735,0.51143,0.881419,-0.161452,0.526095,0.922256,-0.194379,0.540891,0.968336,-0.215474,0.533987,0.887269,-0.103441,0.549515,0.940443,-0.155242,0.5542,0.996825,-0.177865,0.559325,1.047077,-0.191827,0.556688,0.925682,-0.098533,0.575998,0.973703,-0.143707,0.583082,1.021891,-0.155811,0.58613,1.06367,-0.160938,0.56891,0.963009,-0.097331,0.590748,0.995302,-0.129816,0.610628,1.031144,-0.139244,0.628073,1.067456,-0.144323
1006,33533,False,0.0,0.0,0.0,0.0,0.0,0.0,0.0,0.0,0.0,0.0,0.0,0.0,0.0,0.0,0.0,0.0,0.0,0.0,0.0,0.0,0.0,0.0,0.0,0.0,0.0,0.0,0.0,0.0,0.0,0.0,0.0,0.0,0.0,0.0,0.0,0.0,0.0,0.0,0.0,0.0,0.0,0.0,0.0,0.0,0.0,0.0,0.0,0.0,0.0,0.0,0.0,0.0,0.0,0.0,0.0,0.0,0.0,0.0,0.0,0.0,0.0,0.0,0.0,0.0,0.0
1007,33566,False,0.0,0.0,0.0,0.0,0.0,0.0,0.0,0.0,0.0,0.0,0.0,0.0,0.0,0.0,0.0,0.0,0.0,0.0,0.0,0.0,0.0,0.0,0.0,0.0,0.0,0.0,0.0,0.0,0.0,0.0,0.0,0.0,0.0,0.0,0.0,0.0,0.0,0.0,0.0,0.0,0.0,0.0,0.0,0.0,0.0,0.0,0.0,0.0,0.0,0.0,0.0,0.0,0.0,0.0,0.0,0.0,0.0,0.0,0.0,0.0,0.0,0.0,0.0,0.0,0.0
1008,33600,True,0.5243,0.5243,0.499702,0.963992,0.0,0.557217,0.943105,-0.015748,0.616955,0.905412,-0.033094,0.66374,0.875421,-0.047869,0.705392,0.850527,-0.063706,0.612731,0.91057,-0.069346,0.688135,0.897556,-0.104573,0.735294,0.891248,-0.123361,0.774032,0.887563,-0.135346,0.592234,0.904857,-0.077874,0.657854,0.869144,-0.11766,0.705201,0.839574,-0.138485,0.744985,0.817224,-0.153294,0.5668,0.899223,-0.085044,0.614184,0.862256,-0.119426,0.654647,0.837697,-0.135263,0.690276,0.820584,-0.145492,0.538686,0.893549,-0.09182,0.569226,0.860006,-0.122401,0.596593,0.840668,-0.137187,0.622961,0.821427,-0.146928
1009,33633,True,0.8485,0.8485,0.52199,0.981201,1e-06,0.578798,0.982989,-0.010881,0.626293,0.963541,-0.028396,0.663926,0.947968,-0.046404,0.695001,0.932463,-0.068559,0.648706,0.915359,-0.05651,0.714216,0.890846,-0.09169,0.758424,0.877655,-0.114527,0.795598,0.871639,-0.12945,0.625013,0.898514,-0.072446,0.682989,0.838176,-0.104646,0.724966,0.802818,-0.127198,0.762036,0.776503,-0.1434,0.589152,0.897786,-0.087388,0.626999,0.823381,-0.119146,0.657564,0.778619,-0.139361,0.688522,0.744878,-0.154125,0.546563,0.909815,-0.101645,0.557434,0.868072,-0.132167,0.57333,0.846823,-0.145054,0.590778,0.831506,-0.153647
1010,33666,True,0.9204,0.9204,0.526572,0.984214,1e-06,0.582203,0.993522,-0.006295,0.629736,0.974775,-0.020306,0.663058,0.957702,-0.035715,0.690621,0.938125,-0.055624,0.666271,0.910706,-0.0477,0.736123,0.877542,-0.079908,0.783961,0.858698,-0.100768,0.824263,0.845279,-0.115005,0.642137,0.889265,-0.065827,0.704984,0.818663,-0.096196,0.749099,0.775148,-0.120061,0.787342,0.740051,-0.136978,0.604299,0.886504,-0.082624,0.64809,0.797201,-0.114214,0.683636,0.737172,-0.137755,0.71901,0.688655,-0.154347,0.558405,0.896971,-0.09796,0.575837,0.84276,-0.129787,0.596245,0.807578,-0.145037,0.619893,0.779384,-0.154921
1011,33700,True,0.9736,0.9736,0.532129,0.949848,1e-06,0.58659,0.976755,-0.017229,0.634587,0.979137,-0.035281,0.667899,0.997983,-0.054986,0.696655,1.008337,-0.077051,0.684187,0.859033,-0.038011,0.748891,0.835906,-0.071076,0.794847,0.821936,-0.096169,0.835848,0.808326,-0.114342,0.662775,0.825438,-0.053344,0.718016,0.753887,-0.083902,0.759491,0.710729,-0.109425,0.796005,0.674084,-0.127432,0.625183,0.819249,-0.070255,0.66204,0.727354,-0.102953,0.692804,0.670125,-0.125947,0.725195,0.623302,-0.141073,0.578434,0.835409,-0.087793,0.59033,0.775474,-0.120636,0.605866,0.732949,-0.135663,0.625523,0.696935,-0.14442
1012,33733,True,0.9652,0.9652,0.522134,0.942397,1e-06,0.581419,0.962355,-0.024736,0.642052,0.954737,-0.046639,0.694592,0.964479,-0.068679,0.739416,0.969198,-0.093682,0.67371,0.814868,-0.051882,0.741295,0.778744,-0.089074,0.787149,0.758104,-0.116511,0.829188,0.742346,-0.135789,0.649911,0.786225,-0.064998,0.706401,0.699764,-0.098477,0.744012,0.64857,-0.127165,0.77825,0.603456,-0.148501,0.612181,0.789049,-0.079641,0.636645,0.693738,-0.113304,0.655236,0.626144,-0.137501,0.674671,0.569574,-0.154763,0.565752,0.815058,-0.095644,0.573943,0.749995,-0.126901,0.583194,0.702859,-0.142052,0.595004,0.660007,-0.152261
1013,33766,True,0.9812,0.9812,0.480599,0.919519,0.0,0.555957,0.921017,-0.014705,0.632966,0.899684,-0.031024,0.689141,0.904379,-0.050657,0.729527,0.901454,-0.074766,0.628279,0.746746,-0.020072,0.65187,0.661063,-0.047894,0.664618,0.606424,-0.075578,0.673321,0.566274,-0.096682,0.599527,0.734185,-0.036545,0.614679,0.636323,-0.061437,0.62638,0.584118,-0.091334,0.63344,0.544537,-0.115722,0.56842,0.74305,-0.055643,0.574478,0.647393,-0.079958,0.580848,0.596693,-0.099395,0.587108,0.557761,-0.115019,0.532962,0.77361,-0.076829,0.533794,0.697671,-0.100292,0.537271,0.643585,-0.112052,0.543626,0.597103,-0.12139
1014,33800,True,0.9359,0.9359,0.438721,0.890108,0.0,0.517068,0.8824,-0.011647,0.586729,0.851166,-0.026142,0.643067,0.838256,-0.04379,0.687711,0.827102,-0.064443,0.582143,0.722031,-0.012992,0.616525,0.655468,-0.038036,0.630679,0.621657,-0.062649,0.637025,0.5926,-0.081075,0.553525,0.709627,-0.027314,0.584205,0.63601,-0.050251,0.602093,0.613824,-0.075322,0.610256,0.596003,-0.094897,0.519098,0.712072,-0.044009,0.5414,0.641603,-0.063851,0.555269,0.621576,-0.075919,0.562104,0.604081,-0.08575,0.479618,0.732298,-0.062379,0.488028,0.669947,-0.078766,0.499868,0.649414,-0.08295,0.507147,0.63677,-0.086176
1015,33833,False,0.0,0.0,0.0,0.0,0.0,0.0,0.0,0.0,0.0,0.0,0.0,0.0,0.0,0.0,0.0,0.0,0.0,0.0,0.0,0.0,0.0,0.0,0.0,0.0,0.0,0.0,0.0,0.0,0.0,0.0,0.0,0.0,0.0,0.0,0.0,0.0,0.0,0.0,0.0,0.0,0.0,0.0,0.0,0.0,0.0,0.0,0.0,0.0,0.0,0.0,0.0,0.0,0.0,0.0,0.0,0.0,0.0,0.0,0.0,0.0,0.0,0.0,0.0,0.0,0.0
1016,33866,False,0.0,0.0,0.0,0.0,0.0,0.0,0.0,0.0,0.0,0.0,0.0,0.0,0.0,0.0,0.0,0.0,0.0,0.0,0.0,0.0,0.0,0.0,0.0,0.0,0.0,0.0,0.0,0.0,0.0,0.0,0.0,0.0,0.0,0.0,0.0,0.0,0.0,0.0,0.0,0.0,0.0,0.0,0.0,0.0,0.0,0.0,0.0,0.0,0.0,0.0,0.0,0.0,0.0,0.0,0.0,0.0,0.0,0.0,0.0,0.0,0.0,0.0,0.0,0.0,0.0
1017,33900,False,0.0,0.0,0.0,0.0,0.0,0.0,0.0,0.0,0.0,0.0,0.0,0.0,0.0,0.0,0.0,0.0,0.0,0.0,0.0,0.0,0.0,0.0,0.0,0.0,0.0,0.0,0.0,0.0,0.0,0.0,0.0,0.0,0.0,0.0,0.0,0.0,0.0,0.0,0.0,0.0,0.0,0.0,0.0,0.0,0.0,0.0,0.0,0.0,0.0,0.0,0.0,0.0,0.0,0.0,0.0,0.0,0.0,0.0,0.0,0.0,0.0,0.0,0.0,0.0,0.0
1018,33933,False,0.0,0.0,0.0,0.0,0.0,0.0,0.0,0.0,0.0,0.0,0.0,0.0,0.0,0.0,0.0,0.0,0.0,0.0,0.0,0.0,0.0,0.0,0.0,0.0,0.0,0.0,0.0,0.0,0.0,0.0,0.0,0.0,0.0,0.0,0.0,0.0,0.0,0.0,0.0,0.0,0.0,0.0,0.0,0.0,0.0,0.0,0.0,0.0,0.0,0.0,0.0,0.0,0.0,0.0,0.0,0.0,0.0,0.0,0.0,0.0,0.0,0.0,0.0,0.0,0.0
1019,33966,False,0.0,0.0,0.0,0.0,0.0,0.0,0.0,0.0,0.0,0.0,0.0,0.0,0.0,0.0,0.0,0.0,0.0,0.0,0.0,0.0,0.0,0.0,0.0,0.0,0.0,0.0,0.0,0.0,0.0,0.0,0.0,0.0,0.0,0.0,0.0,0.0,0.0,0.0,0.0,0.0,0.0,0.0,0.0,0.0,0.0,0.0,0.0,0.0,0.0,0.0,0.0,0.0,0.0,0.0,0.0,0.0,0.0,0.0,0.0,0.0,0.0,0.0,0.0,0.0,0.0
1020,34000,False,0.0,0.0,0.0,0.0,0.0,0.0,0.0,0.0,0.0,0.0,0.0,0.0,0.0,0.0,0.0,0.0,0.0,0.0,0.0,0.0,0.0,0.0,0.0,0.0,0.0,0.0,0.0,0.0,0.0,0.0,0.0,0.0,0.0,0.0,0.0,0.0,0.0,0.0,0.0,0.0,0.0,0.0,0.0,0.0,0.0,0.0,0.0,0.0,0.0,0.0,0.0,0.0,0.0,0.0,0.0,0.0,0.0,0.0,0.0,0.0,0.0,0.0,0.0,0.0,0.0
1021,34033,False,0.0,0.0,0.0,0.0,0.0,0.0,0.0,0.0,0.0,0.0,0.0,0.0,0.0,0.0,0.0,0.0,0.0,0.0,0.0,0.0,0.0,0.0,0.0,0.0,0.0,0.0,0.0,0.0,0.0,0.0,0.0,0.0,0.0,0.0,0.0,0.0,0.0,0.0,0.0,0.0,0.0,0.0,0.0,0.0,0.0,0.0,0.0,0.0,0.0,0.0,0.0,0.0,0.0,0.0,0.0,0.0,0.0,0.0,0.0,0.0,0.0,0.0,0.0,0.0,0.0
1022,34066,False,0.0,0.0,0.0,0.0,0.0,0.0,0.0,0.0,0.0,0.0,0.0,0.0,0.0,0.0,0.0,0.0,0.0,0.0,0.0,0.0,0.0,0.0,0.0,0.0,0.0,0.0,0.0,0.0,0.0,0.0,0.0,0.0,0.0,0.0,0.0,0.0,0.0,0.0,0.0,0.0,0.0,0.0,0.0,0.0,0.0,0.0,0.0,0.0,0.0,0.0,0.0,0.0,0.0,0.0,0.0,0.0,0.0,0.0,0.0,0.0,0.0,0.0,0.0,0.0,0.0
1023,34100,False,0.0,0.0,0.0,0.0,0.0,0.0,0.0,0.0,0.0,0.0,0.0,0.0,0.0,0.0,0.0,0.0,0.0,0.0,0.0,0.0,0.0,0.0,0.0,0.0,0.0,0.0,0.0,0.0,0.0,0.0,0.0,0.0,0.0,0.0,0.0,0.0,0.0,0.0,0.0,0.0,0.0,0.0,0.0,0.0,0.0,0.0,0.0,0.0,0.0,0.0,0.0,0.0,0.0,0.0,0.0,0.0,0.0,0.0,0.0,0.0,0.0,0.0,0.0,0.0,0.0
1024,34133,False,0.0,0.0,0.0,0.0,0.0,0.0,0.0,0.0,0.0,0.0,0.0,0.0,0.0,0.0,0.0,0.0,0.0,0.0,0.0,0.0,0.0,0.0,0.0,0.0,0.0,0.0,0.0,0.0,0.0,0.0,0.0,0.0,0.0,0.0,0.0,0.0,0.0,0.0,0.0,0.0,0.0,0.0,0.0,0.0,0.0,0.0,0.0,0.0,0.0,0.0,0.0,0.0,0.0,0.0,0.0,0.0,0.0,0.0,0.0,0.0,0.0,0.0,0.0,0.0,0.0
1025,34166,False,0.0,0.0,0.0,0.0,0.0,0.0,0.0,0.0,0.0,0.0,0.0,0.0,0.0,0.0,0.0,0.0,0.0,0.0,0.0,0.0,0.0,0.0,0.0,0.0,0.0,0.0,0.0,0.0,0.0,0.0,0.0,0.0,0.0,0.0,0.0,0.0,0.0,0.0,0.0,0.0,0.0,0.0,0.0,0.0,0.0,0.0,0.0,0.0,0.0,0.0,0.0,0.0,0.0,0.0,0.0,0.0,0.0,0.0,0.0,0.0,0.0,0.0,0.0,0.0,0.0
1026,34200,True,0.9805,0.9805,0.399477,0.790551,0.0,0.471783,0.780994,-0.023391,0.522827,0.73095,-0.03889,0.542119,0.677556,-0.05374,0.54594,0.63141,-0.069737,0.505701,0.629584,-0.036393,0.531661,0.578243,-0.06437,0.554256,0.550109,-0.086278,0.572239,0.52758,-0.102139,0.465349,0.627345,-0.041537,0.487561,0.610141,-0.078101,0.501561,0.665499,-0.094963,0.506085,0.716859,-0.102597,0.422895,0.640398,-0.0487,0.443659,0.64153,-0.082392,0.458135,0.691495,-0.084667,0.463973,0.72946,-0.081479,0.382574,0.661007,-0.057764,0.39818,0.667974,-0.080506,0.408542,0.69927,-0.078841,0.411402,0.724059,-0.074711
1027,34233,True,0.9991,0.9991,0.443652,0.779469,0.0,0.493064,0.755851,-0.018885,0.537425,0.697079,-0.032622,0.559365,0.645095,-0.04735,0.575271,0.598864,-0.063015,0.504061,0.580428,-0.02437,0.531665,0.528964,-0.052763,0.560104,0.493978,-0.073858,0.585077,0.464905,-0.087872,0.464134,0.575089,-0.03111,0.507806,0.559881,-0.071047,0.527012,0.628509,-0.084013,0.529114,0.680445,-0.085118,0.426597,0.592832,-0.039995,0.465742,0.5897,-0.07568,0.48295,0.651545,-0.069883,0.483149,0.692596,-0.058133,0.390787,0.626446,-0.050757,0.425668,0.623536,-0.074693,0.44633,0.666583,-0.068203,0.451,0.697548,-0.057881
1028,34266,True,0.9978,0.9978,0.457705,0.752817,0.0,0.506013,0.726786,-0.020451,0.547316,0.660016,-0.034808,0.573217,0.606121,-0.049703,0.594684,0.559191,-0.064587,0.513028,0.548708,-0.018008,0.545219,0.499666,-0.045007,0.574464,0.468445,-0.064464,0.598741,0.440424,-0.077036,0.474174,0.547436,-0.022534,0.519133,0.531405,-0.060118,0.537885,0.603067,-0.069145,0.537728,0.648318,-0.067557,0.437813,0.567201,-0.030322,0.475201,0.554845,-0.065781,0.496208,0.618188,-0.056677,0.497149,0.654739,-0.042402,0.403488,0.602152,-0.039984,0.436012,0.58748,-0.06313,0.459277,0.631493,-0.053497,0.462326,0.66014,-0.040703
1029,34300,True,0.9989,0.9989,0.472983,0.737944,0.0,0.517476,0.711246,-0.018808,0.557368,0.641718,-0.032976,0.582952,0.590284,-0.048093,0.604984,0.546507,-0.062979,0.52671,0.526184,-0.013685,0.561588,0.476514,-0.041534,0.592162,0.444254,-0.060984,0.617156,0.41541,-0.073417,0.489304,0.526225,-0.019812,0.537755,0.504328,-0.059859,0.552027,0.583626,-0.069249,0.546205,0.628064,-0.066558,0.452905,0.546299,-0.029346,0.493608,0.530747,-0.070415,0.511526,0.602172,-0.062126,0.506867,0.637218,-0.046307,0.417265,0.581739,-0.040088,0.452582,0.56434,-0.067846,0.476081,0.615567,-0.057968,0.476582,0.644852,-0.04365
1030,34333,True,0.9989,0.9989,0.472046,0.738853,0.0,0.522073,0.706658,-0.020027,0.565434,0.635809,-0.036264,0.591302,0.579682,-0.053303,0.610854,0.53245,-0.069852,0.534026,0.516953,-0.019284,0.571624,0.46775,-0.049339,0.601018,0.436619,-0.068961,0.62561,0.407918,-0.081812,0.494735,0.515119,-0.026543,0.545742,0.49505,-0.07026,0.56215,0.579197,-0.080289,0.558708,0.625808,-0.077356,0.457962,0.534912,-0.037071,0.503355,0.523063,-0.08208,0.522996,0.599562,-0.074287,0.51973,0.637536,-0.057947,0.422879,0.57126,-0.048906,0.46279,0.560784,-0.081047,0.488727,0.613211,-0.073628,0.491787,0.642077,-0.06023
1031,34366,True,0.9986,0.9986,0.472079,0.743942,0.0,0.530284,0.70941,-0.023431,0.576062,0.642537,-0.042588,0.600687,0.584431,-0.062263,0.61546,0.535042,-0.081295,0.53892,0.514594,-0.021268,0.574554,0.472435,-0.052471,0.603594,0.442028,-0.072794,0.627481,0.416831,-0.085875,0.498185,0.51296,-0.027656,0.551438,0.498657,-0.071364,0.566614,0.584725,-0.081214,0.561805,0.631057,-0.077841,0.461678,0.53413,-0.037744,0.510292,0.533358,-0.08319,0.525683,0.608639,-0.075371,0.519269,0.643849,-0.058779,0.428028,0.572756,-0.049524,0.468886,0.568363,-0.081086,0.493299,0.620749,-0.073017,0.495592,0.648957,-0.059183
1032,34400,True,0.999,0.999,0.478959,0.746727,0.0,0.541812,0.717344,-0.025671,0.594229,0.65143,-0.045161,0.619089,0.588334,-0.065082,0.614558,0.539366,-0.084927,0.548752,0.519121,-0.021988,0.580115,0.476042,-0.0522,0.607836,0.444893,-0.070688,0.631058,0.421866,-0.081917,0.505258,0.517133,-0.027174,0.557846,0.502961,-0.068582,0.570993,0.593279,-0.075706,0.565664,0.637506,-0.070273,0.466169,0.537912,-0.036272,0.514136,0.538228,-0.080432,0.528225,0.615705,-0.071056,0.521278,0.651075,-0.05348,0.429244,0.575721,-0.047327,0.468952,0.571984,-0.078169,0.492585,0.625491,-0.069407,0.494507,0.654476,-0.055163
1033,34433,True,0.9989,0.9989,0.482582,0.754072,0.0,0.545667,0.72478,-0.025621,0.601206,0.65578,-0.042547,0.623362,0.590198,-0.059248,0.614054,0.544096,-0.075948,0.55295,0.522064,-0.019142,0.579741,0.484294,-0.048806,0.604439,0.457127,-0.068641,0.627193,0.436206,-0.081137,0.506629,0.520322,-0.023769,0.555842,0.509881,-0.064886,0.568222,0.597997,-0.074312,0.564669,0.644734,-0.070802,0.465285,0.543229,-0.032299,0.508724,0.545763,-0.075281,0.523366,0.621745,-0.066809,0.520016,0.657045,-0.050206,0.427698,0.583436,-0.042818,0.464693,0.579838,-0.071502,0.484877,0.632108,-0.062019,0.48522,0.658738,-0.047841
1034,34466,True,0.999,0.999,0.481516,0.757856,0.0,0.545967,0.72953,-0.029097,0.601216,0.664837,-0.049561,0.619842,0.600028,-0.069277,0.610763,0.55026,-0.088866,0.551573,0.524623,-0.022401,0.577593,0.493071,-0.052855,0.601161,0.468581,-0.07243,0.623949,0.452062,-0.084513,0.503117,0.521324,-0.025591,0.55234,0.522555,-0.063215,0.560333,0.609529,-0.070054,0.55451,0.64391,-0.066054,0.461003,0.544887,-0.033212,0.506241,0.557353,-0.075541,0.517997,0.631115,-0.066367,0.512521,0.656937,-0.050268,0.422927,0.58651,-0.043036,0.461146,0.587165,-0.072729,0.482386,0.641696,-0.062838,0.483745,0.666196,-0.048336
1035,34500,True,0.9995,0.9995,0.48658,0.760034,0.0,0.546249,0.730649,-0.029576,0.597439,0.666421,-0.05127,0.612847,0.602913,-0.071945,0.601016,0.551129,-0.092445,0.546074,0.524612,-0.023738,0.569356,0.496046,-0.054748,0.592796,0.470001,-0.074557,0.615627,0.453887,-0.086507,0.497288,0.523601,-0.026861,0.543854,0.519536,-0.064434,0.554105,0.606561,-0.071088,0.548385,0.640359,-0.066775,0.455882,0.548283,-0.034416,0.498211,0.557128,-0.076324,0.512964,0.630461,-0.06714,0.506895,0.655347,-0.05121,0.41818,0.591,-0.044221,0.453775,0.592157,-0.073652,0.477766,0.644881,-0.064107,0.47977,0.667126,-0.050002
1036,34533,True,0.9994,0.9994,0.493156,0.748196,0.0,0.556289,0.718195,-0.029929,0.609662,0.636096,-0.045836,0.617379,0.563377,-0.059658,0.590334,0.515782,-0.073582,0.54751,0.518634,-0.0208,0.55877,0.477444,-0.050574,0.581473,0.44381,-0.069197,0.604372,0.421975,-0.079343,0.498508,0.520056,-0.020581,0.536309,0.496869,-0.064237,0.556965,0.589822,-0.072359,0.560802,0.65128,-0.065319,0.455361,0.539885,-0.024911,0.490916,0.532686,-0.070796,0.513127,0.612366,-0.063244,0.515071,0.659118,-0.044966,0.41485,0.575774,-0.031196,0.448124,0.568921,-0.063673,0.473852,0.627673,-0.056804,0.478597,0.663239,-0.04263
1037,34566,True,0.9983,0.9983,0.482268,0.715148,0.0,0.531678,0.691415,-0.026071,0.574886,0.625807,-0.041475,0.587539,0.569246,-0.056109,0.576434,0.521433,-0.070535,0.545281,0.50453,-0.02063,0.557283,0.440309,-0.045758,0.571337,0.38901,-0.062621,0.582519,0.34688,-0.073254,0.501676,0.50509,-0.023185,0.529348,0.455777,-0.062878,0.547753,0.528821,-0.072447,0.549232,0.584271,-0.067862,0.461473,0.523757,-0.029104,0.48471,0.49632,-0.066726,0.505574,0.559894,-0.058261,0.505987,0.600772,-0.041996,0.421667,0.558528,-0.037149,0.444432,0.536107,-0.060778,0.466922,0.581374,-0.050353,0.470069,0.61208,-0.035978
1038,34600,True,0.9972,0.9972,0.480585,0.675725,0.0,0.523323,0.649752,-0.022132,0.55945,0.59501,-0.037837,0.570755,0.548783,-0.053436,0.571784,0.506626,-0.068501,0.548165,0.461704,-0.020383,0.564794,0.38447,-0.04512,0.579219,0.32969,-0.063547,0.587184,0.282291,-0.076397,0.507549,0.460046,-0.025675,0.532906,0.40044,-0.06252,0.549301,0.463408,-0.074193,0.548203,0.511398,-0.07312,0.46904,0.478131,-0.033443,0.49106,0.44953,-0.06711,0.509513,0.508478,-0.059096,0.507799,0.542823,-0.045021,0.430737,0.513082,-0.043319,0.451949,0.492037,-0.06371,0.469492,0.533565,-0.05227,0.46808,0.558768,-0.038316
1039,34633,True,0.9943,0.9943,0.489185,0.635378,0.0,0.533841,0.606888,-0.019804,0.568179,0.541286,-0.033981,0.5846,0.484295,-0.048884,0.592394,0.434211,-0.063306,0.560786,0.415494,-0.017926,0.587212,0.33877,-0.041557,0.607855,0.286518,-0.058105,0.619497,0.242125,-0.069638,0.522177,0.415632,-0.023792,0.548038,0.353883,-0.057419,0.566261,0.416346,-0.066694,0.564801,0.458516,-0.065485,0.485456,0.435357,-0.032161,0.508011,0.394013,-0.064447,0.528068,0.450891,-0.055146,0.524499,0.483817,-0.04148,0.448474,0.470885,-0.042442,0.472433,0.438281,-0.064137,0.492705,0.478748,-0.053445,0.490508,0.506825,-0.040489
1040,34666,True,0.9945,0.9945,0.499993,0.617238,0.0,0.545975,0.595942,-0.021145,0.583726,0.526972,-0.03316,0.596843,0.470522,-0.045798,0.606652,0.425589,-0.057117,0.587044,0.401826,-0.014511,0.616886,0.319069,-0.036738,0.640604,0.268946,-0.051242,0.652426,0.222241,-0.061817,0.550685,0.397694,-0.019906,0.576027,0.325734,-0.055359,0.592632,0.394991,-0.06484,0.588823,0.437336,-0.062295,0.514263,0.411247,-0.028094,0.53732,0.363434,-0.06477,0.555945,0.431342,-0.056523,0.550184,0.464546,-0.041386,0.475034,0.437986,-0.038015,0.500159,0.399567,-0.063022,0.51795,0.446615,-0.053134,0.512985,0.473856,-0.039839
1041,34700,True,0.9944,0.9944,0.500834,0.619809,0.0,0.557325,0.603991,-0.020195,0.607798,0.541163,-0.032147,0.617148,0.477502,-0.04462,0.609331,0.431368,-0.05633,0.616272,0.420293,-0.016068,0.652039,0.337324,-0.037852,0.679542,0.289435,-0.052525,0.697909,0.245914,-0.063213,0.580758,0.410271,-0.022226,0.610376,0.331914,-0.058491,0.621692,0.394102,-0.070222,0.616516,0.446392,-0.069461,0.543602,0.418324,-0.030735,0.569709,0.354946,-0.067165,0.588153,0.41562,-0.063169,0.586156,0.46161,-0.051273,0.502677,0.440574,-0.040761,0.53072,0.393082,-0.067523,0.549925,0.438818,-0.061651,0.549729,0.478068,-0.05124
1042,34733,True,0.9943,0.9943,0.534321,0.6685,0.0,0.59,0.647893,-0.016948,0.629773,0.576541,-0.023734,0.63331,0.508624,-0.031608,0.621298,0.458834,-0.039175,0.642062,0.464813,-0.008575,0.679783,0.387338,-0.025834,0.707104,0.343376,-0.036985,0.727539,0.302543,-0.045741,0.607861,0.448369,-0.014092,0.640749,0.376022,-0.044646,0.646129,0.440327,-0.054143,0.637832,0.492084,-0.052664,0.569427,0.44975,-0.021948,0.596229,0.393745,-0.054894,0.606312,0.46002,-0.051307,0.599227,0.505564,-0.040277,0.525894,0.464445,-0.031087,0.552642,0.423788,-0.056607,0.565472,0.475663,-0.051591,0.560551,0.516422,-0.042106
1043,34766,True,0.9885,0.9885,0.532835,0.715083,-0.0,0.58727,0.693102,-0.021534,0.635303,0.618105,-0.030569,0.654501,0.548138,-0.040212,0.656263,0.488392,-0.048778,0.650013,0.517802,-0.012156,0.695718,0.458723,-0.035998,0.727229,0.42453,-0.050946,0.751876,0.392228,-0.06066,0.611722,0.500403,-0.016545,0.643053,0.450435,-0.054961,0.645531,0.518278,-0.065742,0.63918,0.57118,-0.062928,0.570479,0.49851,-0.024321,0.601653,0.476699,-0.065253,0.605557,0.551143,-0.059187,0.596574,0.597492,-0.0438,0.527015,0.510679,-0.033909,0.561013,0.49931,-0.06303,0.566012,0.55839,-0.055977,0.556055,0.596341,-0.043309
1044,34800,True,0.962,0.962,0.595758,0.478924,-0.0,0.536262,0.533205,-0.037803,0.483677,0.621662,-0.08288,0.458243,0.706558,-0.126732,0.442506,0.756237,-0.173727,0.519722,0.552161,-0.099874,0.516167,0.651674,-0.141593,0.513914,0.685603,-0.16711,0.507236,0.692021,-0.183602,0.574666,0.548355,-0.103538,0.579204,0.663392,-0.136649,0.571835,0.714231,-0.145965,0.564541,0.719561,-0.156281,0.622361,0.546319,-0.10627,0.625605,0.646789,-0.140635,0.611709,0.696536,-0.138801,0.596338,0.704208,-0.137021,0.660059,0.54625,-0.111956,0.662416,0.630658,-0.133011,0.648972,0.672113,-0.125401,0.632947,0.683928,-0.120499
1045,34833,True,0.833,0.833,0.56796,0.478703,0.0,0.582834,0.504375,-0.047427,0.58466,0.586775,-0.076317,0.576895,0.67612,-0.091402,0.5628,0.741829,-0.10502,0.572084,0.569179,-0.11842,0.585072,0.698881,-0.153631,0.585022,0.755434,-0.164104,0.581371,0.785343,-0.167004,0.547149,0.587889,-0.101893,0.561847,0.724938,-0.131335,0.566436,0.777672,-0.131406,0.569413,0.79903,-0.130672,0.534693,0.611795,-0.084848,0.552474,0.734765,-0.111044,0.562135,0.778293,-0.109295,0.568692,0.795797,-0.106252,0.533434,0.642622,-0.069425,0.544695,0.733957,-0.091806,0.553245,0.767532,-0.094912,0.557874,0.782725,-0.094869
1046,34866,True,0.8543,0.8543,0.60094,0.522276,0.0,0.551348,0.558459,-0.031459,0.521315,0.637356,-0.044635,0.511979,0.711395,-0.049866,0.515172,0.762809,-0.054618,0.544127,0.65815,-0.063235,0.526215,0.735457,-0.082498,0.519023,0.786581,-0.08965,0.514242,0.825012,-0.09338,0.585124,0.672369,-0.052864,0.593474,0.755446,-0.073597,0.594499,0.810169,-0.080847,0.594236,0.846026,-0.085137,0.620237,0.677628,-0.042866,0.641695,0.755888,-0.063352,0.647123,0.810115,-0.073455,0.649677,0.845454,-0.079026,0.644683,0.675058,-0.03389,0.660655,0.736324,-0.051519,0.667072,0.776708,-0.061681,0.670746,0.807203,-0.06781
1047,34900,False,0.0,0.0,0.0,0.0,0.0,0.0,0.0,0.0,0.0,0.0,0.0,0.0,0.0,0.0,0.0,0.0,0.0,0.0,0.0,0.0,0.0,0.0,0.0,0.0,0.0,0.0,0.0,0.0,0.0,0.0,0.0,0.0,0.0,0.0,0.0,0.0,0.0,0.0,0.0,0.0,0.0,0.0,0.0,0.0,0.0,0.0,0.0,0.0,0.0,0.0,0.0,0.0,0.0,0.0,0.0,0.0,0.0,0.0,0.0,0.0,0.0,0.0,0.0,0.0,0.0
1048,34933,True,0.9978,0.9978,0.673556,0.82484,0.0,0.630546,0.802291,-0.053046,0.588242,0.797615,-0.111029,0.557051,0.82984,-0.15644,0.544865,0.862614,-0.202444,0.599277,0.760319,-0.175614,0.553173,0.772648,-0.238735,0.540479,0.788925,-0.276288,0.527461,0.796922,-0.300826,0.620741,0.798711,-0.170076,0.58218,0.838466,-0.227496,0.568997,0.858548,-0.24234,0.566356,0.872014,-0.257208,0.640655,0.841017,-0.161269,0.61007,0.885312,-0.19961,0.599049,0.884623,-0.192724,0.593491,0.874227,-0.19231,0.655045,0.878573,-0.155855,0.636075,0.898418,-0.18478,0.631725,0.8971,-0.184348,0.633787,0.89168,-0.186544
1049,34966,False,0.0,0.0,0.0,0.0,0.0,0.0,0.0,0.0,0.0,0.0,0.0,0.0,0.0,0.0,0.0,0.0,0.0,0.0,0.0,0.0,0.0,0.0,0.0,0.0,0.0,0.0,0.0,0.0,0.0,0.0,0.0,0.0,0.0,0.0,0.0,0.0,0.0,0.0,0.0,0.0,0.0,0.0,0.0,0.0,0.0,0.0,0.0,0.0,0.0,0.0,0.0,0.0,0.0,0.0,0.0,0.0,0.0,0.0,0.0,0.0,0.0,0.0,0.0,0.0,0.0
1050,35000,True,0.9921,0.9921,0.521937,0.828503,0.0,0.597516,0.857294,-0.003644,0.659983,0.847296,-0.01492,0.700587,0.834461,-0.029994,0.730387,0.825553,-0.044277,0.69795,0.755922,-0.020259,0.754622,0.74642,-0.047058,0.797549,0.747979,-0.06662,0.834236,0.743498,-0.081312,0.673098,0.730474,-0.035991,0.715254,0.75593,-0.072316,0.703017,0.819615,-0.086161,0.684062,0.853934,-0.090808,0.638208,0.724334,-0.052125,0.673861,0.765595,-0.084434,0.663235,0.82562,-0.083001,0.648132,0.851614,-0.076351,0.598908,0.730925,-0.069121,0.623566,0.782515,-0.089938,0.616718,0.824975,-0.087276,0.604299,0.840711,-0.081643
1051,35033,True,0.9964,0.9964,0.535399,0.82806,0.0,0.600171,0.841323,-0.008023,0.660312,0.823755,-0.020755,0.70322,0.808464,-0.03716,0.728777,0.782266,-0.053284,0.691957,0.716086,-0.019807,0.753239,0.703176,-0.046418,0.797705,0.703797,-0.064467,0.834032,0.70021,-0.077308,0.667376,0.689067,-0.032942,0.718387,0.721537,-0.070423,0.707163,0.792821,-0.082039,0.686644,0.827447,-0.084035,0.635541,0.684646,-0.047267,0.679822,0.723215,-0.08063,0.672987,0.791589,-0.076568,0.658179,0.82256,-0.067691,0.59809,0.696022,-0.062846,0.63157,0.739805,-0.085376,0.631208,0.78917,-0.082286,0.621506,0.812221,-0.075788
1052,35066,True,0.9977,0.9977,0.526589,0.81113,0.0,0.594441,0.820112,-0.009865,0.652163,0.798295,-0.025376,0.693121,0.780868,-0.043711,0.718561,0.752045,-0.061804,0.671755,0.676075,-0.024196,0.737687,0.667413,-0.051883,0.784768,0.666644,-0.072111,0.821344,0.661815,-0.086499,0.64297,0.652071,-0.036774,0.699636,0.691477,-0.072406,0.68968,0.757872,-0.083278,0.669613,0.785884,-0.08609,0.609654,0.655494,-0.050474,0.660231,0.701429,-0.082219,0.65455,0.762927,-0.075891,0.639359,0.78533,-0.066763,0.574114,0.677619,-0.065571,0.613634,0.721054,-0.086391,0.617894,0.76776,-0.080145,0.610927,0.786852,-0.071958
1053,35100,True,0.997,0.997,0.512709,0.806393,0.0,0.582009,0.800446,-0.011411,0.636144,0.776557,-0.029401,0.67103,0.754718,-0.049974,0.683367,0.728827,-0.070784,0.640198,0.650963,-0.026696,0.700228,0.648299,-0.054158,0.742029,0.643758,-0.074413,0.775104,0.635026,-0.088948,0.608981,0.632041,-0.0385,0.662676,0.673403,-0.073574,0.654643,0.74182,-0.084246,0.638125,0.768586,-0.087153,0.576161,0.638544,-0.051187,0.621544,0.679219,-0.082145,0.616325,0.741621,-0.074544,0.601833,0.765735,-0.064346,0.542964,0.662162,-0.065429,0.575877,0.690506,-0.08466,0.580114,0.736503,-0.076568,0.572102,0.759748,-0.067012
1054,35133,True,0.9688,0.9688,0.494913,0.799679,0.0,0.548047,0.797088,-0.025436,0.590031,0.780622,-0.048001,0.614562,0.762425,-0.069154,0.621592,0.737498,-0.090123,0.594584,0.638708,-0.042226,0.656332,0.630764,-0.070271,0.697862,0.622081,-0.089521,0.72884,0.610934,-0.103242,0.56911,0.621368,-0.046021,0.620523,0.64426,-0.082864,0.62019,0.714692,-0.094138,0.606549,0.748601,-0.096361,0.542436,0.630224,-0.051368,0.58017,0.657227,-0.084051,0.581938,0.718437,-0.079588,0.571375,0.74346,-0.070896,0.515261,0.656168,-0.058835,0.538889,0.674406,-0.07976,0.545883,0.713615,-0.075173,0.540326,0.733637,-0.067954
1055,35166,True,0.9984,0.9984,0.499031,0.802869,0.0,0.556528,0.787031,-0.018003,0.604526,0.747006,-0.033035,0.624654,0.707326,-0.04798,0.625686,0.668742,-0.063558,0.592841,0.627823,-0.027942,0.636451,0.616389,-0.056716,0.669668,0.606659,-0.078359,0.698681,0.596001,-0.093331,0.553884,0.613301,-0.035278,0.593464,0.634433,-0.070426,0.595891,0.706466,-0.080682,0.587286,0.747133,-0.082748,0.513364,0.627076,-0.044755,0.546395,0.654836,-0.077122,0.550474,0.716025,-0.070591,0.542628,0.742613,-0.060971,0.474341,0.658676,-0.056122,0.501524,0.682046,-0.077431,0.510011,0.723205,-0.070445,0.504441,0.739772,-0.061589
1056,35200,True,0.9993,0.9993,0.486059,0.803795,0.0,0.536891,0.797621,-0.025263,0.583599,0.765751,-0.045012,0.605425,0.728793,-0.063606,0.626586,0.694916,-0.082124,0.588049,0.634744,-0.03008,0.625117,0.621513,-0.063877,0.656786,0.606722,-0.088058,0.685299,0.594062,-0.104122,0.544957,0.615086,-0.035677,0.581566,0.628865,-0.080947,0.585707,0.712193,-0.09454,0.579574,0.760283,-0.09481,0.501591,0.624323,-0.044457,0.532005,0.647425,-0.088284,0.538277,0.720117,-0.083634,0.532622,0.75292,-0.070861,0.459869,0.654322,-0.05513,0.486006,0.680842,-0.086061,0.499454,0.734391,-0.0812,0.499808,0.75671,-0.070587
1057,35233,True,0.9995,0.9995,0.486232,0.806181,0.0,0.536308,0.801062,-0.026546,0.580989,0.77237,-0.048281,0.605469,0.740336,-0.068899,0.619509,0.703616,-0.089208,0.586311,0.633524,-0.032026,0.626677,0.62293,-0.066446,0.659665,0.609241,-0.090619,0.688973,0.597489,-0.106629,0.54585,0.613805,-0.037783,0.584611,0.632363,-0.082585,0.585994,0.715963,-0.095101,0.579849,0.759026,-0.09502,0.503702,0.623561,-0.046987,0.535933,0.651782,-0.090423,0.539682,0.722883,-0.085181,0.533061,0.750312,-0.072534,0.462559,0.653199,-0.058284,0.490947,0.679005,-0.088422,0.502848,0.730549,-0.082813,0.502272,0.749458,-0.072215
1058,35266,True,0.9995,0.9995,0.485282,0.807374,0.0,0.536543,0.801226,-0.025488,0.581752,0.771387,-0.046845,0.607894,0.738067,-0.067307,0.620879,0.700795,-0.08777,0.585025,0.632946,-0.032055,0.625896,0.621771,-0.066144,0.659925,0.608347,-0.090882,0.690501,0.595868,-0.107425,0.544928,0.613939,-0.038163,0.584784,0.630718,-0.082387,0.588852,0.712302,-0.096063,0.583577,0.757692,-0.097331,0.503364,0.624937,-0.047393,0.537698,0.64929,-0.090169,0.544164,0.720534,-0.08619,0.53888,0.752177,-0.074752,0.463614,0.655575,-0.058619,0.49345,0.677245,-0.089149,0.506924,0.728712,-0.084682,0.507297,0.751532,-0.074945
1059,35300,True,0.999,0.999,0.488702,0.803602,0.0,0.537791,0.798071,-0.025896,0.583545,0.764935,-0.045984,0.608488,0.727704,-0.065167,0.620699,0.687408,-0.084145,0.585845,0.631817,-0.028981,0.623548,0.612871,-0.060709,0.654056,0.596993,-0.083075,0.681577,0.582767,-0.09788,0.5461,0.613851,-0.034022,0.584439,0.622145,-0.076591,0.587221,0.7026,-0.089079,0.581529,0.748064,-0.089186,0.505584,0.623221,-0.042294,0.537455,0.640158,-0.084461,0.544037,0.712825,-0.079838,0.540023,0.74776,-0.067519,0.466622,0.651783,-0.052518,0.493744,0.667521,-0.083173,0.507836,0.7213,-0.078504,0.509715,0.748144,-0.068168
1060,35333,True,0.9987,0.9987,0.488472,0.79838,0.0,0.53838,0.791887,-0.028895,0.581875,0.758998,-0.051875,0.605875,0.722813,-0.07365,0.618171,0.685734,-0.094997,0.585581,0.623116,-0.031785,0.62231,0.605064,-0.066689,0.653547,0.586825,-0.091479,0.680782,0.569798,-0.108104,0.544982,0.605386,-0.036907,0.581712,0.611387,-0.082647,0.5859,0.695172,-0.096306,0.581142,0.739802,-0.096766,0.503797,0.615525,-0.045684,0.534704,0.632773,-0.090442,0.542527,0.707616,-0.084757,0.538812,0.740209,-0.071354,0.464106,0.645403,-0.056798,0.491026,0.663706,-0.088928,0.504866,0.71736,-0.083579,0.506134,0.740463,-0.072629
1061,35366,True,0.999,0.999,0.489489,0.798343,0.0,0.537563,0.790008,-0.027984,0.581738,0.756217,-0.049885,0.607265,0.721155,-0.0703,0.618171,0.683273,-0.090262,0.583435,0.621568,-0.033035,0.619375,0.602247,-0.067505,0.649786,0.584052,-0.091921,0.676969,0.566198,-0.10824,0.542642,0.604026,-0.03813,0.579807,0.609039,-0.083934,0.585853,0.692883,-0.097535,0.582657,0.739473,-0.097836,0.501193,0.614259,-0.046585,0.532016,0.62951,-0.090692,0.541283,0.702791,-0.085534,0.539154,0.735458,-0.072572,0.462012,0.644029,-0.057264,0.488137,0.659693,-0.088361,0.50299,0.712362,-0.083105,0.505483,0.736004,-0.072456
1062,35400,True,0.9986,0.9986,0.490061,0.802385,0.0,0.540112,0.796571,-0.026135,0.586495,0.757926,-0.044824,0.605912,0.714225,-0.062368,0.616198,0.678124,-0.079789,0.584643,0.627782,-0.027191,0.619856,0.605649,-0.057599,0.650081,0.585213,-0.07979,0.677281,0.565999,-0.094673,0.544268,0.609818,-0.030672,0.57966,0.621875,-0.072562,0.585225,0.702777,-0.085119,0.580395,0.751604,-0.085021,0.503916,0.617683,-0.037358,0.534942,0.638114,-0.077382,0.541961,0.708939,-0.072057,0.537097,0.745,-0.059529,0.464543,0.644427,-0.046262,0.492318,0.666349,-0.074732,0.505261,0.71934,-0.069909,0.505052,0.744895,-0.059785
1063,35433,True,0.9951,0.9951,0.490957,0.818529,-0.0,0.556475,0.7968,-0.018684,0.610017,0.736944,-0.029934,0.638264,0.679555,-0.04199,0.658204,0.632163,-0.05233,0.5901,0.628193,-0.023067,0.616136,0.640554,-0.059871,0.613486,0.694888,-0.081231,0.606792,0.723126,-0.091812,0.546055,0.619283,-0.029434,0.580601,0.674128,-0.067665,0.578953,0.750373,-0.077191,0.571135,0.782555,-0.076891,0.501393,0.634981,-0.040098,0.533543,0.696293,-0.075434,0.532769,0.756993,-0.070786,0.52551,0.775035,-0.061483,0.45953,0.667946,-0.052885,0.482562,0.736192,-0.078081,0.483872,0.78352,-0.075721,0.47782,0.795331,-0.068394
1064,35466,True,0.9955,0.9955,0.466485,0.823015,-0.0,0.530076,0.809843,-0.014047,0.577431,0.780816,-0.029101,0.600774,0.748024,-0.04581,0.619022,0.717014,-0.06073,0.574665,0.664552,-0.023481,0.609635,0.701454,-0.06029,0.600775,0.766052,-0.084166,0.584043,0.810471,-0.095016,0.540011,0.654259,-0.030222,0.581238,0.713129,-0.062686,0.574558,0.782871,-0.072386,0.559722,0.827349,-0.07372,0.502979,0.663706,-0.040339,0.536672,0.71969,-0.068531,0.5355,0.77603,-0.066608,0.526376,0.810327,-0.059501,0.465792,0.688672,-0.051985,0.492996,0.727007,-0.068315,0.503417,0.764571,-0.064313,0.506108,0.78851,-0.056821
1065,35500,True,0.9923,0.9923,0.457953,0.828237,-0.0,0.513152,0.824805,-0.013936,0.563153,0.807513,-0.030096,0.599676,0.797684,-0.048016,0.634222,0.797727,-0.065334,0.563598,0.69205,-0.020491,0.603753,0.723399,-0.050791,0.612109,0.767887,-0.07044,0.610456,0.799516,-0.080343,0.533664,0.677855,-0.026312,0.574911,0.743205,-0.05644,0.56472,0.808548,-0.065313,0.547465,0.842,-0.066359,0.500031,0.682426,-0.03512,0.537457,0.75098,-0.064112,0.530426,0.806891,-0.062991,0.51748,0.831507,-0.056122,0.466358,0.700701,-0.04513,0.497484,0.749975,-0.063345,0.500189,0.795278,-0.060013,0.495775,0.81878,-0.052877
1066,35533,True,0.9996,0.9996,0.45557,0.829975,0.0,0.509372,0.822407,-0.017864,0.556004,0.801986,-0.034397,0.584282,0.785293,-0.050881,0.601284,0.777007,-0.067797,0.54156,0.682257,-0.029213,0.569783,0.710503,-0.060898,0.591825,0.747207,-0.083722,0.609039,0.781952,-0.097007,0.50402,0.670892,-0.035025,0.53517,0.72385,-0.068413,0.536209,0.794196,-0.079711,0.530882,0.840193,-0.082613,0.465226,0.682542,-0.04343,0.490737,0.742771,-0.07544,0.492977,0.80001,-0.075704,0.488163,0.830539,-0.069679,0.43067,0.709251,-0.053281,0.450885,0.757605,-0.072845,0.45646,0.796901,-0.069905,0.453817,0.816012,-0.063618
1067,35566,True,0.9997,0.9997,0.455549,0.81219,0.0,0.501211,0.794933,-0.019101,0.540418,0.768537,-0.038573,0.564274,0.753487,-0.058957,0.573053,0.740626,-0.079265,0.539316,0.645146,-0.029057,0.559783,0.653697,-0.063947,0.57464,0.689403,-0.086399,0.579555,0.724328,-0.097399,0.49857,0.634054,-0.035411,0.521589,0.682503,-0.07333,0.528796,0.762672,-0.085496,0.524977,0.814567,-0.086535,0.454423,0.649482,-0.044896,0.471614,0.699295,-0.080782,0.480948,0.766732,-0.081332,0.481202,0.804169,-0.073625,0.41396,0.682895,-0.055701,0.426317,0.730525,-0.078596,0.439348,0.775642,-0.076567,0.444027,0.798132,-0.069236
1068,35600,True,0.9996,0.9996,0.455773,0.792806,0.0,0.501158,0.784301,-0.023479,0.552338,0.733681,-0.036602,0.582634,0.684031,-0.04863,0.593212,0.63957,-0.062392,0.542255,0.633103,-0.030605,0.561257,0.606468,-0.060843,0.578647,0.575909,-0.080765,0.59211,0.551706,-0.093307,0.495614,0.61521,-0.033926,0.516539,0.626429,-0.077425,0.521873,0.706515,-0.086924,0.5199,0.762723,-0.083557,0.448924,0.62491,-0.040487,0.466905,0.650945,-0.082932,0.475919,0.723049,-0.078305,0.475712,0.766389,-0.065197,0.406381,0.655915,-0.048716,0.42241,0.693219,-0.080623,0.434431,0.747562,-0.079217,0.436415,0.775518,-0.070687
1069,35633,True,0.9994,0.9994,0.450883,0.770897,0.0,0.4909,0.760871,-0.024251,0.531931,0.717774,-0.040255,0.552479,0.676102,-0.054927,0.557006,0.633766,-0.069883,0.526074,0.602321,-0.028044,0.550554,0.567352,-0.054424,0.570672,0.537913,-0.072967,0.587828,0.510258,-0.085324,0.485032,0.588281,-0.030432,0.515026,0.590562,-0.067862,0.521304,0.667398,-0.076867,0.516863,0.715701,-0.075434,0.443274,0.598596,-0.035606,0.46592,0.600782,-0.072107,0.477419,0.670008,-0.065505,0.476085,0.710717,-0.053204,0.403492,0.62666,-0.042614,0.424504,0.631814,-0.070034,0.440552,0.683348,-0.065092,0.442647,0.714339,-0.055316
1070,35666,True,0.9993,0.9993,0.453442,0.7602,0.0,0.492016,0.750456,-0.025053,0.532272,0.706992,-0.042137,0.551406,0.665955,-0.058517,0.55574,0.62814,-0.074529,0.529277,0.594371,-0.025412,0.554389,0.54867,-0.053829,0.574927,0.512596,-0.072847,0.59061,0.480819,-0.085618,0.489575,0.584394,-0.029204,0.51657,0.564359,-0.071636,0.523325,0.644729,-0.081788,0.519386,0.692703,-0.079343,0.449168,0.595515,-0.036254,0.467084,0.57709,-0.076163,0.480371,0.6482,-0.067996,0.479775,0.686171,-0.053172,0.40919,0.623254,-0.045306,0.426214,0.613397,-0.07227,0.44256,0.659409,-0.06515,0.444788,0.682916,-0.05384
1071,35700,True,0.9985,0.9985,0.456881,0.763882,0.0,0.498579,0.75549,-0.027375,0.542127,0.709816,-0.044302,0.556019,0.663146,-0.059669,0.554319,0.623262,-0.07457,0.538976,0.594642,-0.027504,0.565385,0.555125,-0.058325,0.586202,0.524324,-0.079527,0.601558,0.497074,-0.093377,0.496963,0.581845,-0.03037,0.523081,0.574349,-0.076259,0.528794,0.656459,-0.087968,0.525153,0.707729,-0.085689,0.454308,0.590984,-0.036907,0.474277,0.589981,-0.080842,0.485535,0.664906,-0.074066,0.485815,0.705968,-0.05919,0.413369,0.618138,-0.045637,0.432365,0.630784,-0.077092,0.447183,0.684955,-0.072097,0.449856,0.711824,-0.061158
1072,35733,True,0.9982,0.9982,0.463229,0.769428,-0.0,0.531288,0.757609,-0.032105,0.581395,0.71328,-0.053566,0.597284,0.662979,-0.072371,0.600538,0.616466,-0.087277,0.566838,0.604128,-0.062964,0.578663,0.611983,-0.11537,0.585875,0.640413,-0.144029,0.585546,0.655367,-0.157444,0.513578,0.584336,-0.06384,0.525128,0.721899,-0.113798,0.518357,0.762521,-0.117736,0.505327,0.754226,-0.112311,0.461838,0.607959,-0.069962,0.474934,0.760347,-0.108851,0.472737,0.775917,-0.092155,0.46724,0.747331,-0.073768,0.415336,0.648616,-0.080632,0.428479,0.760715,-0.110456,0.429374,0.774524,-0.104638,0.424283,0.747671,-0.091965
1073,35766,True,0.9981,0.9981,0.443672,0.804142,-0.0,0.498599,0.798531,-0.026396,0.544168,0.783554,-0.05119,0.571355,0.777929,-0.075474,0.587356,0.78233,-0.098224,0.553219,0.655658,-0.047765,0.569248,0.682562,-0.095127,0.56826,0.748911,-0.124851,0.562687,0.798901,-0.138226,0.505023,0.639559,-0.051111,0.514932,0.718965,-0.093567,0.511184,0.792888,-0.105293,0.503755,0.832134,-0.107339,0.455416,0.650178,-0.058532,0.4637,0.73327,-0.09226,0.463054,0.787693,-0.089074,0.458226,0.810498,-0.080739,0.411007,0.676114,-0.068779,0.419616,0.740112,-0.085421,0.423596,0.782279,-0.078581,0.422846,0.798221,-0.069088
1074,35800,True,0.9988,0.9988,0.434024,0.825698,-0.0,0.487401,0.826072,-0.020087,0.528296,0.824609,-0.046366,0.560881,0.832233,-0.074744,0.598033,0.844168,-0.103597,0.532004,0.703385,-0.05116,0.556028,0.73745,-0.098578,0.569418,0.792455,-0.129171,0.573501,0.836889,-0.145212,0.487699,0.693998,-0.062392,0.510573,0.770077,-0.11071,0.513684,0.844124,-0.12726,0.506977,0.886132,-0.133142,0.442046,0.710124,-0.076129,0.457202,0.774127,-0.118213,0.462626,0.834379,-0.119718,0.460846,0.86296,-0.11389,0.401766,0.739729,-0.091603,0.409939,0.786089,-0.116666,0.419395,0.823748,-0.114258,0.423118,0.840437,-0.10818
1075,35833,True,0.9993,0.9993,0.434075,0.852133,-0.0,0.489338,0.848119,-0.015804,0.532455,0.839562,-0.038183,0.5668,0.843255,-0.063141,0.605053,0.85143,-0.088953,0.525992,0.718748,-0.03588,0.554176,0.75154,-0.078528,0.572853,0.795621,-0.107858,0.583933,0.838381,-0.123847,0.48305,0.710363,-0.047357,0.512678,0.78252,-0.090438,0.514045,0.857661,-0.10563,0.507685,0.898015,-0.110531,0.438241,0.729376,-0.061655,0.459518,0.798651,-0.101133,0.463274,0.857447,-0.102747,0.460284,0.878318,-0.096972,0.398842,0.763727,-0.077154,0.411801,0.814786,-0.09971,0.419336,0.849471,-0.096486,0.418906,0.856575,-0.090102
1076,35866,True,0.9982,0.9982,0.43095,0.853211,0.0,0.485515,0.840552,-0.01772,0.529444,0.824979,-0.039052,0.564506,0.822,-0.062269,0.602173,0.824273,-0.085796,0.515951,0.713839,-0.033677,0.544171,0.743704,-0.073203,0.56698,0.784141,-0.100425,0.581441,0.82079,-0.115755,0.473876,0.709115,-0.043345,0.507396,0.772053,-0.085906,0.512721,0.849938,-0.100137,0.506476,0.892919,-0.103596,0.431034,0.728972,-0.055767,0.456334,0.796604,-0.094341,0.462687,0.857767,-0.093732,0.458561,0.879861,-0.085961,0.392946,0.76246,-0.069726,0.410271,0.818169,-0.09105,0.419445,0.854103,-0.086384,0.417317,0.861233,-0.078831
1077,35900,True,0.999,0.999,0.424284,0.865954,0.0,0.48552,0.843861,-0.021083,0.531676,0.815839,-0.042411,0.562691,0.793168,-0.064892,0.57388,0.778234,-0.085895,0.504827,0.697793,-0.03086,0.534749,0.726594,-0.072129,0.5564,0.772574,-0.097295,0.567202,0.809222,-0.110045,0.462048,0.69605,-0.039083,0.498136,0.746102,-0.082649,0.505358,0.825574,-0.094067,0.500229,0.865193,-0.094134,0.421112,0.720007,-0.051155,0.452194,0.784703,-0.091184,0.459081,0.844313,-0.087605,0.453624,0.860954,-0.076771,0.387452,0.758544,-0.065368,0.413494,0.824255,-0.088692,0.423914,0.857419,-0.084415,0.419395,0.857318,-0.076067
1078,35933,True,0.9993,0.9993,0.415608,0.850539,-0.0,0.470352,0.822893,-0.016382,0.509927,0.787141,-0.032365,0.533841,0.757675,-0.049261,0.550975,0.731152,-0.063743,0.492676,0.669751,-0.022719,0.512419,0.718914,-0.057928,0.52165,0.776434,-0.079787,0.522651,0.811494,-0.0905,0.451163,0.670897,-0.029814,0.477082,0.721191,-0.064855,0.490695,0.789845,-0.075513,0.491131,0.831341,-0.076811,0.41197,0.692551,-0.040281,0.437677,0.751056,-0.072541,0.45151,0.809484,-0.070462,0.451365,0.834867,-0.062367,0.38003,0.730539,-0.052556,0.405848,0.794352,-0.072978,0.417966,0.828504,-0.071421,0.416442,0.834556,-0.065383
1079,35966,True,0.9982,0.9982,0.416288,0.830761,0.0,0.456914,0.81248,-0.016356,0.492576,0.780852,-0.030293,0.516986,0.761403,-0.045373,0.526846,0.745412,-0.059502,0.474225,0.655449,-0.017955,0.490719,0.661476,-0.04694,0.504572,0.69326,-0.065852,0.512976,0.724368,-0.075141,0.435955,0.650057,-0.023387,0.456901,0.6792,-0.054223,0.472583,0.742127,-0.065089,0.47756,0.786476,-0.066605,0.398203,0.668777,-0.032055,0.418044,0.708892,-0.061008,0.434387,0.765492,-0.061606,0.439699,0.798503,-0.055644,0.366619,0.705611,-0.042436,0.386867,0.753865,-0.062005,0.402503,0.790932,-0.062187,0.408149,0.807907,-0.057414
1080,36000,True,0.9984,0.9984,0.41536,0.815001,0.0,0.453101,0.799109,-0.019624,0.486522,0.762389,-0.0332,0.502589,0.735753,-0.047145,0.503338,0.709932,-0.059961,0.46488,0.638673,-0.019801,0.470763,0.628201,-0.048182,0.481632,0.638186,-0.066121,0.490645,0.650858,-0.075999,0.42247,0.632724,-0.023137,0.439299,0.657435,-0.055964,0.457623,0.721651,-0.06572,0.463022,0.760103,-0.066124,0.383408,0.65397,-0.03001,0.400565,0.692305,-0.062369,0.420752,0.750427,-0.060743,0.426061,0.778886,-0.052671,0.35125,0.694283,-0.038799,0.373197,0.741109,-0.062375,0.392653,0.776735,-0.063503,0.398232,0.788441,-0.058817
1081,36033,True,0.9991,0.9991,0.418808,0.801688,0.0,0.452614,0.79388,-0.028752,0.490426,0.758054,-0.047175,0.504175,0.720227,-0.063832,0.492381,0.684412,-0.079934,0.473199,0.634944,-0.0288,0.480761,0.609157,-0.059514,0.482475,0.599164,-0.078701,0.480771,0.596768,-0.089355,0.426552,0.627661,-0.02949,0.433646,0.624438,-0.068799,0.451585,0.701893,-0.078803,0.460029,0.74868,-0.076555,0.382075,0.646106,-0.034016,0.386077,0.652593,-0.074581,0.410054,0.724313,-0.070642,0.421199,0.764976,-0.058202,0.342883,0.683745,-0.040427,0.352938,0.703668,-0.071201,0.380115,0.752921,-0.069283,0.394882,0.778405,-0.060514
1082,36066,True,0.9976,0.9976,0.415792,0.805371,0.0,0.45347,0.795787,-0.025693,0.491314,0.759462,-0.041362,0.50611,0.721151,-0.055124,0.498252,0.68312,-0.06883,0.47614,0.637901,-0.026207,0.482096,0.607723,-0.050089,0.481814,0.582608,-0.066176,0.480063,0.558329,-0.076905,0.432266,0.630164,-0.026724,0.437015,0.615454,-0.060857,0.448693,0.685268,-0.069392,0.45512,0.729627,-0.067545,0.389799,0.64495,-0.030044,0.391063,0.637677,-0.062824,0.408062,0.69876,-0.057473,0.415979,0.73686,-0.046354,0.351773,0.6757,-0.035308,0.354773,0.680746,-0.05861,0.3744,0.727049,-0.054043,0.384399,0.755473,-0.045166
1083,36100,True,0.9871,0.9871,0.418079,0.804941,-0.0,0.453804,0.793315,-0.020502,0.48309,0.775399,-0.039557,0.497563,0.769459,-0.05892,0.496082,0.760025,-0.076592,0.478199,0.632124,-0.020876,0.493732,0.630222,-0.053059,0.498521,0.683316,-0.075775,0.4985,0.723308,-0.087022,0.442651,0.627955,-0.024822,0.460864,0.632409,-0.05275,0.4709,0.690005,-0.064155,0.473842,0.727463,-0.067102,0.405832,0.643816,-0.032687,0.419222,0.65502,-0.056555,0.433271,0.704442,-0.056514,0.437935,0.734828,-0.051706,0.373158,0.676468,-0.042728,0.383205,0.697405,-0.057084,0.396794,0.733636,-0.053913,0.403219,0.754229,-0.047746
1084,36133,True,0.9992,0.9992,0.428474,0.809534,0.0,0.469776,0.806924,-0.024719,0.509756,0.777306,-0.042369,0.531869,0.745516,-0.059021,0.540526,0.716167,-0.075974,0.504311,0.663271,-0.028585,0.521588,0.630293,-0.058649,0.547094,0.617744,-0.080408,0.570936,0.615755,-0.093139,0.469093,0.651269,-0.030844,0.498426,0.645137,-0.069819,0.511951,0.705986,-0.084412,0.516076,0.756159,-0.085701,0.432255,0.65821,-0.036054,0.458386,0.665618,-0.073186,0.469951,0.725142,-0.073875,0.471723,0.769283,-0.065122,0.394844,0.681767,-0.043096,0.414409,0.70196,-0.070704,0.427307,0.74959,-0.070411,0.431261,0.782955,-0.063128
1085,36166,True,0.9993,0.9993,0.442198,0.828432,-0.0,0.487647,0.818366,-0.020629,0.52593,0.798427,-0.041074,0.549118,0.7843,-0.062664,0.558825,0.770352,-0.082748,0.524257,0.667201,-0.029611,0.542546,0.679382,-0.072709,0.542951,0.736616,-0.099717,0.536541,0.782078,-0.11174,0.483803,0.659765,-0.036676,0.508973,0.687798,-0.07957,0.51254,0.767995,-0.093839,0.50727,0.820231,-0.095179,0.441643,0.674706,-0.048012,0.458473,0.70934,-0.086148,0.465465,0.776039,-0.087502,0.463607,0.811982,-0.07991,0.403591,0.707761,-0.060981,0.415778,0.746743,-0.083857,0.423912,0.788645,-0.082539,0.423892,0.807123,-0.076104
1086,36200,True,0.9949,0.9949,0.429146,0.849741,-0.0,0.482233,0.835644,-0.018746,0.528159,0.810417,-0.035009,0.557164,0.79025,-0.051967,0.571916,0.776853,-0.067461,0.527878,0.698362,-0.024902,0.568168,0.720627,-0.061181,0.568247,0.775636,-0.083009,0.555001,0.823362,-0.091289,0.488332,0.686495,-0.028374,0.517918,0.738102,-0.063721,0.511667,0.812412,-0.073762,0.498872,0.856565,-0.072558,0.447395,0.697013,-0.035774,0.470878,0.763122,-0.065895,0.47002,0.817311,-0.065884,0.463548,0.840306,-0.058,0.411026,0.720636,-0.044736,0.42836,0.769954,-0.059059,0.43374,0.808661,-0.0546,0.433887,0.82346,-0.046461
1087,36233,True,0.9991,0.9991,0.422411,0.848031,-0.0,0.471452,0.847244,-0.010124,0.514082,0.84537,-0.025944,0.541901,0.849946,-0.044593,0.5508,0.848285,-0.063479,0.508946,0.716539,-0.022533,0.536136,0.75375,-0.052168,0.53665,0.797904,-0.073007,0.531162,0.830698,-0.083755,0.47334,0.707262,-0.031206,0.498862,0.771572,-0.059297,0.497324,0.833754,-0.071078,0.489309,0.87761,-0.075073,0.435572,0.718118,-0.041712,0.458466,0.782797,-0.065124,0.464646,0.835602,-0.066466,0.462987,0.870946,-0.062613,0.401904,0.743599,-0.053359,0.41801,0.790857,-0.065056,0.424465,0.823814,-0.061522,0.425528,0.844057,-0.055755
1088,36266,True,0.9985,0.9985,0.409639,0.859157,-0.0,0.458056,0.852221,-0.015868,0.498257,0.848951,-0.035361,0.522814,0.852003,-0.056461,0.511182,0.858316,-0.077049,0.493086,0.710931,-0.028933,0.514413,0.757097,-0.060012,0.511141,0.803285,-0.080072,0.506771,0.830228,-0.090434,0.45331,0.707067,-0.036702,0.473027,0.784602,-0.067062,0.471863,0.84965,-0.078098,0.467706,0.888757,-0.081361,0.412519,0.722328,-0.046634,0.434543,0.800109,-0.07279,0.443127,0.85614,-0.073418,0.445336,0.889357,-0.06834,0.378048,0.750842,-0.058251,0.393565,0.80496,-0.071139,0.401797,0.839556,-0.067235,0.405759,0.857902,-0.060706
1089,36300,True,0.9982,0.9982,0.404252,0.846557,-0.0,0.444468,0.842711,-0.02013,0.477038,0.842278,-0.041615,0.498663,0.849396,-0.063907,0.502837,0.847711,-0.086439,0.481703,0.707969,-0.035381,0.49332,0.757363,-0.070932,0.493996,0.800652,-0.095052,0.490962,0.833384,-0.107024,0.439417,0.703198,-0.040673,0.443812,0.775168,-0.074041,0.449959,0.841494,-0.086582,0.451168,0.884136,-0.090821,0.394936,0.717999,-0.048513,0.394548,0.778644,-0.077513,0.40449,0.833634,-0.078721,0.409506,0.866662,-0.073788,0.357494,0.745937,-0.058226,0.356146,0.782354,-0.07479,0.365031,0.816177,-0.071893,0.370272,0.83544,-0.065575
1090,36333,True,0.9987,0.9987,0.391867,0.842479,-0.0,0.430204,0.830438,-0.022026,0.459988,0.820708,-0.045112,0.483243,0.821323,-0.068646,0.502015,0.812871,-0.091837,0.468898,0.689877,-0.038012,0.484219,0.735873,-0.078854,0.487078,0.786042,-0.107435,0.484501,0.825434,-0.121809,0.426219,0.683496,-0.042864,0.434604,0.742716,-0.080488,0.441625,0.809795,-0.095062,0.442177,0.855318,-0.099709,0.382697,0.699359,-0.050682,0.387604,0.750022,-0.083146,0.39774,0.810087,-0.083863,0.400746,0.84711,-0.078053,0.345847,0.730584,-0.060546,0.350535,0.775825,-0.082239,0.363179,0.81813,-0.080677,0.370231,0.841662,-0.074084
1091,36366,True,0.9979,0.9979,0.393109,0.818761,-0.0,0.432305,0.803164,-0.018167,0.46464,0.786641,-0.036814,0.490197,0.776318,-0.056783,0.509884,0.764064,-0.075848,0.467496,0.663781,-0.028271,0.485113,0.660106,-0.067115,0.488548,0.70158,-0.091834,0.485852,0.745928,-0.101372,0.426452,0.651086,-0.031546,0.437261,0.695068,-0.071631,0.444326,0.766631,-0.08393,0.446567,0.81836,-0.082982,0.385535,0.662231,-0.038329,0.392344,0.719221,-0.070229,0.399907,0.774646,-0.070095,0.403175,0.810182,-0.061226,0.350489,0.688484,-0.046945,0.354388,0.737599,-0.064234,0.364328,0.777936,-0.061417,0.370704,0.800815,-0.052754
1092,36400,True,0.9977,0.9977,0.400654,0.792523,-0.0,0.443082,0.761168,-0.014804,0.474118,0.723523,-0.026736,0.49369,0.686888,-0.039995,0.504612,0.659109,-0.051367,0.459255,0.617203,-0.013991,0.478067,0.631209,-0.049769,0.48746,0.683643,-0.073502,0.490623,0.729106,-0.082645,0.420382,0.610653,-0.017333,0.439914,0.644924,-0.051828,0.449335,0.710672,-0.062819,0.452781,0.758805,-0.06125,0.38218,0.6224,-0.024742,0.403589,0.685139,-0.053797,0.409477,0.738496,-0.052835,0.409127,0.768274,-0.042927,0.348773,0.647233,-0.033978,0.366481,0.699575,-0.047579,0.375272,0.734485,-0.043384,0.377364,0.749654,-0.03409
1093,36433,True,0.9988,0.9988,0.405526,0.759928,0.0,0.446751,0.729944,-0.014867,0.480476,0.6787,-0.022922,0.497062,0.6338,-0.032186,0.501657,0.596621,-0.040567,0.454087,0.597199,-0.003262,0.468126,0.570122,-0.025133,0.481988,0.590527,-0.040913,0.491266,0.606298,-0.048278,0.423671,0.595224,-0.004786,0.445405,0.565991,-0.029231,0.456554,0.620813,-0.037904,0.457808,0.659654,-0.037512,0.391687,0.60139,-0.009819,0.412804,0.573498,-0.035452,0.424378,0.627524,-0.031251,0.42421,0.668014,-0.020753,0.356943,0.617653,-0.016069,0.381097,0.59157,-0.034461,0.395922,0.631028,-0.028657,0.398761,0.664889,-0.018602
1094,36466,True,0.9988,0.9988,0.41326,0.721756,0.0,0.44941,0.696241,-0.018685,0.483946,0.642877,-0.028396,0.502071,0.596726,-0.037355,0.515417,0.558938,-0.046816,0.460572,0.566727,-0.014158,0.468186,0.522019,-0.030211,0.481922,0.489655,-0.042877,0.492157,0.463082,-0.051509,0.426882,0.561375,-0.015164,0.436882,0.508173,-0.036728,0.450043,0.549197,-0.044772,0.451328,0.585126,-0.045517,0.394301,0.570502,-0.018263,0.394945,0.517401,-0.040035,0.410858,0.557561,-0.03581,0.414339,0.591671,-0.027887,0.360362,0.592031,-0.022862,0.355648,0.551909,-0.040123,0.371132,0.578274,-0.035505,0.376582,0.606269,-0.028105
1095,36500,True,0.9992,0.9992,0.417223,0.689861,0.0,0.450114,0.672965,-0.023601,0.484009,0.619889,-0.036423,0.499833,0.573373,-0.047701,0.511194,0.531147,-0.058925,0.46785,0.52198,-0.020246,0.4791,0.466759,-0.040528,0.49214,0.427551,-0.053844,0.499143,0.391266,-0.063131,0.430732,0.517112,-0.021071,0.442892,0.456777,-0.05071,0.456269,0.516996,-0.058326,0.456622,0.557929,-0.056089,0.395255,0.530414,-0.024306,0.398436,0.475182,-0.056593,0.417457,0.533212,-0.050215,0.421203,0.570547,-0.037236,0.358818,0.55873,-0.028902,0.360984,0.518887,-0.053912,0.380429,0.555588,-0.047982,0.385833,0.584138,-0.03746
1096,36533,True,0.9989,0.9989,0.41445,0.684924,0.0,0.447362,0.671504,-0.028936,0.478928,0.617763,-0.046858,0.49338,0.568676,-0.063135,0.508301,0.522306,-0.078793,0.468669,0.508221,-0.02734,0.48504,0.436232,-0.052215,0.500726,0.389618,-0.066355,0.507906,0.347585,-0.075878,0.430245,0.504576,-0.028752,0.445461,0.437754,-0.067522,0.459058,0.508142,-0.076603,0.457014,0.555307,-0.072698,0.393579,0.52053,-0.032988,0.398814,0.462611,-0.072619,0.419964,0.528747,-0.064895,0.423091,0.57014,-0.048542,0.355811,0.551854,-0.038992,0.359547,0.509037,-0.067804,0.382802,0.550574,-0.060508,0.389362,0.581087,-0.047677
1097,36566,True,0.9967,0.9967,0.411035,0.696646,0.0,0.445587,0.678234,-0.026372,0.476463,0.627967,-0.043728,0.491918,0.584277,-0.060177,0.504009,0.542701,-0.076208,0.465853,0.51664,-0.029584,0.483287,0.441867,-0.054236,0.499047,0.397192,-0.069598,0.507488,0.354973,-0.080365,0.42694,0.514488,-0.03239,0.439507,0.452909,-0.069753,0.45418,0.519576,-0.079302,0.454208,0.565551,-0.077557,0.38944,0.531463,-0.037629,0.393256,0.477783,-0.073319,0.412253,0.53759,-0.06562,0.414491,0.575645,-0.051675,0.352491,0.562078,-0.044779,0.353119,0.519833,-0.068219,0.370441,0.554929,-0.059705,0.372342,0.581148,-0.048033
1098,36600,True,0.9957,0.9957,0.396383,0.731663,0.0,0.436908,0.714473,-0.02914,0.472814,0.668961,-0.047479,0.492411,0.626596,-0.064639,0.500749,0.586266,-0.081418,0.461368,0.551831,-0.028746,0.481249,0.486446,-0.05582,0.494938,0.44414,-0.07382,0.50502,0.405236,-0.085497,0.420621,0.548983,-0.030231,0.427384,0.491751,-0.071454,0.436519,0.560905,-0.083408,0.44001,0.615465,-0.081375,0.381864,0.563818,-0.03467,0.386341,0.525244,-0.07357,0.399373,0.59057,-0.066753,0.40351,0.635842,-0.051548,0.346125,0.591274,-0.041403,0.353638,0.563713,-0.067145,0.368139,0.610387,-0.059131,0.372284,0.64524,-0.046385
1099,36633,True,0.9893,0.9893,0.38202,0.77128,-0.0,0.428861,0.754446,-0.029037,0.469761,0.714675,-0.048404,0.485592,0.66776,-0.067551,0.491172,0.63383,-0.086826,0.463298,0.604968,-0.039127,0.472786,0.533529,-0.069755,0.481137,0.49502,-0.085986,0.489494,0.469897,-0.094268,0.418955,0.596011,-0.039213,0.426841,0.583087,-0.088981,0.429358,0.65651,-0.10178,0.429371,0.721543,-0.097258,0.378415,0.604873,-0.041941,0.388138,0.633375,-0.088064,0.396113,0.703014,-0.086273,0.401346,0.758843,-0.070635,0.339576,0.626673,-0.046685,0.346337,0.647509,-0.075833,0.356843,0.695094,-0.07349,0.363608,0.730602,-0.062121
1100,36666,True,0.9922,0.9922,0.375786,0.758383,-0.0,0.416445,0.758463,-0.032929,0.454585,0.759919,-0.065055,0.481577,0.768969,-0.096105,0.498931,0.783071,-0.127703,0.457106,0.657361,-0.067203,0.455782,0.67902,-0.11819,0.447582,0.747337,-0.149555,0.441293,0.807007,-0.163986,0.408972,0.653913,-0.069802,0.408062,0.669858,-0.117762,0.404187,0.7519,-0.130839,0.40299,0.818637,-0.132608,0.365548,0.662941,-0.07528,0.360157,0.694535,-0.11694,0.360148,0.768682,-0.113987,0.361682,0.824019,-0.10339,0.3271,0.68353,-0.083458,0.319278,0.721075,-0.109401,0.321922,0.774331,-0.104581,0.327101,0.811926,-0.095393
1101,36700,True,0.9939,0.9939,0.364224,0.792874,-0.0,0.399154,0.804174,-0.026116,0.426911,0.822314,-0.054861,0.447667,0.847975,-0.084015,0.472517,0.863352,-0.114098,0.44184,0.712266,-0.055592,0.450087,0.75663,-0.099192,0.44737,0.809245,-0.129324,0.439902,0.854442,-0.144915,0.395053,0.703433,-0.061286,0.394032,0.775183,-0.102854,0.394612,0.853535,-0.117084,0.392622,0.907522,-0.122122,0.348546,0.714503,-0.069111,0.343341,0.765701,-0.10543,0.34591,0.834794,-0.102621,0.347666,0.879811,-0.094346,0.310367,0.739528,-0.079214,0.304049,0.784184,-0.10184,0.309566,0.834949,-0.094687,0.314179,0.869636,-0.084582
1102,36733,True,0.9971,0.9971,0.354101,0.858262,-0.0,0.390332,0.860856,-0.026563,0.421678,0.856513,-0.051665,0.448357,0.867743,-0.077156,0.481542,0.877637,-0.102718,0.432136,0.731068,-0.041406,0.441412,0.771942,-0.086064,0.44251,0.822422,-0.116891,0.439591,0.864947,-0.13289,0.384789,0.721949,-0.046886,0.385852,0.785123,-0.094225,0.391334,0.869424,-0.112272,0.393238,0.924852,-0.117168,0.336901,0.736683,-0.056022,0.335772,0.782165,-0.10004,0.341839,0.851462,-0.104132,0.345106,0.892455,-0.097763,0.296306,0.767431,-0.067021,0.295337,0.808459,-0.096984,0.304691,0.857101,-0.0972,0.311896,0.883699,-0.090624
1103,36766,True,0.9936,0.9936,0.348157,0.865828,-0.0,0.385432,0.857615,-0.016571,0.419102,0.840984,-0.033527,0.448354,0.844315,-0.0528,0.476665,0.84321,-0.071589,0.40936,0.726896,-0.024095,0.428083,0.723641,-0.05905,0.438972,0.76498,-0.082931,0.442031,0.811147,-0.093374,0.369127,0.719857,-0.029307,0.378063,0.771509,-0.066059,0.389858,0.84585,-0.078669,0.394982,0.895602,-0.079891,0.327592,0.734726,-0.037586,0.333574,0.785087,-0.068409,0.343518,0.84431,-0.067492,0.346774,0.88002,-0.059295,0.291047,0.762451,-0.047606,0.293089,0.801428,-0.066397,0.304448,0.845978,-0.06189,0.310344,0.871525,-0.052537
1104,36800,True,0.558,0.558,0.33352,0.876776,-0.0,0.375762,0.850643,-0.01237,0.41431,0.814593,-0.032464,0.442573,0.796493,-0.052085,0.476364,0.794784,-0.07265,0.418631,0.767949,-0.055945,0.41864,0.692588,-0.091991,0.413857,0.674118,-0.110191,0.408326,0.676899,-0.118205,0.37715,0.758608,-0.06119,0.374505,0.711534,-0.100423,0.378275,0.764207,-0.103808,0.382165,0.815346,-0.09905,0.334559,0.761352,-0.066407,0.327074,0.730527,-0.09626,0.335627,0.777115,-0.084635,0.344863,0.820897,-0.070045,0.294057,0.772747,-0.072373,0.28809,0.751383,-0.093003,0.297809,0.781948,-0.085985,0.308001,0.811384,-0.075394
1105,36833,True,0.9739,0.9739,0.333232,0.846613,0.0,0.378019,0.811849,-0.010146,0.41739,0.776165,-0.028703,0.442393,0.744791,-0.044842,0.456074,0.708372,-0.063018,0.422665,0.774713,-0.062067,0.418888,0.700884,-0.095026,0.417199,0.647479,-0.114843,0.412722,0.607102,-0.126212,0.384991,0.780891,-0.070773,0.361363,0.659074,-0.105948,0.366301,0.677353,-0.11249,0.371757,0.721441,-0.111847,0.345489,0.785531,-0.077573,0.317902,0.679183,-0.106155,0.32606,0.698296,-0.096572,0.33715,0.735004,-0.084166,0.307689,0.787867,-0.084176,0.285896,0.705909,-0.103332,0.295906,0.71651,-0.095045,0.310217,0.741401,-0.084831
1106,36866,True,0.8947,0.8947,0.338543,0.800494,0.0,0.394682,0.773279,-0.020565,0.428567,0.739129,-0.043194,0.443084,0.707536,-0.063548,0.459122,0.674375,-0.086779,0.415213,0.683916,-0.058129,0.405448,0.624211,-0.093211,0.404865,0.578127,-0.117219,0.400379,0.53923,-0.132368,0.376223,0.68561,-0.064913,0.364851,0.601785,-0.099616,0.374569,0.639962,-0.109874,0.377258,0.690388,-0.112998,0.338074,0.702767,-0.072186,0.328215,0.626927,-0.105325,0.345209,0.664204,-0.100651,0.356408,0.706164,-0.091818,0.302629,0.725866,-0.080074,0.290861,0.665319,-0.103799,0.305789,0.686335,-0.097817,0.319055,0.713783,-0.089367
1107,36900,True,0.998,0.998,0.372585,0.784151,0.0,0.413783,0.769428,-0.025916,0.445257,0.729444,-0.043641,0.46009,0.699082,-0.060548,0.478228,0.672497,-0.07883,0.426387,0.631087,-0.03369,0.423669,0.588639,-0.062162,0.421106,0.553109,-0.081881,0.41831,0.52154,-0.095163,0.382843,0.624382,-0.036402,0.381158,0.603336,-0.075703,0.390589,0.674502,-0.087607,0.397017,0.726515,-0.08806,0.342722,0.640295,-0.041741,0.337501,0.624495,-0.077647,0.349859,0.681068,-0.072333,0.356712,0.721365,-0.060823,0.306318,0.669993,-0.049175,0.299865,0.650649,-0.073732,0.313241,0.684139,-0.068654,0.323415,0.710248,-0.059525
1108,36933,True,0.9716,0.9716,0.380108,0.770822,-0.0,0.424908,0.752154,-0.016772,0.458574,0.712801,-0.031051,0.473739,0.671382,-0.045,0.479996,0.638872,-0.059251,0.442151,0.631657,-0.039653,0.43995,0.589674,-0.06365,0.441822,0.552577,-0.07651,0.448288,0.530665,-0.083728,0.397351,0.617053,-0.041604,0.42109,0.688264,-0.076564,0.435254,0.733401,-0.08285,0.446616,0.765508,-0.08044,0.356581,0.629184,-0.044438,0.384742,0.714626,-0.071647,0.401631,0.748034,-0.067452,0.416914,0.768038,-0.05891,0.319166,0.652395,-0.049384,0.341453,0.716238,-0.066275,0.358982,0.745797,-0.064379,0.373107,0.758593,-0.057999
1109,36966,True,0.9871,0.9871,0.390486,0.78307,-0.0,0.432701,0.765722,-0.014045,0.467709,0.753354,-0.032803,0.493846,0.753677,-0.053841,0.516819,0.761728,-0.074621,0.460994,0.639458,-0.025487,0.476524,0.69479,-0.059333,0.478452,0.748867,-0.083677,0.479974,0.792429,-0.095427,0.421296,0.635934,-0.03138,0.44117,0.701328,-0.060512,0.447306,0.758919,-0.070601,0.450204,0.802344,-0.072337,0.381604,0.64889,-0.039744,0.400892,0.718266,-0.062656,0.410975,0.762417,-0.062226,0.416461,0.790384,-0.056057,0.346165,0.673663,-0.050071,0.358797,0.731392,-0.060374,0.371801,0.76126,-0.056218,0.380278,0.775906,-0.049177
1110,37000,True,0.9952,0.9952,0.401974,0.810258,-0.0,0.44169,0.801771,-0.028262,0.477256,0.78436,-0.054038,0.509436,0.779441,-0.078827,0.548091,0.780953,-0.102878,0.471647,0.665245,-0.044573,0.480225,0.694426,-0.085634,0.484475,0.73342,-0.111145,0.485181,0.763321,-0.124902,0.432399,0.654479,-0.047765,0.450419,0.693734,-0.092405,0.45977,0.771298,-0.10629,0.460113,0.822307,-0.108769,0.392602,0.668576,-0.054401,0.402336,0.698667,-0.096098,0.415717,0.767193,-0.09735,0.420682,0.80836,-0.089848,0.357191,0.69934,-0.063026,0.365339,0.729267,-0.092451,0.381725,0.775625,-0.09363,0.390542,0.80307,-0.088537
1111,37033,True,0.9903,0.9903,0.396359,0.810232,-0.0,0.439232,0.809085,-0.02261,0.478575,0.793162,-0.042693,0.508339,0.78545,-0.062712,0.543365,0.788092,-0.083407,0.47634,0.680922,-0.035213,0.487412,0.691929,-0.064908,0.505169,0.692047,-0.087014,0.525304,0.696195,-0.101367,0.436031,0.660798,-0.037507,0.448764,0.731987,-0.074371,0.453288,0.794155,-0.085457,0.454988,0.838313,-0.086794,0.393969,0.668813,-0.042265,0.404741,0.746236,-0.073049,0.407767,0.791296,-0.071673,0.408104,0.817824,-0.064608,0.356333,0.693328,-0.049716,0.365818,0.75528,-0.069798,0.372888,0.791926,-0.068954,0.375274,0.808806,-0.063638
1112,37066,True,0.989,0.989,0.386968,0.825444,-0.0,0.431115,0.818971,-0.019667,0.467473,0.794833,-0.035424,0.493436,0.782041,-0.051432,0.523609,0.783395,-0.067508,0.448628,0.681659,-0.02824,0.450538,0.68999,-0.05424,0.455203,0.701034,-0.07301,0.461597,0.712706,-0.084645,0.409395,0.669096,-0.030954,0.403736,0.730312,-0.05765,0.40953,0.779231,-0.066689,0.416205,0.811671,-0.069497,0.371017,0.679883,-0.036027,0.369693,0.751742,-0.059629,0.379081,0.790475,-0.057926,0.388833,0.811741,-0.052784,0.337529,0.703881,-0.043816,0.338431,0.762246,-0.059693,0.350496,0.793531,-0.057892,0.363078,0.807379,-0.052574
1113,37100,True,0.9883,0.9883,0.342588,0.827855,-0.0,0.391224,0.829929,-0.025128,0.433073,0.805206,-0.041328,0.460686,0.784977,-0.056236,0.480256,0.770142,-0.070119,0.421636,0.69413,-0.025254,0.405096,0.695762,-0.057634,0.392863,0.717422,-0.080097,0.386041,0.730928,-0.091133,0.385142,0.676533,-0.024141,0.361158,0.713839,-0.053089,0.355209,0.764419,-0.062091,0.356239,0.787601,-0.062535,0.348771,0.679073,-0.026824,0.328617,0.722091,-0.051669,0.330757,0.768124,-0.046122,0.337305,0.787481,-0.036263,0.31583,0.693275,-0.032539,0.29934,0.731293,-0.046367,0.305349,0.771783,-0.039115,0.315777,0.789806,-0.028083
1114,37133,True,0.9962,0.9962,0.312966,0.848465,-0.0,0.351685,0.850681,-0.046585,0.388616,0.832614,-0.073317,0.413012,0.812462,-0.09347,0.423909,0.78404,-0.11034,0.387908,0.701039,-0.058097,0.345476,0.722553,-0.098155,0.326686,0.757061,-0.120075,0.320717,0.770259,-0.130024,0.351847,0.67986,-0.048588,0.298334,0.735627,-0.087144,0.292312,0.797569,-0.096505,0.298942,0.820337,-0.097125,0.315582,0.677638,-0.043838,0.272545,0.736726,-0.078629,0.274992,0.789585,-0.074881,0.28608,0.807338,-0.065951,0.282834,0.68879,-0.043428,0.252504,0.729716,-0.066498,0.256531,0.776747,-0.063081,0.268266,0.798156,-0.054107
1115,37166,True,0.994,0.994,0.290597,0.870087,-0.0,0.332061,0.870809,-0.049219,0.369308,0.853144,-0.081744,0.387992,0.830774,-0.109014,0.390946,0.794862,-0.133193,0.374568,0.709215,-0.063945,0.347796,0.720029,-0.11349,0.321587,0.740475,-0.142392,0.299497,0.752514,-0.157288,0.32817,0.684272,-0.057313,0.27745,0.752702,-0.104707,0.279063,0.832586,-0.114071,0.293007,0.863749,-0.113619,0.281033,0.688315,-0.056617,0.236368,0.764207,-0.099253,0.25039,0.830843,-0.090587,0.271256,0.854382,-0.077405,0.240726,0.709962,-0.060994,0.206538,0.762863,-0.092498,0.220473,0.816059,-0.088014,0.2415,0.836766,-0.077032
1116,37200,True,0.99,0.99,0.298718,0.878186,-0.0,0.342032,0.869837,-0.045007,0.380837,0.849399,-0.076611,0.395,0.828449,-0.104525,0.384879,0.799153,-0.129091,0.370495,0.710879,-0.055203,0.348443,0.713291,-0.102759,0.324157,0.736213,-0.129815,0.300747,0.750778,-0.142247,0.321422,0.692293,-0.049863,0.285568,0.757381,-0.094872,0.290685,0.83316,-0.101741,0.30437,0.862126,-0.098374,0.274736,0.700178,-0.050586,0.243288,0.769936,-0.090649,0.256064,0.831503,-0.079263,0.274458,0.852834,-0.06342,0.235257,0.722789,-0.056341,0.208202,0.770749,-0.084339,0.224125,0.822027,-0.077637,0.246037,0.842795,-0.064818
1117,37233,True,0.9835,0.9835,0.315867,0.873076,-0.0,0.363169,0.859878,-0.03888,0.396679,0.837492,-0.06628,0.407955,0.821867,-0.09123,0.402084,0.803923,-0.113601,0.382048,0.69759,-0.037347,0.351452,0.717447,-0.081923,0.337046,0.747159,-0.112943,0.328793,0.769387,-0.128414,0.337209,0.687528,-0.03374,0.295759,0.740418,-0.076862,0.301784,0.80702,-0.091046,0.315151,0.843308,-0.092422,0.294266,0.70124,-0.03591,0.259782,0.753838,-0.074794,0.274535,0.809499,-0.072906,0.294271,0.835416,-0.062351,0.258912,0.728986,-0.042141,0.234995,0.767933,-0.067574,0.252502,0.814287,-0.064732,0.2756,0.835291,-0.054794
1118,37266,True,0.9952,0.9952,0.334866,0.872705,0.0,0.383014,0.850582,-0.027885,0.413441,0.825132,-0.051542,0.429874,0.811098,-0.074637,0.446011,0.793639,-0.097536,0.371846,0.694077,-0.037202,0.373919,0.709714,-0.072888,0.38865,0.726081,-0.099113,0.408609,0.73853,-0.114663,0.331483,0.698685,-0.039746,0.341885,0.725667,-0.074575,0.362114,0.761432,-0.090337,0.381072,0.789257,-0.096685,0.296992,0.724859,-0.045708,0.315456,0.769088,-0.079609,0.337325,0.804245,-0.083275,0.355218,0.824918,-0.079472,0.272139,0.765392,-0.054446,0.292482,0.802095,-0.078406,0.313453,0.830738,-0.079362,0.329603,0.845515,-0.074812
1119,37300,True,0.998,0.998,0.341307,0.856873,0.0,0.390637,0.82921,-0.012427,0.428339,0.808711,-0.031512,0.458971,0.80399,-0.052861,0.490135,0.798667,-0.07285,0.38755,0.690735,-0.029192,0.417358,0.693962,-0.062915,0.435323,0.713708,-0.085312,0.449487,0.732427,-0.097902,0.353912,0.704628,-0.037969,0.410104,0.758876,-0.06725,0.417253,0.790957,-0.075729,0.413079,0.806035,-0.07918,0.327979,0.743888,-0.049453,0.387894,0.810543,-0.073127,0.395166,0.824691,-0.070792,0.391627,0.823564,-0.066497,0.310491,0.794244,-0.063206,0.364421,0.841381,-0.078678,0.376214,0.845876,-0.077209,0.376255,0.837254,-0.073217
1120,37333,True,0.9956,0.9956,0.373356,0.858677,0.0,0.421317,0.845459,-0.012362,0.461383,0.825284,-0.026891,0.489873,0.811407,-0.044247,0.519103,0.802924,-0.063474,0.444169,0.710056,-0.01839,0.476893,0.714998,-0.045764,0.505492,0.729966,-0.066928,0.530567,0.747269,-0.079402,0.410307,0.701667,-0.025757,0.451964,0.70681,-0.049769,0.480563,0.735456,-0.063213,0.498519,0.763475,-0.069597,0.375661,0.715104,-0.03521,0.405006,0.737331,-0.061528,0.420205,0.782807,-0.066537,0.427468,0.815823,-0.064257,0.34552,0.745843,-0.045671,0.36552,0.767028,-0.064046,0.383041,0.799465,-0.063355,0.393304,0.825605,-0.058477
1121,37366,True,0.9991,0.9991,0.393735,0.862433,0.0,0.449879,0.849511,-0.007839,0.493798,0.828455,-0.021302,0.525185,0.820213,-0.038062,0.553906,0.816676,-0.056717,0.475298,0.707958,-0.015317,0.511885,0.728068,-0.043066,0.539503,0.75492,-0.065729,0.563739,0.782773,-0.079722,0.438506,0.707096,-0.026095,0.475821,0.740578,-0.055953,0.490687,0.800278,-0.07036,0.496298,0.843757,-0.076092,0.402679,0.729021,-0.038557,0.431864,0.758636,-0.065825,0.446203,0.808003,-0.068929,0.451151,0.842367,-0.065706,0.372738,0.766461,-0.05179,0.394101,0.790856,-0.06947,0.40955,0.824982,-0.06757,0.416976,0.849174,-0.062269
1122,37400,True,0.9994,0.9994,0.406505,0.870338,0.0,0.469985,0.855264,-0.004319,0.520102,0.82582,-0.017005,0.559094,0.818914,-0.033447,0.595684,0.817122,-0.051698,0.495033,0.713699,-0.014092,0.542028,0.741202,-0.041223,0.572558,0.771301,-0.062745,0.597428,0.799665,-0.076946,0.460969,0.714894,-0.026777,0.514468,0.763137,-0.055177,0.519033,0.822871,-0.067382,0.511506,0.854809,-0.073405,0.42756,0.740701,-0.041099,0.473002,0.780658,-0.067441,0.480505,0.829437,-0.067769,0.475996,0.851198,-0.064167,0.398649,0.780538,-0.055863,0.432151,0.806617,-0.071431,0.443619,0.836028,-0.067435,0.443308,0.848776,-0.06224
1123,37433,True,0.9988,0.9988,0.419125,0.866196,0.0,0.48693,0.856734,0.001742,0.539905,0.838584,-0.008161,0.579103,0.837611,-0.022986,0.618373,0.841447,-0.040277,0.52343,0.720878,-0.006291,0.564273,0.733325,-0.026812,0.592037,0.750648,-0.043183,0.612635,0.772001,-0.054056,0.49309,0.716425,-0.020453,0.541076,0.7559,-0.043998,0.556298,0.810999,-0.055748,0.558883,0.853229,-0.061341,0.461842,0.73649,-0.03541,0.50146,0.768666,-0.058327,0.514925,0.814856,-0.061811,0.518796,0.849479,-0.060827,0.434461,0.771682,-0.05023,0.461375,0.791881,-0.066148,0.474719,0.82261,-0.065733,0.481167,0.848046,-0.062688
1124,37466,True,0.9988,0.9988,0.444227,0.839845,0.0,0.504404,0.841121,-0.005385,0.557276,0.827832,-0.018884,0.595402,0.822143,-0.035816,0.6327,0.813576,-0.055453,0.553944,0.717952,-0.022552,0.598832,0.713608,-0.050118,0.634116,0.711747,-0.068079,0.662538,0.710075,-0.079312,0.525882,0.701813,-0.036286,0.576422,0.734681,-0.075178,0.578726,0.800514,-0.08784,0.569263,0.842993,-0.08923,0.493626,0.709953,-0.050915,0.532733,0.743874,-0.088073,0.531585,0.801855,-0.087964,0.523804,0.834173,-0.079751,0.461297,0.734589,-0.065371,0.48645,0.749275,-0.090817,0.493114,0.782814,-0.089071,0.491893,0.80515,-0.08222
1125,37500,True,0.9983,0.9983,0.460613,0.815709,0.0,0.520332,0.807329,-0.002358,0.574885,0.782038,-0.012894,0.613899,0.768803,-0.027372,0.650819,0.758749,-0.042232,0.567111,0.677268,-0.008654,0.599299,0.68723,-0.032572,0.608492,0.723411,-0.049858,0.609247,0.752223,-0.059072,0.540322,0.663098,-0.020259,0.581707,0.691663,-0.048088,0.585571,0.762388,-0.058325,0.576686,0.812561,-0.059716,0.510207,0.67004,-0.033305,0.546477,0.695169,-0.059184,0.54734,0.7568,-0.057178,0.540013,0.796434,-0.049557,0.479824,0.692508,-0.046426,0.508381,0.708315,-0.062352,0.51557,0.747662,-0.057213,0.513295,0.775216,-0.049017
1126,37533,True,0.9984,0.9984,0.479659,0.784902,0.0,0.530436,0.776899,-0.007631,0.586053,0.743397,-0.01584,0.624042,0.721801,-0.026491,0.65762,0.709274,-0.038166,0.575549,0.648883,-0.003284,0.596867,0.622413,-0.021385,0.622319,0.610162,-0.035889,0.645843,0.603817,-0.045598,0.549108,0.634868,-0.011406,0.591883,0.62642,-0.039998,0.605155,0.682953,-0.052888,0.604005,0.727594,-0.055075,0.520632,0.636527,-0.0211,0.559034,0.635667,-0.05046,0.566115,0.694219,-0.049515,0.561211,0.733857,-0.041054,0.489268,0.651563,-0.031075,0.520591,0.656233,-0.052094,0.529257,0.700962,-0.048504,0.525874,0.732675,-0.040216
1127,37566,True,0.9989,0.9989,0.496262,0.756329,0.0,0.544739,0.746167,-0.008616,0.599133,0.705994,-0.016067,0.635896,0.678756,-0.025277,0.66711,0.661274,-0.035258,0.590193,0.605673,-0.005407,0.613455,0.573394,-0.02155,0.636715,0.551823,-0.034199,0.659236,0.534131,-0.043233,0.560141,0.591006,-0.012387,0.601475,0.574343,-0.038332,0.611693,0.632878,-0.048485,0.608601,0.677293,-0.049248,0.529102,0.593387,-0.020764,0.564288,0.583501,-0.047365,0.574967,0.641044,-0.045858,0.57224,0.680253,-0.03807,0.496063,0.610217,-0.029631,0.527494,0.606256,-0.049924,0.539636,0.651803,-0.04716,0.538767,0.68513,-0.040067
1128,37600,True,0.9982,0.9982,0.5116,0.723915,0.0,0.557167,0.711152,-0.009968,0.608955,0.667692,-0.017851,0.644108,0.637267,-0.027335,0.674867,0.619984,-0.037746,0.6034,0.56344,-0.005872,0.631831,0.528005,-0.021983,0.65525,0.499159,-0.034864,0.675713,0.473472,-0.044374,0.572226,0.55023,-0.012597,0.613462,0.521956,-0.038264,0.625693,0.57839,-0.048176,0.622913,0.621715,-0.048886,0.540196,0.554545,-0.020687,0.574609,0.532832,-0.047233,0.586122,0.589358,-0.044588,0.582177,0.627456,-0.036224,0.505578,0.573889,-0.029398,0.536754,0.561026,-0.04974,0.550561,0.605242,-0.045553,0.549336,0.638222,-0.037542
1129,37633,True,0.9977,0.9977,0.527213,0.696013,0.0,0.566444,0.687584,-0.014754,0.614374,0.643575,-0.026576,0.649494,0.611078,-0.039585,0.681761,0.592759,-0.052981,0.609219,0.524098,-0.013539,0.646862,0.477501,-0.035266,0.676275,0.443553,-0.051453,0.698403,0.411956,-0.062844,0.577921,0.509985,-0.01963,0.623073,0.491738,-0.053154,0.634306,0.555076,-0.063978,0.628233,0.598426,-0.063687,0.545962,0.51481,-0.027538,0.584652,0.506755,-0.060384,0.596889,0.570709,-0.055814,0.592925,0.609232,-0.044182,0.512179,0.535448,-0.036624,0.546752,0.533932,-0.059642,0.562274,0.58104,-0.054028,0.562167,0.61249,-0.043765
1130,37666,True,0.998,0.998,0.528789,0.691661,0.0,0.570537,0.686786,-0.01995,0.616692,0.639281,-0.034927,0.652429,0.604191,-0.050972,0.688088,0.579593,-0.066714,0.614669,0.516293,-0.020193,0.656791,0.457755,-0.045141,0.684291,0.422294,-0.061134,0.705701,0.38879,-0.072067,0.581703,0.503179,-0.025402,0.625808,0.475982,-0.064651,0.636337,0.545222,-0.07554,0.630807,0.592247,-0.074302,0.547144,0.509,-0.033067,0.583431,0.485942,-0.072192,0.596786,0.556591,-0.06719,0.5937,0.601077,-0.053878,0.51024,0.529482,-0.042229,0.544714,0.517677,-0.071371,0.562367,0.567921,-0.067354,0.562736,0.602453,-0.057117
1131,37700,True,0.994,0.994,0.51909,0.695399,0.0,0.565732,0.691278,-0.021068,0.612982,0.646535,-0.037468,0.651103,0.613164,-0.054523,0.686757,0.592655,-0.071538,0.613276,0.521561,-0.024532,0.656728,0.46195,-0.049185,0.685015,0.426186,-0.064993,0.706744,0.391318,-0.076243,0.578129,0.509421,-0.029354,0.621328,0.483878,-0.068953,0.62689,0.557405,-0.078751,0.616942,0.604605,-0.076836,0.542101,0.514397,-0.036418,0.578555,0.500616,-0.074166,0.586428,0.569334,-0.067102,0.578294,0.608773,-0.053017,0.505565,0.533633,-0.045143,0.540689,0.522054,-0.071311,0.553376,0.572598,-0.064465,0.548386,0.605232,-0.052982
1132,37733,True,0.9963,0.9963,0.505442,0.716134,-0.0,0.558703,0.713178,-0.016144,0.609177,0.674904,-0.029335,0.644919,0.644013,-0.044294,0.677206,0.625625,-0.060284,0.609292,0.539212,-0.023873,0.648668,0.490217,-0.044661,0.672573,0.454484,-0.059115,0.692288,0.420628,-0.06974,0.573079,0.517854,-0.029216,0.605918,0.534492,-0.062837,0.608078,0.605014,-0.071752,0.599158,0.654746,-0.070905,0.535289,0.522237,-0.035791,0.561159,0.549891,-0.065627,0.566982,0.615165,-0.060107,0.56017,0.661118,-0.049259,0.498104,0.542906,-0.044309,0.520614,0.570384,-0.063643,0.530196,0.621388,-0.058575,0.527444,0.658916,-0.049387
1133,37766,True,0.941,0.941,0.551304,0.523659,-0.0,0.578732,0.563494,-0.019367,0.595691,0.62679,-0.050705,0.610329,0.672403,-0.08127,0.636506,0.696692,-0.115047,0.566262,0.573206,-0.088687,0.548054,0.675162,-0.122261,0.544818,0.71641,-0.144232,0.543667,0.729945,-0.158483,0.538341,0.575581,-0.095481,0.537992,0.69749,-0.122936,0.543475,0.722296,-0.129255,0.548986,0.72725,-0.137506,0.520237,0.580498,-0.098698,0.528126,0.697617,-0.121543,0.535227,0.717352,-0.113588,0.538955,0.720232,-0.109312,0.505032,0.586978,-0.103916,0.517116,0.681634,-0.115523,0.529843,0.699006,-0.103647,0.539588,0.699588,-0.096206
1134,37800,True,0.9896,0.9896,0.521349,0.671908,0.0,0.550576,0.705556,-0.017457,0.58596,0.723194,-0.040978,0.607489,0.740112,-0.060504,0.616578,0.754866,-0.078892,0.585596,0.632589,-0.074012,0.604498,0.636027,-0.110044,0.614012,0.628647,-0.129555,0.617737,0.618811,-0.137323,0.545919,0.610468,-0.076563,0.555717,0.684038,-0.100977,0.556607,0.753538,-0.110507,0.553344,0.812816,-0.120216,0.505338,0.617674,-0.077671,0.504921,0.694699,-0.098287,0.507902,0.753655,-0.101907,0.510195,0.800519,-0.104189,0.466698,0.635023,-0.078884,0.458918,0.688387,-0.08412,0.457737,0.728111,-0.078277,0.457228,0.762838,-0.076469
1135,37833,True,0.9968,0.9968,0.480457,0.755903,0.0,0.521364,0.762602,-0.023589,0.559419,0.758994,-0.048745,0.591739,0.768003,-0.073874,0.631634,0.781096,-0.100125,0.552742,0.650608,-0.05288,0.570567,0.651763,-0.089592,0.589835,0.656182,-0.115234,0.609716,0.662498,-0.132814,0.513874,0.631002,-0.059775,0.535878,0.721964,-0.102728,0.537692,0.783847,-0.11577,0.535972,0.815896,-0.121033,0.472465,0.643565,-0.068578,0.488127,0.734436,-0.104181,0.487366,0.773519,-0.102096,0.484388,0.782418,-0.0971,0.435342,0.671879,-0.080022,0.443648,0.741584,-0.103571,0.443137,0.765364,-0.102193,0.437898,0.762978,-0.098497
1136,37866,True,0.9987,0.9987,0.456301,0.792721,0.0,0.504446,0.79437,-0.027202,0.549514,0.783301,-0.051634,0.583136,0.775383,-0.075312,0.611723,0.755959,-0.099226,0.540728,0.648845,-0.041993,0.553703,0.632453,-0.077578,0.571784,0.633091,-0.102212,0.588156,0.642331,-0.117484,0.499889,0.627011,-0.045863,0.519447,0.66497,-0.090485,0.531002,0.745967,-0.10597,0.532013,0.800222,-0.109216,0.457077,0.635631,-0.052557,0.471823,0.678589,-0.09278,0.48396,0.746085,-0.092974,0.485957,0.785244,-0.085367,0.418862,0.663281,-0.061395,0.4303,0.704734,-0.08939,0.44135,0.75176,-0.08904,0.442812,0.776181,-0.082849
1137,37900,True,0.9985,0.9985,0.449754,0.768845,0.0,0.508056,0.75503,-0.027696,0.554487,0.72681,-0.053597,0.578799,0.707952,-0.079616,0.57461,0.704215,-0.105029,0.53615,0.597624,-0.038777,0.544595,0.560355,-0.080498,0.556512,0.574818,-0.107937,0.56426,0.602671,-0.121408,0.491639,0.587192,-0.042748,0.511294,0.625712,-0.091697,0.525791,0.712189,-0.104893,0.530811,0.774285,-0.102611,0.448211,0.604796,-0.050948,0.46811,0.660706,-0.090522,0.48068,0.723933,-0.085686,0.484178,0.761406,-0.071858,0.411143,0.637363,-0.062346,0.4301,0.691291,-0.08482,0.443412,0.73446,-0.079309,0.447589,0.754772,-0.06786
1138,37933,True,0.9989,0.9989,0.461861,0.744374,0.0,0.513916,0.729972,-0.022733,0.563753,0.693046,-0.04024,0.582296,0.657867,-0.057991,0.563099,0.630519,-0.077533,0.539161,0.57753,-0.028824,0.542755,0.541933,-0.056356,0.546697,0.512426,-0.076371,0.552456,0.487038,-0.089911,0.49259,0.567369,-0.033309,0.507434,0.578434,-0.075009,0.521726,0.651089,-0.089152,0.529266,0.707273,-0.090396,0.447152,0.579484,-0.040162,0.461226,0.597987,-0.075887,0.475557,0.659355,-0.073671,0.482122,0.704758,-0.064504,0.405798,0.608975,-0.049327,0.419723,0.639387,-0.073795,0.435413,0.684614,-0.072289,0.44321,0.714659,-0.065674
1139,37966,True,0.9976,0.9976,0.444186,0.710349,0.0,0.487289,0.690376,-0.023571,0.523069,0.643167,-0.040376,0.550002,0.604961,-0.056921,0.574812,0.573964,-0.074002,0.506079,0.545387,-0.028655,0.520684,0.48645,-0.05314,0.527085,0.445258,-0.069785,0.530429,0.405239,-0.082362,0.466986,0.542081,-0.032493,0.486077,0.510906,-0.072042,0.502369,0.577415,-0.083895,0.507052,0.625871,-0.084337,0.429067,0.557281,-0.038526,0.441437,0.529885,-0.075381,0.463242,0.590475,-0.070439,0.471342,0.633772,-0.059203,0.393329,0.58616,-0.04644,0.406931,0.579157,-0.073949,0.427773,0.621673,-0.070841,0.435618,0.653202,-0.062706
1140,38000,True,0.9959,0.9959,0.447649,0.672321,0.0,0.489414,0.653016,-0.025995,0.524622,0.607215,-0.04401,0.548183,0.567552,-0.061412,0.568354,0.534085,-0.079164,0.501104,0.50372,-0.028479,0.509829,0.438811,-0.052076,0.514638,0.393896,-0.0679,0.517053,0.354332,-0.079148,0.463807,0.503597,-0.030455,0.478908,0.464071,-0.069827,0.497717,0.525538,-0.082171,0.50484,0.574886,-0.08183,0.427418,0.519347,-0.034683,0.438069,0.485712,-0.071173,0.461218,0.543409,-0.066922,0.471007,0.587935,-0.05492,0.392146,0.548029,-0.040824,0.401783,0.525032,-0.066999,0.422694,0.563183,-0.063005,0.431597,0.595658,-0.053562
1141,38033,True,0.9971,0.9971,0.451374,0.649628,0.0,0.4902,0.634362,-0.027954,0.524988,0.585012,-0.046096,0.546305,0.541712,-0.063354,0.564725,0.502344,-0.08063,0.50252,0.474111,-0.029025,0.508904,0.401978,-0.054039,0.512127,0.355595,-0.069489,0.512789,0.313998,-0.079977,0.465532,0.474631,-0.030336,0.479291,0.432178,-0.071449,0.496799,0.499815,-0.082509,0.503352,0.550282,-0.080525,0.429781,0.491862,-0.034366,0.440257,0.455461,-0.074111,0.462398,0.51961,-0.068631,0.471407,0.565584,-0.054447,0.39387,0.521874,-0.040315,0.403298,0.494723,-0.068653,0.426654,0.534864,-0.063831,0.437318,0.566422,-0.052977
1142,38066,True,0.9955,0.9955,0.454436,0.652802,0.0,0.496052,0.633518,-0.025697,0.529543,0.581834,-0.043636,0.551732,0.538477,-0.061404,0.573245,0.501905,-0.079091,0.508075,0.472538,-0.027525,0.517164,0.401465,-0.052396,0.520895,0.355231,-0.068393,0.520518,0.312475,-0.079869,0.473498,0.472217,-0.029886,0.48999,0.431486,-0.071052,0.506431,0.498326,-0.082609,0.510588,0.54617,-0.081605,0.438719,0.487348,-0.034725,0.449574,0.449134,-0.074849,0.47017,0.513503,-0.069255,0.477124,0.558689,-0.05537,0.403856,0.514894,-0.041362,0.416388,0.48902,-0.07076,0.440153,0.531018,-0.066397,0.450043,0.564057,-0.055993
1143,38100,True,0.9904,0.9904,0.459995,0.674794,0.0,0.505133,0.652661,-0.029228,0.541025,0.602154,-0.050055,0.565343,0.559605,-0.070755,0.59324,0.531825,-0.090854,0.529269,0.497364,-0.025784,0.537862,0.429507,-0.052158,0.540523,0.381094,-0.069296,0.539254,0.339421,-0.081499,0.494102,0.494181,-0.027173,0.509462,0.461928,-0.069005,0.523774,0.529944,-0.080115,0.52768,0.575111,-0.078487,0.457257,0.504527,-0.032093,0.469777,0.479114,-0.070937,0.485624,0.54187,-0.063784,0.490332,0.581401,-0.049523,0.41927,0.52616,-0.039722,0.431729,0.51406,-0.06566,0.451082,0.558001,-0.059666,0.45837,0.586413,-0.048992
1144,38133,True,0.9977,0.9977,0.480383,0.726799,-0.0,0.53842,0.708281,-0.029173,0.589666,0.658166,-0.048566,0.605301,0.610525,-0.068333,0.600945,0.57536,-0.086758,0.560449,0.528178,-0.020611,0.570495,0.485492,-0.053537,0.57954,0.488897,-0.075251,0.586766,0.50319,-0.085935,0.517629,0.526585,-0.021513,0.537245,0.516379,-0.060929,0.549347,0.587129,-0.074382,0.555134,0.637729,-0.074532,0.474925,0.541564,-0.027354,0.4934,0.535515,-0.065581,0.510489,0.599603,-0.064384,0.518181,0.64622,-0.05368,0.432756,0.569915,-0.03566,0.451568,0.559277,-0.061695,0.4707,0.606593,-0.058056,0.480033,0.642833,-0.048194
1145,38166,True,0.9627,0.9627,0.53989,0.58954,-0.0,0.593449,0.60126,-0.01584,0.613929,0.642522,-0.048149,0.609202,0.696302,-0.081919,0.583048,0.73846,-0.118987,0.59116,0.550484,-0.069718,0.579021,0.670889,-0.11363,0.578236,0.72966,-0.146777,0.582642,0.755861,-0.16768,0.53764,0.554666,-0.08198,0.537608,0.695066,-0.114593,0.549887,0.739435,-0.12163,0.562766,0.75103,-0.128138,0.490065,0.571177,-0.093694,0.504291,0.70305,-0.113974,0.513338,0.723118,-0.101984,0.522842,0.70802,-0.095082,0.453823,0.596956,-0.108818,0.46648,0.705415,-0.116638,0.478268,0.721828,-0.10189,0.487343,0.707612,-0.091843
1146,38200,True,0.9969,0.9969,0.5015,0.738203,-0.0,0.545157,0.738345,-0.027854,0.588532,0.741249,-0.058975,0.624581,0.749938,-0.089865,0.662302,0.755225,-0.121343,0.584725,0.61656,-0.055327,0.612399,0.657713,-0.098238,0.622953,0.707207,-0.129125,0.631384,0.753596,-0.146351,0.543813,0.606486,-0.060085,0.580638,0.682232,-0.09956,0.587977,0.755043,-0.113817,0.589832,0.809956,-0.119874,0.502074,0.625823,-0.067485,0.528495,0.682663,-0.101738,0.535623,0.740097,-0.103995,0.5378,0.781922,-0.100591,0.466503,0.660495,-0.077058,0.473434,0.715948,-0.100923,0.479896,0.756671,-0.099922,0.483306,0.783361,-0.094731
1147,38233,True,0.9982,0.9982,0.483839,0.797598,-0.0,0.545589,0.799181,-0.014763,0.595198,0.787205,-0.036149,0.631766,0.785146,-0.05942,0.672499,0.784627,-0.083903,0.59176,0.659284,-0.035233,0.620769,0.671998,-0.073118,0.645677,0.693519,-0.099338,0.669344,0.716797,-0.116401,0.556853,0.643177,-0.047786,0.598947,0.700552,-0.093353,0.607387,0.78416,-0.110103,0.607197,0.838021,-0.11581,0.51762,0.655827,-0.062431,0.548523,0.708243,-0.10504,0.55419,0.776238,-0.107498,0.55387,0.813771,-0.102257,0.479014,0.686906,-0.078134,0.494513,0.731126,-0.108212,0.503008,0.774376,-0.109568,0.506272,0.797298,-0.105713
1148,38266,True,0.9989,0.9989,0.487179,0.814612,0.0,0.548382,0.816008,-0.017161,0.59808,0.802177,-0.04063,0.635439,0.799348,-0.065281,0.678714,0.799541,-0.091514,0.593992,0.67333,-0.038822,0.623865,0.689562,-0.078007,0.650993,0.711009,-0.106234,0.67718,0.733568,-0.124936,0.559699,0.657764,-0.050263,0.601664,0.717055,-0.098089,0.607489,0.796733,-0.116654,0.604986,0.846492,-0.123549,0.52211,0.669579,-0.063727,0.556523,0.723952,-0.109773,0.560999,0.793029,-0.113007,0.559018,0.831122,-0.107407,0.485807,0.696778,-0.078166,0.510132,0.735144,-0.111783,0.519056,0.781122,-0.11349,0.520575,0.806941,-0.109023
1149,38300,True,0.9993,0.9993,0.487604,0.813729,0.0,0.54849,0.812338,-0.014862,0.596888,0.794983,-0.03727,0.634531,0.792132,-0.061433,0.678553,0.794398,-0.087028,0.592049,0.671344,-0.036941,0.620827,0.683265,-0.077208,0.648428,0.704192,-0.105814,0.674363,0.727253,-0.124285,0.557213,0.655247,-0.04985,0.600686,0.710109,-0.09992,0.610126,0.794257,-0.119112,0.607595,0.846765,-0.125426,0.51906,0.667229,-0.064599,0.555415,0.718072,-0.112075,0.560434,0.792538,-0.114869,0.555878,0.831483,-0.108068,0.481442,0.695698,-0.080162,0.507771,0.73994,-0.114512,0.516723,0.788,-0.115991,0.514952,0.812113,-0.110727
1150,38333,True,0.9997,0.9997,0.487317,0.809413,0.0,0.548597,0.804731,-0.011401,0.595628,0.783864,-0.030144,0.633118,0.777451,-0.051068,0.674671,0.775034,-0.074059,0.58755,0.65892,-0.031976,0.618115,0.669727,-0.067053,0.643548,0.683895,-0.091977,0.668952,0.700586,-0.108976,0.552556,0.645398,-0.045628,0.596676,0.699089,-0.089872,0.606993,0.778084,-0.107607,0.6074,0.82787,-0.114357,0.513723,0.661281,-0.060742,0.547206,0.708002,-0.103897,0.556029,0.776679,-0.108675,0.556262,0.813332,-0.105034,0.476589,0.695427,-0.076213,0.494705,0.741803,-0.107969,0.504143,0.786476,-0.111339,0.505023,0.809652,-0.108742
1151,38366,True,0.9991,0.9991,0.495079,0.799811,0.0,0.550779,0.792982,-0.012822,0.596132,0.769143,-0.030441,0.630872,0.759932,-0.049896,0.669243,0.756197,-0.070579,0.588874,0.643656,-0.024745,0.616377,0.64759,-0.055392,0.640144,0.660354,-0.077571,0.663928,0.676461,-0.092071,0.555083,0.628516,-0.035183,0.59541,0.675822,-0.075086,0.602417,0.753041,-0.090166,0.600699,0.802896,-0.094109,0.517518,0.640258,-0.047364,0.551269,0.68323,-0.08685,0.557215,0.752346,-0.088633,0.555782,0.792273,-0.081949,0.481016,0.669261,-0.060179,0.503251,0.705367,-0.089536,0.513828,0.75455,-0.089686,0.516043,0.785257,-0.083486
1152,38400,True,0.9994,0.9994,0.498336,0.792046,0.0,0.552844,0.783662,-0.016731,0.596766,0.756345,-0.035666,0.629009,0.741619,-0.055304,0.668039,0.735287,-0.076252,0.589542,0.629278,-0.030065,0.614564,0.63637,-0.064646,0.639133,0.645864,-0.089378,0.664822,0.656599,-0.105823,0.552509,0.613798,-0.040014,0.592969,0.662144,-0.085949,0.601528,0.745079,-0.102514,0.600202,0.797408,-0.106288,0.512821,0.628467,-0.05215,0.545933,0.672816,-0.096836,0.553913,0.743427,-0.099609,0.552046,0.781444,-0.092838,0.474951,0.662559,-0.065221,0.496756,0.710884,-0.099423,0.507076,0.760224,-0.102188,0.506888,0.78534,-0.097403
1153,38433,True,0.999,0.999,0.496649,0.78393,0.0,0.550856,0.777089,-0.017722,0.595762,0.748234,-0.036224,0.627695,0.730501,-0.055343,0.665474,0.721314,-0.075304,0.588553,0.622231,-0.027401,0.61302,0.623358,-0.059892,0.634271,0.630333,-0.083082,0.655646,0.638052,-0.098087,0.553556,0.605155,-0.035086,0.590806,0.647648,-0.079097,0.598219,0.728603,-0.094605,0.596897,0.782424,-0.097299,0.51552,0.6163,-0.045142,0.547071,0.654615,-0.088409,0.555445,0.726412,-0.090573,0.555118,0.770118,-0.082819,0.47853,0.64571,-0.056176,0.501739,0.683522,-0.089547,0.515097,0.735529,-0.091675,0.518972,0.76822,-0.085834
1154,38466,True,0.9992,0.9992,0.498599,0.778304,0.0,0.551779,0.771471,-0.02302,0.595692,0.742379,-0.045301,0.627712,0.724405,-0.067082,0.665435,0.713831,-0.089874,0.587112,0.620495,-0.03914,0.609249,0.620301,-0.077615,0.632393,0.624589,-0.104323,0.654964,0.630174,-0.121467,0.551174,0.602647,-0.04627,0.588799,0.639654,-0.097055,0.596549,0.720267,-0.114751,0.594512,0.773169,-0.118445,0.513053,0.613801,-0.056106,0.543902,0.646091,-0.105883,0.553062,0.71804,-0.109132,0.553478,0.761189,-0.101266,0.476228,0.642892,-0.06711,0.499923,0.672857,-0.105863,0.514295,0.723313,-0.109668,0.520357,0.75505,-0.104581
1155,38500,True,0.9989,0.9989,0.495018,0.780504,0.0,0.548879,0.773336,-0.018463,0.592793,0.746054,-0.038268,0.624726,0.728376,-0.058792,0.662007,0.717388,-0.08081,0.586318,0.625533,-0.033007,0.60997,0.62291,-0.067839,0.631611,0.626317,-0.092266,0.652854,0.63101,-0.108188,0.552196,0.609111,-0.041292,0.586663,0.644693,-0.087905,0.593205,0.722085,-0.104767,0.591006,0.775752,-0.108585,0.514572,0.61951,-0.051891,0.541358,0.647993,-0.097213,0.549607,0.716654,-0.100736,0.550082,0.760766,-0.094063,0.477766,0.647721,-0.063401,0.494837,0.675902,-0.098754,0.506384,0.72329,-0.102656,0.510198,0.754847,-0.098379
1156,38533,True,0.9993,0.9993,0.496931,0.79055,0.0,0.549775,0.7875,-0.016345,0.593521,0.76465,-0.03562,0.622841,0.747057,-0.055803,0.659348,0.737958,-0.078378,0.589805,0.644828,-0.038165,0.609031,0.640061,-0.072851,0.628412,0.64321,-0.095935,0.64948,0.65098,-0.111114,0.554519,0.627707,-0.04854,0.583934,0.665777,-0.097047,0.589425,0.742831,-0.114262,0.589137,0.799985,-0.118061,0.514176,0.637931,-0.060613,0.535079,0.670249,-0.107028,0.541121,0.736552,-0.112909,0.543504,0.78215,-0.108188,0.474707,0.664794,-0.073181,0.477283,0.696016,-0.110215,0.482467,0.740024,-0.117243,0.485887,0.769654,-0.115535
1157,38566,True,0.9993,0.9993,0.488506,0.802489,-0.0,0.541487,0.805959,-0.012257,0.590329,0.78831,-0.026839,0.622904,0.778252,-0.043548,0.658685,0.772833,-0.061439,0.594595,0.67052,-0.021951,0.610556,0.668249,-0.05072,0.628808,0.67425,-0.070756,0.647111,0.685969,-0.083498,0.561493,0.648549,-0.030942,0.583727,0.706936,-0.069402,0.58812,0.782655,-0.08316,0.587171,0.834191,-0.085648,0.522687,0.653797,-0.041988,0.537572,0.710934,-0.078165,0.537974,0.775723,-0.080506,0.535658,0.814733,-0.074646,0.484746,0.677351,-0.054087,0.487494,0.727057,-0.080902,0.487052,0.770387,-0.083611,0.484496,0.794815,-0.079583
1158,38600,True,0.9991,0.9991,0.496735,0.829399,-0.0,0.545721,0.829524,-0.012084,0.588093,0.820498,-0.029157,0.618459,0.813265,-0.048471,0.652192,0.815946,-0.069677,0.59906,0.71508,-0.033132,0.627453,0.728457,-0.065561,0.639153,0.749851,-0.086146,0.6424,0.777252,-0.097627,0.563297,0.698024,-0.044375,0.583928,0.753208,-0.082847,0.583328,0.817498,-0.097406,0.578892,0.865661,-0.101551,0.519888,0.705,-0.057396,0.530207,0.756626,-0.094049,0.529146,0.805985,-0.101826,0.52809,0.837155,-0.100967,0.477867,0.726525,-0.070661,0.467363,0.767656,-0.097238,0.462765,0.796849,-0.102457,0.461094,0.812649,-0.101598
1159,38633,True,0.9984,0.9984,0.474617,0.854941,-0.0,0.531149,0.863743,-0.010795,0.582235,0.863056,-0.027965,0.618465,0.871248,-0.047375,0.655453,0.886132,-0.067937,0.60179,0.753961,-0.029005,0.622307,0.799626,-0.062901,0.634644,0.842597,-0.086947,0.640919,0.884081,-0.099946,0.568365,0.737094,-0.039161,0.58605,0.817981,-0.075654,0.580886,0.886849,-0.089807,0.572579,0.935811,-0.094364,0.527464,0.739319,-0.051432,0.542433,0.812677,-0.085287,0.538382,0.8687,-0.090992,0.53392,0.904153,-0.08792,0.488238,0.756141,-0.064419,0.496199,0.794344,-0.086031,0.493882,0.823124,-0.087798,0.491138,0.840917,-0.084423
1160,38666,True,0.9991,0.9991,0.472977,0.882731,0.0,0.531921,0.897668,-0.011311,0.577593,0.902978,-0.029748,0.611576,0.913934,-0.049902,0.646072,0.930343,-0.071134,0.590631,0.784935,-0.033047,0.617443,0.836204,-0.067365,0.625055,0.886308,-0.09053,0.624513,0.929809,-0.10337,0.55287,0.770899,-0.044033,0.575329,0.851165,-0.080065,0.573254,0.92824,-0.093227,0.566729,0.978727,-0.098119,0.508604,0.780097,-0.056728,0.525542,0.856356,-0.090236,0.525571,0.916257,-0.092904,0.521799,0.949924,-0.089258,0.465711,0.804683,-0.070077,0.47484,0.859785,-0.090866,0.480403,0.897025,-0.090025,0.482268,0.916691,-0.085809
1161,38700,True,0.9985,0.9985,0.464125,0.885662,0.0,0.524511,0.896011,-0.007904,0.573145,0.90303,-0.022685,0.608312,0.919912,-0.04022,0.640183,0.928946,-0.058973,0.574889,0.785389,-0.02527,0.603187,0.830329,-0.053022,0.617325,0.870868,-0.07372,0.625053,0.905338,-0.086994,0.537566,0.775802,-0.036997,0.55979,0.866969,-0.068357,0.563121,0.943542,-0.081317,0.562313,0.990956,-0.087719,0.495478,0.787934,-0.049841,0.514026,0.87107,-0.07792,0.515708,0.923702,-0.07962,0.51331,0.949386,-0.077301,0.455568,0.813288,-0.063605,0.468138,0.875474,-0.080366,0.475326,0.907686,-0.078283,0.477358,0.920574,-0.07438
1162,38733,True,0.9994,0.9994,0.440707,0.8981,0.0,0.511532,0.89592,-0.008695,0.561411,0.887866,-0.027382,0.599089,0.890347,-0.04802,0.636828,0.890532,-0.069841,0.558878,0.769109,-0.039895,0.59261,0.81183,-0.072205,0.611692,0.849499,-0.092496,0.623399,0.881772,-0.105917,0.522086,0.762232,-0.053803,0.552908,0.835674,-0.091388,0.560907,0.908132,-0.105016,0.561273,0.954707,-0.112221,0.480896,0.780348,-0.068276,0.505373,0.841687,-0.104302,0.510811,0.899739,-0.107685,0.511328,0.932195,-0.106258,0.443324,0.812086,-0.08297,0.457368,0.857324,-0.108794,0.465524,0.89211,-0.110742,0.469001,0.911043,-0.109233
1163,38766,True,0.9998,0.9998,0.448437,0.87533,0.0,0.510507,0.863414,-0.005992,0.554663,0.852636,-0.025367,0.590132,0.855397,-0.047027,0.626903,0.85001,-0.071203,0.542195,0.732167,-0.045055,0.569887,0.744944,-0.080212,0.591033,0.765897,-0.10451,0.607934,0.791833,-0.121531,0.506247,0.727043,-0.06237,0.530396,0.788594,-0.106058,0.543699,0.862024,-0.123997,0.549695,0.914653,-0.133976,0.46745,0.752099,-0.07992,0.483024,0.801105,-0.120896,0.491517,0.856712,-0.128487,0.496896,0.890756,-0.130503,0.433487,0.792827,-0.097185,0.433738,0.82946,-0.128515,0.436219,0.85783,-0.135261,0.437393,0.873352,-0.137626
1164,38800,True,0.9994,0.9994,0.438895,0.855536,0.0,0.495075,0.846205,-0.014629,0.539021,0.825462,-0.033789,0.574909,0.818226,-0.054086,0.612763,0.810118,-0.075169,0.528311,0.715221,-0.034206,0.54547,0.701391,-0.06799,0.567497,0.697978,-0.091415,0.585568,0.699964,-0.107328,0.493209,0.699564,-0.044901,0.516477,0.739845,-0.089959,0.529717,0.816286,-0.105658,0.532236,0.867375,-0.109907,0.455246,0.714093,-0.057565,0.473894,0.771102,-0.096894,0.483206,0.826309,-0.097673,0.483789,0.852345,-0.092033,0.420699,0.747432,-0.071585,0.433848,0.802193,-0.098088,0.442767,0.83617,-0.0992,0.442203,0.847305,-0.095899
1165,38833,True,0.9994,0.9994,0.436716,0.835962,-0.0,0.488895,0.819519,-0.016851,0.531835,0.79518,-0.0341,0.565444,0.77992,-0.052232,0.589453,0.763857,-0.069278,0.51475,0.671303,-0.024532,0.533087,0.699013,-0.056767,0.537839,0.749937,-0.077667,0.53629,0.784857,-0.088189,0.479068,0.663471,-0.030813,0.503569,0.712284,-0.06217,0.511997,0.779709,-0.074268,0.510896,0.820593,-0.077876,0.441313,0.678383,-0.040131,0.460319,0.731898,-0.069208,0.471564,0.787014,-0.071434,0.473637,0.815511,-0.067462,0.408333,0.709121,-0.050908,0.422217,0.755188,-0.068598,0.43297,0.790905,-0.067885,0.435555,0.808573,-0.063324
1166,38866,True,0.999,0.999,0.435139,0.81481,0.0,0.483039,0.804344,-0.025236,0.522259,0.779285,-0.049032,0.552487,0.758732,-0.072662,0.584556,0.742991,-0.098262,0.518091,0.660634,-0.044155,0.54285,0.6346,-0.078077,0.561266,0.602405,-0.101214,0.577363,0.572886,-0.117878,0.476978,0.641536,-0.050778,0.499038,0.667996,-0.099283,0.511214,0.743583,-0.114833,0.515132,0.797864,-0.117478,0.435307,0.655056,-0.059518,0.450135,0.6847,-0.104187,0.466021,0.750366,-0.104574,0.473429,0.79395,-0.096459,0.399019,0.689376,-0.07004,0.407473,0.723887,-0.103451,0.42186,0.769525,-0.105625,0.429106,0.798356,-0.100818
1167,38900,True,0.9989,0.9989,0.442578,0.8063,0.0,0.487293,0.800768,-0.027944,0.527749,0.779514,-0.054904,0.557285,0.76263,-0.081551,0.587796,0.757036,-0.11009,0.525517,0.65264,-0.046253,0.551669,0.629587,-0.085541,0.575609,0.603544,-0.113152,0.597262,0.583436,-0.131536,0.48568,0.636,-0.05272,0.510574,0.665987,-0.106327,0.517805,0.744243,-0.124013,0.517589,0.798463,-0.126627,0.444181,0.649633,-0.061966,0.460031,0.679044,-0.110227,0.47301,0.746737,-0.110986,0.479651,0.791259,-0.101437,0.4061,0.681965,-0.073233,0.413856,0.70826,-0.107468,0.426936,0.753272,-0.10829,0.435539,0.781686,-0.101692
1168,38933,True,0.9983,0.9983,0.443373,0.813462,0.0,0.489465,0.806417,-0.021094,0.533541,0.788791,-0.041702,0.567789,0.78403,-0.063352,0.605414,0.785577,-0.086171,0.53341,0.674183,-0.030055,0.563517,0.6663,-0.062821,0.590686,0.660469,-0.085262,0.610842,0.660045,-0.099479,0.495006,0.657119,-0.036253,0.521108,0.689155,-0.078853,0.528034,0.765423,-0.091619,0.52501,0.816288,-0.092487,0.453194,0.666677,-0.045499,0.472344,0.699254,-0.085572,0.480015,0.767182,-0.083904,0.480392,0.807328,-0.073903,0.41525,0.694285,-0.056348,0.425027,0.725653,-0.083371,0.433104,0.769469,-0.081386,0.43417,0.793922,-0.073915
1169,38966,True,0.9994,0.9994,0.442877,0.824286,-0.0,0.499223,0.821592,-0.012221,0.542819,0.815891,-0.033565,0.5752,0.819857,-0.057658,0.612324,0.827265,-0.083356,0.546904,0.697972,-0.038588,0.565105,0.703144,-0.075649,0.584022,0.72513,-0.100535,0.597223,0.753569,-0.115519,0.508644,0.682822,-0.051411,0.531741,0.740475,-0.094909,0.53899,0.818053,-0.110401,0.536341,0.87021,-0.115599,0.465133,0.696943,-0.065845,0.48085,0.747991,-0.102517,0.486178,0.806279,-0.10471,0.48426,0.837476,-0.100878,0.424335,0.728707,-0.081261,0.427574,0.764549,-0.10394,0.430837,0.793291,-0.103706,0.428381,0.804059,-0.100374
1170,39000,True,0.9981,0.9981,0.442771,0.830439,-0.0,0.501148,0.833805,-0.016793,0.543559,0.835017,-0.040197,0.574506,0.844309,-0.065307,0.601955,0.860853,-0.092047,0.557741,0.717588,-0.040473,0.583932,0.762778,-0.081141,0.597808,0.809259,-0.109184,0.600616,0.853102,-0.124542,0.517008,0.70695,-0.050789,0.534277,0.776666,-0.093863,0.536574,0.853855,-0.11089,0.532521,0.908922,-0.11699,0.470909,0.717991,-0.063436,0.48262,0.781258,-0.100547,0.48603,0.836675,-0.106329,0.485765,0.869897,-0.103915,0.429034,0.743583,-0.07725,0.430369,0.781942,-0.099415,0.433972,0.814473,-0.099764,0.436202,0.832811,-0.096137
1171,39033,True,0.8315,0.8315,0.448107,0.814495,-0.0,0.475563,0.816681,-0.007938,0.486442,0.820649,-0.027236,0.480884,0.838016,-0.048797,0.475514,0.853734,-0.072591,0.506582,0.727144,-0.033671,0.50042,0.796784,-0.062742,0.495036,0.855641,-0.084795,0.491699,0.894961,-0.0985,0.4943,0.723612,-0.045147,0.505015,0.799494,-0.072288,0.506861,0.868936,-0.084875,0.506816,0.91931,-0.092574,0.477079,0.73518,-0.056845,0.484482,0.800188,-0.079912,0.486902,0.859289,-0.081126,0.487914,0.896143,-0.079497,0.45762,0.757156,-0.069075,0.462554,0.802146,-0.079289,0.467801,0.837215,-0.07285,0.472922,0.859267,-0.067422
1172,39066,True,0.9791,0.9791,0.517116,0.717761,0.0,0.469369,0.735064,-0.021843,0.433974,0.771916,-0.053569,0.417038,0.809976,-0.084085,0.418862,0.846959,-0.11778,0.432474,0.739571,-0.082039,0.417789,0.802723,-0.116401,0.421126,0.846978,-0.137721,0.427624,0.887081,-0.151413,0.462956,0.736197,-0.087391,0.460456,0.811188,-0.119148,0.46476,0.872682,-0.129204,0.473146,0.919999,-0.138199,0.498155,0.742252,-0.091257,0.507914,0.818837,-0.117583,0.514719,0.874962,-0.121114,0.520017,0.91695,-0.123661,0.532896,0.75609,-0.096328,0.545753,0.812585,-0.111459,0.553371,0.856395,-0.110683,0.558648,0.89067,-0.11146
1173,39100,True,0.9837,0.9837,0.409091,0.749338,-0.0,0.457649,0.769319,-0.032947,0.499239,0.801332,-0.074303,0.513309,0.833234,-0.108778,0.520057,0.863219,-0.145835,0.51776,0.713375,-0.127071,0.551247,0.757128,-0.173709,0.557839,0.807423,-0.197929,0.562067,0.847323,-0.211892,0.480159,0.705539,-0.130671,0.51245,0.798075,-0.171512,0.504438,0.868402,-0.179153,0.498673,0.908391,-0.187689,0.439613,0.71745,-0.131469,0.46029,0.820398,-0.163731,0.452774,0.850478,-0.155931,0.44452,0.852015,-0.151434,0.398804,0.741717,-0.133825,0.422715,0.832886,-0.156983,0.422599,0.849581,-0.149384,0.417688,0.839014,-0.144002
1174,39133,True,0.9833,0.9833,0.414285,0.821767,0.0,0.467394,0.821794,-0.014252,0.509887,0.81419,-0.035655,0.539264,0.814585,-0.055785,0.573737,0.808538,-0.076157,0.511964,0.737083,-0.058099,0.520509,0.708044,-0.092162,0.524912,0.723977,-0.112327,0.526522,0.748159,-0.124453,0.477749,0.732751,-0.067057,0.48959,0.739867,-0.103303,0.49765,0.800935,-0.113529,0.500671,0.85686,-0.118243,0.434187,0.744836,-0.075329,0.443584,0.749907,-0.107762,0.448805,0.780101,-0.103271,0.450187,0.803426,-0.097044,0.39126,0.766748,-0.083907,0.394973,0.770845,-0.109516,0.410505,0.781504,-0.10789,0.422206,0.784132,-0.103211
1175,39166,True,0.9997,0.9997,0.435033,0.829339,0.0,0.478512,0.829062,-0.021523,0.519368,0.815794,-0.04239,0.550987,0.808862,-0.062044,0.584584,0.80713,-0.083164,0.51152,0.700238,-0.045724,0.529819,0.693958,-0.077389,0.554722,0.689859,-0.100085,0.579412,0.694494,-0.115634,0.47394,0.680178,-0.051626,0.494027,0.731065,-0.090351,0.500367,0.795108,-0.103959,0.5025,0.841459,-0.109704,0.433739,0.688421,-0.059095,0.449422,0.745798,-0.095077,0.456859,0.796719,-0.096176,0.460071,0.829559,-0.092591,0.396277,0.712454,-0.068149,0.408626,0.757023,-0.092886,0.417253,0.794129,-0.093138,0.421755,0.818018,-0.09022
1176,39200,True,0.9979,0.9979,0.43041,0.828066,0.0,0.486086,0.826583,-0.017843,0.534276,0.811612,-0.037271,0.568377,0.809552,-0.059385,0.604656,0.813523,-0.084283,0.530032,0.697788,-0.033828,0.566025,0.695116,-0.068281,0.598182,0.690203,-0.091304,0.629335,0.688445,-0.10484,0.49614,0.677084,-0.041889,0.537652,0.685073,-0.076513,0.56783,0.719144,-0.09043,0.589902,0.747569,-0.095192,0.456473,0.681222,-0.052073,0.485084,0.716148,-0.090728,0.489503,0.782984,-0.092534,0.490275,0.824993,-0.084493,0.418934,0.703448,-0.063387,0.43366,0.728707,-0.08887,0.438772,0.77118,-0.086336,0.438031,0.801006,-0.078515
1177,39233,True,0.9992,0.9992,0.442181,0.831874,0.0,0.497926,0.830884,-0.016983,0.544406,0.816608,-0.039819,0.578527,0.813375,-0.064439,0.618434,0.817264,-0.092125,0.544594,0.700707,-0.042894,0.58479,0.697697,-0.082266,0.619865,0.69513,-0.108906,0.652565,0.694419,-0.126719,0.506627,0.680099,-0.05536,0.537031,0.710706,-0.108695,0.540614,0.788781,-0.127319,0.536885,0.842787,-0.131268,0.464805,0.688508,-0.069363,0.483222,0.724757,-0.118375,0.48976,0.793677,-0.121487,0.489261,0.834237,-0.113955,0.424507,0.716719,-0.08408,0.43195,0.748831,-0.118193,0.437767,0.794909,-0.11987,0.437851,0.821037,-0.114744
1178,39266,True,0.9995,0.9995,0.444035,0.829282,0.0,0.495666,0.832015,-0.018952,0.541845,0.817651,-0.041278,0.57654,0.808996,-0.065045,0.614773,0.803495,-0.090986,0.545463,0.69407,-0.040348,0.586428,0.687788,-0.077925,0.61762,0.681761,-0.102922,0.646691,0.676494,-0.119772,0.507447,0.67162,-0.051982,0.538001,0.694791,-0.104856,0.544208,0.775421,-0.123141,0.543476,0.830921,-0.126347,0.465826,0.680548,-0.065312,0.486977,0.709993,-0.115118,0.494351,0.784715,-0.116668,0.495602,0.829616,-0.10723,0.426036,0.70947,-0.079537,0.437412,0.742291,-0.114714,0.447247,0.789732,-0.115873,0.450773,0.817136,-0.109593
1179,39300,True,0.9993,0.9993,0.442935,0.822297,0.0,0.491146,0.823872,-0.023002,0.537938,0.805454,-0.043405,0.571169,0.789775,-0.063594,0.602648,0.779333,-0.085372,0.53639,0.68282,-0.035149,0.565227,0.669793,-0.068559,0.594007,0.658709,-0.092272,0.619914,0.65286,-0.107311,0.496817,0.66027,-0.041297,0.524932,0.674894,-0.084498,0.528137,0.746327,-0.099497,0.524037,0.797278,-0.101631,0.455442,0.665589,-0.049907,0.474788,0.695674,-0.090291,0.481539,0.759097,-0.091088,0.480974,0.799383,-0.083026,0.416719,0.690042,-0.060107,0.429124,0.723621,-0.086921,0.438242,0.771154,-0.085892,0.441089,0.801069,-0.079341
1180,39333,True,0.9986,0.9986,0.435309,0.819365,0.0,0.482697,0.819138,-0.027567,0.529429,0.797658,-0.048628,0.562709,0.774925,-0.068149,0.582506,0.749708,-0.088313,0.520256,0.668539,-0.036798,0.542014,0.647056,-0.06812,0.565435,0.630378,-0.09019,0.587901,0.618153,-0.103999,0.479998,0.648477,-0.039209,0.507121,0.658689,-0.079999,0.510172,0.729997,-0.093219,0.507041,0.78059,-0.093998,0.440301,0.654487,-0.044384,0.459058,0.68394,-0.081533,0.467262,0.743708,-0.080909,0.46846,0.782437,-0.072111,0.404723,0.678394,-0.051847,0.421759,0.705401,-0.076134,0.434373,0.752094,-0.074115,0.439278,0.783412,-0.066889
1181,39366,True,0.9985,0.9985,0.424106,0.82459,0.0,0.472438,0.818502,-0.027385,0.515542,0.792795,-0.050279,0.546415,0.774351,-0.072047,0.574359,0.761047,-0.095112,0.51175,0.667083,-0.041819,0.533668,0.648759,-0.075266,0.550199,0.629372,-0.097411,0.567046,0.610976,-0.112014,0.467492,0.646738,-0.045478,0.486928,0.66394,-0.090237,0.49433,0.742849,-0.103509,0.49552,0.798419,-0.104072,0.423916,0.657369,-0.051773,0.438001,0.694154,-0.093139,0.451303,0.760193,-0.092795,0.455683,0.803439,-0.083646,0.386255,0.688353,-0.060126,0.398673,0.723844,-0.088031,0.412284,0.771829,-0.087617,0.417533,0.802598,-0.081209
1182,39400,True,0.9982,0.9982,0.418783,0.832015,0.0,0.467657,0.824225,-0.027222,0.511714,0.810556,-0.054163,0.546187,0.805728,-0.080918,0.566025,0.797159,-0.108436,0.508685,0.677396,-0.046404,0.532748,0.65982,-0.089373,0.554418,0.661099,-0.118489,0.57023,0.672805,-0.135121,0.465961,0.659447,-0.051328,0.490553,0.699251,-0.100552,0.496485,0.781183,-0.114915,0.494542,0.83671,-0.116141,0.423253,0.672816,-0.059923,0.441633,0.731622,-0.101786,0.448654,0.795993,-0.099839,0.44756,0.832652,-0.090035,0.38676,0.705557,-0.071135,0.399006,0.752742,-0.096703,0.406491,0.796886,-0.093553,0.406827,0.818499,-0.085562
1183,39433,True,0.9963,0.9963,0.415204,0.841976,-0.0,0.466028,0.84173,-0.022595,0.509699,0.839772,-0.048867,0.540584,0.841897,-0.076481,0.568548,0.839157,-0.103846,0.521687,0.706704,-0.046418,0.557081,0.720615,-0.094733,0.566095,0.779691,-0.125531,0.561956,0.829711,-0.139496,0.477748,0.691437,-0.053554,0.50291,0.744384,-0.097688,0.502891,0.822808,-0.112114,0.494974,0.87218,-0.115395,0.431691,0.702472,-0.064323,0.446436,0.762365,-0.103132,0.452561,0.830245,-0.10419,0.45285,0.871396,-0.096845,0.391842,0.730541,-0.076806,0.395414,0.772787,-0.099533,0.402416,0.818709,-0.09644,0.406048,0.846597,-0.088521
1184,39466,True,0.9969,0.9969,0.400107,0.862708,-0.0,0.45573,0.864271,-0.014327,0.497765,0.865906,-0.035849,0.527846,0.876561,-0.060136,0.547521,0.880439,-0.085582,0.510892,0.733938,-0.035946,0.531011,0.783281,-0.077083,0.529513,0.830432,-0.105532,0.52292,0.870423,-0.120723,0.469896,0.7199,-0.047522,0.47966,0.782834,-0.087507,0.477879,0.850811,-0.103828,0.472895,0.902108,-0.110316,0.423682,0.729379,-0.061461,0.426065,0.784106,-0.096514,0.431081,0.845529,-0.10094,0.434295,0.888215,-0.097974,0.381923,0.756658,-0.076586,0.375369,0.792161,-0.09842,0.38088,0.82771,-0.098663,0.387142,0.852078,-0.094791
1185,39500,True,0.9982,0.9982,0.408109,0.843608,-0.0,0.454168,0.846938,-0.014787,0.490534,0.851784,-0.033298,0.518637,0.865501,-0.053834,0.545549,0.8719,-0.075648,0.497493,0.724365,-0.032349,0.506395,0.789507,-0.066123,0.508441,0.839237,-0.090485,0.50884,0.875531,-0.104198,0.453878,0.716842,-0.041635,0.459392,0.787413,-0.075877,0.461793,0.858069,-0.090673,0.460247,0.907516,-0.097042,0.407783,0.728877,-0.052677,0.410914,0.78653,-0.08402,0.41807,0.844849,-0.088443,0.420877,0.881868,-0.086185,0.367329,0.75513,-0.064785,0.367396,0.795881,-0.084211,0.376008,0.832391,-0.083477,0.381877,0.855892,-0.079342
1186,39533,True,0.9951,0.9951,0.392652,0.831538,-0.0,0.437964,0.821586,-0.013436,0.476008,0.811031,-0.030208,0.508336,0.81841,-0.049087,0.54022,0.829632,-0.068442,0.470637,0.696453,-0.026725,0.483492,0.730679,-0.056902,0.489543,0.7728,-0.078554,0.490992,0.808961,-0.090423,0.429249,0.691427,-0.034085,0.439115,0.760676,-0.062919,0.448962,0.827035,-0.073956,0.452977,0.871749,-0.078689,0.387662,0.706086,-0.043692,0.398559,0.779339,-0.068275,0.406472,0.825054,-0.069821,0.407649,0.849138,-0.067466,0.351553,0.734187,-0.055042,0.36296,0.793283,-0.068629,0.374141,0.829749,-0.066315,0.378512,0.848102,-0.062277
1187,39566,True,0.9979,0.9979,0.390704,0.81486,0.0,0.43173,0.79938,-0.022145,0.466196,0.781266,-0.04424,0.495966,0.778949,-0.067006,0.52159,0.772833,-0.088887,0.454091,0.662423,-0.039453,0.461365,0.654346,-0.078481,0.474049,0.689877,-0.103351,0.480892,0.728709,-0.115343,0.410229,0.655267,-0.044264,0.419813,0.691852,-0.087975,0.44018,0.770687,-0.100904,0.449195,0.828861,-0.101039,0.368083,0.673497,-0.052094,0.379646,0.731822,-0.088944,0.398721,0.793922,-0.086388,0.407456,0.833652,-0.075924,0.332388,0.70788,-0.062245,0.344636,0.761934,-0.086199,0.366677,0.804532,-0.084347,0.380447,0.829099,-0.076348
1188,39600,True,0.9932,0.9932,0.383635,0.810441,0.0,0.4242,0.793127,-0.028233,0.460687,0.763939,-0.052161,0.490311,0.742855,-0.074978,0.522288,0.729526,-0.09893,0.451458,0.654221,-0.044696,0.463065,0.636375,-0.081785,0.474215,0.627301,-0.105556,0.482939,0.620733,-0.119729,0.406781,0.64226,-0.047544,0.414858,0.640822,-0.096346,0.43151,0.718627,-0.109986,0.439501,0.775676,-0.109224,0.365041,0.655717,-0.053093,0.365747,0.663273,-0.099323,0.384823,0.734885,-0.096769,0.395781,0.783003,-0.083738,0.328591,0.686704,-0.060251,0.326732,0.694989,-0.093528,0.346098,0.742355,-0.091494,0.359345,0.775007,-0.081818
1189,39633,True,0.9947,0.9947,0.394945,0.793186,0.0,0.434722,0.781101,-0.030389,0.469261,0.749092,-0.051689,0.493982,0.724499,-0.071707,0.515788,0.709467,-0.092273,0.463474,0.633054,-0.035441,0.47284,0.599652,-0.067022,0.479568,0.570767,-0.087873,0.484598,0.543639,-0.101008,0.41672,0.622883,-0.036199,0.419224,0.611345,-0.082901,0.43171,0.689089,-0.095001,0.438903,0.745432,-0.091806,0.372136,0.634968,-0.04022,0.37249,0.642278,-0.084085,0.390517,0.712495,-0.079544,0.400593,0.758529,-0.064243,0.332402,0.663859,-0.046456,0.334254,0.67496,-0.0764,0.354454,0.723503,-0.072642,0.36756,0.754006,-0.061412
1190,39666,True,0.9953,0.9953,0.402579,0.783791,0.0,0.441818,0.778936,-0.028569,0.479818,0.742955,-0.048324,0.504464,0.716003,-0.066908,0.529792,0.70077,-0.085776,0.470359,0.628877,-0.030742,0.482284,0.586043,-0.059175,0.490719,0.55682,-0.077077,0.498529,0.529771,-0.089123,0.42499,0.620631,-0.032528,0.432307,0.594279,-0.074921,0.443192,0.671197,-0.085591,0.448682,0.719743,-0.083357,0.381301,0.633695,-0.037521,0.383609,0.620695,-0.079396,0.398948,0.691055,-0.074166,0.405968,0.730883,-0.060291,0.341528,0.662569,-0.044332,0.344184,0.661852,-0.07262,0.363336,0.711053,-0.067527,0.37339,0.737252,-0.057179
1191,39700,True,0.9981,0.9981,0.402082,0.793915,-0.0,0.446853,0.777345,-0.031397,0.487044,0.74874,-0.055952,0.516167,0.725843,-0.078786,0.533581,0.704155,-0.099292,0.473877,0.622746,-0.047305,0.481962,0.648838,-0.09815,0.500634,0.709586,-0.12809,0.518583,0.748359,-0.142077,0.426108,0.617633,-0.050301,0.439535,0.640878,-0.103379,0.456068,0.723924,-0.117168,0.464689,0.774352,-0.116228,0.382262,0.635139,-0.058239,0.395467,0.672687,-0.104898,0.413932,0.744478,-0.102261,0.422549,0.781843,-0.089448,0.347037,0.669106,-0.068995,0.360801,0.714455,-0.097631,0.379237,0.759209,-0.096332,0.389505,0.776964,-0.08817
1192,39733,True,0.9976,0.9976,0.397856,0.804769,-0.0,0.447153,0.792126,-0.02446,0.489524,0.782987,-0.050047,0.521735,0.788209,-0.076875,0.541126,0.7992,-0.10243,0.490014,0.659186,-0.043716,0.495675,0.679866,-0.09058,0.493615,0.750359,-0.120744,0.488638,0.808473,-0.13373,0.441469,0.651048,-0.047563,0.442885,0.716235,-0.088106,0.446471,0.786517,-0.100017,0.44714,0.830744,-0.102231,0.394999,0.665535,-0.055429,0.395299,0.728544,-0.085005,0.402651,0.782544,-0.082501,0.406234,0.815851,-0.075312,0.356565,0.692502,-0.066419,0.35445,0.745937,-0.081269,0.366287,0.786343,-0.076553,0.377219,0.807603,-0.068675
1193,39766,True,0.9967,0.9967,0.395483,0.827294,-0.0,0.442222,0.831929,-0.022169,0.481843,0.838996,-0.048174,0.514717,0.854254,-0.075549,0.551129,0.865396,-0.103491,0.49528,0.70006,-0.046484,0.501299,0.759436,-0.089227,0.497964,0.813873,-0.118829,0.491773,0.858196,-0.133694,0.449563,0.689422,-0.052648,0.450027,0.780341,-0.093031,0.450317,0.853149,-0.108306,0.447896,0.9051,-0.113923,0.402453,0.701536,-0.061121,0.401278,0.773726,-0.094308,0.406101,0.832732,-0.096609,0.407526,0.873394,-0.091994,0.361121,0.728508,-0.071733,0.359502,0.776583,-0.090455,0.367504,0.817161,-0.087606,0.373185,0.844525,-0.080914
1194,39800,True,0.9984,0.9984,0.393678,0.850942,-0.0,0.447511,0.858516,-0.025754,0.49048,0.866893,-0.053681,0.521776,0.879559,-0.08273,0.533989,0.877104,-0.112205,0.49647,0.718382,-0.04797,0.503863,0.777042,-0.095755,0.501951,0.826581,-0.128272,0.495032,0.861854,-0.145433,0.447942,0.707948,-0.056289,0.452046,0.786335,-0.104638,0.456536,0.867078,-0.123476,0.455233,0.918699,-0.130265,0.398015,0.722754,-0.067804,0.399485,0.78445,-0.110603,0.408803,0.853637,-0.114405,0.413809,0.894588,-0.109039,0.354761,0.754255,-0.081432,0.35602,0.795786,-0.108024,0.368032,0.840402,-0.107328,0.377225,0.868762,-0.101333
1195,39833,True,0.9966,0.9966,0.398937,0.851271,-0.0,0.450194,0.85471,-0.023312,0.491323,0.858143,-0.050002,0.523002,0.874333,-0.077966,0.547794,0.879298,-0.106546,0.49206,0.713636,-0.046752,0.50434,0.777612,-0.092951,0.506454,0.830147,-0.124911,0.49979,0.863056,-0.142179,0.444572,0.7084,-0.056373,0.453526,0.784467,-0.102388,0.460846,0.868309,-0.120996,0.458987,0.919014,-0.128368,0.395681,0.727085,-0.068642,0.399383,0.78253,-0.109783,0.410924,0.85339,-0.113467,0.415167,0.891573,-0.108936,0.352973,0.761311,-0.082633,0.352324,0.79844,-0.108018,0.363545,0.841702,-0.10645,0.370892,0.865954,-0.100662
1196,39866,True,0.9943,0.9943,0.39653,0.85668,-0.0,0.447946,0.854167,-0.022054,0.491429,0.849682,-0.046005,0.525272,0.858979,-0.071469,0.548009,0.86032,-0.097732,0.488246,0.708102,-0.036754,0.501927,0.75589,-0.078731,0.507148,0.79674,-0.109097,0.504246,0.828894,-0.125502,0.442297,0.701077,-0.044368,0.453961,0.772451,-0.087571,0.461553,0.85461,-0.1056,0.460759,0.908036,-0.111729,0.395503,0.71802,-0.054809,0.400603,0.776275,-0.092945,0.410968,0.844508,-0.096007,0.414259,0.882604,-0.090584,0.354613,0.750316,-0.067149,0.35575,0.791867,-0.090343,0.365963,0.836041,-0.088249,0.371352,0.860295,-0.081558
1197,39900,True,0.9973,0.9973,0.398968,0.856551,-0.0,0.447362,0.846931,-0.023456,0.489574,0.834194,-0.048593,0.524083,0.835101,-0.075493,0.548719,0.836151,-0.102753,0.486239,0.699503,-0.037408,0.498026,0.731102,-0.08067,0.503321,0.772956,-0.110672,0.501592,0.807426,-0.126287,0.442292,0.693792,-0.044601,0.453853,0.759222,-0.090026,0.461297,0.839449,-0.107904,0.46087,0.889136,-0.113252,0.396713,0.713051,-0.055205,0.402885,0.759666,-0.096166,0.412851,0.82877,-0.098786,0.416419,0.868263,-0.092229,0.357017,0.747528,-0.067679,0.354371,0.767528,-0.093865,0.358982,0.798661,-0.093444,0.359997,0.813631,-0.087304
1198,39933,True,0.998,0.998,0.404951,0.844422,-0.0,0.45822,0.840587,-0.025081,0.504131,0.834569,-0.049315,0.53449,0.827943,-0.074392,0.533198,0.802026,-0.099279,0.495753,0.690157,-0.033081,0.503961,0.721466,-0.075613,0.506866,0.755328,-0.105401,0.501692,0.784753,-0.120644,0.448262,0.679967,-0.038482,0.45619,0.737848,-0.081536,0.464067,0.81858,-0.098807,0.463548,0.868471,-0.103549,0.399774,0.69571,-0.047594,0.404126,0.744745,-0.086458,0.414168,0.814737,-0.087482,0.415803,0.852664,-0.080193,0.358346,0.729945,-0.05902,0.358959,0.775471,-0.085646,0.370092,0.819888,-0.085398,0.374647,0.84052,-0.078892
1199,39966,True,0.997,0.997,0.39848,0.839883,-0.0,0.450413,0.828259,-0.029089,0.491336,0.812076,-0.057644,0.525416,0.808701,-0.086137,0.550874,0.799725,-0.112873,0.486727,0.676169,-0.044171,0.496779,0.713468,-0.091195,0.497731,0.770087,-0.120013,0.489099,0.804594,-0.134627,0.4412,0.667657,-0.049879,0.457184,0.720758,-0.0989,0.466408,0.806026,-0.115602,0.464205,0.851778,-0.119777,0.395155,0.685939,-0.059429,0.404481,0.73003,-0.104592,0.41632,0.805203,-0.104765,0.416812,0.838865,-0.096259,0.355365,0.722052,-0.071275,0.36246,0.76608,-0.101755,0.375989,0.813731,-0.101452,0.379582,0.831329,-0.09494
1200,40000,True,0.9972,0.9972,0.394227,0.831067,-0.0,0.446865,0.819474,-0.031294,0.485245,0.802415,-0.062276,0.517895,0.798856,-0.09247,0.553914,0.789883,-0.121596,0.481849,0.669372,-0.051897,0.497524,0.69983,-0.100688,0.506291,0.740512,-0.129885,0.503327,0.773288,-0.144596,0.439842,0.660866,-0.056899,0.460774,0.714991,-0.109405,0.470469,0.797897,-0.125906,0.467739,0.846823,-0.128868,0.395981,0.679416,-0.065802,0.408395,0.729661,-0.114371,0.419948,0.799964,-0.115582,0.420198,0.832133,-0.10694,0.356468,0.714248,-0.076921,0.366173,0.760017,-0.110479,0.380651,0.806632,-0.111001,0.384926,0.824238,-0.104468
1201,40033,True,0.9985,0.9985,0.400788,0.823693,0.0,0.449874,0.813001,-0.032344,0.485873,0.797062,-0.064523,0.518179,0.795735,-0.095686,0.556924,0.789723,-0.12609,0.480662,0.66864,-0.054968,0.495212,0.698911,-0.105861,0.50764,0.72849,-0.137654,0.509222,0.752906,-0.154648,0.439092,0.659934,-0.05989,0.461521,0.711635,-0.114571,0.470922,0.793104,-0.130509,0.467446,0.840816,-0.132686,0.396234,0.678621,-0.06893,0.411343,0.730539,-0.117997,0.423637,0.798623,-0.116713,0.423156,0.828246,-0.106325,0.358737,0.713901,-0.080504,0.370914,0.762661,-0.112476,0.383585,0.803953,-0.111022,0.384214,0.816208,-0.103533
1202,40066,True,0.9984,0.9984,0.403463,0.826656,-0.0,0.449325,0.815756,-0.028172,0.487204,0.798612,-0.056276,0.5211,0.79756,-0.084074,0.556277,0.793682,-0.111491,0.47846,0.66928,-0.044874,0.494931,0.692514,-0.090257,0.509958,0.721405,-0.120037,0.514972,0.751764,-0.136002,0.436342,0.660651,-0.050154,0.461401,0.709477,-0.100066,0.472842,0.792219,-0.116136,0.471474,0.845478,-0.118575,0.393764,0.679378,-0.05919,0.411885,0.729024,-0.104263,0.424312,0.796993,-0.104974,0.424141,0.830187,-0.096182,0.357235,0.715215,-0.070369,0.371486,0.762031,-0.099572,0.384012,0.804822,-0.098456,0.384619,0.820583,-0.091362
1203,40100,True,0.9975,0.9975,0.406091,0.835567,-0.0,0.452444,0.823501,-0.025291,0.490934,0.809023,-0.051795,0.524613,0.81175,-0.079034,0.5562,0.803576,-0.1057,0.47879,0.67586,-0.041592,0.499667,0.69413,-0.086907,0.51165,0.733283,-0.116622,0.513442,0.771661,-0.131833,0.436597,0.670321,-0.047886,0.461664,0.718972,-0.095327,0.473234,0.8019,-0.111705,0.472567,0.854166,-0.115251,0.394413,0.69202,-0.057834,0.414137,0.73977,-0.099747,0.425037,0.807684,-0.099993,0.423769,0.839464,-0.091788,0.35816,0.729497,-0.069829,0.373019,0.771733,-0.095967,0.384476,0.813248,-0.093366,0.384091,0.827632,-0.085787
1204,40133,True,0.9976,0.9976,0.401925,0.8428,-0.0,0.453756,0.836431,-0.02304,0.495343,0.826777,-0.048888,0.528899,0.830172,-0.076398,0.562002,0.824938,-0.103997,0.483061,0.687971,-0.038408,0.503642,0.704667,-0.08303,0.51956,0.738787,-0.114072,0.527247,0.776284,-0.130442,0.441146,0.68373,-0.045908,0.465642,0.737234,-0.092402,0.480437,0.818095,-0.110369,0.483453,0.872823,-0.115397,0.399173,0.707229,-0.056869,0.417327,0.759539,-0.095759,0.430467,0.821753,-0.097451,0.432306,0.854107,-0.091051,0.36362,0.745709,-0.070077,0.377582,0.791131,-0.092154,0.389805,0.826266,-0.089869,0.391432,0.838754,-0.083526
1205,40166,True,0.9989,0.9989,0.412479,0.851536,-0.0,0.46258,0.845426,-0.017388,0.504049,0.836815,-0.040713,0.539423,0.844094,-0.066696,0.576076,0.847076,-0.093626,0.49,0.700377,-0.03678,0.515618,0.730433,-0.079376,0.531304,0.768227,-0.108603,0.541378,0.802771,-0.124245,0.447961,0.699902,-0.046829,0.47777,0.761211,-0.090217,0.489725,0.839779,-0.106522,0.491856,0.89008,-0.111664,0.404989,0.724672,-0.059535,0.427819,0.781175,-0.097547,0.438628,0.84414,-0.099354,0.439295,0.874976,-0.093369,0.367644,0.763008,-0.073666,0.382103,0.803964,-0.095193,0.392577,0.836248,-0.092713,0.393328,0.84682,-0.086508
1206,40200,True,0.9978,0.9978,0.408453,0.866616,-0.0,0.465612,0.858647,-0.013138,0.510775,0.848559,-0.033902,0.547384,0.853878,-0.05834,0.586535,0.853997,-0.084035,0.498768,0.716123,-0.028383,0.526863,0.737485,-0.066407,0.546175,0.770137,-0.092705,0.559755,0.801065,-0.107005,0.460108,0.711852,-0.038992,0.491641,0.769389,-0.077517,0.503464,0.846564,-0.092181,0.504788,0.896877,-0.096791,0.419042,0.732326,-0.052062,0.44225,0.785096,-0.085753,0.450946,0.848163,-0.086705,0.451134,0.881983,-0.080678,0.382836,0.767634,-0.066402,0.395011,0.802956,-0.085172,0.402291,0.836226,-0.082239,0.401455,0.851135,-0.075963
1207,40233,True,0.9958,0.9958,0.402862,0.873351,0.0,0.468479,0.864725,-0.00734,0.521297,0.849747,-0.023644,0.560221,0.855833,-0.044336,0.599419,0.87121,-0.066676,0.513979,0.730281,-0.014187,0.543687,0.747725,-0.042481,0.569843,0.772933,-0.06465,0.59383,0.798133,-0.078416,0.4801,0.716819,-0.025763,0.525282,0.765293,-0.058947,0.536543,0.836994,-0.073337,0.537591,0.890032,-0.07752,0.444336,0.72277,-0.038901,0.487079,0.774993,-0.070281,0.496978,0.841483,-0.071156,0.497718,0.887366,-0.064119,0.409572,0.743855,-0.052911,0.444854,0.778609,-0.072007,0.457415,0.827426,-0.067584,0.461239,0.863854,-0.059088
1208,40266,True,0.9969,0.9969,0.420455,0.857876,0.0,0.483404,0.857046,-0.006728,0.537489,0.843243,-0.018785,0.573882,0.843256,-0.03499,0.610787,0.849996,-0.05302,0.536412,0.730372,-0.012453,0.563431,0.731977,-0.039291,0.584997,0.748836,-0.058391,0.603491,0.771925,-0.068826,0.505898,0.711271,-0.024057,0.548401,0.716955,-0.050892,0.573936,0.746182,-0.065361,0.591933,0.778666,-0.070934,0.46957,0.709214,-0.037393,0.510799,0.748941,-0.071714,0.517423,0.813099,-0.077711,0.519477,0.860922,-0.072616,0.433599,0.72549,-0.050716,0.464281,0.755095,-0.07495,0.474082,0.802067,-0.074195,0.477872,0.841536,-0.06701
1209,40300,True,0.9975,0.9975,0.437074,0.833308,0.0,0.494846,0.82602,-0.003927,0.549105,0.809211,-0.016241,0.586954,0.808611,-0.032409,0.622908,0.815194,-0.050266,0.54425,0.702766,-0.015463,0.57576,0.705227,-0.04099,0.593896,0.729063,-0.05778,0.604212,0.752236,-0.067809,0.515513,0.684635,-0.027835,0.560618,0.711658,-0.061691,0.565645,0.779647,-0.075045,0.558191,0.830621,-0.077994,0.482567,0.68374,-0.041343,0.529293,0.712494,-0.076801,0.53706,0.78174,-0.081315,0.535361,0.831518,-0.076646,0.448473,0.699912,-0.054311,0.483893,0.731523,-0.082868,0.494595,0.78473,-0.086073,0.497024,0.826012,-0.082198
1210,40333,True,0.9991,0.9991,0.45397,0.803699,1e-06,0.506921,0.798633,-0.013649,0.557495,0.780927,-0.027323,0.59248,0.765884,-0.043113,0.624115,0.75166,-0.059891,0.552086,0.66769,-0.016437,0.579649,0.659428,-0.044451,0.606593,0.64671,-0.064799,0.630422,0.639198,-0.076288,0.524694,0.644903,-0.025334,0.566007,0.635472,-0.056528,0.598507,0.640799,-0.073436,0.623347,0.652978,-0.079946,0.491368,0.639619,-0.036732,0.536538,0.670178,-0.07895,0.546018,0.739179,-0.086792,0.547104,0.795866,-0.080525,0.455642,0.654491,-0.048259,0.491566,0.685399,-0.081248,0.503486,0.738466,-0.083988,0.505251,0.784657,-0.077316
1211,40366,True,0.9994,0.9994,0.473671,0.768615,0.0,0.531008,0.749426,-0.014634,0.582051,0.706029,-0.024726,0.608513,0.671253,-0.035932,0.620704,0.642975,-0.048953,0.560506,0.602778,-0.017723,0.574957,0.587157,-0.041508,0.594036,0.575023,-0.059831,0.613638,0.569309,-0.071418,0.520825,0.587528,-0.022766,0.543438,0.613625,-0.05498,0.557331,0.678041,-0.067994,0.562559,0.73161,-0.070859,0.479939,0.59439,-0.029786,0.500094,0.625909,-0.060333,0.512715,0.683567,-0.060191,0.517906,0.728848,-0.053539,0.440723,0.618512,-0.038213,0.458978,0.646775,-0.060626,0.473791,0.690966,-0.059805,0.481444,0.725577,-0.05385
1212,40400,True,0.9998,0.9998,0.502854,0.749669,0.0,0.56194,0.716434,-0.024049,0.612396,0.654627,-0.038571,0.610138,0.606649,-0.051564,0.583937,0.590252,-0.065646,0.559746,0.544697,-0.019971,0.567228,0.536986,-0.047119,0.581659,0.5226,-0.069725,0.596803,0.510415,-0.084897,0.509804,0.539304,-0.022577,0.535046,0.557825,-0.056659,0.550573,0.630611,-0.068845,0.556637,0.677807,-0.070658,0.465255,0.558831,-0.028519,0.489708,0.581208,-0.062255,0.507477,0.644403,-0.057939,0.514026,0.68046,-0.047823,0.426146,0.595514,-0.036632,0.450094,0.611518,-0.059044,0.469071,0.657957,-0.052593,0.475998,0.682885,-0.043026
1213,40433,True,0.9978,0.9978,0.475694,0.729084,0.0,0.541759,0.704597,-0.040284,0.591712,0.649915,-0.065134,0.598387,0.596919,-0.086492,0.602386,0.553537,-0.106426,0.547841,0.517904,-0.030927,0.550439,0.495233,-0.064299,0.563676,0.484115,-0.087476,0.578944,0.487529,-0.100043,0.500357,0.51289,-0.024711,0.527006,0.524465,-0.065176,0.542973,0.59934,-0.076649,0.548504,0.647092,-0.074554,0.457986,0.530159,-0.023939,0.481639,0.549385,-0.063741,0.500162,0.612952,-0.059031,0.506301,0.652034,-0.04521,0.418584,0.562305,-0.026616,0.441485,0.570356,-0.054195,0.46292,0.616798,-0.049122,0.46935,0.644018,-0.037111
1214,40466,True,0.9961,0.9961,0.463164,0.691817,-0.0,0.520576,0.664288,-0.030255,0.564709,0.614609,-0.049334,0.577506,0.56469,-0.066655,0.590348,0.525059,-0.080369,0.535206,0.484996,-0.022903,0.557252,0.487288,-0.060602,0.561548,0.540712,-0.083675,0.556458,0.582956,-0.092864,0.490821,0.47831,-0.020994,0.518993,0.501243,-0.05717,0.52982,0.575647,-0.068369,0.530312,0.619373,-0.067699,0.449671,0.494243,-0.024411,0.473707,0.523823,-0.060562,0.488223,0.589788,-0.058229,0.492449,0.625894,-0.046932,0.412355,0.524888,-0.03022,0.435496,0.543953,-0.053141,0.454219,0.590916,-0.048235,0.46174,0.616252,-0.036998
1215,40500,True,0.9983,0.9983,0.465146,0.659207,0.0,0.50994,0.635709,-0.020781,0.547372,0.584193,-0.034091,0.566053,0.540009,-0.046738,0.583277,0.503841,-0.059729,0.522889,0.475764,-0.019251,0.532532,0.459101,-0.041875,0.543049,0.438998,-0.05862,0.556376,0.422214,-0.069173,0.481279,0.466047,-0.02056,0.504658,0.481056,-0.053338,0.517858,0.544405,-0.063474,0.525831,0.592059,-0.062689,0.442366,0.479658,-0.024485,0.464291,0.500852,-0.056157,0.481428,0.55746,-0.053999,0.491387,0.599659,-0.044577,0.408492,0.509367,-0.030235,0.428151,0.530901,-0.053709,0.445693,0.575905,-0.052285,0.454602,0.60852,-0.044818
1216,40533,True,0.9984,0.9984,0.47847,0.632824,0.0,0.516903,0.620075,-0.024594,0.552654,0.571544,-0.039501,0.570981,0.527626,-0.053281,0.588075,0.488563,-0.067461,0.527766,0.473386,-0.02292,0.540017,0.431108,-0.046017,0.549885,0.396324,-0.062245,0.558071,0.363776,-0.073061,0.492081,0.467472,-0.022678,0.510602,0.442165,-0.057397,0.5232,0.50339,-0.067297,0.524976,0.549548,-0.06606,0.456829,0.479628,-0.025185,0.468444,0.454317,-0.057569,0.486241,0.50893,-0.052095,0.491801,0.54988,-0.04002,0.421445,0.504903,-0.029525,0.43034,0.479946,-0.051622,0.446541,0.513617,-0.046366,0.450631,0.542509,-0.036736
1217,40566,True,0.9994,0.9994,0.483963,0.62191,0.0,0.518446,0.616747,-0.026948,0.557028,0.566654,-0.041675,0.582623,0.523662,-0.054919,0.600906,0.487017,-0.067811,0.544537,0.468484,-0.023906,0.559409,0.402179,-0.047283,0.574794,0.35764,-0.0623,0.581225,0.319457,-0.071974,0.51032,0.462563,-0.02342,0.527977,0.411531,-0.059896,0.53794,0.475053,-0.068846,0.533278,0.520721,-0.065995,0.474275,0.471156,-0.025948,0.483621,0.422363,-0.062277,0.498545,0.483841,-0.054146,0.498211,0.527609,-0.0384,0.436068,0.490106,-0.030404,0.444353,0.448781,-0.056292,0.460921,0.487808,-0.048579,0.461989,0.520611,-0.035942
1218,40600,True,0.9987,0.9987,0.489871,0.635341,0.0,0.527212,0.630809,-0.025783,0.568642,0.593224,-0.042809,0.593536,0.556445,-0.059439,0.593906,0.517983,-0.076238,0.568306,0.471015,-0.027951,0.593935,0.396403,-0.052457,0.611795,0.346335,-0.068486,0.621999,0.301803,-0.079326,0.53217,0.461766,-0.030491,0.555423,0.413237,-0.069421,0.559884,0.481279,-0.080635,0.553714,0.529164,-0.079301,0.493919,0.469244,-0.035325,0.506716,0.424106,-0.072921,0.518756,0.489281,-0.066992,0.518468,0.536519,-0.0531,0.452665,0.490477,-0.042,0.461562,0.453413,-0.069797,0.479124,0.498434,-0.063504,0.484026,0.5368,-0.051698
1219,40633,True,0.9955,0.9955,0.49907,0.671213,0.0,0.550197,0.666899,-0.033134,0.601305,0.627452,-0.053799,0.610908,0.576354,-0.073078,0.585843,0.540812,-0.092505,0.594791,0.493417,-0.030711,0.615385,0.434298,-0.059055,0.628256,0.385773,-0.078251,0.638352,0.345492,-0.09139,0.550532,0.479139,-0.031477,0.567203,0.444781,-0.076975,0.57282,0.520736,-0.090787,0.57171,0.58141,-0.08896,0.506013,0.485572,-0.035584,0.520202,0.470871,-0.079382,0.529773,0.544292,-0.075522,0.530668,0.597208,-0.06122,0.462288,0.507486,-0.042337,0.476199,0.503648,-0.07363,0.489875,0.559434,-0.069734,0.49366,0.599531,-0.058779
1220,40666,True,0.977,0.977,0.507112,0.706444,-0.0,0.571861,0.686001,-0.028653,0.616796,0.650522,-0.052691,0.622604,0.621357,-0.075446,0.598686,0.609964,-0.09565,0.605917,0.496843,-0.040714,0.613755,0.554648,-0.088085,0.606903,0.628571,-0.117365,0.598823,0.677224,-0.130721,0.553726,0.489792,-0.044479,0.568817,0.570696,-0.089703,0.570879,0.656168,-0.100038,0.56768,0.705346,-0.098404,0.503231,0.509779,-0.053127,0.521298,0.595292,-0.092469,0.528611,0.659779,-0.088443,0.528755,0.686782,-0.076531,0.460096,0.545822,-0.064813,0.474986,0.613716,-0.086479,0.483537,0.65927,-0.080883,0.484941,0.67226,-0.070587
1221,40700,True,0.9504,0.9504,0.561875,0.496713,-0.0,0.605061,0.531448,-0.018291,0.628652,0.601237,-0.056702,0.631256,0.668926,-0.09532,0.624694,0.720585,-0.13815,0.600162,0.55418,-0.096696,0.579242,0.676238,-0.144308,0.569937,0.741017,-0.176049,0.564613,0.780764,-0.195305,0.552362,0.553001,-0.108379,0.544685,0.694574,-0.149767,0.551258,0.760343,-0.157221,0.557807,0.801048,-0.163323,0.510765,0.557387,-0.11729,0.510149,0.695622,-0.143622,0.520066,0.729789,-0.131432,0.528464,0.736458,-0.124153,0.476601,0.568966,-0.128819,0.477245,0.674463,-0.138227,0.489057,0.697374,-0.123327,0.497981,0.697814,-0.114836
1222,40733,True,0.9615,0.9615,0.556617,0.512363,0.0,0.596413,0.560014,-0.029517,0.620538,0.639478,-0.046909,0.630245,0.720216,-0.055946,0.644415,0.774507,-0.0637,0.568556,0.602613,-0.071545,0.565369,0.706837,-0.090449,0.576219,0.759142,-0.095369,0.585887,0.79391,-0.096812,0.539075,0.59835,-0.062223,0.545638,0.704139,-0.082098,0.550373,0.772373,-0.086989,0.552604,0.817931,-0.090299,0.511896,0.600078,-0.052127,0.51907,0.700366,-0.071627,0.523558,0.765224,-0.079451,0.528903,0.807247,-0.082984,0.485167,0.607359,-0.042364,0.480996,0.682928,-0.060497,0.483439,0.725575,-0.068379,0.487661,0.756055,-0.072123
1223,40766,True,0.9665,0.9665,0.555249,0.545896,0.0,0.589786,0.622584,-0.011357,0.614822,0.699212,-0.02412,0.631857,0.760652,-0.035134,0.655029,0.790236,-0.046395,0.60405,0.664292,-0.041128,0.618286,0.727439,-0.063459,0.624496,0.773085,-0.075353,0.625071,0.809492,-0.082727,0.571237,0.646086,-0.046054,0.577714,0.721992,-0.068383,0.575396,0.779726,-0.080077,0.570071,0.825019,-0.088911,0.53419,0.629141,-0.050477,0.53608,0.698319,-0.075327,0.534562,0.755122,-0.088023,0.535073,0.799381,-0.094776,0.494216,0.611837,-0.054254,0.487042,0.663657,-0.075471,0.485306,0.708451,-0.085784,0.485762,0.746906,-0.092211
1224,40800,True,0.5904,0.5904,0.551296,0.673283,0.0,0.531211,0.689142,-0.029156,0.526558,0.714281,-0.054237,0.52588,0.744615,-0.070773,0.536011,0.773961,-0.087083,0.528418,0.659027,-0.098048,0.521915,0.695953,-0.129794,0.522117,0.738943,-0.148026,0.523772,0.779802,-0.161024,0.557264,0.658936,-0.09145,0.560832,0.721387,-0.116374,0.559646,0.77591,-0.123104,0.556324,0.816679,-0.13229,0.582618,0.670182,-0.082785,0.603246,0.73745,-0.105022,0.611286,0.796689,-0.113474,0.613035,0.843983,-0.122645,0.598824,0.684961,-0.074602,0.636277,0.717871,-0.091915,0.664045,0.738726,-0.099995,0.685441,0.755813,-0.109237
1225,40833,True,1.0,1.0,0.514452,0.78186,0.0,0.550006,0.786432,-0.020316,0.596961,0.765813,-0.038073,0.631689,0.750057,-0.05494,0.660847,0.74423,-0.071021,0.615258,0.67473,-0.034002,0.648742,0.713441,-0.073364,0.658699,0.767013,-0.099852,0.663062,0.811056,-0.114131,0.585092,0.652524,-0.040723,0.625873,0.712908,-0.083011,0.623299,0.787348,-0.095495,0.61503,0.835425,-0.096482,0.547898,0.656265,-0.051111,0.582659,0.712866,-0.092065,0.574671,0.776502,-0.092262,0.563429,0.808922,-0.08335,0.509884,0.679654,-0.062853,0.535294,0.728563,-0.092073,0.533318,0.769138,-0.091892,0.52351,0.786251,-0.08528
1226,40866,True,1.0,1.0,0.521087,0.775435,0.0,0.561989,0.7796,-0.015072,0.603163,0.766009,-0.035281,0.63689,0.76043,-0.056464,0.673235,0.75383,-0.080966,0.604678,0.660489,-0.041732,0.644557,0.668892,-0.078491,0.681403,0.671636,-0.103849,0.714043,0.676976,-0.120461,0.572438,0.644172,-0.054668,0.608375,0.686876,-0.104899,0.61047,0.760468,-0.122477,0.605308,0.81183,-0.126627,0.534405,0.655873,-0.068954,0.562809,0.694193,-0.116952,0.562261,0.760155,-0.119588,0.556166,0.797446,-0.112388,0.496712,0.68443,-0.083432,0.511726,0.707982,-0.118288,0.512868,0.744408,-0.119658,0.507372,0.762781,-0.114481
1227,40900,True,0.9997,0.9997,0.492889,0.774876,0.0,0.543685,0.76985,-0.010032,0.590171,0.752194,-0.025391,0.621996,0.742712,-0.042408,0.65456,0.731874,-0.061433,0.58269,0.642748,-0.028771,0.619804,0.650189,-0.057238,0.648334,0.655913,-0.076962,0.67511,0.664419,-0.09031,0.547916,0.627055,-0.040144,0.583428,0.678717,-0.076481,0.587072,0.751727,-0.08803,0.58333,0.798302,-0.091133,0.509393,0.641291,-0.052738,0.533946,0.689195,-0.086699,0.537786,0.748099,-0.085302,0.534076,0.780921,-0.079097,0.473375,0.673606,-0.065959,0.48471,0.712991,-0.088922,0.490455,0.749843,-0.087101,0.488397,0.769004,-0.082024
1228,40933,True,0.9995,0.9995,0.489183,0.765577,0.0,0.540211,0.75851,-0.014783,0.58221,0.740336,-0.03179,0.610015,0.726216,-0.049874,0.639782,0.711304,-0.070148,0.571654,0.628801,-0.032482,0.58932,0.63214,-0.061935,0.609276,0.633012,-0.08322,0.628608,0.6383,-0.09725,0.533565,0.616528,-0.040958,0.561381,0.66904,-0.079076,0.570684,0.737265,-0.093282,0.570545,0.785798,-0.097729,0.493426,0.631438,-0.050971,0.511924,0.682997,-0.085529,0.520387,0.735548,-0.087586,0.521452,0.769227,-0.083492,0.456896,0.663736,-0.062045,0.466294,0.707993,-0.085772,0.474305,0.742995,-0.08678,0.475739,0.763985,-0.083542
1229,40966,True,0.9992,0.9992,0.486418,0.777815,0.0,0.533588,0.763526,-0.023454,0.570805,0.736094,-0.045978,0.597517,0.716793,-0.067976,0.630655,0.696189,-0.091081,0.560572,0.613603,-0.041447,0.58681,0.615496,-0.078156,0.607193,0.613774,-0.102618,0.622525,0.614295,-0.118308,0.520765,0.599716,-0.047973,0.550875,0.642474,-0.095618,0.562915,0.723931,-0.111276,0.563629,0.777776,-0.11435,0.479506,0.617242,-0.057016,0.500941,0.662773,-0.103299,0.51511,0.732382,-0.104776,0.520354,0.773694,-0.096883,0.442641,0.654821,-0.067341,0.45608,0.692976,-0.101687,0.471493,0.736583,-0.103957,0.478992,0.761941,-0.098915
1230,41000,True,0.9981,0.9981,0.479802,0.7828,0.0,0.529045,0.770162,-0.027377,0.568502,0.74209,-0.051454,0.594203,0.719924,-0.074555,0.623865,0.701741,-0.098674,0.565938,0.621569,-0.042417,0.589394,0.617928,-0.080793,0.608691,0.599759,-0.107982,0.624481,0.583404,-0.125801,0.523897,0.602728,-0.046873,0.551207,0.650439,-0.098183,0.559474,0.731006,-0.114207,0.55875,0.785831,-0.115963,0.481525,0.617427,-0.054487,0.503844,0.668497,-0.102247,0.516495,0.736161,-0.102601,0.521131,0.778916,-0.092666,0.443579,0.652705,-0.064224,0.461908,0.693964,-0.099235,0.478584,0.739949,-0.101151,0.487594,0.767402,-0.094846
1231,41033,True,0.9995,0.9995,0.477852,0.781979,-0.0,0.531978,0.774749,-0.019618,0.5709,0.760911,-0.04192,0.596292,0.747061,-0.065562,0.627027,0.734276,-0.090048,0.575126,0.633597,-0.040296,0.600281,0.640828,-0.081691,0.607661,0.666247,-0.108353,0.607667,0.687159,-0.122881,0.534318,0.620771,-0.048635,0.558447,0.674426,-0.095877,0.565154,0.754888,-0.110969,0.565401,0.807672,-0.113741,0.490763,0.634085,-0.05979,0.50792,0.685124,-0.101981,0.51681,0.753379,-0.102495,0.52015,0.79688,-0.094399,0.451213,0.66345,-0.072379,0.460249,0.699698,-0.100122,0.468861,0.743882,-0.098915,0.473708,0.772565,-0.091731
1232,41066,True,0.9972,0.9972,0.472697,0.797051,-0.0,0.527093,0.79658,-0.013542,0.567526,0.787592,-0.033178,0.595326,0.7818,-0.054527,0.625232,0.771985,-0.07671,0.571179,0.669079,-0.038796,0.59506,0.679277,-0.075461,0.598295,0.708522,-0.098478,0.593583,0.736068,-0.110723,0.533363,0.654024,-0.048624,0.55466,0.718374,-0.089141,0.558257,0.792252,-0.101776,0.555305,0.843828,-0.104613,0.490987,0.663935,-0.060371,0.506166,0.733157,-0.093412,0.508464,0.786989,-0.093757,0.505816,0.817168,-0.088702,0.451047,0.68951,-0.073299,0.453705,0.741316,-0.093244,0.454705,0.774874,-0.091733,0.452734,0.790829,-0.086775
1233,41100,True,0.9986,0.9986,0.466916,0.801731,-0.0,0.519815,0.807082,-0.017066,0.562112,0.808612,-0.039513,0.59347,0.813872,-0.062897,0.616321,0.80809,-0.088448,0.570519,0.688264,-0.046691,0.582003,0.731332,-0.084325,0.589298,0.764247,-0.110013,0.589915,0.793096,-0.125183,0.530886,0.676403,-0.056706,0.540122,0.750494,-0.099342,0.544175,0.822512,-0.116657,0.544596,0.875078,-0.124471,0.486003,0.686995,-0.068331,0.489744,0.748422,-0.106017,0.494591,0.804807,-0.112914,0.498908,0.842388,-0.112632,0.444236,0.712431,-0.080985,0.43717,0.745508,-0.107056,0.441229,0.775204,-0.111782,0.447488,0.79589,-0.111808
1234,41133,True,0.9987,0.9987,0.455956,0.798386,0.0,0.510849,0.799902,-0.015875,0.551459,0.799487,-0.036665,0.582834,0.805284,-0.058974,0.61221,0.801982,-0.082599,0.550929,0.682554,-0.039347,0.574556,0.718732,-0.077126,0.588899,0.755099,-0.104033,0.595297,0.787621,-0.119558,0.511399,0.673977,-0.049327,0.532965,0.747068,-0.089042,0.540425,0.818603,-0.105603,0.540425,0.86631,-0.113183,0.469118,0.686942,-0.061223,0.48316,0.756753,-0.095862,0.488916,0.810417,-0.100026,0.489022,0.838103,-0.09827,0.430474,0.712525,-0.074543,0.436942,0.763351,-0.095133,0.443417,0.795137,-0.094816,0.444915,0.809047,-0.09179
1235,41166,True,0.9997,0.9997,0.450248,0.808185,0.0,0.507845,0.800493,-0.024285,0.549422,0.790289,-0.049319,0.57751,0.781496,-0.074076,0.593208,0.75836,-0.098385,0.542861,0.659151,-0.045116,0.560576,0.667958,-0.085076,0.577481,0.682421,-0.111472,0.587705,0.694344,-0.127835,0.499497,0.64558,-0.052653,0.520772,0.705212,-0.099348,0.530864,0.78765,-0.113513,0.530839,0.834174,-0.116817,0.455075,0.663108,-0.063125,0.474193,0.735099,-0.104256,0.48469,0.795138,-0.101116,0.485078,0.817326,-0.092401,0.416548,0.699013,-0.075952,0.432015,0.763218,-0.102277,0.444227,0.800393,-0.099564,0.446014,0.808197,-0.092948
1236,41200,True,0.9995,0.9995,0.450828,0.803231,0.0,0.50508,0.802298,-0.031477,0.546607,0.785351,-0.058598,0.573075,0.762461,-0.084871,0.589082,0.732488,-0.111486,0.540378,0.646498,-0.047966,0.557694,0.623384,-0.086434,0.574043,0.595902,-0.112263,0.588247,0.571142,-0.129172,0.494439,0.624483,-0.052661,0.511917,0.668527,-0.103162,0.522174,0.747924,-0.116907,0.523659,0.798723,-0.11694,0.448232,0.637877,-0.060621,0.46675,0.698846,-0.104784,0.47991,0.763748,-0.098633,0.482793,0.797776,-0.08514,0.408325,0.673463,-0.071775,0.426476,0.728391,-0.100053,0.439018,0.771377,-0.095851,0.440731,0.788838,-0.086106
1237,41233,True,0.9991,0.9991,0.445313,0.793297,0.0,0.497018,0.782884,-0.029895,0.535618,0.758123,-0.058022,0.561184,0.734921,-0.085459,0.592316,0.721171,-0.113547,0.530238,0.630824,-0.051815,0.553852,0.605285,-0.093792,0.574377,0.581276,-0.1208,0.592623,0.557504,-0.138656,0.484191,0.611917,-0.058571,0.510941,0.636693,-0.114545,0.523816,0.723787,-0.128852,0.523701,0.780857,-0.127636,0.440139,0.63046,-0.068229,0.460956,0.677852,-0.118779,0.478382,0.752098,-0.114008,0.482149,0.792848,-0.099118,0.403012,0.670419,-0.080485,0.421834,0.721143,-0.114227,0.439073,0.768101,-0.112001,0.443272,0.789462,-0.102525
1238,41266,True,0.9981,0.9981,0.447918,0.789021,0.0,0.492489,0.777432,-0.025545,0.530127,0.752809,-0.050532,0.557006,0.735552,-0.075025,0.589375,0.723241,-0.100807,0.5265,0.634551,-0.0459,0.55278,0.614829,-0.084052,0.573609,0.592428,-0.108555,0.590157,0.575012,-0.124367,0.48407,0.617565,-0.05237,0.510439,0.642519,-0.104089,0.519035,0.72839,-0.117526,0.51754,0.786486,-0.116677,0.441556,0.633198,-0.061424,0.458147,0.670337,-0.108828,0.472047,0.742427,-0.105793,0.476717,0.786066,-0.093212,0.404453,0.66879,-0.0722,0.415621,0.702387,-0.104748,0.431794,0.750189,-0.102879,0.43933,0.777428,-0.094268
1239,41300,True,0.9986,0.9986,0.449332,0.78613,-0.0,0.496913,0.78238,-0.022048,0.539198,0.776627,-0.044434,0.567599,0.769789,-0.067801,0.574789,0.754478,-0.090774,0.539426,0.642093,-0.038407,0.554512,0.637947,-0.080796,0.559688,0.675112,-0.10875,0.557404,0.718056,-0.121247,0.49484,0.627029,-0.042985,0.504866,0.69077,-0.084709,0.509423,0.768174,-0.097527,0.508062,0.819298,-0.098867,0.448165,0.641246,-0.051239,0.455489,0.711011,-0.083865,0.459559,0.766637,-0.08204,0.458657,0.797626,-0.073993,0.408178,0.672606,-0.061892,0.410863,0.722524,-0.079841,0.420186,0.761257,-0.075354,0.424673,0.780388,-0.066832
1240,41333,True,0.9985,0.9985,0.44373,0.782706,-0.0,0.494727,0.785474,-0.022998,0.535059,0.794987,-0.048758,0.564225,0.803537,-0.075388,0.575524,0.785092,-0.102964,0.529106,0.656051,-0.048148,0.542072,0.697084,-0.091597,0.551169,0.734846,-0.121957,0.551518,0.771201,-0.137547,0.484174,0.649529,-0.05554,0.497098,0.724087,-0.099951,0.50542,0.80246,-0.117492,0.505993,0.857259,-0.123266,0.438863,0.66733,-0.065083,0.445232,0.7325,-0.102097,0.456365,0.794855,-0.103486,0.463103,0.834338,-0.097441,0.399626,0.699476,-0.076651,0.397504,0.743643,-0.098477,0.409868,0.780872,-0.095197,0.420498,0.80485,-0.087778
1241,41366,True,0.9988,0.9988,0.429801,0.796137,-0.0,0.493212,0.805442,-0.031409,0.543849,0.811973,-0.062751,0.574672,0.812061,-0.093073,0.568747,0.792686,-0.124124,0.524407,0.6685,-0.064714,0.537161,0.705762,-0.113964,0.550096,0.743107,-0.146001,0.554697,0.779556,-0.162533,0.478722,0.65874,-0.070193,0.49712,0.734101,-0.122208,0.505623,0.814859,-0.139637,0.505528,0.872367,-0.144402,0.433567,0.676768,-0.078431,0.445462,0.745149,-0.122184,0.459336,0.810613,-0.124487,0.468452,0.854154,-0.118293,0.395618,0.711609,-0.089325,0.398841,0.759459,-0.116514,0.413385,0.800565,-0.116771,0.426143,0.828706,-0.111846
1242,41400,True,0.9983,0.9983,0.434492,0.798887,-0.0,0.495542,0.805436,-0.026843,0.542777,0.811208,-0.055935,0.573927,0.814088,-0.085198,0.569105,0.793241,-0.114638,0.522024,0.667182,-0.055813,0.537784,0.695905,-0.104991,0.55183,0.737911,-0.1383,0.556302,0.776887,-0.155824,0.473559,0.659886,-0.064064,0.492597,0.731705,-0.115346,0.505281,0.818375,-0.133499,0.507397,0.874949,-0.139296,0.427005,0.680897,-0.075149,0.443155,0.74851,-0.118714,0.459445,0.816389,-0.120314,0.467978,0.854484,-0.114258,0.388807,0.718457,-0.088675,0.397308,0.768456,-0.115198,0.413637,0.809839,-0.114084,0.42523,0.832219,-0.10882
1243,41433,True,0.9976,0.9976,0.432071,0.803045,-0.0,0.490612,0.804245,-0.02559,0.537235,0.804268,-0.052286,0.568419,0.804285,-0.079866,0.563935,0.780135,-0.107922,0.514441,0.663389,-0.048199,0.527977,0.685863,-0.0931,0.540716,0.718844,-0.125589,0.544491,0.75292,-0.143313,0.468312,0.657577,-0.055269,0.483213,0.727046,-0.100589,0.499929,0.803255,-0.119379,0.505877,0.857376,-0.127274,0.423271,0.678528,-0.065172,0.436047,0.743281,-0.103279,0.454025,0.805844,-0.105709,0.463457,0.844638,-0.101737,0.386229,0.715433,-0.077764,0.393587,0.765388,-0.100654,0.409575,0.804977,-0.099569,0.420314,0.828733,-0.095187
1244,41466,True,0.9981,0.9981,0.435639,0.818073,-0.0,0.492766,0.813829,-0.026554,0.541616,0.796621,-0.050556,0.563523,0.772094,-0.074768,0.539504,0.740978,-0.097715,0.505066,0.65752,-0.038926,0.507953,0.665823,-0.079701,0.514071,0.69091,-0.106427,0.514092,0.714495,-0.120161,0.45759,0.648054,-0.04316,0.472404,0.719964,-0.080637,0.483075,0.792158,-0.090683,0.485546,0.828348,-0.092568,0.413516,0.6682,-0.051292,0.431413,0.745102,-0.083033,0.441999,0.799214,-0.07608,0.443779,0.818447,-0.066408,0.377439,0.703939,-0.062828,0.394276,0.76714,-0.080897,0.409056,0.805066,-0.074327,0.414165,0.815993,-0.06562
1245,41500,True,0.9956,0.9956,0.422967,0.808128,-0.0,0.471749,0.797738,-0.029824,0.513944,0.772725,-0.054124,0.542766,0.752559,-0.07807,0.539533,0.724891,-0.101259,0.487742,0.652154,-0.040525,0.492823,0.656697,-0.081944,0.503888,0.675423,-0.10808,0.510814,0.6945,-0.120608,0.44204,0.64325,-0.041987,0.457647,0.698739,-0.082818,0.468301,0.77351,-0.09195,0.471544,0.813062,-0.09089,0.399725,0.660476,-0.047772,0.413606,0.718438,-0.084686,0.426035,0.778882,-0.078036,0.431953,0.807806,-0.065892,0.364464,0.691014,-0.056802,0.375584,0.739381,-0.081113,0.392181,0.785117,-0.076337,0.4019,0.806203,-0.066777
1246,41533,True,0.9969,0.9969,0.42003,0.801933,0.0,0.466527,0.789178,-0.035256,0.502644,0.762135,-0.063025,0.528073,0.738613,-0.089552,0.526955,0.707189,-0.113891,0.482281,0.633132,-0.046526,0.479949,0.620191,-0.093993,0.486093,0.637927,-0.121916,0.490643,0.658054,-0.134706,0.432363,0.624516,-0.04718,0.441105,0.671183,-0.096706,0.459007,0.751668,-0.106821,0.468696,0.791531,-0.103379,0.387315,0.646038,-0.053183,0.39789,0.706886,-0.097522,0.418357,0.770258,-0.089551,0.430341,0.79546,-0.073701,0.350879,0.68253,-0.062809,0.361043,0.734456,-0.091296,0.384682,0.778744,-0.08618,0.399961,0.79341,-0.074376
1247,41566,True,0.9946,0.9946,0.417554,0.795911,0.0,0.458416,0.786551,-0.041421,0.492111,0.758934,-0.072757,0.517222,0.736943,-0.100849,0.539165,0.708777,-0.128382,0.487027,0.630759,-0.057628,0.486415,0.622414,-0.10767,0.488558,0.617669,-0.141388,0.491526,0.621299,-0.159997,0.435615,0.616345,-0.055322,0.439407,0.658224,-0.111009,0.455393,0.736846,-0.126338,0.467818,0.787382,-0.126153,0.388903,0.633574,-0.057994,0.390935,0.683569,-0.106763,0.411137,0.750438,-0.102199,0.427561,0.787482,-0.088314,0.35004,0.668462,-0.064518,0.352909,0.714793,-0.099256,0.374361,0.763505,-0.097951,0.392467,0.785385,-0.088351
1248,41600,True,0.9947,0.9947,0.416373,0.78719,0.0,0.463629,0.773713,-0.025117,0.502053,0.748501,-0.046151,0.526903,0.730721,-0.067456,0.541847,0.721395,-0.089779,0.482158,0.631414,-0.037791,0.496285,0.619828,-0.071074,0.516778,0.607459,-0.094403,0.538817,0.599527,-0.108173,0.437064,0.623837,-0.040609,0.452574,0.664528,-0.080178,0.464407,0.725796,-0.091106,0.471278,0.770959,-0.090444,0.395731,0.642739,-0.04617,0.411044,0.706851,-0.078382,0.424908,0.754029,-0.073504,0.432946,0.782909,-0.062213,0.360819,0.676718,-0.054887,0.373963,0.728664,-0.072057,0.390609,0.762011,-0.066634,0.400897,0.777956,-0.057451
1249,41633,True,0.9962,0.9962,0.421316,0.801387,0.0,0.466027,0.786626,-0.023405,0.504169,0.762748,-0.044876,0.533463,0.748726,-0.067025,0.558177,0.73976,-0.089733,0.494176,0.64076,-0.030037,0.517191,0.636499,-0.065065,0.545536,0.632501,-0.090477,0.571787,0.634031,-0.10576,0.452941,0.630754,-0.034991,0.476309,0.655173,-0.077402,0.486538,0.730193,-0.090688,0.488252,0.783501,-0.090785,0.412745,0.647731,-0.043225,0.432188,0.695449,-0.079648,0.442274,0.757597,-0.076556,0.443664,0.792952,-0.065394,0.378476,0.68137,-0.054013,0.393406,0.729679,-0.073998,0.405755,0.76925,-0.068917,0.408412,0.786952,-0.059744
1250,41666,True,0.9987,0.9987,0.434198,0.803241,-0.0,0.481178,0.796087,-0.022347,0.525112,0.786108,-0.044602,0.553045,0.784107,-0.068202,0.55563,0.774904,-0.092389,0.515831,0.661733,-0.036031,0.537494,0.658664,-0.076501,0.55729,0.678507,-0.103723,0.570965,0.705427,-0.118271,0.470792,0.649886,-0.042356,0.488397,0.688083,-0.085774,0.49981,0.769974,-0.099709,0.502392,0.821655,-0.101503,0.425652,0.667047,-0.052158,0.441131,0.719238,-0.08994,0.451046,0.784679,-0.088411,0.45167,0.814917,-0.079188,0.387375,0.701654,-0.064046,0.399806,0.750749,-0.085578,0.411717,0.789268,-0.081581,0.414027,0.800136,-0.073731
1251,41700,True,0.9989,0.9989,0.439034,0.816799,-0.0,0.495174,0.817615,-0.026934,0.545647,0.808689,-0.050608,0.570897,0.793086,-0.074455,0.558126,0.772424,-0.098429,0.521006,0.68016,-0.042988,0.537934,0.687023,-0.085067,0.550351,0.713345,-0.112577,0.552392,0.751243,-0.125321,0.473816,0.664036,-0.04654,0.48832,0.720913,-0.088283,0.496633,0.799445,-0.100185,0.495164,0.85198,-0.100642,0.427586,0.679363,-0.053623,0.436616,0.739509,-0.088529,0.446679,0.801304,-0.084998,0.449452,0.837333,-0.075144,0.389306,0.711429,-0.063567,0.391807,0.760329,-0.08451,0.403597,0.79911,-0.080188,0.409713,0.819364,-0.071644
1252,41733,True,0.9957,0.9957,0.428525,0.821824,-0.0,0.484557,0.822392,-0.02399,0.534633,0.810059,-0.045143,0.558614,0.798876,-0.067323,0.534613,0.785828,-0.090203,0.503456,0.682306,-0.033964,0.511016,0.689476,-0.06936,0.518736,0.715603,-0.095169,0.523122,0.745617,-0.108612,0.458625,0.670252,-0.03721,0.467291,0.730814,-0.070139,0.473789,0.798646,-0.083306,0.475269,0.848131,-0.087693,0.415184,0.683603,-0.043416,0.423563,0.747136,-0.070482,0.433346,0.803117,-0.069385,0.438378,0.842905,-0.063743,0.379078,0.711674,-0.052665,0.384922,0.761255,-0.068839,0.39686,0.804871,-0.065352,0.405573,0.835971,-0.058933
1253,41766,True,0.9971,0.9971,0.41023,0.848119,-0.0,0.463118,0.835574,-0.024818,0.509238,0.816509,-0.047077,0.534532,0.797218,-0.069447,0.515704,0.775026,-0.091665,0.485426,0.673605,-0.033977,0.493489,0.687386,-0.069782,0.500677,0.72287,-0.094703,0.500642,0.758973,-0.106359,0.44031,0.668653,-0.0363,0.44764,0.724034,-0.07024,0.455089,0.797244,-0.083334,0.456422,0.849137,-0.086221,0.397596,0.687957,-0.041774,0.404046,0.748509,-0.070729,0.416324,0.805364,-0.071875,0.422684,0.841972,-0.066286,0.363162,0.720147,-0.049744,0.367544,0.762431,-0.066052,0.38051,0.805167,-0.062866,0.389621,0.831959,-0.05583
1254,41800,True,0.996,0.996,0.409934,0.828198,-0.0,0.452704,0.825091,-0.033042,0.493257,0.811096,-0.059531,0.518976,0.799463,-0.08439,0.509081,0.772217,-0.107825,0.478162,0.673755,-0.047965,0.479487,0.67868,-0.093607,0.489071,0.714857,-0.12213,0.492305,0.749646,-0.134765,0.431281,0.663654,-0.048093,0.433185,0.720133,-0.092866,0.448137,0.799197,-0.105016,0.453398,0.845824,-0.10504,0.386155,0.680873,-0.052702,0.388143,0.740542,-0.092338,0.40597,0.805061,-0.088809,0.414228,0.838071,-0.077551,0.34865,0.714186,-0.06039,0.349199,0.756888,-0.086532,0.366575,0.804049,-0.083195,0.376961,0.827326,-0.073629
1255,41833,True,0.9961,0.9961,0.407903,0.830756,-0.0,0.451034,0.821766,-0.028547,0.491872,0.808019,-0.053431,0.519831,0.797576,-0.077961,0.51829,0.769747,-0.102343,0.479415,0.667689,-0.042385,0.483999,0.690389,-0.084448,0.489656,0.721533,-0.112793,0.488563,0.75477,-0.126744,0.432617,0.658944,-0.044936,0.438763,0.710373,-0.088289,0.452107,0.786279,-0.103953,0.456787,0.839627,-0.107031,0.386922,0.67633,-0.050931,0.388036,0.7258,-0.088741,0.403034,0.792688,-0.088376,0.410203,0.834859,-0.079976,0.34871,0.711054,-0.059536,0.347055,0.751433,-0.085902,0.362696,0.797959,-0.084537,0.373188,0.825291,-0.076742
1256,41866,True,0.9981,0.9981,0.39968,0.828353,-0.0,0.450764,0.806593,-0.019524,0.49459,0.78466,-0.04003,0.524985,0.767369,-0.062478,0.524148,0.743446,-0.084661,0.468638,0.647781,-0.02959,0.485777,0.654618,-0.070208,0.495423,0.705563,-0.098509,0.496965,0.75343,-0.11133,0.425246,0.647995,-0.036323,0.443515,0.678048,-0.076218,0.458001,0.750994,-0.092917,0.462357,0.808208,-0.096589,0.38394,0.671674,-0.046477,0.393664,0.70859,-0.079528,0.408091,0.769793,-0.082202,0.414882,0.812356,-0.076252,0.350765,0.709281,-0.058631,0.356369,0.742432,-0.078568,0.372111,0.784376,-0.077124,0.383175,0.812863,-0.070339
1257,41900,True,0.9966,0.9966,0.400344,0.808356,0.0,0.447965,0.792806,-0.026611,0.486523,0.768486,-0.049481,0.514888,0.743997,-0.072905,0.534936,0.717598,-0.097328,0.478359,0.643276,-0.040664,0.498883,0.611081,-0.077704,0.51805,0.600082,-0.102829,0.535245,0.594598,-0.117351,0.435937,0.631717,-0.044429,0.449829,0.643003,-0.091556,0.464944,0.712547,-0.107059,0.473561,0.766902,-0.107889,0.394916,0.647086,-0.051095,0.404468,0.682882,-0.092487,0.420333,0.746786,-0.09178,0.429596,0.791165,-0.081064,0.359287,0.679172,-0.060208,0.365432,0.715866,-0.087537,0.381062,0.76004,-0.086386,0.391276,0.78863,-0.078098
1258,41933,True,0.9983,0.9983,0.410445,0.771072,0.0,0.453936,0.759125,-0.021269,0.494045,0.724575,-0.035856,0.520152,0.69152,-0.050665,0.533759,0.660975,-0.066454,0.479743,0.616096,-0.027058,0.498515,0.563929,-0.054535,0.516371,0.523989,-0.072327,0.529925,0.489412,-0.083155,0.438835,0.605581,-0.030511,0.45692,0.592103,-0.070644,0.46741,0.658279,-0.080682,0.468811,0.709265,-0.077467,0.399347,0.616967,-0.036401,0.41683,0.642636,-0.073699,0.428834,0.704464,-0.06968,0.430089,0.743608,-0.056811,0.364023,0.64513,-0.044228,0.377973,0.678226,-0.068814,0.391233,0.725825,-0.065194,0.394617,0.753049,-0.055543
1259,41966,True,0.9984,0.9984,0.422529,0.738325,0.0,0.461217,0.726741,-0.025411,0.496193,0.687262,-0.042562,0.518719,0.652071,-0.058916,0.530773,0.617942,-0.076114,0.482032,0.579144,-0.032637,0.499676,0.5167,-0.060709,0.514807,0.471515,-0.078963,0.524351,0.429824,-0.090793,0.440959,0.574047,-0.035441,0.458383,0.54191,-0.077177,0.472205,0.609806,-0.087756,0.473987,0.661087,-0.084805,0.401538,0.589661,-0.040544,0.416838,0.59249,-0.08136,0.434892,0.659369,-0.07587,0.438057,0.701847,-0.061053,0.365106,0.620565,-0.047471,0.378899,0.629746,-0.075885,0.397095,0.680257,-0.070113,0.400979,0.711732,-0.058162
1260,42000,True,0.9985,0.9985,0.422645,0.717936,0.0,0.459804,0.710245,-0.032922,0.494253,0.669932,-0.05521,0.517584,0.632339,-0.075756,0.529495,0.591485,-0.096574,0.482711,0.551257,-0.040695,0.501248,0.475741,-0.073384,0.516403,0.422157,-0.094238,0.523705,0.374701,-0.107903,0.441456,0.548669,-0.042603,0.454907,0.504231,-0.092718,0.470072,0.574047,-0.107102,0.473576,0.626217,-0.105374,0.402231,0.566409,-0.047381,0.41218,0.549918,-0.095923,0.435688,0.618574,-0.091432,0.445405,0.662819,-0.075714,0.365781,0.599592,-0.054282,0.375953,0.588193,-0.088984,0.400442,0.637501,-0.083834,0.411679,0.669146,-0.071114
1261,42033,True,0.9969,0.9969,0.421336,0.724328,0.0,0.458921,0.71308,-0.033836,0.492328,0.671066,-0.05786,0.516082,0.632614,-0.080448,0.530438,0.589934,-0.102679,0.483173,0.5424,-0.04019,0.503615,0.463749,-0.073259,0.51732,0.410951,-0.093405,0.525725,0.363519,-0.106577,0.441076,0.541221,-0.042631,0.454166,0.495668,-0.093084,0.469074,0.569836,-0.106873,0.474961,0.622267,-0.10464,0.400599,0.560165,-0.048142,0.410263,0.544436,-0.098044,0.433305,0.61857,-0.092119,0.44301,0.663423,-0.074999,0.362885,0.593872,-0.055864,0.371797,0.581841,-0.090163,0.396621,0.635054,-0.083006,0.407373,0.66862,-0.068821
1262,42066,True,0.9947,0.9947,0.412074,0.742458,0.0,0.456743,0.726891,-0.029669,0.499445,0.685171,-0.049176,0.526662,0.64716,-0.068453,0.528524,0.613092,-0.088092,0.486727,0.562422,-0.034435,0.50926,0.4922,-0.065714,0.524997,0.445734,-0.08448,0.53549,0.40217,-0.095796,0.441581,0.560414,-0.036898,0.457198,0.528035,-0.086442,0.46667,0.613629,-0.098082,0.469324,0.675977,-0.092977,0.39872,0.576315,-0.04234,0.414397,0.579582,-0.089974,0.427828,0.660472,-0.083069,0.430415,0.71236,-0.064226,0.359691,0.606085,-0.049936,0.373314,0.611201,-0.080064,0.390064,0.669059,-0.071822,0.394205,0.706977,-0.056702
1263,42100,True,0.996,0.996,0.41546,0.757255,-0.0,0.472905,0.73334,-0.023637,0.519114,0.704832,-0.044901,0.547603,0.684865,-0.066984,0.55407,0.67151,-0.087295,0.50205,0.581421,-0.042569,0.508834,0.573084,-0.087298,0.516769,0.640921,-0.115824,0.518743,0.707396,-0.126754,0.448454,0.576612,-0.045927,0.453238,0.629757,-0.085629,0.45944,0.706311,-0.096636,0.46056,0.761386,-0.096582,0.399349,0.595963,-0.053134,0.408169,0.670716,-0.082245,0.414648,0.724671,-0.077895,0.417023,0.75904,-0.068253,0.358623,0.627513,-0.063553,0.366703,0.689212,-0.077177,0.379172,0.733056,-0.069668,0.388516,0.756744,-0.05893
1264,42133,True,0.9966,0.9966,0.404493,0.769138,-0.0,0.4523,0.766955,-0.025599,0.492365,0.764334,-0.051152,0.518821,0.765824,-0.077475,0.534802,0.75655,-0.103034,0.492662,0.636729,-0.049381,0.50217,0.641041,-0.094583,0.507473,0.700461,-0.125232,0.506167,0.758332,-0.138335,0.446154,0.622876,-0.051913,0.448012,0.687367,-0.09407,0.446267,0.761067,-0.108389,0.441739,0.816695,-0.111294,0.400613,0.632222,-0.057566,0.397722,0.699251,-0.088418,0.398086,0.754372,-0.087529,0.397725,0.794996,-0.080308,0.362177,0.654143,-0.066147,0.356003,0.701836,-0.081796,0.359733,0.743672,-0.076375,0.364757,0.772303,-0.067386
1265,42166,True,0.9977,0.9977,0.395034,0.793451,-0.0,0.436277,0.802322,-0.024182,0.473379,0.811526,-0.050084,0.501318,0.825647,-0.077305,0.524494,0.831476,-0.105198,0.485043,0.687272,-0.049754,0.496012,0.71883,-0.092002,0.49968,0.770859,-0.120177,0.497807,0.818695,-0.133559,0.440708,0.672567,-0.054849,0.442548,0.75173,-0.095344,0.444405,0.82532,-0.109478,0.443764,0.877377,-0.113843,0.394561,0.680698,-0.062371,0.392302,0.749694,-0.096689,0.395886,0.812071,-0.097295,0.397274,0.855868,-0.090976,0.354267,0.702478,-0.072171,0.349756,0.750352,-0.092213,0.35631,0.796621,-0.088166,0.36117,0.829533,-0.080158
1266,42200,True,0.9932,0.9932,0.38959,0.808596,-0.0,0.433781,0.813027,-0.022114,0.470969,0.818528,-0.044449,0.499707,0.833046,-0.067967,0.52248,0.833959,-0.092718,0.474374,0.691871,-0.041267,0.491133,0.73863,-0.079446,0.500356,0.783087,-0.105875,0.505108,0.819451,-0.119768,0.431191,0.680486,-0.046866,0.436644,0.758976,-0.085721,0.440733,0.833074,-0.101156,0.442185,0.883638,-0.106612,0.38525,0.690497,-0.054825,0.384816,0.76237,-0.090274,0.392998,0.826877,-0.0941,0.399706,0.869613,-0.089392,0.344919,0.715583,-0.064627,0.339359,0.758614,-0.087352,0.349844,0.802148,-0.087133,0.360091,0.833966,-0.081604
1267,42233,True,0.998,0.998,0.38786,0.827576,-0.0,0.427993,0.813216,-0.019412,0.461049,0.796018,-0.038479,0.488329,0.794407,-0.059628,0.512645,0.799521,-0.081443,0.454686,0.685396,-0.032382,0.473884,0.701017,-0.069502,0.488559,0.74447,-0.096088,0.498205,0.786218,-0.109387,0.411619,0.678076,-0.038017,0.420946,0.729629,-0.073193,0.43212,0.799125,-0.086843,0.437268,0.847736,-0.090857,0.368639,0.691774,-0.04645,0.373936,0.749393,-0.076341,0.385528,0.807809,-0.076742,0.391176,0.846142,-0.070563,0.331002,0.718257,-0.05716,0.333391,0.764063,-0.072747,0.345248,0.804862,-0.06841,0.352538,0.831167,-0.060879
1268,42266,True,0.9961,0.9961,0.375033,0.782944,0.0,0.420533,0.763804,-0.020387,0.45685,0.751329,-0.040143,0.48304,0.755126,-0.060198,0.485981,0.752009,-0.081134,0.43894,0.657823,-0.045641,0.457048,0.712944,-0.082296,0.471198,0.739537,-0.106031,0.484097,0.756584,-0.119145,0.393259,0.649225,-0.049683,0.405539,0.732736,-0.084311,0.425178,0.783258,-0.09282,0.439241,0.812372,-0.094686,0.348841,0.662465,-0.055781,0.360694,0.74913,-0.08608,0.378995,0.796977,-0.08113,0.392435,0.823089,-0.072154,0.312906,0.687862,-0.06457,0.323318,0.757395,-0.085873,0.343735,0.79525,-0.083186,0.359781,0.815093,-0.076235
1269,42300,True,0.9966,0.9966,0.374258,0.798594,0.0,0.418014,0.780303,-0.032223,0.449973,0.75037,-0.056939,0.468856,0.729187,-0.080246,0.473935,0.710278,-0.104185,0.442655,0.637899,-0.052045,0.441712,0.616156,-0.093386,0.436351,0.598173,-0.121334,0.429581,0.582294,-0.1383,0.391833,0.624211,-0.053586,0.386857,0.662003,-0.104813,0.408045,0.734769,-0.119712,0.42471,0.787464,-0.120491,0.344536,0.639971,-0.05828,0.340421,0.691219,-0.102574,0.36342,0.755849,-0.097838,0.382711,0.800204,-0.084568,0.305665,0.673306,-0.066263,0.30226,0.714759,-0.098098,0.325466,0.759567,-0.096631,0.347986,0.787445,-0.087487
1270,42333,True,0.992,0.992,0.380463,0.791156,0.0,0.423163,0.77352,-0.028166,0.456599,0.745092,-0.050293,0.472603,0.717445,-0.071278,0.477883,0.696006,-0.092718,0.438497,0.624674,-0.042221,0.44007,0.616602,-0.076009,0.44199,0.593616,-0.099292,0.445247,0.571218,-0.113772,0.390441,0.61154,-0.043262,0.397669,0.670823,-0.085854,0.415489,0.73765,-0.096702,0.4288,0.781206,-0.09525,0.346637,0.628816,-0.047001,0.352917,0.701254,-0.082002,0.368793,0.74946,-0.074862,0.381828,0.77604,-0.06153,0.309443,0.661152,-0.054149,0.313782,0.71385,-0.076968,0.334539,0.749518,-0.072163,0.352283,0.766711,-0.061694
1271,42366,True,0.9941,0.9941,0.39585,0.787968,0.0,0.440085,0.765943,-0.019382,0.475043,0.739413,-0.037229,0.49908,0.726943,-0.05682,0.517186,0.729139,-0.077067,0.453066,0.627134,-0.025184,0.46298,0.616798,-0.053218,0.479716,0.615152,-0.072373,0.499548,0.620554,-0.083369,0.410577,0.620051,-0.027987,0.418215,0.674757,-0.061197,0.430201,0.73352,-0.071101,0.442197,0.77587,-0.070783,0.370974,0.636507,-0.033656,0.384802,0.713669,-0.061687,0.398529,0.752594,-0.06096,0.409997,0.773763,-0.053507,0.336813,0.66474,-0.04199,0.35119,0.728634,-0.058338,0.369179,0.761558,-0.056774,0.384027,0.775292,-0.050307
1272,42400,True,0.9972,0.9972,0.394958,0.808593,0.0,0.444434,0.793852,-0.019958,0.486931,0.769735,-0.038974,0.519522,0.758657,-0.060313,0.548804,0.756085,-0.083315,0.482286,0.644541,-0.022586,0.516633,0.646968,-0.054434,0.54887,0.648322,-0.077761,0.579577,0.654687,-0.091246,0.443639,0.634333,-0.027946,0.487762,0.654197,-0.061093,0.517096,0.699852,-0.075301,0.538291,0.735631,-0.078139,0.404137,0.645436,-0.036063,0.441416,0.697936,-0.070594,0.449846,0.763027,-0.071957,0.453866,0.804288,-0.062761,0.368751,0.67099,-0.046172,0.394061,0.721432,-0.067315,0.405539,0.770429,-0.063309,0.411258,0.801115,-0.053381
1273,42433,True,0.9986,0.9986,0.422804,0.813323,0.0,0.471984,0.802034,-0.017056,0.512875,0.780709,-0.036135,0.542292,0.771384,-0.056785,0.576947,0.770048,-0.078594,0.510337,0.657088,-0.027708,0.533887,0.665483,-0.062049,0.561475,0.672766,-0.086856,0.589061,0.683833,-0.101913,0.47179,0.641616,-0.035,0.502902,0.695637,-0.075738,0.504068,0.774838,-0.087797,0.498232,0.828285,-0.087822,0.430942,0.653935,-0.044817,0.453957,0.71809,-0.081075,0.458366,0.784071,-0.077572,0.455545,0.822379,-0.066233,0.391883,0.68385,-0.056499,0.408037,0.732896,-0.078245,0.416734,0.776081,-0.072968,0.416358,0.797964,-0.062928
1274,42466,True,0.9982,0.9982,0.425314,0.805523,0.0,0.472876,0.801243,-0.017583,0.514808,0.786423,-0.037283,0.546074,0.780834,-0.0587,0.579215,0.770912,-0.081714,0.514562,0.664231,-0.032001,0.536706,0.673318,-0.066707,0.561955,0.684078,-0.091378,0.585319,0.697853,-0.106295,0.477678,0.647282,-0.039467,0.506176,0.707129,-0.080192,0.507488,0.784161,-0.093953,0.500962,0.835201,-0.096318,0.436502,0.658283,-0.049201,0.455583,0.719962,-0.087981,0.460961,0.788042,-0.087564,0.4593,0.828831,-0.078753,0.397233,0.686835,-0.060289,0.407894,0.733747,-0.086273,0.417105,0.778814,-0.083914,0.417976,0.804764,-0.075921
1275,42500,True,0.999,0.999,0.422341,0.812273,0.0,0.468882,0.807708,-0.018867,0.512371,0.789764,-0.037186,0.542204,0.780472,-0.056245,0.569963,0.770789,-0.076902,0.498062,0.664148,-0.029018,0.513777,0.676141,-0.057799,0.535317,0.686288,-0.080271,0.558535,0.700147,-0.094642,0.457566,0.648787,-0.034123,0.476713,0.703765,-0.06628,0.481666,0.769964,-0.079655,0.482804,0.817144,-0.084432,0.417845,0.661465,-0.041276,0.435596,0.723426,-0.072008,0.443075,0.779909,-0.072769,0.444929,0.818436,-0.067862,0.383728,0.691351,-0.050119,0.396558,0.740012,-0.071324,0.403775,0.781164,-0.069863,0.406093,0.806598,-0.064356
1276,42533,True,0.9941,0.9941,0.396113,0.822334,-0.0,0.442258,0.818546,-0.026386,0.487062,0.801106,-0.044986,0.517801,0.780434,-0.062845,0.529389,0.762042,-0.079687,0.48097,0.670264,-0.029716,0.498743,0.678345,-0.057957,0.513453,0.700011,-0.076367,0.528776,0.715484,-0.086387,0.44407,0.651192,-0.029544,0.447417,0.691615,-0.055503,0.443432,0.737533,-0.064282,0.442749,0.756827,-0.066295,0.405157,0.654664,-0.032541,0.409644,0.713576,-0.05715,0.409461,0.7608,-0.054467,0.411775,0.780662,-0.047429,0.370661,0.67254,-0.038471,0.374988,0.719177,-0.05367,0.379245,0.759415,-0.048759,0.383487,0.777567,-0.040054
1277,42566,True,0.9963,0.9963,0.357461,0.831016,-0.0,0.403143,0.832161,-0.036554,0.446065,0.82122,-0.060745,0.472542,0.804781,-0.082301,0.474864,0.780047,-0.101843,0.459641,0.694321,-0.037132,0.446972,0.703432,-0.078235,0.425933,0.746302,-0.105642,0.412433,0.781662,-0.118157,0.417708,0.674355,-0.033562,0.396778,0.687331,-0.071999,0.379922,0.747277,-0.085745,0.373801,0.788881,-0.087204,0.377085,0.672133,-0.035063,0.357107,0.698092,-0.070652,0.350864,0.757582,-0.070553,0.352548,0.796307,-0.061424,0.341748,0.684805,-0.039699,0.324822,0.703018,-0.063081,0.323997,0.752103,-0.059581,0.33104,0.783924,-0.04944
1278,42600,True,0.9972,0.9972,0.350352,0.838386,-0.0,0.394449,0.839839,-0.029221,0.432111,0.832154,-0.05083,0.455961,0.825192,-0.071352,0.457292,0.801947,-0.090431,0.439904,0.681949,-0.039258,0.426226,0.73911,-0.07936,0.414247,0.783264,-0.104945,0.410019,0.80847,-0.116885,0.391303,0.667776,-0.040779,0.367799,0.761216,-0.080573,0.367687,0.833101,-0.093876,0.374658,0.874993,-0.096162,0.342639,0.676113,-0.046003,0.322334,0.766496,-0.083184,0.331761,0.832986,-0.084041,0.345255,0.871179,-0.075944,0.300794,0.699046,-0.054026,0.287163,0.760164,-0.078779,0.296659,0.810603,-0.077493,0.311538,0.83946,-0.069038
1279,42633,True,0.9964,0.9964,0.34913,0.848309,-0.0,0.394781,0.853152,-0.035556,0.431861,0.849312,-0.062172,0.452391,0.842065,-0.086621,0.449159,0.815883,-0.10966,0.431783,0.686116,-0.049509,0.423581,0.745892,-0.091184,0.416955,0.788892,-0.117777,0.413685,0.814117,-0.131002,0.383143,0.673967,-0.049181,0.367618,0.775713,-0.090619,0.373395,0.850906,-0.10529,0.383259,0.894391,-0.109436,0.334122,0.688334,-0.052595,0.321162,0.781079,-0.089928,0.332158,0.844933,-0.090939,0.345901,0.878311,-0.084369,0.292989,0.717331,-0.059402,0.281874,0.77843,-0.085345,0.29441,0.828006,-0.084629,0.310329,0.853887,-0.07743
1280,42666,True,0.9963,0.9963,0.359462,0.859399,-0.0,0.403116,0.862833,-0.028958,0.441684,0.859319,-0.053296,0.459106,0.851098,-0.076581,0.443117,0.829478,-0.0993,0.434964,0.701694,-0.042441,0.432315,0.746349,-0.079649,0.427059,0.781212,-0.10508,0.423865,0.809458,-0.11771,0.388055,0.690803,-0.043499,0.378477,0.786102,-0.081111,0.381284,0.859411,-0.094869,0.387553,0.909284,-0.098287,0.341807,0.705479,-0.047361,0.334168,0.792989,-0.078736,0.340751,0.851565,-0.07872,0.349952,0.888346,-0.072003,0.303558,0.73336,-0.054275,0.296406,0.791533,-0.074935,0.305381,0.838983,-0.072306,0.317736,0.867305,-0.064151
1281,42700,True,0.9963,0.9963,0.355736,0.862327,-0.0,0.405505,0.861312,-0.020923,0.44808,0.85497,-0.041749,0.471083,0.850501,-0.063111,0.462981,0.835059,-0.084428,0.441805,0.705094,-0.033363,0.442917,0.751489,-0.065436,0.440479,0.785469,-0.088195,0.437581,0.813002,-0.099994,0.396257,0.695064,-0.037529,0.394763,0.787533,-0.071757,0.401387,0.85907,-0.085616,0.407978,0.910514,-0.089821,0.35048,0.709683,-0.043619,0.351198,0.786973,-0.07053,0.357949,0.842576,-0.070921,0.364259,0.880895,-0.06571,0.31162,0.739458,-0.052156,0.31277,0.788433,-0.068976,0.322525,0.831914,-0.06575,0.332432,0.860736,-0.058205
1282,42733,True,0.996,0.996,0.368818,0.857851,-0.0,0.419426,0.855183,-0.020106,0.461086,0.849018,-0.040374,0.486943,0.84479,-0.061802,0.482569,0.824829,-0.083212,0.460653,0.700464,-0.029731,0.458245,0.754815,-0.065307,0.450597,0.803282,-0.091273,0.444019,0.839077,-0.104303,0.41334,0.691625,-0.035112,0.410035,0.775588,-0.071181,0.414561,0.849813,-0.087139,0.419221,0.902217,-0.092244,0.365603,0.705014,-0.042962,0.364095,0.779899,-0.073292,0.369433,0.841409,-0.075907,0.374326,0.881304,-0.071038,0.324391,0.733646,-0.052894,0.321525,0.780904,-0.072074,0.331031,0.827921,-0.069833,0.341123,0.858593,-0.062527
1283,42766,True,0.9973,0.9973,0.380033,0.858747,-0.0,0.427752,0.855239,-0.021877,0.469469,0.844222,-0.042542,0.495372,0.835964,-0.064164,0.486204,0.81476,-0.085182,0.465557,0.688511,-0.028502,0.464056,0.739446,-0.065491,0.461097,0.7876,-0.092031,0.458112,0.821261,-0.104932,0.417552,0.681765,-0.033541,0.416352,0.765753,-0.071369,0.424326,0.843232,-0.087504,0.429183,0.893171,-0.091646,0.36958,0.698457,-0.041561,0.372021,0.77519,-0.073875,0.383242,0.840288,-0.07624,0.390529,0.878137,-0.069966,0.329,0.731257,-0.051771,0.329695,0.776004,-0.070388,0.341522,0.819262,-0.067541,0.351079,0.844573,-0.059497
1284,42800,True,0.9971,0.9971,0.376599,0.856419,-0.0,0.428398,0.852177,-0.024739,0.471698,0.843106,-0.047701,0.497583,0.832899,-0.07071,0.48799,0.808058,-0.092987,0.469205,0.682075,-0.033857,0.468875,0.737739,-0.071233,0.466248,0.786339,-0.097846,0.461842,0.81686,-0.111208,0.422554,0.67626,-0.037437,0.422123,0.757966,-0.074994,0.429196,0.832714,-0.091382,0.431635,0.881048,-0.096389,0.375371,0.693757,-0.044023,0.376763,0.764515,-0.076016,0.387361,0.826475,-0.079059,0.392136,0.863297,-0.073842,0.336062,0.72788,-0.052886,0.33525,0.763566,-0.071389,0.342071,0.801406,-0.069182,0.344964,0.824072,-0.06198
1285,42833,True,0.9973,0.9973,0.385263,0.849362,-0.0,0.432199,0.846631,-0.026262,0.472613,0.835924,-0.049303,0.500329,0.827011,-0.072117,0.498494,0.799117,-0.093646,0.472538,0.678496,-0.033603,0.474239,0.734186,-0.073633,0.470873,0.786407,-0.101137,0.46587,0.816063,-0.114578,0.425463,0.670753,-0.03692,0.426419,0.749013,-0.077256,0.433591,0.82868,-0.093203,0.435998,0.874564,-0.097134,0.37784,0.687009,-0.043832,0.379893,0.753206,-0.079259,0.389375,0.82103,-0.080643,0.392969,0.856485,-0.073468,0.337991,0.720615,-0.053037,0.338285,0.756007,-0.074072,0.346365,0.79675,-0.071347,0.35043,0.8181,-0.063153
1286,42866,True,0.9975,0.9975,0.386849,0.841995,-0.0,0.436746,0.838791,-0.026923,0.480714,0.828682,-0.050968,0.507451,0.816309,-0.074513,0.496813,0.793526,-0.097595,0.475501,0.675096,-0.037799,0.47719,0.730354,-0.07755,0.475796,0.777274,-0.105456,0.471492,0.80661,-0.119606,0.429498,0.667183,-0.041088,0.431931,0.746073,-0.081436,0.440018,0.821811,-0.09817,0.443995,0.871754,-0.102929,0.382846,0.683511,-0.047589,0.385601,0.751704,-0.082031,0.394812,0.813506,-0.08459,0.399853,0.850504,-0.078763,0.343126,0.717159,-0.056546,0.342453,0.75256,-0.077489,0.349674,0.791137,-0.075552,0.354323,0.815376,-0.068281
1287,42900,True,0.997,0.997,0.392637,0.832583,-0.0,0.442109,0.829593,-0.027291,0.484473,0.819376,-0.052054,0.512934,0.809455,-0.076842,0.504387,0.785103,-0.100894,0.478106,0.669708,-0.037432,0.481917,0.718876,-0.081478,0.480821,0.764935,-0.112228,0.476976,0.796044,-0.128006,0.430509,0.661235,-0.042034,0.434918,0.740695,-0.08709,0.444089,0.822893,-0.104612,0.450316,0.872572,-0.1092,0.383097,0.678416,-0.050455,0.388402,0.749816,-0.088408,0.39785,0.815147,-0.08935,0.403644,0.848735,-0.082276,0.342687,0.712661,-0.061647,0.345608,0.764026,-0.085538,0.360366,0.80879,-0.083839,0.372325,0.83095,-0.076562
1288,42933,True,0.9969,0.9969,0.397171,0.824574,-0.0,0.449064,0.821406,-0.025285,0.492788,0.811823,-0.049019,0.520392,0.802798,-0.073176,0.512345,0.776285,-0.09718,0.480683,0.667505,-0.037797,0.48386,0.705367,-0.080624,0.487367,0.741035,-0.110495,0.486726,0.769916,-0.126096,0.434233,0.658115,-0.043422,0.440824,0.733566,-0.088427,0.451531,0.814427,-0.105581,0.45832,0.865602,-0.110181,0.387455,0.675486,-0.052436,0.394741,0.745645,-0.090647,0.404136,0.810876,-0.090556,0.409456,0.844586,-0.082956,0.346828,0.708868,-0.064075,0.349917,0.759486,-0.088289,0.364934,0.80372,-0.085788,0.376829,0.825567,-0.078172
1289,42966,True,0.9968,0.9968,0.397913,0.828123,-0.0,0.452078,0.822468,-0.023835,0.497091,0.810555,-0.046022,0.525619,0.799103,-0.068977,0.516945,0.772657,-0.092277,0.48032,0.666079,-0.035135,0.48724,0.699138,-0.076602,0.493558,0.734241,-0.106272,0.494384,0.765835,-0.121579,0.433967,0.658683,-0.040839,0.445191,0.727186,-0.083933,0.456893,0.807855,-0.101584,0.462001,0.861875,-0.106671,0.387564,0.677812,-0.049796,0.397964,0.74021,-0.087032,0.408164,0.804479,-0.089254,0.41213,0.839827,-0.083243,0.347374,0.712246,-0.061056,0.353332,0.757604,-0.084736,0.368768,0.80114,-0.083183,0.379209,0.824676,-0.076408
1290,43000,True,0.998,0.998,0.403003,0.830062,-0.0,0.458507,0.823046,-0.024066,0.50593,0.808827,-0.046935,0.532915,0.795145,-0.070707,0.519936,0.770117,-0.094943,0.482003,0.666485,-0.035923,0.488032,0.689167,-0.079669,0.499225,0.71838,-0.111617,0.504994,0.750238,-0.128198,0.434277,0.659335,-0.042239,0.447324,0.721133,-0.088473,0.461618,0.803328,-0.106933,0.466943,0.860704,-0.111581,0.388087,0.68031,-0.05195,0.400564,0.738736,-0.091523,0.414093,0.80525,-0.092903,0.419691,0.843239,-0.085431,0.348887,0.717308,-0.064072,0.357429,0.763261,-0.087952,0.373069,0.806419,-0.085519,0.382661,0.828563,-0.077954
1291,43033,True,0.9973,0.9973,0.40487,0.830562,-0.0,0.461323,0.824489,-0.027804,0.509198,0.812618,-0.053013,0.538159,0.80048,-0.077994,0.529188,0.770971,-0.102024,0.487589,0.668182,-0.043064,0.496804,0.713134,-0.088775,0.500793,0.767338,-0.118989,0.496964,0.803994,-0.1338,0.439218,0.662914,-0.048251,0.452276,0.726905,-0.093592,0.4642,0.811279,-0.110317,0.467472,0.862088,-0.114911,0.391958,0.683772,-0.056983,0.403554,0.738007,-0.097984,0.417618,0.809095,-0.097764,0.422989,0.845167,-0.089452,0.351587,0.719997,-0.067999,0.358581,0.756581,-0.093854,0.375092,0.802177,-0.090143,0.385145,0.824421,-0.081493
1292,43066,True,0.997,0.997,0.39883,0.836226,-0.0,0.457691,0.829995,-0.024187,0.506634,0.816874,-0.047651,0.538653,0.804552,-0.072397,0.541892,0.777252,-0.097893,0.486704,0.673983,-0.036204,0.50162,0.694366,-0.078511,0.516851,0.720863,-0.109477,0.526293,0.749781,-0.126042,0.441196,0.666549,-0.042292,0.462555,0.728499,-0.087049,0.474279,0.809077,-0.105463,0.476906,0.8648,-0.110769,0.395762,0.686414,-0.051631,0.411966,0.741138,-0.090423,0.423582,0.808943,-0.091465,0.427598,0.848669,-0.084088,0.356453,0.721187,-0.063259,0.366468,0.76048,-0.086693,0.379429,0.802008,-0.083387,0.385929,0.824627,-0.075281
1293,43100,True,0.9965,0.9965,0.394111,0.842251,-0.0,0.452034,0.834318,-0.021327,0.496751,0.819511,-0.044537,0.528274,0.81241,-0.069144,0.563078,0.806612,-0.094612,0.48621,0.68314,-0.034206,0.510012,0.70547,-0.071178,0.534125,0.727782,-0.097916,0.55365,0.749121,-0.113517,0.445022,0.674429,-0.040821,0.476102,0.733086,-0.081202,0.485449,0.810391,-0.09643,0.484501,0.862148,-0.100104,0.403624,0.691462,-0.04995,0.427458,0.75068,-0.085724,0.436741,0.815431,-0.085647,0.436117,0.852021,-0.077669,0.367965,0.723803,-0.06103,0.385452,0.765282,-0.081599,0.394445,0.807366,-0.076858,0.393132,0.829904,-0.068022
1294,43133,True,0.9951,0.9951,0.394108,0.84227,0.0,0.455428,0.832853,-0.010703,0.50387,0.816147,-0.026278,0.535754,0.810525,-0.045582,0.568613,0.806283,-0.066685,0.498384,0.696521,-0.016354,0.528507,0.704261,-0.044981,0.554079,0.713015,-0.066346,0.579817,0.724533,-0.079085,0.466323,0.680385,-0.026053,0.509446,0.704152,-0.056747,0.532528,0.74962,-0.072141,0.548636,0.789397,-0.077555,0.431089,0.684281,-0.037644,0.473355,0.739178,-0.074499,0.482509,0.809748,-0.078717,0.485275,0.858465,-0.071489,0.396524,0.704983,-0.049707,0.42793,0.741187,-0.074835,0.440428,0.791259,-0.072987,0.445056,0.830672,-0.064544
1295,43166,True,0.9991,0.9991,0.415208,0.831331,1e-06,0.464583,0.836367,-0.019605,0.511069,0.819714,-0.035783,0.543495,0.804257,-0.053402,0.57441,0.791801,-0.072003,0.521791,0.722067,-0.028873,0.561075,0.703288,-0.059922,0.591108,0.684075,-0.079546,0.617234,0.668819,-0.090309,0.491879,0.698247,-0.03596,0.535549,0.684678,-0.069482,0.568552,0.685819,-0.084666,0.595816,0.688821,-0.089679,0.45483,0.691937,-0.045545,0.494185,0.726203,-0.087309,0.496892,0.790047,-0.090564,0.49611,0.834692,-0.081711,0.416558,0.704855,-0.056187,0.445933,0.73984,-0.085904,0.453103,0.785805,-0.084731,0.454556,0.819673,-0.076294
1296,43200,True,0.9994,0.9994,0.436471,0.815195,0.0,0.483143,0.81715,-0.014979,0.526367,0.80131,-0.032796,0.559109,0.788285,-0.052399,0.58946,0.774405,-0.074071,0.529719,0.687854,-0.034375,0.565853,0.658529,-0.064536,0.59913,0.6388,-0.084945,0.627514,0.625785,-0.098504,0.494658,0.66451,-0.043904,0.528275,0.702098,-0.084089,0.533384,0.771583,-0.09657,0.528361,0.818442,-0.09864,0.45475,0.669869,-0.05475,0.480401,0.719555,-0.089733,0.48347,0.775441,-0.086453,0.479109,0.807129,-0.078022,0.414884,0.694274,-0.066888,0.431262,0.73625,-0.088956,0.437274,0.777002,-0.084452,0.435631,0.799348,-0.076795
1297,43233,True,0.9997,0.9997,0.452492,0.793762,1e-06,0.499864,0.797147,-0.019552,0.544483,0.780494,-0.0373,0.574352,0.755767,-0.056578,0.59774,0.732953,-0.077098,0.54904,0.662747,-0.033768,0.587985,0.629238,-0.066005,0.617908,0.599195,-0.085863,0.64361,0.575733,-0.096252,0.513275,0.639999,-0.042126,0.559549,0.604839,-0.07472,0.59869,0.591364,-0.08939,0.629631,0.587237,-0.09372,0.472147,0.642278,-0.052371,0.503134,0.671946,-0.090062,0.508302,0.731317,-0.090988,0.507084,0.777258,-0.080823,0.432135,0.668413,-0.063873,0.45182,0.701733,-0.088093,0.460882,0.745847,-0.082896,0.461775,0.780401,-0.071807
1298,43266,True,0.9995,0.9995,0.464787,0.770069,0.0,0.512552,0.762914,-0.013433,0.556933,0.731515,-0.028465,0.587911,0.705848,-0.045732,0.617324,0.68904,-0.064945,0.552366,0.617266,-0.02818,0.592663,0.581089,-0.055793,0.624561,0.552633,-0.075269,0.65205,0.530554,-0.087804,0.514607,0.59951,-0.037199,0.549326,0.617142,-0.076003,0.560352,0.68191,-0.087517,0.561658,0.731893,-0.087584,0.476157,0.609895,-0.0473,0.505608,0.639553,-0.081208,0.514744,0.700622,-0.076614,0.514288,0.743402,-0.065732,0.440214,0.639406,-0.058694,0.462121,0.668937,-0.080208,0.472865,0.713759,-0.074235,0.474232,0.744387,-0.064025
1299,43300,True,0.9983,0.9983,0.481754,0.751291,0.0,0.527371,0.746702,-0.018912,0.57267,0.71193,-0.034687,0.604358,0.682835,-0.051504,0.629937,0.65941,-0.069496,0.57322,0.597669,-0.028668,0.611195,0.547198,-0.056866,0.640898,0.51426,-0.07544,0.665063,0.485683,-0.086957,0.534596,0.583299,-0.034742,0.569836,0.579227,-0.075578,0.576893,0.649422,-0.084995,0.574252,0.699238,-0.082254,0.495808,0.591556,-0.04284,0.525754,0.602456,-0.079438,0.533549,0.668706,-0.070962,0.53105,0.712703,-0.055855,0.458132,0.616554,-0.052652,0.48345,0.62312,-0.076676,0.493703,0.67168,-0.067791,0.492555,0.703975,-0.054399
1300,43333,True,0.9989,0.9989,0.491618,0.740369,0.0,0.536167,0.734521,-0.020727,0.58103,0.697118,-0.038814,0.610316,0.666655,-0.057805,0.637232,0.644288,-0.077711,0.584984,0.571132,-0.032768,0.626676,0.521297,-0.06335,0.656419,0.485639,-0.083694,0.680255,0.452139,-0.097413,0.544225,0.555673,-0.040289,0.584525,0.55098,-0.08513,0.592384,0.627471,-0.097115,0.587825,0.679026,-0.096303,0.503081,0.566951,-0.049785,0.537005,0.57293,-0.092772,0.547708,0.647929,-0.086839,0.545863,0.696359,-0.072671,0.46308,0.597843,-0.060702,0.490881,0.601444,-0.092242,0.50643,0.654804,-0.086883,0.508905,0.691458,-0.075232
1301,43366,True,0.9989,0.9989,0.4898,0.737504,0.0,0.538172,0.730383,-0.022871,0.584375,0.692556,-0.043596,0.616883,0.659456,-0.064898,0.646208,0.632005,-0.086566,0.58764,0.557936,-0.037346,0.635918,0.507846,-0.06928,0.664228,0.469353,-0.089543,0.685524,0.432461,-0.103638,0.546537,0.543513,-0.045238,0.591415,0.535131,-0.093037,0.59909,0.613302,-0.105068,0.594922,0.667313,-0.103953,0.504732,0.555961,-0.055172,0.541771,0.562923,-0.100887,0.553317,0.639463,-0.094278,0.552692,0.688309,-0.079223,0.465255,0.587375,-0.066757,0.496099,0.588242,-0.100001,0.514506,0.641481,-0.094685,0.519598,0.678808,-0.082905
1302,43400,True,0.9984,0.9984,0.486913,0.738573,0.0,0.537662,0.730335,-0.024714,0.584236,0.695891,-0.046581,0.616144,0.665213,-0.068981,0.645501,0.638341,-0.092255,0.590307,0.553719,-0.04083,0.635226,0.506609,-0.073605,0.663056,0.469101,-0.095576,0.683575,0.434122,-0.110779,0.545779,0.536838,-0.048388,0.585882,0.545262,-0.096381,0.594173,0.62481,-0.109853,0.589769,0.680209,-0.109825,0.501141,0.552092,-0.057938,0.53271,0.572695,-0.101245,0.54342,0.644734,-0.095682,0.542506,0.691427,-0.082249,0.461082,0.588647,-0.069586,0.485422,0.603547,-0.098945,0.498932,0.652138,-0.093354,0.500376,0.684585,-0.082208
1303,43433,True,0.996,0.996,0.468821,0.756319,0.0,0.527732,0.744172,-0.019887,0.575655,0.715506,-0.040158,0.603375,0.690406,-0.061956,0.62709,0.665784,-0.085336,0.576982,0.589848,-0.03972,0.612549,0.541005,-0.069305,0.637816,0.507219,-0.088747,0.658633,0.477584,-0.101714,0.534749,0.573592,-0.047191,0.569347,0.584964,-0.089383,0.571367,0.657377,-0.100979,0.5619,0.713005,-0.100692,0.492675,0.584281,-0.055925,0.517239,0.611257,-0.091301,0.523751,0.67477,-0.085791,0.517597,0.722617,-0.074481,0.452613,0.61282,-0.066686,0.469136,0.645711,-0.089313,0.477177,0.693049,-0.084125,0.474063,0.726661,-0.074765
1304,43466,True,0.988,0.988,0.451463,0.762451,-0.0,0.514164,0.753653,-0.019525,0.559106,0.734267,-0.039213,0.587757,0.719878,-0.060704,0.617212,0.707913,-0.082048,0.552734,0.599329,-0.030827,0.580326,0.598805,-0.061452,0.589754,0.634995,-0.083,0.591279,0.665128,-0.094549,0.51204,0.590914,-0.035534,0.53858,0.632636,-0.06719,0.542016,0.703961,-0.078755,0.537297,0.756438,-0.081551,0.470973,0.603649,-0.042509,0.4906,0.652439,-0.068588,0.49421,0.711652,-0.065736,0.490914,0.753133,-0.058172,0.43263,0.628181,-0.051636,0.445399,0.668249,-0.064602,0.454153,0.707214,-0.057607,0.45619,0.734298,-0.048364
1305,43500,True,0.9982,0.9982,0.449011,0.771619,0.0,0.499112,0.764921,-0.027883,0.54074,0.742859,-0.051777,0.569151,0.728303,-0.074355,0.600634,0.714404,-0.097342,0.53892,0.614647,-0.040968,0.56455,0.617168,-0.079917,0.58514,0.62299,-0.106496,0.60087,0.632963,-0.122271,0.497611,0.595839,-0.04482,0.522309,0.631018,-0.093274,0.528825,0.71415,-0.109141,0.528271,0.772103,-0.110896,0.455493,0.604248,-0.051983,0.470351,0.652036,-0.09683,0.479168,0.723382,-0.097118,0.481144,0.7678,-0.087475,0.418081,0.630863,-0.061221,0.426982,0.670583,-0.091768,0.435249,0.722548,-0.090732,0.437542,0.753897,-0.082917
1306,43533,True,0.9995,0.9995,0.441349,0.772078,0.0,0.4881,0.759747,-0.021694,0.52871,0.732686,-0.041705,0.558627,0.71005,-0.062335,0.579121,0.687709,-0.08285,0.514781,0.600782,-0.027855,0.529395,0.587686,-0.061277,0.546682,0.590204,-0.084575,0.562298,0.60257,-0.098399,0.475692,0.586237,-0.034404,0.503793,0.615194,-0.077884,0.516213,0.692111,-0.093277,0.520523,0.749148,-0.094665,0.436431,0.600286,-0.044031,0.461569,0.644391,-0.084523,0.475265,0.712772,-0.085815,0.481647,0.756078,-0.07711,0.402003,0.633139,-0.055519,0.421309,0.683011,-0.082428,0.437044,0.73002,-0.082559,0.44558,0.756708,-0.075866
1307,43566,True,0.9993,0.9993,0.447965,0.750608,0.0,0.494388,0.738832,-0.025503,0.53816,0.704336,-0.043356,0.562286,0.668149,-0.060241,0.557025,0.636105,-0.077793,0.520965,0.588829,-0.036215,0.536985,0.554857,-0.067288,0.550604,0.525297,-0.088261,0.562858,0.497106,-0.102024,0.475379,0.573766,-0.039906,0.494429,0.587452,-0.083516,0.505762,0.66084,-0.095413,0.511458,0.711654,-0.095155,0.431343,0.585977,-0.04634,0.448246,0.613782,-0.087084,0.464963,0.67835,-0.083621,0.474492,0.719463,-0.072456,0.393005,0.617136,-0.054979,0.409617,0.647849,-0.08385,0.427246,0.694439,-0.082084,0.437359,0.721758,-0.074389
1308,43600,True,0.9983,0.9983,0.444045,0.725106,0.0,0.486955,0.710585,-0.027488,0.523319,0.670307,-0.04736,0.54671,0.633156,-0.0666,0.555552,0.600018,-0.086855,0.509585,0.557313,-0.0361,0.530557,0.50503,-0.066272,0.547114,0.461266,-0.086489,0.559952,0.423609,-0.099814,0.465076,0.550645,-0.039029,0.486811,0.542674,-0.082927,0.501229,0.611873,-0.094544,0.505968,0.66199,-0.093419,0.423623,0.566853,-0.044713,0.440148,0.57241,-0.08615,0.460546,0.637809,-0.081552,0.469474,0.681737,-0.068792,0.386989,0.600084,-0.052586,0.402135,0.608754,-0.082133,0.423369,0.655194,-0.078634,0.433866,0.686292,-0.068944
1309,43633,True,0.9975,0.9975,0.441617,0.705943,0.0,0.481446,0.698807,-0.031397,0.517924,0.657715,-0.052605,0.542874,0.620129,-0.072437,0.55463,0.576795,-0.092635,0.506181,0.535652,-0.037823,0.529066,0.467655,-0.069629,0.545294,0.418255,-0.089969,0.55606,0.374794,-0.103126,0.464173,0.532544,-0.039822,0.483825,0.500888,-0.088982,0.496638,0.574547,-0.102107,0.499592,0.627941,-0.099944,0.423754,0.549721,-0.044845,0.439464,0.536273,-0.092511,0.459979,0.607202,-0.086954,0.467532,0.653697,-0.070936,0.386283,0.582407,-0.051901,0.400545,0.568387,-0.08601,0.423066,0.618595,-0.080316,0.431874,0.653003,-0.067383
1310,43666,True,0.9974,0.9974,0.441254,0.706281,0.0,0.483192,0.698259,-0.033439,0.521066,0.654001,-0.056622,0.546266,0.612762,-0.078407,0.562643,0.569745,-0.099798,0.510022,0.52499,-0.038633,0.535985,0.451382,-0.070837,0.551973,0.402875,-0.090808,0.562532,0.359523,-0.103715,0.467285,0.522299,-0.040776,0.489636,0.480278,-0.091831,0.502126,0.556032,-0.106062,0.504618,0.613869,-0.103727,0.426497,0.539214,-0.045996,0.444895,0.523892,-0.096187,0.46527,0.598392,-0.09111,0.47291,0.648228,-0.074026,0.388104,0.571471,-0.053304,0.4054,0.552753,-0.088092,0.428749,0.604233,-0.081703,0.437845,0.641777,-0.067656
1311,43700,True,0.9964,0.9964,0.453163,0.720139,0.0,0.506675,0.706022,-0.037517,0.547915,0.665949,-0.063837,0.564152,0.628005,-0.08872,0.570712,0.588439,-0.112928,0.532153,0.526891,-0.037822,0.551482,0.463748,-0.072723,0.567469,0.415154,-0.094084,0.579106,0.375749,-0.107584,0.483229,0.525633,-0.03965,0.502961,0.49401,-0.09396,0.516755,0.582826,-0.107332,0.521599,0.643472,-0.102637,0.438465,0.543849,-0.045838,0.455093,0.539475,-0.098815,0.476674,0.618893,-0.093203,0.485201,0.66465,-0.074912,0.397987,0.578706,-0.054776,0.415086,0.578995,-0.090739,0.439669,0.635188,-0.084949,0.450244,0.667789,-0.071149
1312,43733,True,0.9981,0.9981,0.475242,0.749483,-0.0,0.535908,0.727368,-0.03293,0.59169,0.682582,-0.055071,0.592338,0.635806,-0.076001,0.564071,0.609364,-0.096038,0.557101,0.544842,-0.039911,0.56488,0.504677,-0.081905,0.578645,0.502791,-0.109982,0.590114,0.516669,-0.124782,0.503623,0.535885,-0.041101,0.516578,0.5691,-0.091161,0.524703,0.651296,-0.10574,0.528288,0.71293,-0.104068,0.455977,0.556686,-0.046863,0.470199,0.622932,-0.08615,0.481615,0.680921,-0.081359,0.488053,0.714579,-0.068286,0.413592,0.595191,-0.056735,0.426067,0.66213,-0.078935,0.438567,0.704554,-0.074113,0.445689,0.719059,-0.06371
1313,43766,True,0.992,0.992,0.485939,0.698131,-0.0,0.531465,0.691058,-0.025241,0.554693,0.696745,-0.059965,0.5519,0.718661,-0.093453,0.536067,0.735593,-0.12723,0.55737,0.591993,-0.078749,0.575229,0.67939,-0.127488,0.570709,0.751839,-0.159442,0.559183,0.792393,-0.178594,0.517549,0.582843,-0.08645,0.53838,0.710677,-0.128693,0.539096,0.783752,-0.138905,0.535626,0.81316,-0.144228,0.477594,0.598207,-0.09454,0.502595,0.728745,-0.125119,0.504495,0.779527,-0.115749,0.500348,0.784364,-0.107428,0.440195,0.626694,-0.105503,0.457538,0.729334,-0.120726,0.465939,0.76572,-0.109104,0.468556,0.764209,-0.098947
1314,43800,True,0.9979,0.9979,0.466049,0.728427,0.0,0.510801,0.720987,-0.022455,0.545963,0.723394,-0.053583,0.568934,0.737963,-0.085334,0.585527,0.752442,-0.119378,0.547217,0.635552,-0.064147,0.581444,0.658901,-0.112413,0.6062,0.699845,-0.14343,0.624194,0.739291,-0.159609,0.505902,0.633271,-0.073215,0.539776,0.709806,-0.124919,0.548256,0.791139,-0.137689,0.550936,0.847861,-0.138489,0.466837,0.653278,-0.084065,0.495107,0.734562,-0.129173,0.503235,0.808896,-0.124366,0.507587,0.857015,-0.111301,0.436682,0.68536,-0.096593,0.454807,0.748325,-0.123404,0.462372,0.796322,-0.116126,0.466314,0.826475,-0.104414
1315,43833,True,0.9935,0.9935,0.458689,0.782272,0.0,0.506014,0.783424,-0.016911,0.543053,0.784557,-0.040303,0.566744,0.796386,-0.064656,0.591592,0.807052,-0.09117,0.550376,0.691009,-0.049676,0.591144,0.709526,-0.086972,0.616474,0.736203,-0.110582,0.63483,0.768674,-0.124329,0.511307,0.678888,-0.060501,0.548955,0.747394,-0.103798,0.551745,0.823841,-0.114786,0.548449,0.879986,-0.115803,0.469294,0.695741,-0.072806,0.500924,0.766131,-0.113581,0.508749,0.836204,-0.110493,0.511953,0.884165,-0.09994,0.432106,0.728313,-0.086147,0.450364,0.783077,-0.113585,0.461326,0.827519,-0.109603,0.467202,0.85829,-0.100694
1316,43866,True,0.9997,0.9997,0.46259,0.832589,0.0,0.503608,0.833072,-0.016965,0.546963,0.818408,-0.034346,0.581994,0.815216,-0.051764,0.616463,0.818414,-0.070847,0.544537,0.706415,-0.034001,0.57923,0.722846,-0.06428,0.608572,0.734561,-0.085948,0.635305,0.751974,-0.099907,0.508605,0.688572,-0.042276,0.540923,0.751512,-0.079094,0.543593,0.819019,-0.091073,0.541633,0.866367,-0.093813,0.468557,0.700976,-0.052584,0.496095,0.774732,-0.089389,0.498589,0.836311,-0.090284,0.496047,0.871887,-0.083832,0.43073,0.730948,-0.064003,0.445829,0.782011,-0.088981,0.451133,0.824313,-0.087568,0.451341,0.849146,-0.081615
1317,43900,True,0.9987,0.9987,0.43917,0.843724,0.0,0.492552,0.83763,-0.014651,0.539483,0.824416,-0.033685,0.574296,0.822822,-0.054719,0.612124,0.826742,-0.077402,0.536004,0.70156,-0.027807,0.5664,0.715549,-0.058811,0.594414,0.724957,-0.080536,0.621321,0.735008,-0.094899,0.500413,0.685898,-0.036949,0.534102,0.746767,-0.074252,0.537389,0.822943,-0.086922,0.535074,0.871648,-0.089892,0.462133,0.697602,-0.048209,0.488458,0.765289,-0.085534,0.494704,0.832215,-0.086698,0.494872,0.871001,-0.079897,0.427184,0.726853,-0.060535,0.441076,0.775471,-0.085696,0.449438,0.818562,-0.085736,0.452078,0.843762,-0.080502
1318,43933,True,0.9992,0.9992,0.441158,0.840377,0.0,0.492546,0.830017,-0.017345,0.534479,0.812615,-0.039623,0.566167,0.811089,-0.062962,0.603881,0.815572,-0.087757,0.525689,0.69319,-0.036649,0.551603,0.699341,-0.073207,0.579015,0.697354,-0.098184,0.605374,0.697961,-0.114578,0.486729,0.678815,-0.046961,0.522859,0.730073,-0.092384,0.527307,0.811706,-0.105996,0.52352,0.860604,-0.107598,0.446529,0.697281,-0.059397,0.471696,0.768271,-0.102384,0.478838,0.832844,-0.101406,0.47773,0.861018,-0.09195,0.410567,0.734676,-0.072916,0.427552,0.788787,-0.099526,0.436672,0.827934,-0.096694,0.435413,0.840608,-0.089351
1319,43966,True,0.9993,0.9993,0.440554,0.833444,0.0,0.489771,0.822923,-0.022206,0.530743,0.806302,-0.048735,0.56379,0.801546,-0.075867,0.601286,0.793658,-0.104366,0.518967,0.683101,-0.045053,0.540327,0.689677,-0.087829,0.56725,0.687562,-0.11737,0.592773,0.689336,-0.136612,0.478495,0.671125,-0.054875,0.514231,0.72114,-0.106929,0.523725,0.806033,-0.123115,0.521666,0.858028,-0.12597,0.437709,0.692503,-0.067401,0.463415,0.757992,-0.115672,0.474503,0.824602,-0.115187,0.474418,0.854079,-0.105534,0.401954,0.73358,-0.081441,0.417863,0.787572,-0.11278,0.428983,0.824075,-0.112156,0.428314,0.833609,-0.105996
1320,44000,True,0.9988,0.9988,0.438694,0.830274,0.0,0.484171,0.821926,-0.020228,0.525561,0.805531,-0.043295,0.556549,0.804195,-0.067364,0.59239,0.803615,-0.092518,0.518468,0.683314,-0.037434,0.53867,0.690125,-0.076523,0.565647,0.686342,-0.103315,0.590554,0.686452,-0.12033,0.476853,0.668115,-0.046005,0.512388,0.724728,-0.094342,0.520508,0.81009,-0.108064,0.515651,0.862302,-0.108562,0.435195,0.687108,-0.057319,0.461923,0.759054,-0.103092,0.473164,0.826542,-0.10244,0.471589,0.856753,-0.091861,0.400104,0.727199,-0.070018,0.419503,0.786842,-0.099817,0.42959,0.825693,-0.098851,0.426027,0.836065,-0.091736
1321,44033,True,0.9985,0.9985,0.440343,0.834591,0.0,0.486511,0.829589,-0.021877,0.525841,0.814244,-0.045941,0.555709,0.811345,-0.070665,0.590445,0.808904,-0.096839,0.520964,0.693897,-0.042319,0.546185,0.692866,-0.081061,0.574535,0.685969,-0.107374,0.601122,0.68287,-0.124179,0.480662,0.676353,-0.050424,0.512936,0.730392,-0.09826,0.520388,0.810659,-0.11264,0.517824,0.86182,-0.114337,0.438636,0.693054,-0.061074,0.462363,0.762541,-0.104492,0.473518,0.82559,-0.10437,0.474664,0.856211,-0.095513,0.401832,0.730114,-0.073371,0.417451,0.782423,-0.100589,0.427863,0.820147,-0.098955,0.427766,0.833712,-0.092333
1322,44066,True,0.9989,0.9989,0.439521,0.839049,0.0,0.484531,0.834739,-0.016388,0.526257,0.821554,-0.037955,0.556144,0.821832,-0.061029,0.592157,0.823935,-0.085638,0.523169,0.704247,-0.039174,0.551793,0.702414,-0.07656,0.582027,0.694116,-0.102122,0.609873,0.688694,-0.118924,0.482662,0.685702,-0.049513,0.515307,0.747247,-0.095242,0.522911,0.828349,-0.107672,0.519515,0.877288,-0.10909,0.440311,0.703434,-0.061889,0.465798,0.775134,-0.102657,0.476073,0.837176,-0.100063,0.474923,0.864958,-0.090716,0.402641,0.742426,-0.075635,0.421066,0.797669,-0.10118,0.431518,0.83408,-0.09825,0.429956,0.844122,-0.091406
1323,44100,True,0.9993,0.9993,0.440041,0.849991,0.0,0.489014,0.847471,-0.014975,0.529774,0.839379,-0.038067,0.557117,0.842288,-0.063279,0.593541,0.84345,-0.090822,0.533693,0.715193,-0.043474,0.562353,0.717405,-0.080648,0.591051,0.724148,-0.106066,0.618032,0.732938,-0.122727,0.493718,0.700311,-0.055526,0.519442,0.768943,-0.101815,0.526403,0.850829,-0.117239,0.526833,0.901703,-0.121626,0.449517,0.717278,-0.068845,0.466773,0.784568,-0.110225,0.476651,0.850183,-0.110345,0.479668,0.886905,-0.103165,0.408056,0.752528,-0.08318,0.415315,0.792647,-0.109294,0.423896,0.830022,-0.107148,0.426805,0.848366,-0.100924
1324,44133,True,0.9991,0.9991,0.431945,0.858963,-0.0,0.482353,0.857309,-0.014909,0.522319,0.854594,-0.036782,0.554572,0.865934,-0.061078,0.591022,0.877615,-0.086153,0.527914,0.725576,-0.035516,0.566672,0.74597,-0.073268,0.583818,0.776141,-0.098485,0.591044,0.802846,-0.112708,0.488833,0.715685,-0.046106,0.517183,0.793775,-0.086282,0.522498,0.876909,-0.098651,0.519712,0.925165,-0.101451,0.444961,0.735681,-0.058996,0.46325,0.812848,-0.094404,0.472527,0.877549,-0.092784,0.47449,0.909947,-0.084978,0.405789,0.77201,-0.073297,0.41308,0.823014,-0.093313,0.422426,0.858769,-0.088685,0.426536,0.874302,-0.080887
1325,44166,True,0.9971,0.9971,0.422171,0.878703,-0.0,0.476227,0.881877,-0.012947,0.52254,0.880437,-0.029608,0.55772,0.889588,-0.04852,0.589814,0.898474,-0.067178,0.532548,0.757625,-0.024852,0.562278,0.78444,-0.056413,0.569166,0.823677,-0.077892,0.566735,0.864605,-0.088595,0.495421,0.740484,-0.031725,0.509437,0.837305,-0.061676,0.50544,0.899881,-0.073325,0.499347,0.938902,-0.077967,0.453141,0.750489,-0.041139,0.462867,0.843745,-0.068114,0.466708,0.892284,-0.071867,0.467921,0.920188,-0.07009,0.413835,0.776645,-0.051966,0.413833,0.839757,-0.069994,0.418762,0.875774,-0.070927,0.423559,0.895217,-0.067432
1326,44200,True,0.9964,0.9964,0.434633,0.850538,0.0,0.484771,0.855438,-0.017412,0.522079,0.872678,-0.041895,0.548838,0.896961,-0.067545,0.56594,0.904778,-0.095573,0.524788,0.760203,-0.056254,0.537295,0.808377,-0.096017,0.544748,0.85028,-0.123205,0.549752,0.883986,-0.138982,0.479809,0.754978,-0.067451,0.483579,0.843842,-0.10882,0.491241,0.910618,-0.124602,0.496757,0.95803,-0.133225,0.432296,0.770329,-0.079741,0.432857,0.846293,-0.115655,0.442423,0.898156,-0.120364,0.451243,0.932225,-0.120114,0.390714,0.797358,-0.093468,0.382843,0.842841,-0.11637,0.390626,0.87144,-0.117287,0.400672,0.890449,-0.115777
1327,44233,True,0.9976,0.9976,0.423295,0.849396,-0.0,0.47077,0.845929,-0.015571,0.503453,0.853861,-0.037546,0.528641,0.875355,-0.061142,0.555639,0.887714,-0.085614,0.50474,0.743791,-0.047819,0.520468,0.799101,-0.085095,0.531289,0.844988,-0.110664,0.537554,0.879248,-0.125686,0.459472,0.742743,-0.058322,0.468803,0.842527,-0.095183,0.47826,0.902866,-0.108411,0.482031,0.936351,-0.11573,0.414079,0.765126,-0.069994,0.422974,0.856348,-0.101465,0.434755,0.899759,-0.102466,0.440251,0.918817,-0.100079,0.375401,0.800024,-0.083364,0.381025,0.86387,-0.104031,0.394275,0.889077,-0.102938,0.403409,0.89671,-0.099486
1328,44266,True,0.9988,0.9988,0.414084,0.871345,-0.0,0.454857,0.860337,-0.016489,0.488767,0.846781,-0.03593,0.516896,0.85107,-0.057732,0.546363,0.85407,-0.079798,0.490798,0.719982,-0.030005,0.504616,0.734431,-0.064957,0.512603,0.769238,-0.087905,0.517565,0.801171,-0.099416,0.450887,0.71148,-0.037665,0.455874,0.779293,-0.075546,0.465816,0.85451,-0.089396,0.471113,0.903824,-0.092861,0.408679,0.728631,-0.047948,0.410104,0.795362,-0.082627,0.423606,0.859473,-0.08473,0.432244,0.899901,-0.078813,0.371339,0.761019,-0.059667,0.368263,0.798414,-0.080433,0.37768,0.832738,-0.079155,0.385166,0.854509,-0.072921
1329,44300,True,0.9981,0.9981,0.412584,0.868053,0.0,0.455449,0.86088,-0.01851,0.495815,0.84118,-0.036074,0.524378,0.831688,-0.054663,0.548668,0.827741,-0.075106,0.497469,0.723531,-0.032675,0.516071,0.705828,-0.060476,0.531916,0.681298,-0.080238,0.549404,0.662047,-0.09336,0.453901,0.695628,-0.037143,0.459791,0.754824,-0.075356,0.469419,0.824026,-0.086806,0.475349,0.876319,-0.087376,0.408896,0.702976,-0.043273,0.411951,0.773279,-0.074232,0.422434,0.830347,-0.071923,0.429025,0.871703,-0.06365,0.369862,0.731744,-0.051692,0.370434,0.786405,-0.072895,0.382141,0.830342,-0.071884,0.39117,0.859224,-0.065344
1330,44333,True,0.9991,0.9991,0.417201,0.847904,0.0,0.466041,0.847469,-0.021943,0.505449,0.833126,-0.043839,0.531937,0.82214,-0.066779,0.55907,0.817402,-0.09134,0.510205,0.706976,-0.039141,0.541722,0.682851,-0.072065,0.569227,0.661911,-0.095452,0.594079,0.64422,-0.110228,0.466293,0.683939,-0.044502,0.486055,0.719933,-0.082846,0.497589,0.780109,-0.094952,0.501802,0.821594,-0.096042,0.422035,0.692384,-0.051723,0.434704,0.763066,-0.081901,0.443012,0.815165,-0.077256,0.44561,0.844812,-0.067239,0.382687,0.72121,-0.061873,0.392441,0.778604,-0.07725,0.40193,0.819012,-0.070567,0.40606,0.839727,-0.060883
1331,44366,True,0.9987,0.9987,0.428193,0.839711,0.0,0.474912,0.836543,-0.018256,0.515023,0.824676,-0.039936,0.546016,0.821332,-0.063455,0.578789,0.819816,-0.088789,0.520177,0.704327,-0.036127,0.556029,0.692442,-0.071323,0.588841,0.67885,-0.095632,0.617572,0.668588,-0.111088,0.48124,0.682835,-0.044957,0.508102,0.72182,-0.087766,0.509563,0.793163,-0.100284,0.503004,0.840748,-0.100974,0.439259,0.692739,-0.055934,0.457499,0.757215,-0.092616,0.462125,0.814072,-0.089685,0.458531,0.844099,-0.079824,0.399045,0.721441,-0.068834,0.412837,0.774252,-0.08945,0.418849,0.813254,-0.084471,0.415859,0.829117,-0.076002
1332,44400,True,0.9986,0.9986,0.426923,0.840316,1e-06,0.478369,0.841309,-0.019429,0.522652,0.827401,-0.040278,0.553785,0.820242,-0.062665,0.588209,0.816604,-0.086013,0.535701,0.71517,-0.03291,0.576019,0.711764,-0.069564,0.609413,0.702736,-0.093583,0.640834,0.696563,-0.107181,0.503499,0.688594,-0.041457,0.552735,0.681272,-0.079311,0.593795,0.693311,-0.095562,0.628108,0.70476,-0.100387,0.463123,0.683279,-0.052374,0.50443,0.729508,-0.098348,0.505568,0.80544,-0.10058,0.501117,0.854678,-0.089291,0.422215,0.699586,-0.064322,0.453583,0.744256,-0.097521,0.464554,0.802203,-0.095381,0.466239,0.84244,-0.084683
1333,44433,True,0.9995,0.9995,0.432037,0.835515,0.0,0.48338,0.828795,-0.01819,0.525931,0.813018,-0.039741,0.560468,0.80331,-0.062749,0.593987,0.791639,-0.087306,0.52634,0.687835,-0.035992,0.558648,0.687694,-0.072518,0.588793,0.688824,-0.097886,0.616813,0.694463,-0.114178,0.489205,0.668754,-0.046668,0.519337,0.704378,-0.094597,0.526035,0.780591,-0.112616,0.525311,0.83502,-0.117186,0.448035,0.678377,-0.059516,0.470005,0.722521,-0.104958,0.480078,0.793488,-0.107772,0.484315,0.83901,-0.100669,0.408298,0.706864,-0.0734,0.421179,0.739264,-0.104215,0.431201,0.780824,-0.105463,0.435389,0.806678,-0.10051
1334,44466,True,0.9998,0.9998,0.440615,0.826569,0.0,0.490244,0.819391,-0.029646,0.533887,0.795273,-0.054346,0.566333,0.770616,-0.07815,0.580318,0.74464,-0.102709,0.518229,0.661364,-0.039911,0.54319,0.646541,-0.078334,0.572457,0.632457,-0.105724,0.597784,0.625937,-0.122925,0.475581,0.645837,-0.045249,0.506054,0.666029,-0.093133,0.516988,0.739476,-0.109517,0.519655,0.789963,-0.112206,0.433829,0.660732,-0.05424,0.459929,0.70264,-0.10136,0.475159,0.770791,-0.102496,0.48191,0.812546,-0.093391,0.396495,0.696249,-0.0655,0.416738,0.738739,-0.098348,0.433538,0.788082,-0.098522,0.441936,0.817402,-0.091885
1335,44500,True,0.9989,0.9989,0.434578,0.821432,0.0,0.482321,0.808098,-0.027722,0.524795,0.773375,-0.049292,0.551959,0.740935,-0.070138,0.561076,0.714841,-0.091428,0.511043,0.646727,-0.036425,0.533999,0.616159,-0.070659,0.554693,0.586269,-0.093965,0.573773,0.559836,-0.1088,0.466844,0.633979,-0.040713,0.497617,0.648432,-0.088002,0.505421,0.72862,-0.101503,0.503974,0.783096,-0.100905,0.425043,0.650341,-0.04815,0.44804,0.678767,-0.091361,0.462012,0.747168,-0.088078,0.467132,0.789756,-0.075619,0.388414,0.685707,-0.057915,0.405521,0.707444,-0.085182,0.423202,0.752576,-0.081365,0.431808,0.78038,-0.071956
1336,44533,True,0.9986,0.9986,0.429252,0.821773,0.0,0.476683,0.808524,-0.026631,0.520974,0.773908,-0.046672,0.547171,0.737255,-0.065656,0.550847,0.710866,-0.085704,0.50684,0.64854,-0.038666,0.527226,0.620696,-0.069904,0.542286,0.590572,-0.090494,0.556872,0.561679,-0.10383,0.459994,0.633239,-0.041656,0.482198,0.654168,-0.085441,0.491648,0.732957,-0.096747,0.49358,0.789999,-0.095421,0.415657,0.647839,-0.047241,0.434428,0.688841,-0.086046,0.449898,0.753874,-0.082627,0.456464,0.798832,-0.071305,0.37759,0.681808,-0.055287,0.393469,0.714876,-0.079628,0.410226,0.761715,-0.076733,0.417989,0.792754,-0.068634
1337,44566,True,0.9975,0.9975,0.419275,0.827361,-0.0,0.466496,0.810631,-0.023716,0.509413,0.786365,-0.045878,0.542194,0.767826,-0.068854,0.550396,0.756118,-0.091472,0.49096,0.650844,-0.034123,0.503787,0.641969,-0.071953,0.516156,0.644582,-0.097464,0.526224,0.652415,-0.11188,0.447455,0.642049,-0.039576,0.476665,0.699263,-0.084005,0.485668,0.777189,-0.096412,0.485871,0.827291,-0.096207,0.405263,0.663756,-0.048694,0.432215,0.73943,-0.084372,0.439649,0.795961,-0.080473,0.438168,0.823546,-0.069874,0.369347,0.702893,-0.060853,0.390274,0.766628,-0.079387,0.400383,0.803601,-0.074475,0.400261,0.816933,-0.06582
1338,44600,True,0.9987,0.9987,0.40402,0.841033,-0.0,0.458673,0.83033,-0.018841,0.505802,0.820813,-0.041029,0.537978,0.812634,-0.065584,0.55013,0.799021,-0.089761,0.493108,0.678905,-0.035909,0.526535,0.706492,-0.080153,0.537049,0.767242,-0.110188,0.536071,0.8184,-0.123255,0.449243,0.676901,-0.042809,0.474474,0.745573,-0.079169,0.480706,0.817242,-0.091816,0.477773,0.8632,-0.095294,0.405582,0.699111,-0.053122,0.425102,0.769333,-0.081977,0.434185,0.828211,-0.080639,0.434447,0.863452,-0.073771,0.36969,0.734411,-0.065653,0.379197,0.785447,-0.079021,0.389241,0.824102,-0.072633,0.392752,0.846482,-0.063549
1339,44633,True,0.9972,0.9972,0.406031,0.823922,-0.0,0.460122,0.82086,-0.012133,0.504987,0.822633,-0.02969,0.530294,0.841598,-0.050628,0.524794,0.865926,-0.07274,0.49076,0.707922,-0.028835,0.505558,0.7681,-0.061991,0.509248,0.818211,-0.084969,0.507621,0.860061,-0.096101,0.446265,0.703875,-0.037737,0.455413,0.797886,-0.068224,0.460962,0.863329,-0.078145,0.46146,0.910501,-0.080938,0.401464,0.719122,-0.04835,0.412334,0.806737,-0.072782,0.423984,0.862568,-0.071572,0.430416,0.901155,-0.065204,0.364623,0.745871,-0.060882,0.373055,0.810355,-0.071934,0.386647,0.849586,-0.065529,0.396512,0.876516,-0.057107
1340,44666,True,0.9945,0.9945,0.402377,0.824436,-0.0,0.447742,0.820576,-0.020183,0.485161,0.822281,-0.041492,0.508769,0.844582,-0.064184,0.513833,0.864637,-0.087498,0.474885,0.704219,-0.037339,0.487106,0.768236,-0.073504,0.490781,0.820461,-0.098131,0.490855,0.857929,-0.110679,0.428229,0.702217,-0.043557,0.433218,0.792945,-0.079199,0.443432,0.867719,-0.091337,0.449446,0.916868,-0.095056,0.383356,0.718338,-0.052127,0.387979,0.803429,-0.082466,0.400541,0.861635,-0.083512,0.408963,0.89635,-0.07814,0.347141,0.745307,-0.062978,0.350012,0.807047,-0.079352,0.363452,0.848091,-0.07597,0.374182,0.873436,-0.069504
1341,44700,True,0.9986,0.9986,0.385241,0.847028,-0.0,0.423939,0.839144,-0.018209,0.457094,0.825785,-0.037505,0.480839,0.824863,-0.058576,0.502212,0.813226,-0.079061,0.451464,0.69526,-0.032001,0.464775,0.712065,-0.069896,0.475019,0.758543,-0.095246,0.477797,0.802662,-0.106348,0.406697,0.691837,-0.038065,0.4169,0.762054,-0.074865,0.432224,0.835776,-0.087857,0.438464,0.882702,-0.090639,0.362025,0.712215,-0.046983,0.368183,0.779083,-0.078454,0.38377,0.837039,-0.078219,0.390938,0.870674,-0.071301,0.32338,0.746093,-0.057688,0.327664,0.794316,-0.075892,0.345975,0.836448,-0.071194,0.357957,0.860504,-0.062391
1342,44733,True,0.996,0.996,0.374034,0.843484,0.0,0.416463,0.830346,-0.025801,0.45654,0.807683,-0.046547,0.48328,0.789678,-0.066907,0.487965,0.77155,-0.088959,0.45295,0.688889,-0.03828,0.467025,0.666655,-0.068992,0.477014,0.638821,-0.090541,0.484678,0.616372,-0.10458,0.405254,0.667602,-0.040779,0.410383,0.707484,-0.083647,0.421388,0.780702,-0.096889,0.429234,0.832006,-0.097451,0.357163,0.678734,-0.045678,0.359823,0.730206,-0.085147,0.373325,0.796875,-0.083887,0.384534,0.841053,-0.074046,0.316506,0.709647,-0.052731,0.315839,0.752739,-0.08222,0.333795,0.802736,-0.08224,0.350152,0.834682,-0.074898
1343,44766,True,0.9979,0.9979,0.381742,0.832398,0.0,0.425585,0.820686,-0.027483,0.462859,0.792582,-0.049296,0.484072,0.767702,-0.071016,0.49317,0.740923,-0.094176,0.453298,0.662504,-0.043191,0.463488,0.63243,-0.077616,0.473673,0.602199,-0.10098,0.48592,0.574974,-0.115935,0.405011,0.646998,-0.047733,0.407236,0.673426,-0.097466,0.423487,0.748785,-0.11336,0.435316,0.806431,-0.113953,0.358003,0.664251,-0.0545,0.356689,0.702266,-0.098208,0.376933,0.769314,-0.095248,0.392469,0.817421,-0.082775,0.317471,0.701277,-0.06366,0.312971,0.724673,-0.093669,0.33068,0.766882,-0.091106,0.346348,0.796411,-0.081382
1344,44800,True,0.996,0.996,0.387873,0.812864,0.0,0.425326,0.807996,-0.03487,0.461991,0.783494,-0.062111,0.486304,0.765316,-0.08771,0.499716,0.74292,-0.11405,0.458346,0.65523,-0.051519,0.47465,0.614386,-0.090446,0.489316,0.577821,-0.11511,0.502244,0.550214,-0.130682,0.409462,0.639446,-0.053612,0.415356,0.656266,-0.109233,0.432835,0.742699,-0.123577,0.442128,0.801682,-0.121515,0.362004,0.656518,-0.058955,0.362163,0.690481,-0.109818,0.382545,0.764968,-0.104588,0.394606,0.8096,-0.088705,0.320336,0.693243,-0.066907,0.316458,0.719351,-0.103047,0.338935,0.768664,-0.099967,0.355477,0.796213,-0.088718
1345,44833,True,0.9973,0.9973,0.37825,0.809923,-0.0,0.420535,0.798845,-0.027919,0.458493,0.784864,-0.054407,0.486826,0.781211,-0.081266,0.504726,0.783731,-0.107592,0.455444,0.655127,-0.044972,0.465911,0.672665,-0.091518,0.476834,0.721832,-0.122828,0.483226,0.770825,-0.137104,0.409164,0.647271,-0.047577,0.418268,0.71265,-0.093048,0.432014,0.78832,-0.108732,0.440165,0.842052,-0.111839,0.363519,0.663589,-0.054059,0.368873,0.72637,-0.090373,0.380586,0.788822,-0.090474,0.38774,0.830114,-0.082681,0.324059,0.693047,-0.063499,0.323883,0.740973,-0.08393,0.335779,0.785469,-0.080722,0.345236,0.812592,-0.072579
1346,44866,True,0.9974,0.9974,0.377928,0.823204,-0.0,0.418447,0.825864,-0.028126,0.457085,0.82355,-0.05484,0.487237,0.828992,-0.081905,0.504813,0.819873,-0.108505,0.461053,0.677791,-0.047077,0.470795,0.709045,-0.093417,0.478083,0.756244,-0.12448,0.479261,0.801123,-0.139074,0.413883,0.667054,-0.050591,0.423234,0.745407,-0.0969,0.432291,0.828436,-0.112728,0.434299,0.884432,-0.115957,0.366352,0.682091,-0.057618,0.37035,0.749324,-0.097065,0.38203,0.817937,-0.097358,0.387463,0.86184,-0.089037,0.324846,0.713081,-0.06728,0.326134,0.763617,-0.092555,0.34139,0.813426,-0.090334,0.351918,0.844253,-0.081884
1347,44900,True,0.998,0.998,0.381217,0.840291,-0.0,0.428938,0.842732,-0.031631,0.47238,0.83957,-0.05973,0.502235,0.837558,-0.087399,0.499295,0.810847,-0.114808,0.466245,0.680804,-0.050367,0.474529,0.722734,-0.099867,0.4817,0.769789,-0.133281,0.481426,0.807189,-0.149547,0.415932,0.673259,-0.053878,0.424282,0.748433,-0.102515,0.436477,0.833541,-0.119818,0.438808,0.885303,-0.124275,0.3656,0.692267,-0.06132,0.369549,0.752419,-0.105013,0.384765,0.827621,-0.105714,0.391666,0.871938,-0.097144,0.323724,0.728473,-0.071424,0.322959,0.767297,-0.100838,0.339115,0.818197,-0.09946,0.349693,0.850181,-0.091301
1348,44933,True,0.9974,0.9974,0.378671,0.847319,-0.0,0.43184,0.846833,-0.029649,0.477636,0.84039,-0.055851,0.505662,0.834297,-0.082046,0.49622,0.806341,-0.108119,0.464503,0.682922,-0.044095,0.470607,0.714342,-0.089425,0.480672,0.75745,-0.121591,0.485105,0.79593,-0.137585,0.414006,0.676859,-0.048112,0.420456,0.744401,-0.093822,0.432583,0.829869,-0.11214,0.436409,0.884432,-0.11749,0.363703,0.697637,-0.055733,0.367186,0.750429,-0.094404,0.380561,0.820718,-0.095365,0.386691,0.861669,-0.088165,0.321933,0.734403,-0.066089,0.318575,0.76437,-0.089719,0.330312,0.807587,-0.086466,0.33794,0.833235,-0.078286
1349,44966,True,0.9973,0.9973,0.379202,0.848705,-0.0,0.430578,0.849454,-0.027204,0.47519,0.84128,-0.051247,0.504124,0.83245,-0.075548,0.4935,0.800843,-0.099451,0.460725,0.684448,-0.038535,0.467949,0.713847,-0.081368,0.477973,0.757317,-0.1115,0.480469,0.79468,-0.126051,0.410939,0.678524,-0.04284,0.417943,0.744333,-0.085971,0.431644,0.830081,-0.103229,0.43619,0.883858,-0.1078,0.36121,0.699222,-0.050617,0.363988,0.754146,-0.08793,0.378067,0.823777,-0.089051,0.384895,0.862409,-0.081866,0.320057,0.735328,-0.06083,0.31526,0.764823,-0.083718,0.326432,0.808579,-0.08028,0.333442,0.834386,-0.071852
1350,45000,True,0.9969,0.9969,0.378007,0.848931,-0.0,0.429156,0.848136,-0.029248,0.474697,0.836278,-0.053789,0.502151,0.823428,-0.078104,0.494191,0.789577,-0.101925,0.457849,0.683299,-0.039593,0.463629,0.708009,-0.082491,0.475412,0.746346,-0.111715,0.481035,0.782249,-0.125623,0.407943,0.677483,-0.042893,0.415795,0.742339,-0.087402,0.42747,0.827999,-0.10402,0.432246,0.881707,-0.107322,0.35925,0.697799,-0.049937,0.363301,0.753342,-0.089653,0.377084,0.823563,-0.089967,0.385696,0.862932,-0.081372,0.318803,0.733334,-0.059513,0.315553,0.764911,-0.085445,0.328625,0.812685,-0.082155,0.338901,0.840012,-0.072829
1351,45033,True,0.996,0.996,0.379922,0.84845,-0.0,0.43075,0.846025,-0.029805,0.47418,0.833573,-0.054523,0.499852,0.823257,-0.078931,0.501661,0.792845,-0.103695,0.458251,0.685719,-0.042092,0.463904,0.710993,-0.083164,0.477952,0.740465,-0.112604,0.489318,0.771273,-0.12783,0.409854,0.676866,-0.044999,0.417301,0.740108,-0.089404,0.428379,0.822594,-0.108026,0.433955,0.878981,-0.113196,0.361831,0.6967,-0.051224,0.363439,0.749309,-0.091291,0.377023,0.820896,-0.093842,0.387467,0.865497,-0.086863,0.321157,0.733174,-0.059893,0.31377,0.755815,-0.086184,0.323049,0.79556,-0.084706,0.331721,0.820233,-0.077166
1352,45066,True,0.9972,0.9972,0.386268,0.853467,-0.0,0.436177,0.847932,-0.026476,0.48116,0.833219,-0.049752,0.507084,0.819168,-0.073164,0.498763,0.790119,-0.096992,0.460904,0.683262,-0.038349,0.466081,0.711703,-0.079855,0.47831,0.74251,-0.109734,0.488594,0.770868,-0.125201,0.411905,0.676802,-0.042999,0.419006,0.736564,-0.085611,0.430575,0.818291,-0.10283,0.435865,0.871656,-0.107577,0.363627,0.69928,-0.050956,0.366886,0.746994,-0.089482,0.37926,0.818108,-0.090332,0.387012,0.860016,-0.082623,0.324288,0.738769,-0.061134,0.316452,0.757212,-0.085426,0.322718,0.793484,-0.082558,0.326935,0.814025,-0.074507
1353,45100,True,0.9963,0.9963,0.387418,0.847159,-0.0,0.438902,0.843633,-0.02507,0.486106,0.829582,-0.046549,0.510086,0.813007,-0.06815,0.501643,0.781374,-0.090327,0.465898,0.682698,-0.037077,0.467925,0.710109,-0.075974,0.479241,0.736328,-0.105006,0.489113,0.762968,-0.120129,0.417285,0.673787,-0.040742,0.419928,0.737201,-0.07988,0.430388,0.813352,-0.09615,0.435155,0.868232,-0.101015,0.369517,0.693371,-0.047377,0.368194,0.744605,-0.081096,0.37949,0.80913,-0.081394,0.386872,0.851013,-0.074602,0.329609,0.730057,-0.05642,0.32153,0.75274,-0.077726,0.327188,0.788499,-0.074537,0.330703,0.810184,-0.066765
1354,45133,True,0.9973,0.9973,0.387791,0.846161,-0.0,0.438422,0.839674,-0.025116,0.484085,0.822106,-0.046548,0.510821,0.805077,-0.068335,0.501073,0.772143,-0.089352,0.462503,0.67616,-0.033,0.46523,0.688294,-0.075122,0.478937,0.722872,-0.105195,0.489503,0.760436,-0.11905,0.414306,0.667507,-0.036172,0.421255,0.727189,-0.077588,0.433463,0.806409,-0.09222,0.437262,0.861383,-0.093738,0.367218,0.68742,-0.043245,0.372428,0.747799,-0.077436,0.385491,0.81191,-0.074832,0.390722,0.850226,-0.06443,0.328378,0.723963,-0.053163,0.328184,0.762645,-0.073523,0.337079,0.803016,-0.0688,0.339388,0.824528,-0.058529
1355,45166,True,0.9956,0.9956,0.388383,0.835845,-0.0,0.43539,0.831274,-0.028598,0.479319,0.815467,-0.051944,0.507085,0.801365,-0.074958,0.501012,0.770851,-0.097247,0.463834,0.669985,-0.037304,0.466949,0.689969,-0.078457,0.476913,0.720404,-0.107033,0.483093,0.751374,-0.120506,0.41577,0.660716,-0.038762,0.421953,0.725575,-0.079946,0.43407,0.803712,-0.094229,0.438361,0.855464,-0.096085,0.368897,0.679339,-0.044049,0.371649,0.737413,-0.078654,0.385021,0.802201,-0.075562,0.391528,0.84118,-0.065181,0.32913,0.715114,-0.052377,0.327797,0.748182,-0.073929,0.338826,0.790226,-0.06912,0.344475,0.814032,-0.058807
1356,45200,True,0.9959,0.9959,0.385356,0.834594,-0.0,0.432859,0.827653,-0.026044,0.475404,0.810886,-0.048518,0.50458,0.79889,-0.071665,0.501957,0.769764,-0.094908,0.462358,0.66534,-0.034126,0.462238,0.67841,-0.074517,0.471736,0.705514,-0.104121,0.480263,0.735888,-0.119283,0.415224,0.655197,-0.037455,0.422142,0.721097,-0.080637,0.434489,0.799378,-0.098034,0.441678,0.853974,-0.102209,0.36852,0.673433,-0.044375,0.372161,0.730322,-0.081788,0.384049,0.797718,-0.082295,0.392147,0.840474,-0.074209,0.328479,0.708709,-0.053912,0.325801,0.744498,-0.07936,0.338927,0.790075,-0.077594,0.349526,0.817686,-0.069229
1357,45233,True,0.9957,0.9957,0.385738,0.827888,-0.0,0.431444,0.820629,-0.025614,0.471557,0.804461,-0.048556,0.500057,0.79673,-0.072406,0.506775,0.773975,-0.096508,0.461098,0.661397,-0.033908,0.462344,0.680023,-0.074258,0.473165,0.704845,-0.104038,0.483527,0.730744,-0.120192,0.414089,0.651304,-0.038309,0.421663,0.716545,-0.082829,0.43531,0.795026,-0.100946,0.443014,0.849103,-0.10564,0.367577,0.670158,-0.046119,0.371564,0.724091,-0.085794,0.384706,0.792807,-0.086805,0.393408,0.835606,-0.078839,0.327522,0.706732,-0.056353,0.32642,0.745427,-0.084673,0.342176,0.792767,-0.083986,0.354873,0.820707,-0.076149
1358,45266,True,0.9962,0.9962,0.383483,0.82497,-0.0,0.430238,0.817216,-0.025493,0.470657,0.802733,-0.048952,0.498956,0.795234,-0.073353,0.506909,0.774089,-0.097884,0.460397,0.658016,-0.034059,0.463823,0.678973,-0.074233,0.474354,0.702675,-0.103383,0.483853,0.727736,-0.118927,0.412734,0.649503,-0.038095,0.421847,0.714387,-0.080286,0.434514,0.79045,-0.09682,0.441528,0.84067,-0.10096,0.366445,0.669013,-0.045664,0.371778,0.725069,-0.082501,0.385336,0.788883,-0.082814,0.393119,0.827347,-0.075205,0.326786,0.704926,-0.055816,0.327111,0.746789,-0.080292,0.343358,0.790793,-0.078648,0.355455,0.815321,-0.071083
1359,45300,True,0.9965,0.9965,0.383974,0.824465,-0.0,0.430099,0.818018,-0.025343,0.470597,0.803269,-0.048196,0.499411,0.796545,-0.071888,0.508174,0.776848,-0.095943,0.460007,0.659689,-0.034768,0.463993,0.681698,-0.07422,0.475561,0.703115,-0.103346,0.485682,0.724625,-0.119338,0.413472,0.650903,-0.038963,0.42295,0.715146,-0.080784,0.43613,0.790178,-0.0978,0.442795,0.840028,-0.102623,0.367501,0.67015,-0.046441,0.37344,0.726072,-0.082774,0.386643,0.789652,-0.083263,0.393263,0.828064,-0.076042,0.328093,0.706071,-0.05648,0.328243,0.74653,-0.080116,0.343973,0.789527,-0.077986,0.354894,0.813926,-0.070484
1360,45333,True,0.9969,0.9969,0.385613,0.82058,-0.0,0.431197,0.815337,-0.024872,0.471421,0.801013,-0.047614,0.499925,0.794574,-0.071235,0.509441,0.776405,-0.095358,0.460632,0.658262,-0.034512,0.46522,0.684646,-0.073379,0.476329,0.705432,-0.101817,0.485433,0.724782,-0.117499,0.413951,0.65016,-0.039075,0.42324,0.714552,-0.080771,0.436946,0.78949,-0.097374,0.443619,0.83918,-0.10191,0.367914,0.669645,-0.046789,0.373572,0.724135,-0.08372,0.387656,0.788811,-0.083968,0.394994,0.828091,-0.076287,0.328548,0.70574,-0.056896,0.327917,0.742995,-0.081198,0.343604,0.785897,-0.078973,0.354755,0.811204,-0.071186
1361,45366,True,0.9966,0.9966,0.388012,0.814153,-0.0,0.433777,0.810708,-0.028275,0.474554,0.800198,-0.053993,0.502798,0.796671,-0.07995,0.509305,0.780724,-0.1065,0.46275,0.65505,-0.040908,0.468096,0.685949,-0.08281,0.480366,0.707665,-0.113329,0.490628,0.727975,-0.130275,0.414766,0.647277,-0.044777,0.425206,0.715106,-0.08831,0.437988,0.790543,-0.105298,0.443689,0.838135,-0.110352,0.368,0.668351,-0.052058,0.374812,0.725845,-0.090647,0.3889,0.790398,-0.090954,0.395461,0.826938,-0.083525,0.328604,0.706084,-0.061993,0.33017,0.747288,-0.087102,0.347014,0.789892,-0.085003,0.358256,0.812378,-0.077735
1362,45400,True,0.9958,0.9958,0.386274,0.816764,-0.0,0.431751,0.812519,-0.027651,0.47138,0.800401,-0.052867,0.500581,0.798442,-0.078457,0.515187,0.784301,-0.104266,0.459387,0.659023,-0.042116,0.464169,0.679605,-0.082867,0.476829,0.704232,-0.11126,0.488057,0.728569,-0.126643,0.413052,0.650787,-0.046,0.426076,0.715787,-0.089696,0.43816,0.794101,-0.105965,0.444149,0.845312,-0.110162,0.367937,0.67106,-0.053056,0.376851,0.727968,-0.09146,0.390885,0.795345,-0.091557,0.398961,0.834991,-0.083811,0.329765,0.708118,-0.062704,0.331153,0.747851,-0.087808,0.34765,0.790625,-0.085904,0.359794,0.814271,-0.078578
1363,45433,True,0.9963,0.9963,0.390557,0.823033,-0.0,0.437887,0.820237,-0.030382,0.47815,0.811815,-0.05698,0.506484,0.806567,-0.083273,0.513397,0.778473,-0.109596,0.465672,0.662286,-0.04534,0.470685,0.680677,-0.08838,0.481651,0.711712,-0.11856,0.49064,0.745279,-0.133848,0.4178,0.653463,-0.047289,0.426093,0.71732,-0.09035,0.43636,0.793001,-0.107329,0.442738,0.845054,-0.112282,0.371793,0.673763,-0.052859,0.378687,0.733397,-0.090088,0.392437,0.797546,-0.091776,0.40174,0.838318,-0.085562,0.33386,0.710863,-0.061265,0.334865,0.751245,-0.085863,0.350642,0.793257,-0.085201,0.362989,0.818385,-0.078836
1364,45466,True,0.9971,0.9971,0.391555,0.822752,-0.0,0.440946,0.821073,-0.029876,0.484592,0.812946,-0.056103,0.513346,0.807042,-0.08215,0.509349,0.78293,-0.108236,0.468723,0.664355,-0.045355,0.473433,0.687508,-0.089572,0.48377,0.72322,-0.119964,0.490716,0.757684,-0.134672,0.419922,0.657599,-0.04748,0.428178,0.722716,-0.090795,0.438597,0.80052,-0.106666,0.443871,0.853063,-0.110147,0.373129,0.67784,-0.053246,0.379679,0.738783,-0.089716,0.393013,0.803766,-0.089596,0.400919,0.843939,-0.08142,0.334834,0.713505,-0.061945,0.335061,0.75544,-0.0841,0.347965,0.796855,-0.081359,0.356706,0.820548,-0.073202
1365,45500,True,0.9965,0.9965,0.390653,0.828717,-0.0,0.441015,0.826724,-0.028656,0.484901,0.818696,-0.053762,0.514235,0.811264,-0.078984,0.511073,0.781285,-0.104573,0.466431,0.670509,-0.046455,0.472263,0.696341,-0.088569,0.482577,0.728129,-0.118524,0.48811,0.758129,-0.134053,0.418577,0.664739,-0.049485,0.42799,0.73105,-0.091503,0.439563,0.805987,-0.108816,0.444332,0.858349,-0.11475,0.372044,0.684851,-0.055478,0.377752,0.740821,-0.090865,0.392422,0.804988,-0.092227,0.401051,0.847025,-0.086369,0.333121,0.720344,-0.064265,0.332838,0.757606,-0.086779,0.346574,0.798094,-0.085054,0.356775,0.824105,-0.078426
1366,45533,True,0.997,0.997,0.386252,0.834542,-0.0,0.440154,0.832455,-0.028347,0.486557,0.825966,-0.053538,0.515258,0.817439,-0.078833,0.511192,0.785996,-0.10458,0.468468,0.675311,-0.046501,0.473372,0.701689,-0.086955,0.483007,0.733674,-0.115159,0.488158,0.764446,-0.129501,0.421016,0.668403,-0.049706,0.429026,0.733859,-0.090081,0.437291,0.807307,-0.107096,0.439426,0.85903,-0.113239,0.374021,0.688139,-0.055774,0.378111,0.742287,-0.090775,0.391327,0.807496,-0.092677,0.399763,0.850734,-0.087283,0.334393,0.723475,-0.064407,0.329597,0.747682,-0.086157,0.338715,0.782607,-0.084159,0.346049,0.806216,-0.077681
1367,45566,True,0.9975,0.9975,0.386844,0.835226,-0.0,0.438748,0.833705,-0.02902,0.482917,0.825854,-0.054711,0.511699,0.818013,-0.080453,0.513135,0.785558,-0.106569,0.467699,0.675086,-0.046711,0.472467,0.699362,-0.08822,0.484679,0.731917,-0.117027,0.493823,0.762814,-0.131796,0.421537,0.667492,-0.050496,0.42898,0.737351,-0.093941,0.437844,0.813908,-0.112155,0.44084,0.864633,-0.118327,0.374816,0.687808,-0.057402,0.378722,0.746998,-0.096747,0.392933,0.815698,-0.100015,0.402694,0.857522,-0.094463,0.335014,0.723781,-0.066664,0.329376,0.744736,-0.091316,0.336026,0.77348,-0.09067,0.341598,0.789356,-0.084792
1368,45600,True,0.9978,0.9978,0.391857,0.829722,-0.0,0.444515,0.829816,-0.028639,0.490316,0.823512,-0.053968,0.517489,0.814049,-0.079029,0.507717,0.782273,-0.104332,0.471528,0.673641,-0.045587,0.476063,0.70866,-0.086474,0.484342,0.74407,-0.114354,0.487767,0.772626,-0.128535,0.423016,0.666801,-0.049065,0.430474,0.7384,-0.089535,0.439243,0.814965,-0.105558,0.44181,0.862167,-0.110754,0.375023,0.686949,-0.055565,0.380191,0.750197,-0.09222,0.393792,0.816913,-0.093073,0.402139,0.854136,-0.086371,0.334933,0.723004,-0.064517,0.331988,0.749936,-0.087246,0.341533,0.785096,-0.084508,0.348949,0.805065,-0.077194
1369,45633,True,0.9964,0.9964,0.387186,0.828268,-0.0,0.441185,0.82939,-0.027348,0.488786,0.823658,-0.051666,0.516559,0.813922,-0.076073,0.514312,0.780163,-0.101165,0.472035,0.676219,-0.04418,0.476299,0.697562,-0.083433,0.486356,0.724797,-0.111112,0.49326,0.753696,-0.125636,0.425235,0.665127,-0.047482,0.431349,0.735203,-0.087609,0.44007,0.810337,-0.104445,0.444853,0.862824,-0.110263,0.378681,0.681103,-0.053576,0.384099,0.750947,-0.090433,0.398285,0.81787,-0.093011,0.408384,0.860339,-0.087457,0.338616,0.713684,-0.062089,0.335885,0.752288,-0.086808,0.347369,0.795925,-0.085984,0.357426,0.824237,-0.079611
1370,45666,True,0.9979,0.9979,0.392496,0.830296,-0.0,0.443885,0.828618,-0.02741,0.488971,0.819162,-0.051701,0.51744,0.80968,-0.076262,0.511563,0.77689,-0.101322,0.470103,0.674887,-0.043569,0.474507,0.700586,-0.085142,0.485242,0.726268,-0.11483,0.492912,0.748622,-0.130955,0.421913,0.665661,-0.048078,0.428858,0.739287,-0.090818,0.44033,0.816115,-0.107661,0.445467,0.86211,-0.113303,0.374221,0.685034,-0.055718,0.379744,0.749135,-0.093755,0.395068,0.815496,-0.094046,0.404253,0.851845,-0.087099,0.334175,0.720964,-0.06601,0.332285,0.754341,-0.090258,0.342983,0.791683,-0.08812,0.351185,0.811691,-0.081235
1371,45700,True,0.996,0.996,0.386489,0.833438,-0.0,0.440872,0.830923,-0.026742,0.489114,0.821245,-0.050336,0.517227,0.808201,-0.074065,0.513896,0.774407,-0.098349,0.473904,0.673134,-0.040622,0.47525,0.695146,-0.078504,0.484813,0.720672,-0.105455,0.492004,0.746105,-0.119817,0.42749,0.662364,-0.043544,0.433387,0.733077,-0.082297,0.440966,0.807683,-0.098176,0.44429,0.857095,-0.103361,0.380939,0.678137,-0.049378,0.385975,0.745274,-0.085202,0.40048,0.812081,-0.086652,0.409934,0.853075,-0.080308,0.340273,0.710084,-0.057587,0.338863,0.747344,-0.081279,0.350511,0.79151,-0.07942,0.359412,0.818857,-0.072219
1372,45733,True,0.9978,0.9978,0.391128,0.830444,-0.0,0.442013,0.829075,-0.025399,0.486184,0.818988,-0.048293,0.51536,0.811172,-0.071738,0.514054,0.7796,-0.095539,0.469573,0.673884,-0.03935,0.47587,0.69276,-0.078925,0.487159,0.718988,-0.107446,0.495044,0.74511,-0.122571,0.422589,0.66323,-0.043439,0.431121,0.739195,-0.083036,0.440083,0.812955,-0.098469,0.443359,0.858593,-0.103222,0.375837,0.681216,-0.050698,0.383248,0.754582,-0.08537,0.396935,0.815781,-0.08562,0.404075,0.849565,-0.079029,0.336184,0.715934,-0.060631,0.337161,0.761517,-0.082768,0.34935,0.801675,-0.080547,0.357812,0.823694,-0.073486
1373,45766,True,0.9969,0.9969,0.387451,0.838034,-0.0,0.441535,0.833394,-0.02609,0.489139,0.823565,-0.050197,0.517595,0.811297,-0.074722,0.514199,0.777479,-0.099847,0.474065,0.6703,-0.040026,0.476256,0.696708,-0.079258,0.486461,0.725703,-0.107307,0.494058,0.752236,-0.122474,0.426599,0.661442,-0.044049,0.433205,0.729879,-0.083882,0.441003,0.806139,-0.100466,0.443783,0.856489,-0.106049,0.379586,0.679214,-0.051085,0.385586,0.746055,-0.08777,0.400542,0.814286,-0.089707,0.409605,0.855789,-0.083636,0.339539,0.714182,-0.060454,0.339743,0.754642,-0.084362,0.352485,0.79911,-0.08292,0.361729,0.825776,-0.076181
1374,45800,True,0.9963,0.9963,0.386015,0.832693,-0.0,0.438384,0.829634,-0.023403,0.482334,0.821645,-0.045721,0.512152,0.81511,-0.069083,0.523683,0.785966,-0.093308,0.471881,0.676183,-0.036171,0.478417,0.698909,-0.073466,0.49232,0.727966,-0.101693,0.504043,0.757386,-0.117073,0.428572,0.666199,-0.040301,0.437732,0.736341,-0.077066,0.443613,0.807031,-0.093846,0.445517,0.856592,-0.100459,0.384515,0.681059,-0.047281,0.391126,0.749404,-0.0809,0.401587,0.812463,-0.084033,0.407829,0.853799,-0.079553,0.345916,0.711543,-0.056521,0.34499,0.751777,-0.078457,0.354313,0.794316,-0.077565,0.36156,0.82257,-0.07162
1375,45833,True,0.9957,0.9957,0.397386,0.8271,-0.0,0.452738,0.827615,-0.019082,0.501929,0.816621,-0.03682,0.532733,0.80451,-0.056312,0.534482,0.780312,-0.076105,0.485787,0.681204,-0.024665,0.492794,0.696023,-0.056252,0.502846,0.719707,-0.079995,0.510177,0.746468,-0.092415,0.442585,0.663223,-0.028284,0.453359,0.732988,-0.060295,0.461068,0.801257,-0.07403,0.464247,0.853192,-0.077861,0.398971,0.671045,-0.034619,0.411977,0.748004,-0.060952,0.418158,0.802886,-0.0614,0.419708,0.840325,-0.055849,0.361125,0.69564,-0.043472,0.372484,0.752693,-0.059083,0.378985,0.794096,-0.056884,0.380356,0.819577,-0.050572
1376,45866,True,0.9975,0.9975,0.400239,0.822704,0.0,0.457494,0.811856,-0.016107,0.503213,0.797354,-0.035444,0.535161,0.787748,-0.057495,0.543178,0.773828,-0.080492,0.485384,0.670053,-0.029846,0.507539,0.662691,-0.065338,0.529478,0.686072,-0.091463,0.545224,0.719151,-0.104912,0.443659,0.658091,-0.037248,0.465631,0.720095,-0.073139,0.476403,0.789196,-0.08645,0.47831,0.837991,-0.089827,0.401104,0.672142,-0.047277,0.417761,0.737992,-0.073039,0.424508,0.786673,-0.071185,0.424445,0.816564,-0.065422,0.364157,0.700415,-0.059993,0.371818,0.754405,-0.072803,0.381395,0.7908,-0.067942,0.385297,0.812087,-0.060871
1377,45900,True,0.9954,0.9954,0.409271,0.809695,0.0,0.462189,0.796188,-0.023726,0.50593,0.772299,-0.046584,0.541198,0.757619,-0.070161,0.569975,0.745106,-0.094542,0.492981,0.642919,-0.034753,0.517129,0.634348,-0.070449,0.539898,0.644859,-0.096618,0.557379,0.661378,-0.111283,0.453429,0.63129,-0.038713,0.484123,0.67466,-0.07999,0.491982,0.747985,-0.094433,0.490472,0.800084,-0.096666,0.414144,0.644679,-0.045664,0.438821,0.693343,-0.080959,0.446914,0.755263,-0.079806,0.447351,0.796503,-0.071072,0.378829,0.673524,-0.055053,0.394876,0.704741,-0.077235,0.405998,0.750568,-0.073328,0.409598,0.782941,-0.06446
1378,45933,True,0.9991,0.9991,0.424542,0.788442,0.0,0.476221,0.778235,-0.021581,0.51983,0.751578,-0.04243,0.5497,0.726912,-0.064136,0.577612,0.70535,-0.087956,0.511959,0.625086,-0.037401,0.545322,0.612565,-0.072926,0.574712,0.593807,-0.09755,0.601134,0.576475,-0.112691,0.469857,0.608534,-0.044125,0.50402,0.629473,-0.08846,0.515685,0.694511,-0.103077,0.517773,0.74165,-0.104358,0.428719,0.621538,-0.052897,0.458526,0.671552,-0.095343,0.468223,0.738678,-0.093541,0.468547,0.779856,-0.081892,0.391207,0.656244,-0.063277,0.411537,0.696779,-0.090245,0.425208,0.744729,-0.08634,0.42908,0.77437,-0.076403
1379,45966,True,0.999,0.999,0.441669,0.758839,0.0,0.487959,0.75122,-0.017864,0.53031,0.722047,-0.036715,0.560997,0.695902,-0.056774,0.587045,0.672704,-0.079112,0.519174,0.608845,-0.035124,0.559075,0.571766,-0.065474,0.592683,0.544698,-0.086373,0.620585,0.521181,-0.099479,0.481142,0.595168,-0.041902,0.516242,0.615125,-0.081881,0.521013,0.684409,-0.091675,0.515945,0.731857,-0.090471,0.444615,0.607772,-0.050252,0.472848,0.642843,-0.084782,0.480163,0.70297,-0.078014,0.47627,0.740732,-0.065522,0.409641,0.637812,-0.060231,0.431263,0.666241,-0.081402,0.443149,0.710044,-0.073858,0.443578,0.736301,-0.062603
1380,46000,True,0.9988,0.9988,0.467251,0.734351,0.0,0.513454,0.728707,-0.022235,0.557628,0.696955,-0.041465,0.588187,0.669072,-0.060879,0.606599,0.64209,-0.081541,0.540154,0.582034,-0.034681,0.580578,0.536611,-0.064363,0.616362,0.508989,-0.084129,0.644275,0.485061,-0.096034,0.500488,0.571615,-0.039563,0.538246,0.567926,-0.079618,0.544039,0.641157,-0.087822,0.536283,0.688883,-0.084772,0.46225,0.584292,-0.04672,0.489752,0.593158,-0.082082,0.499731,0.65686,-0.07275,0.496089,0.694269,-0.05753,0.42577,0.612701,-0.055748,0.446742,0.604632,-0.076841,0.461511,0.645298,-0.066128,0.461828,0.672046,-0.052322
1381,46033,True,0.9983,0.9983,0.476485,0.715515,0.0,0.524083,0.714117,-0.022915,0.571157,0.682785,-0.040539,0.602108,0.655644,-0.057913,0.61605,0.622681,-0.075964,0.56519,0.557042,-0.028097,0.605502,0.508528,-0.054329,0.639374,0.476283,-0.074326,0.665639,0.448706,-0.087558,0.526317,0.546387,-0.031875,0.558923,0.536362,-0.067427,0.56551,0.605986,-0.076827,0.559397,0.652911,-0.076617,0.487119,0.558066,-0.038169,0.51512,0.550638,-0.070317,0.52626,0.613845,-0.060954,0.522726,0.654128,-0.047608,0.448361,0.585266,-0.046563,0.473164,0.567695,-0.068289,0.487476,0.611972,-0.057722,0.485986,0.643124,-0.044668
1382,46066,True,0.9987,0.9987,0.499485,0.704062,0.0,0.546773,0.696755,-0.019938,0.589953,0.656334,-0.036219,0.617249,0.623874,-0.05313,0.635536,0.594109,-0.070733,0.585928,0.524787,-0.025974,0.626466,0.477544,-0.052732,0.657957,0.443312,-0.073187,0.682865,0.412922,-0.087362,0.544214,0.51118,-0.032049,0.577811,0.514494,-0.069504,0.585488,0.590444,-0.079996,0.580559,0.638805,-0.080124,0.502361,0.525697,-0.040277,0.531133,0.531543,-0.074405,0.544668,0.598074,-0.066672,0.54283,0.638592,-0.054181,0.46298,0.559747,-0.05038,0.489492,0.558566,-0.073965,0.503975,0.60577,-0.065123,0.503119,0.635741,-0.052928
1383,46100,True,0.9962,0.9962,0.499579,0.69373,0.0,0.548723,0.684047,-0.018416,0.594597,0.637915,-0.03373,0.623988,0.60191,-0.050385,0.651411,0.57703,-0.067542,0.592188,0.514512,-0.024208,0.637323,0.458726,-0.051499,0.66722,0.422189,-0.070007,0.690661,0.387541,-0.082812,0.553137,0.501685,-0.031149,0.596829,0.490821,-0.072201,0.60527,0.567734,-0.082487,0.598806,0.616584,-0.081169,0.513621,0.512171,-0.040176,0.549497,0.504246,-0.079259,0.561765,0.577116,-0.071071,0.558219,0.621173,-0.056377,0.474258,0.541078,-0.050653,0.506415,0.535383,-0.078558,0.522207,0.586272,-0.070828,0.521692,0.61885,-0.058296
1384,46133,True,0.9964,0.9964,0.507531,0.691618,0.0,0.556429,0.681334,-0.017005,0.60254,0.629768,-0.031073,0.632684,0.590131,-0.047057,0.661926,0.565125,-0.063276,0.602309,0.506279,-0.023223,0.649036,0.445803,-0.050933,0.679404,0.406167,-0.068537,0.702769,0.369371,-0.080487,0.564188,0.494312,-0.031014,0.609536,0.474993,-0.07327,0.616017,0.553074,-0.082857,0.608228,0.604068,-0.080157,0.525457,0.503347,-0.040875,0.564647,0.493461,-0.081806,0.573573,0.569294,-0.073535,0.568186,0.614952,-0.057622,0.486221,0.529256,-0.052029,0.521289,0.522203,-0.081063,0.5362,0.574832,-0.07381,0.535152,0.609239,-0.061025
1385,46166,True,0.9952,0.9952,0.511287,0.693631,0.0,0.560649,0.683208,-0.021699,0.603987,0.634142,-0.038544,0.63353,0.592803,-0.056387,0.66371,0.56446,-0.073996,0.606075,0.509333,-0.029617,0.652593,0.443243,-0.059317,0.682958,0.402264,-0.077698,0.706599,0.365137,-0.089845,0.567258,0.497156,-0.035774,0.611859,0.472376,-0.081241,0.619087,0.549157,-0.091892,0.611833,0.604402,-0.088957,0.528196,0.505129,-0.044245,0.565331,0.493831,-0.086629,0.57502,0.567215,-0.079297,0.570228,0.614287,-0.063444,0.48904,0.529672,-0.05454,0.522476,0.524763,-0.08376,0.537932,0.575423,-0.077414,0.537444,0.610595,-0.065106
1386,46200,True,0.9957,0.9957,0.504701,0.698174,0.0,0.559329,0.686653,-0.022213,0.603926,0.640592,-0.039076,0.632279,0.598209,-0.05715,0.660989,0.567671,-0.075184,0.602431,0.513483,-0.027979,0.645,0.45034,-0.054458,0.670688,0.409128,-0.071555,0.691115,0.371423,-0.083209,0.563011,0.501169,-0.033243,0.599915,0.486714,-0.076708,0.610539,0.559189,-0.088187,0.609002,0.615191,-0.086174,0.523722,0.510203,-0.04059,0.556009,0.503917,-0.079116,0.567315,0.572976,-0.072318,0.566147,0.622514,-0.057639,0.485747,0.535447,-0.050041,0.513581,0.531415,-0.074716,0.528361,0.579087,-0.06768,0.530416,0.615976,-0.055483
1387,46233,True,0.9971,0.9971,0.500915,0.711405,0.0,0.556784,0.696024,-0.020006,0.603875,0.649356,-0.034959,0.631394,0.608968,-0.051488,0.656282,0.576523,-0.068294,0.594871,0.519689,-0.024822,0.631745,0.465798,-0.048837,0.655103,0.428759,-0.065577,0.673735,0.392692,-0.077699,0.556196,0.50508,-0.030477,0.593572,0.510217,-0.069025,0.604979,0.58439,-0.080225,0.602422,0.635437,-0.080141,0.517153,0.516216,-0.037984,0.548023,0.52106,-0.073003,0.560509,0.590632,-0.066575,0.559074,0.637979,-0.054022,0.479441,0.544255,-0.047534,0.505758,0.550219,-0.070922,0.521015,0.598803,-0.064626,0.522288,0.634732,-0.053874
1388,46266,True,0.9983,0.9983,0.489024,0.72373,-0.0,0.548024,0.707081,-0.01734,0.600228,0.664968,-0.031348,0.629151,0.626031,-0.047215,0.651389,0.593496,-0.063853,0.587065,0.534635,-0.024264,0.619667,0.489878,-0.04828,0.640828,0.45742,-0.065439,0.659362,0.424679,-0.077811,0.545595,0.517969,-0.031166,0.58291,0.536865,-0.067556,0.590797,0.615145,-0.077641,0.585966,0.669575,-0.077229,0.504813,0.531902,-0.039768,0.534279,0.554652,-0.0719,0.546468,0.622624,-0.065767,0.544844,0.67079,-0.054569,0.466836,0.564856,-0.050479,0.490806,0.59431,-0.072104,0.50528,0.643961,-0.067083,0.506782,0.679415,-0.057894
1389,46300,True,0.9982,0.9982,0.478913,0.734955,0.0,0.538265,0.720195,-0.018075,0.59061,0.683747,-0.034213,0.619084,0.648237,-0.052221,0.644238,0.61632,-0.071149,0.575227,0.553137,-0.027946,0.607353,0.511546,-0.054147,0.628882,0.479473,-0.072699,0.648382,0.446905,-0.085625,0.534316,0.537658,-0.034592,0.569335,0.562111,-0.072586,0.578454,0.638805,-0.08364,0.576348,0.692916,-0.083993,0.494468,0.551336,-0.042827,0.524163,0.578581,-0.076219,0.538299,0.646621,-0.070063,0.539898,0.69623,-0.058375,0.456972,0.583028,-0.053113,0.481488,0.60741,-0.074608,0.498621,0.654514,-0.068812,0.503641,0.690605,-0.058771
1390,46333,True,0.9986,0.9986,0.477051,0.74668,0.0,0.533979,0.730554,-0.019141,0.583757,0.692666,-0.037145,0.610447,0.655855,-0.056655,0.638547,0.628332,-0.076788,0.563153,0.561875,-0.030061,0.594716,0.525524,-0.058662,0.618052,0.494786,-0.079074,0.637852,0.463716,-0.093624,0.521089,0.547538,-0.037553,0.558418,0.575582,-0.078914,0.570562,0.654725,-0.090957,0.568256,0.7062,-0.091752,0.481383,0.564289,-0.046834,0.514573,0.59334,-0.08387,0.530863,0.66371,-0.077649,0.532313,0.708757,-0.06535,0.445108,0.599941,-0.058113,0.47198,0.62304,-0.081946,0.489176,0.667735,-0.076174,0.492331,0.697397,-0.066114
1391,46366,True,0.999,0.999,0.478155,0.750414,0.0,0.53201,0.736638,-0.027201,0.579782,0.698542,-0.049763,0.605235,0.662906,-0.071955,0.626467,0.630667,-0.094424,0.555998,0.563635,-0.037102,0.589207,0.528465,-0.070495,0.615056,0.497571,-0.093543,0.635981,0.469266,-0.109397,0.512141,0.551802,-0.042916,0.553162,0.570834,-0.088964,0.566129,0.651532,-0.10182,0.563879,0.700006,-0.102311,0.470609,0.571452,-0.051743,0.507428,0.59717,-0.095643,0.524142,0.667685,-0.090573,0.525722,0.706679,-0.077747,0.434473,0.610849,-0.062761,0.465335,0.630361,-0.092769,0.485843,0.676357,-0.08807,0.491185,0.702523,-0.077915
1392,46400,True,0.9993,0.9993,0.474835,0.749789,0.0,0.528535,0.73595,-0.027608,0.574133,0.698911,-0.050943,0.601705,0.663939,-0.073647,0.618476,0.629038,-0.096421,0.553093,0.563097,-0.037963,0.586955,0.526489,-0.074147,0.615795,0.493131,-0.099381,0.639847,0.4647,-0.11597,0.50943,0.551332,-0.044166,0.552743,0.56263,-0.094112,0.56612,0.645672,-0.108348,0.564865,0.698804,-0.108239,0.467956,0.569608,-0.053479,0.505794,0.593121,-0.09985,0.521878,0.664586,-0.094885,0.523821,0.705096,-0.080948,0.431129,0.607143,-0.06509,0.461626,0.626065,-0.096643,0.483259,0.67323,-0.091787,0.491194,0.700364,-0.080693
1393,46433,True,0.9992,0.9992,0.472311,0.746379,0.0,0.528416,0.733052,-0.027894,0.576942,0.696435,-0.051212,0.606031,0.661214,-0.074083,0.615579,0.627174,-0.097199,0.552672,0.557043,-0.03755,0.586554,0.523027,-0.074018,0.616565,0.492007,-0.099438,0.642695,0.465465,-0.11586,0.508592,0.545565,-0.043639,0.552016,0.561343,-0.093686,0.563873,0.646301,-0.107704,0.562148,0.699624,-0.107128,0.466713,0.564174,-0.052967,0.504657,0.591764,-0.098853,0.519826,0.664178,-0.093609,0.521135,0.704532,-0.079386,0.43018,0.602092,-0.064773,0.460933,0.622457,-0.095272,0.481142,0.670117,-0.089973,0.487516,0.69722,-0.078664
1394,46466,True,0.9992,0.9992,0.472744,0.745025,0.0,0.529569,0.729942,-0.025487,0.579867,0.694135,-0.046978,0.607467,0.659994,-0.06835,0.615439,0.626488,-0.090551,0.550836,0.55376,-0.034917,0.585544,0.523041,-0.067522,0.615766,0.494477,-0.091345,0.643434,0.469848,-0.106626,0.505975,0.542571,-0.040269,0.549372,0.563839,-0.084054,0.56014,0.642293,-0.097488,0.55829,0.696725,-0.098162,0.463202,0.560837,-0.04838,0.501592,0.588703,-0.087381,0.516006,0.654276,-0.083098,0.51775,0.697249,-0.071263,0.425097,0.598291,-0.058867,0.454823,0.612969,-0.083719,0.474751,0.656201,-0.078113,0.481814,0.686802,-0.067732
1395,46500,True,0.9984,0.9984,0.471198,0.737092,0.0,0.533188,0.721398,-0.020825,0.586801,0.680946,-0.035795,0.605874,0.643607,-0.051305,0.602602,0.610608,-0.067086,0.542281,0.552718,-0.019192,0.57168,0.526583,-0.043906,0.598855,0.506128,-0.063007,0.625134,0.487337,-0.075121,0.499703,0.538785,-0.022601,0.540229,0.556751,-0.055645,0.54895,0.625493,-0.067227,0.547785,0.674949,-0.067919,0.460554,0.549061,-0.028602,0.504326,0.576684,-0.060204,0.514526,0.638853,-0.056423,0.514181,0.681277,-0.045577,0.425624,0.575788,-0.036655,0.464502,0.59175,-0.057085,0.480452,0.638872,-0.051305,0.485634,0.673278,-0.040904
1396,46533,True,0.9994,0.9994,0.477203,0.730891,0.0,0.537339,0.718967,-0.041197,0.587671,0.680171,-0.070489,0.592856,0.638015,-0.096473,0.573672,0.599039,-0.122377,0.556747,0.530371,-0.047862,0.565129,0.501767,-0.091493,0.580431,0.491628,-0.12202,0.595613,0.500578,-0.13922,0.498746,0.520048,-0.04727,0.516088,0.536959,-0.098651,0.52956,0.622614,-0.114497,0.536106,0.67963,-0.114986,0.446302,0.540327,-0.051791,0.460868,0.570267,-0.099362,0.479222,0.641838,-0.09616,0.488544,0.683588,-0.083705,0.400009,0.581265,-0.059739,0.415746,0.611722,-0.092108,0.43876,0.661727,-0.088032,0.452496,0.687296,-0.077446
1397,46566,True,0.996,0.996,0.452231,0.704615,0.0,0.505592,0.677592,-0.022544,0.545231,0.633602,-0.040407,0.565742,0.591573,-0.058195,0.566789,0.548886,-0.075552,0.517759,0.505588,-0.03393,0.525171,0.467275,-0.06342,0.531711,0.431559,-0.082838,0.539312,0.39937,-0.095784,0.466903,0.492965,-0.037948,0.494433,0.541908,-0.074947,0.505905,0.611807,-0.081592,0.507985,0.649613,-0.079096,0.421762,0.515576,-0.044782,0.45375,0.590107,-0.076189,0.465714,0.640741,-0.066513,0.467253,0.658535,-0.053688,0.383983,0.557726,-0.054782,0.413052,0.624833,-0.075115,0.429331,0.66126,-0.069736,0.432108,0.668691,-0.060458
1398,46600,True,0.9971,0.9971,0.459328,0.673415,0.0,0.50239,0.656394,-0.026543,0.539815,0.606085,-0.04361,0.559994,0.562699,-0.060099,0.566311,0.523285,-0.077544,0.51151,0.491029,-0.029897,0.522699,0.420923,-0.053858,0.53038,0.36952,-0.070003,0.534891,0.325097,-0.080703,0.468797,0.492829,-0.030707,0.484438,0.461662,-0.069398,0.499673,0.526621,-0.079164,0.503368,0.577152,-0.076756,0.429057,0.511229,-0.033838,0.442956,0.488106,-0.070576,0.462881,0.551824,-0.063332,0.468465,0.599715,-0.048682,0.392069,0.542641,-0.039028,0.404819,0.520393,-0.065365,0.426533,0.566327,-0.058383,0.434271,0.60372,-0.045927
1399,46633,True,0.9947,0.9947,0.467105,0.656758,0.0,0.507447,0.651857,-0.031237,0.546203,0.613971,-0.05346,0.567998,0.580979,-0.075067,0.564128,0.542722,-0.096485,0.540201,0.472738,-0.035514,0.555865,0.385445,-0.064374,0.567219,0.32637,-0.083103,0.571232,0.276066,-0.095527,0.49776,0.473849,-0.037493,0.51256,0.422125,-0.084022,0.525761,0.497792,-0.096519,0.527872,0.551565,-0.094221,0.45746,0.489491,-0.042344,0.470599,0.452594,-0.085959,0.489855,0.520944,-0.078742,0.494115,0.568486,-0.062145,0.417363,0.517667,-0.04953,0.430235,0.480375,-0.079569,0.452851,0.527046,-0.071185,0.460537,0.564364,-0.056948
1400,46666,True,0.9965,0.9965,0.480707,0.686199,0.0,0.536891,0.687375,-0.038827,0.587495,0.671674,-0.071739,0.594303,0.652764,-0.103678,0.564467,0.644247,-0.136902,0.578931,0.50074,-0.050748,0.599001,0.416397,-0.086057,0.611864,0.35468,-0.110053,0.620035,0.3029,-0.127218,0.529662,0.489355,-0.054372,0.547686,0.454262,-0.109295,0.565432,0.544083,-0.126679,0.569673,0.619956,-0.126786,0.480135,0.501441,-0.060886,0.496847,0.48426,-0.109161,0.513794,0.563125,-0.104855,0.516026,0.623486,-0.090487,0.431759,0.530978,-0.070672,0.446635,0.536579,-0.104411,0.465255,0.596027,-0.099373,0.470903,0.639786,-0.087582
1401,46700,True,0.9924,0.9924,0.491665,0.652411,-0.0,0.565823,0.65608,-0.031279,0.61181,0.672291,-0.06996,0.620406,0.699808,-0.108436,0.592049,0.721461,-0.146213,0.621211,0.500997,-0.070317,0.627275,0.607391,-0.129006,0.614854,0.689358,-0.167225,0.599479,0.746556,-0.186152,0.564585,0.492787,-0.079692,0.567595,0.616514,-0.132988,0.568564,0.711977,-0.146619,0.567086,0.774493,-0.148076,0.506353,0.512546,-0.09242,0.51606,0.634605,-0.131237,0.521706,0.693706,-0.125579,0.52416,0.714451,-0.113782,0.45789,0.545779,-0.109039,0.467996,0.635225,-0.125872,0.474729,0.672833,-0.114923,0.478449,0.677641,-0.102266
1402,46733,True,0.9928,0.9928,0.570115,0.520643,-0.0,0.614426,0.569342,-0.024232,0.636159,0.64997,-0.066142,0.639038,0.717897,-0.110385,0.639236,0.778777,-0.15988,0.623511,0.596212,-0.096223,0.624849,0.691192,-0.154034,0.627436,0.752333,-0.193424,0.626419,0.796935,-0.215026,0.572361,0.586133,-0.110183,0.571763,0.699202,-0.163743,0.567439,0.775671,-0.179448,0.564157,0.829802,-0.188293,0.525444,0.581648,-0.123115,0.522516,0.682711,-0.167269,0.524702,0.750923,-0.163892,0.529106,0.797131,-0.156791,0.485573,0.584704,-0.138237,0.477534,0.65222,-0.159636,0.483734,0.697133,-0.147711,0.491686,0.729794,-0.138185
1403,46766,True,0.8056,0.8056,0.569971,0.559992,0.0,0.611745,0.609034,-0.016499,0.639636,0.677517,-0.029189,0.649248,0.737643,-0.038491,0.649724,0.781526,-0.048151,0.618855,0.661066,-0.048238,0.633576,0.726189,-0.066919,0.639169,0.771723,-0.074698,0.640144,0.809832,-0.080808,0.581742,0.64622,-0.051509,0.57558,0.719707,-0.075738,0.567116,0.775601,-0.086475,0.558167,0.822316,-0.093695,0.542158,0.627614,-0.054463,0.533777,0.703535,-0.082721,0.52868,0.755331,-0.096452,0.526226,0.799765,-0.103855,0.502227,0.608885,-0.056381,0.488409,0.661695,-0.084028,0.486787,0.698808,-0.096445,0.489256,0.736008,-0.103725
1404,46800,True,0.9264,0.9264,0.573204,0.662985,0.0,0.548301,0.676842,-0.01835,0.538867,0.701376,-0.036952,0.540668,0.73306,-0.051399,0.552655,0.754577,-0.066054,0.554875,0.636449,-0.068638,0.571811,0.690849,-0.092747,0.580186,0.734589,-0.104133,0.588236,0.771533,-0.110574,0.581895,0.632618,-0.068709,0.583339,0.7085,-0.093296,0.576989,0.769206,-0.10013,0.568412,0.8157,-0.104816,0.604716,0.64645,-0.066832,0.612197,0.726324,-0.089117,0.604809,0.789327,-0.094355,0.595734,0.835928,-0.096754,0.622327,0.671556,-0.064941,0.640479,0.730675,-0.080082,0.645456,0.774153,-0.08245,0.647991,0.809545,-0.084365
1405,46833,True,0.5733,0.5733,0.545064,0.741149,-0.0,0.545944,0.734719,-0.026268,0.556623,0.728619,-0.051344,0.580611,0.73855,-0.073522,0.599183,0.753163,-0.094951,0.575736,0.624361,-0.04963,0.620064,0.696974,-0.08906,0.619989,0.766997,-0.115428,0.614437,0.818796,-0.128576,0.590771,0.620928,-0.049629,0.624718,0.713413,-0.086532,0.615131,0.787896,-0.099392,0.604804,0.835012,-0.102596,0.60024,0.636636,-0.051885,0.629187,0.730357,-0.085828,0.616063,0.788681,-0.086382,0.602598,0.823498,-0.078735,0.60679,0.662111,-0.055822,0.626667,0.726406,-0.075247,0.617423,0.768511,-0.071033,0.607656,0.794087,-0.062074
1406,46866,True,0.9976,0.9976,0.472072,0.745976,0.0,0.550115,0.776808,-0.013831,0.607199,0.776756,-0.037755,0.648666,0.777919,-0.063519,0.693233,0.775612,-0.08931,0.63608,0.652115,-0.054529,0.687366,0.670928,-0.098109,0.726571,0.689246,-0.128382,0.760799,0.707846,-0.14936,0.601513,0.627808,-0.072418,0.639368,0.702544,-0.128191,0.636586,0.78834,-0.151029,0.62571,0.844017,-0.161152,0.555476,0.62735,-0.09061,0.586412,0.707533,-0.138505,0.583762,0.778085,-0.140712,0.577924,0.811594,-0.135813,0.507769,0.63934,-0.109922,0.526369,0.709517,-0.141095,0.530846,0.754063,-0.141049,0.531009,0.769147,-0.137198
1407,46900,True,0.9967,0.9967,0.481747,0.757664,0.0,0.547224,0.767653,-0.006613,0.601228,0.764975,-0.024601,0.638282,0.76099,-0.0458,0.677228,0.758195,-0.069069,0.618474,0.648801,-0.036813,0.666096,0.662171,-0.067771,0.702675,0.676509,-0.089044,0.73428,0.69152,-0.103407,0.584884,0.623023,-0.051915,0.611079,0.682561,-0.08938,0.61204,0.755823,-0.102697,0.604982,0.805277,-0.108244,0.542088,0.624921,-0.06707,0.558863,0.691372,-0.102164,0.561092,0.75549,-0.10215,0.555927,0.791757,-0.097626,0.497403,0.6423,-0.082405,0.506746,0.697675,-0.103659,0.510162,0.743711,-0.100173,0.505731,0.768147,-0.094977
1408,46933,True,0.9987,0.9987,0.484212,0.738362,0.0,0.548126,0.743853,-0.01509,0.597734,0.74192,-0.035327,0.629789,0.740536,-0.056161,0.664306,0.732755,-0.079105,0.587865,0.621333,-0.046834,0.613275,0.644424,-0.07997,0.641435,0.660874,-0.104562,0.670001,0.680938,-0.121628,0.544261,0.604389,-0.05884,0.566039,0.678578,-0.09892,0.575526,0.752912,-0.114798,0.579674,0.807251,-0.122378,0.498037,0.618201,-0.071202,0.514782,0.694027,-0.106765,0.52399,0.750311,-0.10616,0.527392,0.784298,-0.101844,0.456171,0.646383,-0.084883,0.462083,0.700011,-0.107294,0.469418,0.731373,-0.104358,0.471655,0.74581,-0.099755
1409,46966,True,0.9986,0.9986,0.479664,0.747585,0.0,0.539214,0.746987,-0.02667,0.582304,0.737691,-0.05184,0.607408,0.727869,-0.076776,0.632342,0.714274,-0.103204,0.566575,0.611624,-0.047271,0.582542,0.623848,-0.085037,0.605534,0.639507,-0.113562,0.628548,0.658442,-0.131933,0.522794,0.597621,-0.052694,0.542262,0.667491,-0.097542,0.555273,0.744553,-0.11513,0.561433,0.799009,-0.122094,0.4786,0.610877,-0.060564,0.492591,0.675254,-0.098998,0.502444,0.733045,-0.099332,0.506691,0.7704,-0.094202,0.439745,0.639093,-0.071137,0.446268,0.689062,-0.095761,0.454041,0.726342,-0.094255,0.456537,0.747811,-0.089321
1410,47000,True,0.9993,0.9993,0.470963,0.739968,0.0,0.525131,0.743086,-0.042732,0.566893,0.730816,-0.079758,0.593637,0.717902,-0.113717,0.621536,0.697876,-0.148024,0.560114,0.598743,-0.070551,0.562454,0.607727,-0.124852,0.584951,0.619588,-0.162748,0.604973,0.637162,-0.18588,0.511591,0.580992,-0.073492,0.529873,0.642233,-0.139551,0.547212,0.735659,-0.162088,0.552814,0.798944,-0.167584,0.464534,0.59674,-0.08074,0.478577,0.656102,-0.139159,0.496982,0.732646,-0.141301,0.505427,0.779484,-0.1324,0.423304,0.631789,-0.091471,0.432222,0.685343,-0.132781,0.448643,0.732777,-0.136546,0.459015,0.756989,-0.131989
1411,47033,True,0.9991,0.9991,0.476293,0.754703,0.0,0.52994,0.751355,-0.032301,0.574263,0.739197,-0.06218,0.598028,0.727251,-0.090732,0.616299,0.710814,-0.120447,0.562201,0.600518,-0.055817,0.572908,0.614674,-0.102131,0.596379,0.621979,-0.135232,0.619366,0.634662,-0.155891,0.512923,0.584986,-0.061492,0.536466,0.650062,-0.11918,0.550613,0.741888,-0.140155,0.556544,0.804141,-0.145504,0.465134,0.603255,-0.070254,0.482313,0.667811,-0.121261,0.498505,0.738513,-0.12398,0.507002,0.780227,-0.116579,0.423905,0.641496,-0.081531,0.435475,0.69267,-0.11547,0.449291,0.736066,-0.116566,0.457179,0.756238,-0.11121
1412,47066,True,0.9989,0.9989,0.464305,0.75974,0.0,0.525006,0.756366,-0.028481,0.570643,0.74687,-0.058582,0.597612,0.7364,-0.088788,0.628203,0.719414,-0.120231,0.557763,0.607701,-0.053002,0.571914,0.627292,-0.099051,0.597556,0.642264,-0.132385,0.621729,0.658498,-0.153068,0.514507,0.598673,-0.060921,0.545095,0.665456,-0.115667,0.560179,0.753888,-0.136684,0.56463,0.812122,-0.143373,0.470963,0.618958,-0.071571,0.491119,0.67942,-0.119406,0.505897,0.750809,-0.12126,0.511517,0.793448,-0.114091,0.432214,0.655857,-0.084618,0.442887,0.698719,-0.115429,0.453662,0.739561,-0.114901,0.456497,0.760799,-0.108853
1413,47100,True,0.9993,0.9993,0.470428,0.763294,0.0,0.526473,0.761509,-0.023122,0.569063,0.754221,-0.049129,0.595928,0.748023,-0.075646,0.630912,0.739974,-0.103544,0.565164,0.621314,-0.046668,0.5847,0.640357,-0.086278,0.612091,0.653798,-0.114252,0.639824,0.666384,-0.132187,0.525132,0.607411,-0.055293,0.552027,0.678002,-0.105405,0.563894,0.765261,-0.124582,0.568355,0.82167,-0.130432,0.483097,0.622998,-0.06577,0.500896,0.687726,-0.110557,0.513384,0.757357,-0.113132,0.51928,0.798506,-0.106613,0.44449,0.655026,-0.078021,0.452045,0.691875,-0.107326,0.459448,0.726763,-0.107924,0.460948,0.7441,-0.102765
1414,47133,True,0.9995,0.9995,0.476575,0.766382,0.0,0.528722,0.765896,-0.027824,0.567259,0.758959,-0.057916,0.59563,0.753688,-0.087738,0.630544,0.739465,-0.119266,0.564334,0.62561,-0.056916,0.586464,0.638973,-0.100317,0.608254,0.652327,-0.129872,0.62771,0.664812,-0.148811,0.524082,0.610995,-0.065347,0.552439,0.671913,-0.121141,0.562503,0.760045,-0.142862,0.565693,0.817488,-0.15003,0.480675,0.625931,-0.075967,0.498984,0.682177,-0.127219,0.511988,0.756984,-0.133132,0.51958,0.803338,-0.128259,0.44093,0.658231,-0.088053,0.446013,0.69066,-0.123703,0.455595,0.728896,-0.127758,0.461315,0.750986,-0.124746
1415,47166,True,0.999,0.999,0.480258,0.772615,0.0,0.531752,0.7682,-0.023635,0.571564,0.755445,-0.048783,0.599981,0.742507,-0.074406,0.628596,0.722814,-0.102434,0.57928,0.634554,-0.048874,0.6037,0.627946,-0.089463,0.626292,0.609331,-0.116778,0.644913,0.592986,-0.134451,0.535981,0.611079,-0.057219,0.55985,0.662688,-0.111606,0.565923,0.749641,-0.128459,0.563996,0.808106,-0.130729,0.488324,0.621727,-0.067765,0.503575,0.676749,-0.117182,0.514889,0.750484,-0.116954,0.519814,0.796676,-0.106809,0.443835,0.653464,-0.07981,0.450092,0.692862,-0.114128,0.460231,0.736547,-0.11467,0.46449,0.761871,-0.107961
1416,47200,True,0.999,0.999,0.472361,0.765329,0.0,0.52263,0.759807,-0.024952,0.563836,0.744731,-0.052556,0.592967,0.734465,-0.080492,0.624028,0.723208,-0.110973,0.569804,0.623571,-0.053574,0.600857,0.613382,-0.095877,0.627786,0.595582,-0.124244,0.652457,0.579716,-0.143266,0.527115,0.601297,-0.062982,0.553588,0.645966,-0.121376,0.560744,0.734501,-0.139526,0.559781,0.795726,-0.14222,0.480741,0.612551,-0.074479,0.50024,0.660742,-0.127938,0.513054,0.741516,-0.128275,0.518399,0.794654,-0.117858,0.437645,0.64427,-0.087459,0.44683,0.680856,-0.126584,0.458503,0.732507,-0.128642,0.464903,0.765632,-0.122459
1417,47233,True,0.9994,0.9994,0.471349,0.769302,0.0,0.526843,0.766883,-0.019721,0.569253,0.754438,-0.044327,0.598535,0.745117,-0.070705,0.630005,0.732057,-0.099241,0.57644,0.627833,-0.047878,0.606643,0.623597,-0.087078,0.62907,0.624006,-0.112091,0.64741,0.623496,-0.1274,0.536795,0.610143,-0.058551,0.568684,0.662434,-0.111009,0.571111,0.748248,-0.128022,0.566606,0.803861,-0.130959,0.492404,0.621536,-0.07093,0.517448,0.669687,-0.120086,0.524564,0.751119,-0.120761,0.52708,0.802627,-0.110843,0.450866,0.650837,-0.084176,0.464727,0.660954,-0.115424,0.472042,0.69151,-0.113969,0.475047,0.711673,-0.106613
1418,47266,True,0.9982,0.9982,0.466367,0.786609,-0.0,0.522639,0.785275,-0.012912,0.565812,0.775917,-0.033763,0.596431,0.774684,-0.056973,0.628285,0.778577,-0.08023,0.576697,0.645666,-0.037915,0.60633,0.683246,-0.079587,0.610195,0.740035,-0.106556,0.601956,0.783417,-0.119152,0.538874,0.631247,-0.048198,0.568335,0.708411,-0.091077,0.569278,0.788641,-0.105499,0.560413,0.844585,-0.108613,0.497838,0.638145,-0.060854,0.523721,0.716047,-0.098118,0.525118,0.780335,-0.101165,0.519148,0.820816,-0.095431,0.458607,0.660481,-0.074549,0.477484,0.700593,-0.097418,0.485939,0.74121,-0.09661,0.488685,0.77177,-0.090365
1419,47300,True,0.9942,0.9942,0.455755,0.790536,-0.0,0.501834,0.793193,-0.016365,0.539347,0.79591,-0.039088,0.569868,0.814199,-0.063328,0.603797,0.833747,-0.08823,0.569469,0.688141,-0.038321,0.59309,0.731492,-0.076138,0.597976,0.77248,-0.102431,0.591291,0.806265,-0.116538,0.538092,0.675874,-0.046706,0.554789,0.753417,-0.086562,0.552579,0.825399,-0.101923,0.544961,0.877412,-0.107192,0.500416,0.681337,-0.057385,0.512413,0.752533,-0.091924,0.512619,0.809104,-0.097529,0.5095,0.845946,-0.095115,0.463436,0.700494,-0.069372,0.472007,0.744778,-0.090719,0.476002,0.784768,-0.091534,0.478278,0.813573,-0.087991
1420,47333,True,0.9967,0.9967,0.461141,0.793942,0.0,0.510613,0.798896,-0.019956,0.549075,0.799486,-0.044264,0.577524,0.814264,-0.068369,0.606898,0.841108,-0.09471,0.561321,0.704115,-0.05188,0.582727,0.745415,-0.090775,0.593214,0.788741,-0.117505,0.598046,0.828733,-0.133661,0.520086,0.692161,-0.061465,0.536198,0.761251,-0.102469,0.535836,0.835008,-0.116646,0.532331,0.888184,-0.122792,0.472717,0.702131,-0.073065,0.482811,0.770496,-0.110878,0.488161,0.833161,-0.113406,0.49017,0.873786,-0.110185,0.428067,0.724413,-0.085876,0.429523,0.768621,-0.10997,0.433787,0.805974,-0.108606,0.43629,0.829774,-0.104631
1421,47366,True,0.9994,0.9994,0.445911,0.812791,0.0,0.501478,0.800355,-0.015981,0.538792,0.791059,-0.037846,0.566926,0.796071,-0.061066,0.594424,0.7981,-0.084344,0.534623,0.670323,-0.04198,0.559955,0.696451,-0.081019,0.576733,0.733135,-0.106595,0.585979,0.765591,-0.121837,0.492143,0.662037,-0.053335,0.513528,0.732403,-0.098189,0.526194,0.815446,-0.11396,0.530519,0.868199,-0.119782,0.447412,0.681899,-0.066602,0.463125,0.758605,-0.106393,0.473725,0.817582,-0.107791,0.47738,0.841165,-0.103172,0.408613,0.717081,-0.08112,0.41704,0.77725,-0.10582,0.426461,0.806419,-0.104723,0.42873,0.810432,-0.100282
1422,47400,True,0.999,0.999,0.444547,0.807121,0.0,0.490583,0.800771,-0.029334,0.531575,0.792963,-0.058862,0.562844,0.788172,-0.088074,0.582827,0.775577,-0.118382,0.537497,0.666691,-0.056087,0.566445,0.656833,-0.10099,0.59064,0.634493,-0.130522,0.60984,0.615005,-0.149592,0.49076,0.64581,-0.063353,0.513523,0.691389,-0.119162,0.521329,0.775643,-0.133785,0.521644,0.827541,-0.134606,0.443796,0.661193,-0.073774,0.461183,0.729047,-0.123487,0.473488,0.794453,-0.119748,0.477538,0.826892,-0.10762,0.402805,0.698851,-0.086783,0.417396,0.757944,-0.119151,0.431676,0.798346,-0.117608,0.437728,0.812474,-0.110325
1423,47433,True,0.9982,0.9982,0.437777,0.812439,0.0,0.484275,0.802779,-0.026404,0.526845,0.78928,-0.053922,0.559391,0.784413,-0.081492,0.585452,0.774798,-0.111017,0.530394,0.665794,-0.052776,0.56217,0.655451,-0.096557,0.5899,0.642019,-0.12548,0.611518,0.633643,-0.143804,0.487073,0.644718,-0.060978,0.514134,0.68369,-0.116286,0.519286,0.770861,-0.132334,0.51635,0.827905,-0.134007,0.441516,0.658674,-0.071961,0.458872,0.713487,-0.122139,0.469017,0.784112,-0.121147,0.472147,0.823356,-0.110593,0.400713,0.693252,-0.084784,0.409903,0.734732,-0.118545,0.421967,0.780195,-0.117336,0.428116,0.803004,-0.10987
1424,47466,True,0.9994,0.9994,0.443572,0.791614,-0.0,0.493648,0.795223,-0.024204,0.537601,0.798798,-0.049641,0.566895,0.804336,-0.076358,0.5766,0.788611,-0.102937,0.535907,0.66436,-0.045923,0.562187,0.681272,-0.094863,0.573624,0.729234,-0.126442,0.573835,0.777402,-0.140263,0.489869,0.65197,-0.051916,0.507704,0.726113,-0.099982,0.514129,0.80969,-0.11512,0.511787,0.862136,-0.117385,0.441827,0.667367,-0.061632,0.453332,0.738206,-0.101796,0.459872,0.802764,-0.100602,0.459692,0.836547,-0.09124,0.400782,0.698007,-0.07352,0.40507,0.750957,-0.096291,0.413644,0.78936,-0.092054,0.416731,0.805583,-0.082871
1425,47500,True,0.9993,0.9993,0.435093,0.791064,-0.0,0.493268,0.802526,-0.026666,0.54253,0.814788,-0.055717,0.574656,0.823707,-0.085222,0.577654,0.807162,-0.115822,0.533379,0.675178,-0.059201,0.548474,0.709758,-0.106561,0.562549,0.749978,-0.137601,0.565859,0.790538,-0.153355,0.487772,0.66114,-0.066432,0.505838,0.74597,-0.116865,0.513613,0.829955,-0.134198,0.511079,0.886514,-0.139261,0.441012,0.67508,-0.076032,0.451072,0.748417,-0.118236,0.463067,0.816955,-0.119949,0.469708,0.861991,-0.113662,0.400194,0.706757,-0.087951,0.401002,0.755906,-0.114551,0.415347,0.79851,-0.113958,0.427748,0.828597,-0.108314
1426,47533,True,0.9986,0.9986,0.43392,0.805623,0.0,0.494942,0.813837,-0.034034,0.54177,0.819377,-0.070316,0.57079,0.821389,-0.105515,0.57532,0.803675,-0.141712,0.531736,0.674523,-0.075331,0.546638,0.705588,-0.132858,0.561002,0.746433,-0.170327,0.564825,0.783057,-0.190997,0.48431,0.663655,-0.084,0.502576,0.740179,-0.145585,0.511746,0.828189,-0.167381,0.509798,0.88502,-0.175721,0.435838,0.681481,-0.095869,0.446626,0.747681,-0.15076,0.460117,0.822946,-0.155916,0.467205,0.867205,-0.151595,0.393188,0.717589,-0.110212,0.393496,0.762171,-0.148248,0.404563,0.807645,-0.152233,0.41352,0.834512,-0.149937
1427,47566,True,0.9981,0.9981,0.440603,0.79983,-0.0,0.497189,0.809556,-0.025338,0.545882,0.815847,-0.051538,0.571829,0.818412,-0.078597,0.555425,0.803263,-0.106919,0.529269,0.679499,-0.048428,0.537714,0.703521,-0.092584,0.547047,0.740388,-0.123454,0.548569,0.777464,-0.13986,0.480748,0.669878,-0.056204,0.489919,0.744609,-0.103038,0.498215,0.8269,-0.120997,0.497894,0.883169,-0.127014,0.431134,0.68572,-0.066763,0.438979,0.753824,-0.106728,0.451146,0.819929,-0.109238,0.456454,0.85957,-0.104179,0.389175,0.717997,-0.079736,0.388352,0.766629,-0.104929,0.398388,0.808678,-0.10421,0.404753,0.833497,-0.099226
1428,47600,True,0.9986,0.9986,0.432717,0.810474,-0.0,0.486976,0.816508,-0.025049,0.532829,0.817615,-0.051,0.559544,0.818171,-0.078104,0.550975,0.797188,-0.106443,0.517984,0.671484,-0.047404,0.527738,0.706093,-0.092138,0.536613,0.744442,-0.123581,0.536657,0.778359,-0.140195,0.469585,0.664919,-0.055926,0.478513,0.742389,-0.102899,0.488965,0.826556,-0.121897,0.490272,0.883461,-0.128368,0.419838,0.685826,-0.067126,0.424806,0.749595,-0.107687,0.438029,0.820345,-0.109722,0.444399,0.861898,-0.103652,0.377908,0.72307,-0.080565,0.373653,0.760409,-0.1055,0.383747,0.798681,-0.103089,0.390283,0.821501,-0.096354
1429,47633,True,0.9976,0.9976,0.418984,0.818595,-0.0,0.472694,0.817699,-0.03425,0.517361,0.810299,-0.064773,0.546499,0.807435,-0.094459,0.543789,0.787628,-0.122773,0.501468,0.66231,-0.054492,0.513783,0.688605,-0.106253,0.52322,0.733985,-0.138382,0.522785,0.767625,-0.154166,0.452245,0.654473,-0.058806,0.467451,0.720097,-0.111147,0.482972,0.809827,-0.127285,0.487068,0.859787,-0.130494,0.404888,0.675786,-0.067566,0.418144,0.74068,-0.114316,0.436118,0.815846,-0.11304,0.44362,0.851597,-0.103252,0.366207,0.714873,-0.079396,0.37564,0.764457,-0.108936,0.394399,0.81316,-0.106646,0.405845,0.836542,-0.098788
1430,47666,True,0.9962,0.9962,0.409268,0.819551,-0.0,0.459084,0.811848,-0.027159,0.500653,0.79801,-0.054654,0.533162,0.7955,-0.082507,0.563375,0.778461,-0.109751,0.490957,0.658862,-0.045528,0.501483,0.685969,-0.092312,0.513042,0.723493,-0.121658,0.516373,0.751185,-0.13692,0.445635,0.651408,-0.052059,0.466803,0.707584,-0.101637,0.483542,0.79684,-0.117842,0.48743,0.848283,-0.121054,0.401543,0.671836,-0.061937,0.415948,0.727051,-0.108889,0.433964,0.806528,-0.107379,0.440428,0.846705,-0.096754,0.363362,0.70934,-0.073761,0.371549,0.755032,-0.10547,0.3908,0.805719,-0.102938,0.4018,0.831239,-0.093997
1431,47700,True,0.9979,0.9979,0.411487,0.811543,0.0,0.461341,0.805897,-0.030358,0.504217,0.802745,-0.06119,0.533975,0.809854,-0.091324,0.55606,0.80234,-0.12231,0.499689,0.665263,-0.058337,0.517875,0.686696,-0.109013,0.538251,0.704954,-0.142146,0.552856,0.724984,-0.161075,0.454155,0.651675,-0.065048,0.476936,0.703551,-0.122487,0.48801,0.794316,-0.140228,0.490556,0.853137,-0.142995,0.407854,0.66986,-0.075072,0.417307,0.727892,-0.12781,0.432346,0.804527,-0.127836,0.441297,0.846323,-0.116988,0.368436,0.706438,-0.087177,0.369641,0.74877,-0.123105,0.385803,0.797985,-0.122186,0.398503,0.824333,-0.114107
1432,47733,True,0.9989,0.9989,0.418782,0.826811,-0.0,0.469709,0.828448,-0.025607,0.515239,0.826797,-0.051759,0.545066,0.829982,-0.078602,0.546441,0.815157,-0.10571,0.509776,0.684253,-0.045699,0.535918,0.702859,-0.092459,0.545785,0.739594,-0.123247,0.540404,0.783302,-0.137316,0.463014,0.666929,-0.051198,0.478775,0.731147,-0.096681,0.484417,0.82044,-0.111448,0.481317,0.876808,-0.114017,0.413931,0.680531,-0.060182,0.420559,0.739185,-0.099024,0.428821,0.812766,-0.09743,0.430629,0.85387,-0.088313,0.371956,0.71242,-0.071495,0.367396,0.743381,-0.095247,0.378092,0.787306,-0.090974,0.385918,0.813337,-0.081951
1433,47766,True,0.997,0.997,0.420132,0.827144,-0.0,0.471278,0.833559,-0.025876,0.516413,0.835561,-0.049746,0.543773,0.844243,-0.073735,0.537193,0.837057,-0.09725,0.514366,0.687997,-0.043665,0.51679,0.746416,-0.08404,0.512248,0.804613,-0.109624,0.504877,0.846524,-0.121406,0.466408,0.673254,-0.047563,0.464464,0.754498,-0.086092,0.466904,0.834617,-0.099371,0.465162,0.88515,-0.1026,0.416156,0.682926,-0.05424,0.409778,0.751343,-0.087889,0.416685,0.819538,-0.088367,0.420008,0.859615,-0.081482,0.374012,0.708474,-0.063217,0.363494,0.744967,-0.083181,0.366903,0.786475,-0.079444,0.369036,0.811109,-0.071443
1434,47800,True,0.998,0.998,0.414207,0.82242,-0.0,0.464064,0.825913,-0.027679,0.504924,0.826872,-0.053849,0.53418,0.837492,-0.079746,0.541245,0.824037,-0.105071,0.499927,0.677406,-0.049364,0.511999,0.734397,-0.093333,0.511795,0.793773,-0.121305,0.504008,0.832278,-0.134566,0.451995,0.671174,-0.054059,0.459642,0.745385,-0.094898,0.464831,0.827298,-0.108851,0.462891,0.873932,-0.113014,0.403035,0.688606,-0.061933,0.40285,0.75289,-0.098143,0.412324,0.820683,-0.098829,0.415133,0.855072,-0.092355,0.362532,0.7204,-0.072022,0.354726,0.751067,-0.092996,0.35918,0.783828,-0.089815,0.36018,0.799193,-0.082952
1435,47833,True,0.9984,0.9984,0.408744,0.821519,-0.0,0.457582,0.815084,-0.029105,0.498625,0.806715,-0.054767,0.53147,0.806792,-0.080262,0.53577,0.784893,-0.104074,0.487781,0.664221,-0.04546,0.49592,0.703153,-0.091171,0.495766,0.76645,-0.120373,0.489683,0.809865,-0.133946,0.437271,0.659663,-0.049462,0.447867,0.724311,-0.092593,0.458472,0.80524,-0.107152,0.461282,0.851226,-0.110771,0.388745,0.678671,-0.057429,0.395094,0.744081,-0.095196,0.410286,0.810165,-0.094909,0.417105,0.844342,-0.08741,0.348999,0.712634,-0.068108,0.353856,0.760101,-0.090677,0.371915,0.80673,-0.087007,0.384624,0.832498,-0.078943
1436,47866,True,0.9979,0.9979,0.408586,0.804758,-0.0,0.454095,0.79288,-0.03126,0.491888,0.775661,-0.059379,0.518831,0.76532,-0.086939,0.519298,0.743945,-0.112389,0.471765,0.634104,-0.047877,0.47575,0.666578,-0.096529,0.479573,0.733411,-0.126829,0.479623,0.777734,-0.140697,0.421131,0.6362,-0.051854,0.429313,0.691376,-0.098461,0.44696,0.773842,-0.112633,0.45623,0.819177,-0.114855,0.374651,0.66118,-0.060137,0.379495,0.714895,-0.101045,0.402294,0.782839,-0.098254,0.415886,0.817588,-0.088194,0.337827,0.699158,-0.071286,0.33991,0.740687,-0.096462,0.361781,0.788633,-0.092215,0.378341,0.813746,-0.083012
1437,47900,True,0.996,0.996,0.410252,0.786365,-0.0,0.457122,0.77479,-0.033193,0.496359,0.752619,-0.059072,0.51182,0.72648,-0.083067,0.491979,0.696359,-0.105062,0.467044,0.614326,-0.04829,0.466408,0.666581,-0.095934,0.470137,0.738485,-0.126253,0.474896,0.781266,-0.140517,0.4145,0.614223,-0.049948,0.417208,0.675278,-0.095754,0.434671,0.750814,-0.110843,0.449556,0.794628,-0.114065,0.367211,0.636731,-0.0558,0.367323,0.69037,-0.097149,0.389237,0.757397,-0.09589,0.407876,0.793131,-0.08671,0.328742,0.672688,-0.064418,0.325511,0.711897,-0.091997,0.348884,0.758752,-0.089831,0.37125,0.782769,-0.081458
1438,47933,True,0.9935,0.9935,0.401256,0.791395,-0.0,0.444489,0.772579,-0.035096,0.480341,0.744686,-0.062273,0.501251,0.722876,-0.08759,0.506378,0.692311,-0.10998,0.462625,0.602686,-0.045219,0.461351,0.609404,-0.094003,0.464233,0.666504,-0.123549,0.465319,0.709786,-0.136551,0.410869,0.597898,-0.045829,0.40733,0.628071,-0.097635,0.42635,0.714403,-0.113204,0.440744,0.765948,-0.113412,0.363487,0.618125,-0.051561,0.35768,0.652006,-0.100082,0.381635,0.731904,-0.097844,0.400419,0.773421,-0.084539,0.324756,0.653756,-0.059819,0.310643,0.675382,-0.092911,0.333171,0.727052,-0.090169,0.355716,0.753129,-0.079006
1439,47966,True,0.9968,0.9968,0.400713,0.785702,-0.0,0.447943,0.765898,-0.032097,0.481276,0.73294,-0.0578,0.498267,0.704284,-0.082603,0.509506,0.667924,-0.107386,0.461279,0.602319,-0.044804,0.457782,0.575309,-0.086602,0.453438,0.562688,-0.114767,0.446382,0.556038,-0.129981,0.412344,0.597806,-0.047298,0.408124,0.607115,-0.10022,0.427004,0.68317,-0.117057,0.440444,0.736197,-0.117141,0.366533,0.618099,-0.053434,0.359247,0.636112,-0.101344,0.382869,0.708498,-0.098494,0.401512,0.752946,-0.084294,0.328246,0.653854,-0.062026,0.311891,0.657622,-0.09382,0.332312,0.698254,-0.089912,0.353317,0.724193,-0.078194
1440,48000,True,0.9943,0.9943,0.409795,0.778388,0.0,0.450052,0.764735,-0.033802,0.483327,0.73033,-0.058557,0.505987,0.70242,-0.082107,0.525789,0.675643,-0.105901,0.472689,0.613329,-0.041665,0.479389,0.573097,-0.077511,0.480587,0.543449,-0.100008,0.479368,0.51595,-0.113762,0.426074,0.607679,-0.043668,0.424528,0.575351,-0.092676,0.437483,0.645674,-0.106537,0.446309,0.692582,-0.104889,0.381625,0.623107,-0.049131,0.376164,0.618223,-0.09725,0.393949,0.690037,-0.092941,0.405623,0.731167,-0.077222,0.342253,0.653748,-0.056862,0.329822,0.644384,-0.088481,0.351083,0.691357,-0.082576,0.369245,0.721817,-0.06988
1441,48033,True,0.9941,0.9941,0.420635,0.777599,-0.0,0.463016,0.75849,-0.030232,0.496681,0.729368,-0.055178,0.522239,0.708465,-0.079517,0.538826,0.685824,-0.102996,0.489079,0.596411,-0.041272,0.491864,0.609027,-0.086777,0.504561,0.643898,-0.116446,0.517585,0.672062,-0.13158,0.44063,0.593301,-0.044997,0.447621,0.605068,-0.094233,0.464046,0.676224,-0.110438,0.475929,0.726584,-0.111661,0.395647,0.612679,-0.053141,0.401984,0.651866,-0.096216,0.420402,0.714891,-0.095426,0.432922,0.751451,-0.084657,0.357305,0.648511,-0.064062,0.362168,0.681114,-0.089358,0.382201,0.722891,-0.085638,0.397528,0.743663,-0.076352
1442,48066,True,0.994,0.994,0.425563,0.777733,0.0,0.466955,0.762809,-0.029238,0.502626,0.741324,-0.05685,0.530556,0.729481,-0.084616,0.553947,0.720977,-0.111948,0.488269,0.612984,-0.042393,0.500234,0.604026,-0.088121,0.519163,0.615276,-0.118059,0.537918,0.630184,-0.134738,0.443805,0.606009,-0.04756,0.469046,0.635637,-0.100741,0.486874,0.714954,-0.117104,0.494514,0.765363,-0.11828,0.402045,0.626545,-0.057131,0.424531,0.676183,-0.103412,0.443154,0.742719,-0.10198,0.452326,0.776447,-0.09065,0.366218,0.663361,-0.06956,0.384337,0.713268,-0.097792,0.406122,0.754394,-0.096555,0.418304,0.770636,-0.089186
1443,48100,True,0.9984,0.9984,0.43802,0.780115,-0.0,0.481694,0.776623,-0.029434,0.524416,0.769017,-0.056288,0.550691,0.763649,-0.08274,0.5582,0.747018,-0.108514,0.516445,0.634771,-0.046059,0.535683,0.629482,-0.09197,0.545973,0.659297,-0.122282,0.549535,0.701196,-0.136834,0.467014,0.622127,-0.048594,0.481717,0.671473,-0.094677,0.490785,0.753174,-0.109082,0.492179,0.80691,-0.111258,0.418449,0.639523,-0.055317,0.428367,0.692464,-0.093843,0.437787,0.755884,-0.091703,0.439764,0.79015,-0.08292,0.377665,0.673861,-0.064805,0.385121,0.72479,-0.08972,0.400913,0.767737,-0.086942,0.409768,0.784663,-0.079212
1444,48133,True,0.9977,0.9977,0.434599,0.786514,-0.0,0.485153,0.792596,-0.031746,0.529203,0.796809,-0.06042,0.555431,0.798382,-0.088527,0.550468,0.774717,-0.115674,0.518997,0.650323,-0.051432,0.525384,0.698518,-0.098903,0.522644,0.757944,-0.129284,0.51366,0.802441,-0.143717,0.469361,0.637594,-0.054867,0.472747,0.698589,-0.099958,0.47888,0.782289,-0.114603,0.478141,0.833076,-0.117962,0.419854,0.651616,-0.062117,0.418059,0.704302,-0.101842,0.427838,0.777799,-0.099649,0.43168,0.81752,-0.090455,0.377432,0.683079,-0.072046,0.371442,0.718283,-0.096347,0.384519,0.76224,-0.091895,0.394773,0.78618,-0.083248
1445,48166,True,0.9982,0.9982,0.435025,0.792778,-0.0,0.485874,0.800311,-0.033555,0.532741,0.799691,-0.063235,0.557518,0.795189,-0.092073,0.533523,0.773569,-0.119863,0.510068,0.649211,-0.054666,0.518108,0.697099,-0.104684,0.520433,0.75663,-0.135369,0.515307,0.795415,-0.149463,0.459093,0.641992,-0.058985,0.463468,0.703434,-0.107811,0.474005,0.789996,-0.123358,0.475499,0.838909,-0.126571,0.409851,0.661272,-0.067082,0.409873,0.711256,-0.109998,0.422999,0.783245,-0.107731,0.428069,0.816498,-0.097624,0.369646,0.694831,-0.077839,0.364022,0.719842,-0.102124,0.375638,0.760917,-0.09623,0.382852,0.781092,-0.08666
1446,48200,True,0.9973,0.9973,0.42497,0.78754,-0.0,0.473603,0.783004,-0.031252,0.515748,0.774345,-0.060508,0.540461,0.774195,-0.08921,0.529726,0.76435,-0.116738,0.495805,0.640728,-0.05589,0.497342,0.679896,-0.10495,0.49862,0.744171,-0.134791,0.495192,0.787736,-0.149214,0.444245,0.639422,-0.060802,0.446202,0.689649,-0.10697,0.459375,0.76875,-0.119761,0.466009,0.814976,-0.122945,0.396098,0.660578,-0.069397,0.396858,0.69973,-0.111084,0.413751,0.769388,-0.106543,0.423743,0.805956,-0.096424,0.357682,0.695131,-0.080768,0.359626,0.728302,-0.107332,0.378339,0.777266,-0.1019,0.391814,0.802289,-0.093001
1447,48233,True,0.9967,0.9967,0.413036,0.78764,-0.0,0.457159,0.778538,-0.033434,0.495086,0.764372,-0.062832,0.520536,0.756725,-0.091008,0.520713,0.736006,-0.116885,0.486969,0.620457,-0.052805,0.48823,0.664988,-0.103251,0.489833,0.738398,-0.13431,0.487156,0.78466,-0.149374,0.435401,0.617738,-0.056715,0.43914,0.672131,-0.105547,0.453155,0.754325,-0.120971,0.460453,0.798389,-0.125022,0.386944,0.639579,-0.06499,0.388839,0.68415,-0.109822,0.407341,0.757074,-0.108616,0.418257,0.793681,-0.099911,0.347688,0.676091,-0.076008,0.349726,0.713416,-0.106711,0.371521,0.764858,-0.105074,0.388622,0.789629,-0.097713
1448,48266,True,0.9968,0.9968,0.408438,0.784819,-0.0,0.447382,0.768555,-0.033629,0.481707,0.744406,-0.064248,0.507558,0.730637,-0.0938,0.527286,0.70401,-0.121673,0.472257,0.603777,-0.055208,0.483843,0.597564,-0.106915,0.492266,0.64237,-0.138145,0.491382,0.688255,-0.152718,0.424283,0.599719,-0.05903,0.432481,0.629512,-0.116231,0.452508,0.717718,-0.134831,0.461919,0.776041,-0.137567,0.378883,0.623472,-0.067169,0.380215,0.647182,-0.120099,0.404062,0.72764,-0.120751,0.418975,0.776622,-0.110109,0.341757,0.66365,-0.077458,0.34055,0.686858,-0.11759,0.363823,0.740838,-0.119057,0.382652,0.772655,-0.110957
1449,48300,True,0.9959,0.9959,0.406396,0.770018,-0.0,0.447233,0.748059,-0.032944,0.486192,0.710239,-0.05745,0.510743,0.678057,-0.080033,0.506879,0.647358,-0.099265,0.466914,0.599222,-0.046748,0.471435,0.593155,-0.097468,0.481437,0.666138,-0.123645,0.486415,0.712369,-0.133047,0.418428,0.602124,-0.049225,0.426335,0.586089,-0.101414,0.443658,0.672486,-0.112102,0.450513,0.723699,-0.108401,0.375154,0.62301,-0.057097,0.374792,0.61373,-0.107876,0.399062,0.698823,-0.101103,0.413388,0.745862,-0.084058,0.339814,0.658267,-0.066907,0.335793,0.658419,-0.101652,0.361516,0.713478,-0.096735,0.380793,0.745518,-0.08416
1450,48333,True,0.9979,0.9979,0.403027,0.761129,0.0,0.441995,0.743648,-0.031006,0.481739,0.700924,-0.051264,0.50315,0.662518,-0.069634,0.503432,0.624537,-0.088456,0.466118,0.600822,-0.036473,0.473168,0.568891,-0.070897,0.482004,0.544218,-0.091684,0.487803,0.51768,-0.103826,0.420957,0.596288,-0.038675,0.425594,0.550175,-0.087117,0.4425,0.627187,-0.099411,0.449667,0.678984,-0.095704,0.377955,0.610723,-0.044081,0.375138,0.585977,-0.095928,0.398139,0.667808,-0.089061,0.409648,0.715927,-0.069788,0.339213,0.64046,-0.050808,0.332939,0.620021,-0.089142,0.357281,0.67678,-0.082331,0.372295,0.7148,-0.067104
1451,48366,True,0.9978,0.9978,0.407411,0.738601,0.0,0.445059,0.725858,-0.035707,0.479442,0.687492,-0.059707,0.499962,0.653299,-0.081248,0.507928,0.612002,-0.103315,0.467472,0.575439,-0.044273,0.475853,0.526033,-0.078261,0.481256,0.490858,-0.098717,0.483239,0.455983,-0.112017,0.422618,0.571246,-0.045388,0.423785,0.529491,-0.095057,0.439381,0.609399,-0.108286,0.447334,0.65997,-0.106191,0.378989,0.588046,-0.04989,0.373244,0.564006,-0.10199,0.396244,0.642835,-0.097035,0.4084,0.688029,-0.080262,0.339367,0.620611,-0.056219,0.327435,0.596257,-0.095599,0.351136,0.648037,-0.091532,0.367491,0.682902,-0.079033
1452,48400,True,0.9982,0.9982,0.408713,0.72745,0.0,0.445631,0.718997,-0.03913,0.478702,0.683973,-0.065761,0.498107,0.649598,-0.08978,0.505645,0.604648,-0.114113,0.466454,0.563713,-0.050445,0.47849,0.505304,-0.087016,0.484815,0.463605,-0.108694,0.488006,0.423723,-0.122625,0.420455,0.560804,-0.050677,0.421581,0.512059,-0.103365,0.435266,0.590059,-0.11814,0.44243,0.640242,-0.116914,0.376747,0.579093,-0.054274,0.371596,0.552087,-0.107106,0.394262,0.628278,-0.102431,0.405388,0.672458,-0.085859,0.33748,0.61176,-0.060113,0.322306,0.576572,-0.097533,0.345342,0.623277,-0.09247,0.361129,0.657867,-0.079805
1453,48433,True,0.9926,0.9926,0.407893,0.732172,0.0,0.446264,0.722265,-0.040789,0.48143,0.684508,-0.070381,0.500736,0.650936,-0.097076,0.506643,0.61442,-0.123874,0.474437,0.570767,-0.055424,0.482643,0.514131,-0.096233,0.487545,0.476213,-0.119683,0.489869,0.438818,-0.134663,0.426451,0.567604,-0.057303,0.423191,0.51659,-0.119364,0.440256,0.603283,-0.136349,0.452174,0.662753,-0.134025,0.381726,0.584181,-0.062564,0.376332,0.561088,-0.125269,0.400695,0.650619,-0.119705,0.415961,0.702828,-0.099492,0.341531,0.615745,-0.069723,0.336307,0.596296,-0.114932,0.363754,0.659326,-0.109246,0.381273,0.698333,-0.094113
1454,48466,True,0.9947,0.9947,0.413391,0.730658,-0.0,0.452842,0.711558,-0.027459,0.486416,0.689006,-0.053045,0.511011,0.682221,-0.078062,0.530176,0.684213,-0.100875,0.479512,0.55462,-0.042316,0.487248,0.616425,-0.091373,0.500945,0.678346,-0.123008,0.515226,0.716565,-0.138778,0.429945,0.556113,-0.04745,0.441435,0.616962,-0.095445,0.460214,0.693965,-0.109027,0.471607,0.739109,-0.109877,0.384556,0.579453,-0.056911,0.397959,0.646672,-0.096848,0.419543,0.707755,-0.092571,0.431148,0.736003,-0.080336,0.347119,0.615668,-0.069508,0.360194,0.667467,-0.090239,0.381058,0.706756,-0.084294,0.39382,0.72066,-0.074263
1455,48500,True,0.9908,0.9908,0.417165,0.755381,-0.0,0.464265,0.744682,-0.025108,0.50471,0.730622,-0.049448,0.530552,0.722348,-0.073884,0.547998,0.708606,-0.096351,0.493184,0.604698,-0.042952,0.510251,0.601813,-0.083874,0.530513,0.597406,-0.11171,0.550875,0.59787,-0.128339,0.448855,0.591389,-0.047072,0.477997,0.688578,-0.091359,0.48454,0.732572,-0.102936,0.483555,0.747693,-0.104073,0.406918,0.613425,-0.055009,0.437005,0.729995,-0.089261,0.439963,0.750446,-0.082847,0.437102,0.739006,-0.072098,0.369214,0.650958,-0.066765,0.393003,0.741563,-0.089303,0.39879,0.753692,-0.08745,0.395427,0.73381,-0.080481
1456,48533,True,0.9971,0.9971,0.422984,0.777224,0.0,0.467587,0.769869,-0.026029,0.506957,0.75609,-0.052967,0.532976,0.753207,-0.07999,0.564371,0.748009,-0.107028,0.50183,0.629149,-0.047566,0.516766,0.621443,-0.093786,0.545834,0.623391,-0.125414,0.576964,0.63,-0.144982,0.45811,0.613894,-0.054339,0.487065,0.66646,-0.107941,0.499369,0.741917,-0.12435,0.498865,0.781167,-0.126801,0.415931,0.633577,-0.064465,0.43485,0.699012,-0.112452,0.449612,0.760419,-0.110668,0.450412,0.782068,-0.099688,0.378054,0.672917,-0.076853,0.391867,0.726979,-0.108905,0.407524,0.764579,-0.107642,0.411456,0.772528,-0.100022
1457,48566,True,0.997,0.997,0.422976,0.792812,0.0,0.465114,0.782623,-0.024725,0.504045,0.762031,-0.04877,0.532731,0.75606,-0.072369,0.566909,0.751688,-0.09776,0.496519,0.63938,-0.04084,0.518829,0.644306,-0.078099,0.546804,0.643997,-0.104406,0.574041,0.647846,-0.120902,0.454547,0.626127,-0.04669,0.481991,0.65585,-0.093245,0.492242,0.737099,-0.109585,0.492274,0.792158,-0.112101,0.413374,0.642682,-0.05492,0.427669,0.681997,-0.099552,0.440949,0.750983,-0.10114,0.444119,0.791571,-0.092167,0.376541,0.677575,-0.064512,0.382969,0.703651,-0.09532,0.398389,0.751591,-0.093727,0.405426,0.780784,-0.085661
1458,48600,True,0.9954,0.9954,0.410781,0.803161,0.0,0.456365,0.796781,-0.021138,0.498661,0.773095,-0.039257,0.526328,0.762203,-0.05804,0.553572,0.753652,-0.078478,0.473992,0.648616,-0.025859,0.497413,0.652422,-0.053703,0.52463,0.65345,-0.076353,0.554171,0.658678,-0.090833,0.435033,0.639253,-0.029254,0.461777,0.673923,-0.06102,0.472832,0.734415,-0.075131,0.477194,0.779716,-0.079755,0.397459,0.652202,-0.03501,0.423199,0.691819,-0.064275,0.434232,0.746846,-0.064681,0.436818,0.785929,-0.058808,0.365145,0.681506,-0.042872,0.384982,0.715837,-0.062599,0.39573,0.757487,-0.060355,0.398471,0.785213,-0.05386
1459,48633,True,0.9961,0.9961,0.388778,0.80749,0.0,0.436233,0.803085,-0.022481,0.480399,0.781475,-0.038095,0.507709,0.765235,-0.054426,0.519447,0.747354,-0.072313,0.471294,0.668474,-0.033204,0.498251,0.659403,-0.064226,0.522185,0.664068,-0.085806,0.545927,0.675391,-0.096961,0.432932,0.649027,-0.035767,0.447196,0.65177,-0.064109,0.465594,0.667071,-0.079151,0.48089,0.683845,-0.085023,0.389881,0.653578,-0.040382,0.395991,0.701734,-0.069471,0.405333,0.754378,-0.073652,0.411886,0.790981,-0.069107,0.351004,0.676289,-0.04709,0.354738,0.72341,-0.066159,0.364701,0.765828,-0.064246,0.371784,0.793872,-0.057048
1460,48666,True,0.9976,0.9976,0.361068,0.826456,-0.0,0.408293,0.816858,-0.028815,0.449032,0.800031,-0.049608,0.474591,0.784733,-0.069299,0.475436,0.760544,-0.088806,0.447202,0.663383,-0.035687,0.436536,0.67987,-0.072641,0.429917,0.699483,-0.099904,0.425063,0.71674,-0.114629,0.40347,0.647497,-0.037667,0.384897,0.681608,-0.0729,0.380538,0.729037,-0.090678,0.377992,0.76397,-0.097425,0.357379,0.655311,-0.042813,0.345564,0.708231,-0.076706,0.354236,0.768097,-0.079885,0.362422,0.809076,-0.074556,0.316009,0.682248,-0.050748,0.308554,0.724487,-0.074589,0.317644,0.772317,-0.073046,0.327209,0.80418,-0.065129
1461,48700,True,0.9973,0.9973,0.348976,0.820561,-0.0,0.39178,0.820937,-0.039484,0.432078,0.812557,-0.069498,0.446706,0.802598,-0.096036,0.424999,0.786232,-0.121468,0.433183,0.67134,-0.058739,0.421694,0.691368,-0.106278,0.407927,0.713626,-0.135508,0.394684,0.730256,-0.150598,0.380746,0.650778,-0.058509,0.348656,0.713347,-0.105629,0.352273,0.786385,-0.118758,0.362015,0.823492,-0.120513,0.328056,0.661835,-0.062632,0.305425,0.737254,-0.103945,0.316219,0.799228,-0.098033,0.329178,0.822457,-0.08628,0.283341,0.691372,-0.070756,0.266816,0.744199,-0.099486,0.279864,0.791796,-0.094267,0.295882,0.808338,-0.083438
1462,48733,True,0.9958,0.9958,0.348266,0.833478,-0.0,0.386761,0.834121,-0.045681,0.425287,0.823114,-0.080432,0.444851,0.808868,-0.110987,0.434087,0.781643,-0.139985,0.425121,0.671066,-0.064858,0.417541,0.687095,-0.114134,0.409138,0.703834,-0.14378,0.398417,0.721937,-0.158803,0.372866,0.650458,-0.061923,0.350748,0.713515,-0.110012,0.355932,0.791896,-0.121858,0.365887,0.830399,-0.122687,0.320995,0.662562,-0.064035,0.301834,0.731913,-0.108616,0.314954,0.799907,-0.103003,0.330116,0.82837,-0.091235,0.277361,0.693491,-0.070338,0.260119,0.739994,-0.103042,0.275499,0.792902,-0.099223,0.292549,0.813444,-0.089114
1463,48766,True,0.9957,0.9957,0.352829,0.842026,-0.0,0.397584,0.832767,-0.029408,0.440977,0.81188,-0.053404,0.453397,0.793882,-0.076131,0.430295,0.777993,-0.098578,0.425424,0.671293,-0.040898,0.419822,0.687297,-0.082228,0.416602,0.702907,-0.111292,0.413004,0.723704,-0.125876,0.375186,0.655409,-0.041999,0.357845,0.714853,-0.080862,0.364315,0.781767,-0.092219,0.3738,0.827148,-0.092891,0.326628,0.668685,-0.046895,0.312469,0.734544,-0.079658,0.322958,0.792248,-0.073558,0.335809,0.822835,-0.062128,0.285923,0.697968,-0.055253,0.271343,0.745257,-0.076052,0.283959,0.791918,-0.069011,0.298553,0.813075,-0.057425
1464,48800,True,0.9966,0.9966,0.363734,0.835374,-0.0,0.409353,0.824139,-0.027861,0.451902,0.802128,-0.050653,0.469548,0.782617,-0.072908,0.451019,0.771584,-0.095262,0.424259,0.664394,-0.033831,0.420941,0.683942,-0.068399,0.428593,0.705948,-0.092379,0.440262,0.725834,-0.104711,0.375868,0.661623,-0.035243,0.379035,0.714589,-0.069974,0.385014,0.783076,-0.079882,0.39128,0.825131,-0.079815,0.3304,0.681531,-0.040107,0.335469,0.737652,-0.071679,0.345341,0.794993,-0.066389,0.3538,0.825892,-0.054977,0.292316,0.713764,-0.047797,0.294301,0.750078,-0.065781,0.307333,0.793531,-0.057761,0.317109,0.8152,-0.045996
1465,48833,True,0.9957,0.9957,0.37425,0.823885,-0.0,0.419412,0.813906,-0.026586,0.461008,0.792271,-0.049342,0.484288,0.778604,-0.072045,0.478679,0.773498,-0.094582,0.43535,0.666421,-0.035978,0.43572,0.676569,-0.072758,0.444392,0.700629,-0.097381,0.452923,0.729533,-0.108799,0.388507,0.661063,-0.037321,0.394711,0.715407,-0.074752,0.407468,0.783563,-0.085611,0.415342,0.830887,-0.085576,0.344526,0.679339,-0.04214,0.348765,0.730195,-0.074002,0.361884,0.786795,-0.070342,0.370897,0.821727,-0.060078,0.308111,0.710371,-0.04965,0.307096,0.743112,-0.068798,0.321319,0.78597,-0.063076,0.332408,0.810742,-0.052799
1466,48866,True,0.9966,0.9966,0.382177,0.823012,-0.0,0.427606,0.811671,-0.026715,0.464874,0.795389,-0.05215,0.490982,0.787263,-0.078022,0.503712,0.776103,-0.104292,0.447216,0.665281,-0.04115,0.452684,0.674248,-0.081098,0.466483,0.696375,-0.1088,0.478082,0.726154,-0.122421,0.402368,0.659932,-0.043811,0.4128,0.702685,-0.084933,0.426401,0.768704,-0.09896,0.432002,0.820437,-0.100737,0.359672,0.678398,-0.049731,0.365574,0.71983,-0.084675,0.380345,0.777891,-0.083149,0.388613,0.819113,-0.073559,0.324209,0.711233,-0.058139,0.323767,0.736572,-0.079495,0.336121,0.776106,-0.075312,0.344067,0.802925,-0.065862
1467,48900,True,0.9964,0.9964,0.387242,0.82784,-0.0,0.431667,0.817922,-0.02121,0.469245,0.797886,-0.041325,0.496852,0.787769,-0.062994,0.521439,0.774835,-0.085092,0.452377,0.66572,-0.028238,0.46402,0.670783,-0.062767,0.47708,0.695012,-0.087552,0.487917,0.723304,-0.09982,0.410801,0.660083,-0.031216,0.426767,0.70487,-0.0672,0.43936,0.771274,-0.081184,0.445125,0.82186,-0.083397,0.371022,0.677466,-0.037139,0.38298,0.726248,-0.067864,0.39527,0.784236,-0.068382,0.40075,0.825291,-0.060659,0.337748,0.708765,-0.045153,0.345254,0.747182,-0.063234,0.357795,0.788433,-0.060055,0.364458,0.816343,-0.051555
1468,48933,True,0.9983,0.9983,0.395866,0.831599,-0.0,0.441415,0.81689,-0.018727,0.480107,0.793541,-0.038387,0.510489,0.783098,-0.0597,0.542014,0.779709,-0.082302,0.461941,0.670066,-0.029227,0.480176,0.681665,-0.062781,0.501267,0.693417,-0.087506,0.522667,0.707412,-0.10199,0.422268,0.664509,-0.034938,0.449116,0.712464,-0.071012,0.462071,0.778626,-0.083725,0.466492,0.824678,-0.086313,0.382986,0.685847,-0.043319,0.403618,0.73617,-0.07458,0.418257,0.79024,-0.074476,0.422614,0.823796,-0.067844,0.349565,0.723391,-0.053682,0.363475,0.767523,-0.072281,0.37682,0.802397,-0.069684,0.380367,0.821247,-0.063182
1469,48966,True,0.9975,0.9975,0.410059,0.825069,-0.0,0.458329,0.81358,-0.015604,0.497157,0.791853,-0.033421,0.527423,0.781477,-0.053146,0.558652,0.774235,-0.074154,0.476801,0.669347,-0.025571,0.496072,0.671917,-0.05417,0.516212,0.677814,-0.075463,0.535979,0.685698,-0.088251,0.439051,0.66147,-0.031491,0.469834,0.716351,-0.063277,0.48073,0.780956,-0.073716,0.483011,0.8251,-0.075362,0.401882,0.679343,-0.039575,0.42831,0.739187,-0.066715,0.43688,0.789009,-0.064647,0.436696,0.820408,-0.057533,0.369325,0.712207,-0.049598,0.387877,0.7586,-0.065782,0.398239,0.794351,-0.061631,0.399806,0.815306,-0.054129
1470,49000,True,0.9965,0.9965,0.413967,0.825803,0.0,0.46762,0.814498,-0.01652,0.512772,0.788483,-0.033354,0.544001,0.771847,-0.05253,0.576311,0.76081,-0.073375,0.500952,0.672488,-0.022592,0.534978,0.665453,-0.051431,0.564045,0.657804,-0.07308,0.59279,0.65296,-0.085956,0.466267,0.657605,-0.028703,0.50951,0.674808,-0.054457,0.538414,0.696927,-0.06634,0.559684,0.711233,-0.071618,0.429687,0.665948,-0.037367,0.469251,0.706973,-0.0674,0.477846,0.763378,-0.066957,0.480073,0.800094,-0.059413,0.396136,0.690609,-0.047706,0.424631,0.722065,-0.067288,0.437016,0.764819,-0.062592,0.440805,0.795293,-0.053786
1471,49033,True,0.9988,0.9988,0.439471,0.804955,0.0,0.482817,0.800501,-0.018046,0.525254,0.775572,-0.03605,0.557265,0.757389,-0.055144,0.587222,0.743389,-0.076071,0.518831,0.66322,-0.033913,0.557816,0.637915,-0.063068,0.592089,0.618992,-0.083393,0.621347,0.602549,-0.096241,0.485096,0.645689,-0.039453,0.52086,0.687217,-0.076845,0.522601,0.750165,-0.086953,0.515822,0.790848,-0.0871,0.450947,0.653662,-0.046705,0.485104,0.703547,-0.081185,0.48705,0.760453,-0.076732,0.480653,0.795291,-0.065979,0.417055,0.678834,-0.055607,0.44633,0.709616,-0.079621,0.45687,0.754581,-0.074823,0.458193,0.78486,-0.064998
1472,49066,True,0.9992,0.9992,0.455204,0.782999,1e-06,0.505097,0.78018,-0.020094,0.548206,0.753167,-0.035052,0.574321,0.72256,-0.051358,0.602826,0.707312,-0.067776,0.555566,0.65223,-0.023708,0.593384,0.620459,-0.052343,0.620425,0.587573,-0.070588,0.643529,0.559493,-0.080087,0.520519,0.629696,-0.028981,0.564261,0.598697,-0.060285,0.597976,0.578919,-0.073889,0.625484,0.564828,-0.076532,0.481441,0.62613,-0.036648,0.52076,0.658905,-0.074917,0.520759,0.722142,-0.073468,0.515007,0.768542,-0.059657,0.441528,0.641982,-0.045941,0.475792,0.675139,-0.071453,0.484151,0.723787,-0.065147,0.483091,0.759206,-0.051677
1473,49100,True,0.9988,0.9988,0.467288,0.754375,0.0,0.516774,0.74827,-0.015669,0.561486,0.714855,-0.030729,0.591317,0.687005,-0.047565,0.618065,0.663686,-0.06612,0.549567,0.600784,-0.025662,0.584847,0.565981,-0.05197,0.615481,0.539207,-0.071648,0.642009,0.518906,-0.084675,0.513018,0.58665,-0.032576,0.54998,0.59726,-0.068129,0.560053,0.655827,-0.080148,0.557679,0.700891,-0.082354,0.476441,0.596062,-0.041192,0.508084,0.61622,-0.073406,0.518577,0.673022,-0.070126,0.517612,0.71367,-0.061541,0.441767,0.62219,-0.051292,0.468938,0.636095,-0.07335,0.482828,0.67848,-0.06919,0.486058,0.710474,-0.061211
1474,49133,True,0.9989,0.9989,0.484132,0.732628,0.0,0.531082,0.728312,-0.020565,0.574028,0.694094,-0.037689,0.601471,0.666177,-0.056009,0.623903,0.637297,-0.075902,0.568321,0.579967,-0.028741,0.605159,0.53575,-0.056886,0.636634,0.507279,-0.076893,0.662531,0.482423,-0.089375,0.529341,0.569416,-0.034409,0.560775,0.564355,-0.073896,0.568881,0.630844,-0.085741,0.565577,0.676038,-0.085763,0.489934,0.581101,-0.042271,0.514875,0.580529,-0.078023,0.525061,0.644795,-0.07208,0.523888,0.685719,-0.059352,0.452098,0.608752,-0.051809,0.470036,0.594672,-0.075182,0.483486,0.631271,-0.067764,0.485868,0.657152,-0.056154
1475,49166,True,0.999,0.999,0.493086,0.716737,0.0,0.538761,0.713237,-0.023118,0.582271,0.680514,-0.042156,0.611582,0.650767,-0.061596,0.633955,0.617682,-0.082117,0.579918,0.553921,-0.033576,0.618616,0.512009,-0.063814,0.647811,0.481824,-0.08446,0.672329,0.453992,-0.098194,0.539909,0.541781,-0.039913,0.574772,0.531997,-0.081828,0.583075,0.603049,-0.094509,0.580005,0.652192,-0.095428,0.498894,0.555464,-0.048605,0.525357,0.555398,-0.088944,0.538358,0.623156,-0.084788,0.538907,0.666605,-0.07327,0.459051,0.587703,-0.058817,0.48123,0.584026,-0.087442,0.497174,0.631048,-0.082319,0.500277,0.663743,-0.072217
1476,49200,True,0.9993,0.9993,0.509202,0.709705,0.0,0.555112,0.698496,-0.019628,0.599438,0.6555,-0.035263,0.625424,0.621818,-0.05142,0.642525,0.59154,-0.068325,0.586696,0.523853,-0.026421,0.622137,0.482534,-0.053125,0.648062,0.450273,-0.072719,0.669684,0.421277,-0.086112,0.54494,0.512655,-0.032385,0.580738,0.515914,-0.06941,0.591977,0.589899,-0.08018,0.589995,0.636844,-0.080864,0.503593,0.529186,-0.04045,0.534693,0.534866,-0.076319,0.549939,0.603601,-0.070345,0.549997,0.646273,-0.058703,0.465017,0.564528,-0.050103,0.492028,0.565278,-0.07595,0.508705,0.613903,-0.069546,0.510545,0.646059,-0.058896
1477,49233,True,0.998,0.998,0.510803,0.702481,0.0,0.558552,0.692897,-0.020863,0.60221,0.643338,-0.036235,0.62721,0.602916,-0.052145,0.649323,0.572294,-0.068519,0.591652,0.514762,-0.024109,0.627149,0.458925,-0.050849,0.651337,0.419897,-0.069349,0.669768,0.384638,-0.082029,0.549782,0.503852,-0.029098,0.588324,0.496898,-0.069885,0.597794,0.57424,-0.080313,0.592685,0.624139,-0.078725,0.509048,0.51756,-0.036457,0.540838,0.513958,-0.075988,0.554345,0.586442,-0.068832,0.552583,0.630969,-0.054364,0.470694,0.549893,-0.045359,0.499078,0.546262,-0.074138,0.516172,0.597127,-0.067595,0.517919,0.629305,-0.055428
1478,49266,True,0.9972,0.9972,0.505346,0.699881,0.0,0.554215,0.692206,-0.024714,0.599204,0.642674,-0.042857,0.625584,0.600289,-0.061228,0.65125,0.565771,-0.079489,0.592256,0.511069,-0.02931,0.631761,0.447249,-0.058421,0.658322,0.405649,-0.076898,0.677664,0.367898,-0.089246,0.551193,0.500524,-0.034011,0.592097,0.480147,-0.079341,0.601133,0.559976,-0.090739,0.59491,0.612369,-0.088472,0.510146,0.51259,-0.041256,0.544131,0.501393,-0.08587,0.55722,0.578071,-0.078652,0.55473,0.624517,-0.062266,0.470056,0.54143,-0.050102,0.500668,0.527757,-0.081842,0.520144,0.579189,-0.074764,0.523011,0.613861,-0.061237
1479,49300,True,0.9963,0.9963,0.498887,0.699399,0.0,0.552113,0.690807,-0.026145,0.597537,0.644871,-0.045265,0.625491,0.602736,-0.064674,0.653026,0.569354,-0.083894,0.595091,0.514041,-0.032104,0.635414,0.450481,-0.06213,0.66226,0.409428,-0.081107,0.682597,0.372279,-0.093598,0.552572,0.502101,-0.036449,0.59229,0.482369,-0.083328,0.600058,0.559941,-0.094925,0.594432,0.615309,-0.092177,0.510638,0.512375,-0.043442,0.543458,0.507104,-0.08754,0.555421,0.581713,-0.080532,0.553851,0.630388,-0.064228,0.470958,0.539903,-0.052509,0.499726,0.536455,-0.082705,0.51773,0.58755,-0.076304,0.521369,0.623345,-0.063425
1480,49333,True,0.9977,0.9977,0.493505,0.713573,0.0,0.549787,0.700661,-0.022189,0.602017,0.661098,-0.039472,0.632996,0.626583,-0.057628,0.650283,0.594178,-0.076734,0.595088,0.519822,-0.031849,0.634306,0.4752,-0.060901,0.658957,0.441815,-0.080782,0.678063,0.408912,-0.094339,0.552434,0.502631,-0.037853,0.592423,0.514679,-0.080245,0.595537,0.597128,-0.091597,0.585656,0.65111,-0.090552,0.50864,0.515032,-0.046041,0.540566,0.535326,-0.084845,0.550629,0.609552,-0.079007,0.545841,0.658691,-0.066004,0.467099,0.547423,-0.056352,0.491466,0.572035,-0.08405,0.505504,0.626137,-0.079644,0.505027,0.663095,-0.069378
1481,49366,True,0.9785,0.9785,0.562311,0.500586,-0.0,0.50076,0.53025,-0.037584,0.44961,0.607933,-0.08324,0.428798,0.700755,-0.121739,0.42263,0.768852,-0.161622,0.48021,0.544273,-0.121772,0.466824,0.705094,-0.163898,0.469929,0.701377,-0.189414,0.473963,0.667816,-0.208693,0.534112,0.562717,-0.122585,0.518314,0.722243,-0.152428,0.516674,0.696342,-0.151987,0.52505,0.645816,-0.158908,0.583472,0.587189,-0.121026,0.564352,0.728967,-0.141973,0.554521,0.699677,-0.120488,0.557314,0.648073,-0.109736,0.623327,0.611757,-0.124713,0.600826,0.7145,-0.144873,0.587679,0.689299,-0.134989,0.585988,0.640963,-0.12862
1482,49400,True,0.9872,0.9872,0.533444,0.576131,-0.0,0.569598,0.624497,-0.018354,0.597939,0.67272,-0.040671,0.614309,0.701985,-0.059995,0.619904,0.697274,-0.080374,0.577926,0.579152,-0.079709,0.588907,0.634174,-0.110411,0.601651,0.662943,-0.121453,0.610907,0.679149,-0.125577,0.528197,0.572248,-0.083068,0.53956,0.665269,-0.112868,0.544159,0.714729,-0.121247,0.548149,0.740444,-0.127282,0.48262,0.586728,-0.084272,0.489042,0.668143,-0.114233,0.496809,0.711605,-0.123372,0.508665,0.740657,-0.126325,0.444506,0.613542,-0.084762,0.435221,0.667692,-0.102162,0.443736,0.69954,-0.103983,0.458919,0.724224,-0.105372
1483,49433,True,0.8739,0.8739,0.436625,0.664263,-0.0,0.501523,0.662977,-0.035242,0.560706,0.659463,-0.07984,0.588879,0.650733,-0.120381,0.600683,0.653574,-0.16241,0.550465,0.615104,-0.121204,0.583477,0.64272,-0.170787,0.5876,0.65839,-0.19763,0.591223,0.665471,-0.212323,0.506025,0.613099,-0.125044,0.529409,0.694998,-0.16586,0.526526,0.737744,-0.174174,0.529355,0.750449,-0.183451,0.462236,0.629675,-0.127516,0.476246,0.715759,-0.158751,0.486461,0.745346,-0.154818,0.497239,0.742226,-0.152999,0.420591,0.652439,-0.132582,0.430536,0.722698,-0.152899,0.440282,0.747448,-0.147988,0.451719,0.744355,-0.145647
1484,49466,True,0.6062,0.6062,0.533941,0.689877,-0.0,0.481971,0.692412,-0.016837,0.442046,0.690791,-0.052282,0.43106,0.660249,-0.083987,0.429292,0.627877,-0.118779,0.443066,0.757789,-0.104568,0.391725,0.652021,-0.141014,0.390371,0.61844,-0.156468,0.40422,0.621533,-0.165637,0.483323,0.74762,-0.112496,0.433095,0.595949,-0.138944,0.424139,0.581249,-0.135482,0.427644,0.612333,-0.13933,0.523431,0.71998,-0.116803,0.481028,0.573318,-0.135455,0.464982,0.568461,-0.118995,0.461995,0.604245,-0.113121,0.560625,0.686091,-0.122187,0.538069,0.577597,-0.139033,0.531604,0.564253,-0.130087,0.533687,0.580942,-0.125806
1485,49500,True,0.995,0.995,0.439328,0.763052,0.0,0.496996,0.72976,-0.043089,0.540584,0.68394,-0.097186,0.554083,0.636218,-0.144889,0.541053,0.600517,-0.193906,0.54771,0.701158,-0.152047,0.550152,0.61882,-0.218192,0.545841,0.577448,-0.257885,0.547916,0.546238,-0.280782,0.502309,0.713562,-0.153661,0.474856,0.575084,-0.208081,0.467115,0.555203,-0.220669,0.469112,0.559858,-0.233444,0.451983,0.714503,-0.153256,0.419405,0.582719,-0.187929,0.424207,0.582346,-0.178221,0.437597,0.603392,-0.1751,0.403937,0.708206,-0.156799,0.384916,0.616159,-0.177532,0.392598,0.608688,-0.169246,0.404513,0.622064,-0.165555
1486,49533,True,0.9522,0.9522,0.423773,0.708741,0.0,0.481895,0.697131,-0.02379,0.519301,0.659026,-0.052433,0.53936,0.633192,-0.078927,0.561486,0.588294,-0.109238,0.515642,0.575626,-0.078424,0.52893,0.503526,-0.11864,0.547445,0.453518,-0.147809,0.559678,0.411916,-0.169697,0.478904,0.591536,-0.089551,0.471669,0.503584,-0.132939,0.478909,0.544096,-0.145419,0.481507,0.591856,-0.151719,0.435032,0.621249,-0.100419,0.424511,0.544585,-0.137557,0.439584,0.592799,-0.126907,0.453063,0.638615,-0.116347,0.394008,0.653768,-0.112587,0.381985,0.586715,-0.142228,0.39648,0.613333,-0.133589,0.411944,0.645297,-0.123818
1487,49566,True,0.9984,0.9984,0.450856,0.7082,0.0,0.491251,0.700772,-0.032762,0.527644,0.660961,-0.054518,0.549715,0.628429,-0.075441,0.564714,0.585561,-0.097179,0.519436,0.540317,-0.041647,0.53985,0.471362,-0.073536,0.557544,0.424409,-0.093831,0.570848,0.383551,-0.10775,0.473044,0.532708,-0.045883,0.479863,0.493454,-0.093079,0.491583,0.566866,-0.10701,0.496531,0.620977,-0.106864,0.427846,0.549584,-0.053176,0.429926,0.542166,-0.100412,0.449597,0.615244,-0.096924,0.460011,0.659196,-0.083462,0.385302,0.581477,-0.062717,0.390033,0.571558,-0.094791,0.408251,0.622916,-0.089153,0.417797,0.655923,-0.077907
1488,49600,True,0.9988,0.9988,0.461383,0.729907,0.0,0.514288,0.718921,-0.035265,0.56089,0.682591,-0.060009,0.580117,0.647061,-0.083441,0.578206,0.610609,-0.107036,0.535369,0.539846,-0.037816,0.554868,0.493376,-0.073257,0.572081,0.451845,-0.0984,0.588539,0.418579,-0.114773,0.486058,0.534299,-0.040294,0.506742,0.515254,-0.091851,0.519758,0.591904,-0.109288,0.525681,0.652059,-0.1099,0.440189,0.552716,-0.046624,0.455364,0.556584,-0.094182,0.475853,0.627878,-0.091912,0.486778,0.6782,-0.078854,0.39987,0.589686,-0.055883,0.413512,0.60103,-0.088454,0.435429,0.652657,-0.085367,0.448133,0.687627,-0.075196
1489,49633,True,0.9955,0.9955,0.494882,0.729679,-0.0,0.559429,0.698054,-0.02793,0.597888,0.658093,-0.051482,0.596626,0.641633,-0.075514,0.5791,0.647512,-0.098112,0.565297,0.518354,-0.037038,0.58473,0.548676,-0.081517,0.597775,0.597654,-0.110752,0.603109,0.627239,-0.125371,0.511853,0.521226,-0.040773,0.540382,0.64024,-0.082665,0.545297,0.688766,-0.094245,0.540529,0.691942,-0.095373,0.462222,0.555823,-0.049496,0.490225,0.667164,-0.085438,0.500179,0.700938,-0.079681,0.500506,0.694028,-0.067968,0.420728,0.603184,-0.061818,0.441226,0.677548,-0.084486,0.451552,0.705724,-0.077605,0.451483,0.7015,-0.065538
1490,49666,True,0.999,0.999,0.471744,0.753532,-1e-06,0.531555,0.748025,-0.026125,0.575463,0.748783,-0.05724,0.601538,0.746317,-0.089026,0.630757,0.731946,-0.119102,0.575332,0.594119,-0.053252,0.605256,0.643807,-0.104627,0.600927,0.711365,-0.138436,0.587548,0.763691,-0.155797,0.525491,0.59107,-0.061993,0.558788,0.675127,-0.110206,0.562848,0.760333,-0.125045,0.557102,0.814182,-0.12895,0.477993,0.618207,-0.074285,0.504619,0.696911,-0.112698,0.515656,0.761444,-0.109669,0.515356,0.79564,-0.101194,0.439342,0.662742,-0.089194,0.455519,0.72156,-0.110118,0.462665,0.75605,-0.104425,0.46134,0.766919,-0.095814
1491,49700,True,0.9992,0.9992,0.468961,0.765058,-0.0,0.528246,0.763948,-0.015761,0.57343,0.771528,-0.042884,0.60565,0.788697,-0.072488,0.632693,0.81152,-0.104714,0.58322,0.660374,-0.053577,0.619157,0.726967,-0.098277,0.631254,0.784031,-0.128431,0.63407,0.830383,-0.145443,0.541176,0.654689,-0.067738,0.578935,0.734416,-0.109877,0.58024,0.800419,-0.127299,0.570796,0.845118,-0.136676,0.494303,0.672371,-0.083235,0.520438,0.737628,-0.121789,0.526647,0.796544,-0.128797,0.526222,0.830921,-0.128478,0.451576,0.703346,-0.099433,0.456008,0.746448,-0.123566,0.461898,0.780712,-0.124317,0.465034,0.802869,-0.12214
1492,49733,True,0.9992,0.9992,0.466486,0.808918,0.0,0.524617,0.819819,-0.010401,0.574017,0.822536,-0.027119,0.61187,0.831888,-0.046107,0.648119,0.849077,-0.06708,0.583308,0.714356,-0.032334,0.61579,0.767907,-0.065472,0.627584,0.811922,-0.087518,0.631842,0.854871,-0.099631,0.542555,0.698621,-0.043536,0.568218,0.767523,-0.076722,0.568229,0.834149,-0.088511,0.562808,0.881574,-0.093298,0.496679,0.704478,-0.056454,0.516228,0.773013,-0.088799,0.518541,0.831025,-0.092236,0.517272,0.867531,-0.089331,0.45353,0.726239,-0.069824,0.467214,0.776934,-0.089733,0.474082,0.818822,-0.088368,0.476962,0.845928,-0.084082
1493,49766,True,0.9885,0.9885,0.446599,0.809441,0.0,0.515915,0.803573,-0.005625,0.568446,0.813127,-0.020023,0.604265,0.842096,-0.037921,0.634591,0.870954,-0.05852,0.559455,0.715607,-0.029025,0.597721,0.763204,-0.055164,0.615356,0.807613,-0.073707,0.628234,0.850225,-0.085632,0.519612,0.71398,-0.041348,0.545806,0.792476,-0.067304,0.549856,0.850641,-0.077612,0.551276,0.8922,-0.084562,0.476482,0.729143,-0.054189,0.495978,0.795277,-0.079854,0.50005,0.839275,-0.083028,0.501228,0.868446,-0.083052,0.438231,0.75196,-0.067445,0.445163,0.802014,-0.08489,0.45131,0.83261,-0.083934,0.455797,0.851543,-0.081147
1494,49800,True,0.9973,0.9973,0.440495,0.829606,0.0,0.498205,0.828224,-0.011284,0.545039,0.828619,-0.027445,0.579435,0.838546,-0.044626,0.612427,0.84027,-0.063085,0.541249,0.710966,-0.033735,0.577159,0.736578,-0.058526,0.602261,0.765581,-0.0769,0.621397,0.797461,-0.089243,0.499311,0.704514,-0.042781,0.523053,0.780668,-0.070453,0.529333,0.848034,-0.079827,0.530791,0.894646,-0.085089,0.455608,0.723567,-0.052575,0.472788,0.801126,-0.077862,0.480658,0.848835,-0.076737,0.481588,0.878804,-0.073743,0.418366,0.754899,-0.063522,0.428727,0.812429,-0.080077,0.438043,0.843798,-0.077279,0.441549,0.86136,-0.073043
1495,49833,True,0.9977,0.9977,0.434567,0.837034,0.0,0.486936,0.83687,-0.016826,0.532053,0.828036,-0.034225,0.564835,0.831336,-0.052473,0.593305,0.830531,-0.071665,0.520352,0.703074,-0.032422,0.541623,0.711013,-0.061459,0.56511,0.728949,-0.083435,0.587976,0.750171,-0.097759,0.47988,0.690222,-0.039448,0.501501,0.766148,-0.071175,0.509979,0.835859,-0.082459,0.514741,0.879683,-0.087814,0.438731,0.705936,-0.04849,0.45346,0.788194,-0.077692,0.463541,0.842624,-0.076598,0.46889,0.87581,-0.072152,0.401825,0.736832,-0.059616,0.411798,0.794241,-0.078254,0.423657,0.832676,-0.075559,0.431944,0.856477,-0.070618
1496,49866,True,0.9981,0.9981,0.415912,0.854425,0.0,0.470904,0.85922,-0.020629,0.523112,0.850747,-0.039265,0.553706,0.843767,-0.060004,0.566232,0.833363,-0.081956,0.523762,0.724144,-0.029008,0.548744,0.721601,-0.064364,0.571695,0.729862,-0.088365,0.594207,0.7439,-0.101872,0.484958,0.698919,-0.037539,0.524392,0.706681,-0.07211,0.555326,0.733961,-0.088758,0.579909,0.759281,-0.094613,0.440366,0.699979,-0.049047,0.469155,0.769528,-0.088877,0.47677,0.843374,-0.092708,0.480377,0.892054,-0.084638,0.398506,0.723946,-0.06224,0.414306,0.785054,-0.0874,0.425868,0.837451,-0.084731,0.434017,0.873465,-0.07604
1497,49900,True,0.9934,0.9934,0.417401,0.843178,-0.0,0.465513,0.849734,-0.017324,0.509219,0.848921,-0.034193,0.540886,0.864887,-0.053301,0.570733,0.873171,-0.072929,0.509676,0.72854,-0.030298,0.54236,0.74047,-0.063344,0.557916,0.772842,-0.086094,0.564027,0.808967,-0.097923,0.469686,0.708647,-0.035662,0.474335,0.791928,-0.069597,0.477156,0.862268,-0.080921,0.477492,0.907809,-0.084051,0.425594,0.71589,-0.043745,0.424551,0.805844,-0.071544,0.429273,0.856438,-0.070405,0.432011,0.885396,-0.064546,0.38489,0.73702,-0.054319,0.379571,0.803991,-0.071659,0.386547,0.841957,-0.069418,0.394163,0.862493,-0.063229
1498,49933,True,0.9917,0.9917,0.404449,0.830054,-0.0,0.454015,0.843035,-0.019922,0.497557,0.853553,-0.039357,0.530222,0.871284,-0.060168,0.561363,0.87857,-0.082311,0.49784,0.734544,-0.037786,0.51334,0.786259,-0.070044,0.525417,0.830003,-0.093404,0.538783,0.865841,-0.106682,0.454401,0.720436,-0.043412,0.459358,0.813987,-0.076708,0.459805,0.879158,-0.090662,0.460309,0.924017,-0.09684,0.408558,0.727244,-0.050923,0.411633,0.816125,-0.08032,0.416947,0.870451,-0.084219,0.421102,0.906846,-0.081746,0.368272,0.74599,-0.060539,0.363883,0.80738,-0.07958,0.370419,0.844875,-0.079949,0.377631,0.870072,-0.07607
1499,49966,True,0.9925,0.9925,0.382072,0.835395,0.0,0.434692,0.828109,-0.024263,0.47537,0.823569,-0.045475,0.508415,0.836233,-0.067499,0.539208,0.850559,-0.09052,0.468748,0.709191,-0.03769,0.495754,0.760399,-0.07307,0.517203,0.806635,-0.09958,0.534743,0.848715,-0.115472,0.422334,0.703701,-0.042785,0.438177,0.779539,-0.076746,0.446734,0.84515,-0.091958,0.450244,0.888686,-0.099817,0.375891,0.719156,-0.050755,0.384812,0.799127,-0.082607,0.397271,0.852344,-0.086594,0.4032,0.88381,-0.084375,0.335901,0.746832,-0.061299,0.341889,0.81006,-0.080885,0.356548,0.850044,-0.080077,0.365361,0.872189,-0.076144
1500,50000,True,0.997,0.997,0.386623,0.832736,0.0,0.435321,0.811931,-0.024387,0.473804,0.791049,-0.047817,0.502162,0.788293,-0.071809,0.52406,0.790039,-0.09546,0.468726,0.665925,-0.041687,0.492269,0.704397,-0.085934,0.511044,0.760195,-0.115159,0.523659,0.805555,-0.129114,0.418782,0.6664,-0.047039,0.427236,0.730683,-0.089537,0.442548,0.811318,-0.102388,0.448452,0.861389,-0.104306,0.368873,0.692679,-0.055817,0.373975,0.756858,-0.093305,0.390519,0.81982,-0.090082,0.397657,0.853416,-0.079341,0.326557,0.732055,-0.066861,0.327206,0.773317,-0.088307,0.342138,0.808137,-0.082257,0.350568,0.824724,-0.071585
1501,50033,True,0.9977,0.9977,0.387568,0.819863,0.0,0.430867,0.805479,-0.022295,0.466561,0.783958,-0.044683,0.494027,0.781211,-0.068499,0.52224,0.781305,-0.09473,0.459571,0.656176,-0.03801,0.480638,0.664653,-0.073042,0.508703,0.66412,-0.099427,0.539636,0.664541,-0.116202,0.415441,0.645231,-0.044533,0.428099,0.686682,-0.087335,0.441209,0.761458,-0.104342,0.448824,0.815113,-0.108913,0.371089,0.663492,-0.052997,0.37494,0.702265,-0.092345,0.389894,0.771409,-0.092334,0.400458,0.818455,-0.083718,0.333217,0.699851,-0.063333,0.327236,0.717901,-0.088534,0.336487,0.748332,-0.085997,0.343356,0.767059,-0.078484
1502,50066,True,0.9975,0.9975,0.38874,0.807954,0.0,0.432542,0.796632,-0.02409,0.469344,0.783456,-0.050488,0.498206,0.784676,-0.077917,0.530056,0.789712,-0.10729,0.464866,0.65332,-0.044168,0.488786,0.670368,-0.084588,0.519883,0.681982,-0.114051,0.549141,0.69565,-0.132481,0.422329,0.644073,-0.051013,0.445027,0.696867,-0.097088,0.45828,0.77429,-0.113055,0.463564,0.826872,-0.117139,0.37864,0.66398,-0.060446,0.392387,0.715201,-0.102227,0.406048,0.781508,-0.102363,0.412314,0.822324,-0.093939,0.340746,0.701467,-0.071907,0.34655,0.740876,-0.099797,0.361649,0.782109,-0.098306,0.370167,0.804742,-0.091299
1503,50100,True,0.9979,0.9979,0.395615,0.806917,-0.0,0.440451,0.807497,-0.028219,0.479641,0.799857,-0.055677,0.509852,0.799732,-0.083354,0.544605,0.792778,-0.111527,0.476797,0.664931,-0.046805,0.493276,0.689445,-0.092874,0.513701,0.72181,-0.125276,0.530193,0.756751,-0.142629,0.431425,0.655274,-0.050984,0.448333,0.726139,-0.098396,0.459801,0.805676,-0.115499,0.46335,0.857447,-0.120429,0.386053,0.67483,-0.058834,0.3947,0.73671,-0.099711,0.408666,0.801633,-0.100401,0.416097,0.840335,-0.093178,0.346878,0.711195,-0.069284,0.347928,0.749742,-0.096024,0.362307,0.790076,-0.09496,0.372866,0.813463,-0.088368
1504,50133,True,0.9974,0.9974,0.393413,0.799806,-0.0,0.438974,0.804368,-0.024871,0.477965,0.804038,-0.049722,0.505934,0.810327,-0.075125,0.534228,0.804696,-0.102185,0.47589,0.672477,-0.047578,0.493407,0.702696,-0.086808,0.518051,0.734951,-0.114584,0.539366,0.767047,-0.130514,0.432854,0.660279,-0.052576,0.446345,0.738196,-0.094093,0.457622,0.813895,-0.109835,0.46234,0.864962,-0.115856,0.387726,0.675028,-0.059929,0.392972,0.742826,-0.09722,0.405801,0.80756,-0.099325,0.414107,0.850041,-0.094125,0.347883,0.705945,-0.06941,0.342422,0.745706,-0.094701,0.352369,0.78379,-0.094772,0.360214,0.808842,-0.089682
1505,50166,True,0.9984,0.9984,0.381048,0.826393,0.0,0.426256,0.820181,-0.026033,0.467196,0.803809,-0.049471,0.497593,0.798388,-0.073203,0.523647,0.799494,-0.098271,0.454952,0.668977,-0.040557,0.471464,0.678012,-0.075245,0.493234,0.695748,-0.100594,0.516819,0.71766,-0.116248,0.412754,0.6569,-0.044931,0.430522,0.715634,-0.085678,0.441607,0.790259,-0.10197,0.447728,0.843576,-0.107238,0.36978,0.672564,-0.051842,0.381321,0.733993,-0.089281,0.394962,0.799909,-0.092308,0.40323,0.845171,-0.087124,0.331656,0.705177,-0.061044,0.335344,0.74905,-0.085613,0.348052,0.792307,-0.085777,0.357206,0.821146,-0.08065
1506,50200,True,0.9979,0.9979,0.381221,0.839359,-0.0,0.424773,0.834635,-0.028399,0.464447,0.815694,-0.050631,0.491282,0.800397,-0.072537,0.509851,0.775995,-0.095842,0.454826,0.688556,-0.041612,0.458072,0.6905,-0.076542,0.466459,0.699345,-0.101923,0.475255,0.713472,-0.116052,0.409342,0.671335,-0.042848,0.406368,0.717135,-0.082064,0.411892,0.787329,-0.097672,0.416163,0.841435,-0.101648,0.363254,0.682293,-0.046765,0.357093,0.733692,-0.082804,0.363428,0.798749,-0.083881,0.369237,0.845551,-0.076661,0.323172,0.708444,-0.053059,0.311847,0.739402,-0.077053,0.317018,0.779037,-0.07501,0.322659,0.806269,-0.067365
1507,50233,True,0.9972,0.9972,0.333628,0.877663,-0.0,0.392403,0.872893,-0.024252,0.445282,0.855363,-0.04361,0.479115,0.834555,-0.063344,0.500088,0.810615,-0.082603,0.445399,0.728282,-0.040747,0.466696,0.76361,-0.080643,0.462193,0.820411,-0.106168,0.451043,0.871953,-0.116521,0.399671,0.706964,-0.042132,0.40171,0.771356,-0.076802,0.397096,0.838142,-0.089126,0.390676,0.891925,-0.091666,0.351336,0.70844,-0.04654,0.347273,0.782591,-0.075332,0.352055,0.844154,-0.076249,0.354736,0.892053,-0.069908,0.308869,0.724433,-0.053419,0.300876,0.773869,-0.069991,0.301974,0.821754,-0.066318,0.303388,0.858396,-0.057688
1508,50266,True,0.9962,0.9962,0.329846,0.849773,-0.0,0.377031,0.854805,-0.021383,0.416462,0.865335,-0.042136,0.446739,0.879146,-0.064348,0.469844,0.879298,-0.088722,0.414046,0.740892,-0.040062,0.428489,0.784022,-0.076307,0.441937,0.82489,-0.103233,0.454515,0.863068,-0.118073,0.363624,0.733309,-0.047533,0.365332,0.816012,-0.086813,0.3721,0.894312,-0.102289,0.377728,0.9516,-0.107297,0.312863,0.748344,-0.056903,0.312102,0.831853,-0.091946,0.316284,0.89453,-0.093306,0.31924,0.936528,-0.0874,0.27049,0.77569,-0.068553,0.264348,0.847234,-0.09231,0.27017,0.897487,-0.089257,0.274551,0.929411,-0.08118
1509,50300,True,0.9406,0.9406,0.316309,0.775213,0.0,0.35854,0.781081,-0.020197,0.39339,0.815844,-0.045241,0.416687,0.853293,-0.073075,0.436738,0.884207,-0.104136,0.38325,0.748228,-0.054189,0.406935,0.774504,-0.090032,0.418639,0.802062,-0.117231,0.426346,0.829095,-0.133294,0.335546,0.758953,-0.062491,0.349563,0.847736,-0.094402,0.356071,0.893006,-0.105886,0.363218,0.920621,-0.11411,0.290411,0.777741,-0.071694,0.301084,0.863539,-0.099304,0.307691,0.896013,-0.097932,0.311545,0.914,-0.09512,0.251359,0.796118,-0.083532,0.252828,0.868012,-0.099531,0.263059,0.895446,-0.092347,0.271091,0.908258,-0.085565
1510,50333,True,0.9284,0.9284,0.296163,0.763344,1e-06,0.351668,0.759845,-0.016406,0.384962,0.782057,-0.049824,0.401423,0.815484,-0.083288,0.413805,0.843001,-0.119469,0.355109,0.725415,-0.079412,0.383591,0.784743,-0.116195,0.405261,0.799938,-0.13669,0.41533,0.807352,-0.149462,0.306837,0.743349,-0.09326,0.343718,0.845104,-0.122345,0.361117,0.846822,-0.11806,0.365047,0.831479,-0.117321,0.263494,0.769415,-0.107028,0.298692,0.862255,-0.130773,0.320949,0.857763,-0.111368,0.329332,0.840037,-0.099136,0.229092,0.79798,-0.123155,0.246208,0.85844,-0.144109,0.268664,0.853263,-0.134673,0.27982,0.833701,-0.127195
1511,50366,True,0.9988,0.9988,0.290882,0.849161,1e-06,0.34035,0.834474,-0.027547,0.378419,0.817341,-0.056127,0.398402,0.810839,-0.083538,0.396328,0.799075,-0.113048,0.365272,0.72287,-0.066121,0.378692,0.679464,-0.103234,0.388838,0.639059,-0.128246,0.3957,0.605612,-0.146608,0.318823,0.712906,-0.073624,0.327866,0.730111,-0.117036,0.342004,0.79218,-0.126403,0.35116,0.841088,-0.128221,0.273063,0.730512,-0.082683,0.285145,0.771919,-0.118592,0.30474,0.818541,-0.105821,0.319628,0.848281,-0.092291,0.235057,0.762381,-0.094749,0.242847,0.790042,-0.118696,0.263028,0.817875,-0.108795,0.279811,0.835654,-0.097734
1512,50400,True,0.9972,0.9972,0.302527,0.841834,0.0,0.339005,0.841519,-0.038815,0.372227,0.826904,-0.069741,0.393983,0.81266,-0.098656,0.409481,0.788413,-0.128781,0.369992,0.697314,-0.061435,0.387663,0.652698,-0.100794,0.401384,0.613737,-0.125801,0.410797,0.577302,-0.142566,0.318912,0.681506,-0.063192,0.316036,0.696591,-0.116825,0.331692,0.782804,-0.130655,0.341659,0.841015,-0.129514,0.269817,0.698525,-0.067779,0.262151,0.740264,-0.116032,0.284098,0.812101,-0.108818,0.299137,0.853178,-0.093142,0.227249,0.734127,-0.075514,0.21698,0.758988,-0.108864,0.237718,0.806173,-0.102826,0.254656,0.832579,-0.09047
1513,50433,True,0.997,0.997,0.30582,0.862024,-0.0,0.34613,0.848585,-0.032331,0.380952,0.830543,-0.05989,0.401235,0.820396,-0.086347,0.406007,0.809359,-0.112458,0.376627,0.697308,-0.052095,0.382676,0.733667,-0.100517,0.391696,0.787008,-0.132374,0.399936,0.82555,-0.147682,0.324224,0.689896,-0.05372,0.322984,0.737782,-0.097578,0.329937,0.811571,-0.111172,0.335727,0.857727,-0.113368,0.274395,0.706828,-0.059139,0.270694,0.759461,-0.098082,0.28142,0.829102,-0.094542,0.291065,0.868572,-0.083411,0.233431,0.738068,-0.067449,0.22393,0.775606,-0.090363,0.236567,0.822281,-0.083442,0.248854,0.845722,-0.071953
1514,50466,True,0.9972,0.9972,0.305746,0.868563,-0.0,0.343912,0.863907,-0.029292,0.375781,0.859136,-0.057628,0.399606,0.866467,-0.086253,0.42237,0.869428,-0.114941,0.374639,0.717522,-0.050368,0.394236,0.764208,-0.098161,0.402356,0.820697,-0.13038,0.402972,0.872908,-0.145462,0.324404,0.711702,-0.053624,0.329906,0.790274,-0.09543,0.337859,0.866386,-0.109366,0.342124,0.917853,-0.113388,0.275014,0.733092,-0.060773,0.274883,0.809097,-0.097975,0.284835,0.872614,-0.09834,0.29261,0.910725,-0.091225,0.234449,0.768745,-0.070588,0.226121,0.812672,-0.093514,0.239275,0.857262,-0.089777,0.25207,0.883983,-0.081436
1515,50500,True,0.9972,0.9972,0.30799,0.894277,-0.0,0.348917,0.896832,-0.029536,0.383981,0.89165,-0.056486,0.409335,0.893637,-0.083593,0.432228,0.882373,-0.110109,0.38384,0.739683,-0.044339,0.395946,0.769714,-0.091758,0.403065,0.812451,-0.123526,0.40657,0.856382,-0.13833,0.332655,0.727124,-0.047328,0.334696,0.811196,-0.091523,0.340936,0.893028,-0.106516,0.346493,0.943039,-0.109858,0.282056,0.744696,-0.054578,0.279085,0.822492,-0.094331,0.288194,0.88875,-0.094223,0.296933,0.923412,-0.085871,0.239938,0.778446,-0.064521,0.228436,0.82305,-0.090177,0.242122,0.871613,-0.086107,0.257062,0.897488,-0.076277
1516,50533,True,0.9962,0.9962,0.304061,0.895543,-0.0,0.351744,0.894822,-0.029668,0.392113,0.885654,-0.055301,0.417405,0.884787,-0.080618,0.422581,0.867023,-0.104878,0.386043,0.731564,-0.041781,0.398067,0.761514,-0.089642,0.40604,0.804963,-0.121141,0.408573,0.847909,-0.13559,0.33382,0.720552,-0.045086,0.334536,0.797021,-0.09203,0.343456,0.883596,-0.106449,0.34998,0.933392,-0.107805,0.280893,0.738241,-0.0529,0.278097,0.812658,-0.094447,0.291526,0.885793,-0.091383,0.302661,0.919426,-0.079965,0.236811,0.772177,-0.063495,0.227453,0.823159,-0.090753,0.244401,0.876607,-0.085304,0.260796,0.899169,-0.073624
1517,50566,True,0.9964,0.9964,0.308136,0.884393,-0.0,0.355971,0.884585,-0.031033,0.395525,0.877392,-0.057264,0.421397,0.875808,-0.083379,0.418023,0.852622,-0.108892,0.379477,0.724285,-0.04385,0.390087,0.74537,-0.091801,0.401307,0.788973,-0.124666,0.408004,0.836834,-0.139635,0.327013,0.71524,-0.046628,0.328991,0.785668,-0.095008,0.34194,0.87048,-0.112657,0.351747,0.925003,-0.115622,0.274724,0.732789,-0.053608,0.271763,0.800139,-0.095407,0.286072,0.870061,-0.095746,0.298111,0.907467,-0.086386,0.232082,0.765648,-0.063467,0.223987,0.815635,-0.090369,0.241779,0.868511,-0.086684,0.258419,0.895021,-0.076366
1518,50600,True,0.9943,0.9943,0.305463,0.886952,-0.0,0.354597,0.884498,-0.030735,0.398435,0.870981,-0.055765,0.42474,0.860914,-0.080477,0.414389,0.836207,-0.103665,0.376159,0.714221,-0.039188,0.38374,0.731977,-0.084379,0.393641,0.779386,-0.114364,0.399249,0.826214,-0.12739,0.323884,0.705789,-0.040767,0.327129,0.770344,-0.085098,0.337824,0.855451,-0.100227,0.344736,0.905956,-0.102014,0.272769,0.72387,-0.046624,0.27158,0.78346,-0.084834,0.284833,0.855976,-0.081776,0.294439,0.892875,-0.07064,0.230597,0.75692,-0.055434,0.222556,0.794857,-0.07914,0.237303,0.84604,-0.072568,0.249616,0.869731,-0.060427
1519,50633,True,0.9956,0.9956,0.307599,0.883821,-0.0,0.360465,0.875187,-0.025629,0.404304,0.857721,-0.04739,0.428754,0.844018,-0.070096,0.418905,0.813054,-0.092357,0.381884,0.706941,-0.030585,0.387677,0.720202,-0.072123,0.395736,0.757927,-0.10223,0.399869,0.801174,-0.115672,0.329531,0.697182,-0.033507,0.331699,0.750311,-0.073937,0.34105,0.827978,-0.090638,0.345446,0.883809,-0.09401,0.278905,0.714671,-0.040255,0.275788,0.765066,-0.074656,0.286011,0.833084,-0.074725,0.293794,0.875136,-0.066149,0.237063,0.747371,-0.049523,0.224447,0.773384,-0.070318,0.236084,0.818489,-0.065201,0.248004,0.846168,-0.054671
1520,50666,True,0.9954,0.9954,0.309316,0.863091,-0.0,0.359141,0.851189,-0.024073,0.402589,0.831982,-0.04627,0.430493,0.828654,-0.069903,0.436222,0.816509,-0.093153,0.382493,0.693204,-0.029529,0.385105,0.704016,-0.06726,0.393499,0.733104,-0.093042,0.39911,0.762268,-0.105149,0.33272,0.6845,-0.03345,0.338513,0.735423,-0.072246,0.348022,0.816857,-0.085174,0.352251,0.867275,-0.086005,0.284108,0.702148,-0.040818,0.285554,0.753562,-0.076104,0.298063,0.825371,-0.0728,0.305876,0.86363,-0.061313,0.241861,0.733845,-0.050534,0.235323,0.762102,-0.071281,0.251951,0.808734,-0.063989,0.265518,0.833731,-0.051826
1521,50700,True,0.9939,0.9939,0.309671,0.863758,-0.0,0.356039,0.844422,-0.025391,0.392654,0.816674,-0.048979,0.421957,0.810801,-0.073772,0.452663,0.806577,-0.098251,0.377536,0.682546,-0.030803,0.386517,0.689096,-0.069868,0.402456,0.712202,-0.095789,0.415135,0.738764,-0.108478,0.331,0.674913,-0.035313,0.345253,0.71391,-0.079696,0.358527,0.797641,-0.094614,0.36221,0.853526,-0.094817,0.284784,0.695641,-0.043431,0.292435,0.735974,-0.085517,0.308362,0.810322,-0.084066,0.315663,0.853044,-0.071459,0.244525,0.732464,-0.053573,0.240326,0.751265,-0.080632,0.25676,0.791478,-0.076376,0.268184,0.814111,-0.064835
1522,50733,True,0.9942,0.9942,0.31175,0.858177,0.0,0.353925,0.836855,-0.030193,0.39078,0.811161,-0.058679,0.419953,0.803025,-0.087211,0.448162,0.797262,-0.115568,0.371695,0.677955,-0.047872,0.387496,0.684532,-0.093189,0.408108,0.708369,-0.121252,0.423919,0.734878,-0.13543,0.328642,0.67145,-0.052267,0.350381,0.702249,-0.10476,0.365486,0.784413,-0.121759,0.367612,0.84052,-0.123473,0.285438,0.693392,-0.060367,0.300025,0.720036,-0.111828,0.317415,0.796456,-0.11451,0.323751,0.841789,-0.103764,0.247072,0.731472,-0.070155,0.246668,0.739014,-0.106966,0.262154,0.777163,-0.10904,0.271198,0.800727,-0.101571
1523,50766,True,0.9916,0.9916,0.30563,0.853973,0.0,0.34979,0.83377,-0.028758,0.386425,0.80833,-0.056657,0.415503,0.797069,-0.084503,0.447145,0.785912,-0.112506,0.367435,0.676618,-0.046182,0.386488,0.673407,-0.092019,0.408274,0.693201,-0.122029,0.425783,0.721825,-0.137501,0.325011,0.668429,-0.050495,0.349777,0.695625,-0.102287,0.366633,0.777264,-0.119359,0.371665,0.83501,-0.121435,0.283297,0.688233,-0.058412,0.300094,0.714951,-0.108231,0.319424,0.791018,-0.109648,0.327809,0.838143,-0.09883,0.245752,0.724276,-0.068049,0.252974,0.742433,-0.104308,0.273268,0.791795,-0.104451,0.285453,0.822724,-0.095631
1524,50800,True,0.9956,0.9956,0.305711,0.850613,0.0,0.349232,0.828513,-0.023243,0.386138,0.799842,-0.04615,0.416102,0.789071,-0.069893,0.444835,0.774683,-0.093968,0.364049,0.672785,-0.033986,0.384121,0.672195,-0.073286,0.406166,0.691119,-0.100547,0.42483,0.716312,-0.115033,0.32278,0.666218,-0.039397,0.350027,0.691789,-0.085193,0.366441,0.774315,-0.102155,0.371637,0.831277,-0.10488,0.281558,0.685307,-0.047871,0.299587,0.707931,-0.092196,0.317894,0.783245,-0.093678,0.325885,0.828817,-0.083773,0.243737,0.719702,-0.057619,0.249782,0.728584,-0.088597,0.269953,0.775737,-0.086592,0.282507,0.806949,-0.077025
1525,50833,True,0.9965,0.9965,0.304589,0.850474,-0.0,0.349535,0.827457,-0.023117,0.386554,0.797671,-0.046155,0.416241,0.78459,-0.070163,0.445408,0.768899,-0.09442,0.36376,0.671023,-0.035711,0.385732,0.668176,-0.075777,0.407498,0.688094,-0.10274,0.424294,0.715567,-0.116503,0.322913,0.66494,-0.041503,0.349668,0.689453,-0.087808,0.366244,0.770788,-0.104369,0.370837,0.827605,-0.10671,0.282391,0.686118,-0.050466,0.299253,0.705062,-0.095409,0.317971,0.778343,-0.097521,0.325937,0.823683,-0.087751,0.245645,0.722072,-0.060623,0.244946,0.717955,-0.092017,0.262263,0.757682,-0.090952,0.274203,0.78666,-0.081975
1526,50866,True,0.9978,0.9978,0.307913,0.847873,-0.0,0.355445,0.825506,-0.020701,0.39524,0.792108,-0.0403,0.424837,0.772782,-0.061152,0.448293,0.752328,-0.082266,0.369528,0.664953,-0.029246,0.38993,0.66451,-0.064778,0.408908,0.685441,-0.088869,0.424382,0.711646,-0.100889,0.32793,0.658755,-0.034784,0.351442,0.682601,-0.07683,0.367065,0.760149,-0.092058,0.37315,0.815894,-0.093654,0.286211,0.679428,-0.043332,0.303112,0.700822,-0.083485,0.321569,0.770909,-0.085027,0.331723,0.8157,-0.075581,0.249258,0.714885,-0.053059,0.250104,0.712131,-0.0792,0.26351,0.743329,-0.077219,0.272566,0.765,-0.068556
1527,50900,True,0.9967,0.9967,0.305324,0.845796,-0.0,0.355291,0.820722,-0.018839,0.395453,0.786322,-0.038147,0.426128,0.767552,-0.05916,0.455162,0.750071,-0.080304,0.369426,0.662251,-0.026453,0.392877,0.654096,-0.0616,0.412742,0.674477,-0.085764,0.429158,0.701286,-0.098129,0.329384,0.65607,-0.032867,0.357315,0.675211,-0.073618,0.373592,0.747732,-0.088962,0.379773,0.799779,-0.091425,0.289443,0.675395,-0.0423,0.310058,0.692197,-0.079054,0.328581,0.756628,-0.080212,0.337645,0.797132,-0.072046,0.253735,0.708728,-0.053119,0.259728,0.710041,-0.075939,0.27438,0.744251,-0.073049,0.28306,0.767482,-0.064718
1528,50933,True,0.9971,0.9971,0.310602,0.840444,-0.0,0.361108,0.817532,-0.018121,0.403205,0.77941,-0.035798,0.434522,0.756262,-0.055046,0.463605,0.734619,-0.074732,0.370985,0.658923,-0.024658,0.394626,0.647632,-0.058054,0.415311,0.665859,-0.081916,0.43416,0.688916,-0.094875,0.33217,0.65427,-0.031043,0.362987,0.669476,-0.070917,0.379161,0.741684,-0.085793,0.385449,0.793179,-0.088218,0.294203,0.673746,-0.040265,0.317193,0.6871,-0.076499,0.335615,0.751706,-0.07665,0.344468,0.793478,-0.067941,0.259711,0.706277,-0.050911,0.269164,0.706748,-0.074528,0.286979,0.743613,-0.071566,0.298122,0.770652,-0.06305
1529,50966,True,0.9978,0.9978,0.315344,0.836048,0.0,0.366147,0.81177,-0.017633,0.408127,0.775583,-0.035678,0.440246,0.755638,-0.055459,0.469478,0.737524,-0.075734,0.374243,0.653424,-0.024394,0.399177,0.646157,-0.057772,0.421707,0.663557,-0.081956,0.442799,0.684406,-0.095494,0.335499,0.649529,-0.031237,0.369415,0.669729,-0.07127,0.383938,0.743263,-0.086155,0.388588,0.794232,-0.088616,0.298135,0.670011,-0.040799,0.324578,0.688141,-0.077815,0.342087,0.752975,-0.078269,0.349458,0.793288,-0.069576,0.264655,0.703986,-0.051743,0.280665,0.714241,-0.076057,0.300589,0.753823,-0.073335,0.311902,0.780027,-0.064847
1530,51000,True,0.997,0.997,0.320747,0.838709,0.0,0.368955,0.812752,-0.018901,0.409813,0.776795,-0.038402,0.441076,0.758152,-0.059398,0.470709,0.743697,-0.080931,0.376011,0.652894,-0.026158,0.401307,0.647508,-0.0607,0.42629,0.66037,-0.08572,0.450679,0.677541,-0.100051,0.337771,0.64955,-0.03339,0.375094,0.671179,-0.075294,0.390941,0.745476,-0.090858,0.395808,0.796272,-0.093314,0.3008,0.671499,-0.043378,0.328309,0.69149,-0.083506,0.345999,0.758568,-0.084068,0.353301,0.797979,-0.074499,0.267537,0.707621,-0.054677,0.282719,0.717628,-0.081478,0.302469,0.758727,-0.078479,0.313515,0.78488,-0.069213
1531,51033,True,0.9972,0.9972,0.322074,0.83673,0.0,0.371185,0.811567,-0.018584,0.412589,0.775342,-0.038286,0.443551,0.757786,-0.059509,0.474619,0.745688,-0.081685,0.378168,0.654097,-0.028013,0.402769,0.652026,-0.062902,0.428665,0.662619,-0.087823,0.454365,0.67668,-0.102315,0.340008,0.652265,-0.035674,0.379372,0.67763,-0.078388,0.393599,0.752837,-0.093859,0.396682,0.803171,-0.096303,0.303226,0.67547,-0.045941,0.331354,0.698528,-0.087844,0.348982,0.765863,-0.088838,0.355464,0.804986,-0.079208,0.270395,0.712987,-0.057275,0.285706,0.723754,-0.085574,0.306451,0.765261,-0.082794,0.317776,0.791373,-0.073522
1532,51066,True,0.997,0.997,0.324725,0.836467,0.0,0.372655,0.812908,-0.02071,0.412702,0.779354,-0.042607,0.443121,0.762082,-0.065582,0.475622,0.750073,-0.08937,0.383515,0.656494,-0.032489,0.404508,0.654241,-0.069583,0.429721,0.662277,-0.095863,0.454796,0.676807,-0.110983,0.343981,0.65462,-0.039513,0.380278,0.686192,-0.084605,0.396296,0.76179,-0.100443,0.400732,0.813528,-0.102863,0.306134,0.678638,-0.04928,0.332129,0.710039,-0.092666,0.35106,0.776482,-0.093559,0.358244,0.816214,-0.08387,0.272325,0.717241,-0.060336,0.28945,0.736629,-0.089194,0.311444,0.780194,-0.086322,0.322692,0.807091,-0.077004
1533,51100,True,0.9974,0.9974,0.327391,0.840204,0.0,0.374366,0.817682,-0.019861,0.414894,0.781894,-0.040397,0.445033,0.766187,-0.062055,0.477907,0.755225,-0.084737,0.384089,0.664013,-0.029998,0.404701,0.661322,-0.065155,0.430212,0.665176,-0.090239,0.456506,0.676822,-0.10488,0.344787,0.660574,-0.03674,0.383556,0.695226,-0.07976,0.397226,0.772155,-0.094408,0.399466,0.822838,-0.096116,0.307449,0.684417,-0.046097,0.335141,0.716676,-0.088262,0.35172,0.784239,-0.088086,0.356977,0.822795,-0.077662,0.273985,0.72404,-0.056579,0.289652,0.739178,-0.084467,0.311939,0.781246,-0.080457,0.32397,0.806888,-0.070312
1534,51133,True,0.9968,0.9968,0.328116,0.844501,0.0,0.374098,0.821393,-0.020591,0.413061,0.786243,-0.041782,0.443229,0.771555,-0.063884,0.477791,0.759762,-0.087029,0.38418,0.666314,-0.031757,0.404339,0.668917,-0.066687,0.431091,0.670603,-0.091732,0.459519,0.677366,-0.106841,0.34471,0.663718,-0.038333,0.384514,0.704034,-0.081993,0.400201,0.781452,-0.096986,0.404095,0.832805,-0.099113,0.307457,0.688715,-0.047409,0.335912,0.726311,-0.090143,0.354389,0.79419,-0.090257,0.361293,0.834121,-0.080092,0.274204,0.730175,-0.057765,0.2904,0.747644,-0.086601,0.313616,0.789136,-0.083641,0.326472,0.815512,-0.074261
1535,51166,True,0.9969,0.9969,0.328359,0.846457,0.0,0.373744,0.825111,-0.020135,0.411894,0.792088,-0.040734,0.441753,0.777211,-0.062324,0.475718,0.764143,-0.085042,0.385379,0.674344,-0.030607,0.405672,0.673289,-0.065338,0.430284,0.674313,-0.090356,0.456098,0.68104,-0.105296,0.346511,0.670904,-0.036824,0.3839,0.710386,-0.079085,0.398073,0.786168,-0.093546,0.401092,0.835691,-0.095569,0.309099,0.694915,-0.045664,0.335527,0.732549,-0.086555,0.351991,0.797345,-0.086571,0.357027,0.834046,-0.077048,0.275644,0.734679,-0.055839,0.291324,0.759454,-0.082883,0.312412,0.80063,-0.079876,0.322535,0.824005,-0.071011
1536,51200,True,0.9962,0.9962,0.327655,0.848047,0.0,0.372369,0.829591,-0.021348,0.411694,0.79785,-0.041429,0.441974,0.782584,-0.062134,0.477284,0.770898,-0.083982,0.389515,0.68099,-0.029905,0.408532,0.682209,-0.064108,0.43248,0.681189,-0.088324,0.457142,0.685545,-0.102659,0.350711,0.673906,-0.034631,0.385757,0.714599,-0.076161,0.396287,0.791354,-0.090015,0.39616,0.840452,-0.091338,0.312531,0.694791,-0.042191,0.336338,0.737135,-0.083301,0.350049,0.803065,-0.084355,0.353313,0.839005,-0.075234,0.277998,0.732354,-0.051104,0.290432,0.763992,-0.079028,0.30903,0.805703,-0.07782,0.317726,0.827741,-0.070003
1537,51233,True,0.9967,0.9967,0.327772,0.846917,0.0,0.37238,0.829037,-0.022494,0.410599,0.797854,-0.044009,0.441426,0.783334,-0.065662,0.477872,0.774072,-0.088491,0.387366,0.681041,-0.03511,0.405207,0.678585,-0.070939,0.430006,0.67965,-0.096715,0.455656,0.68843,-0.111901,0.348333,0.67508,-0.039387,0.383469,0.720244,-0.082405,0.395641,0.796758,-0.096676,0.397185,0.848056,-0.098312,0.310631,0.696501,-0.046372,0.334685,0.744487,-0.086587,0.34879,0.807418,-0.087388,0.352813,0.844367,-0.07856,0.27691,0.733847,-0.055045,0.29001,0.767487,-0.081779,0.307173,0.808082,-0.080351,0.314944,0.830998,-0.072581
1538,51266,True,0.9957,0.9957,0.324648,0.847005,0.0,0.369581,0.830234,-0.022532,0.408683,0.801329,-0.043717,0.439219,0.788146,-0.065034,0.476086,0.779948,-0.087456,0.386382,0.684869,-0.033936,0.405436,0.685859,-0.06826,0.430138,0.684694,-0.092523,0.455474,0.691311,-0.107114,0.347146,0.678285,-0.038102,0.380908,0.723612,-0.07941,0.393794,0.798793,-0.092787,0.395871,0.848969,-0.0942,0.309705,0.700205,-0.04503,0.332747,0.751363,-0.084172,0.347588,0.81123,-0.085446,0.351887,0.845275,-0.077464,0.276726,0.738677,-0.053635,0.290344,0.778686,-0.079949,0.307514,0.817268,-0.07949,0.314476,0.836497,-0.072867
1539,51300,True,0.9953,0.9953,0.325305,0.849801,0.0,0.369101,0.833125,-0.022485,0.407731,0.802859,-0.043052,0.438241,0.788804,-0.063683,0.47511,0.784145,-0.085234,0.383987,0.688623,-0.033675,0.403105,0.68786,-0.067619,0.427333,0.688548,-0.091584,0.452309,0.695176,-0.106081,0.344912,0.682218,-0.037438,0.377972,0.728138,-0.07772,0.389198,0.80027,-0.09075,0.390354,0.846018,-0.092512,0.307569,0.703768,-0.04399,0.331306,0.757458,-0.08196,0.343377,0.813842,-0.083012,0.345256,0.842736,-0.075403,0.274682,0.741367,-0.052304,0.290266,0.782163,-0.076427,0.305634,0.818385,-0.075126,0.30999,0.833671,-0.068579
1540,51333,True,0.9957,0.9957,0.321233,0.852747,0.0,0.364818,0.837442,-0.022438,0.403711,0.807987,-0.042976,0.435763,0.795495,-0.063791,0.472573,0.789556,-0.085326,0.380475,0.691674,-0.03147,0.39924,0.692828,-0.065671,0.423514,0.693871,-0.090128,0.448805,0.698871,-0.104837,0.342117,0.685076,-0.035239,0.374337,0.731197,-0.074112,0.385352,0.801738,-0.086556,0.385829,0.844547,-0.088196,0.304682,0.706544,-0.042045,0.328618,0.76178,-0.079098,0.339399,0.817449,-0.079045,0.338894,0.843688,-0.070845,0.271233,0.743835,-0.050722,0.286992,0.7884,-0.073554,0.300941,0.824328,-0.070826,0.302288,0.837836,-0.063361
1541,51366,True,0.996,0.996,0.320157,0.858122,0.0,0.364124,0.841148,-0.021034,0.402505,0.810741,-0.040966,0.433451,0.797619,-0.06112,0.469555,0.793835,-0.082197,0.377672,0.696375,-0.03204,0.395783,0.698013,-0.065164,0.419701,0.69981,-0.088967,0.445026,0.704516,-0.103328,0.338603,0.690141,-0.03604,0.371374,0.735822,-0.073559,0.382954,0.806397,-0.085066,0.384407,0.849647,-0.086323,0.300557,0.710935,-0.042757,0.324605,0.765028,-0.077705,0.33639,0.818409,-0.077478,0.336911,0.843925,-0.06982,0.266936,0.747179,-0.051264,0.282954,0.790325,-0.071891,0.29673,0.826105,-0.06855,0.297822,0.840363,-0.061242
1542,51400,True,0.995,0.995,0.317161,0.862581,0.0,0.360094,0.843897,-0.020291,0.398387,0.813554,-0.040292,0.43003,0.801631,-0.060702,0.466598,0.797409,-0.082061,0.374289,0.699451,-0.030572,0.391746,0.701224,-0.062809,0.415437,0.703025,-0.086214,0.439328,0.70934,-0.100374,0.335648,0.694159,-0.03492,0.36669,0.741019,-0.072104,0.380887,0.814346,-0.084072,0.383504,0.860255,-0.085653,0.297915,0.716617,-0.041868,0.319757,0.770109,-0.076403,0.331868,0.823932,-0.07659,0.331624,0.849689,-0.06942,0.264182,0.75454,-0.050477,0.277679,0.796039,-0.071215,0.291249,0.830583,-0.068269,0.291594,0.843466,-0.061337
1543,51433,True,0.9959,0.9959,0.313676,0.862912,0.0,0.357637,0.846395,-0.020076,0.396905,0.818378,-0.039866,0.42885,0.807749,-0.060383,0.464959,0.803085,-0.082296,0.371069,0.70096,-0.030701,0.389124,0.704759,-0.062506,0.412289,0.707006,-0.085968,0.437169,0.711995,-0.100353,0.331798,0.696856,-0.035265,0.363133,0.743414,-0.072114,0.377454,0.815142,-0.085063,0.381897,0.861437,-0.087576,0.293949,0.719735,-0.042239,0.316334,0.773098,-0.076632,0.329427,0.828088,-0.07765,0.331827,0.857082,-0.07094,0.260216,0.757872,-0.050857,0.27253,0.795601,-0.071772,0.287158,0.829756,-0.069367,0.290798,0.845438,-0.062696
1544,51466,True,0.9952,0.9952,0.308019,0.866235,0.0,0.353932,0.847582,-0.020047,0.394737,0.817369,-0.039727,0.429112,0.808273,-0.060394,0.466252,0.804897,-0.082286,0.365293,0.701537,-0.028658,0.384584,0.706624,-0.061702,0.410085,0.709746,-0.085799,0.437368,0.714177,-0.100771,0.326939,0.698839,-0.034211,0.361362,0.742595,-0.073158,0.374783,0.816041,-0.086561,0.377005,0.860258,-0.088995,0.289989,0.723706,-0.042431,0.315382,0.771914,-0.080842,0.329316,0.831278,-0.081244,0.331219,0.859344,-0.072936,0.257221,0.763862,-0.052108,0.273212,0.799616,-0.076653,0.289849,0.836157,-0.073905,0.293741,0.850631,-0.066173
1545,51500,True,0.997,0.997,0.304731,0.871044,0.0,0.353178,0.850358,-0.019116,0.394517,0.821098,-0.039456,0.429161,0.811371,-0.061331,0.467096,0.806131,-0.084955,0.363909,0.703885,-0.030223,0.384556,0.70907,-0.063062,0.410761,0.713042,-0.087275,0.438272,0.719399,-0.102422,0.325215,0.701677,-0.036662,0.361531,0.743719,-0.076458,0.375932,0.817617,-0.09114,0.379467,0.867087,-0.094315,0.287949,0.726189,-0.045433,0.31321,0.768061,-0.083551,0.329761,0.829972,-0.0855,0.335619,0.866743,-0.078296,0.255779,0.766466,-0.055578,0.269824,0.798384,-0.080562,0.2873,0.835993,-0.079442,0.294711,0.857379,-0.072809
1546,51533,True,0.9971,0.9971,0.298557,0.878809,0.0,0.349357,0.855374,-0.015402,0.392643,0.823372,-0.034053,0.428813,0.81572,-0.055043,0.467667,0.81234,-0.07778,0.360672,0.710139,-0.025929,0.384314,0.709082,-0.057766,0.411661,0.716247,-0.081185,0.439156,0.727031,-0.095733,0.32351,0.708769,-0.034547,0.363433,0.745411,-0.074189,0.378051,0.821793,-0.089551,0.380885,0.872571,-0.093267,0.286799,0.733172,-0.045184,0.313137,0.766331,-0.083104,0.33062,0.831328,-0.08467,0.33716,0.869628,-0.077197,0.254017,0.771829,-0.056831,0.265929,0.792728,-0.081733,0.283821,0.830805,-0.079606,0.292624,0.853502,-0.072242
1547,51566,True,0.9967,0.9967,0.290113,0.891914,0.0,0.341826,0.865608,-0.013982,0.386002,0.834204,-0.031646,0.422958,0.82441,-0.051759,0.460627,0.81994,-0.073158,0.359016,0.724076,-0.023934,0.387356,0.716566,-0.054169,0.410535,0.724911,-0.075409,0.431023,0.73909,-0.087942,0.322213,0.720931,-0.032167,0.360756,0.750994,-0.069304,0.375184,0.827492,-0.082573,0.378603,0.881467,-0.084634,0.285576,0.741808,-0.04246,0.310883,0.772886,-0.076151,0.327074,0.835013,-0.076237,0.333103,0.874966,-0.068545,0.252651,0.776435,-0.053864,0.263789,0.799897,-0.07455,0.278662,0.838767,-0.071411,0.285467,0.864943,-0.063841
1548,51600,True,0.9946,0.9946,0.271743,0.913348,-0.0,0.327228,0.888881,-0.008356,0.375802,0.855044,-0.02223,0.411319,0.840454,-0.039223,0.446659,0.83468,-0.057339,0.350432,0.745679,-0.016872,0.380132,0.737576,-0.041573,0.404244,0.74619,-0.059446,0.42595,0.757084,-0.070417,0.316306,0.738763,-0.025931,0.356389,0.766504,-0.057328,0.370763,0.834831,-0.069082,0.374251,0.885406,-0.071364,0.28283,0.752662,-0.036309,0.317452,0.77759,-0.066043,0.333372,0.838461,-0.06624,0.338827,0.882439,-0.059367,0.251888,0.780659,-0.047315,0.278348,0.796397,-0.067243,0.296454,0.838194,-0.064517,0.305708,0.871577,-0.057208
1549,51633,True,0.9963,0.9963,0.260838,0.933775,0.0,0.31286,0.912685,-0.004502,0.362933,0.87821,-0.015588,0.396339,0.861125,-0.03018,0.428882,0.856846,-0.046197,0.332542,0.765676,-0.011335,0.359707,0.758282,-0.032983,0.382618,0.771429,-0.049823,0.403807,0.789238,-0.060374,0.298581,0.760968,-0.021488,0.340004,0.788724,-0.048377,0.356659,0.851075,-0.060227,0.361221,0.898732,-0.064231,0.266167,0.777842,-0.032713,0.303465,0.799117,-0.059269,0.322992,0.855511,-0.061564,0.3306,0.898598,-0.057705,0.236683,0.809198,-0.044085,0.267027,0.821007,-0.062391,0.286003,0.858138,-0.060922,0.295146,0.889194,-0.055721
1550,51666,True,0.9969,0.9969,0.239834,0.962564,-0.0,0.290349,0.941729,-0.003901,0.34006,0.905113,-0.013422,0.371692,0.881906,-0.026489,0.400842,0.866381,-0.040796,0.315488,0.800823,-0.011139,0.34293,0.79173,-0.032994,0.359922,0.811664,-0.049148,0.372406,0.833876,-0.058941,0.282829,0.798765,-0.021343,0.318756,0.811904,-0.046452,0.335662,0.866449,-0.058117,0.339665,0.909851,-0.062976,0.249405,0.815458,-0.032851,0.281802,0.824399,-0.058693,0.302601,0.875911,-0.061939,0.308622,0.916394,-0.05956,0.218352,0.846668,-0.044295,0.245807,0.854679,-0.063345,0.260451,0.890554,-0.063236,0.262651,0.920793,-0.059527
1551,51699,True,0.9615,0.9615,0.216843,0.968532,-0.0,0.270652,0.960734,-0.007356,0.316269,0.942055,-0.016858,0.349596,0.931368,-0.028876,0.375457,0.926015,-0.040657,0.302088,0.831848,-0.010919,0.32935,0.853061,-0.030586,0.325092,0.884591,-0.047281,0.316138,0.899192,-0.05804,0.270188,0.832261,-0.017835,0.302133,0.880113,-0.033197,0.296259,0.909617,-0.044176,0.282921,0.920115,-0.052024,0.239431,0.846217,-0.026122,0.268692,0.907825,-0.038503,0.263038,0.929398,-0.041593,0.24931,0.934043,-0.043365,0.210092,0.868653,-0.03586,0.23514,0.922899,-0.041773,0.231506,0.94163,-0.04016,0.221321,0.944378,-0.038182
1552,51733,False,0.0,0.0,0.0,0.0,0.0,0.0,0.0,0.0,0.0,0.0,0.0,0.0,0.0,0.0,0.0,0.0,0.0,0.0,0.0,0.0,0.0,0.0,0.0,0.0,0.0,0.0,0.0,0.0,0.0,0.0,0.0,0.0,0.0,0.0,0.0,0.0,0.0,0.0,0.0,0.0,0.0,0.0,0.0,0.0,0.0,0.0,0.0,0.0,0.0,0.0,0.0,0.0,0.0,0.0,0.0,0.0,0.0,0.0,0.0,0.0,0.0,0.0,0.0,0.0,0.0
1553,51766,False,0.0,0.0,0.0,0.0,0.0,0.0,0.0,0.0,0.0,0.0,0.0,0.0,0.0,0.0,0.0,0.0,0.0,0.0,0.0,0.0,0.0,0.0,0.0,0.0,0.0,0.0,0.0,0.0,0.0,0.0,0.0,0.0,0.0,0.0,0.0,0.0,0.0,0.0,0.0,0.0,0.0,0.0,0.0,0.0,0.0,0.0,0.0,0.0,0.0,0.0,0.0,0.0,0.0,0.0,0.0,0.0,0.0,0.0,0.0,0.0,0.0,0.0,0.0,0.0,0.0
1554,51800,False,0.0,0.0,0.0,0.0,0.0,0.0,0.0,0.0,0.0,0.0,0.0,0.0,0.0,0.0,0.0,0.0,0.0,0.0,0.0,0.0,0.0,0.0,0.0,0.0,0.0,0.0,0.0,0.0,0.0,0.0,0.0,0.0,0.0,0.0,0.0,0.0,0.0,0.0,0.0,0.0,0.0,0.0,0.0,0.0,0.0,0.0,0.0,0.0,0.0,0.0,0.0,0.0,0.0,0.0,0.0,0.0,0.0,0.0,0.0,0.0,0.0,0.0,0.0,0.0,0.0
1555,51833,False,0.0,0.0,0.0,0.0,0.0,0.0,0.0,0.0,0.0,0.0,0.0,0.0,0.0,0.0,0.0,0.0,0.0,0.0,0.0,0.0,0.0,0.0,0.0,0.0,0.0,0.0,0.0,0.0,0.0,0.0,0.0,0.0,0.0,0.0,0.0,0.0,0.0,0.0,0.0,0.0,0.0,0.0,0.0,0.0,0.0,0.0,0.0,0.0,0.0,0.0,0.0,0.0,0.0,0.0,0.0,0.0,0.0,0.0,0.0,0.0,0.0,0.0,0.0,0.0,0.0
1556,51866,False,0.0,0.0,0.0,0.0,0.0,0.0,0.0,0.0,0.0,0.0,0.0,0.0,0.0,0.0,0.0,0.0,0.0,0.0,0.0,0.0,0.0,0.0,0.0,0.0,0.0,0.0,0.0,0.0,0.0,0.0,0.0,0.0,0.0,0.0,0.0,0.0,0.0,0.0,0.0,0.0,0.0,0.0,0.0,0.0,0.0,0.0,0.0,0.0,0.0,0.0,0.0,0.0,0.0,0.0,0.0,0.0,0.0,0.0,0.0,0.0,0.0,0.0,0.0,0.0,0.0
1557,51900,False,0.0,0.0,0.0,0.0,0.0,0.0,0.0,0.0,0.0,0.0,0.0,0.0,0.0,0.0,0.0,0.0,0.0,0.0,0.0,0.0,0.0,0.0,0.0,0.0,0.0,0.0,0.0,0.0,0.0,0.0,0.0,0.0,0.0,0.0,0.0,0.0,0.0,0.0,0.0,0.0,0.0,0.0,0.0,0.0,0.0,0.0,0.0,0.0,0.0,0.0,0.0,0.0,0.0,0.0,0.0,0.0,0.0,0.0,0.0,0.0,0.0,0.0,0.0,0.0,0.0
1558,51933,False,0.0,0.0,0.0,0.0,0.0,0.0,0.0,0.0,0.0,0.0,0.0,0.0,0.0,0.0,0.0,0.0,0.0,0.0,0.0,0.0,0.0,0.0,0.0,0.0,0.0,0.0,0.0,0.0,0.0,0.0,0.0,0.0,0.0,0.0,0.0,0.0,0.0,0.0,0.0,0.0,0.0,0.0,0.0,0.0,0.0,0.0,0.0,0.0,0.0,0.0,0.0,0.0,0.0,0.0,0.0,0.0,0.0,0.0,0.0,0.0,0.0,0.0,0.0,0.0,0.0
1559,51966,False,0.0,0.0,0.0,0.0,0.0,0.0,0.0,0.0,0.0,0.0,0.0,0.0,0.0,0.0,0.0,0.0,0.0,0.0,0.0,0.0,0.0,0.0,0.0,0.0,0.0,0.0,0.0,0.0,0.0,0.0,0.0,0.0,0.0,0.0,0.0,0.0,0.0,0.0,0.0,0.0,0.0,0.0,0.0,0.0,0.0,0.0,0.0,0.0,0.0,0.0,0.0,0.0,0.0,0.0,0.0,0.0,0.0,0.0,0.0,0.0,0.0,0.0,0.0,0.0,0.0
1560,52000,False,0.0,0.0,0.0,0.0,0.0,0.0,0.0,0.0,0.0,0.0,0.0,0.0,0.0,0.0,0.0,0.0,0.0,0.0,0.0,0.0,0.0,0.0,0.0,0.0,0.0,0.0,0.0,0.0,0.0,0.0,0.0,0.0,0.0,0.0,0.0,0.0,0.0,0.0,0.0,0.0,0.0,0.0,0.0,0.0,0.0,0.0,0.0,0.0,0.0,0.0,0.0,0.0,0.0,0.0,0.0,0.0,0.0,0.0,0.0,0.0,0.0,0.0,0.0,0.0,0.0
1561,52033,False,0.0,0.0,0.0,0.0,0.0,0.0,0.0,0.0,0.0,0.0,0.0,0.0,0.0,0.0,0.0,0.0,0.0,0.0,0.0,0.0,0.0,0.0,0.0,0.0,0.0,0.0,0.0,0.0,0.0,0.0,0.0,0.0,0.0,0.0,0.0,0.0,0.0,0.0,0.0,0.0,0.0,0.0,0.0,0.0,0.0,0.0,0.0,0.0,0.0,0.0,0.0,0.0,0.0,0.0,0.0,0.0,0.0,0.0,0.0,0.0,0.0,0.0,0.0,0.0,0.0
1562,52066,False,0.0,0.0,0.0,0.0,0.0,0.0,0.0,0.0,0.0,0.0,0.0,0.0,0.0,0.0,0.0,0.0,0.0,0.0,0.0,0.0,0.0,0.0,0.0,0.0,0.0,0.0,0.0,0.0,0.0,0.0,0.0,0.0,0.0,0.0,0.0,0.0,0.0,0.0,0.0,0.0,0.0,0.0,0.0,0.0,0.0,0.0,0.0,0.0,0.0,0.0,0.0,0.0,0.0,0.0,0.0,0.0,0.0,0.0,0.0,0.0,0.0,0.0,0.0,0.0,0.0
1563,52100,False,0.0,0.0,0.0,0.0,0.0,0.0,0.0,0.0,0.0,0.0,0.0,0.0,0.0,0.0,0.0,0.0,0.0,0.0,0.0,0.0,0.0,0.0,0.0,0.0,0.0,0.0,0.0,0.0,0.0,0.0,0.0,0.0,0.0,0.0,0.0,0.0,0.0,0.0,0.0,0.0,0.0,0.0,0.0,0.0,0.0,0.0,0.0,0.0,0.0,0.0,0.0,0.0,0.0,0.0,0.0,0.0,0.0,0.0,0.0,0.0,0.0,0.0,0.0,0.0,0.0
1564,52133,False,0.0,0.0,0.0,0.0,0.0,0.0,0.0,0.0,0.0,0.0,0.0,0.0,0.0,0.0,0.0,0.0,0.0,0.0,0.0,0.0,0.0,0.0,0.0,0.0,0.0,0.0,0.0,0.0,0.0,0.0,0.0,0.0,0.0,0.0,0.0,0.0,0.0,0.0,0.0,0.0,0.0,0.0,0.0,0.0,0.0,0.0,0.0,0.0,0.0,0.0,0.0,0.0,0.0,0.0,0.0,0.0,0.0,0.0,0.0,0.0,0.0,0.0,0.0,0.0,0.0
1565,52166,False,0.0,0.0,0.0,0.0,0.0,0.0,0.0,0.0,0.0,0.0,0.0,0.0,0.0,0.0,0.0,0.0,0.0,0.0,0.0,0.0,0.0,0.0,0.0,0.0,0.0,0.0,0.0,0.0,0.0,0.0,0.0,0.0,0.0,0.0,0.0,0.0,0.0,0.0,0.0,0.0,0.0,0.0,0.0,0.0,0.0,0.0,0.0,0.0,0.0,0.0,0.0,0.0,0.0,0.0,0.0,0.0,0.0,0.0,0.0,0.0,0.0,0.0,0.0,0.0,0.0
1566,52199,False,0.0,0.0,0.0,0.0,0.0,0.0,0.0,0.0,0.0,0.0,0.0,0.0,0.0,0.0,0.0,0.0,0.0,0.0,0.0,0.0,0.0,0.0,0.0,0.0,0.0,0.0,0.0,0.0,0.0,0.0,0.0,0.0,0.0,0.0,0.0,0.0,0.0,0.0,0.0,0.0,0.0,0.0,0.0,0.0,0.0,0.0,0.0,0.0,0.0,0.0,0.0,0.0,0.0,0.0,0.0,0.0,0.0,0.0,0.0,0.0,0.0,0.0,0.0,0.0,0.0
1567,52233,False,0.0,0.0,0.0,0.0,0.0,0.0,0.0,0.0,0.0,0.0,0.0,0.0,0.0,0.0,0.0,0.0,0.0,0.0,0.0,0.0,0.0,0.0,0.0,0.0,0.0,0.0,0.0,0.0,0.0,0.0,0.0,0.0,0.0,0.0,0.0,0.0,0.0,0.0,0.0,0.0,0.0,0.0,0.0,0.0,0.0,0.0,0.0,0.0,0.0,0.0,0.0,0.0,0.0,0.0,0.0,0.0,0.0,0.0,0.0,0.0,0.0,0.0,0.0,0.0,0.0
1568,52266,False,0.0,0.0,0.0,0.0,0.0,0.0,0.0,0.0,0.0,0.0,0.0,0.0,0.0,0.0,0.0,0.0,0.0,0.0,0.0,0.0,0.0,0.0,0.0,0.0,0.0,0.0,0.0,0.0,0.0,0.0,0.0,0.0,0.0,0.0,0.0,0.0,0.0,0.0,0.0,0.0,0.0,0.0,0.0,0.0,0.0,0.0,0.0,0.0,0.0,0.0,0.0,0.0,0.0,0.0,0.0,0.0,0.0,0.0,0.0,0.0,0.0,0.0,0.0,0.0,0.0
1569,52300,False,0.0,0.0,0.0,0.0,0.0,0.0,0.0,0.0,0.0,0.0,0.0,0.0,0.0,0.0,0.0,0.0,0.0,0.0,0.0,0.0,0.0,0.0,0.0,0.0,0.0,0.0,0.0,0.0,0.0,0.0,0.0,0.0,0.0,0.0,0.0,0.0,0.0,0.0,0.0,0.0,0.0,0.0,0.0,0.0,0.0,0.0,0.0,0.0,0.0,0.0,0.0,0.0,0.0,0.0,0.0,0.0,0.0,0.0,0.0,0.0,0.0,0.0,0.0,0.0,0.0
1570,52333,False,0.0,0.0,0.0,0.0,0.0,0.0,0.0,0.0,0.0,0.0,0.0,0.0,0.0,0.0,0.0,0.0,0.0,0.0,0.0,0.0,0.0,0.0,0.0,0.0,0.0,0.0,0.0,0.0,0.0,0.0,0.0,0.0,0.0,0.0,0.0,0.0,0.0,0.0,0.0,0.0,0.0,0.0,0.0,0.0,0.0,0.0,0.0,0.0,0.0,0.0,0.0,0.0,0.0,0.0,0.0,0.0,0.0,0.0,0.0,0.0,0.0,0.0,0.0,0.0,0.0
1571,52366,False,0.0,0.0,0.0,0.0,0.0,0.0,0.0,0.0,0.0,0.0,0.0,0.0,0.0,0.0,0.0,0.0,0.0,0.0,0.0,0.0,0.0,0.0,0.0,0.0,0.0,0.0,0.0,0.0,0.0,0.0,0.0,0.0,0.0,0.0,0.0,0.0,0.0,0.0,0.0,0.0,0.0,0.0,0.0,0.0,0.0,0.0,0.0,0.0,0.0,0.0,0.0,0.0,0.0,0.0,0.0,0.0,0.0,0.0,0.0,0.0,0.0,0.0,0.0,0.0,0.0
1572,52400,False,0.0,0.0,0.0,0.0,0.0,0.0,0.0,0.0,0.0,0.0,0.0,0.0,0.0,0.0,0.0,0.0,0.0,0.0,0.0,0.0,0.0,0.0,0.0,0.0,0.0,0.0,0.0,0.0,0.0,0.0,0.0,0.0,0.0,0.0,0.0,0.0,0.0,0.0,0.0,0.0,0.0,0.0,0.0,0.0,0.0,0.0,0.0,0.0,0.0,0.0,0.0,0.0,0.0,0.0,0.0,0.0,0.0,0.0,0.0,0.0,0.0,0.0,0.0,0.0,0.0
1573,52433,False,0.0,0.0,0.0,0.0,0.0,0.0,0.0,0.0,0.0,0.0,0.0,0.0,0.0,0.0,0.0,0.0,0.0,0.0,0.0,0.0,0.0,0.0,0.0,0.0,0.0,0.0,0.0,0.0,0.0,0.0,0.0,0.0,0.0,0.0,0.0,0.0,0.0,0.0,0.0,0.0,0.0,0.0,0.0,0.0,0.0,0.0,0.0,0.0,0.0,0.0,0.0,0.0,0.0,0.0,0.0,0.0,0.0,0.0,0.0,0.0,0.0,0.0,0.0,0.0,0.0
1574,52466,False,0.0,0.0,0.0,0.0,0.0,0.0,0.0,0.0,0.0,0.0,0.0,0.0,0.0,0.0,0.0,0.0,0.0,0.0,0.0,0.0,0.0,0.0,0.0,0.0,0.0,0.0,0.0,0.0,0.0,0.0,0.0,0.0,0.0,0.0,0.0,0.0,0.0,0.0,0.0,0.0,0.0,0.0,0.0,0.0,0.0,0.0,0.0,0.0,0.0,0.0,0.0,0.0,0.0,0.0,0.0,0.0,0.0,0.0,0.0,0.0,0.0,0.0,0.0,0.0,0.0
1575,52500,False,0.0,0.0,0.0,0.0,0.0,0.0,0.0,0.0,0.0,0.0,0.0,0.0,0.0,0.0,0.0,0.0,0.0,0.0,0.0,0.0,0.0,0.0,0.0,0.0,0.0,0.0,0.0,0.0,0.0,0.0,0.0,0.0,0.0,0.0,0.0,0.0,0.0,0.0,0.0,0.0,0.0,0.0,0.0,0.0,0.0,0.0,0.0,0.0,0.0,0.0,0.0,0.0,0.0,0.0,0.0,0.0,0.0,0.0,0.0,0.0,0.0,0.0,0.0,0.0,0.0
1576,52533,False,0.0,0.0,0.0,0.0,0.0,0.0,0.0,0.0,0.0,0.0,0.0,0.0,0.0,0.0,0.0,0.0,0.0,0.0,0.0,0.0,0.0,0.0,0.0,0.0,0.0,0.0,0.0,0.0,0.0,0.0,0.0,0.0,0.0,0.0,0.0,0.0,0.0,0.0,0.0,0.0,0.0,0.0,0.0,0.0,0.0,0.0,0.0,0.0,0.0,0.0,0.0,0.0,0.0,0.0,0.0,0.0,0.0,0.0,0.0,0.0,0.0,0.0,0.0,0.0,0.0
1577,52566,False,0.0,0.0,0.0,0.0,0.0,0.0,0.0,0.0,0.0,0.0,0.0,0.0,0.0,0.0,0.0,0.0,0.0,0.0,0.0,0.0,0.0,0.0,0.0,0.0,0.0,0.0,0.0,0.0,0.0,0.0,0.0,0.0,0.0,0.0,0.0,0.0,0.0,0.0,0.0,0.0,0.0,0.0,0.0,0.0,0.0,0.0,0.0,0.0,0.0,0.0,0.0,0.0,0.0,0.0,0.0,0.0,0.0,0.0,0.0,0.0,0.0,0.0,0.0,0.0,0.0
1578,52600,False,0.0,0.0,0.0,0.0,0.0,0.0,0.0,0.0,0.0,0.0,0.0,0.0,0.0,0.0,0.0,0.0,0.0,0.0,0.0,0.0,0.0,0.0,0.0,0.0,0.0,0.0,0.0,0.0,0.0,0.0,0.0,0.0,0.0,0.0,0.0,0.0,0.0,0.0,0.0,0.0,0.0,0.0,0.0,0.0,0.0,0.0,0.0,0.0,0.0,0.0,0.0,0.0,0.0,0.0,0.0,0.0,0.0,0.0,0.0,0.0,0.0,0.0,0.0,0.0,0.0
1579,52633,False,0.0,0.0,0.0,0.0,0.0,0.0,0.0,0.0,0.0,0.0,0.0,0.0,0.0,0.0,0.0,0.0,0.0,0.0,0.0,0.0,0.0,0.0,0.0,0.0,0.0,0.0,0.0,0.0,0.0,0.0,0.0,0.0,0.0,0.0,0.0,0.0,0.0,0.0,0.0,0.0,0.0,0.0,0.0,0.0,0.0,0.0,0.0,0.0,0.0,0.0,0.0,0.0,0.0,0.0,0.0,0.0,0.0,0.0,0.0,0.0,0.0,0.0,0.0,0.0,0.0
1580,52666,False,0.0,0.0,0.0,0.0,0.0,0.0,0.0,0.0,0.0,0.0,0.0,0.0,0.0,0.0,0.0,0.0,0.0,0.0,0.0,0.0,0.0,0.0,0.0,0.0,0.0,0.0,0.0,0.0,0.0,0.0,0.0,0.0,0.0,0.0,0.0,0.0,0.0,0.0,0.0,0.0,0.0,0.0,0.0,0.0,0.0,0.0,0.0,0.0,0.0,0.0,0.0,0.0,0.0,0.0,0.0,0.0,0.0,0.0,0.0,0.0,0.0,0.0,0.0,0.0,0.0
1581,52699,False,0.0,0.0,0.0,0.0,0.0,0.0,0.0,0.0,0.0,0.0,0.0,0.0,0.0,0.0,0.0,0.0,0.0,0.0,0.0,0.0,0.0,0.0,0.0,0.0,0.0,0.0,0.0,0.0,0.0,0.0,0.0,0.0,0.0,0.0,0.0,0.0,0.0,0.0,0.0,0.0,0.0,0.0,0.0,0.0,0.0,0.0,0.0,0.0,0.0,0.0,0.0,0.0,0.0,0.0,0.0,0.0,0.0,0.0,0.0,0.0,0.0,0.0,0.0,0.0,0.0
1582,52733,False,0.0,0.0,0.0,0.0,0.0,0.0,0.0,0.0,0.0,0.0,0.0,0.0,0.0,0.0,0.0,0.0,0.0,0.0,0.0,0.0,0.0,0.0,0.0,0.0,0.0,0.0,0.0,0.0,0.0,0.0,0.0,0.0,0.0,0.0,0.0,0.0,0.0,0.0,0.0,0.0,0.0,0.0,0.0,0.0,0.0,0.0,0.0,0.0,0.0,0.0,0.0,0.0,0.0,0.0,0.0,0.0,0.0,0.0,0.0,0.0,0.0,0.0,0.0,0.0,0.0
1583,52766,False,0.0,0.0,0.0,0.0,0.0,0.0,0.0,0.0,0.0,0.0,0.0,0.0,0.0,0.0,0.0,0.0,0.0,0.0,0.0,0.0,0.0,0.0,0.0,0.0,0.0,0.0,0.0,0.0,0.0,0.0,0.0,0.0,0.0,0.0,0.0,0.0,0.0,0.0,0.0,0.0,0.0,0.0,0.0,0.0,0.0,0.0,0.0,0.0,0.0,0.0,0.0,0.0,0.0,0.0,0.0,0.0,0.0,0.0,0.0,0.0,0.0,0.0,0.0,0.0,0.0
1584,52800,False,0.0,0.0,0.0,0.0,0.0,0.0,0.0,0.0,0.0,0.0,0.0,0.0,0.0,0.0,0.0,0.0,0.0,0.0,0.0,0.0,0.0,0.0,0.0,0.0,0.0,0.0,0.0,0.0,0.0,0.0,0.0,0.0,0.0,0.0,0.0,0.0,0.0,0.0,0.0,0.0,0.0,0.0,0.0,0.0,0.0,0.0,0.0,0.0,0.0,0.0,0.0,0.0,0.0,0.0,0.0,0.0,0.0,0.0,0.0,0.0,0.0,0.0,0.0,0.0,0.0
1585,52833,False,0.0,0.0,0.0,0.0,0.0,0.0,0.0,0.0,0.0,0.0,0.0,0.0,0.0,0.0,0.0,0.0,0.0,0.0,0.0,0.0,0.0,0.0,0.0,0.0,0.0,0.0,0.0,0.0,0.0,0.0,0.0,0.0,0.0,0.0,0.0,0.0,0.0,0.0,0.0,0.0,0.0,0.0,0.0,0.0,0.0,0.0,0.0,0.0,0.0,0.0,0.0,0.0,0.0,0.0,0.0,0.0,0.0,0.0,0.0,0.0,0.0,0.0,0.0,0.0,0.0
1586,52866,False,0.0,0.0,0.0,0.0,0.0,0.0,0.0,0.0,0.0,0.0,0.0,0.0,0.0,0.0,0.0,0.0,0.0,0.0,0.0,0.0,0.0,0.0,0.0,0.0,0.0,0.0,0.0,0.0,0.0,0.0,0.0,0.0,0.0,0.0,0.0,0.0,0.0,0.0,0.0,0.0,0.0,0.0,0.0,0.0,0.0,0.0,0.0,0.0,0.0,0.0,0.0,0.0,0.0,0.0,0.0,0.0,0.0,0.0,0.0,0.0,0.0,0.0,0.0,0.0,0.0
1587,52900,False,0.0,0.0,0.0,0.0,0.0,0.0,0.0,0.0,0.0,0.0,0.0,0.0,0.0,0.0,0.0,0.0,0.0,0.0,0.0,0.0,0.0,0.0,0.0,0.0,0.0,0.0,0.0,0.0,0.0,0.0,0.0,0.0,0.0,0.0,0.0,0.0,0.0,0.0,0.0,0.0,0.0,0.0,0.0,0.0,0.0,0.0,0.0,0.0,0.0,0.0,0.0,0.0,0.0,0.0,0.0,0.0,0.0,0.0,0.0,0.0,0.0,0.0,0.0,0.0,0.0
1588,52933,False,0.0,0.0,0.0,0.0,0.0,0.0,0.0,0.0,0.0,0.0,0.0,0.0,0.0,0.0,0.0,0.0,0.0,0.0,0.0,0.0,0.0,0.0,0.0,0.0,0.0,0.0,0.0,0.0,0.0,0.0,0.0,0.0,0.0,0.0,0.0,0.0,0.0,0.0,0.0,0.0,0.0,0.0,0.0,0.0,0.0,0.0,0.0,0.0,0.0,0.0,0.0,0.0,0.0,0.0,0.0,0.0,0.0,0.0,0.0,0.0,0.0,0.0,0.0,0.0,0.0
1589,52966,False,0.0,0.0,0.0,0.0,0.0,0.0,0.0,0.0,0.0,0.0,0.0,0.0,0.0,0.0,0.0,0.0,0.0,0.0,0.0,0.0,0.0,0.0,0.0,0.0,0.0,0.0,0.0,0.0,0.0,0.0,0.0,0.0,0.0,0.0,0.0,0.0,0.0,0.0,0.0,0.0,0.0,0.0,0.0,0.0,0.0,0.0,0.0,0.0,0.0,0.0,0.0,0.0,0.0,0.0,0.0,0.0,0.0,0.0,0.0,0.0,0.0,0.0,0.0,0.0,0.0
1590,53000,False,0.0,0.0,0.0,0.0,0.0,0.0,0.0,0.0,0.0,0.0,0.0,0.0,0.0,0.0,0.0,0.0,0.0,0.0,0.0,0.0,0.0,0.0,0.0,0.0,0.0,0.0,0.0,0.0,0.0,0.0,0.0,0.0,0.0,0.0,0.0,0.0,0.0,0.0,0.0,0.0,0.0,0.0,0.0,0.0,0.0,0.0,0.0,0.0,0.0,0.0,0.0,0.0,0.0,0.0,0.0,0.0,0.0,0.0,0.0,0.0,0.0,0.0,0.0,0.0,0.0
1591,53033,False,0.0,0.0,0.0,0.0,0.0,0.0,0.0,0.0,0.0,0.0,0.0,0.0,0.0,0.0,0.0,0.0,0.0,0.0,0.0,0.0,0.0,0.0,0.0,0.0,0.0,0.0,0.0,0.0,0.0,0.0,0.0,0.0,0.0,0.0,0.0,0.0,0.0,0.0,0.0,0.0,0.0,0.0,0.0,0.0,0.0,0.0,0.0,0.0,0.0,0.0,0.0,0.0,0.0,0.0,0.0,0.0,0.0,0.0,0.0,0.0,0.0,0.0,0.0,0.0,0.0
1592,53066,False,0.0,0.0,0.0,0.0,0.0,0.0,0.0,0.0,0.0,0.0,0.0,0.0,0.0,0.0,0.0,0.0,0.0,0.0,0.0,0.0,0.0,0.0,0.0,0.0,0.0,0.0,0.0,0.0,0.0,0.0,0.0,0.0,0.0,0.0,0.0,0.0,0.0,0.0,0.0,0.0,0.0,0.0,0.0,0.0,0.0,0.0,0.0,0.0,0.0,0.0,0.0,0.0,0.0,0.0,0.0,0.0,0.0,0.0,0.0,0.0,0.0,0.0,0.0,0.0,0.0
1593,53100,False,0.0,0.0,0.0,0.0,0.0,0.0,0.0,0.0,0.0,0.0,0.0,0.0,0.0,0.0,0.0,0.0,0.0,0.0,0.0,0.0,0.0,0.0,0.0,0.0,0.0,0.0,0.0,0.0,0.0,0.0,0.0,0.0,0.0,0.0,0.0,0.0,0.0,0.0,0.0,0.0,0.0,0.0,0.0,0.0,0.0,0.0,0.0,0.0,0.0,0.0,0.0,0.0,0.0,0.0,0.0,0.0,0.0,0.0,0.0,0.0,0.0,0.0,0.0,0.0,0.0
1594,53133,False,0.0,0.0,0.0,0.0,0.0,0.0,0.0,0.0,0.0,0.0,0.0,0.0,0.0,0.0,0.0,0.0,0.0,0.0,0.0,0.0,0.0,0.0,0.0,0.0,0.0,0.0,0.0,0.0,0.0,0.0,0.0,0.0,0.0,0.0,0.0,0.0,0.0,0.0,0.0,0.0,0.0,0.0,0.0,0.0,0.0,0.0,0.0,0.0,0.0,0.0,0.0,0.0,0.0,0.0,0.0,0.0,0.0,0.0,0.0,0.0,0.0,0.0,0.0,0.0,0.0
1595,53166,False,0.0,0.0,0.0,0.0,0.0,0.0,0.0,0.0,0.0,0.0,0.0,0.0,0.0,0.0,0.0,0.0,0.0,0.0,0.0,0.0,0.0,0.0,0.0,0.0,0.0,0.0,0.0,0.0,0.0,0.0,0.0,0.0,0.0,0.0,0.0,0.0,0.0,0.0,0.0,0.0,0.0,0.0,0.0,0.0,0.0,0.0,0.0,0.0,0.0,0.0,0.0,0.0,0.0,0.0,0.0,0.0,0.0,0.0,0.0,0.0,0.0,0.0,0.0,0.0,0.0
1596,53199,False,0.0,0.0,0.0,0.0,0.0,0.0,0.0,0.0,0.0,0.0,0.0,0.0,0.0,0.0,0.0,0.0,0.0,0.0,0.0,0.0,0.0,0.0,0.0,0.0,0.0,0.0,0.0,0.0,0.0,0.0,0.0,0.0,0.0,0.0,0.0,0.0,0.0,0.0,0.0,0.0,0.0,0.0,0.0,0.0,0.0,0.0,0.0,0.0,0.0,0.0,0.0,0.0,0.0,0.0,0.0,0.0,0.0,0.0,0.0,0.0,0.0,0.0,0.0,0.0,0.0
1597,53233,False,0.0,0.0,0.0,0.0,0.0,0.0,0.0,0.0,0.0,0.0,0.0,0.0,0.0,0.0,0.0,0.0,0.0,0.0,0.0,0.0,0.0,0.0,0.0,0.0,0.0,0.0,0.0,0.0,0.0,0.0,0.0,0.0,0.0,0.0,0.0,0.0,0.0,0.0,0.0,0.0,0.0,0.0,0.0,0.0,0.0,0.0,0.0,0.0,0.0,0.0,0.0,0.0,0.0,0.0,0.0,0.0,0.0,0.0,0.0,0.0,0.0,0.0,0.0,0.0,0.0
1598,53266,False,0.0,0.0,0.0,0.0,0.0,0.0,0.0,0.0,0.0,0.0,0.0,0.0,0.0,0.0,0.0,0.0,0.0,0.0,0.0,0.0,0.0,0.0,0.0,0.0,0.0,0.0,0.0,0.0,0.0,0.0,0.0,0.0,0.0,0.0,0.0,0.0,0.0,0.0,0.0,0.0,0.0,0.0,0.0,0.0,0.0,0.0,0.0,0.0,0.0,0.0,0.0,0.0,0.0,0.0,0.0,0.0,0.0,0.0,0.0,0.0,0.0,0.0,0.0,0.0,0.0
1599,53300,False,0.0,0.0,0.0,0.0,0.0,0.0,0.0,0.0,0.0,0.0,0.0,0.0,0.0,0.0,0.0,0.0,0.0,0.0,0.0,0.0,0.0,0.0,0.0,0.0,0.0,0.0,0.0,0.0,0.0,0.0,0.0,0.0,0.0,0.0,0.0,0.0,0.0,0.0,0.0,0.0,0.0,0.0,0.0,0.0,0.0,0.0,0.0,0.0,0.0,0.0,0.0,0.0,0.0,0.0,0.0,0.0,0.0,0.0,0.0,0.0,0.0,0.0,0.0,0.0,0.0
1600,53333,False,0.0,0.0,0.0,0.0,0.0,0.0,0.0,0.0,0.0,0.0,0.0,0.0,0.0,0.0,0.0,0.0,0.0,0.0,0.0,0.0,0.0,0.0,0.0,0.0,0.0,0.0,0.0,0.0,0.0,0.0,0.0,0.0,0.0,0.0,0.0,0.0,0.0,0.0,0.0,0.0,0.0,0.0,0.0,0.0,0.0,0.0,0.0,0.0,0.0,0.0,0.0,0.0,0.0,0.0,0.0,0.0,0.0,0.0,0.0,0.0,0.0,0.0,0.0,0.0,0.0
1601,53366,False,0.0,0.0,0.0,0.0,0.0,0.0,0.0,0.0,0.0,0.0,0.0,0.0,0.0,0.0,0.0,0.0,0.0,0.0,0.0,0.0,0.0,0.0,0.0,0.0,0.0,0.0,0.0,0.0,0.0,0.0,0.0,0.0,0.0,0.0,0.0,0.0,0.0,0.0,0.0,0.0,0.0,0.0,0.0,0.0,0.0,0.0,0.0,0.0,0.0,0.0,0.0,0.0,0.0,0.0,0.0,0.0,0.0,0.0,0.0,0.0,0.0,0.0,0.0,0.0,0.0
1602,53400,False,0.0,0.0,0.0,0.0,0.0,0.0,0.0,0.0,0.0,0.0,0.0,0.0,0.0,0.0,0.0,0.0,0.0,0.0,0.0,0.0,0.0,0.0,0.0,0.0,0.0,0.0,0.0,0.0,0.0,0.0,0.0,0.0,0.0,0.0,0.0,0.0,0.0,0.0,0.0,0.0,0.0,0.0,0.0,0.0,0.0,0.0,0.0,0.0,0.0,0.0,0.0,0.0,0.0,0.0,0.0,0.0,0.0,0.0,0.0,0.0,0.0,0.0,0.0,0.0,0.0
1603,53433,False,0.0,0.0,0.0,0.0,0.0,0.0,0.0,0.0,0.0,0.0,0.0,0.0,0.0,0.0,0.0,0.0,0.0,0.0,0.0,0.0,0.0,0.0,0.0,0.0,0.0,0.0,0.0,0.0,0.0,0.0,0.0,0.0,0.0,0.0,0.0,0.0,0.0,0.0,0.0,0.0,0.0,0.0,0.0,0.0,0.0,0.0,0.0,0.0,0.0,0.0,0.0,0.0,0.0,0.0,0.0,0.0,0.0,0.0,0.0,0.0,0.0,0.0,0.0,0.0,0.0
1604,53466,False,0.0,0.0,0.0,0.0,0.0,0.0,0.0,0.0,0.0,0.0,0.0,0.0,0.0,0.0,0.0,0.0,0.0,0.0,0.0,0.0,0.0,0.0,0.0,0.0,0.0,0.0,0.0,0.0,0.0,0.0,0.0,0.0,0.0,0.0,0.0,0.0,0.0,0.0,0.0,0.0,0.0,0.0,0.0,0.0,0.0,0.0,0.0,0.0,0.0,0.0,0.0,0.0,0.0,0.0,0.0,0.0,0.0,0.0,0.0,0.0,0.0,0.0,0.0,0.0,0.0
1605,53500,False,0.0,0.0,0.0,0.0,0.0,0.0,0.0,0.0,0.0,0.0,0.0,0.0,0.0,0.0,0.0,0.0,0.0,0.0,0.0,0.0,0.0,0.0,0.0,0.0,0.0,0.0,0.0,0.0,0.0,0.0,0.0,0.0,0.0,0.0,0.0,0.0,0.0,0.0,0.0,0.0,0.0,0.0,0.0,0.0,0.0,0.0,0.0,0.0,0.0,0.0,0.0,0.0,0.0,0.0,0.0,0.0,0.0,0.0,0.0,0.0,0.0,0.0,0.0,0.0,0.0
1606,53533,False,0.0,0.0,0.0,0.0,0.0,0.0,0.0,0.0,0.0,0.0,0.0,0.0,0.0,0.0,0.0,0.0,0.0,0.0,0.0,0.0,0.0,0.0,0.0,0.0,0.0,0.0,0.0,0.0,0.0,0.0,0.0,0.0,0.0,0.0,0.0,0.0,0.0,0.0,0.0,0.0,0.0,0.0,0.0,0.0,0.0,0.0,0.0,0.0,0.0,0.0,0.0,0.0,0.0,0.0,0.0,0.0,0.0,0.0,0.0,0.0,0.0,0.0,0.0,0.0,0.0
1607,53566,False,0.0,0.0,0.0,0.0,0.0,0.0,0.0,0.0,0.0,0.0,0.0,0.0,0.0,0.0,0.0,0.0,0.0,0.0,0.0,0.0,0.0,0.0,0.0,0.0,0.0,0.0,0.0,0.0,0.0,0.0,0.0,0.0,0.0,0.0,0.0,0.0,0.0,0.0,0.0,0.0,0.0,0.0,0.0,0.0,0.0,0.0,0.0,0.0,0.0,0.0,0.0,0.0,0.0,0.0,0.0,0.0,0.0,0.0,0.0,0.0,0.0,0.0,0.0,0.0,0.0
1608,53600,False,0.0,0.0,0.0,0.0,0.0,0.0,0.0,0.0,0.0,0.0,0.0,0.0,0.0,0.0,0.0,0.0,0.0,0.0,0.0,0.0,0.0,0.0,0.0,0.0,0.0,0.0,0.0,0.0,0.0,0.0,0.0,0.0,0.0,0.0,0.0,0.0,0.0,0.0,0.0,0.0,0.0,0.0,0.0,0.0,0.0,0.0,0.0,0.0,0.0,0.0,0.0,0.0,0.0,0.0,0.0,0.0,0.0,0.0,0.0,0.0,0.0,0.0,0.0,0.0,0.0
1609,53633,False,0.0,0.0,0.0,0.0,0.0,0.0,0.0,0.0,0.0,0.0,0.0,0.0,0.0,0.0,0.0,0.0,0.0,0.0,0.0,0.0,0.0,0.0,0.0,0.0,0.0,0.0,0.0,0.0,0.0,0.0,0.0,0.0,0.0,0.0,0.0,0.0,0.0,0.0,0.0,0.0,0.0,0.0,0.0,0.0,0.0,0.0,0.0,0.0,0.0,0.0,0.0,0.0,0.0,0.0,0.0,0.0,0.0,0.0,0.0,0.0,0.0,0.0,0.0,0.0,0.0
1610,53666,False,0.0,0.0,0.0,0.0,0.0,0.0,0.0,0.0,0.0,0.0,0.0,0.0,0.0,0.0,0.0,0.0,0.0,0.0,0.0,0.0,0.0,0.0,0.0,0.0,0.0,0.0,0.0,0.0,0.0,0.0,0.0,0.0,0.0,0.0,0.0,0.0,0.0,0.0,0.0,0.0,0.0,0.0,0.0,0.0,0.0,0.0,0.0,0.0,0.0,0.0,0.0,0.0,0.0,0.0,0.0,0.0,0.0,0.0,0.0,0.0,0.0,0.0,0.0,0.0,0.0
1611,53699,False,0.0,0.0,0.0,0.0,0.0,0.0,0.0,0.0,0.0,0.0,0.0,0.0,0.0,0.0,0.0,0.0,0.0,0.0,0.0,0.0,0.0,0.0,0.0,0.0,0.0,0.0,0.0,0.0,0.0,0.0,0.0,0.0,0.0,0.0,0.0,0.0,0.0,0.0,0.0,0.0,0.0,0.0,0.0,0.0,0.0,0.0,0.0,0.0,0.0,0.0,0.0,0.0,0.0,0.0,0.0,0.0,0.0,0.0,0.0,0.0,0.0,0.0,0.0,0.0,0.0
1612,53733,False,0.0,0.0,0.0,0.0,0.0,0.0,0.0,0.0,0.0,0.0,0.0,0.0,0.0,0.0,0.0,0.0,0.0,0.0,0.0,0.0,0.0,0.0,0.0,0.0,0.0,0.0,0.0,0.0,0.0,0.0,0.0,0.0,0.0,0.0,0.0,0.0,0.0,0.0,0.0,0.0,0.0,0.0,0.0,0.0,0.0,0.0,0.0,0.0,0.0,0.0,0.0,0.0,0.0,0.0,0.0,0.0,0.0,0.0,0.0,0.0,0.0,0.0,0.0,0.0,0.0
1613,53766,False,0.0,0.0,0.0,0.0,0.0,0.0,0.0,0.0,0.0,0.0,0.0,0.0,0.0,0.0,0.0,0.0,0.0,0.0,0.0,0.0,0.0,0.0,0.0,0.0,0.0,0.0,0.0,0.0,0.0,0.0,0.0,0.0,0.0,0.0,0.0,0.0,0.0,0.0,0.0,0.0,0.0,0.0,0.0,0.0,0.0,0.0,0.0,0.0,0.0,0.0,0.0,0.0,0.0,0.0,0.0,0.0,0.0,0.0,0.0,0.0,0.0,0.0,0.0,0.0,0.0
1614,53800,False,0.0,0.0,0.0,0.0,0.0,0.0,0.0,0.0,0.0,0.0,0.0,0.0,0.0,0.0,0.0,0.0,0.0,0.0,0.0,0.0,0.0,0.0,0.0,0.0,0.0,0.0,0.0,0.0,0.0,0.0,0.0,0.0,0.0,0.0,0.0,0.0,0.0,0.0,0.0,0.0,0.0,0.0,0.0,0.0,0.0,0.0,0.0,0.0,0.0,0.0,0.0,0.0,0.0,0.0,0.0,0.0,0.0,0.0,0.0,0.0,0.0,0.0,0.0,0.0,0.0
1615,53833,False,0.0,0.0,0.0,0.0,0.0,0.0,0.0,0.0,0.0,0.0,0.0,0.0,0.0,0.0,0.0,0.0,0.0,0.0,0.0,0.0,0.0,0.0,0.0,0.0,0.0,0.0,0.0,0.0,0.0,0.0,0.0,0.0,0.0,0.0,0.0,0.0,0.0,0.0,0.0,0.0,0.0,0.0,0.0,0.0,0.0,0.0,0.0,0.0,0.0,0.0,0.0,0.0,0.0,0.0,0.0,0.0,0.0,0.0,0.0,0.0,0.0,0.0,0.0,0.0,0.0
