frame_index,timestamp_ms,hand_detected,detection_confidence,tracking_confidence,l0_x,l0_y,l0_z,l1_x,l1_y,l1_z,l2_x,l2_y,l2_z,l3_x,l3_y,l3_z,l4_x,l4_y,l4_z,l5_x,l5_y,l5_z,l6_x,l6_y,l6_z,l7_x,l7_y,l7_z,l8_x,l8_y,l8_z,l9_x,l9_y,l9_z,l10_x,l10_y,l10_z,l11_x,l11_y,l11_z,l12_x,l12_y,l12_z,l13_x,l13_y,l13_z,l14_x,l14_y,l14_z,l15_x,l15_y,l15_z,l16_x,l16_y,l16_z,l17_x,l17_y,l17_z,l18_x,l18_y,l18_z,l19_x,l19_y,l19_z,l20_x,l20_y,l20_z
0,0,False,0.0,0.0,0.0,0.0,0.0,0.0,0.0,0.0,0.0,0.0,0.0,0.0,0.0,0.0,0.0,0.0,0.0,0.0,0.0,0.0,0.0,0.0,0.0,0.0,0.0,0.0,0.0,0.0,0.0,0.0,0.0,0.0,0.0,0.0,0.0,0.0,0.0,0.0,0.0,0.0,0.0,0.0,0.0,0.0,0.0,0.0,0.0,0.0,0.0,0.0,0.0,0.0,0.0,0.0,0.0,0.0,0.0,0.0,0.0,0.0,0.0,0.0,0.0,0.0,0.0
1,33,False,0.0,0.0,0.0,0.0,0.0,0.0,0.0,0.0,0.0,0.0,0.0,0.0,0.0,0.0,0.0,0.0,0.0,0.0,0.0,0.0,0.0,0.0,0.0,0.0,0.0,0.0,0.0,0.0,0.0,0.0,0.0,0.0,0.0,0.0,0.0,0.0,0.0,0.0,0.0,0.0,0.0,0.0,0.0,0.0,0.0,0.0,0.0,0.0,0.0,0.0,0.0,0.0,0.0,0.0,0.0,0.0,0.0,0.0,0.0,0.0,0.0,0.0,0.0,0.0,0.0
2,66,False,0.0,0.0,0.0,0.0,0.0,0.0,0.0,0.0,0.0,0.0,0.0,0.0,0.0,0.0,0.0,0.0,0.0,0.0,0.0,0.0,0.0,0.0,0.0,0.0,0.0,0.0,0.0,0.0,0.0,0.0,0.0,0.0,0.0,0.0,0.0,0.0,0.0,0.0,0.0,0.0,0.0,0.0,0.0,0.0,0.0,0.0,0.0,0.0,0.0,0.0,0.0,0.0,0.0,0.0,0.0,0.0,0.0,0.0,0.0,0.0,0.0,0.0,0.0,0.0,0.0
3,100,False,0.0,0.0,0.0,0.0,0.0,0.0,0.0,0.0,0.0,0.0,0.0,0.0,0.0,0.0,0.0,0.0,0.0,0.0,0.0,0.0,0.0,0.0,0.0,0.0,0.0,0.0,0.0,0.0,0.0,0.0,0.0,0.0,0.0,0.0,0.0,0.0,0.0,0.0,0.0,0.0,0.0,0.0,0.0,0.0,0.0,0.0,0.0,0.0,0.0,0.0,0.0,0.0,0.0,0.0,0.0,0.0,0.0,0.0,0.0,0.0,0.0,0.0,0.0,0.0,0.0
4,133,False,0.0,0.0,0.0,0.0,0.0,0.0,0.0,0.0,0.0,0.0,0.0,0.0,0.0,0.0,0.0,0.0,0.0,0.0,0.0,0.0,0.0,0.0,0.0,0.0,0.0,0.0,0.0,0.0,0.0,0.0,0.0,0.0,0.0,0.0,0.0,0.0,0.0,0.0,0.0,0.0,0.0,0.0,0.0,0.0,0.0,0.0,0.0,0.0,0.0,0.0,0.0,0.0,0.0,0.0,0.0,0.0,0.0,0.0,0.0,0.0,0.0,0.0,0.0,0.0,0.0
5,166,False,0.0,0.0,0.0,0.0,0.0,0.0,0.0,0.0,0.0,0.0,0.0,0.0,0.0,0.0,0.0,0.0,0.0,0.0,0.0,0.0,0.0,0.0,0.0,0.0,0.0,0.0,0.0,0.0,0.0,0.0,0.0,0.0,0.0,0.0,0.0,0.0,0.0,0.0,0.0,0.0,0.0,0.0,0.0,0.0,0.0,0.0,0.0,0.0,0.0,0.0,0.0,0.0,0.0,0.0,0.0,0.0,0.0,0.0,0.0,0.0,0.0,0.0,0.0,0.0,0.0
6,200,False,0.0,0.0,0.0,0.0,0.0,0.0,0.0,0.0,0.0,0.0,0.0,0.0,0.0,0.0,0.0,0.0,0.0,0.0,0.0,0.0,0.0,0.0,0.0,0.0,0.0,0.0,0.0,0.0,0.0,0.0,0.0,0.0,0.0,0.0,0.0,0.0,0.0,0.0,0.0,0.0,0.0,0.0,0.0,0.0,0.0,0.0,0.0,0.0,0.0,0.0,0.0,0.0,0.0,0.0,0.0,0.0,0.0,0.0,0.0,0.0,0.0,0.0,0.0,0.0,0.0
7,233,False,0.0,0.0,0.0,0.0,0.0,0.0,0.0,0.0,0.0,0.0,0.0,0.0,0.0,0.0,0.0,0.0,0.0,0.0,0.0,0.0,0.0,0.0,0.0,0.0,0.0,0.0,0.0,0.0,0.0,0.0,0.0,0.0,0.0,0.0,0.0,0.0,0.0,0.0,0.0,0.0,0.0,0.0,0.0,0.0,0.0,0.0,0.0,0.0,0.0,0.0,0.0,0.0,0.0,0.0,0.0,0.0,0.0,0.0,0.0,0.0,0.0,0.0,0.0,0.0,0.0
8,266,False,0.0,0.0,0.0,0.0,0.0,0.0,0.0,0.0,0.0,0.0,0.0,0.0,0.0,0.0,0.0,0.0,0.0,0.0,0.0,0.0,0.0,0.0,0.0,0.0,0.0,0.0,0.0,0.0,0.0,0.0,0.0,0.0,0.0,0.0,0.0,0.0,0.0,0.0,0.0,0.0,0.0,0.0,0.0,0.0,0.0,0.0,0.0,0.0,0.0,0.0,0.0,0.0,0.0,0.0,0.0,0.0,0.0,0.0,0.0,0.0,0.0,0.0,0.0,0.0,0.0
9,300,False,0.0,0.0,0.0,0.0,0.0,0.0,0.0,0.0,0.0,0.0,0.0,0.0,0.0,0.0,0.0,0.0,0.0,0.0,0.0,0.0,0.0,0.0,0.0,0.0,0.0,0.0,0.0,0.0,0.0,0.0,0.0,0.0,0.0,0.0,0.0,0.0,0.0,0.0,0.0,0.0,0.0,0.0,0.0,0.0,0.0,0.0,0.0,0.0,0.0,0.0,0.0,0.0,0.0,0.0,0.0,0.0,0.0,0.0,0.0,0.0,0.0,0.0,0.0,0.0,0.0
10,333,False,0.0,0.0,0.0,0.0,0.0,0.0,0.0,0.0,0.0,0.0,0.0,0.0,0.0,0.0,0.0,0.0,0.0,0.0,0.0,0.0,0.0,0.0,0.0,0.0,0.0,0.0,0.0,0.0,0.0,0.0,0.0,0.0,0.0,0.0,0.0,0.0,0.0,0.0,0.0,0.0,0.0,0.0,0.0,0.0,0.0,0.0,0.0,0.0,0.0,0.0,0.0,0.0,0.0,0.0,0.0,0.0,0.0,0.0,0.0,0.0,0.0,0.0,0.0,0.0,0.0
11,366,False,0.0,0.0,0.0,0.0,0.0,0.0,0.0,0.0,0.0,0.0,0.0,0.0,0.0,0.0,0.0,0.0,0.0,0.0,0.0,0.0,0.0,0.0,0.0,0.0,0.0,0.0,0.0,0.0,0.0,0.0,0.0,0.0,0.0,0.0,0.0,0.0,0.0,0.0,0.0,0.0,0.0,0.0,0.0,0.0,0.0,0.0,0.0,0.0,0.0,0.0,0.0,0.0,0.0,0.0,0.0,0.0,0.0,0.0,0.0,0.0,0.0,0.0,0.0,0.0,0.0
12,400,False,0.0,0.0,0.0,0.0,0.0,0.0,0.0,0.0,0.0,0.0,0.0,0.0,0.0,0.0,0.0,0.0,0.0,0.0,0.0,0.0,0.0,0.0,0.0,0.0,0.0,0.0,0.0,0.0,0.0,0.0,0.0,0.0,0.0,0.0,0.0,0.0,0.0,0.0,0.0,0.0,0.0,0.0,0.0,0.0,0.0,0.0,0.0,0.0,0.0,0.0,0.0,0.0,0.0,0.0,0.0,0.0,0.0,0.0,0.0,0.0,0.0,0.0,0.0,0.0,0.0
13,433,False,0.0,0.0,0.0,0.0,0.0,0.0,0.0,0.0,0.0,0.0,0.0,0.0,0.0,0.0,0.0,0.0,0.0,0.0,0.0,0.0,0.0,0.0,0.0,0.0,0.0,0.0,0.0,0.0,0.0,0.0,0.0,0.0,0.0,0.0,0.0,0.0,0.0,0.0,0.0,0.0,0.0,0.0,0.0,0.0,0.0,0.0,0.0,0.0,0.0,0.0,0.0,0.0,0.0,0.0,0.0,0.0,0.0,0.0,0.0,0.0,0.0,0.0,0.0,0.0,0.0
14,466,False,0.0,0.0,0.0,0.0,0.0,0.0,0.0,0.0,0.0,0.0,0.0,0.0,0.0,0.0,0.0,0.0,0.0,0.0,0.0,0.0,0.0,0.0,0.0,0.0,0.0,0.0,0.0,0.0,0.0,0.0,0.0,0.0,0.0,0.0,0.0,0.0,0.0,0.0,0.0,0.0,0.0,0.0,0.0,0.0,0.0,0.0,0.0,0.0,0.0,0.0,0.0,0.0,0.0,0.0,0.0,0.0,0.0,0.0,0.0,0.0,0.0,0.0,0.0,0.0,0.0
15,500,False,0.0,0.0,0.0,0.0,0.0,0.0,0.0,0.0,0.0,0.0,0.0,0.0,0.0,0.0,0.0,0.0,0.0,0.0,0.0,0.0,0.0,0.0,0.0,0.0,0.0,0.0,0.0,0.0,0.0,0.0,0.0,0.0,0.0,0.0,0.0,0.0,0.0,0.0,0.0,0.0,0.0,0.0,0.0,0.0,0.0,0.0,0.0,0.0,0.0,0.0,0.0,0.0,0.0,0.0,0.0,0.0,0.0,0.0,0.0,0.0,0.0,0.0,0.0,0.0,0.0
16,533,True,0.9209,0.9209,0.315232,1.00148,0.0,0.340149,0.964367,-0.017554,0.365395,0.914933,-0.037727,0.381483,0.861277,-0.055223,0.388212,0.809467,-0.073784,0.359107,0.922816,-0.055029,0.360201,0.878032,-0.081222,0.368046,0.849029,-0.097954,0.377142,0.824583,-0.108734,0.346202,0.957739,-0.058139,0.365468,0.929682,-0.078515,0.386834,0.931183,-0.084172,0.406447,0.934899,-0.090244,0.335128,0.997559,-0.061375,0.355568,0.985411,-0.082257,0.377018,1.001139,-0.082506,0.397523,1.015355,-0.082476,0.326562,1.036976,-0.065042,0.347852,1.036914,-0.08066,0.36833,1.047945,-0.079595,0.388432,1.056508,-0.078883
17,566,True,0.9657,0.9657,0.312218,1.010839,0.0,0.35307,0.976006,-0.006328,0.393552,0.951789,-0.02423,0.430373,0.953834,-0.04185,0.44902,0.963104,-0.060004,0.355597,0.88644,-0.055593,0.364122,0.819485,-0.087289,0.372687,0.772441,-0.11006,0.377807,0.736138,-0.126069,0.336427,0.907936,-0.067171,0.368548,0.884881,-0.094874,0.397451,0.884409,-0.103571,0.417131,0.889495,-0.110675,0.321912,0.94711,-0.077444,0.36713,0.949274,-0.102818,0.399697,0.969601,-0.102506,0.423002,0.986928,-0.10134,0.315325,0.994036,-0.087332,0.355003,1.005744,-0.102538,0.38196,1.016459,-0.097506,0.401799,1.023858,-0.093776
18,600,True,0.9992,0.9992,0.342695,1.015791,0.0,0.379937,0.985261,-0.011289,0.411636,0.954531,-0.031167,0.438058,0.940983,-0.052254,0.455165,0.940341,-0.075116,0.367444,0.865361,-0.048182,0.370224,0.791432,-0.074676,0.373412,0.743999,-0.08955,0.375529,0.70264,-0.100153,0.339652,0.877588,-0.06047,0.393276,0.850801,-0.094977,0.422554,0.880297,-0.103875,0.435714,0.90841,-0.105358,0.320934,0.911458,-0.072106,0.387338,0.918815,-0.104103,0.422911,0.957012,-0.101897,0.440074,0.98514,-0.094762,0.310811,0.9579,-0.08425,0.356601,0.951209,-0.105007,0.387425,0.966499,-0.100119,0.406337,0.981677,-0.093241
19,633,True,0.999,0.999,0.358777,1.02072,0.0,0.394329,0.998034,-0.010167,0.423578,0.957409,-0.027865,0.443431,0.932551,-0.04886,0.461412,0.922578,-0.070979,0.373661,0.852935,-0.033758,0.374891,0.773733,-0.061525,0.378202,0.722805,-0.076996,0.380202,0.676503,-0.087437,0.34667,0.862293,-0.047642,0.416132,0.836527,-0.088495,0.443558,0.896072,-0.096837,0.448073,0.93897,-0.094027,0.328935,0.894687,-0.062072,0.406535,0.88979,-0.100696,0.434323,0.947653,-0.093905,0.440953,0.983523,-0.07961,0.318662,0.940077,-0.077347,0.366704,0.92233,-0.10148,0.396597,0.939882,-0.093799,0.414439,0.954585,-0.082104
20,666,True,0.9986,0.9986,0.366964,1.036366,0.0,0.404831,1.006646,-0.010575,0.432117,0.959955,-0.028146,0.451189,0.929328,-0.049219,0.468098,0.908737,-0.071008,0.378803,0.850713,-0.030635,0.381243,0.768067,-0.058608,0.384629,0.712833,-0.075194,0.387527,0.663097,-0.086247,0.350845,0.861196,-0.043969,0.421751,0.829461,-0.085167,0.451855,0.887264,-0.095138,0.459068,0.93217,-0.093322,0.332756,0.893003,-0.057957,0.409437,0.879252,-0.096023,0.439648,0.933947,-0.089514,0.448534,0.971297,-0.075387,0.322919,0.938388,-0.072996,0.369267,0.914027,-0.096147,0.400759,0.928352,-0.088183,0.420625,0.943077,-0.076002
21,700,True,0.9981,0.9981,0.367828,1.051001,0.0,0.409631,1.010963,-0.007145,0.436462,0.960896,-0.023944,0.457253,0.929827,-0.045254,0.474938,0.904681,-0.067074,0.382117,0.845559,-0.02618,0.387975,0.762683,-0.052609,0.390186,0.707282,-0.068942,0.392204,0.657443,-0.080066,0.354519,0.858066,-0.040844,0.4314,0.83295,-0.08173,0.45917,0.895853,-0.091772,0.466112,0.94379,-0.090189,0.337265,0.890828,-0.055907,0.418615,0.87974,-0.09306,0.445889,0.937409,-0.085687,0.454195,0.977723,-0.07117,0.329553,0.936339,-0.071999,0.377384,0.908913,-0.094461,0.409272,0.923202,-0.086009,0.432172,0.939184,-0.073295
22,733,True,0.9971,0.9971,0.374385,1.057806,0.0,0.419323,1.006059,-0.003279,0.445741,0.955088,-0.019627,0.468516,0.924604,-0.04136,0.483351,0.899089,-0.06375,0.386992,0.842575,-0.023706,0.392637,0.760074,-0.049551,0.396281,0.705526,-0.065473,0.399237,0.657118,-0.07626,0.361143,0.857161,-0.040665,0.439024,0.82906,-0.080155,0.46808,0.889975,-0.089335,0.474082,0.939377,-0.087663,0.345573,0.890721,-0.057854,0.428439,0.875664,-0.093981,0.456757,0.931943,-0.0865,0.464667,0.973813,-0.072357,0.339171,0.936002,-0.075757,0.390412,0.909626,-0.097217,0.423926,0.928671,-0.088166,0.445329,0.950408,-0.075444
23,766,True,0.9963,0.9963,0.386626,1.05759,0.0,0.429574,0.99973,-0.001859,0.455277,0.944244,-0.016712,0.4763,0.911541,-0.037208,0.488536,0.886413,-0.058186,0.394074,0.838416,-0.021193,0.397192,0.755151,-0.045757,0.39886,0.702036,-0.060307,0.400585,0.654977,-0.070111,0.36811,0.853929,-0.038528,0.444383,0.822223,-0.076987,0.47413,0.883788,-0.085636,0.480942,0.933559,-0.083645,0.352685,0.888371,-0.056059,0.434088,0.868712,-0.092064,0.463489,0.925139,-0.085012,0.472594,0.967183,-0.071126,0.346489,0.934385,-0.074118,0.393689,0.90634,-0.09582,0.427283,0.922055,-0.087835,0.449787,0.941885,-0.076036
24,800,True,0.9966,0.9966,0.390279,1.05857,0.0,0.431671,0.993932,0.000989,0.455678,0.934281,-0.013112,0.476503,0.899719,-0.033634,0.494143,0.872973,-0.054806,0.394316,0.834334,-0.01797,0.398476,0.752121,-0.041698,0.400088,0.697583,-0.05606,0.401115,0.649962,-0.065996,0.369718,0.850884,-0.03679,0.447954,0.811988,-0.074499,0.480722,0.868434,-0.083314,0.489312,0.916547,-0.081535,0.356334,0.885871,-0.055544,0.437998,0.862909,-0.090692,0.46966,0.915761,-0.083805,0.480104,0.956642,-0.070018,0.351851,0.931771,-0.074614,0.400094,0.901408,-0.095237,0.434397,0.914708,-0.086956,0.456806,0.933284,-0.075063
25,833,True,0.9967,0.9967,0.401328,1.051555,0.0,0.440237,0.984151,0.000571,0.461326,0.926808,-0.014017,0.480412,0.893819,-0.034924,0.494069,0.866125,-0.056221,0.397349,0.829619,-0.018374,0.400453,0.747227,-0.042176,0.401468,0.692947,-0.056534,0.401211,0.646415,-0.06627,0.373872,0.847972,-0.036687,0.450706,0.808375,-0.073411,0.484193,0.862225,-0.081859,0.492697,0.907288,-0.080208,0.362032,0.882763,-0.054999,0.442924,0.85712,-0.089211,0.475042,0.908435,-0.081807,0.484893,0.947829,-0.068044,0.35962,0.927297,-0.073689,0.409057,0.896383,-0.093589,0.443117,0.911924,-0.084561,0.463713,0.931882,-0.072242
26,866,True,0.9973,0.9973,0.404659,1.049994,0.0,0.442726,0.98058,0.001211,0.463665,0.921602,-0.012632,0.483095,0.888597,-0.033235,0.498349,0.860818,-0.054356,0.40052,0.82638,-0.015526,0.401383,0.742335,-0.038615,0.401024,0.686942,-0.052461,0.400261,0.638862,-0.061917,0.376486,0.84406,-0.034408,0.451777,0.8007,-0.072086,0.485478,0.854849,-0.081218,0.495441,0.902388,-0.079235,0.363857,0.878525,-0.053335,0.443594,0.852931,-0.087804,0.475696,0.903483,-0.080875,0.486747,0.943059,-0.066793,0.360182,0.923179,-0.072705,0.405808,0.891709,-0.092227,0.440311,0.901333,-0.083535,0.463946,0.91626,-0.071163
27,900,True,0.9977,0.9977,0.403389,1.049193,0.0,0.443534,0.979892,0.001157,0.465613,0.920031,-0.013511,0.485829,0.885807,-0.034881,0.499413,0.859484,-0.056747,0.401435,0.822522,-0.016984,0.402029,0.740095,-0.040125,0.4014,0.68459,-0.053999,0.399542,0.637586,-0.063601,0.377411,0.840457,-0.036024,0.453271,0.795403,-0.073095,0.488448,0.849732,-0.081184,0.497793,0.897486,-0.078734,0.3652,0.874551,-0.055039,0.445159,0.845989,-0.088796,0.478326,0.896798,-0.080953,0.488799,0.937741,-0.066728,0.362509,0.91881,-0.074548,0.412397,0.886392,-0.09413,0.448527,0.900474,-0.084901,0.471406,0.920124,-0.072281
28,933,True,0.9979,0.9979,0.40038,1.048521,0.0,0.443085,0.979661,0.001666,0.466918,0.920076,-0.012235,0.48799,0.886402,-0.03305,0.502042,0.860701,-0.05435,0.402179,0.82013,-0.015296,0.402746,0.737847,-0.037418,0.401656,0.683355,-0.050439,0.400273,0.636181,-0.05948,0.378109,0.838566,-0.034378,0.454464,0.797006,-0.071336,0.489253,0.851882,-0.080037,0.499761,0.899368,-0.078061,0.365818,0.873324,-0.053459,0.445832,0.845991,-0.087283,0.479355,0.896505,-0.08056,0.491458,0.937251,-0.066974,0.363503,0.917624,-0.072956,0.408825,0.882179,-0.092036,0.443288,0.890038,-0.083948,0.467694,0.904429,-0.072421
29,966,True,0.9979,0.9979,0.39881,1.046746,0.0,0.442526,0.977616,0.00216,0.467195,0.918015,-0.011401,0.488909,0.884185,-0.031993,0.504741,0.858685,-0.053184,0.400673,0.818304,-0.01484,0.403672,0.737744,-0.036917,0.4031,0.682476,-0.049779,0.401582,0.635528,-0.058678,0.376738,0.835967,-0.034197,0.454366,0.793271,-0.070725,0.490466,0.847719,-0.079355,0.501294,0.896231,-0.077295,0.365146,0.870318,-0.053516,0.446536,0.845211,-0.08789,0.480568,0.896827,-0.081875,0.492741,0.938559,-0.06842,0.363861,0.914018,-0.07311,0.409557,0.87955,-0.092788,0.444085,0.889614,-0.085122,0.467849,0.907239,-0.073772
30,1000,True,0.9982,0.9982,0.395893,1.048037,0.0,0.439651,0.982656,0.002512,0.464976,0.922799,-0.010319,0.486271,0.887188,-0.030032,0.500979,0.857938,-0.050332,0.401278,0.818164,-0.014603,0.403311,0.737029,-0.036498,0.403207,0.681833,-0.049459,0.402164,0.635012,-0.058339,0.377481,0.834242,-0.034169,0.454799,0.791236,-0.071558,0.489679,0.847013,-0.080998,0.499029,0.897892,-0.078949,0.365198,0.868023,-0.053545,0.445749,0.84436,-0.088466,0.479402,0.896601,-0.082965,0.491268,0.939184,-0.069438,0.362859,0.912379,-0.07308,0.406636,0.877479,-0.093154,0.441492,0.886237,-0.085582,0.466352,0.903239,-0.073947
31,1033,True,0.9971,0.9971,0.391215,1.042715,0.0,0.437042,0.978826,0.001645,0.465311,0.921644,-0.011338,0.487533,0.887436,-0.030957,0.499454,0.860271,-0.051151,0.401726,0.817652,-0.016381,0.404805,0.735612,-0.038462,0.404062,0.68136,-0.050779,0.402226,0.634575,-0.059124,0.377511,0.832841,-0.035447,0.453351,0.789062,-0.073093,0.487232,0.844513,-0.082137,0.496805,0.893975,-0.079695,0.364857,0.865671,-0.05435,0.444177,0.843403,-0.088913,0.476246,0.894992,-0.083431,0.487949,0.936066,-0.070006,0.362239,0.90826,-0.073571,0.401681,0.87594,-0.093126,0.433826,0.881449,-0.086515,0.458498,0.89424,-0.075872
32,1066,True,0.9962,0.9962,0.392305,1.039159,0.0,0.436232,0.977975,-0.001106,0.463363,0.921418,-0.013836,0.483259,0.884548,-0.032361,0.492312,0.854301,-0.051084,0.403007,0.81693,-0.017675,0.404999,0.734407,-0.03998,0.403769,0.680827,-0.05251,0.401951,0.633883,-0.060891,0.379383,0.830175,-0.034971,0.450825,0.785128,-0.072888,0.484948,0.836142,-0.083068,0.496026,0.883829,-0.081359,0.365972,0.860818,-0.052365,0.443026,0.840976,-0.087851,0.476294,0.890952,-0.08434,0.489219,0.931785,-0.071943,0.361679,0.901412,-0.070173,0.401191,0.869767,-0.090653,0.432279,0.87584,-0.08535,0.455315,0.889551,-0.075484
33,1100,True,0.9971,0.9971,0.387652,1.036778,0.0,0.432925,0.97509,-0.000365,0.460102,0.918093,-0.013123,0.480573,0.880418,-0.031644,0.495458,0.84996,-0.050125,0.4003,0.813735,-0.01702,0.404671,0.732792,-0.038959,0.403546,0.67956,-0.05127,0.401482,0.632749,-0.0598,0.376132,0.825495,-0.034643,0.44986,0.784827,-0.071833,0.483646,0.837593,-0.080996,0.494502,0.88514,-0.078874,0.363138,0.855474,-0.052305,0.442481,0.837358,-0.087073,0.474945,0.888408,-0.082333,0.487471,0.929586,-0.069478,0.360063,0.895384,-0.070429,0.402579,0.866591,-0.090742,0.433449,0.87747,-0.084772,0.455564,0.894742,-0.074452
34,1133,True,0.9972,0.9972,0.389494,1.032837,0.0,0.432809,0.96894,0.00214,0.459469,0.911002,-0.009836,0.48127,0.87336,-0.02801,0.497752,0.845922,-0.046142,0.398717,0.808532,-0.014083,0.40419,0.729543,-0.034718,0.403303,0.676096,-0.046324,0.401017,0.629909,-0.054579,0.373928,0.820325,-0.032584,0.446715,0.780417,-0.067014,0.480368,0.831284,-0.074766,0.491064,0.876891,-0.072361,0.36119,0.849967,-0.050957,0.440913,0.832977,-0.083411,0.472631,0.883241,-0.077641,0.484338,0.923658,-0.064791,0.358978,0.889689,-0.06972,0.404735,0.862127,-0.088647,0.436709,0.877115,-0.081767,0.458632,0.897626,-0.071099
35,1166,True,0.9967,0.9967,0.385983,1.030498,0.0,0.430631,0.968164,0.000535,0.457453,0.910654,-0.01125,0.478311,0.872795,-0.028836,0.494023,0.843725,-0.046317,0.397363,0.806654,-0.015206,0.403329,0.72536,-0.035623,0.4018,0.671703,-0.047062,0.398627,0.624975,-0.055169,0.372927,0.818698,-0.032604,0.444974,0.778707,-0.067305,0.477599,0.82758,-0.075982,0.488237,0.872033,-0.074201,0.360254,0.848696,-0.049923,0.440154,0.832797,-0.082929,0.471685,0.881662,-0.078475,0.483719,0.920846,-0.066299,0.357999,0.888537,-0.067673,0.40129,0.861018,-0.087157,0.432327,0.871781,-0.08148,0.455061,0.888605,-0.071574
36,1200,True,0.9972,0.9972,0.383493,1.028012,0.0,0.42885,0.963638,0.001516,0.455702,0.906969,-0.010342,0.477545,0.869067,-0.028122,0.491186,0.83996,-0.045616,0.394219,0.801356,-0.013971,0.400586,0.723406,-0.033714,0.399356,0.66949,-0.045355,0.396529,0.623019,-0.053862,0.370064,0.812725,-0.031958,0.443078,0.774194,-0.065129,0.475242,0.823256,-0.073315,0.484842,0.868012,-0.071626,0.358152,0.842666,-0.04974,0.439636,0.827978,-0.081404,0.470273,0.878216,-0.07596,0.480714,0.918657,-0.063526,0.357059,0.883347,-0.067975,0.404635,0.855984,-0.086512,0.436755,0.872993,-0.079352,0.45887,0.895814,-0.068476
37,1233,True,0.9974,0.9974,0.384348,1.026334,0.0,0.427084,0.961931,0.000737,0.452476,0.905085,-0.011374,0.47372,0.866848,-0.029255,0.487153,0.83796,-0.046823,0.391104,0.801493,-0.014932,0.396277,0.722638,-0.034477,0.395725,0.668793,-0.045856,0.394023,0.622858,-0.05408,0.367261,0.813369,-0.032347,0.437531,0.771974,-0.064435,0.471115,0.815755,-0.072445,0.483215,0.858091,-0.071063,0.355761,0.842813,-0.049609,0.436033,0.825934,-0.080591,0.466982,0.874662,-0.075424,0.477985,0.915157,-0.063384,0.354967,0.882165,-0.067387,0.40293,0.853426,-0.085835,0.43597,0.869696,-0.079061,0.458699,0.892605,-0.068478
38,1266,True,0.9971,0.9971,0.379188,1.026201,0.0,0.423204,0.962448,0.00083,0.450282,0.905646,-0.01117,0.471656,0.867717,-0.029074,0.485232,0.839309,-0.046712,0.389312,0.8028,-0.014035,0.395243,0.723136,-0.03347,0.393881,0.66915,-0.044444,0.390924,0.62346,-0.052257,0.36583,0.814165,-0.031553,0.436952,0.770079,-0.063676,0.470061,0.814179,-0.071464,0.480905,0.856797,-0.069653,0.35438,0.84286,-0.048944,0.434269,0.824238,-0.080103,0.465068,0.87262,-0.074908,0.475711,0.912282,-0.062566,0.353319,0.881361,-0.066812,0.400979,0.851785,-0.084949,0.432996,0.868149,-0.077726,0.454416,0.890939,-0.066737
39,1300,True,0.9978,0.9978,0.378948,1.026054,0.0,0.421114,0.961331,0.000535,0.446995,0.90464,-0.011874,0.467901,0.866528,-0.029883,0.481362,0.836656,-0.047479,0.384979,0.803071,-0.015933,0.391736,0.723783,-0.035759,0.390732,0.670329,-0.047297,0.388233,0.624709,-0.055545,0.361802,0.81528,-0.033212,0.43237,0.769518,-0.064598,0.466215,0.808211,-0.072699,0.478875,0.84801,-0.071829,0.350849,0.843942,-0.050313,0.431442,0.822734,-0.080719,0.46309,0.86849,-0.075801,0.474739,0.907777,-0.064282,0.350807,0.881857,-0.067931,0.40025,0.851323,-0.086028,0.433404,0.867802,-0.079247,0.45567,0.89133,-0.068862
40,1333,True,0.9977,0.9977,0.376062,1.024335,0.0,0.420125,0.959908,0.00116,0.4465,0.904442,-0.011494,0.468007,0.868088,-0.030092,0.481032,0.837517,-0.048349,0.383715,0.804388,-0.015722,0.391238,0.725874,-0.036285,0.389391,0.672382,-0.047549,0.385757,0.626999,-0.0556,0.360141,0.816367,-0.033869,0.434305,0.769944,-0.067258,0.466802,0.816987,-0.074357,0.47707,0.860453,-0.071975,0.349138,0.845462,-0.051957,0.430594,0.823127,-0.083907,0.461134,0.870989,-0.077692,0.471712,0.909699,-0.064882,0.349217,0.884399,-0.070534,0.396499,0.853225,-0.08963,0.429844,0.867228,-0.082582,0.453414,0.887384,-0.071893
41,1366,True,0.9977,0.9977,0.375733,1.023398,0.0,0.419327,0.960716,0.000337,0.444715,0.90573,-0.012565,0.465365,0.868994,-0.031017,0.479412,0.838488,-0.048941,0.382435,0.805188,-0.0166,0.389298,0.726793,-0.037221,0.387826,0.673607,-0.048536,0.38447,0.628682,-0.056587,0.359622,0.817047,-0.034061,0.432915,0.769316,-0.067019,0.463763,0.816201,-0.073689,0.472248,0.858953,-0.0711,0.349044,0.845503,-0.051488,0.429888,0.822935,-0.082857,0.458644,0.870936,-0.075985,0.46747,0.909294,-0.062871,0.349206,0.883833,-0.069477,0.397064,0.853176,-0.087946,0.429252,0.867976,-0.080338,0.451039,0.888331,-0.069345
42,1400,True,0.9978,0.9978,0.375754,1.022517,0.0,0.418696,0.960578,0.001174,0.443491,0.905807,-0.011712,0.464246,0.871013,-0.030032,0.479087,0.842352,-0.047862,0.381813,0.804412,-0.017102,0.388126,0.727738,-0.037343,0.387136,0.675276,-0.048668,0.383454,0.631063,-0.056978,0.359201,0.817131,-0.034856,0.434121,0.768987,-0.067073,0.463823,0.819765,-0.072794,0.468628,0.864324,-0.069693,0.348616,0.846704,-0.052316,0.428934,0.82414,-0.082748,0.454299,0.874944,-0.073832,0.458206,0.913658,-0.059574,0.348755,0.886624,-0.070243,0.397875,0.854051,-0.088097,0.429083,0.871876,-0.078452,0.447433,0.894201,-0.066011
43,1433,True,0.9974,0.9974,0.373643,1.021841,0.0,0.415796,0.961254,0.00112,0.440303,0.90641,-0.011709,0.460277,0.872067,-0.029938,0.47522,0.844101,-0.047676,0.380363,0.806392,-0.016798,0.385896,0.728327,-0.03697,0.385328,0.676232,-0.048263,0.382077,0.632383,-0.056507,0.358582,0.819679,-0.03441,0.431856,0.76998,-0.066554,0.460499,0.819738,-0.072335,0.464023,0.862766,-0.069283,0.348199,0.848956,-0.051695,0.425846,0.823568,-0.081225,0.4492,0.873532,-0.071481,0.450827,0.910992,-0.056897,0.347758,0.888103,-0.069483,0.395642,0.854201,-0.086325,0.423917,0.872191,-0.075748,0.438622,0.893891,-0.062812
44,1466,True,0.9972,0.9972,0.370805,1.021481,0.0,0.412266,0.962346,0.000271,0.438362,0.909471,-0.01256,0.459335,0.876183,-0.03093,0.470258,0.847332,-0.04893,0.380199,0.807068,-0.015936,0.384699,0.729142,-0.036278,0.384162,0.677508,-0.048385,0.38157,0.634005,-0.056933,0.357891,0.820862,-0.033029,0.42812,0.774667,-0.064995,0.455562,0.818544,-0.073185,0.459838,0.857646,-0.072104,0.346189,0.850899,-0.049852,0.42122,0.829109,-0.079122,0.444118,0.87647,-0.07165,0.446968,0.912223,-0.058655,0.344048,0.890895,-0.067258,0.388973,0.858937,-0.08389,0.416517,0.872474,-0.07467,0.432597,0.890377,-0.062721
45,1500,True,0.9976,0.9976,0.367191,1.024811,0.0,0.408745,0.965523,-0.000114,0.433995,0.91077,-0.012639,0.454886,0.87734,-0.030434,0.46918,0.849127,-0.047777,0.376701,0.807207,-0.01521,0.381825,0.729973,-0.035158,0.38124,0.678316,-0.047736,0.379317,0.634519,-0.056891,0.354247,0.82207,-0.031985,0.423422,0.778006,-0.063399,0.451111,0.818112,-0.07284,0.457338,0.854958,-0.073145,0.342335,0.852853,-0.048496,0.417126,0.832133,-0.077063,0.440663,0.876784,-0.070725,0.444928,0.911245,-0.05902,0.339793,0.893613,-0.065662,0.385838,0.862331,-0.081973,0.414369,0.875677,-0.073277,0.431649,0.893607,-0.062002
46,1533,True,0.9977,0.9977,0.364662,1.027008,0.0,0.406617,0.966,4.5e-05,0.43174,0.910817,-0.012649,0.453072,0.877189,-0.03074,0.465,0.850349,-0.048288,0.373283,0.807234,-0.015372,0.380138,0.731213,-0.0358,0.379352,0.679481,-0.04875,0.376531,0.634621,-0.058339,0.35051,0.821847,-0.032515,0.422689,0.780678,-0.064311,0.448681,0.827772,-0.072661,0.451856,0.867211,-0.072106,0.338604,0.852233,-0.049473,0.415268,0.832445,-0.07793,0.4365,0.880714,-0.06977,0.437735,0.916242,-0.05694,0.336427,0.892855,-0.067267,0.385291,0.861942,-0.083206,0.413229,0.879611,-0.073216,0.428673,0.90095,-0.061075
47,1566,True,0.9972,0.9972,0.364371,1.028474,0.0,0.405388,0.965437,0.000783,0.430379,0.909316,-0.011345,0.452209,0.876121,-0.029165,0.460395,0.849684,-0.046674,0.370363,0.80928,-0.014224,0.377888,0.733167,-0.034498,0.376933,0.681435,-0.047678,0.37368,0.635831,-0.05769,0.348147,0.823926,-0.031707,0.419612,0.782478,-0.063802,0.447111,0.827701,-0.073056,0.452226,0.866166,-0.073362,0.336741,0.855015,-0.048976,0.411726,0.832468,-0.076586,0.434241,0.876833,-0.069411,0.437346,0.910422,-0.057872,0.334739,0.896541,-0.067145,0.380076,0.865735,-0.082877,0.408864,0.877909,-0.074394,0.427244,0.894425,-0.063769
48,1600,True,0.998,0.998,0.366199,1.025671,0.0,0.407245,0.961946,0.000717,0.431334,0.908814,-0.012415,0.451736,0.877156,-0.031281,0.456447,0.850446,-0.049816,0.370071,0.80876,-0.015548,0.377747,0.73258,-0.035588,0.376259,0.680496,-0.048635,0.372903,0.636096,-0.058511,0.34677,0.825082,-0.032913,0.419295,0.791738,-0.064482,0.44689,0.837245,-0.073697,0.45266,0.873619,-0.074542,0.335124,0.858124,-0.049971,0.409898,0.83514,-0.076365,0.433128,0.875346,-0.069249,0.437624,0.905732,-0.058772,0.333596,0.900742,-0.067942,0.377555,0.870548,-0.083024,0.40446,0.876818,-0.07509,0.422439,0.88678,-0.065391
49,1633,True,0.9982,0.9982,0.368779,1.024355,0.0,0.406602,0.961137,0.000627,0.429952,0.908694,-0.01234,0.448336,0.878615,-0.0309,0.452025,0.855116,-0.049128,0.369117,0.809905,-0.015665,0.374913,0.734148,-0.034175,0.373633,0.682426,-0.046802,0.370683,0.638297,-0.056506,0.346309,0.827306,-0.03221,0.416346,0.797464,-0.061693,0.444168,0.837544,-0.071472,0.450412,0.870439,-0.073451,0.335095,0.860352,-0.048147,0.407228,0.840349,-0.07305,0.430918,0.87848,-0.066906,0.435982,0.908441,-0.057424,0.333695,0.902123,-0.064936,0.378038,0.871536,-0.079257,0.406357,0.879097,-0.071196,0.42545,0.891556,-0.061398
50,1666,True,0.9982,0.9982,0.367973,1.025091,0.0,0.406516,0.961654,-6e-05,0.428319,0.90834,-0.013246,0.444902,0.87656,-0.031916,0.450974,0.855046,-0.050445,0.365898,0.811896,-0.015548,0.372334,0.736117,-0.034219,0.372294,0.684728,-0.047227,0.370792,0.640465,-0.05731,0.344251,0.829834,-0.031888,0.416022,0.795809,-0.061136,0.44297,0.83527,-0.070491,0.448206,0.867926,-0.072341,0.33429,0.862758,-0.047813,0.406877,0.83843,-0.072685,0.429947,0.874986,-0.066738,0.434695,0.9042,-0.057584,0.333982,0.904238,-0.064654,0.379905,0.872458,-0.07899,0.40914,0.881251,-0.070956,0.428631,0.895305,-0.061308
51,1700,True,0.9984,0.9984,0.369882,1.027372,0.0,0.407369,0.963812,-1.7e-05,0.427928,0.908602,-0.012462,0.443672,0.873877,-0.030388,0.450727,0.850231,-0.048219,0.366379,0.814733,-0.014071,0.370942,0.738776,-0.032244,0.371211,0.687296,-0.044752,0.370702,0.642945,-0.05437,0.345841,0.831797,-0.030184,0.416058,0.795639,-0.05874,0.443743,0.834793,-0.067261,0.449813,0.868769,-0.068425,0.336475,0.864146,-0.04608,0.407611,0.839751,-0.070819,0.429105,0.877549,-0.065127,0.432544,0.90834,-0.056048,0.33624,0.904964,-0.062838,0.382398,0.873627,-0.077,0.410512,0.886294,-0.068926,0.427862,0.904184,-0.059239
52,1733,True,0.9984,0.9984,0.37075,1.02599,0.0,0.407643,0.96048,0.000395,0.426678,0.904824,-0.012425,0.442521,0.869826,-0.030883,0.452068,0.845694,-0.049223,0.366694,0.814803,-0.014468,0.370609,0.739018,-0.033306,0.371546,0.687131,-0.045668,0.371431,0.643286,-0.054979,0.34689,0.831518,-0.031089,0.419877,0.795388,-0.060588,0.447728,0.838589,-0.067979,0.452545,0.873791,-0.067872,0.338491,0.863007,-0.047568,0.412259,0.83807,-0.073427,0.433192,0.878907,-0.066306,0.43505,0.910553,-0.055803,0.3393,0.90258,-0.064866,0.387117,0.870741,-0.079595,0.415097,0.886235,-0.070444,0.431451,0.905961,-0.059675
53,1766,True,0.9984,0.9984,0.373255,1.025846,0.0,0.411274,0.958146,0.000546,0.429701,0.900167,-0.011536,0.443184,0.861394,-0.029119,0.449117,0.834049,-0.046553,0.368766,0.815092,-0.014435,0.37197,0.739783,-0.033312,0.372833,0.687872,-0.045492,0.373403,0.644212,-0.054595,0.349266,0.832353,-0.030841,0.422449,0.795514,-0.061142,0.449392,0.838205,-0.068927,0.454502,0.8727,-0.068844,0.341088,0.864421,-0.047098,0.415699,0.838612,-0.073884,0.436146,0.877372,-0.067364,0.438598,0.907272,-0.057016,0.342282,0.904694,-0.064078,0.388287,0.870419,-0.07982,0.417306,0.878348,-0.071971,0.436782,0.89155,-0.062011
54,1800,True,0.9986,0.9986,0.376013,1.023314,0.0,0.414628,0.953647,0.001759,0.433,0.894189,-0.009606,0.445592,0.855312,-0.026541,0.450035,0.829033,-0.043543,0.370976,0.812798,-0.014489,0.373725,0.738226,-0.033459,0.374723,0.686859,-0.045635,0.375284,0.64336,-0.054728,0.352061,0.831315,-0.031435,0.426417,0.793864,-0.06234,0.452111,0.837836,-0.070416,0.455657,0.872505,-0.070307,0.344434,0.864735,-0.048022,0.419515,0.838338,-0.075687,0.439733,0.876853,-0.069679,0.442045,0.905536,-0.059389,0.346182,0.906202,-0.065078,0.39147,0.872179,-0.081711,0.421554,0.877246,-0.07448,0.442831,0.887223,-0.064808
55,1833,True,0.9981,0.9981,0.377123,1.023377,0.0,0.414996,0.953444,0.003457,0.433683,0.893398,-0.007435,0.446988,0.854515,-0.024081,0.452955,0.825014,-0.041111,0.373209,0.813497,-0.014665,0.37595,0.739737,-0.034007,0.377175,0.688242,-0.046578,0.378108,0.644705,-0.055897,0.355035,0.832224,-0.032441,0.430717,0.792823,-0.063464,0.457412,0.834646,-0.071775,0.461246,0.869208,-0.07193,0.34795,0.866039,-0.04964,0.423812,0.837218,-0.077205,0.445698,0.873158,-0.071161,0.449241,0.900694,-0.061024,0.349487,0.908321,-0.0671,0.395374,0.873017,-0.083731,0.425929,0.877519,-0.076228,0.447055,0.887275,-0.066451
56,1866,True,0.9983,0.9983,0.378633,1.025774,0.0,0.417143,0.955809,0.004223,0.435019,0.896152,-0.006075,0.447465,0.857143,-0.022246,0.453611,0.826968,-0.038785,0.37483,0.815052,-0.013734,0.37956,0.740464,-0.032765,0.381375,0.688998,-0.045302,0.382611,0.64511,-0.054764,0.357595,0.833396,-0.031869,0.433386,0.794873,-0.062656,0.458922,0.836216,-0.0715,0.462524,0.86902,-0.072287,0.351646,0.867081,-0.049374,0.427364,0.838445,-0.076593,0.448972,0.872428,-0.071259,0.45305,0.897223,-0.061994,0.354647,0.909271,-0.067081,0.400187,0.873904,-0.083535,0.430683,0.875083,-0.0767,0.452752,0.880984,-0.067722
57,1900,True,0.998,0.998,0.379767,1.025493,0.0,0.418545,0.958341,0.002637,0.437289,0.900432,-0.008976,0.452271,0.863168,-0.026326,0.459773,0.839208,-0.043888,0.378904,0.814062,-0.014342,0.386381,0.738558,-0.033056,0.390395,0.686736,-0.045296,0.393126,0.643852,-0.054405,0.361413,0.831937,-0.03166,0.437709,0.795616,-0.061014,0.462104,0.838949,-0.068386,0.46334,0.87301,-0.068289,0.35522,0.865075,-0.048499,0.430768,0.840562,-0.074311,0.44838,0.879686,-0.067407,0.447599,0.907997,-0.05716,0.357963,0.906308,-0.065788,0.407082,0.874291,-0.08043,0.434533,0.885359,-0.071445,0.450608,0.899907,-0.060955
58,1933,True,0.998,0.998,0.382618,1.024852,0.0,0.420374,0.956565,0.00398,0.4422,0.897374,-0.00755,0.460812,0.863029,-0.025132,0.471786,0.844171,-0.043356,0.381833,0.811676,-0.013473,0.392509,0.738549,-0.032234,0.399171,0.688115,-0.044693,0.404798,0.645345,-0.053986,0.363799,0.829911,-0.031759,0.441791,0.796008,-0.061408,0.466828,0.840592,-0.069646,0.468626,0.87591,-0.07007,0.356926,0.864271,-0.049394,0.43356,0.841763,-0.07585,0.452755,0.881843,-0.070023,0.453274,0.91016,-0.060172,0.358885,0.907058,-0.067211,0.407613,0.874679,-0.082,0.436455,0.886348,-0.073109,0.454132,0.901738,-0.062629
59,1966,True,0.9976,0.9976,0.384514,1.019532,0.0,0.422325,0.951999,0.00375,0.444953,0.894768,-0.008448,0.464695,0.862106,-0.026671,0.477905,0.844254,-0.045547,0.383854,0.809697,-0.014714,0.393452,0.737693,-0.034035,0.400673,0.688432,-0.046762,0.406611,0.64654,-0.056022,0.36595,0.828671,-0.032842,0.444893,0.796203,-0.062964,0.470522,0.841546,-0.070676,0.472358,0.87834,-0.07059,0.359129,0.863183,-0.050311,0.436895,0.841864,-0.077063,0.455535,0.884053,-0.070415,0.45547,0.914815,-0.059729,0.360583,0.905607,-0.06797,0.410878,0.875507,-0.082489,0.437556,0.89262,-0.072684,0.452269,0.912507,-0.061416
60,2000,True,0.9978,0.9978,0.383759,1.020752,0.0,0.424105,0.956631,0.002668,0.448029,0.898802,-0.00984,0.468406,0.866338,-0.028215,0.480387,0.848611,-0.047198,0.385545,0.809621,-0.015341,0.396117,0.737684,-0.034525,0.40288,0.688415,-0.046717,0.407998,0.646298,-0.055694,0.367079,0.828528,-0.033135,0.446895,0.796181,-0.063592,0.472257,0.844098,-0.07113,0.473274,0.880844,-0.070653,0.359828,0.863174,-0.050349,0.439711,0.843506,-0.07791,0.456951,0.888751,-0.071226,0.454312,0.919643,-0.06018,0.361779,0.905754,-0.067792,0.413161,0.875312,-0.082999,0.439759,0.892599,-0.073418,0.454058,0.911574,-0.062119
61,2033,True,0.998,0.998,0.385516,1.020499,0.0,0.426136,0.957145,0.002484,0.450895,0.899709,-0.010218,0.472585,0.869368,-0.028764,0.485535,0.855007,-0.047813,0.387936,0.809265,-0.014981,0.39704,0.737569,-0.033995,0.40258,0.68906,-0.046066,0.406384,0.6475,-0.055004,0.368902,0.827515,-0.032642,0.448727,0.794805,-0.063036,0.473173,0.844755,-0.070613,0.472982,0.881638,-0.070056,0.361048,0.861605,-0.049725,0.441412,0.843044,-0.076971,0.457167,0.889895,-0.070067,0.45289,0.920752,-0.058749,0.362559,0.904034,-0.067097,0.41459,0.873652,-0.081715,0.442184,0.889531,-0.071891,0.457363,0.906812,-0.060414
62,2066,True,0.9981,0.9981,0.384165,1.023533,0.0,0.426224,0.960952,0.002248,0.449627,0.903233,-0.009784,0.469079,0.869727,-0.027355,0.480601,0.85044,-0.045235,0.387181,0.810338,-0.014963,0.396832,0.738545,-0.033499,0.402187,0.688641,-0.045486,0.405195,0.646834,-0.054469,0.368129,0.828404,-0.032333,0.448902,0.793695,-0.062326,0.474526,0.842973,-0.069904,0.474383,0.881733,-0.069295,0.360879,0.862914,-0.049055,0.441053,0.843056,-0.076145,0.458554,0.889375,-0.069211,0.455207,0.92139,-0.057926,0.363127,0.905771,-0.066026,0.416373,0.876558,-0.08082,0.443696,0.894889,-0.070893,0.457372,0.914629,-0.059287
63,2100,True,0.9982,0.9982,0.386154,1.024668,0.0,0.426911,0.96034,0.002221,0.449633,0.901664,-0.010003,0.468679,0.867329,-0.027758,0.482387,0.846466,-0.045735,0.388025,0.810176,-0.015779,0.39744,0.73802,-0.034968,0.40201,0.688009,-0.046961,0.404684,0.64595,-0.055893,0.368116,0.827713,-0.033315,0.448277,0.793043,-0.064202,0.475275,0.841865,-0.071582,0.477678,0.880776,-0.070619,0.360163,0.862382,-0.050286,0.44058,0.844572,-0.078319,0.458945,0.890884,-0.071422,0.457498,0.92297,-0.059873,0.362151,0.90582,-0.067529,0.413705,0.876714,-0.083278,0.442795,0.892556,-0.074027,0.459777,0.910493,-0.062694
64,2133,True,0.9978,0.9978,0.385188,1.023799,0.0,0.426452,0.957245,0.003179,0.450391,0.897336,-0.008609,0.471836,0.863493,-0.026268,0.487215,0.841104,-0.044337,0.388552,0.809171,-0.014524,0.398215,0.737624,-0.033606,0.40243,0.688204,-0.045475,0.404895,0.646887,-0.054322,0.369305,0.827332,-0.032464,0.449087,0.792931,-0.063272,0.476488,0.840263,-0.070529,0.479986,0.877754,-0.069594,0.361576,0.862111,-0.049867,0.441896,0.843399,-0.077397,0.460355,0.888165,-0.070443,0.459628,0.919152,-0.059155,0.363157,0.905555,-0.067559,0.413803,0.877708,-0.083041,0.442086,0.891758,-0.07415,0.459092,0.907527,-0.063274
65,2166,True,0.9981,0.9981,0.386851,1.023642,0.0,0.428657,0.959677,0.002385,0.451701,0.899944,-0.008816,0.470301,0.865008,-0.025471,0.480582,0.839765,-0.042248,0.389639,0.809461,-0.015213,0.398813,0.736283,-0.033868,0.402341,0.686297,-0.045363,0.403825,0.644605,-0.053948,0.369501,0.826974,-0.032385,0.448753,0.792236,-0.062991,0.476748,0.840178,-0.070421,0.480517,0.878732,-0.069554,0.361149,0.861641,-0.048977,0.440268,0.842328,-0.076752,0.45994,0.887234,-0.0702,0.460003,0.918622,-0.059079,0.362753,0.905173,-0.065812,0.412427,0.87638,-0.082001,0.441685,0.889012,-0.073761,0.45959,0.903986,-0.063189
66,2200,True,0.9981,0.9981,0.384908,1.024217,0.0,0.427347,0.959943,0.001702,0.449972,0.901383,-0.01041,0.468878,0.866405,-0.027955,0.482145,0.844002,-0.045384,0.388959,0.808084,-0.014602,0.397885,0.735711,-0.032925,0.401466,0.685621,-0.044244,0.403072,0.644299,-0.052818,0.369604,0.824995,-0.031587,0.448723,0.79025,-0.060904,0.476277,0.838599,-0.067424,0.479484,0.875822,-0.066247,0.362405,0.85876,-0.048169,0.442011,0.839735,-0.07465,0.460478,0.885047,-0.067198,0.458953,0.916233,-0.055862,0.365086,0.901103,-0.065196,0.416595,0.872956,-0.079812,0.444371,0.887907,-0.070387,0.459763,0.904536,-0.059298
67,2233,True,0.9982,0.9982,0.384884,1.023082,0.0,0.427807,0.958222,0.003233,0.452353,0.900585,-0.008724,0.47346,0.868952,-0.026612,0.487422,0.845842,-0.044617,0.390502,0.807741,-0.014687,0.399248,0.733987,-0.033151,0.401614,0.68507,-0.044381,0.402426,0.643028,-0.052965,0.37054,0.825504,-0.032517,0.449571,0.792897,-0.062949,0.476007,0.842247,-0.070773,0.479079,0.878854,-0.070541,0.362467,0.860133,-0.049655,0.441803,0.841543,-0.07692,0.460592,0.887298,-0.069741,0.459281,0.918297,-0.05844,0.364487,0.903164,-0.067087,0.410147,0.871149,-0.0827,0.438606,0.875354,-0.074452,0.457162,0.882494,-0.064143
68,2266,True,0.9981,0.9981,0.383525,1.022618,0.0,0.427857,0.958978,0.002763,0.453362,0.902725,-0.009216,0.474787,0.872578,-0.026935,0.486832,0.850166,-0.044562,0.391485,0.806885,-0.01465,0.399946,0.733795,-0.033121,0.402106,0.684589,-0.044552,0.402667,0.642254,-0.053283,0.371415,0.823835,-0.03222,0.45095,0.791351,-0.062842,0.475011,0.842977,-0.070942,0.47559,0.880633,-0.070697,0.363269,0.857815,-0.049104,0.443916,0.840043,-0.076723,0.461321,0.886855,-0.069781,0.458753,0.918039,-0.0584,0.365489,0.900183,-0.066296,0.412359,0.869731,-0.082076,0.440202,0.876222,-0.073861,0.458045,0.885175,-0.063437
69,2300,True,0.998,0.998,0.382812,1.021545,0.0,0.428853,0.957967,0.002676,0.454583,0.90358,-0.009063,0.475205,0.872321,-0.026533,0.484967,0.846904,-0.043617,0.392085,0.806647,-0.014015,0.401236,0.73368,-0.03241,0.403262,0.684846,-0.043601,0.404246,0.642148,-0.05211,0.372188,0.822623,-0.031463,0.45196,0.790242,-0.062765,0.474015,0.842184,-0.071127,0.474521,0.879454,-0.070704,0.363995,0.855365,-0.048269,0.44551,0.839153,-0.076135,0.460965,0.885896,-0.06887,0.458193,0.916507,-0.056953,0.366174,0.896914,-0.065475,0.411544,0.866192,-0.080873,0.438355,0.86604,-0.072908,0.457254,0.868301,-0.062659
70,2333,True,0.998,0.998,0.385482,1.020882,0.0,0.430232,0.957632,0.003137,0.454874,0.902375,-0.008528,0.475276,0.870646,-0.025856,0.486698,0.847783,-0.042868,0.393561,0.806071,-0.014833,0.402027,0.731563,-0.033755,0.404016,0.681839,-0.044939,0.405261,0.638887,-0.053425,0.373302,0.823102,-0.032732,0.452174,0.787258,-0.064422,0.474096,0.838892,-0.071951,0.474594,0.876201,-0.070844,0.364841,0.856384,-0.050025,0.445811,0.836884,-0.078067,0.461773,0.881857,-0.070288,0.459455,0.911537,-0.058082,0.3668,0.898195,-0.067686,0.411245,0.8653,-0.083481,0.43725,0.864862,-0.075646,0.455468,0.867348,-0.065582
71,2366,True,0.9978,0.9978,0.386514,1.018956,0.0,0.430655,0.954869,0.003563,0.45587,0.90088,-0.008254,0.476755,0.870373,-0.025905,0.486534,0.848,-0.043283,0.393777,0.804413,-0.01461,0.402592,0.73093,-0.032895,0.403961,0.681614,-0.044066,0.404389,0.639148,-0.05263,0.373271,0.821093,-0.032523,0.4521,0.787246,-0.062866,0.474094,0.837743,-0.070366,0.474385,0.874741,-0.06972,0.364738,0.854285,-0.049693,0.445811,0.83565,-0.076721,0.462212,0.880925,-0.069007,0.460207,0.911585,-0.057176,0.366726,0.895997,-0.067204,0.41297,0.863706,-0.082395,0.439568,0.866979,-0.074058,0.457736,0.873758,-0.063682
72,2400,True,0.9978,0.9978,0.387449,1.016734,0.0,0.431286,0.952994,0.002965,0.455885,0.89905,-0.009524,0.475985,0.868441,-0.027756,0.485595,0.847781,-0.045685,0.393911,0.801796,-0.015022,0.402271,0.729904,-0.033354,0.404327,0.680674,-0.044346,0.404982,0.638888,-0.052644,0.373158,0.818782,-0.032694,0.453624,0.785832,-0.062806,0.474855,0.839765,-0.069284,0.473071,0.877733,-0.067676,0.364776,0.85234,-0.049691,0.446958,0.836023,-0.077124,0.461854,0.884333,-0.068707,0.457538,0.91565,-0.05602,0.367264,0.894439,-0.06703,0.41612,0.863799,-0.082368,0.443686,0.870129,-0.073272,0.461329,0.879213,-0.062039
73,2433,True,0.9976,0.9976,0.388124,1.015425,0.0,0.430976,0.951681,0.002293,0.456034,0.897231,-0.010054,0.475921,0.867771,-0.027844,0.486275,0.850135,-0.045425,0.394701,0.801327,-0.014967,0.402335,0.730012,-0.032336,0.404315,0.68162,-0.043148,0.405115,0.640143,-0.051588,0.37407,0.819151,-0.031933,0.452648,0.788578,-0.060942,0.475761,0.840178,-0.068052,0.475845,0.8775,-0.067509,0.365578,0.8534,-0.048163,0.445574,0.836513,-0.074605,0.462216,0.882607,-0.067084,0.459666,0.91325,-0.055538,0.367532,0.895653,-0.064727,0.415922,0.864467,-0.079281,0.443809,0.871307,-0.07034,0.461502,0.880925,-0.059596
74,2466,True,0.9977,0.9977,0.387426,1.015056,0.0,0.431048,0.951384,0.002814,0.455362,0.895832,-0.009414,0.475196,0.865328,-0.027211,0.488329,0.849786,-0.044903,0.394987,0.801383,-0.015019,0.403317,0.730023,-0.032674,0.405109,0.681015,-0.043424,0.405856,0.639312,-0.051872,0.374691,0.818519,-0.032385,0.454324,0.788317,-0.061454,0.477527,0.840907,-0.067644,0.477982,0.878252,-0.066477,0.366571,0.8524,-0.049071,0.447129,0.836162,-0.075883,0.462883,0.883875,-0.067795,0.459875,0.915068,-0.055853,0.368946,0.894219,-0.066065,0.418174,0.863492,-0.080969,0.445319,0.873577,-0.071712,0.462049,0.885743,-0.060731
75,2500,True,0.9979,0.9979,0.388391,1.014434,0.0,0.431668,0.951127,0.002421,0.456583,0.8965,-0.009977,0.476045,0.867065,-0.027813,0.487726,0.850353,-0.045425,0.396231,0.801498,-0.016146,0.403931,0.729098,-0.033822,0.40568,0.680508,-0.044749,0.406613,0.638327,-0.053323,0.375361,0.819014,-0.033271,0.454525,0.79112,-0.062704,0.477342,0.842665,-0.069832,0.47794,0.879866,-0.069451,0.366516,0.853206,-0.049592,0.44672,0.838074,-0.076404,0.463348,0.885065,-0.0688,0.461431,0.916644,-0.057256,0.368164,0.895208,-0.066229,0.416324,0.864315,-0.081058,0.44362,0.87264,-0.072021,0.461084,0.883799,-0.061232
76,2533,True,0.9978,0.9978,0.387196,1.013588,0.0,0.431453,0.950345,0.002177,0.455791,0.894941,-0.01041,0.47598,0.864718,-0.028503,0.490456,0.848937,-0.046437,0.395889,0.80004,-0.015588,0.403912,0.729078,-0.033355,0.406023,0.680195,-0.043957,0.407084,0.6391,-0.052161,0.375309,0.817018,-0.032608,0.455118,0.788443,-0.061583,0.478864,0.840891,-0.067458,0.479912,0.878194,-0.066,0.36676,0.85081,-0.049026,0.447378,0.836469,-0.076002,0.463841,0.884961,-0.067814,0.461499,0.916882,-0.055633,0.368737,0.892457,-0.065792,0.418603,0.863757,-0.080719,0.4457,0.875403,-0.07133,0.461917,0.888831,-0.060124
77,2566,True,0.9981,0.9981,0.386877,1.014268,0.0,0.431903,0.952072,0.00238,0.455389,0.896938,-0.009935,0.475185,0.86649,-0.027771,0.488647,0.848933,-0.045498,0.395156,0.800312,-0.016147,0.404058,0.729203,-0.034278,0.406152,0.679845,-0.045103,0.406636,0.638322,-0.053422,0.3741,0.816706,-0.033289,0.454863,0.787456,-0.062298,0.478398,0.840791,-0.067927,0.47904,0.877976,-0.06627,0.365397,0.850214,-0.049806,0.447271,0.835763,-0.077157,0.46378,0.885471,-0.068717,0.46093,0.917782,-0.056287,0.367717,0.891988,-0.066646,0.418453,0.862753,-0.082377,0.44655,0.875388,-0.073044,0.46346,0.889802,-0.061683
78,2600,True,0.9978,0.9978,0.385923,1.015406,0.0,0.430467,0.953428,0.002533,0.453968,0.898013,-0.00992,0.47435,0.867747,-0.027905,0.490016,0.850902,-0.045876,0.395712,0.801581,-0.015927,0.403996,0.730013,-0.033896,0.405913,0.680704,-0.044487,0.406714,0.639655,-0.05271,0.37487,0.818529,-0.033361,0.454789,0.787467,-0.062607,0.479298,0.839595,-0.068242,0.481039,0.877369,-0.06654,0.365997,0.852592,-0.050204,0.446352,0.835993,-0.077228,0.463087,0.883565,-0.068739,0.460883,0.915158,-0.056457,0.36745,0.894817,-0.067374,0.416564,0.864087,-0.082589,0.443817,0.873901,-0.073261,0.460324,0.885417,-0.06218
79,2633,True,0.998,0.998,0.385787,1.017111,0.0,0.429711,0.955277,0.003177,0.453781,0.900048,-0.009015,0.47418,0.869598,-0.026765,0.487177,0.853924,-0.044557,0.395073,0.802768,-0.016383,0.403659,0.730443,-0.034442,0.405394,0.68132,-0.04511,0.405836,0.6394,-0.053485,0.374047,0.820104,-0.034309,0.454514,0.788659,-0.063902,0.477379,0.842317,-0.069798,0.477252,0.880477,-0.068292,0.364936,0.854725,-0.051482,0.445456,0.838305,-0.078828,0.461193,0.88616,-0.070532,0.45786,0.917316,-0.058351,0.366319,0.897562,-0.068885,0.414117,0.865148,-0.084452,0.441444,0.873026,-0.075344,0.458378,0.883367,-0.064452
80,2666,True,0.9979,0.9979,0.385227,1.020306,0.0,0.429243,0.957575,0.003149,0.452681,0.902282,-0.008924,0.472704,0.871167,-0.026655,0.48637,0.854214,-0.044395,0.392916,0.805061,-0.01541,0.402122,0.731992,-0.033269,0.404315,0.682135,-0.044072,0.404678,0.640158,-0.052509,0.372429,0.822462,-0.033254,0.452319,0.789132,-0.062333,0.476636,0.840955,-0.068463,0.477595,0.878937,-0.067256,0.363946,0.856673,-0.050391,0.444,0.838437,-0.077123,0.460965,0.885421,-0.068906,0.458614,0.916993,-0.056932,0.365694,0.899046,-0.06781,0.413709,0.866562,-0.082631,0.441315,0.875187,-0.073198,0.458121,0.886838,-0.062188
81,2700,True,0.9977,0.9977,0.384259,1.019992,0.0,0.427783,0.957487,0.00333,0.45241,0.902928,-0.008509,0.472819,0.873037,-0.025954,0.485478,0.855771,-0.043396,0.392823,0.8066,-0.015671,0.4014,0.733132,-0.033046,0.403214,0.683927,-0.043393,0.40386,0.642201,-0.051507,0.372359,0.824515,-0.033209,0.450645,0.790736,-0.061935,0.475101,0.840975,-0.068325,0.477157,0.879045,-0.067479,0.363697,0.85889,-0.049913,0.441879,0.839605,-0.075721,0.459184,0.884479,-0.06775,0.458057,0.915712,-0.05627,0.365228,0.901129,-0.066899,0.410834,0.867523,-0.081092,0.438317,0.871033,-0.072251,0.45644,0.878427,-0.061922
82,2733,True,0.9977,0.9977,0.384412,1.020227,0.0,0.428363,0.957852,0.002769,0.453451,0.902926,-0.009005,0.473759,0.872495,-0.026278,0.485804,0.8539,-0.043496,0.392675,0.806499,-0.015598,0.4005,0.733587,-0.033208,0.402111,0.684531,-0.04373,0.402961,0.642402,-0.051921,0.371661,0.8241,-0.032802,0.45001,0.791224,-0.062188,0.473931,0.842237,-0.069134,0.476052,0.880427,-0.06841,0.362577,0.858387,-0.049251,0.441837,0.840258,-0.075793,0.459002,0.885513,-0.068442,0.458092,0.916561,-0.057112,0.363823,0.900797,-0.066017,0.409095,0.869299,-0.080956,0.436818,0.871232,-0.073045,0.456091,0.876535,-0.063221
83,2766,True,0.9981,0.9981,0.38462,1.020627,0.0,0.427979,0.958338,0.003014,0.452119,0.902823,-0.008909,0.472707,0.87219,-0.026447,0.484737,0.854782,-0.0439,0.391633,0.806441,-0.015423,0.39945,0.733968,-0.033267,0.401282,0.684474,-0.043952,0.402003,0.642276,-0.05229,0.370736,0.823632,-0.032898,0.450184,0.790887,-0.062259,0.474189,0.843596,-0.068545,0.475339,0.882128,-0.067339,0.361944,0.85755,-0.04967,0.442143,0.839644,-0.076586,0.459133,0.887094,-0.068632,0.45711,0.919008,-0.056763,0.363879,0.899899,-0.066751,0.411911,0.868052,-0.082092,0.440287,0.875082,-0.073552,0.458684,0.884945,-0.063098
84,2800,True,0.9981,0.9981,0.382768,1.019481,0.0,0.427028,0.956615,0.00302,0.450468,0.900772,-0.008858,0.470991,0.869193,-0.026515,0.484515,0.850224,-0.044211,0.390845,0.806118,-0.014792,0.398508,0.734952,-0.033043,0.400269,0.684853,-0.043839,0.40064,0.64326,-0.052131,0.370172,0.822873,-0.032398,0.449795,0.78922,-0.061983,0.475151,0.841836,-0.067586,0.477115,0.880859,-0.0656,0.361797,0.856575,-0.049483,0.441838,0.839041,-0.076992,0.458734,0.887421,-0.068799,0.456558,0.920016,-0.056469,0.363935,0.89848,-0.066875,0.413952,0.869268,-0.082773,0.441644,0.881194,-0.074065,0.458243,0.894944,-0.063232
85,2833,True,0.9984,0.9984,0.382627,1.0198,0.0,0.427407,0.957946,0.003056,0.451555,0.901425,-0.008911,0.472268,0.869437,-0.026558,0.486414,0.851795,-0.044323,0.391529,0.806294,-0.015664,0.399377,0.734899,-0.034043,0.400693,0.684771,-0.044927,0.400086,0.642759,-0.053444,0.370528,0.822521,-0.033551,0.450681,0.788317,-0.063065,0.475482,0.841744,-0.068451,0.476293,0.880766,-0.066465,0.36186,0.856166,-0.050868,0.442845,0.838407,-0.078146,0.459312,0.887174,-0.069509,0.455905,0.919486,-0.05707,0.363986,0.898253,-0.068512,0.414121,0.867883,-0.08418,0.441847,0.879037,-0.075091,0.458105,0.892285,-0.064155
86,2866,True,0.9984,0.9984,0.382642,1.021302,0.0,0.426993,0.959175,0.002881,0.451048,0.902537,-0.008927,0.471379,0.870119,-0.026341,0.484407,0.850274,-0.043722,0.390553,0.806765,-0.015185,0.399034,0.735331,-0.033214,0.400862,0.685175,-0.044199,0.40064,0.642741,-0.052819,0.369867,0.822978,-0.032735,0.450815,0.790504,-0.061861,0.474002,0.844239,-0.067709,0.473217,0.882689,-0.066177,0.361502,0.856137,-0.049653,0.443346,0.838957,-0.076744,0.458897,0.888225,-0.068276,0.454375,0.920587,-0.05599,0.364048,0.897791,-0.066903,0.415107,0.867387,-0.082671,0.442867,0.879709,-0.073518,0.458945,0.894245,-0.06241
87,2900,True,0.9986,0.9986,0.383194,1.021805,0.0,0.427761,0.958463,0.00321,0.45214,0.901752,-0.008708,0.472851,0.869986,-0.026322,0.486547,0.851701,-0.043861,0.391777,0.806426,-0.015493,0.399839,0.734854,-0.033472,0.400776,0.685089,-0.044448,0.400066,0.642566,-0.053176,0.370462,0.822511,-0.033245,0.450983,0.792206,-0.061765,0.474274,0.84538,-0.067336,0.474367,0.883079,-0.066029,0.361902,0.856038,-0.050336,0.444087,0.840153,-0.076909,0.459503,0.889987,-0.068143,0.45538,0.922791,-0.056,0.364732,0.898021,-0.067806,0.416755,0.867253,-0.083351,0.444454,0.880462,-0.074032,0.460717,0.895806,-0.062988
88,2933,True,0.9984,0.9984,0.383632,1.022267,0.0,0.427926,0.958531,0.003181,0.452338,0.902526,-0.008677,0.472787,0.870895,-0.026267,0.48466,0.851679,-0.043683,0.391052,0.806725,-0.014694,0.399766,0.735147,-0.032599,0.401255,0.685207,-0.043588,0.401314,0.642454,-0.052229,0.370341,0.822917,-0.032336,0.451605,0.792734,-0.061091,0.474658,0.846114,-0.066923,0.474758,0.883996,-0.065615,0.362193,0.856286,-0.049353,0.444614,0.839731,-0.07611,0.460323,0.889007,-0.067564,0.456683,0.921767,-0.05538,0.365187,0.897887,-0.066734,0.416392,0.866924,-0.082125,0.443442,0.87935,-0.072853,0.459459,0.894128,-0.061774
89,2966,True,0.9984,0.9984,0.38468,1.021723,0.0,0.428715,0.957932,0.002776,0.453304,0.902079,-0.009374,0.473782,0.871066,-0.027104,0.485378,0.852412,-0.044664,0.392392,0.806452,-0.016038,0.400599,0.734652,-0.03379,0.401825,0.685044,-0.044603,0.401899,0.642692,-0.053185,0.371274,0.822772,-0.03345,0.451944,0.794153,-0.06156,0.47483,0.846659,-0.067167,0.474909,0.883784,-0.066131,0.362826,0.856663,-0.050205,0.445424,0.840792,-0.076575,0.461106,0.88959,-0.068083,0.457321,0.922071,-0.056296,0.365622,0.89896,-0.067364,0.416533,0.867553,-0.082937,0.444157,0.879475,-0.073935,0.461007,0.89427,-0.063182
90,3000,True,0.998,0.998,0.384231,1.020518,0.0,0.428988,0.957777,0.003304,0.452999,0.901955,-0.008413,0.473174,0.871228,-0.025832,0.486166,0.853053,-0.043258,0.392882,0.806246,-0.01523,0.401145,0.734524,-0.03316,0.402885,0.684998,-0.043788,0.403354,0.642941,-0.052145,0.372025,0.822754,-0.032907,0.453038,0.79109,-0.062098,0.475888,0.845075,-0.067698,0.475604,0.883394,-0.066057,0.36352,0.856567,-0.049941,0.445956,0.839853,-0.077242,0.46107,0.888846,-0.068916,0.456858,0.920792,-0.056771,0.365678,0.898714,-0.067238,0.415753,0.868187,-0.083233,0.443053,0.878933,-0.074494,0.459774,0.891502,-0.063776
91,3033,True,0.9983,0.9983,0.383749,1.021363,0.0,0.429054,0.95855,0.003806,0.453421,0.902822,-0.007961,0.473947,0.871284,-0.025509,0.486507,0.854672,-0.043142,0.392173,0.80682,-0.015702,0.401232,0.734494,-0.034124,0.403273,0.684516,-0.045065,0.403713,0.641944,-0.053624,0.371423,0.823582,-0.033989,0.453422,0.791524,-0.063509,0.475424,0.846532,-0.068777,0.473869,0.885044,-0.06684,0.363289,0.857788,-0.051611,0.446813,0.840825,-0.079295,0.461509,0.89076,-0.070476,0.456438,0.92285,-0.057889,0.366313,0.900407,-0.069458,0.417491,0.868876,-0.08552,0.445114,0.881309,-0.076171,0.461507,0.895773,-0.06496
92,3066,True,0.9981,0.9981,0.384142,1.021406,0.0,0.429309,0.957833,0.003873,0.453652,0.902501,-0.007991,0.474463,0.871553,-0.025655,0.486678,0.855166,-0.043355,0.392263,0.80709,-0.015791,0.401305,0.734802,-0.034656,0.40342,0.684768,-0.045854,0.403872,0.642222,-0.054518,0.371748,0.82427,-0.034153,0.453897,0.791446,-0.064226,0.475449,0.84686,-0.069514,0.473271,0.885469,-0.067433,0.363753,0.858372,-0.051897,0.447703,0.840866,-0.07996,0.461814,0.890845,-0.07109,0.456161,0.922701,-0.058355,0.366952,0.900766,-0.069871,0.41871,0.86897,-0.086186,0.445235,0.881787,-0.076924,0.460389,0.896442,-0.065737
93,3100,True,0.9982,0.9982,0.385429,1.019926,0.0,0.430159,0.956692,0.003328,0.454485,0.901763,-0.008603,0.474864,0.871061,-0.026191,0.485087,0.854199,-0.043685,0.393273,0.805726,-0.015965,0.401827,0.733847,-0.034529,0.403828,0.683933,-0.045625,0.403838,0.641481,-0.054223,0.37224,0.822113,-0.033894,0.454116,0.791225,-0.063353,0.475695,0.846585,-0.068637,0.473198,0.88498,-0.066685,0.36369,0.855652,-0.051187,0.447598,0.840043,-0.078736,0.46208,0.890112,-0.069906,0.456434,0.921896,-0.057307,0.366301,0.897746,-0.068769,0.418951,0.868053,-0.084692,0.446129,0.882481,-0.075159,0.461416,0.89846,-0.063748
94,3133,True,0.9981,0.9981,0.385005,1.019247,0.0,0.429869,0.955866,0.003323,0.453424,0.900681,-0.008785,0.473943,0.870027,-0.026547,0.485822,0.853916,-0.044386,0.392084,0.805318,-0.016094,0.400617,0.734016,-0.034769,0.403015,0.683873,-0.045904,0.403568,0.641832,-0.054505,0.371507,0.822122,-0.034098,0.45354,0.789003,-0.063787,0.475915,0.84454,-0.068899,0.474025,0.883728,-0.066621,0.363462,0.856088,-0.051484,0.447109,0.838884,-0.079337,0.46229,0.888861,-0.070503,0.457325,0.920817,-0.05775,0.366343,0.898468,-0.069104,0.419004,0.868997,-0.085159,0.446332,0.883967,-0.075564,0.461551,0.90013,-0.064072
95,3166,True,0.9982,0.9982,0.384971,1.018157,0.0,0.429646,0.954368,0.003404,0.452723,0.897819,-0.009026,0.47368,0.866314,-0.027158,0.489316,0.851469,-0.04549,0.392146,0.804963,-0.016792,0.40058,0.733603,-0.035496,0.402756,0.683672,-0.046617,0.403183,0.641877,-0.055333,0.37163,0.821856,-0.034973,0.453775,0.789383,-0.06437,0.477358,0.843846,-0.069103,0.476472,0.882576,-0.06683,0.363925,0.856264,-0.05252,0.447173,0.838911,-0.079769,0.463098,0.887866,-0.070627,0.458713,0.919677,-0.058057,0.367035,0.898919,-0.070344,0.4204,0.869434,-0.085746,0.447611,0.885083,-0.07579,0.462237,0.901943,-0.064342
96,3200,True,0.9982,0.9982,0.38649,1.020608,0.0,0.42974,0.955647,0.002706,0.45239,0.898455,-0.010246,0.473053,0.865936,-0.028672,0.488312,0.850879,-0.04727,0.390621,0.805646,-0.017769,0.400142,0.734503,-0.037179,0.402159,0.684056,-0.048687,0.402388,0.641817,-0.057593,0.370201,0.823252,-0.03589,0.45312,0.788505,-0.06609,0.477421,0.84293,-0.071071,0.477278,0.881789,-0.068744,0.36258,0.858452,-0.053455,0.446112,0.839512,-0.081467,0.462494,0.888121,-0.072408,0.458741,0.919506,-0.059625,0.365956,0.902404,-0.071332,0.417256,0.871215,-0.087268,0.445195,0.883605,-0.077673,0.46164,0.897689,-0.06637
97,3233,True,0.9978,0.9978,0.385586,1.019436,0.0,0.428772,0.953859,0.002031,0.451309,0.896696,-0.011572,0.472736,0.864364,-0.03082,0.490587,0.849217,-0.050228,0.390287,0.805565,-0.017168,0.399498,0.734142,-0.036497,0.40173,0.684128,-0.047891,0.402562,0.642548,-0.056648,0.370397,0.822635,-0.034791,0.45215,0.788615,-0.064806,0.477976,0.841508,-0.069627,0.479844,0.880206,-0.067241,0.363253,0.856736,-0.052023,0.445876,0.836849,-0.079318,0.463274,0.884954,-0.070147,0.461042,0.917313,-0.057509,0.366758,0.898874,-0.069727,0.419231,0.869223,-0.084773,0.445806,0.884429,-0.07493,0.460322,0.900745,-0.063611
98,3266,True,0.998,0.998,0.385134,1.019213,0.0,0.428817,0.954186,0.002739,0.451762,0.897365,-0.01061,0.473136,0.865527,-0.029711,0.490362,0.852452,-0.049071,0.39059,0.805458,-0.017089,0.400177,0.734341,-0.036257,0.402306,0.684216,-0.047637,0.402505,0.642208,-0.056554,0.370467,0.822881,-0.035212,0.452757,0.788544,-0.06501,0.477408,0.842964,-0.069781,0.477288,0.881326,-0.067503,0.363277,0.857468,-0.052818,0.446375,0.837925,-0.080377,0.463298,0.886718,-0.071128,0.459686,0.91846,-0.058413,0.366937,0.900266,-0.070785,0.419169,0.868903,-0.086152,0.447183,0.882848,-0.076178,0.463031,0.898482,-0.064779
99,3300,True,0.9981,0.9981,0.384864,1.020006,0.0,0.428613,0.955607,0.002993,0.451335,0.898335,-0.009674,0.472347,0.866704,-0.028018,0.489347,0.851873,-0.046577,0.39073,0.806245,-0.016552,0.39971,0.734561,-0.035561,0.401868,0.684251,-0.046868,0.402244,0.642408,-0.05569,0.370459,0.823472,-0.034646,0.452399,0.788741,-0.06448,0.477315,0.842335,-0.069477,0.477741,0.880928,-0.067289,0.362977,0.858035,-0.052226,0.445943,0.838141,-0.079912,0.463172,0.886162,-0.071034,0.460055,0.917641,-0.058528,0.366293,0.900945,-0.070113,0.418381,0.869853,-0.085834,0.44598,0.883672,-0.07624,0.461567,0.899142,-0.065032
100,3333,True,0.9981,0.9981,0.385264,1.018526,0.0,0.429351,0.955009,0.003189,0.45253,0.898715,-0.00942,0.473258,0.86745,-0.027708,0.488194,0.852704,-0.046188,0.391483,0.805827,-0.016954,0.400009,0.733808,-0.03585,0.401975,0.683808,-0.046935,0.402398,0.642234,-0.055537,0.370883,0.822823,-0.035037,0.452326,0.788669,-0.064871,0.476822,0.841873,-0.0699,0.477234,0.880499,-0.067724,0.36304,0.857282,-0.05251,0.445254,0.837729,-0.079949,0.462385,0.885454,-0.071067,0.459589,0.917185,-0.058625,0.366006,0.899875,-0.070275,0.416973,0.869223,-0.086058,0.444577,0.881257,-0.076809,0.460751,0.895067,-0.065849
101,3366,True,0.9981,0.9981,0.384533,1.017895,0.0,0.428485,0.954474,0.002922,0.452101,0.899321,-0.009886,0.472559,0.868329,-0.028283,0.486253,0.85376,-0.046824,0.39105,0.805255,-0.017213,0.399281,0.733407,-0.036232,0.401243,0.683149,-0.047685,0.401447,0.641046,-0.056513,0.370524,0.822401,-0.035197,0.452274,0.788528,-0.065102,0.475961,0.84227,-0.07062,0.475239,0.880865,-0.068765,0.362565,0.856986,-0.052502,0.444928,0.838519,-0.080043,0.461191,0.886524,-0.071376,0.457546,0.917839,-0.05896,0.365346,0.900091,-0.070097,0.416413,0.869652,-0.085613,0.444541,0.881277,-0.076057,0.461369,0.894762,-0.064807
102,3400,True,0.9979,0.9979,0.385745,1.018401,0.0,0.428438,0.954729,0.003148,0.45123,0.89873,-0.00949,0.471535,0.867601,-0.027835,0.487201,0.852997,-0.046379,0.39043,0.805422,-0.016366,0.398809,0.733642,-0.035442,0.400755,0.683355,-0.046803,0.401079,0.641321,-0.055529,0.369675,0.822561,-0.034545,0.451166,0.787059,-0.0649,0.475519,0.84056,-0.070478,0.475633,0.879685,-0.068416,0.361386,0.856715,-0.052131,0.444008,0.838028,-0.080238,0.460614,0.886277,-0.071812,0.457445,0.917821,-0.059312,0.3637,0.899488,-0.069989,0.41407,0.868645,-0.085968,0.442102,0.880153,-0.07676,0.459125,0.893499,-0.065675
103,3433,True,0.9977,0.9977,0.385192,1.016291,0.0,0.428081,0.952286,0.00203,0.449992,0.897609,-0.01152,0.470207,0.866762,-0.030756,0.487233,0.853311,-0.050109,0.389975,0.803979,-0.016717,0.398369,0.733321,-0.036038,0.400123,0.683367,-0.047609,0.400055,0.641867,-0.056528,0.369739,0.820666,-0.034425,0.450675,0.786474,-0.064769,0.475624,0.839354,-0.070128,0.476259,0.877548,-0.06793,0.362186,0.854338,-0.051717,0.444212,0.837117,-0.079479,0.460746,0.885322,-0.070811,0.457603,0.916958,-0.058233,0.365152,0.896506,-0.069476,0.416948,0.867717,-0.084881,0.445035,0.880882,-0.075352,0.461499,0.89542,-0.064107
104,3466,True,0.9979,0.9979,0.385554,1.01579,0.0,0.427661,0.952137,0.002223,0.449425,0.896149,-0.011331,0.470074,0.865228,-0.030465,0.48818,0.851557,-0.049827,0.389752,0.803624,-0.017698,0.398395,0.732682,-0.037257,0.400195,0.682518,-0.048816,0.400343,0.640951,-0.057747,0.369352,0.820753,-0.035722,0.451048,0.785348,-0.066381,0.476723,0.83869,-0.071553,0.47766,0.877463,-0.069174,0.361499,0.855236,-0.05324,0.44394,0.83704,-0.08111,0.460821,0.885194,-0.072179,0.457423,0.916512,-0.059506,0.363923,0.898538,-0.07116,0.41561,0.869069,-0.086589,0.443701,0.882944,-0.076684,0.45977,0.897924,-0.065253
105,3500,True,0.998,0.998,0.385269,1.015691,0.0,0.427708,0.952379,0.002232,0.450008,0.895848,-0.011396,0.470796,0.864739,-0.030647,0.488962,0.851337,-0.050149,0.389362,0.803657,-0.017568,0.397844,0.732447,-0.037075,0.399645,0.682595,-0.048811,0.399318,0.641083,-0.057895,0.369424,0.820848,-0.035603,0.451124,0.785007,-0.066017,0.476498,0.837806,-0.071282,0.476376,0.876218,-0.069052,0.361925,0.855064,-0.053093,0.443965,0.836494,-0.080462,0.460729,0.885009,-0.071292,0.45672,0.916596,-0.058587,0.36461,0.897882,-0.07099,0.417647,0.869376,-0.085616,0.444852,0.886785,-0.074818,0.458839,0.904792,-0.062836
106,3533,True,0.9981,0.9981,0.38571,1.016162,0.0,0.428134,0.954367,0.001825,0.451568,0.898625,-0.011775,0.471889,0.867073,-0.030869,0.488613,0.85149,-0.050089,0.389529,0.804734,-0.017662,0.397991,0.733276,-0.036879,0.400244,0.684048,-0.048676,0.400701,0.642503,-0.057833,0.369896,0.821809,-0.035456,0.451383,0.786458,-0.065826,0.477079,0.837791,-0.071883,0.477599,0.876151,-0.070408,0.362264,0.855959,-0.052643,0.44332,0.836316,-0.079923,0.460808,0.88422,-0.071382,0.457764,0.916375,-0.059235,0.364672,0.898863,-0.070228,0.41662,0.869038,-0.084986,0.444209,0.885891,-0.074573,0.459022,0.904196,-0.062898
107,3566,True,0.9981,0.9981,0.384029,1.016168,0.0,0.428011,0.954764,0.001841,0.451916,0.898478,-0.011385,0.4728,0.866587,-0.030144,0.490233,0.850468,-0.049055,0.390938,0.803932,-0.01753,0.399407,0.73098,-0.036782,0.402054,0.681387,-0.04839,0.403207,0.639056,-0.057346,0.370992,0.820592,-0.035175,0.452909,0.787584,-0.06586,0.477765,0.840329,-0.071927,0.478533,0.878844,-0.07029,0.363307,0.854924,-0.052218,0.445048,0.836799,-0.079776,0.461899,0.88494,-0.071113,0.458928,0.916794,-0.058737,0.366009,0.898041,-0.069671,0.417636,0.868315,-0.084701,0.445438,0.882654,-0.074486,0.461593,0.898166,-0.062796
108,3600,True,0.9984,0.9984,0.387858,1.01815,0.0,0.432143,0.955369,0.003072,0.456712,0.898243,-0.009418,0.478113,0.86617,-0.027455,0.494483,0.850723,-0.045739,0.39428,0.802641,-0.018003,0.403136,0.729272,-0.036858,0.405085,0.680312,-0.048103,0.406643,0.637709,-0.05696,0.372955,0.820756,-0.036149,0.454418,0.790467,-0.066567,0.4781,0.842573,-0.073108,0.480228,0.879855,-0.072349,0.364127,0.857123,-0.053474,0.446107,0.838563,-0.080774,0.463035,0.883962,-0.0728,0.46199,0.914113,-0.06148,0.36587,0.902083,-0.071094,0.413819,0.868973,-0.086952,0.442937,0.872521,-0.078667,0.46376,0.878846,-0.068747
109,3633,True,0.9982,0.9982,0.386987,1.018101,0.0,0.432422,0.953157,0.003804,0.457902,0.897492,-0.009593,0.479962,0.865832,-0.029034,0.496921,0.847969,-0.048701,0.395768,0.800948,-0.018012,0.406015,0.724276,-0.037789,0.40872,0.673727,-0.049977,0.410109,0.629673,-0.059465,0.375333,0.81908,-0.0371,0.456864,0.788607,-0.068618,0.477973,0.841956,-0.075476,0.476782,0.879593,-0.074894,0.367376,0.855129,-0.055372,0.449669,0.835419,-0.083109,0.464815,0.882418,-0.074034,0.461534,0.913968,-0.061894,0.369799,0.899886,-0.074034,0.416428,0.864322,-0.090068,0.443485,0.868457,-0.080948,0.462361,0.876107,-0.070268
110,3666,True,0.9978,0.9978,0.387325,1.017399,0.0,0.434329,0.952334,0.003583,0.459701,0.897022,-0.009228,0.481339,0.864973,-0.027786,0.500036,0.844486,-0.046164,0.397136,0.796272,-0.016891,0.409953,0.71921,-0.036218,0.413622,0.66838,-0.047612,0.416115,0.624296,-0.056418,0.377586,0.814655,-0.035358,0.459401,0.780709,-0.066511,0.480588,0.83402,-0.073026,0.480283,0.871555,-0.07201,0.37031,0.850038,-0.053129,0.453286,0.828494,-0.081355,0.469404,0.874787,-0.07238,0.467016,0.905714,-0.059861,0.373391,0.894059,-0.071192,0.418188,0.856489,-0.0874,0.443871,0.856351,-0.078768,0.461657,0.859603,-0.068385
111,3699,True,0.9982,0.9982,0.386955,1.01002,0.0,0.435785,0.946558,0.003433,0.463534,0.890991,-0.010273,0.48504,0.859546,-0.029603,0.505941,0.841719,-0.048757,0.403668,0.789826,-0.021192,0.415707,0.710802,-0.0415,0.418712,0.659949,-0.052617,0.420492,0.615076,-0.061206,0.382476,0.808302,-0.040013,0.464226,0.773177,-0.072586,0.48463,0.829315,-0.077964,0.483284,0.867968,-0.075794,0.373233,0.843546,-0.057914,0.457663,0.825867,-0.08744,0.471677,0.875622,-0.077196,0.467163,0.907645,-0.063366,0.374685,0.887095,-0.076086,0.421518,0.851454,-0.093118,0.446944,0.853839,-0.083931,0.463866,0.85914,-0.072927
112,3733,True,0.9989,0.9989,0.387965,1.001742,0.0,0.440075,0.941167,0.001366,0.46854,0.886613,-0.013121,0.490563,0.854888,-0.032473,0.512112,0.837188,-0.051353,0.408867,0.779375,-0.025185,0.423717,0.700806,-0.046124,0.426392,0.649045,-0.057672,0.425853,0.602603,-0.066835,0.38647,0.796163,-0.04401,0.47269,0.759285,-0.074938,0.49435,0.815496,-0.078854,0.491608,0.854115,-0.076405,0.375712,0.831574,-0.062032,0.463257,0.816684,-0.090686,0.477667,0.868271,-0.079393,0.471152,0.900999,-0.065482,0.376049,0.877158,-0.080603,0.428445,0.843194,-0.097144,0.455858,0.856338,-0.085982,0.470514,0.87374,-0.0738
113,3766,True,0.9988,0.9988,0.391704,0.993516,0.0,0.444981,0.937145,-0.00026,0.474664,0.884525,-0.015577,0.496338,0.853056,-0.035629,0.514311,0.830411,-0.055037,0.414978,0.771026,-0.026572,0.429443,0.690541,-0.048682,0.432057,0.637374,-0.061511,0.431555,0.588806,-0.071651,0.390789,0.787201,-0.044537,0.475404,0.752499,-0.077108,0.496409,0.806875,-0.082972,0.494013,0.843828,-0.081978,0.378335,0.822456,-0.061711,0.465914,0.810489,-0.091475,0.479642,0.861576,-0.080762,0.473058,0.893828,-0.067286,0.377256,0.868722,-0.079608,0.430394,0.836894,-0.09771,0.458797,0.848009,-0.087669,0.47535,0.86289,-0.076113
114,3800,True,0.9991,0.9991,0.393859,0.989805,0.0,0.448534,0.935061,-0.002098,0.478493,0.878972,-0.017912,0.500889,0.844407,-0.038348,0.521793,0.823741,-0.058043,0.420233,0.761907,-0.025884,0.432755,0.679545,-0.04924,0.435929,0.623883,-0.063063,0.435645,0.57446,-0.073673,0.396054,0.77713,-0.04391,0.483804,0.741705,-0.077834,0.506079,0.797231,-0.083395,0.502794,0.835331,-0.08148,0.382797,0.811819,-0.061683,0.472863,0.800951,-0.092423,0.485452,0.853543,-0.08157,0.475874,0.886526,-0.06756,0.380484,0.858342,-0.080482,0.441309,0.830651,-0.098615,0.465662,0.851236,-0.08743,0.473419,0.873496,-0.0748
115,3833,True,0.9987,0.9987,0.397562,0.986749,0.0,0.451429,0.93017,-0.00101,0.48385,0.872454,-0.015932,0.506759,0.837702,-0.035783,0.526747,0.817686,-0.055029,0.4258,0.75704,-0.02541,0.439155,0.670093,-0.048362,0.441327,0.612677,-0.0619,0.440932,0.561551,-0.072571,0.400463,0.771819,-0.043822,0.484699,0.731711,-0.078979,0.50874,0.779394,-0.086794,0.50968,0.81561,-0.086573,0.38588,0.805809,-0.061652,0.472673,0.793296,-0.092528,0.487022,0.842327,-0.083166,0.481337,0.876044,-0.070335,0.381547,0.851663,-0.080476,0.435559,0.821227,-0.099753,0.461582,0.834085,-0.090819,0.475552,0.851152,-0.079868
116,3866,True,0.9984,0.9984,0.398886,0.985125,0.0,0.453283,0.928012,-0.001875,0.486795,0.868185,-0.017262,0.510228,0.831128,-0.037547,0.531768,0.811493,-0.057307,0.43103,0.750472,-0.02615,0.441613,0.656374,-0.049413,0.441502,0.595096,-0.06322,0.441031,0.541084,-0.074363,0.403882,0.764523,-0.044349,0.483103,0.724978,-0.081083,0.512859,0.766439,-0.090906,0.52107,0.801665,-0.092262,0.387235,0.798254,-0.061997,0.470893,0.784021,-0.093282,0.494018,0.827637,-0.086354,0.49701,0.861326,-0.075818,0.380752,0.844056,-0.08074,0.433653,0.815747,-0.100856,0.461249,0.828916,-0.094087,0.4774,0.846072,-0.085063
117,3900,True,0.9987,0.9987,0.399947,0.978452,0.0,0.456664,0.919876,-0.003123,0.4914,0.856586,-0.020059,0.51649,0.819176,-0.042039,0.537642,0.795193,-0.063561,0.434501,0.735025,-0.028883,0.442472,0.638202,-0.055356,0.440971,0.574014,-0.071157,0.439463,0.518166,-0.083303,0.405681,0.748657,-0.047655,0.496182,0.717374,-0.089045,0.52391,0.772731,-0.09906,0.528327,0.81428,-0.099147,0.387316,0.783942,-0.066198,0.480196,0.772215,-0.101254,0.501794,0.821616,-0.093338,0.502763,0.856071,-0.081135,0.378984,0.832331,-0.085949,0.435093,0.807354,-0.108255,0.462753,0.82225,-0.100892,0.479118,0.838425,-0.090756
118,3933,True,0.9974,0.9974,0.398502,0.972329,0.0,0.454783,0.915072,-0.003919,0.491629,0.854472,-0.021398,0.514854,0.816917,-0.042973,0.532454,0.797302,-0.06453,0.434747,0.722528,-0.029349,0.439574,0.62257,-0.053456,0.439515,0.556723,-0.069544,0.43997,0.500386,-0.082582,0.403841,0.736573,-0.046617,0.485252,0.71386,-0.086188,0.516516,0.760665,-0.099615,0.526696,0.798796,-0.103021,0.383721,0.772668,-0.063271,0.457588,0.754292,-0.093814,0.494699,0.768913,-0.094347,0.515879,0.782231,-0.090989,0.372618,0.820529,-0.080822,0.424334,0.80117,-0.100334,0.457807,0.807471,-0.097476,0.482126,0.814543,-0.092559
119,3966,True,0.9979,0.9979,0.393169,0.966553,0.0,0.452616,0.905703,-0.005572,0.491821,0.844277,-0.025714,0.517388,0.807243,-0.050349,0.526961,0.788338,-0.074705,0.431626,0.708778,-0.030441,0.436589,0.61083,-0.056184,0.436275,0.54427,-0.073915,0.435629,0.488202,-0.087918,0.40012,0.724806,-0.048581,0.486742,0.702704,-0.089849,0.514192,0.757212,-0.103795,0.517455,0.797136,-0.107167,0.379658,0.762608,-0.066232,0.460867,0.745079,-0.098539,0.492449,0.774147,-0.09573,0.504508,0.796689,-0.089037,0.368947,0.812467,-0.085129,0.422068,0.787204,-0.104515,0.45432,0.794421,-0.098645,0.476233,0.803608,-0.090983
120,4000,True,0.9981,0.9981,0.387896,0.962184,0.0,0.447502,0.898717,-0.007061,0.486549,0.836388,-0.027754,0.51285,0.797645,-0.052613,0.518236,0.773528,-0.076278,0.423358,0.700091,-0.033237,0.427464,0.599881,-0.059224,0.427149,0.531214,-0.076271,0.427105,0.47494,-0.08934,0.391388,0.715965,-0.050554,0.481468,0.691986,-0.089269,0.511253,0.744931,-0.10066,0.515315,0.784458,-0.103049,0.371899,0.752681,-0.067512,0.461915,0.736013,-0.099203,0.490944,0.776448,-0.092498,0.497045,0.807965,-0.082866,0.364028,0.80223,-0.086091,0.424445,0.772341,-0.105522,0.458051,0.789905,-0.096733,0.477577,0.811378,-0.086283
121,4033,True,0.9986,0.9986,0.383085,0.955606,0.0,0.445746,0.886124,-0.002479,0.487675,0.820436,-0.023036,0.518571,0.780843,-0.049459,0.521629,0.766346,-0.074937,0.416544,0.686476,-0.029693,0.422437,0.587906,-0.056199,0.422999,0.520063,-0.073941,0.422685,0.462905,-0.087761,0.384499,0.703919,-0.050645,0.47804,0.680988,-0.089227,0.497793,0.741139,-0.09894,0.49052,0.778025,-0.100171,0.36596,0.743613,-0.070875,0.462145,0.732565,-0.102724,0.478325,0.786773,-0.090609,0.470683,0.82129,-0.0765,0.360158,0.796612,-0.092754,0.423612,0.764803,-0.110904,0.45483,0.78325,-0.097744,0.471904,0.804208,-0.083611
122,4066,True,0.9981,0.9981,0.376878,0.949985,0.0,0.440477,0.880787,-0.003834,0.484815,0.816996,-0.02514,0.519493,0.778899,-0.052382,0.520936,0.762381,-0.079196,0.410007,0.680655,-0.031171,0.412448,0.578351,-0.058691,0.412703,0.508891,-0.077283,0.41297,0.450675,-0.091886,0.378953,0.701494,-0.052318,0.467573,0.671662,-0.095397,0.497288,0.727889,-0.109383,0.499105,0.766862,-0.112736,0.36087,0.743296,-0.072725,0.447846,0.721108,-0.107316,0.476495,0.76523,-0.099612,0.480924,0.797197,-0.088141,0.354065,0.797413,-0.094613,0.407687,0.75896,-0.114728,0.441372,0.763635,-0.105596,0.463757,0.773155,-0.094614
123,4100,True,0.9983,0.9983,0.375885,0.949119,0.0,0.438458,0.878387,-0.00479,0.484182,0.809564,-0.026634,0.518949,0.76802,-0.053895,0.513783,0.759466,-0.080708,0.402064,0.673673,-0.034233,0.405159,0.571769,-0.061243,0.40559,0.501534,-0.080373,0.404976,0.442931,-0.095717,0.369287,0.697224,-0.055039,0.458707,0.672684,-0.09448,0.487268,0.728298,-0.106423,0.4862,0.763619,-0.109884,0.3514,0.742861,-0.074825,0.442278,0.722835,-0.106777,0.464984,0.770685,-0.096371,0.461841,0.801997,-0.084068,0.346749,0.799115,-0.096297,0.407885,0.761853,-0.11446,0.438158,0.778904,-0.101789,0.453096,0.799102,-0.088478
124,4133,True,0.9981,0.9981,0.371473,0.953912,0.0,0.43646,0.881371,-0.007678,0.484558,0.813147,-0.032608,0.519196,0.772241,-0.062673,0.509009,0.759935,-0.092891,0.397493,0.677066,-0.040225,0.400833,0.572076,-0.070661,0.399908,0.499961,-0.091764,0.397367,0.439601,-0.108256,0.36446,0.702607,-0.061637,0.461299,0.667591,-0.104355,0.487733,0.726472,-0.118011,0.482391,0.763663,-0.122307,0.345892,0.750189,-0.082192,0.442428,0.72099,-0.11646,0.464955,0.768029,-0.106498,0.460275,0.797003,-0.094548,0.339942,0.809481,-0.104617,0.398024,0.765674,-0.124097,0.428618,0.777711,-0.111578,0.445044,0.793767,-0.098604
125,4166,True,0.9982,0.9982,0.368658,0.95842,0.0,0.437925,0.883256,-0.005595,0.488074,0.814539,-0.031085,0.524105,0.772038,-0.062469,0.508961,0.762851,-0.093932,0.393289,0.676305,-0.038367,0.396579,0.573494,-0.069911,0.395822,0.499926,-0.090716,0.393826,0.43912,-0.10674,0.359819,0.700755,-0.061534,0.465761,0.671592,-0.103408,0.484108,0.737091,-0.113595,0.469557,0.770569,-0.115332,0.342245,0.74993,-0.08402,0.449152,0.731785,-0.117993,0.462384,0.783859,-0.104244,0.447529,0.80823,-0.089735,0.338238,0.811536,-0.108478,0.403214,0.775415,-0.126465,0.429384,0.787496,-0.111086,0.439797,0.798724,-0.096194
126,4200,True,0.9979,0.9979,0.365731,0.966111,0.0,0.433571,0.888309,-0.006722,0.479797,0.817973,-0.031592,0.513955,0.772961,-0.061559,0.501839,0.76137,-0.091762,0.387429,0.682562,-0.039991,0.389414,0.578531,-0.068082,0.390262,0.504084,-0.088553,0.389802,0.444655,-0.105213,0.350893,0.709536,-0.060957,0.440705,0.68332,-0.098336,0.475163,0.728314,-0.110985,0.47918,0.75774,-0.117204,0.332512,0.760815,-0.080833,0.422728,0.736748,-0.110285,0.454808,0.766834,-0.101813,0.461439,0.788129,-0.093617,0.328537,0.822207,-0.102623,0.388324,0.781347,-0.119102,0.420626,0.787803,-0.107385,0.438809,0.799277,-0.096765
127,4233,True,0.9974,0.9974,0.361623,0.973722,0.0,0.430068,0.893102,-0.005584,0.474439,0.820892,-0.028694,0.508971,0.778604,-0.057015,0.503947,0.769982,-0.085767,0.382359,0.694294,-0.041381,0.383445,0.585746,-0.072235,0.383797,0.510909,-0.093616,0.38379,0.446672,-0.110771,0.346507,0.721784,-0.063331,0.442124,0.685491,-0.107905,0.468396,0.736624,-0.123536,0.465994,0.772925,-0.129685,0.327664,0.77346,-0.083999,0.423145,0.750831,-0.119063,0.447075,0.786383,-0.112178,0.44903,0.807459,-0.10302,0.322257,0.835159,-0.106352,0.379839,0.797337,-0.125862,0.410822,0.794933,-0.116447,0.432027,0.793702,-0.106766
128,4266,True,0.998,0.998,0.359771,0.979416,0.0,0.428161,0.895865,-0.005278,0.47113,0.823382,-0.027909,0.503718,0.782151,-0.055998,0.501382,0.774347,-0.084053,0.38239,0.69479,-0.039202,0.383891,0.590665,-0.069566,0.38107,0.516026,-0.089809,0.379732,0.451552,-0.105882,0.347035,0.719372,-0.060623,0.453296,0.695617,-0.102144,0.471448,0.757608,-0.113878,0.46267,0.795266,-0.117349,0.328113,0.771322,-0.081051,0.436302,0.762625,-0.11508,0.449603,0.808664,-0.105519,0.441958,0.831313,-0.094272,0.323272,0.834875,-0.103377,0.387718,0.809303,-0.121329,0.413609,0.809877,-0.110181,0.429575,0.810279,-0.09898
129,4300,True,0.9988,0.9988,0.355774,0.987283,0.0,0.423138,0.901394,-0.003297,0.461653,0.829176,-0.027931,0.49317,0.787314,-0.058731,0.504781,0.779177,-0.089605,0.378064,0.698959,-0.041111,0.383047,0.597383,-0.072939,0.380949,0.522888,-0.093978,0.380144,0.458414,-0.11088,0.3437,0.725079,-0.064784,0.459089,0.705054,-0.108126,0.473307,0.773743,-0.118543,0.458289,0.81132,-0.120676,0.326812,0.779394,-0.087236,0.441855,0.775122,-0.123077,0.44789,0.827752,-0.111063,0.430404,0.85153,-0.097811,0.323895,0.845413,-0.111408,0.3926,0.819732,-0.130642,0.416325,0.820079,-0.118042,0.427651,0.818878,-0.105506
130,4333,True,0.9986,0.9986,0.351202,0.99146,0.0,0.422077,0.90527,-0.002489,0.463365,0.831994,-0.026851,0.495555,0.788725,-0.057686,0.501454,0.783396,-0.088644,0.377018,0.700601,-0.03909,0.37979,0.59826,-0.072138,0.378115,0.521939,-0.093356,0.37744,0.456423,-0.11004,0.343402,0.724258,-0.063589,0.463888,0.709429,-0.109543,0.475271,0.784995,-0.119578,0.456115,0.823778,-0.120104,0.326765,0.778104,-0.087103,0.446055,0.779917,-0.125954,0.448261,0.835747,-0.114654,0.426771,0.857098,-0.100725,0.324161,0.843854,-0.112072,0.395781,0.827479,-0.133503,0.415976,0.833005,-0.121744,0.422754,0.832231,-0.109134
131,4366,True,0.9987,0.9987,0.345827,0.99896,0.0,0.417056,0.910417,-3.6e-05,0.457893,0.833228,-0.024664,0.491315,0.78987,-0.056348,0.504748,0.79423,-0.088538,0.377775,0.702317,-0.038611,0.381789,0.599018,-0.071361,0.38037,0.521783,-0.091678,0.380072,0.456305,-0.108255,0.342696,0.72781,-0.065084,0.464071,0.708742,-0.112046,0.474195,0.786431,-0.121012,0.453914,0.82641,-0.120454,0.32527,0.783194,-0.090379,0.445952,0.784723,-0.129843,0.445969,0.841823,-0.117619,0.422214,0.864088,-0.103034,0.321619,0.850694,-0.116923,0.393866,0.833972,-0.138705,0.414805,0.836542,-0.127193,0.422163,0.832532,-0.115097
132,4400,True,0.9987,0.9987,0.339443,1.001599,0.0,0.412109,0.910581,-4.3e-05,0.45658,0.831342,-0.025862,0.491805,0.789426,-0.058827,0.504918,0.802223,-0.092526,0.378352,0.70231,-0.040923,0.382191,0.598463,-0.074794,0.380499,0.519368,-0.095782,0.381431,0.454746,-0.112838,0.342682,0.729101,-0.067635,0.465521,0.716908,-0.115213,0.477636,0.79177,-0.123906,0.461084,0.829595,-0.123519,0.324154,0.7852,-0.093144,0.446085,0.792231,-0.131938,0.446314,0.846493,-0.11918,0.424903,0.867332,-0.104727,0.319437,0.853789,-0.120133,0.394087,0.843048,-0.14139,0.415266,0.845993,-0.130083,0.423673,0.842504,-0.118419
133,4433,True,0.9984,0.9984,0.338659,1.001828,0.0,0.407635,0.911135,-0.000561,0.448451,0.83476,-0.027412,0.484212,0.7991,-0.061278,0.509528,0.809048,-0.095849,0.376571,0.70387,-0.043666,0.381698,0.597865,-0.077909,0.380382,0.517666,-0.098664,0.381487,0.453761,-0.115309,0.341221,0.731094,-0.069686,0.463702,0.717449,-0.117026,0.479539,0.790249,-0.124465,0.466654,0.829828,-0.123201,0.322866,0.786518,-0.094507,0.443896,0.791596,-0.132674,0.447582,0.845206,-0.118555,0.428532,0.868033,-0.103189,0.317453,0.853939,-0.120837,0.393431,0.844342,-0.14137,0.415484,0.851236,-0.128893,0.422919,0.851132,-0.116372
134,4466,True,0.9985,0.9985,0.333036,1.005091,0.0,0.40388,0.915192,-0.000431,0.44483,0.84016,-0.027679,0.480857,0.803177,-0.062305,0.503123,0.809208,-0.097775,0.372047,0.704434,-0.044034,0.378707,0.599842,-0.079511,0.37834,0.518678,-0.100393,0.379416,0.453153,-0.116981,0.337164,0.73246,-0.070943,0.463478,0.715329,-0.11965,0.478213,0.792324,-0.126247,0.46291,0.832853,-0.123751,0.319303,0.788849,-0.096815,0.442294,0.790102,-0.136708,0.447235,0.846873,-0.121284,0.428259,0.871989,-0.104309,0.314751,0.858349,-0.124228,0.388383,0.843319,-0.146453,0.412131,0.848205,-0.133919,0.421899,0.848261,-0.120885
135,4500,True,0.9986,0.9986,0.333536,1.002594,0.0,0.404084,0.91027,-0.001112,0.4457,0.832405,-0.029057,0.482604,0.793514,-0.06411,0.506696,0.804244,-0.099881,0.369783,0.704313,-0.045318,0.375022,0.597976,-0.081511,0.375247,0.516926,-0.103269,0.376299,0.451384,-0.120443,0.334317,0.731967,-0.072225,0.459362,0.713173,-0.12168,0.476813,0.791151,-0.128569,0.462595,0.832354,-0.126166,0.316158,0.787801,-0.098122,0.440376,0.790308,-0.138064,0.44619,0.848133,-0.122201,0.426195,0.873069,-0.104835,0.311787,0.856554,-0.125681,0.389081,0.842329,-0.146511,0.414816,0.849991,-0.132507,0.423941,0.851813,-0.118575
136,4533,True,0.9986,0.9986,0.333325,1.000351,0.0,0.404094,0.909545,-0.003096,0.445377,0.832596,-0.031104,0.480498,0.792406,-0.06587,0.503574,0.801204,-0.101032,0.369191,0.700331,-0.0444,0.373258,0.595932,-0.08002,0.373183,0.514809,-0.101286,0.374916,0.450284,-0.117861,0.333433,0.727523,-0.069593,0.458246,0.709144,-0.117875,0.476124,0.787715,-0.12388,0.46291,0.830331,-0.120689,0.31544,0.782793,-0.09409,0.438502,0.786657,-0.132828,0.443444,0.844395,-0.116466,0.423672,0.870591,-0.098741,0.310909,0.851265,-0.120521,0.389454,0.839447,-0.140245,0.414469,0.847049,-0.126021,0.423567,0.848228,-0.11186
137,4566,True,0.9986,0.9986,0.330699,0.997943,0.0,0.4048,0.907661,-0.002932,0.446074,0.82873,-0.029693,0.480721,0.787102,-0.063495,0.50344,0.79411,-0.097747,0.367337,0.696209,-0.040193,0.373733,0.592867,-0.075001,0.373774,0.511864,-0.096376,0.374435,0.447058,-0.11299,0.333634,0.723465,-0.065575,0.457976,0.705187,-0.113523,0.475997,0.784424,-0.12022,0.462051,0.826441,-0.117286,0.317009,0.778149,-0.090542,0.439512,0.778341,-0.129653,0.44617,0.837164,-0.114276,0.426604,0.86407,-0.096926,0.313959,0.8457,-0.117459,0.392702,0.830081,-0.137228,0.417178,0.843693,-0.122488,0.424047,0.851497,-0.107764
138,4600,True,0.9984,0.9984,0.334221,0.997901,0.0,0.408127,0.905968,-0.003119,0.451525,0.826504,-0.029762,0.486276,0.783136,-0.063488,0.504772,0.791266,-0.097754,0.367722,0.695776,-0.039293,0.374961,0.591439,-0.074339,0.375236,0.51002,-0.096129,0.376894,0.44448,-0.112851,0.334262,0.723204,-0.064581,0.458865,0.702742,-0.113213,0.475626,0.780979,-0.120981,0.462083,0.822188,-0.118409,0.31794,0.778033,-0.089448,0.441385,0.777134,-0.128804,0.44819,0.834324,-0.114048,0.430823,0.859958,-0.096798,0.315519,0.846021,-0.116338,0.39253,0.828473,-0.135796,0.418704,0.837856,-0.121362,0.429872,0.842822,-0.106815
139,4633,True,0.9986,0.9986,0.335081,0.995375,0.0,0.411944,0.904355,-0.002766,0.457794,0.824281,-0.029638,0.493799,0.778875,-0.063746,0.509724,0.789231,-0.098388,0.372632,0.693817,-0.039177,0.379981,0.589761,-0.074325,0.379661,0.508925,-0.096991,0.380283,0.442402,-0.114892,0.338899,0.720709,-0.064962,0.462737,0.705979,-0.113002,0.476398,0.782844,-0.121641,0.45953,0.819767,-0.120757,0.3224,0.776205,-0.090189,0.445712,0.778337,-0.128701,0.450225,0.834185,-0.113942,0.430564,0.856708,-0.097703,0.319518,0.844342,-0.117527,0.397384,0.828904,-0.136699,0.420414,0.838462,-0.122185,0.428339,0.842308,-0.108104
140,4666,True,0.9985,0.9985,0.344001,0.991146,0.0,0.418251,0.902781,-0.004048,0.46353,0.82672,-0.031575,0.499332,0.78416,-0.065816,0.515009,0.790342,-0.100298,0.377715,0.691704,-0.041474,0.384599,0.58706,-0.076279,0.383565,0.50595,-0.099042,0.384541,0.439918,-0.117028,0.34339,0.721055,-0.066576,0.464053,0.705766,-0.114207,0.481928,0.777288,-0.123943,0.470755,0.814336,-0.124215,0.326355,0.778027,-0.09097,0.446876,0.776584,-0.129021,0.457698,0.827562,-0.115007,0.444816,0.850329,-0.099571,0.322816,0.846855,-0.117486,0.398519,0.827905,-0.13706,0.422921,0.836803,-0.12283,0.432066,0.842233,-0.108946
141,4700,True,0.9986,0.9986,0.348783,0.989145,0.0,0.42548,0.899589,-0.001141,0.471513,0.822586,-0.027552,0.509653,0.782552,-0.061643,0.519156,0.790833,-0.096239,0.384892,0.689881,-0.038439,0.392542,0.585697,-0.072633,0.39229,0.505463,-0.09414,0.391482,0.438933,-0.111129,0.350964,0.716518,-0.064854,0.47422,0.706114,-0.110508,0.483605,0.78329,-0.117449,0.461379,0.816264,-0.116182,0.333752,0.771562,-0.090584,0.458295,0.775165,-0.128792,0.461588,0.832473,-0.113407,0.438147,0.853141,-0.097038,0.330489,0.838444,-0.118145,0.412032,0.823289,-0.137778,0.433777,0.839063,-0.122192,0.436604,0.847776,-0.107205
142,4733,True,0.9985,0.9985,0.355666,0.985661,0.0,0.429224,0.894563,-0.001939,0.47522,0.819445,-0.029778,0.512863,0.779837,-0.065107,0.5256,0.791242,-0.100942,0.389654,0.689269,-0.039023,0.397426,0.584734,-0.07237,0.396041,0.504198,-0.093856,0.395893,0.438751,-0.111145,0.354989,0.718279,-0.065097,0.473732,0.70721,-0.111562,0.487708,0.780136,-0.120608,0.473108,0.81502,-0.120438,0.337852,0.775358,-0.090176,0.458258,0.778127,-0.127055,0.465224,0.829893,-0.112756,0.44874,0.850997,-0.097248,0.334268,0.843565,-0.117216,0.408759,0.828389,-0.135823,0.432615,0.835733,-0.121638,0.442563,0.838562,-0.107794
143,4766,True,0.9986,0.9986,0.358717,0.983788,0.0,0.432246,0.891642,0.000165,0.477985,0.817333,-0.026629,0.516238,0.779428,-0.061367,0.524136,0.789744,-0.096792,0.391378,0.690258,-0.038034,0.39909,0.586713,-0.070921,0.39751,0.507529,-0.092122,0.397109,0.442182,-0.109332,0.357498,0.719355,-0.06492,0.475314,0.709627,-0.111255,0.487808,0.782896,-0.120516,0.472077,0.81748,-0.120792,0.341101,0.776169,-0.09058,0.460378,0.776878,-0.127365,0.467219,0.828202,-0.113268,0.450241,0.849641,-0.098149,0.338549,0.843695,-0.118051,0.41084,0.824647,-0.137489,0.436027,0.829887,-0.124061,0.44824,0.832186,-0.11077
144,4800,True,0.9984,0.9984,0.364382,0.978945,0.0,0.435901,0.8903,-0.001255,0.482589,0.818625,-0.028368,0.522358,0.782142,-0.063152,0.52231,0.791633,-0.098275,0.39566,0.688072,-0.038205,0.400332,0.584958,-0.071161,0.398292,0.505926,-0.09215,0.397042,0.442273,-0.108638,0.361251,0.716397,-0.063845,0.477649,0.707865,-0.108476,0.490084,0.780123,-0.116515,0.473808,0.813164,-0.116158,0.344335,0.771606,-0.088495,0.463489,0.775447,-0.123652,0.469112,0.827155,-0.108583,0.450538,0.847636,-0.093055,0.342005,0.837348,-0.115169,0.419387,0.822518,-0.132826,0.441314,0.83142,-0.118051,0.4476,0.834819,-0.103918
145,4833,True,0.9987,0.9987,0.365599,0.976134,0.0,0.437554,0.890635,-0.000783,0.479794,0.82346,-0.028111,0.518444,0.789574,-0.063218,0.525433,0.789016,-0.098841,0.397189,0.68995,-0.039749,0.401565,0.586219,-0.072438,0.398269,0.506835,-0.092853,0.39689,0.443102,-0.108803,0.364308,0.717603,-0.065831,0.479533,0.704422,-0.110817,0.492406,0.77537,-0.119523,0.479416,0.809479,-0.119336,0.348451,0.771576,-0.090651,0.465116,0.769165,-0.126029,0.47305,0.821922,-0.110913,0.458517,0.844723,-0.095306,0.346679,0.835817,-0.117336,0.417483,0.817126,-0.135731,0.442506,0.822423,-0.121254,0.455511,0.822728,-0.107113
146,4866,True,0.9988,0.9988,0.370962,0.97462,0.0,0.439664,0.889584,0.000145,0.483154,0.819417,-0.026304,0.5226,0.785047,-0.060609,0.529267,0.789603,-0.09557,0.399616,0.68951,-0.038061,0.402538,0.586754,-0.070009,0.3989,0.508703,-0.089723,0.396991,0.445509,-0.105054,0.366857,0.716788,-0.064102,0.482049,0.705443,-0.106887,0.493137,0.777657,-0.113876,0.476351,0.810033,-0.112816,0.350638,0.770171,-0.088921,0.46659,0.771358,-0.123443,0.470659,0.826459,-0.108048,0.4509,0.848053,-0.092184,0.348199,0.833799,-0.11541,0.420687,0.814803,-0.132977,0.444038,0.822309,-0.117707,0.453284,0.824093,-0.103016
147,4900,True,0.9987,0.9987,0.373659,0.977124,0.0,0.441186,0.892176,-0.001012,0.482957,0.820362,-0.026645,0.520247,0.784231,-0.059515,0.527608,0.786284,-0.092824,0.39966,0.690397,-0.038091,0.404318,0.589269,-0.068558,0.399296,0.512378,-0.087947,0.396255,0.4502,-0.103385,0.36679,0.717117,-0.06289,0.481423,0.706629,-0.103936,0.497004,0.776315,-0.111459,0.4856,0.809529,-0.111483,0.35115,0.770107,-0.086432,0.465704,0.768721,-0.118575,0.472817,0.822579,-0.103339,0.457301,0.845984,-0.088572,0.349624,0.833393,-0.111929,0.419427,0.811322,-0.128287,0.445744,0.816281,-0.113505,0.460574,0.81713,-0.09967
148,4933,True,0.9986,0.9986,0.37813,0.977606,0.0,0.443249,0.892327,0.000156,0.484107,0.818114,-0.024821,0.521504,0.780336,-0.057242,0.533523,0.786052,-0.090384,0.400899,0.692277,-0.03674,0.403726,0.589387,-0.066012,0.398846,0.512831,-0.085114,0.395937,0.450975,-0.100786,0.369383,0.719517,-0.061834,0.478644,0.706336,-0.103212,0.500972,0.769686,-0.112229,0.49667,0.803199,-0.113601,0.35475,0.772881,-0.085414,0.463817,0.765472,-0.117634,0.477101,0.815547,-0.103868,0.46903,0.841038,-0.090194,0.353934,0.834852,-0.110744,0.419471,0.810324,-0.127477,0.446255,0.816675,-0.113706,0.462853,0.820831,-0.100677
149,4966,True,0.9987,0.9987,0.380925,0.976732,0.0,0.447267,0.890872,0.00093,0.487401,0.818301,-0.023779,0.524617,0.780245,-0.056297,0.536352,0.781029,-0.089525,0.403234,0.690767,-0.034261,0.406274,0.58936,-0.062922,0.401556,0.512484,-0.081456,0.397947,0.451639,-0.096399,0.373154,0.718354,-0.059344,0.485261,0.704256,-0.098746,0.507754,0.767908,-0.106068,0.501387,0.80051,-0.106381,0.360098,0.771366,-0.083132,0.470749,0.762189,-0.11491,0.483663,0.813946,-0.100397,0.472797,0.840133,-0.086069,0.361,0.832933,-0.108554,0.429656,0.806531,-0.125239,0.457253,0.815264,-0.110673,0.472285,0.821401,-0.09683
150,5000,True,0.9986,0.9986,0.384371,0.973117,0.0,0.451522,0.886902,0.000361,0.493765,0.815834,-0.024657,0.532249,0.779739,-0.05718,0.539867,0.781648,-0.090468,0.408772,0.689166,-0.037141,0.411303,0.58753,-0.06662,0.406194,0.511778,-0.085671,0.402932,0.451019,-0.101068,0.378218,0.71673,-0.062359,0.488405,0.702137,-0.103135,0.513269,0.763967,-0.111753,0.511357,0.797457,-0.113051,0.364476,0.770816,-0.086171,0.474619,0.761334,-0.118706,0.490292,0.811369,-0.105326,0.484138,0.83792,-0.091931,0.364773,0.834047,-0.111674,0.429306,0.808201,-0.129565,0.457981,0.811937,-0.116879,0.477548,0.814183,-0.104552
151,5033,True,0.9987,0.9987,0.38684,0.96911,0.0,0.455063,0.885548,0.000702,0.496651,0.816738,-0.02508,0.534229,0.780146,-0.058503,0.541002,0.779417,-0.092613,0.410783,0.684346,-0.037142,0.414564,0.585015,-0.066737,0.409525,0.510197,-0.085776,0.40502,0.449956,-0.101106,0.379847,0.711029,-0.06292,0.494849,0.697495,-0.102713,0.512227,0.766648,-0.109816,0.499499,0.798295,-0.10998,0.367063,0.763901,-0.087232,0.482518,0.75633,-0.119589,0.492824,0.812344,-0.104108,0.477717,0.838291,-0.089172,0.368744,0.826688,-0.113172,0.439379,0.801055,-0.130724,0.468596,0.810991,-0.115707,0.484962,0.817433,-0.101384
152,5066,True,0.9988,0.9988,0.3896,0.966666,0.0,0.455979,0.883832,0.000585,0.496659,0.816545,-0.025565,0.534415,0.780825,-0.059579,0.543963,0.779762,-0.094293,0.412437,0.684779,-0.037314,0.416485,0.58505,-0.067441,0.411522,0.509865,-0.086707,0.407807,0.44929,-0.102046,0.381454,0.710796,-0.063117,0.496906,0.696482,-0.104063,0.515337,0.765675,-0.111814,0.504608,0.799009,-0.111931,0.36873,0.76264,-0.08746,0.483359,0.75473,-0.119913,0.494588,0.810695,-0.104702,0.481343,0.838108,-0.089721,0.370281,0.824673,-0.113528,0.438532,0.79928,-0.130841,0.467172,0.806709,-0.116393,0.484575,0.811674,-0.102421
153,5100,True,0.9988,0.9988,0.393699,0.965433,0.0,0.460546,0.882775,-0.000316,0.502095,0.814811,-0.025945,0.539756,0.777394,-0.059192,0.541658,0.7779,-0.0931,0.414828,0.684851,-0.036912,0.418599,0.584647,-0.067164,0.413817,0.509602,-0.086434,0.409596,0.449306,-0.10157,0.384247,0.710342,-0.062043,0.498647,0.695315,-0.102725,0.517131,0.763539,-0.11015,0.50587,0.796377,-0.109997,0.37144,0.761704,-0.085987,0.485478,0.753903,-0.118937,0.496634,0.809394,-0.104429,0.482798,0.835867,-0.089637,0.373199,0.823179,-0.111691,0.44072,0.798693,-0.129351,0.468252,0.807811,-0.115321,0.483793,0.814181,-0.101529
154,5133,True,0.9989,0.9989,0.395413,0.970746,0.0,0.459847,0.885369,-0.000581,0.498545,0.815678,-0.026569,0.535226,0.779158,-0.06046,0.547211,0.7804,-0.094778,0.416563,0.685458,-0.033916,0.420734,0.586749,-0.063795,0.414566,0.510443,-0.082982,0.410188,0.45002,-0.098193,0.386143,0.711024,-0.05919,0.50117,0.692602,-0.099864,0.522902,0.759695,-0.107266,0.516316,0.794514,-0.106782,0.373506,0.761828,-0.083654,0.486618,0.753051,-0.11575,0.497294,0.807404,-0.101337,0.484364,0.835204,-0.086652,0.375118,0.822227,-0.110131,0.443568,0.798375,-0.126225,0.469141,0.807759,-0.11197,0.482491,0.815208,-0.098317
155,5166,True,0.9989,0.9989,0.397491,0.972583,0.0,0.463195,0.887695,0.000423,0.502302,0.818226,-0.025073,0.53914,0.780825,-0.058558,0.550629,0.780944,-0.092534,0.418244,0.687442,-0.032993,0.422232,0.587798,-0.061852,0.417086,0.512651,-0.080709,0.41169,0.452367,-0.095717,0.389316,0.713666,-0.058407,0.501879,0.696157,-0.096555,0.521322,0.761323,-0.103543,0.50988,0.792942,-0.103611,0.377415,0.765042,-0.08278,0.488804,0.755248,-0.114285,0.500343,0.810179,-0.100048,0.485738,0.837413,-0.085534,0.379483,0.825279,-0.108824,0.449012,0.799301,-0.124507,0.475232,0.814073,-0.10886,0.48574,0.827388,-0.094049
156,5200,True,0.9989,0.9989,0.399124,0.975211,0.0,0.467606,0.888042,0.003138,0.507586,0.816315,-0.020531,0.5444,0.779046,-0.052913,0.554809,0.785058,-0.085896,0.422811,0.689128,-0.027572,0.427278,0.593227,-0.053999,0.422061,0.519894,-0.071402,0.416916,0.460466,-0.085939,0.393356,0.713563,-0.05382,0.506238,0.705282,-0.090225,0.524602,0.774289,-0.096619,0.512738,0.805463,-0.096617,0.381412,0.7645,-0.078949,0.495073,0.762373,-0.109447,0.506342,0.819098,-0.095547,0.491165,0.845913,-0.08154,0.383966,0.824052,-0.105626,0.455198,0.801639,-0.120862,0.481905,0.818634,-0.105845,0.493367,0.833499,-0.091705
157,5233,True,0.999,0.999,0.40053,0.97922,0.0,0.470899,0.891549,0.003427,0.510414,0.819575,-0.020016,0.54752,0.782823,-0.052263,0.558932,0.787163,-0.085019,0.425115,0.691739,-0.026707,0.431621,0.598971,-0.05423,0.426358,0.525858,-0.072746,0.420817,0.465986,-0.088077,0.395866,0.715553,-0.053526,0.512335,0.709815,-0.091011,0.525076,0.78172,-0.097512,0.50729,0.81137,-0.097215,0.384397,0.766405,-0.07938,0.501167,0.768137,-0.110737,0.508309,0.826106,-0.096317,0.488136,0.850235,-0.081728,0.387071,0.826899,-0.106844,0.461952,0.807624,-0.122339,0.486859,0.825385,-0.106659,0.495049,0.838783,-0.091934
158,5266,True,0.999,0.999,0.402198,0.981808,0.0,0.472529,0.895496,0.00244,0.51339,0.824393,-0.020824,0.551433,0.787282,-0.052618,0.560445,0.790074,-0.084817,0.428412,0.695704,-0.027876,0.434682,0.602588,-0.056462,0.429149,0.52895,-0.075708,0.423919,0.467949,-0.091339,0.398541,0.719371,-0.054351,0.514841,0.714516,-0.093555,0.524903,0.786921,-0.101085,0.505918,0.816223,-0.100873,0.3864,0.770572,-0.079871,0.502804,0.77462,-0.11246,0.50806,0.831798,-0.098615,0.487711,0.854569,-0.083802,0.388119,0.832022,-0.107052,0.461371,0.814775,-0.123393,0.485587,0.828635,-0.108262,0.494987,0.838257,-0.093529
159,5300,True,0.9991,0.9991,0.405034,0.978622,0.0,0.474484,0.895856,0.00124,0.516326,0.829303,-0.022203,0.552414,0.791726,-0.053598,0.554816,0.783387,-0.084976,0.431018,0.695766,-0.030348,0.435897,0.603509,-0.059232,0.430947,0.530187,-0.078805,0.42695,0.46997,-0.094515,0.399166,0.720469,-0.055952,0.51159,0.718548,-0.095889,0.521181,0.787816,-0.104631,0.504061,0.816577,-0.105475,0.385599,0.772951,-0.08044,0.498022,0.780578,-0.112629,0.50145,0.834419,-0.098364,0.481963,0.856013,-0.083851,0.385825,0.836183,-0.106759,0.45612,0.819928,-0.124157,0.481102,0.826395,-0.110077,0.49387,0.828437,-0.096126
160,5333,True,0.9992,0.9992,0.405463,0.979739,0.0,0.47506,0.894525,0.000872,0.515215,0.825486,-0.023403,0.552021,0.789633,-0.05582,0.562187,0.788256,-0.088634,0.430561,0.69647,-0.030321,0.435759,0.604819,-0.058701,0.430567,0.531682,-0.077645,0.426946,0.471112,-0.09309,0.398978,0.721865,-0.055805,0.514592,0.718954,-0.095553,0.525743,0.790861,-0.103779,0.509624,0.821126,-0.104043,0.385972,0.774946,-0.080255,0.501233,0.781659,-0.113047,0.505339,0.837821,-0.099768,0.485374,0.860428,-0.085591,0.387154,0.837571,-0.106399,0.458121,0.820747,-0.123478,0.483219,0.827758,-0.109768,0.495665,0.829785,-0.09619
161,5366,True,0.9992,0.9992,0.404555,0.979506,0.0,0.474673,0.896545,-2e-05,0.514335,0.827973,-0.024219,0.549365,0.790271,-0.056331,0.558727,0.784737,-0.088626,0.430984,0.696104,-0.029921,0.435952,0.604697,-0.058287,0.431096,0.531511,-0.077149,0.427597,0.471651,-0.092312,0.3994,0.721602,-0.054543,0.51472,0.718828,-0.094451,0.525573,0.790905,-0.102493,0.508971,0.821557,-0.102419,0.386373,0.773909,-0.07828,0.501062,0.781556,-0.111104,0.504231,0.837337,-0.097661,0.483479,0.859935,-0.083279,0.387273,0.835212,-0.10377,0.460743,0.820315,-0.120823,0.484785,0.829835,-0.106937,0.495087,0.832983,-0.093105
162,5400,True,0.9991,0.9991,0.404071,0.981352,0.0,0.472094,0.895857,0.00064,0.511844,0.825962,-0.024156,0.548734,0.788947,-0.056983,0.564869,0.783727,-0.090212,0.428848,0.697887,-0.031361,0.435178,0.605932,-0.059727,0.430207,0.532915,-0.078359,0.426703,0.473686,-0.093462,0.398359,0.723543,-0.056494,0.516064,0.717268,-0.094855,0.529016,0.787169,-0.101694,0.513355,0.816596,-0.101508,0.385967,0.775615,-0.080723,0.502349,0.779454,-0.112667,0.506427,0.83511,-0.098924,0.485554,0.858235,-0.084793,0.387251,0.836531,-0.106671,0.46106,0.818761,-0.123464,0.484995,0.829772,-0.109485,0.493794,0.836454,-0.095855
163,5433,True,0.9988,0.9988,0.404786,0.979481,0.0,0.472008,0.893023,0.001742,0.511696,0.822058,-0.022145,0.548494,0.78521,-0.054054,0.568501,0.780943,-0.086352,0.429016,0.69712,-0.030717,0.435269,0.605581,-0.058565,0.430183,0.534146,-0.077038,0.426706,0.476129,-0.092195,0.399045,0.72349,-0.056088,0.513446,0.717481,-0.094099,0.52993,0.784774,-0.101079,0.518335,0.815479,-0.101326,0.386875,0.776202,-0.080371,0.500296,0.776223,-0.111295,0.507894,0.829491,-0.096987,0.491759,0.853858,-0.082807,0.38771,0.837707,-0.10628,0.460246,0.817534,-0.122142,0.483601,0.828961,-0.107413,0.492316,0.837306,-0.093454
164,5466,True,0.9989,0.9989,0.405805,0.978254,0.0,0.473191,0.892657,0.002134,0.513516,0.821606,-0.021537,0.550564,0.784652,-0.053294,0.570155,0.781426,-0.085602,0.429432,0.696479,-0.029882,0.43571,0.605675,-0.05664,0.429703,0.535522,-0.074669,0.425613,0.478332,-0.089878,0.399039,0.723056,-0.055335,0.512625,0.716896,-0.09258,0.530222,0.783008,-0.100106,0.520253,0.812431,-0.101179,0.386996,0.776312,-0.079575,0.499538,0.775008,-0.109784,0.507942,0.827337,-0.096215,0.493228,0.851143,-0.083063,0.388154,0.838122,-0.105402,0.458831,0.816904,-0.121463,0.483272,0.825962,-0.107816,0.494506,0.832062,-0.094942
165,5500,True,0.9989,0.9989,0.408437,0.974521,0.0,0.476084,0.891053,0.001796,0.51606,0.822799,-0.022195,0.551981,0.786152,-0.054265,0.567938,0.783061,-0.086723,0.431419,0.694542,-0.029312,0.436731,0.605886,-0.055745,0.430885,0.536959,-0.07355,0.426933,0.48042,-0.088585,0.400657,0.720327,-0.054385,0.513082,0.716289,-0.091728,0.530006,0.78404,-0.099249,0.519095,0.813984,-0.100083,0.38827,0.772647,-0.078224,0.500481,0.77367,-0.108473,0.508955,0.826968,-0.094539,0.49398,0.851317,-0.080904,0.388912,0.833942,-0.103669,0.460439,0.814159,-0.119749,0.485293,0.824014,-0.10591,0.496469,0.829896,-0.092694
166,5533,True,0.999,0.999,0.40971,0.973473,0.0,0.475897,0.889287,0.001235,0.516541,0.819068,-0.023631,0.553096,0.782264,-0.056442,0.567653,0.787404,-0.08978,0.432594,0.694414,-0.029406,0.438333,0.607471,-0.055299,0.432802,0.539666,-0.072644,0.429341,0.483893,-0.087471,0.402106,0.719968,-0.05433,0.514065,0.719117,-0.091012,0.530184,0.789197,-0.097887,0.518211,0.819045,-0.098337,0.389682,0.772576,-0.078026,0.501019,0.77407,-0.108027,0.508316,0.82898,-0.094167,0.492142,0.853585,-0.080617,0.390401,0.833845,-0.103296,0.461949,0.813228,-0.118733,0.486302,0.824857,-0.104557,0.496955,0.832377,-0.091254
167,5566,True,0.999,0.999,0.411475,0.9729,0.0,0.476697,0.888776,0.000975,0.517552,0.817705,-0.023767,0.554004,0.780872,-0.056129,0.569037,0.786878,-0.08905,0.432288,0.695354,-0.030859,0.437797,0.608605,-0.056885,0.432923,0.541087,-0.074635,0.43056,0.485762,-0.089843,0.402337,0.721363,-0.055437,0.513738,0.719532,-0.092142,0.533374,0.786333,-0.099559,0.525736,0.815908,-0.100722,0.390554,0.774379,-0.078678,0.500909,0.774416,-0.107944,0.509614,0.826626,-0.094254,0.495961,0.851098,-0.081272,0.39186,0.836031,-0.103593,0.462144,0.813321,-0.118834,0.486988,0.821912,-0.105147,0.499368,0.827558,-0.092466
168,5600,True,0.9988,0.9988,0.412396,0.972731,0.0,0.475773,0.888482,0.000557,0.516776,0.81816,-0.023898,0.553867,0.782438,-0.055651,0.570894,0.785067,-0.087901,0.432783,0.696199,-0.032147,0.438706,0.609263,-0.057828,0.433961,0.542248,-0.075693,0.431423,0.486917,-0.091221,0.402731,0.722678,-0.056299,0.510509,0.720786,-0.09284,0.535293,0.781802,-0.101478,0.533699,0.811503,-0.104063,0.3906,0.776142,-0.079018,0.497682,0.774665,-0.107347,0.510113,0.823428,-0.094345,0.501362,0.849131,-0.082402,0.391223,0.837972,-0.103528,0.458004,0.814059,-0.118619,0.482865,0.820269,-0.105836,0.496781,0.825473,-0.094116
169,5633,True,0.999,0.999,0.412486,0.974343,0.0,0.476932,0.889407,0.000833,0.517988,0.818369,-0.023947,0.55575,0.781851,-0.056358,0.573496,0.785714,-0.08943,0.432698,0.696127,-0.030294,0.439048,0.610401,-0.055893,0.433951,0.543371,-0.073578,0.430588,0.488086,-0.088888,0.403031,0.72211,-0.054888,0.513535,0.7195,-0.091001,0.533934,0.784824,-0.098858,0.526401,0.814259,-0.100599,0.391334,0.77509,-0.078202,0.500865,0.773124,-0.107106,0.51068,0.824477,-0.094006,0.497727,0.849571,-0.081602,0.392395,0.836844,-0.103208,0.460936,0.812855,-0.118452,0.485853,0.822176,-0.105054,0.498531,0.829836,-0.092626
170,5666,True,0.9988,0.9988,0.410735,0.973534,0.0,0.475745,0.889834,0.001174,0.516906,0.8203,-0.022703,0.554191,0.783668,-0.054084,0.572719,0.782169,-0.086053,0.432447,0.697158,-0.030776,0.438561,0.609541,-0.055832,0.43353,0.542255,-0.073337,0.430699,0.48713,-0.088531,0.403007,0.722532,-0.05514,0.513938,0.716076,-0.090486,0.537041,0.777646,-0.098756,0.533352,0.806889,-0.101155,0.391788,0.774767,-0.078054,0.502003,0.770263,-0.106105,0.513973,0.820161,-0.093105,0.504327,0.846163,-0.081147,0.393343,0.83554,-0.102659,0.460716,0.810172,-0.117985,0.486575,0.818411,-0.104942,0.502166,0.826306,-0.092841
171,5700,True,0.9989,0.9989,0.412702,0.972359,0.0,0.477126,0.889107,0.001207,0.518149,0.819143,-0.022837,0.55547,0.783097,-0.054367,0.573227,0.784517,-0.086548,0.432583,0.696258,-0.03141,0.438473,0.608915,-0.057155,0.433742,0.541901,-0.074994,0.431487,0.486649,-0.09032,0.403218,0.721971,-0.055975,0.513665,0.716672,-0.091831,0.535434,0.779914,-0.099889,0.530673,0.808783,-0.10201,0.391841,0.774671,-0.079113,0.502176,0.771797,-0.107686,0.513265,0.822424,-0.094519,0.502586,0.847373,-0.082249,0.393389,0.836286,-0.103928,0.460963,0.81055,-0.119479,0.487113,0.819006,-0.106243,0.502734,0.826762,-0.093926
172,5733,True,0.9989,0.9989,0.412288,0.972942,0.0,0.475653,0.889157,0.001238,0.51604,0.820999,-0.023696,0.554193,0.786267,-0.056149,0.571445,0.787979,-0.089069,0.432177,0.69737,-0.032142,0.439702,0.611193,-0.058663,0.435869,0.544119,-0.076848,0.43393,0.488639,-0.092423,0.402633,0.723777,-0.057227,0.512879,0.718109,-0.09453,0.532906,0.782661,-0.103112,0.525798,0.81267,-0.105185,0.391403,0.77679,-0.080854,0.500648,0.772291,-0.11023,0.512642,0.822273,-0.097138,0.502087,0.84701,-0.084756,0.393033,0.838717,-0.106119,0.460456,0.813685,-0.12209,0.485714,0.820584,-0.109232,0.49967,0.826261,-0.097171
173,5766,True,0.999,0.999,0.411144,0.97493,0.0,0.475534,0.891545,0.002709,0.515432,0.820453,-0.021049,0.553647,0.784595,-0.052757,0.575125,0.789218,-0.085174,0.434019,0.697652,-0.028937,0.44019,0.610372,-0.055006,0.436568,0.542471,-0.072587,0.434711,0.486322,-0.087602,0.404506,0.72237,-0.054539,0.516775,0.716891,-0.091799,0.533985,0.786709,-0.099297,0.522801,0.819165,-0.099999,0.392701,0.774138,-0.078754,0.503928,0.772548,-0.109034,0.512042,0.827189,-0.095585,0.496463,0.853434,-0.082204,0.393685,0.835464,-0.104376,0.463102,0.812018,-0.120469,0.488477,0.823136,-0.106711,0.501151,0.832078,-0.093574
174,5800,True,0.999,0.999,0.411672,0.972639,0.0,0.478,0.891924,-9.2e-05,0.521318,0.822928,-0.025768,0.561293,0.786832,-0.058954,0.574184,0.794495,-0.092798,0.435485,0.697824,-0.032447,0.442036,0.610311,-0.060551,0.440166,0.542558,-0.079381,0.440447,0.486592,-0.094834,0.405576,0.722434,-0.057273,0.516998,0.713497,-0.096404,0.534594,0.78352,-0.104243,0.524431,0.81625,-0.104553,0.393401,0.773979,-0.08099,0.504524,0.770786,-0.111902,0.514561,0.824691,-0.098299,0.501205,0.850752,-0.084469,0.394556,0.835838,-0.10647,0.464803,0.812003,-0.122526,0.490275,0.82363,-0.108803,0.5031,0.833323,-0.095651
175,5833,True,0.9988,0.9988,0.407078,0.961942,0.0,0.476746,0.886856,-0.001514,0.52216,0.823605,-0.027109,0.559924,0.789194,-0.059684,0.570163,0.788458,-0.092461,0.438385,0.690939,-0.033407,0.446479,0.602763,-0.06133,0.445547,0.534701,-0.080662,0.445916,0.478322,-0.096417,0.409479,0.713065,-0.057089,0.51846,0.710548,-0.094488,0.536625,0.774292,-0.102851,0.527883,0.803812,-0.104604,0.39729,0.762094,-0.079717,0.505045,0.760923,-0.108835,0.516588,0.811624,-0.09481,0.505896,0.837879,-0.081543,0.397777,0.821226,-0.104332,0.466879,0.798377,-0.119561,0.491662,0.813575,-0.104954,0.504162,0.828139,-0.091283
176,5866,True,0.9983,0.9983,0.400595,0.938093,0.0,0.474586,0.873103,-0.001645,0.516472,0.812824,-0.025402,0.550423,0.780248,-0.056088,0.57283,0.768072,-0.086615,0.443488,0.668677,-0.028745,0.452436,0.580196,-0.05507,0.453091,0.513221,-0.072699,0.452962,0.458468,-0.086759,0.417345,0.685772,-0.050906,0.530462,0.681016,-0.087964,0.543811,0.74943,-0.094924,0.529271,0.781815,-0.094491,0.405006,0.729235,-0.072371,0.511439,0.728764,-0.10276,0.516392,0.785034,-0.08823,0.499306,0.813164,-0.073316,0.403796,0.782959,-0.09542,0.474075,0.764062,-0.111633,0.493735,0.78184,-0.096678,0.498951,0.794452,-0.081867
177,5900,True,0.9977,0.9977,0.405289,0.906155,0.0,0.476183,0.838767,-0.004067,0.513456,0.772618,-0.026277,0.540824,0.731985,-0.054559,0.558667,0.715714,-0.082222,0.447084,0.637115,-0.028015,0.455943,0.545253,-0.054772,0.457684,0.479123,-0.070946,0.459484,0.425461,-0.082742,0.421517,0.653373,-0.047919,0.53171,0.642846,-0.088399,0.543959,0.71993,-0.093775,0.530514,0.757773,-0.089084,0.40816,0.691218,-0.067834,0.516199,0.695152,-0.102389,0.520204,0.75839,-0.088282,0.502634,0.789088,-0.070536,0.406019,0.740209,-0.089199,0.476158,0.722288,-0.106235,0.496394,0.751322,-0.090577,0.500954,0.774568,-0.073842
178,5933,True,0.9982,0.9982,0.409849,0.862843,0.0,0.479777,0.797031,-0.002991,0.515362,0.738026,-0.023892,0.541664,0.704338,-0.051035,0.551419,0.675489,-0.077393,0.449134,0.597777,-0.026417,0.457048,0.503813,-0.052352,0.461357,0.436716,-0.067946,0.46412,0.383258,-0.078524,0.422438,0.613044,-0.045636,0.526842,0.600253,-0.08222,0.540186,0.672025,-0.087366,0.527521,0.70904,-0.083524,0.408411,0.648794,-0.064821,0.512799,0.649416,-0.098468,0.519309,0.713448,-0.085033,0.503296,0.74694,-0.067789,0.407962,0.695179,-0.085191,0.479455,0.67525,-0.103687,0.505808,0.706324,-0.088776,0.515799,0.732927,-0.071866
179,5966,True,0.998,0.998,0.409321,0.822336,0.0,0.477203,0.759443,-0.004443,0.514659,0.704044,-0.025408,0.540871,0.671463,-0.052489,0.553435,0.64152,-0.078808,0.448081,0.561167,-0.027904,0.455955,0.464015,-0.054441,0.460836,0.396357,-0.069639,0.465543,0.340905,-0.079729,0.419952,0.572367,-0.045847,0.525112,0.562895,-0.084485,0.539808,0.640593,-0.089839,0.528538,0.684327,-0.085223,0.404422,0.605622,-0.063845,0.510108,0.607807,-0.100191,0.520053,0.676229,-0.087507,0.506975,0.71503,-0.069448,0.401952,0.650674,-0.082839,0.471896,0.627949,-0.103852,0.501806,0.658928,-0.090035,0.516197,0.687211,-0.072854
180,6000,True,0.9984,0.9984,0.412282,0.783875,0.0,0.482155,0.72627,-0.005458,0.522793,0.671018,-0.025434,0.548402,0.637722,-0.051315,0.55465,0.598965,-0.076286,0.451483,0.522609,-0.026363,0.460993,0.424706,-0.050479,0.463577,0.357855,-0.064951,0.464614,0.302877,-0.074941,0.421322,0.532424,-0.043528,0.526277,0.523336,-0.076945,0.543644,0.594738,-0.082096,0.53391,0.633836,-0.079268,0.404599,0.564823,-0.060872,0.511617,0.565846,-0.093098,0.522868,0.631867,-0.081374,0.509573,0.668275,-0.065882,0.401199,0.609506,-0.079564,0.47459,0.586628,-0.099775,0.505326,0.619162,-0.086983,0.520174,0.64985,-0.07117
181,6033,True,0.9982,0.9982,0.407334,0.763827,0.0,0.48185,0.697587,0.002767,0.524561,0.632286,-0.01229,0.551761,0.588596,-0.035362,0.564912,0.547425,-0.057975,0.449703,0.496239,-0.016988,0.459899,0.399109,-0.039159,0.462823,0.33068,-0.052877,0.463935,0.273457,-0.062719,0.419257,0.50276,-0.037715,0.526646,0.502576,-0.0703,0.544032,0.57727,-0.074173,0.532296,0.620771,-0.070633,0.402773,0.534954,-0.058281,0.51428,0.539934,-0.090763,0.525886,0.607641,-0.078578,0.511209,0.647591,-0.062692,0.399786,0.578639,-0.079573,0.479016,0.553068,-0.099799,0.507957,0.588395,-0.08652,0.518768,0.623486,-0.070381
182,6066,True,0.9986,0.9986,0.408089,0.756345,0.0,0.484484,0.690933,-0.000616,0.524652,0.621682,-0.016483,0.548141,0.57702,-0.039385,0.554985,0.544836,-0.061895,0.448695,0.481409,-0.02067,0.459954,0.384281,-0.041568,0.463098,0.314069,-0.055914,0.463392,0.2571,-0.067129,0.416845,0.490425,-0.03982,0.525498,0.493836,-0.072097,0.543062,0.568453,-0.078175,0.531313,0.612093,-0.077115,0.400355,0.525555,-0.058566,0.51303,0.532005,-0.090399,0.52487,0.600538,-0.079019,0.510321,0.642337,-0.064399,0.398296,0.571748,-0.078458,0.472865,0.540734,-0.098623,0.503612,0.567621,-0.086324,0.519537,0.597475,-0.071455
183,6100,True,0.9984,0.9984,0.40559,0.763084,-0.0,0.482684,0.686397,0.002759,0.523609,0.608266,-0.008553,0.54928,0.55415,-0.026862,0.560455,0.509272,-0.044355,0.450319,0.477382,-0.017473,0.462035,0.380984,-0.038837,0.462715,0.310142,-0.053213,0.46143,0.251655,-0.064578,0.417474,0.485984,-0.037359,0.527538,0.498624,-0.069612,0.544862,0.573791,-0.075098,0.534995,0.617813,-0.073874,0.400072,0.525171,-0.056801,0.51654,0.544044,-0.088237,0.527144,0.612198,-0.076381,0.514775,0.65117,-0.061977,0.396573,0.578007,-0.077395,0.473708,0.563898,-0.097319,0.502806,0.593603,-0.08572,0.519472,0.622096,-0.071504
184,6133,True,0.9988,0.9988,0.411079,0.789568,-0.0,0.487356,0.709634,-0.004435,0.520451,0.631522,-0.02221,0.534417,0.573274,-0.045521,0.541118,0.523181,-0.068156,0.447773,0.50256,-0.035407,0.460061,0.401974,-0.064653,0.462507,0.327996,-0.08307,0.463279,0.266596,-0.096538,0.414831,0.518792,-0.053137,0.527467,0.53137,-0.092633,0.54805,0.605426,-0.098302,0.539872,0.649988,-0.096865,0.397951,0.56603,-0.070447,0.515095,0.581336,-0.108157,0.528491,0.644566,-0.094901,0.516929,0.684946,-0.07894,0.394212,0.625889,-0.089174,0.470686,0.610037,-0.113613,0.497916,0.636878,-0.101583,0.509873,0.664657,-0.086746
185,6166,True,0.9987,0.9987,0.400652,0.840457,-0.0,0.479186,0.761972,-0.002878,0.520104,0.688305,-0.022185,0.55105,0.641751,-0.048209,0.57148,0.614596,-0.073841,0.452521,0.551845,-0.033593,0.460118,0.449011,-0.064198,0.459467,0.375545,-0.082611,0.459061,0.313297,-0.096322,0.420224,0.568074,-0.053877,0.530935,0.58011,-0.095298,0.543904,0.652466,-0.101281,0.532627,0.690683,-0.099601,0.403084,0.615011,-0.073975,0.517,0.640127,-0.110067,0.52178,0.698678,-0.097619,0.507157,0.727336,-0.083193,0.398261,0.672698,-0.09577,0.481603,0.679138,-0.115157,0.500325,0.713465,-0.10183,0.50293,0.736111,-0.087712
186,6200,True,0.9944,0.9944,0.39182,0.903285,-0.0,0.470807,0.840254,-0.010137,0.521467,0.790059,-0.038912,0.558467,0.76558,-0.073836,0.56781,0.750367,-0.107972,0.456665,0.62245,-0.04478,0.466082,0.523281,-0.080501,0.466811,0.451644,-0.103881,0.468514,0.389971,-0.121741,0.426402,0.640788,-0.064138,0.533304,0.662968,-0.109677,0.542188,0.724203,-0.120131,0.52632,0.755622,-0.122244,0.410581,0.693325,-0.083478,0.520835,0.730472,-0.118131,0.521825,0.776899,-0.107872,0.502192,0.792729,-0.09652,0.409423,0.758143,-0.105278,0.501548,0.784891,-0.122743,0.509277,0.806134,-0.112324,0.496877,0.806638,-0.101734
187,6233,True,0.9973,0.9973,0.391303,0.96353,-0.0,0.463625,0.868258,0.000541,0.527511,0.797797,-0.02629,0.581721,0.780639,-0.05986,0.593078,0.822241,-0.094653,0.465838,0.690029,-0.046155,0.476228,0.615671,-0.081994,0.477799,0.552414,-0.105586,0.477403,0.501542,-0.123248,0.432714,0.715728,-0.069323,0.548484,0.776812,-0.105562,0.55471,0.836599,-0.105754,0.534046,0.853322,-0.103976,0.412327,0.779851,-0.091521,0.533585,0.854079,-0.121903,0.532334,0.886816,-0.108309,0.506741,0.888247,-0.09649,0.405145,0.853128,-0.115103,0.50662,0.902018,-0.127468,0.514259,0.92177,-0.111283,0.493878,0.923915,-0.098514
188,6266,True,0.9958,0.9958,0.419229,1.036799,-0.0,0.474971,0.942195,-0.003254,0.520543,0.866658,-0.024691,0.559135,0.831261,-0.050704,0.594241,0.819551,-0.076951,0.474072,0.761195,-0.048486,0.492553,0.712314,-0.087172,0.498286,0.664952,-0.116485,0.499255,0.623365,-0.137795,0.437354,0.787621,-0.06771,0.559011,0.867862,-0.108243,0.56913,0.909703,-0.116764,0.555901,0.923777,-0.120974,0.416259,0.856603,-0.086288,0.538616,0.947901,-0.11733,0.532211,0.963032,-0.107783,0.507318,0.95328,-0.099856,0.406426,0.938103,-0.106746,0.506746,1.004681,-0.125287,0.503683,1.008855,-0.115968,0.480732,0.993151,-0.107409
189,6300,True,0.9613,0.9613,0.400022,1.069138,0.0,0.443829,0.977712,-0.023719,0.49429,0.879141,-0.047152,0.527114,0.820582,-0.070192,0.54488,0.7792,-0.093287,0.46205,0.826847,-0.061448,0.503213,0.809803,-0.105291,0.523453,0.785217,-0.139207,0.537708,0.761135,-0.163615,0.435384,0.872719,-0.07236,0.558515,0.958933,-0.115804,0.542954,0.974527,-0.130915,0.512174,0.963061,-0.142166,0.415159,0.943567,-0.085217,0.525183,1.02388,-0.124742,0.498035,1.023944,-0.121117,0.467545,1.001246,-0.11714,0.398506,1.022435,-0.101005,0.477633,1.069878,-0.130339,0.458714,1.067207,-0.126701,0.430025,1.053952,-0.121631
190,6333,True,0.8887,0.8887,0.404408,1.097997,0.0,0.425147,1.019031,-0.011701,0.466022,0.943568,-0.028694,0.510482,0.913016,-0.047422,0.553157,0.911937,-0.067801,0.469085,0.875958,-0.035209,0.497839,0.850955,-0.066684,0.528705,0.839944,-0.089563,0.56137,0.83741,-0.104721,0.468498,0.912326,-0.04567,0.557509,0.983574,-0.088915,0.572359,1.054005,-0.103492,0.569894,1.09579,-0.106648,0.468391,0.969745,-0.056584,0.549258,1.042995,-0.093463,0.55052,1.085349,-0.091913,0.53677,1.106492,-0.083318,0.46476,1.033068,-0.068527,0.527271,1.0783,-0.090193,0.52905,1.105534,-0.08469,0.516682,1.117651,-0.075287
191,6366,True,0.7364,0.7364,0.420337,1.095293,-0.0,0.422321,1.003753,-0.020037,0.456573,0.928428,-0.036069,0.503777,0.897327,-0.051188,0.545672,0.889091,-0.065653,0.491189,0.901441,-0.03475,0.527553,0.90621,-0.064567,0.537489,0.927725,-0.084085,0.538198,0.941439,-0.094921,0.511867,0.954318,-0.037453,0.553543,1.007155,-0.067098,0.548524,1.047783,-0.075766,0.534514,1.064757,-0.079116,0.525277,1.013348,-0.042331,0.557357,1.059748,-0.068215,0.547713,1.08789,-0.063711,0.530192,1.100546,-0.056792,0.531712,1.069132,-0.049187,0.55412,1.102012,-0.066712,0.543875,1.120117,-0.06153,0.530836,1.126778,-0.053607
192,6400,True,0.6669,0.6669,0.425562,1.072207,-0.0,0.436925,0.974301,-0.028737,0.470519,0.910274,-0.046657,0.512209,0.886793,-0.059869,0.544986,0.88741,-0.069283,0.557607,0.929223,-0.036979,0.548073,0.940366,-0.061828,0.519093,0.968808,-0.072724,0.499684,0.983849,-0.076852,0.571869,0.985389,-0.032993,0.540119,0.992117,-0.054943,0.51291,1.014054,-0.057097,0.500658,1.028701,-0.056767,0.570466,1.035712,-0.032047,0.540553,1.036196,-0.052994,0.523633,1.056219,-0.044652,0.514122,1.071945,-0.03574,0.559978,1.079818,-0.033519,0.541405,1.078043,-0.049629,0.529406,1.094159,-0.043698,0.525493,1.10702,-0.03455
193,6433,True,0.9934,0.9934,0.432012,1.028222,-0.0,0.451014,0.946469,-0.031177,0.488356,0.900013,-0.048364,0.517874,0.881425,-0.062925,0.53318,0.86367,-0.074769,0.582876,0.993541,-0.022711,0.602434,0.988929,-0.044144,0.566894,0.957654,-0.058958,0.52836,0.943921,-0.066511,0.571508,1.043806,-0.020021,0.579668,1.018155,-0.038632,0.538035,0.975131,-0.045669,0.501936,0.963222,-0.047135,0.546179,1.080097,-0.021874,0.542183,1.043854,-0.042908,0.508584,1.005,-0.044283,0.4793,0.994911,-0.040295,0.514178,1.107095,-0.026183,0.509265,1.074249,-0.045361,0.486525,1.044178,-0.044486,0.464348,1.033233,-0.038683
194,6466,True,0.9988,0.9988,0.416691,0.994736,-0.0,0.431121,0.929645,-0.032016,0.468478,0.883006,-0.051709,0.50246,0.863315,-0.069454,0.519421,0.834734,-0.083462,0.572651,0.96462,-0.017334,0.584624,0.952732,-0.042329,0.558649,0.92801,-0.059159,0.534289,0.921294,-0.067157,0.556642,1.012987,-0.015974,0.548021,0.975483,-0.034857,0.514928,0.944721,-0.040349,0.494931,0.942661,-0.039458,0.525677,1.046921,-0.020165,0.500602,0.990617,-0.034014,0.475706,0.966824,-0.02838,0.463946,0.970347,-0.021263,0.486989,1.070135,-0.028701,0.464175,1.01293,-0.035223,0.449198,0.996396,-0.028214,0.440194,1.001971,-0.019488
195,6500,True,0.9979,0.9979,0.420841,0.992815,-0.0,0.434662,0.925707,-0.040732,0.47069,0.872868,-0.064694,0.499826,0.838138,-0.082752,0.513185,0.795958,-0.096729,0.569234,0.958543,-0.039713,0.540211,0.91022,-0.067421,0.510707,0.900153,-0.085523,0.498897,0.9108,-0.095821,0.546581,1.003178,-0.033775,0.498379,0.929721,-0.053436,0.477513,0.926078,-0.059361,0.477058,0.944661,-0.062768,0.509536,1.032912,-0.03254,0.459675,0.952489,-0.048203,0.44791,0.952587,-0.042607,0.454349,0.971928,-0.038192,0.469011,1.050552,-0.036027,0.43003,0.976395,-0.047634,0.424123,0.977045,-0.04333,0.430642,0.998037,-0.03739
196,6533,True,0.9962,0.9962,0.409998,0.969339,-0.0,0.424325,0.902394,-0.044366,0.460148,0.852947,-0.071059,0.490367,0.817266,-0.091421,0.503956,0.771961,-0.108081,0.562977,0.944982,-0.042626,0.539827,0.897645,-0.070543,0.505392,0.877948,-0.089254,0.485498,0.882395,-0.09926,0.540975,0.984999,-0.034124,0.501701,0.917687,-0.054023,0.476795,0.904142,-0.062109,0.46826,0.914046,-0.066774,0.504462,1.009255,-0.030296,0.463126,0.936345,-0.04707,0.446615,0.927877,-0.045832,0.443302,0.939739,-0.043702,0.46432,1.021521,-0.030947,0.435706,0.958754,-0.043544,0.425252,0.950808,-0.041284,0.421246,0.961162,-0.036309
197,6566,True,0.9233,0.9233,0.427634,0.955001,-0.0,0.45206,0.92216,-0.036221,0.494163,0.896814,-0.064644,0.523012,0.880292,-0.08704,0.533509,0.859452,-0.108348,0.562141,0.933082,-0.065978,0.523985,0.888895,-0.104881,0.497146,0.867325,-0.129781,0.493815,0.863809,-0.144743,0.528742,0.950547,-0.065176,0.488222,0.890136,-0.094276,0.472632,0.873354,-0.101657,0.476566,0.881511,-0.107614,0.486846,0.956207,-0.067332,0.455605,0.889404,-0.092809,0.448296,0.876296,-0.086608,0.457558,0.888953,-0.081828,0.4473,0.953129,-0.072624,0.43157,0.888665,-0.093021,0.430886,0.877191,-0.089302,0.439218,0.889153,-0.084051
198,6600,False,0.0,0.0,0.0,0.0,0.0,0.0,0.0,0.0,0.0,0.0,0.0,0.0,0.0,0.0,0.0,0.0,0.0,0.0,0.0,0.0,0.0,0.0,0.0,0.0,0.0,0.0,0.0,0.0,0.0,0.0,0.0,0.0,0.0,0.0,0.0,0.0,0.0,0.0,0.0,0.0,0.0,0.0,0.0,0.0,0.0,0.0,0.0,0.0,0.0,0.0,0.0,0.0,0.0,0.0,0.0,0.0,0.0,0.0,0.0,0.0,0.0,0.0,0.0,0.0,0.0
199,6633,True,0.95,0.95,0.390474,0.96737,0.0,0.459532,0.903552,-0.011212,0.525829,0.864098,-0.031415,0.567697,0.888292,-0.054378,0.568193,0.938769,-0.07957,0.450411,0.806586,-0.044976,0.467494,0.781267,-0.073727,0.476106,0.753642,-0.098037,0.479118,0.726319,-0.116249,0.413258,0.845574,-0.060737,0.510135,0.905032,-0.08674,0.524966,0.92385,-0.093651,0.522523,0.923242,-0.099479,0.39043,0.910081,-0.076829,0.494714,0.985227,-0.09788,0.509168,0.988568,-0.092164,0.509727,0.973729,-0.087959,0.37832,0.980552,-0.095257,0.462566,1.038373,-0.102306,0.462915,1.037125,-0.089138,0.447999,1.020182,-0.081181
200,6666,True,0.9874,0.9874,0.397018,1.003502,0.0,0.460111,0.937291,-0.010864,0.519553,0.883823,-0.031045,0.562049,0.893626,-0.052421,0.560938,0.936169,-0.075353,0.443003,0.811578,-0.050838,0.457669,0.787863,-0.082079,0.466681,0.750045,-0.107761,0.470591,0.719056,-0.126661,0.410133,0.845193,-0.063907,0.52584,0.915961,-0.091332,0.523929,0.922484,-0.095714,0.500439,0.910221,-0.099763,0.390719,0.910707,-0.076845,0.509908,0.982789,-0.099062,0.49983,0.975283,-0.090572,0.4776,0.953868,-0.08421,0.380971,0.98367,-0.091908,0.479014,1.032132,-0.104925,0.465459,1.025968,-0.094191,0.436299,1.011688,-0.085827
201,6700,True,0.9939,0.9939,0.401031,1.006774,0.0,0.454768,0.941311,-0.010534,0.507747,0.886992,-0.031874,0.553033,0.894202,-0.055241,0.563678,0.93613,-0.080519,0.44176,0.813174,-0.050168,0.457722,0.785791,-0.083346,0.466557,0.747049,-0.107117,0.473833,0.71634,-0.124142,0.409636,0.842993,-0.064298,0.529636,0.911635,-0.09509,0.520676,0.93118,-0.098297,0.494841,0.921297,-0.100167,0.392875,0.907936,-0.078671,0.516266,0.980305,-0.104572,0.493331,0.983786,-0.094982,0.464815,0.965772,-0.087083,0.384827,0.981589,-0.095284,0.482583,1.028088,-0.114,0.465434,1.027701,-0.105784,0.436733,1.017875,-0.097971
202,6733,True,0.9919,0.9919,0.401574,1.009485,0.0,0.455708,0.942601,-0.012743,0.507711,0.887524,-0.03493,0.551676,0.893712,-0.059173,0.560267,0.933079,-0.085327,0.440944,0.810113,-0.048355,0.45445,0.787989,-0.083004,0.462412,0.751517,-0.108108,0.468014,0.721518,-0.125864,0.409644,0.841112,-0.061992,0.530149,0.908932,-0.096931,0.522014,0.934021,-0.103176,0.495216,0.928178,-0.105651,0.393288,0.905933,-0.076361,0.513974,0.977435,-0.106837,0.490764,0.98546,-0.099616,0.461042,0.969732,-0.091585,0.385801,0.978807,-0.092897,0.480567,1.024432,-0.114209,0.463272,1.02684,-0.107317,0.434229,1.018796,-0.099584
203,6766,True,0.9907,0.9907,0.401567,1.007521,0.0,0.452562,0.946507,-0.015697,0.502588,0.895818,-0.039097,0.546345,0.902033,-0.06406,0.558968,0.936593,-0.090733,0.44131,0.813197,-0.050496,0.454234,0.791483,-0.086748,0.46109,0.756244,-0.113366,0.466831,0.725921,-0.132241,0.410786,0.843151,-0.063472,0.527559,0.910482,-0.099536,0.519199,0.931716,-0.107373,0.494727,0.923545,-0.111209,0.39362,0.90741,-0.077555,0.509721,0.978864,-0.108686,0.487727,0.984519,-0.10166,0.461137,0.967792,-0.093889,0.384004,0.980015,-0.094227,0.473462,1.027509,-0.116468,0.455404,1.027527,-0.110021,0.427967,1.016748,-0.102486
204,6800,True,0.996,0.996,0.398338,1.000995,0.0,0.44707,0.933536,-0.013413,0.496943,0.880643,-0.0348,0.541334,0.886975,-0.057572,0.555807,0.921694,-0.082356,0.4369,0.81456,-0.047404,0.449452,0.792537,-0.079184,0.458985,0.760572,-0.102784,0.467192,0.733507,-0.119472,0.407423,0.846408,-0.059732,0.519756,0.906954,-0.090902,0.529573,0.923599,-0.098474,0.520206,0.919899,-0.102382,0.39074,0.909663,-0.072651,0.504461,0.974048,-0.099943,0.509425,0.974861,-0.094209,0.500794,0.962145,-0.087102,0.383252,0.979892,-0.087625,0.468752,1.020087,-0.10539,0.466385,1.019152,-0.097404,0.449891,1.010651,-0.088833
205,6833,True,0.9941,0.9941,0.400605,0.996027,0.0,0.449016,0.933964,-0.015832,0.499562,0.883409,-0.037758,0.543344,0.88864,-0.06026,0.55492,0.922212,-0.084408,0.435401,0.815719,-0.052242,0.448491,0.794317,-0.086453,0.456288,0.761725,-0.11142,0.464224,0.734663,-0.129033,0.406339,0.847687,-0.063615,0.52054,0.913075,-0.096344,0.522792,0.92572,-0.103074,0.50919,0.916452,-0.106876,0.390644,0.912336,-0.075912,0.504315,0.978259,-0.104662,0.49891,0.975855,-0.097609,0.484916,0.959588,-0.090125,0.383469,0.983245,-0.090641,0.467928,1.025886,-0.111405,0.458626,1.02158,-0.104653,0.438519,1.009802,-0.097102
206,6866,True,0.9966,0.9966,0.394738,1.006397,0.0,0.442876,0.944956,-0.015382,0.493345,0.895528,-0.038016,0.539664,0.903387,-0.061458,0.559213,0.938383,-0.08652,0.436329,0.819731,-0.051034,0.450936,0.796386,-0.084348,0.458931,0.762914,-0.109041,0.466514,0.735173,-0.12687,0.406517,0.848751,-0.062629,0.521899,0.920298,-0.09437,0.522697,0.935883,-0.101117,0.506894,0.925887,-0.105274,0.389493,0.91248,-0.07511,0.504373,0.985538,-0.102333,0.497638,0.982743,-0.094532,0.481553,0.964198,-0.087104,0.38058,0.983817,-0.090158,0.465458,1.031548,-0.110018,0.456523,1.028116,-0.102523,0.436262,1.016029,-0.094431
207,6899,True,0.9977,0.9977,0.389345,1.007075,0.0,0.438712,0.946665,-0.014587,0.489477,0.894277,-0.03653,0.534416,0.898265,-0.059354,0.550937,0.932799,-0.084193,0.43692,0.821617,-0.049914,0.451075,0.798375,-0.082505,0.459987,0.767228,-0.106495,0.467114,0.739657,-0.123757,0.407589,0.848506,-0.061644,0.520172,0.917813,-0.093103,0.523589,0.940904,-0.099884,0.508393,0.935254,-0.103878,0.38917,0.909177,-0.07404,0.500991,0.98149,-0.101859,0.496673,0.986784,-0.095105,0.480931,0.972153,-0.088362,0.379468,0.977983,-0.088593,0.464382,1.02765,-0.10753,0.462675,1.031456,-0.09959,0.448532,1.023112,-0.091619
208,6933,True,0.9974,0.9974,0.391729,0.986038,0.0,0.440014,0.921099,-0.015794,0.491896,0.872575,-0.039533,0.535999,0.883643,-0.063144,0.545218,0.920894,-0.088172,0.430705,0.815568,-0.053196,0.445635,0.794932,-0.084343,0.455276,0.769093,-0.107624,0.463972,0.748039,-0.124712,0.402955,0.846865,-0.063492,0.506597,0.908023,-0.094881,0.527123,0.925978,-0.10323,0.532074,0.922724,-0.108892,0.38828,0.905412,-0.074239,0.497198,0.968125,-0.100196,0.514962,0.965353,-0.095135,0.518068,0.950328,-0.090226,0.385412,0.969214,-0.087278,0.471629,1.006677,-0.10467,0.487546,1.000141,-0.098471,0.489677,0.985305,-0.092536
209,6966,True,0.9986,0.9986,0.400954,0.978423,0.0,0.44783,0.92189,-0.019707,0.497153,0.872463,-0.044564,0.535773,0.880325,-0.068873,0.545766,0.909655,-0.094439,0.43111,0.816215,-0.060359,0.44591,0.795211,-0.096078,0.452919,0.767606,-0.122741,0.459952,0.746373,-0.141529,0.402297,0.850724,-0.070335,0.512147,0.917456,-0.105378,0.523056,0.926543,-0.115023,0.518421,0.917403,-0.121259,0.388924,0.91419,-0.081015,0.503774,0.980989,-0.108992,0.510391,0.975782,-0.100011,0.504485,0.959031,-0.091986,0.38545,0.982718,-0.094766,0.476594,1.01897,-0.114913,0.480315,1.011312,-0.106268,0.470554,0.996148,-0.097558
210,7000,True,0.9975,0.9975,0.397694,1.011352,0.0,0.445429,0.953128,-0.017352,0.493659,0.901067,-0.042535,0.539183,0.900485,-0.068167,0.559668,0.928179,-0.095278,0.436638,0.824187,-0.055691,0.453034,0.803027,-0.092128,0.46092,0.769113,-0.118241,0.469345,0.739633,-0.137022,0.406221,0.852228,-0.067657,0.522342,0.920307,-0.102624,0.524742,0.944844,-0.108598,0.513265,0.94097,-0.111744,0.389928,0.915066,-0.080839,0.507125,0.988859,-0.10919,0.495372,0.992819,-0.099222,0.478244,0.976792,-0.090817,0.382177,0.985961,-0.09702,0.465749,1.034784,-0.116726,0.4499,1.037769,-0.108369,0.426274,1.027927,-0.10035
211,7033,True,0.9976,0.9976,0.390038,1.007892,0.0,0.441729,0.948582,-0.015743,0.492257,0.894782,-0.038344,0.53685,0.89601,-0.061939,0.550911,0.927124,-0.087282,0.437704,0.820166,-0.048504,0.453487,0.79839,-0.081041,0.463691,0.766786,-0.104341,0.471596,0.740581,-0.121027,0.409291,0.848288,-0.060203,0.522793,0.917512,-0.09147,0.519853,0.941741,-0.097188,0.499571,0.934007,-0.100239,0.391924,0.909604,-0.073058,0.505813,0.984781,-0.100934,0.492788,0.98972,-0.093916,0.471435,0.972004,-0.087126,0.382644,0.978641,-0.088312,0.469646,1.033148,-0.107534,0.45971,1.038021,-0.100192,0.438292,1.028682,-0.092787
212,7066,True,0.9967,0.9967,0.394509,0.995176,0.0,0.444427,0.931538,-0.015127,0.497053,0.884517,-0.039394,0.541701,0.897752,-0.063739,0.551166,0.938185,-0.089306,0.435337,0.819809,-0.052152,0.44986,0.799227,-0.082877,0.460328,0.770256,-0.106689,0.468064,0.745839,-0.124347,0.406905,0.84873,-0.062834,0.512444,0.909809,-0.093832,0.528396,0.927184,-0.101684,0.526179,0.923586,-0.106772,0.391454,0.905546,-0.073751,0.503951,0.969371,-0.098627,0.514313,0.96504,-0.091573,0.509271,0.947804,-0.085078,0.38737,0.969247,-0.08702,0.479394,1.005765,-0.102789,0.490194,0.997017,-0.094437,0.485459,0.980931,-0.086819
213,7100,True,0.9974,0.9974,0.399367,0.980611,1e-06,0.444645,0.921172,-0.022519,0.493479,0.87385,-0.048829,0.533978,0.884931,-0.073709,0.544732,0.916973,-0.099231,0.429385,0.817616,-0.062525,0.447246,0.796238,-0.096714,0.455957,0.768727,-0.122129,0.463969,0.748038,-0.140505,0.402063,0.853156,-0.07073,0.50947,0.91692,-0.104491,0.525232,0.920807,-0.113842,0.525388,0.910845,-0.120549,0.389955,0.917329,-0.079908,0.503504,0.981618,-0.1069,0.514327,0.969986,-0.099903,0.511186,0.951949,-0.093719,0.38849,0.986249,-0.092339,0.480328,1.02292,-0.113152,0.489041,1.012135,-0.107469,0.483342,0.995932,-0.101143
214,7133,True,0.997,0.997,0.399428,1.010267,0.0,0.443956,0.951322,-0.016948,0.492159,0.9031,-0.042182,0.538535,0.911978,-0.067958,0.561433,0.947357,-0.095372,0.434641,0.823465,-0.055374,0.451837,0.79965,-0.090115,0.460084,0.766719,-0.115424,0.468688,0.737406,-0.13403,0.405248,0.853828,-0.067413,0.521318,0.920376,-0.101498,0.521427,0.940951,-0.108726,0.506232,0.934864,-0.113274,0.389237,0.91776,-0.080379,0.502986,0.986309,-0.108867,0.494471,0.989043,-0.101089,0.478752,0.974356,-0.094101,0.381639,0.988364,-0.096092,0.464733,1.033373,-0.116507,0.453914,1.035046,-0.10959,0.433522,1.025999,-0.10247
215,7166,True,0.9977,0.9977,0.39569,1.013108,0.0,0.444897,0.954728,-0.01628,0.493909,0.901999,-0.039107,0.537802,0.905242,-0.063129,0.552081,0.938256,-0.08901,0.438636,0.822632,-0.048771,0.453465,0.797425,-0.08126,0.462376,0.76378,-0.105794,0.470206,0.734053,-0.124015,0.408116,0.851573,-0.060758,0.521629,0.919278,-0.093226,0.516626,0.942601,-0.101366,0.495065,0.935687,-0.106603,0.390013,0.913518,-0.073714,0.504508,0.986336,-0.101067,0.487031,0.991229,-0.094809,0.462901,0.973376,-0.08915,0.380518,0.983599,-0.08933,0.467842,1.033313,-0.108114,0.452908,1.037843,-0.100991,0.427692,1.028914,-0.094082
216,7200,True,0.9979,0.9979,0.392182,1.001717,0.0,0.443825,0.939325,-0.014457,0.49526,0.888277,-0.037086,0.538779,0.897087,-0.060784,0.552274,0.937439,-0.086516,0.437137,0.818308,-0.050876,0.452258,0.796892,-0.082944,0.460479,0.766375,-0.106944,0.466635,0.738814,-0.12468,0.406581,0.846949,-0.063398,0.519095,0.917213,-0.095175,0.52135,0.937812,-0.102964,0.505513,0.930989,-0.108006,0.387678,0.907678,-0.076452,0.500366,0.980633,-0.104056,0.496416,0.982121,-0.098963,0.481267,0.964939,-0.09378,0.377819,0.975738,-0.091709,0.46496,1.024783,-0.110928,0.461635,1.027188,-0.104287,0.445009,1.018394,-0.097599
217,7233,True,0.9966,0.9966,0.395412,0.992978,0.0,0.444957,0.931038,-0.015397,0.496776,0.883288,-0.038075,0.540124,0.896573,-0.061236,0.553478,0.936576,-0.085838,0.435472,0.81728,-0.052292,0.448615,0.798634,-0.084617,0.456852,0.768905,-0.108814,0.464902,0.744074,-0.126555,0.405407,0.84757,-0.063506,0.516234,0.919259,-0.093809,0.515898,0.932127,-0.100236,0.499987,0.920783,-0.105046,0.387767,0.908521,-0.07546,0.498872,0.980784,-0.100531,0.491076,0.975949,-0.093203,0.474416,0.95596,-0.087293,0.379033,0.975705,-0.090053,0.466059,1.023556,-0.108576,0.45863,1.020464,-0.101999,0.439017,1.007634,-0.095627
218,7266,True,0.9958,0.9958,0.399071,0.997234,0.0,0.445199,0.938271,-0.016134,0.494463,0.890511,-0.039638,0.538121,0.899424,-0.063639,0.553757,0.933838,-0.089425,0.434245,0.819489,-0.054458,0.44765,0.797795,-0.088098,0.456213,0.766406,-0.112454,0.465576,0.74027,-0.130062,0.403866,0.849838,-0.066038,0.516005,0.920769,-0.097338,0.514271,0.935998,-0.103011,0.497662,0.92442,-0.107101,0.386127,0.91261,-0.078514,0.496834,0.982957,-0.105412,0.486646,0.981478,-0.097431,0.469488,0.96281,-0.09088,0.37646,0.981597,-0.093563,0.457953,1.028031,-0.113764,0.445397,1.02756,-0.106851,0.422854,1.01664,-0.099994
219,7300,True,0.9952,0.9952,0.391525,1.007258,0.0,0.44227,0.946509,-0.016499,0.494659,0.894978,-0.039377,0.544038,0.903068,-0.063166,0.560445,0.938699,-0.088576,0.433135,0.821625,-0.0502,0.451838,0.798278,-0.082301,0.46197,0.764277,-0.106728,0.471571,0.734834,-0.125159,0.403022,0.853508,-0.061868,0.518714,0.92167,-0.093333,0.511209,0.936966,-0.100974,0.489793,0.9236,-0.106698,0.385231,0.916322,-0.07455,0.500521,0.985458,-0.101121,0.484763,0.983536,-0.094595,0.463833,0.963757,-0.089285,0.375426,0.984644,-0.09007,0.461022,1.031114,-0.109867,0.445213,1.030096,-0.103855,0.419804,1.018853,-0.097893
220,7333,True,0.9975,0.9975,0.388717,1.001047,0.0,0.442619,0.939575,-0.015483,0.495836,0.889114,-0.040056,0.543651,0.898929,-0.065573,0.562819,0.937384,-0.092736,0.433015,0.8158,-0.053135,0.449962,0.794743,-0.088587,0.464995,0.76119,-0.113946,0.47934,0.734432,-0.131801,0.40516,0.845667,-0.065645,0.5217,0.912755,-0.100133,0.518431,0.935768,-0.106457,0.498036,0.925837,-0.109446,0.389521,0.907231,-0.07899,0.506096,0.977205,-0.10896,0.494952,0.979352,-0.101581,0.474402,0.95838,-0.093913,0.382139,0.976524,-0.094604,0.473989,1.023814,-0.114637,0.465328,1.02356,-0.106678,0.443895,1.010663,-0.098612
221,7366,True,0.9974,0.9974,0.398014,0.989495,0.0,0.444348,0.930097,-0.01529,0.497198,0.886057,-0.040429,0.543548,0.902723,-0.06548,0.560086,0.946187,-0.091615,0.432662,0.821618,-0.060034,0.449791,0.792883,-0.095542,0.466656,0.757631,-0.121284,0.482163,0.729992,-0.139427,0.405679,0.850646,-0.071337,0.517989,0.910543,-0.105779,0.522423,0.928149,-0.112539,0.508456,0.92101,-0.116276,0.390981,0.907938,-0.08263,0.506611,0.972507,-0.109993,0.504656,0.96827,-0.10102,0.489535,0.947318,-0.092957,0.385191,0.97194,-0.096238,0.479987,1.010741,-0.113753,0.48148,1.00677,-0.104189,0.467454,0.994308,-0.095469
222,7399,True,0.9986,0.9986,0.402514,0.991352,1e-06,0.444972,0.93413,-0.016069,0.494977,0.887809,-0.039683,0.540483,0.900466,-0.06327,0.562269,0.939824,-0.088463,0.432734,0.824,-0.056426,0.45111,0.793515,-0.089763,0.469619,0.758583,-0.114544,0.488887,0.730651,-0.132685,0.404055,0.85465,-0.067844,0.505503,0.909879,-0.099704,0.526088,0.925044,-0.107413,0.531664,0.91884,-0.113087,0.387852,0.914814,-0.079742,0.495913,0.978372,-0.104591,0.506277,0.978332,-0.096691,0.502894,0.963701,-0.090573,0.381831,0.982331,-0.094337,0.466475,1.020781,-0.111158,0.470591,1.021877,-0.102647,0.460955,1.01388,-0.095175
223,7433,True,0.9971,0.9971,0.388492,1.013009,0.0,0.439356,0.950482,-0.014044,0.49319,0.896364,-0.037865,0.54447,0.90137,-0.062881,0.566743,0.938863,-0.089471,0.436259,0.821572,-0.052277,0.45771,0.796121,-0.087711,0.472297,0.757917,-0.113156,0.488901,0.72632,-0.131721,0.406907,0.85177,-0.065914,0.52404,0.917134,-0.099596,0.519058,0.942651,-0.10508,0.500973,0.934445,-0.108351,0.390171,0.913823,-0.080478,0.507645,0.985748,-0.106506,0.48971,0.989309,-0.095982,0.468097,0.969246,-0.087969,0.380704,0.982893,-0.098036,0.470055,1.030468,-0.115973,0.453552,1.033033,-0.107313,0.428884,1.021938,-0.099585
224,7466,True,0.9979,0.9979,0.387653,0.999283,1e-06,0.438498,0.935655,-0.01348,0.492636,0.88434,-0.036048,0.539338,0.893454,-0.058808,0.557941,0.935958,-0.08313,0.4324,0.820138,-0.052623,0.453157,0.790952,-0.083196,0.471653,0.757464,-0.106676,0.487255,0.731274,-0.12393,0.405768,0.849178,-0.063945,0.516882,0.907837,-0.094266,0.530884,0.92675,-0.101263,0.525076,0.922115,-0.105697,0.390848,0.90705,-0.075105,0.506485,0.97205,-0.098951,0.510566,0.967807,-0.092374,0.499739,0.948132,-0.086496,0.385819,0.972846,-0.0884,0.47969,1.012376,-0.102226,0.484381,1.007029,-0.093086,0.473925,0.993823,-0.085238
225,7500,True,0.9979,0.9979,0.392251,0.984686,1e-06,0.439624,0.923199,-0.013369,0.494902,0.879057,-0.037728,0.54264,0.896558,-0.062071,0.56126,0.944702,-0.087813,0.433085,0.81807,-0.055871,0.453492,0.788719,-0.086817,0.470424,0.755423,-0.109961,0.485572,0.728743,-0.127004,0.406528,0.847719,-0.067287,0.51799,0.90217,-0.098164,0.530891,0.92275,-0.104742,0.524886,0.919984,-0.108852,0.392297,0.904167,-0.078135,0.508541,0.962597,-0.101838,0.512442,0.959032,-0.093359,0.501013,0.940844,-0.086219,0.388239,0.966874,-0.091017,0.483895,0.997976,-0.10433,0.491914,0.991243,-0.093576,0.483882,0.977955,-0.084754
226,7533,True,0.9986,0.9986,0.407046,0.969083,1e-06,0.450823,0.909351,-0.018672,0.500794,0.867847,-0.0449,0.541512,0.884926,-0.070285,0.559299,0.926557,-0.097079,0.43656,0.813656,-0.065327,0.452865,0.784689,-0.100522,0.467544,0.751559,-0.126459,0.482594,0.726023,-0.144793,0.406691,0.847326,-0.075143,0.508783,0.902977,-0.108561,0.530001,0.914104,-0.116572,0.535158,0.909862,-0.121918,0.390366,0.907575,-0.084936,0.499637,0.968883,-0.111595,0.514277,0.962038,-0.103163,0.513139,0.94629,-0.095734,0.385427,0.973692,-0.097313,0.47563,1.008154,-0.115394,0.487153,1.001547,-0.105878,0.482245,0.989787,-0.097023
227,7566,True,0.9989,0.9989,0.395004,1.004757,0.0,0.444406,0.941816,-0.011716,0.497063,0.885634,-0.032982,0.545349,0.883745,-0.055373,0.564956,0.918914,-0.079747,0.4387,0.821719,-0.052263,0.459737,0.791696,-0.084904,0.473058,0.753199,-0.108154,0.486983,0.721194,-0.124737,0.408056,0.850676,-0.065614,0.523024,0.906073,-0.094825,0.523968,0.931191,-0.098131,0.508638,0.931071,-0.100007,0.391327,0.912472,-0.07912,0.508299,0.976012,-0.103137,0.49756,0.979895,-0.09262,0.47817,0.967796,-0.0843,0.383182,0.982373,-0.094992,0.473966,1.022779,-0.111032,0.466537,1.024734,-0.100745,0.447127,1.019546,-0.091658
228,7600,True,0.996,0.996,0.390894,0.992511,0.0,0.440631,0.929291,-0.012165,0.495301,0.878817,-0.033482,0.5426,0.887441,-0.055618,0.557246,0.927263,-0.079917,0.432043,0.814394,-0.054456,0.453954,0.78658,-0.087873,0.471725,0.749462,-0.112532,0.486408,0.719259,-0.12979,0.40308,0.846562,-0.06746,0.521177,0.908567,-0.098874,0.524333,0.927458,-0.104395,0.507354,0.922804,-0.107138,0.387119,0.910566,-0.08016,0.505576,0.973942,-0.10717,0.498988,0.974629,-0.099217,0.480473,0.958834,-0.091026,0.379399,0.982431,-0.094645,0.468811,1.021142,-0.111523,0.459604,1.019058,-0.101011,0.437004,1.010767,-0.091062
229,7633,True,0.9938,0.9938,0.394338,0.996959,0.0,0.446528,0.933837,-0.011299,0.500574,0.880638,-0.031482,0.54553,0.884733,-0.053014,0.555311,0.920231,-0.076473,0.437423,0.809265,-0.049794,0.459831,0.782963,-0.084235,0.478406,0.746291,-0.108962,0.494307,0.717148,-0.125671,0.40826,0.841483,-0.063518,0.525166,0.90376,-0.09343,0.519933,0.926317,-0.096184,0.497982,0.917844,-0.097224,0.391715,0.906011,-0.077686,0.510294,0.973682,-0.104287,0.489597,0.978111,-0.094851,0.462314,0.958674,-0.086219,0.382635,0.980277,-0.093851,0.47567,1.023282,-0.110777,0.459295,1.024123,-0.100007,0.431172,1.015517,-0.090213
230,7666,True,0.9975,0.9975,0.389428,0.993419,0.0,0.444162,0.930495,-0.011247,0.500604,0.878722,-0.033741,0.548348,0.883738,-0.058028,0.562255,0.920608,-0.08469,0.442962,0.80644,-0.053563,0.470759,0.772911,-0.089358,0.493194,0.733517,-0.1144,0.511997,0.702677,-0.130924,0.415267,0.839182,-0.068152,0.530144,0.898798,-0.098764,0.523663,0.922175,-0.100479,0.499708,0.913057,-0.100798,0.399451,0.903694,-0.08305,0.519167,0.969531,-0.110064,0.499025,0.975845,-0.099341,0.470996,0.957734,-0.089858,0.391057,0.97864,-0.099867,0.488863,1.020524,-0.115755,0.473487,1.025614,-0.1029,0.444612,1.021274,-0.09173
231,7700,True,0.9992,0.9992,0.400707,0.973171,0.0,0.454359,0.910023,-0.014591,0.507099,0.864821,-0.042867,0.555718,0.870742,-0.071054,0.56948,0.903069,-0.101157,0.458723,0.79214,-0.076368,0.490501,0.752258,-0.121944,0.513893,0.708017,-0.151465,0.530856,0.673514,-0.16877,0.42914,0.825293,-0.090729,0.550976,0.879819,-0.123019,0.537398,0.901392,-0.118343,0.505724,0.892317,-0.114115,0.409113,0.88724,-0.10561,0.532734,0.950887,-0.135808,0.51058,0.959695,-0.11981,0.479811,0.94279,-0.106347,0.399379,0.961915,-0.122411,0.500454,0.999461,-0.137505,0.489233,1.004147,-0.11882,0.459111,1.002172,-0.103962
232,7733,True,0.9993,0.9993,0.393981,0.950965,0.0,0.447969,0.890665,-0.015596,0.506331,0.849382,-0.045676,0.562066,0.863454,-0.076055,0.585968,0.903377,-0.107764,0.469542,0.769196,-0.076948,0.510325,0.723456,-0.124527,0.535844,0.679062,-0.153732,0.557425,0.638304,-0.171621,0.444117,0.802685,-0.092521,0.565087,0.855081,-0.132248,0.545213,0.890264,-0.1299,0.515626,0.882727,-0.125582,0.427042,0.863087,-0.108702,0.55038,0.93256,-0.143725,0.523734,0.948929,-0.128536,0.494262,0.931263,-0.114374,0.420306,0.935353,-0.126906,0.519554,0.976727,-0.143466,0.504629,0.981751,-0.126521,0.475664,0.973502,-0.112719
233,7766,True,0.9996,0.9996,0.414511,0.931065,0.0,0.468916,0.870086,-0.010449,0.527134,0.830642,-0.038821,0.581697,0.841118,-0.067423,0.605649,0.876611,-0.096999,0.493853,0.738687,-0.075454,0.534816,0.684428,-0.119418,0.561743,0.639049,-0.144003,0.583583,0.599518,-0.158119,0.466113,0.766156,-0.092591,0.58517,0.821122,-0.130294,0.57395,0.86601,-0.125098,0.547441,0.86574,-0.117278,0.444949,0.821555,-0.109549,0.568348,0.895499,-0.147281,0.559542,0.929568,-0.132714,0.536443,0.923828,-0.116097,0.43447,0.891416,-0.127057,0.535413,0.931252,-0.142666,0.54219,0.95326,-0.122727,0.523379,0.960211,-0.10553
234,7800,True,0.9994,0.9994,0.42001,0.912059,0.0,0.483362,0.862262,-0.001644,0.54287,0.817873,-0.026934,0.593536,0.816957,-0.056116,0.61783,0.847258,-0.087235,0.512697,0.706369,-0.056598,0.558026,0.647175,-0.093402,0.585304,0.597521,-0.115069,0.605256,0.552082,-0.129715,0.4841,0.728517,-0.07857,0.60302,0.78252,-0.11786,0.592567,0.83577,-0.117055,0.565234,0.841279,-0.112209,0.461834,0.780593,-0.099316,0.583888,0.852686,-0.134932,0.572374,0.89215,-0.11908,0.548475,0.892085,-0.10276,0.448728,0.847438,-0.120526,0.547521,0.882197,-0.136653,0.554415,0.908349,-0.117823,0.542428,0.918157,-0.101503
235,7833,True,0.999,0.999,0.42801,0.891865,0.0,0.50431,0.851325,0.003678,0.561308,0.806495,-0.019068,0.606472,0.793027,-0.047399,0.633949,0.810728,-0.077259,0.529874,0.674875,-0.046602,0.573235,0.601961,-0.082425,0.598809,0.541122,-0.103639,0.61713,0.487699,-0.118432,0.498953,0.689549,-0.070393,0.617786,0.743879,-0.112256,0.607143,0.807538,-0.112352,0.578393,0.823902,-0.106761,0.474529,0.735312,-0.092849,0.592465,0.809864,-0.130173,0.58107,0.855844,-0.113058,0.556501,0.859845,-0.095058,0.458714,0.796921,-0.115364,0.550089,0.832319,-0.132556,0.558497,0.862219,-0.113521,0.549464,0.873348,-0.096488
236,7866,True,0.9973,0.9973,0.427083,0.865555,0.0,0.512839,0.825918,0.002565,0.567135,0.779283,-0.019171,0.608463,0.75644,-0.04712,0.632259,0.764898,-0.076171,0.5346,0.637231,-0.039517,0.577457,0.558869,-0.072698,0.601804,0.495303,-0.093669,0.620133,0.439516,-0.109352,0.50298,0.651435,-0.063056,0.617789,0.702685,-0.104783,0.609485,0.7661,-0.108515,0.582754,0.781337,-0.105676,0.479416,0.697868,-0.085331,0.592905,0.763556,-0.120522,0.584296,0.812188,-0.103886,0.559868,0.819577,-0.08709,0.464324,0.757865,-0.108345,0.55034,0.794611,-0.125925,0.558266,0.826227,-0.108792,0.549304,0.834881,-0.093083
237,7899,True,0.9985,0.9985,0.42347,0.843225,0.0,0.512801,0.801152,0.000514,0.565345,0.752476,-0.021818,0.602405,0.722106,-0.05049,0.622635,0.716066,-0.079911,0.532106,0.60029,-0.039329,0.568067,0.516938,-0.07074,0.588127,0.448299,-0.090162,0.605203,0.391866,-0.105233,0.49534,0.610754,-0.063204,0.61035,0.659126,-0.105592,0.614675,0.730843,-0.111539,0.600816,0.762254,-0.110052,0.467433,0.655213,-0.086126,0.581467,0.723246,-0.121747,0.582052,0.780185,-0.107607,0.565073,0.801146,-0.092545,0.449567,0.71705,-0.110362,0.530805,0.745762,-0.130905,0.558182,0.777365,-0.118454,0.57147,0.797025,-0.105527
238,7933,True,0.9983,0.9983,0.414592,0.820536,0.0,0.500418,0.76705,0.002066,0.552059,0.713971,-0.022268,0.592971,0.683905,-0.053613,0.613409,0.687702,-0.085279,0.511426,0.561653,-0.038388,0.546609,0.474234,-0.07059,0.564611,0.401856,-0.09048,0.577674,0.340553,-0.106269,0.475442,0.576499,-0.064265,0.589595,0.62088,-0.107197,0.588041,0.698023,-0.110579,0.567354,0.723175,-0.107581,0.449636,0.622265,-0.089275,0.563751,0.681853,-0.125561,0.559098,0.739365,-0.107145,0.536162,0.7548,-0.089279,0.433786,0.683391,-0.11563,0.520135,0.708085,-0.135698,0.537405,0.740477,-0.11944,0.535011,0.753949,-0.104046
239,7966,True,0.9982,0.9982,0.399865,0.805512,0.0,0.485104,0.740354,-0.003743,0.538093,0.676407,-0.028613,0.576054,0.640863,-0.058877,0.592312,0.644848,-0.089536,0.482748,0.526513,-0.042967,0.506654,0.434862,-0.073759,0.521079,0.361703,-0.093351,0.534341,0.304033,-0.108877,0.44251,0.545465,-0.064953,0.554878,0.584076,-0.1061,0.565562,0.660589,-0.110022,0.554105,0.69399,-0.107843,0.415177,0.59556,-0.086323,0.529261,0.645698,-0.120713,0.533518,0.702982,-0.103782,0.517742,0.72468,-0.087368,0.40002,0.660042,-0.1096,0.483823,0.674815,-0.128547,0.509257,0.705974,-0.113068,0.517628,0.723109,-0.098234
240,8000,True,0.9988,0.9988,0.37657,0.809817,0.0,0.467221,0.732334,-0.00564,0.522789,0.662758,-0.032539,0.556962,0.623083,-0.064821,0.569656,0.622726,-0.097441,0.448236,0.525261,-0.048678,0.458828,0.424019,-0.082705,0.470353,0.348514,-0.102733,0.48094,0.290102,-0.117549,0.404599,0.540621,-0.070167,0.521564,0.572231,-0.110232,0.528708,0.653613,-0.111116,0.508156,0.682292,-0.10704,0.374037,0.589104,-0.09136,0.491192,0.637347,-0.126942,0.492427,0.696796,-0.109317,0.469921,0.712993,-0.09234,0.355541,0.655739,-0.114398,0.434211,0.664731,-0.133799,0.467434,0.690535,-0.117228,0.480466,0.705087,-0.101323
241,8033,True,0.9978,0.9978,0.346908,0.821499,0.0,0.423227,0.739668,9.4e-05,0.4669,0.671731,-0.024002,0.496285,0.63994,-0.055504,0.515032,0.631639,-0.088331,0.411033,0.535987,-0.039136,0.41525,0.435478,-0.07273,0.416049,0.360455,-0.093141,0.414275,0.297133,-0.108024,0.36766,0.554545,-0.06327,0.481483,0.567686,-0.104073,0.489778,0.648114,-0.107961,0.467598,0.681194,-0.10509,0.338419,0.604035,-0.086545,0.452005,0.636693,-0.121815,0.451261,0.698527,-0.10559,0.424938,0.717713,-0.089058,0.320103,0.665128,-0.110991,0.402179,0.679109,-0.128026,0.421015,0.715856,-0.109459,0.416175,0.731285,-0.092237
242,8066,True,0.9985,0.9985,0.324644,0.841778,0.0,0.399934,0.762133,-0.005879,0.444319,0.703102,-0.035646,0.477498,0.672505,-0.071683,0.491298,0.664686,-0.108552,0.375422,0.559009,-0.052274,0.372523,0.456285,-0.089924,0.365209,0.380525,-0.114484,0.3542,0.31585,-0.132788,0.327759,0.579739,-0.075032,0.432681,0.59949,-0.116184,0.444546,0.671611,-0.12175,0.424658,0.696004,-0.122498,0.296109,0.633833,-0.096881,0.407183,0.669791,-0.131413,0.409903,0.722893,-0.11485,0.38569,0.73548,-0.100407,0.277724,0.699389,-0.120594,0.358583,0.714582,-0.13778,0.375666,0.743692,-0.119018,0.368356,0.753164,-0.102666
243,8100,True,0.9986,0.9986,0.32174,0.86424,0.0,0.385893,0.780594,-0.013369,0.428695,0.705688,-0.041764,0.453872,0.663698,-0.074082,0.444597,0.681934,-0.10674,0.346734,0.581755,-0.056089,0.334079,0.487144,-0.093045,0.316046,0.419427,-0.118639,0.297094,0.362115,-0.138517,0.294973,0.607528,-0.073654,0.387098,0.634995,-0.111643,0.402821,0.687237,-0.118073,0.38867,0.702366,-0.12192,0.261778,0.667568,-0.090963,0.363696,0.711782,-0.12043,0.373534,0.746158,-0.106827,0.356084,0.752591,-0.097322,0.243514,0.73751,-0.111415,0.322905,0.764694,-0.126745,0.341764,0.784088,-0.112187,0.335399,0.788407,-0.100686
244,8133,True,0.9986,0.9986,0.31012,0.901874,-0.0,0.367407,0.818838,-0.016357,0.407988,0.740559,-0.044054,0.431341,0.701946,-0.075008,0.423442,0.725014,-0.106071,0.327217,0.632131,-0.058828,0.302784,0.541864,-0.097832,0.280036,0.485168,-0.122749,0.257254,0.431659,-0.142783,0.271864,0.662888,-0.07474,0.356397,0.69281,-0.118377,0.387311,0.751071,-0.126437,0.382552,0.765099,-0.130027,0.239621,0.725474,-0.090894,0.346814,0.782935,-0.125103,0.371721,0.817891,-0.112434,0.359126,0.818606,-0.102276,0.222899,0.797831,-0.110296,0.305192,0.837081,-0.129492,0.329209,0.856646,-0.117079,0.319548,0.854626,-0.106419
245,8166,True,0.9993,0.9993,0.318733,0.936764,-0.0,0.369051,0.86321,-0.022587,0.40788,0.788774,-0.052829,0.43021,0.750661,-0.084407,0.423729,0.770582,-0.116387,0.323601,0.681293,-0.070375,0.293788,0.603288,-0.113336,0.266601,0.556679,-0.140018,0.240163,0.510617,-0.159484,0.264469,0.716102,-0.08367,0.344116,0.754212,-0.133895,0.387364,0.809426,-0.14227,0.400055,0.832237,-0.143183,0.228807,0.784568,-0.097595,0.329369,0.84061,-0.137621,0.366195,0.871022,-0.126223,0.373085,0.877785,-0.113506,0.211939,0.859709,-0.114925,0.284665,0.893476,-0.136304,0.317869,0.908067,-0.124415,0.326891,0.906055,-0.112117
246,8200,True,0.9989,0.9989,0.344393,0.958686,-0.0,0.389632,0.891463,-0.025273,0.425816,0.821123,-0.055536,0.445607,0.795113,-0.08676,0.442447,0.830931,-0.118102,0.340441,0.721934,-0.071868,0.317379,0.662854,-0.118342,0.291314,0.631047,-0.146814,0.263288,0.590484,-0.166741,0.27864,0.757164,-0.083803,0.365061,0.816154,-0.133575,0.401874,0.861078,-0.141852,0.406529,0.871426,-0.142466,0.245448,0.830236,-0.09707,0.35443,0.904703,-0.137585,0.383834,0.923958,-0.125646,0.381778,0.912631,-0.111792,0.23029,0.909897,-0.114336,0.312053,0.956718,-0.138708,0.347229,0.969107,-0.12723,0.356208,0.962353,-0.113591
247,8233,True,0.9965,0.9965,0.363429,0.964163,-0.0,0.41024,0.907639,-0.025381,0.447393,0.844132,-0.051958,0.474337,0.830962,-0.079322,0.47731,0.867703,-0.1065,0.372327,0.768347,-0.064236,0.364802,0.720407,-0.102292,0.346369,0.692467,-0.12741,0.327499,0.65962,-0.145819,0.313858,0.798428,-0.073383,0.419986,0.872299,-0.117879,0.449444,0.903191,-0.127988,0.452849,0.908578,-0.131302,0.283414,0.864981,-0.083784,0.401266,0.940939,-0.117241,0.417658,0.948237,-0.108802,0.411258,0.935664,-0.099383,0.269623,0.939394,-0.098481,0.358408,0.984587,-0.123191,0.382955,0.988574,-0.117432,0.385644,0.981175,-0.108309
248,8266,True,0.9823,0.9823,0.391396,0.981101,-0.0,0.435901,0.923491,-0.016627,0.468309,0.866009,-0.036426,0.49896,0.861462,-0.059092,0.522015,0.898994,-0.082001,0.409649,0.790754,-0.038665,0.420692,0.759374,-0.068074,0.421962,0.731947,-0.089216,0.428407,0.706004,-0.105781,0.36207,0.81258,-0.05035,0.466013,0.887604,-0.0871,0.485137,0.919539,-0.09812,0.48578,0.926582,-0.103245,0.334138,0.872964,-0.063698,0.438262,0.959192,-0.090073,0.431355,0.978087,-0.087231,0.413439,0.968908,-0.083641,0.318641,0.94358,-0.080767,0.396684,1.010481,-0.100756,0.392096,1.027811,-0.100922,0.371899,1.025625,-0.098416
249,8300,True,0.9978,0.9978,0.39749,0.988312,0.0,0.442167,0.928387,-0.015414,0.482094,0.872984,-0.035896,0.524501,0.86689,-0.059612,0.559157,0.874296,-0.083196,0.439826,0.774922,-0.035852,0.469789,0.764598,-0.07123,0.490185,0.742023,-0.098741,0.516707,0.719264,-0.117794,0.404283,0.803762,-0.047583,0.52319,0.892811,-0.083393,0.534179,0.913266,-0.096124,0.533274,0.903408,-0.102863,0.381968,0.867021,-0.061881,0.495731,0.957889,-0.088978,0.475764,0.969954,-0.082244,0.452568,0.958506,-0.074736,0.36609,0.943007,-0.080141,0.457535,1.001289,-0.10064,0.449502,1.004154,-0.095951,0.429561,0.991681,-0.088371
250,8333,True,0.9992,0.9992,0.393016,0.975705,0.0,0.446678,0.909,-0.019255,0.502889,0.839925,-0.039103,0.550932,0.806482,-0.059551,0.589475,0.792594,-0.079811,0.479836,0.7584,-0.050601,0.523939,0.754671,-0.095006,0.555229,0.731278,-0.124521,0.585192,0.708405,-0.142329,0.44926,0.790522,-0.061422,0.570969,0.881492,-0.100601,0.557892,0.907202,-0.106562,0.536017,0.894444,-0.107446,0.427375,0.854041,-0.07565,0.542701,0.952632,-0.112757,0.5177,0.957894,-0.105325,0.49139,0.93575,-0.094597,0.410831,0.931826,-0.092846,0.504635,0.99034,-0.115674,0.488805,0.987112,-0.107875,0.461651,0.974464,-0.097816
251,8366,True,0.9991,0.9991,0.393959,0.946375,0.0,0.459622,0.884525,-0.008035,0.526686,0.845066,-0.032563,0.58486,0.864776,-0.059282,0.606368,0.905351,-0.087069,0.502739,0.751452,-0.058675,0.556323,0.734912,-0.099664,0.590182,0.712918,-0.124047,0.621095,0.692973,-0.13896,0.473488,0.783489,-0.077862,0.594292,0.868722,-0.113928,0.566729,0.900311,-0.111452,0.536157,0.8855,-0.106945,0.450371,0.842149,-0.097985,0.568191,0.935047,-0.129798,0.538903,0.946356,-0.117865,0.511095,0.921879,-0.106018,0.435102,0.9138,-0.119728,0.530594,0.975178,-0.133275,0.514434,0.975398,-0.119389,0.484881,0.959295,-0.108069
252,8400,True,0.9994,0.9994,0.404553,0.934244,0.0,0.468576,0.874768,-0.004013,0.537171,0.842123,-0.026436,0.593823,0.868352,-0.050818,0.619556,0.913597,-0.075824,0.515819,0.741116,-0.05483,0.569341,0.720207,-0.090542,0.605261,0.700302,-0.114024,0.637576,0.680729,-0.129673,0.486805,0.769937,-0.07513,0.602174,0.850733,-0.108979,0.585759,0.889657,-0.110373,0.55867,0.885126,-0.108628,0.462047,0.825033,-0.094904,0.573767,0.91356,-0.12422,0.560207,0.939363,-0.113343,0.534739,0.927066,-0.101655,0.444837,0.893196,-0.115685,0.543457,0.951095,-0.126805,0.548589,0.970048,-0.110963,0.52862,0.96929,-0.097913
253,8433,True,0.998,0.998,0.406488,0.933365,0.0,0.470524,0.871147,-0.002809,0.535026,0.830096,-0.025594,0.588409,0.848854,-0.051002,0.613015,0.893023,-0.077056,0.514562,0.730828,-0.050517,0.569548,0.707857,-0.085458,0.602634,0.681072,-0.108045,0.629371,0.653858,-0.12345,0.486556,0.754733,-0.071301,0.599744,0.833801,-0.107344,0.582209,0.879207,-0.107973,0.55272,0.878881,-0.104497,0.461565,0.806596,-0.091549,0.571119,0.894981,-0.123352,0.555345,0.926386,-0.110987,0.529051,0.916393,-0.097379,0.44345,0.873144,-0.112535,0.538829,0.931416,-0.125276,0.540631,0.954699,-0.108705,0.520424,0.954209,-0.094693
254,8466,True,0.9986,0.9986,0.388478,0.936506,0.0,0.456995,0.883907,-0.002765,0.516945,0.840817,-0.0228,0.567543,0.843634,-0.045426,0.596135,0.866158,-0.067803,0.496784,0.724041,-0.045218,0.55358,0.697916,-0.080345,0.58456,0.666697,-0.102474,0.608858,0.634987,-0.117043,0.469438,0.745731,-0.065048,0.578936,0.825355,-0.099297,0.55973,0.871901,-0.098703,0.531842,0.868444,-0.095035,0.4444,0.79501,-0.085256,0.552964,0.883467,-0.119202,0.536744,0.920561,-0.10768,0.513061,0.911747,-0.094596,0.427254,0.861257,-0.106112,0.521673,0.923047,-0.120785,0.522364,0.948817,-0.105437,0.501843,0.94797,-0.092157
255,8500,True,0.9964,0.9964,0.372793,0.943617,0.0,0.452378,0.875345,-0.000363,0.515252,0.818367,-0.017249,0.564252,0.80797,-0.037821,0.588162,0.823543,-0.058054,0.473869,0.718431,-0.037837,0.521052,0.693985,-0.073847,0.547011,0.662386,-0.095793,0.567495,0.631532,-0.109764,0.443588,0.741989,-0.059128,0.556948,0.82387,-0.094955,0.536415,0.867612,-0.093711,0.506793,0.860478,-0.088414,0.416658,0.793412,-0.081286,0.527163,0.885955,-0.117997,0.507665,0.916626,-0.106675,0.482248,0.901303,-0.092317,0.395638,0.861189,-0.103979,0.49249,0.927947,-0.121051,0.492125,0.947131,-0.106526,0.468948,0.940093,-0.092914
256,8533,True,0.998,0.998,0.351209,0.962277,0.0,0.423295,0.888828,0.001214,0.482357,0.828455,-0.016355,0.533076,0.816125,-0.038702,0.567597,0.823955,-0.0618,0.435898,0.731657,-0.036091,0.476426,0.70326,-0.070787,0.497111,0.669111,-0.093199,0.51445,0.63612,-0.108564,0.405154,0.755171,-0.058468,0.520467,0.822548,-0.094943,0.507001,0.869787,-0.097189,0.478826,0.86652,-0.094825,0.381086,0.808918,-0.081001,0.493514,0.88898,-0.115714,0.479782,0.924854,-0.103283,0.454173,0.915253,-0.089372,0.362726,0.87594,-0.104191,0.457878,0.93379,-0.121376,0.460074,0.959399,-0.106449,0.440028,0.958504,-0.092707
257,8566,True,0.9991,0.9991,0.334914,0.982836,0.0,0.406625,0.905613,-0.000238,0.460449,0.843018,-0.020078,0.504954,0.830412,-0.04456,0.531701,0.845071,-0.070687,0.410878,0.748971,-0.04126,0.436698,0.720294,-0.074634,0.449235,0.684522,-0.095874,0.45749,0.653367,-0.109994,0.372647,0.772173,-0.06192,0.484221,0.841631,-0.092876,0.474529,0.889207,-0.092488,0.446894,0.88476,-0.089907,0.34422,0.828697,-0.082478,0.455604,0.902678,-0.115295,0.445903,0.936976,-0.104745,0.419233,0.927895,-0.093284,0.324745,0.897778,-0.103464,0.418814,0.950717,-0.121246,0.428126,0.973281,-0.10757,0.410876,0.972648,-0.094994
258,8600,True,0.9979,0.9979,0.347757,0.998958,0.0,0.40768,0.911809,-0.002102,0.455049,0.838362,-0.021172,0.485552,0.824473,-0.044337,0.486099,0.860293,-0.069136,0.381137,0.761643,-0.039627,0.395595,0.734791,-0.07074,0.400033,0.700891,-0.093362,0.401191,0.672316,-0.110237,0.336812,0.783809,-0.058067,0.444763,0.855182,-0.08951,0.440421,0.893676,-0.093059,0.416467,0.889717,-0.094119,0.306477,0.841614,-0.076103,0.41777,0.917867,-0.106629,0.412899,0.935299,-0.099506,0.391253,0.918588,-0.092216,0.28618,0.912185,-0.094992,0.37801,0.968024,-0.116029,0.388587,0.976568,-0.108578,0.376468,0.967387,-0.100787
259,8633,True,0.9982,0.9982,0.341561,0.987653,0.0,0.389806,0.912883,-0.006601,0.430872,0.838974,-0.024942,0.460435,0.82138,-0.046354,0.464594,0.857613,-0.069283,0.35749,0.765641,-0.042465,0.366103,0.734766,-0.077004,0.364289,0.706499,-0.101639,0.359744,0.67835,-0.119219,0.309771,0.792601,-0.059551,0.424272,0.852237,-0.095039,0.431478,0.895018,-0.100973,0.413816,0.904523,-0.102647,0.280549,0.85741,-0.077218,0.40357,0.93095,-0.110025,0.400458,0.947871,-0.103448,0.37824,0.932874,-0.09541,0.264086,0.932556,-0.096457,0.360824,0.979983,-0.117897,0.37174,0.987088,-0.110403,0.360899,0.9799,-0.101901
260,8666,True,0.997,0.997,0.326681,0.980752,0.0,0.373527,0.915436,-0.013173,0.412739,0.845623,-0.032528,0.444607,0.826793,-0.053933,0.451774,0.858813,-0.076596,0.339393,0.776299,-0.04508,0.343638,0.741111,-0.077338,0.333968,0.717601,-0.10085,0.322115,0.692031,-0.117774,0.288864,0.802985,-0.057395,0.397285,0.865365,-0.094126,0.420478,0.903159,-0.104307,0.417728,0.91529,-0.108145,0.259764,0.865188,-0.070306,0.379457,0.935009,-0.102204,0.392937,0.945861,-0.099363,0.384633,0.931848,-0.093374,0.244045,0.936477,-0.085398,0.335686,0.979951,-0.106505,0.359623,0.99104,-0.100906,0.363697,0.989506,-0.093027
261,8700,True,0.9965,0.9965,0.326221,0.972579,0.0,0.375007,0.910348,-0.018246,0.412877,0.841073,-0.04062,0.441459,0.828454,-0.064477,0.441376,0.872987,-0.087957,0.334271,0.77756,-0.054047,0.33315,0.740594,-0.093634,0.320107,0.720072,-0.120308,0.305313,0.696946,-0.138687,0.279151,0.804911,-0.065059,0.38219,0.874129,-0.106004,0.402099,0.9049,-0.11434,0.394311,0.90517,-0.116862,0.250253,0.869077,-0.077714,0.369555,0.944953,-0.110762,0.380046,0.950179,-0.10207,0.367639,0.925282,-0.092348,0.23795,0.941839,-0.093824,0.334045,0.987491,-0.116811,0.355702,0.991068,-0.109683,0.35629,0.98046,-0.10017
262,8733,True,0.9954,0.9954,0.325818,0.970049,0.0,0.372137,0.909629,-0.020322,0.406639,0.839747,-0.042285,0.434908,0.826859,-0.065212,0.442229,0.86833,-0.087344,0.334098,0.777541,-0.053443,0.33032,0.742918,-0.090711,0.314726,0.723699,-0.115145,0.299381,0.700161,-0.132054,0.278773,0.805795,-0.06256,0.383031,0.877244,-0.103967,0.405603,0.904321,-0.112055,0.401843,0.902643,-0.113383,0.249882,0.868982,-0.073368,0.368703,0.94253,-0.104722,0.381093,0.944355,-0.094694,0.371595,0.921575,-0.083458,0.237113,0.939911,-0.088182,0.32908,0.983761,-0.111223,0.345779,0.985684,-0.105093,0.341922,0.975619,-0.095375
263,8766,True,0.9962,0.9962,0.340272,0.970743,0.0,0.385799,0.907075,-0.019198,0.419025,0.833072,-0.039755,0.443177,0.825947,-0.061473,0.445323,0.877129,-0.083029,0.338442,0.77631,-0.048749,0.333943,0.739766,-0.082214,0.319049,0.722488,-0.10518,0.302806,0.70009,-0.121895,0.283324,0.806883,-0.058458,0.382489,0.878215,-0.095882,0.417132,0.903239,-0.104361,0.423655,0.901002,-0.106381,0.255307,0.870669,-0.069646,0.368941,0.941704,-0.097635,0.39111,0.938618,-0.088995,0.389073,0.912011,-0.079517,0.244305,0.941479,-0.084739,0.333869,0.981992,-0.104943,0.362067,0.984348,-0.097464,0.368818,0.974249,-0.087291
264,8800,True,0.9947,0.9947,0.33559,0.96779,0.0,0.381,0.903809,-0.020563,0.417547,0.835418,-0.043151,0.445975,0.82495,-0.067214,0.453798,0.869777,-0.091518,0.344569,0.775101,-0.052209,0.343915,0.739893,-0.08814,0.331863,0.71684,-0.113296,0.320608,0.689984,-0.131313,0.291126,0.805362,-0.061799,0.400962,0.866092,-0.100202,0.42086,0.890464,-0.109384,0.413369,0.892067,-0.112589,0.264703,0.870014,-0.073022,0.385246,0.933454,-0.103248,0.396083,0.936388,-0.095156,0.38406,0.920369,-0.085658,0.253773,0.942449,-0.088162,0.34346,0.978893,-0.112068,0.360613,0.980105,-0.107286,0.358455,0.974308,-0.098586
265,8833,True,0.9976,0.9976,0.342438,0.979581,0.0,0.38887,0.908588,-0.015585,0.424926,0.837871,-0.037469,0.454756,0.825822,-0.061842,0.462078,0.871428,-0.086716,0.350337,0.771658,-0.048677,0.355406,0.737022,-0.083369,0.345503,0.713604,-0.108376,0.333955,0.685771,-0.127407,0.298127,0.802975,-0.06142,0.41531,0.866553,-0.09849,0.433263,0.900205,-0.106583,0.4195,0.904513,-0.109898,0.273667,0.870173,-0.075325,0.400747,0.934471,-0.104086,0.407847,0.94153,-0.093657,0.387744,0.9258,-0.083975,0.263928,0.945778,-0.092754,0.363163,0.983078,-0.115129,0.38056,0.983343,-0.108244,0.373885,0.974201,-0.099033
266,8866,True,0.9981,0.9981,0.348213,0.968685,0.0,0.394613,0.902032,-0.017055,0.431403,0.834509,-0.039371,0.462474,0.822257,-0.063306,0.46804,0.864933,-0.088024,0.356109,0.767536,-0.052587,0.362363,0.735883,-0.086712,0.355882,0.712341,-0.111628,0.348558,0.683711,-0.130707,0.307168,0.798888,-0.064861,0.421943,0.862864,-0.102892,0.442904,0.89537,-0.1117,0.436538,0.902531,-0.11554,0.282921,0.86629,-0.078012,0.408494,0.930461,-0.107184,0.411211,0.939533,-0.097455,0.391249,0.926421,-0.088323,0.273235,0.94286,-0.094673,0.37063,0.980395,-0.117691,0.386222,0.980502,-0.111521,0.380132,0.971377,-0.102994
267,8900,True,0.9979,0.9979,0.350294,0.969949,0.0,0.396469,0.90347,-0.01778,0.433417,0.835822,-0.040819,0.465701,0.821223,-0.065407,0.474078,0.859253,-0.090844,0.359972,0.763641,-0.051437,0.368132,0.733992,-0.08517,0.362516,0.709071,-0.110176,0.357985,0.678115,-0.129504,0.313343,0.796375,-0.063633,0.42852,0.859366,-0.101395,0.447382,0.891158,-0.111179,0.440705,0.89552,-0.116106,0.29012,0.864166,-0.076777,0.41576,0.927624,-0.105699,0.416641,0.938611,-0.09672,0.39654,0.926037,-0.088379,0.280388,0.941654,-0.093516,0.377227,0.980655,-0.115386,0.391626,0.982698,-0.109095,0.385281,0.97401,-0.100855
268,8933,True,0.9981,0.9981,0.353278,0.974158,0.0,0.399306,0.909934,-0.014775,0.436762,0.843258,-0.037291,0.469611,0.823072,-0.061774,0.477184,0.857146,-0.087179,0.364662,0.766233,-0.04901,0.373703,0.73482,-0.082956,0.369982,0.707756,-0.108143,0.367045,0.675771,-0.127744,0.319153,0.795714,-0.06242,0.434076,0.858621,-0.101181,0.452657,0.899768,-0.111164,0.446642,0.910559,-0.116413,0.296243,0.861054,-0.076515,0.420797,0.927572,-0.105835,0.418076,0.944037,-0.09798,0.396231,0.93402,-0.091281,0.286152,0.936797,-0.093718,0.384066,0.980657,-0.114369,0.393747,0.988433,-0.108625,0.381821,0.981644,-0.102054
269,8966,True,0.9985,0.9985,0.354454,0.976054,0.0,0.398774,0.912455,-0.013499,0.435947,0.845464,-0.035377,0.469192,0.823052,-0.059067,0.480183,0.855646,-0.083924,0.366654,0.770019,-0.049069,0.375115,0.738025,-0.082555,0.372765,0.709138,-0.107155,0.371896,0.676924,-0.126347,0.322285,0.798552,-0.062942,0.435758,0.855545,-0.102287,0.456897,0.899066,-0.112061,0.454451,0.91597,-0.116798,0.299497,0.862516,-0.077233,0.423647,0.925684,-0.107326,0.422889,0.943593,-0.100134,0.402928,0.937337,-0.093641,0.289774,0.937257,-0.094244,0.386467,0.978821,-0.114548,0.395908,0.987649,-0.108721,0.383733,0.982283,-0.102422
270,9000,True,0.999,0.999,0.356835,0.968837,0.0,0.399215,0.907961,-0.014114,0.436133,0.844405,-0.036251,0.469361,0.823637,-0.059789,0.482046,0.853147,-0.084147,0.369631,0.769269,-0.050399,0.379186,0.736976,-0.083824,0.377971,0.706778,-0.108322,0.37839,0.674492,-0.127422,0.325593,0.797426,-0.063941,0.438952,0.855454,-0.102595,0.461715,0.894337,-0.111943,0.461245,0.909084,-0.116538,0.303027,0.861589,-0.077961,0.428462,0.927304,-0.107368,0.430368,0.941369,-0.099072,0.412358,0.93443,-0.091903,0.293154,0.936627,-0.094822,0.388588,0.980237,-0.115006,0.39874,0.987836,-0.108251,0.387307,0.982073,-0.101174
271,9033,True,0.9992,0.9992,0.35412,0.967124,0.0,0.40056,0.906721,-0.013936,0.439746,0.843398,-0.036232,0.473421,0.826453,-0.060004,0.483142,0.85906,-0.084851,0.371435,0.770702,-0.052774,0.380871,0.737195,-0.087183,0.380569,0.707446,-0.111851,0.382729,0.674767,-0.130825,0.327298,0.798167,-0.066311,0.442145,0.859166,-0.104785,0.459214,0.900311,-0.113451,0.453319,0.911415,-0.117978,0.304449,0.862558,-0.080231,0.428239,0.928754,-0.110741,0.427673,0.944515,-0.10212,0.40888,0.935993,-0.094747,0.294689,0.937327,-0.096834,0.38936,0.980096,-0.118684,0.402059,0.98559,-0.112036,0.395065,0.978161,-0.104784
272,9066,True,0.9988,0.9988,0.359119,0.971451,0.0,0.40344,0.909916,-0.013044,0.442138,0.844958,-0.035297,0.47581,0.828054,-0.059136,0.485356,0.861569,-0.084229,0.373625,0.773816,-0.052818,0.384046,0.73987,-0.087651,0.383911,0.709032,-0.113155,0.385867,0.676112,-0.132844,0.330369,0.801416,-0.066712,0.443386,0.86141,-0.105652,0.458509,0.900232,-0.11486,0.452176,0.910289,-0.119898,0.308323,0.864818,-0.080822,0.431676,0.929041,-0.111403,0.427667,0.944002,-0.103109,0.406645,0.934501,-0.096074,0.2989,0.938713,-0.097503,0.394413,0.979779,-0.119718,0.401951,0.984365,-0.113525,0.390022,0.974965,-0.106697
273,9100,True,0.999,0.999,0.359353,0.969822,0.0,0.401462,0.90994,-0.014915,0.439249,0.847201,-0.038561,0.473617,0.828851,-0.063393,0.487253,0.860597,-0.089265,0.374453,0.774833,-0.055426,0.384237,0.740672,-0.091152,0.385311,0.709142,-0.117079,0.389113,0.676784,-0.136821,0.331952,0.801967,-0.06864,0.447152,0.86225,-0.108799,0.46751,0.899769,-0.118236,0.465829,0.912088,-0.123054,0.310214,0.865094,-0.082226,0.434221,0.928238,-0.113579,0.435253,0.941989,-0.105447,0.417964,0.935003,-0.09817,0.301282,0.938769,-0.098495,0.395687,0.980672,-0.120647,0.404632,0.985599,-0.114318,0.393853,0.977575,-0.107246
274,9133,True,0.9991,0.9991,0.358774,0.969656,0.0,0.403245,0.911685,-0.013753,0.441844,0.848699,-0.035801,0.475873,0.831327,-0.05923,0.487285,0.860745,-0.083512,0.376712,0.776393,-0.051907,0.386039,0.741061,-0.085904,0.387064,0.708897,-0.110312,0.390822,0.676136,-0.128973,0.334505,0.801525,-0.065139,0.447159,0.864736,-0.102996,0.463523,0.900081,-0.111583,0.458927,0.906913,-0.116146,0.311764,0.864048,-0.078815,0.433117,0.931548,-0.109188,0.430153,0.946201,-0.100361,0.41161,0.936855,-0.092678,0.301483,0.93742,-0.095104,0.394104,0.982393,-0.117017,0.402613,0.986512,-0.110234,0.393294,0.976369,-0.102712
275,9166,True,0.9987,0.9987,0.357575,0.972562,0.0,0.403874,0.916134,-0.013519,0.443908,0.85347,-0.035273,0.478575,0.836482,-0.058541,0.488766,0.865354,-0.082423,0.378324,0.778112,-0.050219,0.388186,0.742603,-0.084489,0.389449,0.710633,-0.109136,0.393802,0.678853,-0.127829,0.336313,0.802241,-0.063485,0.45014,0.866293,-0.101087,0.463696,0.901292,-0.109365,0.458516,0.907531,-0.113713,0.313994,0.864257,-0.077349,0.437638,0.934114,-0.106901,0.430452,0.947543,-0.097121,0.41003,0.936763,-0.088886,0.303739,0.937055,-0.093957,0.398169,0.983309,-0.115062,0.399436,0.985853,-0.107772,0.383944,0.972885,-0.100023
276,9200,True,0.9993,0.9993,0.36256,0.981888,0.0,0.406352,0.921529,-0.009745,0.444909,0.85475,-0.030323,0.479583,0.836397,-0.053355,0.49397,0.864326,-0.077674,0.378686,0.779779,-0.045131,0.390602,0.744926,-0.078019,0.394473,0.710352,-0.102615,0.401242,0.678372,-0.121398,0.338008,0.803938,-0.060098,0.455856,0.865357,-0.096683,0.470198,0.902273,-0.105258,0.464083,0.913091,-0.109471,0.316365,0.865824,-0.07535,0.440886,0.932276,-0.104589,0.433105,0.949829,-0.095158,0.411382,0.943306,-0.086789,0.306277,0.93957,-0.092897,0.404324,0.981627,-0.113204,0.409256,0.988192,-0.104866,0.396212,0.980355,-0.096221
277,9233,True,0.999,0.999,0.362569,0.977818,0.0,0.406241,0.918044,-0.010531,0.445368,0.852716,-0.031012,0.481344,0.836521,-0.053816,0.494993,0.865585,-0.077662,0.380765,0.78055,-0.045094,0.393676,0.746098,-0.077537,0.397139,0.711707,-0.102044,0.403972,0.679652,-0.120885,0.340757,0.805222,-0.059335,0.456668,0.870461,-0.094564,0.468023,0.902088,-0.103085,0.46104,0.905923,-0.108187,0.319851,0.867082,-0.07398,0.44237,0.93334,-0.101902,0.430393,0.947652,-0.092464,0.407454,0.938509,-0.084839,0.310288,0.93975,-0.091171,0.407291,0.981361,-0.111517,0.408001,0.984801,-0.104023,0.393293,0.975155,-0.096201
278,9266,True,0.9992,0.9992,0.362173,0.985117,0.0,0.407698,0.924309,-0.009085,0.447962,0.85822,-0.028924,0.483793,0.839098,-0.051476,0.49619,0.86583,-0.07525,0.381291,0.782486,-0.042981,0.396128,0.748789,-0.075817,0.40066,0.714303,-0.099866,0.408479,0.682291,-0.117781,0.341945,0.805779,-0.057828,0.458893,0.872239,-0.092839,0.463928,0.911184,-0.100107,0.451449,0.917762,-0.103639,0.321449,0.867422,-0.073186,0.443479,0.936343,-0.10322,0.429267,0.954957,-0.094584,0.405802,0.946027,-0.086435,0.311923,0.940298,-0.090614,0.408128,0.98278,-0.111935,0.407286,0.988592,-0.104489,0.392283,0.980277,-0.096158
279,9300,True,0.9988,0.9988,0.362652,0.986899,0.0,0.408106,0.926475,-0.008806,0.448785,0.859883,-0.028468,0.484553,0.839893,-0.050922,0.498424,0.865755,-0.074677,0.382259,0.782705,-0.042911,0.398802,0.749472,-0.076872,0.404767,0.714256,-0.101397,0.413863,0.682348,-0.119341,0.343741,0.80623,-0.057814,0.459614,0.872938,-0.093285,0.459611,0.91291,-0.100046,0.443571,0.9202,-0.103102,0.323636,0.867848,-0.073379,0.444431,0.93875,-0.104164,0.426889,0.958015,-0.095554,0.402168,0.948594,-0.087185,0.313837,0.940928,-0.090959,0.409104,0.98553,-0.112524,0.403991,0.991862,-0.105385,0.38585,0.983398,-0.09725
280,9333,True,0.9988,0.9988,0.364311,0.982071,0.0,0.409613,0.922687,-0.009559,0.450762,0.857482,-0.029442,0.487429,0.840405,-0.052123,0.500939,0.865439,-0.076109,0.38443,0.780973,-0.042812,0.40224,0.750046,-0.076743,0.408801,0.713664,-0.101389,0.418324,0.681017,-0.119345,0.345399,0.805232,-0.057318,0.462888,0.87598,-0.091652,0.459395,0.913235,-0.097868,0.440366,0.915237,-0.100961,0.324818,0.867701,-0.072688,0.447744,0.940874,-0.103131,0.428034,0.958287,-0.093667,0.40199,0.947002,-0.084788,0.314215,0.941582,-0.090242,0.409983,0.986108,-0.112268,0.402343,0.990947,-0.104761,0.382265,0.982106,-0.096211
281,9366,True,0.9983,0.9983,0.364392,0.987192,0.0,0.409227,0.925632,-0.009383,0.450485,0.858249,-0.02944,0.487904,0.840992,-0.052324,0.503398,0.868408,-0.076508,0.384686,0.781641,-0.042933,0.403292,0.751326,-0.076875,0.40974,0.714986,-0.102016,0.41931,0.682961,-0.120539,0.346301,0.806876,-0.057732,0.465967,0.873554,-0.091893,0.466707,0.907433,-0.098549,0.451263,0.910375,-0.102265,0.326351,0.869803,-0.07335,0.450209,0.939928,-0.102816,0.431931,0.955509,-0.093306,0.406441,0.944802,-0.084791,0.316368,0.94388,-0.091266,0.412797,0.986506,-0.112122,0.405059,0.991075,-0.104316,0.384145,0.98309,-0.095978
282,9400,True,0.9991,0.9991,0.364362,0.985835,0.0,0.409577,0.924709,-0.009816,0.451355,0.856329,-0.029645,0.48928,0.840761,-0.052123,0.504828,0.869114,-0.076023,0.384923,0.782674,-0.043084,0.404356,0.751409,-0.076144,0.412668,0.71506,-0.10082,0.423515,0.682285,-0.119033,0.347283,0.808244,-0.057592,0.467435,0.875634,-0.091578,0.468156,0.912594,-0.098749,0.45154,0.917525,-0.102669,0.327191,0.871055,-0.072729,0.45161,0.940166,-0.102448,0.43464,0.958663,-0.093437,0.409224,0.950364,-0.085051,0.31702,0.945237,-0.090008,0.414368,0.986444,-0.110762,0.408921,0.993541,-0.102303,0.389516,0.988151,-0.093349
283,9433,True,0.9989,0.9989,0.367082,0.985718,0.0,0.412788,0.923917,-0.009322,0.454228,0.856402,-0.029281,0.491577,0.844132,-0.052132,0.507539,0.871811,-0.07647,0.385619,0.781055,-0.042553,0.405218,0.751396,-0.076098,0.414528,0.71588,-0.101168,0.425913,0.684567,-0.11945,0.34779,0.80697,-0.057259,0.467196,0.876481,-0.091288,0.46751,0.910014,-0.098654,0.449796,0.911583,-0.102868,0.328069,0.870178,-0.07273,0.452112,0.940026,-0.102991,0.436198,0.957998,-0.094295,0.410767,0.948983,-0.085998,0.318224,0.944245,-0.090287,0.416829,0.985591,-0.111769,0.412238,0.993523,-0.103716,0.392602,0.988486,-0.094912
284,9466,True,0.9987,0.9987,0.367582,0.990743,0.0,0.412459,0.927511,-0.009369,0.453761,0.859983,-0.029261,0.491514,0.845573,-0.052026,0.508207,0.873955,-0.076049,0.389246,0.781405,-0.042182,0.410005,0.752332,-0.076856,0.418539,0.718033,-0.102186,0.429502,0.687032,-0.120305,0.351045,0.806715,-0.056941,0.467431,0.876824,-0.091165,0.463577,0.91154,-0.097665,0.443101,0.912156,-0.101211,0.33045,0.870153,-0.072813,0.452437,0.939894,-0.104508,0.434617,0.958274,-0.09673,0.408805,0.948456,-0.088666,0.320103,0.944678,-0.090702,0.418411,0.985702,-0.113707,0.413252,0.993211,-0.107173,0.394345,0.987912,-0.099145
285,9500,True,0.9994,0.9994,0.366404,0.987449,0.0,0.413817,0.92717,-0.008638,0.456971,0.86048,-0.028295,0.49465,0.848418,-0.050667,0.510654,0.875831,-0.074434,0.393151,0.782541,-0.043533,0.412963,0.752592,-0.076979,0.421169,0.717944,-0.101464,0.431838,0.686343,-0.11949,0.353755,0.807621,-0.05892,0.471605,0.878149,-0.093373,0.472408,0.911875,-0.100478,0.456045,0.911952,-0.104372,0.331672,0.871268,-0.074943,0.456283,0.942916,-0.105928,0.442598,0.96078,-0.096675,0.419077,0.951146,-0.087747,0.319934,0.946206,-0.092954,0.41756,0.987447,-0.115376,0.416821,0.994194,-0.107027,0.401347,0.988507,-0.097735
286,9533,True,0.9991,0.9991,0.357405,0.991835,0.0,0.407845,0.92977,-0.007878,0.453349,0.861498,-0.027551,0.493157,0.844991,-0.050427,0.5112,0.869478,-0.074727,0.39228,0.781583,-0.04191,0.413736,0.751394,-0.076634,0.42456,0.716311,-0.101441,0.436832,0.684647,-0.119051,0.355099,0.806639,-0.057955,0.474778,0.873066,-0.09275,0.474296,0.907318,-0.099066,0.455779,0.907843,-0.101749,0.333905,0.869299,-0.074794,0.459623,0.942157,-0.106632,0.444658,0.961805,-0.096986,0.419386,0.953178,-0.08705,0.321806,0.94378,-0.093489,0.420536,0.987674,-0.11506,0.417972,0.998305,-0.105411,0.399545,0.995145,-0.095025
287,9566,True,0.9996,0.9996,0.343703,0.99325,0.0,0.400949,0.925223,-0.005274,0.452799,0.856757,-0.025041,0.496624,0.841607,-0.048309,0.512874,0.8686,-0.073086,0.393349,0.777896,-0.040918,0.413682,0.752649,-0.075873,0.426267,0.717663,-0.099558,0.43989,0.687351,-0.115565,0.35815,0.804658,-0.058364,0.476892,0.86734,-0.092002,0.476892,0.904344,-0.095337,0.458354,0.905921,-0.094981,0.337142,0.867047,-0.076489,0.460806,0.939957,-0.108664,0.446748,0.958312,-0.098591,0.421502,0.946954,-0.08762,0.325754,0.940684,-0.095989,0.425399,0.990922,-0.115697,0.423206,1.002981,-0.104882,0.404462,0.99835,-0.093865
288,9600,True,0.9994,0.9994,0.351116,0.988354,0.0,0.405288,0.917997,-0.008772,0.456245,0.855104,-0.029936,0.497597,0.843692,-0.053484,0.514821,0.869256,-0.078715,0.394027,0.774423,-0.046338,0.41755,0.750962,-0.079891,0.433414,0.71508,-0.103306,0.4464,0.687881,-0.119145,0.358019,0.80297,-0.061191,0.476215,0.870388,-0.091064,0.47456,0.905355,-0.091772,0.453065,0.903495,-0.09083,0.336547,0.865448,-0.076568,0.457821,0.937718,-0.104774,0.444223,0.950218,-0.09385,0.417865,0.9362,-0.083783,0.324189,0.93935,-0.093538,0.421123,0.988734,-0.109764,0.417564,0.996766,-0.097152,0.395899,0.992775,-0.085838
289,9633,True,0.9992,0.9992,0.351243,0.986766,0.0,0.406966,0.916718,-0.009211,0.457111,0.851218,-0.029548,0.500394,0.840565,-0.052529,0.516365,0.86952,-0.077033,0.395433,0.773185,-0.043174,0.419039,0.750595,-0.076069,0.433317,0.714548,-0.099439,0.447739,0.684889,-0.115719,0.36024,0.802761,-0.058618,0.479095,0.868098,-0.08925,0.478678,0.902089,-0.091813,0.460692,0.90058,-0.091872,0.339481,0.865907,-0.074838,0.461906,0.937877,-0.103426,0.445276,0.950815,-0.093303,0.418529,0.936707,-0.083545,0.327435,0.940176,-0.092987,0.426577,0.988847,-0.110382,0.422387,0.997166,-0.099125,0.401862,0.993303,-0.088492
290,9666,True,0.9989,0.9989,0.353943,0.984125,0.0,0.409837,0.914823,-0.010327,0.460029,0.850239,-0.030616,0.501315,0.841337,-0.053367,0.518458,0.872432,-0.077601,0.397121,0.773168,-0.042788,0.421427,0.748996,-0.075063,0.436967,0.711925,-0.098518,0.451964,0.682198,-0.114964,0.361741,0.802917,-0.057136,0.481208,0.867983,-0.087325,0.48114,0.899053,-0.090522,0.463072,0.897373,-0.091211,0.341333,0.8661,-0.072255,0.463345,0.936882,-0.099664,0.446803,0.946726,-0.090182,0.42003,0.93207,-0.081089,0.329502,0.939752,-0.089414,0.426975,0.987946,-0.105447,0.421027,0.992442,-0.094446,0.399522,0.986021,-0.084298
291,9700,True,0.9992,0.9992,0.361689,0.979393,0.0,0.415198,0.911811,-0.010062,0.463704,0.848623,-0.030937,0.504664,0.841025,-0.054412,0.520167,0.870646,-0.079714,0.398974,0.770745,-0.045296,0.423686,0.746297,-0.078761,0.4408,0.710102,-0.102489,0.457829,0.680792,-0.118871,0.363681,0.801249,-0.060321,0.483328,0.865205,-0.091834,0.485305,0.896738,-0.095275,0.468687,0.894405,-0.095963,0.343133,0.864995,-0.075976,0.465413,0.935206,-0.105119,0.451952,0.947364,-0.095346,0.427003,0.933301,-0.085645,0.330928,0.939022,-0.093539,0.428519,0.986072,-0.111026,0.42775,0.992542,-0.09971,0.410348,0.987267,-0.088965
292,9733,True,0.9996,0.9996,0.359964,0.981938,0.0,0.412331,0.915636,-0.008355,0.461146,0.853239,-0.030598,0.504261,0.840159,-0.055741,0.520886,0.868064,-0.082656,0.401323,0.771385,-0.047818,0.429712,0.743275,-0.085973,0.450299,0.707262,-0.111439,0.470585,0.678025,-0.127773,0.366872,0.799081,-0.064067,0.487769,0.861485,-0.098719,0.486346,0.901072,-0.100519,0.466094,0.903244,-0.098911,0.346491,0.86168,-0.081119,0.470155,0.934105,-0.113452,0.455729,0.953405,-0.101501,0.429534,0.942163,-0.08927,0.334732,0.93626,-0.099831,0.433297,0.985964,-0.118757,0.432963,0.99754,-0.106074,0.415757,0.994018,-0.093676
293,9766,True,0.9995,0.9995,0.359501,0.978319,0.0,0.412636,0.912971,-0.010935,0.462181,0.85433,-0.035138,0.504413,0.843879,-0.062124,0.522019,0.87037,-0.090781,0.405794,0.765153,-0.050148,0.438873,0.735517,-0.090834,0.465359,0.698817,-0.118286,0.49253,0.670353,-0.135555,0.371505,0.794395,-0.065728,0.493903,0.862361,-0.101899,0.489386,0.899871,-0.104101,0.469289,0.897777,-0.102679,0.351114,0.85775,-0.082495,0.474656,0.935039,-0.114201,0.456557,0.94909,-0.101529,0.430456,0.9329,-0.089083,0.338236,0.93315,-0.101469,0.436306,0.985523,-0.119418,0.428956,0.991421,-0.106211,0.407213,0.982497,-0.093515
294,9800,True,0.9997,0.9997,0.350599,0.972367,0.0,0.411666,0.909934,-0.008558,0.466666,0.854706,-0.033334,0.513661,0.845348,-0.062051,0.53064,0.87522,-0.092754,0.418144,0.758614,-0.048513,0.453423,0.720834,-0.091239,0.48461,0.68253,-0.118422,0.514645,0.65457,-0.134571,0.382333,0.785351,-0.065516,0.49985,0.855303,-0.103755,0.489281,0.89951,-0.105535,0.464459,0.89704,-0.102894,0.359223,0.846907,-0.083678,0.480878,0.930642,-0.119312,0.460607,0.950268,-0.108979,0.432543,0.933926,-0.096819,0.345162,0.920421,-0.103269,0.441715,0.978976,-0.12236,0.430652,0.98912,-0.109606,0.405119,0.979778,-0.096954
295,9833,True,0.9999,0.9999,0.359592,0.957621,0.0,0.429725,0.89108,-0.003474,0.486188,0.841575,-0.028331,0.530081,0.833618,-0.056961,0.552686,0.853874,-0.087982,0.437128,0.747495,-0.06005,0.476131,0.699241,-0.104815,0.508392,0.657749,-0.132071,0.537497,0.624842,-0.147754,0.401228,0.773202,-0.080107,0.514829,0.841786,-0.116856,0.50092,0.890198,-0.115054,0.472142,0.889882,-0.110747,0.373901,0.834626,-0.099963,0.492708,0.915149,-0.139181,0.479712,0.94464,-0.127867,0.452876,0.934649,-0.114548,0.357625,0.909323,-0.119833,0.4544,0.959441,-0.140061,0.467171,0.975341,-0.123734,0.455706,0.976027,-0.108444
296,9866,True,0.9997,0.9997,0.36737,0.946781,0.0,0.439032,0.88127,-0.001049,0.498411,0.83085,-0.02545,0.546091,0.821495,-0.054375,0.562651,0.847344,-0.085508,0.450815,0.730382,-0.054118,0.494088,0.678643,-0.093984,0.527289,0.635394,-0.11791,0.555532,0.602164,-0.132523,0.415724,0.753836,-0.07529,0.530754,0.825039,-0.109961,0.515104,0.876049,-0.107777,0.485897,0.872996,-0.103395,0.38873,0.810879,-0.095701,0.508606,0.893043,-0.131213,0.494365,0.926162,-0.118307,0.466579,0.917848,-0.104668,0.371598,0.881053,-0.116246,0.470225,0.933164,-0.134097,0.480226,0.95545,-0.117127,0.465735,0.959048,-0.101611
297,9900,True,0.9995,0.9995,0.370873,0.924347,0.0,0.447386,0.859749,-3.1e-05,0.514474,0.807824,-0.02393,0.565059,0.803974,-0.053362,0.576046,0.83647,-0.084831,0.469927,0.702146,-0.047423,0.521955,0.64811,-0.084096,0.555356,0.603769,-0.107502,0.58361,0.564101,-0.123559,0.434902,0.722793,-0.070398,0.550047,0.795959,-0.107562,0.533203,0.850711,-0.10964,0.503813,0.849765,-0.107779,0.407145,0.777377,-0.092231,0.527142,0.861846,-0.127317,0.511185,0.898888,-0.11526,0.483621,0.892512,-0.102058,0.389224,0.845235,-0.11454,0.487643,0.896589,-0.131629,0.495096,0.923556,-0.114586,0.4807,0.931408,-0.098819
298,9933,True,0.999,0.999,0.380345,0.902206,0.0,0.467628,0.848247,-0.000227,0.532038,0.80266,-0.025357,0.583508,0.785406,-0.056048,0.590313,0.796193,-0.087938,0.487927,0.676703,-0.049483,0.536905,0.618311,-0.089599,0.569509,0.567469,-0.115379,0.594649,0.522404,-0.132908,0.450065,0.691057,-0.07346,0.562439,0.756373,-0.115957,0.552583,0.815756,-0.11829,0.527043,0.82597,-0.115592,0.419491,0.742723,-0.096694,0.536586,0.825316,-0.135075,0.525208,0.865315,-0.120633,0.499033,0.86508,-0.10523,0.399579,0.810589,-0.120622,0.495897,0.859802,-0.140017,0.506241,0.885577,-0.123254,0.493576,0.892254,-0.1078
299,9966,True,0.9981,0.9981,0.39085,0.878885,0.0,0.484188,0.8431,-0.005112,0.544046,0.807324,-0.030997,0.588645,0.789539,-0.062136,0.591726,0.774356,-0.094041,0.498648,0.648246,-0.04667,0.544466,0.584755,-0.085863,0.574988,0.531125,-0.111106,0.598272,0.481891,-0.128751,0.459751,0.658624,-0.068317,0.570978,0.720915,-0.115982,0.55842,0.784775,-0.124221,0.52808,0.795994,-0.123931,0.428548,0.706231,-0.089593,0.540552,0.785279,-0.131936,0.526797,0.829334,-0.121088,0.498592,0.826609,-0.107045,0.407928,0.769881,-0.111725,0.498976,0.822007,-0.135647,0.505914,0.850846,-0.123092,0.492039,0.851287,-0.109708
300,10000,True,0.9985,0.9985,0.394408,0.858444,0.0,0.482564,0.823231,-0.007805,0.536469,0.791294,-0.03762,0.577585,0.775778,-0.072906,0.589189,0.759915,-0.109225,0.501983,0.622669,-0.049527,0.546721,0.550146,-0.088516,0.575168,0.492359,-0.114001,0.596901,0.440638,-0.132464,0.459206,0.632058,-0.072014,0.570917,0.690055,-0.121474,0.561761,0.761431,-0.1324,0.534214,0.777673,-0.133643,0.427188,0.679324,-0.093991,0.540221,0.757218,-0.135305,0.527258,0.806692,-0.122898,0.497689,0.80756,-0.108358,0.404765,0.742787,-0.117505,0.487525,0.789382,-0.14127,0.505145,0.817949,-0.127952,0.504987,0.820645,-0.11376
301,10033,True,0.9984,0.9984,0.391403,0.841748,0.0,0.477906,0.787087,-0.002739,0.524911,0.734059,-0.02754,0.556864,0.707736,-0.057917,0.58127,0.704004,-0.089364,0.491162,0.591325,-0.046143,0.538907,0.516392,-0.083898,0.5665,0.45693,-0.109007,0.588875,0.404006,-0.127602,0.448666,0.607569,-0.069944,0.559414,0.656604,-0.118535,0.562545,0.730473,-0.128321,0.545245,0.760134,-0.129435,0.417242,0.657249,-0.092933,0.530033,0.725799,-0.132976,0.522328,0.778635,-0.119359,0.495814,0.78963,-0.104271,0.395603,0.722206,-0.117365,0.479894,0.758447,-0.139226,0.498048,0.788305,-0.124513,0.495881,0.797156,-0.109764
302,10066,True,0.9984,0.9984,0.379875,0.840617,0.0,0.466809,0.775103,-0.002288,0.51649,0.713455,-0.024504,0.54985,0.681807,-0.052857,0.567598,0.684385,-0.082086,0.475791,0.575719,-0.040279,0.517406,0.494294,-0.075928,0.542056,0.431058,-0.098926,0.560383,0.374574,-0.116082,0.433163,0.594196,-0.064264,0.540586,0.64504,-0.111137,0.532172,0.71945,-0.119286,0.502898,0.740851,-0.119054,0.400149,0.642655,-0.088085,0.507825,0.70863,-0.128649,0.498539,0.761626,-0.116346,0.470991,0.768391,-0.101662,0.37639,0.706007,-0.113463,0.457743,0.736654,-0.134483,0.476443,0.766899,-0.120314,0.473721,0.777704,-0.106058
303,10100,True,0.9989,0.9989,0.372599,0.838726,0.0,0.454144,0.768345,-0.001755,0.500859,0.709372,-0.026866,0.529619,0.68163,-0.057808,0.543845,0.680894,-0.089234,0.457442,0.568105,-0.045404,0.481443,0.473996,-0.081937,0.500465,0.406386,-0.105374,0.516421,0.351491,-0.122151,0.410155,0.58391,-0.069599,0.513424,0.626176,-0.112895,0.521548,0.703861,-0.119501,0.504267,0.735474,-0.119472,0.372566,0.632845,-0.093062,0.481995,0.690273,-0.130692,0.483547,0.747571,-0.116148,0.461418,0.762085,-0.101101,0.346704,0.696779,-0.117823,0.429104,0.722034,-0.136628,0.452249,0.756688,-0.118992,0.451463,0.770798,-0.102507
304,10133,True,0.9978,0.9978,0.352883,0.842958,0.0,0.433957,0.769323,-0.006495,0.482434,0.716315,-0.036509,0.515342,0.684491,-0.07296,0.513159,0.681036,-0.109749,0.427206,0.573902,-0.048299,0.450923,0.478984,-0.087157,0.464376,0.408707,-0.110795,0.47276,0.348174,-0.127889,0.380171,0.591377,-0.070492,0.479297,0.628811,-0.115414,0.486161,0.701107,-0.121196,0.467322,0.723053,-0.120816,0.346384,0.641155,-0.092521,0.456703,0.698255,-0.13073,0.457355,0.749517,-0.116808,0.433888,0.757318,-0.102915,0.324616,0.703433,-0.116318,0.411633,0.737911,-0.135456,0.419923,0.77198,-0.119902,0.402742,0.778105,-0.105627
305,10166,True,0.9985,0.9985,0.341268,0.859336,0.0,0.416538,0.780065,-0.006297,0.464158,0.721047,-0.034758,0.497908,0.691096,-0.0689,0.49883,0.692468,-0.103623,0.400099,0.586508,-0.052953,0.418288,0.493911,-0.09559,0.428183,0.422704,-0.121355,0.431738,0.361578,-0.139243,0.349073,0.605335,-0.075789,0.447223,0.631789,-0.118223,0.456228,0.705499,-0.119078,0.436314,0.721348,-0.11621,0.313385,0.658732,-0.098939,0.421375,0.707866,-0.139897,0.424038,0.760427,-0.124288,0.397601,0.762172,-0.109135,0.292345,0.727447,-0.123494,0.372829,0.7587,-0.145241,0.388273,0.789754,-0.127833,0.373803,0.795068,-0.112293
306,10200,True,0.9984,0.9984,0.336624,0.874497,0.0,0.40396,0.797837,-0.009947,0.452462,0.730967,-0.037678,0.482622,0.692375,-0.070286,0.473315,0.707383,-0.103855,0.377792,0.609255,-0.056667,0.392077,0.514548,-0.095894,0.398346,0.449147,-0.118853,0.399026,0.390237,-0.135752,0.323798,0.628689,-0.076344,0.419517,0.662006,-0.11836,0.435329,0.724137,-0.122706,0.420782,0.736359,-0.122885,0.287458,0.683458,-0.095759,0.39615,0.744967,-0.133103,0.410176,0.7899,-0.120803,0.39397,0.790921,-0.108844,0.266093,0.750677,-0.117065,0.346273,0.789324,-0.136183,0.36648,0.815779,-0.121843,0.358125,0.818968,-0.109118
307,10233,True,0.9984,0.9984,0.331903,0.902697,0.0,0.397734,0.828236,-0.013782,0.446144,0.754921,-0.038573,0.474257,0.712401,-0.067335,0.465789,0.734551,-0.097268,0.370845,0.636722,-0.054402,0.382852,0.555177,-0.09338,0.386493,0.499727,-0.118451,0.386725,0.442619,-0.137689,0.314046,0.65513,-0.071009,0.408059,0.70588,-0.115165,0.425788,0.768774,-0.12467,0.414342,0.784468,-0.128098,0.278218,0.714871,-0.087674,0.387145,0.787257,-0.125799,0.402132,0.826011,-0.118854,0.387025,0.825112,-0.110328,0.258057,0.786194,-0.106622,0.342036,0.836254,-0.128486,0.360698,0.857331,-0.119884,0.350354,0.853995,-0.110777
308,10266,True,0.9989,0.9989,0.343311,0.924363,-0.0,0.406447,0.852407,-0.012968,0.454648,0.783423,-0.038121,0.480497,0.742016,-0.06726,0.476943,0.755982,-0.097798,0.379963,0.666104,-0.054647,0.392399,0.594305,-0.093982,0.399012,0.549147,-0.120505,0.404331,0.499852,-0.140285,0.323828,0.686496,-0.071815,0.424172,0.74307,-0.117725,0.441275,0.804985,-0.130665,0.428889,0.824948,-0.136009,0.288346,0.748223,-0.088584,0.398944,0.821159,-0.127904,0.414204,0.857857,-0.12209,0.399696,0.858568,-0.113781,0.26721,0.820499,-0.107239,0.352358,0.868513,-0.130367,0.374995,0.889868,-0.121144,0.369183,0.889005,-0.110768
309,10300,True,0.9994,0.9994,0.341148,0.936993,-0.0,0.407943,0.855342,-0.008031,0.463735,0.786283,-0.030567,0.502284,0.7649,-0.057598,0.503626,0.795573,-0.086167,0.39771,0.678686,-0.045418,0.423849,0.632644,-0.084898,0.439611,0.5948,-0.113582,0.453241,0.552339,-0.134619,0.345352,0.703753,-0.065098,0.45807,0.773233,-0.107838,0.469256,0.830513,-0.120384,0.449737,0.845133,-0.126194,0.312046,0.771902,-0.084898,0.436146,0.856492,-0.123454,0.440098,0.883995,-0.119536,0.413551,0.872515,-0.112272,0.294138,0.849413,-0.106106,0.388682,0.902574,-0.13021,0.4038,0.91687,-0.122261,0.389594,0.909626,-0.112706
310,10333,True,0.9987,0.9987,0.350561,0.954001,0.0,0.42821,0.865834,-0.002898,0.487542,0.801781,-0.024457,0.534425,0.790769,-0.051736,0.541004,0.822243,-0.080952,0.426529,0.692999,-0.041202,0.464225,0.658693,-0.080871,0.486314,0.620888,-0.108478,0.50732,0.58239,-0.127089,0.382097,0.718269,-0.062948,0.499914,0.797179,-0.100042,0.487871,0.851142,-0.105271,0.456925,0.853313,-0.106012,0.350468,0.783217,-0.085342,0.47375,0.872629,-0.122852,0.456336,0.901695,-0.117719,0.423592,0.887822,-0.109102,0.33141,0.861811,-0.108785,0.430083,0.916584,-0.131051,0.437246,0.930413,-0.121863,0.422561,0.928643,-0.111301
311,10366,True,0.9996,0.9996,0.359409,0.956634,0.0,0.439149,0.871196,-0.001185,0.505311,0.801077,-0.020265,0.557272,0.793576,-0.04485,0.570231,0.831111,-0.071417,0.44595,0.696057,-0.032923,0.495227,0.664209,-0.067372,0.531228,0.63748,-0.092544,0.564917,0.613152,-0.110033,0.409149,0.726897,-0.0553,0.529171,0.805635,-0.087912,0.52021,0.861618,-0.093892,0.496022,0.863413,-0.096518,0.381399,0.793284,-0.078225,0.503858,0.879433,-0.112028,0.489071,0.915357,-0.108532,0.460781,0.905724,-0.102164,0.36548,0.87152,-0.101955,0.465648,0.923991,-0.118575,0.473569,0.945757,-0.1075,0.457634,0.948877,-0.097369
312,10400,True,0.9996,0.9996,0.36715,0.949001,0.0,0.453502,0.869848,0.000286,0.523374,0.806606,-0.021358,0.57566,0.79532,-0.048358,0.587405,0.828462,-0.077452,0.471935,0.694938,-0.042222,0.528484,0.669423,-0.078915,0.56368,0.640516,-0.105114,0.592835,0.610022,-0.123757,0.431315,0.72359,-0.066509,0.549656,0.81331,-0.101358,0.539843,0.870956,-0.105831,0.51418,0.869537,-0.107566,0.399204,0.788029,-0.090378,0.518585,0.879718,-0.12683,0.506025,0.919081,-0.120161,0.47602,0.90988,-0.111335,0.379454,0.863682,-0.114652,0.47858,0.924167,-0.133407,0.489387,0.948766,-0.12044,0.471287,0.95118,-0.108505
313,10433,True,0.9993,0.9993,0.376258,0.947044,0.0,0.462731,0.872326,0.000388,0.532206,0.80997,-0.021703,0.584046,0.794198,-0.04933,0.584789,0.824848,-0.078767,0.476835,0.693023,-0.040892,0.532514,0.663608,-0.076665,0.568993,0.630601,-0.102385,0.598132,0.598665,-0.121142,0.436669,0.717359,-0.065641,0.551829,0.805148,-0.102706,0.540663,0.859827,-0.107235,0.512827,0.858382,-0.107912,0.405182,0.778525,-0.089959,0.519716,0.873165,-0.125622,0.506364,0.910006,-0.116731,0.476347,0.898328,-0.106122,0.38424,0.852143,-0.115073,0.482325,0.916651,-0.132856,0.491839,0.940329,-0.11929,0.472921,0.939058,-0.106924
314,10466,True,0.9994,0.9994,0.373764,0.944097,0.0,0.462484,0.865355,0.00122,0.527977,0.802007,-0.019951,0.575305,0.788541,-0.046432,0.57319,0.820429,-0.074327,0.465744,0.689268,-0.038193,0.514364,0.651089,-0.073976,0.549297,0.618794,-0.099198,0.57706,0.588036,-0.117367,0.425725,0.711087,-0.062541,0.536583,0.791014,-0.097896,0.531026,0.852412,-0.102456,0.506742,0.852303,-0.103696,0.393522,0.769996,-0.08653,0.505652,0.859774,-0.122183,0.496617,0.902066,-0.114059,0.469009,0.891767,-0.104079,0.371493,0.842558,-0.110919,0.464071,0.903238,-0.128853,0.475193,0.929543,-0.115166,0.457287,0.927804,-0.102762
315,10500,True,0.9992,0.9992,0.366695,0.947842,0.0,0.457184,0.861917,-0.004125,0.51916,0.795332,-0.025824,0.562356,0.780872,-0.052063,0.556064,0.818691,-0.079072,0.447854,0.688726,-0.039477,0.486221,0.641573,-0.076876,0.515748,0.602954,-0.102435,0.540333,0.56695,-0.120364,0.401443,0.710531,-0.061113,0.508431,0.77436,-0.09904,0.507306,0.83816,-0.103038,0.486074,0.843365,-0.1022,0.367761,0.768628,-0.08344,0.478681,0.852639,-0.12093,0.472964,0.892478,-0.114997,0.445942,0.880585,-0.105525,0.346685,0.839969,-0.106749,0.437514,0.902745,-0.125299,0.446902,0.924808,-0.114459,0.426359,0.91863,-0.103975
316,10533,True,0.9992,0.9992,0.3531,0.959563,0.0,0.43067,0.870684,-0.002656,0.48583,0.801708,-0.023267,0.523467,0.783159,-0.049365,0.52395,0.819832,-0.077454,0.422174,0.695286,-0.036767,0.456067,0.649392,-0.070582,0.479448,0.608048,-0.095484,0.49619,0.565517,-0.114577,0.371923,0.716932,-0.059207,0.473855,0.774806,-0.096403,0.482425,0.838216,-0.104709,0.462678,0.850217,-0.107391,0.337463,0.777609,-0.081432,0.446527,0.852405,-0.117501,0.453941,0.894426,-0.112583,0.429524,0.891069,-0.104316,0.316692,0.85125,-0.104585,0.404631,0.902633,-0.12429,0.423196,0.926865,-0.11399,0.409039,0.927934,-0.103567
317,10566,True,0.9986,0.9986,0.341743,0.967968,0.0,0.413279,0.888063,-0.007128,0.467792,0.818092,-0.02842,0.500513,0.7968,-0.053782,0.488136,0.832806,-0.081055,0.394861,0.713856,-0.041284,0.422616,0.666775,-0.072849,0.442266,0.629234,-0.094939,0.457911,0.591733,-0.111846,0.342269,0.736595,-0.060203,0.443358,0.797539,-0.092988,0.451865,0.85236,-0.099215,0.431455,0.85857,-0.101823,0.305117,0.797214,-0.079067,0.418474,0.878187,-0.108933,0.427129,0.905421,-0.102716,0.406025,0.890772,-0.095726,0.282334,0.870407,-0.099402,0.371511,0.924697,-0.115248,0.385899,0.941225,-0.104899,0.370033,0.935497,-0.095521
318,10600,True,0.9992,0.9992,0.341425,0.97244,0.0,0.397506,0.903755,-0.012577,0.447012,0.833983,-0.035071,0.481693,0.819151,-0.060536,0.482965,0.858982,-0.087946,0.37568,0.735016,-0.047207,0.398454,0.696309,-0.080551,0.413317,0.667125,-0.104848,0.428033,0.634601,-0.123901,0.320265,0.757349,-0.064067,0.425,0.837908,-0.103422,0.438147,0.892972,-0.115535,0.426231,0.908228,-0.121436,0.283194,0.821816,-0.081072,0.402797,0.920465,-0.114833,0.410317,0.945003,-0.110788,0.392297,0.930537,-0.104866,0.25986,0.898123,-0.100153,0.349958,0.96367,-0.12079,0.365642,0.980424,-0.113316,0.35709,0.972792,-0.105215
319,10633,True,0.9963,0.9963,0.337556,0.971755,0.0,0.394368,0.914137,-0.020651,0.443033,0.852953,-0.045213,0.474717,0.845975,-0.071881,0.468269,0.887996,-0.09931,0.367527,0.757596,-0.04827,0.38754,0.739873,-0.08682,0.401248,0.719095,-0.115186,0.419281,0.691408,-0.135793,0.310294,0.77992,-0.061414,0.411939,0.868739,-0.103165,0.427368,0.911531,-0.116017,0.419996,0.91268,-0.121836,0.272141,0.843126,-0.076746,0.387423,0.94296,-0.114118,0.397859,0.959345,-0.111067,0.386206,0.93634,-0.104267,0.248812,0.918642,-0.095321,0.339906,0.983569,-0.119914,0.361917,0.99676,-0.114707,0.3631,0.989453,-0.106806
320,10666,True,0.9885,0.9885,0.336588,0.961002,0.0,0.395031,0.913045,-0.024961,0.448058,0.863271,-0.050393,0.485849,0.861404,-0.07726,0.489259,0.905625,-0.103892,0.374703,0.77083,-0.051647,0.390061,0.767779,-0.094372,0.410059,0.752201,-0.125546,0.437261,0.736279,-0.146483,0.321833,0.796954,-0.060928,0.417732,0.896077,-0.102345,0.422736,0.913324,-0.115816,0.411228,0.900928,-0.123675,0.286412,0.857738,-0.073368,0.391571,0.967398,-0.104288,0.387289,0.963707,-0.100985,0.370278,0.932103,-0.096172,0.263527,0.928162,-0.090512,0.349563,1.009084,-0.11207,0.34769,1.00761,-0.111109,0.327422,0.987476,-0.107223
321,10700,True,0.994,0.994,0.346563,0.978517,0.0,0.407184,0.918877,-0.019498,0.456267,0.867997,-0.043335,0.497475,0.877545,-0.06994,0.503661,0.925571,-0.095814,0.390324,0.770304,-0.04008,0.413221,0.768351,-0.080625,0.439508,0.761496,-0.110848,0.47351,0.762468,-0.130734,0.345349,0.801139,-0.051478,0.457789,0.911539,-0.09022,0.451718,0.943303,-0.100726,0.433312,0.935855,-0.10642,0.313839,0.865955,-0.06644,0.428766,0.975138,-0.095375,0.404415,0.979087,-0.089595,0.375484,0.953453,-0.083454,0.291578,0.940986,-0.085823,0.38289,1.019567,-0.107632,0.367166,1.019243,-0.105452,0.338496,1.002214,-0.100454
322,10733,True,0.9986,0.9986,0.359218,0.992899,0.0,0.419279,0.925308,-0.018595,0.4714,0.865282,-0.044507,0.513463,0.858655,-0.072461,0.536439,0.887092,-0.100093,0.411409,0.765269,-0.045602,0.447036,0.767776,-0.087463,0.477882,0.76336,-0.117623,0.511346,0.765027,-0.137069,0.368537,0.800444,-0.057331,0.489845,0.904504,-0.096831,0.479035,0.938196,-0.106859,0.457511,0.931154,-0.111874,0.340121,0.867129,-0.07183,0.463086,0.972105,-0.103197,0.439773,0.975858,-0.095282,0.412188,0.953354,-0.086931,0.320333,0.943914,-0.090036,0.420815,1.014062,-0.111073,0.410006,1.007265,-0.105161,0.38524,0.985331,-0.097232
323,10766,True,0.9987,0.9987,0.377981,0.976835,0.0,0.434715,0.912916,-0.016871,0.493826,0.846523,-0.039174,0.550898,0.832112,-0.063463,0.588054,0.840983,-0.089044,0.432381,0.755611,-0.044229,0.484097,0.758309,-0.084441,0.523101,0.748385,-0.116216,0.561585,0.738837,-0.137405,0.394188,0.791025,-0.055961,0.513876,0.891403,-0.093624,0.497383,0.920888,-0.104647,0.470032,0.914336,-0.111027,0.367718,0.857324,-0.070221,0.48702,0.955025,-0.102118,0.461297,0.962727,-0.096671,0.431356,0.944157,-0.090174,0.347813,0.934341,-0.087535,0.447281,0.999475,-0.107594,0.433059,1.002397,-0.100763,0.405617,0.990883,-0.092988
324,10800,True,0.9993,0.9993,0.362604,0.96213,0.0,0.428338,0.897606,-0.018668,0.491357,0.831627,-0.043874,0.550169,0.816405,-0.070491,0.591319,0.827955,-0.098061,0.445616,0.739764,-0.052814,0.505788,0.739676,-0.096543,0.547172,0.722651,-0.126982,0.587992,0.705797,-0.146845,0.410603,0.775198,-0.06617,0.536464,0.87215,-0.107858,0.518144,0.905963,-0.114212,0.490041,0.895983,-0.116652,0.385252,0.841813,-0.082404,0.506455,0.937531,-0.12043,0.478948,0.947832,-0.11119,0.448121,0.926003,-0.100973,0.366862,0.918024,-0.101593,0.466685,0.981258,-0.124377,0.451588,0.983758,-0.115239,0.422263,0.971052,-0.105678
325,10833,True,0.9999,0.9999,0.375728,0.940433,0.0,0.445529,0.877603,-0.010871,0.509696,0.82822,-0.040247,0.561577,0.83187,-0.07178,0.579247,0.865369,-0.105457,0.459421,0.728297,-0.068308,0.52345,0.714385,-0.115487,0.56772,0.691415,-0.147266,0.603072,0.668316,-0.16813,0.420668,0.76077,-0.08886,0.539155,0.841848,-0.131774,0.51991,0.892483,-0.133837,0.488092,0.888101,-0.133031,0.392592,0.826765,-0.109722,0.513415,0.911628,-0.151401,0.495294,0.944684,-0.137966,0.464362,0.931635,-0.124175,0.375968,0.90464,-0.131781,0.479921,0.956245,-0.154257,0.485203,0.975657,-0.137533,0.465441,0.974736,-0.12293
326,10866,True,0.9997,0.9997,0.382561,0.929693,0.0,0.444139,0.856968,-0.006872,0.504334,0.80486,-0.035397,0.555718,0.811695,-0.0673,0.576203,0.849454,-0.101555,0.452213,0.711882,-0.060315,0.515273,0.690219,-0.10296,0.559585,0.665167,-0.131125,0.595157,0.640228,-0.149763,0.416881,0.747581,-0.081647,0.534581,0.819043,-0.121291,0.521311,0.873076,-0.121749,0.49176,0.870189,-0.119909,0.39207,0.812158,-0.102922,0.510913,0.886548,-0.139906,0.49728,0.921078,-0.124325,0.466642,0.908413,-0.10974,0.377598,0.88538,-0.125323,0.47738,0.928251,-0.142989,0.482375,0.952087,-0.12375,0.46107,0.953504,-0.107919
327,10900,True,0.9999,0.9999,0.388114,0.927578,0.0,0.450763,0.853393,-0.004131,0.511722,0.795606,-0.028908,0.563803,0.791129,-0.057264,0.574008,0.825641,-0.088032,0.445986,0.7044,-0.055211,0.506458,0.67132,-0.098763,0.55205,0.642035,-0.128866,0.58827,0.611427,-0.148806,0.408934,0.73498,-0.077323,0.526489,0.794874,-0.118732,0.51789,0.851361,-0.123272,0.488192,0.853593,-0.123766,0.383903,0.797199,-0.099163,0.50416,0.866521,-0.138739,0.493692,0.902551,-0.128185,0.463204,0.890654,-0.116121,0.370608,0.869197,-0.121603,0.466182,0.907823,-0.141392,0.477667,0.932607,-0.125095,0.462175,0.936081,-0.110832
328,10933,True,0.9997,0.9997,0.380379,0.928902,0.0,0.441056,0.854375,0.000458,0.493236,0.796865,-0.021132,0.541287,0.789462,-0.047981,0.555408,0.816829,-0.077626,0.434838,0.695358,-0.04023,0.489172,0.655366,-0.076111,0.531006,0.623352,-0.099918,0.565605,0.593707,-0.115914,0.40027,0.725287,-0.062882,0.512177,0.770536,-0.097558,0.505301,0.827227,-0.100638,0.476949,0.833005,-0.100368,0.377369,0.786987,-0.085399,0.493691,0.847556,-0.12095,0.486139,0.888426,-0.112301,0.458118,0.883802,-0.101673,0.365292,0.859296,-0.108133,0.454786,0.89373,-0.126578,0.469188,0.92042,-0.112676,0.458569,0.926438,-0.099949
329,10966,True,0.9995,0.9995,0.376416,0.935019,0.0,0.437768,0.854283,-0.001201,0.486355,0.794783,-0.023635,0.531718,0.786442,-0.050762,0.545859,0.81056,-0.080157,0.425427,0.689698,-0.042593,0.474004,0.648704,-0.079676,0.514382,0.61566,-0.105344,0.548907,0.585184,-0.122886,0.390167,0.720997,-0.065157,0.503885,0.766635,-0.100796,0.498679,0.821447,-0.1059,0.469924,0.826687,-0.107469,0.367429,0.784577,-0.087768,0.486015,0.842212,-0.123484,0.480019,0.881974,-0.115729,0.451654,0.876549,-0.106164,0.355773,0.858701,-0.110941,0.447514,0.890598,-0.130145,0.462947,0.916036,-0.117229,0.451966,0.920546,-0.105272
330,11000,True,0.9995,0.9995,0.373372,0.940638,0.0,0.431996,0.852907,-2.1e-05,0.479625,0.787457,-0.022476,0.524917,0.776015,-0.05006,0.539226,0.807285,-0.080271,0.418594,0.688526,-0.040011,0.463657,0.646055,-0.076036,0.501828,0.61184,-0.100978,0.53474,0.580869,-0.118066,0.382892,0.719412,-0.063348,0.497026,0.761392,-0.0987,0.496427,0.823207,-0.103952,0.469319,0.835914,-0.10488,0.36028,0.782831,-0.086478,0.47868,0.83738,-0.121908,0.475522,0.881936,-0.114679,0.447395,0.880818,-0.104846,0.349002,0.856879,-0.109994,0.441849,0.887292,-0.127453,0.459159,0.914554,-0.113609,0.44796,0.921579,-0.100888
331,11033,True,0.999,0.999,0.370143,0.94804,0.0,0.430878,0.857127,-0.001234,0.477337,0.79041,-0.023224,0.520522,0.779358,-0.050536,0.539181,0.807386,-0.080559,0.413867,0.694065,-0.038567,0.457732,0.651285,-0.07445,0.492963,0.615305,-0.099696,0.524097,0.582695,-0.117145,0.378268,0.726017,-0.061263,0.491857,0.769258,-0.095166,0.48809,0.824526,-0.100722,0.459037,0.830107,-0.102806,0.355139,0.78947,-0.084161,0.474213,0.841442,-0.119214,0.468139,0.882874,-0.112778,0.439217,0.879072,-0.104032,0.342777,0.864582,-0.107693,0.43386,0.892594,-0.126507,0.451177,0.917016,-0.114039,0.442732,0.923378,-0.102165
332,11066,True,0.9992,0.9992,0.365657,0.955034,0.0,0.425536,0.862668,0.00052,0.473383,0.79325,-0.020417,0.51677,0.780926,-0.046793,0.530598,0.812653,-0.075951,0.408232,0.704164,-0.036849,0.449919,0.659927,-0.070743,0.48353,0.62318,-0.094174,0.512362,0.590814,-0.110453,0.373429,0.736988,-0.06031,0.486996,0.771145,-0.093658,0.487956,0.827099,-0.098558,0.461374,0.836296,-0.099545,0.351841,0.800063,-0.083641,0.470416,0.846853,-0.117402,0.466952,0.888005,-0.110934,0.438268,0.885096,-0.102004,0.341637,0.8734,-0.107415,0.433436,0.899711,-0.124213,0.449796,0.924621,-0.111251,0.438828,0.931535,-0.099413
333,11100,True,0.9989,0.9989,0.365963,0.955955,0.0,0.429111,0.862679,-0.001143,0.477183,0.791176,-0.022235,0.51862,0.779728,-0.048226,0.529275,0.814746,-0.076846,0.405556,0.706715,-0.03858,0.445802,0.664943,-0.072195,0.478204,0.630202,-0.095022,0.507296,0.599428,-0.110805,0.371239,0.740615,-0.060599,0.486136,0.778564,-0.094356,0.48562,0.835189,-0.098969,0.459701,0.844442,-0.099456,0.350219,0.803543,-0.082534,0.470032,0.853849,-0.116526,0.463621,0.895038,-0.110561,0.434893,0.891929,-0.101822,0.340638,0.876044,-0.105003,0.433448,0.904649,-0.122548,0.448845,0.929679,-0.110842,0.438407,0.936512,-0.099771
334,11133,True,0.9993,0.9993,0.369016,0.953996,0.0,0.43145,0.860732,-0.00151,0.481229,0.791568,-0.023302,0.522778,0.780172,-0.050423,0.524902,0.819909,-0.080536,0.408054,0.710005,-0.040145,0.448874,0.672,-0.073907,0.480394,0.637749,-0.097686,0.507385,0.606072,-0.114588,0.370743,0.74542,-0.062572,0.484301,0.787191,-0.095317,0.483461,0.83959,-0.100578,0.456355,0.843247,-0.102605,0.348285,0.810338,-0.084756,0.467938,0.861038,-0.118015,0.462678,0.898592,-0.112172,0.433572,0.893607,-0.104365,0.3382,0.88405,-0.107636,0.431178,0.911064,-0.125908,0.447093,0.932896,-0.114745,0.437226,0.940207,-0.104261
335,11166,True,0.9996,0.9996,0.36863,0.963193,0.0,0.427889,0.87586,-0.000616,0.477471,0.806116,-0.021281,0.521274,0.793118,-0.047479,0.530149,0.828776,-0.076642,0.409217,0.716152,-0.035589,0.45022,0.678951,-0.070339,0.482334,0.645301,-0.095663,0.510295,0.614051,-0.113262,0.372581,0.749685,-0.058199,0.485508,0.792249,-0.090941,0.484336,0.845437,-0.097192,0.457628,0.849662,-0.099839,0.349521,0.814321,-0.080905,0.470079,0.865426,-0.115143,0.465664,0.904417,-0.109963,0.437908,0.900655,-0.102165,0.338312,0.889578,-0.104133,0.433247,0.91634,-0.122642,0.447972,0.940051,-0.110667,0.437012,0.947816,-0.099278
336,11200,True,0.9994,0.9994,0.36628,0.960869,0.0,0.425288,0.872798,-0.000386,0.475314,0.806797,-0.022698,0.521598,0.794174,-0.050601,0.526547,0.829053,-0.081326,0.408854,0.719568,-0.039073,0.452592,0.681847,-0.073485,0.484696,0.647685,-0.09744,0.510509,0.615806,-0.114113,0.372117,0.75216,-0.061275,0.487532,0.795986,-0.091948,0.486594,0.851913,-0.094745,0.45933,0.854939,-0.09556,0.350202,0.815442,-0.08339,0.471708,0.86951,-0.116414,0.465913,0.909472,-0.109184,0.435513,0.904768,-0.100652,0.340537,0.887657,-0.10597,0.436503,0.918881,-0.123763,0.450974,0.943505,-0.111118,0.438027,0.951074,-0.099698
337,11233,True,0.9995,0.9995,0.366917,0.963725,0.0,0.427332,0.875914,0.000311,0.478437,0.808888,-0.021851,0.525006,0.796701,-0.049807,0.531445,0.832375,-0.080597,0.409222,0.723269,-0.037496,0.452403,0.686113,-0.072047,0.485327,0.652661,-0.096073,0.512858,0.622101,-0.112589,0.373179,0.755099,-0.059824,0.489928,0.79928,-0.090807,0.48727,0.856134,-0.092974,0.459713,0.85929,-0.092888,0.351173,0.817905,-0.082146,0.473712,0.871992,-0.11538,0.466124,0.912047,-0.107686,0.435763,0.907378,-0.098441,0.341095,0.890342,-0.104823,0.437728,0.921098,-0.122029,0.450759,0.945857,-0.108616,0.437261,0.953689,-0.096602
338,11266,True,0.9996,0.9996,0.367398,0.960994,0.0,0.427294,0.87547,0.000234,0.478433,0.809,-0.021889,0.525752,0.798562,-0.0497,0.535291,0.832723,-0.080483,0.412402,0.72305,-0.038586,0.455322,0.684196,-0.073295,0.488838,0.65109,-0.096939,0.5174,0.621612,-0.112954,0.375341,0.754277,-0.060856,0.491224,0.79956,-0.092169,0.489028,0.857606,-0.094326,0.462108,0.862494,-0.094094,0.352259,0.817248,-0.083098,0.473989,0.871934,-0.117065,0.467739,0.91329,-0.109582,0.43795,0.910035,-0.100301,0.341056,0.889656,-0.105608,0.436366,0.921595,-0.123582,0.452923,0.947017,-0.110312,0.442534,0.955401,-0.098209
339,11300,True,0.9996,0.9996,0.364906,0.963157,0.0,0.426787,0.877799,-0.000219,0.478245,0.811535,-0.022751,0.52493,0.800409,-0.050818,0.535521,0.83477,-0.081916,0.412309,0.725515,-0.0403,0.453366,0.68468,-0.07585,0.487032,0.6508,-0.099724,0.516284,0.620955,-0.115705,0.376086,0.756878,-0.062601,0.492,0.80019,-0.094598,0.488796,0.859082,-0.09641,0.461253,0.864105,-0.095684,0.353571,0.819909,-0.084834,0.475866,0.872891,-0.119275,0.468607,0.914753,-0.11121,0.438581,0.911717,-0.101324,0.34305,0.89306,-0.107323,0.43876,0.923421,-0.125002,0.453575,0.949326,-0.110799,0.441789,0.957621,-0.098013
340,11333,True,0.9996,0.9996,0.366506,0.962204,0.0,0.428217,0.875938,-0.000962,0.479682,0.810187,-0.023626,0.525606,0.800576,-0.051485,0.536769,0.83506,-0.08233,0.413992,0.724932,-0.041269,0.456228,0.684908,-0.075831,0.489988,0.652362,-0.099259,0.519061,0.62318,-0.115389,0.377145,0.756486,-0.06345,0.491641,0.799945,-0.096136,0.489719,0.859111,-0.099497,0.463163,0.865365,-0.099773,0.354118,0.819012,-0.085344,0.475007,0.874406,-0.118904,0.469548,0.916543,-0.111158,0.440574,0.91368,-0.10178,0.343105,0.891424,-0.107734,0.436985,0.923669,-0.12501,0.454862,0.949733,-0.111502,0.446334,0.958081,-0.099354
341,11366,True,0.9996,0.9996,0.366689,0.963484,0.0,0.427881,0.877538,-0.00156,0.47849,0.811906,-0.024561,0.524674,0.80204,-0.052593,0.536698,0.836178,-0.083548,0.413547,0.726264,-0.04243,0.454772,0.685457,-0.078096,0.489119,0.652447,-0.101939,0.519561,0.624248,-0.117892,0.377233,0.757825,-0.064271,0.49297,0.802159,-0.097093,0.49006,0.86137,-0.099606,0.463253,0.866951,-0.099201,0.354333,0.820247,-0.08604,0.476746,0.874682,-0.120631,0.470219,0.916975,-0.112755,0.441148,0.914058,-0.102974,0.343226,0.89317,-0.108241,0.438371,0.923664,-0.126279,0.455853,0.949562,-0.112484,0.44728,0.957952,-0.099889
342,11400,True,0.9996,0.9996,0.368239,0.961059,0.0,0.428797,0.875162,-0.001053,0.478888,0.810954,-0.024416,0.524641,0.802319,-0.053134,0.537553,0.834909,-0.084881,0.414199,0.725078,-0.042541,0.454497,0.684534,-0.078726,0.489116,0.651777,-0.102853,0.519715,0.623986,-0.118865,0.378013,0.7578,-0.064848,0.493304,0.8024,-0.09818,0.490812,0.860675,-0.100787,0.463961,0.865428,-0.100358,0.35549,0.821204,-0.087056,0.477138,0.875784,-0.122037,0.47142,0.917761,-0.113836,0.44247,0.914876,-0.103713,0.34454,0.894256,-0.109641,0.43916,0.924808,-0.127793,0.4566,0.951056,-0.113511,0.44753,0.959463,-0.100467
343,11433,True,0.9996,0.9996,0.364716,0.964869,0.0,0.427241,0.878531,-0.001786,0.478926,0.812306,-0.024531,0.525627,0.802274,-0.052319,0.536268,0.83675,-0.083009,0.41325,0.726783,-0.043655,0.454877,0.686681,-0.080285,0.488946,0.653124,-0.10487,0.51942,0.624204,-0.121139,0.377826,0.759326,-0.065489,0.494276,0.806607,-0.098568,0.489475,0.862084,-0.10075,0.461735,0.865565,-0.100224,0.355554,0.822915,-0.087332,0.477868,0.877773,-0.122181,0.469953,0.917419,-0.114153,0.440798,0.914505,-0.104256,0.344961,0.897342,-0.109707,0.439027,0.927625,-0.128311,0.455859,0.950886,-0.114738,0.447899,0.958735,-0.102158
344,11466,True,0.9996,0.9996,0.367567,0.968072,0.0,0.428867,0.883268,-0.003097,0.480966,0.814689,-0.026555,0.527061,0.803842,-0.054738,0.537533,0.840791,-0.085849,0.414844,0.730384,-0.044328,0.454037,0.689963,-0.080303,0.48933,0.658779,-0.104538,0.521069,0.632417,-0.120755,0.378925,0.762456,-0.065323,0.493492,0.808643,-0.099952,0.48957,0.865471,-0.103527,0.46166,0.870554,-0.103378,0.356037,0.825578,-0.086127,0.478095,0.881334,-0.121449,0.471644,0.921485,-0.11397,0.442716,0.91807,-0.104166,0.344857,0.899311,-0.107421,0.441815,0.932219,-0.125789,0.458677,0.957528,-0.112324,0.449832,0.963724,-0.099815
345,11500,True,0.9996,0.9996,0.367865,0.974322,0.0,0.430704,0.889327,-0.003399,0.483413,0.820107,-0.026905,0.529626,0.809198,-0.055224,0.537002,0.844833,-0.086498,0.414565,0.734619,-0.04531,0.454751,0.695582,-0.083236,0.490258,0.663293,-0.108893,0.521628,0.63609,-0.12562,0.378579,0.766492,-0.066532,0.495243,0.815912,-0.101209,0.48886,0.87173,-0.103852,0.458567,0.874666,-0.103112,0.355115,0.83097,-0.087868,0.478332,0.887084,-0.124848,0.470569,0.92629,-0.117358,0.440205,0.92202,-0.107233,0.34359,0.907333,-0.109675,0.439238,0.939677,-0.130099,0.456931,0.962627,-0.116778,0.448813,0.968951,-0.10396
346,11533,True,0.9997,0.9997,0.373285,0.984316,0.0,0.433932,0.900723,-0.004429,0.48554,0.828637,-0.028051,0.531218,0.814053,-0.056348,0.540899,0.848109,-0.087585,0.416963,0.74189,-0.043868,0.455254,0.701,-0.081294,0.490713,0.668323,-0.107106,0.522056,0.641341,-0.124225,0.379712,0.773614,-0.064483,0.495308,0.819677,-0.100351,0.491683,0.87445,-0.104791,0.463243,0.878028,-0.104939,0.35571,0.8378,-0.08525,0.478872,0.893324,-0.12247,0.472788,0.93051,-0.11578,0.443188,0.925097,-0.106092,0.343446,0.91389,-0.1066,0.440805,0.94691,-0.127697,0.459537,0.968438,-0.115275,0.452001,0.97204,-0.102914
347,11566,True,0.9996,0.9996,0.376179,0.988211,0.0,0.433968,0.904242,-0.004101,0.483652,0.831504,-0.026864,0.529328,0.818016,-0.054619,0.542404,0.853528,-0.085084,0.41849,0.742875,-0.039837,0.457042,0.703745,-0.075758,0.49181,0.672724,-0.100959,0.522546,0.646644,-0.118039,0.382647,0.775929,-0.060466,0.499312,0.824477,-0.095571,0.494328,0.877285,-0.100937,0.464658,0.879374,-0.10219,0.360167,0.84055,-0.081421,0.484082,0.899348,-0.116189,0.47632,0.933385,-0.109593,0.44667,0.925581,-0.10086,0.348496,0.915797,-0.103292,0.448982,0.952093,-0.122482,0.460307,0.974655,-0.110445,0.446268,0.977137,-0.098858
348,11600,True,0.9993,0.9993,0.384521,0.99262,0.0,0.437085,0.908911,-0.003807,0.48268,0.838119,-0.027033,0.528004,0.8238,-0.055069,0.54302,0.857318,-0.085544,0.416843,0.744983,-0.041928,0.459051,0.706232,-0.079038,0.494638,0.67342,-0.105126,0.52601,0.645547,-0.122928,0.382116,0.77757,-0.062695,0.502185,0.827556,-0.098528,0.495913,0.880238,-0.103448,0.466396,0.881949,-0.104795,0.362128,0.842337,-0.083727,0.487987,0.902012,-0.118357,0.47696,0.936097,-0.110831,0.446274,0.926965,-0.102021,0.353045,0.917973,-0.105765,0.454539,0.95637,-0.12468,0.460627,0.978714,-0.112786,0.442564,0.978757,-0.101729
349,11633,True,0.9997,0.9997,0.379107,0.992545,0.0,0.432395,0.905316,-0.002087,0.480552,0.834332,-0.024524,0.52893,0.821958,-0.052426,0.550475,0.857565,-0.083143,0.420141,0.741691,-0.039391,0.462275,0.702725,-0.075741,0.498289,0.674118,-0.101048,0.531987,0.649754,-0.117943,0.385064,0.77725,-0.061131,0.504656,0.825003,-0.094445,0.500865,0.879221,-0.099307,0.473165,0.883002,-0.101083,0.364273,0.84461,-0.08325,0.492463,0.90105,-0.117189,0.484272,0.9372,-0.111015,0.454339,0.931807,-0.103046,0.354779,0.921565,-0.106179,0.458619,0.953826,-0.124196,0.471879,0.976449,-0.111998,0.459948,0.980948,-0.100621
350,11666,True,0.9997,0.9997,0.357171,0.984708,0.0,0.4261,0.900624,-0.002411,0.486974,0.827777,-0.025597,0.541325,0.813954,-0.053881,0.561912,0.846306,-0.085377,0.425766,0.741899,-0.043173,0.469419,0.696308,-0.080159,0.506403,0.66288,-0.104831,0.538939,0.634653,-0.120952,0.390539,0.774401,-0.064771,0.511989,0.820773,-0.099023,0.510336,0.882671,-0.10257,0.482923,0.891194,-0.102857,0.368304,0.839544,-0.086388,0.495428,0.895309,-0.122539,0.488757,0.93884,-0.115726,0.458721,0.93898,-0.106543,0.358143,0.913585,-0.10836,0.462072,0.946037,-0.12675,0.476606,0.972936,-0.112765,0.462615,0.982106,-0.10007
351,11700,True,0.999,0.999,0.371938,0.973721,0.0,0.438617,0.886093,-0.002337,0.494591,0.817955,-0.027396,0.544351,0.806854,-0.057687,0.565972,0.843673,-0.090219,0.431367,0.731749,-0.045027,0.475315,0.689327,-0.084447,0.511752,0.650368,-0.109953,0.542119,0.618962,-0.126579,0.398118,0.763942,-0.068033,0.517489,0.807691,-0.107131,0.510365,0.865171,-0.109384,0.48017,0.870951,-0.106734,0.376865,0.825912,-0.091089,0.50054,0.880106,-0.129009,0.49123,0.921515,-0.11804,0.459644,0.917736,-0.10454,0.365316,0.897343,-0.114808,0.469032,0.932154,-0.132755,0.480355,0.958295,-0.116912,0.461482,0.962812,-0.102355
352,11733,True,0.9995,0.9995,0.379818,0.956059,0.0,0.4438,0.87468,-0.000604,0.497165,0.806006,-0.022563,0.545026,0.791287,-0.049716,0.569289,0.818001,-0.079192,0.437522,0.711605,-0.039925,0.479844,0.665409,-0.075076,0.515027,0.628091,-0.098285,0.545984,0.598979,-0.113614,0.405623,0.740928,-0.062171,0.52044,0.788566,-0.097579,0.512834,0.844287,-0.10095,0.482552,0.850933,-0.100042,0.384104,0.802008,-0.084233,0.504081,0.856759,-0.119025,0.495559,0.898255,-0.110006,0.466764,0.897194,-0.098711,0.372764,0.874988,-0.106782,0.468863,0.904292,-0.124396,0.482015,0.929912,-0.110352,0.468905,0.937441,-0.096906
353,11766,True,0.9995,0.9995,0.383322,0.933767,0.0,0.460625,0.862864,-0.001419,0.515925,0.80397,-0.027069,0.560664,0.78418,-0.058289,0.574735,0.802405,-0.091694,0.446981,0.685164,-0.041958,0.488042,0.63474,-0.079263,0.522074,0.593891,-0.103708,0.550524,0.560503,-0.120141,0.412266,0.711357,-0.065576,0.527108,0.75013,-0.104966,0.521081,0.814505,-0.10901,0.491251,0.826288,-0.107522,0.390413,0.770806,-0.089048,0.511385,0.827402,-0.126431,0.503669,0.874649,-0.115611,0.47474,0.876535,-0.102683,0.379864,0.842223,-0.113162,0.473388,0.872088,-0.131853,0.486851,0.900229,-0.116944,0.475265,0.907505,-0.102911
354,11800,True,0.999,0.999,0.389274,0.911215,0.0,0.469873,0.841044,0.000889,0.520506,0.785189,-0.023281,0.561221,0.76933,-0.053669,0.575295,0.78289,-0.086227,0.451303,0.660065,-0.037964,0.49017,0.599318,-0.073924,0.521895,0.554022,-0.098092,0.551089,0.51737,-0.114995,0.415949,0.682819,-0.061517,0.531883,0.724592,-0.101116,0.525371,0.787656,-0.107193,0.4973,0.797479,-0.107943,0.393163,0.737371,-0.084607,0.513977,0.791125,-0.120118,0.503173,0.837715,-0.108481,0.473641,0.839627,-0.096137,0.380969,0.805332,-0.108373,0.468046,0.833466,-0.127207,0.480943,0.861603,-0.112677,0.472567,0.866411,-0.098967
355,11833,True,0.9983,0.9983,0.393394,0.882634,0.0,0.469014,0.810485,0.00151,0.51267,0.747728,-0.021328,0.547599,0.720148,-0.050544,0.573241,0.728947,-0.081433,0.453207,0.629491,-0.034794,0.489968,0.559812,-0.071111,0.521054,0.509971,-0.094096,0.549511,0.469487,-0.110147,0.419497,0.652648,-0.059237,0.533689,0.669051,-0.102354,0.532054,0.735073,-0.108292,0.504104,0.755621,-0.10689,0.397533,0.704431,-0.083679,0.515058,0.74024,-0.121906,0.509121,0.789735,-0.110105,0.48103,0.796926,-0.096135,0.384605,0.769277,-0.108669,0.474338,0.786737,-0.128738,0.487996,0.81809,-0.114586,0.476483,0.825118,-0.100858
356,11866,True,0.9986,0.9986,0.399432,0.864971,0.0,0.479211,0.785603,0.004558,0.524704,0.716724,-0.014014,0.555448,0.682757,-0.039359,0.574589,0.692061,-0.066567,0.462289,0.60046,-0.030056,0.497782,0.529676,-0.061196,0.52198,0.476653,-0.080914,0.543082,0.430344,-0.095958,0.423325,0.621752,-0.055699,0.534147,0.643504,-0.094597,0.53212,0.716981,-0.099081,0.504865,0.742528,-0.097556,0.397209,0.674691,-0.080946,0.510522,0.712917,-0.118085,0.503905,0.767342,-0.106978,0.475708,0.777778,-0.093896,0.382132,0.743136,-0.106561,0.460644,0.750026,-0.127995,0.484404,0.774262,-0.115857,0.487653,0.78406,-0.103573
357,11900,True,0.9977,0.9977,0.400113,0.851979,0.0,0.478667,0.776735,-0.000981,0.523121,0.716194,-0.022432,0.553466,0.682386,-0.049934,0.573752,0.666775,-0.07871,0.458619,0.581486,-0.034883,0.498931,0.510472,-0.067056,0.523828,0.454937,-0.089634,0.542828,0.402042,-0.107268,0.419052,0.602404,-0.058256,0.532214,0.627395,-0.096994,0.531576,0.693978,-0.105517,0.502262,0.713408,-0.108496,0.394631,0.656525,-0.081263,0.509668,0.691114,-0.117028,0.507445,0.741256,-0.106894,0.479067,0.750325,-0.096156,0.381146,0.724555,-0.105379,0.458803,0.731314,-0.1276,0.482144,0.752859,-0.116643,0.483445,0.76051,-0.10548
358,11933,True,0.9983,0.9983,0.399433,0.844624,0.0,0.478883,0.767703,0.002311,0.524736,0.703538,-0.019547,0.557604,0.671431,-0.048405,0.581722,0.667606,-0.079131,0.465205,0.571678,-0.033421,0.503951,0.501387,-0.064969,0.528663,0.447811,-0.086482,0.547876,0.399124,-0.103435,0.424398,0.593216,-0.05831,0.538767,0.622832,-0.096572,0.539211,0.693222,-0.103821,0.511627,0.712249,-0.105998,0.3982,0.6478,-0.082438,0.514438,0.687325,-0.117715,0.511834,0.737585,-0.107155,0.483754,0.744193,-0.096352,0.383261,0.714608,-0.10724,0.464527,0.726994,-0.127632,0.48254,0.75124,-0.11499,0.477203,0.757996,-0.102963
359,11966,True,0.9986,0.9986,0.398026,0.857563,0.0,0.483146,0.77418,0.003111,0.528772,0.702521,-0.01677,0.560831,0.670491,-0.043975,0.585637,0.677185,-0.072936,0.472006,0.579495,-0.028298,0.516095,0.517965,-0.061918,0.543041,0.469782,-0.085102,0.563448,0.425032,-0.102661,0.432671,0.599922,-0.054468,0.547721,0.633289,-0.094613,0.547961,0.702183,-0.101673,0.52054,0.720578,-0.102278,0.406004,0.653906,-0.080719,0.520057,0.702722,-0.117584,0.512989,0.754474,-0.108055,0.481519,0.757828,-0.096613,0.390579,0.720437,-0.107766,0.475751,0.746974,-0.125999,0.485841,0.778432,-0.112369,0.469223,0.784571,-0.099904
360,12000,True,0.999,0.999,0.402232,0.885542,0.0,0.49457,0.814101,-0.000433,0.546537,0.754351,-0.021888,0.57955,0.719143,-0.049979,0.589629,0.695817,-0.07895,0.485385,0.610425,-0.035315,0.528374,0.555064,-0.073833,0.557655,0.509927,-0.099777,0.581092,0.469029,-0.118308,0.444201,0.628554,-0.060957,0.562355,0.678031,-0.105731,0.555886,0.742498,-0.11581,0.526413,0.754729,-0.118358,0.414813,0.683981,-0.087036,0.534032,0.750385,-0.129952,0.522106,0.79994,-0.12201,0.490316,0.798951,-0.111194,0.39709,0.755788,-0.11392,0.488687,0.798696,-0.139724,0.505663,0.824486,-0.129517,0.500049,0.825101,-0.118346
361,12033,True,0.9982,0.9982,0.394111,0.915094,0.0,0.493172,0.834173,-0.000915,0.563846,0.769615,-0.02237,0.610951,0.745947,-0.050521,0.603486,0.762006,-0.079813,0.494427,0.640696,-0.030665,0.542704,0.611438,-0.065075,0.57134,0.57918,-0.089931,0.595453,0.547918,-0.108717,0.454133,0.661958,-0.055523,0.570802,0.740933,-0.096333,0.558178,0.799659,-0.106297,0.527959,0.802131,-0.109893,0.423896,0.720594,-0.080626,0.543723,0.812986,-0.11859,0.528161,0.85094,-0.114123,0.498686,0.840138,-0.106635,0.405361,0.793888,-0.106869,0.502426,0.855887,-0.127945,0.504202,0.881541,-0.119523,0.485693,0.879884,-0.110984
362,12066,True,0.9982,0.9982,0.394926,0.937196,0.0,0.484234,0.852882,0.001473,0.553978,0.78604,-0.019981,0.609102,0.777215,-0.047992,0.628135,0.808336,-0.077524,0.50092,0.66809,-0.032835,0.559929,0.653084,-0.067281,0.597501,0.628998,-0.092366,0.62627,0.608884,-0.110657,0.466381,0.69849,-0.057666,0.586507,0.794092,-0.093237,0.570677,0.845873,-0.098754,0.538669,0.840922,-0.100891,0.438471,0.763515,-0.082743,0.557379,0.863554,-0.11895,0.543339,0.900968,-0.112932,0.51472,0.890908,-0.104661,0.421023,0.841669,-0.108461,0.518008,0.90713,-0.128284,0.523818,0.93263,-0.117656,0.507029,0.934168,-0.107554
363,12100,True,0.9986,0.9986,0.406552,0.952958,0.0,0.488837,0.878439,-0.00175,0.561505,0.826152,-0.027646,0.619252,0.835945,-0.059307,0.62996,0.885163,-0.092972,0.522063,0.710727,-0.047246,0.576113,0.689528,-0.088415,0.62054,0.674097,-0.116614,0.659096,0.664438,-0.135683,0.483792,0.73906,-0.072238,0.601303,0.827973,-0.113148,0.587704,0.878838,-0.118221,0.560621,0.872369,-0.118754,0.453623,0.800689,-0.097304,0.571012,0.904964,-0.134433,0.554474,0.933883,-0.125988,0.526058,0.916056,-0.115667,0.433698,0.875887,-0.123542,0.53598,0.949588,-0.141645,0.536573,0.970257,-0.12879,0.514702,0.96505,-0.117261
364,12133,True,0.9972,0.9972,0.410549,0.953078,0.0,0.495618,0.888819,-0.003663,0.570815,0.845498,-0.032977,0.628641,0.865413,-0.067916,0.63642,0.917063,-0.105091,0.533428,0.725355,-0.053547,0.5875,0.716146,-0.096779,0.633167,0.706598,-0.126375,0.673837,0.703067,-0.146644,0.493218,0.755322,-0.078783,0.61193,0.860336,-0.120498,0.590848,0.901532,-0.124179,0.563251,0.88591,-0.124473,0.460537,0.818027,-0.104142,0.577026,0.932614,-0.139007,0.552282,0.947607,-0.127014,0.52303,0.919069,-0.115906,0.437191,0.892341,-0.131182,0.536284,0.975154,-0.146657,0.52276,0.982642,-0.131814,0.493316,0.96252,-0.120124
365,12166,True,0.9974,0.9974,0.414513,0.951005,0.0,0.502303,0.889086,-0.007369,0.579517,0.843861,-0.037393,0.630256,0.859074,-0.071278,0.628099,0.905909,-0.106943,0.532255,0.730841,-0.058786,0.582634,0.727275,-0.101527,0.624018,0.718888,-0.131253,0.660244,0.715222,-0.152154,0.491402,0.758299,-0.0819,0.602715,0.874774,-0.1256,0.577276,0.912001,-0.130216,0.548215,0.892295,-0.130936,0.45682,0.819748,-0.104921,0.566328,0.940582,-0.140859,0.539742,0.952697,-0.128408,0.512837,0.921805,-0.117082,0.430789,0.89303,-0.129799,0.523828,0.980787,-0.146961,0.509818,0.984506,-0.132693,0.48305,0.959889,-0.12141
366,12200,True,0.9969,0.9969,0.407941,0.951592,0.0,0.495112,0.892094,-0.009995,0.57023,0.84728,-0.038378,0.618123,0.853313,-0.069285,0.615014,0.889959,-0.101403,0.512265,0.73603,-0.059023,0.555726,0.727587,-0.09917,0.595227,0.720116,-0.125259,0.628426,0.719717,-0.1434,0.47033,0.76447,-0.079855,0.586347,0.863348,-0.120963,0.56728,0.905986,-0.123101,0.536826,0.891997,-0.122057,0.436448,0.824273,-0.100967,0.548695,0.935771,-0.135756,0.528436,0.950546,-0.122967,0.500815,0.921167,-0.111666,0.409895,0.897219,-0.123949,0.50197,0.981566,-0.141364,0.491925,0.986961,-0.127797,0.465098,0.963456,-0.117209
367,12233,True,0.9986,0.9986,0.402511,0.949638,0.0,0.480738,0.878641,-0.016353,0.546968,0.829702,-0.047224,0.590191,0.838665,-0.0789,0.595542,0.881963,-0.111812,0.488953,0.729576,-0.072337,0.526881,0.729203,-0.115586,0.560609,0.72303,-0.141978,0.586954,0.722448,-0.158809,0.44313,0.76201,-0.089486,0.55656,0.865251,-0.130047,0.54439,0.897758,-0.131089,0.516347,0.881632,-0.129771,0.406019,0.826504,-0.107216,0.519151,0.937806,-0.144057,0.5076,0.947558,-0.131636,0.482185,0.919345,-0.119732,0.376905,0.903778,-0.127033,0.467855,0.981988,-0.148842,0.472346,0.983982,-0.136266,0.454834,0.964996,-0.124789
368,12266,True,0.9984,0.9984,0.397233,0.948378,0.0,0.473034,0.8856,-0.012756,0.539722,0.82529,-0.035272,0.575959,0.822535,-0.05966,0.57128,0.856699,-0.085353,0.454783,0.72515,-0.052161,0.478161,0.718567,-0.092142,0.507562,0.709976,-0.119345,0.539224,0.708457,-0.137199,0.406806,0.754164,-0.067849,0.514449,0.854247,-0.108735,0.505346,0.889322,-0.114291,0.484473,0.879474,-0.114616,0.372175,0.819364,-0.084791,0.486122,0.933368,-0.121221,0.473792,0.94289,-0.111748,0.45277,0.91604,-0.100721,0.347662,0.897149,-0.103843,0.436411,0.978608,-0.127285,0.44149,0.976909,-0.11916,0.431876,0.955198,-0.109561
369,12300,True,0.9981,0.9981,0.368112,0.953923,0.0,0.440302,0.885363,-0.010033,0.500928,0.823139,-0.030854,0.543007,0.81118,-0.055338,0.551012,0.84364,-0.080832,0.434317,0.726697,-0.036441,0.452703,0.704888,-0.070817,0.472026,0.689917,-0.095582,0.493245,0.675436,-0.113384,0.383467,0.750668,-0.053564,0.488116,0.839745,-0.09139,0.492354,0.886744,-0.10327,0.475423,0.888918,-0.108764,0.344469,0.811077,-0.071853,0.455679,0.916332,-0.106584,0.455075,0.93265,-0.104575,0.43584,0.907752,-0.099182,0.315977,0.880352,-0.09199,0.405044,0.954808,-0.114166,0.415995,0.966759,-0.108991,0.404311,0.95249,-0.101675
370,12333,True,0.9986,0.9986,0.36174,0.94274,0.0,0.427811,0.869559,-0.00599,0.479147,0.806322,-0.025152,0.514047,0.792172,-0.047526,0.519694,0.829195,-0.071422,0.415417,0.710332,-0.037567,0.426699,0.687708,-0.065702,0.43587,0.668276,-0.087608,0.442051,0.644404,-0.1054,0.360335,0.731562,-0.054957,0.45667,0.807111,-0.086031,0.469137,0.853468,-0.096057,0.45413,0.861616,-0.102256,0.321478,0.791862,-0.071998,0.43059,0.887406,-0.099036,0.443129,0.905476,-0.096381,0.42637,0.890096,-0.093163,0.294776,0.860522,-0.090448,0.378657,0.933264,-0.10687,0.394278,0.946265,-0.100837,0.382038,0.934448,-0.095025
371,12366,True,0.999,0.999,0.36147,0.921398,0.0,0.425042,0.850049,-0.008656,0.476455,0.779515,-0.027133,0.508316,0.756008,-0.048727,0.502899,0.789928,-0.071852,0.400679,0.692368,-0.036759,0.40837,0.657585,-0.065932,0.413472,0.63091,-0.086911,0.417944,0.600391,-0.102924,0.345244,0.714279,-0.052199,0.437551,0.772803,-0.086375,0.456025,0.821874,-0.095894,0.448392,0.83958,-0.098999,0.306414,0.772369,-0.067785,0.415485,0.85422,-0.098402,0.433709,0.877488,-0.094668,0.424168,0.871228,-0.087669,0.281704,0.839944,-0.084879,0.364411,0.896443,-0.102823,0.38167,0.912944,-0.095823,0.372224,0.908005,-0.087412
372,12400,True,0.9978,0.9978,0.361603,0.902187,0.0,0.427233,0.835924,-0.010888,0.474215,0.768109,-0.029926,0.499303,0.732632,-0.052551,0.494324,0.746775,-0.07619,0.395687,0.662626,-0.036028,0.402663,0.607418,-0.065198,0.409433,0.569193,-0.085424,0.416851,0.531566,-0.100695,0.343605,0.680739,-0.049891,0.425279,0.7275,-0.084394,0.442074,0.770424,-0.09575,0.432128,0.779392,-0.100684,0.308144,0.734266,-0.064098,0.409641,0.804178,-0.094603,0.426976,0.832439,-0.091734,0.415049,0.828308,-0.08584,0.285371,0.800444,-0.080119,0.365315,0.849282,-0.098929,0.384638,0.867284,-0.09335,0.375938,0.864288,-0.085671
373,12433,True,0.9992,0.9992,0.368989,0.868305,0.0,0.428367,0.811705,-0.012914,0.470009,0.754749,-0.036455,0.493229,0.722108,-0.06358,0.491752,0.721569,-0.091659,0.397765,0.638172,-0.04125,0.402628,0.573289,-0.075517,0.410617,0.527427,-0.098226,0.418467,0.48248,-0.114392,0.348719,0.655,-0.055396,0.426378,0.689167,-0.09498,0.445348,0.741855,-0.106208,0.437463,0.75615,-0.109831,0.314783,0.705005,-0.070076,0.411325,0.761417,-0.105304,0.42636,0.80516,-0.09868,0.411985,0.812599,-0.088898,0.293617,0.768795,-0.086524,0.3669,0.801804,-0.107151,0.386498,0.826978,-0.097388,0.378129,0.831029,-0.085834
374,12466,True,0.9992,0.9992,0.371974,0.843758,0.0,0.430533,0.791934,-0.012952,0.469099,0.741059,-0.03699,0.489098,0.711181,-0.064975,0.494216,0.692105,-0.093706,0.40027,0.614349,-0.043173,0.405697,0.53929,-0.079958,0.414239,0.488149,-0.10369,0.422378,0.438404,-0.119933,0.351897,0.628477,-0.057438,0.428049,0.660013,-0.099086,0.446095,0.711621,-0.110757,0.437675,0.720898,-0.114648,0.320187,0.676091,-0.072275,0.41753,0.729422,-0.110268,0.431331,0.780551,-0.102214,0.415449,0.792405,-0.090798,0.300228,0.738181,-0.088854,0.368937,0.763793,-0.1119,0.389347,0.794131,-0.100568,0.383199,0.803175,-0.086993
375,12500,True,0.9989,0.9989,0.384488,0.833702,0.0,0.444181,0.77618,-0.014007,0.482989,0.72195,-0.040224,0.498882,0.68872,-0.070341,0.495993,0.682519,-0.101089,0.410146,0.596573,-0.044429,0.417804,0.523005,-0.084491,0.429085,0.472035,-0.109092,0.437739,0.421737,-0.125259,0.360459,0.611201,-0.060174,0.446457,0.642457,-0.103567,0.463268,0.713679,-0.112142,0.447942,0.730332,-0.112846,0.326951,0.66016,-0.077252,0.425879,0.710688,-0.120088,0.437009,0.766356,-0.112696,0.415941,0.772754,-0.100868,0.305034,0.723653,-0.095714,0.371915,0.746565,-0.120609,0.398412,0.778973,-0.108726,0.397814,0.789154,-0.094965
376,12533,True,0.9991,0.9991,0.389335,0.833231,0.0,0.446394,0.775449,-0.014223,0.4864,0.722113,-0.041475,0.505791,0.688689,-0.073075,0.503839,0.681731,-0.105092,0.421275,0.591663,-0.044466,0.432828,0.521244,-0.084211,0.447113,0.47298,-0.108278,0.459505,0.425435,-0.124286,0.369264,0.603731,-0.060289,0.457852,0.641268,-0.102131,0.47031,0.71282,-0.109837,0.451435,0.728131,-0.110437,0.334483,0.652315,-0.077559,0.434422,0.711035,-0.119268,0.444028,0.765048,-0.111778,0.421749,0.769996,-0.100504,0.310895,0.716498,-0.096339,0.380397,0.74748,-0.121525,0.404404,0.779885,-0.110509,0.400623,0.788139,-0.097476
377,12566,True,0.999,0.999,0.378619,0.857524,-0.0,0.442741,0.796797,-0.009865,0.488853,0.747548,-0.036303,0.512533,0.719297,-0.068288,0.510388,0.719036,-0.101244,0.432579,0.613148,-0.039,0.452541,0.549892,-0.080322,0.472057,0.505169,-0.106436,0.492122,0.465858,-0.123074,0.382609,0.621138,-0.056698,0.474946,0.668573,-0.099485,0.480597,0.7442,-0.108147,0.460261,0.763079,-0.109034,0.346789,0.668097,-0.075758,0.446628,0.736336,-0.116893,0.448169,0.789759,-0.11053,0.423897,0.791384,-0.100111,0.322409,0.732885,-0.095988,0.389287,0.77407,-0.118507,0.402777,0.807304,-0.107153,0.392041,0.810699,-0.094606
378,12600,True,0.9988,0.9988,0.374753,0.890823,-0.0,0.44407,0.835778,-0.012774,0.494632,0.784942,-0.036861,0.528407,0.759214,-0.06503,0.536993,0.752997,-0.093651,0.440136,0.64601,-0.037661,0.467296,0.608424,-0.077498,0.493122,0.576794,-0.105609,0.517644,0.545979,-0.125265,0.390658,0.655378,-0.054508,0.485245,0.727388,-0.101846,0.491513,0.800295,-0.116464,0.473593,0.826283,-0.121022,0.353404,0.705672,-0.072949,0.451712,0.800667,-0.114535,0.448826,0.84301,-0.11167,0.425045,0.837576,-0.103909,0.325387,0.773179,-0.093206,0.400808,0.840535,-0.117818,0.410668,0.866111,-0.111896,0.397113,0.858144,-0.103497
379,12633,True,0.9985,0.9985,0.374873,0.908238,0.0,0.443364,0.844776,-0.009761,0.497605,0.787887,-0.031376,0.540038,0.787467,-0.05702,0.560313,0.827733,-0.083937,0.445657,0.670084,-0.03502,0.472345,0.661743,-0.073043,0.496761,0.654271,-0.101651,0.524075,0.644372,-0.121949,0.397448,0.693195,-0.052529,0.496741,0.796498,-0.094783,0.497357,0.85462,-0.10833,0.479761,0.867492,-0.113888,0.358813,0.754468,-0.071593,0.459242,0.872457,-0.108761,0.447654,0.89928,-0.106565,0.421716,0.880548,-0.099882,0.328773,0.826916,-0.092532,0.409859,0.911955,-0.11537,0.413703,0.931116,-0.10983,0.395955,0.917362,-0.101731
380,12666,True,0.9975,0.9975,0.395739,0.934646,0.0,0.466723,0.888678,-0.026068,0.519693,0.839538,-0.054352,0.555292,0.821562,-0.083925,0.567346,0.830126,-0.111746,0.461059,0.705447,-0.052235,0.491374,0.720005,-0.098439,0.5158,0.734355,-0.127903,0.539154,0.752597,-0.145133,0.406136,0.727261,-0.062564,0.503231,0.868161,-0.106175,0.488024,0.904695,-0.114303,0.465716,0.890288,-0.116742,0.36361,0.791498,-0.077126,0.464544,0.935118,-0.115208,0.442554,0.945029,-0.106746,0.419078,0.918996,-0.096625,0.32786,0.869654,-0.095938,0.410839,0.967964,-0.123726,0.408693,0.972301,-0.119379,0.393962,0.953545,-0.110769
381,12700,True,0.9895,0.9895,0.369953,0.944946,0.0,0.438657,0.893492,-0.022348,0.495177,0.854813,-0.049376,0.539738,0.876688,-0.079712,0.552298,0.933123,-0.108217,0.455666,0.732375,-0.038906,0.499545,0.758616,-0.08479,0.537384,0.780775,-0.11501,0.574603,0.812037,-0.131857,0.405092,0.761338,-0.050715,0.50711,0.913103,-0.089665,0.489443,0.939231,-0.096389,0.466006,0.915281,-0.098498,0.364195,0.826454,-0.067625,0.466487,0.971623,-0.097388,0.44049,0.9701,-0.084744,0.417176,0.935085,-0.071995,0.330686,0.90073,-0.089815,0.410444,0.99955,-0.110157,0.395491,0.991776,-0.102023,0.372618,0.96033,-0.090912
382,12733,True,0.9971,0.9971,0.383466,0.950719,0.0,0.444769,0.900714,-0.019621,0.497151,0.857322,-0.044709,0.540777,0.86203,-0.071392,0.569866,0.892185,-0.097652,0.460241,0.748557,-0.046825,0.500127,0.790391,-0.085465,0.535834,0.809652,-0.112362,0.56826,0.831444,-0.12959,0.411414,0.776233,-0.058191,0.508516,0.930521,-0.094101,0.495088,0.951876,-0.102018,0.476045,0.93134,-0.106797,0.371523,0.836431,-0.072358,0.467047,0.982234,-0.102284,0.447554,0.9791,-0.094249,0.429493,0.947324,-0.086531,0.338294,0.907839,-0.090307,0.412696,1.008623,-0.110943,0.40144,1.00281,-0.104584,0.382655,0.976532,-0.096671
383,12766,True,0.9975,0.9975,0.389175,0.9591,0.0,0.443916,0.907893,-0.0221,0.494205,0.860508,-0.045954,0.539592,0.851128,-0.070198,0.582073,0.857523,-0.092572,0.460983,0.755326,-0.047993,0.504802,0.796106,-0.088512,0.541941,0.817715,-0.115321,0.57289,0.839232,-0.131987,0.413069,0.782508,-0.057181,0.512977,0.932644,-0.095948,0.502195,0.955194,-0.104554,0.481603,0.934237,-0.10916,0.374635,0.842708,-0.069653,0.471104,0.986003,-0.103551,0.455089,0.985846,-0.095718,0.436558,0.953847,-0.087313,0.343051,0.914323,-0.085703,0.417349,1.014513,-0.110956,0.408456,1.012277,-0.106434,0.388904,0.985996,-0.098746
384,12800,True,0.9974,0.9974,0.387079,0.94777,0.0,0.443731,0.894866,-0.024233,0.495361,0.849847,-0.050752,0.543231,0.851056,-0.077727,0.582549,0.869861,-0.102771,0.459579,0.752178,-0.050991,0.513204,0.792979,-0.094735,0.553447,0.814821,-0.124767,0.587749,0.838553,-0.143433,0.412718,0.783544,-0.060136,0.517711,0.938759,-0.099672,0.507486,0.958018,-0.108499,0.49024,0.93125,-0.113665,0.374945,0.846248,-0.072936,0.473137,0.988218,-0.104484,0.451549,0.982573,-0.093065,0.431171,0.946637,-0.082767,0.344213,0.917375,-0.090261,0.418433,1.014931,-0.114749,0.406235,1.007526,-0.10803,0.385959,0.979249,-0.09849
385,12833,True,0.998,0.998,0.388026,0.947807,0.0,0.449076,0.896128,-0.017777,0.505188,0.861184,-0.043888,0.547164,0.884799,-0.07253,0.562664,0.938479,-0.101089,0.464704,0.751404,-0.044516,0.513789,0.782299,-0.086435,0.555814,0.798566,-0.115981,0.593269,0.825212,-0.134117,0.416341,0.779935,-0.057238,0.518375,0.92493,-0.091689,0.499717,0.946455,-0.098151,0.475101,0.922418,-0.102353,0.377014,0.842184,-0.073149,0.475833,0.975861,-0.100838,0.449478,0.971381,-0.090509,0.424147,0.938455,-0.081558,0.345045,0.913942,-0.093074,0.424259,1.009326,-0.1125,0.408696,1.002777,-0.104598,0.38363,0.977731,-0.095565
386,12866,True,0.9983,0.9983,0.39183,0.950563,0.0,0.45195,0.895224,-0.015012,0.506448,0.85597,-0.039778,0.548133,0.870173,-0.067786,0.563542,0.915301,-0.096852,0.46375,0.744294,-0.041803,0.510957,0.772925,-0.0827,0.550036,0.782543,-0.113773,0.584413,0.799098,-0.133761,0.415249,0.771786,-0.055999,0.519612,0.91487,-0.089727,0.495278,0.934964,-0.09777,0.464612,0.91183,-0.10345,0.376337,0.834237,-0.07308,0.479768,0.970752,-0.101403,0.452016,0.965193,-0.094395,0.425477,0.930449,-0.088071,0.344343,0.908491,-0.093638,0.42781,1.004773,-0.112436,0.412262,0.999135,-0.105224,0.38764,0.974671,-0.097347
387,12900,True,0.9964,0.9964,0.382957,0.948451,0.0,0.446296,0.893862,-0.016397,0.501666,0.85402,-0.04048,0.542717,0.867091,-0.068041,0.558669,0.914185,-0.096288,0.461641,0.739093,-0.036256,0.504915,0.765885,-0.078429,0.543032,0.774611,-0.110381,0.580661,0.789504,-0.130895,0.413506,0.766656,-0.050105,0.515524,0.901636,-0.086183,0.492103,0.92881,-0.09566,0.465011,0.910201,-0.101266,0.374582,0.828819,-0.067673,0.47709,0.963506,-0.098805,0.447666,0.961674,-0.094251,0.4221,0.927396,-0.08823,0.342452,0.902819,-0.088802,0.423732,0.998338,-0.108471,0.40649,0.991272,-0.103485,0.382259,0.964107,-0.096833
388,12933,True,0.9976,0.9976,0.373556,0.943753,0.0,0.438968,0.886328,-0.016174,0.49982,0.843633,-0.041841,0.54417,0.855592,-0.070806,0.557192,0.905147,-0.100673,0.455095,0.73293,-0.043662,0.502885,0.757803,-0.086781,0.539555,0.766536,-0.11776,0.573115,0.778156,-0.137373,0.407518,0.762443,-0.058463,0.511437,0.889838,-0.09757,0.489607,0.91611,-0.106652,0.461855,0.897191,-0.111009,0.369383,0.824592,-0.076189,0.473247,0.952742,-0.109448,0.446829,0.951245,-0.103519,0.420718,0.918561,-0.095569,0.338718,0.897558,-0.097157,0.42066,0.987197,-0.11703,0.40708,0.978647,-0.110385,0.384687,0.952488,-0.10208
389,12966,True,0.9984,0.9984,0.37252,0.942607,0.0,0.435158,0.882744,-0.016502,0.494953,0.835673,-0.043553,0.540268,0.844489,-0.073064,0.557521,0.892915,-0.103574,0.449713,0.730222,-0.049696,0.497856,0.749772,-0.091675,0.534268,0.757041,-0.120815,0.565755,0.76841,-0.139397,0.402428,0.760491,-0.064075,0.508764,0.883054,-0.102985,0.489547,0.914899,-0.109771,0.462314,0.90129,-0.112399,0.365019,0.822799,-0.08082,0.471302,0.948805,-0.113468,0.449414,0.950575,-0.10493,0.424417,0.920819,-0.0956,0.335347,0.895291,-0.100642,0.419041,0.982356,-0.119697,0.409995,0.975986,-0.110894,0.389246,0.951421,-0.101394
390,13000,True,0.9985,0.9985,0.37574,0.946914,0.0,0.434295,0.885445,-0.013687,0.490599,0.833979,-0.038227,0.534359,0.838721,-0.065643,0.554314,0.883906,-0.094165,0.442355,0.728877,-0.045347,0.491587,0.741829,-0.084267,0.52782,0.749837,-0.111625,0.559419,0.761101,-0.129422,0.396186,0.759442,-0.059877,0.504217,0.877237,-0.096752,0.487312,0.912728,-0.10344,0.461911,0.903422,-0.106392,0.360635,0.822763,-0.076397,0.469338,0.94404,-0.10728,0.448852,0.949609,-0.099193,0.425222,0.922818,-0.090668,0.333339,0.896659,-0.095662,0.418227,0.979077,-0.113299,0.410764,0.975416,-0.104558,0.391914,0.953259,-0.095513
391,13033,True,0.9988,0.9988,0.380926,0.947513,0.0,0.439419,0.887397,-0.016043,0.491789,0.834991,-0.041596,0.532928,0.8387,-0.070179,0.552969,0.881224,-0.099511,0.440444,0.730129,-0.043466,0.48531,0.740491,-0.085598,0.519897,0.744053,-0.116073,0.553258,0.751098,-0.135683,0.393796,0.760012,-0.057701,0.504282,0.876417,-0.097249,0.486756,0.912607,-0.105931,0.460422,0.90267,-0.109681,0.358743,0.823488,-0.074835,0.470933,0.940924,-0.108558,0.448774,0.94847,-0.101281,0.423299,0.922396,-0.09257,0.332073,0.898766,-0.0951,0.419757,0.977425,-0.115658,0.413568,0.974697,-0.108038,0.395341,0.954127,-0.099028
392,13066,True,0.9985,0.9985,0.37592,0.951672,0.0,0.438973,0.891163,-0.014538,0.492136,0.83729,-0.038626,0.534904,0.838256,-0.066253,0.554158,0.8772,-0.094816,0.439668,0.730382,-0.038263,0.481657,0.740709,-0.08062,0.516448,0.739953,-0.111858,0.551707,0.742644,-0.131838,0.394001,0.760066,-0.053271,0.504762,0.871689,-0.093137,0.488672,0.911678,-0.102907,0.463197,0.904827,-0.106853,0.359742,0.823835,-0.071417,0.473021,0.93869,-0.107099,0.450188,0.948749,-0.102473,0.424571,0.922332,-0.094728,0.333944,0.899874,-0.092365,0.424019,0.979252,-0.114011,0.416741,0.979089,-0.108037,0.397723,0.957501,-0.099947
393,13100,True,0.9997,0.9997,0.377588,0.957262,0.0,0.438435,0.895248,-0.011317,0.494917,0.83595,-0.034377,0.539869,0.829478,-0.061212,0.56257,0.858118,-0.089678,0.438368,0.727239,-0.040346,0.485457,0.730786,-0.080735,0.523563,0.731548,-0.110107,0.558714,0.734874,-0.129011,0.393474,0.758372,-0.056909,0.510832,0.860701,-0.095008,0.501191,0.903038,-0.103931,0.477405,0.898415,-0.107929,0.360435,0.823754,-0.075608,0.47911,0.931069,-0.110454,0.460459,0.947946,-0.104077,0.432814,0.927444,-0.09568,0.335687,0.902358,-0.096505,0.429516,0.975617,-0.117062,0.428612,0.980499,-0.108418,0.41155,0.964911,-0.098767
394,13133,True,0.9998,0.9998,0.364604,0.961518,0.0,0.430419,0.895763,-0.006995,0.490828,0.833032,-0.029296,0.536027,0.826799,-0.056713,0.554399,0.863843,-0.086329,0.436588,0.724026,-0.035086,0.48704,0.722363,-0.075892,0.527029,0.720127,-0.1047,0.561213,0.720165,-0.122536,0.393861,0.755444,-0.053907,0.509602,0.850064,-0.091083,0.493794,0.900534,-0.098036,0.462496,0.896967,-0.099959,0.362451,0.821723,-0.074837,0.483162,0.923983,-0.111844,0.464184,0.948986,-0.106967,0.43381,0.930758,-0.098385,0.339767,0.90059,-0.097068,0.440636,0.971854,-0.117175,0.440041,0.985041,-0.107492,0.420857,0.974045,-0.096943
395,13166,True,0.9999,0.9999,0.34904,0.955475,0.0,0.417319,0.889,-0.004385,0.482005,0.831311,-0.026764,0.532017,0.826755,-0.05399,0.549639,0.859771,-0.084148,0.436994,0.726415,-0.039075,0.492274,0.726935,-0.078884,0.535107,0.719254,-0.107727,0.571937,0.713008,-0.12639,0.397186,0.757971,-0.059517,0.513955,0.845228,-0.096519,0.500528,0.896208,-0.10283,0.471418,0.893603,-0.104706,0.366821,0.821611,-0.080969,0.485741,0.916216,-0.118272,0.469554,0.944249,-0.112283,0.439842,0.929006,-0.103318,0.345091,0.896592,-0.103156,0.445364,0.964321,-0.121754,0.446856,0.981692,-0.109475,0.427582,0.973544,-0.097982
396,13200,True,0.9999,0.9999,0.355062,0.950723,0.0,0.420936,0.884172,-0.008125,0.484284,0.832044,-0.035794,0.5351,0.835075,-0.066625,0.552653,0.875352,-0.100327,0.441975,0.728424,-0.055066,0.498058,0.725966,-0.097402,0.543561,0.716681,-0.127328,0.582613,0.709433,-0.146899,0.401911,0.757894,-0.074504,0.513738,0.847778,-0.113336,0.499152,0.900342,-0.117258,0.468553,0.897958,-0.11785,0.36968,0.819976,-0.094296,0.485748,0.912606,-0.133793,0.471551,0.943996,-0.12479,0.440644,0.929563,-0.113779,0.347431,0.894494,-0.114668,0.446313,0.955228,-0.134692,0.454636,0.977818,-0.119407,0.437148,0.974255,-0.105748
397,13233,True,0.9999,0.9999,0.34964,0.948511,0.0,0.415719,0.881654,-0.007585,0.480986,0.828994,-0.03461,0.533148,0.832181,-0.064957,0.554576,0.870225,-0.097949,0.439811,0.727619,-0.053009,0.49845,0.726278,-0.095191,0.545134,0.717009,-0.125476,0.584972,0.708617,-0.145357,0.401717,0.75818,-0.07269,0.51382,0.847385,-0.111055,0.498393,0.897517,-0.115047,0.466826,0.892714,-0.115825,0.370629,0.820866,-0.092855,0.486185,0.910092,-0.131876,0.471792,0.941157,-0.122083,0.440184,0.927734,-0.11059,0.348941,0.895898,-0.113696,0.449574,0.952448,-0.133403,0.457492,0.975631,-0.117404,0.43894,0.974764,-0.103263
398,13266,True,0.9998,0.9998,0.345226,0.944569,0.0,0.411276,0.875458,-0.00771,0.475126,0.824696,-0.034688,0.527858,0.832271,-0.064306,0.554226,0.869883,-0.09616,0.435566,0.727934,-0.055778,0.499614,0.726722,-0.097769,0.546718,0.715747,-0.127642,0.585204,0.703848,-0.147501,0.40036,0.759777,-0.075824,0.512048,0.839019,-0.113764,0.498129,0.889736,-0.11726,0.468211,0.885763,-0.117918,0.372318,0.82242,-0.096161,0.486486,0.904411,-0.135049,0.471974,0.938109,-0.125137,0.440324,0.924865,-0.113751,0.353951,0.897819,-0.117212,0.451894,0.950236,-0.137604,0.462699,0.975263,-0.122203,0.446751,0.976687,-0.108634
399,13299,True,0.9998,0.9998,0.347174,0.93677,0.0,0.411336,0.866718,-0.006826,0.475694,0.818066,-0.034844,0.529986,0.825974,-0.065369,0.561642,0.858775,-0.098216,0.435498,0.723502,-0.062002,0.500106,0.720186,-0.106817,0.548484,0.708353,-0.138221,0.588082,0.69491,-0.158646,0.399519,0.7576,-0.082839,0.514945,0.837126,-0.122384,0.500325,0.887193,-0.12457,0.469371,0.883829,-0.12437,0.371879,0.82298,-0.103592,0.489105,0.904185,-0.142546,0.474231,0.937952,-0.129194,0.441506,0.925622,-0.115627,0.353986,0.899911,-0.125019,0.453568,0.948536,-0.144601,0.463258,0.970601,-0.126441,0.445038,0.970063,-0.111023
400,13333,True,0.9998,0.9998,0.353677,0.937573,0.0,0.413068,0.868723,-0.008165,0.474463,0.819911,-0.038102,0.527664,0.826841,-0.070321,0.560542,0.857756,-0.104826,0.43234,0.726264,-0.06607,0.496128,0.713306,-0.112611,0.543253,0.697586,-0.145008,0.58259,0.681746,-0.166,0.398655,0.759848,-0.086438,0.51404,0.832699,-0.129872,0.502942,0.884584,-0.134108,0.475364,0.884681,-0.134445,0.373409,0.82259,-0.106434,0.489764,0.896986,-0.147021,0.475925,0.933148,-0.13367,0.444261,0.924152,-0.119616,0.357327,0.895839,-0.12714,0.454988,0.939267,-0.147463,0.464164,0.963864,-0.129131,0.446728,0.966154,-0.113222
401,13366,True,0.9997,0.9997,0.358043,0.936103,0.0,0.417499,0.868086,-0.00847,0.478476,0.818186,-0.036543,0.530214,0.824006,-0.066724,0.556954,0.859711,-0.099046,0.433109,0.722375,-0.063492,0.49388,0.704426,-0.11009,0.539634,0.688391,-0.142244,0.578916,0.671162,-0.162697,0.39851,0.754658,-0.083569,0.512294,0.825571,-0.12543,0.499518,0.87672,-0.129145,0.471117,0.874348,-0.129314,0.371993,0.816779,-0.103793,0.487948,0.890131,-0.145628,0.472513,0.923932,-0.13497,0.441255,0.911092,-0.12233,0.355382,0.890196,-0.12458,0.453745,0.931657,-0.145919,0.462834,0.956542,-0.128835,0.4455,0.960247,-0.11364
402,13400,True,0.9998,0.9998,0.358523,0.937506,0.0,0.420008,0.867746,-0.009081,0.480568,0.815513,-0.036708,0.531541,0.81887,-0.066108,0.551746,0.856908,-0.097409,0.433888,0.720517,-0.062516,0.494684,0.700619,-0.109775,0.539234,0.684137,-0.142786,0.578314,0.66581,-0.16402,0.398883,0.750695,-0.082529,0.511123,0.815772,-0.12525,0.499909,0.870871,-0.130473,0.473217,0.872612,-0.13146,0.372113,0.810627,-0.102932,0.488457,0.885659,-0.145483,0.476815,0.924029,-0.136496,0.447248,0.913697,-0.124715,0.356912,0.883079,-0.124077,0.452923,0.924938,-0.145036,0.465593,0.951839,-0.128737,0.450895,0.957602,-0.114275
403,13433,True,0.9998,0.9998,0.357511,0.935086,0.0,0.418755,0.862598,-0.008088,0.480204,0.80823,-0.034345,0.532656,0.8131,-0.062986,0.555854,0.854317,-0.093661,0.432622,0.717647,-0.056908,0.493702,0.697669,-0.100708,0.537999,0.682033,-0.132214,0.576668,0.66486,-0.15312,0.398847,0.750206,-0.07731,0.511221,0.812496,-0.118695,0.50128,0.865858,-0.125605,0.474992,0.86771,-0.127888,0.373455,0.810934,-0.09789,0.489328,0.881784,-0.137837,0.477052,0.918992,-0.129612,0.447181,0.90924,-0.118796,0.359245,0.883104,-0.119398,0.455855,0.923226,-0.139086,0.466464,0.949037,-0.123572,0.450271,0.95473,-0.109754
404,13466,True,0.9997,0.9997,0.359056,0.932293,0.0,0.421715,0.860234,-0.007757,0.484485,0.805442,-0.034804,0.538314,0.807922,-0.064239,0.560515,0.849603,-0.095741,0.431554,0.716958,-0.060404,0.49086,0.693659,-0.105613,0.534036,0.676553,-0.13713,0.572306,0.658561,-0.157695,0.397765,0.748828,-0.081181,0.512942,0.810369,-0.123855,0.503899,0.864457,-0.129748,0.47835,0.866902,-0.130992,0.372898,0.809062,-0.101936,0.49009,0.87893,-0.142491,0.478475,0.916509,-0.133103,0.44911,0.90778,-0.121378,0.359167,0.880211,-0.12356,0.455909,0.920275,-0.143025,0.46675,0.946805,-0.126782,0.450611,0.953662,-0.112512
405,13500,True,0.9998,0.9998,0.359533,0.931731,0.0,0.419834,0.85945,-0.007125,0.478871,0.808012,-0.034049,0.530532,0.813739,-0.063372,0.553653,0.853281,-0.094833,0.431055,0.716593,-0.060382,0.490129,0.692013,-0.105568,0.533532,0.674975,-0.136955,0.571936,0.656529,-0.157162,0.397714,0.747482,-0.080923,0.510643,0.80924,-0.122639,0.500684,0.861925,-0.128472,0.474181,0.863397,-0.129843,0.372657,0.806701,-0.101458,0.489417,0.8785,-0.141708,0.477843,0.915012,-0.133241,0.448626,0.904818,-0.122101,0.358908,0.877112,-0.122669,0.454096,0.917521,-0.141958,0.467039,0.944218,-0.126114,0.454171,0.950485,-0.112063
406,13533,True,0.9997,0.9997,0.35818,0.933517,0.0,0.419885,0.860799,-0.00649,0.47952,0.807997,-0.032598,0.530556,0.813191,-0.061369,0.552906,0.852705,-0.092346,0.430621,0.715162,-0.055884,0.489316,0.691718,-0.098493,0.532544,0.67407,-0.128504,0.570963,0.655757,-0.148396,0.397687,0.746772,-0.076941,0.509467,0.805233,-0.117286,0.50022,0.858893,-0.12351,0.474943,0.861894,-0.125254,0.372912,0.80649,-0.097997,0.488372,0.876818,-0.136791,0.477489,0.913973,-0.128347,0.449417,0.90505,-0.117554,0.35919,0.877519,-0.11987,0.452953,0.916446,-0.138652,0.465319,0.943591,-0.123025,0.452473,0.950728,-0.109255
407,13566,True,0.9996,0.9996,0.358313,0.932186,0.0,0.419901,0.858893,-0.006642,0.478797,0.806148,-0.033081,0.529642,0.811636,-0.062464,0.551746,0.852033,-0.094114,0.429691,0.713238,-0.0554,0.48747,0.689033,-0.097979,0.531195,0.672471,-0.127822,0.570009,0.655336,-0.147506,0.396808,0.745539,-0.076445,0.508497,0.80427,-0.117454,0.499027,0.857419,-0.124,0.473048,0.85945,-0.125627,0.372598,0.805897,-0.097507,0.488365,0.87614,-0.136588,0.477235,0.913552,-0.128163,0.448367,0.904682,-0.117087,0.359047,0.876771,-0.119401,0.453992,0.916808,-0.138297,0.466796,0.944376,-0.122752,0.453864,0.95109,-0.10881
408,13600,True,0.9998,0.9998,0.35984,0.939623,0.0,0.420918,0.867735,-0.004907,0.478594,0.814065,-0.030514,0.528187,0.815708,-0.059404,0.552666,0.849247,-0.090592,0.428875,0.71524,-0.052654,0.48631,0.689291,-0.094482,0.530663,0.671202,-0.1239,0.569936,0.652508,-0.143465,0.395561,0.74594,-0.074371,0.507203,0.806679,-0.115228,0.499226,0.862379,-0.122221,0.473476,0.865792,-0.124227,0.370722,0.806499,-0.095955,0.486182,0.878292,-0.135399,0.478598,0.917974,-0.126906,0.451335,0.910603,-0.115751,0.356327,0.878161,-0.118114,0.44933,0.916629,-0.137537,0.464168,0.946395,-0.121655,0.452921,0.954492,-0.107307
409,13633,True,0.9996,0.9996,0.358639,0.938633,0.0,0.421138,0.86438,-0.003466,0.478611,0.809799,-0.02799,0.5291,0.812285,-0.056463,0.553099,0.845224,-0.087414,0.428067,0.714328,-0.04981,0.484384,0.68688,-0.091333,0.528298,0.668122,-0.120514,0.566252,0.648655,-0.139556,0.393886,0.745535,-0.072073,0.505206,0.804346,-0.110341,0.495761,0.857575,-0.11574,0.468431,0.857766,-0.117233,0.36808,0.805937,-0.094468,0.483716,0.874057,-0.133075,0.473483,0.91123,-0.124814,0.444199,0.901084,-0.114117,0.352913,0.87719,-0.117324,0.445307,0.913149,-0.136548,0.4585,0.941005,-0.120711,0.445223,0.948601,-0.106525
410,13666,True,0.9995,0.9995,0.359353,0.931542,0.0,0.427145,0.856048,-0.003028,0.48962,0.797742,-0.02674,0.541327,0.795848,-0.054585,0.553683,0.834874,-0.084655,0.429575,0.706792,-0.048001,0.483012,0.679681,-0.089015,0.526161,0.658752,-0.11804,0.562967,0.639073,-0.137045,0.394671,0.736445,-0.069679,0.5065,0.797831,-0.106923,0.496926,0.849636,-0.110531,0.469487,0.850638,-0.110953,0.369321,0.79717,-0.091532,0.485947,0.865814,-0.12843,0.472793,0.899649,-0.118774,0.442267,0.890134,-0.107675,0.355118,0.868573,-0.114066,0.452097,0.907905,-0.132506,0.460587,0.931285,-0.11705,0.442253,0.935779,-0.103499
411,13700,True,0.9996,0.9996,0.363376,0.929028,0.0,0.43485,0.855934,-0.001771,0.494987,0.797181,-0.024495,0.544345,0.790219,-0.052214,0.568027,0.822339,-0.082276,0.437545,0.696379,-0.040924,0.490183,0.671744,-0.082172,0.532931,0.648282,-0.111492,0.5702,0.625137,-0.131037,0.398847,0.722004,-0.063537,0.510309,0.782426,-0.102847,0.500315,0.838925,-0.10804,0.472392,0.840731,-0.108611,0.371082,0.781735,-0.086766,0.488144,0.850727,-0.126065,0.4772,0.888888,-0.11698,0.44718,0.880885,-0.105267,0.353404,0.85383,-0.110611,0.446668,0.893747,-0.131633,0.458312,0.917583,-0.117866,0.443611,0.920419,-0.104588
412,13733,True,0.9998,0.9998,0.36924,0.921461,0.0,0.443958,0.860841,0.001049,0.500387,0.805336,-0.021109,0.54547,0.786274,-0.04928,0.560625,0.802208,-0.079536,0.444501,0.678884,-0.030161,0.494811,0.64991,-0.065505,0.536862,0.623863,-0.090502,0.571581,0.600572,-0.10758,0.409166,0.701213,-0.054251,0.51762,0.756445,-0.092349,0.510955,0.820255,-0.099139,0.483212,0.828247,-0.099747,0.383807,0.757023,-0.078503,0.496823,0.829146,-0.116388,0.489728,0.876551,-0.107763,0.462337,0.874299,-0.095775,0.367529,0.825503,-0.103034,0.457143,0.866551,-0.122222,0.472908,0.900759,-0.107675,0.464302,0.909191,-0.093436
413,13766,True,0.9996,0.9996,0.376804,0.907198,0.0,0.457566,0.852678,-0.000894,0.515289,0.803042,-0.025216,0.557571,0.784808,-0.055442,0.568428,0.791311,-0.087697,0.453576,0.661816,-0.035789,0.507006,0.622688,-0.07065,0.551147,0.593603,-0.09491,0.586662,0.569953,-0.111619,0.418875,0.685123,-0.058844,0.532399,0.743436,-0.098393,0.522512,0.810089,-0.105672,0.492112,0.818973,-0.106642,0.394239,0.741361,-0.081701,0.510707,0.812109,-0.119175,0.499639,0.860695,-0.110108,0.470531,0.860531,-0.098555,0.379646,0.811158,-0.10508,0.466562,0.847293,-0.125439,0.478733,0.877851,-0.11226,0.469713,0.884858,-0.098993
414,13799,True,0.9994,0.9994,0.383495,0.895739,0.0,0.467061,0.842374,-7.1e-05,0.523834,0.79663,-0.02496,0.566478,0.780781,-0.055775,0.579793,0.78422,-0.088387,0.466871,0.649374,-0.03807,0.521767,0.605367,-0.074681,0.564354,0.572921,-0.099245,0.598498,0.54425,-0.116376,0.430474,0.668734,-0.062909,0.544046,0.708973,-0.104899,0.535825,0.779899,-0.111981,0.505952,0.796364,-0.112036,0.405055,0.721853,-0.087503,0.521739,0.784134,-0.126725,0.511168,0.836597,-0.116454,0.482044,0.838874,-0.10346,0.389939,0.790062,-0.112536,0.477465,0.819721,-0.133187,0.491915,0.852178,-0.11878,0.484909,0.860843,-0.104692
415,13833,True,0.9992,0.9992,0.388946,0.885601,0.0,0.476268,0.836811,-0.000329,0.532303,0.793331,-0.023295,0.57136,0.773082,-0.051794,0.589659,0.764755,-0.081671,0.479732,0.638249,-0.035473,0.531302,0.589552,-0.069697,0.57187,0.552777,-0.092967,0.605522,0.521558,-0.109691,0.442686,0.654361,-0.059226,0.556184,0.694451,-0.10027,0.55227,0.765591,-0.108726,0.526348,0.786188,-0.110149,0.41584,0.704711,-0.082663,0.530625,0.764121,-0.120601,0.522603,0.815413,-0.111342,0.495642,0.820598,-0.099736,0.398807,0.77123,-0.106548,0.482524,0.798553,-0.1279,0.502558,0.828021,-0.115603,0.502768,0.835186,-0.103127
416,13866,True,0.999,0.999,0.392607,0.874471,0.0,0.482336,0.829609,-0.000608,0.537109,0.787729,-0.025196,0.575431,0.764249,-0.055777,0.591096,0.745828,-0.087636,0.483114,0.628024,-0.038188,0.539376,0.574277,-0.073195,0.581237,0.53427,-0.096646,0.614307,0.499396,-0.113709,0.446381,0.642315,-0.062345,0.562456,0.684682,-0.104438,0.555122,0.755697,-0.112894,0.525808,0.771658,-0.114612,0.420319,0.691024,-0.086031,0.536513,0.749801,-0.124465,0.527791,0.803186,-0.113607,0.498991,0.807604,-0.101403,0.404159,0.756982,-0.110296,0.486085,0.780856,-0.133255,0.507537,0.810489,-0.121214,0.509019,0.818025,-0.109003
417,13900,True,0.9987,0.9987,0.395106,0.871585,0.0,0.481361,0.816239,-0.001435,0.532708,0.765589,-0.023852,0.57091,0.736706,-0.052233,0.59554,0.713572,-0.081944,0.486776,0.616125,-0.035436,0.544576,0.564172,-0.069381,0.585357,0.522441,-0.092359,0.618634,0.485177,-0.109199,0.447133,0.628115,-0.058424,0.56079,0.682098,-0.101349,0.54823,0.753241,-0.110623,0.51843,0.770166,-0.112472,0.417931,0.674983,-0.081217,0.531559,0.742993,-0.121367,0.515202,0.795078,-0.112367,0.48496,0.800352,-0.100717,0.397047,0.738966,-0.104772,0.473226,0.767379,-0.130931,0.497596,0.792893,-0.122536,0.50846,0.799798,-0.111945
418,13933,True,0.9985,0.9985,0.387764,0.864128,0.0,0.473253,0.795883,-0.000601,0.52344,0.739069,-0.024743,0.561782,0.711534,-0.055254,0.580637,0.709426,-0.087052,0.478264,0.600604,-0.036035,0.53434,0.552269,-0.072333,0.572464,0.511282,-0.097151,0.603156,0.475909,-0.115419,0.437863,0.618015,-0.060805,0.552983,0.674213,-0.103069,0.541624,0.742699,-0.109893,0.510652,0.752618,-0.111122,0.407201,0.668577,-0.085857,0.522106,0.73533,-0.125357,0.507516,0.783287,-0.114004,0.475298,0.781852,-0.101609,0.384743,0.733881,-0.111975,0.469677,0.768537,-0.135187,0.483955,0.796796,-0.122921,0.477024,0.800965,-0.110639
419,13966,True,0.9976,0.9976,0.377781,0.868289,0.0,0.463913,0.790782,-0.003602,0.512992,0.73059,-0.02772,0.546025,0.701026,-0.057866,0.562423,0.707279,-0.089141,0.4601,0.59744,-0.032066,0.512636,0.548802,-0.068824,0.549397,0.507764,-0.094107,0.57865,0.470281,-0.11232,0.420389,0.613859,-0.055842,0.52754,0.663861,-0.099059,0.518389,0.736256,-0.106788,0.487873,0.749223,-0.107197,0.389209,0.66311,-0.080669,0.499681,0.730212,-0.122286,0.48759,0.784703,-0.112484,0.457303,0.784964,-0.099305,0.365949,0.728137,-0.106731,0.449473,0.765609,-0.128807,0.463981,0.801196,-0.115306,0.455683,0.808677,-0.101556
420,14000,True,0.9984,0.9984,0.367069,0.858491,0.0,0.443893,0.771979,-0.002117,0.494678,0.705293,-0.027552,0.531113,0.677909,-0.05885,0.536206,0.701444,-0.091674,0.436921,0.587565,-0.035091,0.475738,0.533386,-0.069888,0.508566,0.493768,-0.093098,0.53695,0.463038,-0.110018,0.39317,0.60684,-0.059328,0.496615,0.645923,-0.098178,0.507708,0.72095,-0.103156,0.491932,0.743106,-0.102491,0.359037,0.658841,-0.084135,0.466781,0.721344,-0.120099,0.469918,0.774334,-0.110077,0.446813,0.778198,-0.098236,0.335888,0.725541,-0.110081,0.417706,0.763066,-0.127763,0.438288,0.7945,-0.114397,0.430703,0.800041,-0.101969
421,14033,True,0.9988,0.9988,0.361045,0.85659,0.0,0.433047,0.783223,-0.006586,0.478975,0.727905,-0.031052,0.507878,0.695993,-0.060121,0.500533,0.688868,-0.089644,0.409479,0.591769,-0.042185,0.438517,0.529255,-0.076909,0.460965,0.485537,-0.099647,0.47845,0.44259,-0.116384,0.362942,0.609197,-0.0632,0.457636,0.648977,-0.100058,0.464945,0.713763,-0.107162,0.446056,0.723192,-0.110231,0.328585,0.662596,-0.084431,0.43511,0.721881,-0.119645,0.441141,0.768012,-0.111369,0.420795,0.765047,-0.102645,0.306833,0.731766,-0.106942,0.384665,0.76572,-0.12674,0.404262,0.790069,-0.115693,0.398248,0.789645,-0.105236
422,14066,True,0.9994,0.9994,0.358776,0.845591,0.0,0.420337,0.780782,-0.01187,0.460918,0.727546,-0.038366,0.484878,0.694403,-0.068823,0.481233,0.676132,-0.099433,0.392359,0.590828,-0.046053,0.407661,0.524819,-0.082391,0.423124,0.48041,-0.104788,0.436043,0.436065,-0.120638,0.342419,0.607525,-0.064039,0.429143,0.644905,-0.103864,0.447033,0.710005,-0.112717,0.436921,0.718032,-0.115844,0.307207,0.659774,-0.082551,0.409742,0.716111,-0.121413,0.426163,0.768294,-0.113277,0.412251,0.771046,-0.103147,0.284229,0.72699,-0.102465,0.355025,0.757232,-0.125539,0.380719,0.78795,-0.114108,0.379766,0.792943,-0.101921
423,14100,True,0.9991,0.9991,0.359968,0.837124,0.0,0.41817,0.774664,-0.016379,0.456832,0.717385,-0.04334,0.476038,0.680912,-0.073577,0.468766,0.661979,-0.104853,0.379846,0.586609,-0.049406,0.391956,0.521759,-0.088427,0.406771,0.476238,-0.114186,0.418473,0.429253,-0.131831,0.329127,0.603702,-0.064352,0.416482,0.640406,-0.10684,0.439625,0.707064,-0.117943,0.432592,0.72457,-0.121728,0.295324,0.657588,-0.080306,0.394974,0.708072,-0.122043,0.415666,0.760278,-0.116776,0.406166,0.771215,-0.107376,0.274749,0.725402,-0.097851,0.34225,0.746783,-0.124043,0.372296,0.776701,-0.114791,0.378751,0.788163,-0.103063
424,14133,True,0.9993,0.9993,0.367507,0.825641,0.0,0.424906,0.765325,-0.016806,0.465114,0.708319,-0.042847,0.484494,0.670364,-0.072418,0.472613,0.656734,-0.102404,0.388663,0.58073,-0.045002,0.397874,0.513461,-0.084254,0.413205,0.467571,-0.109003,0.426322,0.420296,-0.125412,0.336627,0.597644,-0.059397,0.421893,0.633847,-0.102693,0.443314,0.701048,-0.113579,0.433151,0.718236,-0.116317,0.30211,0.650971,-0.075346,0.3999,0.700921,-0.117794,0.418141,0.753803,-0.112423,0.404545,0.763265,-0.102326,0.280813,0.718851,-0.092964,0.346609,0.740864,-0.119202,0.376262,0.770727,-0.109799,0.380231,0.779748,-0.097576
425,14166,True,0.9992,0.9992,0.376219,0.824279,0.0,0.433939,0.759202,-0.009826,0.474362,0.700424,-0.033755,0.493796,0.664518,-0.062874,0.48526,0.653351,-0.092802,0.396204,0.575781,-0.036265,0.412277,0.510019,-0.073928,0.434171,0.465574,-0.098919,0.454921,0.423037,-0.115428,0.347014,0.593131,-0.053539,0.439893,0.6243,-0.093203,0.455908,0.688715,-0.104071,0.438577,0.706992,-0.107771,0.314779,0.645059,-0.072092,0.418572,0.691704,-0.111432,0.431469,0.741067,-0.107443,0.410508,0.748808,-0.099365,0.293885,0.711858,-0.091751,0.368047,0.733839,-0.114855,0.394784,0.76302,-0.105342,0.392926,0.772378,-0.094045
426,14200,True,0.9992,0.9992,0.38023,0.825757,0.0,0.443227,0.75786,-0.011947,0.484684,0.702436,-0.036796,0.506223,0.669639,-0.06639,0.503023,0.653291,-0.096759,0.413329,0.569517,-0.036602,0.438176,0.511153,-0.074151,0.463856,0.468087,-0.098951,0.485218,0.427639,-0.114997,0.366029,0.588307,-0.05311,0.462124,0.620144,-0.090619,0.471155,0.688469,-0.099149,0.446998,0.705106,-0.101308,0.33555,0.641252,-0.071456,0.442206,0.688654,-0.111322,0.448854,0.741667,-0.107114,0.421875,0.748732,-0.098437,0.315721,0.707867,-0.091002,0.3952,0.729069,-0.115155,0.417828,0.759935,-0.105763,0.410767,0.769183,-0.094271
427,14233,True,0.9985,0.9985,0.38972,0.827847,0.0,0.454036,0.761043,-0.0087,0.494909,0.704697,-0.03205,0.521421,0.67426,-0.060791,0.526677,0.664345,-0.090475,0.432442,0.574564,-0.032098,0.462261,0.51455,-0.067808,0.490326,0.472149,-0.089967,0.514566,0.433934,-0.104264,0.389345,0.589251,-0.050026,0.486104,0.617516,-0.086549,0.491374,0.688233,-0.091839,0.467388,0.705136,-0.091326,0.359447,0.637649,-0.0699,0.462132,0.681655,-0.108521,0.463372,0.736404,-0.102279,0.4353,0.741624,-0.092348,0.339594,0.701307,-0.090821,0.417839,0.72303,-0.113164,0.433927,0.755941,-0.102884,0.422105,0.764546,-0.091339
428,14266,True,0.9993,0.9993,0.391344,0.836094,0.0,0.461489,0.772374,-0.00602,0.501999,0.717611,-0.030029,0.530147,0.687444,-0.059975,0.541454,0.670418,-0.090826,0.442373,0.577411,-0.033568,0.481069,0.516189,-0.072058,0.516158,0.47449,-0.096425,0.546956,0.438263,-0.112252,0.400344,0.592786,-0.054543,0.503096,0.62403,-0.094034,0.507112,0.699972,-0.09982,0.482438,0.717125,-0.099674,0.370822,0.64117,-0.077307,0.477791,0.683915,-0.117934,0.480853,0.74428,-0.108801,0.453629,0.751925,-0.096754,0.351538,0.704995,-0.101114,0.42888,0.723183,-0.123813,0.449531,0.757836,-0.110535,0.441797,0.769015,-0.096716
429,14299,True,0.9987,0.9987,0.3926,0.84934,0.0,0.472964,0.777519,-0.002014,0.519763,0.719509,-0.024491,0.548749,0.689212,-0.054188,0.552957,0.694974,-0.085433,0.462338,0.585308,-0.026872,0.505781,0.536372,-0.064596,0.542362,0.498792,-0.090078,0.574258,0.464649,-0.107568,0.419578,0.598367,-0.049586,0.521372,0.64563,-0.090412,0.516309,0.719299,-0.097801,0.486116,0.734391,-0.098535,0.388424,0.6469,-0.073761,0.494217,0.705745,-0.114295,0.488638,0.760543,-0.107658,0.458168,0.763498,-0.097356,0.366914,0.710635,-0.098764,0.448729,0.745772,-0.120552,0.458915,0.778175,-0.10968,0.443264,0.781089,-0.098274
430,14333,True,0.9988,0.9988,0.391533,0.867461,0.0,0.48138,0.794451,-0.003258,0.534155,0.737458,-0.027328,0.562675,0.706158,-0.058253,0.564818,0.7086,-0.090469,0.474443,0.599673,-0.028107,0.5274,0.565301,-0.067449,0.571719,0.539503,-0.094909,0.609566,0.519104,-0.113585,0.431192,0.615932,-0.050869,0.537283,0.671598,-0.095866,0.533643,0.743211,-0.106476,0.506179,0.758174,-0.108168,0.399592,0.667357,-0.074892,0.506618,0.741995,-0.11661,0.500208,0.790902,-0.111374,0.471112,0.789074,-0.101286,0.377689,0.732713,-0.099854,0.462403,0.786443,-0.121632,0.471568,0.813736,-0.11193,0.455527,0.807741,-0.101093
431,14366,True,0.9992,0.9992,0.388728,0.894444,0.0,0.48331,0.83031,-0.005207,0.547131,0.780635,-0.029438,0.58537,0.757529,-0.059874,0.58091,0.75806,-0.090967,0.491998,0.623589,-0.027423,0.542524,0.615496,-0.065793,0.583134,0.598838,-0.09348,0.619221,0.583155,-0.112973,0.447207,0.637209,-0.050228,0.54996,0.720498,-0.091029,0.536719,0.785353,-0.10199,0.507701,0.785473,-0.10616,0.410679,0.689807,-0.074716,0.515974,0.787817,-0.115219,0.503424,0.832338,-0.110983,0.474632,0.821369,-0.103042,0.383276,0.760764,-0.100504,0.466575,0.826349,-0.124313,0.474522,0.853848,-0.116101,0.461522,0.849072,-0.106724
432,14400,True,0.9994,0.9994,0.384951,0.90257,0.0,0.477454,0.829808,-0.001307,0.545389,0.769851,-0.023071,0.591532,0.760495,-0.050849,0.595907,0.794022,-0.080069,0.492743,0.640263,-0.032651,0.548444,0.642547,-0.071664,0.593229,0.641199,-0.099026,0.633764,0.640783,-0.117469,0.450256,0.662048,-0.056533,0.557594,0.766001,-0.094786,0.540142,0.824831,-0.10224,0.511398,0.818778,-0.104549,0.414414,0.720289,-0.081445,0.523014,0.834043,-0.120416,0.506817,0.873442,-0.115853,0.479591,0.857163,-0.107425,0.38846,0.793618,-0.107202,0.474256,0.869749,-0.128424,0.482799,0.897344,-0.11856,0.471336,0.894945,-0.108038
433,14433,True,0.9993,0.9993,0.385149,0.915713,0.0,0.473943,0.843999,-0.001311,0.544045,0.786426,-0.023036,0.591772,0.786908,-0.050435,0.594365,0.825416,-0.079561,0.495524,0.661899,-0.034978,0.553451,0.674069,-0.073669,0.599115,0.676825,-0.101448,0.641036,0.681905,-0.12001,0.451037,0.686295,-0.058259,0.556191,0.795661,-0.094943,0.539451,0.847533,-0.102016,0.51297,0.841408,-0.104622,0.412743,0.744542,-0.082347,0.518782,0.860244,-0.119233,0.502344,0.892934,-0.115023,0.475857,0.875171,-0.10742,0.384224,0.816211,-0.107321,0.472769,0.896827,-0.126832,0.480311,0.92147,-0.117011,0.467666,0.917396,-0.107011
434,14466,True,0.9996,0.9996,0.38361,0.917694,0.0,0.470067,0.848366,-0.005114,0.539661,0.791375,-0.028089,0.58604,0.79047,-0.055124,0.589613,0.829944,-0.083651,0.48761,0.672061,-0.041635,0.537582,0.675798,-0.081052,0.580733,0.680321,-0.11014,0.620957,0.686718,-0.129813,0.441884,0.695639,-0.062807,0.546515,0.805294,-0.102192,0.53327,0.860128,-0.111299,0.507363,0.858732,-0.11468,0.403265,0.753641,-0.084505,0.508044,0.874133,-0.120956,0.492515,0.90462,-0.115995,0.466118,0.886004,-0.107958,0.37401,0.825743,-0.107501,0.46304,0.910311,-0.126936,0.472013,0.936618,-0.116536,0.459849,0.933144,-0.105896
435,14500,True,0.9994,0.9994,0.386724,0.928506,0.0,0.471182,0.858433,-0.010101,0.537997,0.794987,-0.034226,0.580334,0.788803,-0.061615,0.580476,0.826628,-0.090372,0.470743,0.677965,-0.04375,0.510938,0.679071,-0.085041,0.550196,0.678759,-0.115336,0.588431,0.680804,-0.135474,0.422239,0.701235,-0.062082,0.524813,0.80493,-0.105505,0.51969,0.860367,-0.116574,0.499172,0.862536,-0.12,0.383383,0.758771,-0.081491,0.488727,0.8756,-0.120555,0.480243,0.905892,-0.11649,0.456729,0.887931,-0.108183,0.354297,0.830625,-0.102561,0.441958,0.914587,-0.123658,0.451039,0.938775,-0.114673,0.438698,0.931766,-0.104627
436,14533,True,0.9994,0.9994,0.37972,0.929224,0.0,0.454027,0.861152,-0.012207,0.514337,0.80116,-0.035386,0.553118,0.797113,-0.061339,0.551379,0.836299,-0.088499,0.449216,0.682915,-0.041122,0.480116,0.679241,-0.079641,0.51528,0.679929,-0.109584,0.551641,0.681114,-0.130315,0.397339,0.706305,-0.057426,0.494013,0.809392,-0.095899,0.498637,0.860917,-0.108818,0.485992,0.867128,-0.115816,0.356821,0.767253,-0.07521,0.459612,0.885263,-0.108522,0.457724,0.907259,-0.105875,0.438963,0.888274,-0.100797,0.328216,0.84099,-0.095206,0.411221,0.923528,-0.11401,0.420566,0.939755,-0.106827,0.408657,0.92831,-0.098915
437,14566,True,0.9969,0.9969,0.359817,0.938994,0.0,0.430711,0.873311,-0.016407,0.485288,0.817146,-0.041352,0.523166,0.820747,-0.068829,0.527004,0.863957,-0.096328,0.429674,0.6978,-0.039557,0.45328,0.69486,-0.079987,0.482779,0.696382,-0.110128,0.514069,0.699698,-0.130393,0.376309,0.722344,-0.053432,0.473273,0.835852,-0.092932,0.475024,0.882477,-0.10522,0.459217,0.879278,-0.111317,0.335301,0.785065,-0.069871,0.438629,0.910158,-0.103138,0.432551,0.922838,-0.098294,0.411441,0.891705,-0.091442,0.305458,0.858418,-0.089327,0.387608,0.945772,-0.110626,0.394085,0.95582,-0.103981,0.380294,0.934263,-0.09538
438,14600,True,0.9845,0.9845,0.360769,0.928257,0.0,0.431203,0.870352,-0.020593,0.481054,0.821123,-0.045782,0.511019,0.836844,-0.072309,0.504158,0.886902,-0.098163,0.415039,0.708707,-0.045759,0.435635,0.714159,-0.084593,0.46086,0.724153,-0.112031,0.485281,0.736645,-0.129841,0.358961,0.731903,-0.056086,0.451271,0.860261,-0.092907,0.456916,0.894425,-0.101993,0.445373,0.882743,-0.106204,0.315845,0.793698,-0.069334,0.415047,0.92639,-0.09867,0.415809,0.930344,-0.091397,0.402651,0.896212,-0.083612,0.284827,0.866305,-0.086517,0.363443,0.961212,-0.108932,0.37792,0.966951,-0.103819,0.374364,0.946208,-0.095665
439,14633,True,0.9912,0.9912,0.344653,0.902968,0.0,0.412997,0.859467,-0.027606,0.463863,0.833938,-0.061247,0.49747,0.867098,-0.09602,0.490052,0.924955,-0.129079,0.407881,0.7191,-0.065822,0.434517,0.740565,-0.113516,0.457893,0.762623,-0.14168,0.478529,0.790496,-0.155778,0.348261,0.745173,-0.074376,0.432184,0.893196,-0.112066,0.435947,0.90566,-0.114483,0.422988,0.878003,-0.112875,0.304098,0.805562,-0.086429,0.401688,0.95026,-0.112692,0.399247,0.939471,-0.091958,0.384179,0.898657,-0.073947,0.270499,0.874421,-0.104485,0.350836,0.981643,-0.126626,0.370151,0.983351,-0.114346,0.374493,0.961373,-0.098145
440,14666,True,0.9922,0.9922,0.34727,0.918248,0.0,0.412634,0.872863,-0.025847,0.462373,0.843692,-0.059929,0.499304,0.868619,-0.096637,0.493783,0.922133,-0.129832,0.415379,0.726554,-0.060367,0.440904,0.753419,-0.110586,0.461448,0.796353,-0.134289,0.477439,0.845649,-0.142391,0.356671,0.756116,-0.0704,0.44321,0.906329,-0.108202,0.439628,0.931028,-0.103994,0.424222,0.899397,-0.096242,0.312501,0.815419,-0.085181,0.41163,0.965237,-0.110904,0.403471,0.95801,-0.085603,0.386674,0.913566,-0.064194,0.278489,0.883219,-0.106139,0.35888,0.993233,-0.124989,0.367013,0.99609,-0.109858,0.360289,0.970634,-0.09195
441,14700,True,0.9929,0.9929,0.350839,0.917227,0.0,0.413062,0.875535,-0.026372,0.462176,0.848494,-0.060253,0.504006,0.871613,-0.095618,0.519887,0.920099,-0.128282,0.421271,0.727694,-0.063183,0.45816,0.773029,-0.11414,0.488905,0.81393,-0.141906,0.513534,0.85803,-0.154003,0.366939,0.762014,-0.073076,0.4598,0.916053,-0.110314,0.445039,0.936145,-0.109986,0.421139,0.909224,-0.10744,0.325034,0.825215,-0.087142,0.424526,0.970316,-0.113186,0.404951,0.963958,-0.091539,0.381705,0.927654,-0.073879,0.290598,0.895793,-0.107025,0.371147,0.999235,-0.125417,0.365454,0.995605,-0.11187,0.3476,0.967245,-0.096584
442,14733,True,0.995,0.995,0.35836,0.937944,0.0,0.4246,0.884856,-0.018733,0.478415,0.843392,-0.044205,0.51768,0.856126,-0.071929,0.53607,0.895461,-0.098427,0.438078,0.730806,-0.043953,0.481536,0.775745,-0.087739,0.5178,0.809014,-0.116978,0.551531,0.839983,-0.133645,0.38883,0.764859,-0.055831,0.485581,0.907409,-0.09225,0.477726,0.932721,-0.099721,0.462886,0.914724,-0.103662,0.347595,0.829022,-0.071296,0.445325,0.962999,-0.100836,0.426267,0.960715,-0.0919,0.406057,0.928079,-0.082903,0.313883,0.900712,-0.090714,0.394665,0.998676,-0.11065,0.38856,0.99272,-0.104201,0.371553,0.964269,-0.095555
443,14766,True,0.9973,0.9973,0.362228,0.938693,0.0,0.431924,0.87736,-0.011829,0.491319,0.832435,-0.03553,0.537999,0.837644,-0.063226,0.56382,0.876064,-0.091014,0.452786,0.727922,-0.04015,0.50604,0.762722,-0.076287,0.547783,0.785415,-0.099295,0.582175,0.812269,-0.113443,0.406034,0.758619,-0.054942,0.505851,0.892195,-0.086537,0.485739,0.91913,-0.091061,0.45966,0.900525,-0.093899,0.367244,0.819624,-0.071843,0.466781,0.947462,-0.099878,0.44298,0.949234,-0.09244,0.4189,0.921586,-0.085226,0.335033,0.88977,-0.091507,0.417518,0.98258,-0.108749,0.407116,0.977039,-0.101762,0.386335,0.952926,-0.093987
444,14799,True,0.9999,0.9999,0.359032,0.928336,0.0,0.438932,0.86949,-0.011954,0.507589,0.817852,-0.03713,0.560153,0.808405,-0.065061,0.587388,0.829771,-0.094406,0.46078,0.715528,-0.056142,0.514853,0.736995,-0.097069,0.559337,0.755465,-0.121784,0.596705,0.77346,-0.136626,0.417753,0.746448,-0.072811,0.520791,0.861755,-0.109588,0.501374,0.90167,-0.11134,0.471556,0.890483,-0.110718,0.380725,0.810132,-0.090783,0.485176,0.924975,-0.12863,0.465356,0.941851,-0.11914,0.436402,0.921371,-0.10822,0.351384,0.883524,-0.11019,0.441942,0.95986,-0.132806,0.446167,0.970947,-0.121602,0.430612,0.9631,-0.109904
445,14833,True,0.9999,0.9999,0.367773,0.927289,0.0,0.443756,0.871056,-0.00995,0.50949,0.819164,-0.034139,0.557116,0.811341,-0.060107,0.574181,0.829468,-0.087858,0.461472,0.705535,-0.0543,0.51856,0.719793,-0.095018,0.564456,0.727259,-0.121776,0.603692,0.73394,-0.138151,0.418203,0.732494,-0.070885,0.520539,0.839741,-0.10608,0.502662,0.889158,-0.107191,0.474055,0.880558,-0.106553,0.382705,0.793856,-0.088567,0.48778,0.899017,-0.126403,0.471384,0.928505,-0.11747,0.442664,0.910172,-0.107292,0.356403,0.867447,-0.10696,0.447497,0.939515,-0.127074,0.455324,0.963159,-0.11382,0.43944,0.960508,-0.101859
446,14866,True,0.9999,0.9999,0.366461,0.914719,0.0,0.437085,0.850897,-0.008638,0.502863,0.796195,-0.032236,0.550963,0.80122,-0.05804,0.55854,0.843845,-0.085846,0.451904,0.692857,-0.051085,0.511196,0.698157,-0.091707,0.554873,0.700799,-0.121171,0.594415,0.700727,-0.140903,0.408822,0.722268,-0.069791,0.517953,0.816773,-0.106095,0.505648,0.866787,-0.111194,0.481425,0.860231,-0.113825,0.375488,0.784834,-0.089347,0.486996,0.879926,-0.124935,0.472578,0.908224,-0.117525,0.444321,0.889584,-0.109095,0.352813,0.858797,-0.110139,0.446163,0.921692,-0.128868,0.455587,0.939281,-0.116607,0.44084,0.934667,-0.105803
447,14900,True,0.9999,0.9999,0.370741,0.909329,0.0,0.436628,0.844985,-0.009919,0.497155,0.790164,-0.033578,0.541895,0.789179,-0.059053,0.548044,0.827016,-0.085799,0.443225,0.684096,-0.052068,0.495836,0.679275,-0.095706,0.537699,0.6771,-0.12806,0.576189,0.670525,-0.149456,0.401608,0.710409,-0.069831,0.509637,0.800411,-0.109309,0.493381,0.849387,-0.116314,0.463992,0.843606,-0.119639,0.370428,0.770691,-0.088689,0.482768,0.864174,-0.126601,0.46655,0.892392,-0.119684,0.436723,0.874209,-0.111118,0.350299,0.844057,-0.108934,0.443179,0.904374,-0.129297,0.451442,0.922953,-0.117349,0.436812,0.919068,-0.106257
448,14933,True,0.9999,0.9999,0.363141,0.907528,0.0,0.426989,0.840018,-0.004937,0.481143,0.781786,-0.026271,0.526088,0.778064,-0.051257,0.541084,0.809477,-0.078314,0.428968,0.673363,-0.039721,0.482327,0.663469,-0.078168,0.525412,0.65793,-0.106784,0.5642,0.649949,-0.12554,0.389342,0.70042,-0.057865,0.495245,0.780712,-0.093103,0.482777,0.836648,-0.099525,0.453491,0.841281,-0.102039,0.360567,0.761424,-0.076856,0.471355,0.84472,-0.113273,0.457658,0.881396,-0.108555,0.427731,0.872904,-0.100725,0.342529,0.834316,-0.096346,0.434863,0.887551,-0.115434,0.442593,0.91403,-0.104002,0.427039,0.916401,-0.092922
449,14966,True,0.9998,0.9998,0.357434,0.912528,0.0,0.422246,0.842374,-0.004377,0.475137,0.784212,-0.025983,0.518202,0.775393,-0.051543,0.529773,0.799904,-0.079288,0.418623,0.669218,-0.03782,0.468321,0.658054,-0.074939,0.511438,0.650565,-0.103349,0.550394,0.641299,-0.122506,0.378222,0.69794,-0.056828,0.48406,0.769906,-0.091789,0.476572,0.825466,-0.100118,0.448633,0.831595,-0.104216,0.349507,0.759862,-0.076401,0.46225,0.84008,-0.111551,0.452056,0.877797,-0.106971,0.42214,0.870941,-0.099731,0.331619,0.834188,-0.096624,0.424714,0.883927,-0.115535,0.436348,0.911449,-0.104242,0.422932,0.91438,-0.093331
450,15000,True,0.9998,0.9998,0.352861,0.916509,0.0,0.418687,0.840627,-0.002838,0.469956,0.778564,-0.023674,0.512268,0.769619,-0.049319,0.521866,0.797536,-0.077243,0.410238,0.663274,-0.031776,0.459667,0.654841,-0.065861,0.503839,0.649575,-0.092151,0.544754,0.64271,-0.110421,0.369686,0.695385,-0.051899,0.478142,0.764853,-0.084857,0.472624,0.823013,-0.092995,0.445321,0.828973,-0.096934,0.341594,0.759289,-0.07263,0.456691,0.836209,-0.105282,0.449056,0.877511,-0.099917,0.419412,0.872917,-0.092344,0.324048,0.834731,-0.09427,0.418273,0.881804,-0.112072,0.4312,0.910327,-0.100734,0.417662,0.91436,-0.089558
451,15033,True,0.9997,0.9997,0.348101,0.922222,0.0,0.412163,0.842256,-0.003465,0.461613,0.776527,-0.023985,0.504392,0.765456,-0.04951,0.518405,0.793427,-0.077463,0.402263,0.6644,-0.029215,0.452356,0.655238,-0.062191,0.496618,0.646181,-0.08798,0.53712,0.637014,-0.106116,0.363191,0.698535,-0.048977,0.472832,0.764162,-0.082444,0.468629,0.821542,-0.091561,0.441685,0.828886,-0.095604,0.336343,0.762798,-0.069445,0.453245,0.837085,-0.102297,0.445446,0.877946,-0.097592,0.415986,0.873684,-0.089893,0.319596,0.838176,-0.09094,0.415747,0.883242,-0.109398,0.426996,0.910742,-0.098978,0.412446,0.913307,-0.087978
452,15066,True,0.9996,0.9996,0.346192,0.924046,0.0,0.409369,0.842143,-0.003906,0.458014,0.77537,-0.024598,0.499988,0.764483,-0.050167,0.515124,0.789419,-0.078224,0.397279,0.668151,-0.030926,0.448389,0.65633,-0.064721,0.491733,0.645055,-0.091385,0.531323,0.63153,-0.110261,0.358034,0.702446,-0.050945,0.468213,0.767559,-0.085236,0.464605,0.824381,-0.09567,0.438355,0.829577,-0.100835,0.331447,0.76671,-0.071547,0.449415,0.838346,-0.105823,0.442826,0.88045,-0.101918,0.413756,0.875602,-0.094641,0.31555,0.841737,-0.093105,0.409728,0.883551,-0.1131,0.423846,0.909758,-0.103107,0.412148,0.911973,-0.092157
453,15100,True,0.9995,0.9995,0.345208,0.924784,0.0,0.407096,0.840835,-0.004725,0.455155,0.772147,-0.025484,0.496631,0.762441,-0.050921,0.511788,0.795427,-0.078828,0.395648,0.669217,-0.03084,0.447173,0.658773,-0.064924,0.48979,0.64704,-0.091411,0.52921,0.63172,-0.110223,0.355977,0.705413,-0.050572,0.467267,0.767697,-0.085885,0.465372,0.82609,-0.096091,0.440116,0.831214,-0.100754,0.329205,0.770246,-0.071048,0.44888,0.839462,-0.106552,0.443851,0.882306,-0.102869,0.415037,0.877514,-0.095284,0.313086,0.844929,-0.092452,0.40784,0.88417,-0.112869,0.422697,0.91113,-0.102918,0.41115,0.913961,-0.091869
454,15133,True,0.9994,0.9994,0.349319,0.919977,0.0,0.412292,0.835316,-0.004357,0.459253,0.766741,-0.024889,0.499562,0.759568,-0.05033,0.512563,0.794176,-0.078276,0.396866,0.666349,-0.030165,0.446149,0.657135,-0.063959,0.488673,0.649058,-0.09051,0.528966,0.637738,-0.109398,0.355642,0.704736,-0.049802,0.466472,0.767168,-0.08325,0.46398,0.822677,-0.09302,0.439203,0.824136,-0.098268,0.328054,0.770766,-0.070225,0.448328,0.840312,-0.103738,0.44221,0.880415,-0.09982,0.412802,0.873587,-0.093045,0.311498,0.845982,-0.091725,0.406015,0.885378,-0.11153,0.41999,0.910448,-0.101746,0.407881,0.91232,-0.091194
455,15166,True,0.9994,0.9994,0.350681,0.923472,0.0,0.416784,0.838045,-0.006261,0.464926,0.766479,-0.02586,0.503587,0.760525,-0.049438,0.516434,0.801123,-0.075259,0.396645,0.66705,-0.032324,0.446825,0.658862,-0.066573,0.487847,0.649117,-0.092324,0.527102,0.637021,-0.109842,0.355932,0.704577,-0.05006,0.467518,0.767246,-0.081,0.462664,0.822966,-0.087293,0.437119,0.824836,-0.090188,0.3282,0.770767,-0.069141,0.449853,0.838598,-0.102716,0.442713,0.877765,-0.099624,0.414476,0.872014,-0.093192,0.312425,0.84813,-0.089255,0.406409,0.887172,-0.109644,0.42176,0.909971,-0.101283,0.412598,0.914839,-0.091689
456,15200,True,0.9995,0.9995,0.347303,0.920752,0.0,0.412527,0.832618,-0.004636,0.46215,0.761993,-0.024294,0.503123,0.756123,-0.048587,0.516065,0.796584,-0.075579,0.39611,0.667668,-0.030251,0.44777,0.659571,-0.063465,0.49025,0.649927,-0.088771,0.52987,0.637427,-0.106236,0.355423,0.707639,-0.049005,0.468885,0.766024,-0.079465,0.465958,0.821291,-0.086451,0.440045,0.824286,-0.089856,0.328114,0.774867,-0.068709,0.450094,0.839412,-0.100572,0.442873,0.877528,-0.096657,0.412773,0.871224,-0.089966,0.312722,0.851634,-0.089412,0.410078,0.889967,-0.107822,0.422364,0.913605,-0.097872,0.407734,0.917832,-0.08737
457,15233,True,0.9995,0.9995,0.348379,0.921607,0.0,0.412797,0.835078,-0.006064,0.462748,0.765132,-0.026601,0.504136,0.760006,-0.051445,0.516459,0.802926,-0.078506,0.396662,0.670384,-0.03252,0.449427,0.661088,-0.067372,0.492064,0.651574,-0.093421,0.531888,0.639217,-0.111218,0.35552,0.708111,-0.050647,0.469166,0.768745,-0.082741,0.466053,0.825219,-0.089026,0.440923,0.827568,-0.091525,0.328298,0.774392,-0.069979,0.45129,0.841983,-0.103449,0.44518,0.880267,-0.098877,0.416097,0.87372,-0.091235,0.313055,0.85074,-0.090405,0.411369,0.891323,-0.109489,0.423991,0.914397,-0.099345,0.409345,0.918143,-0.088533
458,15266,True,0.9996,0.9996,0.349816,0.919079,0.0,0.412593,0.831327,-0.005856,0.461927,0.761855,-0.027229,0.503735,0.758267,-0.05313,0.518183,0.802166,-0.081589,0.3974,0.670819,-0.034139,0.449204,0.66102,-0.068894,0.491787,0.651568,-0.094536,0.531802,0.640165,-0.11203,0.356034,0.70992,-0.052576,0.470126,0.768967,-0.084665,0.467552,0.826376,-0.090725,0.442631,0.830292,-0.092984,0.328718,0.776634,-0.072011,0.452271,0.843863,-0.105078,0.446967,0.882261,-0.100103,0.417782,0.876276,-0.092295,0.313396,0.852997,-0.092493,0.411162,0.893951,-0.110514,0.424445,0.916701,-0.099511,0.410077,0.919849,-0.0883
459,15299,True,0.9995,0.9995,0.349987,0.918808,0.0,0.412093,0.832238,-0.005583,0.461874,0.765119,-0.026952,0.504539,0.762393,-0.052756,0.51852,0.804435,-0.08106,0.396268,0.673006,-0.036438,0.449193,0.66299,-0.072838,0.492415,0.652189,-0.099554,0.531852,0.639571,-0.117607,0.354779,0.711832,-0.054813,0.469827,0.770879,-0.088389,0.466687,0.827348,-0.094558,0.440432,0.831681,-0.096861,0.328253,0.778766,-0.074064,0.4515,0.844386,-0.108384,0.445574,0.882172,-0.103011,0.414906,0.87647,-0.0948,0.31385,0.855139,-0.094254,0.412124,0.895149,-0.113389,0.423521,0.91656,-0.102513,0.406369,0.918446,-0.091341
460,15333,True,0.9996,0.9996,0.35258,0.920449,0.0,0.414425,0.837429,-0.004759,0.462935,0.770323,-0.026069,0.504542,0.765813,-0.052046,0.516242,0.805753,-0.080592,0.396453,0.674681,-0.035276,0.447547,0.663709,-0.070748,0.490025,0.65252,-0.097147,0.529475,0.639276,-0.115214,0.354579,0.713029,-0.053969,0.469941,0.772458,-0.086194,0.467605,0.829315,-0.092047,0.442187,0.833537,-0.094528,0.327777,0.780372,-0.073394,0.451687,0.845765,-0.106158,0.447372,0.88351,-0.099812,0.417714,0.879051,-0.09148,0.312721,0.857495,-0.093775,0.40962,0.897038,-0.111675,0.422342,0.917937,-0.099823,0.407,0.920106,-0.088222
461,15366,True,0.9997,0.9997,0.354637,0.920632,0.0,0.41475,0.837714,-0.004249,0.462523,0.770778,-0.025198,0.503042,0.766496,-0.050957,0.515568,0.807346,-0.079394,0.39696,0.675818,-0.035703,0.44684,0.666424,-0.072603,0.488788,0.655701,-0.100172,0.527558,0.642538,-0.118741,0.35483,0.714505,-0.054399,0.468617,0.776721,-0.087681,0.464437,0.831479,-0.094548,0.437027,0.835237,-0.097817,0.327569,0.782178,-0.073834,0.449482,0.850193,-0.108012,0.441984,0.886538,-0.103246,0.410825,0.880734,-0.095736,0.311845,0.85972,-0.094001,0.409511,0.901531,-0.11249,0.420564,0.920842,-0.101549,0.404539,0.921207,-0.090586
462,15400,True,0.9997,0.9997,0.354499,0.917161,0.0,0.413592,0.836053,-0.005216,0.462468,0.772071,-0.027325,0.503695,0.768478,-0.054081,0.515787,0.808739,-0.083407,0.396255,0.676221,-0.038558,0.446914,0.666311,-0.077376,0.490602,0.657409,-0.106279,0.530475,0.645511,-0.125528,0.353775,0.715705,-0.057124,0.467736,0.778018,-0.091842,0.463201,0.830274,-0.099517,0.435434,0.832861,-0.103483,0.326921,0.784834,-0.076413,0.450968,0.853901,-0.11114,0.443147,0.887652,-0.106033,0.411951,0.880069,-0.098355,0.312067,0.863849,-0.096512,0.409892,0.906026,-0.115222,0.420173,0.921541,-0.104026,0.404392,0.918728,-0.092834
463,15433,True,0.9997,0.9997,0.354284,0.9222,0.0,0.414052,0.84251,-0.004774,0.462911,0.776166,-0.025882,0.50323,0.770379,-0.051984,0.515064,0.807481,-0.080751,0.397112,0.678631,-0.03593,0.448266,0.668696,-0.074423,0.492494,0.659871,-0.103216,0.531735,0.648675,-0.122203,0.354897,0.71669,-0.054796,0.469083,0.781866,-0.088586,0.461119,0.831424,-0.096278,0.42985,0.831107,-0.100356,0.327296,0.786451,-0.074623,0.451308,0.856944,-0.109584,0.440651,0.888777,-0.10514,0.40818,0.878575,-0.097777,0.311144,0.867118,-0.095219,0.410574,0.907881,-0.114854,0.419547,0.923667,-0.104029,0.403203,0.921305,-0.092845
464,15466,True,0.9997,0.9997,0.355675,0.922449,0.0,0.413685,0.842096,-0.004826,0.462612,0.777481,-0.026705,0.504064,0.773687,-0.053374,0.5159,0.813489,-0.082905,0.397647,0.680744,-0.038941,0.447048,0.67083,-0.077748,0.490315,0.663468,-0.106568,0.529183,0.653891,-0.125535,0.355243,0.720394,-0.05777,0.467988,0.783736,-0.091103,0.462708,0.834106,-0.098234,0.434306,0.834946,-0.102402,0.32752,0.790221,-0.077362,0.450771,0.858222,-0.111641,0.441684,0.89112,-0.106879,0.409984,0.882858,-0.099856,0.311637,0.870197,-0.097697,0.409354,0.909899,-0.116927,0.419147,0.925627,-0.106061,0.403646,0.923909,-0.095213
465,15500,True,0.9997,0.9997,0.352404,0.922936,0.0,0.412578,0.842778,-0.004654,0.462597,0.778022,-0.026417,0.504785,0.773737,-0.053052,0.517429,0.813796,-0.082608,0.397919,0.682378,-0.038567,0.446246,0.673252,-0.077565,0.488272,0.665015,-0.106498,0.52661,0.651918,-0.125517,0.355363,0.722101,-0.0576,0.468556,0.78407,-0.091193,0.464199,0.834423,-0.09857,0.436045,0.835396,-0.102536,0.327143,0.791808,-0.077326,0.450225,0.859615,-0.111851,0.442837,0.892657,-0.106957,0.412166,0.884754,-0.099335,0.310654,0.871396,-0.09775,0.408696,0.910697,-0.116375,0.419923,0.926954,-0.104766,0.405342,0.926236,-0.09318
466,15533,True,0.9998,0.9998,0.349752,0.921804,0.0,0.40841,0.840068,-0.006494,0.458151,0.775997,-0.030262,0.502046,0.773919,-0.058394,0.516189,0.816348,-0.089353,0.396178,0.682862,-0.04298,0.446514,0.675987,-0.083515,0.489595,0.666318,-0.113367,0.529824,0.652264,-0.133279,0.353625,0.723995,-0.061965,0.467742,0.784035,-0.097957,0.466273,0.837443,-0.104905,0.441373,0.841007,-0.10825,0.325653,0.793975,-0.08174,0.449575,0.859427,-0.11806,0.444971,0.89476,-0.111666,0.415269,0.88939,-0.102812,0.309721,0.873329,-0.102434,0.407224,0.911795,-0.122008,0.419846,0.928997,-0.109721,0.405376,0.928438,-0.097769
467,15566,True,0.9998,0.9998,0.347149,0.919781,0.0,0.404548,0.838852,-0.005567,0.455328,0.774218,-0.028469,0.499977,0.772741,-0.055734,0.515165,0.815457,-0.085964,0.394294,0.682706,-0.041326,0.445316,0.677662,-0.079862,0.488497,0.669459,-0.108869,0.529043,0.657213,-0.128503,0.35146,0.724777,-0.060174,0.466655,0.783148,-0.093955,0.465898,0.83456,-0.10073,0.441798,0.838563,-0.104397,0.323819,0.795193,-0.07958,0.448268,0.859251,-0.113131,0.443973,0.892816,-0.106409,0.413984,0.888035,-0.097965,0.307829,0.874369,-0.099904,0.406923,0.912911,-0.117257,0.419388,0.928918,-0.104426,0.403922,0.927904,-0.092597
468,15600,True,0.9998,0.9998,0.349993,0.917973,0.0,0.406871,0.837544,-0.008788,0.455201,0.773744,-0.033217,0.497587,0.773927,-0.061259,0.513568,0.816221,-0.091896,0.394121,0.680632,-0.044844,0.445721,0.676426,-0.086476,0.488971,0.667486,-0.117475,0.529198,0.654883,-0.138295,0.351023,0.722181,-0.06271,0.465323,0.780448,-0.100241,0.461362,0.833863,-0.107809,0.435702,0.837427,-0.111446,0.322895,0.791987,-0.081628,0.446276,0.857794,-0.118293,0.437195,0.892205,-0.111546,0.40539,0.885393,-0.102656,0.306768,0.871265,-0.101769,0.405673,0.91061,-0.122052,0.414148,0.92726,-0.110228,0.395945,0.924615,-0.098793
469,15633,True,0.9998,0.9998,0.345963,0.921441,0.0,0.403764,0.838575,-0.007401,0.452012,0.771817,-0.030245,0.494172,0.769,-0.057355,0.511017,0.811364,-0.087033,0.390449,0.680664,-0.03872,0.443478,0.675139,-0.078254,0.487361,0.665908,-0.107798,0.527355,0.653289,-0.12758,0.348273,0.72164,-0.05671,0.460909,0.778987,-0.092222,0.457804,0.83209,-0.099829,0.431763,0.836374,-0.103331,0.321107,0.790456,-0.075895,0.443534,0.855263,-0.110966,0.435908,0.890266,-0.105369,0.40433,0.884822,-0.097132,0.305762,0.868784,-0.096242,0.40469,0.907814,-0.115,0.413715,0.924851,-0.103701,0.395449,0.922548,-0.092613
470,15666,True,0.9998,0.9998,0.34573,0.917168,0.0,0.40193,0.837307,-0.0074,0.450326,0.768019,-0.029336,0.492743,0.763206,-0.055168,0.507909,0.805955,-0.08371,0.386749,0.679191,-0.039156,0.437924,0.673161,-0.07659,0.48018,0.663935,-0.104534,0.519155,0.651217,-0.123516,0.344784,0.718932,-0.056517,0.456675,0.777032,-0.090828,0.457087,0.833386,-0.097779,0.433669,0.841383,-0.100894,0.317381,0.786501,-0.074811,0.439845,0.852292,-0.10876,0.435218,0.889505,-0.102813,0.405568,0.886553,-0.094524,0.301514,0.863951,-0.09419,0.400947,0.903418,-0.112019,0.412827,0.922509,-0.100366,0.396307,0.923034,-0.08919
471,15700,True,0.9998,0.9998,0.341141,0.924662,0.0,0.398453,0.8481,-0.005256,0.444656,0.776019,-0.024417,0.484349,0.766364,-0.047873,0.50304,0.801773,-0.074274,0.381943,0.679286,-0.032422,0.430445,0.66755,-0.067,0.472316,0.655675,-0.093816,0.510166,0.640514,-0.112511,0.340893,0.713959,-0.050304,0.448347,0.770409,-0.083988,0.449115,0.828258,-0.093638,0.423893,0.840388,-0.098535,0.313647,0.778883,-0.068905,0.433845,0.844052,-0.103513,0.432082,0.886986,-0.100122,0.403839,0.888706,-0.093078,0.297405,0.856007,-0.08823,0.392596,0.893137,-0.107164,0.409076,0.916537,-0.096851,0.397421,0.919881,-0.086133
472,15733,True,0.9997,0.9997,0.343266,0.916209,0.0,0.40244,0.835011,-0.006423,0.44638,0.76059,-0.02638,0.481334,0.751699,-0.050362,0.491125,0.791902,-0.076921,0.375485,0.672325,-0.031933,0.417853,0.655218,-0.064888,0.457524,0.641347,-0.090392,0.494168,0.624159,-0.108624,0.331931,0.709697,-0.049332,0.440019,0.761401,-0.084554,0.449522,0.822152,-0.095036,0.430415,0.837431,-0.099439,0.304542,0.775359,-0.067406,0.425927,0.836781,-0.100943,0.432195,0.877934,-0.097227,0.407431,0.878475,-0.089785,0.289433,0.851099,-0.086381,0.382902,0.888319,-0.104173,0.402694,0.90999,-0.094171,0.391974,0.910302,-0.083724
473,15766,True,0.9996,0.9996,0.347775,0.9163,0.0,0.402362,0.839075,-0.006529,0.439497,0.765896,-0.02733,0.470789,0.744895,-0.052263,0.483169,0.772154,-0.079457,0.36718,0.668654,-0.030025,0.403708,0.647668,-0.06199,0.439199,0.623962,-0.08592,0.473103,0.601292,-0.102984,0.324452,0.701166,-0.047117,0.431071,0.74796,-0.081712,0.443312,0.811479,-0.090741,0.426201,0.830253,-0.093962,0.297494,0.763463,-0.065197,0.414468,0.819705,-0.098679,0.42183,0.860788,-0.094536,0.398251,0.863627,-0.086991,0.282274,0.837804,-0.084246,0.368754,0.869241,-0.102265,0.388055,0.888862,-0.093274,0.377814,0.889906,-0.08371
474,15799,True,0.9995,0.9995,0.355085,0.896858,0.0,0.407758,0.822878,-0.008755,0.442917,0.748852,-0.027893,0.468701,0.722056,-0.0514,0.471145,0.751094,-0.076646,0.364864,0.65479,-0.027105,0.392461,0.623458,-0.058688,0.421324,0.59688,-0.08162,0.448538,0.568916,-0.097931,0.318196,0.684536,-0.042781,0.418678,0.728179,-0.078754,0.431732,0.788775,-0.089027,0.413776,0.804004,-0.091855,0.290532,0.745144,-0.059804,0.404474,0.800488,-0.094019,0.416233,0.838373,-0.089974,0.394748,0.839027,-0.081449,0.275637,0.81736,-0.07823,0.36084,0.850837,-0.098529,0.379653,0.86883,-0.091206,0.368482,0.868587,-0.081373
475,15833,True,0.9996,0.9996,0.360129,0.875737,0.0,0.408071,0.808875,-0.013289,0.444738,0.739633,-0.035226,0.466962,0.703194,-0.060409,0.460539,0.719842,-0.086629,0.364079,0.638952,-0.035458,0.383177,0.597315,-0.069563,0.403745,0.56452,-0.093373,0.423804,0.531623,-0.110031,0.314033,0.664987,-0.049583,0.40574,0.706185,-0.087649,0.431246,0.758456,-0.0987,0.426656,0.771067,-0.102545,0.282987,0.723429,-0.065317,0.390537,0.776523,-0.100485,0.413121,0.810486,-0.096413,0.402637,0.811756,-0.088589,0.26799,0.793549,-0.082935,0.344598,0.821816,-0.10413,0.3666,0.839526,-0.09721,0.359667,0.84113,-0.087992
476,15866,True,0.9995,0.9995,0.356024,0.855893,0.0,0.408599,0.792367,-0.015372,0.447959,0.727558,-0.037203,0.467284,0.686372,-0.062192,0.455063,0.685465,-0.087554,0.365581,0.620857,-0.03455,0.375525,0.567636,-0.069251,0.390112,0.526718,-0.092102,0.404755,0.487744,-0.107096,0.316643,0.642675,-0.047735,0.390166,0.662759,-0.089596,0.419157,0.709512,-0.103338,0.422667,0.727412,-0.106677,0.285489,0.695987,-0.062602,0.385841,0.741187,-0.101305,0.411658,0.783486,-0.099304,0.408158,0.796715,-0.090344,0.269292,0.763144,-0.079324,0.340224,0.787927,-0.101525,0.366099,0.811729,-0.095144,0.366193,0.819449,-0.08515
477,15900,True,0.9996,0.9996,0.3649,0.82368,0.0,0.415163,0.769084,-0.017555,0.451267,0.709586,-0.040228,0.468525,0.670595,-0.06531,0.455945,0.652579,-0.090774,0.363591,0.593674,-0.040955,0.374244,0.533582,-0.075967,0.384907,0.488752,-0.099112,0.395772,0.445083,-0.114756,0.314363,0.614632,-0.053628,0.386833,0.630232,-0.096564,0.41688,0.672288,-0.111631,0.4231,0.686535,-0.116544,0.283458,0.66785,-0.067607,0.385972,0.712269,-0.10857,0.411408,0.756272,-0.107404,0.407445,0.770358,-0.099406,0.267533,0.735729,-0.083415,0.338277,0.757043,-0.109394,0.366719,0.783463,-0.103954,0.369815,0.794036,-0.094502
478,15933,True,0.9998,0.9998,0.368503,0.806843,0.0,0.418269,0.752249,-0.016726,0.454066,0.693035,-0.041643,0.473643,0.652011,-0.069633,0.461796,0.623027,-0.098385,0.36808,0.570776,-0.043156,0.375407,0.506578,-0.082385,0.385107,0.454507,-0.107636,0.393859,0.406135,-0.123487,0.319402,0.590757,-0.055763,0.406217,0.608105,-0.101147,0.432662,0.675089,-0.113278,0.426458,0.705373,-0.114945,0.290453,0.642598,-0.069918,0.391853,0.675523,-0.114204,0.415165,0.728386,-0.109491,0.405724,0.748899,-0.098092,0.275279,0.709589,-0.085446,0.343492,0.720821,-0.113625,0.373563,0.752253,-0.10537,0.376071,0.767932,-0.092751
479,15966,True,0.9998,0.9998,0.380403,0.788593,0.0,0.431667,0.733694,-0.01991,0.466991,0.677823,-0.046735,0.483935,0.642388,-0.075795,0.47284,0.607259,-0.105581,0.379178,0.547556,-0.050192,0.386612,0.476233,-0.091169,0.394859,0.421104,-0.117913,0.400775,0.369231,-0.1347,0.329388,0.566858,-0.062118,0.414662,0.580375,-0.107798,0.444135,0.649073,-0.118442,0.442591,0.684947,-0.119011,0.299359,0.620235,-0.075742,0.398194,0.647416,-0.121418,0.425961,0.702916,-0.115229,0.421974,0.72903,-0.102241,0.283195,0.68966,-0.090896,0.347349,0.694189,-0.120575,0.384493,0.726547,-0.110539,0.396897,0.745465,-0.095911
480,16000,True,0.9996,0.9996,0.393455,0.783572,0.0,0.447742,0.725764,-0.022154,0.483993,0.665886,-0.049961,0.501485,0.629245,-0.079954,0.496865,0.589793,-0.110267,0.398237,0.5286,-0.04682,0.408861,0.457206,-0.085674,0.420412,0.403708,-0.11176,0.428131,0.35344,-0.128746,0.349674,0.547746,-0.058313,0.433015,0.55917,-0.100846,0.46061,0.625319,-0.111479,0.455602,0.656694,-0.113315,0.319791,0.600512,-0.072128,0.417928,0.627828,-0.115835,0.440107,0.68616,-0.110698,0.429164,0.709668,-0.099829,0.30188,0.667929,-0.087834,0.372068,0.671142,-0.115853,0.405819,0.706878,-0.106128,0.41262,0.724871,-0.092803
481,16033,True,0.9993,0.9993,0.395376,0.793016,0.0,0.458234,0.722995,-0.017748,0.498154,0.660982,-0.044291,0.519091,0.626868,-0.075037,0.525033,0.595656,-0.106482,0.423274,0.519324,-0.039292,0.442949,0.448224,-0.076598,0.458989,0.396644,-0.102286,0.471026,0.344549,-0.119612,0.374729,0.539165,-0.053715,0.476707,0.560995,-0.094743,0.496873,0.634243,-0.106762,0.48124,0.663585,-0.110207,0.345973,0.593895,-0.070151,0.452614,0.622566,-0.113035,0.471877,0.683553,-0.109243,0.455618,0.707495,-0.099411,0.329039,0.662481,-0.088303,0.403874,0.664227,-0.115156,0.438174,0.698975,-0.104994,0.44607,0.720333,-0.091356
482,16066,True,0.9995,0.9995,0.398911,0.80625,0.0,0.468243,0.732535,-0.008725,0.509971,0.668331,-0.032021,0.531747,0.634286,-0.0611,0.543826,0.613747,-0.091103,0.448865,0.525515,-0.033405,0.47401,0.451635,-0.068919,0.497065,0.399856,-0.092547,0.517575,0.351935,-0.108515,0.401326,0.542019,-0.052126,0.50633,0.571065,-0.092483,0.522978,0.648162,-0.102939,0.506864,0.681692,-0.105257,0.371162,0.594843,-0.072072,0.482112,0.634113,-0.112908,0.494382,0.693308,-0.109737,0.472703,0.714243,-0.100949,0.352143,0.661986,-0.093032,0.437144,0.675276,-0.115975,0.466337,0.711409,-0.105828,0.466225,0.730528,-0.093653
483,16100,True,0.9989,0.9989,0.400213,0.829481,0.0,0.48485,0.740563,0.003251,0.533541,0.66814,-0.015931,0.57025,0.636741,-0.043259,0.584993,0.649798,-0.072986,0.46852,0.545401,-0.024922,0.512191,0.486416,-0.059549,0.546468,0.442667,-0.084501,0.574996,0.401822,-0.102954,0.425409,0.564062,-0.0508,0.531143,0.595427,-0.091317,0.538661,0.670179,-0.101593,0.515788,0.696138,-0.104835,0.394969,0.618028,-0.077032,0.506579,0.664154,-0.116017,0.510157,0.718776,-0.112724,0.483875,0.730097,-0.105309,0.376177,0.685534,-0.103803,0.461321,0.709252,-0.125125,0.483339,0.741923,-0.116513,0.478822,0.754472,-0.107337
484,16133,True,0.999,0.999,0.395379,0.858257,0.0,0.487225,0.770847,0.003172,0.54159,0.700772,-0.015072,0.578822,0.670348,-0.041297,0.595867,0.682894,-0.069663,0.497293,0.576584,-0.021705,0.55328,0.538536,-0.058374,0.591933,0.502376,-0.085115,0.62485,0.467499,-0.104666,0.453783,0.593634,-0.048242,0.563117,0.643149,-0.090813,0.564992,0.718069,-0.101854,0.542432,0.742306,-0.10492,0.419852,0.647483,-0.075537,0.529268,0.711179,-0.11622,0.5252,0.765529,-0.111922,0.49829,0.771753,-0.103032,0.396632,0.716688,-0.103438,0.486499,0.759219,-0.124488,0.500193,0.791994,-0.114309,0.487615,0.79719,-0.103869
485,16166,True,0.9991,0.9991,0.391387,0.885709,0.0,0.489548,0.830241,-0.002887,0.551284,0.785072,-0.028092,0.597252,0.763878,-0.059799,0.61064,0.747791,-0.091729,0.512044,0.615612,-0.035131,0.571668,0.592266,-0.075881,0.614371,0.574544,-0.102848,0.648044,0.56103,-0.12126,0.468934,0.629218,-0.060124,0.579499,0.710628,-0.103655,0.567016,0.783068,-0.112528,0.539088,0.789207,-0.115107,0.432927,0.681605,-0.086247,0.544213,0.779668,-0.128789,0.532755,0.832426,-0.120736,0.505015,0.825873,-0.110346,0.407143,0.753157,-0.11338,0.493533,0.817017,-0.13789,0.500976,0.85181,-0.126419,0.486552,0.850689,-0.114804
486,16200,True,0.9973,0.9973,0.373741,0.906702,0.0,0.47421,0.825285,0.000773,0.550771,0.761145,-0.021027,0.605018,0.75669,-0.049823,0.617941,0.793601,-0.079982,0.505647,0.641307,-0.030143,0.578309,0.658096,-0.066037,0.629019,0.660676,-0.090672,0.674614,0.664281,-0.108335,0.465112,0.66587,-0.0544,0.576304,0.775344,-0.093335,0.558064,0.833291,-0.099551,0.528442,0.833133,-0.100977,0.429546,0.725354,-0.079332,0.538889,0.83829,-0.116419,0.522749,0.878539,-0.111289,0.49539,0.866563,-0.103011,0.403158,0.797607,-0.105006,0.49401,0.876993,-0.123246,0.496735,0.904967,-0.113732,0.478852,0.900585,-0.104584
487,16233,True,0.998,0.998,0.364983,0.930887,0.0,0.462876,0.854631,-0.005675,0.536672,0.797751,-0.030127,0.589085,0.790402,-0.059353,0.607145,0.820959,-0.089609,0.504467,0.668373,-0.040592,0.577656,0.71256,-0.075332,0.630237,0.734469,-0.097429,0.674205,0.757138,-0.112741,0.459758,0.700131,-0.060851,0.561676,0.826053,-0.096381,0.545043,0.877339,-0.101205,0.518353,0.872327,-0.103132,0.419345,0.763762,-0.081644,0.519135,0.885377,-0.117227,0.504812,0.920256,-0.111762,0.479054,0.907719,-0.10412,0.386641,0.837818,-0.103463,0.472852,0.925806,-0.123191,0.482363,0.952846,-0.114273,0.470322,0.949039,-0.105065
488,16266,True,0.9977,0.9977,0.351979,0.940191,0.0,0.441403,0.866924,-0.006792,0.516958,0.82538,-0.034271,0.571607,0.843438,-0.065808,0.581405,0.889114,-0.097802,0.486898,0.703267,-0.056405,0.562706,0.762092,-0.094835,0.612817,0.798269,-0.116979,0.651193,0.830479,-0.131254,0.439447,0.737804,-0.077792,0.541439,0.878655,-0.109702,0.519934,0.908285,-0.109017,0.49196,0.885951,-0.109451,0.395815,0.801636,-0.099525,0.495483,0.937832,-0.129497,0.476231,0.947997,-0.118985,0.450351,0.916812,-0.110143,0.360221,0.874003,-0.123008,0.443058,0.971877,-0.138063,0.440082,0.975493,-0.125481,0.41788,0.952761,-0.115036
489,16300,True,0.9907,0.9907,0.354469,0.941937,0.0,0.428482,0.890696,-0.014244,0.495508,0.850898,-0.038116,0.553637,0.846145,-0.063563,0.595592,0.846341,-0.088796,0.462661,0.727875,-0.058582,0.527766,0.795534,-0.092935,0.567324,0.822661,-0.112547,0.597717,0.84634,-0.126027,0.411921,0.754955,-0.072588,0.504123,0.906752,-0.102152,0.480907,0.920448,-0.102277,0.45884,0.894973,-0.105237,0.366981,0.812191,-0.087655,0.455634,0.957619,-0.113317,0.43074,0.95044,-0.101522,0.410516,0.917737,-0.095013,0.327421,0.878798,-0.105692,0.395933,0.98089,-0.12462,0.382825,0.968161,-0.119557,0.361779,0.936284,-0.115449
490,16333,True,0.9972,0.9972,0.355916,0.922441,0.0,0.417271,0.885122,-0.025941,0.467632,0.86177,-0.0556,0.511408,0.876074,-0.085453,0.537475,0.896373,-0.114896,0.434429,0.733636,-0.062362,0.483886,0.805727,-0.098374,0.517116,0.839458,-0.120235,0.538668,0.868126,-0.133178,0.377185,0.759269,-0.070257,0.462564,0.919557,-0.095938,0.445408,0.926229,-0.096307,0.423506,0.896232,-0.09842,0.331843,0.816612,-0.080372,0.41999,0.970001,-0.100653,0.400251,0.957895,-0.083658,0.381301,0.92497,-0.072523,0.290704,0.883361,-0.095432,0.364995,0.995817,-0.112348,0.366761,0.98919,-0.101733,0.359743,0.965931,-0.091095
491,16366,True,0.9398,0.9398,0.325099,0.874916,0.0,0.388935,0.836594,-0.02649,0.442655,0.82917,-0.057855,0.482087,0.862056,-0.090307,0.482609,0.912162,-0.12151,0.398084,0.734013,-0.059632,0.448051,0.799761,-0.105509,0.466498,0.830379,-0.1373,0.473753,0.853182,-0.156245,0.341482,0.77024,-0.069876,0.422415,0.913594,-0.10126,0.421594,0.908526,-0.107357,0.409485,0.876925,-0.114388,0.296241,0.828804,-0.083785,0.386534,0.971699,-0.10549,0.381011,0.94551,-0.090669,0.369056,0.900082,-0.08147,0.260978,0.891421,-0.103627,0.334575,1.00224,-0.122569,0.335277,0.982384,-0.115058,0.323788,0.943985,-0.107182
492,16400,True,0.996,0.996,0.326724,0.91567,0.0,0.400562,0.861461,-0.020054,0.452895,0.820933,-0.04584,0.474225,0.844017,-0.072063,0.448187,0.891863,-0.096946,0.375994,0.716105,-0.060028,0.405699,0.746675,-0.093694,0.428659,0.781114,-0.112668,0.442491,0.806375,-0.125439,0.316914,0.744727,-0.071467,0.401679,0.888073,-0.104023,0.411116,0.909601,-0.110661,0.400669,0.88638,-0.116352,0.271476,0.806919,-0.084042,0.371069,0.946507,-0.110482,0.386423,0.944227,-0.102902,0.383786,0.90489,-0.097703,0.240483,0.879718,-0.100274,0.318344,0.980752,-0.122747,0.345376,0.985638,-0.118421,0.354552,0.966283,-0.112477
493,16433,True,0.9937,0.9937,0.328112,0.930159,0.0,0.394078,0.866305,-0.01962,0.44361,0.806268,-0.041772,0.468191,0.804882,-0.065991,0.444948,0.857593,-0.088151,0.363097,0.695413,-0.041917,0.377887,0.703358,-0.082741,0.401167,0.737216,-0.10825,0.420775,0.768018,-0.121122,0.302929,0.724938,-0.051629,0.38278,0.853943,-0.088172,0.403672,0.885288,-0.096616,0.402564,0.880946,-0.098322,0.259605,0.789247,-0.064681,0.357064,0.920963,-0.090863,0.378395,0.925172,-0.083334,0.377264,0.895798,-0.073615,0.231879,0.861367,-0.081944,0.307642,0.953374,-0.097945,0.330104,0.961234,-0.091082,0.33074,0.941526,-0.080372
494,16466,True,0.9971,0.9971,0.330377,0.935499,-0.0,0.396831,0.859225,-0.016064,0.444942,0.788873,-0.036259,0.47358,0.770374,-0.059721,0.46466,0.813509,-0.082342,0.369098,0.669475,-0.029812,0.375341,0.666505,-0.068953,0.401976,0.68069,-0.094502,0.429645,0.692133,-0.107751,0.312846,0.694824,-0.040852,0.386961,0.794693,-0.080021,0.414164,0.843253,-0.091418,0.417088,0.859811,-0.092594,0.270543,0.755311,-0.055106,0.356018,0.861938,-0.087794,0.384006,0.886322,-0.085809,0.388607,0.879111,-0.076328,0.242525,0.825856,-0.072279,0.305766,0.89515,-0.088826,0.332516,0.915491,-0.082269,0.339323,0.912039,-0.070722
495,16500,True,0.9985,0.9985,0.347038,0.909591,0.0,0.410718,0.835379,-0.015526,0.456317,0.773192,-0.037954,0.485618,0.752313,-0.063617,0.488242,0.772803,-0.088678,0.385123,0.639513,-0.029787,0.401002,0.636696,-0.068469,0.43094,0.637546,-0.095842,0.462773,0.63124,-0.112725,0.334238,0.66499,-0.042554,0.424942,0.758004,-0.083068,0.441821,0.813294,-0.096183,0.432977,0.828274,-0.09959,0.295913,0.72612,-0.058336,0.398205,0.828012,-0.095734,0.414039,0.856701,-0.094342,0.404136,0.846913,-0.085503,0.26939,0.799636,-0.076496,0.344724,0.866429,-0.09814,0.363192,0.886569,-0.092646,0.357092,0.87948,-0.082028
496,16533,True,0.9978,0.9978,0.363913,0.886682,0.0,0.429339,0.815744,-0.010558,0.474468,0.754392,-0.031324,0.502814,0.736186,-0.056574,0.51123,0.752095,-0.082428,0.411569,0.622349,-0.022258,0.436639,0.618509,-0.056293,0.465926,0.605421,-0.081162,0.496737,0.587815,-0.097689,0.361951,0.644739,-0.03737,0.452136,0.729337,-0.075761,0.463069,0.783605,-0.090056,0.449704,0.792805,-0.094472,0.325708,0.702652,-0.054637,0.427457,0.798065,-0.093349,0.4405,0.833655,-0.092605,0.428077,0.82658,-0.083771,0.300824,0.774154,-0.073282,0.375866,0.831973,-0.096763,0.393989,0.854133,-0.090554,0.388488,0.847082,-0.079498
497,16566,True,0.9994,0.9994,0.386856,0.867751,0.0,0.455873,0.79425,-0.007835,0.498722,0.724108,-0.026098,0.525868,0.711053,-0.049693,0.535191,0.74429,-0.074611,0.438608,0.607038,-0.015436,0.474978,0.601363,-0.048376,0.51137,0.592607,-0.072593,0.549316,0.579072,-0.088846,0.391952,0.630316,-0.032061,0.490516,0.706,-0.069333,0.494052,0.769508,-0.081608,0.474519,0.779779,-0.084379,0.355924,0.686722,-0.051202,0.461041,0.772632,-0.088679,0.459633,0.814719,-0.088136,0.435845,0.805597,-0.079901,0.329985,0.756676,-0.071506,0.409996,0.808608,-0.092755,0.42385,0.835468,-0.086016,0.413962,0.831875,-0.075486
498,16600,True,0.9995,0.9995,0.385441,0.867548,0.0,0.462856,0.796281,0.000206,0.514894,0.733414,-0.016264,0.548323,0.720343,-0.04003,0.562538,0.746731,-0.066083,0.462023,0.60984,-0.013036,0.520061,0.604592,-0.047111,0.56343,0.5972,-0.07194,0.603992,0.586666,-0.088056,0.41807,0.627984,-0.034181,0.528395,0.705506,-0.072303,0.520569,0.773789,-0.084607,0.493409,0.789112,-0.087311,0.383955,0.680466,-0.056949,0.494387,0.764722,-0.096441,0.479016,0.812451,-0.097822,0.447515,0.809329,-0.09063,0.357793,0.747763,-0.079855,0.445891,0.799319,-0.101667,0.452702,0.830594,-0.095047,0.439023,0.833595,-0.084728
499,16633,True,0.9995,0.9995,0.383887,0.871849,0.0,0.46907,0.806388,0.00367,0.529692,0.750784,-0.014156,0.572489,0.739651,-0.038796,0.576111,0.763364,-0.065914,0.482324,0.614811,-0.019861,0.548208,0.619664,-0.052704,0.596365,0.615746,-0.077312,0.639109,0.610261,-0.09439,0.440912,0.632856,-0.04369,0.548658,0.713567,-0.075436,0.537762,0.775413,-0.083509,0.510969,0.781902,-0.087233,0.407317,0.687609,-0.068207,0.514856,0.776684,-0.102825,0.498808,0.822582,-0.10073,0.468453,0.816677,-0.094521,0.382462,0.757213,-0.092749,0.467288,0.812161,-0.110324,0.476065,0.842583,-0.100744,0.464357,0.845429,-0.091164
500,16666,True,0.9993,0.9993,0.379069,0.878984,0.0,0.472824,0.821149,-0.00469,0.537266,0.773608,-0.028435,0.583356,0.76746,-0.057529,0.587009,0.792917,-0.088,0.492805,0.621286,-0.032257,0.564495,0.640173,-0.070871,0.616633,0.648908,-0.097641,0.663376,0.654837,-0.115544,0.450808,0.643755,-0.053804,0.557321,0.741765,-0.092281,0.538769,0.804156,-0.099531,0.511585,0.801969,-0.101468,0.415891,0.700286,-0.07673,0.521589,0.800776,-0.115844,0.505869,0.848576,-0.11015,0.478786,0.842049,-0.100277,0.389697,0.769176,-0.100759,0.476154,0.835232,-0.121771,0.484001,0.866789,-0.111469,0.471729,0.867698,-0.100128
501,16700,True,0.9992,0.9992,0.375955,0.888148,0.0,0.471956,0.828953,-0.003084,0.541894,0.780588,-0.026431,0.592497,0.776343,-0.055517,0.586396,0.802337,-0.085838,0.496001,0.634527,-0.032856,0.569354,0.660474,-0.070292,0.621169,0.677118,-0.095688,0.667264,0.690404,-0.112738,0.453443,0.657294,-0.054566,0.556326,0.766561,-0.092151,0.535464,0.823898,-0.097955,0.509695,0.816976,-0.099351,0.417367,0.713158,-0.07733,0.520184,0.824315,-0.114597,0.502171,0.864268,-0.108328,0.475578,0.851943,-0.098848,0.390107,0.780335,-0.101182,0.474483,0.856405,-0.120864,0.481891,0.884817,-0.110778,0.470784,0.883375,-0.100096
502,16733,True,0.9995,0.9995,0.376058,0.892681,0.0,0.46531,0.827304,-0.004204,0.534029,0.780096,-0.028757,0.583441,0.783527,-0.057192,0.580887,0.815222,-0.086907,0.493337,0.644275,-0.044005,0.557416,0.668942,-0.080215,0.607897,0.686443,-0.103238,0.651327,0.702418,-0.118609,0.448002,0.666464,-0.0654,0.550739,0.776711,-0.100896,0.53279,0.836165,-0.104659,0.504949,0.833202,-0.105294,0.408782,0.722597,-0.087056,0.511651,0.838899,-0.12262,0.496715,0.880041,-0.116044,0.47072,0.867505,-0.107198,0.378613,0.792473,-0.109582,0.463071,0.872529,-0.127327,0.473204,0.904908,-0.116027,0.462102,0.904295,-0.105415
503,16766,True,0.9997,0.9997,0.373071,0.8977,0.0,0.458831,0.83359,-0.003438,0.528127,0.783096,-0.025466,0.577495,0.782845,-0.051528,0.57549,0.817203,-0.078988,0.478962,0.65209,-0.039871,0.541335,0.671736,-0.077238,0.590443,0.689038,-0.103711,0.633037,0.703151,-0.121314,0.431965,0.674796,-0.061081,0.53508,0.782701,-0.096452,0.520898,0.841194,-0.1032,0.494542,0.836462,-0.106204,0.393413,0.731847,-0.08267,0.496905,0.84244,-0.118799,0.485155,0.883246,-0.11452,0.459222,0.869024,-0.107152,0.364739,0.801075,-0.10491,0.450115,0.876979,-0.123118,0.463222,0.909812,-0.112081,0.453185,0.911137,-0.101498
504,16800,True,0.9998,0.9998,0.368984,0.8977,0.0,0.447622,0.829169,-0.005884,0.514521,0.773955,-0.028802,0.562026,0.776663,-0.055694,0.5651,0.815282,-0.084291,0.463928,0.649453,-0.03941,0.524976,0.667905,-0.076476,0.571878,0.681191,-0.102267,0.613469,0.691861,-0.119353,0.4161,0.675748,-0.059335,0.521498,0.777933,-0.095264,0.512255,0.84044,-0.102,0.489148,0.841457,-0.104297,0.37735,0.734829,-0.080017,0.483018,0.840308,-0.116524,0.473762,0.883138,-0.111,0.448678,0.873067,-0.102035,0.348526,0.805589,-0.101608,0.436363,0.874928,-0.120952,0.450029,0.907656,-0.109623,0.439511,0.911424,-0.097961
505,16833,True,0.9999,0.9999,0.362555,0.895825,0.0,0.433685,0.828759,-0.003986,0.494831,0.772685,-0.02604,0.540919,0.771934,-0.052809,0.552634,0.803769,-0.08182,0.448323,0.649732,-0.034518,0.507832,0.66492,-0.070677,0.554667,0.674866,-0.096389,0.596393,0.681969,-0.113602,0.402092,0.677016,-0.055017,0.50504,0.768777,-0.091547,0.499617,0.832193,-0.100297,0.477383,0.836292,-0.103581,0.365257,0.736316,-0.076111,0.471693,0.835864,-0.113058,0.466601,0.881914,-0.108344,0.441777,0.875555,-0.099509,0.337883,0.807328,-0.0978,0.423663,0.873277,-0.116851,0.437674,0.90663,-0.105311,0.427187,0.909302,-0.093318
506,16866,True,0.9998,0.9998,0.363927,0.891627,0.0,0.429024,0.825424,-0.006322,0.482915,0.768746,-0.029233,0.525272,0.766528,-0.056305,0.543135,0.797317,-0.085337,0.437037,0.646162,-0.036085,0.49533,0.658563,-0.073343,0.542005,0.667832,-0.100448,0.583644,0.672005,-0.118949,0.390397,0.674045,-0.055435,0.492361,0.758793,-0.093179,0.489235,0.820466,-0.103056,0.467976,0.823,-0.107448,0.355141,0.733346,-0.075696,0.462422,0.828906,-0.112178,0.459559,0.872312,-0.107314,0.434467,0.863879,-0.099106,0.328954,0.8045,-0.097008,0.415583,0.869865,-0.116828,0.430555,0.899893,-0.106447,0.419539,0.898807,-0.095513
507,16900,True,0.9998,0.9998,0.370213,0.884343,0.0,0.434475,0.817941,-0.008165,0.488017,0.758342,-0.031072,0.529919,0.757483,-0.058346,0.545425,0.796768,-0.087911,0.433585,0.640321,-0.034331,0.487799,0.646768,-0.072914,0.534181,0.654802,-0.101639,0.576252,0.657781,-0.12084,0.386308,0.667968,-0.052651,0.487831,0.74509,-0.091038,0.486992,0.806906,-0.102366,0.464684,0.813301,-0.107088,0.350724,0.727293,-0.072364,0.46206,0.822137,-0.109861,0.462383,0.867526,-0.106817,0.438225,0.862494,-0.098834,0.324957,0.799898,-0.09323,0.414832,0.862802,-0.112601,0.429694,0.892715,-0.102174,0.41729,0.893022,-0.090804
508,16933,True,0.9998,0.9998,0.360602,0.893864,0.0,0.426891,0.821484,-0.00514,0.479793,0.757803,-0.025388,0.522546,0.752882,-0.050906,0.539646,0.789539,-0.078583,0.425843,0.640443,-0.025804,0.484047,0.648325,-0.061785,0.530814,0.655088,-0.088901,0.572078,0.657007,-0.106736,0.38055,0.667748,-0.044319,0.485612,0.749214,-0.079426,0.484955,0.811474,-0.090907,0.461944,0.818898,-0.095817,0.346836,0.727219,-0.064181,0.458884,0.81905,-0.100112,0.457886,0.86322,-0.099345,0.432574,0.858959,-0.092638,0.322527,0.798534,-0.084825,0.409373,0.857872,-0.103116,0.424963,0.885679,-0.093927,0.414819,0.887066,-0.083232
509,16966,True,0.9998,0.9998,0.358817,0.888397,0.0,0.422938,0.81894,-0.00539,0.475136,0.758054,-0.02663,0.519248,0.754316,-0.053303,0.543214,0.788974,-0.082109,0.428357,0.637858,-0.026768,0.485536,0.645023,-0.064246,0.531856,0.651754,-0.092471,0.574097,0.653301,-0.111413,0.383218,0.666339,-0.046356,0.483089,0.740441,-0.085119,0.482744,0.803141,-0.098145,0.46083,0.811571,-0.103446,0.34945,0.72565,-0.067283,0.457755,0.816526,-0.104464,0.458695,0.863064,-0.10208,0.435235,0.859891,-0.094035,0.324965,0.797239,-0.089307,0.412907,0.858288,-0.10798,0.428172,0.887707,-0.098001,0.417182,0.8869,-0.086611
510,17000,True,0.9998,0.9998,0.357986,0.89153,0.0,0.422511,0.82258,-0.007142,0.474305,0.761371,-0.029439,0.51675,0.756019,-0.056585,0.535088,0.789281,-0.085656,0.425397,0.63951,-0.029966,0.482195,0.644394,-0.067582,0.529546,0.649715,-0.095029,0.57224,0.651079,-0.113104,0.380038,0.666355,-0.048485,0.481853,0.743498,-0.086495,0.480717,0.806683,-0.097787,0.458284,0.812235,-0.101911,0.346308,0.725456,-0.0684,0.456353,0.818074,-0.106741,0.45838,0.866128,-0.104043,0.435034,0.862864,-0.095491,0.321824,0.796796,-0.089296,0.410524,0.858585,-0.109227,0.428209,0.890977,-0.098931,0.418345,0.893101,-0.08705
511,17033,True,0.9998,0.9998,0.3576,0.892321,0.0,0.421255,0.820051,-0.005907,0.472976,0.75734,-0.026715,0.516995,0.753803,-0.052876,0.536752,0.788805,-0.081209,0.425296,0.638949,-0.02729,0.482365,0.644027,-0.063131,0.529233,0.65198,-0.089592,0.570781,0.655745,-0.106872,0.379698,0.668407,-0.045885,0.483734,0.746547,-0.080133,0.48377,0.807546,-0.090716,0.461426,0.811617,-0.095246,0.345927,0.729561,-0.065874,0.456091,0.820643,-0.101067,0.458066,0.866717,-0.098477,0.433285,0.863729,-0.090802,0.320914,0.801942,-0.086898,0.408798,0.861949,-0.104861,0.426837,0.89287,-0.094186,0.416526,0.896578,-0.082406
512,17066,True,0.9997,0.9997,0.356138,0.897154,0.0,0.421477,0.824247,-0.007203,0.475377,0.758993,-0.028233,0.519369,0.755476,-0.054173,0.537802,0.793568,-0.082433,0.424183,0.643835,-0.028714,0.481219,0.649051,-0.064707,0.527305,0.655013,-0.091585,0.568134,0.65722,-0.109221,0.378579,0.673012,-0.046528,0.481925,0.750798,-0.080076,0.481258,0.810124,-0.090491,0.458796,0.813519,-0.09548,0.344046,0.733768,-0.065892,0.455712,0.822634,-0.100384,0.455603,0.866685,-0.098159,0.430675,0.862478,-0.091418,0.318638,0.807389,-0.086447,0.408204,0.865193,-0.104561,0.424246,0.89497,-0.094698,0.412899,0.899099,-0.083906
513,17100,True,0.9997,0.9997,0.353867,0.900269,0.0,0.41801,0.83027,-0.009577,0.470983,0.765097,-0.031642,0.51333,0.758919,-0.057989,0.530591,0.794814,-0.086396,0.420275,0.646062,-0.031132,0.476598,0.650676,-0.069378,0.523209,0.654883,-0.098591,0.565086,0.655673,-0.117931,0.375507,0.675826,-0.048299,0.476615,0.755184,-0.084808,0.474939,0.8113,-0.096966,0.452464,0.813769,-0.103066,0.341747,0.736794,-0.067342,0.452276,0.825862,-0.103803,0.450839,0.867799,-0.102326,0.426561,0.862709,-0.096059,0.317281,0.811103,-0.087824,0.408868,0.870593,-0.107783,0.42249,0.899385,-0.099118,0.409727,0.90074,-0.089098
514,17133,True,0.9997,0.9997,0.349921,0.906853,0.0,0.414536,0.835462,-0.009983,0.467289,0.768131,-0.031495,0.509406,0.75973,-0.057088,0.52741,0.788582,-0.084992,0.416039,0.651949,-0.031168,0.474485,0.659601,-0.067742,0.52256,0.6639,-0.096204,0.564441,0.66366,-0.11528,0.370986,0.682865,-0.047508,0.471973,0.760543,-0.083242,0.472861,0.818226,-0.09643,0.450917,0.823821,-0.103306,0.337448,0.744431,-0.065386,0.447836,0.830657,-0.101901,0.448633,0.87498,-0.101335,0.423585,0.872766,-0.095454,0.313102,0.818352,-0.084514,0.40292,0.873747,-0.105094,0.418115,0.903968,-0.096786,0.405039,0.90761,-0.086797
515,17166,True,0.9996,0.9996,0.351592,0.908147,0.0,0.417724,0.833543,-0.010926,0.470035,0.768723,-0.033371,0.511302,0.765583,-0.059943,0.526146,0.804709,-0.088692,0.415315,0.652376,-0.031639,0.476879,0.659719,-0.067768,0.524795,0.66464,-0.095422,0.566202,0.664844,-0.113931,0.368833,0.683579,-0.047508,0.473683,0.763432,-0.081921,0.4749,0.821586,-0.093584,0.453621,0.82546,-0.099123,0.33525,0.74626,-0.065001,0.447328,0.837715,-0.09981,0.44799,0.880109,-0.098843,0.422674,0.875777,-0.092624,0.31117,0.820193,-0.083951,0.400813,0.881617,-0.102523,0.41768,0.910197,-0.093749,0.405932,0.913061,-0.083453
516,17200,True,0.9996,0.9996,0.352561,0.909194,0.0,0.416968,0.833185,-0.012681,0.469145,0.769669,-0.037594,0.510762,0.768454,-0.066219,0.523939,0.811213,-0.096737,0.413343,0.652479,-0.038088,0.476316,0.661266,-0.07768,0.525215,0.66587,-0.107376,0.567467,0.665879,-0.126838,0.365934,0.684807,-0.053913,0.473866,0.767763,-0.089547,0.473409,0.823574,-0.100192,0.450372,0.825341,-0.105396,0.332125,0.750426,-0.071516,0.447375,0.842471,-0.107516,0.445623,0.880768,-0.105321,0.418217,0.874182,-0.098494,0.308857,0.827724,-0.090809,0.399815,0.88728,-0.111082,0.415941,0.910652,-0.102207,0.404205,0.911993,-0.091738
517,17233,True,0.9995,0.9995,0.353199,0.909474,0.0,0.417672,0.835819,-0.012753,0.469765,0.773544,-0.038319,0.510559,0.77136,-0.067452,0.52114,0.812523,-0.098412,0.413267,0.656122,-0.039853,0.475856,0.662815,-0.079,0.523016,0.667059,-0.107462,0.564028,0.668246,-0.126061,0.366269,0.687145,-0.055286,0.471456,0.772013,-0.091205,0.469905,0.830995,-0.10063,0.447007,0.836802,-0.104718,0.332041,0.751734,-0.072354,0.446194,0.844543,-0.108174,0.444457,0.883803,-0.104699,0.418855,0.879669,-0.097065,0.308941,0.828844,-0.091062,0.395657,0.888334,-0.111734,0.412761,0.910607,-0.102984,0.404419,0.911515,-0.092491
518,17266,True,0.9994,0.9994,0.351645,0.907235,0.0,0.416248,0.833186,-0.013349,0.468902,0.771579,-0.039214,0.510226,0.771091,-0.068287,0.521258,0.814364,-0.098978,0.412295,0.656654,-0.040666,0.476077,0.664598,-0.080002,0.523578,0.668869,-0.108667,0.564912,0.670506,-0.127471,0.365817,0.688326,-0.055523,0.470796,0.771387,-0.092504,0.470336,0.829852,-0.10233,0.448891,0.838068,-0.106375,0.332553,0.752505,-0.071938,0.447331,0.845918,-0.107738,0.445194,0.885121,-0.103979,0.419653,0.882013,-0.095975,0.31054,0.828513,-0.090065,0.398647,0.890586,-0.110225,0.413239,0.913319,-0.101315,0.402123,0.913138,-0.090759
519,17300,True,0.9995,0.9995,0.355057,0.904822,0.0,0.417686,0.832882,-0.015642,0.469096,0.773967,-0.043918,0.509619,0.773827,-0.074894,0.520866,0.816254,-0.107661,0.41212,0.658265,-0.047816,0.472409,0.65965,-0.089884,0.519747,0.661181,-0.120354,0.561097,0.661088,-0.140254,0.36456,0.688601,-0.062165,0.469127,0.771339,-0.101311,0.469042,0.83125,-0.110872,0.447263,0.839335,-0.114768,0.331066,0.752959,-0.0781,0.445723,0.846214,-0.115915,0.444264,0.885486,-0.111352,0.418159,0.881781,-0.102819,0.308707,0.829103,-0.095886,0.396446,0.889845,-0.117708,0.412723,0.912789,-0.108404,0.402791,0.913112,-0.097486
520,17333,True,0.9995,0.9995,0.352181,0.905702,0.0,0.415318,0.832519,-0.011731,0.468146,0.77282,-0.036739,0.509961,0.769225,-0.065112,0.523511,0.806996,-0.095283,0.413887,0.656779,-0.042572,0.47553,0.666229,-0.08331,0.521637,0.67032,-0.113127,0.563365,0.668522,-0.132625,0.365997,0.687696,-0.058305,0.472188,0.772295,-0.094806,0.470676,0.82976,-0.104412,0.449435,0.836943,-0.108927,0.331467,0.752393,-0.075327,0.446657,0.846149,-0.111713,0.444423,0.883869,-0.108039,0.420006,0.879965,-0.100198,0.307967,0.82878,-0.093862,0.394826,0.890133,-0.114912,0.411006,0.911446,-0.105928,0.402757,0.912162,-0.095233
521,17366,True,0.9997,0.9997,0.349906,0.905315,0.0,0.412675,0.832484,-0.011705,0.46516,0.773019,-0.037194,0.507638,0.77239,-0.066256,0.520276,0.813582,-0.097128,0.411667,0.658798,-0.040817,0.471512,0.658819,-0.080074,0.518598,0.660219,-0.109463,0.55951,0.658891,-0.129022,0.364459,0.689848,-0.056821,0.46761,0.769008,-0.093657,0.468033,0.825794,-0.104433,0.44614,0.833135,-0.109523,0.331552,0.753912,-0.074064,0.446962,0.844219,-0.109407,0.446816,0.883954,-0.105493,0.420544,0.881205,-0.097698,0.309699,0.829132,-0.092898,0.401047,0.888253,-0.112052,0.415514,0.912867,-0.101789,0.402151,0.913019,-0.090522
522,17400,True,0.9997,0.9997,0.350072,0.905033,0.0,0.409963,0.831235,-0.010637,0.462568,0.770289,-0.034552,0.506384,0.769077,-0.062293,0.521902,0.809711,-0.091909,0.41184,0.657791,-0.038893,0.470873,0.660138,-0.077913,0.517463,0.663604,-0.107661,0.558071,0.661862,-0.127584,0.364968,0.688252,-0.055531,0.467057,0.767361,-0.091498,0.466279,0.820672,-0.10314,0.44381,0.824325,-0.109412,0.331244,0.75147,-0.0734,0.446832,0.843343,-0.108582,0.445487,0.882011,-0.105809,0.418554,0.877324,-0.099048,0.308024,0.827193,-0.092788,0.397303,0.886173,-0.112214,0.412289,0.91033,-0.102486,0.400443,0.911059,-0.091711
523,17433,True,0.9998,0.9998,0.351657,0.905028,0.0,0.411801,0.83334,-0.010548,0.463952,0.771653,-0.034375,0.506014,0.770261,-0.062091,0.519167,0.810817,-0.091891,0.41183,0.657849,-0.038671,0.469145,0.658972,-0.077535,0.51569,0.661479,-0.107273,0.556595,0.658838,-0.127175,0.364405,0.688034,-0.0556,0.464932,0.767765,-0.092504,0.46485,0.822673,-0.104967,0.441749,0.828645,-0.111442,0.330317,0.751474,-0.073723,0.443941,0.841474,-0.110139,0.445004,0.881862,-0.108034,0.418707,0.878999,-0.101263,0.307019,0.827148,-0.093214,0.395861,0.883262,-0.113299,0.413127,0.909308,-0.103597,0.402527,0.911704,-0.092636
524,17466,True,0.9997,0.9997,0.351363,0.904716,0.0,0.411364,0.831608,-0.011154,0.462981,0.76909,-0.035274,0.505135,0.769338,-0.063121,0.518554,0.81306,-0.093049,0.410186,0.65834,-0.039709,0.468224,0.657209,-0.078693,0.514328,0.658899,-0.107797,0.554476,0.656785,-0.12707,0.363019,0.689312,-0.056124,0.465055,0.766525,-0.093225,0.46448,0.824846,-0.104852,0.441011,0.83408,-0.110389,0.329274,0.752998,-0.07375,0.444555,0.840903,-0.110153,0.443929,0.882688,-0.107608,0.416722,0.881112,-0.100357,0.306491,0.828823,-0.092755,0.395285,0.88331,-0.112852,0.411227,0.908693,-0.103177,0.399681,0.910908,-0.092168
525,17500,True,0.9997,0.9997,0.350387,0.905401,0.0,0.411212,0.832206,-0.010613,0.463761,0.769565,-0.034944,0.505787,0.768083,-0.063133,0.517994,0.811145,-0.093447,0.409555,0.658007,-0.040294,0.468314,0.657976,-0.079965,0.515,0.661144,-0.10921,0.554967,0.660345,-0.128304,0.362222,0.687943,-0.056656,0.465363,0.769123,-0.092575,0.463887,0.8295,-0.102502,0.439469,0.838022,-0.107242,0.328226,0.751803,-0.074311,0.443114,0.841737,-0.110459,0.441384,0.883286,-0.107114,0.413601,0.880979,-0.099597,0.305475,0.82772,-0.093255,0.393698,0.883461,-0.113499,0.410193,0.908329,-0.103571,0.399543,0.911102,-0.092434
526,17533,True,0.9998,0.9998,0.351742,0.905125,0.0,0.412563,0.832236,-0.011401,0.46442,0.768934,-0.035593,0.505929,0.767421,-0.063393,0.5176,0.810476,-0.093257,0.409275,0.657237,-0.04097,0.466622,0.655799,-0.080489,0.512668,0.658584,-0.109688,0.552554,0.657441,-0.128837,0.361508,0.687658,-0.057131,0.464551,0.76772,-0.093904,0.46417,0.827394,-0.104601,0.440507,0.836969,-0.109618,0.327362,0.752072,-0.074565,0.442594,0.841744,-0.11089,0.442116,0.883073,-0.107546,0.415024,0.881614,-0.099867,0.304533,0.828395,-0.093414,0.39355,0.883807,-0.113784,0.411303,0.909007,-0.103791,0.401771,0.912297,-0.092462
527,17566,True,0.9997,0.9997,0.35022,0.906514,0.0,0.410714,0.833254,-0.009013,0.462625,0.770581,-0.03208,0.504815,0.76693,-0.059381,0.518047,0.805374,-0.08875,0.409586,0.658392,-0.038221,0.467501,0.65787,-0.077695,0.513371,0.659814,-0.106954,0.552874,0.657419,-0.126025,0.361649,0.688269,-0.055201,0.464376,0.769194,-0.091486,0.462914,0.826365,-0.102235,0.438488,0.834393,-0.107347,0.327243,0.752391,-0.073315,0.441421,0.842584,-0.109356,0.440409,0.88233,-0.106024,0.413135,0.880073,-0.098295,0.303809,0.828144,-0.092659,0.392286,0.884659,-0.113028,0.408306,0.908312,-0.103242,0.3969,0.910019,-0.091932
528,17600,True,0.9998,0.9998,0.346533,0.907755,0.0,0.408986,0.834576,-0.008785,0.461822,0.772367,-0.032437,0.50466,0.768923,-0.060416,0.51733,0.808747,-0.090442,0.410061,0.65876,-0.038198,0.465484,0.656354,-0.078077,0.511132,0.656596,-0.107362,0.551398,0.652999,-0.126518,0.361961,0.688292,-0.055938,0.463559,0.765777,-0.094556,0.464916,0.825887,-0.105938,0.441837,0.837361,-0.110539,0.327921,0.752205,-0.074764,0.441251,0.839313,-0.112278,0.444411,0.882546,-0.108489,0.41889,0.883605,-0.099736,0.304972,0.828202,-0.094775,0.393648,0.883699,-0.115329,0.410509,0.909736,-0.104998,0.398538,0.912123,-0.093034
529,17633,True,0.9997,0.9997,0.342584,0.909619,0.0,0.405466,0.836203,-0.007701,0.458558,0.773935,-0.031011,0.502797,0.76918,-0.059028,0.519072,0.805768,-0.089424,0.409511,0.658069,-0.035679,0.464879,0.656824,-0.074061,0.510735,0.657509,-0.102703,0.550673,0.654004,-0.121787,0.363184,0.687787,-0.054238,0.467171,0.763335,-0.091024,0.466931,0.821374,-0.10233,0.441927,0.82807,-0.107553,0.329433,0.750981,-0.073807,0.44443,0.838118,-0.110312,0.445391,0.881873,-0.106835,0.418234,0.880773,-0.098888,0.305966,0.827217,-0.094496,0.396504,0.882671,-0.11445,0.412086,0.910513,-0.103673,0.398464,0.913794,-0.091776
530,17666,True,0.9997,0.9997,0.341232,0.909993,0.0,0.404414,0.835911,-0.005602,0.458229,0.773039,-0.027993,0.50291,0.768505,-0.055625,0.517934,0.805565,-0.085935,0.409118,0.656415,-0.031795,0.46449,0.654425,-0.067522,0.510626,0.655706,-0.094788,0.551912,0.653178,-0.113486,0.362846,0.687171,-0.05154,0.470115,0.761701,-0.086599,0.472147,0.822901,-0.097853,0.449962,0.830984,-0.103089,0.329251,0.750648,-0.072016,0.446078,0.838323,-0.106593,0.44874,0.883941,-0.10306,0.422514,0.882789,-0.095396,0.305922,0.825871,-0.093504,0.398214,0.881342,-0.111169,0.414997,0.912129,-0.099201,0.401788,0.917358,-0.086876
531,17700,True,0.9997,0.9997,0.341317,0.913985,0.0,0.403608,0.840487,-0.006563,0.457394,0.777566,-0.028635,0.501232,0.770744,-0.055899,0.517469,0.804739,-0.085713,0.408361,0.659757,-0.030078,0.461559,0.656813,-0.065494,0.506934,0.656329,-0.09334,0.547893,0.651404,-0.112868,0.362103,0.690624,-0.049741,0.466726,0.762886,-0.086519,0.469609,0.820653,-0.100442,0.448631,0.827229,-0.107379,0.328533,0.753242,-0.070241,0.443792,0.840692,-0.105598,0.44767,0.884599,-0.103635,0.42288,0.882467,-0.096945,0.30524,0.827787,-0.091934,0.397039,0.882911,-0.110024,0.413602,0.913092,-0.099224,0.401041,0.917024,-0.087816
532,17733,True,0.9997,0.9997,0.340956,0.917689,0.0,0.403663,0.843455,-0.005274,0.457261,0.778504,-0.027017,0.501681,0.769949,-0.054137,0.517242,0.804092,-0.08376,0.407416,0.660408,-0.028628,0.459884,0.657536,-0.063908,0.505024,0.655186,-0.091167,0.546455,0.650158,-0.110116,0.362884,0.690931,-0.048901,0.468912,0.762542,-0.08556,0.470171,0.82409,-0.097919,0.44815,0.833355,-0.10324,0.330118,0.753098,-0.070074,0.445221,0.839967,-0.105905,0.446552,0.886489,-0.103099,0.420994,0.885585,-0.095473,0.307076,0.828051,-0.092312,0.400002,0.883054,-0.111005,0.415884,0.914785,-0.100038,0.403069,0.919642,-0.088259
533,17766,True,0.9996,0.9996,0.342543,0.920816,0.0,0.407072,0.843669,-0.004667,0.459575,0.776205,-0.025598,0.502779,0.768748,-0.051742,0.519581,0.805531,-0.080444,0.406843,0.66203,-0.028211,0.45869,0.657122,-0.062616,0.50358,0.653894,-0.088918,0.545455,0.648748,-0.107161,0.362909,0.694276,-0.048258,0.471548,0.766397,-0.084295,0.47197,0.830387,-0.095016,0.449994,0.840166,-0.098965,0.330535,0.757067,-0.06922,0.445992,0.842342,-0.104545,0.444489,0.888029,-0.101334,0.418383,0.885002,-0.093381,0.307931,0.831886,-0.091109,0.399191,0.885224,-0.109611,0.415689,0.915576,-0.098643,0.405063,0.9192,-0.086782
534,17800,True,0.9996,0.9996,0.346109,0.922421,0.0,0.410955,0.842617,-0.003914,0.463128,0.774608,-0.025171,0.505507,0.767691,-0.051862,0.522108,0.806586,-0.081329,0.407463,0.663897,-0.028716,0.457007,0.655324,-0.06246,0.501311,0.650123,-0.088492,0.542869,0.644094,-0.106749,0.363275,0.697996,-0.049095,0.473255,0.765706,-0.084772,0.475493,0.828241,-0.095521,0.453922,0.837596,-0.099629,0.331826,0.762024,-0.07007,0.449237,0.844235,-0.104253,0.448469,0.888284,-0.10056,0.421452,0.8851,-0.092599,0.310839,0.836729,-0.091943,0.404379,0.888312,-0.109492,0.421044,0.91781,-0.097957,0.409134,0.920801,-0.085874
535,17833,True,0.9997,0.9997,0.352094,0.925501,0.0,0.416108,0.846892,-0.004216,0.467635,0.778173,-0.025725,0.510929,0.771151,-0.05273,0.530682,0.807946,-0.082807,0.411283,0.667996,-0.029825,0.459802,0.654844,-0.064881,0.502724,0.644257,-0.092997,0.54339,0.630333,-0.113201,0.365659,0.701209,-0.050864,0.476436,0.765158,-0.089918,0.479053,0.826081,-0.10431,0.456101,0.836478,-0.110594,0.334516,0.765852,-0.072229,0.4547,0.845074,-0.108941,0.454986,0.890415,-0.10635,0.426422,0.888641,-0.098541,0.313936,0.841133,-0.094447,0.409758,0.888653,-0.113612,0.426547,0.917781,-0.102295,0.413105,0.920153,-0.090061
536,17866,True,0.9997,0.9997,0.353733,0.918893,0.0,0.419226,0.841921,-0.000739,0.469813,0.779923,-0.021903,0.515811,0.771571,-0.049715,0.535506,0.799369,-0.080961,0.41662,0.664558,-0.029281,0.467427,0.644344,-0.064913,0.5114,0.627359,-0.092333,0.551931,0.607877,-0.11186,0.372211,0.696271,-0.052113,0.484807,0.757938,-0.090118,0.486184,0.822006,-0.101933,0.461368,0.831954,-0.106812,0.342781,0.76161,-0.075171,0.459836,0.836252,-0.112703,0.460374,0.882767,-0.108663,0.431495,0.88144,-0.099806,0.32327,0.836423,-0.098723,0.414148,0.881011,-0.11888,0.431134,0.907503,-0.10747,0.418376,0.907746,-0.095053
537,17900,True,0.9996,0.9996,0.360975,0.920067,0.0,0.433346,0.847424,-0.001483,0.482302,0.788224,-0.025301,0.525232,0.775739,-0.055786,0.54468,0.797719,-0.088969,0.427884,0.659166,-0.029957,0.480027,0.632043,-0.066958,0.524367,0.608254,-0.093122,0.563279,0.585481,-0.111122,0.386579,0.687812,-0.052267,0.497523,0.746405,-0.090757,0.49565,0.811717,-0.098336,0.469225,0.820601,-0.099945,0.358446,0.75079,-0.075414,0.472578,0.82045,-0.113882,0.47106,0.866744,-0.107415,0.442387,0.865151,-0.096966,0.340289,0.824251,-0.098997,0.429607,0.868029,-0.119363,0.443248,0.893529,-0.107587,0.427718,0.890622,-0.095163
538,17933,True,0.9996,0.9996,0.374584,0.909721,0.0,0.45832,0.845582,-0.003298,0.517061,0.790243,-0.027173,0.558037,0.768796,-0.05705,0.557672,0.779742,-0.08931,0.450788,0.645822,-0.032456,0.502212,0.612348,-0.06843,0.545385,0.584038,-0.094203,0.582466,0.558471,-0.111903,0.408492,0.667884,-0.054324,0.517855,0.73388,-0.092182,0.51069,0.799741,-0.100816,0.481711,0.806239,-0.103659,0.377859,0.726349,-0.076806,0.491824,0.802381,-0.115159,0.485408,0.851671,-0.109516,0.458275,0.850065,-0.100255,0.359468,0.798752,-0.09993,0.447179,0.83986,-0.121012,0.462526,0.870912,-0.109389,0.454302,0.876406,-0.097065
539,17966,True,0.9994,0.9994,0.380403,0.892429,0.0,0.470001,0.840848,-0.003573,0.531904,0.799077,-0.030099,0.571925,0.778825,-0.062844,0.570859,0.767386,-0.09751,0.468934,0.64158,-0.039837,0.525036,0.59495,-0.078716,0.569484,0.557152,-0.10533,0.604958,0.524531,-0.123738,0.42763,0.657467,-0.063586,0.540072,0.715156,-0.104969,0.529462,0.782869,-0.113047,0.498246,0.788445,-0.115454,0.398135,0.711249,-0.087684,0.513063,0.784288,-0.127003,0.499499,0.835476,-0.117097,0.469124,0.832436,-0.105811,0.380382,0.781227,-0.112751,0.463638,0.820223,-0.135523,0.471866,0.8501,-0.122516,0.460169,0.852928,-0.109417
540,18000,True,0.9993,0.9993,0.390548,0.874614,0.0,0.484192,0.828485,-0.003588,0.542195,0.787317,-0.030352,0.581458,0.762864,-0.063105,0.59252,0.739852,-0.097413,0.487624,0.627532,-0.042343,0.543519,0.573088,-0.080901,0.589198,0.5318,-0.1057,0.625366,0.499302,-0.12273,0.447128,0.643481,-0.066356,0.564399,0.691414,-0.109552,0.55687,0.761218,-0.11606,0.527789,0.773407,-0.116427,0.417549,0.695074,-0.090656,0.535129,0.763654,-0.130133,0.522272,0.813575,-0.117922,0.491365,0.811971,-0.105125,0.398151,0.763773,-0.116033,0.48215,0.799338,-0.139541,0.495906,0.826157,-0.126403,0.489152,0.827035,-0.113356
541,18033,True,0.9988,0.9988,0.400919,0.86274,0.0,0.49299,0.82013,-0.003744,0.549907,0.779838,-0.029314,0.589579,0.758377,-0.060682,0.606645,0.736959,-0.093349,0.507417,0.615926,-0.041356,0.568336,0.561825,-0.078838,0.613122,0.520457,-0.103999,0.649287,0.485427,-0.121829,0.46617,0.629799,-0.064554,0.582068,0.683195,-0.10906,0.574759,0.751039,-0.118391,0.548214,0.767541,-0.120565,0.434611,0.678852,-0.087746,0.550953,0.750937,-0.127453,0.539169,0.799911,-0.117368,0.511519,0.800846,-0.105662,0.412828,0.745136,-0.112009,0.495698,0.782007,-0.135465,0.512738,0.806612,-0.124272,0.51291,0.80688,-0.112526
542,18066,True,0.9981,0.9981,0.409024,0.851454,0.0,0.504164,0.807624,-0.00402,0.562609,0.766701,-0.03089,0.600541,0.742645,-0.063317,0.607704,0.729151,-0.096988,0.516477,0.601593,-0.044927,0.581168,0.550507,-0.083074,0.627152,0.512446,-0.109004,0.66517,0.478578,-0.12809,0.475493,0.616403,-0.06871,0.591,0.674452,-0.113352,0.5806,0.74234,-0.122009,0.553222,0.755622,-0.124596,0.444834,0.666617,-0.092375,0.562196,0.740289,-0.13119,0.550318,0.788476,-0.119181,0.523204,0.788002,-0.107208,0.423875,0.733966,-0.117462,0.507111,0.76947,-0.140141,0.52478,0.792447,-0.12853,0.52588,0.792108,-0.117442
543,18100,True,0.9979,0.9979,0.407387,0.845966,0.0,0.503329,0.795338,-0.001069,0.563445,0.749645,-0.026772,0.602951,0.729737,-0.058485,0.610978,0.7352,-0.091734,0.521728,0.598393,-0.043048,0.586767,0.546505,-0.08109,0.634175,0.508024,-0.106423,0.673499,0.474542,-0.124635,0.481383,0.612998,-0.067886,0.595821,0.670548,-0.11116,0.590238,0.740483,-0.11722,0.56614,0.758581,-0.117558,0.449993,0.661717,-0.092572,0.564373,0.737515,-0.130963,0.555765,0.787881,-0.119204,0.530528,0.790903,-0.106485,0.42909,0.726731,-0.118383,0.512627,0.768311,-0.137989,0.526648,0.79625,-0.124652,0.520309,0.799625,-0.11249
544,18133,True,0.9973,0.9973,0.404562,0.845896,0.0,0.501266,0.794841,-0.001483,0.562586,0.748074,-0.027882,0.603633,0.72631,-0.060398,0.605079,0.733335,-0.09417,0.520882,0.596551,-0.042186,0.584544,0.544542,-0.081138,0.630967,0.506337,-0.106524,0.668765,0.474883,-0.12461,0.480518,0.611585,-0.067611,0.591567,0.671436,-0.111001,0.584076,0.740703,-0.11567,0.558138,0.752963,-0.115129,0.448082,0.659615,-0.093313,0.558087,0.736542,-0.131712,0.548302,0.786782,-0.118727,0.521624,0.784358,-0.105681,0.425884,0.723744,-0.120285,0.508149,0.771491,-0.138847,0.517647,0.80407,-0.12405,0.505194,0.805671,-0.111427
545,18166,True,0.9976,0.9976,0.40318,0.854903,0.0,0.496818,0.800958,-0.008672,0.553358,0.754347,-0.04005,0.591839,0.730546,-0.076757,0.590507,0.732036,-0.114219,0.518063,0.600035,-0.045123,0.576283,0.547241,-0.086314,0.619516,0.504104,-0.114525,0.651678,0.466099,-0.135023,0.472572,0.612713,-0.069285,0.580043,0.668319,-0.116156,0.575403,0.740254,-0.124506,0.548551,0.751577,-0.125754,0.435868,0.660238,-0.094252,0.544177,0.73976,-0.134971,0.534498,0.793698,-0.121959,0.505385,0.789382,-0.108253,0.409033,0.72375,-0.121219,0.495396,0.776865,-0.141341,0.501443,0.81334,-0.125353,0.482492,0.811781,-0.111265
546,18200,True,0.9967,0.9967,0.388225,0.854309,0.0,0.483721,0.788275,-0.002105,0.538384,0.732753,-0.028842,0.573603,0.703073,-0.061682,0.575872,0.699967,-0.095607,0.488382,0.595952,-0.04176,0.54654,0.539793,-0.081396,0.58963,0.495905,-0.107717,0.62315,0.459667,-0.12671,0.445097,0.610937,-0.06739,0.55625,0.67321,-0.113564,0.549026,0.743291,-0.120286,0.519595,0.756641,-0.120272,0.410403,0.66149,-0.093114,0.518549,0.745239,-0.131893,0.505466,0.792001,-0.118251,0.475948,0.785814,-0.10459,0.384639,0.727473,-0.120404,0.467542,0.783309,-0.139958,0.4729,0.813008,-0.124646,0.455816,0.809361,-0.110993
547,18233,True,0.9969,0.9969,0.373057,0.855895,0.0,0.46362,0.779735,-0.000726,0.518737,0.721353,-0.025976,0.553303,0.697044,-0.057456,0.549176,0.715148,-0.090409,0.461459,0.591211,-0.03976,0.514744,0.531901,-0.077223,0.554775,0.488139,-0.102397,0.586465,0.451294,-0.120477,0.41637,0.606805,-0.064072,0.520193,0.665087,-0.105136,0.513769,0.733411,-0.110043,0.484925,0.744845,-0.109973,0.38116,0.658148,-0.088135,0.486615,0.7357,-0.124231,0.475635,0.779387,-0.112519,0.445582,0.772735,-0.100629,0.355373,0.725297,-0.113286,0.438901,0.779325,-0.131299,0.44726,0.805471,-0.116784,0.430906,0.801064,-0.103771
548,18266,True,0.9975,0.9975,0.360349,0.846702,0.0,0.442547,0.766684,-0.002019,0.49629,0.704303,-0.027251,0.530857,0.683018,-0.057984,0.524298,0.706026,-0.089953,0.436192,0.576997,-0.040064,0.479185,0.515773,-0.076535,0.51574,0.473504,-0.100061,0.546284,0.438093,-0.116997,0.389296,0.594338,-0.064309,0.48908,0.63772,-0.104168,0.490001,0.715364,-0.108225,0.466439,0.733764,-0.106826,0.353719,0.646537,-0.088607,0.457794,0.718935,-0.124362,0.45611,0.769708,-0.113296,0.430867,0.765555,-0.1012,0.330699,0.714377,-0.114018,0.410707,0.762773,-0.130333,0.425138,0.792668,-0.115247,0.411751,0.791451,-0.101962
549,18300,True,0.9983,0.9983,0.353702,0.841948,0.0,0.4277,0.771983,-0.005749,0.477858,0.716456,-0.0319,0.509239,0.685854,-0.063831,0.501561,0.684145,-0.096931,0.416506,0.574592,-0.041352,0.455422,0.507188,-0.077877,0.485785,0.458209,-0.101531,0.50912,0.413065,-0.118429,0.367917,0.588951,-0.063003,0.463366,0.635033,-0.102883,0.464231,0.704764,-0.109798,0.440659,0.715883,-0.111285,0.331521,0.639853,-0.084793,0.43417,0.706778,-0.12165,0.434751,0.755987,-0.112241,0.411632,0.753032,-0.101715,0.307399,0.706075,-0.107829,0.385296,0.747643,-0.127619,0.40192,0.776922,-0.114924,0.392902,0.777205,-0.102563
550,18333,True,0.9991,0.9991,0.350477,0.832928,0.0,0.419963,0.769417,-0.008884,0.468109,0.71438,-0.034293,0.495157,0.678079,-0.064816,0.48857,0.664226,-0.096064,0.404154,0.56743,-0.041594,0.436264,0.498491,-0.077923,0.461788,0.449634,-0.101659,0.483023,0.403399,-0.118788,0.353529,0.578713,-0.060525,0.44695,0.631416,-0.100031,0.454272,0.702456,-0.108336,0.43628,0.714694,-0.111277,0.316938,0.62842,-0.079902,0.418687,0.700277,-0.115736,0.422906,0.752398,-0.106766,0.401991,0.753569,-0.097152,0.292927,0.694738,-0.100983,0.369266,0.738683,-0.121194,0.388031,0.770359,-0.109769,0.380822,0.773571,-0.098228
551,18366,True,0.9988,0.9988,0.349668,0.825398,0.0,0.414623,0.765426,-0.01314,0.460634,0.711738,-0.039594,0.485538,0.678165,-0.070438,0.484105,0.66529,-0.102157,0.398459,0.56672,-0.045695,0.42595,0.495149,-0.083177,0.450153,0.447682,-0.107689,0.473105,0.401826,-0.125049,0.344545,0.576568,-0.061984,0.434641,0.63182,-0.10288,0.447724,0.702405,-0.112921,0.436111,0.718853,-0.11671,0.305778,0.625992,-0.078989,0.406149,0.700316,-0.116315,0.416919,0.75155,-0.10955,0.401917,0.757295,-0.100735,0.280155,0.691829,-0.097895,0.35275,0.733548,-0.11961,0.376724,0.764212,-0.109431,0.376272,0.770838,-0.098161
552,18400,True,0.9988,0.9988,0.350352,0.821966,0.0,0.415607,0.76209,-0.013299,0.463295,0.707179,-0.038328,0.487372,0.675282,-0.0673,0.479131,0.66977,-0.097322,0.398995,0.569715,-0.045823,0.425748,0.500617,-0.082528,0.450402,0.456883,-0.107043,0.472776,0.413636,-0.124549,0.343005,0.580049,-0.06188,0.430448,0.638308,-0.101027,0.445163,0.707119,-0.111599,0.432939,0.721746,-0.116405,0.302718,0.631318,-0.078463,0.400132,0.708167,-0.1145,0.411263,0.756512,-0.108318,0.394861,0.758429,-0.100445,0.275739,0.69795,-0.096902,0.343246,0.74335,-0.11762,0.370373,0.772745,-0.106662,0.372829,0.778502,-0.095193
553,18433,True,0.9993,0.9993,0.349313,0.839049,0.0,0.410284,0.779495,-0.014762,0.45455,0.727591,-0.043383,0.478929,0.705228,-0.076365,0.480034,0.707559,-0.110409,0.39618,0.581055,-0.043311,0.427199,0.531745,-0.08264,0.453602,0.494926,-0.110085,0.48009,0.458795,-0.129558,0.342633,0.596259,-0.060404,0.431991,0.661034,-0.103939,0.442657,0.730533,-0.118463,0.428095,0.74473,-0.125319,0.303431,0.650998,-0.078593,0.400055,0.727094,-0.118165,0.412522,0.776771,-0.114286,0.396992,0.778688,-0.107213,0.276574,0.721807,-0.098722,0.344437,0.76668,-0.121901,0.367592,0.796906,-0.112777,0.364532,0.799039,-0.102313
554,18466,True,0.9987,0.9987,0.349182,0.856598,0.0,0.410371,0.795545,-0.015954,0.457067,0.738242,-0.041883,0.487865,0.720163,-0.072057,0.491087,0.743221,-0.102876,0.401626,0.603268,-0.038009,0.432978,0.569499,-0.07979,0.464561,0.544318,-0.109163,0.497011,0.518963,-0.128846,0.349002,0.62059,-0.053663,0.442688,0.708544,-0.10107,0.447705,0.779096,-0.115772,0.429851,0.798565,-0.120256,0.309553,0.677585,-0.071617,0.410146,0.78077,-0.113053,0.410458,0.817266,-0.110766,0.388797,0.805341,-0.102842,0.280936,0.74914,-0.091826,0.357634,0.819472,-0.115287,0.370757,0.842632,-0.108297,0.359784,0.833519,-0.09836
555,18500,True,0.9991,0.9991,0.348863,0.889544,0.0,0.414118,0.830082,-0.013638,0.465574,0.772907,-0.035938,0.497142,0.760994,-0.062847,0.489769,0.795013,-0.09186,0.409116,0.637787,-0.031764,0.44611,0.627089,-0.067984,0.478388,0.613888,-0.095967,0.511306,0.599127,-0.116035,0.355186,0.655468,-0.047514,0.448281,0.767179,-0.086221,0.447501,0.830529,-0.100446,0.427091,0.840646,-0.107447,0.312961,0.715745,-0.065429,0.412439,0.834204,-0.1012,0.408855,0.866516,-0.100431,0.385989,0.849184,-0.095368,0.280595,0.78967,-0.085586,0.35774,0.87045,-0.107571,0.368688,0.891802,-0.101786,0.356565,0.880225,-0.093488
556,18533,True,0.9963,0.9963,0.343551,0.907787,0.0,0.413556,0.845915,-0.016704,0.465341,0.794966,-0.040417,0.498855,0.798697,-0.067931,0.501354,0.846464,-0.096175,0.414105,0.664113,-0.034909,0.453827,0.679958,-0.079408,0.489973,0.688319,-0.112915,0.528102,0.696312,-0.134055,0.360677,0.688596,-0.048952,0.456619,0.827141,-0.087419,0.445372,0.873447,-0.098689,0.42322,0.862891,-0.104462,0.318021,0.756034,-0.066838,0.418354,0.894888,-0.102045,0.399011,0.913732,-0.098657,0.374977,0.886249,-0.091905,0.28393,0.835786,-0.087963,0.362559,0.933525,-0.111684,0.363301,0.945175,-0.106826,0.350027,0.928409,-0.098442
557,18566,True,0.9873,0.9873,0.351551,0.914773,0.0,0.420741,0.870761,-0.025704,0.474708,0.836916,-0.055967,0.50503,0.849713,-0.087839,0.514681,0.89543,-0.119332,0.429087,0.706805,-0.053255,0.476177,0.734262,-0.10233,0.50907,0.753847,-0.137007,0.54126,0.772247,-0.158026,0.373075,0.730949,-0.06309,0.466184,0.884064,-0.10184,0.449018,0.915907,-0.108953,0.427986,0.898565,-0.113125,0.326133,0.796678,-0.077242,0.423504,0.947995,-0.108698,0.397995,0.950158,-0.096484,0.37582,0.919025,-0.085424,0.286442,0.873585,-0.096261,0.365508,0.979987,-0.119003,0.35632,0.977157,-0.111006,0.337505,0.952224,-0.100647
558,18600,True,0.9914,0.9914,0.337673,0.940981,0.0,0.403981,0.898327,-0.019476,0.461651,0.867151,-0.044934,0.505468,0.883173,-0.073689,0.5177,0.927469,-0.102563,0.42927,0.73917,-0.040664,0.480483,0.773201,-0.08298,0.52013,0.79213,-0.113425,0.556292,0.815755,-0.132298,0.375368,0.762159,-0.053484,0.468055,0.922294,-0.087628,0.447036,0.949636,-0.096225,0.422773,0.926645,-0.102647,0.329097,0.824367,-0.07009,0.41969,0.976993,-0.098757,0.390721,0.978572,-0.090989,0.367674,0.945857,-0.083928,0.289357,0.897105,-0.09092,0.36076,1.00562,-0.110751,0.345306,1.003478,-0.104242,0.323949,0.976002,-0.096273
559,18633,True,0.9984,0.9984,0.347629,0.949553,0.0,0.40734,0.901008,-0.021185,0.466747,0.853651,-0.044815,0.521028,0.843813,-0.070387,0.56569,0.853028,-0.095697,0.435763,0.745113,-0.046216,0.486397,0.796602,-0.090293,0.527846,0.819111,-0.122074,0.564423,0.840426,-0.142448,0.381919,0.770694,-0.057913,0.478927,0.935015,-0.096653,0.456119,0.955665,-0.104746,0.428562,0.927809,-0.109658,0.335366,0.829245,-0.073351,0.428438,0.98407,-0.10836,0.40277,0.983044,-0.098499,0.379995,0.947721,-0.089046,0.295375,0.899971,-0.092667,0.363924,1.012058,-0.118549,0.351976,1.015753,-0.111643,0.33163,0.993379,-0.102281
560,18666,True,0.998,0.998,0.345408,0.954026,0.0,0.407814,0.905047,-0.021814,0.468955,0.856655,-0.045672,0.521943,0.846289,-0.071488,0.563374,0.856821,-0.097127,0.434922,0.746962,-0.044998,0.484954,0.796989,-0.090152,0.527614,0.816599,-0.123032,0.566481,0.83671,-0.143943,0.380964,0.772931,-0.056516,0.479353,0.933507,-0.095975,0.453246,0.955342,-0.104655,0.422702,0.929629,-0.109923,0.334446,0.831883,-0.072156,0.429743,0.985915,-0.108144,0.399285,0.984648,-0.099825,0.371893,0.950449,-0.09122,0.29373,0.903389,-0.091756,0.368531,1.015014,-0.11808,0.351735,1.018602,-0.112438,0.325438,0.996244,-0.104148
561,18700,True,0.9966,0.9966,0.338295,0.945378,0.0,0.406508,0.898396,-0.016794,0.468263,0.86108,-0.040515,0.51417,0.870662,-0.068303,0.539419,0.908012,-0.096904,0.4369,0.745906,-0.036698,0.489159,0.788548,-0.079764,0.529942,0.808166,-0.112308,0.569928,0.82919,-0.133696,0.38277,0.771019,-0.051471,0.476244,0.928562,-0.088037,0.449427,0.949502,-0.097728,0.423783,0.921195,-0.104547,0.335436,0.831105,-0.070151,0.426521,0.980134,-0.10209,0.397239,0.976766,-0.095376,0.374485,0.941178,-0.088689,0.294201,0.902645,-0.092674,0.367453,1.012324,-0.114674,0.35063,1.008106,-0.108895,0.327577,0.980381,-0.101598
562,18733,True,0.9975,0.9975,0.33849,0.93863,0.0,0.40612,0.887298,-0.015376,0.467396,0.854172,-0.040501,0.512332,0.877591,-0.069868,0.52288,0.927316,-0.100779,0.436076,0.738197,-0.039577,0.486683,0.779705,-0.081154,0.527423,0.794123,-0.112721,0.564648,0.811844,-0.133447,0.38222,0.763349,-0.055205,0.474078,0.917915,-0.090869,0.446614,0.93696,-0.099151,0.419393,0.908172,-0.104402,0.334843,0.82203,-0.074093,0.425599,0.970627,-0.10421,0.399138,0.962848,-0.097278,0.376889,0.923839,-0.090313,0.294387,0.892763,-0.096671,0.366717,1.000828,-0.11618,0.353138,0.993088,-0.109442,0.331746,0.963956,-0.101655
563,18766,True,0.994,0.994,0.337533,0.935193,0.0,0.405717,0.885117,-0.01664,0.468371,0.850403,-0.041604,0.51243,0.868645,-0.070459,0.52386,0.916302,-0.100342,0.432117,0.732149,-0.040889,0.480289,0.770188,-0.085233,0.519916,0.782865,-0.118472,0.556284,0.798177,-0.139818,0.378327,0.755732,-0.056091,0.470829,0.907295,-0.093913,0.445548,0.925668,-0.10285,0.418673,0.897958,-0.108062,0.331166,0.814713,-0.074895,0.423352,0.96517,-0.107296,0.398024,0.957048,-0.100504,0.376427,0.917977,-0.092747,0.290326,0.885946,-0.097474,0.363506,0.993242,-0.118329,0.349421,0.983027,-0.112036,0.327557,0.952582,-0.104089
564,18800,True,0.9961,0.9961,0.33431,0.930885,0.0,0.401445,0.879885,-0.01648,0.463,0.842654,-0.041421,0.50602,0.851604,-0.070188,0.521749,0.898345,-0.099835,0.427348,0.725327,-0.041122,0.471413,0.7545,-0.08543,0.50746,0.766415,-0.117778,0.541531,0.780839,-0.138009,0.374149,0.748469,-0.055965,0.470144,0.891914,-0.093483,0.453629,0.917022,-0.101626,0.431386,0.89762,-0.1053,0.32814,0.807542,-0.074264,0.424061,0.955202,-0.105765,0.40549,0.949914,-0.098146,0.386136,0.913934,-0.089096,0.288385,0.879859,-0.096205,0.360491,0.986073,-0.114951,0.351923,0.976057,-0.1075,0.333733,0.94625,-0.098213
565,18833,True,0.9978,0.9978,0.32705,0.93311,0.0,0.394924,0.878385,-0.015705,0.458479,0.835433,-0.041954,0.50401,0.845592,-0.071564,0.519481,0.898976,-0.101855,0.421864,0.72077,-0.045982,0.464906,0.746479,-0.090333,0.49898,0.75885,-0.12056,0.530069,0.772982,-0.139265,0.369671,0.745184,-0.061651,0.471281,0.880383,-0.10198,0.454935,0.91346,-0.108729,0.429717,0.899347,-0.110296,0.325074,0.805491,-0.080254,0.428107,0.94825,-0.114954,0.410997,0.949474,-0.107335,0.388903,0.91662,-0.097467,0.287995,0.879623,-0.101896,0.368015,0.984917,-0.122077,0.360917,0.980077,-0.114458,0.341155,0.952697,-0.105077
566,18866,True,0.9987,0.9987,0.333981,0.940434,0.0,0.40038,0.882023,-0.018352,0.46093,0.832814,-0.046506,0.502579,0.836086,-0.076922,0.514898,0.88126,-0.107944,0.419475,0.717146,-0.053178,0.456295,0.739065,-0.098778,0.490848,0.74838,-0.129712,0.522467,0.761835,-0.149084,0.367017,0.741678,-0.067637,0.472261,0.8767,-0.110814,0.457628,0.913436,-0.118157,0.431864,0.90385,-0.119893,0.323067,0.802888,-0.084813,0.429049,0.943208,-0.121682,0.414273,0.947182,-0.113082,0.392514,0.916793,-0.10257,0.286514,0.879809,-0.105111,0.370596,0.980284,-0.127706,0.368496,0.975956,-0.120121,0.351536,0.949788,-0.110636
567,18900,True,0.9984,0.9984,0.329824,0.935293,0.0,0.397366,0.876213,-0.017509,0.456323,0.828319,-0.044179,0.498874,0.833849,-0.073439,0.515066,0.880445,-0.103434,0.414983,0.718497,-0.046186,0.454282,0.743931,-0.08946,0.490831,0.749349,-0.120218,0.526983,0.757949,-0.13961,0.3633,0.744838,-0.060185,0.470617,0.875128,-0.100759,0.469113,0.915373,-0.109285,0.452547,0.915509,-0.111559,0.320974,0.807064,-0.076947,0.431614,0.941562,-0.111985,0.425755,0.950164,-0.104723,0.407497,0.926921,-0.094478,0.286929,0.884137,-0.096729,0.370266,0.981889,-0.116784,0.373312,0.981305,-0.108589,0.359846,0.959424,-0.098364
568,18933,True,0.999,0.999,0.33722,0.938205,0.0,0.404016,0.881509,-0.018619,0.462282,0.832282,-0.04602,0.50306,0.837179,-0.076091,0.514683,0.881597,-0.106939,0.418625,0.714797,-0.04748,0.455807,0.735558,-0.093079,0.492129,0.742148,-0.125692,0.52783,0.751084,-0.145929,0.365927,0.739275,-0.061671,0.475016,0.870841,-0.10328,0.46939,0.908469,-0.112373,0.449257,0.899826,-0.115188,0.322776,0.80184,-0.0789,0.434709,0.937255,-0.115768,0.423851,0.946528,-0.108839,0.401572,0.919582,-0.098859,0.287724,0.88185,-0.099194,0.375264,0.981402,-0.121717,0.376085,0.982807,-0.114098,0.359379,0.960914,-0.10395
569,18966,True,0.999,0.999,0.335147,0.9402,0.0,0.401085,0.879047,-0.016923,0.459066,0.827448,-0.043409,0.501754,0.832869,-0.072739,0.516899,0.88069,-0.103006,0.415049,0.714983,-0.044902,0.451094,0.734995,-0.087663,0.487953,0.740451,-0.118308,0.523977,0.748936,-0.137605,0.363148,0.741849,-0.059664,0.472272,0.867921,-0.100059,0.473256,0.909928,-0.109266,0.455353,0.910225,-0.111826,0.320789,0.805406,-0.077156,0.434411,0.937765,-0.113261,0.431485,0.950934,-0.107414,0.412608,0.928896,-0.097846,0.286764,0.885356,-0.097444,0.37427,0.982973,-0.118428,0.384336,0.989597,-0.110431,0.375315,0.972448,-0.100155
570,19000,True,0.9984,0.9984,0.338,0.938811,0.0,0.405582,0.876639,-0.017148,0.463168,0.825486,-0.043572,0.503718,0.831468,-0.072866,0.517442,0.876764,-0.10297,0.414262,0.712987,-0.04476,0.453063,0.732648,-0.087815,0.489388,0.737522,-0.119293,0.524719,0.743575,-0.139471,0.362433,0.740045,-0.059077,0.471294,0.868923,-0.098553,0.47087,0.908573,-0.107737,0.45318,0.904794,-0.111199,0.321162,0.804325,-0.07625,0.434555,0.938302,-0.111049,0.430133,0.949786,-0.104663,0.411297,0.925543,-0.095716,0.288472,0.884179,-0.096455,0.376674,0.984191,-0.117577,0.383636,0.990415,-0.11016,0.372156,0.97184,-0.100673
571,19033,True,0.9989,0.9989,0.319124,0.944773,0.0,0.392411,0.886136,-0.012995,0.454373,0.833207,-0.037845,0.499665,0.837271,-0.066502,0.516675,0.883718,-0.09635,0.415939,0.71802,-0.040551,0.455816,0.728973,-0.082868,0.492095,0.727899,-0.11337,0.530421,0.726843,-0.133335,0.367582,0.740901,-0.057357,0.472459,0.867102,-0.098496,0.470781,0.91187,-0.10865,0.454058,0.910261,-0.112235,0.326367,0.802808,-0.076675,0.436031,0.935176,-0.114304,0.428081,0.951808,-0.109444,0.407952,0.930011,-0.100751,0.293085,0.880646,-0.09838,0.380502,0.980402,-0.121605,0.386232,0.991058,-0.115194,0.374561,0.97426,-0.106035
572,19066,True,0.9998,0.9998,0.325137,0.944126,0.0,0.393257,0.88211,-0.01302,0.45713,0.828439,-0.039383,0.506276,0.838545,-0.068477,0.523174,0.886539,-0.099056,0.413478,0.719043,-0.052221,0.45793,0.722731,-0.093988,0.496209,0.715587,-0.123995,0.533976,0.711063,-0.144367,0.367819,0.742955,-0.069257,0.47732,0.867374,-0.110458,0.463585,0.906033,-0.117801,0.438838,0.893378,-0.120275,0.329783,0.80446,-0.087835,0.4445,0.933465,-0.126079,0.434059,0.949227,-0.119416,0.412532,0.925837,-0.110295,0.300393,0.881605,-0.10851,0.392741,0.973937,-0.131902,0.39623,0.985398,-0.1235,0.381825,0.973032,-0.11378
573,19100,True,0.9999,0.9999,0.33043,0.942848,0.0,0.394274,0.882448,-0.011908,0.457862,0.828248,-0.037768,0.51021,0.83331,-0.065857,0.532325,0.874231,-0.095627,0.416124,0.721977,-0.058855,0.463867,0.721103,-0.104608,0.503007,0.711361,-0.137126,0.540748,0.70316,-0.158974,0.37051,0.744196,-0.076956,0.481849,0.863627,-0.12195,0.466945,0.904518,-0.129989,0.439897,0.895605,-0.13242,0.332556,0.805465,-0.09624,0.447443,0.934468,-0.136343,0.434717,0.949551,-0.1282,0.41188,0.925084,-0.1178,0.302988,0.883069,-0.117645,0.392652,0.972265,-0.142546,0.40106,0.979804,-0.133736,0.392436,0.965792,-0.12345
574,19133,True,0.9998,0.9998,0.330062,0.943702,0.0,0.395505,0.884285,-0.012008,0.459627,0.832823,-0.039446,0.511671,0.838356,-0.069365,0.533218,0.879879,-0.100814,0.421095,0.724902,-0.061084,0.466707,0.722364,-0.110149,0.505832,0.709771,-0.143857,0.543718,0.700309,-0.165598,0.374807,0.745204,-0.079139,0.484843,0.868858,-0.125153,0.468173,0.908091,-0.131026,0.439768,0.896554,-0.131549,0.336102,0.80616,-0.09878,0.449568,0.94149,-0.140427,0.437037,0.953882,-0.130311,0.415162,0.92672,-0.117966,0.305837,0.884049,-0.120558,0.394406,0.976886,-0.146182,0.39863,0.981912,-0.136253,0.38659,0.964186,-0.124775
575,19166,True,0.9998,0.9998,0.327854,0.945508,0.0,0.395711,0.883567,-0.008549,0.462381,0.832379,-0.034419,0.515024,0.838698,-0.063398,0.533269,0.882832,-0.094632,0.421579,0.72782,-0.058936,0.465837,0.720292,-0.105009,0.504374,0.709375,-0.136826,0.541463,0.70075,-0.157646,0.375655,0.748398,-0.078352,0.485432,0.866689,-0.122268,0.469692,0.908753,-0.128493,0.440065,0.900525,-0.129534,0.336462,0.808613,-0.098486,0.4495,0.937004,-0.138918,0.439916,0.953066,-0.130304,0.417638,0.929455,-0.119219,0.305452,0.884724,-0.120062,0.394907,0.974494,-0.144204,0.406919,0.983924,-0.133868,0.400002,0.96971,-0.12244
576,19200,True,0.9998,0.9998,0.324725,0.945298,0.0,0.393703,0.882563,-0.006815,0.460589,0.831146,-0.0317,0.512483,0.834726,-0.059903,0.529902,0.876802,-0.090387,0.417449,0.726454,-0.056992,0.462787,0.71697,-0.100856,0.501456,0.705406,-0.130134,0.537769,0.696412,-0.148929,0.371932,0.748238,-0.076792,0.482784,0.862158,-0.117933,0.466801,0.904308,-0.121512,0.438579,0.895758,-0.120547,0.333408,0.809236,-0.097068,0.449226,0.933495,-0.136944,0.439956,0.952225,-0.127498,0.4189,0.932002,-0.115335,0.303546,0.885945,-0.118356,0.394295,0.971597,-0.141598,0.408256,0.982828,-0.129974,0.40386,0.97262,-0.117377
577,19233,True,0.9998,0.9998,0.321811,0.946978,0.0,0.392014,0.881096,-0.005107,0.458265,0.828847,-0.02937,0.509985,0.831768,-0.057213,0.528082,0.873964,-0.08745,0.418032,0.727282,-0.05515,0.460291,0.715785,-0.096851,0.496957,0.700081,-0.124665,0.531402,0.688426,-0.142721,0.372552,0.74869,-0.075266,0.482698,0.860182,-0.113984,0.469578,0.903619,-0.116589,0.443145,0.898364,-0.115345,0.333965,0.809099,-0.095502,0.448747,0.930939,-0.132943,0.439407,0.949306,-0.122722,0.417736,0.930489,-0.110555,0.304119,0.885235,-0.116668,0.394643,0.968305,-0.138619,0.407095,0.978982,-0.126625,0.400633,0.968879,-0.113974
578,19266,True,0.9998,0.9998,0.319442,0.945233,0.0,0.393535,0.881616,-0.002354,0.460904,0.829742,-0.024866,0.51213,0.830347,-0.051509,0.529415,0.871048,-0.080669,0.415681,0.725747,-0.048694,0.455029,0.711775,-0.086371,0.491221,0.696304,-0.112045,0.524821,0.684985,-0.129387,0.371957,0.747529,-0.069796,0.479798,0.854786,-0.105968,0.467643,0.901939,-0.109428,0.441408,0.896825,-0.109434,0.334496,0.807092,-0.090576,0.447399,0.925834,-0.126249,0.439922,0.948524,-0.117973,0.418503,0.931324,-0.107981,0.305525,0.88145,-0.111824,0.394251,0.963127,-0.131561,0.404989,0.979234,-0.119404,0.395696,0.971576,-0.107666
579,19300,True,0.9998,0.9998,0.317517,0.943479,0.0,0.394591,0.879657,-0.002434,0.463081,0.827217,-0.024421,0.514262,0.829287,-0.050204,0.529919,0.87078,-0.07856,0.41392,0.725073,-0.049669,0.453073,0.708738,-0.086374,0.488174,0.692259,-0.110729,0.52008,0.680764,-0.126837,0.370349,0.7476,-0.070784,0.476292,0.852398,-0.104616,0.464155,0.89867,-0.10668,0.437954,0.890994,-0.105886,0.332724,0.807192,-0.091581,0.445676,0.921705,-0.12781,0.440699,0.947299,-0.120445,0.420517,0.932319,-0.110635,0.304078,0.881738,-0.112605,0.391254,0.95982,-0.133348,0.410836,0.980119,-0.121312,0.409626,0.979002,-0.109259
580,19333,True,0.9998,0.9998,0.317192,0.943838,0.0,0.39469,0.880953,-0.000502,0.463132,0.827781,-0.021595,0.513966,0.828017,-0.046703,0.529109,0.86644,-0.074368,0.413189,0.724455,-0.048547,0.45259,0.705094,-0.085085,0.487435,0.686604,-0.109229,0.518662,0.672444,-0.125289,0.368487,0.74596,-0.070498,0.475216,0.847865,-0.104398,0.463309,0.8983,-0.106134,0.437048,0.892977,-0.105032,0.330162,0.805133,-0.091861,0.445565,0.918672,-0.128289,0.439255,0.948164,-0.120378,0.416311,0.934658,-0.110263,0.301059,0.880294,-0.113227,0.388072,0.956606,-0.134055,0.40876,0.97745,-0.121498,0.407237,0.976605,-0.109191
581,19366,True,0.9999,0.9999,0.318281,0.944301,0.0,0.396402,0.879484,-0.000662,0.463346,0.825971,-0.022041,0.512507,0.824334,-0.0473,0.524491,0.859913,-0.074896,0.413332,0.725271,-0.049721,0.452872,0.700611,-0.08673,0.48561,0.680258,-0.111219,0.515146,0.662376,-0.127579,0.368082,0.746383,-0.072114,0.474579,0.843163,-0.105973,0.463719,0.894259,-0.107925,0.438354,0.888765,-0.107081,0.329468,0.804268,-0.093781,0.446167,0.915019,-0.129228,0.439342,0.945577,-0.120188,0.414981,0.930818,-0.109688,0.300678,0.878329,-0.115669,0.387873,0.952674,-0.135466,0.408757,0.974067,-0.121673,0.406601,0.972848,-0.108623
582,19400,True,0.9998,0.9998,0.319776,0.94235,0.0,0.398914,0.875932,-0.001759,0.464855,0.821992,-0.022549,0.511788,0.821026,-0.046835,0.521064,0.85705,-0.073134,0.414054,0.722134,-0.050998,0.451986,0.696039,-0.088775,0.482272,0.674728,-0.113585,0.509702,0.65558,-0.13021,0.368687,0.743847,-0.073241,0.474346,0.840432,-0.108133,0.461596,0.88854,-0.110697,0.435054,0.879982,-0.110231,0.329699,0.801403,-0.095018,0.445377,0.912543,-0.131404,0.437043,0.941002,-0.123362,0.412759,0.922864,-0.113521,0.300876,0.875321,-0.117219,0.386391,0.950262,-0.138667,0.406276,0.96941,-0.126492,0.404219,0.966328,-0.114461
583,19433,True,0.9998,0.9998,0.317358,0.941539,0.0,0.397516,0.874436,-0.002086,0.463065,0.82012,-0.021928,0.50968,0.820361,-0.044856,0.5207,0.859093,-0.069762,0.413188,0.721073,-0.051327,0.449816,0.6935,-0.089015,0.479309,0.671058,-0.11341,0.506425,0.651424,-0.129694,0.367591,0.742768,-0.073419,0.472673,0.835951,-0.107715,0.461101,0.884411,-0.109688,0.435514,0.876479,-0.10884,0.328345,0.800586,-0.095213,0.443656,0.909072,-0.132445,0.436216,0.937979,-0.125073,0.412626,0.919724,-0.115388,0.29976,0.875217,-0.117346,0.383915,0.94752,-0.140137,0.406165,0.966257,-0.128775,0.406604,0.963721,-0.117108
584,19466,True,0.9998,0.9998,0.316649,0.943338,0.0,0.398545,0.877695,-0.000993,0.464264,0.822653,-0.020786,0.50987,0.820393,-0.044065,0.518296,0.856426,-0.06941,0.4118,0.720744,-0.049324,0.448158,0.692809,-0.085663,0.476721,0.668762,-0.109222,0.502843,0.647544,-0.125084,0.366721,0.741036,-0.071434,0.471312,0.836964,-0.104498,0.458036,0.884775,-0.105888,0.431458,0.87512,-0.104791,0.327966,0.79788,-0.093104,0.442446,0.908492,-0.128812,0.433952,0.936809,-0.121116,0.410063,0.918555,-0.11161,0.299229,0.87094,-0.115089,0.383972,0.946253,-0.136684,0.404265,0.966986,-0.125033,0.402775,0.965914,-0.113358
585,19500,True,0.9998,0.9998,0.316684,0.94263,0.0,0.398311,0.876845,-0.000843,0.464105,0.821547,-0.020975,0.509575,0.818071,-0.044759,0.518455,0.851944,-0.070722,0.410783,0.718601,-0.049138,0.447413,0.690778,-0.08545,0.47626,0.666593,-0.108965,0.502261,0.644401,-0.124778,0.365812,0.739385,-0.071455,0.471551,0.835496,-0.104722,0.45964,0.884834,-0.106187,0.433106,0.876284,-0.105023,0.327303,0.796763,-0.093283,0.442879,0.907107,-0.129337,0.436133,0.936601,-0.121651,0.412811,0.919007,-0.112021,0.298805,0.869953,-0.115318,0.383792,0.945167,-0.136671,0.403797,0.967947,-0.12443,0.401532,0.968326,-0.112305
586,19533,True,0.9998,0.9998,0.317919,0.941905,0.0,0.398235,0.874956,-0.001729,0.464719,0.817713,-0.021496,0.510645,0.81307,-0.044607,0.51698,0.848171,-0.069782,0.410447,0.718829,-0.050319,0.446728,0.689342,-0.087037,0.474928,0.664357,-0.110919,0.500817,0.641035,-0.126906,0.365473,0.739659,-0.072486,0.470672,0.83391,-0.106161,0.459146,0.882409,-0.108059,0.4333,0.874118,-0.107069,0.327067,0.796661,-0.094234,0.442877,0.905531,-0.130865,0.436269,0.93499,-0.123723,0.413296,0.917774,-0.114137,0.299053,0.869552,-0.1163,0.38299,0.941949,-0.138253,0.403837,0.965051,-0.126367,0.402955,0.967854,-0.114229
587,19566,True,0.9998,0.9998,0.318072,0.942317,0.0,0.397174,0.87484,-0.001741,0.463124,0.817486,-0.021743,0.510055,0.812675,-0.04508,0.516314,0.849476,-0.070459,0.410222,0.719401,-0.050202,0.445582,0.689119,-0.086933,0.473876,0.663224,-0.11076,0.499778,0.639547,-0.126757,0.365037,0.739866,-0.07235,0.470409,0.832695,-0.105861,0.460831,0.882635,-0.107469,0.435753,0.875574,-0.106307,0.326486,0.796714,-0.094109,0.442468,0.903753,-0.13088,0.437506,0.934375,-0.123526,0.414673,0.918263,-0.113748,0.298495,0.869516,-0.116153,0.38363,0.941724,-0.137886,0.404674,0.96519,-0.125674,0.402597,0.967189,-0.113388
588,19600,True,0.9998,0.9998,0.320644,0.942757,0.0,0.399663,0.87304,-0.002595,0.464154,0.815416,-0.023686,0.509938,0.812664,-0.048172,0.517821,0.853976,-0.074626,0.411041,0.718441,-0.051669,0.444169,0.689117,-0.089294,0.470073,0.662561,-0.113435,0.494162,0.638248,-0.129718,0.364749,0.738806,-0.073862,0.469431,0.831606,-0.108728,0.461434,0.881477,-0.110561,0.437385,0.874253,-0.109251,0.325942,0.795608,-0.09579,0.441904,0.904904,-0.132861,0.438236,0.934947,-0.125008,0.415743,0.917728,-0.114775,0.297998,0.868392,-0.118233,0.383675,0.942631,-0.139984,0.405385,0.96468,-0.12775,0.403227,0.96458,-0.115391
589,19633,True,0.9998,0.9998,0.319621,0.941792,0.0,0.397299,0.873812,-0.000917,0.462014,0.817368,-0.02245,0.508972,0.81289,-0.048277,0.51585,0.850621,-0.076552,0.410518,0.721938,-0.049837,0.442542,0.690632,-0.087159,0.469195,0.662828,-0.111914,0.492595,0.637504,-0.128961,0.364003,0.741367,-0.0726,0.467302,0.831949,-0.108418,0.462731,0.880205,-0.111815,0.439087,0.873998,-0.111627,0.325643,0.798018,-0.094674,0.441289,0.905518,-0.131193,0.44028,0.934186,-0.122642,0.417978,0.918191,-0.112188,0.298047,0.869752,-0.117175,0.385055,0.944565,-0.138471,0.404907,0.96539,-0.125782,0.400617,0.962164,-0.113165
590,19666,True,0.9999,0.9999,0.323179,0.945274,0.0,0.399787,0.876972,-0.0014,0.463792,0.819047,-0.022542,0.509199,0.813805,-0.047992,0.516796,0.850496,-0.075814,0.410463,0.722998,-0.04855,0.440826,0.692684,-0.085463,0.466028,0.665186,-0.110662,0.4886,0.63874,-0.128325,0.362458,0.742336,-0.071035,0.466096,0.832395,-0.106984,0.461947,0.880567,-0.111341,0.438648,0.874169,-0.111834,0.323569,0.799663,-0.092886,0.438411,0.905794,-0.128667,0.437379,0.93408,-0.120245,0.414334,0.917555,-0.110149,0.295463,0.871739,-0.115307,0.382975,0.945932,-0.136119,0.404404,0.965859,-0.123591,0.400958,0.961791,-0.111283
591,19700,True,0.9999,0.9999,0.321168,0.943771,0.0,0.396791,0.874626,-0.00092,0.461868,0.817513,-0.022182,0.508264,0.811168,-0.047762,0.515365,0.846597,-0.076032,0.408501,0.724555,-0.049593,0.439091,0.692672,-0.085297,0.46418,0.664134,-0.109778,0.486322,0.635939,-0.127397,0.360306,0.745534,-0.071828,0.465286,0.832327,-0.107971,0.465559,0.879653,-0.113107,0.443755,0.877185,-0.114278,0.322044,0.804288,-0.092882,0.439694,0.909106,-0.127452,0.442539,0.935578,-0.118708,0.421681,0.921481,-0.108675,0.29475,0.876617,-0.114423,0.383872,0.950375,-0.134324,0.404095,0.968688,-0.12173,0.399766,0.962987,-0.109505
592,19733,True,0.9998,0.9998,0.321034,0.944898,0.0,0.396683,0.873535,-0.000194,0.462307,0.8157,-0.021372,0.508388,0.810673,-0.047083,0.516903,0.848807,-0.075693,0.403614,0.725638,-0.049504,0.435365,0.693935,-0.084387,0.458069,0.662535,-0.107579,0.47717,0.632567,-0.124428,0.355986,0.747142,-0.072194,0.461803,0.831118,-0.107117,0.461636,0.878334,-0.110253,0.4395,0.873874,-0.110121,0.318322,0.806467,-0.093708,0.435485,0.908035,-0.128365,0.438204,0.933176,-0.118987,0.417825,0.916846,-0.108535,0.291466,0.879162,-0.115548,0.380272,0.951814,-0.136008,0.401828,0.969395,-0.123421,0.399237,0.963648,-0.111245
593,19766,True,0.9998,0.9998,0.320418,0.950595,0.0,0.391189,0.875359,-0.000809,0.456322,0.812802,-0.020909,0.503746,0.801898,-0.044887,0.516515,0.842632,-0.071334,0.397184,0.728658,-0.050729,0.424918,0.695767,-0.086532,0.443333,0.66203,-0.11057,0.456159,0.628538,-0.127853,0.348603,0.74867,-0.072229,0.45862,0.833687,-0.107919,0.459528,0.879647,-0.110893,0.432651,0.878484,-0.110556,0.311447,0.808719,-0.09269,0.432734,0.912345,-0.129254,0.437482,0.934522,-0.121623,0.415626,0.917423,-0.111883,0.285919,0.882622,-0.113252,0.37996,0.957334,-0.134531,0.399308,0.973694,-0.122844,0.391416,0.966923,-0.111365
594,19800,True,0.9999,0.9999,0.326475,0.949303,0.0,0.391627,0.874066,-0.001998,0.451391,0.807925,-0.022707,0.494359,0.794096,-0.04655,0.51121,0.833337,-0.073037,0.389979,0.726843,-0.057116,0.411173,0.688557,-0.095437,0.422494,0.653145,-0.120639,0.428192,0.61896,-0.138111,0.339256,0.746738,-0.077867,0.449777,0.827399,-0.113921,0.45284,0.873831,-0.116123,0.42855,0.876787,-0.115651,0.301025,0.807872,-0.09765,0.425451,0.907703,-0.135008,0.434045,0.929243,-0.127493,0.416573,0.915221,-0.118218,0.274615,0.883552,-0.117455,0.365865,0.951346,-0.138898,0.38906,0.967894,-0.126637,0.388403,0.965842,-0.115
595,19833,True,0.9997,0.9997,0.329649,0.944599,0.0,0.390814,0.870832,-0.004785,0.447869,0.797905,-0.023321,0.486692,0.776089,-0.04478,0.497647,0.813427,-0.068782,0.381818,0.722118,-0.052875,0.39505,0.677052,-0.088085,0.397323,0.639335,-0.111116,0.397785,0.600696,-0.12772,0.329223,0.743046,-0.071838,0.433695,0.808394,-0.108921,0.450129,0.853314,-0.114413,0.442438,0.86689,-0.115372,0.290508,0.804505,-0.090091,0.410437,0.893704,-0.126933,0.429166,0.914554,-0.123448,0.425798,0.907705,-0.116368,0.264321,0.87895,-0.10879,0.351059,0.938751,-0.129735,0.374364,0.956418,-0.12069,0.377842,0.958142,-0.111279
596,19866,True,0.9991,0.9991,0.333017,0.935867,0.0,0.389151,0.860492,-0.008609,0.440031,0.78742,-0.029003,0.47728,0.764642,-0.052476,0.49067,0.800947,-0.07838,0.377041,0.709123,-0.053546,0.378992,0.659873,-0.088038,0.372338,0.623186,-0.109743,0.364016,0.583652,-0.125973,0.322983,0.730799,-0.071866,0.418644,0.787289,-0.110356,0.451111,0.828815,-0.118073,0.461275,0.842644,-0.120747,0.283366,0.79273,-0.090001,0.397341,0.881796,-0.127321,0.427289,0.907316,-0.125499,0.436358,0.905308,-0.119623,0.256941,0.866214,-0.109369,0.334099,0.924705,-0.130477,0.362262,0.948391,-0.123007,0.373944,0.954149,-0.11489
597,19900,True,0.9985,0.9985,0.336633,0.922131,0.0,0.391578,0.847646,-0.012763,0.438046,0.772778,-0.034099,0.4718,0.748239,-0.058321,0.487929,0.783228,-0.08444,0.374557,0.69229,-0.054953,0.367609,0.636159,-0.091216,0.354657,0.598251,-0.112529,0.34205,0.557402,-0.127728,0.317856,0.714829,-0.070832,0.398724,0.763586,-0.112114,0.434135,0.801606,-0.119854,0.449907,0.81343,-0.120799,0.276928,0.775714,-0.08716,0.384074,0.86213,-0.126736,0.421381,0.890741,-0.125099,0.438331,0.890967,-0.117447,0.250241,0.847857,-0.105287,0.325212,0.904877,-0.126624,0.358421,0.930269,-0.119511,0.376197,0.936309,-0.110542
598,19933,True,0.9982,0.9982,0.33331,0.900801,0.0,0.389861,0.822215,-0.016952,0.434321,0.747045,-0.040347,0.468299,0.723746,-0.066096,0.485385,0.762498,-0.093201,0.373826,0.664841,-0.057493,0.359422,0.601233,-0.093533,0.340363,0.559813,-0.114576,0.323477,0.51737,-0.12989,0.317295,0.691927,-0.07157,0.392959,0.74412,-0.114802,0.42698,0.779964,-0.124718,0.442825,0.789386,-0.126902,0.277363,0.754743,-0.086254,0.382115,0.839094,-0.126669,0.422487,0.865629,-0.126322,0.44415,0.864982,-0.119223,0.250731,0.827385,-0.103234,0.324166,0.883532,-0.125622,0.359652,0.907016,-0.11987,0.381832,0.909565,-0.111377
599,19966,True,0.9994,0.9994,0.349515,0.873449,0.0,0.408175,0.810189,-0.021004,0.452994,0.743121,-0.046294,0.4804,0.70691,-0.073299,0.480408,0.73,-0.100908,0.379649,0.639398,-0.061831,0.36069,0.564202,-0.101273,0.339547,0.516289,-0.124709,0.321282,0.470902,-0.140761,0.321405,0.662334,-0.074855,0.390641,0.702176,-0.120654,0.427087,0.735063,-0.132098,0.448327,0.74562,-0.134843,0.280632,0.721558,-0.088944,0.384391,0.801643,-0.132087,0.427643,0.834453,-0.132294,0.452094,0.843685,-0.124939,0.254416,0.791986,-0.105675,0.322852,0.840677,-0.129626,0.356126,0.865461,-0.124342,0.378227,0.873504,-0.115904
600,20000,True,0.9994,0.9994,0.359443,0.853183,0.0,0.420643,0.796652,-0.023192,0.464907,0.739455,-0.049952,0.488609,0.701687,-0.07884,0.485731,0.692179,-0.107658,0.391919,0.612373,-0.061013,0.375075,0.522708,-0.103196,0.360128,0.463719,-0.128984,0.346358,0.408011,-0.14572,0.333908,0.63153,-0.073239,0.399895,0.659186,-0.122313,0.427055,0.681455,-0.138051,0.436812,0.683238,-0.142961,0.294932,0.688254,-0.086666,0.402967,0.762566,-0.131899,0.441975,0.798632,-0.130875,0.456481,0.811451,-0.121422,0.271455,0.75865,-0.102896,0.342675,0.800956,-0.128237,0.372843,0.823884,-0.120849,0.38642,0.831945,-0.10939
601,20033,True,0.9996,0.9996,0.374669,0.831487,0.0,0.441871,0.773723,-0.019145,0.492675,0.71217,-0.048685,0.515684,0.67053,-0.081212,0.509029,0.66975,-0.114417,0.422765,0.583929,-0.067129,0.411501,0.482727,-0.113749,0.403286,0.416818,-0.141219,0.395845,0.352614,-0.158998,0.360488,0.594454,-0.081305,0.445526,0.651721,-0.133638,0.472163,0.717738,-0.142437,0.473201,0.739694,-0.14156,0.316809,0.649474,-0.096054,0.424146,0.7285,-0.143856,0.453301,0.773973,-0.133876,0.455489,0.78357,-0.118669,0.288305,0.718646,-0.112913,0.356319,0.760697,-0.139385,0.39017,0.788799,-0.125565,0.405391,0.796923,-0.108869
602,20066,True,0.9994,0.9994,0.375815,0.81815,0.0,0.451339,0.756393,-0.01846,0.505388,0.701979,-0.050816,0.53411,0.668909,-0.087264,0.536374,0.662509,-0.124287,0.446229,0.562669,-0.063614,0.448336,0.457997,-0.108684,0.450516,0.383413,-0.134771,0.453459,0.317704,-0.152122,0.387447,0.573456,-0.07987,0.483745,0.627421,-0.130929,0.512411,0.700239,-0.137981,0.51344,0.730061,-0.135955,0.345596,0.626582,-0.096888,0.459324,0.706785,-0.142568,0.481021,0.760719,-0.128955,0.474204,0.779119,-0.111951,0.316956,0.695041,-0.116429,0.397207,0.743805,-0.142642,0.42878,0.777666,-0.127106,0.436436,0.790326,-0.109203
603,20100,True,0.9996,0.9996,0.386051,0.8078,0.0,0.471244,0.73655,-0.007245,0.533284,0.674955,-0.035593,0.56866,0.646727,-0.070243,0.564333,0.666554,-0.106436,0.471025,0.538847,-0.054807,0.493216,0.435836,-0.09811,0.512047,0.363985,-0.124001,0.529065,0.301887,-0.141785,0.416209,0.551715,-0.077714,0.522015,0.624954,-0.127709,0.53793,0.708901,-0.134586,0.524451,0.738918,-0.133258,0.375193,0.607023,-0.100389,0.494069,0.700153,-0.146137,0.506581,0.75699,-0.133883,0.489911,0.769,-0.118409,0.347194,0.678653,-0.124546,0.434825,0.734471,-0.150106,0.46393,0.772377,-0.133743,0.466517,0.786309,-0.116189
604,20133,True,0.9995,0.9995,0.378051,0.817358,0.0,0.473898,0.74256,-0.002843,0.542773,0.682814,-0.033533,0.589808,0.662256,-0.071813,0.588082,0.695558,-0.113248,0.502344,0.550676,-0.061528,0.542857,0.457067,-0.109042,0.57324,0.386588,-0.138342,0.595172,0.323486,-0.159218,0.445601,0.558786,-0.089367,0.557643,0.639757,-0.140678,0.559877,0.730182,-0.146636,0.53329,0.754434,-0.14666,0.399112,0.61019,-0.116436,0.516923,0.707792,-0.163969,0.519757,0.770145,-0.151842,0.494136,0.776649,-0.138147,0.365546,0.679999,-0.144501,0.45276,0.742824,-0.169796,0.47692,0.783061,-0.15302,0.472146,0.795736,-0.13731
605,20166,True,0.9996,0.9996,0.38086,0.827766,0.0,0.488848,0.773256,-0.006863,0.558285,0.727083,-0.040907,0.598337,0.697994,-0.081603,0.595892,0.696665,-0.123745,0.523615,0.563406,-0.063491,0.568629,0.470107,-0.114922,0.604179,0.401251,-0.147581,0.632749,0.344649,-0.169735,0.465487,0.567952,-0.089883,0.569763,0.64541,-0.145196,0.577387,0.727008,-0.153872,0.561503,0.754983,-0.154619,0.416112,0.616107,-0.115995,0.527008,0.726563,-0.162968,0.528193,0.787119,-0.14889,0.50443,0.792327,-0.133989,0.380349,0.68564,-0.143751,0.468799,0.765039,-0.167195,0.485861,0.806873,-0.14856,0.473484,0.811757,-0.131497
606,20200,True,0.9994,0.9994,0.37724,0.849989,0.0,0.48758,0.816603,-0.018606,0.558489,0.788188,-0.060573,0.600932,0.762992,-0.107736,0.589292,0.745294,-0.155113,0.526843,0.592323,-0.075644,0.576245,0.501732,-0.13232,0.619164,0.441555,-0.165922,0.655136,0.395214,-0.187145,0.468232,0.587432,-0.098613,0.566629,0.691726,-0.154738,0.553105,0.771089,-0.160692,0.524782,0.773541,-0.160078,0.415403,0.630604,-0.122822,0.519543,0.75707,-0.174826,0.507752,0.815522,-0.15964,0.479624,0.80252,-0.143675,0.374735,0.697007,-0.149389,0.452725,0.784637,-0.176662,0.465346,0.828651,-0.157224,0.451701,0.827817,-0.139095
607,20233,True,0.9994,0.9994,0.360728,0.862372,0.0,0.465291,0.817444,-0.016092,0.540054,0.783728,-0.057007,0.591215,0.772114,-0.10327,0.583533,0.775577,-0.150745,0.511613,0.608372,-0.077518,0.572034,0.538897,-0.133151,0.620899,0.490498,-0.168488,0.660411,0.448772,-0.192682,0.453389,0.606847,-0.101733,0.550561,0.732403,-0.158453,0.539387,0.81269,-0.167029,0.512503,0.813568,-0.16978,0.400169,0.657918,-0.126068,0.503507,0.800971,-0.177973,0.495007,0.858899,-0.162675,0.467204,0.847054,-0.147335,0.358801,0.73008,-0.152675,0.436435,0.829847,-0.181603,0.45008,0.87484,-0.162943,0.436443,0.873674,-0.145674
608,20266,True,0.9987,0.9987,0.339544,0.888565,0.0,0.432871,0.827568,-0.01529,0.511439,0.784083,-0.050891,0.567559,0.778308,-0.090954,0.568052,0.804218,-0.132289,0.487734,0.63895,-0.077551,0.549851,0.578327,-0.132976,0.597885,0.530247,-0.170181,0.638022,0.485444,-0.196125,0.430984,0.639018,-0.099767,0.523552,0.780392,-0.156088,0.515543,0.846219,-0.164219,0.489078,0.85104,-0.166305,0.376754,0.695539,-0.122244,0.472459,0.855748,-0.172036,0.4664,0.890988,-0.158906,0.441722,0.872841,-0.144232,0.332608,0.770908,-0.147146,0.407223,0.886559,-0.175243,0.41742,0.912231,-0.160323,0.401845,0.897909,-0.145234
609,20300,True,0.9965,0.9965,0.327784,0.928344,0.0,0.414545,0.860924,-0.015233,0.489001,0.80883,-0.048594,0.54244,0.802286,-0.08664,0.562367,0.82694,-0.126128,0.45794,0.671554,-0.074526,0.516403,0.624612,-0.128272,0.560202,0.582401,-0.165827,0.598262,0.545583,-0.191797,0.396291,0.674247,-0.093995,0.481977,0.834076,-0.148093,0.476797,0.883258,-0.15659,0.45667,0.87542,-0.159677,0.341439,0.733655,-0.113975,0.431854,0.905092,-0.160191,0.426024,0.920796,-0.147696,0.404668,0.887686,-0.134669,0.295746,0.808867,-0.136712,0.37161,0.930763,-0.165859,0.377622,0.94834,-0.153454,0.360903,0.92679,-0.139792
610,20333,True,0.9875,0.9875,0.333713,0.917008,0.0,0.417341,0.874172,-0.026053,0.482817,0.834963,-0.055689,0.515839,0.853895,-0.088028,0.514356,0.895601,-0.121534,0.427563,0.708159,-0.06929,0.472187,0.69023,-0.113312,0.509184,0.657692,-0.144855,0.54372,0.63369,-0.166388,0.363092,0.71192,-0.080558,0.433974,0.898584,-0.118728,0.419211,0.908384,-0.121093,0.397373,0.871866,-0.121784,0.307421,0.770678,-0.094056,0.390816,0.951733,-0.127243,0.377292,0.932394,-0.109116,0.360091,0.883592,-0.093585,0.258678,0.842732,-0.112799,0.333477,0.974315,-0.142512,0.332784,0.969067,-0.131828,0.3188,0.940538,-0.117492
611,20366,True,0.8432,0.8432,0.313685,0.945982,0.0,0.382297,0.935042,-0.033076,0.444669,0.907089,-0.060807,0.482328,0.919757,-0.090051,0.491844,0.949423,-0.122107,0.413203,0.767981,-0.061814,0.447463,0.769252,-0.103046,0.477004,0.754473,-0.133252,0.507675,0.737886,-0.154644,0.346059,0.757767,-0.071619,0.405544,0.953527,-0.121658,0.405855,1.007423,-0.141299,0.393578,1.008518,-0.150923,0.285139,0.803863,-0.083443,0.34627,1.006158,-0.134225,0.349723,1.058336,-0.134514,0.348267,1.060414,-0.126418,0.230494,0.867381,-0.099146,0.277163,1.010062,-0.141052,0.286246,1.07274,-0.13736,0.287842,1.096995,-0.125413
612,20400,True,0.9926,0.9926,0.308508,0.998126,-0.0,0.378016,0.980827,-0.022801,0.438434,0.951011,-0.047707,0.472638,0.948398,-0.075525,0.468018,0.956761,-0.106322,0.407566,0.806658,-0.054207,0.429078,0.813398,-0.099651,0.460584,0.815838,-0.134364,0.49845,0.822259,-0.157781,0.339177,0.793877,-0.066749,0.395014,0.978537,-0.126629,0.40092,1.069595,-0.14975,0.395183,1.105814,-0.158362,0.274812,0.832852,-0.080605,0.333433,1.017678,-0.134686,0.334343,1.08787,-0.137161,0.326555,1.103727,-0.129423,0.220575,0.895137,-0.096905,0.263242,1.025054,-0.135814,0.269456,1.082666,-0.134588,0.262702,1.097256,-0.1255
613,20433,True,0.9955,0.9955,0.292256,1.012199,-0.0,0.365607,0.991123,-0.018451,0.426664,0.964826,-0.042478,0.46365,0.962295,-0.070461,0.465011,0.972066,-0.100932,0.406119,0.818702,-0.044425,0.437728,0.835903,-0.090792,0.478467,0.851637,-0.126332,0.523214,0.87039,-0.149555,0.342715,0.814067,-0.058673,0.414642,0.981937,-0.116272,0.427047,1.086027,-0.137739,0.425314,1.138111,-0.145253,0.280316,0.854802,-0.074737,0.345779,1.01826,-0.123117,0.349732,1.084459,-0.123841,0.34124,1.103801,-0.116425,0.22743,0.917088,-0.093281,0.274318,1.036266,-0.124463,0.282305,1.083305,-0.121115,0.27205,1.091568,-0.112371
614,20466,True,0.999,0.999,0.304716,1.018681,0.0,0.371653,0.991667,-0.014701,0.430114,0.960065,-0.036972,0.465356,0.959793,-0.064189,0.475816,0.971968,-0.094585,0.43115,0.828626,-0.038454,0.478911,0.843933,-0.084391,0.526135,0.854608,-0.119014,0.57409,0.864591,-0.142092,0.372228,0.817616,-0.055241,0.444995,0.982032,-0.116047,0.451618,1.093197,-0.137039,0.447666,1.14867,-0.141719,0.309834,0.849213,-0.073797,0.37711,1.017196,-0.126042,0.373884,1.093601,-0.124514,0.360776,1.118478,-0.112763,0.252155,0.904286,-0.094518,0.299437,1.019169,-0.128739,0.301996,1.075943,-0.123245,0.288403,1.092681,-0.110929
615,20500,True,0.9986,0.9986,0.315148,0.990156,0.0,0.383068,0.971812,-0.016121,0.44552,0.945551,-0.037522,0.491203,0.949292,-0.062829,0.512295,0.953896,-0.090985,0.45342,0.812168,-0.041712,0.515015,0.826571,-0.085932,0.569215,0.833875,-0.119653,0.622168,0.835285,-0.143053,0.397888,0.804511,-0.056249,0.460439,0.975333,-0.116752,0.472817,1.082497,-0.138675,0.477276,1.132062,-0.145164,0.339024,0.836693,-0.072152,0.399134,1.014212,-0.12346,0.39913,1.084253,-0.121648,0.389768,1.103503,-0.110714,0.283839,0.891041,-0.090362,0.329065,1.012668,-0.125999,0.327833,1.063507,-0.122223,0.310595,1.070907,-0.111285
616,20533,True,0.9998,0.9998,0.309277,0.967502,0.0,0.376055,0.939996,-0.011652,0.444783,0.912845,-0.032319,0.496154,0.926471,-0.055573,0.528748,0.941568,-0.079942,0.46045,0.790859,-0.051298,0.521044,0.803979,-0.098743,0.570774,0.798863,-0.133865,0.617278,0.790312,-0.157327,0.409016,0.785403,-0.068921,0.481472,0.980379,-0.122768,0.474824,1.062079,-0.135969,0.467185,1.088293,-0.13892,0.352097,0.824532,-0.087912,0.423016,1.012431,-0.135295,0.401677,1.037098,-0.127978,0.380586,1.014454,-0.115801,0.298406,0.88684,-0.108837,0.355755,1.01457,-0.140808,0.347973,1.041947,-0.131155,0.325221,1.033295,-0.117577
617,20566,True,0.9985,0.9985,0.319466,0.916792,0.0,0.397792,0.882456,-0.012725,0.472459,0.865094,-0.03831,0.525525,0.891352,-0.066617,0.53505,0.933279,-0.096099,0.46138,0.756628,-0.064755,0.523657,0.762284,-0.110286,0.570173,0.746822,-0.140998,0.610112,0.734615,-0.161669,0.408026,0.758218,-0.082964,0.481237,0.92983,-0.12143,0.448732,0.946195,-0.122501,0.424586,0.915318,-0.123717,0.353469,0.80009,-0.102509,0.426779,0.970984,-0.138027,0.397347,0.958315,-0.126608,0.37708,0.911827,-0.117646,0.304832,0.858273,-0.124813,0.366457,0.981388,-0.147157,0.351964,0.970486,-0.136896,0.327016,0.934327,-0.127998
618,20600,True,0.9996,0.9996,0.338976,0.929837,0.0,0.413282,0.876083,-0.010283,0.482136,0.841847,-0.038526,0.527662,0.856163,-0.069888,0.534925,0.897046,-0.103356,0.453802,0.730685,-0.069919,0.509047,0.711002,-0.116883,0.553378,0.686429,-0.149058,0.587537,0.66204,-0.171115,0.396957,0.733195,-0.089496,0.478595,0.872612,-0.132487,0.460087,0.911974,-0.135124,0.432843,0.893493,-0.135549,0.343785,0.781843,-0.108986,0.427355,0.930909,-0.147247,0.416891,0.946721,-0.132961,0.394164,0.913195,-0.120683,0.298818,0.847501,-0.130408,0.371668,0.963371,-0.15324,0.378469,0.979493,-0.138792,0.361249,0.956904,-0.126112
619,20633,True,0.9996,0.9996,0.34244,0.913763,0.0,0.41515,0.862177,-0.006247,0.476428,0.816483,-0.031557,0.517127,0.81482,-0.061596,0.528774,0.850871,-0.094399,0.432865,0.701542,-0.056709,0.476448,0.659907,-0.098045,0.51311,0.626319,-0.125172,0.547173,0.600181,-0.143152,0.376462,0.701692,-0.075644,0.463895,0.830204,-0.11441,0.455398,0.876177,-0.117641,0.433373,0.870586,-0.117714,0.325408,0.749377,-0.094573,0.422568,0.892618,-0.131313,0.421877,0.914131,-0.120697,0.405281,0.892771,-0.109725,0.283924,0.814929,-0.11465,0.361628,0.916911,-0.136577,0.375716,0.941869,-0.123513,0.367196,0.936136,-0.11043
620,20666,True,0.9992,0.9992,0.336248,0.886069,0.0,0.40348,0.831018,-0.011014,0.462757,0.780635,-0.03433,0.504126,0.764948,-0.061422,0.51488,0.800385,-0.09074,0.424556,0.668844,-0.057453,0.462106,0.609171,-0.09609,0.486216,0.562049,-0.121917,0.508444,0.515496,-0.140934,0.364801,0.669129,-0.073927,0.450671,0.79046,-0.115241,0.453233,0.840235,-0.123716,0.438199,0.845522,-0.12749,0.314212,0.720424,-0.090292,0.410282,0.855062,-0.129606,0.423497,0.880581,-0.124758,0.421715,0.869556,-0.117199,0.276061,0.788933,-0.108203,0.348774,0.876949,-0.131844,0.368079,0.901935,-0.122851,0.371292,0.903081,-0.11241
621,20700,True,0.9995,0.9995,0.339046,0.867737,0.0,0.400333,0.814278,-0.015181,0.454743,0.76322,-0.040612,0.492296,0.743642,-0.069033,0.504758,0.775188,-0.099838,0.412853,0.647776,-0.064145,0.438999,0.571444,-0.104898,0.455537,0.514564,-0.129639,0.471225,0.458779,-0.147276,0.351341,0.649367,-0.079701,0.433103,0.745817,-0.126132,0.444903,0.805174,-0.13484,0.43877,0.82027,-0.136398,0.300903,0.699075,-0.095232,0.398987,0.823657,-0.13945,0.421379,0.862094,-0.134711,0.425621,0.861133,-0.124785,0.262863,0.765521,-0.112333,0.332307,0.841042,-0.136051,0.356561,0.874485,-0.125167,0.364871,0.882624,-0.112748
622,20733,True,0.9995,0.9995,0.349339,0.855403,0.0,0.407065,0.804003,-0.018058,0.457587,0.75526,-0.045701,0.488559,0.732005,-0.0761,0.492355,0.753244,-0.107821,0.410439,0.629153,-0.065387,0.428586,0.547579,-0.107074,0.439351,0.489786,-0.132536,0.450461,0.431134,-0.150939,0.346643,0.635255,-0.079887,0.426072,0.728006,-0.126165,0.443158,0.785456,-0.135006,0.440226,0.794679,-0.137579,0.297731,0.687669,-0.094876,0.394093,0.804306,-0.137619,0.419663,0.837566,-0.131561,0.423252,0.82954,-0.122241,0.262825,0.755196,-0.112021,0.327744,0.827512,-0.135446,0.353535,0.857398,-0.124702,0.361457,0.860388,-0.112949
623,20766,True,0.9995,0.9995,0.349886,0.855372,0.0,0.406688,0.803684,-0.018095,0.455556,0.747823,-0.045807,0.482351,0.720632,-0.076529,0.492135,0.732453,-0.10822,0.407195,0.625361,-0.065053,0.421462,0.53932,-0.111403,0.431921,0.477776,-0.138617,0.443112,0.414983,-0.157034,0.343371,0.629921,-0.080145,0.424836,0.720004,-0.13183,0.441367,0.78413,-0.140632,0.436553,0.797835,-0.141011,0.295505,0.68247,-0.096171,0.393627,0.794784,-0.144313,0.417249,0.833491,-0.135843,0.418449,0.827538,-0.122822,0.26139,0.75123,-0.114344,0.325532,0.821513,-0.14216,0.355561,0.856081,-0.130162,0.367423,0.860848,-0.115524
624,20800,True,0.9992,0.9992,0.348893,0.865996,0.0,0.406827,0.816392,-0.020789,0.453018,0.763144,-0.050534,0.479648,0.730971,-0.083494,0.492288,0.728599,-0.117069,0.404718,0.63161,-0.066154,0.419966,0.542429,-0.114417,0.432304,0.476658,-0.143342,0.443028,0.412179,-0.162906,0.341973,0.636755,-0.080035,0.422692,0.725168,-0.133027,0.438747,0.785833,-0.142919,0.431994,0.796148,-0.144699,0.295718,0.688362,-0.095413,0.394342,0.800522,-0.14482,0.415762,0.838836,-0.136943,0.413949,0.831903,-0.124829,0.262593,0.755757,-0.113239,0.328639,0.82715,-0.142728,0.357677,0.860245,-0.132148,0.366397,0.862549,-0.118756
625,20833,True,0.9991,0.9991,0.344165,0.878303,0.0,0.40569,0.828915,-0.019182,0.456682,0.773416,-0.047075,0.484698,0.739332,-0.078632,0.495244,0.743092,-0.111303,0.407171,0.643736,-0.06371,0.422514,0.551544,-0.109528,0.435189,0.484781,-0.137629,0.446498,0.419038,-0.156876,0.344489,0.646586,-0.077502,0.423979,0.737278,-0.127086,0.437084,0.793533,-0.137458,0.428297,0.80141,-0.140521,0.297749,0.697298,-0.092347,0.393486,0.80937,-0.138678,0.415524,0.846582,-0.131978,0.416115,0.842955,-0.121304,0.263517,0.763392,-0.109584,0.327435,0.83532,-0.136735,0.35612,0.867145,-0.126579,0.367072,0.872466,-0.113828
626,20866,True,0.9989,0.9989,0.33855,0.889396,0.0,0.405273,0.83032,-0.016912,0.458231,0.771584,-0.04371,0.489973,0.742279,-0.074715,0.497689,0.757777,-0.106244,0.408812,0.6492,-0.060009,0.428019,0.562789,-0.106308,0.441995,0.499584,-0.133569,0.454721,0.437286,-0.152112,0.347378,0.654935,-0.075855,0.431682,0.754509,-0.124735,0.442174,0.812766,-0.13204,0.429058,0.813649,-0.132602,0.301307,0.708724,-0.0932,0.40221,0.82784,-0.14019,0.417934,0.863801,-0.130754,0.409803,0.849139,-0.117664,0.268972,0.777675,-0.112975,0.339972,0.855636,-0.140863,0.365048,0.884927,-0.128864,0.367587,0.883823,-0.114369
627,20900,True,0.9991,0.9991,0.336463,0.896728,0.0,0.401861,0.833785,-0.014693,0.457569,0.775717,-0.042608,0.493447,0.751412,-0.075045,0.506678,0.773316,-0.109475,0.411471,0.658222,-0.064039,0.43393,0.571041,-0.110651,0.451068,0.506746,-0.139885,0.466558,0.445547,-0.160608,0.350866,0.666924,-0.081715,0.441569,0.762581,-0.133027,0.454471,0.821986,-0.143217,0.442004,0.832684,-0.146097,0.304616,0.723221,-0.099746,0.408436,0.840131,-0.146776,0.423296,0.876045,-0.137823,0.415259,0.866745,-0.12542,0.271418,0.792836,-0.119811,0.345515,0.868615,-0.146586,0.369354,0.899,-0.133494,0.371243,0.899542,-0.118832
628,20933,True,0.9993,0.9993,0.334214,0.909944,0.0,0.402088,0.84506,-0.012916,0.460845,0.785449,-0.040285,0.499936,0.759614,-0.072256,0.509226,0.779945,-0.1065,0.411489,0.665098,-0.064751,0.438621,0.582342,-0.111938,0.456903,0.520493,-0.142474,0.472559,0.461633,-0.163808,0.352284,0.676946,-0.082987,0.445553,0.772436,-0.132071,0.454309,0.824561,-0.141863,0.43849,0.828949,-0.145926,0.306406,0.735562,-0.10147,0.411641,0.848413,-0.147463,0.424573,0.879903,-0.140069,0.415672,0.86917,-0.129718,0.27386,0.806898,-0.121682,0.350278,0.879934,-0.147712,0.373458,0.907677,-0.135311,0.375936,0.909176,-0.122015
629,20966,True,0.9995,0.9995,0.327549,0.915961,0.0,0.397745,0.843773,-0.011937,0.458685,0.784327,-0.04141,0.499983,0.763696,-0.07551,0.507405,0.795461,-0.111901,0.410269,0.671349,-0.069573,0.438597,0.591722,-0.117936,0.457895,0.529269,-0.149044,0.475076,0.471894,-0.170536,0.351877,0.684591,-0.088151,0.453495,0.787531,-0.136035,0.460531,0.841472,-0.142566,0.442351,0.847676,-0.144397,0.307259,0.744844,-0.106524,0.418353,0.861021,-0.149342,0.427064,0.889917,-0.137353,0.412756,0.878813,-0.124425,0.276586,0.817175,-0.126861,0.360526,0.89503,-0.150536,0.381001,0.919795,-0.135119,0.377053,0.919884,-0.119767
630,21000,True,0.9997,0.9997,0.325396,0.920523,0.0,0.396411,0.848414,-0.011733,0.457607,0.791923,-0.042301,0.49834,0.774814,-0.077,0.502226,0.808985,-0.114319,0.41211,0.675845,-0.074584,0.440347,0.595036,-0.123009,0.461375,0.531659,-0.154027,0.48013,0.474125,-0.175318,0.353587,0.689847,-0.09371,0.457479,0.797014,-0.139722,0.464105,0.855098,-0.144005,0.443872,0.864564,-0.144913,0.307751,0.751989,-0.112244,0.420375,0.868884,-0.153519,0.428383,0.899151,-0.139236,0.411362,0.890109,-0.125446,0.275895,0.8269,-0.132651,0.358109,0.902739,-0.155112,0.379939,0.927483,-0.137521,0.376972,0.929262,-0.121018
631,21033,True,0.9997,0.9997,0.321661,0.924872,0.0,0.395804,0.852058,-0.009437,0.458138,0.796824,-0.039568,0.500107,0.782778,-0.074531,0.504019,0.817244,-0.112256,0.413868,0.679455,-0.073147,0.442031,0.596851,-0.12188,0.464147,0.533973,-0.152226,0.484363,0.477773,-0.172528,0.355797,0.693888,-0.093798,0.460592,0.798071,-0.139581,0.466315,0.856559,-0.142721,0.445478,0.865023,-0.142336,0.309911,0.756401,-0.113803,0.423194,0.873894,-0.156155,0.43122,0.905654,-0.141859,0.413375,0.896763,-0.127317,0.277997,0.83179,-0.135332,0.360077,0.908136,-0.158039,0.381697,0.933385,-0.139852,0.377531,0.935382,-0.122616
632,21066,True,0.9996,0.9996,0.318196,0.930388,0.0,0.395319,0.857543,-0.008357,0.458361,0.800691,-0.037383,0.498513,0.782966,-0.070828,0.498954,0.812685,-0.106567,0.413379,0.682562,-0.073053,0.44398,0.600482,-0.121477,0.465544,0.536845,-0.151449,0.485502,0.480631,-0.171297,0.356521,0.695856,-0.093907,0.461325,0.800361,-0.138828,0.465588,0.853707,-0.140889,0.445445,0.859458,-0.139635,0.310061,0.75713,-0.11408,0.424126,0.875826,-0.156029,0.431695,0.904871,-0.141555,0.415421,0.895032,-0.126689,0.277628,0.83211,-0.135713,0.361004,0.910846,-0.159258,0.382931,0.934732,-0.14203,0.380041,0.936106,-0.125138
633,21100,True,0.9995,0.9995,0.317673,0.930119,0.0,0.396626,0.855083,-0.008317,0.461751,0.79634,-0.036952,0.503548,0.782346,-0.070265,0.503782,0.817832,-0.10597,0.414837,0.682005,-0.071505,0.444254,0.599366,-0.118695,0.466183,0.537078,-0.147467,0.486514,0.483232,-0.166315,0.357168,0.6967,-0.092549,0.458259,0.80034,-0.136065,0.466253,0.851813,-0.137191,0.448715,0.855729,-0.134889,0.309752,0.75807,-0.113064,0.422509,0.875768,-0.154494,0.43468,0.905997,-0.139604,0.420792,0.897944,-0.123744,0.276722,0.833045,-0.135135,0.35963,0.909252,-0.158755,0.383463,0.934364,-0.141177,0.381992,0.9387,-0.123379
634,21133,True,0.9995,0.9995,0.314176,0.930221,0.0,0.394861,0.853948,-0.007902,0.461404,0.792804,-0.03589,0.504058,0.777085,-0.06811,0.50493,0.816307,-0.102603,0.413839,0.684582,-0.073791,0.443423,0.602429,-0.121629,0.464847,0.540189,-0.150324,0.48542,0.486428,-0.169066,0.357325,0.699015,-0.095203,0.458888,0.797668,-0.139327,0.466023,0.847158,-0.13999,0.448953,0.851737,-0.137244,0.310309,0.759327,-0.115926,0.424684,0.875977,-0.157027,0.433998,0.905874,-0.141711,0.419213,0.898311,-0.125572,0.277375,0.83368,-0.138295,0.361903,0.910142,-0.161569,0.384759,0.934845,-0.144314,0.382956,0.939226,-0.126887
635,21166,True,0.9996,0.9996,0.313459,0.927892,0.0,0.392924,0.852167,-0.007985,0.458831,0.793239,-0.036557,0.501263,0.779655,-0.069244,0.501622,0.820399,-0.104193,0.413195,0.684826,-0.074584,0.442562,0.60244,-0.121704,0.462481,0.5416,-0.150146,0.482243,0.487331,-0.169352,0.356567,0.700122,-0.096856,0.457571,0.792226,-0.140331,0.464737,0.845471,-0.141565,0.448269,0.849685,-0.139726,0.309883,0.760664,-0.118249,0.423285,0.870521,-0.158348,0.433642,0.906556,-0.143223,0.418261,0.901174,-0.127968,0.277336,0.835809,-0.141304,0.36006,0.907311,-0.16323,0.383625,0.935408,-0.145342,0.381082,0.941918,-0.128295
636,21200,True,0.9997,0.9997,0.311769,0.928131,0.0,0.392138,0.850526,-0.006982,0.457866,0.791017,-0.035334,0.501751,0.77675,-0.068113,0.500893,0.816745,-0.102952,0.412884,0.683492,-0.072221,0.439545,0.602193,-0.119202,0.458361,0.54113,-0.146615,0.476281,0.487568,-0.164857,0.356982,0.699447,-0.095276,0.457215,0.788388,-0.138715,0.464869,0.845965,-0.138253,0.447932,0.851211,-0.134512,0.310835,0.759859,-0.117671,0.423475,0.868239,-0.15838,0.433936,0.907069,-0.141744,0.416979,0.901713,-0.124864,0.278648,0.835257,-0.141679,0.36162,0.906763,-0.163737,0.384784,0.935368,-0.145065,0.379563,0.94065,-0.127189
637,21233,True,0.9996,0.9996,0.309778,0.925496,0.0,0.389961,0.846723,-0.005011,0.456313,0.787426,-0.033106,0.500557,0.772848,-0.065917,0.49964,0.813367,-0.101312,0.408555,0.682331,-0.071362,0.434969,0.60213,-0.116725,0.45376,0.542237,-0.144009,0.470391,0.490437,-0.162709,0.354162,0.700289,-0.09495,0.455462,0.786499,-0.137896,0.466509,0.840287,-0.139034,0.451539,0.846261,-0.137037,0.309548,0.762155,-0.117259,0.422688,0.868006,-0.156842,0.434241,0.903686,-0.141687,0.418402,0.899714,-0.126497,0.278507,0.837311,-0.140832,0.36108,0.906534,-0.162594,0.384417,0.933627,-0.144906,0.38154,0.939668,-0.1282
638,21266,True,0.9997,0.9997,0.308278,0.92408,0.0,0.38859,0.845281,-0.004557,0.455997,0.785598,-0.032842,0.501378,0.770537,-0.065931,0.498839,0.813069,-0.101649,0.406447,0.683528,-0.07197,0.432623,0.604079,-0.119053,0.452692,0.543962,-0.147389,0.4699,0.49232,-0.166343,0.352724,0.700907,-0.095675,0.454544,0.785971,-0.139114,0.463682,0.839596,-0.139465,0.44603,0.843269,-0.136608,0.308967,0.761911,-0.118189,0.42208,0.867129,-0.158619,0.432701,0.902844,-0.143028,0.41495,0.897735,-0.127112,0.278869,0.836502,-0.141879,0.362621,0.906816,-0.163895,0.385145,0.933647,-0.145902,0.380129,0.938879,-0.128808
639,21300,True,0.9997,0.9997,0.309075,0.926394,0.0,0.38889,0.848328,-0.004012,0.454932,0.788658,-0.031268,0.499599,0.772296,-0.063392,0.500319,0.811919,-0.09795,0.40576,0.684137,-0.068902,0.430655,0.60566,-0.115252,0.449744,0.545411,-0.142843,0.466136,0.494077,-0.161065,0.352717,0.700444,-0.092516,0.453678,0.784832,-0.135771,0.462755,0.839054,-0.136061,0.445574,0.845005,-0.132623,0.309223,0.760687,-0.115106,0.42129,0.867012,-0.155994,0.431822,0.903587,-0.141199,0.414741,0.899917,-0.125231,0.279136,0.835169,-0.138739,0.363267,0.907401,-0.160642,0.386027,0.934506,-0.142943,0.381303,0.939684,-0.125786
640,21333,True,0.9996,0.9996,0.311059,0.925694,0.0,0.39118,0.846908,-0.003851,0.457713,0.786298,-0.031007,0.502006,0.769876,-0.06328,0.499677,0.812671,-0.098266,0.405207,0.683608,-0.067981,0.429681,0.606078,-0.113009,0.449239,0.546421,-0.13984,0.466299,0.495765,-0.157939,0.35181,0.700799,-0.091577,0.452878,0.785111,-0.133753,0.462157,0.839035,-0.133896,0.445416,0.842259,-0.130678,0.308963,0.761475,-0.114053,0.421504,0.868454,-0.153292,0.432579,0.903578,-0.138517,0.416059,0.897736,-0.123189,0.279426,0.836015,-0.137692,0.36475,0.909737,-0.158669,0.386975,0.935698,-0.141332,0.381673,0.938873,-0.12484
641,21366,True,0.9997,0.9997,0.31146,0.928147,0.0,0.390566,0.848611,-0.004075,0.456632,0.78706,-0.031184,0.501159,0.769504,-0.063374,0.499234,0.811508,-0.098183,0.404322,0.685441,-0.067765,0.428461,0.608784,-0.113131,0.447356,0.549536,-0.14027,0.463461,0.49832,-0.158481,0.351201,0.70263,-0.091329,0.453676,0.788883,-0.13359,0.461741,0.84554,-0.133287,0.442861,0.849832,-0.129744,0.30864,0.763575,-0.113951,0.422881,0.869045,-0.15393,0.433256,0.905592,-0.139072,0.41501,0.899804,-0.123661,0.279702,0.838465,-0.137695,0.364685,0.909431,-0.159058,0.386142,0.935845,-0.141469,0.379339,0.939981,-0.124864
642,21400,True,0.9996,0.9996,0.30966,0.929529,0.0,0.388542,0.850451,-0.003015,0.454459,0.788922,-0.028754,0.498935,0.770057,-0.0596,0.497923,0.810568,-0.09309,0.40318,0.687635,-0.065173,0.426118,0.612015,-0.109355,0.444283,0.553094,-0.135965,0.459452,0.502271,-0.153844,0.351417,0.704473,-0.088776,0.454018,0.789258,-0.129693,0.46023,0.844719,-0.129734,0.439694,0.847928,-0.126696,0.309518,0.764422,-0.111368,0.422817,0.869743,-0.150802,0.430078,0.905751,-0.13737,0.410439,0.898843,-0.123063,0.280528,0.838475,-0.134903,0.364561,0.909999,-0.15586,0.385411,0.936496,-0.138967,0.37912,0.941168,-0.123048
643,21433,True,0.9996,0.9996,0.314312,0.930151,0.0,0.394795,0.851576,-0.003127,0.461191,0.786237,-0.026708,0.503554,0.766504,-0.054954,0.498082,0.812261,-0.086244,0.403261,0.690452,-0.064532,0.425081,0.613736,-0.106412,0.442452,0.555515,-0.131493,0.457193,0.504964,-0.148493,0.350963,0.707662,-0.087206,0.450263,0.792034,-0.126968,0.459509,0.847444,-0.126904,0.441642,0.853711,-0.123496,0.307923,0.76732,-0.108747,0.417981,0.870713,-0.148283,0.432955,0.90484,-0.137174,0.421488,0.899322,-0.123906,0.278248,0.840469,-0.13093,0.359496,0.90857,-0.151727,0.385919,0.93646,-0.135875,0.38795,0.945609,-0.120533
644,21466,True,0.9996,0.9996,0.311848,0.929042,0.0,0.389017,0.84697,-0.005414,0.453641,0.786797,-0.031987,0.497597,0.770486,-0.06277,0.499036,0.815168,-0.095903,0.404283,0.691709,-0.070806,0.425494,0.618367,-0.118386,0.442533,0.561517,-0.146921,0.457318,0.511077,-0.165277,0.350879,0.710259,-0.092688,0.451802,0.796588,-0.13422,0.460624,0.848217,-0.132331,0.441138,0.852006,-0.127623,0.30823,0.772514,-0.113937,0.41974,0.875918,-0.154353,0.431636,0.905252,-0.139114,0.414816,0.896425,-0.122711,0.279297,0.84725,-0.136262,0.366739,0.919348,-0.157778,0.389749,0.942998,-0.13957,0.382935,0.945894,-0.121996
645,21500,True,0.9996,0.9996,0.315467,0.933599,0.0,0.392766,0.852015,-0.004044,0.457318,0.788057,-0.027679,0.501043,0.772377,-0.055721,0.50213,0.819408,-0.086173,0.402244,0.694006,-0.063712,0.422121,0.625945,-0.106483,0.436249,0.572493,-0.132858,0.448457,0.524494,-0.150303,0.348735,0.712235,-0.085403,0.447425,0.798778,-0.122525,0.456623,0.846092,-0.121114,0.438327,0.84749,-0.117165,0.306191,0.773857,-0.106429,0.416043,0.877247,-0.142509,0.429301,0.903029,-0.128751,0.414668,0.891629,-0.114037,0.276936,0.847754,-0.128629,0.363168,0.920529,-0.147546,0.386716,0.942389,-0.130395,0.382494,0.944954,-0.113916
646,21533,True,0.9996,0.9996,0.320379,0.929249,0.0,0.395934,0.847416,-0.004191,0.458389,0.785552,-0.02766,0.500664,0.773411,-0.055852,0.504825,0.817543,-0.086707,0.402006,0.692276,-0.061304,0.419221,0.629985,-0.102839,0.431438,0.580124,-0.128504,0.44266,0.533991,-0.145537,0.347965,0.712082,-0.082857,0.446685,0.802076,-0.119154,0.455,0.84816,-0.118483,0.435765,0.847793,-0.115147,0.305879,0.774872,-0.103854,0.416089,0.88012,-0.139777,0.428995,0.904632,-0.126573,0.414412,0.891855,-0.112161,0.276209,0.848962,-0.126068,0.362154,0.922119,-0.146006,0.386138,0.94485,-0.129469,0.383141,0.947891,-0.112959
647,21566,True,0.9997,0.9997,0.318279,0.926729,0.0,0.3925,0.85003,-0.003313,0.455427,0.788087,-0.025626,0.497933,0.773715,-0.052548,0.502839,0.814356,-0.082392,0.398817,0.695205,-0.061374,0.416979,0.635162,-0.102603,0.425346,0.585457,-0.12868,0.432024,0.539729,-0.146075,0.346779,0.713532,-0.082875,0.450691,0.808892,-0.118473,0.455069,0.850534,-0.118049,0.432042,0.848876,-0.115697,0.305162,0.776348,-0.103686,0.421425,0.885703,-0.139517,0.427323,0.9051,-0.12677,0.408946,0.889054,-0.113415,0.274651,0.851297,-0.125521,0.362285,0.926236,-0.14646,0.38284,0.947051,-0.130533,0.37992,0.949828,-0.114821
648,21600,True,0.9997,0.9997,0.320535,0.926754,0.0,0.392141,0.851744,-0.004001,0.452875,0.788871,-0.026038,0.494537,0.770389,-0.051817,0.503539,0.804544,-0.080024,0.394556,0.698119,-0.065505,0.408818,0.637888,-0.108753,0.41459,0.587633,-0.135788,0.418642,0.542139,-0.153377,0.342869,0.715991,-0.086247,0.448464,0.81287,-0.123973,0.453274,0.851336,-0.123398,0.431234,0.851754,-0.120542,0.300687,0.778593,-0.106438,0.418278,0.890315,-0.145565,0.424206,0.905007,-0.13429,0.407286,0.886616,-0.121249,0.270218,0.853514,-0.127315,0.358313,0.92937,-0.151283,0.37837,0.946683,-0.137209,0.375984,0.946896,-0.122408
649,21633,True,0.9997,0.9997,0.320294,0.928196,0.0,0.38567,0.853815,-0.004254,0.444274,0.788587,-0.024731,0.486172,0.767326,-0.048421,0.503537,0.80491,-0.074581,0.391616,0.699719,-0.063537,0.405021,0.638268,-0.104384,0.407886,0.587581,-0.130709,0.410654,0.538679,-0.148799,0.341713,0.715362,-0.083294,0.44794,0.81029,-0.120547,0.455325,0.850145,-0.122277,0.437586,0.857802,-0.121741,0.300635,0.776817,-0.102323,0.418664,0.887461,-0.140838,0.423741,0.904784,-0.133163,0.409171,0.891866,-0.123175,0.270379,0.851477,-0.121913,0.355647,0.923473,-0.144843,0.374042,0.943519,-0.132753,0.373725,0.947578,-0.120229
650,21666,True,0.9997,0.9997,0.322683,0.926081,0.0,0.388287,0.849577,-0.005477,0.445915,0.78225,-0.026081,0.48701,0.759593,-0.049633,0.502783,0.79551,-0.075579,0.388354,0.695957,-0.063453,0.399246,0.634883,-0.103426,0.401463,0.586542,-0.129045,0.402504,0.539278,-0.146744,0.337642,0.71454,-0.082954,0.442884,0.802454,-0.119443,0.456769,0.842669,-0.121455,0.444296,0.850205,-0.121193,0.296029,0.777312,-0.10183,0.413458,0.883207,-0.139985,0.425353,0.90147,-0.132371,0.415605,0.889616,-0.122467,0.266283,0.852276,-0.121428,0.351443,0.919688,-0.144143,0.374652,0.940384,-0.131808,0.377724,0.946299,-0.119163
651,21700,True,0.9996,0.9996,0.322637,0.922105,0.0,0.387208,0.845681,-0.006508,0.443898,0.777891,-0.028048,0.484178,0.756437,-0.052548,0.498399,0.79612,-0.079391,0.386506,0.695083,-0.065311,0.394841,0.632751,-0.107207,0.393412,0.582174,-0.13367,0.392803,0.53191,-0.152004,0.335307,0.712741,-0.084478,0.441518,0.798321,-0.123908,0.449515,0.839327,-0.126874,0.434961,0.845177,-0.12664,0.294917,0.773958,-0.10308,0.414743,0.87962,-0.143087,0.421905,0.898924,-0.136218,0.410935,0.885922,-0.12636,0.266229,0.848265,-0.122551,0.349268,0.915507,-0.146066,0.370164,0.935499,-0.13473,0.375123,0.939518,-0.122689
652,21733,True,0.9996,0.9996,0.324137,0.916389,0.0,0.386747,0.84128,-0.006288,0.44183,0.773372,-0.026543,0.481439,0.749886,-0.049979,0.497828,0.787654,-0.075926,0.385845,0.690721,-0.060645,0.391153,0.626564,-0.098683,0.38852,0.575473,-0.122503,0.387602,0.525607,-0.139598,0.334192,0.708105,-0.079326,0.435934,0.790136,-0.116676,0.450692,0.832683,-0.120159,0.443371,0.841906,-0.120601,0.293594,0.768807,-0.097456,0.408772,0.870621,-0.135806,0.423395,0.891344,-0.130945,0.419267,0.881926,-0.123057,0.264362,0.84128,-0.116393,0.346029,0.907453,-0.138561,0.368677,0.930422,-0.128466,0.3746,0.936296,-0.117963
653,21766,True,0.9996,0.9996,0.322994,0.913156,0.0,0.384515,0.839084,-0.006137,0.440018,0.773345,-0.027403,0.480565,0.750496,-0.052022,0.49524,0.788059,-0.079055,0.383577,0.691416,-0.064162,0.389733,0.622309,-0.104059,0.387907,0.568118,-0.128831,0.388713,0.515795,-0.146546,0.333457,0.708031,-0.082713,0.436812,0.789727,-0.121409,0.44621,0.829445,-0.124955,0.435625,0.836233,-0.125683,0.295362,0.768979,-0.100532,0.414874,0.873434,-0.138772,0.424185,0.889848,-0.133579,0.415993,0.87753,-0.125891,0.268256,0.84238,-0.119208,0.350577,0.90838,-0.141657,0.367005,0.926269,-0.132316,0.368143,0.928031,-0.122568
654,21800,True,0.9995,0.9995,0.322884,0.909627,0.0,0.385279,0.833731,-0.005381,0.440309,0.766095,-0.024947,0.480149,0.744259,-0.047942,0.49661,0.781779,-0.073238,0.381727,0.684655,-0.060359,0.386553,0.617401,-0.099256,0.382736,0.563596,-0.123476,0.381553,0.511732,-0.140782,0.331924,0.702593,-0.078791,0.434249,0.781485,-0.116393,0.444963,0.820627,-0.119402,0.435083,0.827883,-0.119619,0.294171,0.763706,-0.096675,0.411484,0.865526,-0.133404,0.420983,0.882413,-0.127456,0.412669,0.869973,-0.119331,0.267336,0.836886,-0.115546,0.350075,0.90416,-0.136785,0.366833,0.920911,-0.12718,0.367952,0.920336,-0.117308
655,21833,True,0.9995,0.9995,0.325509,0.905693,0.0,0.385982,0.831906,-0.006488,0.438597,0.76557,-0.026301,0.477446,0.742198,-0.049486,0.496107,0.77532,-0.074821,0.382124,0.678383,-0.059346,0.383135,0.609776,-0.096408,0.377474,0.556099,-0.119119,0.374281,0.504447,-0.135827,0.331699,0.696936,-0.077697,0.43091,0.772185,-0.115214,0.45121,0.812504,-0.118484,0.450287,0.82332,-0.118761,0.29363,0.758458,-0.095689,0.408248,0.858118,-0.131755,0.424497,0.878,-0.125317,0.421176,0.869626,-0.117047,0.266937,0.832052,-0.11495,0.347169,0.897125,-0.135569,0.366985,0.916343,-0.1256,0.370075,0.917457,-0.11563
656,21866,True,0.9995,0.9995,0.326239,0.9027,0.0,0.388448,0.829779,-0.007102,0.440948,0.76587,-0.028843,0.477485,0.742663,-0.054056,0.492068,0.775819,-0.081258,0.382468,0.674191,-0.061976,0.381847,0.603534,-0.101564,0.374463,0.549302,-0.126137,0.369898,0.496027,-0.14394,0.330536,0.692508,-0.080368,0.43216,0.77135,-0.119815,0.448314,0.81518,-0.123599,0.441967,0.826081,-0.123989,0.292745,0.755062,-0.098278,0.409869,0.855533,-0.13511,0.424298,0.876314,-0.127148,0.417927,0.866301,-0.117723,0.267235,0.829677,-0.117528,0.349834,0.894057,-0.138387,0.368127,0.912838,-0.127011,0.368068,0.912014,-0.115751
657,21900,True,0.9996,0.9996,0.326276,0.900598,0.0,0.389236,0.827092,-0.008448,0.441096,0.761861,-0.030269,0.477548,0.739575,-0.055434,0.493032,0.768849,-0.082577,0.38021,0.668007,-0.061091,0.378741,0.598629,-0.100599,0.371323,0.546883,-0.125358,0.36624,0.494705,-0.143412,0.328833,0.688897,-0.079733,0.430236,0.761438,-0.119584,0.450179,0.804448,-0.124846,0.447106,0.813923,-0.126256,0.29106,0.752582,-0.098209,0.409326,0.84835,-0.135149,0.427051,0.871947,-0.127831,0.422547,0.863393,-0.118852,0.266051,0.828535,-0.1183,0.348645,0.890143,-0.139218,0.369121,0.908781,-0.128183,0.370354,0.907965,-0.117197
658,21933,True,0.9994,0.9994,0.328374,0.896239,0.0,0.390603,0.82415,-0.008653,0.440921,0.756945,-0.029873,0.475876,0.732217,-0.054557,0.491651,0.762803,-0.081471,0.382328,0.660875,-0.059229,0.378331,0.588377,-0.096343,0.368735,0.538031,-0.118838,0.362162,0.485603,-0.135398,0.330053,0.6806,-0.077761,0.423016,0.748887,-0.118618,0.44707,0.79518,-0.125914,0.448925,0.806785,-0.127929,0.290439,0.741424,-0.095908,0.40353,0.832861,-0.135679,0.430209,0.86537,-0.132826,0.433973,0.864897,-0.125483,0.263609,0.814426,-0.115247,0.340575,0.871867,-0.137181,0.368428,0.897841,-0.128341,0.378844,0.905795,-0.118331
659,21966,True,0.9987,0.9987,0.33461,0.88345,0.0,0.39636,0.813453,-0.010718,0.446236,0.74861,-0.035187,0.481071,0.725808,-0.063142,0.494543,0.759479,-0.093518,0.387593,0.648026,-0.06375,0.380238,0.573573,-0.103174,0.368266,0.521684,-0.127047,0.360305,0.467426,-0.144901,0.333948,0.668499,-0.082268,0.41858,0.7337,-0.127614,0.443138,0.783846,-0.136467,0.446975,0.798549,-0.139122,0.294533,0.729876,-0.100266,0.399932,0.817327,-0.142789,0.429285,0.853379,-0.139344,0.43725,0.856375,-0.131305,0.267788,0.802267,-0.119579,0.342442,0.856195,-0.142923,0.367633,0.885494,-0.133908,0.376402,0.893784,-0.123789
660,22000,True,0.9994,0.9994,0.340726,0.867356,0.0,0.403951,0.798392,-0.011987,0.451387,0.737635,-0.039869,0.48392,0.715687,-0.071332,0.499924,0.748509,-0.104969,0.396925,0.63242,-0.067022,0.391414,0.55227,-0.110646,0.381725,0.496079,-0.136465,0.376612,0.438705,-0.154957,0.34279,0.649973,-0.085716,0.43365,0.717484,-0.135048,0.455875,0.782973,-0.142043,0.456152,0.807648,-0.141601,0.303348,0.709423,-0.104175,0.413788,0.79765,-0.149009,0.436983,0.84184,-0.140466,0.437449,0.847729,-0.12787,0.276571,0.780927,-0.124172,0.350228,0.834329,-0.14863,0.37894,0.866505,-0.136147,0.391077,0.874635,-0.122447
661,22033,True,0.9995,0.9995,0.351177,0.853833,0.0,0.417501,0.783612,-0.009265,0.464455,0.725759,-0.037884,0.495407,0.70173,-0.071064,0.512472,0.728513,-0.106434,0.409718,0.614632,-0.065223,0.408386,0.529498,-0.111354,0.404361,0.466782,-0.138696,0.402088,0.407421,-0.156932,0.356028,0.631646,-0.08566,0.449084,0.685855,-0.135524,0.474312,0.748715,-0.141522,0.474603,0.773183,-0.139362,0.317443,0.690519,-0.105765,0.430493,0.772524,-0.153349,0.455097,0.82194,-0.143785,0.452065,0.83444,-0.128655,0.292197,0.761812,-0.126899,0.372831,0.811396,-0.151946,0.402172,0.845109,-0.136829,0.408517,0.85791,-0.120289
662,22066,True,0.9995,0.9995,0.36116,0.847592,0.0,0.433377,0.786031,-0.0128,0.485247,0.733407,-0.043694,0.515978,0.709641,-0.079286,0.525666,0.723265,-0.11672,0.429655,0.607381,-0.06425,0.430605,0.513049,-0.108726,0.432434,0.445554,-0.135061,0.436746,0.386545,-0.152542,0.375166,0.620101,-0.083686,0.46448,0.671061,-0.135241,0.497488,0.731707,-0.144295,0.506547,0.760533,-0.143945,0.333874,0.673773,-0.102984,0.44335,0.755716,-0.150078,0.473725,0.811103,-0.140105,0.478215,0.835163,-0.124663,0.305495,0.741038,-0.123955,0.384597,0.791096,-0.149029,0.417932,0.828662,-0.134032,0.429384,0.847629,-0.117179
663,22100,True,0.9997,0.9997,0.369838,0.844613,0.0,0.448357,0.775761,-0.00729,0.505391,0.718418,-0.038305,0.539746,0.694965,-0.074835,0.547698,0.717798,-0.113422,0.446268,0.59575,-0.06661,0.455721,0.498737,-0.111321,0.467448,0.429799,-0.136507,0.480828,0.372936,-0.153151,0.393143,0.611421,-0.089721,0.496872,0.67003,-0.141511,0.523711,0.741076,-0.148321,0.521666,0.766626,-0.146233,0.354009,0.667092,-0.111505,0.474077,0.752838,-0.158001,0.496702,0.811408,-0.144105,0.489316,0.829238,-0.126251,0.327615,0.736879,-0.134439,0.416518,0.789529,-0.15918,0.450795,0.8277,-0.140881,0.458136,0.843779,-0.121515
664,22133,True,0.9997,0.9997,0.379846,0.846722,0.0,0.468516,0.772333,-0.005054,0.52867,0.711491,-0.033321,0.564076,0.686391,-0.066999,0.562577,0.715755,-0.102998,0.468481,0.586909,-0.062251,0.492725,0.49458,-0.107808,0.512006,0.425706,-0.135179,0.529739,0.368086,-0.153601,0.415245,0.601168,-0.086649,0.525585,0.670685,-0.134765,0.538962,0.746935,-0.139648,0.525232,0.769314,-0.138149,0.374173,0.657644,-0.11024,0.494307,0.749007,-0.15579,0.503615,0.805294,-0.144278,0.485689,0.812255,-0.129874,0.348004,0.730743,-0.134734,0.43631,0.78905,-0.158224,0.462874,0.825897,-0.140657,0.461334,0.838288,-0.123602
665,22166,True,0.9994,0.9994,0.38666,0.857512,0.0,0.477617,0.797517,-0.00882,0.541577,0.748921,-0.042096,0.579535,0.719421,-0.081735,0.572263,0.721836,-0.123128,0.491854,0.592167,-0.0605,0.526143,0.50257,-0.109307,0.555449,0.433187,-0.138929,0.577656,0.375249,-0.15863,0.437285,0.603738,-0.085415,0.547031,0.679908,-0.136964,0.54874,0.76102,-0.143489,0.523467,0.773949,-0.142879,0.394973,0.657932,-0.110361,0.510575,0.756098,-0.158617,0.511495,0.8158,-0.143956,0.485088,0.815489,-0.127803,0.365265,0.73053,-0.136761,0.450897,0.795959,-0.162426,0.471607,0.834391,-0.143055,0.462833,0.839795,-0.124606
666,22200,True,0.9996,0.9996,0.382742,0.869718,0.0,0.478532,0.819048,-0.012573,0.546089,0.782886,-0.048992,0.590089,0.762747,-0.091075,0.582999,0.756159,-0.134041,0.506727,0.613401,-0.069694,0.547483,0.525457,-0.122913,0.581507,0.460141,-0.155806,0.606699,0.40453,-0.177104,0.45065,0.618122,-0.093436,0.560293,0.711559,-0.148221,0.556066,0.786318,-0.156618,0.525466,0.797012,-0.157283,0.404589,0.669457,-0.11732,0.517129,0.786223,-0.165946,0.511163,0.836431,-0.152296,0.480724,0.826482,-0.137239,0.372437,0.741582,-0.143091,0.457329,0.821981,-0.168206,0.47359,0.854933,-0.149631,0.460061,0.852055,-0.132114
667,22233,True,0.9994,0.9994,0.373671,0.874492,0.0,0.474151,0.820717,-0.011493,0.545346,0.779792,-0.047251,0.592638,0.758404,-0.088105,0.592052,0.756974,-0.129735,0.506716,0.625156,-0.072423,0.559992,0.552186,-0.125498,0.60147,0.499772,-0.158647,0.636945,0.455825,-0.180582,0.453447,0.632919,-0.096305,0.559468,0.740868,-0.15075,0.546162,0.808184,-0.15795,0.515302,0.811022,-0.158834,0.407928,0.686307,-0.120159,0.51966,0.811532,-0.168386,0.507125,0.856511,-0.155144,0.477639,0.842069,-0.141179,0.375778,0.759857,-0.145861,0.462936,0.849184,-0.171965,0.471654,0.879856,-0.155901,0.454366,0.871424,-0.140793
668,22266,True,0.9993,0.9993,0.359731,0.895039,0.0,0.457327,0.824447,-0.003751,0.535033,0.77389,-0.033459,0.587608,0.764209,-0.069531,0.57877,0.794006,-0.107163,0.500468,0.640598,-0.061462,0.560289,0.587048,-0.109971,0.604339,0.54812,-0.14189,0.642277,0.514705,-0.163602,0.447682,0.653052,-0.087712,0.549695,0.776398,-0.134628,0.5328,0.834701,-0.139032,0.502371,0.827484,-0.139743,0.399464,0.711361,-0.113426,0.507152,0.844772,-0.157709,0.493462,0.879844,-0.145371,0.465308,0.858858,-0.132507,0.363484,0.787151,-0.140239,0.452571,0.883556,-0.163364,0.460837,0.91248,-0.146161,0.444183,0.90335,-0.130744
669,22300,True,0.9982,0.9982,0.346761,0.909078,0.0,0.439351,0.830161,-0.005124,0.516481,0.774468,-0.033998,0.569466,0.775161,-0.068719,0.568289,0.821049,-0.104982,0.482565,0.662934,-0.063019,0.545441,0.617528,-0.111026,0.592083,0.585349,-0.143153,0.632953,0.556585,-0.165965,0.429887,0.679495,-0.088973,0.529582,0.795847,-0.139015,0.515485,0.849866,-0.145854,0.488215,0.842492,-0.147836,0.381907,0.739603,-0.114179,0.486389,0.869696,-0.157856,0.474089,0.900594,-0.145792,0.447127,0.877969,-0.133174,0.343767,0.814143,-0.140948,0.431613,0.912008,-0.164001,0.438051,0.93524,-0.14873,0.419281,0.920589,-0.134921
670,22333,True,0.9984,0.9984,0.332246,0.922114,0.0,0.418112,0.846974,-0.003014,0.49629,0.794421,-0.029551,0.552382,0.790331,-0.061907,0.562977,0.823535,-0.096291,0.459058,0.675148,-0.057955,0.519237,0.633874,-0.103881,0.569783,0.606368,-0.136232,0.611987,0.583403,-0.158735,0.407721,0.692521,-0.083236,0.506825,0.812906,-0.12919,0.500252,0.865772,-0.136475,0.475018,0.860175,-0.139388,0.360313,0.754498,-0.107735,0.46165,0.888671,-0.148105,0.455634,0.913113,-0.136903,0.429912,0.888129,-0.125412,0.322324,0.82909,-0.133464,0.406863,0.927769,-0.155389,0.413987,0.948126,-0.140188,0.393027,0.932421,-0.126179
671,22366,True,0.9989,0.9989,0.322105,0.929675,0.0,0.408227,0.850099,-0.003941,0.479282,0.799911,-0.031581,0.528946,0.801526,-0.065545,0.540167,0.835122,-0.102146,0.434916,0.680016,-0.054437,0.483144,0.637796,-0.097678,0.527599,0.610809,-0.128032,0.564631,0.590412,-0.148704,0.378392,0.698866,-0.078078,0.47778,0.81482,-0.119455,0.476146,0.865667,-0.12576,0.450964,0.85951,-0.127882,0.330765,0.760942,-0.101388,0.433931,0.891348,-0.136909,0.438028,0.913168,-0.125813,0.416405,0.886979,-0.114726,0.293804,0.834707,-0.126204,0.381339,0.93181,-0.144893,0.397278,0.952585,-0.129536,0.383036,0.938263,-0.115281
672,22400,True,0.9996,0.9996,0.32991,0.921018,0.0,0.403697,0.839901,-0.010158,0.46678,0.779274,-0.037601,0.510512,0.770519,-0.069467,0.513928,0.810524,-0.103104,0.417946,0.668468,-0.061233,0.459872,0.622714,-0.103325,0.499658,0.584436,-0.131918,0.533049,0.553081,-0.151528,0.354611,0.683618,-0.080864,0.450029,0.803483,-0.117526,0.455742,0.846038,-0.118155,0.436068,0.835555,-0.116936,0.305022,0.746886,-0.100999,0.409375,0.872426,-0.132503,0.424371,0.888014,-0.115854,0.407707,0.86349,-0.101506,0.269387,0.822861,-0.123953,0.357708,0.915173,-0.143217,0.379206,0.932176,-0.127588,0.367651,0.921089,-0.112261
673,22433,True,0.9986,0.9986,0.333096,0.897999,0.0,0.396116,0.830467,-0.015059,0.452214,0.767188,-0.039522,0.491441,0.750697,-0.067354,0.50148,0.78896,-0.097165,0.399928,0.659281,-0.05823,0.43913,0.59337,-0.096159,0.469742,0.54593,-0.121822,0.498617,0.500861,-0.140642,0.338692,0.669355,-0.073386,0.430575,0.782132,-0.116442,0.437111,0.827641,-0.126538,0.420692,0.834624,-0.130607,0.289483,0.726391,-0.088844,0.393038,0.851722,-0.125108,0.409431,0.871849,-0.119138,0.404493,0.85806,-0.110823,0.253288,0.798545,-0.106874,0.333623,0.877188,-0.127035,0.355112,0.89905,-0.116992,0.354853,0.89875,-0.105679
674,22466,True,0.9991,0.9991,0.330657,0.876703,0.0,0.391164,0.831754,-0.017447,0.441456,0.781143,-0.043685,0.470973,0.753081,-0.073177,0.489335,0.754311,-0.103446,0.398932,0.644227,-0.057892,0.42895,0.562826,-0.099582,0.451696,0.507764,-0.126131,0.473051,0.450873,-0.144966,0.335226,0.645772,-0.07181,0.412397,0.747427,-0.118899,0.429721,0.803912,-0.130679,0.424834,0.810967,-0.134946,0.286181,0.696157,-0.086561,0.376582,0.819767,-0.127714,0.401501,0.851596,-0.121335,0.403213,0.83906,-0.111914,0.25082,0.762608,-0.10369,0.315823,0.842913,-0.126501,0.340916,0.872661,-0.115781,0.345144,0.870353,-0.103153
675,22500,True,0.9994,0.9994,0.336255,0.858138,0.0,0.396256,0.811822,-0.017148,0.449075,0.758581,-0.045249,0.479025,0.728926,-0.077517,0.487668,0.7393,-0.110503,0.400887,0.619839,-0.059637,0.424936,0.531828,-0.103343,0.445898,0.474786,-0.129431,0.465634,0.416923,-0.147385,0.336147,0.628953,-0.075436,0.412885,0.719745,-0.124583,0.431598,0.778041,-0.134072,0.42529,0.783275,-0.136006,0.287014,0.682828,-0.092335,0.378912,0.794917,-0.136558,0.404748,0.831354,-0.127523,0.404122,0.82226,-0.115451,0.25251,0.749757,-0.111525,0.320325,0.821827,-0.134644,0.349637,0.855955,-0.120911,0.354768,0.859095,-0.106117
676,22533,True,0.9995,0.9995,0.33987,0.850659,0.0,0.3996,0.804743,-0.017547,0.449356,0.757063,-0.049243,0.477803,0.727673,-0.085342,0.492436,0.727123,-0.122658,0.405862,0.610776,-0.066704,0.428265,0.517171,-0.11487,0.449725,0.453641,-0.143762,0.469289,0.391706,-0.163492,0.340968,0.61564,-0.083444,0.423866,0.702959,-0.137631,0.440216,0.772202,-0.148395,0.430641,0.787174,-0.150951,0.291518,0.667162,-0.100915,0.381779,0.773629,-0.14843,0.404751,0.817124,-0.139022,0.402125,0.815341,-0.12692,0.256063,0.73346,-0.120565,0.319961,0.803022,-0.146736,0.348361,0.838606,-0.133896,0.352501,0.842572,-0.119722
677,22566,True,0.9993,0.9993,0.340509,0.855185,0.0,0.402133,0.805806,-0.016217,0.453565,0.753434,-0.046781,0.48348,0.723863,-0.081838,0.496302,0.732995,-0.118685,0.41052,0.613302,-0.066704,0.434275,0.517931,-0.113628,0.456958,0.452791,-0.142853,0.476838,0.390384,-0.163003,0.346413,0.615575,-0.082963,0.43174,0.70622,-0.134831,0.446953,0.775396,-0.144894,0.435926,0.797268,-0.147621,0.29645,0.66514,-0.099498,0.389495,0.771321,-0.1437,0.408756,0.815479,-0.133863,0.402726,0.819564,-0.122248,0.259356,0.730398,-0.118233,0.326866,0.799496,-0.141203,0.352928,0.835857,-0.127292,0.353974,0.843608,-0.113013
678,22600,True,0.999,0.999,0.343551,0.873453,0.0,0.411135,0.828264,-0.021561,0.463164,0.782847,-0.055576,0.502846,0.76285,-0.094403,0.53171,0.753283,-0.133877,0.422037,0.629302,-0.063846,0.448276,0.541179,-0.114454,0.470465,0.474495,-0.145774,0.489224,0.412648,-0.166402,0.358549,0.624758,-0.077374,0.442083,0.73242,-0.128462,0.445078,0.794497,-0.136544,0.424205,0.79286,-0.137678,0.307927,0.6718,-0.093065,0.398896,0.797105,-0.139913,0.407187,0.835767,-0.128567,0.392904,0.821257,-0.114902,0.267901,0.736287,-0.111587,0.332844,0.820189,-0.139307,0.355704,0.854348,-0.125855,0.355131,0.854114,-0.110292
679,22633,True,0.9987,0.9987,0.332683,0.901342,0.0,0.397799,0.842564,-0.015272,0.457684,0.786306,-0.043004,0.498249,0.763595,-0.075937,0.515616,0.781063,-0.110758,0.425142,0.654493,-0.056661,0.460479,0.581166,-0.103602,0.486757,0.526332,-0.13369,0.510792,0.471339,-0.15391,0.360715,0.652275,-0.07216,0.442678,0.77293,-0.121693,0.444881,0.838034,-0.131074,0.423342,0.84515,-0.132795,0.308468,0.701295,-0.088819,0.397434,0.834939,-0.134952,0.405242,0.874201,-0.125583,0.390215,0.861768,-0.111946,0.267937,0.766632,-0.107462,0.334968,0.852777,-0.132544,0.354072,0.887652,-0.118292,0.350013,0.889286,-0.101941
680,22666,True,0.9978,0.9978,0.329591,0.926375,0.0,0.401939,0.866596,-0.014966,0.463828,0.814028,-0.041308,0.507257,0.810491,-0.073064,0.527705,0.847368,-0.106512,0.423938,0.687513,-0.049222,0.461865,0.642565,-0.092595,0.49021,0.601447,-0.12379,0.5201,0.56246,-0.146203,0.363853,0.693153,-0.065821,0.447284,0.831263,-0.108496,0.440134,0.876493,-0.118517,0.418193,0.865248,-0.123512,0.314282,0.750204,-0.084109,0.401873,0.899052,-0.120947,0.390753,0.914878,-0.111229,0.367611,0.880101,-0.101102,0.273531,0.820193,-0.105784,0.345587,0.926847,-0.130106,0.347668,0.94441,-0.120291,0.329076,0.926179,-0.108663
681,22700,True,0.9928,0.9928,0.3404,0.927675,0.0,0.406851,0.882349,-0.015848,0.467463,0.839967,-0.040094,0.509627,0.852074,-0.068686,0.525841,0.892515,-0.09865,0.428001,0.724969,-0.049646,0.470843,0.708576,-0.09211,0.507596,0.685309,-0.122905,0.546945,0.668412,-0.143537,0.370414,0.731054,-0.063489,0.450032,0.893586,-0.101166,0.434107,0.922838,-0.106285,0.414337,0.90103,-0.108552,0.320673,0.787164,-0.079787,0.406154,0.947703,-0.111471,0.387606,0.947905,-0.097573,0.369629,0.911265,-0.085245,0.27761,0.856735,-0.100003,0.348336,0.974161,-0.123154,0.341129,0.979874,-0.113052,0.32311,0.957099,-0.100993
682,22733,True,0.9944,0.9944,0.34023,0.967335,0.0,0.405122,0.935064,-0.02152,0.462925,0.895229,-0.046507,0.503181,0.903128,-0.074498,0.521498,0.934485,-0.103969,0.444224,0.768444,-0.046179,0.487424,0.776484,-0.088648,0.526235,0.764854,-0.12143,0.565672,0.751608,-0.144822,0.384567,0.767552,-0.060048,0.46041,0.944445,-0.109734,0.449745,0.995909,-0.127573,0.431474,0.993634,-0.136252,0.329868,0.818795,-0.076525,0.409203,1.000675,-0.121637,0.392852,1.032072,-0.119232,0.375861,1.017642,-0.111497,0.281452,0.890502,-0.096456,0.340281,1.016513,-0.129427,0.335184,1.044817,-0.12589,0.32221,1.036405,-0.11741
683,22766,True,0.9992,0.9992,0.33552,1.014591,0.0,0.389715,0.988387,-0.015887,0.443829,0.946445,-0.037863,0.485107,0.937831,-0.063839,0.514502,0.936933,-0.092195,0.434324,0.803973,-0.041111,0.483594,0.806269,-0.084206,0.524848,0.805678,-0.116866,0.565854,0.80442,-0.138741,0.377381,0.79433,-0.05618,0.45526,0.963304,-0.113293,0.456204,1.056338,-0.135233,0.445365,1.093099,-0.142613,0.322687,0.835403,-0.072539,0.39999,1.007052,-0.125623,0.389594,1.084834,-0.123959,0.370605,1.108743,-0.112937,0.274294,0.900728,-0.090673,0.330446,1.014808,-0.127817,0.330279,1.079321,-0.121858,0.31599,1.104098,-0.109102
684,22800,True,0.9989,0.9989,0.327097,1.016649,0.0,0.384978,0.990556,-0.016388,0.44207,0.953588,-0.038538,0.484658,0.943794,-0.064656,0.502014,0.940755,-0.093851,0.430993,0.815484,-0.042452,0.479095,0.820135,-0.084885,0.519499,0.820641,-0.116399,0.559387,0.819583,-0.13799,0.375598,0.808105,-0.057078,0.452042,0.966479,-0.11485,0.456573,1.06566,-0.137423,0.446751,1.107512,-0.145364,0.320614,0.847931,-0.072931,0.393582,1.005901,-0.126903,0.386255,1.082957,-0.129605,0.368058,1.107778,-0.12182,0.272335,0.910573,-0.090238,0.322258,1.016029,-0.128924,0.324498,1.075713,-0.127794,0.309337,1.098642,-0.118902
685,22833,True,0.9987,0.9987,0.322843,1.019914,0.0,0.378121,0.994743,-0.013783,0.435941,0.957029,-0.035508,0.477355,0.949553,-0.061273,0.50526,0.953578,-0.090206,0.425545,0.82006,-0.042368,0.475089,0.829315,-0.083093,0.514739,0.828205,-0.112774,0.553987,0.827892,-0.133665,0.371184,0.81398,-0.058992,0.443093,0.966891,-0.117566,0.451521,1.06255,-0.139405,0.447325,1.105623,-0.146311,0.31719,0.852294,-0.076065,0.384877,1.015292,-0.130571,0.372239,1.098262,-0.129532,0.353044,1.128097,-0.118499,0.268378,0.91492,-0.094557,0.314538,1.028201,-0.133212,0.314876,1.096025,-0.129272,0.302768,1.124522,-0.118012
686,22866,True,0.9991,0.9991,0.317962,1.017399,0.0,0.375372,0.990206,-0.014307,0.433861,0.950278,-0.035429,0.477651,0.941639,-0.060279,0.504183,0.942361,-0.087878,0.41574,0.81457,-0.039749,0.463628,0.823791,-0.080852,0.503516,0.821432,-0.112831,0.544196,0.818201,-0.135648,0.360397,0.8079,-0.054854,0.441622,0.968125,-0.110492,0.444579,1.056074,-0.131658,0.433281,1.089168,-0.13996,0.307637,0.848785,-0.071163,0.381938,1.004869,-0.120988,0.367367,1.069463,-0.119307,0.342808,1.08169,-0.110569,0.261118,0.915167,-0.089255,0.31648,1.021964,-0.125356,0.314641,1.076001,-0.121761,0.294733,1.091356,-0.112273
687,22900,True,0.9982,0.9982,0.321348,1.006667,0.0,0.379715,0.976561,-0.015035,0.436637,0.9363,-0.036893,0.479736,0.93245,-0.062896,0.50429,0.941212,-0.092016,0.414637,0.804018,-0.039579,0.458006,0.814045,-0.080508,0.496071,0.808233,-0.11263,0.537402,0.80323,-0.135832,0.357661,0.800353,-0.05504,0.440219,0.963916,-0.109272,0.44641,1.045656,-0.130167,0.440229,1.072396,-0.139066,0.304024,0.842721,-0.071933,0.382236,0.999196,-0.122694,0.36618,1.063207,-0.122097,0.342064,1.074582,-0.114108,0.257087,0.908467,-0.09072,0.310928,1.018842,-0.130454,0.306405,1.074609,-0.129157,0.2859,1.090509,-0.120772
688,22933,True,0.9949,0.9949,0.316826,1.001682,0.0,0.374447,0.968946,-0.014708,0.430493,0.927189,-0.036299,0.475684,0.923999,-0.06264,0.509534,0.934031,-0.091644,0.411069,0.79591,-0.038455,0.455416,0.798286,-0.079149,0.494666,0.789622,-0.110507,0.535859,0.782101,-0.13266,0.355867,0.793113,-0.05362,0.438864,0.955737,-0.103996,0.4384,1.019933,-0.123264,0.424248,1.030617,-0.132208,0.303685,0.83712,-0.070582,0.379926,1.001964,-0.119889,0.366171,1.061837,-0.118833,0.344915,1.070801,-0.110194,0.256763,0.90285,-0.089486,0.311376,1.01585,-0.125228,0.308281,1.065947,-0.121702,0.289542,1.076685,-0.112051
689,22966,True,0.9967,0.9967,0.315767,0.99315,0.0,0.380159,0.957159,-0.015923,0.439941,0.910136,-0.038153,0.486166,0.90436,-0.06377,0.508357,0.91797,-0.090898,0.409562,0.781684,-0.044061,0.453094,0.783017,-0.087064,0.492795,0.771408,-0.11943,0.535049,0.758992,-0.142155,0.354502,0.781073,-0.058748,0.440876,0.953849,-0.109151,0.428338,1.00966,-0.124954,0.407944,1.007357,-0.131751,0.303756,0.82965,-0.075601,0.390001,1.004635,-0.121289,0.372279,1.039501,-0.116931,0.351897,1.025915,-0.107685,0.259829,0.899976,-0.095077,0.322843,1.020249,-0.127428,0.31565,1.050771,-0.122961,0.29575,1.043554,-0.113746
690,23000,True,0.995,0.995,0.313302,0.97647,0.0,0.382558,0.941669,-0.018976,0.443672,0.897906,-0.042442,0.489468,0.903302,-0.068659,0.504002,0.929274,-0.096379,0.403766,0.775554,-0.049777,0.447385,0.772054,-0.093902,0.487112,0.757414,-0.127666,0.52971,0.742477,-0.151367,0.350155,0.777954,-0.063288,0.433578,0.945866,-0.109051,0.414627,0.980735,-0.123192,0.389736,0.959617,-0.131806,0.301269,0.828353,-0.079376,0.386784,0.994134,-0.120907,0.369805,1.013222,-0.116484,0.351056,0.988874,-0.109837,0.25868,0.89786,-0.098869,0.32698,1.014217,-0.129521,0.319588,1.037039,-0.125481,0.300587,1.027025,-0.117976
691,23033,True,0.9968,0.9968,0.315628,0.954433,0.0,0.385874,0.917359,-0.018131,0.451352,0.875734,-0.040266,0.497614,0.886474,-0.065156,0.505408,0.921955,-0.091994,0.402965,0.766698,-0.05179,0.442859,0.764632,-0.094263,0.481258,0.748374,-0.128125,0.522228,0.73414,-0.151914,0.347813,0.775315,-0.066013,0.431015,0.937289,-0.107461,0.412152,0.961689,-0.120701,0.385809,0.940005,-0.129872,0.297861,0.829173,-0.082478,0.386642,0.986533,-0.119229,0.367887,0.988888,-0.115655,0.347686,0.955658,-0.110938,0.255146,0.899378,-0.102443,0.326992,1.011356,-0.129135,0.318049,1.022893,-0.124774,0.297688,1.00832,-0.118222
692,23066,True,0.9967,0.9967,0.317118,0.947303,0.0,0.387091,0.90915,-0.016463,0.451255,0.86898,-0.039362,0.497968,0.880718,-0.065934,0.50629,0.920658,-0.094768,0.404772,0.760023,-0.049015,0.443172,0.757439,-0.091185,0.480094,0.740376,-0.124672,0.519478,0.726809,-0.148754,0.349346,0.771959,-0.065044,0.434794,0.927158,-0.107582,0.417809,0.954925,-0.121267,0.391456,0.936321,-0.130575,0.299576,0.828036,-0.083224,0.390053,0.980162,-0.12003,0.371596,0.983792,-0.116456,0.350298,0.9502,-0.112098,0.257644,0.898982,-0.104826,0.33184,1.014202,-0.13166,0.320704,1.025018,-0.128281,0.297105,1.005731,-0.122944
693,23100,True,0.9963,0.9963,0.314411,0.963469,0.0,0.383751,0.92268,-0.014883,0.449057,0.876975,-0.03567,0.496669,0.882369,-0.059846,0.504411,0.916587,-0.085665,0.401264,0.760904,-0.043849,0.439688,0.757357,-0.084015,0.476227,0.741657,-0.115714,0.514958,0.730332,-0.138525,0.347584,0.771995,-0.059473,0.436102,0.928177,-0.100948,0.418591,0.959948,-0.113888,0.392617,0.944495,-0.122257,0.299132,0.827063,-0.077381,0.389407,0.983355,-0.113098,0.36724,0.987599,-0.109965,0.344548,0.952951,-0.105878,0.257944,0.897569,-0.098535,0.331533,1.014252,-0.124131,0.317965,1.024093,-0.121375,0.293251,1.0022,-0.116651
694,23133,True,0.996,0.996,0.311463,0.970212,0.0,0.381623,0.928704,-0.013826,0.446696,0.880859,-0.033747,0.493322,0.884327,-0.057022,0.501896,0.916919,-0.081971,0.396828,0.765328,-0.040916,0.431614,0.759583,-0.079514,0.466983,0.745908,-0.109961,0.504071,0.736203,-0.131971,0.344139,0.77638,-0.057172,0.436614,0.925692,-0.098643,0.423478,0.964195,-0.112237,0.398318,0.954286,-0.120467,0.296631,0.830547,-0.075551,0.389339,0.981989,-0.111378,0.369871,0.99082,-0.109369,0.347598,0.956894,-0.105826,0.25602,0.900271,-0.09687,0.330151,1.013949,-0.122093,0.319035,1.029299,-0.119265,0.295636,1.009786,-0.114557
695,23166,True,0.9951,0.9951,0.309076,0.962409,0.0,0.382872,0.923462,-0.014442,0.450495,0.879151,-0.034636,0.4981,0.883115,-0.058263,0.502999,0.911538,-0.083466,0.397523,0.764019,-0.041299,0.429069,0.760332,-0.079394,0.461672,0.746788,-0.109527,0.497592,0.73785,-0.131449,0.344096,0.775878,-0.056883,0.434522,0.925225,-0.096792,0.416577,0.956673,-0.110015,0.390247,0.939818,-0.118758,0.296661,0.830184,-0.07471,0.389558,0.980501,-0.10847,0.368679,0.983794,-0.105479,0.346872,0.947464,-0.102133,0.256299,0.899736,-0.09583,0.331687,1.012455,-0.120906,0.319187,1.020703,-0.118936,0.295625,0.997287,-0.115093
696,23200,True,0.9955,0.9955,0.303903,0.952821,0.0,0.376863,0.913684,-0.016798,0.445953,0.86922,-0.039421,0.495891,0.871074,-0.065393,0.506207,0.901252,-0.093294,0.395947,0.75722,-0.045619,0.432871,0.754996,-0.086306,0.468641,0.740129,-0.118046,0.506229,0.7311,-0.140621,0.343735,0.771459,-0.061004,0.437492,0.91448,-0.102317,0.416524,0.94403,-0.115272,0.389162,0.926393,-0.123518,0.297333,0.82616,-0.078714,0.391744,0.972185,-0.114144,0.364367,0.972611,-0.110526,0.339983,0.934859,-0.106284,0.257164,0.894502,-0.099873,0.334142,1.006384,-0.125145,0.317701,1.013041,-0.122114,0.292886,0.989519,-0.117428
697,23233,True,0.9955,0.9955,0.309057,0.948781,0.0,0.377458,0.907775,-0.01674,0.443994,0.86262,-0.041283,0.493923,0.867005,-0.069081,0.509232,0.896237,-0.098737,0.398983,0.751579,-0.050968,0.436567,0.748785,-0.094293,0.472482,0.732813,-0.126388,0.50968,0.723176,-0.148625,0.347331,0.764672,-0.066994,0.441179,0.9078,-0.110901,0.419824,0.937534,-0.121747,0.393337,0.918418,-0.127446,0.301273,0.818865,-0.085333,0.39588,0.966861,-0.122674,0.369037,0.967254,-0.116842,0.346219,0.929673,-0.110325,0.26101,0.887928,-0.107053,0.33633,1.003119,-0.133188,0.320978,1.010072,-0.128972,0.298158,0.986343,-0.123029
698,23266,True,0.9965,0.9965,0.315216,0.952932,0.0,0.380013,0.909545,-0.014857,0.443353,0.862524,-0.03877,0.493275,0.865505,-0.066245,0.509107,0.892689,-0.095471,0.4001,0.747519,-0.047185,0.436522,0.743148,-0.089465,0.472263,0.727076,-0.121219,0.509151,0.718478,-0.14346,0.348647,0.760535,-0.06362,0.441685,0.901934,-0.106858,0.421714,0.933252,-0.118469,0.396279,0.916084,-0.124946,0.303504,0.814949,-0.082312,0.39814,0.962049,-0.118202,0.372076,0.96404,-0.112426,0.348851,0.927785,-0.106402,0.264441,0.884922,-0.104321,0.338723,0.998114,-0.129265,0.32244,1.003548,-0.125194,0.298445,0.977221,-0.119656
699,23300,True,0.9965,0.9965,0.311475,0.945957,0.0,0.379333,0.903058,-0.012171,0.443109,0.856859,-0.034235,0.491826,0.856259,-0.060573,0.509875,0.88321,-0.088886,0.402207,0.744206,-0.043369,0.436122,0.737082,-0.084704,0.470218,0.719998,-0.11596,0.507318,0.710611,-0.137854,0.350653,0.756769,-0.060499,0.443498,0.890897,-0.102359,0.425512,0.926944,-0.113425,0.401403,0.916407,-0.119438,0.305264,0.810844,-0.079729,0.399819,0.953339,-0.113088,0.374716,0.957069,-0.105799,0.351075,0.924341,-0.09883,0.265338,0.88134,-0.10228,0.339968,0.987795,-0.124593,0.325106,0.988432,-0.119362,0.301081,0.960487,-0.113013
700,23333,True,0.9975,0.9975,0.315189,0.936084,0.0,0.377513,0.892281,-0.014529,0.438389,0.849592,-0.040821,0.486682,0.851695,-0.070602,0.507475,0.877158,-0.102216,0.39898,0.737277,-0.054818,0.43702,0.731925,-0.100605,0.472143,0.714405,-0.134015,0.508466,0.705911,-0.156597,0.348623,0.751806,-0.071565,0.443483,0.884628,-0.115667,0.426569,0.915223,-0.124653,0.403508,0.902743,-0.128888,0.305067,0.808167,-0.090261,0.402069,0.946119,-0.125316,0.378565,0.946394,-0.115222,0.355913,0.915477,-0.106043,0.267362,0.880652,-0.112373,0.343311,0.986205,-0.135806,0.329744,0.982708,-0.128999,0.307304,0.954705,-0.121222
701,23366,True,0.9986,0.9986,0.315593,0.944529,0.0,0.377976,0.896489,-0.01224,0.438895,0.846506,-0.037305,0.487668,0.844656,-0.06593,0.51068,0.873225,-0.096753,0.397086,0.735079,-0.051654,0.436897,0.723447,-0.095876,0.473807,0.704815,-0.127817,0.510688,0.695193,-0.149534,0.347222,0.748628,-0.069333,0.44928,0.867617,-0.113943,0.442803,0.910444,-0.123493,0.424101,0.912954,-0.12727,0.30427,0.805563,-0.088571,0.40818,0.937909,-0.124214,0.388966,0.948667,-0.114537,0.365022,0.925408,-0.105164,0.268294,0.881446,-0.110657,0.347322,0.982292,-0.133227,0.336589,0.987312,-0.125189,0.313309,0.965502,-0.116684
702,23400,True,0.9987,0.9987,0.316832,0.942811,0.0,0.379406,0.894594,-0.012183,0.439477,0.845281,-0.03746,0.487201,0.839319,-0.066274,0.511864,0.860529,-0.097189,0.396303,0.728182,-0.053665,0.434895,0.716491,-0.101027,0.471627,0.698568,-0.134577,0.509339,0.687977,-0.156445,0.346638,0.74279,-0.071131,0.448366,0.861583,-0.117193,0.440635,0.904794,-0.125937,0.420176,0.906339,-0.128711,0.304155,0.801395,-0.090423,0.407447,0.929987,-0.129345,0.3903,0.943013,-0.119551,0.366826,0.921229,-0.108822,0.26862,0.879453,-0.112268,0.347782,0.976666,-0.137265,0.342143,0.982479,-0.129129,0.322293,0.962751,-0.119473
703,23433,True,0.999,0.999,0.322918,0.94089,0.0,0.384859,0.889403,-0.010604,0.443013,0.837285,-0.034407,0.488753,0.832347,-0.061962,0.510756,0.855751,-0.091711,0.394266,0.722734,-0.050282,0.432242,0.707404,-0.094846,0.470289,0.689165,-0.127006,0.507809,0.67758,-0.148476,0.344479,0.738417,-0.068235,0.44755,0.856003,-0.112575,0.442139,0.900677,-0.122665,0.420474,0.902125,-0.126748,0.302655,0.798283,-0.087638,0.409108,0.927452,-0.125952,0.397578,0.942559,-0.118193,0.375329,0.919589,-0.109096,0.268799,0.877268,-0.109249,0.348193,0.973127,-0.134408,0.349166,0.983636,-0.126745,0.333473,0.96679,-0.117481
704,23466,True,0.9991,0.9991,0.330772,0.935641,0.0,0.39077,0.880004,-0.010538,0.447038,0.825504,-0.032603,0.49052,0.823243,-0.058347,0.510171,0.855462,-0.086084,0.395065,0.715903,-0.047143,0.432813,0.699248,-0.088408,0.469449,0.679957,-0.11934,0.506609,0.665842,-0.140496,0.343877,0.734009,-0.064476,0.449827,0.850323,-0.104411,0.449057,0.889895,-0.114565,0.428992,0.887801,-0.119788,0.302819,0.795777,-0.083196,0.415145,0.923708,-0.116937,0.409911,0.934374,-0.110172,0.389108,0.909565,-0.102775,0.269905,0.875836,-0.104465,0.356268,0.969536,-0.12656,0.365602,0.98115,-0.118901,0.355449,0.969119,-0.109992
705,23500,True,0.999,0.999,0.33035,0.957342,0.0,0.38881,0.893217,-0.007132,0.444096,0.828175,-0.027855,0.48964,0.815235,-0.053174,0.513162,0.844702,-0.080384,0.393029,0.71579,-0.040489,0.431298,0.696919,-0.08258,0.469306,0.67631,-0.113641,0.507977,0.661617,-0.134202,0.344466,0.734666,-0.059304,0.454543,0.843677,-0.099897,0.455191,0.891099,-0.108946,0.434775,0.893373,-0.112244,0.304995,0.796838,-0.079806,0.417804,0.917131,-0.116507,0.412491,0.934042,-0.110336,0.391127,0.911065,-0.101947,0.273761,0.877842,-0.102262,0.360676,0.966436,-0.124902,0.372464,0.982841,-0.116684,0.363866,0.974119,-0.106884
706,23533,True,0.9996,0.9996,0.317758,0.945109,0.0,0.382593,0.880327,-0.006155,0.439753,0.818834,-0.027958,0.487326,0.811399,-0.05453,0.512964,0.842856,-0.082692,0.394545,0.710253,-0.042536,0.434802,0.686787,-0.085372,0.473051,0.666219,-0.115866,0.511582,0.651044,-0.13615,0.346453,0.728992,-0.062424,0.462215,0.836734,-0.103299,0.466501,0.883009,-0.111127,0.450543,0.882848,-0.113752,0.307422,0.791668,-0.083939,0.426463,0.914987,-0.119699,0.420584,0.929345,-0.111709,0.399389,0.903971,-0.102634,0.27748,0.873124,-0.107512,0.367441,0.966417,-0.129155,0.376575,0.978643,-0.120009,0.366296,0.96484,-0.109873
707,23566,True,0.9998,0.9998,0.313456,0.941615,0.0,0.385043,0.872915,-0.001856,0.449238,0.814138,-0.024742,0.498132,0.803546,-0.053016,0.515693,0.831424,-0.084301,0.397966,0.703975,-0.046936,0.437274,0.674639,-0.090379,0.478406,0.65193,-0.121181,0.516848,0.634786,-0.141371,0.349285,0.725789,-0.068947,0.464555,0.826557,-0.107245,0.46413,0.872981,-0.113305,0.439957,0.869123,-0.115676,0.309247,0.789855,-0.091338,0.428669,0.907261,-0.127877,0.423791,0.925858,-0.119045,0.398165,0.902968,-0.10926,0.277743,0.869534,-0.114576,0.367201,0.953742,-0.135228,0.380961,0.968435,-0.122334,0.369796,0.957668,-0.109835
708,23600,True,0.9998,0.9998,0.314029,0.928241,0.0,0.392166,0.854431,-0.001982,0.45745,0.797302,-0.025131,0.505643,0.788814,-0.053337,0.517535,0.822163,-0.084949,0.402669,0.692477,-0.051005,0.441416,0.6602,-0.091852,0.482168,0.63789,-0.120404,0.520195,0.620841,-0.139249,0.352732,0.71732,-0.07345,0.464497,0.812453,-0.10916,0.463564,0.862191,-0.113668,0.440097,0.859327,-0.115124,0.312469,0.78202,-0.095648,0.430396,0.893481,-0.129826,0.428172,0.916643,-0.120545,0.404184,0.898784,-0.110769,0.281563,0.859438,-0.118705,0.369215,0.938304,-0.138001,0.387768,0.956232,-0.124463,0.381433,0.950911,-0.111553
709,23633,True,0.9998,0.9998,0.317586,0.918499,0.0,0.397352,0.844232,-0.001579,0.463007,0.787059,-0.025486,0.511651,0.779638,-0.054519,0.524818,0.815004,-0.086858,0.40645,0.680962,-0.050935,0.445431,0.648219,-0.091862,0.486865,0.62369,-0.120625,0.524695,0.605341,-0.139783,0.356884,0.705259,-0.073675,0.465365,0.79964,-0.109419,0.461183,0.848712,-0.113892,0.437206,0.842836,-0.115728,0.316597,0.768384,-0.096094,0.433158,0.879064,-0.130326,0.428014,0.903347,-0.121487,0.403623,0.885745,-0.112449,0.28585,0.84537,-0.119311,0.37365,0.92222,-0.138677,0.389908,0.940681,-0.125535,0.382441,0.935811,-0.113292
710,23666,True,0.9997,0.9997,0.324627,0.911653,0.0,0.403776,0.835912,-0.002772,0.46781,0.774347,-0.025593,0.516042,0.765289,-0.05287,0.530633,0.800585,-0.083038,0.408254,0.672608,-0.053376,0.450077,0.635807,-0.093384,0.487099,0.602666,-0.119295,0.520656,0.575252,-0.13611,0.359832,0.695663,-0.075286,0.469107,0.78858,-0.10947,0.459185,0.837845,-0.10998,0.431974,0.831185,-0.108603,0.320535,0.757155,-0.097115,0.43842,0.865595,-0.132382,0.430441,0.8922,-0.12347,0.405785,0.875467,-0.113608,0.291289,0.833057,-0.119757,0.381321,0.907608,-0.14036,0.398549,0.928393,-0.128036,0.391652,0.928145,-0.115969
711,23700,True,0.9999,0.9999,0.325448,0.905978,0.0,0.402182,0.834475,-0.002674,0.463846,0.773991,-0.026429,0.511383,0.758717,-0.054648,0.526198,0.787514,-0.085642,0.411338,0.664537,-0.053549,0.450817,0.619684,-0.096203,0.489345,0.584928,-0.123272,0.523975,0.555855,-0.140157,0.363315,0.68457,-0.076231,0.472604,0.774574,-0.113702,0.467368,0.832728,-0.115466,0.441215,0.832805,-0.113893,0.323726,0.743887,-0.099031,0.442415,0.85034,-0.138962,0.439982,0.8859,-0.130444,0.416974,0.873859,-0.119118,0.294439,0.818303,-0.122157,0.383772,0.886836,-0.143976,0.403204,0.914625,-0.129527,0.396161,0.918905,-0.115134
712,23733,True,0.9997,0.9997,0.327518,0.898578,0.0,0.408421,0.824537,-0.002296,0.472732,0.764439,-0.028242,0.519522,0.745985,-0.059327,0.531946,0.769659,-0.093441,0.416523,0.653244,-0.05253,0.455548,0.605911,-0.093643,0.495242,0.569761,-0.120536,0.529722,0.539565,-0.138498,0.367209,0.674497,-0.076442,0.476302,0.758346,-0.115767,0.475329,0.816329,-0.120492,0.450694,0.816381,-0.121123,0.328509,0.73517,-0.099849,0.446896,0.838354,-0.137402,0.447257,0.874835,-0.127617,0.424356,0.863991,-0.116622,0.300274,0.809432,-0.123956,0.390389,0.877086,-0.144697,0.408633,0.9027,-0.130422,0.39964,0.901507,-0.116798
713,23766,True,0.9998,0.9998,0.331562,0.891984,0.0,0.414386,0.824384,-0.001572,0.478993,0.766457,-0.028268,0.524464,0.74213,-0.060705,0.529611,0.755696,-0.096089,0.422597,0.645066,-0.049995,0.45467,0.590556,-0.091129,0.488901,0.548867,-0.118053,0.517156,0.513697,-0.136428,0.372335,0.662941,-0.075288,0.479216,0.740127,-0.116791,0.480071,0.808298,-0.122692,0.455039,0.813655,-0.123561,0.332586,0.721142,-0.099897,0.450062,0.81911,-0.139988,0.449982,0.863225,-0.129104,0.423511,0.854212,-0.117032,0.303416,0.794241,-0.124944,0.394738,0.857971,-0.147104,0.41333,0.888366,-0.131023,0.401545,0.888611,-0.11607
714,23800,True,0.9997,0.9997,0.336238,0.880593,0.0,0.419547,0.810166,0.001177,0.482249,0.748652,-0.024873,0.526789,0.728711,-0.057397,0.537024,0.748276,-0.093246,0.425263,0.63381,-0.049272,0.454141,0.574221,-0.089159,0.485268,0.530356,-0.115046,0.513705,0.494459,-0.133132,0.374287,0.651289,-0.074942,0.480804,0.724954,-0.117057,0.485517,0.791283,-0.123474,0.465066,0.800204,-0.124683,0.333559,0.708365,-0.099321,0.452351,0.802973,-0.13717,0.453496,0.845862,-0.12514,0.428578,0.840271,-0.112752,0.303323,0.779842,-0.124073,0.395061,0.841957,-0.144404,0.414262,0.869582,-0.128281,0.405067,0.868078,-0.113578
715,23833,True,0.9997,0.9997,0.342164,0.870231,0.0,0.422769,0.794814,0.001932,0.481596,0.731161,-0.024356,0.521219,0.707964,-0.057623,0.529922,0.729975,-0.094168,0.428422,0.621686,-0.046595,0.456779,0.558702,-0.085269,0.485641,0.511738,-0.109588,0.511581,0.473208,-0.126658,0.377296,0.639133,-0.07275,0.479899,0.706994,-0.114797,0.485924,0.780482,-0.11983,0.466563,0.795059,-0.119519,0.336852,0.694505,-0.097682,0.452128,0.779611,-0.136531,0.45537,0.829184,-0.123843,0.431933,0.829809,-0.110345,0.307145,0.763521,-0.122856,0.39748,0.818239,-0.143035,0.418965,0.851073,-0.12607,0.411946,0.855084,-0.110531
716,23866,True,0.9996,0.9996,0.345576,0.856706,0.0,0.428914,0.782073,0.001432,0.487691,0.717615,-0.024737,0.523958,0.691281,-0.057833,0.524701,0.709697,-0.093866,0.428872,0.606062,-0.045193,0.454169,0.541507,-0.083954,0.481705,0.493821,-0.107871,0.507451,0.455246,-0.12445,0.379143,0.623622,-0.071424,0.481031,0.684542,-0.115042,0.488708,0.762748,-0.120018,0.471595,0.782187,-0.118327,0.339831,0.678937,-0.096569,0.454988,0.760452,-0.136687,0.458059,0.814977,-0.123318,0.434756,0.819367,-0.108235,0.3111,0.748568,-0.12203,0.399822,0.800859,-0.142794,0.42162,0.833712,-0.125613,0.41538,0.837833,-0.109253
717,23900,True,0.9996,0.9996,0.348036,0.84705,0.0,0.431205,0.77305,0.000279,0.487078,0.708958,-0.026032,0.519281,0.676071,-0.058875,0.521768,0.691468,-0.094518,0.429073,0.596081,-0.047642,0.457341,0.52378,-0.085443,0.481612,0.469109,-0.108686,0.503637,0.422551,-0.12536,0.380002,0.61247,-0.073138,0.481773,0.671312,-0.1177,0.488788,0.74922,-0.123731,0.470329,0.770387,-0.122823,0.341961,0.665815,-0.097304,0.456493,0.741417,-0.136538,0.461006,0.796705,-0.12309,0.439194,0.804436,-0.10849,0.31413,0.733318,-0.122093,0.401185,0.78214,-0.142516,0.424738,0.814885,-0.126219,0.421882,0.821109,-0.110664
718,23933,True,0.9996,0.9996,0.346193,0.82898,0.0,0.427574,0.752236,6.5e-05,0.481245,0.687288,-0.026836,0.515374,0.659247,-0.059926,0.525844,0.677768,-0.095625,0.430512,0.57429,-0.050479,0.45641,0.493883,-0.089553,0.479684,0.436042,-0.113348,0.501442,0.388959,-0.1298,0.383788,0.590908,-0.075376,0.485967,0.650342,-0.118254,0.494752,0.727633,-0.122644,0.477901,0.749402,-0.121257,0.346592,0.64492,-0.098985,0.459689,0.714405,-0.137765,0.465925,0.771136,-0.123713,0.445146,0.78055,-0.108825,0.320077,0.713724,-0.12306,0.404172,0.753959,-0.142832,0.430272,0.788968,-0.124765,0.429631,0.799436,-0.107731
719,23966,True,0.9996,0.9996,0.35073,0.809846,0.0,0.43199,0.739397,8.5e-05,0.485755,0.681365,-0.026715,0.520563,0.653903,-0.059962,0.531882,0.657286,-0.095385,0.434988,0.553866,-0.050449,0.458228,0.465042,-0.088679,0.479038,0.402429,-0.111411,0.498461,0.353052,-0.127096,0.388791,0.570138,-0.07601,0.492473,0.621143,-0.118456,0.504747,0.699331,-0.122794,0.490424,0.726857,-0.12162,0.352552,0.622865,-0.100404,0.466376,0.686296,-0.138309,0.470915,0.743991,-0.123835,0.448983,0.755727,-0.109308,0.327282,0.690741,-0.125461,0.410467,0.724337,-0.145089,0.436619,0.758513,-0.127467,0.436886,0.770271,-0.111137
720,24000,True,0.9992,0.9992,0.36277,0.795273,0.0,0.448288,0.732142,-0.003646,0.50191,0.67566,-0.029241,0.534315,0.643213,-0.060359,0.547962,0.629528,-0.092974,0.441243,0.533475,-0.050408,0.462772,0.439631,-0.08913,0.480072,0.372005,-0.111958,0.495673,0.316047,-0.127783,0.393873,0.545342,-0.07393,0.499283,0.588484,-0.118216,0.505243,0.6703,-0.122945,0.486586,0.698751,-0.121202,0.356809,0.595719,-0.096905,0.469451,0.65847,-0.138285,0.469925,0.717587,-0.124549,0.447026,0.727786,-0.109501,0.330753,0.662655,-0.12076,0.406241,0.690754,-0.144392,0.434926,0.72403,-0.128618,0.442032,0.73642,-0.112712
721,24033,True,0.9989,0.9989,0.365779,0.78678,0.0,0.453379,0.723004,-0.004524,0.502256,0.663347,-0.030226,0.530363,0.62711,-0.061419,0.541913,0.615257,-0.093795,0.44328,0.515355,-0.048708,0.46355,0.417068,-0.088165,0.481227,0.347,-0.11191,0.495892,0.287415,-0.128731,0.396671,0.528227,-0.072564,0.502836,0.565497,-0.116669,0.508365,0.650562,-0.121528,0.486763,0.67507,-0.120358,0.361497,0.578636,-0.096344,0.474185,0.635908,-0.138839,0.471151,0.698651,-0.125377,0.442995,0.704243,-0.110728,0.338482,0.645507,-0.121166,0.416916,0.668935,-0.145074,0.44341,0.704162,-0.128755,0.445321,0.715669,-0.112747
722,24066,True,0.9981,0.9981,0.371105,0.786001,0.0,0.458787,0.720812,-0.001795,0.50843,0.657433,-0.026717,0.536907,0.618247,-0.058428,0.5482,0.603704,-0.091567,0.448249,0.508298,-0.044838,0.469729,0.408107,-0.085197,0.488598,0.336491,-0.109933,0.502881,0.275885,-0.127407,0.401067,0.51976,-0.069927,0.506019,0.552135,-0.114532,0.515154,0.637608,-0.119589,0.494048,0.664102,-0.118333,0.365697,0.570533,-0.094853,0.476383,0.623425,-0.137568,0.479738,0.688893,-0.123182,0.4545,0.698636,-0.107653,0.341759,0.63789,-0.120608,0.419139,0.663393,-0.143866,0.445363,0.700673,-0.126399,0.444512,0.713945,-0.109588
723,24100,True,0.9987,0.9987,0.370735,0.796677,0.0,0.465836,0.724756,-0.006154,0.52168,0.662125,-0.031627,0.551678,0.621967,-0.062888,0.559947,0.606547,-0.095053,0.457024,0.520028,-0.049024,0.478083,0.424194,-0.09198,0.497954,0.352473,-0.118628,0.514119,0.293518,-0.136789,0.406396,0.5324,-0.071431,0.511497,0.571633,-0.119489,0.525679,0.65519,-0.126387,0.509947,0.688004,-0.125381,0.369141,0.583099,-0.093977,0.481146,0.64565,-0.137559,0.484788,0.705057,-0.125631,0.460395,0.715282,-0.111424,0.343762,0.649975,-0.117927,0.432011,0.692736,-0.141954,0.454118,0.727912,-0.127245,0.446219,0.736208,-0.112298
724,24133,True,0.9992,0.9992,0.361906,0.827551,0.0,0.45209,0.749301,-0.001464,0.509342,0.686703,-0.028618,0.546291,0.654096,-0.063331,0.559834,0.661943,-0.099892,0.461518,0.553064,-0.04971,0.492924,0.467927,-0.093615,0.515686,0.400015,-0.121033,0.533944,0.343498,-0.14002,0.412739,0.562999,-0.075862,0.524535,0.63651,-0.129747,0.533442,0.72743,-0.138312,0.512846,0.766226,-0.137095,0.375698,0.617072,-0.101181,0.49189,0.7055,-0.149297,0.492549,0.769705,-0.137079,0.466753,0.784651,-0.121132,0.349529,0.688514,-0.127333,0.43955,0.748588,-0.153234,0.45733,0.79055,-0.13713,0.447721,0.802979,-0.120488
725,24166,True,0.9991,0.9991,0.356879,0.866804,0.0,0.458226,0.819634,-0.0187,0.528742,0.787205,-0.058895,0.574725,0.766722,-0.103653,0.565733,0.766598,-0.14955,0.484904,0.613144,-0.074321,0.522229,0.550218,-0.127624,0.547042,0.497137,-0.161404,0.563679,0.448899,-0.184249,0.425736,0.615227,-0.095476,0.529607,0.713734,-0.151655,0.526477,0.793277,-0.160152,0.498395,0.803401,-0.161085,0.37897,0.667379,-0.117204,0.490437,0.787083,-0.168096,0.487693,0.842286,-0.154984,0.459704,0.838812,-0.139948,0.345752,0.739494,-0.14131,0.434184,0.82446,-0.170482,0.449493,0.862809,-0.155058,0.436797,0.863689,-0.139325
726,24200,True,0.9991,0.9991,0.335224,0.901666,0.0,0.42663,0.834311,-0.00638,0.505524,0.779753,-0.03307,0.56315,0.780145,-0.064243,0.583085,0.818278,-0.09722,0.476881,0.661374,-0.060924,0.533206,0.645895,-0.104848,0.572542,0.62065,-0.134013,0.603682,0.595254,-0.155006,0.426034,0.679869,-0.084233,0.534988,0.819398,-0.129937,0.525531,0.880535,-0.135906,0.497306,0.878488,-0.138126,0.379786,0.745952,-0.107127,0.488838,0.888913,-0.153788,0.476844,0.926452,-0.145374,0.446671,0.907253,-0.134397,0.344742,0.82512,-0.13053,0.432702,0.926175,-0.159401,0.44145,0.952245,-0.147714,0.424409,0.940714,-0.135664
727,24233,True,0.998,0.998,0.346644,0.946487,0.0,0.443179,0.893432,-0.017128,0.522766,0.846338,-0.043924,0.574113,0.845634,-0.072032,0.586504,0.867895,-0.100044,0.497627,0.716484,-0.071065,0.542416,0.742409,-0.117565,0.577155,0.746693,-0.146414,0.60543,0.753997,-0.16366,0.439126,0.736974,-0.088028,0.531147,0.929333,-0.127289,0.504527,0.94416,-0.127598,0.477366,0.91013,-0.126505,0.381686,0.802731,-0.106664,0.478508,0.987804,-0.14494,0.454326,0.974467,-0.132039,0.433252,0.928167,-0.119426,0.331137,0.885318,-0.128269,0.414798,1.015312,-0.156554,0.407798,1.00575,-0.146359,0.388904,0.974496,-0.133913
728,24266,True,0.9953,0.9953,0.361829,0.944368,0.0,0.437983,0.893311,-0.012014,0.513823,0.85225,-0.031934,0.570797,0.851031,-0.054928,0.605909,0.862771,-0.07933,0.483602,0.767439,-0.049249,0.526964,0.810552,-0.086478,0.563628,0.840449,-0.115804,0.59398,0.866215,-0.136543,0.428593,0.793574,-0.065229,0.498788,0.963348,-0.100187,0.508376,0.99784,-0.112482,0.512285,0.9915,-0.122765,0.378847,0.848433,-0.081919,0.453587,1.020041,-0.112063,0.457442,1.040846,-0.104892,0.455344,1.026292,-0.099599,0.335611,0.915466,-0.101608,0.399448,1.04261,-0.125384,0.406135,1.066042,-0.117824,0.401091,1.061095,-0.109552
729,24300,True,0.9979,0.9979,0.35296,0.981647,0.0,0.432306,0.946675,-0.014178,0.503608,0.918818,-0.038188,0.554483,0.932327,-0.066037,0.595808,0.955455,-0.097577,0.486549,0.815196,-0.049562,0.532418,0.864152,-0.090171,0.569253,0.897496,-0.120797,0.600101,0.932543,-0.142061,0.425554,0.835196,-0.067034,0.489703,1.001673,-0.117514,0.507136,1.093437,-0.138191,0.513492,1.145473,-0.148916,0.366581,0.883934,-0.085121,0.43055,1.031571,-0.133248,0.443749,1.099042,-0.136443,0.446365,1.129438,-0.132654,0.316453,0.946435,-0.104364,0.360802,1.045281,-0.141544,0.376522,1.097586,-0.140515,0.381835,1.123919,-0.134001
730,24333,True,0.9987,0.9987,0.335889,0.986243,0.0,0.409698,0.945123,-0.023678,0.482303,0.918782,-0.055976,0.539502,0.938538,-0.087715,0.585916,0.961764,-0.120838,0.460017,0.825724,-0.07958,0.506212,0.892912,-0.125628,0.532476,0.93569,-0.15385,0.545308,0.962584,-0.173023,0.402114,0.861643,-0.094935,0.463391,1.016401,-0.144549,0.473727,1.068652,-0.159279,0.470248,1.079321,-0.169704,0.348595,0.919879,-0.110985,0.410653,1.054468,-0.155298,0.421847,1.094437,-0.150831,0.421599,1.095731,-0.146111,0.303042,0.987702,-0.129263,0.352404,1.082309,-0.164573,0.366984,1.117876,-0.160194,0.37025,1.123994,-0.153945
731,24366,True,0.9993,0.9993,0.316409,0.980491,0.0,0.389959,0.935303,-0.018503,0.459666,0.906652,-0.046928,0.514943,0.921865,-0.075741,0.558404,0.939196,-0.107388,0.439045,0.814233,-0.072504,0.488788,0.852391,-0.116056,0.528525,0.87857,-0.14812,0.559635,0.90457,-0.170313,0.38659,0.840543,-0.0871,0.460244,1.001584,-0.132821,0.472799,1.065209,-0.147853,0.470866,1.091038,-0.158297,0.336008,0.897151,-0.101678,0.409623,1.040074,-0.143033,0.420491,1.08485,-0.139393,0.415494,1.096136,-0.13482,0.293252,0.965673,-0.11804,0.348349,1.068064,-0.151072,0.364038,1.105911,-0.146871,0.364024,1.11823,-0.140267
732,24400,True,0.9997,0.9997,0.314439,0.975014,0.0,0.390607,0.940284,-0.017011,0.466478,0.906688,-0.04065,0.514117,0.91367,-0.06595,0.529201,0.93853,-0.093473,0.432408,0.792428,-0.058194,0.458779,0.808174,-0.098504,0.491221,0.820746,-0.128168,0.522353,0.83839,-0.148248,0.37545,0.802599,-0.073886,0.46053,0.969003,-0.117946,0.459971,1.016179,-0.130833,0.44466,1.021086,-0.136593,0.321605,0.855906,-0.090158,0.407613,1.022461,-0.134142,0.396826,1.063539,-0.127017,0.37453,1.061817,-0.115703,0.274552,0.926265,-0.108461,0.338326,1.040338,-0.142982,0.340726,1.084532,-0.134583,0.327748,1.101073,-0.121638
733,24433,True,0.9953,0.9953,0.326792,0.950922,0.0,0.403492,0.905309,-0.019048,0.474889,0.860155,-0.044145,0.519876,0.872778,-0.070465,0.523106,0.915846,-0.097526,0.409377,0.76024,-0.060881,0.431266,0.765357,-0.100855,0.459723,0.755521,-0.128097,0.485165,0.760953,-0.146471,0.355053,0.774532,-0.074502,0.448369,0.92227,-0.115314,0.429522,0.935429,-0.121458,0.405017,0.911809,-0.123385,0.308108,0.829065,-0.089535,0.405599,0.983113,-0.123851,0.3829,0.969809,-0.115517,0.361875,0.931852,-0.106891,0.266761,0.898965,-0.107967,0.344656,1.01757,-0.134011,0.329572,1.006218,-0.129783,0.306323,0.975858,-0.123248
734,24466,True,0.996,0.996,0.33112,0.944451,0.0,0.40369,0.884867,-0.012772,0.463383,0.826012,-0.0341,0.501231,0.824005,-0.058138,0.516039,0.862387,-0.082926,0.402593,0.732596,-0.051691,0.422373,0.716069,-0.091114,0.434595,0.689155,-0.119342,0.446175,0.663613,-0.139327,0.340315,0.7383,-0.066491,0.436861,0.872531,-0.10731,0.436453,0.89976,-0.115129,0.416045,0.886178,-0.117528,0.289659,0.792872,-0.082429,0.392527,0.937746,-0.119948,0.399721,0.939123,-0.112306,0.390789,0.905024,-0.102137,0.251667,0.86315,-0.100826,0.332607,0.970538,-0.129652,0.349723,0.977641,-0.12472,0.34763,0.957517,-0.115585
735,24500,True,0.9972,0.9972,0.322156,0.921707,0.0,0.394249,0.856434,-0.016854,0.455175,0.787597,-0.038262,0.492595,0.773007,-0.061917,0.504327,0.811018,-0.08684,0.396499,0.693854,-0.051309,0.406555,0.654576,-0.089529,0.40541,0.624214,-0.115126,0.403935,0.589283,-0.132733,0.330718,0.701701,-0.063693,0.414007,0.812151,-0.103605,0.427392,0.854582,-0.111452,0.417525,0.856914,-0.112135,0.279172,0.757261,-0.077451,0.373176,0.884827,-0.11298,0.393724,0.902091,-0.104389,0.394207,0.881464,-0.091947,0.24098,0.825995,-0.094116,0.314592,0.914808,-0.117119,0.342809,0.936803,-0.107404,0.351516,0.93178,-0.09399
736,24533,True,0.9985,0.9985,0.327077,0.898095,0.0,0.389464,0.837895,-0.019082,0.436087,0.777043,-0.04308,0.469688,0.752566,-0.069524,0.501389,0.754474,-0.096202,0.38888,0.658629,-0.055599,0.39513,0.599476,-0.095931,0.389073,0.558272,-0.121794,0.383289,0.511395,-0.140265,0.325758,0.666804,-0.068474,0.396687,0.766595,-0.114284,0.422172,0.816324,-0.125541,0.428909,0.824786,-0.129087,0.276456,0.72121,-0.082805,0.362566,0.837789,-0.123221,0.396339,0.867544,-0.117186,0.410699,0.860812,-0.107459,0.239542,0.791031,-0.10006,0.304899,0.867464,-0.124533,0.333604,0.896056,-0.115906,0.345932,0.895941,-0.104459
737,24566,True,0.999,0.999,0.340177,0.862381,0.0,0.399343,0.81013,-0.022145,0.446049,0.75257,-0.048685,0.474214,0.724539,-0.076873,0.486199,0.741872,-0.105138,0.392314,0.632016,-0.064517,0.390457,0.553315,-0.109551,0.387005,0.501682,-0.136887,0.385918,0.447789,-0.155306,0.32882,0.641444,-0.076979,0.388726,0.711449,-0.125354,0.412065,0.74826,-0.13494,0.419394,0.750259,-0.135966,0.280801,0.694314,-0.091176,0.369822,0.802541,-0.133954,0.403381,0.831801,-0.125787,0.417778,0.825957,-0.112668,0.24673,0.762262,-0.108708,0.313184,0.833832,-0.132219,0.344882,0.860992,-0.121417,0.360703,0.859897,-0.107775
738,24600,True,0.9992,0.9992,0.346655,0.839873,0.0,0.402466,0.796455,-0.021824,0.449874,0.744634,-0.051717,0.47882,0.714944,-0.083837,0.494584,0.717446,-0.116205,0.400158,0.60838,-0.068841,0.399685,0.525207,-0.114577,0.399075,0.467352,-0.142698,0.40092,0.407508,-0.162193,0.336688,0.613949,-0.080886,0.412772,0.714427,-0.132731,0.430513,0.767845,-0.143114,0.428344,0.774289,-0.145075,0.289806,0.667972,-0.094045,0.38307,0.786375,-0.139824,0.407585,0.818645,-0.132701,0.411369,0.811704,-0.121531,0.255895,0.736247,-0.109889,0.322569,0.813519,-0.136749,0.351525,0.844585,-0.127135,0.362159,0.845219,-0.114627
739,24633,True,0.9994,0.9994,0.351655,0.846393,0.0,0.412139,0.789351,-0.01946,0.460078,0.736146,-0.052432,0.492721,0.713506,-0.089003,0.509302,0.723826,-0.125974,0.412088,0.607412,-0.071613,0.419594,0.528072,-0.127217,0.426327,0.462772,-0.161115,0.432872,0.399451,-0.182914,0.347843,0.611062,-0.086747,0.44498,0.717159,-0.141287,0.455061,0.773947,-0.147417,0.438144,0.77177,-0.146114,0.300558,0.665621,-0.104024,0.407795,0.78842,-0.154408,0.418386,0.817181,-0.141647,0.404338,0.796224,-0.125597,0.266283,0.737109,-0.12397,0.341505,0.815684,-0.155012,0.363409,0.841538,-0.142069,0.360613,0.83765,-0.126067
740,24666,True,0.9993,0.9993,0.354867,0.872354,0.0,0.422498,0.819597,-0.017187,0.479587,0.764308,-0.045915,0.517277,0.739037,-0.078951,0.532689,0.747453,-0.112465,0.430284,0.631651,-0.057188,0.446412,0.556112,-0.107688,0.461827,0.500702,-0.138356,0.477302,0.445976,-0.157503,0.368863,0.629975,-0.072192,0.45459,0.740023,-0.125681,0.459566,0.799429,-0.135078,0.442073,0.798914,-0.134423,0.320657,0.680797,-0.089268,0.418072,0.812128,-0.140239,0.428182,0.847335,-0.131115,0.417815,0.829278,-0.115644,0.284262,0.749272,-0.108383,0.352027,0.83495,-0.138268,0.373998,0.868819,-0.125284,0.377363,0.868435,-0.108231
741,24700,True,0.9975,0.9975,0.349535,0.908885,0.0,0.424155,0.84333,-0.012706,0.488187,0.781193,-0.036279,0.535031,0.771006,-0.064757,0.551139,0.799288,-0.094691,0.433941,0.654417,-0.046751,0.470401,0.615689,-0.090565,0.498732,0.579103,-0.122576,0.526397,0.541425,-0.144726,0.376084,0.66417,-0.063212,0.473341,0.804654,-0.107061,0.463055,0.853979,-0.118717,0.435283,0.85049,-0.124234,0.329509,0.7252,-0.081369,0.43334,0.873727,-0.121509,0.418833,0.893718,-0.116636,0.392885,0.864537,-0.108567,0.293752,0.801241,-0.102008,0.378043,0.903293,-0.128039,0.379502,0.922588,-0.121016,0.362232,0.909078,-0.110929
742,24733,True,0.9859,0.9859,0.378398,0.896457,0.0,0.456134,0.851541,-0.028187,0.51912,0.807386,-0.0581,0.554835,0.819088,-0.088893,0.553089,0.855956,-0.118925,0.452983,0.682159,-0.06378,0.486655,0.684973,-0.117801,0.512985,0.67154,-0.155608,0.540387,0.667387,-0.17818,0.388856,0.694959,-0.072021,0.482941,0.874159,-0.117276,0.468857,0.901658,-0.122677,0.447172,0.874133,-0.123321,0.336822,0.759528,-0.084514,0.436663,0.93521,-0.121699,0.415644,0.929564,-0.105403,0.394141,0.886785,-0.089373,0.294095,0.838188,-0.102223,0.373531,0.95951,-0.132875,0.365305,0.954429,-0.124867,0.345373,0.923306,-0.11175
743,24766,True,0.9669,0.9669,0.365948,0.957103,-0.0,0.434124,0.9193,-0.027785,0.494207,0.875804,-0.055262,0.532814,0.877752,-0.085393,0.538912,0.914124,-0.11344,0.456771,0.742629,-0.05067,0.508537,0.770066,-0.103636,0.524881,0.801469,-0.137821,0.5328,0.848009,-0.155094,0.385403,0.754234,-0.06044,0.455913,0.945491,-0.1071,0.454732,0.975634,-0.119662,0.439285,0.959846,-0.124713,0.325223,0.811947,-0.074934,0.397984,0.999013,-0.110982,0.395329,1.010885,-0.100189,0.383519,0.978836,-0.087499,0.27431,0.883928,-0.094785,0.331122,1.014476,-0.121486,0.336282,1.026362,-0.112836,0.327543,1.00116,-0.098854
744,24800,True,0.9929,0.9929,0.357407,0.985029,-0.0,0.423499,0.969734,-0.02748,0.486168,0.942534,-0.054442,0.522368,0.933724,-0.082705,0.495002,0.941617,-0.11197,0.431627,0.788599,-0.063538,0.441281,0.811806,-0.105007,0.439981,0.826556,-0.133687,0.437488,0.837879,-0.153642,0.356756,0.795751,-0.075596,0.418362,0.97736,-0.126804,0.433103,1.049739,-0.146658,0.433359,1.075094,-0.157482,0.293924,0.848476,-0.088577,0.361374,1.021793,-0.130479,0.372275,1.074074,-0.128169,0.370298,1.081519,-0.123272,0.246173,0.919247,-0.105392,0.294499,1.048723,-0.137724,0.304631,1.098272,-0.133924,0.300859,1.109555,-0.126052
745,24833,True,0.9946,0.9946,0.337657,0.966438,-0.0,0.408958,0.964723,-0.046998,0.479503,0.95392,-0.086292,0.500932,0.976054,-0.122302,0.466899,1.005105,-0.156323,0.414995,0.80551,-0.091604,0.419658,0.853545,-0.156751,0.427388,0.92387,-0.192954,0.426707,0.964375,-0.210323,0.340298,0.821504,-0.094792,0.355827,0.929651,-0.146956,0.378721,0.993391,-0.155035,0.388283,1.003769,-0.156576,0.278608,0.867808,-0.103195,0.303855,0.997771,-0.142885,0.328952,1.032493,-0.127784,0.337413,1.012072,-0.11358,0.229768,0.925021,-0.117749,0.251435,1.029769,-0.141309,0.272492,1.055243,-0.129618,0.27901,1.035007,-0.1175
746,24866,True,0.9855,0.9855,0.311977,0.964095,-0.0,0.379663,0.952225,-0.036378,0.440924,0.939448,-0.071108,0.475968,0.956813,-0.105672,0.461107,0.972695,-0.13996,0.376727,0.809126,-0.079775,0.387847,0.834368,-0.136594,0.381723,0.887589,-0.174776,0.369064,0.929557,-0.196102,0.309322,0.828166,-0.085466,0.352016,0.964756,-0.128917,0.374578,1.006657,-0.142894,0.386308,1.006752,-0.154086,0.249839,0.875466,-0.095035,0.28861,1.021379,-0.127165,0.309023,1.043617,-0.120303,0.317336,1.024858,-0.116126,0.203992,0.932289,-0.110207,0.229513,1.047307,-0.131724,0.241555,1.069763,-0.125221,0.239483,1.055753,-0.119176
747,24900,True,0.9979,0.9979,0.313256,0.949969,-0.0,0.363005,0.930565,-0.036125,0.433101,0.900894,-0.073863,0.461201,0.935524,-0.111704,0.444212,0.985748,-0.147942,0.37514,0.779556,-0.06759,0.369483,0.785683,-0.127537,0.364508,0.834814,-0.162072,0.347249,0.851777,-0.182539,0.30102,0.810691,-0.077124,0.311729,0.86753,-0.133952,0.356231,0.966656,-0.139321,0.375579,0.981225,-0.137944,0.241356,0.859386,-0.091949,0.256801,0.915665,-0.138584,0.299663,0.997598,-0.110166,0.307971,1.006625,-0.086055,0.195123,0.917133,-0.112355,0.214414,0.990547,-0.140768,0.246131,1.036204,-0.122199,0.250129,1.025337,-0.105595
748,24933,True,0.9895,0.9895,0.291709,0.934426,0.0,0.358558,0.901217,-0.026343,0.411976,0.859547,-0.052941,0.452269,0.876242,-0.080681,0.450635,0.921851,-0.106432,0.355098,0.768743,-0.064316,0.364147,0.750614,-0.113045,0.338464,0.739059,-0.143647,0.309802,0.744599,-0.161047,0.281811,0.767882,-0.070837,0.355611,0.930784,-0.107913,0.372209,0.929765,-0.106438,0.368627,0.901538,-0.102318,0.225945,0.820445,-0.081649,0.302796,0.994257,-0.103348,0.31491,0.968062,-0.074919,0.312252,0.91688,-0.052764,0.184585,0.887499,-0.099812,0.239849,1.021491,-0.124173,0.250794,1.010313,-0.114182,0.242559,0.967723,-0.099267
749,24966,True,0.998,0.998,0.310425,0.922818,0.0,0.378624,0.8796,-0.021585,0.440062,0.81517,-0.043001,0.467709,0.821602,-0.066086,0.456076,0.875073,-0.088407,0.375332,0.720452,-0.060037,0.368346,0.687824,-0.104157,0.346592,0.667649,-0.134354,0.327384,0.65077,-0.153305,0.295261,0.713696,-0.069284,0.356302,0.889273,-0.108284,0.380677,0.907539,-0.113029,0.382429,0.888283,-0.112282,0.236089,0.767788,-0.08133,0.312961,0.948395,-0.108582,0.341964,0.943354,-0.090888,0.354243,0.90495,-0.074028,0.195481,0.837326,-0.099063,0.254712,0.967602,-0.122952,0.289407,0.983358,-0.114156,0.308929,0.966691,-0.099597
750,25000,True,0.9982,0.9982,0.319528,0.909129,0.0,0.390517,0.847731,-0.022863,0.449004,0.784229,-0.047984,0.482422,0.775206,-0.074366,0.480574,0.819781,-0.101253,0.390293,0.685584,-0.066869,0.385707,0.6312,-0.106762,0.37699,0.593099,-0.132055,0.368833,0.551694,-0.149528,0.318342,0.688007,-0.0764,0.378828,0.809626,-0.119009,0.405006,0.85017,-0.125406,0.414829,0.853212,-0.124993,0.261679,0.738739,-0.08721,0.339389,0.882787,-0.121439,0.378225,0.899472,-0.110815,0.403047,0.888601,-0.097155,0.221578,0.803839,-0.102269,0.275172,0.900628,-0.124398,0.310115,0.928972,-0.115552,0.334796,0.932843,-0.102601
751,25033,True,0.9983,0.9983,0.328945,0.89645,0.0,0.395836,0.832586,-0.018763,0.450179,0.769351,-0.044611,0.483623,0.749672,-0.074167,0.497299,0.775267,-0.104837,0.397488,0.650278,-0.055918,0.409974,0.582928,-0.09841,0.420241,0.533064,-0.127814,0.430509,0.479962,-0.148774,0.332381,0.655515,-0.069834,0.39961,0.760503,-0.115709,0.416916,0.797545,-0.129057,0.410971,0.798395,-0.134184,0.281834,0.710015,-0.084884,0.36497,0.83556,-0.122489,0.392035,0.858512,-0.114301,0.396116,0.847109,-0.102946,0.245291,0.779831,-0.103525,0.310309,0.865052,-0.125287,0.33624,0.890382,-0.114511,0.34153,0.889096,-0.101104
752,25066,True,0.9992,0.9992,0.339166,0.861213,0.0,0.403205,0.806251,-0.014043,0.45605,0.748243,-0.039352,0.493699,0.730767,-0.069158,0.515927,0.756169,-0.100368,0.416125,0.625266,-0.052841,0.439639,0.548621,-0.092924,0.457501,0.496326,-0.11966,0.476312,0.4427,-0.139151,0.356583,0.628132,-0.068925,0.435013,0.736145,-0.117565,0.447714,0.788238,-0.130983,0.440794,0.797157,-0.135337,0.308135,0.678986,-0.085708,0.399852,0.805072,-0.127091,0.419129,0.835475,-0.121476,0.419303,0.828415,-0.111459,0.271039,0.744952,-0.104922,0.339866,0.824791,-0.127962,0.361551,0.854962,-0.117916,0.364883,0.85669,-0.105333
753,25100,True,0.9995,0.9995,0.345364,0.846375,0.0,0.416447,0.788112,-0.01287,0.475007,0.731845,-0.040743,0.514604,0.712646,-0.073273,0.525859,0.738901,-0.108055,0.433655,0.607888,-0.058933,0.466711,0.535661,-0.10311,0.499847,0.488047,-0.132341,0.532198,0.442039,-0.152774,0.373759,0.614758,-0.077637,0.464157,0.720899,-0.128333,0.473891,0.791443,-0.140506,0.459916,0.812726,-0.144043,0.324891,0.667721,-0.096498,0.425418,0.787085,-0.138922,0.435232,0.828903,-0.129341,0.422783,0.827162,-0.117178,0.287568,0.735326,-0.117498,0.357739,0.809202,-0.140992,0.378689,0.842092,-0.127263,0.378686,0.846283,-0.112294
754,25133,True,0.9996,0.9996,0.345222,0.850338,0.0,0.421415,0.786632,-0.009597,0.486123,0.729111,-0.037028,0.529417,0.714868,-0.070258,0.530393,0.747149,-0.106009,0.438055,0.600149,-0.05388,0.477261,0.535346,-0.0981,0.517276,0.488821,-0.128645,0.554865,0.447869,-0.150226,0.379561,0.611479,-0.075488,0.476479,0.717127,-0.122679,0.486282,0.779982,-0.134704,0.469073,0.790983,-0.140264,0.331456,0.667704,-0.097349,0.43836,0.78614,-0.137421,0.444548,0.82616,-0.127551,0.424198,0.819065,-0.116763,0.295294,0.739429,-0.121464,0.376555,0.813987,-0.14388,0.395536,0.844902,-0.1295,0.386602,0.845856,-0.115259
755,25166,True,0.9996,0.9996,0.342587,0.862874,0.0,0.420965,0.796533,-0.011001,0.484048,0.740388,-0.040879,0.525053,0.721605,-0.076549,0.52678,0.744342,-0.114173,0.438622,0.60645,-0.054923,0.479645,0.540737,-0.100693,0.518872,0.492916,-0.130705,0.554205,0.453,-0.151338,0.380387,0.618939,-0.076263,0.477907,0.722489,-0.123194,0.478629,0.788848,-0.131934,0.455073,0.79508,-0.135163,0.332408,0.67431,-0.098367,0.438572,0.790826,-0.140411,0.44109,0.831944,-0.128964,0.419293,0.819982,-0.117044,0.295887,0.745599,-0.122565,0.379189,0.822715,-0.145778,0.394703,0.854297,-0.129922,0.380538,0.850368,-0.114764
756,25200,True,0.9996,0.9996,0.330457,0.874564,0.0,0.410828,0.808608,-0.009484,0.475552,0.752117,-0.036838,0.517066,0.729001,-0.069647,0.52319,0.7407,-0.103955,0.431787,0.619136,-0.054121,0.472195,0.548871,-0.099908,0.51223,0.501169,-0.130541,0.547882,0.460486,-0.15117,0.37464,0.631486,-0.075131,0.47075,0.726616,-0.120732,0.479063,0.788087,-0.128665,0.461149,0.795617,-0.131074,0.327862,0.68738,-0.096833,0.430562,0.799249,-0.136199,0.439066,0.835392,-0.1229,0.420376,0.82445,-0.109591,0.293426,0.758169,-0.12076,0.374505,0.834049,-0.14198,0.39229,0.862079,-0.124973,0.379315,0.858818,-0.108691
757,25233,True,0.9995,0.9995,0.321926,0.884458,0.0,0.40161,0.817523,-0.008981,0.463899,0.760782,-0.036146,0.504999,0.739938,-0.068888,0.519784,0.747166,-0.103482,0.424825,0.629423,-0.055519,0.464392,0.555753,-0.100912,0.504816,0.510975,-0.131294,0.541777,0.473776,-0.151868,0.368507,0.642947,-0.077036,0.46379,0.731145,-0.126408,0.476658,0.79616,-0.137271,0.463179,0.812466,-0.140491,0.321482,0.69948,-0.098653,0.423795,0.808472,-0.139784,0.433791,0.849807,-0.128275,0.41692,0.845519,-0.115318,0.286028,0.770532,-0.122232,0.366888,0.845376,-0.144301,0.384752,0.875099,-0.128419,0.373554,0.872912,-0.112558
758,25266,True,0.9994,0.9994,0.314738,0.895837,0.0,0.395256,0.826055,-0.0078,0.455825,0.767128,-0.034032,0.493569,0.744068,-0.065538,0.50399,0.748829,-0.098753,0.415596,0.636092,-0.05455,0.456815,0.565282,-0.098341,0.495471,0.521755,-0.126992,0.529794,0.48389,-0.146465,0.359634,0.651178,-0.076742,0.456129,0.739497,-0.123089,0.46416,0.807335,-0.131757,0.446541,0.818313,-0.133907,0.31255,0.708519,-0.098946,0.414964,0.814085,-0.140565,0.423892,0.857312,-0.129142,0.406269,0.848894,-0.116171,0.277395,0.779622,-0.122638,0.35585,0.851327,-0.144931,0.376108,0.884174,-0.128099,0.367007,0.883898,-0.111737
759,25300,True,0.9992,0.9992,0.31267,0.899389,0.0,0.389759,0.827235,-0.008335,0.449658,0.769289,-0.035779,0.487376,0.750686,-0.06833,0.498946,0.764058,-0.10273,0.409719,0.638564,-0.056998,0.449955,0.569295,-0.100316,0.486791,0.52468,-0.128248,0.519511,0.484531,-0.147495,0.353875,0.653811,-0.07933,0.447688,0.740746,-0.12457,0.456607,0.80599,-0.132272,0.440144,0.814728,-0.133935,0.306225,0.710811,-0.101618,0.407224,0.81573,-0.14261,0.418555,0.858404,-0.131297,0.40361,0.849305,-0.118299,0.270502,0.781647,-0.125435,0.347989,0.851124,-0.146903,0.370781,0.885882,-0.129769,0.365391,0.888659,-0.113247
760,25333,True,0.999,0.999,0.310718,0.900051,0.0,0.385275,0.825763,-0.007061,0.444003,0.76467,-0.033806,0.481664,0.747651,-0.066414,0.49836,0.769332,-0.100988,0.404316,0.641741,-0.052577,0.4439,0.570605,-0.093923,0.479317,0.523962,-0.120474,0.512239,0.483738,-0.13927,0.349263,0.656621,-0.075039,0.443305,0.741624,-0.121686,0.45949,0.807328,-0.130584,0.450473,0.822325,-0.132165,0.302782,0.711943,-0.097353,0.403391,0.815875,-0.137358,0.418694,0.859424,-0.126408,0.408285,0.855463,-0.113478,0.26764,0.780675,-0.121373,0.346413,0.852309,-0.141961,0.369174,0.886534,-0.125805,0.365104,0.888929,-0.109904
761,25366,True,0.9989,0.9989,0.310096,0.900652,0.0,0.384928,0.832462,-0.008068,0.443212,0.776331,-0.036519,0.481496,0.758601,-0.070905,0.497524,0.767841,-0.10742,0.403229,0.647393,-0.055399,0.441141,0.574212,-0.098568,0.476449,0.526807,-0.126213,0.508727,0.484978,-0.145571,0.347136,0.65993,-0.077665,0.440789,0.747323,-0.124692,0.452314,0.815382,-0.133664,0.43965,0.826463,-0.136067,0.300693,0.714179,-0.099898,0.401514,0.817078,-0.141599,0.416549,0.862671,-0.130602,0.40627,0.858208,-0.11822,0.265849,0.782208,-0.123733,0.342364,0.849797,-0.146222,0.365456,0.886173,-0.130099,0.362898,0.89029,-0.114438
762,25400,True,0.9992,0.9992,0.311854,0.897948,0.0,0.384629,0.829271,-0.008133,0.443123,0.772637,-0.036503,0.482138,0.755395,-0.070751,0.498916,0.767655,-0.107307,0.401621,0.644814,-0.055258,0.439648,0.574834,-0.097876,0.475893,0.529388,-0.125474,0.509674,0.489619,-0.144955,0.345731,0.659126,-0.077657,0.439518,0.747046,-0.125087,0.453678,0.813305,-0.13533,0.443638,0.825015,-0.138638,0.300077,0.714591,-0.099881,0.401151,0.817822,-0.141571,0.417032,0.86355,-0.131406,0.408196,0.861103,-0.119498,0.266018,0.782799,-0.123738,0.343201,0.850143,-0.14614,0.366969,0.886922,-0.130594,0.366107,0.892036,-0.115352
763,25433,True,0.9993,0.9993,0.312236,0.898295,0.0,0.383991,0.831397,-0.010502,0.440874,0.774103,-0.039976,0.479445,0.754623,-0.074949,0.495795,0.765156,-0.111829,0.402208,0.646553,-0.056719,0.438055,0.577081,-0.101583,0.474764,0.533094,-0.130246,0.509415,0.494219,-0.14989,0.346415,0.660211,-0.078296,0.439531,0.749172,-0.12664,0.449101,0.816494,-0.136339,0.435044,0.823887,-0.139162,0.300361,0.714782,-0.10025,0.402194,0.817263,-0.143782,0.414817,0.863946,-0.132883,0.402049,0.858705,-0.120221,0.265188,0.782902,-0.123998,0.341172,0.848984,-0.147974,0.364321,0.886399,-0.131954,0.36138,0.891206,-0.116054
764,25466,True,0.9993,0.9993,0.312265,0.897308,0.0,0.384144,0.831936,-0.009983,0.441046,0.775818,-0.039568,0.479755,0.755127,-0.074975,0.492985,0.762485,-0.112318,0.400249,0.645528,-0.054393,0.434412,0.577403,-0.100008,0.471996,0.531824,-0.128699,0.506947,0.493977,-0.147729,0.345229,0.659207,-0.076163,0.438281,0.748999,-0.123912,0.446629,0.816616,-0.132289,0.431187,0.821779,-0.134069,0.299876,0.713159,-0.098688,0.400638,0.816181,-0.142751,0.412117,0.863233,-0.131238,0.398826,0.857096,-0.117962,0.265077,0.780963,-0.122952,0.340206,0.847239,-0.147259,0.362819,0.885242,-0.130928,0.359739,0.890298,-0.114693
765,25500,True,0.9994,0.9994,0.31292,0.895744,0.0,0.384557,0.829363,-0.008405,0.441599,0.77296,-0.036782,0.480148,0.753141,-0.071013,0.493119,0.762298,-0.107269,0.397909,0.644753,-0.052893,0.428787,0.575777,-0.097546,0.463627,0.530173,-0.125811,0.496097,0.492271,-0.144795,0.343407,0.658003,-0.07536,0.436017,0.743093,-0.122218,0.444633,0.811922,-0.131021,0.428782,0.819257,-0.133335,0.298618,0.712334,-0.098313,0.398424,0.811948,-0.142201,0.410282,0.860602,-0.131737,0.396615,0.855649,-0.119259,0.264545,0.780615,-0.122729,0.339431,0.84522,-0.146734,0.362749,0.883875,-0.130552,0.358998,0.889954,-0.114704
766,25533,True,0.9995,0.9995,0.312317,0.896578,0.0,0.383202,0.828662,-0.007855,0.439872,0.770233,-0.036515,0.47815,0.748083,-0.0712,0.490557,0.761542,-0.107878,0.395807,0.645076,-0.05253,0.424302,0.576028,-0.096378,0.45928,0.532648,-0.124461,0.492603,0.497745,-0.143506,0.34081,0.659165,-0.074676,0.432916,0.742951,-0.120963,0.445124,0.812932,-0.129241,0.432114,0.824746,-0.131186,0.296376,0.713954,-0.097185,0.397295,0.811649,-0.138892,0.411495,0.860001,-0.127484,0.398309,0.858639,-0.114864,0.263047,0.782075,-0.121284,0.340165,0.847152,-0.143469,0.363152,0.884261,-0.127125,0.357749,0.889516,-0.111523
767,25566,True,0.9996,0.9996,0.313317,0.896942,0.0,0.384215,0.82856,-0.007691,0.44144,0.768119,-0.03561,0.480445,0.747186,-0.069487,0.490741,0.766983,-0.105461,0.39504,0.645283,-0.052403,0.419929,0.575671,-0.095576,0.454299,0.534833,-0.123111,0.487683,0.501968,-0.141622,0.339017,0.66094,-0.074267,0.430568,0.744234,-0.118756,0.443841,0.811218,-0.12666,0.431114,0.819688,-0.128645,0.293829,0.716905,-0.096461,0.394616,0.813732,-0.1372,0.410918,0.859464,-0.126558,0.398319,0.855869,-0.114479,0.260546,0.784891,-0.120174,0.33772,0.848357,-0.141521,0.361961,0.88439,-0.125142,0.356595,0.890045,-0.109507
768,25600,True,0.9996,0.9996,0.313903,0.896491,0.0,0.384282,0.827264,-0.008433,0.441295,0.767462,-0.036566,0.481005,0.7472,-0.070444,0.491816,0.765239,-0.106236,0.393809,0.644497,-0.05364,0.417651,0.576833,-0.09774,0.451547,0.536846,-0.126295,0.48514,0.503717,-0.145526,0.338015,0.661346,-0.075262,0.431723,0.747094,-0.121361,0.444077,0.813024,-0.130271,0.430006,0.822916,-0.132822,0.293638,0.719705,-0.097226,0.39701,0.818602,-0.139266,0.411266,0.862087,-0.129097,0.396285,0.857556,-0.117132,0.261244,0.789979,-0.120667,0.340095,0.854841,-0.143197,0.362543,0.888689,-0.127414,0.355106,0.891758,-0.112032
769,25633,True,0.9997,0.9997,0.314499,0.89504,0.0,0.385426,0.82619,-0.009524,0.443628,0.766514,-0.037849,0.485012,0.747948,-0.071914,0.496718,0.770933,-0.108067,0.394967,0.64586,-0.055003,0.41734,0.577773,-0.100092,0.451037,0.538519,-0.129033,0.484489,0.505244,-0.148162,0.338005,0.663093,-0.076144,0.432008,0.74937,-0.122298,0.444167,0.813313,-0.130837,0.428706,0.821247,-0.132918,0.292919,0.721923,-0.097812,0.396701,0.821295,-0.14046,0.411414,0.862974,-0.130394,0.395591,0.857247,-0.117935,0.25982,0.792218,-0.121,0.339496,0.857064,-0.143588,0.36284,0.890133,-0.127513,0.355392,0.893478,-0.111564
770,25666,True,0.9997,0.9997,0.312668,0.895404,0.0,0.38447,0.827541,-0.009111,0.443722,0.768014,-0.03722,0.485855,0.749085,-0.07123,0.497225,0.774481,-0.107603,0.396338,0.647894,-0.054571,0.417414,0.579262,-0.099057,0.451037,0.540397,-0.127071,0.484703,0.508074,-0.145446,0.3402,0.664809,-0.075594,0.433972,0.753445,-0.121691,0.44543,0.820069,-0.129604,0.429359,0.831107,-0.131025,0.29489,0.723793,-0.097049,0.397482,0.825164,-0.139688,0.411452,0.866844,-0.129156,0.396416,0.862732,-0.116163,0.260678,0.794001,-0.119902,0.338322,0.858898,-0.142168,0.361928,0.892362,-0.125817,0.356764,0.896729,-0.109563
771,25700,True,0.9996,0.9996,0.31328,0.897075,0.0,0.384302,0.827295,-0.00904,0.443337,0.768096,-0.037293,0.484703,0.75019,-0.071265,0.494986,0.778269,-0.107592,0.395825,0.649041,-0.056044,0.417332,0.581355,-0.100674,0.45281,0.544396,-0.128669,0.488654,0.515641,-0.146988,0.340214,0.666703,-0.077326,0.433628,0.752868,-0.122515,0.446466,0.816998,-0.129754,0.432893,0.827738,-0.131021,0.295245,0.725487,-0.0991,0.397708,0.826582,-0.139889,0.413129,0.866202,-0.129286,0.400286,0.862172,-0.116858,0.261623,0.795895,-0.122491,0.340544,0.862648,-0.143619,0.362973,0.894385,-0.12791,0.356836,0.897332,-0.112532
772,25733,True,0.9997,0.9997,0.313398,0.897226,0.0,0.38453,0.826712,-0.009306,0.442595,0.768464,-0.038538,0.483981,0.750962,-0.073661,0.493197,0.779388,-0.110987,0.396199,0.648927,-0.056372,0.418377,0.582609,-0.101929,0.454249,0.546336,-0.129973,0.490304,0.518315,-0.148057,0.340177,0.66706,-0.077904,0.433983,0.754933,-0.122843,0.445756,0.820569,-0.128762,0.431425,0.828522,-0.12922,0.295104,0.72627,-0.100179,0.397272,0.827434,-0.141499,0.41323,0.867934,-0.129807,0.400225,0.862828,-0.116684,0.261827,0.79712,-0.124118,0.339503,0.863013,-0.145481,0.36226,0.894879,-0.12895,0.355828,0.897778,-0.113017
773,25766,True,0.9997,0.9997,0.313227,0.897715,0.0,0.384087,0.827084,-0.009466,0.442138,0.768393,-0.038207,0.483504,0.751096,-0.072642,0.493402,0.779895,-0.109249,0.395737,0.649847,-0.05683,0.417862,0.583009,-0.102124,0.453626,0.546677,-0.13024,0.489589,0.517463,-0.148528,0.339727,0.668678,-0.078332,0.432071,0.755475,-0.123534,0.444856,0.818367,-0.130264,0.431454,0.825228,-0.131323,0.294561,0.727984,-0.100528,0.395804,0.828532,-0.142171,0.413365,0.868226,-0.131304,0.401748,0.862879,-0.118628,0.261432,0.798325,-0.124389,0.338256,0.863133,-0.146091,0.361944,0.895243,-0.130006,0.356724,0.898656,-0.114348
774,25800,True,0.9997,0.9997,0.313488,0.898592,0.0,0.383937,0.828347,-0.009551,0.44179,0.769564,-0.038095,0.482488,0.751213,-0.072124,0.492998,0.779693,-0.108326,0.395249,0.652122,-0.057653,0.417032,0.584272,-0.103104,0.452292,0.546803,-0.131615,0.488171,0.516334,-0.15031,0.339645,0.669801,-0.078908,0.430816,0.756609,-0.124767,0.444833,0.81852,-0.132119,0.432904,0.827287,-0.133636,0.294645,0.728506,-0.10077,0.394824,0.82931,-0.142613,0.412568,0.868343,-0.132385,0.40206,0.863887,-0.120213,0.261695,0.798543,-0.124272,0.338477,0.864303,-0.146178,0.361859,0.896127,-0.130784,0.357028,0.899285,-0.115699
775,25833,True,0.9996,0.9996,0.312614,0.900152,0.0,0.382703,0.830256,-0.009705,0.440645,0.771058,-0.03823,0.480896,0.75151,-0.072456,0.490937,0.777392,-0.108953,0.393198,0.652483,-0.055764,0.416557,0.584924,-0.100352,0.453079,0.548161,-0.128765,0.489843,0.519134,-0.147732,0.338203,0.671178,-0.076983,0.428601,0.756697,-0.123315,0.444012,0.817038,-0.132388,0.433626,0.824839,-0.135149,0.294068,0.729951,-0.098754,0.39459,0.830638,-0.140127,0.413099,0.869735,-0.130758,0.403784,0.865824,-0.119423,0.261457,0.800086,-0.122281,0.338794,0.865518,-0.144388,0.361268,0.897313,-0.129915,0.356218,0.899788,-0.115518
776,25866,True,0.9996,0.9996,0.311323,0.903096,0.0,0.382773,0.832529,-0.009709,0.441317,0.772023,-0.038158,0.481578,0.750811,-0.072158,0.489828,0.77775,-0.108554,0.391484,0.654689,-0.056558,0.414973,0.58649,-0.100846,0.450968,0.550056,-0.128961,0.48742,0.521412,-0.147692,0.336559,0.673296,-0.077869,0.427896,0.757528,-0.124209,0.442062,0.818093,-0.133175,0.43069,0.827055,-0.135606,0.292625,0.732333,-0.099625,0.394129,0.831831,-0.140871,0.412584,0.871086,-0.131404,0.404167,0.868256,-0.119807,0.260441,0.802919,-0.123122,0.336908,0.867028,-0.145014,0.360088,0.898649,-0.130398,0.357222,0.902408,-0.115751
777,25900,True,0.9997,0.9997,0.308141,0.909275,0.0,0.378433,0.835787,-0.009073,0.436518,0.773597,-0.036895,0.476305,0.751733,-0.07012,0.489003,0.77769,-0.105683,0.388417,0.65888,-0.055098,0.414666,0.589822,-0.097817,0.450486,0.553234,-0.125073,0.486286,0.524558,-0.143517,0.334814,0.678395,-0.076384,0.427064,0.757262,-0.120814,0.440563,0.819387,-0.12929,0.428824,0.830842,-0.131748,0.291446,0.737198,-0.098004,0.394956,0.832995,-0.137251,0.413196,0.873299,-0.12762,0.404108,0.872092,-0.116421,0.25946,0.808366,-0.121354,0.336752,0.869833,-0.141621,0.359405,0.900809,-0.126768,0.355544,0.904762,-0.112355
778,25933,True,0.9997,0.9997,0.311086,0.919971,0.0,0.380451,0.844498,-0.007602,0.436666,0.780731,-0.037005,0.475391,0.754673,-0.072143,0.490099,0.78029,-0.11004,0.385368,0.664291,-0.057267,0.411343,0.593959,-0.101262,0.450417,0.55827,-0.128891,0.48909,0.534079,-0.147208,0.331903,0.685771,-0.079963,0.427119,0.757046,-0.125546,0.443337,0.825107,-0.133027,0.432475,0.840917,-0.134282,0.290048,0.746539,-0.10268,0.396432,0.835946,-0.142839,0.415759,0.880539,-0.132038,0.405294,0.883825,-0.119843,0.25962,0.819933,-0.126854,0.337983,0.876738,-0.147489,0.363358,0.909044,-0.13173,0.361055,0.915211,-0.116603
779,25966,True,0.9997,0.9997,0.313361,0.935772,0.0,0.382751,0.856379,-0.006395,0.436054,0.787129,-0.033241,0.475063,0.759033,-0.065663,0.494353,0.783377,-0.100701,0.381812,0.674834,-0.053859,0.409458,0.607562,-0.096822,0.44884,0.576055,-0.12427,0.48936,0.553344,-0.142437,0.329748,0.698899,-0.076849,0.428084,0.761849,-0.122092,0.442452,0.829562,-0.131183,0.430444,0.84713,-0.133536,0.289472,0.760841,-0.099769,0.399731,0.842803,-0.140283,0.417203,0.889428,-0.132273,0.405244,0.893996,-0.121732,0.260705,0.835856,-0.123909,0.340812,0.888034,-0.144925,0.366311,0.919411,-0.130997,0.363651,0.925429,-0.117216
780,26000,True,0.9997,0.9997,0.31431,0.95279,0.0,0.38639,0.871877,-0.001553,0.438624,0.800745,-0.026108,0.47892,0.768897,-0.057219,0.501106,0.791672,-0.090726,0.382096,0.693885,-0.049523,0.410467,0.623197,-0.09238,0.453735,0.597465,-0.118936,0.496283,0.585383,-0.135503,0.331413,0.721077,-0.073157,0.432319,0.779121,-0.114031,0.442956,0.844428,-0.119246,0.424974,0.856823,-0.119748,0.293928,0.784839,-0.096671,0.406114,0.859658,-0.133885,0.41992,0.904528,-0.123386,0.401727,0.906346,-0.111935,0.268729,0.860256,-0.120909,0.352959,0.909803,-0.139438,0.373623,0.937832,-0.123679,0.361687,0.940528,-0.108933
781,26033,True,0.9997,0.9997,0.330814,0.978222,0.0,0.396881,0.894086,-0.003426,0.448482,0.822483,-0.029821,0.490614,0.788476,-0.063147,0.506564,0.799877,-0.098128,0.384445,0.719212,-0.051436,0.417982,0.651422,-0.096728,0.470632,0.637288,-0.123857,0.515879,0.638049,-0.140491,0.331797,0.752608,-0.074774,0.437611,0.800974,-0.118708,0.451469,0.875891,-0.123722,0.429916,0.890097,-0.124092,0.298054,0.821603,-0.098205,0.41415,0.885261,-0.138321,0.430511,0.935588,-0.124902,0.405267,0.937605,-0.111505,0.27823,0.898999,-0.12247,0.369754,0.942427,-0.143822,0.392241,0.971039,-0.126648,0.373682,0.972019,-0.110829
782,26066,True,0.9994,0.9994,0.360502,1.035936,0.0,0.406375,0.957428,-0.006502,0.444659,0.879148,-0.029568,0.47919,0.83868,-0.058407,0.518698,0.83058,-0.089072,0.3816,0.772453,-0.047527,0.430763,0.712215,-0.093968,0.487131,0.701561,-0.124461,0.533845,0.701585,-0.142791,0.332481,0.801403,-0.067176,0.441305,0.84248,-0.111626,0.454807,0.908499,-0.120806,0.432284,0.929809,-0.123489,0.301892,0.867679,-0.087824,0.420495,0.924306,-0.132828,0.436593,0.978781,-0.125427,0.417856,0.991756,-0.113132,0.28282,0.946596,-0.109077,0.378628,0.981338,-0.135618,0.409959,1.012833,-0.122959,0.407009,1.023667,-0.108164
783,26099,True,0.9975,0.9975,0.352398,1.074699,0.0,0.396954,1.006936,-0.008195,0.438618,0.93693,-0.026401,0.483298,0.905551,-0.049953,0.529689,0.900508,-0.073844,0.398732,0.824711,-0.027217,0.46184,0.767424,-0.07232,0.521716,0.780336,-0.102314,0.561127,0.804286,-0.117811,0.361576,0.84969,-0.04217,0.464123,0.848269,-0.079106,0.501582,0.901832,-0.09024,0.505882,0.931195,-0.093475,0.335968,0.902956,-0.060027,0.444428,0.955334,-0.093456,0.454927,1.010251,-0.090296,0.43861,1.0312,-0.081348,0.322678,0.965491,-0.079604,0.412568,0.998101,-0.093845,0.426381,1.033111,-0.082364,0.41179,1.049116,-0.070064
784,26133,True,0.976,0.976,0.364132,1.13514,0.0,0.425143,1.07472,-0.005961,0.470442,1.017608,-0.021872,0.5053,0.988189,-0.043626,0.537316,0.973051,-0.065038,0.417142,0.903705,-0.017622,0.485374,0.851138,-0.055479,0.539173,0.853198,-0.083212,0.57838,0.864055,-0.099482,0.398886,0.922798,-0.034955,0.481468,0.887154,-0.075027,0.537031,0.912919,-0.095094,0.569689,0.939731,-0.103388,0.386119,0.962528,-0.054061,0.464011,0.988917,-0.088912,0.474512,1.04823,-0.088051,0.463472,1.083346,-0.079635,0.378357,1.012537,-0.074729,0.442295,1.039241,-0.09136,0.452828,1.072664,-0.081706,0.444276,1.092472,-0.070324
785,26166,False,0.0,0.0,0.0,0.0,0.0,0.0,0.0,0.0,0.0,0.0,0.0,0.0,0.0,0.0,0.0,0.0,0.0,0.0,0.0,0.0,0.0,0.0,0.0,0.0,0.0,0.0,0.0,0.0,0.0,0.0,0.0,0.0,0.0,0.0,0.0,0.0,0.0,0.0,0.0,0.0,0.0,0.0,0.0,0.0,0.0,0.0,0.0,0.0,0.0,0.0,0.0,0.0,0.0,0.0,0.0,0.0,0.0,0.0,0.0,0.0,0.0,0.0,0.0,0.0,0.0
786,26200,False,0.0,0.0,0.0,0.0,0.0,0.0,0.0,0.0,0.0,0.0,0.0,0.0,0.0,0.0,0.0,0.0,0.0,0.0,0.0,0.0,0.0,0.0,0.0,0.0,0.0,0.0,0.0,0.0,0.0,0.0,0.0,0.0,0.0,0.0,0.0,0.0,0.0,0.0,0.0,0.0,0.0,0.0,0.0,0.0,0.0,0.0,0.0,0.0,0.0,0.0,0.0,0.0,0.0,0.0,0.0,0.0,0.0,0.0,0.0,0.0,0.0,0.0,0.0,0.0,0.0
787,26233,False,0.0,0.0,0.0,0.0,0.0,0.0,0.0,0.0,0.0,0.0,0.0,0.0,0.0,0.0,0.0,0.0,0.0,0.0,0.0,0.0,0.0,0.0,0.0,0.0,0.0,0.0,0.0,0.0,0.0,0.0,0.0,0.0,0.0,0.0,0.0,0.0,0.0,0.0,0.0,0.0,0.0,0.0,0.0,0.0,0.0,0.0,0.0,0.0,0.0,0.0,0.0,0.0,0.0,0.0,0.0,0.0,0.0,0.0,0.0,0.0,0.0,0.0,0.0,0.0,0.0
788,26266,False,0.0,0.0,0.0,0.0,0.0,0.0,0.0,0.0,0.0,0.0,0.0,0.0,0.0,0.0,0.0,0.0,0.0,0.0,0.0,0.0,0.0,0.0,0.0,0.0,0.0,0.0,0.0,0.0,0.0,0.0,0.0,0.0,0.0,0.0,0.0,0.0,0.0,0.0,0.0,0.0,0.0,0.0,0.0,0.0,0.0,0.0,0.0,0.0,0.0,0.0,0.0,0.0,0.0,0.0,0.0,0.0,0.0,0.0,0.0,0.0,0.0,0.0,0.0,0.0,0.0
789,26300,False,0.0,0.0,0.0,0.0,0.0,0.0,0.0,0.0,0.0,0.0,0.0,0.0,0.0,0.0,0.0,0.0,0.0,0.0,0.0,0.0,0.0,0.0,0.0,0.0,0.0,0.0,0.0,0.0,0.0,0.0,0.0,0.0,0.0,0.0,0.0,0.0,0.0,0.0,0.0,0.0,0.0,0.0,0.0,0.0,0.0,0.0,0.0,0.0,0.0,0.0,0.0,0.0,0.0,0.0,0.0,0.0,0.0,0.0,0.0,0.0,0.0,0.0,0.0,0.0,0.0
790,26333,False,0.0,0.0,0.0,0.0,0.0,0.0,0.0,0.0,0.0,0.0,0.0,0.0,0.0,0.0,0.0,0.0,0.0,0.0,0.0,0.0,0.0,0.0,0.0,0.0,0.0,0.0,0.0,0.0,0.0,0.0,0.0,0.0,0.0,0.0,0.0,0.0,0.0,0.0,0.0,0.0,0.0,0.0,0.0,0.0,0.0,0.0,0.0,0.0,0.0,0.0,0.0,0.0,0.0,0.0,0.0,0.0,0.0,0.0,0.0,0.0,0.0,0.0,0.0,0.0,0.0
791,26366,False,0.0,0.0,0.0,0.0,0.0,0.0,0.0,0.0,0.0,0.0,0.0,0.0,0.0,0.0,0.0,0.0,0.0,0.0,0.0,0.0,0.0,0.0,0.0,0.0,0.0,0.0,0.0,0.0,0.0,0.0,0.0,0.0,0.0,0.0,0.0,0.0,0.0,0.0,0.0,0.0,0.0,0.0,0.0,0.0,0.0,0.0,0.0,0.0,0.0,0.0,0.0,0.0,0.0,0.0,0.0,0.0,0.0,0.0,0.0,0.0,0.0,0.0,0.0,0.0,0.0
792,26400,False,0.0,0.0,0.0,0.0,0.0,0.0,0.0,0.0,0.0,0.0,0.0,0.0,0.0,0.0,0.0,0.0,0.0,0.0,0.0,0.0,0.0,0.0,0.0,0.0,0.0,0.0,0.0,0.0,0.0,0.0,0.0,0.0,0.0,0.0,0.0,0.0,0.0,0.0,0.0,0.0,0.0,0.0,0.0,0.0,0.0,0.0,0.0,0.0,0.0,0.0,0.0,0.0,0.0,0.0,0.0,0.0,0.0,0.0,0.0,0.0,0.0,0.0,0.0,0.0,0.0
793,26433,False,0.0,0.0,0.0,0.0,0.0,0.0,0.0,0.0,0.0,0.0,0.0,0.0,0.0,0.0,0.0,0.0,0.0,0.0,0.0,0.0,0.0,0.0,0.0,0.0,0.0,0.0,0.0,0.0,0.0,0.0,0.0,0.0,0.0,0.0,0.0,0.0,0.0,0.0,0.0,0.0,0.0,0.0,0.0,0.0,0.0,0.0,0.0,0.0,0.0,0.0,0.0,0.0,0.0,0.0,0.0,0.0,0.0,0.0,0.0,0.0,0.0,0.0,0.0,0.0,0.0
794,26466,False,0.0,0.0,0.0,0.0,0.0,0.0,0.0,0.0,0.0,0.0,0.0,0.0,0.0,0.0,0.0,0.0,0.0,0.0,0.0,0.0,0.0,0.0,0.0,0.0,0.0,0.0,0.0,0.0,0.0,0.0,0.0,0.0,0.0,0.0,0.0,0.0,0.0,0.0,0.0,0.0,0.0,0.0,0.0,0.0,0.0,0.0,0.0,0.0,0.0,0.0,0.0,0.0,0.0,0.0,0.0,0.0,0.0,0.0,0.0,0.0,0.0,0.0,0.0,0.0,0.0
795,26500,False,0.0,0.0,0.0,0.0,0.0,0.0,0.0,0.0,0.0,0.0,0.0,0.0,0.0,0.0,0.0,0.0,0.0,0.0,0.0,0.0,0.0,0.0,0.0,0.0,0.0,0.0,0.0,0.0,0.0,0.0,0.0,0.0,0.0,0.0,0.0,0.0,0.0,0.0,0.0,0.0,0.0,0.0,0.0,0.0,0.0,0.0,0.0,0.0,0.0,0.0,0.0,0.0,0.0,0.0,0.0,0.0,0.0,0.0,0.0,0.0,0.0,0.0,0.0,0.0,0.0
796,26533,False,0.0,0.0,0.0,0.0,0.0,0.0,0.0,0.0,0.0,0.0,0.0,0.0,0.0,0.0,0.0,0.0,0.0,0.0,0.0,0.0,0.0,0.0,0.0,0.0,0.0,0.0,0.0,0.0,0.0,0.0,0.0,0.0,0.0,0.0,0.0,0.0,0.0,0.0,0.0,0.0,0.0,0.0,0.0,0.0,0.0,0.0,0.0,0.0,0.0,0.0,0.0,0.0,0.0,0.0,0.0,0.0,0.0,0.0,0.0,0.0,0.0,0.0,0.0,0.0,0.0
797,26566,False,0.0,0.0,0.0,0.0,0.0,0.0,0.0,0.0,0.0,0.0,0.0,0.0,0.0,0.0,0.0,0.0,0.0,0.0,0.0,0.0,0.0,0.0,0.0,0.0,0.0,0.0,0.0,0.0,0.0,0.0,0.0,0.0,0.0,0.0,0.0,0.0,0.0,0.0,0.0,0.0,0.0,0.0,0.0,0.0,0.0,0.0,0.0,0.0,0.0,0.0,0.0,0.0,0.0,0.0,0.0,0.0,0.0,0.0,0.0,0.0,0.0,0.0,0.0,0.0,0.0
798,26599,False,0.0,0.0,0.0,0.0,0.0,0.0,0.0,0.0,0.0,0.0,0.0,0.0,0.0,0.0,0.0,0.0,0.0,0.0,0.0,0.0,0.0,0.0,0.0,0.0,0.0,0.0,0.0,0.0,0.0,0.0,0.0,0.0,0.0,0.0,0.0,0.0,0.0,0.0,0.0,0.0,0.0,0.0,0.0,0.0,0.0,0.0,0.0,0.0,0.0,0.0,0.0,0.0,0.0,0.0,0.0,0.0,0.0,0.0,0.0,0.0,0.0,0.0,0.0,0.0,0.0
799,26633,False,0.0,0.0,0.0,0.0,0.0,0.0,0.0,0.0,0.0,0.0,0.0,0.0,0.0,0.0,0.0,0.0,0.0,0.0,0.0,0.0,0.0,0.0,0.0,0.0,0.0,0.0,0.0,0.0,0.0,0.0,0.0,0.0,0.0,0.0,0.0,0.0,0.0,0.0,0.0,0.0,0.0,0.0,0.0,0.0,0.0,0.0,0.0,0.0,0.0,0.0,0.0,0.0,0.0,0.0,0.0,0.0,0.0,0.0,0.0,0.0,0.0,0.0,0.0,0.0,0.0
800,26666,False,0.0,0.0,0.0,0.0,0.0,0.0,0.0,0.0,0.0,0.0,0.0,0.0,0.0,0.0,0.0,0.0,0.0,0.0,0.0,0.0,0.0,0.0,0.0,0.0,0.0,0.0,0.0,0.0,0.0,0.0,0.0,0.0,0.0,0.0,0.0,0.0,0.0,0.0,0.0,0.0,0.0,0.0,0.0,0.0,0.0,0.0,0.0,0.0,0.0,0.0,0.0,0.0,0.0,0.0,0.0,0.0,0.0,0.0,0.0,0.0,0.0,0.0,0.0,0.0,0.0
801,26700,False,0.0,0.0,0.0,0.0,0.0,0.0,0.0,0.0,0.0,0.0,0.0,0.0,0.0,0.0,0.0,0.0,0.0,0.0,0.0,0.0,0.0,0.0,0.0,0.0,0.0,0.0,0.0,0.0,0.0,0.0,0.0,0.0,0.0,0.0,0.0,0.0,0.0,0.0,0.0,0.0,0.0,0.0,0.0,0.0,0.0,0.0,0.0,0.0,0.0,0.0,0.0,0.0,0.0,0.0,0.0,0.0,0.0,0.0,0.0,0.0,0.0,0.0,0.0,0.0,0.0
802,26733,False,0.0,0.0,0.0,0.0,0.0,0.0,0.0,0.0,0.0,0.0,0.0,0.0,0.0,0.0,0.0,0.0,0.0,0.0,0.0,0.0,0.0,0.0,0.0,0.0,0.0,0.0,0.0,0.0,0.0,0.0,0.0,0.0,0.0,0.0,0.0,0.0,0.0,0.0,0.0,0.0,0.0,0.0,0.0,0.0,0.0,0.0,0.0,0.0,0.0,0.0,0.0,0.0,0.0,0.0,0.0,0.0,0.0,0.0,0.0,0.0,0.0,0.0,0.0,0.0,0.0
803,26766,False,0.0,0.0,0.0,0.0,0.0,0.0,0.0,0.0,0.0,0.0,0.0,0.0,0.0,0.0,0.0,0.0,0.0,0.0,0.0,0.0,0.0,0.0,0.0,0.0,0.0,0.0,0.0,0.0,0.0,0.0,0.0,0.0,0.0,0.0,0.0,0.0,0.0,0.0,0.0,0.0,0.0,0.0,0.0,0.0,0.0,0.0,0.0,0.0,0.0,0.0,0.0,0.0,0.0,0.0,0.0,0.0,0.0,0.0,0.0,0.0,0.0,0.0,0.0,0.0,0.0
804,26800,False,0.0,0.0,0.0,0.0,0.0,0.0,0.0,0.0,0.0,0.0,0.0,0.0,0.0,0.0,0.0,0.0,0.0,0.0,0.0,0.0,0.0,0.0,0.0,0.0,0.0,0.0,0.0,0.0,0.0,0.0,0.0,0.0,0.0,0.0,0.0,0.0,0.0,0.0,0.0,0.0,0.0,0.0,0.0,0.0,0.0,0.0,0.0,0.0,0.0,0.0,0.0,0.0,0.0,0.0,0.0,0.0,0.0,0.0,0.0,0.0,0.0,0.0,0.0,0.0,0.0
805,26833,False,0.0,0.0,0.0,0.0,0.0,0.0,0.0,0.0,0.0,0.0,0.0,0.0,0.0,0.0,0.0,0.0,0.0,0.0,0.0,0.0,0.0,0.0,0.0,0.0,0.0,0.0,0.0,0.0,0.0,0.0,0.0,0.0,0.0,0.0,0.0,0.0,0.0,0.0,0.0,0.0,0.0,0.0,0.0,0.0,0.0,0.0,0.0,0.0,0.0,0.0,0.0,0.0,0.0,0.0,0.0,0.0,0.0,0.0,0.0,0.0,0.0,0.0,0.0,0.0,0.0
806,26866,False,0.0,0.0,0.0,0.0,0.0,0.0,0.0,0.0,0.0,0.0,0.0,0.0,0.0,0.0,0.0,0.0,0.0,0.0,0.0,0.0,0.0,0.0,0.0,0.0,0.0,0.0,0.0,0.0,0.0,0.0,0.0,0.0,0.0,0.0,0.0,0.0,0.0,0.0,0.0,0.0,0.0,0.0,0.0,0.0,0.0,0.0,0.0,0.0,0.0,0.0,0.0,0.0,0.0,0.0,0.0,0.0,0.0,0.0,0.0,0.0,0.0,0.0,0.0,0.0,0.0
807,26900,False,0.0,0.0,0.0,0.0,0.0,0.0,0.0,0.0,0.0,0.0,0.0,0.0,0.0,0.0,0.0,0.0,0.0,0.0,0.0,0.0,0.0,0.0,0.0,0.0,0.0,0.0,0.0,0.0,0.0,0.0,0.0,0.0,0.0,0.0,0.0,0.0,0.0,0.0,0.0,0.0,0.0,0.0,0.0,0.0,0.0,0.0,0.0,0.0,0.0,0.0,0.0,0.0,0.0,0.0,0.0,0.0,0.0,0.0,0.0,0.0,0.0,0.0,0.0,0.0,0.0
808,26933,False,0.0,0.0,0.0,0.0,0.0,0.0,0.0,0.0,0.0,0.0,0.0,0.0,0.0,0.0,0.0,0.0,0.0,0.0,0.0,0.0,0.0,0.0,0.0,0.0,0.0,0.0,0.0,0.0,0.0,0.0,0.0,0.0,0.0,0.0,0.0,0.0,0.0,0.0,0.0,0.0,0.0,0.0,0.0,0.0,0.0,0.0,0.0,0.0,0.0,0.0,0.0,0.0,0.0,0.0,0.0,0.0,0.0,0.0,0.0,0.0,0.0,0.0,0.0,0.0,0.0
809,26966,False,0.0,0.0,0.0,0.0,0.0,0.0,0.0,0.0,0.0,0.0,0.0,0.0,0.0,0.0,0.0,0.0,0.0,0.0,0.0,0.0,0.0,0.0,0.0,0.0,0.0,0.0,0.0,0.0,0.0,0.0,0.0,0.0,0.0,0.0,0.0,0.0,0.0,0.0,0.0,0.0,0.0,0.0,0.0,0.0,0.0,0.0,0.0,0.0,0.0,0.0,0.0,0.0,0.0,0.0,0.0,0.0,0.0,0.0,0.0,0.0,0.0,0.0,0.0,0.0,0.0
810,27000,False,0.0,0.0,0.0,0.0,0.0,0.0,0.0,0.0,0.0,0.0,0.0,0.0,0.0,0.0,0.0,0.0,0.0,0.0,0.0,0.0,0.0,0.0,0.0,0.0,0.0,0.0,0.0,0.0,0.0,0.0,0.0,0.0,0.0,0.0,0.0,0.0,0.0,0.0,0.0,0.0,0.0,0.0,0.0,0.0,0.0,0.0,0.0,0.0,0.0,0.0,0.0,0.0,0.0,0.0,0.0,0.0,0.0,0.0,0.0,0.0,0.0,0.0,0.0,0.0,0.0
811,27033,False,0.0,0.0,0.0,0.0,0.0,0.0,0.0,0.0,0.0,0.0,0.0,0.0,0.0,0.0,0.0,0.0,0.0,0.0,0.0,0.0,0.0,0.0,0.0,0.0,0.0,0.0,0.0,0.0,0.0,0.0,0.0,0.0,0.0,0.0,0.0,0.0,0.0,0.0,0.0,0.0,0.0,0.0,0.0,0.0,0.0,0.0,0.0,0.0,0.0,0.0,0.0,0.0,0.0,0.0,0.0,0.0,0.0,0.0,0.0,0.0,0.0,0.0,0.0,0.0,0.0
812,27066,False,0.0,0.0,0.0,0.0,0.0,0.0,0.0,0.0,0.0,0.0,0.0,0.0,0.0,0.0,0.0,0.0,0.0,0.0,0.0,0.0,0.0,0.0,0.0,0.0,0.0,0.0,0.0,0.0,0.0,0.0,0.0,0.0,0.0,0.0,0.0,0.0,0.0,0.0,0.0,0.0,0.0,0.0,0.0,0.0,0.0,0.0,0.0,0.0,0.0,0.0,0.0,0.0,0.0,0.0,0.0,0.0,0.0,0.0,0.0,0.0,0.0,0.0,0.0,0.0,0.0
813,27099,False,0.0,0.0,0.0,0.0,0.0,0.0,0.0,0.0,0.0,0.0,0.0,0.0,0.0,0.0,0.0,0.0,0.0,0.0,0.0,0.0,0.0,0.0,0.0,0.0,0.0,0.0,0.0,0.0,0.0,0.0,0.0,0.0,0.0,0.0,0.0,0.0,0.0,0.0,0.0,0.0,0.0,0.0,0.0,0.0,0.0,0.0,0.0,0.0,0.0,0.0,0.0,0.0,0.0,0.0,0.0,0.0,0.0,0.0,0.0,0.0,0.0,0.0,0.0,0.0,0.0
814,27133,False,0.0,0.0,0.0,0.0,0.0,0.0,0.0,0.0,0.0,0.0,0.0,0.0,0.0,0.0,0.0,0.0,0.0,0.0,0.0,0.0,0.0,0.0,0.0,0.0,0.0,0.0,0.0,0.0,0.0,0.0,0.0,0.0,0.0,0.0,0.0,0.0,0.0,0.0,0.0,0.0,0.0,0.0,0.0,0.0,0.0,0.0,0.0,0.0,0.0,0.0,0.0,0.0,0.0,0.0,0.0,0.0,0.0,0.0,0.0,0.0,0.0,0.0,0.0,0.0,0.0
815,27166,False,0.0,0.0,0.0,0.0,0.0,0.0,0.0,0.0,0.0,0.0,0.0,0.0,0.0,0.0,0.0,0.0,0.0,0.0,0.0,0.0,0.0,0.0,0.0,0.0,0.0,0.0,0.0,0.0,0.0,0.0,0.0,0.0,0.0,0.0,0.0,0.0,0.0,0.0,0.0,0.0,0.0,0.0,0.0,0.0,0.0,0.0,0.0,0.0,0.0,0.0,0.0,0.0,0.0,0.0,0.0,0.0,0.0,0.0,0.0,0.0,0.0,0.0,0.0,0.0,0.0
816,27200,False,0.0,0.0,0.0,0.0,0.0,0.0,0.0,0.0,0.0,0.0,0.0,0.0,0.0,0.0,0.0,0.0,0.0,0.0,0.0,0.0,0.0,0.0,0.0,0.0,0.0,0.0,0.0,0.0,0.0,0.0,0.0,0.0,0.0,0.0,0.0,0.0,0.0,0.0,0.0,0.0,0.0,0.0,0.0,0.0,0.0,0.0,0.0,0.0,0.0,0.0,0.0,0.0,0.0,0.0,0.0,0.0,0.0,0.0,0.0,0.0,0.0,0.0,0.0,0.0,0.0
817,27233,False,0.0,0.0,0.0,0.0,0.0,0.0,0.0,0.0,0.0,0.0,0.0,0.0,0.0,0.0,0.0,0.0,0.0,0.0,0.0,0.0,0.0,0.0,0.0,0.0,0.0,0.0,0.0,0.0,0.0,0.0,0.0,0.0,0.0,0.0,0.0,0.0,0.0,0.0,0.0,0.0,0.0,0.0,0.0,0.0,0.0,0.0,0.0,0.0,0.0,0.0,0.0,0.0,0.0,0.0,0.0,0.0,0.0,0.0,0.0,0.0,0.0,0.0,0.0,0.0,0.0
818,27266,False,0.0,0.0,0.0,0.0,0.0,0.0,0.0,0.0,0.0,0.0,0.0,0.0,0.0,0.0,0.0,0.0,0.0,0.0,0.0,0.0,0.0,0.0,0.0,0.0,0.0,0.0,0.0,0.0,0.0,0.0,0.0,0.0,0.0,0.0,0.0,0.0,0.0,0.0,0.0,0.0,0.0,0.0,0.0,0.0,0.0,0.0,0.0,0.0,0.0,0.0,0.0,0.0,0.0,0.0,0.0,0.0,0.0,0.0,0.0,0.0,0.0,0.0,0.0,0.0,0.0
819,27300,False,0.0,0.0,0.0,0.0,0.0,0.0,0.0,0.0,0.0,0.0,0.0,0.0,0.0,0.0,0.0,0.0,0.0,0.0,0.0,0.0,0.0,0.0,0.0,0.0,0.0,0.0,0.0,0.0,0.0,0.0,0.0,0.0,0.0,0.0,0.0,0.0,0.0,0.0,0.0,0.0,0.0,0.0,0.0,0.0,0.0,0.0,0.0,0.0,0.0,0.0,0.0,0.0,0.0,0.0,0.0,0.0,0.0,0.0,0.0,0.0,0.0,0.0,0.0,0.0,0.0
820,27333,False,0.0,0.0,0.0,0.0,0.0,0.0,0.0,0.0,0.0,0.0,0.0,0.0,0.0,0.0,0.0,0.0,0.0,0.0,0.0,0.0,0.0,0.0,0.0,0.0,0.0,0.0,0.0,0.0,0.0,0.0,0.0,0.0,0.0,0.0,0.0,0.0,0.0,0.0,0.0,0.0,0.0,0.0,0.0,0.0,0.0,0.0,0.0,0.0,0.0,0.0,0.0,0.0,0.0,0.0,0.0,0.0,0.0,0.0,0.0,0.0,0.0,0.0,0.0,0.0,0.0
821,27366,False,0.0,0.0,0.0,0.0,0.0,0.0,0.0,0.0,0.0,0.0,0.0,0.0,0.0,0.0,0.0,0.0,0.0,0.0,0.0,0.0,0.0,0.0,0.0,0.0,0.0,0.0,0.0,0.0,0.0,0.0,0.0,0.0,0.0,0.0,0.0,0.0,0.0,0.0,0.0,0.0,0.0,0.0,0.0,0.0,0.0,0.0,0.0,0.0,0.0,0.0,0.0,0.0,0.0,0.0,0.0,0.0,0.0,0.0,0.0,0.0,0.0,0.0,0.0,0.0,0.0
822,27400,False,0.0,0.0,0.0,0.0,0.0,0.0,0.0,0.0,0.0,0.0,0.0,0.0,0.0,0.0,0.0,0.0,0.0,0.0,0.0,0.0,0.0,0.0,0.0,0.0,0.0,0.0,0.0,0.0,0.0,0.0,0.0,0.0,0.0,0.0,0.0,0.0,0.0,0.0,0.0,0.0,0.0,0.0,0.0,0.0,0.0,0.0,0.0,0.0,0.0,0.0,0.0,0.0,0.0,0.0,0.0,0.0,0.0,0.0,0.0,0.0,0.0,0.0,0.0,0.0,0.0
823,27433,False,0.0,0.0,0.0,0.0,0.0,0.0,0.0,0.0,0.0,0.0,0.0,0.0,0.0,0.0,0.0,0.0,0.0,0.0,0.0,0.0,0.0,0.0,0.0,0.0,0.0,0.0,0.0,0.0,0.0,0.0,0.0,0.0,0.0,0.0,0.0,0.0,0.0,0.0,0.0,0.0,0.0,0.0,0.0,0.0,0.0,0.0,0.0,0.0,0.0,0.0,0.0,0.0,0.0,0.0,0.0,0.0,0.0,0.0,0.0,0.0,0.0,0.0,0.0,0.0,0.0
824,27466,False,0.0,0.0,0.0,0.0,0.0,0.0,0.0,0.0,0.0,0.0,0.0,0.0,0.0,0.0,0.0,0.0,0.0,0.0,0.0,0.0,0.0,0.0,0.0,0.0,0.0,0.0,0.0,0.0,0.0,0.0,0.0,0.0,0.0,0.0,0.0,0.0,0.0,0.0,0.0,0.0,0.0,0.0,0.0,0.0,0.0,0.0,0.0,0.0,0.0,0.0,0.0,0.0,0.0,0.0,0.0,0.0,0.0,0.0,0.0,0.0,0.0,0.0,0.0,0.0,0.0
825,27500,False,0.0,0.0,0.0,0.0,0.0,0.0,0.0,0.0,0.0,0.0,0.0,0.0,0.0,0.0,0.0,0.0,0.0,0.0,0.0,0.0,0.0,0.0,0.0,0.0,0.0,0.0,0.0,0.0,0.0,0.0,0.0,0.0,0.0,0.0,0.0,0.0,0.0,0.0,0.0,0.0,0.0,0.0,0.0,0.0,0.0,0.0,0.0,0.0,0.0,0.0,0.0,0.0,0.0,0.0,0.0,0.0,0.0,0.0,0.0,0.0,0.0,0.0,0.0,0.0,0.0
826,27533,False,0.0,0.0,0.0,0.0,0.0,0.0,0.0,0.0,0.0,0.0,0.0,0.0,0.0,0.0,0.0,0.0,0.0,0.0,0.0,0.0,0.0,0.0,0.0,0.0,0.0,0.0,0.0,0.0,0.0,0.0,0.0,0.0,0.0,0.0,0.0,0.0,0.0,0.0,0.0,0.0,0.0,0.0,0.0,0.0,0.0,0.0,0.0,0.0,0.0,0.0,0.0,0.0,0.0,0.0,0.0,0.0,0.0,0.0,0.0,0.0,0.0,0.0,0.0,0.0,0.0
827,27566,False,0.0,0.0,0.0,0.0,0.0,0.0,0.0,0.0,0.0,0.0,0.0,0.0,0.0,0.0,0.0,0.0,0.0,0.0,0.0,0.0,0.0,0.0,0.0,0.0,0.0,0.0,0.0,0.0,0.0,0.0,0.0,0.0,0.0,0.0,0.0,0.0,0.0,0.0,0.0,0.0,0.0,0.0,0.0,0.0,0.0,0.0,0.0,0.0,0.0,0.0,0.0,0.0,0.0,0.0,0.0,0.0,0.0,0.0,0.0,0.0,0.0,0.0,0.0,0.0,0.0
828,27599,False,0.0,0.0,0.0,0.0,0.0,0.0,0.0,0.0,0.0,0.0,0.0,0.0,0.0,0.0,0.0,0.0,0.0,0.0,0.0,0.0,0.0,0.0,0.0,0.0,0.0,0.0,0.0,0.0,0.0,0.0,0.0,0.0,0.0,0.0,0.0,0.0,0.0,0.0,0.0,0.0,0.0,0.0,0.0,0.0,0.0,0.0,0.0,0.0,0.0,0.0,0.0,0.0,0.0,0.0,0.0,0.0,0.0,0.0,0.0,0.0,0.0,0.0,0.0,0.0,0.0
829,27633,False,0.0,0.0,0.0,0.0,0.0,0.0,0.0,0.0,0.0,0.0,0.0,0.0,0.0,0.0,0.0,0.0,0.0,0.0,0.0,0.0,0.0,0.0,0.0,0.0,0.0,0.0,0.0,0.0,0.0,0.0,0.0,0.0,0.0,0.0,0.0,0.0,0.0,0.0,0.0,0.0,0.0,0.0,0.0,0.0,0.0,0.0,0.0,0.0,0.0,0.0,0.0,0.0,0.0,0.0,0.0,0.0,0.0,0.0,0.0,0.0,0.0,0.0,0.0,0.0,0.0
830,27666,False,0.0,0.0,0.0,0.0,0.0,0.0,0.0,0.0,0.0,0.0,0.0,0.0,0.0,0.0,0.0,0.0,0.0,0.0,0.0,0.0,0.0,0.0,0.0,0.0,0.0,0.0,0.0,0.0,0.0,0.0,0.0,0.0,0.0,0.0,0.0,0.0,0.0,0.0,0.0,0.0,0.0,0.0,0.0,0.0,0.0,0.0,0.0,0.0,0.0,0.0,0.0,0.0,0.0,0.0,0.0,0.0,0.0,0.0,0.0,0.0,0.0,0.0,0.0,0.0,0.0
831,27700,False,0.0,0.0,0.0,0.0,0.0,0.0,0.0,0.0,0.0,0.0,0.0,0.0,0.0,0.0,0.0,0.0,0.0,0.0,0.0,0.0,0.0,0.0,0.0,0.0,0.0,0.0,0.0,0.0,0.0,0.0,0.0,0.0,0.0,0.0,0.0,0.0,0.0,0.0,0.0,0.0,0.0,0.0,0.0,0.0,0.0,0.0,0.0,0.0,0.0,0.0,0.0,0.0,0.0,0.0,0.0,0.0,0.0,0.0,0.0,0.0,0.0,0.0,0.0,0.0,0.0
832,27733,False,0.0,0.0,0.0,0.0,0.0,0.0,0.0,0.0,0.0,0.0,0.0,0.0,0.0,0.0,0.0,0.0,0.0,0.0,0.0,0.0,0.0,0.0,0.0,0.0,0.0,0.0,0.0,0.0,0.0,0.0,0.0,0.0,0.0,0.0,0.0,0.0,0.0,0.0,0.0,0.0,0.0,0.0,0.0,0.0,0.0,0.0,0.0,0.0,0.0,0.0,0.0,0.0,0.0,0.0,0.0,0.0,0.0,0.0,0.0,0.0,0.0,0.0,0.0,0.0,0.0
833,27766,False,0.0,0.0,0.0,0.0,0.0,0.0,0.0,0.0,0.0,0.0,0.0,0.0,0.0,0.0,0.0,0.0,0.0,0.0,0.0,0.0,0.0,0.0,0.0,0.0,0.0,0.0,0.0,0.0,0.0,0.0,0.0,0.0,0.0,0.0,0.0,0.0,0.0,0.0,0.0,0.0,0.0,0.0,0.0,0.0,0.0,0.0,0.0,0.0,0.0,0.0,0.0,0.0,0.0,0.0,0.0,0.0,0.0,0.0,0.0,0.0,0.0,0.0,0.0,0.0,0.0
834,27800,False,0.0,0.0,0.0,0.0,0.0,0.0,0.0,0.0,0.0,0.0,0.0,0.0,0.0,0.0,0.0,0.0,0.0,0.0,0.0,0.0,0.0,0.0,0.0,0.0,0.0,0.0,0.0,0.0,0.0,0.0,0.0,0.0,0.0,0.0,0.0,0.0,0.0,0.0,0.0,0.0,0.0,0.0,0.0,0.0,0.0,0.0,0.0,0.0,0.0,0.0,0.0,0.0,0.0,0.0,0.0,0.0,0.0,0.0,0.0,0.0,0.0,0.0,0.0,0.0,0.0
835,27833,False,0.0,0.0,0.0,0.0,0.0,0.0,0.0,0.0,0.0,0.0,0.0,0.0,0.0,0.0,0.0,0.0,0.0,0.0,0.0,0.0,0.0,0.0,0.0,0.0,0.0,0.0,0.0,0.0,0.0,0.0,0.0,0.0,0.0,0.0,0.0,0.0,0.0,0.0,0.0,0.0,0.0,0.0,0.0,0.0,0.0,0.0,0.0,0.0,0.0,0.0,0.0,0.0,0.0,0.0,0.0,0.0,0.0,0.0,0.0,0.0,0.0,0.0,0.0,0.0,0.0
836,27866,False,0.0,0.0,0.0,0.0,0.0,0.0,0.0,0.0,0.0,0.0,0.0,0.0,0.0,0.0,0.0,0.0,0.0,0.0,0.0,0.0,0.0,0.0,0.0,0.0,0.0,0.0,0.0,0.0,0.0,0.0,0.0,0.0,0.0,0.0,0.0,0.0,0.0,0.0,0.0,0.0,0.0,0.0,0.0,0.0,0.0,0.0,0.0,0.0,0.0,0.0,0.0,0.0,0.0,0.0,0.0,0.0,0.0,0.0,0.0,0.0,0.0,0.0,0.0,0.0,0.0
837,27900,False,0.0,0.0,0.0,0.0,0.0,0.0,0.0,0.0,0.0,0.0,0.0,0.0,0.0,0.0,0.0,0.0,0.0,0.0,0.0,0.0,0.0,0.0,0.0,0.0,0.0,0.0,0.0,0.0,0.0,0.0,0.0,0.0,0.0,0.0,0.0,0.0,0.0,0.0,0.0,0.0,0.0,0.0,0.0,0.0,0.0,0.0,0.0,0.0,0.0,0.0,0.0,0.0,0.0,0.0,0.0,0.0,0.0,0.0,0.0,0.0,0.0,0.0,0.0,0.0,0.0
838,27933,False,0.0,0.0,0.0,0.0,0.0,0.0,0.0,0.0,0.0,0.0,0.0,0.0,0.0,0.0,0.0,0.0,0.0,0.0,0.0,0.0,0.0,0.0,0.0,0.0,0.0,0.0,0.0,0.0,0.0,0.0,0.0,0.0,0.0,0.0,0.0,0.0,0.0,0.0,0.0,0.0,0.0,0.0,0.0,0.0,0.0,0.0,0.0,0.0,0.0,0.0,0.0,0.0,0.0,0.0,0.0,0.0,0.0,0.0,0.0,0.0,0.0,0.0,0.0,0.0,0.0
839,27966,False,0.0,0.0,0.0,0.0,0.0,0.0,0.0,0.0,0.0,0.0,0.0,0.0,0.0,0.0,0.0,0.0,0.0,0.0,0.0,0.0,0.0,0.0,0.0,0.0,0.0,0.0,0.0,0.0,0.0,0.0,0.0,0.0,0.0,0.0,0.0,0.0,0.0,0.0,0.0,0.0,0.0,0.0,0.0,0.0,0.0,0.0,0.0,0.0,0.0,0.0,0.0,0.0,0.0,0.0,0.0,0.0,0.0,0.0,0.0,0.0,0.0,0.0,0.0,0.0,0.0
840,28000,False,0.0,0.0,0.0,0.0,0.0,0.0,0.0,0.0,0.0,0.0,0.0,0.0,0.0,0.0,0.0,0.0,0.0,0.0,0.0,0.0,0.0,0.0,0.0,0.0,0.0,0.0,0.0,0.0,0.0,0.0,0.0,0.0,0.0,0.0,0.0,0.0,0.0,0.0,0.0,0.0,0.0,0.0,0.0,0.0,0.0,0.0,0.0,0.0,0.0,0.0,0.0,0.0,0.0,0.0,0.0,0.0,0.0,0.0,0.0,0.0,0.0,0.0,0.0,0.0,0.0
841,28033,False,0.0,0.0,0.0,0.0,0.0,0.0,0.0,0.0,0.0,0.0,0.0,0.0,0.0,0.0,0.0,0.0,0.0,0.0,0.0,0.0,0.0,0.0,0.0,0.0,0.0,0.0,0.0,0.0,0.0,0.0,0.0,0.0,0.0,0.0,0.0,0.0,0.0,0.0,0.0,0.0,0.0,0.0,0.0,0.0,0.0,0.0,0.0,0.0,0.0,0.0,0.0,0.0,0.0,0.0,0.0,0.0,0.0,0.0,0.0,0.0,0.0,0.0,0.0,0.0,0.0
842,28066,False,0.0,0.0,0.0,0.0,0.0,0.0,0.0,0.0,0.0,0.0,0.0,0.0,0.0,0.0,0.0,0.0,0.0,0.0,0.0,0.0,0.0,0.0,0.0,0.0,0.0,0.0,0.0,0.0,0.0,0.0,0.0,0.0,0.0,0.0,0.0,0.0,0.0,0.0,0.0,0.0,0.0,0.0,0.0,0.0,0.0,0.0,0.0,0.0,0.0,0.0,0.0,0.0,0.0,0.0,0.0,0.0,0.0,0.0,0.0,0.0,0.0,0.0,0.0,0.0,0.0
843,28099,False,0.0,0.0,0.0,0.0,0.0,0.0,0.0,0.0,0.0,0.0,0.0,0.0,0.0,0.0,0.0,0.0,0.0,0.0,0.0,0.0,0.0,0.0,0.0,0.0,0.0,0.0,0.0,0.0,0.0,0.0,0.0,0.0,0.0,0.0,0.0,0.0,0.0,0.0,0.0,0.0,0.0,0.0,0.0,0.0,0.0,0.0,0.0,0.0,0.0,0.0,0.0,0.0,0.0,0.0,0.0,0.0,0.0,0.0,0.0,0.0,0.0,0.0,0.0,0.0,0.0
844,28133,False,0.0,0.0,0.0,0.0,0.0,0.0,0.0,0.0,0.0,0.0,0.0,0.0,0.0,0.0,0.0,0.0,0.0,0.0,0.0,0.0,0.0,0.0,0.0,0.0,0.0,0.0,0.0,0.0,0.0,0.0,0.0,0.0,0.0,0.0,0.0,0.0,0.0,0.0,0.0,0.0,0.0,0.0,0.0,0.0,0.0,0.0,0.0,0.0,0.0,0.0,0.0,0.0,0.0,0.0,0.0,0.0,0.0,0.0,0.0,0.0,0.0,0.0,0.0,0.0,0.0
845,28166,False,0.0,0.0,0.0,0.0,0.0,0.0,0.0,0.0,0.0,0.0,0.0,0.0,0.0,0.0,0.0,0.0,0.0,0.0,0.0,0.0,0.0,0.0,0.0,0.0,0.0,0.0,0.0,0.0,0.0,0.0,0.0,0.0,0.0,0.0,0.0,0.0,0.0,0.0,0.0,0.0,0.0,0.0,0.0,0.0,0.0,0.0,0.0,0.0,0.0,0.0,0.0,0.0,0.0,0.0,0.0,0.0,0.0,0.0,0.0,0.0,0.0,0.0,0.0,0.0,0.0
