frame_index,timestamp_ms,hand_detected,detection_confidence,tracking_confidence,l0_x,l0_y,l0_z,l1_x,l1_y,l1_z,l2_x,l2_y,l2_z,l3_x,l3_y,l3_z,l4_x,l4_y,l4_z,l5_x,l5_y,l5_z,l6_x,l6_y,l6_z,l7_x,l7_y,l7_z,l8_x,l8_y,l8_z,l9_x,l9_y,l9_z,l10_x,l10_y,l10_z,l11_x,l11_y,l11_z,l12_x,l12_y,l12_z,l13_x,l13_y,l13_z,l14_x,l14_y,l14_z,l15_x,l15_y,l15_z,l16_x,l16_y,l16_z,l17_x,l17_y,l17_z,l18_x,l18_y,l18_z,l19_x,l19_y,l19_z,l20_x,l20_y,l20_z
0,0,True,0.9995,0.9995,0.22745,0.636163,0.0,0.293856,0.628514,-0.020854,0.358096,0.566292,-0.02779,0.396816,0.499753,-0.035522,0.424151,0.446714,-0.043447,0.329148,0.458344,-0.015423,0.356209,0.367081,-0.035579,0.379411,0.313154,-0.049407,0.395714,0.265382,-0.060561,0.296947,0.451891,-0.01979,0.33138,0.396561,-0.05477,0.33612,0.466902,-0.069061,0.327482,0.514748,-0.072449,0.259237,0.45485,-0.026752,0.296007,0.396044,-0.06683,0.300848,0.474427,-0.067839,0.291576,0.525505,-0.05934,0.214895,0.461716,-0.034937,0.249291,0.425995,-0.06901,0.264138,0.484214,-0.072223,0.262811,0.528168,-0.068065
1,33,True,0.9991,0.9991,0.231472,0.638186,0.0,0.293431,0.623351,-0.024471,0.352576,0.561182,-0.038091,0.386717,0.496102,-0.053301,0.417993,0.442397,-0.068318,0.319749,0.435708,-0.013826,0.349176,0.35634,-0.038955,0.371111,0.304072,-0.053269,0.384849,0.256693,-0.062691,0.286263,0.428714,-0.016827,0.324981,0.385105,-0.060891,0.324144,0.467465,-0.071027,0.310483,0.515324,-0.066443,0.249548,0.432897,-0.023419,0.288024,0.385159,-0.07245,0.292853,0.472431,-0.064543,0.281908,0.52378,-0.045172,0.205574,0.445343,-0.031365,0.24341,0.414733,-0.069642,0.259724,0.478572,-0.065006,0.257812,0.522989,-0.051339
2,66,True,0.9989,0.9989,0.230186,0.632559,0.0,0.292324,0.617426,-0.024899,0.352961,0.552685,-0.039442,0.384501,0.486982,-0.055313,0.413869,0.429029,-0.071084,0.319329,0.427335,-0.015391,0.349387,0.344809,-0.041894,0.371633,0.295435,-0.057088,0.387548,0.251232,-0.06662,0.286438,0.421069,-0.01839,0.327067,0.380525,-0.063013,0.324902,0.465123,-0.072321,0.309647,0.513803,-0.067273,0.249576,0.4271,-0.025174,0.287873,0.383553,-0.073646,0.290587,0.470243,-0.063595,0.278414,0.519507,-0.043028,0.205516,0.441696,-0.033426,0.242186,0.405233,-0.069188,0.25882,0.467353,-0.061102,0.255959,0.511199,-0.045378
3,100,True,0.9987,0.9987,0.228512,0.630686,0.0,0.290817,0.614065,-0.024223,0.351404,0.547226,-0.037669,0.382863,0.479517,-0.052335,0.41261,0.422859,-0.066854,0.318256,0.423648,-0.014859,0.348266,0.339969,-0.040755,0.36913,0.291214,-0.055005,0.384,0.247029,-0.06402,0.285305,0.417753,-0.017848,0.326655,0.37403,-0.062785,0.32488,0.459336,-0.072018,0.310346,0.509447,-0.066711,0.248544,0.42396,-0.024516,0.286741,0.378279,-0.073413,0.289058,0.46619,-0.063423,0.277094,0.515908,-0.042697,0.204836,0.438549,-0.032488,0.241099,0.400273,-0.068413,0.255987,0.463194,-0.060392,0.251977,0.506688,-0.04474
4,133,True,0.9985,0.9985,0.228948,0.629003,0.0,0.290873,0.611753,-0.024867,0.35153,0.544839,-0.038527,0.38292,0.476447,-0.053404,0.413072,0.420328,-0.06801,0.318713,0.418962,-0.014835,0.348891,0.335528,-0.041074,0.368621,0.287156,-0.055585,0.382944,0.242335,-0.064846,0.28521,0.412267,-0.017503,0.326234,0.370737,-0.062803,0.323539,0.456928,-0.072133,0.309372,0.50686,-0.066926,0.248349,0.418094,-0.023974,0.286483,0.374607,-0.072863,0.288017,0.462671,-0.062954,0.276796,0.512583,-0.042329,0.204907,0.432722,-0.031887,0.241233,0.396125,-0.067587,0.255799,0.459112,-0.059809,0.252618,0.502531,-0.044352
5,166,True,0.998,0.998,0.231182,0.62695,0.0,0.292979,0.609224,-0.026159,0.353177,0.542992,-0.040542,0.384499,0.475448,-0.056027,0.414684,0.420072,-0.071125,0.321346,0.414942,-0.01553,0.351828,0.330935,-0.042364,0.370495,0.282025,-0.057459,0.384031,0.236423,-0.067041,0.287397,0.407807,-0.017656,0.327196,0.366644,-0.063904,0.324679,0.453281,-0.073708,0.311376,0.505231,-0.068625,0.249968,0.413266,-0.023749,0.287575,0.370192,-0.072887,0.28897,0.457988,-0.063175,0.278338,0.509493,-0.042542,0.206317,0.427711,-0.031484,0.242786,0.391361,-0.067075,0.256844,0.454222,-0.059422,0.253613,0.498362,-0.043971
6,200,True,0.9976,0.9976,0.234395,0.624804,0.0,0.296702,0.605566,-0.026499,0.356046,0.539321,-0.041295,0.385567,0.470813,-0.057274,0.415341,0.415568,-0.072825,0.325469,0.41265,-0.015737,0.355163,0.328222,-0.042668,0.372575,0.278698,-0.057902,0.385206,0.233388,-0.067483,0.291174,0.405491,-0.017468,0.32941,0.364761,-0.063328,0.326701,0.449546,-0.073018,0.313329,0.501294,-0.068027,0.25355,0.410935,-0.02321,0.290063,0.366805,-0.071662,0.291204,0.453348,-0.061885,0.280372,0.505759,-0.041393,0.209361,0.425435,-0.030701,0.2454,0.388566,-0.06585,0.259453,0.449892,-0.058407,0.256316,0.494105,-0.04314
7,233,True,0.9979,0.9979,0.237751,0.622369,0.0,0.299474,0.603659,-0.025257,0.360035,0.537327,-0.039481,0.389193,0.469303,-0.054763,0.418039,0.414971,-0.06958,0.329883,0.40972,-0.015712,0.358936,0.325294,-0.041945,0.376179,0.276035,-0.057066,0.388173,0.230751,-0.06674,0.295973,0.402949,-0.017785,0.333653,0.361505,-0.061597,0.331065,0.445718,-0.070724,0.317254,0.49455,-0.066118,0.259212,0.408699,-0.023595,0.295245,0.363898,-0.070053,0.296673,0.449702,-0.059583,0.285637,0.499285,-0.039509,0.215808,0.423278,-0.03106,0.251179,0.386116,-0.064471,0.263937,0.447328,-0.056065,0.259673,0.489527,-0.04077
8,266,True,0.9976,0.9976,0.241144,0.622981,0.0,0.304384,0.601687,-0.025327,0.364076,0.536176,-0.039499,0.392687,0.468375,-0.054686,0.421617,0.412901,-0.069477,0.334005,0.408702,-0.014996,0.362651,0.326567,-0.040149,0.380156,0.276985,-0.054928,0.393165,0.23091,-0.064641,0.30002,0.401495,-0.016969,0.337219,0.360584,-0.05949,0.334805,0.442342,-0.068872,0.320987,0.491113,-0.064697,0.263158,0.407161,-0.022637,0.298432,0.364359,-0.067909,0.30056,0.447143,-0.05845,0.28998,0.495822,-0.039339,0.219905,0.421709,-0.029963,0.255035,0.384493,-0.062557,0.268653,0.444414,-0.05454,0.26458,0.487095,-0.039663
9,300,True,0.9974,0.9974,0.244864,0.621003,0.0,0.308673,0.600717,-0.025997,0.367981,0.537233,-0.040765,0.396674,0.470035,-0.056655,0.425942,0.415442,-0.072067,0.339091,0.409435,-0.014833,0.365921,0.326294,-0.039959,0.383495,0.276063,-0.05468,0.39733,0.229568,-0.064362,0.305451,0.401908,-0.016525,0.342959,0.361609,-0.060086,0.338867,0.442988,-0.069892,0.323416,0.49278,-0.065589,0.269089,0.406771,-0.022017,0.304806,0.364139,-0.06809,0.305943,0.446945,-0.059067,0.294945,0.497198,-0.039866,0.226053,0.420084,-0.029254,0.262176,0.384544,-0.062529,0.274572,0.444847,-0.055269,0.269929,0.488009,-0.040718
10,333,True,0.9978,0.9978,0.249932,0.619255,0.0,0.311832,0.60122,-0.024872,0.370491,0.536849,-0.038722,0.400816,0.470428,-0.053726,0.431063,0.416466,-0.068292,0.343675,0.407636,-0.013466,0.370478,0.324971,-0.037294,0.388235,0.275029,-0.051207,0.401335,0.229082,-0.060593,0.31098,0.400282,-0.01551,0.349063,0.357716,-0.057789,0.347529,0.438313,-0.06786,0.332362,0.488141,-0.064131,0.274808,0.40557,-0.02115,0.311202,0.362363,-0.066951,0.313116,0.445572,-0.058716,0.301227,0.49554,-0.040274,0.231654,0.419692,-0.028312,0.267914,0.384877,-0.062206,0.280319,0.445667,-0.055675,0.274611,0.488842,-0.04176
11,366,True,0.9979,0.9979,0.252962,0.618532,0.0,0.314915,0.600355,-0.024497,0.373183,0.53807,-0.038556,0.402802,0.473052,-0.054075,0.431686,0.419925,-0.069251,0.345986,0.40771,-0.01289,0.372742,0.324254,-0.037003,0.391386,0.274961,-0.051081,0.405402,0.229796,-0.060372,0.313938,0.4005,-0.015216,0.35339,0.358068,-0.05772,0.351658,0.43944,-0.067793,0.33587,0.489809,-0.063851,0.278423,0.405865,-0.021168,0.315162,0.362088,-0.067083,0.316932,0.446101,-0.058628,0.304593,0.497875,-0.039708,0.235542,0.420132,-0.028649,0.271314,0.384295,-0.062598,0.284515,0.444675,-0.055914,0.27923,0.489172,-0.041633
12,400,True,0.998,0.998,0.256515,0.618413,0.0,0.318584,0.600139,-0.023608,0.377428,0.53773,-0.037348,0.407563,0.474347,-0.052605,0.436718,0.422146,-0.067377,0.347911,0.408302,-0.012554,0.373495,0.323919,-0.037499,0.392708,0.275181,-0.051981,0.407705,0.230789,-0.061415,0.316023,0.401078,-0.015357,0.357975,0.358978,-0.058966,0.356288,0.44196,-0.069099,0.339978,0.491354,-0.064861,0.280578,0.405746,-0.021787,0.31877,0.362706,-0.068702,0.320459,0.448228,-0.059923,0.307831,0.497813,-0.040447,0.237619,0.419114,-0.029609,0.274661,0.384568,-0.063623,0.288061,0.445929,-0.056334,0.282591,0.48819,-0.041568
13,433,True,0.9981,0.9981,0.258268,0.617788,0.0,0.32023,0.598868,-0.024426,0.379513,0.536786,-0.038955,0.410132,0.472866,-0.054934,0.440915,0.420364,-0.070407,0.349551,0.408444,-0.013396,0.375804,0.324755,-0.038655,0.394778,0.27565,-0.053007,0.409707,0.230903,-0.062325,0.317888,0.401439,-0.016055,0.360371,0.359292,-0.05972,0.358175,0.441878,-0.069282,0.342431,0.490103,-0.064644,0.282848,0.406032,-0.022479,0.321605,0.362953,-0.069489,0.322692,0.448083,-0.060007,0.310177,0.497165,-0.040067,0.240173,0.419201,-0.030397,0.277654,0.384317,-0.064239,0.29082,0.445409,-0.056488,0.285437,0.487254,-0.041422
14,466,True,0.9982,0.9982,0.259531,0.616548,0.0,0.322054,0.598271,-0.023428,0.381069,0.535523,-0.03712,0.411547,0.47168,-0.052462,0.442227,0.419702,-0.067386,0.350897,0.408243,-0.012621,0.377973,0.324658,-0.037628,0.396768,0.275653,-0.051683,0.411185,0.230679,-0.060862,0.318878,0.401076,-0.015635,0.361376,0.359919,-0.059283,0.359153,0.443162,-0.068593,0.343856,0.491593,-0.063837,0.283722,0.405396,-0.022378,0.323252,0.362971,-0.069538,0.324121,0.448328,-0.060002,0.3115,0.497372,-0.040069,0.241056,0.418306,-0.030529,0.279372,0.384085,-0.064813,0.292356,0.445538,-0.057275,0.287019,0.4875,-0.042356
15,500,True,0.9982,0.9982,0.260039,0.616363,0.0,0.323075,0.598205,-0.024299,0.382015,0.535432,-0.038282,0.412152,0.470503,-0.053833,0.443802,0.418381,-0.068939,0.35148,0.40904,-0.012915,0.379061,0.324706,-0.037895,0.397989,0.27526,-0.051913,0.412411,0.229899,-0.061087,0.319742,0.40158,-0.01544,0.362457,0.360376,-0.059199,0.359806,0.442678,-0.068609,0.344063,0.491328,-0.0639,0.284685,0.405414,-0.021788,0.324536,0.362287,-0.069027,0.324973,0.447344,-0.059571,0.312114,0.497669,-0.039604,0.241922,0.417611,-0.029653,0.280081,0.383386,-0.064356,0.293334,0.444576,-0.0573,0.288429,0.487489,-0.042582
16,533,True,0.998,0.998,0.260703,0.616021,0.0,0.324098,0.5979,-0.024503,0.383259,0.535286,-0.038421,0.413407,0.469722,-0.053858,0.445054,0.41774,-0.068837,0.352081,0.408592,-0.012646,0.379408,0.325217,-0.037318,0.39826,0.275945,-0.051237,0.412622,0.23052,-0.060433,0.320634,0.401144,-0.014831,0.36206,0.359916,-0.057996,0.360282,0.441532,-0.067548,0.345165,0.489727,-0.063156,0.286071,0.405003,-0.020838,0.324969,0.361683,-0.067518,0.32629,0.44594,-0.058466,0.31381,0.496044,-0.038957,0.243731,0.4172,-0.028394,0.28136,0.382921,-0.062711,0.294882,0.443331,-0.056046,0.289991,0.485905,-0.041734
17,566,True,0.998,0.998,0.261583,0.615294,0.0,0.324484,0.597583,-0.023359,0.384256,0.533997,-0.036476,0.415138,0.469134,-0.051281,0.446333,0.417221,-0.065622,0.352708,0.407591,-0.011809,0.380375,0.324355,-0.036218,0.399073,0.275262,-0.049842,0.413589,0.230062,-0.058823,0.321181,0.399933,-0.014396,0.363133,0.360189,-0.057447,0.360951,0.442338,-0.066702,0.34606,0.490586,-0.062095,0.286573,0.403429,-0.020716,0.326419,0.361715,-0.067166,0.327155,0.446394,-0.057867,0.314418,0.496084,-0.038281,0.244306,0.415151,-0.028514,0.282999,0.382706,-0.062612,0.295926,0.443535,-0.05584,0.290748,0.485431,-0.041506
18,600,True,0.9977,0.9977,0.262495,0.614749,0.0,0.325937,0.596492,-0.024354,0.385033,0.534147,-0.038315,0.415402,0.46892,-0.053959,0.447756,0.417059,-0.069069,0.353968,0.407942,-0.011941,0.381762,0.324206,-0.03677,0.400374,0.274689,-0.050728,0.414795,0.229462,-0.059883,0.322322,0.400276,-0.014248,0.364365,0.360665,-0.058154,0.361505,0.442663,-0.067777,0.346249,0.491277,-0.063142,0.287748,0.403713,-0.02047,0.327423,0.361849,-0.067444,0.327889,0.446111,-0.058297,0.315213,0.496137,-0.038566,0.245526,0.41535,-0.028271,0.283922,0.382623,-0.062487,0.296863,0.442773,-0.055828,0.291803,0.484393,-0.04146
19,633,True,0.9978,0.9978,0.262896,0.615074,0.0,0.326902,0.596139,-0.024559,0.3859,0.534446,-0.038758,0.416199,0.468614,-0.054728,0.448914,0.415891,-0.070235,0.354424,0.408921,-0.011545,0.382209,0.325081,-0.036589,0.401345,0.275208,-0.050886,0.416336,0.229908,-0.060244,0.323078,0.40132,-0.013836,0.365079,0.360743,-0.057879,0.362649,0.442215,-0.067887,0.347394,0.49129,-0.06348,0.288687,0.404691,-0.020113,0.328382,0.361239,-0.06715,0.32922,0.444973,-0.058231,0.316389,0.495738,-0.038577,0.246449,0.41607,-0.028008,0.28486,0.381324,-0.062339,0.298203,0.440859,-0.055818,0.293025,0.483313,-0.041483
20,666,True,0.9978,0.9978,0.263964,0.614628,0.0,0.327571,0.596035,-0.024842,0.386815,0.534035,-0.039144,0.417077,0.468286,-0.055158,0.450155,0.416105,-0.070649,0.35537,0.408323,-0.011835,0.383254,0.32541,-0.037087,0.402432,0.275895,-0.051575,0.417769,0.230668,-0.061065,0.324054,0.400491,-0.013987,0.366089,0.360827,-0.058157,0.363418,0.442513,-0.068167,0.348243,0.492368,-0.063768,0.28972,0.403692,-0.020158,0.329823,0.361125,-0.067203,0.330348,0.444964,-0.058278,0.317493,0.496435,-0.038625,0.247593,0.415032,-0.028012,0.286302,0.381641,-0.062445,0.299442,0.441297,-0.056154,0.294423,0.484182,-0.041965
21,700,True,0.9977,0.9977,0.264123,0.613179,0.0,0.328069,0.595232,-0.024779,0.387259,0.533478,-0.038924,0.417798,0.468008,-0.054807,0.450953,0.416108,-0.070176,0.355748,0.407492,-0.011498,0.384138,0.324438,-0.03641,0.403394,0.275058,-0.050684,0.41879,0.230067,-0.060091,0.324441,0.399733,-0.013592,0.366404,0.360703,-0.057553,0.364011,0.44191,-0.067656,0.349095,0.491448,-0.063415,0.29009,0.402952,-0.019684,0.330057,0.360893,-0.066449,0.330792,0.444389,-0.057643,0.318135,0.495432,-0.0382,0.248063,0.414153,-0.027463,0.286835,0.381096,-0.061624,0.299965,0.44052,-0.055382,0.294951,0.482797,-0.041338
22,733,True,0.9978,0.9978,0.2644,0.612707,0.0,0.328338,0.594694,-0.025104,0.387777,0.53318,-0.039483,0.418352,0.467336,-0.055587,0.451501,0.414554,-0.071178,0.35658,0.408255,-0.012067,0.384732,0.32478,-0.037317,0.403819,0.274939,-0.051701,0.418942,0.229653,-0.061124,0.325066,0.400333,-0.014136,0.366967,0.360846,-0.058726,0.364308,0.44218,-0.068835,0.349085,0.492088,-0.064365,0.290356,0.403293,-0.02025,0.33023,0.360202,-0.067557,0.33091,0.444054,-0.058676,0.318128,0.495662,-0.038964,0.247828,0.414178,-0.028065,0.28668,0.380698,-0.062698,0.299985,0.44025,-0.056571,0.294951,0.482898,-0.042447
23,766,True,0.9979,0.9979,0.264606,0.611083,0.0,0.328548,0.593674,-0.02515,0.387727,0.532337,-0.039514,0.418064,0.466446,-0.055477,0.451008,0.413376,-0.070887,0.357012,0.406878,-0.012312,0.385325,0.323549,-0.037419,0.404518,0.273478,-0.051597,0.419561,0.227842,-0.060955,0.325586,0.399003,-0.014388,0.367151,0.358705,-0.058592,0.364382,0.440642,-0.068286,0.349247,0.490325,-0.06365,0.291101,0.402175,-0.020484,0.330552,0.358916,-0.067584,0.331218,0.443125,-0.05823,0.318462,0.493992,-0.038338,0.248907,0.413213,-0.02828,0.287019,0.378912,-0.062725,0.300145,0.438808,-0.056144,0.295187,0.481081,-0.041808
24,800,True,0.9979,0.9979,0.266026,0.609577,0.0,0.329265,0.59293,-0.024513,0.388647,0.529518,-0.037772,0.419855,0.462399,-0.052624,0.453223,0.40952,-0.067014,0.356973,0.403741,-0.011227,0.38583,0.322301,-0.035661,0.404766,0.2727,-0.049227,0.419927,0.227233,-0.058207,0.325327,0.395193,-0.013417,0.368022,0.354348,-0.057058,0.36503,0.436502,-0.066488,0.349885,0.487582,-0.061597,0.290656,0.398193,-0.019576,0.331443,0.357394,-0.0666,0.331298,0.441551,-0.057856,0.318364,0.49262,-0.038274,0.24868,0.409377,-0.02732,0.287688,0.376513,-0.061673,0.300782,0.436722,-0.055531,0.296132,0.479759,-0.041544
25,833,True,0.9975,0.9975,0.266744,0.607804,0.0,0.32997,0.590949,-0.025397,0.388997,0.528416,-0.039417,0.419321,0.461549,-0.054959,0.452945,0.409032,-0.069962,0.358061,0.402452,-0.011631,0.385919,0.320599,-0.036366,0.404813,0.270793,-0.050263,0.420417,0.22581,-0.059357,0.326045,0.393665,-0.013536,0.368667,0.353428,-0.057879,0.365484,0.435342,-0.067774,0.350171,0.487747,-0.062914,0.291304,0.396551,-0.01949,0.331316,0.356611,-0.066906,0.331191,0.440483,-0.058501,0.3186,0.492675,-0.038898,0.24961,0.407701,-0.027102,0.288136,0.374459,-0.061531,0.301138,0.434371,-0.055422,0.296564,0.478094,-0.041291
26,866,True,0.9977,0.9977,0.26728,0.606139,0.0,0.33028,0.58942,-0.025508,0.389501,0.527961,-0.039832,0.419728,0.461519,-0.055647,0.453073,0.408386,-0.070921,0.35833,0.401618,-0.012043,0.386603,0.319526,-0.036949,0.405611,0.269567,-0.050896,0.421038,0.224347,-0.059988,0.326461,0.392969,-0.014017,0.369401,0.352194,-0.058386,0.366682,0.433981,-0.068362,0.351466,0.485654,-0.063554,0.291773,0.395819,-0.019997,0.332042,0.355455,-0.067438,0.331956,0.439331,-0.058897,0.319057,0.490649,-0.039201,0.250095,0.40676,-0.027622,0.288628,0.37355,-0.061983,0.301715,0.433582,-0.055608,0.296959,0.476709,-0.041278
27,900,True,0.9976,0.9976,0.267315,0.605141,0.0,0.331057,0.588418,-0.024571,0.389933,0.526729,-0.038223,0.419834,0.460534,-0.053537,0.453375,0.408383,-0.068381,0.358847,0.401551,-0.011175,0.387249,0.319055,-0.036154,0.406462,0.268899,-0.050206,0.421783,0.223264,-0.059416,0.327084,0.392854,-0.013537,0.369707,0.352261,-0.058427,0.366299,0.434528,-0.06847,0.350442,0.48594,-0.063538,0.292423,0.395633,-0.019865,0.332695,0.355062,-0.067692,0.332038,0.439445,-0.058809,0.31863,0.49006,-0.038716,0.250549,0.40666,-0.027761,0.289514,0.373433,-0.062269,0.302223,0.433514,-0.055634,0.297218,0.475463,-0.041055
28,933,True,0.9975,0.9975,0.268136,0.604379,0.0,0.331386,0.587364,-0.024219,0.389669,0.525849,-0.037743,0.420392,0.460318,-0.052986,0.453694,0.407873,-0.067744,0.35936,0.401228,-0.010736,0.38748,0.318998,-0.035457,0.406834,0.268743,-0.049329,0.422246,0.223143,-0.058444,0.327859,0.39262,-0.013269,0.370296,0.350955,-0.057793,0.367887,0.432997,-0.067843,0.352574,0.484336,-0.062981,0.293432,0.395378,-0.019723,0.3336,0.354422,-0.067329,0.333547,0.438829,-0.058486,0.320232,0.489207,-0.038468,0.251924,0.406176,-0.0277,0.290737,0.372031,-0.061964,0.303159,0.432196,-0.055134,0.297487,0.474066,-0.040489
29,966,True,0.9974,0.9974,0.267815,0.603676,0.0,0.331685,0.586944,-0.024478,0.389968,0.524539,-0.037886,0.420342,0.45831,-0.053004,0.454184,0.406567,-0.067583,0.359405,0.400322,-0.010411,0.387851,0.31856,-0.035221,0.407215,0.268196,-0.049238,0.422604,0.222655,-0.058475,0.327737,0.391633,-0.012773,0.370678,0.350695,-0.057456,0.367963,0.432719,-0.067441,0.352477,0.484652,-0.062465,0.293373,0.394353,-0.019162,0.334197,0.354369,-0.066862,0.33378,0.438575,-0.058078,0.320283,0.489429,-0.038072,0.25214,0.405266,-0.027143,0.291458,0.372744,-0.061685,0.303473,0.432597,-0.055241,0.2976,0.474441,-0.04082
30,1000,True,0.9977,0.9977,0.268394,0.603553,0.0,0.331515,0.587011,-0.02399,0.389711,0.524259,-0.037241,0.420741,0.458169,-0.052311,0.454604,0.406711,-0.066887,0.359575,0.400888,-0.010456,0.388031,0.318632,-0.035066,0.407455,0.268321,-0.048926,0.42299,0.22301,-0.058069,0.328286,0.392245,-0.012987,0.371096,0.351085,-0.057364,0.368521,0.432538,-0.06718,0.353353,0.484189,-0.062244,0.294083,0.394923,-0.019474,0.334634,0.353597,-0.066667,0.334557,0.437412,-0.057751,0.321437,0.488687,-0.037845,0.252893,0.405525,-0.027547,0.291782,0.372112,-0.061669,0.30409,0.431386,-0.055223,0.298615,0.473434,-0.040944
31,1033,True,0.9977,0.9977,0.268245,0.603241,0.0,0.33149,0.586646,-0.024016,0.390082,0.523224,-0.037068,0.421178,0.456891,-0.051828,0.455363,0.405921,-0.066124,0.36013,0.401474,-0.011055,0.388656,0.319136,-0.035526,0.407873,0.268824,-0.049248,0.42299,0.223114,-0.058379,0.328757,0.392476,-0.013549,0.371647,0.351176,-0.057834,0.368881,0.43255,-0.067585,0.353227,0.484027,-0.062661,0.294451,0.394942,-0.01992,0.335072,0.353652,-0.067037,0.334798,0.437374,-0.05812,0.321287,0.488544,-0.038277,0.253018,0.405331,-0.027859,0.291779,0.372642,-0.062141,0.304037,0.431915,-0.055808,0.298279,0.473915,-0.041608
32,1066,True,0.9978,0.9978,0.26897,0.602773,0.0,0.331622,0.586029,-0.024187,0.390001,0.522939,-0.037515,0.42119,0.456643,-0.052549,0.455469,0.405699,-0.067112,0.360283,0.401577,-0.011623,0.388904,0.319064,-0.036373,0.408255,0.268754,-0.050241,0.423568,0.22323,-0.059431,0.329067,0.392457,-0.014109,0.371904,0.351658,-0.058489,0.368995,0.432868,-0.068093,0.353371,0.484163,-0.063138,0.294807,0.39468,-0.020504,0.33535,0.353421,-0.067586,0.335028,0.436966,-0.058474,0.321521,0.488395,-0.038566,0.253238,0.404665,-0.028517,0.291705,0.372054,-0.062771,0.304324,0.431127,-0.056417,0.298915,0.473403,-0.042222
33,1100,True,0.9977,0.9977,0.269429,0.601558,0.0,0.331909,0.584871,-0.023921,0.390087,0.521927,-0.037005,0.421474,0.456274,-0.051836,0.455193,0.405288,-0.066257,0.360521,0.400468,-0.011468,0.389072,0.318476,-0.035937,0.408318,0.268512,-0.049692,0.423641,0.223146,-0.058772,0.329069,0.391343,-0.013954,0.371551,0.350896,-0.058042,0.368545,0.431981,-0.067653,0.35292,0.483911,-0.062711,0.294576,0.393633,-0.02029,0.33472,0.352917,-0.067081,0.334209,0.436303,-0.058177,0.320755,0.48822,-0.038421,0.25292,0.403781,-0.02822,0.291353,0.370896,-0.062264,0.303927,0.429787,-0.055973,0.298569,0.472612,-0.041833
34,1133,True,0.9978,0.9978,0.269262,0.600415,0.0,0.331808,0.583982,-0.024622,0.390479,0.521412,-0.038054,0.421678,0.455365,-0.053096,0.454914,0.403651,-0.067688,0.360671,0.399892,-0.012109,0.389278,0.317588,-0.036792,0.408416,0.267672,-0.050635,0.423676,0.222359,-0.059732,0.329233,0.390933,-0.014368,0.371857,0.350146,-0.058889,0.368625,0.431402,-0.068658,0.353114,0.483416,-0.063689,0.29463,0.393389,-0.020509,0.334613,0.351796,-0.067666,0.333994,0.435552,-0.058695,0.320742,0.487789,-0.038761,0.25282,0.403657,-0.028282,0.290927,0.370182,-0.06256,0.303389,0.429286,-0.056154,0.298083,0.472437,-0.04183
35,1166,True,0.9977,0.9977,0.269348,0.599965,0.0,0.331804,0.583542,-0.024346,0.390174,0.520516,-0.037566,0.421783,0.454461,-0.052416,0.455305,0.40266,-0.066821,0.360879,0.399286,-0.011785,0.389307,0.317005,-0.036371,0.408346,0.267173,-0.050056,0.423452,0.221859,-0.059034,0.329457,0.39044,-0.014146,0.371859,0.349492,-0.05854,0.368223,0.431151,-0.068127,0.352554,0.482876,-0.063005,0.294726,0.392957,-0.020386,0.334475,0.351609,-0.067569,0.333641,0.435488,-0.058432,0.320283,0.487235,-0.038319,0.25275,0.403328,-0.028213,0.290471,0.36905,-0.062414,0.302994,0.428131,-0.05576,0.297691,0.471088,-0.041242
36,1200,True,0.9974,0.9974,0.269141,0.598921,0.0,0.332276,0.581787,-0.025552,0.390781,0.519737,-0.040006,0.420564,0.452855,-0.056005,0.455336,0.401368,-0.071443,0.36267,0.399459,-0.012395,0.390336,0.31607,-0.037718,0.409088,0.265943,-0.051852,0.423937,0.221113,-0.061031,0.331142,0.39094,-0.014484,0.373293,0.350956,-0.059749,0.368757,0.432227,-0.069522,0.352839,0.482577,-0.064416,0.296116,0.393169,-0.020666,0.335481,0.350836,-0.068709,0.333946,0.434598,-0.05931,0.320385,0.485968,-0.038851,0.253242,0.402989,-0.028532,0.290603,0.368845,-0.06326,0.302942,0.428026,-0.05645,0.297617,0.470099,-0.041684
37,1233,True,0.9973,0.9973,0.268898,0.598366,0.0,0.332157,0.580988,-0.025784,0.390648,0.519261,-0.040285,0.420667,0.45231,-0.056231,0.455413,0.400231,-0.071599,0.362806,0.398787,-0.012569,0.390498,0.315696,-0.037533,0.408892,0.265738,-0.051304,0.423426,0.220665,-0.06032,0.331199,0.390137,-0.014475,0.372594,0.350021,-0.058992,0.368303,0.431167,-0.06851,0.352798,0.480475,-0.063455,0.296045,0.392373,-0.020452,0.334856,0.35027,-0.068093,0.333294,0.433846,-0.058722,0.319745,0.484174,-0.038444,0.253031,0.402126,-0.0281,0.289669,0.367743,-0.062633,0.302617,0.426991,-0.055829,0.297847,0.468823,-0.041139
38,1266,True,0.9973,0.9973,0.268441,0.597954,0.0,0.331954,0.580518,-0.025793,0.390593,0.518792,-0.040191,0.420562,0.451996,-0.056051,0.454999,0.399988,-0.071314,0.362881,0.398406,-0.012317,0.390647,0.315605,-0.037178,0.408692,0.265585,-0.050911,0.423078,0.220488,-0.059918,0.331128,0.389612,-0.014194,0.372561,0.349868,-0.058805,0.368393,0.430764,-0.068464,0.353242,0.48049,-0.063458,0.295812,0.39177,-0.020146,0.334802,0.349881,-0.067837,0.33312,0.43339,-0.058588,0.319705,0.484035,-0.03836,0.252763,0.40147,-0.027776,0.289807,0.367475,-0.062376,0.302405,0.426907,-0.055659,0.297483,0.468897,-0.041004
39,1300,True,0.9972,0.9972,0.268025,0.598448,0.0,0.332151,0.580827,-0.025184,0.390699,0.51917,-0.039151,0.420417,0.452354,-0.054713,0.454707,0.400468,-0.069725,0.363192,0.399018,-0.011446,0.390797,0.315987,-0.036092,0.408984,0.265787,-0.04987,0.42336,0.220521,-0.058956,0.331729,0.390162,-0.013564,0.372905,0.349726,-0.057901,0.368457,0.430169,-0.067657,0.35288,0.480025,-0.062801,0.296642,0.392137,-0.019741,0.335339,0.349356,-0.067001,0.333732,0.432184,-0.057833,0.320327,0.483007,-0.037782,0.25365,0.401608,-0.027584,0.290357,0.36699,-0.061855,0.302973,0.425873,-0.055179,0.298194,0.468013,-0.040655
40,1333,True,0.9974,0.9974,0.268219,0.598028,0.0,0.331854,0.58039,-0.024963,0.39034,0.519728,-0.038851,0.420433,0.453605,-0.054354,0.453612,0.400666,-0.06933,0.362579,0.399007,-0.011981,0.391274,0.314974,-0.036597,0.409436,0.265229,-0.050235,0.423905,0.219924,-0.059185,0.33124,0.390391,-0.014097,0.372385,0.350477,-0.058501,0.368094,0.431164,-0.068281,0.352944,0.481584,-0.063527,0.296153,0.392386,-0.020202,0.334966,0.349083,-0.067294,0.33355,0.432092,-0.058139,0.320461,0.483685,-0.038209,0.253233,0.401735,-0.027964,0.290235,0.367016,-0.062248,0.302846,0.4259,-0.055728,0.298077,0.468513,-0.041327
41,1366,True,0.9973,0.9973,0.268264,0.59728,0.0,0.332542,0.579088,-0.024909,0.391225,0.518612,-0.038932,0.421269,0.452556,-0.054626,0.454874,0.400467,-0.069822,0.362913,0.397446,-0.011494,0.39135,0.314562,-0.036325,0.409371,0.264928,-0.050101,0.423816,0.219724,-0.059137,0.331219,0.388869,-0.013773,0.372675,0.348636,-0.058438,0.368317,0.429978,-0.068216,0.353378,0.480414,-0.063279,0.295965,0.391111,-0.020091,0.335006,0.348892,-0.067646,0.333365,0.432335,-0.05847,0.320324,0.483307,-0.038308,0.253015,0.400846,-0.028033,0.290262,0.366433,-0.062402,0.302727,0.425791,-0.055659,0.297917,0.467984,-0.041032
42,1400,True,0.9972,0.9972,0.268163,0.596568,0.0,0.332536,0.578678,-0.025035,0.390817,0.518414,-0.039077,0.420743,0.452097,-0.054859,0.45499,0.400122,-0.070186,0.363003,0.398104,-0.011408,0.391431,0.314482,-0.036322,0.409385,0.264449,-0.050166,0.423731,0.218972,-0.059222,0.331401,0.389362,-0.013594,0.372765,0.348914,-0.058546,0.367984,0.429952,-0.068402,0.352501,0.480943,-0.063417,0.29625,0.391348,-0.019863,0.335383,0.348661,-0.067607,0.333206,0.432021,-0.058462,0.319716,0.483797,-0.038199,0.253403,0.400638,-0.027792,0.29064,0.365942,-0.062401,0.302778,0.425072,-0.055854,0.297657,0.467753,-0.041277
43,1433,True,0.9974,0.9974,0.267713,0.596996,0.0,0.331697,0.580326,-0.025545,0.390382,0.519332,-0.039575,0.420649,0.451805,-0.055231,0.455554,0.399691,-0.070369,0.362729,0.398289,-0.011266,0.391501,0.315152,-0.0358,0.409927,0.265043,-0.049251,0.424636,0.21969,-0.058092,0.331277,0.389318,-0.013206,0.373161,0.348445,-0.057742,0.368348,0.429243,-0.067495,0.352512,0.4797,-0.062439,0.296321,0.391294,-0.019258,0.335405,0.348725,-0.066888,0.333477,0.431937,-0.057973,0.319923,0.483236,-0.037856,0.253574,0.400552,-0.026985,0.290608,0.36559,-0.061535,0.303121,0.424572,-0.055159,0.298217,0.467306,-0.040726
44,1466,True,0.9974,0.9974,0.267823,0.597469,0.0,0.331854,0.580154,-0.025125,0.390129,0.519326,-0.039047,0.420553,0.452527,-0.05474,0.454873,0.400243,-0.069898,0.362676,0.399064,-0.010715,0.391026,0.315672,-0.035627,0.409671,0.265372,-0.049422,0.424513,0.219978,-0.058435,0.331608,0.39015,-0.012867,0.373027,0.349223,-0.057734,0.367929,0.430215,-0.067492,0.352028,0.480278,-0.062381,0.29692,0.391784,-0.01919,0.335972,0.348362,-0.067037,0.333759,0.432024,-0.057832,0.31997,0.483193,-0.037453,0.254292,0.400568,-0.027195,0.291475,0.365838,-0.061877,0.303398,0.425065,-0.055373,0.297995,0.46719,-0.040808
45,1500,True,0.9974,0.9974,0.267822,0.597355,0.0,0.331213,0.58063,-0.02487,0.389708,0.5197,-0.038424,0.42092,0.453407,-0.053713,0.454652,0.401103,-0.068465,0.362761,0.399363,-0.011068,0.391589,0.315787,-0.035514,0.410149,0.265748,-0.049045,0.424874,0.220292,-0.057962,0.331744,0.390211,-0.013207,0.372704,0.349307,-0.057551,0.368149,0.429739,-0.067304,0.352609,0.480129,-0.062423,0.297103,0.391702,-0.019393,0.336012,0.348148,-0.066492,0.334243,0.431288,-0.057427,0.320674,0.482905,-0.037448,0.254612,0.400282,-0.027277,0.291776,0.365848,-0.061595,0.303527,0.424581,-0.055321,0.297959,0.466986,-0.041082
46,1533,True,0.9974,0.9974,0.268081,0.597035,0.0,0.331588,0.580494,-0.02527,0.39002,0.520044,-0.038977,0.420739,0.453524,-0.054297,0.454502,0.401169,-0.069105,0.363115,0.39904,-0.011881,0.392295,0.315477,-0.036366,0.410604,0.265579,-0.049915,0.425198,0.219853,-0.058858,0.331842,0.389834,-0.013787,0.372717,0.349123,-0.058031,0.368279,0.429301,-0.067789,0.3529,0.479914,-0.062981,0.296999,0.39159,-0.019717,0.335517,0.348581,-0.066723,0.333995,0.431408,-0.057831,0.320841,0.483221,-0.03801,0.254439,0.400558,-0.027367,0.291321,0.366013,-0.06166,0.303572,0.424629,-0.055495,0.298528,0.467532,-0.041332
47,1566,True,0.9973,0.9973,0.267983,0.596757,0.0,0.332133,0.580234,-0.025151,0.390886,0.519778,-0.038578,0.421376,0.452877,-0.053616,0.454941,0.400501,-0.068177,0.363056,0.398434,-0.011276,0.392266,0.315521,-0.035448,0.410514,0.26562,-0.048821,0.425034,0.219932,-0.057695,0.331661,0.389209,-0.013184,0.372493,0.3484,-0.057175,0.367958,0.428495,-0.066899,0.352468,0.479,-0.062063,0.296826,0.391065,-0.019123,0.335467,0.348638,-0.066086,0.333709,0.431349,-0.05728,0.320342,0.482768,-0.037483,0.254253,0.400281,-0.026758,0.29149,0.365585,-0.061008,0.303625,0.424185,-0.054823,0.298381,0.467012,-0.040646
48,1600,True,0.9974,0.9974,0.269389,0.596292,0.0,0.332894,0.580427,-0.025174,0.391001,0.519709,-0.038886,0.421365,0.453099,-0.054273,0.454874,0.400564,-0.069159,0.363353,0.397066,-0.011739,0.392362,0.314247,-0.036384,0.410772,0.26464,-0.049897,0.425394,0.219321,-0.058702,0.331689,0.388044,-0.01372,0.373453,0.347355,-0.057854,0.368717,0.428567,-0.06735,0.352978,0.478992,-0.06225,0.296581,0.390255,-0.019733,0.33602,0.348821,-0.06701,0.334128,0.432081,-0.05798,0.320504,0.483248,-0.037887,0.253787,0.400052,-0.027412,0.291529,0.365841,-0.061816,0.304221,0.42433,-0.055425,0.299341,0.467084,-0.041011
49,1633,True,0.9972,0.9972,0.269533,0.596037,0.0,0.332974,0.579301,-0.024731,0.390652,0.517899,-0.038169,0.421123,0.451285,-0.053362,0.455426,0.399227,-0.068136,0.363134,0.396842,-0.011217,0.391874,0.314527,-0.035658,0.410432,0.264901,-0.049168,0.425313,0.219698,-0.058036,0.331568,0.387743,-0.013356,0.3735,0.346702,-0.057445,0.369367,0.427185,-0.067204,0.353832,0.478559,-0.062311,0.296536,0.390009,-0.019496,0.336063,0.348995,-0.066691,0.334521,0.431648,-0.058099,0.321088,0.483464,-0.038312,0.253904,0.399964,-0.027253,0.291577,0.366138,-0.061676,0.304556,0.424422,-0.055667,0.299884,0.467577,-0.041555
50,1666,True,0.9974,0.9974,0.269798,0.595202,0.0,0.332972,0.578407,-0.024669,0.39091,0.517536,-0.038368,0.421918,0.451442,-0.053847,0.456059,0.399179,-0.068903,0.363189,0.396778,-0.011636,0.391821,0.314529,-0.036306,0.410194,0.264638,-0.049985,0.424857,0.219288,-0.058946,0.331882,0.387515,-0.013903,0.374132,0.346693,-0.058079,0.369679,0.427119,-0.067662,0.353868,0.478179,-0.062701,0.29695,0.389342,-0.020169,0.337048,0.347488,-0.067212,0.33534,0.430229,-0.058265,0.321732,0.482259,-0.038349,0.254309,0.398768,-0.028092,0.292192,0.364574,-0.062439,0.30519,0.423016,-0.056301,0.30063,0.466478,-0.042144
51,1700,True,0.9974,0.9974,0.270066,0.593608,0.0,0.3337,0.577141,-0.024552,0.391971,0.51575,-0.037882,0.423341,0.449713,-0.052941,0.457477,0.397258,-0.067593,0.363398,0.394448,-0.010944,0.392247,0.313261,-0.035385,0.410813,0.263534,-0.048927,0.42549,0.218158,-0.057835,0.331778,0.38523,-0.013312,0.373799,0.344271,-0.057419,0.369121,0.42531,-0.066922,0.353241,0.476193,-0.061793,0.296831,0.387282,-0.0197,0.337061,0.346886,-0.067009,0.334986,0.42997,-0.058075,0.321132,0.480749,-0.038065,0.254447,0.396976,-0.027694,0.292835,0.362951,-0.062081,0.305142,0.42209,-0.055619,0.299965,0.464977,-0.041222
52,1733,True,0.9974,0.9974,0.27084,0.592726,0.0,0.334282,0.575547,-0.024738,0.392894,0.514697,-0.038362,0.424188,0.448808,-0.053709,0.458206,0.395624,-0.068642,0.363412,0.392886,-0.011009,0.392455,0.311723,-0.035399,0.411199,0.262214,-0.049016,0.426106,0.21715,-0.05794,0.332004,0.383759,-0.013368,0.374452,0.342353,-0.057267,0.37033,0.42274,-0.066986,0.3545,0.474184,-0.062121,0.297323,0.385779,-0.019769,0.337691,0.344467,-0.066768,0.336323,0.427085,-0.058186,0.32273,0.478879,-0.038543,0.255274,0.395474,-0.027813,0.29365,0.360868,-0.062129,0.306476,0.419589,-0.055984,0.301488,0.463277,-0.041861
53,1766,True,0.9977,0.9977,0.271494,0.57571,0.0,0.336036,0.562876,-0.026293,0.394811,0.501568,-0.040225,0.42605,0.433378,-0.055429,0.46157,0.381537,-0.070178,0.366435,0.380904,-0.012058,0.395334,0.301731,-0.035687,0.412993,0.250846,-0.048142,0.427007,0.204504,-0.056204,0.334399,0.371963,-0.013832,0.37754,0.329309,-0.058106,0.373025,0.408774,-0.067951,0.357304,0.458514,-0.062425,0.299797,0.373612,-0.01948,0.340095,0.33587,-0.068689,0.337704,0.419972,-0.060988,0.324356,0.469179,-0.04082,0.258265,0.381963,-0.026526,0.296336,0.344482,-0.061158,0.307828,0.404906,-0.053974,0.30294,0.448555,-0.03873
54,1800,True,0.9978,0.9978,0.273778,0.566178,0.0,0.336974,0.552927,-0.027315,0.39625,0.494185,-0.041368,0.42801,0.427774,-0.056505,0.460844,0.374711,-0.070918,0.369065,0.374551,-0.012865,0.397824,0.294839,-0.036418,0.414631,0.244774,-0.04895,0.428244,0.199428,-0.057086,0.337607,0.365553,-0.013953,0.379231,0.321091,-0.058154,0.37605,0.399602,-0.068101,0.362056,0.452796,-0.06286,0.30277,0.366905,-0.019115,0.341251,0.325818,-0.067039,0.340601,0.407956,-0.059507,0.328978,0.461363,-0.03986,0.26075,0.374581,-0.025996,0.29746,0.338273,-0.060131,0.309335,0.396107,-0.054187,0.304863,0.440929,-0.040082
55,1833,True,0.998,0.998,0.275128,0.558925,0.0,0.339399,0.543973,-0.025286,0.397957,0.485362,-0.038163,0.428916,0.419669,-0.052566,0.460087,0.365682,-0.066303,0.369059,0.365931,-0.009582,0.397394,0.288103,-0.032495,0.41434,0.238092,-0.045045,0.427285,0.19248,-0.053236,0.338187,0.35722,-0.01143,0.379724,0.313744,-0.054108,0.37673,0.391462,-0.06384,0.362113,0.442316,-0.0588,0.303781,0.358781,-0.017297,0.343076,0.317167,-0.064046,0.34171,0.399203,-0.056053,0.328408,0.450596,-0.03642,0.262037,0.366938,-0.024777,0.299456,0.330056,-0.058071,0.310909,0.387958,-0.051484,0.305491,0.431754,-0.037082
56,1866,True,0.9983,0.9983,0.277536,0.548169,0.0,0.341824,0.535359,-0.027807,0.399532,0.478403,-0.041485,0.429264,0.41098,-0.056196,0.460176,0.35564,-0.069996,0.369141,0.358885,-0.010826,0.395401,0.279591,-0.033547,0.41125,0.227642,-0.045907,0.424014,0.1813,-0.053921,0.33879,0.349712,-0.011538,0.38036,0.302896,-0.0552,0.378399,0.378951,-0.065549,0.364463,0.433411,-0.060241,0.304805,0.349987,-0.016453,0.3442,0.307128,-0.064038,0.343879,0.388011,-0.057388,0.331542,0.442416,-0.038039,0.263538,0.356515,-0.023164,0.300877,0.318654,-0.057318,0.312344,0.375398,-0.051979,0.307453,0.42146,-0.038082
57,1900,True,0.9985,0.9985,0.283024,0.539289,0.0,0.346987,0.525018,-0.027335,0.403722,0.467126,-0.040801,0.434001,0.400382,-0.05535,0.4645,0.345436,-0.069039,0.371218,0.350032,-0.011548,0.394235,0.268512,-0.034384,0.407435,0.213783,-0.046912,0.417632,0.16449,-0.055221,0.341917,0.34168,-0.012461,0.382824,0.295167,-0.055888,0.381821,0.370771,-0.066237,0.368146,0.424176,-0.061212,0.308517,0.342477,-0.017472,0.346829,0.297376,-0.064686,0.347856,0.377127,-0.057626,0.335672,0.431461,-0.038194,0.267656,0.349595,-0.024268,0.30372,0.307622,-0.058154,0.31587,0.363111,-0.05237,0.311152,0.409536,-0.038253
58,1933,True,0.9973,0.9973,0.296205,0.536073,0.0,0.360893,0.520536,-0.024366,0.417389,0.456163,-0.036909,0.449304,0.390571,-0.051269,0.485108,0.341797,-0.064721,0.382141,0.340555,-0.007774,0.40337,0.257699,-0.03027,0.416837,0.201506,-0.043839,0.425776,0.151582,-0.053142,0.352636,0.333082,-0.009836,0.395732,0.292765,-0.053655,0.393015,0.367627,-0.065247,0.37449,0.418646,-0.061061,0.320209,0.334591,-0.015789,0.360933,0.295422,-0.06279,0.361062,0.373832,-0.056326,0.347022,0.425628,-0.03737,0.280855,0.342857,-0.023304,0.320448,0.307316,-0.057215,0.333008,0.363936,-0.051669,0.327697,0.408779,-0.037618
59,1966,True,0.9966,0.9966,0.303646,0.547471,0.0,0.36886,0.535172,-0.02496,0.427106,0.471133,-0.037953,0.461273,0.406204,-0.052572,0.499185,0.3606,-0.066851,0.397295,0.352617,-0.011841,0.419573,0.26548,-0.034548,0.430633,0.208156,-0.047253,0.438227,0.158414,-0.055558,0.366456,0.34529,-0.013402,0.407858,0.304293,-0.057376,0.402849,0.378545,-0.068187,0.386266,0.433612,-0.063304,0.332476,0.347224,-0.018662,0.37293,0.312358,-0.065797,0.370362,0.391363,-0.059726,0.35797,0.44736,-0.040862,0.292022,0.355237,-0.025416,0.330355,0.321002,-0.058611,0.341461,0.377086,-0.053,0.337881,0.42421,-0.039018
60,2000,True,0.9967,0.9967,0.312551,0.573026,0.0,0.379775,0.556985,-0.023844,0.439589,0.495957,-0.038523,0.476054,0.43494,-0.055627,0.516676,0.389479,-0.072984,0.41516,0.376164,-0.009708,0.43893,0.292706,-0.032773,0.454817,0.237361,-0.047224,0.46573,0.190138,-0.056682,0.384256,0.36727,-0.012769,0.424096,0.321384,-0.054472,0.429576,0.380707,-0.069768,0.41953,0.424043,-0.068883,0.348168,0.368226,-0.019117,0.388314,0.330513,-0.06635,0.38977,0.408564,-0.064882,0.37774,0.462105,-0.049102,0.30648,0.376478,-0.026513,0.342938,0.345627,-0.060361,0.356774,0.404163,-0.05625,0.352733,0.45101,-0.042993
61,2033,True,0.9951,0.9951,0.321531,0.601864,0.0,0.389226,0.587878,-0.026822,0.452107,0.531065,-0.043163,0.493063,0.476044,-0.061235,0.533401,0.429212,-0.079124,0.43254,0.405227,-0.011283,0.459192,0.336142,-0.037278,0.482352,0.294492,-0.054291,0.502734,0.265472,-0.063424,0.400885,0.393786,-0.013342,0.442943,0.335017,-0.048485,0.466294,0.347583,-0.064284,0.479128,0.359737,-0.066802,0.361704,0.393273,-0.02,0.409433,0.364425,-0.06639,0.407665,0.43704,-0.069527,0.394484,0.49131,-0.057221,0.318303,0.402655,-0.027764,0.359564,0.376998,-0.062216,0.372175,0.435763,-0.059854,0.367239,0.486028,-0.048156
62,2066,True,0.9946,0.9946,0.33052,0.63338,1e-06,0.400019,0.619453,-0.026745,0.466245,0.562019,-0.040194,0.50959,0.508071,-0.055836,0.551349,0.464235,-0.070976,0.450116,0.440651,-0.007467,0.484763,0.386903,-0.035414,0.513899,0.356341,-0.054943,0.542001,0.336712,-0.065064,0.418307,0.423038,-0.009515,0.458661,0.370329,-0.041128,0.495246,0.348127,-0.05803,0.529292,0.335652,-0.064227,0.377393,0.417123,-0.017112,0.427166,0.400697,-0.064808,0.424112,0.4689,-0.071455,0.415281,0.525364,-0.061754,0.332068,0.423908,-0.026129,0.377956,0.416037,-0.064133,0.385845,0.474982,-0.065382,0.381213,0.525948,-0.055866
63,2100,True,0.9978,0.9978,0.354423,0.709657,-0.0,0.426652,0.696209,-0.016354,0.494933,0.640876,-0.027559,0.540049,0.588517,-0.04185,0.589342,0.556767,-0.05618,0.484995,0.506545,-0.002752,0.534816,0.482274,-0.027953,0.565059,0.466081,-0.044605,0.590748,0.446865,-0.055685,0.451647,0.48468,-0.009396,0.508396,0.49577,-0.048655,0.489694,0.573572,-0.058505,0.465824,0.614328,-0.055586,0.412138,0.478055,-0.02006,0.470219,0.497043,-0.06592,0.453682,0.578166,-0.060385,0.432817,0.620251,-0.043892,0.365783,0.485295,-0.031672,0.417943,0.49941,-0.06552,0.419525,0.568496,-0.059992,0.409125,0.609699,-0.046811
64,2133,True,0.9964,0.9964,0.353092,0.710345,0.0,0.424788,0.702113,-0.013278,0.495134,0.648479,-0.023953,0.541401,0.601438,-0.038677,0.592576,0.572216,-0.053919,0.483888,0.510154,-0.001421,0.540346,0.485382,-0.025008,0.571801,0.463355,-0.040059,0.59745,0.435542,-0.050431,0.45147,0.487093,-0.009626,0.51043,0.503903,-0.049028,0.491236,0.582533,-0.058641,0.465016,0.619512,-0.055407,0.413894,0.481537,-0.021191,0.472999,0.504151,-0.065892,0.455843,0.585267,-0.059442,0.432927,0.622771,-0.042531,0.37111,0.489653,-0.033466,0.424071,0.506534,-0.066323,0.424191,0.572177,-0.060579,0.409889,0.607281,-0.047298
65,2166,True,0.9981,0.9981,0.357572,0.704575,0.0,0.424357,0.692784,-0.015605,0.492503,0.63933,-0.027823,0.537853,0.588638,-0.043471,0.585445,0.554241,-0.059114,0.480291,0.505178,-0.002179,0.529319,0.464625,-0.026002,0.562034,0.435757,-0.041303,0.58951,0.406732,-0.051758,0.448495,0.484301,-0.009783,0.508287,0.491715,-0.049562,0.490382,0.570047,-0.059115,0.464101,0.60943,-0.055962,0.411683,0.479855,-0.02107,0.470374,0.489488,-0.066522,0.455969,0.56984,-0.059569,0.433774,0.610189,-0.042729,0.368269,0.487966,-0.03329,0.420426,0.498917,-0.067272,0.423007,0.567303,-0.061569,0.41045,0.607489,-0.048635
66,2200,True,0.9955,0.9955,0.346182,0.686407,0.0,0.416418,0.670403,-0.017093,0.481103,0.620004,-0.029373,0.527682,0.573876,-0.045253,0.573053,0.535408,-0.061504,0.471446,0.497583,-0.003481,0.518772,0.449023,-0.027011,0.551205,0.413039,-0.043653,0.575956,0.379188,-0.054938,0.43846,0.478869,-0.010165,0.489407,0.464282,-0.047934,0.487541,0.525764,-0.061313,0.473713,0.566177,-0.061939,0.401308,0.472989,-0.020319,0.451849,0.464241,-0.062219,0.447782,0.536978,-0.057489,0.4346,0.58411,-0.043009,0.358598,0.479343,-0.031781,0.404475,0.470324,-0.063108,0.41094,0.530026,-0.057812,0.403243,0.573839,-0.045516
67,2233,True,0.9966,0.9966,0.341322,0.651107,0.0,0.40823,0.63613,-0.020547,0.472552,0.585659,-0.036084,0.519813,0.540815,-0.054378,0.562744,0.500638,-0.073203,0.459228,0.461903,-0.010127,0.502941,0.406113,-0.035814,0.535501,0.370784,-0.053359,0.562148,0.33989,-0.064649,0.42546,0.446873,-0.015607,0.478727,0.430527,-0.055427,0.472701,0.497634,-0.068423,0.454485,0.541592,-0.068169,0.388189,0.444195,-0.024732,0.441733,0.436207,-0.067697,0.434521,0.5089,-0.063067,0.418159,0.55411,-0.048475,0.34602,0.452149,-0.035237,0.395485,0.444295,-0.066691,0.399491,0.504574,-0.061086,0.388206,0.546609,-0.048678
68,2266,True,0.9942,0.9942,0.328593,0.621579,1e-06,0.397432,0.603824,-0.026727,0.460382,0.552548,-0.04188,0.505341,0.501844,-0.058785,0.545629,0.457626,-0.075104,0.444332,0.442102,-0.007313,0.482055,0.379528,-0.035189,0.514485,0.344053,-0.053699,0.544341,0.318398,-0.062467,0.413381,0.426617,-0.009974,0.456114,0.352248,-0.03859,0.493545,0.325872,-0.052597,0.527824,0.303547,-0.057104,0.374274,0.421875,-0.018225,0.42597,0.389684,-0.06297,0.421105,0.456926,-0.065689,0.408857,0.506908,-0.053586,0.330622,0.427898,-0.02786,0.375611,0.407448,-0.061648,0.381082,0.463679,-0.058323,0.371679,0.507866,-0.046179
69,2300,True,0.9942,0.9942,0.317335,0.589277,1e-06,0.383492,0.569792,-0.024872,0.444252,0.514365,-0.037289,0.488196,0.463306,-0.051476,0.5282,0.420545,-0.06493,0.426362,0.415465,-0.007785,0.461097,0.351286,-0.032257,0.486974,0.310898,-0.047993,0.510597,0.276042,-0.0559,0.396571,0.399728,-0.011031,0.436349,0.32456,-0.040315,0.472074,0.289084,-0.055402,0.50479,0.256705,-0.060814,0.357878,0.394826,-0.019015,0.404267,0.361073,-0.064753,0.399803,0.427933,-0.067976,0.388943,0.47627,-0.055521,0.315017,0.398584,-0.028014,0.35495,0.369519,-0.061438,0.361531,0.424627,-0.057445,0.354528,0.469901,-0.044834
70,2333,True,0.9957,0.9957,0.307583,0.556302,0.0,0.37074,0.539757,-0.020625,0.42973,0.47781,-0.033424,0.470275,0.419394,-0.048545,0.509377,0.37396,-0.064198,0.413869,0.374107,-0.008876,0.449266,0.296501,-0.0301,0.472949,0.245759,-0.042551,0.491136,0.201013,-0.051024,0.380992,0.364579,-0.012669,0.420261,0.330485,-0.05178,0.413017,0.397117,-0.062366,0.396169,0.439015,-0.059559,0.343672,0.364898,-0.01966,0.382022,0.328834,-0.061524,0.378805,0.40071,-0.05528,0.365556,0.446798,-0.039175,0.300233,0.371249,-0.02785,0.334336,0.337612,-0.058311,0.343353,0.393241,-0.052213,0.337844,0.435139,-0.039255
71,2366,True,0.9959,0.9959,0.298596,0.530938,0.0,0.361579,0.51552,-0.021058,0.421544,0.448289,-0.030286,0.458867,0.385429,-0.041093,0.494601,0.340639,-0.052273,0.403611,0.341402,-0.011775,0.435809,0.262743,-0.032542,0.455727,0.213122,-0.044315,0.47119,0.169177,-0.052059,0.367292,0.330574,-0.014606,0.403761,0.291732,-0.05458,0.395881,0.362468,-0.064559,0.379642,0.413015,-0.060781,0.328012,0.332255,-0.020274,0.361757,0.2973,-0.064047,0.35877,0.373669,-0.05743,0.347373,0.426434,-0.039964,0.282783,0.341742,-0.027056,0.31465,0.30715,-0.058813,0.324608,0.361934,-0.052471,0.321245,0.406469,-0.038782
72,2400,True,0.9967,0.9967,0.285296,0.517837,0.0,0.34749,0.503398,-0.027963,0.408655,0.43841,-0.039892,0.443623,0.369489,-0.052072,0.478747,0.321047,-0.063772,0.38967,0.329027,-0.015333,0.420213,0.245657,-0.037683,0.439091,0.194859,-0.049083,0.453941,0.149618,-0.056262,0.353612,0.316383,-0.015479,0.386586,0.264587,-0.059933,0.380481,0.343823,-0.06944,0.367456,0.401931,-0.06329,0.314355,0.315854,-0.019329,0.344322,0.271825,-0.067237,0.342667,0.354465,-0.059975,0.333719,0.411769,-0.040107,0.268254,0.322921,-0.024849,0.297695,0.282589,-0.058575,0.307675,0.338625,-0.052491,0.304571,0.384368,-0.03817
73,2433,True,0.9976,0.9976,0.275018,0.505581,0.0,0.33434,0.493854,-0.027534,0.394847,0.42506,-0.038826,0.430678,0.354586,-0.050337,0.465192,0.304313,-0.061608,0.377312,0.310356,-0.016318,0.406771,0.225045,-0.039319,0.425555,0.172028,-0.051067,0.439749,0.123368,-0.058644,0.341542,0.298831,-0.01682,0.37494,0.246369,-0.061226,0.367961,0.331204,-0.069563,0.353191,0.389964,-0.062677,0.301758,0.300353,-0.020884,0.331449,0.25364,-0.068944,0.328905,0.340909,-0.059373,0.317717,0.398695,-0.038085,0.254337,0.309882,-0.026675,0.282525,0.267072,-0.06114,0.293626,0.324475,-0.05394,0.290678,0.36993,-0.038736
74,2466,True,0.9974,0.9974,0.263404,0.505088,0.0,0.324729,0.493572,-0.02907,0.385322,0.421857,-0.04015,0.418788,0.346869,-0.051423,0.453409,0.293,-0.062399,0.368528,0.304905,-0.01485,0.396568,0.214648,-0.037032,0.413914,0.16007,-0.048157,0.426003,0.111058,-0.055359,0.332084,0.293771,-0.014329,0.361195,0.238619,-0.05924,0.357096,0.323676,-0.068258,0.344828,0.384431,-0.061489,0.291098,0.295502,-0.017727,0.316832,0.246072,-0.066892,0.317047,0.335433,-0.058389,0.308334,0.396209,-0.037314,0.242862,0.304983,-0.022964,0.269472,0.259631,-0.059121,0.28132,0.318259,-0.053215,0.278843,0.365371,-0.038491
75,2500,True,0.9974,0.9974,0.252903,0.51001,-0.0,0.316309,0.49649,-0.029504,0.376671,0.426335,-0.041384,0.409525,0.350729,-0.053646,0.44536,0.295553,-0.06566,0.361017,0.306413,-0.014877,0.390698,0.216509,-0.038372,0.407809,0.16129,-0.050192,0.420237,0.110681,-0.057949,0.323553,0.295601,-0.014791,0.352259,0.241506,-0.061873,0.346538,0.329073,-0.072004,0.33338,0.388603,-0.065783,0.281087,0.298603,-0.018701,0.306801,0.249297,-0.070554,0.306926,0.341394,-0.062483,0.298085,0.400736,-0.041128,0.23148,0.308958,-0.02426,0.257446,0.260368,-0.061554,0.270652,0.321451,-0.055185,0.269489,0.368193,-0.039973
76,2533,True,0.9978,0.9978,0.246894,0.520872,-0.0,0.309373,0.506865,-0.030391,0.369174,0.439853,-0.044084,0.401542,0.367766,-0.057882,0.4338,0.310627,-0.071439,0.354316,0.317046,-0.020408,0.383503,0.224989,-0.045581,0.399676,0.168081,-0.058756,0.410837,0.116201,-0.067373,0.315942,0.306778,-0.020758,0.342648,0.252188,-0.06946,0.337662,0.339994,-0.080425,0.325223,0.401451,-0.074939,0.272028,0.3108,-0.024757,0.295357,0.258991,-0.076865,0.296933,0.351235,-0.068421,0.289385,0.412069,-0.047243,0.221291,0.322293,-0.030474,0.244423,0.271814,-0.067808,0.259073,0.334589,-0.060715,0.259555,0.383732,-0.045159
77,2566,True,0.9363,0.9363,0.300437,0.958237,0.0,0.330155,0.915431,-0.002773,0.336234,0.851402,-0.003371,0.329528,0.798041,-0.003956,0.322282,0.759626,-0.005405,0.316705,0.828788,-0.009266,0.310725,0.761998,-0.01813,0.30382,0.71808,-0.024261,0.296072,0.684643,-0.028466,0.296373,0.829114,-0.012031,0.290429,0.76054,-0.019673,0.283633,0.715418,-0.025278,0.277417,0.678582,-0.0293,0.277195,0.83538,-0.014852,0.271596,0.77046,-0.021956,0.265156,0.727946,-0.025577,0.25891,0.692746,-0.028102,0.259907,0.846759,-0.017549,0.253845,0.796295,-0.025225,0.249939,0.763575,-0.027435,0.246315,0.73592,-0.02811
78,2600,True,0.9966,0.9966,0.232129,0.561949,-0.0,0.293537,0.548271,-0.030478,0.352362,0.475146,-0.043827,0.386928,0.399561,-0.057076,0.424625,0.346186,-0.070094,0.341932,0.356618,-0.020421,0.373941,0.268784,-0.04653,0.388202,0.210161,-0.060395,0.396278,0.156254,-0.069457,0.301593,0.345904,-0.020864,0.324732,0.288608,-0.070037,0.319093,0.375475,-0.080367,0.309177,0.437291,-0.073834,0.256363,0.349825,-0.024979,0.277321,0.299235,-0.07779,0.277516,0.391517,-0.068117,0.271696,0.452124,-0.045433,0.206022,0.361833,-0.030874,0.229136,0.314832,-0.068015,0.240421,0.380318,-0.05947,0.239766,0.430219,-0.042392
79,2633,True,0.997,0.997,0.224407,0.585502,-0.0,0.287219,0.57241,-0.026884,0.348743,0.498158,-0.037304,0.380675,0.421795,-0.048083,0.417382,0.370347,-0.058746,0.335021,0.381236,-0.013827,0.36681,0.304508,-0.03817,0.38137,0.253176,-0.051165,0.390421,0.205823,-0.059517,0.293927,0.369775,-0.015598,0.316275,0.30907,-0.061882,0.311901,0.393174,-0.072054,0.303854,0.455255,-0.06565,0.248245,0.373075,-0.021005,0.267649,0.323019,-0.071926,0.269752,0.413431,-0.063641,0.265313,0.473503,-0.042138,0.197331,0.384397,-0.027776,0.219086,0.337173,-0.062953,0.230212,0.4027,-0.054512,0.229961,0.453001,-0.038019
80,2666,True,0.9972,0.9972,0.216804,0.60872,-0.0,0.279876,0.597554,-0.02524,0.343676,0.523985,-0.033925,0.375446,0.447092,-0.042906,0.412015,0.395269,-0.051445,0.324302,0.407814,-0.006084,0.35318,0.341286,-0.030536,0.366899,0.305199,-0.044396,0.374804,0.279216,-0.052023,0.284191,0.395925,-0.007205,0.305322,0.332453,-0.050698,0.302417,0.41415,-0.061683,0.296274,0.477668,-0.056154,0.239631,0.397764,-0.012646,0.257381,0.347985,-0.062307,0.259612,0.437468,-0.056649,0.256476,0.497038,-0.03713,0.189307,0.407836,-0.019135,0.209661,0.363492,-0.053823,0.219797,0.429349,-0.047388,0.219756,0.478472,-0.03266
81,2700,True,0.9983,0.9983,0.211962,0.628098,-0.0,0.273638,0.618345,-0.025228,0.3381,0.547639,-0.033799,0.368535,0.471772,-0.042321,0.402846,0.421321,-0.050152,0.315968,0.436312,-0.005174,0.3411,0.377636,-0.029065,0.354065,0.349399,-0.042074,0.364675,0.33634,-0.048532,0.2758,0.422147,-0.005701,0.296657,0.353891,-0.048604,0.294982,0.429117,-0.059865,0.291642,0.495238,-0.054101,0.231379,0.42103,-0.010592,0.250424,0.372321,-0.061417,0.253909,0.46039,-0.058984,0.252853,0.523202,-0.040877,0.181166,0.42836,-0.01621,0.2031,0.389663,-0.0534,0.214332,0.455587,-0.050443,0.216302,0.506529,-0.037572
82,2733,True,0.9987,0.9987,0.212212,0.642258,0.0,0.271473,0.633707,-0.029331,0.335616,0.562611,-0.040008,0.364414,0.486433,-0.04969,0.397763,0.433439,-0.05854,0.310431,0.453906,-0.006262,0.331835,0.400098,-0.031358,0.344054,0.371179,-0.045509,0.353613,0.3585,-0.052232,0.269862,0.439639,-0.004621,0.292006,0.37326,-0.047677,0.290568,0.448809,-0.059118,0.285617,0.514239,-0.052845,0.225396,0.43867,-0.007764,0.243647,0.38593,-0.059151,0.24859,0.47539,-0.056641,0.247363,0.539106,-0.038032,0.175437,0.446531,-0.011928,0.195104,0.404637,-0.050957,0.20803,0.470073,-0.048501,0.210723,0.521211,-0.03527
83,2766,True,0.999,0.999,0.211394,0.649191,0.0,0.272872,0.642414,-0.029767,0.337243,0.569253,-0.039666,0.364933,0.492687,-0.04819,0.398217,0.439688,-0.05631,0.308223,0.463094,-0.005126,0.32589,0.415642,-0.028124,0.340292,0.381147,-0.040978,0.35276,0.359869,-0.047582,0.267386,0.448164,-0.003081,0.288914,0.380023,-0.045249,0.289835,0.456189,-0.056171,0.286061,0.520428,-0.049156,0.222972,0.446626,-0.005746,0.242333,0.394911,-0.057683,0.249186,0.484183,-0.055598,0.248186,0.54659,-0.03662,0.172911,0.454239,-0.009323,0.194929,0.413473,-0.048838,0.208246,0.478341,-0.046696,0.21001,0.528415,-0.033443
84,2800,True,0.999,0.999,0.214425,0.654086,0.0,0.274887,0.645259,-0.028066,0.340247,0.569376,-0.036199,0.368315,0.494687,-0.042838,0.399365,0.442902,-0.04909,0.310958,0.464625,-0.005098,0.327672,0.41759,-0.026435,0.342775,0.383232,-0.038587,0.355975,0.360395,-0.044796,0.269623,0.450499,-0.003314,0.289847,0.38206,-0.043805,0.2919,0.458389,-0.05435,0.289131,0.521749,-0.047284,0.225548,0.448552,-0.0058,0.244245,0.398268,-0.054888,0.250933,0.487469,-0.052051,0.249957,0.549103,-0.033071,0.176157,0.455667,-0.009218,0.197991,0.413996,-0.045462,0.21086,0.476627,-0.041936,0.212713,0.524532,-0.028199
85,2833,True,0.9986,0.9986,0.221447,0.645455,0.0,0.280645,0.639171,-0.025285,0.347987,0.565331,-0.03348,0.376171,0.490885,-0.040921,0.407519,0.440092,-0.048199,0.316557,0.457495,-0.004824,0.33786,0.409982,-0.025799,0.355614,0.371334,-0.03643,0.36864,0.33999,-0.042217,0.276257,0.444258,-0.004554,0.302161,0.380738,-0.044507,0.298138,0.466805,-0.051925,0.286989,0.520768,-0.042891,0.234294,0.443674,-0.008225,0.255851,0.397435,-0.05758,0.258517,0.490887,-0.049963,0.250494,0.541471,-0.027875,0.185259,0.451615,-0.012475,0.210389,0.412249,-0.04664,0.221884,0.476178,-0.038619,0.21831,0.514672,-0.022325
86,2866,True,0.9986,0.9986,0.231895,0.635885,0.0,0.290581,0.627147,-0.024468,0.356498,0.554509,-0.031655,0.387653,0.482523,-0.038308,0.418331,0.43044,-0.0452,0.326058,0.446466,-0.00287,0.350839,0.396883,-0.021418,0.370008,0.357019,-0.031693,0.384443,0.319972,-0.038243,0.288483,0.433609,-0.002757,0.314997,0.373622,-0.039888,0.310999,0.456587,-0.048197,0.30084,0.50866,-0.040998,0.248138,0.433438,-0.006279,0.270634,0.389258,-0.052743,0.27242,0.47902,-0.045699,0.265213,0.527398,-0.025118,0.200627,0.442032,-0.010467,0.225357,0.401995,-0.043187,0.236945,0.465962,-0.035084,0.23454,0.506317,-0.019146
87,2900,True,0.9986,0.9986,0.243895,0.617946,0.0,0.303275,0.611015,-0.025196,0.370351,0.541616,-0.032758,0.402765,0.471186,-0.039595,0.43351,0.41968,-0.046716,0.340493,0.433216,-0.007345,0.367929,0.376044,-0.027185,0.388703,0.336198,-0.038279,0.404211,0.298261,-0.045075,0.303857,0.421667,-0.006194,0.329574,0.367073,-0.044233,0.324608,0.449548,-0.052773,0.313774,0.501472,-0.046276,0.264128,0.422013,-0.008521,0.285978,0.378811,-0.053852,0.286044,0.466968,-0.046039,0.278846,0.516198,-0.025609,0.217488,0.430264,-0.011753,0.242514,0.390981,-0.043256,0.251196,0.451932,-0.03496,0.247077,0.490916,-0.019195
88,2933,True,0.9989,0.9989,0.263206,0.604141,0.0,0.321638,0.596808,-0.023823,0.386679,0.529326,-0.031485,0.420153,0.463035,-0.039072,0.44958,0.410734,-0.047107,0.357212,0.421715,-0.007481,0.386517,0.361764,-0.027548,0.409195,0.321544,-0.03919,0.426155,0.282606,-0.046568,0.32247,0.410934,-0.007431,0.351768,0.36072,-0.04478,0.346393,0.441702,-0.053502,0.332491,0.489553,-0.048271,0.283486,0.41267,-0.010747,0.30897,0.370215,-0.055852,0.308777,0.456079,-0.048111,0.298578,0.503104,-0.028502,0.237224,0.421208,-0.014874,0.264682,0.380331,-0.046871,0.274777,0.440358,-0.038541,0.26895,0.480276,-0.023075
89,2966,True,0.9986,0.9986,0.279926,0.592823,0.0,0.338336,0.585176,-0.022823,0.401661,0.516459,-0.030773,0.435927,0.451537,-0.039168,0.467775,0.401345,-0.047946,0.37572,0.407169,-0.005224,0.405051,0.346098,-0.025696,0.431617,0.306083,-0.038393,0.452761,0.270898,-0.046136,0.341369,0.397217,-0.005598,0.375433,0.35245,-0.042598,0.371818,0.430905,-0.052352,0.357404,0.480552,-0.047955,0.303277,0.399602,-0.009476,0.332325,0.361342,-0.052801,0.333003,0.442847,-0.046204,0.322262,0.490235,-0.027991,0.258374,0.409093,-0.014258,0.287895,0.368627,-0.04494,0.298226,0.426549,-0.037163,0.292089,0.467374,-0.022377
90,3000,True,0.9979,0.9979,0.295942,0.587052,0.0,0.358787,0.578184,-0.02184,0.42016,0.508829,-0.029549,0.4527,0.443504,-0.038228,0.487466,0.398243,-0.047265,0.395302,0.406227,-0.006235,0.426444,0.339869,-0.027211,0.45377,0.29884,-0.040019,0.475845,0.263229,-0.047843,0.361574,0.395631,-0.007356,0.395617,0.352391,-0.044845,0.39084,0.426989,-0.054568,0.375401,0.47669,-0.050546,0.324344,0.396144,-0.011947,0.355265,0.359959,-0.054505,0.353997,0.438265,-0.047962,0.341736,0.487059,-0.030238,0.280002,0.402398,-0.017589,0.310413,0.361331,-0.046738,0.321639,0.414545,-0.038856,0.316573,0.454836,-0.024438
91,3033,True,0.9976,0.9976,0.313698,0.583116,0.0,0.376025,0.575473,-0.022005,0.437713,0.510728,-0.029984,0.473665,0.447251,-0.039216,0.508161,0.400606,-0.048493,0.416868,0.40665,-0.005218,0.449388,0.343816,-0.024844,0.47413,0.302911,-0.036629,0.494038,0.265792,-0.04423,0.383855,0.39274,-0.006657,0.420594,0.351675,-0.043371,0.416053,0.421988,-0.053459,0.401367,0.470227,-0.04994,0.346467,0.390026,-0.011543,0.380892,0.355844,-0.05334,0.377733,0.431024,-0.047677,0.364118,0.478435,-0.03085,0.301479,0.39383,-0.017508,0.336243,0.355863,-0.045949,0.345261,0.407872,-0.038578,0.338102,0.447374,-0.024825
92,3066,True,0.9976,0.9976,0.331108,0.580315,0.0,0.390602,0.573267,-0.021646,0.452347,0.511934,-0.029727,0.490246,0.451965,-0.039376,0.525384,0.405803,-0.049439,0.437118,0.407524,-0.004893,0.470061,0.345896,-0.024635,0.49533,0.304347,-0.036728,0.515857,0.270445,-0.043959,0.404176,0.393261,-0.007029,0.44177,0.345243,-0.043148,0.44356,0.410625,-0.053864,0.434281,0.462883,-0.050648,0.365648,0.389982,-0.012629,0.40128,0.353247,-0.05394,0.399669,0.426948,-0.049337,0.387214,0.47902,-0.033037,0.319966,0.392991,-0.019418,0.354052,0.352113,-0.047834,0.364765,0.401447,-0.041203,0.359282,0.444835,-0.027877
93,3100,True,0.9979,0.9979,0.346058,0.582929,0.0,0.406422,0.577284,-0.023105,0.46816,0.519652,-0.033266,0.505752,0.46175,-0.045178,0.543438,0.416478,-0.057251,0.453325,0.409798,-0.005311,0.49069,0.351968,-0.027814,0.520548,0.312362,-0.041551,0.54474,0.278484,-0.049707,0.421299,0.394479,-0.007511,0.460164,0.351025,-0.046565,0.454109,0.424129,-0.056546,0.438809,0.477272,-0.052086,0.383646,0.389671,-0.013797,0.421918,0.355164,-0.058259,0.416723,0.433414,-0.052276,0.401362,0.486793,-0.034055,0.33792,0.391225,-0.021445,0.376438,0.354405,-0.052518,0.38554,0.407617,-0.045924,0.377449,0.451953,-0.031906
94,3133,True,0.9968,0.9968,0.352794,0.586187,0.0,0.414166,0.578109,-0.022179,0.476695,0.520899,-0.031574,0.517677,0.465447,-0.043304,0.55697,0.422531,-0.05511,0.467806,0.417505,-0.001969,0.50971,0.361844,-0.023705,0.5392,0.323692,-0.036478,0.563341,0.288026,-0.044334,0.436706,0.399226,-0.005076,0.476295,0.355839,-0.045555,0.463652,0.430274,-0.055173,0.445222,0.483149,-0.049597,0.399011,0.39092,-0.01248,0.439027,0.355121,-0.058327,0.429483,0.434837,-0.051979,0.412599,0.488846,-0.032687,0.352741,0.389034,-0.021266,0.393907,0.354663,-0.053777,0.40075,0.410711,-0.047555,0.391752,0.456416,-0.033209
95,3166,True,0.9977,0.9977,0.357353,0.5898,0.0,0.420043,0.579629,-0.021594,0.483291,0.524581,-0.0315,0.524518,0.470528,-0.043706,0.563642,0.430499,-0.055961,0.476924,0.420683,-0.003071,0.51916,0.368587,-0.025132,0.549099,0.333379,-0.038752,0.573827,0.299747,-0.047335,0.446023,0.401563,-0.006504,0.485581,0.360289,-0.047164,0.471988,0.434489,-0.057373,0.452394,0.488774,-0.05256,0.408283,0.392966,-0.013998,0.447996,0.354523,-0.059025,0.438414,0.43418,-0.052627,0.421339,0.490536,-0.033903,0.361748,0.391252,-0.022939,0.402055,0.359512,-0.05587,0.40752,0.416937,-0.05037,0.398118,0.464204,-0.036666
96,3200,True,0.9979,0.9979,0.359906,0.596964,0.0,0.420455,0.586457,-0.020897,0.483406,0.527614,-0.030412,0.525747,0.472298,-0.042181,0.56652,0.434293,-0.053954,0.479527,0.426732,-0.003812,0.521917,0.372942,-0.025612,0.552358,0.335914,-0.037941,0.577332,0.300886,-0.045761,0.448175,0.406356,-0.008132,0.488895,0.362284,-0.049731,0.472823,0.439979,-0.058575,0.451011,0.494605,-0.052203,0.409926,0.396818,-0.016403,0.450603,0.3577,-0.063026,0.439793,0.441291,-0.055476,0.421396,0.496643,-0.035383,0.363425,0.393726,-0.025918,0.403761,0.360565,-0.059561,0.408803,0.420267,-0.053073,0.398699,0.466304,-0.038533
97,3233,True,0.9981,0.9981,0.360738,0.599606,0.0,0.421278,0.58843,-0.022201,0.484455,0.528535,-0.032941,0.525707,0.472787,-0.045558,0.567287,0.43494,-0.05822,0.479556,0.425679,-0.006345,0.520711,0.372814,-0.029532,0.55203,0.336675,-0.043079,0.577713,0.302827,-0.051584,0.446594,0.405267,-0.01009,0.486863,0.365531,-0.052139,0.472041,0.443979,-0.061101,0.450832,0.497593,-0.0552,0.406654,0.3964,-0.017849,0.447803,0.361199,-0.065496,0.437561,0.445662,-0.058106,0.419453,0.499899,-0.038322,0.358658,0.395005,-0.026844,0.398743,0.365798,-0.061693,0.404093,0.426903,-0.055469,0.394436,0.472355,-0.041091
98,3266,True,0.998,0.998,0.351562,0.597787,0.0,0.412464,0.591486,-0.026567,0.47677,0.534607,-0.038578,0.518092,0.475841,-0.051463,0.559306,0.433495,-0.064468,0.467733,0.426532,-0.010371,0.509609,0.372413,-0.033982,0.541519,0.332842,-0.047831,0.565744,0.297212,-0.056441,0.433348,0.407099,-0.011601,0.473452,0.364353,-0.053235,0.463572,0.441137,-0.062947,0.444042,0.49612,-0.057994,0.392882,0.400329,-0.017127,0.431935,0.366763,-0.064909,0.426076,0.449822,-0.05891,0.409655,0.505149,-0.040392,0.344961,0.400486,-0.024136,0.383391,0.368371,-0.05888,0.391131,0.426291,-0.053497,0.381805,0.471445,-0.040099
99,3300,True,0.9984,0.9984,0.337523,0.597881,0.0,0.399317,0.590506,-0.023306,0.465786,0.532506,-0.0329,0.506146,0.473067,-0.043765,0.544619,0.429271,-0.055067,0.447408,0.422231,-0.005994,0.482126,0.364692,-0.028625,0.513042,0.327141,-0.042945,0.536932,0.29544,-0.051667,0.413027,0.406126,-0.007534,0.452183,0.365393,-0.046354,0.448493,0.440742,-0.057397,0.43179,0.493183,-0.054524,0.374012,0.402285,-0.01316,0.411832,0.368793,-0.057936,0.409029,0.449003,-0.052883,0.392992,0.500473,-0.036197,0.326663,0.404382,-0.019967,0.363281,0.368506,-0.051739,0.372003,0.424213,-0.045957,0.362718,0.465535,-0.033235
100,3333,True,0.9981,0.9981,0.32343,0.598047,0.0,0.38273,0.588859,-0.024063,0.447223,0.524174,-0.032699,0.487882,0.462043,-0.042142,0.524418,0.415535,-0.051776,0.430785,0.420696,-0.006362,0.461657,0.362166,-0.028197,0.487517,0.321768,-0.041338,0.508257,0.285601,-0.049561,0.396472,0.405472,-0.007683,0.433176,0.362357,-0.047716,0.427391,0.439245,-0.058447,0.412767,0.491715,-0.054397,0.357581,0.402479,-0.012941,0.390834,0.368026,-0.05951,0.387487,0.450037,-0.054019,0.373937,0.501761,-0.035901,0.311459,0.405725,-0.019294,0.345987,0.368393,-0.05243,0.353155,0.426565,-0.045939,0.344073,0.469597,-0.031952
101,3366,True,0.9983,0.9983,0.304617,0.595176,0.0,0.366206,0.586684,-0.026613,0.429051,0.516876,-0.035909,0.462979,0.449467,-0.045219,0.498476,0.401418,-0.054591,0.411211,0.41443,-0.007402,0.435816,0.354452,-0.029887,0.459672,0.310408,-0.043531,0.478214,0.27188,-0.052495,0.375162,0.401643,-0.007678,0.40764,0.357559,-0.048996,0.402485,0.436482,-0.060379,0.38854,0.488745,-0.056427,0.335521,0.401763,-0.012021,0.362213,0.363718,-0.060602,0.361607,0.44893,-0.054828,0.351157,0.500871,-0.036152,0.289571,0.409245,-0.01752,0.317756,0.369197,-0.052625,0.325958,0.429327,-0.046274,0.319525,0.471051,-0.032136
102,3400,True,0.9989,0.9989,0.2902,0.59678,0.0,0.346857,0.590566,-0.026062,0.410357,0.518319,-0.03457,0.444024,0.448137,-0.042602,0.478438,0.397562,-0.050624,0.388178,0.409358,-0.00782,0.410688,0.346408,-0.027798,0.430199,0.300381,-0.038964,0.443877,0.262049,-0.046261,0.351599,0.398926,-0.007871,0.38341,0.35053,-0.047581,0.379405,0.432961,-0.057264,0.364895,0.485144,-0.051874,0.311608,0.401624,-0.011612,0.335703,0.362304,-0.059912,0.336892,0.450537,-0.054092,0.326444,0.499917,-0.035133,0.265541,0.411411,-0.016145,0.291512,0.368683,-0.051561,0.30152,0.431133,-0.045002,0.295482,0.472943,-0.030498
103,3433,True,0.9984,0.9984,0.256713,0.615262,0.0,0.311055,0.601806,-0.029956,0.371993,0.528026,-0.038438,0.400985,0.452952,-0.045068,0.427084,0.396433,-0.05126,0.349882,0.421756,-0.015127,0.3711,0.353216,-0.034878,0.379396,0.303766,-0.044601,0.384312,0.257173,-0.051289,0.310852,0.411607,-0.013772,0.328445,0.349971,-0.055297,0.32919,0.434706,-0.06492,0.324815,0.495894,-0.05898,0.267913,0.415033,-0.015961,0.280686,0.365754,-0.064145,0.288234,0.457202,-0.058535,0.287413,0.516962,-0.039454,0.22015,0.425828,-0.019623,0.236534,0.377587,-0.054388,0.250878,0.436713,-0.04922,0.253277,0.48189,-0.035668
104,3466,True,0.9981,0.9981,0.25298,0.616773,0.0,0.308813,0.607488,-0.03326,0.370085,0.530417,-0.044346,0.398495,0.45241,-0.053132,0.430539,0.396395,-0.061282,0.350079,0.423109,-0.017475,0.371022,0.355778,-0.040925,0.379946,0.306782,-0.05301,0.386637,0.262215,-0.060634,0.309739,0.412684,-0.014708,0.328551,0.351686,-0.060164,0.326552,0.433331,-0.07055,0.32165,0.496216,-0.064024,0.266017,0.415733,-0.016067,0.282597,0.369089,-0.068145,0.288892,0.458645,-0.063064,0.289101,0.518777,-0.043138,0.217536,0.425908,-0.019016,0.236689,0.381893,-0.057268,0.250723,0.443769,-0.053037,0.254107,0.491087,-0.039083
105,3500,True,0.9977,0.9977,0.252784,0.618016,0.0,0.309036,0.607033,-0.033013,0.370257,0.53097,-0.043808,0.399276,0.454463,-0.052496,0.430755,0.398185,-0.060529,0.349518,0.424206,-0.015862,0.370952,0.357392,-0.039001,0.380577,0.308192,-0.051273,0.387737,0.263542,-0.058958,0.309472,0.413986,-0.013204,0.328127,0.35168,-0.05845,0.326921,0.432326,-0.069315,0.322831,0.495951,-0.062947,0.265993,0.416683,-0.014713,0.283033,0.369835,-0.066399,0.289053,0.458949,-0.061835,0.289482,0.519838,-0.042108,0.218086,0.426379,-0.017873,0.238072,0.38232,-0.05569,0.251418,0.442942,-0.051718,0.254573,0.490296,-0.037908
106,3533,True,0.9977,0.9977,0.252969,0.617273,0.0,0.309031,0.606688,-0.032385,0.370784,0.531088,-0.042706,0.400835,0.455676,-0.05105,0.431898,0.399427,-0.058875,0.349412,0.423632,-0.015123,0.371375,0.356697,-0.037204,0.382033,0.307746,-0.048998,0.389811,0.263014,-0.056453,0.309701,0.413354,-0.012521,0.328554,0.351185,-0.056206,0.328775,0.430395,-0.066954,0.324584,0.492617,-0.060918,0.266395,0.416155,-0.013938,0.28413,0.369793,-0.064212,0.290546,0.458794,-0.059698,0.290103,0.518915,-0.040431,0.218471,0.425767,-0.016994,0.23849,0.382425,-0.053816,0.252359,0.442697,-0.049741,0.255339,0.489153,-0.036119
107,3566,True,0.9976,0.9976,0.254464,0.617275,0.0,0.310602,0.606122,-0.031685,0.372204,0.530325,-0.041583,0.402696,0.45513,-0.049763,0.434076,0.399934,-0.057526,0.351122,0.423339,-0.014273,0.372901,0.356902,-0.035947,0.383316,0.307608,-0.047537,0.391184,0.262462,-0.054864,0.311484,0.413119,-0.011896,0.330792,0.351511,-0.055211,0.330076,0.430148,-0.065792,0.325336,0.492665,-0.059626,0.268256,0.415508,-0.013494,0.28683,0.369759,-0.063254,0.292203,0.457981,-0.058695,0.291194,0.51886,-0.039427,0.220288,0.424682,-0.016734,0.241384,0.381037,-0.053057,0.254517,0.440358,-0.048874,0.256813,0.487455,-0.035218
108,3600,True,0.9977,0.9977,0.26225,0.617934,0.0,0.317572,0.605852,-0.029564,0.379551,0.531791,-0.039438,0.41047,0.459357,-0.048113,0.440716,0.402963,-0.056295,0.3548,0.423738,-0.012162,0.377597,0.358111,-0.033164,0.392498,0.310291,-0.044217,0.404042,0.266735,-0.051155,0.316896,0.413022,-0.010912,0.3409,0.351793,-0.052914,0.34018,0.432506,-0.062591,0.331641,0.493033,-0.056048,0.275123,0.415053,-0.013539,0.296263,0.36919,-0.061834,0.302255,0.456787,-0.056112,0.298523,0.5144,-0.036379,0.227679,0.423989,-0.017619,0.251714,0.380085,-0.051721,0.266344,0.437856,-0.045949,0.266526,0.481764,-0.031653
109,3633,True,0.9981,0.9981,0.262099,0.616609,0.0,0.317382,0.606758,-0.029693,0.380336,0.531784,-0.039691,0.411584,0.459768,-0.048334,0.443194,0.405176,-0.056523,0.356788,0.423,-0.012136,0.381158,0.358524,-0.033291,0.398385,0.311511,-0.044475,0.41194,0.268892,-0.051629,0.318974,0.411839,-0.010828,0.345138,0.353003,-0.052722,0.343089,0.434371,-0.061794,0.333298,0.494611,-0.054982,0.27723,0.413879,-0.013512,0.300602,0.370615,-0.062161,0.305502,0.458007,-0.056048,0.30065,0.514556,-0.036244,0.229702,0.423152,-0.017616,0.253921,0.382254,-0.052814,0.268297,0.442702,-0.047123,0.268249,0.487538,-0.032782
110,3666,True,0.998,0.998,0.263277,0.616619,0.0,0.317645,0.606668,-0.028616,0.38078,0.532394,-0.038058,0.412493,0.461157,-0.046427,0.443284,0.406518,-0.054375,0.358189,0.423288,-0.011516,0.383144,0.358395,-0.032259,0.400531,0.312853,-0.043129,0.414801,0.271112,-0.049944,0.320566,0.411824,-0.010482,0.347227,0.355703,-0.05204,0.345045,0.436666,-0.061251,0.335469,0.496923,-0.054674,0.278949,0.413349,-0.013296,0.3025,0.37155,-0.061442,0.307049,0.458863,-0.055787,0.302286,0.516508,-0.036378,0.231637,0.422017,-0.01746,0.256467,0.381001,-0.052322,0.27037,0.441019,-0.046913,0.270186,0.487099,-0.032772
111,3699,True,0.9979,0.9979,0.263065,0.617501,0.0,0.317809,0.608211,-0.02937,0.381363,0.534073,-0.039107,0.412707,0.462009,-0.047703,0.444043,0.407136,-0.055836,0.359298,0.423578,-0.011227,0.385572,0.359341,-0.032058,0.403329,0.313971,-0.042929,0.417751,0.271752,-0.04977,0.321928,0.411819,-0.009931,0.349291,0.355316,-0.051374,0.345725,0.437334,-0.060325,0.335321,0.497129,-0.05348,0.280551,0.413114,-0.012612,0.305123,0.37079,-0.061009,0.308324,0.459158,-0.054936,0.302633,0.516593,-0.035104,0.233406,0.421577,-0.016716,0.258776,0.380367,-0.051966,0.272215,0.441313,-0.046354,0.271584,0.487584,-0.031912
112,3733,True,0.998,0.998,0.262109,0.618697,0.0,0.317546,0.60922,-0.029285,0.381699,0.534921,-0.038765,0.413642,0.462617,-0.047111,0.445442,0.408161,-0.054942,0.358754,0.425141,-0.010686,0.38534,0.361398,-0.031868,0.40416,0.316279,-0.043088,0.419747,0.274533,-0.050145,0.321793,0.413098,-0.009566,0.350575,0.355206,-0.051737,0.346649,0.436698,-0.06116,0.335447,0.496925,-0.054347,0.280846,0.413958,-0.01247,0.305913,0.371189,-0.061399,0.308995,0.459505,-0.055631,0.303053,0.51697,-0.035733,0.233968,0.421931,-0.01679,0.259812,0.381186,-0.052205,0.273139,0.442033,-0.046767,0.272355,0.487986,-0.032374
113,3766,True,0.9981,0.9981,0.26347,0.618153,0.0,0.319687,0.607306,-0.027879,0.382903,0.533631,-0.037262,0.414229,0.461895,-0.045962,0.445894,0.407776,-0.054155,0.359705,0.424795,-0.008994,0.386618,0.363083,-0.030612,0.406387,0.318785,-0.042368,0.422982,0.278532,-0.049662,0.322978,0.412578,-0.008807,0.354472,0.355094,-0.051552,0.35062,0.436388,-0.061374,0.338562,0.497527,-0.054584,0.282146,0.413015,-0.012626,0.309862,0.37008,-0.061641,0.313018,0.457873,-0.055807,0.306542,0.515922,-0.035738,0.234939,0.421081,-0.017808,0.264277,0.382211,-0.052963,0.278275,0.442741,-0.047342,0.277201,0.488727,-0.032803
114,3800,True,0.9984,0.9984,0.265151,0.612319,0.0,0.321994,0.600563,-0.029137,0.385455,0.529915,-0.039184,0.416406,0.458686,-0.048435,0.445883,0.401824,-0.05726,0.358557,0.421992,-0.009648,0.385855,0.35948,-0.031903,0.406829,0.313404,-0.044285,0.424298,0.271574,-0.051855,0.322148,0.409797,-0.009305,0.354077,0.347908,-0.053404,0.351589,0.428055,-0.064339,0.340005,0.491477,-0.057617,0.282018,0.410627,-0.012988,0.309393,0.365714,-0.062901,0.312728,0.451863,-0.05767,0.306399,0.510835,-0.037285,0.235806,0.418959,-0.018159,0.263732,0.377026,-0.053613,0.278218,0.436048,-0.048039,0.277839,0.483601,-0.033103
115,3833,True,0.9984,0.9984,0.270657,0.601966,0.0,0.327749,0.587017,-0.028084,0.388508,0.51479,-0.038038,0.417083,0.444601,-0.04728,0.446072,0.388915,-0.056091,0.358839,0.409906,-0.010167,0.386374,0.34276,-0.032823,0.408281,0.297115,-0.045331,0.424975,0.254155,-0.053003,0.323089,0.399952,-0.010217,0.355976,0.339439,-0.053182,0.354416,0.421494,-0.062933,0.341945,0.478263,-0.056055,0.283556,0.402789,-0.014205,0.312357,0.35757,-0.0634,0.315825,0.444783,-0.055807,0.307705,0.497898,-0.034279,0.23794,0.413053,-0.019635,0.264879,0.367875,-0.054533,0.279869,0.427635,-0.046773,0.278839,0.472427,-0.030401
116,3866,True,0.9981,0.9981,0.275543,0.589086,0.0,0.332764,0.573548,-0.028008,0.390575,0.499648,-0.038131,0.418041,0.427502,-0.047716,0.447325,0.373067,-0.056826,0.361048,0.395007,-0.011026,0.387143,0.32285,-0.03355,0.407734,0.274613,-0.045791,0.424236,0.230956,-0.053266,0.325177,0.386484,-0.010723,0.356948,0.328002,-0.054512,0.356279,0.408837,-0.064173,0.345432,0.468284,-0.057132,0.286109,0.390295,-0.014361,0.315192,0.347632,-0.063425,0.319498,0.432016,-0.056447,0.313031,0.487795,-0.03544,0.241091,0.401398,-0.019523,0.269644,0.35885,-0.054395,0.284815,0.41622,-0.047931,0.284682,0.461812,-0.032562
117,3900,True,0.9978,0.9978,0.279017,0.572019,0.0,0.337936,0.556618,-0.028777,0.394786,0.485299,-0.039783,0.420151,0.413077,-0.050298,0.449011,0.358968,-0.060422,0.36651,0.377088,-0.013207,0.391821,0.302174,-0.035757,0.409622,0.251162,-0.048268,0.423956,0.205518,-0.056003,0.330082,0.369469,-0.012643,0.361334,0.315273,-0.056715,0.362082,0.393165,-0.067271,0.35275,0.452201,-0.061131,0.291078,0.374328,-0.015899,0.320102,0.335962,-0.064684,0.324895,0.417198,-0.058869,0.319502,0.472538,-0.038981,0.246496,0.386349,-0.020743,0.273576,0.343866,-0.055104,0.288779,0.398207,-0.049109,0.289967,0.443768,-0.034237
118,3933,True,0.9986,0.9986,0.295583,0.543696,0.0,0.353219,0.522231,-0.026827,0.405824,0.44924,-0.037065,0.428335,0.375779,-0.047511,0.452533,0.318098,-0.057581,0.3709,0.340138,-0.011291,0.388676,0.258803,-0.033148,0.401982,0.205018,-0.045084,0.412368,0.157121,-0.052384,0.336291,0.335871,-0.010985,0.367205,0.282603,-0.05448,0.371357,0.361928,-0.064928,0.362748,0.419931,-0.058712,0.299315,0.343986,-0.014283,0.328141,0.301561,-0.06237,0.335403,0.385919,-0.055543,0.329941,0.442648,-0.034943,0.256396,0.359806,-0.018995,0.282742,0.315468,-0.053268,0.298675,0.370081,-0.046937,0.299841,0.414389,-0.031532
119,3966,True,0.9978,0.9978,0.304128,0.528976,0.0,0.361188,0.505552,-0.026255,0.411257,0.428594,-0.037555,0.430694,0.354626,-0.049273,0.45793,0.298914,-0.060336,0.37534,0.31934,-0.012443,0.39072,0.237735,-0.033983,0.400417,0.184318,-0.045722,0.40739,0.136378,-0.053448,0.340531,0.316805,-0.013249,0.372302,0.2676,-0.054692,0.377088,0.346817,-0.063759,0.367775,0.40241,-0.058268,0.30463,0.326366,-0.017715,0.335505,0.286409,-0.063812,0.343267,0.368046,-0.05597,0.336797,0.421587,-0.036452,0.263287,0.343947,-0.02376,0.289123,0.297401,-0.056238,0.306386,0.349856,-0.048988,0.307785,0.393586,-0.034289
120,4000,True,0.9972,0.9972,0.312662,0.516386,0.0,0.370097,0.492856,-0.026472,0.41838,0.417003,-0.038191,0.440626,0.343892,-0.050611,0.467268,0.286483,-0.062258,0.381705,0.306602,-0.01244,0.396506,0.221568,-0.033897,0.404742,0.165133,-0.045486,0.410318,0.114897,-0.053064,0.348314,0.304078,-0.013359,0.37921,0.251011,-0.054907,0.385633,0.327529,-0.064647,0.37763,0.381697,-0.059498,0.313158,0.313331,-0.017878,0.34234,0.270326,-0.064028,0.351129,0.350986,-0.056762,0.345252,0.403233,-0.037391,0.272762,0.330425,-0.023933,0.297403,0.28044,-0.055143,0.315728,0.330665,-0.047181,0.317949,0.373472,-0.032092
121,4033,True,0.9963,0.9963,0.319391,0.509393,0.0,0.381068,0.482426,-0.023615,0.430125,0.407449,-0.033573,0.453026,0.336612,-0.04508,0.477396,0.280366,-0.055912,0.388618,0.300681,-0.008498,0.403589,0.215388,-0.028607,0.413037,0.159898,-0.039608,0.420051,0.110482,-0.046834,0.357166,0.297505,-0.009726,0.387398,0.24855,-0.048826,0.393897,0.324179,-0.057746,0.385607,0.378855,-0.052963,0.323953,0.305062,-0.014563,0.353162,0.260441,-0.057362,0.361929,0.338855,-0.049643,0.355292,0.392184,-0.031153,0.284822,0.320033,-0.020955,0.311224,0.268266,-0.049499,0.328447,0.315892,-0.041398,0.329228,0.358485,-0.027063
122,4066,True,0.996,0.996,0.329578,0.503428,0.0,0.389979,0.479066,-0.02459,0.440629,0.402872,-0.03493,0.466045,0.330816,-0.046699,0.495055,0.276822,-0.057812,0.40571,0.295497,-0.007421,0.423075,0.213961,-0.028309,0.433594,0.159519,-0.040222,0.441219,0.11088,-0.047915,0.374184,0.290074,-0.008318,0.405134,0.241238,-0.048565,0.407636,0.318104,-0.058009,0.397524,0.374168,-0.052984,0.339982,0.295704,-0.013043,0.370405,0.25188,-0.057299,0.375592,0.331514,-0.049991,0.368174,0.387139,-0.03105,0.299023,0.308782,-0.019389,0.327779,0.26108,-0.04931,0.34344,0.310049,-0.041937,0.343583,0.353473,-0.027571
123,4100,True,0.996,0.996,0.340378,0.503204,0.0,0.398673,0.477134,-0.022694,0.450225,0.401898,-0.032998,0.477565,0.332615,-0.0453,0.506867,0.27945,-0.057055,0.418868,0.296816,-0.007562,0.439726,0.213501,-0.029868,0.454876,0.160728,-0.042479,0.466532,0.113595,-0.050215,0.387512,0.29063,-0.009913,0.42362,0.243515,-0.051836,0.423661,0.323841,-0.061368,0.410299,0.380258,-0.05599,0.353355,0.295123,-0.015987,0.387633,0.251112,-0.061228,0.390926,0.333105,-0.053259,0.3811,0.389777,-0.033518,0.312636,0.306798,-0.023525,0.344581,0.258041,-0.054338,0.359714,0.309068,-0.046334,0.358054,0.354602,-0.031098
124,4133,True,0.9947,0.9947,0.350366,0.507716,0.0,0.409583,0.486691,-0.022771,0.46359,0.414585,-0.033689,0.491612,0.347119,-0.046461,0.525108,0.299509,-0.058436,0.438936,0.303263,-0.007573,0.460407,0.221653,-0.030425,0.475512,0.1697,-0.042802,0.487939,0.123944,-0.050305,0.405791,0.295695,-0.009825,0.443471,0.249092,-0.053255,0.443544,0.330913,-0.062568,0.432383,0.388689,-0.056229,0.369766,0.298059,-0.015856,0.405282,0.258147,-0.062665,0.40821,0.341049,-0.054952,0.39993,0.398052,-0.034638,0.327352,0.307288,-0.02326,0.362473,0.266816,-0.054961,0.376215,0.321139,-0.047554,0.373859,0.365274,-0.032366
125,4166,True,0.9943,0.9943,0.356725,0.520558,-0.0,0.416585,0.502351,-0.022868,0.472396,0.430866,-0.033199,0.502542,0.364454,-0.04534,0.539682,0.321112,-0.057125,0.455106,0.321472,-0.008959,0.485595,0.242369,-0.030773,0.503193,0.191461,-0.042374,0.515432,0.144068,-0.049675,0.421248,0.311251,-0.011309,0.463267,0.262395,-0.053004,0.460073,0.342043,-0.061779,0.444711,0.397534,-0.055405,0.384116,0.311541,-0.017112,0.423527,0.272284,-0.063673,0.421275,0.356943,-0.055931,0.408261,0.41301,-0.035498,0.340696,0.318573,-0.02415,0.377479,0.279618,-0.056578,0.389523,0.335698,-0.048993,0.385205,0.381253,-0.033505
126,4200,True,0.9927,0.9927,0.362209,0.537131,0.0,0.422663,0.51834,-0.021028,0.478578,0.446671,-0.030472,0.51188,0.382334,-0.042652,0.548776,0.343983,-0.054913,0.464774,0.335693,-0.006433,0.499161,0.263128,-0.028151,0.520633,0.215566,-0.039992,0.538962,0.172476,-0.047212,0.430537,0.324528,-0.009566,0.472708,0.283019,-0.052308,0.467323,0.362256,-0.06207,0.452298,0.422388,-0.055697,0.392946,0.324424,-0.016148,0.433888,0.293313,-0.063436,0.429456,0.377015,-0.057671,0.415813,0.437066,-0.037789,0.350262,0.33161,-0.023851,0.389006,0.296356,-0.05683,0.399556,0.352236,-0.050754,0.394233,0.401519,-0.035856
127,4233,True,0.9942,0.9942,0.361947,0.557333,0.0,0.424199,0.537564,-0.024322,0.480423,0.471495,-0.037384,0.517527,0.408623,-0.052562,0.5585,0.366261,-0.067515,0.471511,0.357488,-0.008414,0.507613,0.287324,-0.032938,0.532178,0.242139,-0.047113,0.553912,0.201318,-0.055706,0.437973,0.344696,-0.011099,0.483427,0.302258,-0.055665,0.476204,0.381852,-0.066386,0.459928,0.442714,-0.060544,0.400049,0.343819,-0.017876,0.444407,0.312861,-0.066942,0.437798,0.395016,-0.061146,0.422839,0.453862,-0.041192,0.356412,0.350902,-0.025991,0.396347,0.317707,-0.060252,0.4051,0.375796,-0.053841,0.397613,0.424302,-0.038605
128,4266,True,0.997,0.997,0.348691,0.607186,-0.0,0.411374,0.589528,-0.026636,0.47296,0.52922,-0.040568,0.512776,0.468865,-0.056002,0.554705,0.424398,-0.070897,0.460741,0.421752,-0.012262,0.504413,0.358432,-0.041144,0.535632,0.320011,-0.058001,0.562524,0.283857,-0.068029,0.428253,0.406721,-0.014874,0.473283,0.368267,-0.062255,0.4603,0.451135,-0.071913,0.441005,0.50939,-0.06581,0.389904,0.401933,-0.022328,0.434505,0.374714,-0.074058,0.424707,0.460679,-0.065448,0.407898,0.518139,-0.043918,0.343497,0.403811,-0.031627,0.385187,0.377366,-0.067349,0.391082,0.438627,-0.059963,0.381555,0.484729,-0.044515
129,4300,True,0.9967,0.9967,0.331748,0.619782,0.0,0.395503,0.603987,-0.019859,0.459196,0.540864,-0.029578,0.501663,0.48055,-0.04185,0.54608,0.443248,-0.054464,0.451291,0.44044,-0.00359,0.49607,0.38723,-0.028199,0.529547,0.354155,-0.042642,0.558011,0.32391,-0.05129,0.419015,0.422704,-0.008611,0.46733,0.383191,-0.052895,0.453099,0.461351,-0.062665,0.429933,0.517772,-0.056394,0.380272,0.416771,-0.017699,0.427909,0.384578,-0.067501,0.416721,0.469965,-0.06022,0.396559,0.526772,-0.03942,0.333175,0.418563,-0.027714,0.37311,0.387663,-0.063635,0.379506,0.449945,-0.056956,0.37061,0.497441,-0.041607
130,4333,True,0.9983,0.9983,0.321676,0.6296,0.0,0.380821,0.619182,-0.023899,0.447834,0.559492,-0.03534,0.490042,0.498827,-0.048044,0.533329,0.457582,-0.060585,0.438875,0.45284,-0.006571,0.481957,0.405414,-0.033166,0.517573,0.374282,-0.049073,0.546868,0.347005,-0.058598,0.405989,0.432554,-0.009949,0.455487,0.393171,-0.053968,0.443074,0.474086,-0.064233,0.420987,0.529103,-0.058848,0.367162,0.425679,-0.0178,0.414033,0.399235,-0.06906,0.403155,0.487049,-0.061538,0.383047,0.539413,-0.040781,0.320437,0.427176,-0.026672,0.361009,0.400623,-0.063646,0.365368,0.465283,-0.056212,0.353835,0.50908,-0.040546
131,4366,True,0.9978,0.9978,0.308815,0.632622,0.0,0.367525,0.62376,-0.024972,0.434787,0.566986,-0.037362,0.478178,0.509911,-0.050638,0.522293,0.469828,-0.063876,0.426552,0.462776,-0.009665,0.471402,0.419503,-0.037591,0.507505,0.3922,-0.054735,0.537564,0.367153,-0.065074,0.39298,0.441926,-0.012247,0.436043,0.407266,-0.056557,0.425991,0.487418,-0.067284,0.407968,0.539481,-0.062829,0.353233,0.43528,-0.019258,0.393456,0.411852,-0.069497,0.384124,0.499341,-0.061536,0.367174,0.548563,-0.041255,0.305941,0.437686,-0.027474,0.342972,0.415237,-0.062752,0.346824,0.477383,-0.054714,0.33607,0.515048,-0.039158
132,4400,True,0.9987,0.9987,0.292364,0.643337,0.0,0.349779,0.631808,-0.024064,0.415914,0.575985,-0.03653,0.459286,0.520543,-0.05013,0.501889,0.47869,-0.063821,0.40582,0.470112,-0.006103,0.448356,0.434423,-0.034416,0.485368,0.409462,-0.051884,0.515531,0.386416,-0.06208,0.373407,0.449884,-0.009392,0.416071,0.413994,-0.052985,0.403918,0.496688,-0.06324,0.384879,0.545998,-0.058244,0.334532,0.442801,-0.017449,0.37472,0.422225,-0.06829,0.364061,0.510836,-0.060487,0.345272,0.557411,-0.039864,0.287133,0.443368,-0.026561,0.324491,0.422941,-0.061976,0.328737,0.48563,-0.053798,0.317041,0.521464,-0.038109
133,4433,True,0.9172,0.9172,0.305183,0.97027,0.0,0.303722,0.915416,0.003026,0.299259,0.850532,0.004595,0.290968,0.800027,0.004542,0.283046,0.760064,0.004842,0.331693,0.842065,0.005759,0.322405,0.77317,6.4e-05,0.311497,0.725768,-0.005553,0.299335,0.68961,-0.009529,0.326161,0.842127,-0.000837,0.319367,0.769046,-0.005694,0.308366,0.721702,-0.01107,0.296725,0.684893,-0.01495,0.314662,0.842209,-0.008012,0.309879,0.7717,-0.012968,0.299858,0.726085,-0.016106,0.288819,0.691352,-0.01802,0.297918,0.843121,-0.014971,0.294376,0.784637,-0.019845,0.288215,0.748292,-0.020433,0.28122,0.719477,-0.020069
134,4466,True,0.9983,0.9983,0.231999,0.640526,0.0,0.284951,0.625829,-0.018057,0.3473,0.55264,-0.023317,0.383272,0.491607,-0.029565,0.414454,0.448506,-0.035788,0.319165,0.448174,0.001044,0.340002,0.405605,-0.019548,0.36356,0.387202,-0.031506,0.3803,0.375894,-0.037023,0.282899,0.438421,-0.001636,0.314426,0.389276,-0.037265,0.314076,0.470641,-0.045368,0.303653,0.526642,-0.03867,0.243312,0.439541,-0.008154,0.27262,0.411029,-0.052729,0.276404,0.497696,-0.048075,0.268633,0.551153,-0.02958,0.197866,0.44792,-0.014895,0.227464,0.415337,-0.045606,0.239476,0.475416,-0.038453,0.236492,0.519236,-0.023647
135,4500,True,0.9988,0.9988,0.215853,0.628669,0.0,0.269031,0.619826,-0.022566,0.335291,0.543923,-0.028155,0.367847,0.476259,-0.033536,0.398043,0.428885,-0.039216,0.307355,0.442751,-0.003398,0.332566,0.395309,-0.019594,0.351669,0.36084,-0.026773,0.366209,0.332742,-0.030042,0.267609,0.431756,-0.003714,0.29369,0.371765,-0.038458,0.296018,0.447035,-0.045521,0.291117,0.502314,-0.037292,0.225484,0.433211,-0.007385,0.249814,0.398929,-0.051837,0.255239,0.486805,-0.0463,0.25042,0.542068,-0.026583,0.178145,0.441613,-0.01154,0.202641,0.40617,-0.042024,0.215026,0.466335,-0.034577,0.213243,0.509306,-0.019276
136,4533,True,0.9987,0.9987,0.202853,0.620784,0.0,0.256212,0.611538,-0.025651,0.31945,0.534406,-0.031148,0.346671,0.462238,-0.035467,0.37504,0.412323,-0.040012,0.293712,0.436129,-0.006646,0.316706,0.384782,-0.02323,0.330085,0.341814,-0.031206,0.340254,0.303753,-0.035989,0.252463,0.423145,-0.006214,0.27308,0.355113,-0.044452,0.278451,0.427992,-0.054113,0.27686,0.489741,-0.047194,0.208439,0.423833,-0.008926,0.226917,0.384647,-0.05661,0.233933,0.473604,-0.052853,0.23217,0.533026,-0.033606,0.159553,0.432251,-0.012249,0.17971,0.394039,-0.045864,0.193199,0.45517,-0.040174,0.194749,0.500622,-0.025637
137,4566,True,0.9983,0.9983,0.193445,0.609544,0.0,0.246952,0.598913,-0.027658,0.307864,0.519852,-0.033926,0.329432,0.443152,-0.038648,0.355272,0.389334,-0.043559,0.280591,0.421018,-0.008962,0.298435,0.362818,-0.026091,0.306912,0.317741,-0.034088,0.3139,0.278261,-0.039009,0.238143,0.411563,-0.007942,0.254388,0.34098,-0.047903,0.259649,0.41677,-0.058352,0.259495,0.48144,-0.051679,0.193851,0.415307,-0.010179,0.206184,0.371167,-0.058874,0.216221,0.459148,-0.056116,0.218881,0.519325,-0.037589,0.144393,0.426396,-0.01316,0.15975,0.383974,-0.047289,0.175453,0.442008,-0.042587,0.180392,0.486123,-0.028982
138,4600,True,0.9989,0.9989,0.190824,0.573814,0.0,0.243579,0.560581,-0.032995,0.295917,0.473133,-0.042542,0.314344,0.387051,-0.048868,0.341498,0.327116,-0.055402,0.267361,0.371832,-0.018181,0.279713,0.30178,-0.038228,0.279925,0.247127,-0.047661,0.276828,0.19869,-0.054227,0.223185,0.367613,-0.014337,0.228926,0.295892,-0.056379,0.237909,0.380629,-0.065618,0.242178,0.444088,-0.058693,0.177711,0.378355,-0.013911,0.181696,0.32688,-0.064247,0.197021,0.420643,-0.057382,0.203141,0.4787,-0.036476,0.127895,0.39756,-0.014701,0.135493,0.349138,-0.051311,0.155045,0.411954,-0.045199,0.16332,0.453988,-0.030389
139,4633,True,0.9982,0.9982,0.193765,0.562839,0.0,0.250845,0.551582,-0.03577,0.303864,0.465899,-0.0464,0.320429,0.381856,-0.05403,0.343561,0.319004,-0.061813,0.273295,0.358001,-0.020713,0.286171,0.278731,-0.042026,0.289018,0.219542,-0.052355,0.289288,0.168446,-0.058635,0.228802,0.354803,-0.016054,0.233491,0.281814,-0.060011,0.243276,0.360058,-0.06997,0.246873,0.427131,-0.062509,0.183212,0.366024,-0.015269,0.191652,0.31826,-0.06649,0.206063,0.408389,-0.06186,0.210141,0.470892,-0.041562,0.134462,0.384303,-0.016125,0.145173,0.332511,-0.051791,0.163674,0.388811,-0.046261,0.169573,0.432917,-0.031546
140,4666,True,0.9968,0.9968,0.201558,0.558845,0.0,0.258438,0.542015,-0.034528,0.310534,0.45448,-0.045498,0.328463,0.37144,-0.053906,0.356604,0.311531,-0.062021,0.281086,0.347956,-0.019683,0.297266,0.264733,-0.04069,0.303173,0.204176,-0.050527,0.304814,0.150546,-0.056771,0.237942,0.345229,-0.01569,0.243409,0.271026,-0.057914,0.254048,0.352889,-0.065883,0.25751,0.416214,-0.0578,0.193725,0.35659,-0.015534,0.203418,0.306902,-0.065367,0.217162,0.399503,-0.057782,0.219868,0.457895,-0.036185,0.146307,0.374386,-0.017085,0.157287,0.320977,-0.05144,0.175551,0.379782,-0.043834,0.180766,0.422478,-0.028058
141,4700,True,0.9954,0.9954,0.213897,0.557955,0.0,0.272595,0.537127,-0.030735,0.322716,0.449063,-0.040831,0.343357,0.367389,-0.049395,0.372693,0.310314,-0.0577,0.293505,0.341309,-0.017785,0.312924,0.254898,-0.03849,0.321176,0.19471,-0.048245,0.324964,0.140811,-0.054589,0.251596,0.339695,-0.015577,0.260483,0.267584,-0.056842,0.271123,0.350823,-0.064339,0.274158,0.412946,-0.056688,0.208326,0.351697,-0.016759,0.220673,0.301184,-0.064408,0.23355,0.391677,-0.055232,0.234728,0.449334,-0.033563,0.161663,0.370305,-0.019476,0.176276,0.315952,-0.051633,0.193966,0.373792,-0.0421,0.196993,0.417502,-0.025475
142,4733,True,0.9961,0.9961,0.229543,0.558724,0.0,0.287282,0.536196,-0.029638,0.337079,0.452072,-0.041097,0.359108,0.372273,-0.051864,0.385715,0.314113,-0.062263,0.311268,0.33885,-0.016992,0.332843,0.253934,-0.039366,0.341119,0.194927,-0.050627,0.344171,0.14093,-0.057761,0.270499,0.335668,-0.016419,0.283618,0.266173,-0.059469,0.29248,0.348439,-0.068383,0.293841,0.410597,-0.061457,0.227413,0.346301,-0.019196,0.243769,0.299238,-0.067819,0.255684,0.388361,-0.059331,0.256222,0.447466,-0.037907,0.180255,0.364369,-0.023492,0.20001,0.314125,-0.056272,0.217522,0.373463,-0.04677,0.220321,0.419804,-0.029818
143,4766,True,0.9952,0.9952,0.238431,0.559091,0.0,0.299016,0.537987,-0.028551,0.350542,0.452644,-0.038744,0.371529,0.371344,-0.048593,0.402273,0.317194,-0.058226,0.325394,0.341291,-0.016215,0.350467,0.254869,-0.039835,0.364225,0.197327,-0.051514,0.372998,0.145516,-0.05862,0.284677,0.337592,-0.016106,0.301458,0.268913,-0.061455,0.306778,0.353852,-0.070377,0.304571,0.416999,-0.062671,0.242074,0.347243,-0.019526,0.259405,0.30063,-0.069995,0.268605,0.391635,-0.061612,0.267541,0.450805,-0.039438,0.194961,0.363221,-0.024345,0.21317,0.311435,-0.057459,0.229035,0.368301,-0.048102,0.231074,0.412298,-0.031125
144,4800,True,0.9953,0.9953,0.250454,0.564252,0.0,0.309971,0.543604,-0.02935,0.361117,0.460818,-0.04061,0.382364,0.380394,-0.051556,0.414414,0.330083,-0.062008,0.343382,0.348714,-0.018617,0.372244,0.26253,-0.043694,0.38527,0.203706,-0.055998,0.39298,0.149894,-0.063553,0.301412,0.341097,-0.018836,0.319418,0.272925,-0.06661,0.323195,0.357989,-0.076113,0.320088,0.4219,-0.068083,0.25763,0.347671,-0.022516,0.277144,0.306188,-0.074943,0.284586,0.399545,-0.066798,0.282667,0.459637,-0.044055,0.210005,0.36193,-0.027717,0.231281,0.317977,-0.062532,0.246347,0.376929,-0.053973,0.248248,0.42028,-0.036956
145,4833,True,0.996,0.996,0.258302,0.569312,0.0,0.318139,0.54815,-0.029857,0.37039,0.468545,-0.042014,0.394211,0.390487,-0.053796,0.426296,0.338953,-0.065086,0.352198,0.353825,-0.020171,0.380907,0.267646,-0.045347,0.396657,0.209623,-0.057508,0.408315,0.157173,-0.064994,0.311162,0.345536,-0.020621,0.333155,0.279159,-0.069077,0.335762,0.364182,-0.078979,0.331048,0.429097,-0.071406,0.26785,0.352113,-0.024595,0.289216,0.311206,-0.077685,0.296133,0.403394,-0.070477,0.29414,0.464029,-0.048527,0.220761,0.366629,-0.030106,0.243039,0.323261,-0.065476,0.259033,0.381017,-0.058044,0.261467,0.424315,-0.042053
146,4866,True,0.9951,0.9951,0.264517,0.574691,0.0,0.323408,0.552118,-0.030635,0.374724,0.469986,-0.042855,0.401774,0.391085,-0.054556,0.435865,0.336586,-0.065686,0.357389,0.360609,-0.019835,0.387603,0.275049,-0.044575,0.403954,0.217464,-0.056468,0.41626,0.165037,-0.063942,0.317732,0.352329,-0.019839,0.338779,0.286345,-0.067497,0.341189,0.368601,-0.077171,0.337217,0.43256,-0.069977,0.274892,0.358556,-0.023567,0.295314,0.314983,-0.076037,0.302368,0.406516,-0.068662,0.301004,0.467578,-0.047018,0.228526,0.372583,-0.029001,0.248973,0.32709,-0.064638,0.266001,0.384688,-0.05769,0.270104,0.42962,-0.042168
147,4900,True,0.995,0.995,0.267405,0.577039,0.0,0.324687,0.556249,-0.031328,0.377096,0.475833,-0.044362,0.407435,0.399543,-0.056813,0.441868,0.344741,-0.068515,0.361244,0.363383,-0.021127,0.393097,0.276779,-0.046192,0.409468,0.219535,-0.058094,0.421444,0.166877,-0.065559,0.321689,0.355049,-0.021094,0.34447,0.292999,-0.069315,0.345472,0.376974,-0.078844,0.340823,0.439826,-0.071543,0.278646,0.361175,-0.024834,0.300784,0.319939,-0.078022,0.306922,0.412999,-0.070131,0.305167,0.473222,-0.048066,0.232283,0.375172,-0.030311,0.254413,0.331054,-0.066759,0.270349,0.390734,-0.05933,0.273543,0.436182,-0.043233
148,4933,True,0.9954,0.9954,0.268163,0.584243,0.0,0.325184,0.562706,-0.031251,0.378384,0.480194,-0.044006,0.40909,0.40399,-0.056089,0.443941,0.349204,-0.067222,0.360824,0.366372,-0.020319,0.393678,0.282167,-0.046214,0.411563,0.226529,-0.058381,0.424986,0.174326,-0.065954,0.321316,0.356933,-0.020293,0.349226,0.297953,-0.06962,0.348215,0.386689,-0.078399,0.341352,0.450155,-0.070037,0.278389,0.362515,-0.024305,0.30364,0.324825,-0.07906,0.308712,0.419986,-0.070738,0.30639,0.478892,-0.047757,0.23234,0.37668,-0.029979,0.257318,0.336143,-0.067847,0.272909,0.398643,-0.060549,0.275533,0.443732,-0.044105
149,4966,True,0.9956,0.9956,0.267593,0.585244,0.0,0.324804,0.562894,-0.032012,0.378555,0.481852,-0.045478,0.409572,0.405467,-0.05822,0.444877,0.350497,-0.070018,0.36098,0.369453,-0.020997,0.393731,0.284584,-0.047097,0.410771,0.229059,-0.059283,0.423391,0.176748,-0.066772,0.321993,0.360647,-0.020709,0.34915,0.30086,-0.070333,0.34821,0.388741,-0.079331,0.341794,0.451772,-0.07106,0.279463,0.366291,-0.024492,0.304506,0.327757,-0.079458,0.309176,0.422524,-0.071081,0.306813,0.481736,-0.04796,0.233274,0.379789,-0.030007,0.258267,0.339086,-0.06772,0.273298,0.401608,-0.06016,0.275355,0.447122,-0.043488
150,5000,True,0.9953,0.9953,0.267811,0.587998,0.0,0.324492,0.565036,-0.031567,0.378438,0.482571,-0.044723,0.409535,0.406703,-0.057221,0.445982,0.353074,-0.068642,0.36061,0.370494,-0.01998,0.39341,0.286804,-0.046137,0.410731,0.231672,-0.058263,0.423198,0.178923,-0.065827,0.321288,0.361477,-0.020068,0.348889,0.302751,-0.069834,0.348523,0.392572,-0.078535,0.342146,0.454451,-0.070037,0.278603,0.367189,-0.024301,0.304092,0.330501,-0.08003,0.309236,0.427164,-0.07117,0.306855,0.485208,-0.047518,0.232547,0.381136,-0.03021,0.258097,0.340654,-0.068419,0.273466,0.404272,-0.060431,0.275291,0.44883,-0.043378
151,5033,True,0.9957,0.9957,0.268146,0.589346,0.0,0.324954,0.566616,-0.032469,0.378825,0.485971,-0.04627,0.409797,0.410587,-0.059231,0.445004,0.355509,-0.071135,0.360687,0.372721,-0.021391,0.393429,0.289034,-0.047903,0.410427,0.233424,-0.060337,0.422754,0.180422,-0.068056,0.32154,0.363912,-0.021123,0.348641,0.304816,-0.071327,0.348406,0.393671,-0.080449,0.34236,0.456167,-0.072152,0.278841,0.369706,-0.024988,0.304143,0.332267,-0.080825,0.309543,0.428262,-0.072314,0.307515,0.486893,-0.048881,0.232718,0.383582,-0.030599,0.258249,0.343616,-0.069012,0.273398,0.407088,-0.06138,0.275282,0.45186,-0.044519
152,5066,True,0.996,0.996,0.271298,0.591816,0.0,0.328186,0.568853,-0.03151,0.382025,0.48852,-0.045223,0.413058,0.414088,-0.058385,0.448076,0.358981,-0.070604,0.362739,0.373503,-0.02063,0.39594,0.291125,-0.047112,0.412862,0.2358,-0.059829,0.425767,0.183368,-0.067728,0.323522,0.36451,-0.020772,0.351979,0.30896,-0.070381,0.349859,0.398679,-0.07907,0.342593,0.46104,-0.070692,0.280569,0.370872,-0.024989,0.307436,0.334808,-0.080067,0.310982,0.430714,-0.070879,0.307552,0.489258,-0.047271,0.234083,0.386211,-0.030936,0.259747,0.346185,-0.068986,0.27486,0.409591,-0.06088,0.276883,0.455285,-0.043723
153,5100,True,0.9953,0.9953,0.279886,0.597582,0.0,0.340449,0.57242,-0.030006,0.397195,0.496019,-0.043927,0.425237,0.422995,-0.058014,0.459768,0.368478,-0.0711,0.372606,0.379126,-0.016348,0.405303,0.301763,-0.043738,0.425127,0.250273,-0.058057,0.441296,0.202104,-0.066649,0.334067,0.369473,-0.016942,0.370302,0.320063,-0.067041,0.366981,0.408899,-0.077272,0.354288,0.469015,-0.069538,0.293483,0.374058,-0.021826,0.32741,0.345751,-0.076118,0.328894,0.437421,-0.068311,0.321512,0.492043,-0.045564,0.248596,0.387682,-0.028385,0.280673,0.356375,-0.064833,0.294903,0.417266,-0.057201,0.294175,0.458858,-0.040433
154,5133,True,0.9955,0.9955,0.29019,0.597519,0.0,0.351285,0.569756,-0.025074,0.405871,0.493475,-0.036744,0.435604,0.423364,-0.049728,0.470036,0.37171,-0.062286,0.381388,0.381074,-0.011608,0.415701,0.307283,-0.036187,0.437356,0.258655,-0.049551,0.455619,0.212887,-0.057667,0.344792,0.372132,-0.013891,0.381207,0.323849,-0.059202,0.379411,0.405416,-0.068901,0.367739,0.464372,-0.062485,0.305553,0.376556,-0.020051,0.340616,0.34635,-0.069256,0.342561,0.433041,-0.061751,0.334531,0.489498,-0.041042,0.260997,0.389734,-0.027694,0.293789,0.356298,-0.060231,0.307618,0.413554,-0.052243,0.305942,0.457143,-0.036526
155,5166,True,0.996,0.996,0.300584,0.590364,0.0,0.362897,0.565419,-0.02648,0.419179,0.491195,-0.039126,0.447287,0.420237,-0.052775,0.485993,0.372714,-0.065962,0.393329,0.37903,-0.011559,0.427781,0.308902,-0.037104,0.451232,0.262781,-0.051319,0.470929,0.219526,-0.059873,0.356954,0.370492,-0.013056,0.394207,0.325407,-0.058661,0.390441,0.407311,-0.068276,0.376658,0.463344,-0.061784,0.31832,0.375,-0.0187,0.354846,0.346119,-0.068568,0.353705,0.431632,-0.060895,0.34245,0.4847,-0.039915,0.273334,0.388067,-0.02588,0.307158,0.356006,-0.058989,0.3192,0.41458,-0.050933,0.315405,0.457341,-0.035015
156,5200,True,0.9964,0.9964,0.311468,0.582257,0.0,0.374237,0.559965,-0.025503,0.43014,0.487028,-0.037497,0.458514,0.416739,-0.05075,0.497414,0.367885,-0.063734,0.405554,0.376152,-0.008698,0.439773,0.307884,-0.032816,0.464043,0.262006,-0.046853,0.48372,0.21927,-0.055633,0.370966,0.367395,-0.01018,0.407007,0.323273,-0.053536,0.40311,0.402299,-0.063578,0.38894,0.457667,-0.058288,0.333251,0.371454,-0.015791,0.369047,0.338581,-0.063679,0.369035,0.42193,-0.056316,0.35816,0.476333,-0.036455,0.288039,0.384104,-0.022943,0.320976,0.350529,-0.055713,0.33454,0.408475,-0.048493,0.332204,0.45243,-0.033532
157,5233,True,0.9972,0.9972,0.324309,0.575413,0.0,0.384235,0.554048,-0.024877,0.440383,0.482669,-0.036972,0.469918,0.41416,-0.050444,0.505864,0.363848,-0.063531,0.412525,0.3705,-0.009046,0.44767,0.301675,-0.033659,0.474226,0.257134,-0.048246,0.495971,0.215999,-0.057366,0.379486,0.362022,-0.010794,0.420297,0.32197,-0.054199,0.415771,0.401279,-0.064227,0.398696,0.454866,-0.0594,0.343374,0.365672,-0.016691,0.38296,0.332422,-0.064774,0.382237,0.416069,-0.057258,0.369091,0.469363,-0.0377,0.299932,0.37753,-0.024047,0.337056,0.345217,-0.057746,0.349394,0.403643,-0.05081,0.344193,0.446507,-0.036164
158,5266,True,0.9963,0.9963,0.335153,0.573015,0.0,0.393865,0.547148,-0.023562,0.446754,0.473554,-0.03542,0.479304,0.407401,-0.049072,0.51764,0.3606,-0.062184,0.421993,0.366037,-0.007531,0.457143,0.298037,-0.032173,0.48302,0.253084,-0.046738,0.504673,0.211199,-0.055885,0.389425,0.356481,-0.010212,0.431419,0.318273,-0.053838,0.427969,0.39978,-0.062888,0.412629,0.457056,-0.057168,0.353654,0.359057,-0.017233,0.395234,0.328175,-0.064379,0.395121,0.41187,-0.055958,0.383127,0.467457,-0.035887,0.311041,0.370883,-0.025903,0.34956,0.340724,-0.058549,0.36212,0.398129,-0.05142,0.357617,0.441663,-0.036823
159,5300,True,0.9968,0.9968,0.345122,0.575264,0.0,0.40338,0.549645,-0.023414,0.457554,0.476442,-0.035997,0.489587,0.409644,-0.050412,0.52751,0.362401,-0.064322,0.428501,0.361083,-0.00886,0.463581,0.29545,-0.033818,0.489663,0.250939,-0.048441,0.512102,0.209306,-0.057583,0.395317,0.350986,-0.011701,0.440636,0.320214,-0.055005,0.437185,0.4033,-0.063494,0.421732,0.461705,-0.057421,0.360054,0.354415,-0.018825,0.405952,0.333202,-0.065652,0.404531,0.417308,-0.05722,0.391462,0.472881,-0.037183,0.31936,0.36822,-0.027636,0.361452,0.34419,-0.060172,0.373726,0.402781,-0.053189,0.368778,0.447515,-0.03856
160,5333,True,0.9965,0.9965,0.350681,0.587028,0.0,0.408676,0.560451,-0.022287,0.465204,0.48689,-0.034487,0.499597,0.421868,-0.048948,0.539173,0.376419,-0.063123,0.437426,0.372004,-0.006656,0.469056,0.305573,-0.031601,0.493892,0.260516,-0.046272,0.5168,0.219775,-0.055159,0.403619,0.362593,-0.010284,0.451948,0.323291,-0.054872,0.454808,0.399239,-0.065859,0.446367,0.456462,-0.060344,0.367528,0.365447,-0.017924,0.417443,0.340612,-0.067428,0.416898,0.425299,-0.061689,0.406166,0.483266,-0.041806,0.326056,0.378874,-0.026853,0.370675,0.356277,-0.061368,0.382114,0.416761,-0.055611,0.377412,0.463537,-0.040842
161,5366,True,0.9968,0.9968,0.355589,0.606645,0.0,0.415264,0.585496,-0.025061,0.475291,0.518808,-0.040667,0.511829,0.458273,-0.058142,0.545825,0.407869,-0.075526,0.446537,0.39236,-0.012608,0.480935,0.324117,-0.039479,0.507337,0.276847,-0.055866,0.530133,0.234952,-0.065963,0.410201,0.38293,-0.016404,0.459292,0.341962,-0.061538,0.468294,0.413454,-0.075201,0.461686,0.466613,-0.072373,0.371058,0.386794,-0.023948,0.423917,0.364695,-0.074063,0.424876,0.449565,-0.069776,0.41119,0.502177,-0.051902,0.327826,0.401832,-0.032789,0.37387,0.383962,-0.067985,0.387374,0.44733,-0.062031,0.381821,0.4917,-0.047584
162,5400,True,0.9957,0.9957,0.34991,0.634152,0.0,0.412726,0.613845,-0.028849,0.474164,0.548493,-0.047242,0.514706,0.490231,-0.067078,0.556729,0.444257,-0.086421,0.449478,0.417793,-0.012425,0.48658,0.358461,-0.043901,0.51804,0.317527,-0.064967,0.544174,0.281843,-0.077905,0.412956,0.405785,-0.01535,0.465362,0.378822,-0.064586,0.466614,0.457445,-0.079599,0.453699,0.508051,-0.077041,0.373528,0.407915,-0.023102,0.426684,0.392282,-0.075561,0.424522,0.480918,-0.069596,0.41054,0.534251,-0.050078,0.328775,0.42259,-0.032878,0.375662,0.413974,-0.068967,0.386457,0.47882,-0.062462,0.38097,0.519752,-0.047344
163,5433,True,0.9956,0.9956,0.345594,0.66424,0.0,0.409123,0.640321,-0.02332,0.472455,0.578543,-0.039847,0.514923,0.524449,-0.058624,0.557966,0.480313,-0.076994,0.453454,0.445066,-0.009346,0.497268,0.397728,-0.04047,0.530576,0.360411,-0.061561,0.557523,0.325253,-0.074855,0.415541,0.429197,-0.014913,0.471884,0.419835,-0.061866,0.469622,0.508267,-0.074881,0.452833,0.561753,-0.071807,0.37508,0.430839,-0.024926,0.429218,0.433624,-0.073865,0.42573,0.521634,-0.065699,0.410703,0.570338,-0.046152,0.329794,0.446734,-0.036769,0.377007,0.449066,-0.069383,0.386538,0.513233,-0.060826,0.379551,0.550059,-0.045173
164,5466,True,0.9962,0.9962,0.338073,0.693591,0.0,0.404079,0.673958,-0.022219,0.469791,0.612121,-0.03874,0.514138,0.561172,-0.057112,0.560586,0.521988,-0.075482,0.455349,0.469622,-0.01343,0.504202,0.433513,-0.042709,0.540626,0.399769,-0.063759,0.568689,0.368316,-0.077768,0.415071,0.448701,-0.018628,0.465929,0.467015,-0.060649,0.45888,0.55454,-0.071574,0.439964,0.604821,-0.069809,0.371618,0.452526,-0.027732,0.423872,0.472913,-0.071883,0.419927,0.558174,-0.062244,0.405165,0.606532,-0.044554,0.325245,0.473486,-0.038778,0.371317,0.48584,-0.070144,0.378649,0.551175,-0.061434,0.371136,0.589346,-0.0467
165,5500,True,0.9938,0.9938,0.325374,0.721366,0.0,0.396249,0.696876,-0.0195,0.461857,0.637327,-0.035972,0.507528,0.589445,-0.054788,0.55706,0.555081,-0.073645,0.438654,0.495737,-0.013151,0.488515,0.467425,-0.043934,0.531195,0.443998,-0.066342,0.56593,0.425634,-0.080583,0.399178,0.473007,-0.019096,0.453306,0.508154,-0.059805,0.445845,0.594939,-0.06914,0.426519,0.646465,-0.067295,0.357526,0.478459,-0.029167,0.412453,0.516328,-0.07117,0.408667,0.596409,-0.061471,0.394807,0.644573,-0.044698,0.315489,0.501973,-0.041274,0.363194,0.523947,-0.07088,0.371486,0.586209,-0.062762,0.365468,0.62537,-0.048949
166,5533,True,0.993,0.993,0.312898,0.745462,0.0,0.389632,0.719219,-0.022729,0.455552,0.663477,-0.040635,0.498898,0.619144,-0.059899,0.547833,0.586947,-0.078975,0.429459,0.5197,-0.014355,0.475242,0.511448,-0.04708,0.514036,0.505357,-0.072208,0.547329,0.5,-0.088014,0.391033,0.495721,-0.018478,0.444501,0.542193,-0.058221,0.431813,0.626719,-0.068756,0.411066,0.671977,-0.067887,0.348928,0.500501,-0.027052,0.401401,0.550116,-0.069102,0.390414,0.629188,-0.060768,0.374081,0.672008,-0.04446,0.306206,0.522628,-0.037843,0.348751,0.549889,-0.067171,0.353961,0.612717,-0.058565,0.348205,0.649695,-0.043893
167,5566,True,0.997,0.997,0.305362,0.762624,0.0,0.376928,0.745515,-0.020553,0.444892,0.689537,-0.036851,0.488369,0.646849,-0.054363,0.538652,0.61901,-0.072134,0.41633,0.539964,-0.012556,0.461141,0.541889,-0.044272,0.497428,0.545269,-0.068575,0.530445,0.547569,-0.084,0.377592,0.519175,-0.017614,0.434503,0.562644,-0.055327,0.423692,0.648492,-0.06479,0.405469,0.692708,-0.063755,0.33514,0.526969,-0.026916,0.389866,0.570611,-0.068691,0.381941,0.653757,-0.060429,0.367368,0.696793,-0.044593,0.292301,0.553513,-0.03796,0.334995,0.579075,-0.067899,0.342429,0.64249,-0.059864,0.337291,0.677332,-0.046052
168,5600,True,0.9976,0.9976,0.294331,0.772475,0.0,0.358133,0.758677,-0.022606,0.42395,0.708235,-0.040876,0.470823,0.665822,-0.059657,0.519879,0.636855,-0.078873,0.393844,0.554334,-0.017696,0.443245,0.558302,-0.047565,0.480195,0.56496,-0.069838,0.514261,0.571486,-0.08374,0.354145,0.533865,-0.021268,0.410794,0.579409,-0.054466,0.402972,0.657027,-0.06271,0.389427,0.693783,-0.062135,0.313233,0.542878,-0.028674,0.366684,0.589909,-0.064297,0.360574,0.664209,-0.056301,0.34872,0.700997,-0.042534,0.274256,0.571327,-0.038177,0.314386,0.599962,-0.062161,0.320141,0.656922,-0.053456,0.314371,0.688088,-0.040426
169,5633,True,0.9968,0.9968,0.268083,0.783118,0.0,0.334114,0.76988,-0.014505,0.405739,0.714338,-0.02715,0.456073,0.673116,-0.041994,0.501752,0.64295,-0.057495,0.373419,0.566639,-0.006138,0.419432,0.566484,-0.029066,0.45325,0.573294,-0.047977,0.485242,0.579449,-0.060381,0.336352,0.546318,-0.012822,0.390927,0.586819,-0.040134,0.384313,0.65916,-0.049918,0.370076,0.694623,-0.050936,0.297595,0.551378,-0.022367,0.351766,0.598674,-0.051991,0.344315,0.6698,-0.046012,0.33032,0.702804,-0.034389,0.258374,0.572893,-0.03356,0.305842,0.603633,-0.05102,0.310858,0.661565,-0.040873,0.303729,0.693156,-0.027678
170,5666,True,0.9985,0.9985,0.250687,0.787416,0.0,0.31365,0.773103,-0.013275,0.385909,0.716067,-0.024803,0.434653,0.676299,-0.038511,0.476855,0.646719,-0.052973,0.351023,0.566556,-0.006491,0.391162,0.561612,-0.030533,0.424816,0.571018,-0.050428,0.457904,0.58226,-0.062877,0.312656,0.54743,-0.013396,0.364147,0.587431,-0.040786,0.358135,0.663163,-0.050356,0.345555,0.703902,-0.05138,0.272637,0.554352,-0.023159,0.32455,0.600939,-0.05334,0.318726,0.67579,-0.047212,0.306612,0.71527,-0.035516,0.232202,0.577695,-0.034454,0.279259,0.609665,-0.053127,0.284779,0.673137,-0.043186,0.278775,0.710475,-0.029969
171,5700,True,0.9982,0.9982,0.225084,0.79204,0.0,0.287915,0.771058,-0.012813,0.356464,0.71209,-0.025257,0.403704,0.670095,-0.040045,0.448218,0.642001,-0.055132,0.319631,0.561467,-0.007413,0.366725,0.557239,-0.03176,0.404692,0.567412,-0.051683,0.440826,0.578754,-0.064379,0.281553,0.542649,-0.014717,0.33529,0.588367,-0.042802,0.328607,0.664992,-0.052564,0.315319,0.706193,-0.05372,0.242515,0.55085,-0.024719,0.295617,0.602451,-0.056358,0.291983,0.677321,-0.051701,0.28128,0.717504,-0.040425,0.203563,0.575805,-0.036153,0.252597,0.606301,-0.056775,0.263773,0.669608,-0.048339,0.261365,0.709466,-0.035449
172,5733,True,0.9986,0.9986,0.205929,0.788449,0.0,0.267149,0.768214,-0.014203,0.334644,0.708285,-0.027005,0.381067,0.663664,-0.041309,0.423217,0.633545,-0.055679,0.300725,0.554369,-0.007646,0.33922,0.549091,-0.030123,0.37102,0.555204,-0.048727,0.401912,0.563608,-0.060583,0.261781,0.533253,-0.013384,0.305408,0.577202,-0.037727,0.29824,0.650804,-0.046573,0.286655,0.689975,-0.047971,0.220517,0.539678,-0.021881,0.264835,0.589467,-0.050821,0.26254,0.660498,-0.047279,0.254105,0.698649,-0.038035,0.178956,0.562719,-0.031828,0.221341,0.592954,-0.051866,0.232772,0.654847,-0.044729,0.231519,0.693671,-0.033262
173,5766,True,0.9981,0.9981,0.192156,0.778897,0.0,0.251995,0.756631,-0.016344,0.317088,0.691401,-0.02948,0.362576,0.644108,-0.043663,0.4026,0.611267,-0.057733,0.286703,0.548245,-0.005663,0.31045,0.536283,-0.027419,0.335452,0.533522,-0.043474,0.360817,0.536448,-0.0529,0.244604,0.528864,-0.010092,0.279394,0.552875,-0.035885,0.27584,0.632471,-0.041454,0.267304,0.671192,-0.038628,0.200248,0.534534,-0.017982,0.233377,0.56705,-0.048864,0.236536,0.641184,-0.041601,0.23053,0.677015,-0.028533,0.15463,0.555437,-0.027285,0.184964,0.571838,-0.047476,0.197285,0.632477,-0.037691,0.194849,0.664958,-0.024164
174,5800,True,0.9978,0.9978,0.179539,0.75866,0.0,0.238916,0.73532,-0.018821,0.299159,0.669164,-0.031385,0.338873,0.617891,-0.04464,0.381397,0.588603,-0.057545,0.278667,0.533649,-0.006634,0.299813,0.512785,-0.027794,0.317893,0.494667,-0.041851,0.333472,0.47881,-0.050754,0.233061,0.514536,-0.010152,0.261794,0.517367,-0.039861,0.260904,0.597861,-0.045256,0.253599,0.636701,-0.040799,0.1856,0.51819,-0.017314,0.209544,0.540505,-0.052745,0.216277,0.619032,-0.045314,0.213561,0.655857,-0.030387,0.136447,0.537429,-0.025823,0.157711,0.54972,-0.04901,0.172952,0.610676,-0.040394,0.174843,0.64255,-0.027073
175,5833,True,0.9984,0.9984,0.173758,0.728605,0.0,0.228713,0.711862,-0.024959,0.287665,0.651345,-0.038198,0.32019,0.594187,-0.050604,0.355519,0.553411,-0.062479,0.270709,0.5143,-0.013806,0.290968,0.479286,-0.036082,0.304739,0.445188,-0.04985,0.31862,0.412565,-0.059049,0.222568,0.489471,-0.014553,0.246739,0.489149,-0.049227,0.242902,0.579782,-0.05518,0.235691,0.629709,-0.049408,0.172516,0.493149,-0.018823,0.193395,0.513142,-0.060149,0.198441,0.601232,-0.051473,0.196834,0.645281,-0.03361,0.120596,0.513961,-0.024576,0.137727,0.525401,-0.052566,0.153155,0.58915,-0.043886,0.156105,0.621856,-0.029096
176,5866,True,0.9981,0.9981,0.171352,0.697587,0.0,0.225739,0.683545,-0.028882,0.283039,0.62363,-0.044237,0.31048,0.564973,-0.058016,0.341041,0.518678,-0.071725,0.26373,0.488364,-0.023749,0.285042,0.43943,-0.049699,0.29748,0.395246,-0.065686,0.308177,0.35255,-0.07653,0.214129,0.466963,-0.023086,0.234414,0.456583,-0.062381,0.236844,0.547191,-0.069156,0.232881,0.600295,-0.063823,0.163252,0.473079,-0.025875,0.179148,0.478667,-0.069933,0.189113,0.567493,-0.0601,0.189896,0.615359,-0.041346,0.110557,0.496309,-0.030444,0.124722,0.495673,-0.061157,0.143204,0.558437,-0.052499,0.148456,0.5931,-0.037516
177,5900,True,0.9962,0.9962,0.169249,0.671889,0.0,0.224234,0.660635,-0.033556,0.279782,0.594368,-0.049748,0.304491,0.526749,-0.063326,0.33528,0.475391,-0.076817,0.261345,0.462968,-0.028208,0.282049,0.399805,-0.055535,0.291964,0.348133,-0.071343,0.299126,0.300191,-0.081717,0.211316,0.445085,-0.025248,0.22581,0.422865,-0.070021,0.231145,0.513962,-0.077462,0.230337,0.57562,-0.070458,0.160524,0.451219,-0.026073,0.172,0.447132,-0.073417,0.183019,0.537866,-0.063416,0.186466,0.592655,-0.042867,0.108784,0.473666,-0.029091,0.120485,0.466565,-0.062613,0.137637,0.531684,-0.054939,0.14384,0.570519,-0.039424
178,5933,True,0.9978,0.9978,0.168429,0.654896,0.0,0.223541,0.64421,-0.036206,0.279582,0.575466,-0.053927,0.303262,0.504291,-0.069086,0.335213,0.451224,-0.084126,0.257504,0.445844,-0.029524,0.280124,0.370408,-0.057901,0.289367,0.315039,-0.073111,0.294869,0.263899,-0.082958,0.209434,0.435221,-0.02662,0.22618,0.387666,-0.074339,0.231259,0.478054,-0.082544,0.228672,0.539359,-0.075056,0.16002,0.44476,-0.027738,0.173117,0.416267,-0.080344,0.185497,0.50921,-0.071435,0.1877,0.564465,-0.04996,0.107883,0.46694,-0.030712,0.121231,0.439768,-0.068646,0.141163,0.505915,-0.061454,0.147182,0.546974,-0.045495
179,5966,True,0.9975,0.9975,0.169482,0.64643,0.0,0.22525,0.633525,-0.037681,0.281718,0.558896,-0.054965,0.305355,0.483302,-0.0696,0.338673,0.427929,-0.083789,0.258114,0.429653,-0.029832,0.280814,0.350103,-0.058673,0.287997,0.292693,-0.073701,0.293033,0.238773,-0.083421,0.210483,0.420793,-0.026717,0.225658,0.371102,-0.078088,0.231925,0.463264,-0.08802,0.232755,0.528842,-0.08061,0.16158,0.4304,-0.027796,0.174804,0.401957,-0.083369,0.188802,0.496469,-0.076179,0.193546,0.554891,-0.054697,0.110048,0.451335,-0.03086,0.12501,0.421327,-0.069804,0.144244,0.485974,-0.063708,0.150513,0.527286,-0.048214
180,6000,True,0.997,0.997,0.169269,0.646778,0.0,0.227434,0.633109,-0.039157,0.283611,0.555199,-0.056278,0.307034,0.477024,-0.070706,0.340151,0.419369,-0.084319,0.261931,0.423986,-0.028357,0.284081,0.34235,-0.057549,0.288598,0.284416,-0.072375,0.290922,0.230193,-0.08167,0.213996,0.415796,-0.024801,0.229801,0.360235,-0.078698,0.23343,0.454295,-0.089326,0.233946,0.523157,-0.081011,0.164239,0.425229,-0.025665,0.178257,0.392525,-0.08477,0.189619,0.492866,-0.077361,0.194509,0.55619,-0.05383,0.112182,0.44526,-0.028514,0.128059,0.411695,-0.070099,0.146401,0.480712,-0.063627,0.153165,0.52636,-0.046677
181,6033,True,0.9965,0.9965,0.171396,0.653625,0.0,0.229179,0.636695,-0.037618,0.284976,0.55546,-0.053603,0.308107,0.476715,-0.067225,0.340814,0.418845,-0.079858,0.262056,0.423016,-0.025868,0.284949,0.341639,-0.054653,0.290342,0.283531,-0.069162,0.293135,0.229559,-0.078202,0.214884,0.415262,-0.022916,0.231737,0.357584,-0.075203,0.235874,0.45127,-0.085085,0.236417,0.520317,-0.07666,0.165923,0.425357,-0.024455,0.181989,0.393364,-0.082312,0.19377,0.493484,-0.074623,0.198323,0.556193,-0.05123,0.114705,0.446097,-0.027987,0.133535,0.41285,-0.068557,0.152755,0.482376,-0.062146,0.15989,0.528442,-0.045574
182,6066,True,0.9953,0.9953,0.171919,0.658956,0.0,0.232017,0.640994,-0.037892,0.286864,0.560517,-0.054085,0.309295,0.481173,-0.068146,0.343096,0.423855,-0.081172,0.264316,0.428869,-0.025092,0.287127,0.34627,-0.053479,0.292893,0.288393,-0.067808,0.296156,0.235014,-0.076653,0.2176,0.422168,-0.022095,0.234157,0.364011,-0.074042,0.238412,0.454344,-0.084332,0.238978,0.52243,-0.076198,0.168987,0.432719,-0.023664,0.184722,0.401421,-0.081346,0.195992,0.500023,-0.074282,0.200649,0.562483,-0.051239,0.118514,0.452844,-0.027267,0.137495,0.420678,-0.066844,0.155315,0.487836,-0.060404,0.161404,0.532293,-0.04403
183,6100,True,0.9957,0.9957,0.175743,0.66743,0.0,0.23523,0.648005,-0.036639,0.289282,0.570187,-0.053377,0.311754,0.494,-0.068451,0.344011,0.437285,-0.082569,0.265658,0.434873,-0.024236,0.288607,0.355274,-0.051878,0.294999,0.298187,-0.066432,0.299345,0.2456,-0.075743,0.218706,0.42835,-0.022397,0.236386,0.37388,-0.073236,0.243237,0.462155,-0.084233,0.24572,0.529737,-0.077254,0.170236,0.440059,-0.024902,0.187232,0.411349,-0.08154,0.199571,0.507906,-0.075009,0.204705,0.570249,-0.052993,0.120448,0.462326,-0.029371,0.140146,0.431197,-0.068479,0.158712,0.498826,-0.061937,0.165168,0.545048,-0.045729
184,6133,True,0.9959,0.9959,0.175079,0.676102,0.0,0.23588,0.657743,-0.037603,0.290799,0.57966,-0.055079,0.312811,0.502839,-0.070706,0.347628,0.44766,-0.085347,0.26767,0.44415,-0.025636,0.29125,0.366087,-0.054135,0.297872,0.309303,-0.069217,0.302727,0.25735,-0.078858,0.220136,0.43686,-0.023408,0.238909,0.385412,-0.075453,0.245229,0.473406,-0.086453,0.247288,0.541511,-0.079198,0.171494,0.447748,-0.025664,0.189827,0.42123,-0.082733,0.201325,0.5176,-0.076026,0.206032,0.580451,-0.053765,0.121759,0.469851,-0.03007,0.142822,0.442171,-0.069528,0.160784,0.509939,-0.063444,0.166945,0.555922,-0.047425
185,6166,True,0.9956,0.9956,0.176321,0.684171,0.0,0.23729,0.666392,-0.037626,0.293233,0.589447,-0.055255,0.31752,0.512914,-0.070877,0.353139,0.458001,-0.085554,0.269246,0.452525,-0.026686,0.293419,0.37485,-0.054832,0.301096,0.317987,-0.069887,0.306069,0.265689,-0.079686,0.222393,0.44463,-0.024234,0.241172,0.393035,-0.075234,0.249185,0.479908,-0.086179,0.25123,0.546562,-0.079487,0.174455,0.45479,-0.026132,0.192172,0.427478,-0.08159,0.204653,0.522422,-0.07481,0.208993,0.584419,-0.053283,0.125415,0.476242,-0.030282,0.145793,0.44817,-0.068659,0.163821,0.514413,-0.062656,0.169474,0.559542,-0.04717
186,6200,True,0.9957,0.9957,0.182786,0.68964,0.0,0.242237,0.667881,-0.034321,0.297934,0.590884,-0.050752,0.32265,0.516917,-0.065848,0.358462,0.466175,-0.079871,0.274823,0.456396,-0.023655,0.299307,0.379298,-0.051086,0.308101,0.325243,-0.065856,0.313312,0.27542,-0.075259,0.228572,0.448129,-0.022313,0.248216,0.40015,-0.070924,0.256107,0.489274,-0.080978,0.256857,0.553607,-0.074244,0.181054,0.45775,-0.025156,0.200263,0.434285,-0.078275,0.212508,0.528983,-0.071104,0.215369,0.588206,-0.050004,0.131763,0.478672,-0.029986,0.154048,0.4538,-0.065736,0.171095,0.516788,-0.058781,0.174658,0.557362,-0.043211
187,6233,True,0.9949,0.9949,0.192171,0.693443,0.0,0.252278,0.668512,-0.029726,0.306158,0.588778,-0.043712,0.33283,0.51742,-0.057162,0.368596,0.469735,-0.069374,0.28268,0.459711,-0.018382,0.306745,0.385637,-0.043932,0.316938,0.334712,-0.057211,0.323561,0.287237,-0.06579,0.237245,0.451099,-0.018573,0.261389,0.403771,-0.065236,0.270389,0.495482,-0.074272,0.268407,0.557798,-0.067033,0.190799,0.460411,-0.022649,0.214478,0.439862,-0.073718,0.226319,0.533223,-0.066221,0.225545,0.587532,-0.045343,0.142664,0.481426,-0.028346,0.169901,0.460155,-0.061881,0.187037,0.521019,-0.054575,0.187363,0.557003,-0.039325
188,6266,True,0.9933,0.9933,0.204048,0.694365,-0.0,0.26538,0.670198,-0.026529,0.32348,0.591015,-0.039073,0.352439,0.520805,-0.052004,0.38887,0.475988,-0.064181,0.295677,0.463308,-0.015923,0.321614,0.390734,-0.04033,0.332758,0.341687,-0.053646,0.340385,0.295094,-0.062248,0.251092,0.453616,-0.016866,0.279766,0.414134,-0.061137,0.285719,0.502138,-0.070272,0.279285,0.559333,-0.064053,0.206354,0.46064,-0.021296,0.235238,0.442577,-0.069363,0.244354,0.533236,-0.061824,0.239693,0.586267,-0.042047,0.159264,0.479495,-0.02728,0.191946,0.457725,-0.059568,0.208048,0.519101,-0.052142,0.206461,0.558052,-0.037065
189,6300,True,0.9944,0.9944,0.221578,0.692802,0.0,0.281309,0.669806,-0.023968,0.340536,0.591203,-0.03619,0.372477,0.525982,-0.049299,0.40772,0.48189,-0.061816,0.312962,0.461527,-0.015609,0.341101,0.391547,-0.040753,0.355033,0.345376,-0.054923,0.365313,0.301251,-0.063961,0.268995,0.451797,-0.017967,0.304614,0.421406,-0.061388,0.309804,0.508435,-0.070563,0.301653,0.560728,-0.065241,0.224743,0.459459,-0.023578,0.258912,0.446169,-0.071079,0.267032,0.537048,-0.063206,0.260779,0.587372,-0.043996,0.178534,0.479019,-0.030541,0.214587,0.460237,-0.063537,0.229965,0.524514,-0.055723,0.226615,0.564375,-0.040482
190,6333,True,0.9955,0.9955,0.241482,0.693756,0.0,0.300551,0.668534,-0.024254,0.359416,0.594578,-0.037656,0.392763,0.5314,-0.051954,0.426397,0.484731,-0.065514,0.33438,0.463774,-0.017413,0.367695,0.396753,-0.043424,0.381668,0.350556,-0.057949,0.391013,0.304097,-0.067287,0.29099,0.451847,-0.020079,0.327754,0.423473,-0.063062,0.332373,0.511693,-0.071227,0.32438,0.564771,-0.065647,0.247058,0.457849,-0.026137,0.284965,0.448166,-0.072821,0.292263,0.53738,-0.064138,0.285282,0.58729,-0.04483,0.200889,0.476653,-0.033708,0.241099,0.461365,-0.066124,0.25608,0.525055,-0.057971,0.25219,0.564894,-0.042681
191,6366,True,0.994,0.994,0.263067,0.688715,0.0,0.325171,0.663752,-0.021227,0.382489,0.587409,-0.033096,0.414877,0.522044,-0.047005,0.453094,0.478749,-0.060636,0.35402,0.458744,-0.011925,0.383617,0.392551,-0.035681,0.398649,0.346451,-0.049335,0.411596,0.30238,-0.058084,0.312217,0.447207,-0.015363,0.352838,0.422563,-0.056378,0.357561,0.503571,-0.064982,0.349344,0.558651,-0.059867,0.270257,0.453644,-0.022076,0.311844,0.446414,-0.06665,0.317733,0.531904,-0.058778,0.310544,0.585994,-0.040235,0.225603,0.472895,-0.030233,0.267138,0.459464,-0.060968,0.28171,0.521884,-0.05347,0.278695,0.565018,-0.038863
192,6400,True,0.9934,0.9934,0.278985,0.683988,0.0,0.34069,0.662435,-0.022452,0.400999,0.589029,-0.035835,0.438961,0.524373,-0.051011,0.477845,0.476918,-0.065746,0.369778,0.460589,-0.011708,0.402045,0.39286,-0.03712,0.42298,0.348928,-0.052129,0.44042,0.306936,-0.061799,0.331411,0.449207,-0.015529,0.37749,0.420752,-0.059317,0.378944,0.507864,-0.068511,0.365858,0.562584,-0.06312,0.291919,0.45343,-0.023057,0.336524,0.437153,-0.069882,0.340669,0.52518,-0.061162,0.330946,0.577404,-0.041475,0.248633,0.469879,-0.031995,0.29139,0.451855,-0.064099,0.306154,0.515475,-0.055815,0.302681,0.558097,-0.040356
193,6433,True,0.996,0.996,0.318365,0.662292,0.0,0.37709,0.642135,-0.024696,0.438678,0.570947,-0.04128,0.479451,0.506862,-0.059281,0.523283,0.459615,-0.077158,0.407547,0.441388,-0.015935,0.4378,0.364106,-0.04618,0.465159,0.314653,-0.065546,0.488883,0.270703,-0.07767,0.370939,0.430132,-0.019445,0.425176,0.402371,-0.065108,0.430441,0.485466,-0.074887,0.417652,0.539283,-0.070112,0.333131,0.436743,-0.027207,0.385537,0.42058,-0.073494,0.392168,0.503648,-0.06431,0.383229,0.554305,-0.045163,0.291665,0.456049,-0.036859,0.338444,0.441753,-0.067886,0.353375,0.502801,-0.059352,0.349393,0.542105,-0.04421
194,6466,True,0.9943,0.9943,0.33769,0.651604,0.0,0.399746,0.632863,-0.030337,0.461503,0.563205,-0.049286,0.498736,0.496149,-0.068514,0.541968,0.444644,-0.087278,0.428029,0.42872,-0.019725,0.459048,0.352609,-0.049259,0.483396,0.303427,-0.067546,0.504816,0.259837,-0.07904,0.389986,0.419456,-0.020375,0.438875,0.392752,-0.065455,0.443972,0.476249,-0.075924,0.433364,0.530418,-0.072178,0.351377,0.426529,-0.025526,0.3975,0.411733,-0.073285,0.40226,0.497644,-0.064699,0.393453,0.549184,-0.04582,0.309306,0.445251,-0.032725,0.349599,0.422759,-0.064964,0.363111,0.485911,-0.056054,0.358906,0.528533,-0.04059
195,6500,True,0.995,0.995,0.363659,0.637649,0.0,0.424497,0.612713,-0.027735,0.482736,0.54399,-0.045988,0.517546,0.478549,-0.065607,0.558791,0.427544,-0.084944,0.446286,0.41366,-0.016864,0.479772,0.335326,-0.044949,0.504321,0.285184,-0.06178,0.524971,0.240139,-0.072077,0.408532,0.40559,-0.018807,0.457327,0.37307,-0.063337,0.465483,0.450584,-0.074451,0.455769,0.505183,-0.070702,0.369912,0.412409,-0.024882,0.420502,0.398237,-0.07258,0.424587,0.481842,-0.065729,0.413348,0.533876,-0.047452,0.327556,0.430659,-0.032733,0.373071,0.411876,-0.064881,0.386909,0.47422,-0.05699,0.380894,0.51718,-0.041959
196,6533,True,0.9942,0.9942,0.382174,0.624801,0.0,0.441518,0.598818,-0.02591,0.49828,0.524323,-0.042065,0.534794,0.456963,-0.060243,0.57697,0.406269,-0.078064,0.466746,0.39924,-0.012488,0.499239,0.321978,-0.039716,0.522245,0.270222,-0.055439,0.540936,0.222055,-0.065214,0.427967,0.390821,-0.015812,0.475981,0.352005,-0.06244,0.483528,0.428841,-0.074084,0.473916,0.483434,-0.069416,0.388568,0.395512,-0.023266,0.442739,0.379589,-0.07415,0.445866,0.468694,-0.066944,0.433531,0.523275,-0.046739,0.34589,0.411778,-0.032361,0.39483,0.393903,-0.066396,0.407342,0.459033,-0.058343,0.400082,0.501986,-0.042434
197,6566,True,0.9954,0.9954,0.395614,0.606092,0.0,0.453984,0.583652,-0.027269,0.510842,0.511554,-0.045168,0.54763,0.444201,-0.064241,0.590101,0.39402,-0.082592,0.478129,0.382268,-0.019624,0.514822,0.301174,-0.047486,0.538617,0.247097,-0.063547,0.556573,0.196311,-0.074087,0.43994,0.372648,-0.02225,0.492926,0.342526,-0.068297,0.498,0.426111,-0.077282,0.483649,0.483,-0.071933,0.402151,0.378138,-0.028837,0.456387,0.363388,-0.076188,0.460764,0.447536,-0.065946,0.448212,0.498777,-0.045893,0.361424,0.395844,-0.037514,0.410429,0.380067,-0.069056,0.424181,0.442796,-0.059825,0.417501,0.484753,-0.044271
198,6600,True,0.995,0.995,0.421339,0.575749,0.0,0.487442,0.55324,-0.024342,0.544476,0.481008,-0.039745,0.576805,0.409682,-0.057244,0.619913,0.3615,-0.074312,0.513628,0.347203,-0.013397,0.547846,0.268827,-0.040334,0.570036,0.213597,-0.056622,0.58812,0.162769,-0.06727,0.474827,0.33691,-0.016176,0.526508,0.31106,-0.06329,0.526491,0.397823,-0.072841,0.511403,0.459719,-0.06653,0.437284,0.343011,-0.022882,0.489908,0.326875,-0.071057,0.492386,0.41058,-0.061855,0.481689,0.467531,-0.041048,0.396341,0.362135,-0.031338,0.444959,0.342912,-0.064483,0.45725,0.404066,-0.056677,0.453257,0.449933,-0.040795
199,6633,True,0.9967,0.9967,0.435349,0.568055,0.0,0.50041,0.543947,-0.02435,0.556575,0.470051,-0.040496,0.587129,0.399253,-0.058815,0.631314,0.353198,-0.076798,0.522943,0.333856,-0.013954,0.558355,0.255626,-0.041043,0.582212,0.200561,-0.058211,0.600855,0.149939,-0.069992,0.486005,0.325723,-0.017438,0.537752,0.291871,-0.063712,0.541197,0.378569,-0.074376,0.524727,0.439644,-0.070298,0.448723,0.33323,-0.024722,0.501921,0.305074,-0.073524,0.506699,0.392106,-0.064566,0.492707,0.450674,-0.044746,0.406802,0.353497,-0.033692,0.456818,0.328266,-0.068733,0.472344,0.390852,-0.061837,0.465759,0.438686,-0.047265
200,6666,True,0.9962,0.9962,0.442434,0.562005,0.0,0.510061,0.539422,-0.018145,0.567575,0.459831,-0.029925,0.602986,0.38972,-0.045109,0.645623,0.342684,-0.060567,0.537704,0.328105,-0.009247,0.570928,0.245105,-0.033001,0.593137,0.188048,-0.047663,0.610912,0.135352,-0.058005,0.501618,0.318454,-0.014952,0.553234,0.287071,-0.059106,0.554083,0.375676,-0.068118,0.536518,0.439108,-0.062946,0.463602,0.324776,-0.023755,0.517158,0.29424,-0.070629,0.520335,0.38399,-0.06051,0.506169,0.446927,-0.040051,0.420972,0.343142,-0.033769,0.470731,0.314336,-0.06807,0.48549,0.37741,-0.060363,0.479597,0.428606,-0.045078
201,6700,True,0.9959,0.9959,0.45003,0.56095,-0.0,0.51987,0.536416,-0.015351,0.578645,0.454713,-0.025056,0.614107,0.38506,-0.038547,0.656502,0.341641,-0.052234,0.551922,0.316212,-0.006493,0.58562,0.237852,-0.028975,0.605861,0.181985,-0.04267,0.622952,0.129438,-0.05246,0.51475,0.304465,-0.012685,0.565358,0.284454,-0.054704,0.563685,0.375543,-0.062609,0.547106,0.439387,-0.056874,0.476169,0.310968,-0.021692,0.530169,0.296964,-0.067079,0.52979,0.388302,-0.056918,0.515501,0.450977,-0.036483,0.433872,0.330495,-0.031812,0.48526,0.313247,-0.065344,0.49709,0.377761,-0.057912,0.490487,0.428233,-0.042659
202,6733,True,0.9959,0.9959,0.456313,0.570282,-0.0,0.524583,0.550349,-0.016509,0.58529,0.471441,-0.027253,0.622676,0.402393,-0.041518,0.66373,0.355255,-0.055744,0.562123,0.324416,-0.009379,0.594716,0.242082,-0.032319,0.614924,0.18475,-0.045846,0.632343,0.133344,-0.055263,0.524535,0.309666,-0.015309,0.575794,0.292171,-0.057797,0.576885,0.381353,-0.066249,0.562832,0.446011,-0.060643,0.485246,0.314369,-0.023895,0.538456,0.303571,-0.068592,0.538028,0.395078,-0.058809,0.524663,0.45837,-0.038822,0.443286,0.333309,-0.033772,0.493563,0.32631,-0.066001,0.503976,0.391432,-0.059001,0.497156,0.440128,-0.044212
203,6766,True,0.9961,0.9961,0.458146,0.589883,-0.0,0.527676,0.571812,-0.016157,0.591619,0.494051,-0.02729,0.631011,0.422246,-0.04181,0.671889,0.374507,-0.056154,0.569729,0.333585,-0.009579,0.606423,0.261327,-0.032098,0.628855,0.206871,-0.046561,0.649715,0.156935,-0.0572,0.531564,0.313272,-0.016062,0.585277,0.312484,-0.056025,0.586244,0.400332,-0.064512,0.573322,0.463089,-0.060174,0.49103,0.316345,-0.025064,0.546336,0.32123,-0.066437,0.544967,0.411031,-0.056005,0.53128,0.472444,-0.037141,0.448121,0.335634,-0.035774,0.498882,0.342202,-0.064837,0.508694,0.408702,-0.057031,0.502138,0.456273,-0.04255
204,6800,True,0.9981,0.9981,0.465221,0.613978,-0.0,0.535011,0.593754,-0.013756,0.597436,0.517244,-0.025064,0.637933,0.449184,-0.040046,0.682148,0.406174,-0.055026,0.576631,0.34399,-0.008819,0.620534,0.285872,-0.032904,0.645526,0.235395,-0.049225,0.667648,0.18704,-0.061249,0.536156,0.319479,-0.017229,0.598723,0.332679,-0.055855,0.599375,0.422779,-0.063573,0.58496,0.481921,-0.059469,0.494105,0.323029,-0.028135,0.557854,0.351611,-0.06859,0.554022,0.442165,-0.057988,0.537534,0.498853,-0.039752,0.451057,0.345013,-0.040801,0.506829,0.373195,-0.068042,0.513741,0.443283,-0.059777,0.504518,0.488383,-0.045721
205,6833,True,0.9945,0.9945,0.464383,0.643124,-0.0,0.53855,0.609083,-0.005841,0.599694,0.537662,-0.014869,0.643013,0.480519,-0.029698,0.68608,0.439914,-0.045508,0.581305,0.378583,-0.00354,0.630785,0.327555,-0.027502,0.658962,0.282477,-0.044587,0.681813,0.235704,-0.0572,0.542967,0.357178,-0.015209,0.59618,0.381577,-0.052838,0.589975,0.474454,-0.060984,0.573781,0.533513,-0.058002,0.501598,0.362455,-0.028917,0.557366,0.39202,-0.067747,0.553389,0.4813,-0.056908,0.539289,0.540385,-0.039107,0.457499,0.385625,-0.043738,0.505708,0.405139,-0.070765,0.513418,0.471401,-0.062085,0.507558,0.518415,-0.04769
206,6866,True,0.995,0.995,0.460689,0.688715,-0.0,0.534898,0.651836,-0.007109,0.597411,0.576965,-0.016108,0.645242,0.521479,-0.031708,0.69195,0.481756,-0.048075,0.58313,0.446864,0.001612,0.634848,0.390505,-0.025296,0.670685,0.352605,-0.04312,0.699437,0.314541,-0.055259,0.544784,0.429458,-0.011528,0.60068,0.422737,-0.057086,0.591607,0.516095,-0.067875,0.571516,0.574599,-0.064189,0.501127,0.428506,-0.027826,0.559685,0.42679,-0.07726,0.554679,0.522346,-0.06796,0.537477,0.579411,-0.048118,0.451573,0.442361,-0.044551,0.504792,0.441275,-0.080047,0.511368,0.51273,-0.071814,0.500876,0.557608,-0.056312
207,6899,True,0.9953,0.9953,0.456015,0.718818,-0.0,0.52864,0.692108,-0.010722,0.59461,0.61933,-0.020532,0.641474,0.56254,-0.034825,0.690239,0.52695,-0.049124,0.583982,0.470064,-0.00044,0.63837,0.43949,-0.026702,0.676613,0.418613,-0.045118,0.707723,0.399697,-0.056978,0.546089,0.443914,-0.0098,0.604416,0.464125,-0.048352,0.593731,0.554027,-0.057526,0.572664,0.607363,-0.054548,0.503209,0.441036,-0.022481,0.561854,0.468997,-0.065654,0.551549,0.559222,-0.057126,0.532566,0.610979,-0.039581,0.45488,0.455184,-0.036195,0.505038,0.479722,-0.067184,0.510498,0.551272,-0.059722,0.501819,0.594738,-0.04546
208,6933,True,0.9973,0.9973,0.446644,0.778626,-0.0,0.521959,0.749982,-0.008232,0.591654,0.681,-0.020338,0.640758,0.629735,-0.037296,0.694864,0.594687,-0.05455,0.565296,0.520865,-0.001978,0.626477,0.509688,-0.031927,0.670311,0.504042,-0.053719,0.709108,0.498202,-0.067881,0.527197,0.495651,-0.014863,0.598945,0.537028,-0.056633,0.585504,0.627677,-0.067355,0.561902,0.675942,-0.064791,0.48621,0.499455,-0.030873,0.557745,0.553513,-0.075128,0.546432,0.641901,-0.067404,0.526144,0.683542,-0.049911,0.443464,0.521363,-0.047872,0.50445,0.559921,-0.076997,0.509247,0.631129,-0.067901,0.498035,0.668919,-0.052519
209,6966,True,0.9975,0.9975,0.440745,0.790311,0.0,0.520509,0.763732,-0.006476,0.592069,0.696342,-0.017712,0.643208,0.651148,-0.03425,0.696881,0.622003,-0.051846,0.558966,0.543149,-0.002075,0.621017,0.535045,-0.030541,0.665197,0.533864,-0.051644,0.705886,0.530957,-0.065439,0.521709,0.520091,-0.015216,0.597485,0.561809,-0.056204,0.583161,0.651626,-0.067275,0.557417,0.701109,-0.064938,0.481403,0.524721,-0.030988,0.555452,0.576355,-0.074224,0.541279,0.6652,-0.067194,0.518874,0.708996,-0.050016,0.439944,0.546531,-0.047568,0.500223,0.585959,-0.076028,0.506899,0.654135,-0.067826,0.498629,0.691271,-0.052994
210,7000,True,0.9979,0.9979,0.43601,0.795721,0.0,0.513794,0.775857,-0.009689,0.588401,0.711285,-0.022395,0.63997,0.665092,-0.039482,0.693995,0.634481,-0.057551,0.554391,0.551659,-0.004523,0.621378,0.545069,-0.034998,0.667246,0.53804,-0.057888,0.70817,0.528043,-0.073018,0.518048,0.528557,-0.016825,0.597237,0.572308,-0.061009,0.581432,0.661068,-0.073393,0.553194,0.704997,-0.071132,0.479784,0.534488,-0.032039,0.555158,0.590136,-0.077726,0.539958,0.678145,-0.071036,0.515384,0.71542,-0.05362,0.44054,0.558265,-0.048193,0.503442,0.597141,-0.078744,0.507683,0.667312,-0.07066,0.496073,0.702345,-0.055475
211,7033,True,0.9984,0.9984,0.434506,0.796552,0.0,0.513002,0.77647,-0.007945,0.588176,0.710634,-0.019366,0.638757,0.66465,-0.035245,0.692266,0.633106,-0.052011,0.550734,0.550388,-0.002465,0.618642,0.546697,-0.032258,0.664702,0.53971,-0.054255,0.705766,0.530165,-0.068876,0.514642,0.526068,-0.015295,0.595074,0.573175,-0.058412,0.579917,0.664579,-0.069396,0.553182,0.70849,-0.066546,0.477014,0.532154,-0.031058,0.553578,0.58988,-0.076685,0.537857,0.678717,-0.069666,0.512679,0.714563,-0.052328,0.438431,0.556354,-0.047564,0.503145,0.596287,-0.07853,0.506296,0.667042,-0.070777,0.492686,0.700314,-0.056091
212,7066,True,0.9983,0.9983,0.433746,0.791711,0.0,0.511542,0.774193,-0.008311,0.588128,0.707447,-0.019256,0.63619,0.659689,-0.034538,0.689448,0.627692,-0.050892,0.548602,0.549169,-0.002482,0.613508,0.541727,-0.030949,0.659244,0.53684,-0.052018,0.700121,0.529706,-0.066099,0.512359,0.525543,-0.014718,0.59241,0.57013,-0.056166,0.575735,0.660247,-0.06691,0.546974,0.700916,-0.064455,0.474967,0.5311,-0.029807,0.551659,0.583967,-0.075351,0.53608,0.671981,-0.06918,0.510357,0.706982,-0.05267,0.435437,0.553232,-0.045433,0.501878,0.587987,-0.07726,0.506859,0.660642,-0.069814,0.494183,0.696362,-0.055358
213,7100,True,0.999,0.999,0.4357,0.78267,0.0,0.509788,0.763538,-0.007559,0.584032,0.696893,-0.01846,0.630712,0.647559,-0.03381,0.682138,0.614289,-0.050144,0.551265,0.542369,-0.000861,0.613863,0.532433,-0.027713,0.65976,0.524221,-0.0472,0.699299,0.513245,-0.060394,0.512484,0.517723,-0.013459,0.589528,0.553825,-0.051854,0.576818,0.644301,-0.061576,0.550247,0.681705,-0.059142,0.473797,0.523407,-0.028795,0.548839,0.571535,-0.072873,0.537228,0.659282,-0.066583,0.512391,0.690864,-0.050591,0.433558,0.546323,-0.044475,0.498656,0.580503,-0.075157,0.505369,0.652229,-0.067222,0.491714,0.685068,-0.052953
214,7133,True,0.9993,0.9993,0.437587,0.766654,0.0,0.509674,0.749664,-0.009362,0.58239,0.682027,-0.019976,0.626654,0.630352,-0.034592,0.677172,0.596207,-0.04994,0.554401,0.529516,-0.000341,0.612183,0.510738,-0.027296,0.657031,0.499306,-0.046543,0.694762,0.48536,-0.059259,0.514471,0.50469,-0.012078,0.587714,0.532571,-0.051868,0.578255,0.624484,-0.062537,0.552811,0.664085,-0.059871,0.473398,0.509353,-0.026731,0.545774,0.552948,-0.073055,0.535942,0.643802,-0.067587,0.511289,0.676906,-0.051064,0.430594,0.531635,-0.041653,0.493745,0.565188,-0.073839,0.501201,0.63869,-0.066161,0.48771,0.672082,-0.051461
215,7166,True,0.9992,0.9992,0.439693,0.749588,0.0,0.511415,0.731537,-0.011332,0.581152,0.663791,-0.022247,0.624476,0.611774,-0.03698,0.673915,0.575349,-0.052344,0.552246,0.515813,-0.00375,0.610099,0.485968,-0.031154,0.65219,0.464091,-0.049322,0.687249,0.439389,-0.06108,0.512426,0.493341,-0.014576,0.585412,0.512009,-0.056121,0.576904,0.601565,-0.066185,0.5525,0.642702,-0.062447,0.47114,0.498675,-0.028411,0.541921,0.536922,-0.075962,0.531936,0.627786,-0.069655,0.508796,0.663128,-0.052025,0.428445,0.520709,-0.042644,0.488989,0.549637,-0.075586,0.495753,0.622612,-0.067933,0.482929,0.656905,-0.053016
216,7200,True,0.9988,0.9988,0.433529,0.735648,0.0,0.505759,0.718397,-0.013331,0.576923,0.646038,-0.022873,0.617191,0.588072,-0.035659,0.663527,0.553066,-0.048822,0.550083,0.506173,-0.007064,0.608733,0.467068,-0.034107,0.648156,0.438205,-0.050756,0.681717,0.408113,-0.061394,0.508834,0.484728,-0.016401,0.579311,0.497524,-0.060773,0.568961,0.587077,-0.069089,0.545209,0.637836,-0.063002,0.466271,0.488058,-0.028987,0.53301,0.520505,-0.077403,0.52179,0.6119,-0.069193,0.500942,0.656334,-0.049725,0.421891,0.508986,-0.042449,0.479784,0.534049,-0.076752,0.485693,0.607105,-0.070061,0.476401,0.646087,-0.05543
217,7233,True,0.9979,0.9979,0.423126,0.722905,0.0,0.494665,0.699859,-0.015357,0.562723,0.625876,-0.027182,0.605608,0.569895,-0.041773,0.652398,0.532797,-0.056478,0.540935,0.491855,-0.013686,0.59786,0.448791,-0.042006,0.634238,0.418743,-0.058771,0.666841,0.388811,-0.069419,0.498116,0.471127,-0.022496,0.5672,0.480842,-0.068416,0.557016,0.569669,-0.076319,0.535818,0.625265,-0.069988,0.453221,0.474029,-0.034563,0.517964,0.50456,-0.083412,0.508451,0.594556,-0.074224,0.490849,0.641918,-0.054232,0.407248,0.494156,-0.047671,0.463645,0.51369,-0.081928,0.470307,0.583974,-0.074372,0.461826,0.622994,-0.059236
218,7266,True,0.9982,0.9982,0.407969,0.714434,0.0,0.479442,0.689887,-0.016064,0.548258,0.615572,-0.027808,0.589357,0.555098,-0.042347,0.635443,0.513847,-0.05688,0.526874,0.478299,-0.010519,0.578929,0.436264,-0.038528,0.614001,0.40194,-0.055665,0.645195,0.369827,-0.066656,0.482698,0.455699,-0.018383,0.542632,0.463915,-0.063399,0.534055,0.553438,-0.071353,0.515946,0.61327,-0.065674,0.437864,0.457794,-0.030023,0.49881,0.487353,-0.077475,0.491378,0.575259,-0.068282,0.476107,0.626181,-0.049279,0.391914,0.47827,-0.04302,0.446253,0.501391,-0.075694,0.452011,0.569635,-0.069227,0.443801,0.608353,-0.055791
219,7300,True,0.9985,0.9985,0.394231,0.710621,0.0,0.460438,0.688527,-0.021483,0.531639,0.612257,-0.035185,0.572052,0.546732,-0.050771,0.614458,0.497621,-0.066194,0.500962,0.470753,-0.013534,0.547143,0.423023,-0.043787,0.580118,0.386202,-0.062452,0.609626,0.351699,-0.074085,0.45694,0.451997,-0.019289,0.518193,0.444652,-0.065786,0.514813,0.537026,-0.074663,0.499305,0.596701,-0.069252,0.412836,0.456935,-0.029317,0.472095,0.467003,-0.079892,0.470742,0.560278,-0.070493,0.457393,0.614875,-0.050259,0.367607,0.479197,-0.040857,0.422158,0.483216,-0.076926,0.43151,0.552495,-0.06997,0.421697,0.594871,-0.055381
220,7333,True,0.9976,0.9976,0.37564,0.700825,0.0,0.439153,0.675489,-0.024167,0.507092,0.59222,-0.039468,0.549383,0.527407,-0.056721,0.591754,0.478818,-0.073753,0.471098,0.459506,-0.013908,0.511619,0.400601,-0.046172,0.547038,0.358271,-0.066514,0.577494,0.32408,-0.078533,0.427495,0.446882,-0.018965,0.482769,0.432977,-0.068213,0.48305,0.526005,-0.078342,0.469781,0.588301,-0.073041,0.38413,0.454701,-0.028891,0.439103,0.457151,-0.080744,0.442656,0.550138,-0.071669,0.432763,0.60809,-0.051197,0.340326,0.478604,-0.040773,0.392395,0.47685,-0.077699,0.405932,0.543889,-0.071335,0.400273,0.587409,-0.056794
221,7366,True,0.9969,0.9969,0.354858,0.702292,0.0,0.417537,0.671563,-0.022068,0.48359,0.584631,-0.035152,0.52431,0.516061,-0.050272,0.56074,0.462001,-0.065238,0.450424,0.460146,-0.011699,0.485833,0.396621,-0.041647,0.51275,0.347898,-0.060328,0.534103,0.305613,-0.071546,0.406314,0.449036,-0.016727,0.453634,0.423563,-0.06297,0.458807,0.516693,-0.072557,0.45035,0.578696,-0.067423,0.36254,0.45623,-0.026168,0.411915,0.446202,-0.076357,0.420213,0.539273,-0.067127,0.413723,0.59915,-0.046913,0.317667,0.478185,-0.037228,0.366793,0.463136,-0.073976,0.382779,0.532679,-0.066929,0.380043,0.582565,-0.051898
222,7399,True,0.9969,0.9969,0.337347,0.710156,0.0,0.397835,0.674551,-0.023235,0.457286,0.582787,-0.035382,0.495538,0.510808,-0.04875,0.534202,0.455828,-0.061522,0.427369,0.458877,-0.008529,0.454755,0.401512,-0.036488,0.475464,0.37111,-0.053839,0.49026,0.348672,-0.063883,0.381625,0.451356,-0.011958,0.420454,0.420443,-0.054937,0.431818,0.507726,-0.065869,0.428125,0.563285,-0.062495,0.33575,0.461747,-0.019984,0.37597,0.447117,-0.069057,0.389571,0.539096,-0.063469,0.386721,0.594564,-0.046161,0.289236,0.486529,-0.029265,0.32833,0.469192,-0.065502,0.348748,0.53773,-0.060316,0.350335,0.582989,-0.047003
223,7433,True,0.9976,0.9976,0.324446,0.711861,0.0,0.381082,0.682322,-0.024088,0.443381,0.588074,-0.034825,0.478065,0.512756,-0.046293,0.512181,0.457116,-0.057618,0.403406,0.459212,-0.009957,0.430776,0.402121,-0.036056,0.449571,0.360695,-0.051445,0.465498,0.321717,-0.061182,0.356562,0.451855,-0.013121,0.395683,0.420097,-0.057566,0.407953,0.515039,-0.066695,0.405709,0.574427,-0.060672,0.311143,0.465552,-0.020519,0.349748,0.454369,-0.071834,0.364984,0.551614,-0.064461,0.362466,0.606157,-0.044571,0.265144,0.494433,-0.029057,0.301411,0.478111,-0.065643,0.322953,0.547826,-0.058967,0.324143,0.590757,-0.04416
224,7466,True,0.9983,0.9983,0.316098,0.721983,0.0,0.37268,0.690791,-0.028126,0.43303,0.604384,-0.042917,0.464754,0.530362,-0.057448,0.496642,0.471388,-0.071436,0.388961,0.464834,-0.0148,0.414086,0.416882,-0.043335,0.431564,0.380496,-0.060425,0.447669,0.347246,-0.07066,0.341037,0.456091,-0.016783,0.384025,0.432983,-0.062091,0.393373,0.528042,-0.070912,0.38928,0.586758,-0.064081,0.294635,0.472117,-0.023324,0.333646,0.469636,-0.075321,0.34709,0.566772,-0.067779,0.345998,0.620846,-0.047058,0.248825,0.505081,-0.031342,0.280537,0.496584,-0.067668,0.30281,0.562946,-0.060604,0.306538,0.60284,-0.044928
225,7500,True,0.998,0.998,0.312292,0.734982,-0.0,0.371504,0.702071,-0.027295,0.428545,0.617339,-0.042569,0.459224,0.546629,-0.057427,0.49339,0.491517,-0.071262,0.387623,0.473581,-0.014295,0.409903,0.440868,-0.043659,0.426951,0.411441,-0.062845,0.443759,0.384656,-0.074423,0.339216,0.461813,-0.016316,0.380169,0.456389,-0.061485,0.387783,0.55007,-0.071756,0.383618,0.608976,-0.066012,0.291848,0.476853,-0.022874,0.329021,0.492111,-0.073785,0.343043,0.588071,-0.067871,0.34531,0.641601,-0.04834,0.246148,0.510201,-0.031087,0.27634,0.516452,-0.066417,0.30045,0.580499,-0.060743,0.309347,0.617115,-0.045909
226,7533,True,0.997,0.997,0.311443,0.750426,-0.0,0.376502,0.713729,-0.022544,0.431272,0.628362,-0.036854,0.467912,0.560022,-0.05183,0.511062,0.515795,-0.061883,0.387379,0.47697,-0.009927,0.421212,0.482918,-0.048086,0.423293,0.569794,-0.068993,0.414883,0.621858,-0.07614,0.342104,0.470853,-0.012938,0.387028,0.482822,-0.049111,0.391136,0.578466,-0.055299,0.382973,0.6297,-0.049843,0.297402,0.485737,-0.021779,0.341518,0.511194,-0.060572,0.351422,0.604584,-0.053175,0.348025,0.654261,-0.036351,0.255232,0.517142,-0.032695,0.29404,0.533689,-0.056678,0.313311,0.599114,-0.048551,0.317355,0.636387,-0.033741
227,7566,True,0.9988,0.9988,0.322908,0.753495,-0.0,0.387467,0.724506,-0.01611,0.446071,0.645411,-0.028688,0.484986,0.583948,-0.042658,0.523239,0.541093,-0.052362,0.396928,0.493303,-0.00721,0.438429,0.506521,-0.043383,0.435654,0.591302,-0.063719,0.422374,0.636841,-0.071377,0.354382,0.487302,-0.01315,0.409274,0.50925,-0.044235,0.410477,0.600818,-0.048167,0.399364,0.64023,-0.043924,0.312084,0.502253,-0.024218,0.366876,0.529512,-0.059317,0.373764,0.618759,-0.049495,0.36528,0.660365,-0.033707,0.272579,0.532697,-0.036705,0.317939,0.548636,-0.058273,0.333022,0.613967,-0.047503,0.331073,0.648118,-0.032384
228,7600,True,0.9991,0.9991,0.34353,0.762372,0.0,0.406337,0.736243,-0.015903,0.469546,0.661044,-0.029068,0.508959,0.607218,-0.044142,0.548422,0.569283,-0.059177,0.423309,0.513942,-0.005682,0.470217,0.498133,-0.036687,0.511095,0.482819,-0.060121,0.547764,0.467768,-0.074236,0.378968,0.499436,-0.013066,0.439399,0.517046,-0.050792,0.441127,0.607898,-0.058707,0.431458,0.656681,-0.054821,0.33515,0.511718,-0.024526,0.397092,0.54319,-0.065766,0.39879,0.632039,-0.055153,0.389039,0.676066,-0.036509,0.29401,0.542289,-0.037563,0.344326,0.559507,-0.064051,0.355936,0.625522,-0.052002,0.351754,0.661727,-0.035016
229,7633,True,0.9987,0.9987,0.355678,0.768414,0.0,0.425145,0.742299,-0.015715,0.490596,0.66811,-0.029169,0.532151,0.615669,-0.045117,0.572438,0.575246,-0.061813,0.443009,0.523324,-0.00874,0.499642,0.513856,-0.040382,0.539933,0.495297,-0.065673,0.574707,0.474185,-0.082029,0.399279,0.506113,-0.016841,0.462728,0.535586,-0.055704,0.461196,0.622518,-0.06656,0.448079,0.665327,-0.065721,0.355894,0.518735,-0.028537,0.421569,0.55907,-0.070583,0.420669,0.64592,-0.061927,0.407369,0.684741,-0.045415,0.314279,0.550733,-0.041748,0.366523,0.571066,-0.069956,0.378347,0.635491,-0.059395,0.373266,0.669711,-0.043751
230,7666,True,0.9989,0.9989,0.369905,0.771984,0.0,0.439805,0.748377,-0.015994,0.506559,0.675706,-0.028981,0.546026,0.620519,-0.044129,0.589051,0.585839,-0.060241,0.465326,0.533494,-0.012071,0.525457,0.522154,-0.044871,0.566639,0.503084,-0.069817,0.603891,0.481066,-0.085904,0.419948,0.512511,-0.020151,0.486383,0.546772,-0.063104,0.480051,0.638028,-0.073641,0.464518,0.684521,-0.071057,0.37484,0.522717,-0.031621,0.441768,0.569284,-0.077586,0.435872,0.658355,-0.069073,0.421137,0.697715,-0.051284,0.330278,0.551915,-0.04438,0.384968,0.578011,-0.075482,0.395151,0.647236,-0.065552,0.391144,0.682485,-0.049502
231,7700,True,0.9992,0.9992,0.37799,0.773951,0.0,0.447995,0.75446,-0.01775,0.515469,0.68736,-0.032579,0.556596,0.632618,-0.049106,0.603227,0.598765,-0.0664,0.47789,0.538206,-0.015197,0.543225,0.523747,-0.048975,0.586407,0.503114,-0.073858,0.624577,0.478999,-0.090024,0.432249,0.514388,-0.02314,0.503203,0.55208,-0.069445,0.493816,0.645056,-0.080851,0.474315,0.689627,-0.077993,0.387159,0.523402,-0.034425,0.456864,0.574229,-0.083577,0.44828,0.664952,-0.075976,0.430897,0.701778,-0.057888,0.342886,0.551855,-0.04695,0.399462,0.58123,-0.08089,0.409686,0.652105,-0.072052,0.406117,0.686876,-0.055987
232,7733,True,0.9992,0.9992,0.376742,0.775898,0.0,0.448255,0.758772,-0.017671,0.517252,0.689521,-0.032447,0.558523,0.634829,-0.049031,0.608038,0.599868,-0.066357,0.48232,0.539493,-0.014637,0.549645,0.524474,-0.048902,0.592534,0.503768,-0.073863,0.629716,0.478881,-0.090384,0.437568,0.515198,-0.023505,0.512484,0.553932,-0.072626,0.499014,0.649364,-0.085359,0.47301,0.692195,-0.082591,0.393016,0.523677,-0.035609,0.464222,0.574656,-0.087348,0.453044,0.667533,-0.079586,0.431038,0.700884,-0.060622,0.348147,0.550554,-0.048806,0.407691,0.580303,-0.084439,0.416659,0.653985,-0.074731,0.409236,0.687167,-0.057557
233,7766,True,0.9992,0.9992,0.375199,0.779866,0.0,0.448879,0.76287,-0.021745,0.518449,0.693856,-0.039342,0.557427,0.634946,-0.058037,0.606436,0.593841,-0.07732,0.481686,0.538994,-0.018628,0.546311,0.523953,-0.054975,0.590302,0.504844,-0.081594,0.628906,0.482324,-0.099304,0.43625,0.514279,-0.026489,0.509807,0.549889,-0.077197,0.496142,0.647795,-0.090375,0.468775,0.692017,-0.088199,0.391449,0.523266,-0.038107,0.462152,0.568566,-0.09177,0.452602,0.662417,-0.083868,0.430091,0.6967,-0.065,0.34621,0.552166,-0.051066,0.405984,0.578099,-0.089054,0.415782,0.651937,-0.080009,0.407501,0.685179,-0.063395
234,7800,True,0.9989,0.9989,0.375379,0.777103,0.0,0.446082,0.757465,-0.021366,0.514819,0.687909,-0.038148,0.554433,0.630373,-0.05611,0.601785,0.589683,-0.074605,0.478125,0.536935,-0.018129,0.540945,0.519532,-0.053695,0.58423,0.499926,-0.079216,0.623262,0.477901,-0.095829,0.432234,0.513105,-0.025246,0.503297,0.544505,-0.074756,0.491264,0.64304,-0.086487,0.467237,0.691984,-0.083404,0.386869,0.52201,-0.036173,0.455583,0.563227,-0.088781,0.447677,0.657368,-0.080173,0.428045,0.696684,-0.060874,0.341297,0.551316,-0.048452,0.398605,0.573524,-0.085513,0.408732,0.645879,-0.076588,0.401274,0.680749,-0.060251
235,7833,True,0.9991,0.9991,0.368878,0.773237,0.0,0.437423,0.748208,-0.018666,0.505903,0.678465,-0.034571,0.546797,0.624671,-0.052155,0.591595,0.584597,-0.07056,0.467908,0.532586,-0.016376,0.528249,0.51967,-0.050548,0.570363,0.498348,-0.075471,0.607583,0.474605,-0.091577,0.421598,0.511266,-0.024336,0.487043,0.53744,-0.069443,0.480834,0.631391,-0.080246,0.462599,0.679961,-0.077774,0.376377,0.521758,-0.035789,0.442236,0.56021,-0.084367,0.437959,0.652447,-0.074985,0.421946,0.693582,-0.056277,0.332203,0.55274,-0.048514,0.387467,0.573281,-0.081734,0.397835,0.642401,-0.071484,0.391092,0.676931,-0.055117
236,7866,True,0.9989,0.9989,0.355016,0.769703,0.0,0.422617,0.744807,-0.019271,0.490994,0.675425,-0.03511,0.533005,0.621202,-0.052416,0.57673,0.581111,-0.070384,0.456517,0.532179,-0.016555,0.516341,0.518387,-0.051294,0.559452,0.495808,-0.076902,0.596887,0.470979,-0.093326,0.409918,0.509338,-0.024353,0.473573,0.535417,-0.070032,0.468233,0.630326,-0.080529,0.451131,0.681456,-0.077416,0.364188,0.519051,-0.035888,0.429693,0.559696,-0.084796,0.425949,0.653429,-0.074906,0.410329,0.697156,-0.055384,0.320104,0.550116,-0.048938,0.375501,0.571057,-0.082794,0.385429,0.63993,-0.072701,0.377968,0.675234,-0.056049
237,7899,True,0.9991,0.9991,0.34911,0.769217,0.0,0.415589,0.740615,-0.018139,0.482015,0.668313,-0.033322,0.522933,0.615548,-0.049974,0.566946,0.57869,-0.067422,0.44418,0.527985,-0.015088,0.502257,0.516717,-0.049883,0.545885,0.49699,-0.075598,0.584043,0.475665,-0.091953,0.397411,0.508074,-0.023438,0.461244,0.528292,-0.068263,0.45875,0.623024,-0.078692,0.443167,0.672695,-0.075692,0.352441,0.519489,-0.035467,0.41723,0.556067,-0.084437,0.415677,0.649351,-0.07524,0.400675,0.691391,-0.056166,0.30989,0.551775,-0.048747,0.363187,0.57033,-0.082904,0.375018,0.640333,-0.073013,0.369085,0.675811,-0.056548
238,7933,True,0.9991,0.9991,0.340351,0.766328,0.0,0.405443,0.740065,-0.017912,0.4719,0.666889,-0.03217,0.513705,0.613698,-0.047837,0.558941,0.576662,-0.064216,0.434543,0.52992,-0.013601,0.490089,0.514254,-0.046844,0.532161,0.494523,-0.070944,0.569084,0.473604,-0.086133,0.387819,0.509536,-0.021469,0.449601,0.527777,-0.064308,0.447716,0.622621,-0.073329,0.432705,0.670632,-0.069557,0.342425,0.519814,-0.033088,0.406202,0.554577,-0.081142,0.404172,0.648382,-0.071456,0.388553,0.689302,-0.052165,0.298943,0.549504,-0.045884,0.35301,0.567041,-0.07946,0.363584,0.638636,-0.068936,0.355373,0.6744,-0.052063
239,7966,True,0.999,0.999,0.331974,0.766744,0.0,0.396713,0.741843,-0.020263,0.462577,0.668149,-0.035072,0.502685,0.614016,-0.05079,0.548134,0.577513,-0.066821,0.428026,0.530114,-0.013085,0.478238,0.515215,-0.047623,0.518578,0.495979,-0.07263,0.555446,0.475408,-0.088267,0.381573,0.508917,-0.020243,0.442835,0.526743,-0.064844,0.438714,0.622396,-0.075444,0.421972,0.668794,-0.071973,0.336177,0.518307,-0.031463,0.396978,0.55438,-0.081597,0.394119,0.648948,-0.072874,0.378499,0.687387,-0.053448,0.291709,0.547032,-0.043986,0.342385,0.566388,-0.078634,0.353047,0.639199,-0.068222,0.346573,0.674091,-0.050992
240,8000,True,0.9989,0.9989,0.320416,0.768249,0.0,0.38545,0.744539,-0.020931,0.452609,0.669806,-0.035554,0.493578,0.6142,-0.050979,0.539498,0.576979,-0.06647,0.415461,0.527994,-0.011546,0.464732,0.512498,-0.045663,0.504965,0.494521,-0.07035,0.541934,0.477093,-0.085563,0.370227,0.507987,-0.018031,0.43348,0.529179,-0.063356,0.42931,0.625763,-0.073795,0.412769,0.675098,-0.069612,0.325721,0.517684,-0.028868,0.387084,0.554507,-0.078959,0.384439,0.647822,-0.070372,0.369113,0.687658,-0.050724,0.28197,0.546778,-0.041183,0.333038,0.565111,-0.075942,0.344024,0.636164,-0.066249,0.338035,0.670511,-0.04928
241,8033,True,0.9988,0.9988,0.31096,0.766848,0.0,0.375891,0.742411,-0.020091,0.44177,0.667919,-0.034189,0.481508,0.612284,-0.049209,0.526594,0.576141,-0.064255,0.406872,0.526748,-0.010854,0.454601,0.509618,-0.044172,0.494326,0.492983,-0.068264,0.530923,0.477144,-0.083145,0.362098,0.506283,-0.017069,0.423486,0.527633,-0.060512,0.417785,0.623604,-0.069927,0.401223,0.670677,-0.065602,0.318113,0.515112,-0.027631,0.37759,0.552698,-0.075223,0.373189,0.643209,-0.066371,0.357489,0.680197,-0.047436,0.274901,0.542947,-0.039729,0.324227,0.563759,-0.07228,0.333105,0.632899,-0.062573,0.325925,0.664481,-0.046269
242,8066,True,0.9988,0.9988,0.302364,0.765063,0.0,0.366016,0.738811,-0.019486,0.430015,0.663853,-0.033255,0.470452,0.607298,-0.048262,0.514553,0.570254,-0.063316,0.398374,0.525301,-0.010142,0.447095,0.506131,-0.04163,0.48595,0.488257,-0.063886,0.52048,0.470978,-0.07745,0.353869,0.505839,-0.016059,0.412165,0.520545,-0.057431,0.407364,0.613301,-0.065896,0.392413,0.660732,-0.06114,0.309438,0.514042,-0.026174,0.365652,0.545907,-0.072326,0.362971,0.63574,-0.063622,0.34937,0.675668,-0.044852,0.265978,0.540803,-0.037699,0.311766,0.557026,-0.069553,0.322801,0.624025,-0.060279,0.318203,0.65735,-0.044298
243,8100,True,0.9985,0.9985,0.298433,0.75357,0.0,0.357914,0.727821,-0.025351,0.417004,0.654055,-0.044427,0.455961,0.593799,-0.064004,0.500166,0.552558,-0.083,0.382323,0.514162,-0.013466,0.419944,0.49206,-0.044661,0.454643,0.474733,-0.064739,0.482168,0.462202,-0.076135,0.338023,0.499648,-0.017238,0.392806,0.501764,-0.056746,0.390574,0.592643,-0.062791,0.37494,0.633196,-0.056343,0.294553,0.50946,-0.025907,0.348195,0.530183,-0.072427,0.349548,0.61931,-0.06289,0.336492,0.657585,-0.043558,0.251869,0.53661,-0.036208,0.294995,0.543683,-0.068428,0.308861,0.60932,-0.058532,0.303781,0.643205,-0.042206
244,8133,True,0.9981,0.9981,0.283777,0.727349,0.0,0.340675,0.702463,-0.022101,0.399921,0.627553,-0.035904,0.439834,0.569188,-0.050521,0.481521,0.530443,-0.064953,0.375246,0.507397,-0.010628,0.414193,0.467956,-0.040698,0.448035,0.437791,-0.061026,0.47414,0.410413,-0.073207,0.330202,0.493707,-0.015323,0.374476,0.471911,-0.057687,0.374815,0.55751,-0.066455,0.361713,0.603491,-0.061058,0.28501,0.500119,-0.02437,0.328695,0.505055,-0.070718,0.330682,0.591995,-0.061618,0.319155,0.631021,-0.042109,0.239261,0.52189,-0.034867,0.276272,0.520248,-0.065722,0.289492,0.583803,-0.055384,0.285625,0.615237,-0.038794
245,8166,True,0.9979,0.9979,0.26938,0.706364,0.0,0.324831,0.681396,-0.018545,0.383228,0.604688,-0.028084,0.417683,0.542167,-0.038826,0.449545,0.495575,-0.049813,0.35368,0.491416,-0.00764,0.379163,0.439875,-0.030953,0.401628,0.412828,-0.045676,0.41958,0.392287,-0.054253,0.311094,0.482251,-0.012293,0.351271,0.443864,-0.049371,0.355631,0.518266,-0.059237,0.346127,0.565315,-0.055584,0.267879,0.49071,-0.020194,0.303478,0.472401,-0.062528,0.311044,0.552968,-0.056719,0.304533,0.597019,-0.040288,0.222055,0.511126,-0.028824,0.251844,0.491259,-0.058162,0.268785,0.550106,-0.050114,0.268948,0.586741,-0.035854
246,8200,True,0.9978,0.9978,0.258025,0.679339,0.0,0.309711,0.657015,-0.026389,0.365923,0.582145,-0.039999,0.396986,0.515314,-0.053092,0.428052,0.463906,-0.066109,0.341752,0.470808,-0.018386,0.373684,0.405179,-0.044633,0.397705,0.360053,-0.059712,0.416647,0.31836,-0.069097,0.298242,0.461235,-0.02077,0.333824,0.411605,-0.064288,0.337125,0.493954,-0.07322,0.327666,0.546979,-0.067088,0.254312,0.47032,-0.026644,0.285176,0.446221,-0.07479,0.29312,0.531785,-0.065712,0.287333,0.577459,-0.045123,0.2079,0.492016,-0.033821,0.233496,0.465246,-0.066823,0.251346,0.525222,-0.057015,0.251916,0.561538,-0.040332
247,8233,True,0.9979,0.9979,0.246705,0.661155,0.0,0.300406,0.637886,-0.026746,0.355042,0.5574,-0.038141,0.381726,0.485682,-0.048966,0.412617,0.434355,-0.059603,0.330459,0.452744,-0.01822,0.364099,0.379237,-0.042611,0.386058,0.330683,-0.055453,0.402572,0.28368,-0.063435,0.287772,0.443927,-0.020074,0.319973,0.386122,-0.064426,0.324164,0.467156,-0.073077,0.317382,0.525276,-0.06587,0.244176,0.45259,-0.025182,0.272553,0.423873,-0.074143,0.281388,0.511422,-0.065479,0.278451,0.563064,-0.044054,0.197351,0.472757,-0.03161,0.220894,0.440406,-0.064543,0.238756,0.498583,-0.055002,0.241523,0.538388,-0.038081
248,8266,True,0.9979,0.9979,0.239544,0.645625,0.0,0.293729,0.622003,-0.030517,0.348232,0.540701,-0.043068,0.371603,0.465528,-0.054318,0.403325,0.411214,-0.065015,0.32167,0.433094,-0.019137,0.355095,0.356869,-0.044182,0.37732,0.306689,-0.057284,0.39321,0.25752,-0.065567,0.280142,0.425546,-0.019086,0.308893,0.364517,-0.064555,0.31306,0.447282,-0.073718,0.306032,0.505492,-0.066586,0.237009,0.434057,-0.022696,0.262779,0.401222,-0.074163,0.272239,0.49151,-0.065977,0.269208,0.544178,-0.044097,0.189497,0.452836,-0.02783,0.213491,0.420145,-0.063685,0.232806,0.48171,-0.055394,0.235557,0.522935,-0.038653
249,8300,True,0.9982,0.9982,0.233947,0.633076,0.0,0.287712,0.611575,-0.034751,0.341185,0.530371,-0.049894,0.364344,0.453069,-0.063012,0.396503,0.395905,-0.075137,0.315018,0.41664,-0.024187,0.348438,0.33618,-0.051365,0.370395,0.283567,-0.065488,0.386213,0.231947,-0.074534,0.273728,0.409426,-0.022925,0.302519,0.348956,-0.071808,0.306835,0.43675,-0.081311,0.300291,0.498726,-0.073806,0.230366,0.418392,-0.025749,0.256972,0.38539,-0.080472,0.268697,0.479266,-0.072345,0.267224,0.535377,-0.049901,0.182846,0.437781,-0.030446,0.208805,0.406011,-0.069428,0.229751,0.469641,-0.062363,0.233477,0.512524,-0.045984
250,8333,True,0.9977,0.9977,0.229619,0.627216,0.0,0.283898,0.606806,-0.0374,0.338455,0.523931,-0.053629,0.361478,0.445575,-0.067384,0.392893,0.386577,-0.079839,0.31318,0.405074,-0.026584,0.345241,0.323767,-0.054722,0.363576,0.269675,-0.06881,0.376548,0.217286,-0.077829,0.270994,0.397981,-0.024339,0.295832,0.339018,-0.076094,0.300111,0.428746,-0.086603,0.296065,0.491377,-0.079158,0.226532,0.407028,-0.02638,0.250172,0.374507,-0.08443,0.263107,0.471347,-0.077258,0.264466,0.528392,-0.054689,0.17866,0.426254,-0.030334,0.204261,0.397344,-0.072116,0.225073,0.46463,-0.066267,0.229927,0.507672,-0.050189
251,8366,True,0.9979,0.9979,0.225457,0.625235,0.0,0.281328,0.606164,-0.038086,0.335436,0.523379,-0.054432,0.358178,0.442392,-0.068243,0.390265,0.382963,-0.080946,0.311803,0.403081,-0.028288,0.343408,0.316946,-0.056682,0.359854,0.259497,-0.070472,0.371582,0.204919,-0.079166,0.269908,0.396961,-0.025758,0.292101,0.333357,-0.078973,0.297298,0.422486,-0.090071,0.295728,0.48809,-0.082548,0.225314,0.406558,-0.027354,0.245692,0.36858,-0.086799,0.258928,0.466448,-0.079905,0.262018,0.527031,-0.056883,0.177469,0.425015,-0.030772,0.200018,0.388119,-0.073006,0.220281,0.455177,-0.066752,0.2258,0.500667,-0.050116
252,8400,True,0.9971,0.9971,0.226437,0.633305,0.0,0.281625,0.609578,-0.035085,0.333968,0.523093,-0.050255,0.358297,0.44396,-0.063754,0.390917,0.386491,-0.076288,0.311883,0.404129,-0.025865,0.34303,0.317361,-0.05437,0.360484,0.259399,-0.068342,0.372528,0.205209,-0.076951,0.269659,0.39884,-0.025029,0.292447,0.334553,-0.078077,0.297676,0.425447,-0.088608,0.295535,0.491524,-0.080607,0.22479,0.409021,-0.028192,0.245194,0.368929,-0.087066,0.257684,0.467878,-0.079141,0.259545,0.529149,-0.055345,0.177217,0.428252,-0.033,0.19969,0.386589,-0.073981,0.218905,0.453549,-0.066102,0.222646,0.50001,-0.048381
253,8433,True,0.9963,0.9963,0.225803,0.640865,0.0,0.284227,0.616481,-0.035109,0.335984,0.533427,-0.050564,0.359043,0.45521,-0.064623,0.392832,0.398548,-0.077632,0.311601,0.410497,-0.024602,0.34348,0.324282,-0.052426,0.360416,0.268005,-0.065829,0.373229,0.215006,-0.074091,0.268703,0.405465,-0.023608,0.29235,0.343995,-0.075652,0.297911,0.43303,-0.085645,0.296834,0.499651,-0.077513,0.223592,0.415585,-0.026861,0.247186,0.380558,-0.084531,0.259144,0.476057,-0.077104,0.260986,0.536583,-0.054029,0.175975,0.435001,-0.031909,0.20086,0.398485,-0.071819,0.219461,0.464861,-0.064775,0.222598,0.511337,-0.048004
254,8466,True,0.9964,0.9964,0.222269,0.658637,0.0,0.28184,0.634841,-0.033101,0.33478,0.54969,-0.047501,0.358957,0.470581,-0.060991,0.394128,0.41421,-0.073571,0.313427,0.426285,-0.020762,0.345687,0.345281,-0.047915,0.362682,0.291003,-0.061503,0.375812,0.2405,-0.069996,0.269113,0.419671,-0.020675,0.293155,0.361493,-0.071971,0.298307,0.44971,-0.082101,0.297042,0.514963,-0.074072,0.222612,0.429243,-0.024764,0.246193,0.394807,-0.081665,0.255845,0.491046,-0.073827,0.256362,0.551287,-0.050615,0.173961,0.449393,-0.03053,0.197893,0.415924,-0.069853,0.215008,0.483828,-0.06226,0.217827,0.529738,-0.045034
255,8500,True,0.9964,0.9964,0.219073,0.678177,0.0,0.280185,0.650392,-0.031449,0.334686,0.567621,-0.045395,0.359426,0.490813,-0.059043,0.394635,0.435848,-0.071887,0.309728,0.446003,-0.015446,0.343014,0.37807,-0.043313,0.362378,0.330326,-0.058267,0.379397,0.285538,-0.067424,0.265893,0.437594,-0.01646,0.29332,0.380188,-0.067656,0.298318,0.466319,-0.079451,0.297238,0.531374,-0.072197,0.220397,0.445681,-0.021891,0.246043,0.414982,-0.07863,0.255529,0.508528,-0.072859,0.256392,0.566864,-0.050724,0.172683,0.465299,-0.028851,0.19751,0.435964,-0.067268,0.215061,0.502341,-0.060453,0.219196,0.547329,-0.043826
256,8533,True,0.9974,0.9974,0.22013,0.696337,0.0,0.278565,0.668011,-0.028579,0.333738,0.587455,-0.041657,0.36008,0.514967,-0.054459,0.393739,0.462739,-0.066315,0.308694,0.461843,-0.011764,0.340606,0.405885,-0.038311,0.360012,0.368324,-0.053262,0.376627,0.332595,-0.062297,0.265743,0.453795,-0.013139,0.293032,0.400433,-0.059915,0.298234,0.487295,-0.070785,0.2968,0.54942,-0.064285,0.22056,0.462677,-0.018848,0.244367,0.433171,-0.071888,0.256367,0.525569,-0.066283,0.258344,0.582825,-0.045643,0.172433,0.48428,-0.025828,0.19609,0.454861,-0.062623,0.215544,0.519737,-0.056144,0.220946,0.564503,-0.040433
257,8566,True,0.9981,0.9981,0.219584,0.713033,0.0,0.276005,0.685976,-0.027587,0.333063,0.60718,-0.041415,0.361418,0.536895,-0.055094,0.397585,0.487254,-0.067719,0.305026,0.483248,-0.010098,0.334851,0.438115,-0.037962,0.356044,0.411346,-0.054952,0.374726,0.390203,-0.064384,0.262603,0.473385,-0.011514,0.293035,0.424696,-0.057334,0.298556,0.507966,-0.068668,0.296911,0.572467,-0.0625,0.218234,0.479575,-0.017489,0.245165,0.454036,-0.069108,0.256065,0.544608,-0.064843,0.258038,0.604428,-0.045338,0.171259,0.499306,-0.024743,0.198141,0.476889,-0.061025,0.216102,0.542476,-0.055794,0.220958,0.589552,-0.040906
258,8600,True,0.9987,0.9987,0.224793,0.723241,0.0,0.279906,0.697443,-0.026436,0.337273,0.621802,-0.040364,0.365895,0.553681,-0.054092,0.402482,0.506845,-0.067013,0.306624,0.496018,-0.00948,0.332292,0.46239,-0.036823,0.352656,0.441753,-0.053808,0.372571,0.424964,-0.063348,0.262183,0.484042,-0.010868,0.293728,0.443617,-0.055178,0.300138,0.528508,-0.0658,0.299565,0.592018,-0.05939,0.217129,0.490036,-0.016727,0.2456,0.472561,-0.066347,0.257314,0.562077,-0.062555,0.259724,0.620302,-0.044033,0.170327,0.511286,-0.023827,0.19654,0.495961,-0.059123,0.216882,0.560618,-0.055138,0.224262,0.605953,-0.041501
259,8633,True,0.9986,0.9986,0.226301,0.729726,0.0,0.282828,0.708461,-0.028895,0.34039,0.633925,-0.043801,0.369944,0.566837,-0.05787,0.406879,0.5195,-0.070813,0.311074,0.508684,-0.010361,0.335694,0.477464,-0.039319,0.354305,0.457342,-0.056979,0.370785,0.445568,-0.066238,0.265583,0.494969,-0.010378,0.297067,0.458041,-0.055235,0.301891,0.541956,-0.065459,0.29881,0.603199,-0.05834,0.219302,0.500012,-0.015376,0.246907,0.486952,-0.065473,0.258096,0.575986,-0.061308,0.259733,0.63139,-0.042243,0.172014,0.520914,-0.021859,0.196238,0.506387,-0.057072,0.215518,0.569676,-0.052645,0.222432,0.611559,-0.038542
260,8666,True,0.9986,0.9986,0.229798,0.732952,0.0,0.284989,0.714302,-0.031439,0.343533,0.640275,-0.047847,0.37399,0.573283,-0.062841,0.410729,0.524906,-0.076335,0.315502,0.512486,-0.011811,0.336411,0.484381,-0.043066,0.356693,0.465059,-0.061353,0.375112,0.456992,-0.070171,0.269424,0.498038,-0.01054,0.300033,0.464595,-0.055804,0.30375,0.551083,-0.064534,0.300043,0.60875,-0.055872,0.222408,0.502766,-0.014849,0.250102,0.494555,-0.066031,0.260665,0.585946,-0.060261,0.261331,0.638579,-0.039653,0.174603,0.523574,-0.020869,0.198405,0.513296,-0.056558,0.216565,0.577409,-0.051206,0.222,0.615571,-0.036095
261,8700,True,0.9984,0.9984,0.234846,0.730788,0.0,0.288604,0.714805,-0.032581,0.347851,0.639424,-0.049452,0.377743,0.570733,-0.064446,0.41398,0.520347,-0.077917,0.315136,0.510829,-0.013113,0.337391,0.484184,-0.044319,0.360723,0.464831,-0.062448,0.382532,0.456158,-0.071097,0.270821,0.496838,-0.010824,0.304265,0.46437,-0.054604,0.307413,0.552096,-0.061533,0.302018,0.607762,-0.051977,0.22606,0.501526,-0.014291,0.25765,0.493628,-0.064199,0.266509,0.585708,-0.056724,0.263705,0.636571,-0.035326,0.179957,0.521748,-0.019594,0.208954,0.510668,-0.053681,0.225135,0.574542,-0.046797,0.225943,0.611013,-0.030973
262,8733,True,0.9985,0.9985,0.242936,0.720964,0.0,0.295514,0.703024,-0.02658,0.355683,0.622854,-0.038882,0.387438,0.55433,-0.050335,0.425073,0.506613,-0.061207,0.322487,0.506386,-0.007735,0.348082,0.472778,-0.033581,0.373463,0.447906,-0.048815,0.396268,0.425766,-0.057068,0.278179,0.493286,-0.007804,0.31506,0.452409,-0.049299,0.317815,0.543522,-0.056831,0.307795,0.600099,-0.047998,0.233405,0.498429,-0.012454,0.266136,0.481229,-0.060516,0.275528,0.576131,-0.052964,0.26922,0.626423,-0.031621,0.185974,0.518235,-0.01822,0.213449,0.501127,-0.050536,0.232041,0.565042,-0.042543,0.231841,0.601032,-0.026311
263,8766,True,0.9985,0.9985,0.250734,0.703327,0.0,0.302183,0.688046,-0.03003,0.361743,0.612913,-0.04461,0.392337,0.545021,-0.057706,0.426021,0.493881,-0.070551,0.330812,0.491576,-0.018017,0.363558,0.444315,-0.046813,0.389842,0.407261,-0.064638,0.411639,0.371937,-0.075059,0.285909,0.479148,-0.017071,0.318674,0.43894,-0.061888,0.321348,0.530994,-0.070076,0.312494,0.590398,-0.062274,0.240677,0.486412,-0.020346,0.271117,0.466113,-0.069792,0.279779,0.560793,-0.060381,0.274845,0.614631,-0.038241,0.193386,0.508939,-0.025212,0.219328,0.487028,-0.059799,0.237674,0.550589,-0.051329,0.238887,0.590158,-0.034483
264,8800,True,0.998,0.998,0.256657,0.682274,0.0,0.308231,0.667473,-0.030335,0.36637,0.593782,-0.045171,0.394748,0.526475,-0.058582,0.428429,0.476922,-0.072036,0.340625,0.477048,-0.020891,0.373184,0.418197,-0.051025,0.398979,0.374226,-0.069439,0.419896,0.332643,-0.0805,0.294853,0.465257,-0.020416,0.324098,0.420106,-0.067185,0.327696,0.510995,-0.076074,0.31956,0.568078,-0.068743,0.248701,0.473216,-0.023961,0.275934,0.448829,-0.075097,0.284726,0.542662,-0.064901,0.279781,0.593546,-0.042022,0.200238,0.495819,-0.029048,0.222365,0.467286,-0.064554,0.24031,0.530963,-0.054658,0.241481,0.569212,-0.036683
265,8833,True,0.9977,0.9977,0.259874,0.662478,0.0,0.311785,0.649293,-0.03137,0.371923,0.57585,-0.046609,0.400234,0.506308,-0.060274,0.432946,0.454514,-0.074088,0.348149,0.457987,-0.024053,0.383219,0.388075,-0.054272,0.409388,0.338704,-0.071837,0.429649,0.291612,-0.082456,0.302611,0.446205,-0.023349,0.332992,0.395397,-0.071674,0.334483,0.487243,-0.08044,0.324865,0.544334,-0.072549,0.256791,0.453193,-0.02645,0.283589,0.42371,-0.078962,0.290263,0.518523,-0.068124,0.284615,0.569816,-0.044324,0.207928,0.47395,-0.031122,0.230626,0.443494,-0.067852,0.247528,0.509212,-0.057734,0.248462,0.548921,-0.039207
266,8866,True,0.9976,0.9976,0.256327,0.643932,0.0,0.312121,0.631328,-0.035771,0.374511,0.555235,-0.052037,0.401812,0.479403,-0.066247,0.436408,0.423254,-0.079892,0.351978,0.439164,-0.025772,0.389336,0.361947,-0.056247,0.414855,0.30977,-0.072459,0.435329,0.260337,-0.082121,0.307317,0.426599,-0.023814,0.338551,0.371447,-0.076192,0.336177,0.463595,-0.08533,0.325768,0.527432,-0.076016,0.261363,0.431366,-0.02625,0.287541,0.400872,-0.082459,0.292468,0.497485,-0.07238,0.288503,0.554473,-0.047416,0.211894,0.448352,-0.030685,0.235854,0.417076,-0.06979,0.251549,0.483682,-0.061223,0.253245,0.526733,-0.042959
267,8900,True,0.9976,0.9976,0.250868,0.624195,0.0,0.306771,0.605837,-0.035247,0.3651,0.528558,-0.051044,0.394506,0.451658,-0.065111,0.429261,0.395316,-0.078509,0.348107,0.414783,-0.025504,0.387197,0.331315,-0.054286,0.411554,0.27713,-0.069557,0.431401,0.225367,-0.079077,0.305186,0.403304,-0.024473,0.333833,0.34498,-0.075959,0.332841,0.431689,-0.086546,0.325671,0.495611,-0.079136,0.259405,0.408481,-0.027533,0.285044,0.377417,-0.083395,0.290278,0.47156,-0.074471,0.287437,0.530202,-0.050964,0.209015,0.423888,-0.032608,0.232489,0.392016,-0.071667,0.248127,0.457793,-0.063217,0.25009,0.503198,-0.045323
268,8933,True,0.9971,0.9971,0.239328,0.590488,0.0,0.293075,0.567503,-0.030385,0.346412,0.478724,-0.041132,0.372361,0.395879,-0.050954,0.398667,0.336064,-0.060431,0.31917,0.369193,-0.020992,0.339014,0.270083,-0.044544,0.350018,0.203712,-0.055431,0.355507,0.145483,-0.062254,0.276389,0.367103,-0.021326,0.294625,0.297074,-0.069802,0.304141,0.384216,-0.079414,0.30263,0.451891,-0.071585,0.232151,0.379573,-0.025014,0.250303,0.33752,-0.078583,0.264502,0.429677,-0.070626,0.265733,0.490757,-0.048224,0.183648,0.398951,-0.0302,0.204217,0.35323,-0.066946,0.223249,0.414489,-0.058667,0.22725,0.461259,-0.041789
269,8966,True,0.9977,0.9977,0.229969,0.589049,0.0,0.282198,0.562561,-0.035392,0.331931,0.465977,-0.04869,0.353191,0.380002,-0.059903,0.380847,0.316061,-0.069928,0.297441,0.348447,-0.024207,0.307421,0.244785,-0.050462,0.308138,0.180104,-0.062399,0.304173,0.122345,-0.069646,0.255639,0.350275,-0.022007,0.271977,0.282882,-0.072043,0.28525,0.378089,-0.080568,0.286816,0.443292,-0.071784,0.212123,0.366836,-0.023927,0.227269,0.326541,-0.080452,0.24462,0.426254,-0.070133,0.247507,0.484683,-0.045461,0.163889,0.39113,-0.027666,0.181514,0.345501,-0.066511,0.203099,0.411563,-0.056768,0.207704,0.4563,-0.038358
270,9000,True,0.9969,0.9969,0.222909,0.596666,0.0,0.278325,0.567343,-0.039778,0.324786,0.470267,-0.056196,0.337587,0.381046,-0.069545,0.366428,0.31431,-0.081209,0.288992,0.346467,-0.02959,0.296232,0.243624,-0.058897,0.292632,0.179379,-0.072462,0.284859,0.119963,-0.080809,0.243509,0.351051,-0.026028,0.257168,0.281242,-0.07931,0.273655,0.378901,-0.087306,0.278762,0.444799,-0.077132,0.198237,0.370625,-0.02708,0.214091,0.328737,-0.086985,0.232723,0.432722,-0.075517,0.236574,0.489254,-0.048926,0.14938,0.397238,-0.030208,0.168035,0.351059,-0.070935,0.190822,0.420572,-0.06039,0.196153,0.462129,-0.040825
271,9033,True,0.9937,0.9937,0.225357,0.608501,-0.0,0.281772,0.577676,-0.036322,0.32691,0.480673,-0.052029,0.342752,0.391918,-0.066443,0.372433,0.327115,-0.079618,0.291426,0.359976,-0.023956,0.304273,0.25945,-0.052478,0.305083,0.194816,-0.065464,0.302558,0.137159,-0.073014,0.247375,0.362532,-0.022374,0.262856,0.290727,-0.076692,0.278257,0.383339,-0.086364,0.283973,0.455094,-0.076469,0.202524,0.379299,-0.025184,0.220111,0.336042,-0.084775,0.237724,0.435317,-0.075218,0.242827,0.499417,-0.049193,0.154817,0.403185,-0.029897,0.174102,0.357793,-0.069315,0.197428,0.422651,-0.059885,0.204007,0.469307,-0.04076
272,9066,True,0.9961,0.9961,0.22802,0.627242,0.0,0.288346,0.591737,-0.030206,0.338735,0.503442,-0.044458,0.360702,0.420059,-0.059671,0.390206,0.357775,-0.074345,0.306978,0.386059,-0.0151,0.329861,0.299446,-0.042798,0.339638,0.23935,-0.056787,0.348138,0.184517,-0.064846,0.263767,0.381567,-0.017288,0.288594,0.307222,-0.06911,0.303885,0.39011,-0.081263,0.308938,0.460692,-0.07313,0.218719,0.39189,-0.023492,0.245867,0.351955,-0.079779,0.259482,0.444924,-0.073404,0.260263,0.510586,-0.049874,0.169761,0.410914,-0.03125,0.198129,0.370681,-0.067073,0.218693,0.432304,-0.057866,0.221752,0.482256,-0.039292
273,9100,True,0.9948,0.9948,0.242796,0.650268,-0.0,0.30229,0.622404,-0.030089,0.35713,0.535261,-0.043657,0.386119,0.455757,-0.057033,0.423826,0.400591,-0.069291,0.33917,0.416895,-0.017202,0.375034,0.341531,-0.046059,0.396251,0.292637,-0.059818,0.414329,0.24534,-0.067695,0.294901,0.405107,-0.018775,0.327043,0.343588,-0.071262,0.32757,0.438058,-0.080359,0.320575,0.504906,-0.070097,0.247752,0.410375,-0.024703,0.277372,0.382995,-0.082414,0.282936,0.482304,-0.074182,0.279527,0.540565,-0.049586,0.197414,0.426081,-0.032108,0.228324,0.399468,-0.070199,0.243596,0.467066,-0.061656,0.243487,0.508632,-0.043518
274,9133,True,0.9962,0.9962,0.242631,0.64798,0.0,0.302432,0.62108,-0.03446,0.36007,0.533864,-0.048861,0.386973,0.453284,-0.061987,0.427171,0.399335,-0.073791,0.336118,0.418954,-0.020394,0.37532,0.343683,-0.049758,0.397942,0.29339,-0.063924,0.417258,0.243417,-0.072632,0.293038,0.406983,-0.020145,0.32547,0.346067,-0.074184,0.324576,0.439615,-0.083987,0.316575,0.504404,-0.074564,0.247267,0.41205,-0.024598,0.277875,0.381521,-0.085054,0.283407,0.484221,-0.076653,0.279524,0.54288,-0.051467,0.197438,0.427969,-0.0308,0.22765,0.396965,-0.072142,0.244207,0.465741,-0.064548,0.245701,0.508847,-0.046713
275,9166,True,0.9968,0.9968,0.240915,0.639324,0.0,0.295843,0.613467,-0.033479,0.3528,0.524276,-0.047238,0.380375,0.444573,-0.059554,0.417521,0.38966,-0.070534,0.331876,0.41253,-0.022082,0.368128,0.333621,-0.05002,0.388849,0.280983,-0.063537,0.404457,0.228973,-0.072018,0.288862,0.401495,-0.021752,0.32004,0.342382,-0.072952,0.320814,0.43471,-0.081753,0.312812,0.498579,-0.07279,0.243773,0.407426,-0.02575,0.272711,0.377665,-0.082923,0.280383,0.477313,-0.074185,0.277359,0.534931,-0.050217,0.194653,0.42378,-0.031557,0.223643,0.39505,-0.071349,0.241782,0.462372,-0.064055,0.244513,0.505566,-0.047103
276,9200,True,0.9971,0.9971,0.234984,0.629012,0.0,0.289232,0.602214,-0.033038,0.345897,0.515286,-0.046511,0.371443,0.43556,-0.058761,0.405963,0.379208,-0.069811,0.321481,0.400101,-0.019553,0.354995,0.316368,-0.046854,0.374794,0.260799,-0.060254,0.387886,0.206564,-0.068745,0.279796,0.393166,-0.019378,0.307407,0.329358,-0.068859,0.3107,0.423559,-0.077882,0.303696,0.483799,-0.069425,0.236517,0.402444,-0.023528,0.26169,0.370702,-0.080377,0.269825,0.470735,-0.071096,0.265909,0.52233,-0.046902,0.188212,0.420329,-0.029258,0.214454,0.387552,-0.067677,0.232181,0.454233,-0.058215,0.233214,0.493086,-0.040054
277,9233,True,0.9975,0.9975,0.226709,0.629089,0.0,0.28148,0.601553,-0.034436,0.336426,0.512555,-0.048364,0.360699,0.43031,-0.060601,0.394012,0.37054,-0.071592,0.307095,0.39197,-0.020449,0.33414,0.303133,-0.046523,0.349399,0.245638,-0.058817,0.358602,0.191569,-0.066673,0.265302,0.388752,-0.019496,0.290573,0.324241,-0.068991,0.297729,0.419156,-0.077888,0.293459,0.479865,-0.069397,0.221623,0.401123,-0.022872,0.245569,0.367224,-0.08092,0.255607,0.468767,-0.072114,0.252033,0.520696,-0.048063,0.172774,0.42235,-0.027736,0.198471,0.384131,-0.06826,0.216822,0.453791,-0.059363,0.216998,0.49482,-0.041263
278,9266,True,0.9961,0.9961,0.203018,0.649241,-0.0,0.259473,0.616211,-0.02996,0.309486,0.521853,-0.040489,0.327114,0.436658,-0.050291,0.358306,0.378539,-0.059227,0.277245,0.410208,-0.013216,0.2946,0.325865,-0.037271,0.301019,0.270142,-0.048316,0.303014,0.218011,-0.05527,0.232652,0.409228,-0.013787,0.249819,0.336888,-0.062148,0.261535,0.427636,-0.071316,0.262378,0.493741,-0.062427,0.188414,0.42327,-0.018427,0.205638,0.380491,-0.074217,0.221175,0.478265,-0.065928,0.22273,0.536377,-0.042061,0.140849,0.44685,-0.024362,0.162728,0.402297,-0.062202,0.181565,0.469574,-0.053266,0.183228,0.513601,-0.035455
279,9300,True,0.9973,0.9973,0.20064,0.660343,0.0,0.254957,0.62874,-0.031171,0.303018,0.537347,-0.043198,0.317488,0.455643,-0.054117,0.348453,0.39652,-0.064184,0.269727,0.4219,-0.014305,0.28862,0.344778,-0.038506,0.295473,0.293189,-0.049972,0.298302,0.244646,-0.057152,0.226416,0.422469,-0.014321,0.24226,0.352367,-0.060933,0.253334,0.441665,-0.069118,0.254105,0.505724,-0.060137,0.181427,0.440262,-0.018633,0.197995,0.398136,-0.073956,0.212903,0.495737,-0.065486,0.213344,0.55117,-0.041927,0.132829,0.466655,-0.024101,0.150987,0.42188,-0.061205,0.170934,0.487094,-0.051881,0.172393,0.527302,-0.034302
280,9333,True,0.9972,0.9972,0.195394,0.67672,-0.0,0.249597,0.646177,-0.030857,0.299382,0.555396,-0.042115,0.3119,0.475305,-0.052408,0.34171,0.416532,-0.061727,0.264402,0.443476,-0.010848,0.280663,0.372239,-0.03502,0.285546,0.325459,-0.046228,0.288295,0.280069,-0.053042,0.21999,0.442082,-0.01073,0.236643,0.370769,-0.057437,0.244813,0.462218,-0.065794,0.243925,0.525375,-0.056367,0.174219,0.457795,-0.015095,0.189741,0.413355,-0.071363,0.204165,0.513507,-0.062941,0.205357,0.569527,-0.038649,0.12482,0.482659,-0.020472,0.140828,0.43712,-0.05803,0.160191,0.501765,-0.048584,0.16163,0.540733,-0.03059
281,9366,True,0.9973,0.9973,0.189949,0.689426,-0.0,0.244539,0.66251,-0.031449,0.291728,0.574624,-0.044596,0.306962,0.49441,-0.056719,0.339579,0.436718,-0.067405,0.261425,0.460733,-0.009156,0.278531,0.39624,-0.036113,0.283394,0.358905,-0.04975,0.283787,0.334348,-0.056237,0.216094,0.458071,-0.008049,0.228144,0.391464,-0.053167,0.238384,0.477653,-0.061779,0.240109,0.537882,-0.052796,0.169402,0.47241,-0.012108,0.179934,0.430336,-0.066234,0.197546,0.525357,-0.059706,0.202292,0.57985,-0.037313,0.120073,0.497703,-0.017316,0.130816,0.458025,-0.054303,0.152682,0.519871,-0.046924,0.158794,0.558258,-0.030294
282,9400,True,0.9975,0.9975,0.187619,0.705576,-0.0,0.240748,0.677581,-0.032049,0.289041,0.591968,-0.045843,0.306344,0.514351,-0.058432,0.338531,0.458239,-0.06964,0.256305,0.480283,-0.007762,0.267193,0.433998,-0.036853,0.27708,0.409554,-0.053444,0.286774,0.396046,-0.061281,0.211688,0.475073,-0.006444,0.224411,0.411804,-0.052638,0.23339,0.493908,-0.064032,0.236253,0.554561,-0.056427,0.164884,0.485842,-0.010574,0.176248,0.450572,-0.065325,0.193239,0.543727,-0.061423,0.200017,0.599778,-0.04034,0.115081,0.509407,-0.015857,0.12707,0.477717,-0.052999,0.147876,0.539146,-0.046909,0.154982,0.577798,-0.030907
283,9433,True,0.9979,0.9979,0.184623,0.714395,0.0,0.237308,0.689155,-0.032456,0.286211,0.606868,-0.047359,0.302241,0.532096,-0.06069,0.332949,0.477851,-0.07262,0.255324,0.492408,-0.008979,0.26466,0.453707,-0.038905,0.276125,0.432139,-0.056391,0.287226,0.422182,-0.064572,0.209613,0.486134,-0.007148,0.220687,0.427967,-0.05275,0.230004,0.510897,-0.063483,0.232969,0.570135,-0.055589,0.162327,0.495966,-0.010816,0.173324,0.46301,-0.064538,0.190611,0.554961,-0.060203,0.197221,0.60934,-0.039359,0.112238,0.519464,-0.015707,0.124487,0.492405,-0.052847,0.14547,0.555032,-0.04703,0.153139,0.593034,-0.031201
284,9466,True,0.9983,0.9983,0.182388,0.720486,0.0,0.235059,0.697062,-0.032698,0.283701,0.616582,-0.048413,0.301117,0.542102,-0.062693,0.333075,0.489301,-0.075313,0.252308,0.501879,-0.008665,0.262413,0.462155,-0.04008,0.27373,0.442545,-0.05771,0.28381,0.444957,-0.064588,0.206111,0.495903,-0.006422,0.21827,0.437417,-0.051394,0.228216,0.518962,-0.060955,0.231465,0.580336,-0.051944,0.15937,0.505914,-0.010054,0.172706,0.472672,-0.062751,0.188846,0.563916,-0.057645,0.194412,0.619354,-0.036296,0.11019,0.529521,-0.015052,0.12401,0.50226,-0.051776,0.1439,0.564657,-0.045905,0.151124,0.603336,-0.029836
285,9500,True,0.9987,0.9987,0.179701,0.723914,0.0,0.232944,0.701292,-0.032377,0.283405,0.620704,-0.047873,0.300975,0.546837,-0.061724,0.33174,0.493748,-0.074222,0.247797,0.508474,-0.009093,0.257563,0.472254,-0.039661,0.271189,0.452326,-0.057002,0.284387,0.451125,-0.064235,0.202301,0.502252,-0.006941,0.216132,0.442735,-0.051422,0.226853,0.525762,-0.060989,0.22979,0.586406,-0.052187,0.156439,0.5124,-0.010444,0.170228,0.477157,-0.06308,0.187402,0.5676,-0.058308,0.192555,0.621394,-0.037309,0.107639,0.536463,-0.015148,0.121413,0.507264,-0.051972,0.142733,0.568715,-0.046181,0.150055,0.606989,-0.030307
286,9533,True,0.9987,0.9987,0.177845,0.725038,0.0,0.231716,0.703517,-0.033524,0.283047,0.621073,-0.048158,0.299104,0.545301,-0.060779,0.328377,0.490622,-0.072178,0.246181,0.507479,-0.009227,0.256937,0.471813,-0.037788,0.269453,0.44863,-0.054317,0.281647,0.43905,-0.061787,0.200993,0.500096,-0.006382,0.215022,0.442293,-0.050626,0.225093,0.522249,-0.060977,0.228284,0.583248,-0.052659,0.155233,0.509575,-0.009087,0.169848,0.478431,-0.061365,0.186272,0.568652,-0.058031,0.192181,0.624473,-0.037825,0.106944,0.533077,-0.01317,0.121417,0.504697,-0.049873,0.142361,0.564419,-0.045373,0.150927,0.603929,-0.030354
287,9566,True,0.9987,0.9987,0.179889,0.721697,0.0,0.232283,0.697677,-0.030735,0.282445,0.61369,-0.043396,0.298221,0.538698,-0.054587,0.325817,0.484146,-0.065018,0.246839,0.503943,-0.00763,0.254842,0.467731,-0.035179,0.266942,0.44119,-0.051325,0.27957,0.42644,-0.058708,0.201012,0.497356,-0.00593,0.21354,0.436538,-0.050467,0.224585,0.515213,-0.061656,0.228626,0.578587,-0.053632,0.154507,0.507253,-0.009247,0.167406,0.474493,-0.061662,0.18461,0.564882,-0.058806,0.191705,0.623197,-0.038447,0.105615,0.530516,-0.013641,0.118354,0.498038,-0.049773,0.140179,0.557502,-0.044701,0.15036,0.599885,-0.029104
288,9600,True,0.9981,0.9981,0.182089,0.713119,0.0,0.233102,0.687686,-0.030075,0.282291,0.604265,-0.043191,0.299466,0.529864,-0.054955,0.327011,0.474269,-0.065804,0.24718,0.495707,-0.007603,0.254097,0.458525,-0.036062,0.264761,0.432787,-0.05211,0.275154,0.420343,-0.059184,0.201115,0.489883,-0.006102,0.213185,0.430248,-0.049786,0.224094,0.511843,-0.058852,0.227327,0.571027,-0.049785,0.154798,0.499962,-0.009818,0.166724,0.465768,-0.06162,0.184175,0.556216,-0.056263,0.18998,0.61055,-0.034822,0.105752,0.523216,-0.014633,0.119003,0.493099,-0.050785,0.140639,0.555386,-0.044419,0.14835,0.595616,-0.028073
289,9633,True,0.9978,0.9978,0.179622,0.703885,0.0,0.233327,0.679672,-0.030689,0.282165,0.596009,-0.043892,0.296732,0.519643,-0.055572,0.326047,0.464921,-0.066532,0.248164,0.489702,-0.008631,0.257333,0.450122,-0.036684,0.266749,0.420639,-0.052314,0.275394,0.406104,-0.058928,0.201942,0.485116,-0.006648,0.213272,0.421473,-0.050666,0.223498,0.50144,-0.059839,0.225952,0.563191,-0.050364,0.155822,0.495776,-0.009746,0.166568,0.455981,-0.061468,0.183581,0.545033,-0.056532,0.189341,0.602074,-0.034883,0.107358,0.518723,-0.013934,0.119907,0.479409,-0.049341,0.141199,0.538204,-0.042814,0.14902,0.580248,-0.026301
290,9666,True,0.9986,0.9986,0.186192,0.692546,0.0,0.239399,0.66812,-0.030395,0.287546,0.585178,-0.043061,0.299669,0.507768,-0.054047,0.327648,0.451396,-0.064354,0.251946,0.478604,-0.007745,0.262389,0.438292,-0.033929,0.270451,0.406475,-0.048429,0.276249,0.387432,-0.055038,0.205309,0.473309,-0.005664,0.216485,0.409402,-0.047698,0.227458,0.492762,-0.056051,0.228961,0.553541,-0.046502,0.15892,0.484461,-0.008464,0.170211,0.445172,-0.059114,0.187583,0.536391,-0.05323,0.191541,0.591249,-0.031342,0.109895,0.508701,-0.012261,0.122393,0.469249,-0.046913,0.144664,0.528419,-0.039501,0.151738,0.568109,-0.022697
291,9700,True,0.9985,0.9985,0.191318,0.685416,0.0,0.246457,0.660233,-0.027968,0.29535,0.573542,-0.038097,0.306952,0.496064,-0.047447,0.331809,0.438946,-0.056432,0.255797,0.472643,-0.00379,0.269208,0.431309,-0.026965,0.278776,0.396592,-0.039291,0.28584,0.369833,-0.045311,0.210522,0.467028,-0.002825,0.225223,0.398738,-0.044143,0.236626,0.481496,-0.052614,0.236785,0.543126,-0.042954,0.165255,0.477041,-0.006358,0.18069,0.437126,-0.056641,0.198254,0.530225,-0.050751,0.200216,0.587246,-0.028564,0.116299,0.499836,-0.010698,0.134068,0.463674,-0.044491,0.157069,0.522029,-0.036848,0.162575,0.561733,-0.020069
292,9733,True,0.9984,0.9984,0.197789,0.681237,0.0,0.252635,0.654474,-0.027546,0.302637,0.566352,-0.037519,0.315986,0.489348,-0.04671,0.342597,0.434204,-0.055542,0.262712,0.465181,-0.004056,0.278584,0.419766,-0.025297,0.289551,0.38274,-0.03653,0.296924,0.350728,-0.042622,0.218699,0.46018,-0.003499,0.234006,0.389671,-0.043138,0.247808,0.472382,-0.051274,0.248605,0.530812,-0.042111,0.175226,0.470951,-0.007157,0.192773,0.430123,-0.056985,0.210856,0.52485,-0.050852,0.2107,0.579635,-0.029007,0.127911,0.4932,-0.011519,0.148895,0.454253,-0.045415,0.171561,0.515465,-0.037121,0.174869,0.554905,-0.020236
293,9766,True,0.998,0.998,0.209258,0.674717,0.0,0.263464,0.646325,-0.024923,0.314341,0.56122,-0.03402,0.330615,0.487021,-0.043091,0.35626,0.430523,-0.052025,0.276618,0.457808,7.7e-05,0.292397,0.410958,-0.020257,0.304591,0.371473,-0.031576,0.314415,0.33562,-0.038184,0.233967,0.452976,-0.000662,0.24838,0.384232,-0.039497,0.260232,0.468594,-0.048128,0.260349,0.528303,-0.039823,0.191148,0.463973,-0.005534,0.207585,0.42239,-0.05433,0.223591,0.514449,-0.048241,0.222469,0.56758,-0.026996,0.143608,0.485911,-0.010925,0.163019,0.444804,-0.043593,0.182971,0.506061,-0.034764,0.18347,0.545567,-0.017946
294,9800,True,0.998,0.998,0.222152,0.665245,0.0,0.277865,0.639558,-0.022831,0.330224,0.549436,-0.029362,0.349283,0.47443,-0.036047,0.37786,0.421876,-0.042707,0.287869,0.448713,-0.001351,0.309306,0.394622,-0.020159,0.324901,0.352989,-0.030297,0.336573,0.314284,-0.036562,0.247481,0.445308,-0.002586,0.267042,0.37707,-0.041014,0.281422,0.457268,-0.050013,0.28282,0.517379,-0.042864,0.206657,0.455498,-0.007452,0.230087,0.414059,-0.055377,0.247246,0.503526,-0.050288,0.246578,0.558624,-0.030435,0.161483,0.476344,-0.012765,0.187635,0.433973,-0.04597,0.209732,0.494258,-0.03884,0.211713,0.53689,-0.023496
295,9833,True,0.9979,0.9979,0.237882,0.654979,0.0,0.292066,0.631873,-0.023545,0.34617,0.541552,-0.030601,0.369961,0.467252,-0.037847,0.397426,0.413141,-0.044967,0.303217,0.437958,-0.002617,0.326448,0.378291,-0.021612,0.345101,0.335016,-0.032053,0.358738,0.29489,-0.038507,0.265375,0.434707,-0.003513,0.287368,0.369815,-0.040955,0.302125,0.448437,-0.049841,0.302314,0.504081,-0.04349,0.225993,0.44432,-0.008114,0.251882,0.404683,-0.054554,0.26746,0.492743,-0.048467,0.263985,0.54439,-0.028831,0.181509,0.464022,-0.013437,0.209212,0.421831,-0.045787,0.229583,0.481837,-0.037856,0.228589,0.52308,-0.022269
296,9866,True,0.9982,0.9982,0.253225,0.639155,0.0,0.308351,0.621948,-0.023373,0.363101,0.531882,-0.030124,0.387035,0.457028,-0.036952,0.414388,0.405229,-0.043975,0.32475,0.426819,-0.007168,0.3505,0.36231,-0.029046,0.370871,0.315074,-0.042043,0.384994,0.26936,-0.05046,0.287466,0.423097,-0.008131,0.31259,0.362118,-0.047796,0.325017,0.443836,-0.056902,0.322947,0.499496,-0.051065,0.248601,0.43288,-0.01256,0.275129,0.391546,-0.059849,0.28963,0.480269,-0.052222,0.286117,0.533148,-0.031905,0.203924,0.452748,-0.017879,0.232872,0.411361,-0.051881,0.252397,0.472093,-0.043902,0.252114,0.514757,-0.02818
297,9900,True,0.9976,0.9976,0.276175,0.631138,0.0,0.331776,0.606779,-0.024058,0.384781,0.520063,-0.032184,0.413779,0.448184,-0.040718,0.446775,0.397438,-0.049314,0.347612,0.417028,-0.006296,0.373429,0.353515,-0.026869,0.391167,0.306817,-0.038758,0.402887,0.262344,-0.046532,0.310454,0.413126,-0.007561,0.334509,0.350883,-0.04601,0.346481,0.42876,-0.055257,0.34457,0.485368,-0.049755,0.270899,0.422852,-0.012536,0.30004,0.383015,-0.059224,0.312923,0.469803,-0.052925,0.308763,0.523478,-0.033635,0.22597,0.441846,-0.018477,0.255927,0.401968,-0.051912,0.275117,0.461262,-0.04481,0.275108,0.503741,-0.029935
298,9933,True,0.9978,0.9978,0.294854,0.621114,0.0,0.351263,0.596499,-0.02228,0.404174,0.509905,-0.030682,0.433502,0.439843,-0.040008,0.466771,0.389816,-0.04931,0.364337,0.40564,-0.005013,0.391455,0.341605,-0.026693,0.414173,0.295952,-0.039977,0.43086,0.253542,-0.048417,0.328486,0.402336,-0.006941,0.360021,0.348374,-0.045636,0.37321,0.427117,-0.05526,0.368992,0.483531,-0.050482,0.290496,0.412001,-0.012606,0.324558,0.375498,-0.05792,0.338884,0.459438,-0.051173,0.33367,0.512105,-0.032401,0.246601,0.431178,-0.019289,0.279884,0.394036,-0.051475,0.299998,0.452717,-0.043989,0.298949,0.495059,-0.029219
299,9966,True,0.9971,0.9971,0.313462,0.613954,0.0,0.369744,0.587568,-0.020096,0.423363,0.498179,-0.028002,0.455718,0.427253,-0.037519,0.491475,0.379055,-0.047222,0.386355,0.39619,-0.004498,0.415129,0.32982,-0.026882,0.438002,0.28297,-0.040267,0.456206,0.239608,-0.04862,0.350488,0.392405,-0.007203,0.38515,0.345341,-0.046092,0.395698,0.427248,-0.05416,0.39086,0.483947,-0.048492,0.312262,0.401487,-0.013666,0.348109,0.368169,-0.057856,0.358989,0.453632,-0.049099,0.352825,0.506277,-0.029529,0.268149,0.420073,-0.021171,0.303831,0.385137,-0.051128,0.320455,0.443323,-0.042049,0.317013,0.482945,-0.026697
300,10000,True,0.997,0.997,0.331153,0.608278,0.0,0.388736,0.582754,-0.023868,0.443086,0.497074,-0.034128,0.474133,0.4262,-0.045722,0.511909,0.375171,-0.057418,0.409937,0.390681,-0.005164,0.439179,0.324369,-0.028858,0.462162,0.275275,-0.042824,0.479779,0.231317,-0.051286,0.373151,0.38519,-0.007219,0.406247,0.333092,-0.04826,0.415909,0.415211,-0.057585,0.410052,0.47391,-0.051869,0.333738,0.393949,-0.013552,0.369397,0.360026,-0.061573,0.378514,0.44756,-0.054652,0.371285,0.502414,-0.034944,0.288283,0.411913,-0.020995,0.322196,0.374972,-0.054131,0.339917,0.435663,-0.046232,0.337858,0.478818,-0.030866
301,10033,True,0.9971,0.9971,0.348086,0.604365,0.0,0.404825,0.577609,-0.025402,0.459085,0.495907,-0.038577,0.489866,0.42311,-0.053275,0.530701,0.371216,-0.068104,0.426395,0.387448,-0.006351,0.45804,0.31904,-0.031883,0.484571,0.269522,-0.047144,0.50644,0.225743,-0.056197,0.391099,0.380907,-0.007917,0.42812,0.330969,-0.049739,0.437138,0.411104,-0.059803,0.429849,0.47032,-0.054751,0.352918,0.388334,-0.014062,0.391186,0.351749,-0.061737,0.400088,0.437611,-0.055612,0.392866,0.494142,-0.036765,0.308372,0.404643,-0.021519,0.344459,0.367584,-0.053835,0.361564,0.426816,-0.046698,0.358694,0.470702,-0.032129
302,10066,True,0.9969,0.9969,0.363434,0.594571,0.0,0.42015,0.568901,-0.023178,0.47438,0.488688,-0.035369,0.507617,0.418263,-0.049277,0.546228,0.36747,-0.063313,0.440645,0.379066,-0.009845,0.475174,0.307633,-0.035485,0.505843,0.260551,-0.050815,0.531351,0.219198,-0.059951,0.40544,0.372722,-0.012527,0.449134,0.327815,-0.053987,0.456905,0.408553,-0.062882,0.446477,0.468127,-0.057882,0.368335,0.380436,-0.019353,0.410695,0.348576,-0.065927,0.418595,0.433311,-0.057949,0.409005,0.489894,-0.038638,0.325742,0.397681,-0.027492,0.364484,0.360166,-0.059497,0.38205,0.417985,-0.051209,0.378465,0.463094,-0.036138
303,10100,True,0.9977,0.9977,0.384087,0.588744,0.0,0.439104,0.566625,-0.02386,0.496048,0.485513,-0.036882,0.530201,0.415946,-0.051089,0.569884,0.366913,-0.064776,0.469501,0.369076,-0.012049,0.504167,0.302412,-0.03975,0.533285,0.25808,-0.055259,0.557596,0.21793,-0.064419,0.43169,0.360628,-0.015531,0.480939,0.318604,-0.060778,0.481045,0.40895,-0.06801,0.466651,0.467845,-0.060313,0.392191,0.366847,-0.023432,0.440205,0.34309,-0.074063,0.44107,0.431702,-0.064796,0.427636,0.483114,-0.043367,0.346956,0.383926,-0.03252,0.392259,0.355566,-0.066982,0.404507,0.418433,-0.057898,0.396217,0.459802,-0.041596
304,10133,True,0.9971,0.9971,0.395189,0.587362,0.0,0.45193,0.563509,-0.022185,0.508309,0.483505,-0.034489,0.544823,0.4156,-0.048548,0.585743,0.371665,-0.062095,0.488807,0.371187,-0.010971,0.529163,0.305221,-0.038912,0.558424,0.261894,-0.054647,0.582916,0.221707,-0.064081,0.450901,0.358517,-0.015733,0.501833,0.320118,-0.064178,0.495427,0.412146,-0.071397,0.477518,0.474376,-0.062345,0.409687,0.360724,-0.024811,0.460146,0.337682,-0.07727,0.455808,0.42954,-0.067544,0.440666,0.485213,-0.044719,0.362866,0.374747,-0.035113,0.410488,0.354203,-0.0713,0.420539,0.41916,-0.063109,0.413074,0.463393,-0.046631
305,10166,True,0.9971,0.9971,0.398191,0.588376,0.0,0.45941,0.565165,-0.02691,0.516962,0.486556,-0.040769,0.550748,0.414525,-0.055638,0.594509,0.370724,-0.06959,0.498054,0.371669,-0.01246,0.541782,0.306084,-0.041898,0.571545,0.259759,-0.058591,0.596021,0.215696,-0.069044,0.459049,0.355807,-0.015651,0.507998,0.310257,-0.066915,0.50134,0.401817,-0.075624,0.483561,0.468165,-0.06682,0.417227,0.355142,-0.023766,0.468146,0.329825,-0.078841,0.464966,0.422661,-0.070167,0.451077,0.483078,-0.047109,0.370076,0.367437,-0.033675,0.418771,0.351277,-0.072944,0.429073,0.416726,-0.067449,0.42229,0.462981,-0.052279
306,10200,True,0.9976,0.9976,0.39938,0.586272,0.0,0.461052,0.560226,-0.027584,0.517624,0.480186,-0.042053,0.552565,0.408145,-0.057324,0.594478,0.360424,-0.071859,0.497932,0.364749,-0.014688,0.541708,0.296272,-0.043355,0.571268,0.248612,-0.059793,0.595061,0.203107,-0.070384,0.458579,0.351615,-0.017638,0.507046,0.30468,-0.067964,0.501818,0.396118,-0.077229,0.484717,0.462553,-0.069564,0.416698,0.354364,-0.025233,0.466534,0.322381,-0.078834,0.465191,0.413395,-0.070034,0.451896,0.473093,-0.047881,0.369743,0.369872,-0.034642,0.416204,0.347264,-0.073339,0.427546,0.411245,-0.067632,0.421564,0.457412,-0.052773
307,10233,True,0.998,0.998,0.395856,0.580306,0.0,0.457935,0.552962,-0.024358,0.514838,0.468789,-0.036773,0.549783,0.396372,-0.050645,0.589538,0.349171,-0.064077,0.493571,0.350918,-0.01205,0.537422,0.28635,-0.038957,0.567285,0.241758,-0.054179,0.59153,0.198246,-0.064119,0.453264,0.338137,-0.016648,0.50267,0.293028,-0.064358,0.498227,0.383976,-0.073389,0.482107,0.44738,-0.066197,0.410438,0.342711,-0.025433,0.461844,0.316606,-0.078326,0.461104,0.40898,-0.070355,0.448296,0.466146,-0.049032,0.363034,0.360744,-0.035619,0.409435,0.340275,-0.074243,0.424405,0.405453,-0.068653,0.422048,0.451831,-0.053921
308,10266,True,0.9978,0.9978,0.382902,0.573406,0.0,0.448812,0.54453,-0.021169,0.508098,0.461413,-0.031082,0.539951,0.386898,-0.043108,0.575629,0.343823,-0.05511,0.486278,0.350381,-0.007514,0.527763,0.280989,-0.031258,0.557589,0.237217,-0.04428,0.582245,0.195942,-0.052505,0.446197,0.341021,-0.012718,0.494479,0.290423,-0.057027,0.491153,0.379724,-0.065548,0.475522,0.442679,-0.058501,0.403444,0.346176,-0.021725,0.449618,0.313101,-0.07301,0.450932,0.405797,-0.065365,0.439353,0.465202,-0.044304,0.354688,0.361725,-0.031616,0.397277,0.324372,-0.068152,0.412796,0.388302,-0.060487,0.410177,0.437779,-0.044602
309,10300,True,0.9966,0.9966,0.365248,0.571919,0.0,0.427064,0.538326,-0.019529,0.483244,0.454924,-0.028649,0.519791,0.384087,-0.040478,0.556071,0.336113,-0.052735,0.45998,0.349186,-0.00551,0.504417,0.2778,-0.031057,0.540048,0.233944,-0.045756,0.567428,0.192769,-0.054647,0.423297,0.34362,-0.010974,0.463112,0.292117,-0.055311,0.464579,0.37927,-0.065574,0.45289,0.439192,-0.060471,0.383655,0.350817,-0.020284,0.421133,0.316765,-0.070931,0.425642,0.405592,-0.063328,0.41529,0.459376,-0.042849,0.337746,0.366357,-0.030365,0.374968,0.327269,-0.065344,0.389166,0.388993,-0.056462,0.383012,0.43302,-0.04013
310,10333,True,0.996,0.996,0.346288,0.571157,0.0,0.405586,0.538802,-0.023791,0.463653,0.450242,-0.034069,0.499296,0.376986,-0.045756,0.537588,0.324233,-0.057505,0.442891,0.346698,-0.008738,0.479191,0.270873,-0.035233,0.50837,0.218505,-0.050315,0.528933,0.16896,-0.059943,0.40324,0.339208,-0.013078,0.435243,0.281954,-0.058235,0.436726,0.373961,-0.067865,0.426353,0.434098,-0.062143,0.360478,0.34631,-0.021598,0.393593,0.308624,-0.074754,0.399713,0.404565,-0.065313,0.391492,0.459983,-0.043228,0.312257,0.362635,-0.031187,0.346144,0.321229,-0.068849,0.361901,0.388596,-0.058969,0.358493,0.433677,-0.041608
311,10366,True,0.9958,0.9958,0.318527,0.567119,0.0,0.377949,0.53829,-0.024388,0.433137,0.451512,-0.035898,0.464588,0.379638,-0.048303,0.491816,0.326772,-0.060252,0.402326,0.335819,-0.012475,0.427671,0.250054,-0.038135,0.454547,0.195113,-0.05136,0.472359,0.152902,-0.059056,0.36118,0.334485,-0.016033,0.391171,0.282105,-0.05995,0.39458,0.377112,-0.067702,0.383568,0.427686,-0.060597,0.320717,0.347205,-0.023601,0.346726,0.315906,-0.075194,0.355662,0.406325,-0.065214,0.346969,0.448194,-0.0435,0.276705,0.369353,-0.032128,0.303016,0.325326,-0.068644,0.319061,0.389088,-0.057805,0.315009,0.427711,-0.040013
312,10400,True,0.9945,0.9945,0.288458,0.565591,0.0,0.349153,0.535491,-0.022573,0.397611,0.43719,-0.030221,0.428083,0.358189,-0.038472,0.458505,0.301654,-0.046752,0.372263,0.335045,-0.014347,0.38773,0.234626,-0.036442,0.395972,0.173111,-0.046728,0.396738,0.118678,-0.053644,0.330844,0.336934,-0.017983,0.34669,0.26687,-0.060843,0.358337,0.355453,-0.068821,0.3567,0.412387,-0.062203,0.28757,0.352484,-0.024681,0.303185,0.309382,-0.075144,0.318412,0.402799,-0.065375,0.316997,0.454194,-0.043788,0.240912,0.374834,-0.032148,0.259331,0.32342,-0.068101,0.277569,0.388983,-0.057526,0.277252,0.43269,-0.040071
313,10433,True,0.9953,0.9953,0.257817,0.576796,0.0,0.317434,0.539757,-0.026335,0.365409,0.44027,-0.033803,0.387122,0.355703,-0.041093,0.407342,0.290637,-0.047877,0.328777,0.331122,-0.01308,0.340631,0.236325,-0.033833,0.349194,0.174428,-0.04399,0.35262,0.119255,-0.0508,0.287287,0.33407,-0.014557,0.303191,0.262527,-0.056638,0.321221,0.348018,-0.066204,0.323678,0.411047,-0.06037,0.244988,0.352492,-0.019382,0.261743,0.308494,-0.069197,0.283085,0.398967,-0.062404,0.285332,0.456081,-0.042316,0.199644,0.379084,-0.025316,0.219434,0.326621,-0.060261,0.241879,0.387666,-0.051894,0.244936,0.434431,-0.03589
314,10466,True,0.9971,0.9971,0.241177,0.582789,0.0,0.295868,0.551329,-0.033697,0.342566,0.44745,-0.045591,0.362259,0.356815,-0.056397,0.38865,0.289135,-0.066362,0.304445,0.331289,-0.019391,0.316709,0.232624,-0.044802,0.32244,0.167962,-0.056363,0.321511,0.109074,-0.063722,0.261398,0.334457,-0.018522,0.275355,0.263062,-0.068134,0.291183,0.360211,-0.07642,0.292469,0.42749,-0.067293,0.217734,0.353713,-0.021903,0.234143,0.309656,-0.079486,0.255054,0.411411,-0.069443,0.257709,0.471773,-0.044595,0.170241,0.382383,-0.026949,0.191072,0.334263,-0.067306,0.215084,0.40142,-0.05824,0.219052,0.447276,-0.040151
315,10500,True,0.9974,0.9974,0.236123,0.592893,0.0,0.290425,0.561087,-0.037544,0.335252,0.461845,-0.054185,0.351617,0.373829,-0.068803,0.379469,0.306213,-0.082066,0.296996,0.337512,-0.026988,0.312788,0.234254,-0.055835,0.318112,0.169905,-0.069227,0.318247,0.112125,-0.077264,0.253188,0.342388,-0.025245,0.269547,0.270548,-0.078868,0.28648,0.364556,-0.087938,0.291505,0.431981,-0.07842,0.208477,0.363626,-0.027828,0.226957,0.319899,-0.088347,0.248314,0.421643,-0.077768,0.25375,0.481673,-0.051549,0.160682,0.393681,-0.032237,0.18126,0.347912,-0.074062,0.207946,0.417223,-0.06388,0.215018,0.463272,-0.04407
316,10533,True,0.9943,0.9943,0.241985,0.615087,0.0,0.297847,0.573166,-0.032602,0.340755,0.477495,-0.048308,0.360422,0.391984,-0.064209,0.38816,0.326048,-0.079625,0.307239,0.358604,-0.020387,0.325221,0.260516,-0.049217,0.331587,0.195869,-0.064105,0.334277,0.136103,-0.073161,0.264083,0.361385,-0.021608,0.280112,0.286983,-0.073976,0.297809,0.375161,-0.085156,0.304438,0.443922,-0.077109,0.219536,0.379809,-0.02686,0.239034,0.335382,-0.083603,0.257412,0.431341,-0.074008,0.261303,0.494453,-0.048969,0.17202,0.407351,-0.033977,0.191184,0.362534,-0.07075,0.215717,0.424668,-0.059693,0.222033,0.47142,-0.039889
317,10566,True,0.9943,0.9943,0.251396,0.633089,0.0,0.310458,0.595131,-0.025991,0.359107,0.5063,-0.038618,0.381511,0.428981,-0.052316,0.401421,0.367737,-0.065451,0.330134,0.382051,-0.015747,0.355802,0.288886,-0.043472,0.372182,0.230725,-0.058178,0.382667,0.179272,-0.066785,0.286267,0.381253,-0.019347,0.311671,0.311808,-0.067147,0.323744,0.398858,-0.077612,0.322157,0.459878,-0.070785,0.241262,0.395454,-0.026657,0.267313,0.357988,-0.078917,0.280921,0.44773,-0.070971,0.279131,0.501396,-0.049317,0.193011,0.418811,-0.035249,0.220099,0.38128,-0.070002,0.240175,0.443495,-0.059911,0.240825,0.4859,-0.042042
318,10600,True,0.994,0.994,0.265795,0.648612,0.0,0.326724,0.615711,-0.026869,0.380381,0.544123,-0.042277,0.401111,0.475635,-0.059074,0.401238,0.416374,-0.075296,0.360444,0.406635,-0.019265,0.385534,0.314012,-0.048358,0.402616,0.259236,-0.06525,0.414655,0.214634,-0.075107,0.31579,0.403843,-0.023241,0.343225,0.343896,-0.072081,0.349109,0.426601,-0.085094,0.344554,0.486837,-0.081028,0.270413,0.414906,-0.031026,0.297935,0.383615,-0.083333,0.308069,0.47044,-0.077746,0.305746,0.527813,-0.058556,0.222291,0.43624,-0.04038,0.24897,0.399305,-0.076129,0.266341,0.459379,-0.068107,0.267536,0.505126,-0.052067
319,10633,True,0.9914,0.9914,0.280824,0.673277,-0.0,0.347661,0.634368,-0.02163,0.40461,0.546448,-0.035549,0.435751,0.473491,-0.052474,0.478598,0.42832,-0.069314,0.381868,0.430103,-0.010318,0.418104,0.356941,-0.040513,0.450408,0.318615,-0.059316,0.47608,0.288771,-0.070622,0.3396,0.423726,-0.016337,0.378626,0.380404,-0.06447,0.379655,0.46536,-0.07748,0.367079,0.526491,-0.074142,0.296103,0.431611,-0.026613,0.335655,0.409378,-0.079007,0.341913,0.49823,-0.073351,0.333606,0.555785,-0.054398,0.249936,0.450857,-0.037964,0.288776,0.423102,-0.073734,0.304587,0.485735,-0.066077,0.30103,0.531027,-0.050499
320,10666,True,0.9938,0.9938,0.297269,0.694639,-0.0,0.364344,0.653349,-0.020772,0.424689,0.572421,-0.035135,0.462809,0.507931,-0.052573,0.508599,0.469015,-0.069674,0.394851,0.447515,-0.00546,0.426345,0.403655,-0.035601,0.455184,0.39175,-0.055369,0.479007,0.384237,-0.066918,0.35349,0.438621,-0.011409,0.397627,0.407909,-0.057074,0.398387,0.495238,-0.070262,0.387311,0.554593,-0.067276,0.309862,0.445186,-0.021985,0.355691,0.433591,-0.073045,0.359787,0.524549,-0.069827,0.352426,0.581093,-0.052505,0.263446,0.465153,-0.033479,0.30579,0.452395,-0.068486,0.320723,0.515725,-0.062954,0.318837,0.558434,-0.048946
321,10700,True,0.9962,0.9962,0.306477,0.701186,0.0,0.371499,0.671041,-0.025048,0.435662,0.592024,-0.039992,0.475751,0.529748,-0.056033,0.524129,0.493495,-0.071528,0.409549,0.461406,-0.009241,0.45545,0.435999,-0.042808,0.492972,0.415245,-0.065428,0.52675,0.395043,-0.078674,0.367963,0.441304,-0.013204,0.418523,0.432798,-0.063017,0.413251,0.527061,-0.074699,0.401312,0.588818,-0.068333,0.323697,0.443488,-0.022193,0.373127,0.457177,-0.07646,0.371796,0.554139,-0.07017,0.363386,0.609878,-0.048633,0.277727,0.462161,-0.03291,0.321142,0.471051,-0.06997,0.332114,0.539968,-0.063602,0.329586,0.580393,-0.047431
322,10733,True,0.9976,0.9976,0.307011,0.707833,0.0,0.369214,0.684422,-0.027033,0.436242,0.608303,-0.042374,0.476376,0.543985,-0.057726,0.523003,0.500796,-0.072256,0.407586,0.474238,-0.010215,0.445918,0.45335,-0.043211,0.479189,0.441185,-0.065235,0.509616,0.430991,-0.077846,0.36544,0.45686,-0.013002,0.416868,0.442007,-0.061179,0.414249,0.5352,-0.072579,0.401898,0.595112,-0.066443,0.321535,0.460308,-0.020883,0.371282,0.463793,-0.074561,0.3704,0.561078,-0.067548,0.359215,0.61496,-0.045954,0.275387,0.480126,-0.03032,0.318111,0.479303,-0.068416,0.331001,0.549288,-0.061414,0.328474,0.590114,-0.044693
323,10766,True,0.9975,0.9975,0.296793,0.705718,0.0,0.356196,0.684776,-0.0237,0.423047,0.605812,-0.036706,0.46753,0.543514,-0.050311,0.509036,0.495139,-0.064065,0.381428,0.486278,-0.007545,0.414327,0.452004,-0.036924,0.452261,0.4414,-0.05757,0.486719,0.437319,-0.069402,0.342626,0.476281,-0.010479,0.388169,0.44151,-0.05024,0.396999,0.526127,-0.060999,0.392354,0.583146,-0.057938,0.303388,0.48172,-0.01821,0.351824,0.462872,-0.064561,0.359926,0.5533,-0.057719,0.351642,0.608391,-0.039644,0.261282,0.499733,-0.027297,0.306628,0.47722,-0.06078,0.320871,0.544668,-0.052773,0.315837,0.590313,-0.037825
324,10800,True,0.9991,0.9991,0.279489,0.701724,0.0,0.332391,0.685271,-0.020177,0.393635,0.612767,-0.028761,0.427814,0.553704,-0.03771,0.444276,0.499751,-0.046537,0.357663,0.489059,-0.007131,0.384141,0.439399,-0.03083,0.416776,0.423613,-0.046485,0.445342,0.416016,-0.054765,0.319426,0.481152,-0.009667,0.357602,0.437495,-0.043773,0.363417,0.520218,-0.051795,0.356131,0.577402,-0.047699,0.279315,0.487258,-0.016066,0.315555,0.458467,-0.056677,0.324833,0.544114,-0.049754,0.318385,0.599761,-0.03304,0.234871,0.504312,-0.023476,0.26845,0.47403,-0.053113,0.285404,0.537768,-0.04497,0.284768,0.585706,-0.030744
325,10833,True,0.9989,0.9989,0.261007,0.704678,0.0,0.313768,0.682854,-0.025504,0.375376,0.592659,-0.034292,0.407826,0.520525,-0.042178,0.43576,0.466976,-0.049691,0.332549,0.485287,-0.008522,0.355999,0.434608,-0.031695,0.385045,0.404069,-0.045419,0.410858,0.381679,-0.05266,0.291924,0.479634,-0.008877,0.322853,0.423329,-0.047564,0.331425,0.506118,-0.056344,0.327669,0.566722,-0.049931,0.250363,0.488236,-0.013393,0.279854,0.453556,-0.060287,0.294392,0.543119,-0.054988,0.292582,0.600378,-0.036095,0.204542,0.507454,-0.018848,0.234693,0.47213,-0.052242,0.255544,0.535329,-0.045613,0.258036,0.581408,-0.030896
326,10866,True,0.9991,0.9991,0.247815,0.703649,0.0,0.304069,0.683264,-0.029786,0.365019,0.587387,-0.040505,0.391813,0.508017,-0.050089,0.420126,0.450628,-0.059107,0.317652,0.476293,-0.009046,0.334837,0.424842,-0.033633,0.356819,0.387543,-0.04581,0.376827,0.360236,-0.05165,0.273443,0.47297,-0.008224,0.304635,0.412782,-0.051578,0.315473,0.50399,-0.05856,0.313644,0.564838,-0.048034,0.229673,0.485452,-0.012256,0.257583,0.451707,-0.065696,0.276357,0.550357,-0.057535,0.277074,0.608832,-0.033745,0.181226,0.509644,-0.017433,0.206761,0.475819,-0.055713,0.230545,0.540533,-0.048384,0.234588,0.581755,-0.031333
327,10900,True,0.9992,0.9992,0.237148,0.710991,0.0,0.29594,0.692427,-0.033962,0.354408,0.597598,-0.047835,0.378779,0.513445,-0.059838,0.409986,0.452737,-0.071293,0.310049,0.483498,-0.014833,0.332297,0.425328,-0.04293,0.354037,0.382197,-0.057667,0.37445,0.345915,-0.065529,0.265785,0.47745,-0.013219,0.300027,0.415218,-0.061617,0.309388,0.503529,-0.070457,0.307492,0.566931,-0.060437,0.22088,0.488149,-0.016693,0.253776,0.45367,-0.073884,0.270389,0.551783,-0.066917,0.271878,0.611943,-0.043235,0.172964,0.511876,-0.021672,0.203225,0.481457,-0.063785,0.22597,0.551978,-0.058092,0.230741,0.598889,-0.04136
328,10933,True,0.9989,0.9989,0.236223,0.725039,0.0,0.291473,0.70232,-0.028611,0.350565,0.616887,-0.042951,0.383094,0.543203,-0.057204,0.416643,0.486899,-0.070879,0.319302,0.49896,-0.007563,0.343094,0.441275,-0.031499,0.362613,0.397973,-0.043557,0.376533,0.359108,-0.050526,0.278242,0.491356,-0.009338,0.308536,0.41873,-0.0493,0.315046,0.505848,-0.055896,0.305048,0.553094,-0.046584,0.235001,0.499812,-0.015707,0.261572,0.449306,-0.064798,0.275276,0.54157,-0.055024,0.267227,0.586945,-0.032166,0.185691,0.520101,-0.023353,0.211539,0.475946,-0.057539,0.231285,0.54015,-0.046781,0.227112,0.579233,-0.028671
329,10966,True,0.9975,0.9975,0.233141,0.723915,0.0,0.294,0.70534,-0.028328,0.356669,0.618184,-0.039883,0.391073,0.542832,-0.050645,0.430843,0.492997,-0.062018,0.322239,0.498069,-0.01237,0.349038,0.424617,-0.031191,0.369533,0.374132,-0.044482,0.383902,0.328058,-0.054597,0.280113,0.490948,-0.013809,0.2982,0.400699,-0.050618,0.315884,0.463134,-0.064782,0.31976,0.521993,-0.064014,0.236943,0.501122,-0.0183,0.255518,0.423863,-0.05932,0.280268,0.49555,-0.057223,0.285935,0.5525,-0.04335,0.190311,0.523555,-0.024458,0.208675,0.461288,-0.054639,0.231838,0.511209,-0.050124,0.236253,0.557482,-0.038838
330,11000,True,0.9967,0.9967,0.229233,0.725172,0.0,0.294063,0.711096,-0.028782,0.361416,0.625534,-0.041521,0.407309,0.555558,-0.053589,0.455607,0.520235,-0.066397,0.330406,0.497122,-0.013332,0.359049,0.415166,-0.026394,0.378997,0.359635,-0.038176,0.391171,0.311446,-0.049455,0.28629,0.481629,-0.0159,0.301698,0.37096,-0.044447,0.322249,0.41475,-0.058634,0.328695,0.468813,-0.060945,0.241856,0.487265,-0.021047,0.253352,0.380678,-0.051688,0.279486,0.434987,-0.052656,0.288379,0.488463,-0.045564,0.193687,0.50914,-0.02864,0.201683,0.438598,-0.054963,0.227098,0.473077,-0.055144,0.238737,0.514196,-0.049801
331,11033,True,0.9927,0.9927,0.219794,0.730045,1e-06,0.292838,0.709495,-0.034856,0.358087,0.634252,-0.048432,0.406437,0.567291,-0.06047,0.451719,0.52761,-0.072633,0.329943,0.486136,-0.017621,0.365722,0.403382,-0.034022,0.387142,0.346141,-0.051501,0.4023,0.301157,-0.066509,0.286451,0.467329,-0.017961,0.293043,0.350222,-0.043635,0.31519,0.347307,-0.063941,0.33178,0.379375,-0.074264,0.241523,0.476054,-0.022213,0.242672,0.361714,-0.053343,0.268958,0.380368,-0.066984,0.287879,0.425707,-0.070831,0.194773,0.503853,-0.029481,0.197033,0.428351,-0.061383,0.217471,0.449183,-0.071749,0.232126,0.493161,-0.074093
332,11066,True,0.9914,0.9914,0.218934,0.730654,0.0,0.291088,0.705577,-0.027726,0.355273,0.628864,-0.041709,0.402624,0.559896,-0.056119,0.447456,0.523154,-0.071352,0.33056,0.488565,-0.018129,0.362134,0.399679,-0.036926,0.383806,0.342256,-0.054367,0.397002,0.293394,-0.069234,0.286266,0.474063,-0.024056,0.29641,0.346411,-0.059272,0.319816,0.381632,-0.080284,0.328711,0.441044,-0.087216,0.241504,0.483815,-0.032193,0.246892,0.36671,-0.067474,0.277498,0.410989,-0.074795,0.290036,0.469083,-0.072057,0.193654,0.509002,-0.042668,0.20187,0.425815,-0.072993,0.226719,0.460477,-0.076363,0.237653,0.512544,-0.073033
333,11100,True,0.9936,0.9936,0.215809,0.736527,0.0,0.287568,0.706703,-0.025563,0.35088,0.632623,-0.039974,0.394843,0.562413,-0.055943,0.437549,0.512236,-0.072553,0.329725,0.491472,-0.016775,0.363681,0.40218,-0.039246,0.38123,0.346756,-0.055517,0.395076,0.292859,-0.06894,0.286229,0.478276,-0.024298,0.303348,0.363828,-0.06696,0.319093,0.423341,-0.085937,0.324723,0.487327,-0.08885,0.239926,0.487817,-0.034296,0.252912,0.383843,-0.077192,0.278731,0.45325,-0.078429,0.288201,0.519342,-0.068064,0.190692,0.510346,-0.046282,0.20237,0.432326,-0.078901,0.225843,0.474509,-0.078439,0.234956,0.525134,-0.070564
334,11133,True,0.9938,0.9938,0.216837,0.736862,0.0,0.288414,0.707615,-0.026375,0.350844,0.632049,-0.041122,0.39323,0.560771,-0.057055,0.436034,0.51035,-0.073265,0.33199,0.492562,-0.015625,0.364661,0.4034,-0.037567,0.381163,0.347129,-0.052704,0.39317,0.294104,-0.064846,0.287872,0.481744,-0.022129,0.305414,0.373554,-0.065319,0.319317,0.438651,-0.083011,0.323434,0.504215,-0.084057,0.241746,0.491817,-0.0313,0.255791,0.397563,-0.074745,0.280659,0.470268,-0.074675,0.289765,0.535896,-0.062509,0.192852,0.514375,-0.042458,0.205593,0.439844,-0.074329,0.22855,0.485948,-0.072371,0.237465,0.536982,-0.062968
335,11166,True,0.9949,0.9949,0.218359,0.73721,0.0,0.287958,0.710335,-0.025851,0.350399,0.633,-0.039171,0.391203,0.560832,-0.053505,0.431684,0.508895,-0.068063,0.331137,0.493736,-0.013788,0.361822,0.406478,-0.035114,0.379262,0.349685,-0.049342,0.392223,0.29612,-0.060783,0.287642,0.483504,-0.019573,0.305089,0.38126,-0.062504,0.317533,0.452445,-0.078514,0.320677,0.518905,-0.078084,0.241999,0.493749,-0.028123,0.257237,0.403554,-0.072595,0.280078,0.481232,-0.070776,0.287275,0.54736,-0.056755,0.193577,0.516262,-0.03852,0.20985,0.445389,-0.071551,0.232317,0.494961,-0.068917,0.239664,0.546143,-0.058516
336,11200,True,0.9953,0.9953,0.218879,0.735444,0.0,0.287508,0.710179,-0.028264,0.349054,0.634494,-0.043024,0.387856,0.561425,-0.058452,0.426469,0.505798,-0.073969,0.329513,0.496629,-0.014932,0.360072,0.40928,-0.037435,0.377817,0.351473,-0.052022,0.389871,0.297047,-0.063555,0.286915,0.486401,-0.019901,0.305443,0.385191,-0.064464,0.317586,0.459128,-0.08045,0.319138,0.525091,-0.079556,0.241745,0.49579,-0.027972,0.257952,0.408583,-0.074704,0.279724,0.489823,-0.071778,0.284884,0.554631,-0.056313,0.193106,0.516812,-0.038008,0.20987,0.447717,-0.072588,0.232345,0.500349,-0.069083,0.238403,0.551076,-0.057649
337,11233,True,0.9954,0.9954,0.218388,0.735736,0.0,0.28633,0.709059,-0.02739,0.348074,0.633109,-0.041,0.385449,0.559393,-0.055364,0.422434,0.503897,-0.069791,0.327584,0.498981,-0.013234,0.357911,0.411287,-0.035205,0.376889,0.353949,-0.049228,0.389937,0.299773,-0.060143,0.286386,0.488442,-0.018008,0.306532,0.390765,-0.061494,0.317017,0.464445,-0.076644,0.31681,0.527958,-0.075228,0.241865,0.496865,-0.025908,0.260445,0.413249,-0.072014,0.279135,0.494556,-0.068418,0.281823,0.557463,-0.052366,0.192843,0.516743,-0.035706,0.209572,0.448732,-0.069596,0.231239,0.501023,-0.065464,0.237008,0.550798,-0.053456
338,11266,True,0.9954,0.9954,0.218389,0.731845,0.0,0.286148,0.702989,-0.024071,0.345287,0.622651,-0.034692,0.379415,0.546946,-0.046571,0.415838,0.491198,-0.058351,0.322951,0.495755,-0.008397,0.354265,0.408255,-0.028887,0.373512,0.351968,-0.041355,0.38552,0.29818,-0.051173,0.282965,0.486204,-0.013412,0.304747,0.39568,-0.056043,0.314038,0.472184,-0.070067,0.311053,0.533022,-0.067839,0.239822,0.494097,-0.021452,0.260623,0.416549,-0.067468,0.277513,0.500284,-0.062974,0.277849,0.559951,-0.046041,0.191804,0.512983,-0.031015,0.210569,0.449472,-0.064937,0.232868,0.503716,-0.060494,0.238525,0.551446,-0.048024
339,11300,True,0.9959,0.9959,0.218613,0.727211,0.0,0.284101,0.699389,-0.026672,0.343154,0.619913,-0.039815,0.377546,0.543928,-0.053939,0.414864,0.486243,-0.067555,0.322329,0.492099,-0.010042,0.352765,0.405284,-0.033117,0.373198,0.348846,-0.046374,0.385395,0.295466,-0.056214,0.283182,0.483771,-0.014256,0.306548,0.397173,-0.058752,0.314077,0.479757,-0.071613,0.310003,0.537227,-0.067959,0.240565,0.491881,-0.022019,0.262019,0.416732,-0.070716,0.277129,0.504528,-0.063858,0.276451,0.560894,-0.044416,0.19216,0.510335,-0.031449,0.211232,0.450049,-0.06662,0.233228,0.507225,-0.060424,0.23825,0.552338,-0.046181
340,11333,True,0.9955,0.9955,0.220058,0.723952,0.0,0.285071,0.695471,-0.026059,0.343262,0.614707,-0.038538,0.377288,0.539493,-0.052099,0.414395,0.483407,-0.065086,0.321634,0.489717,-0.009631,0.352474,0.402719,-0.032574,0.373221,0.346866,-0.045626,0.385263,0.293752,-0.055298,0.283246,0.48192,-0.01384,0.305891,0.399051,-0.058008,0.313156,0.481536,-0.070584,0.309042,0.535829,-0.066944,0.241294,0.489948,-0.021588,0.262618,0.419784,-0.070357,0.277543,0.508182,-0.063442,0.276549,0.561842,-0.044031,0.193107,0.507679,-0.030935,0.212441,0.449204,-0.066125,0.234557,0.506865,-0.059737,0.239855,0.550959,-0.045372
341,11366,True,0.9945,0.9945,0.221925,0.720767,0.0,0.286715,0.692232,-0.027039,0.343665,0.610177,-0.039475,0.376545,0.534532,-0.052661,0.413942,0.478734,-0.065152,0.321822,0.488326,-0.010444,0.351706,0.40146,-0.033568,0.372412,0.34562,-0.046431,0.384175,0.292607,-0.055893,0.283341,0.480798,-0.014067,0.306613,0.400902,-0.058707,0.313424,0.484676,-0.070842,0.308351,0.537839,-0.066697,0.24155,0.488524,-0.021407,0.263837,0.422553,-0.071023,0.277843,0.51147,-0.064041,0.275751,0.562346,-0.044317,0.193539,0.50515,-0.030353,0.213616,0.447955,-0.065841,0.23465,0.506492,-0.059125,0.238609,0.54917,-0.044496
342,11400,True,0.9946,0.9946,0.226512,0.717098,0.0,0.289567,0.68963,-0.029068,0.345757,0.608711,-0.042673,0.37704,0.533435,-0.056545,0.412615,0.476589,-0.069272,0.324773,0.484845,-0.011975,0.353094,0.398885,-0.035894,0.373154,0.343377,-0.048654,0.384718,0.291925,-0.057602,0.286328,0.47832,-0.014368,0.307802,0.40278,-0.05961,0.313303,0.48939,-0.070296,0.308562,0.542509,-0.064686,0.244664,0.486531,-0.020861,0.265584,0.424816,-0.071405,0.278503,0.51517,-0.063162,0.276554,0.564798,-0.042143,0.19701,0.503549,-0.029069,0.217705,0.449166,-0.064565,0.237297,0.509532,-0.056744,0.240061,0.550954,-0.041061
343,11433,True,0.994,0.994,0.233309,0.71381,0.0,0.295833,0.686284,-0.027637,0.351642,0.604828,-0.040481,0.380592,0.528404,-0.053925,0.414189,0.471324,-0.06631,0.328439,0.481925,-0.011033,0.35485,0.39438,-0.034392,0.373613,0.338385,-0.046893,0.384731,0.28706,-0.055593,0.290075,0.476533,-0.013319,0.311078,0.40888,-0.057678,0.315064,0.496622,-0.06748,0.308654,0.549639,-0.06166,0.249286,0.485516,-0.019593,0.270379,0.426872,-0.068219,0.281583,0.516182,-0.058708,0.278222,0.564938,-0.037532,0.2029,0.503288,-0.02762,0.222967,0.448898,-0.061114,0.241093,0.507944,-0.052247,0.242654,0.548684,-0.036222
344,11466,True,0.9937,0.9937,0.235039,0.711826,0.0,0.297302,0.68346,-0.024878,0.353103,0.600227,-0.035753,0.382003,0.525519,-0.047474,0.415849,0.470907,-0.058329,0.329083,0.480779,-0.009943,0.356435,0.391998,-0.032386,0.375544,0.336763,-0.044357,0.386614,0.284882,-0.052947,0.290717,0.474451,-0.013094,0.31432,0.408734,-0.05669,0.317945,0.497382,-0.066059,0.309411,0.550446,-0.060189,0.249702,0.483071,-0.019849,0.273272,0.426818,-0.067929,0.283497,0.517099,-0.058218,0.278117,0.564075,-0.037178,0.20294,0.501164,-0.028021,0.226098,0.449791,-0.061256,0.244375,0.510151,-0.051874,0.244935,0.549743,-0.035649
345,11500,True,0.9927,0.9927,0.233316,0.712275,0.0,0.297606,0.68297,-0.026082,0.352872,0.600044,-0.037565,0.381452,0.523856,-0.049924,0.416226,0.46846,-0.061458,0.328875,0.480898,-0.009665,0.356742,0.393038,-0.032879,0.37536,0.336537,-0.045553,0.386296,0.2838,-0.054629,0.290392,0.474295,-0.012378,0.313832,0.4097,-0.05682,0.316722,0.497585,-0.066332,0.308739,0.55168,-0.060418,0.248986,0.482636,-0.019038,0.272204,0.425678,-0.067607,0.282043,0.515101,-0.057829,0.277196,0.563627,-0.036649,0.202043,0.50083,-0.027333,0.224849,0.449404,-0.06116,0.243049,0.509746,-0.052219,0.244304,0.550558,-0.036192
346,11533,True,0.9934,0.9934,0.232339,0.710107,0.0,0.295863,0.681767,-0.027485,0.351756,0.601018,-0.040221,0.380268,0.525101,-0.053555,0.414237,0.468218,-0.065927,0.328426,0.479287,-0.011549,0.355725,0.391173,-0.035117,0.374295,0.3349,-0.047548,0.385048,0.282508,-0.056288,0.289394,0.473053,-0.013898,0.312873,0.407911,-0.058537,0.315794,0.497397,-0.067674,0.307968,0.550408,-0.06128,0.247923,0.481611,-0.02024,0.270858,0.425986,-0.069529,0.28079,0.516512,-0.059527,0.276032,0.56381,-0.037897,0.200871,0.499619,-0.028265,0.223192,0.448178,-0.062521,0.241833,0.509325,-0.053267,0.243484,0.549875,-0.036836
347,11566,True,0.9939,0.9939,0.23058,0.709163,0.0,0.29435,0.679884,-0.027979,0.350392,0.599094,-0.041626,0.378553,0.522806,-0.056072,0.412805,0.465289,-0.069611,0.32616,0.477924,-0.012236,0.353315,0.390312,-0.036554,0.371675,0.334075,-0.049467,0.38238,0.282154,-0.05844,0.287294,0.471891,-0.014537,0.311692,0.409117,-0.05957,0.314781,0.497898,-0.068652,0.306949,0.550555,-0.062417,0.245654,0.480535,-0.020982,0.269499,0.425025,-0.07059,0.280175,0.515439,-0.060619,0.275726,0.564553,-0.039179,0.198189,0.498858,-0.029212,0.220917,0.448226,-0.064232,0.241046,0.508838,-0.055686,0.243944,0.550694,-0.039732
348,11600,True,0.9933,0.9933,0.228162,0.705655,0.0,0.292201,0.678102,-0.028193,0.34781,0.596755,-0.042129,0.37646,0.520432,-0.056786,0.412709,0.464574,-0.070603,0.325322,0.475055,-0.012922,0.35213,0.388519,-0.03801,0.369904,0.3319,-0.051542,0.38033,0.279792,-0.061108,0.285725,0.469109,-0.015205,0.310186,0.409925,-0.061021,0.31211,0.500439,-0.069932,0.304066,0.551464,-0.06363,0.243706,0.478207,-0.021722,0.26753,0.425458,-0.071961,0.277017,0.516935,-0.061243,0.272172,0.563225,-0.039479,0.196487,0.496793,-0.030043,0.219239,0.449521,-0.065187,0.236926,0.511117,-0.05604,0.237876,0.549591,-0.039879
349,11633,True,0.9941,0.9941,0.228226,0.70659,0.0,0.291732,0.677067,-0.028236,0.347258,0.595779,-0.042152,0.376321,0.520935,-0.056618,0.410593,0.465158,-0.07019,0.323916,0.47532,-0.013816,0.3503,0.388164,-0.038829,0.368536,0.331279,-0.052451,0.378683,0.279055,-0.062071,0.284158,0.469478,-0.016224,0.307216,0.408909,-0.061925,0.310891,0.499807,-0.070991,0.303527,0.551227,-0.06478,0.242037,0.478993,-0.022779,0.263616,0.425854,-0.072877,0.275264,0.517086,-0.06256,0.271494,0.562879,-0.041085,0.194823,0.498393,-0.031099,0.215972,0.449408,-0.066326,0.235364,0.511201,-0.057171,0.237619,0.550449,-0.040971
350,11666,True,0.9928,0.9928,0.227775,0.705914,0.0,0.291807,0.676501,-0.029912,0.346539,0.595652,-0.044437,0.374689,0.52011,-0.059244,0.409393,0.463801,-0.073064,0.323679,0.475546,-0.014986,0.349859,0.388228,-0.040376,0.367865,0.331291,-0.054372,0.378137,0.278902,-0.064175,0.283737,0.46973,-0.016584,0.306073,0.408499,-0.062922,0.310436,0.49773,-0.07251,0.30407,0.551365,-0.066556,0.241536,0.479136,-0.022512,0.262101,0.425246,-0.072406,0.274274,0.514798,-0.062644,0.271828,0.563042,-0.041543,0.194651,0.498202,-0.030476,0.214466,0.44865,-0.065458,0.234247,0.508717,-0.057109,0.237828,0.549312,-0.041509
351,11700,True,0.9929,0.9929,0.22769,0.706698,0.0,0.291534,0.67686,-0.029812,0.346688,0.596251,-0.044132,0.374502,0.521236,-0.058733,0.40786,0.464432,-0.072338,0.322835,0.47596,-0.014566,0.348886,0.388159,-0.039903,0.367048,0.331286,-0.05392,0.37738,0.278943,-0.063661,0.283298,0.46993,-0.016169,0.306098,0.408396,-0.062267,0.310409,0.497431,-0.071845,0.303577,0.550653,-0.065843,0.241386,0.479203,-0.022101,0.262363,0.425349,-0.071907,0.274105,0.515248,-0.062014,0.271012,0.563364,-0.040719,0.194635,0.498162,-0.030057,0.214507,0.448497,-0.06503,0.234086,0.508978,-0.056413,0.23718,0.549658,-0.040497
352,11733,True,0.9923,0.9923,0.227196,0.707805,0.0,0.292583,0.67689,-0.029125,0.347566,0.596115,-0.042959,0.374318,0.520457,-0.057345,0.408058,0.464015,-0.070823,0.322895,0.476408,-0.012771,0.349112,0.389062,-0.038216,0.367256,0.331817,-0.052561,0.377667,0.279262,-0.062596,0.28323,0.470538,-0.014867,0.306089,0.408519,-0.061573,0.309864,0.496826,-0.071795,0.302828,0.550495,-0.066044,0.241336,0.479923,-0.021364,0.26225,0.425674,-0.071697,0.273796,0.514984,-0.062331,0.270853,0.563169,-0.041194,0.19466,0.498961,-0.029847,0.214918,0.449483,-0.065209,0.234528,0.50975,-0.056994,0.237952,0.550271,-0.041269
353,11766,True,0.9919,0.9919,0.226588,0.708956,0.0,0.292599,0.67768,-0.028177,0.347292,0.596318,-0.041515,0.374027,0.520535,-0.055698,0.408105,0.464255,-0.069042,0.322503,0.476924,-0.010963,0.348875,0.389815,-0.036227,0.367313,0.332586,-0.050479,0.377994,0.280299,-0.060454,0.282844,0.471044,-0.013577,0.306632,0.408697,-0.060392,0.309854,0.497386,-0.070751,0.302123,0.550956,-0.064954,0.240902,0.480218,-0.020607,0.262949,0.425939,-0.071459,0.27368,0.515682,-0.062209,0.269708,0.563511,-0.040943,0.194024,0.499031,-0.029507,0.215585,0.449445,-0.065328,0.234685,0.510266,-0.057093,0.237197,0.550642,-0.041244
354,11800,True,0.9917,0.9917,0.226205,0.70902,0.0,0.290487,0.679202,-0.029052,0.3458,0.59717,-0.042379,0.373534,0.521426,-0.056115,0.407826,0.465283,-0.068883,0.322746,0.476941,-0.012432,0.349018,0.389798,-0.037229,0.367277,0.332892,-0.051139,0.377988,0.280473,-0.060861,0.28304,0.470851,-0.014234,0.306094,0.408878,-0.060066,0.309223,0.497336,-0.070004,0.301736,0.550733,-0.064134,0.241024,0.480041,-0.020348,0.262482,0.426541,-0.070193,0.272769,0.51663,-0.060651,0.268825,0.564519,-0.039399,0.194287,0.498706,-0.028405,0.215298,0.44895,-0.06334,0.233734,0.510041,-0.054676,0.235833,0.550521,-0.038619
355,11833,True,0.9917,0.9917,0.22582,0.709012,0.0,0.290254,0.678943,-0.029384,0.345451,0.597565,-0.043084,0.373514,0.521976,-0.057151,0.407825,0.465462,-0.070269,0.322382,0.477921,-0.013295,0.348812,0.390611,-0.038438,0.367228,0.333625,-0.052308,0.378016,0.28122,-0.061969,0.282509,0.471675,-0.015185,0.305864,0.409319,-0.061568,0.308971,0.498372,-0.07138,0.301532,0.552038,-0.065301,0.240371,0.480706,-0.021445,0.261879,0.42763,-0.071856,0.272296,0.517701,-0.062397,0.268528,0.565222,-0.0411,0.193566,0.499307,-0.029653,0.214105,0.449406,-0.064958,0.232966,0.510457,-0.05646,0.235675,0.551051,-0.040521
356,11866,True,0.9923,0.9923,0.225764,0.708862,0.0,0.289436,0.679327,-0.028184,0.344546,0.597127,-0.041124,0.373099,0.522063,-0.054557,0.407455,0.46658,-0.067162,0.321599,0.478496,-0.013386,0.348528,0.390894,-0.038204,0.367079,0.33447,-0.05197,0.378074,0.281891,-0.061651,0.282044,0.472153,-0.015634,0.305636,0.410522,-0.061725,0.309008,0.499495,-0.071605,0.301338,0.553406,-0.065792,0.240049,0.4812,-0.021992,0.261763,0.427948,-0.071895,0.272487,0.518106,-0.062438,0.268635,0.566313,-0.041354,0.193346,0.499857,-0.030186,0.214523,0.449599,-0.065257,0.23359,0.510694,-0.056699,0.236073,0.55209,-0.040788
357,11900,True,0.9923,0.9923,0.224974,0.709085,0.0,0.288772,0.680105,-0.028077,0.344643,0.597281,-0.04052,0.373599,0.521929,-0.053377,0.408066,0.466787,-0.06536,0.321391,0.479108,-0.01294,0.348682,0.391745,-0.037179,0.367089,0.335422,-0.050555,0.377962,0.282731,-0.060044,0.281739,0.472519,-0.014973,0.305325,0.411194,-0.060254,0.30822,0.499839,-0.06979,0.300362,0.55285,-0.063876,0.239698,0.481399,-0.021079,0.261444,0.428728,-0.070327,0.271681,0.519082,-0.060575,0.267638,0.566385,-0.039422,0.193007,0.499806,-0.029016,0.214169,0.449999,-0.063433,0.232624,0.511224,-0.054508,0.234671,0.551665,-0.038455
358,11933,True,0.992,0.992,0.22551,0.709697,0.0,0.288674,0.679943,-0.028195,0.344412,0.597913,-0.041152,0.372804,0.522249,-0.054574,0.407603,0.467049,-0.067116,0.321589,0.480215,-0.013645,0.34883,0.392309,-0.038158,0.366928,0.335826,-0.051471,0.377684,0.283117,-0.060813,0.281924,0.473642,-0.015661,0.304972,0.412654,-0.061148,0.307691,0.501643,-0.070424,0.300251,0.555145,-0.064327,0.239901,0.48232,-0.021757,0.261231,0.429467,-0.070901,0.271653,0.519468,-0.060921,0.268139,0.567724,-0.039662,0.193124,0.500658,-0.029735,0.213365,0.449896,-0.063989,0.232546,0.510278,-0.05509,0.235682,0.551597,-0.03906
359,11966,True,0.9923,0.9923,0.224826,0.709888,0.0,0.288068,0.680411,-0.027352,0.34393,0.598024,-0.039777,0.372976,0.522998,-0.052809,0.407219,0.468132,-0.065023,0.321271,0.480777,-0.013384,0.348927,0.392762,-0.037829,0.367201,0.336576,-0.051168,0.378075,0.283989,-0.060528,0.281702,0.474025,-0.015674,0.304872,0.413935,-0.061056,0.307551,0.502304,-0.070514,0.30009,0.555213,-0.064661,0.239611,0.482557,-0.021914,0.260946,0.430261,-0.070872,0.27145,0.519874,-0.061102,0.268149,0.567971,-0.040103,0.192746,0.50081,-0.029953,0.213442,0.451091,-0.064084,0.232654,0.511402,-0.055261,0.235902,0.552537,-0.039326
360,12000,True,0.993,0.993,0.224958,0.710296,0.0,0.287832,0.681845,-0.027249,0.343638,0.599271,-0.039911,0.372233,0.523586,-0.053177,0.407028,0.468663,-0.06565,0.320625,0.481042,-0.013887,0.348717,0.393258,-0.038437,0.367091,0.337378,-0.05146,0.378162,0.285167,-0.060506,0.281077,0.474294,-0.016146,0.305175,0.41451,-0.061369,0.306724,0.504281,-0.06998,0.298624,0.557257,-0.063487,0.239106,0.482974,-0.022346,0.261658,0.430091,-0.07126,0.271269,0.520714,-0.060708,0.267197,0.569032,-0.039152,0.192267,0.501696,-0.030306,0.213751,0.451432,-0.064457,0.232651,0.512269,-0.055268,0.235453,0.553491,-0.03903
361,12033,True,0.9928,0.9928,0.224711,0.7114,0.0,0.287183,0.682213,-0.027349,0.34304,0.600055,-0.040099,0.372044,0.524853,-0.053469,0.405929,0.469342,-0.066026,0.320109,0.481863,-0.013878,0.348657,0.3941,-0.038197,0.367405,0.338344,-0.051208,0.378657,0.286263,-0.060232,0.280803,0.475361,-0.016128,0.304706,0.415089,-0.061023,0.30679,0.503452,-0.069885,0.298833,0.556358,-0.06368,0.238946,0.484138,-0.022294,0.261109,0.431094,-0.070836,0.271145,0.520938,-0.060617,0.267339,0.569668,-0.039382,0.192287,0.502832,-0.030246,0.213369,0.452572,-0.064152,0.23247,0.51288,-0.055092,0.23535,0.554478,-0.038982
362,12066,True,0.9926,0.9926,0.223975,0.711621,0.0,0.287363,0.683019,-0.026791,0.34348,0.600909,-0.039233,0.372386,0.525125,-0.052443,0.407089,0.470405,-0.064894,0.320558,0.482712,-0.012989,0.349139,0.395061,-0.037152,0.367676,0.339199,-0.05005,0.378666,0.287144,-0.059077,0.281014,0.476053,-0.015485,0.304853,0.415918,-0.060599,0.306605,0.504458,-0.069572,0.298537,0.556991,-0.063347,0.239024,0.484627,-0.021867,0.261255,0.431787,-0.07074,0.271187,0.521875,-0.060516,0.267373,0.570194,-0.039172,0.192111,0.503236,-0.029969,0.213393,0.453471,-0.064143,0.232665,0.514311,-0.055104,0.235862,0.555728,-0.03894
363,12100,True,0.9926,0.9926,0.224116,0.712042,0.0,0.287222,0.68345,-0.027265,0.343178,0.601544,-0.039811,0.371789,0.525578,-0.053046,0.406008,0.470317,-0.065467,0.320362,0.483973,-0.013413,0.349458,0.395888,-0.037765,0.368001,0.339863,-0.050714,0.379221,0.287495,-0.059728,0.281048,0.47688,-0.015641,0.305057,0.417089,-0.061021,0.306501,0.50557,-0.069954,0.298509,0.558867,-0.063642,0.239092,0.484978,-0.021808,0.261498,0.43216,-0.070813,0.270826,0.522398,-0.060505,0.266966,0.571742,-0.039033,0.192179,0.503156,-0.029767,0.21351,0.453578,-0.064061,0.232238,0.514522,-0.055105,0.235188,0.556585,-0.038937
364,12133,True,0.9926,0.9926,0.223411,0.713056,0.0,0.28668,0.684231,-0.026972,0.34311,0.601734,-0.038821,0.372194,0.525941,-0.051331,0.406112,0.470489,-0.063046,0.319837,0.484837,-0.012474,0.349317,0.397516,-0.036335,0.36878,0.342251,-0.049077,0.381037,0.290455,-0.057952,0.280665,0.4776,-0.014704,0.304704,0.41686,-0.059649,0.306355,0.504472,-0.068751,0.298515,0.558262,-0.062549,0.238805,0.485624,-0.020875,0.261048,0.432806,-0.069571,0.270706,0.522388,-0.05978,0.267209,0.571887,-0.038635,0.192119,0.503606,-0.028792,0.213193,0.453579,-0.062879,0.231919,0.514224,-0.054167,0.234935,0.556484,-0.038197
365,12166,True,0.9924,0.9924,0.222363,0.713947,0.0,0.285982,0.685417,-0.026904,0.342452,0.602355,-0.038595,0.37154,0.526096,-0.050916,0.406103,0.47071,-0.062412,0.319862,0.485676,-0.012046,0.349304,0.398494,-0.035544,0.36864,0.342799,-0.048017,0.380509,0.29063,-0.056809,0.280643,0.478584,-0.014286,0.304421,0.416625,-0.058797,0.30669,0.504133,-0.067769,0.299342,0.557652,-0.061553,0.238763,0.486606,-0.020462,0.260838,0.433175,-0.069062,0.270912,0.52304,-0.059192,0.267571,0.572231,-0.038004,0.191918,0.504456,-0.028366,0.212755,0.453871,-0.062456,0.231514,0.514735,-0.053677,0.23451,0.556876,-0.037692
366,12200,True,0.9922,0.9922,0.222753,0.713738,0.0,0.286703,0.685253,-0.027634,0.342455,0.602104,-0.039914,0.371119,0.525398,-0.052798,0.406564,0.47021,-0.064869,0.319848,0.485328,-0.012878,0.349006,0.398328,-0.037141,0.367911,0.342551,-0.050124,0.379573,0.290244,-0.059236,0.280385,0.478106,-0.014921,0.304687,0.417521,-0.060416,0.306106,0.505795,-0.069653,0.298196,0.559211,-0.063466,0.238428,0.486196,-0.020989,0.260637,0.433571,-0.070461,0.270169,0.524003,-0.060602,0.266693,0.573467,-0.039214,0.191467,0.504269,-0.028852,0.212593,0.454237,-0.063595,0.231564,0.515374,-0.055022,0.234908,0.557722,-0.039035
367,12233,True,0.9922,0.9922,0.222394,0.713503,0.0,0.28635,0.685444,-0.027812,0.342533,0.603063,-0.039981,0.37109,0.526805,-0.052702,0.405166,0.471276,-0.064585,0.319458,0.485457,-0.012705,0.348341,0.398284,-0.03664,0.367295,0.342403,-0.049557,0.379096,0.290114,-0.058671,0.280057,0.478337,-0.014651,0.30424,0.41712,-0.060058,0.306292,0.504549,-0.069639,0.298726,0.558452,-0.063663,0.238193,0.486522,-0.020611,0.260009,0.433425,-0.07004,0.270092,0.523351,-0.060698,0.267088,0.573305,-0.039631,0.191544,0.504634,-0.028367,0.212441,0.454764,-0.063206,0.231618,0.515613,-0.055008,0.235248,0.558203,-0.039262
368,12266,True,0.9923,0.9923,0.222409,0.713216,0.0,0.286063,0.685586,-0.027798,0.342462,0.602953,-0.040079,0.371274,0.526281,-0.052904,0.405748,0.470775,-0.064914,0.319918,0.485878,-0.013257,0.348667,0.398267,-0.037296,0.367426,0.34221,-0.050046,0.378968,0.289772,-0.059007,0.280292,0.478801,-0.015223,0.304207,0.417186,-0.060598,0.306072,0.505349,-0.069748,0.298501,0.558945,-0.063475,0.238238,0.486932,-0.021175,0.260162,0.4332,-0.07061,0.269997,0.523987,-0.060741,0.266729,0.573923,-0.039331,0.19135,0.50488,-0.028928,0.212149,0.454513,-0.063771,0.231144,0.515668,-0.055297,0.234572,0.558156,-0.039368
369,12300,True,0.9924,0.9924,0.222486,0.713345,0.0,0.286203,0.685575,-0.027628,0.342355,0.603209,-0.039788,0.371007,0.5268,-0.052489,0.405098,0.471148,-0.064344,0.320166,0.48633,-0.013276,0.348937,0.398504,-0.037193,0.367618,0.342413,-0.049769,0.379003,0.290067,-0.058574,0.280664,0.479243,-0.015293,0.303954,0.417344,-0.060518,0.30591,0.505273,-0.069551,0.298698,0.558924,-0.063209,0.238598,0.487249,-0.021273,0.26009,0.433706,-0.070533,0.270033,0.524123,-0.060735,0.267037,0.573909,-0.039405,0.191644,0.505001,-0.029037,0.21208,0.454709,-0.063723,0.231118,0.515732,-0.055281,0.234833,0.558236,-0.039399
370,12333,True,0.9924,0.9924,0.222175,0.713296,0.0,0.286241,0.685477,-0.028029,0.342329,0.603244,-0.040498,0.37069,0.526883,-0.053429,0.405242,0.471395,-0.06546,0.320366,0.486069,-0.013663,0.34928,0.398742,-0.037974,0.36781,0.342853,-0.050854,0.379049,0.290562,-0.059844,0.280676,0.478734,-0.01552,0.304138,0.417868,-0.061167,0.305769,0.506207,-0.07029,0.298399,0.559779,-0.063952,0.238467,0.486594,-0.02141,0.26015,0.433956,-0.071016,0.269797,0.5246,-0.061166,0.266668,0.574148,-0.039721,0.191473,0.504236,-0.029117,0.212426,0.454721,-0.063921,0.231156,0.515974,-0.055413,0.234595,0.558114,-0.039444
371,12366,True,0.992,0.992,0.222132,0.7128,0.0,0.286118,0.685182,-0.028067,0.34216,0.602843,-0.040459,0.3706,0.526294,-0.053264,0.405499,0.470888,-0.06515,0.320558,0.485872,-0.013777,0.349759,0.398566,-0.038104,0.368607,0.342861,-0.050969,0.38008,0.290852,-0.059915,0.280894,0.478585,-0.015546,0.304082,0.417582,-0.061083,0.305391,0.505607,-0.070119,0.297834,0.559181,-0.06375,0.238749,0.486557,-0.021351,0.259865,0.433919,-0.070723,0.269353,0.524319,-0.060799,0.266319,0.573864,-0.039357,0.191901,0.50437,-0.028989,0.21232,0.454707,-0.063521,0.230819,0.515673,-0.05495,0.234242,0.557661,-0.03899
372,12400,True,0.9919,0.9919,0.221263,0.714009,0.0,0.285656,0.685864,-0.027585,0.341672,0.603224,-0.03987,0.370229,0.527036,-0.052694,0.405139,0.471596,-0.064603,0.320334,0.486376,-0.012934,0.349611,0.399697,-0.037273,0.368761,0.343814,-0.050123,0.380362,0.291943,-0.059029,0.280568,0.478598,-0.015002,0.304644,0.417986,-0.060348,0.305587,0.50691,-0.069082,0.297519,0.559915,-0.062463,0.238325,0.48609,-0.02115,0.260521,0.43413,-0.070449,0.269373,0.52485,-0.060225,0.265276,0.572964,-0.038608,0.191264,0.503476,-0.029088,0.212445,0.453637,-0.063396,0.230698,0.514834,-0.054385,0.233494,0.555893,-0.03818
373,12433,True,0.9922,0.9922,0.221641,0.714746,0.0,0.286078,0.686195,-0.028191,0.341927,0.603423,-0.040746,0.370019,0.527056,-0.053751,0.405306,0.471143,-0.06578,0.319935,0.486356,-0.012696,0.349155,0.40016,-0.036911,0.368678,0.344374,-0.049769,0.380267,0.29253,-0.058701,0.280321,0.478878,-0.014584,0.30423,0.417387,-0.059821,0.305716,0.506441,-0.068701,0.297351,0.559604,-0.062141,0.238322,0.486728,-0.020628,0.260351,0.434016,-0.069971,0.269582,0.524794,-0.059756,0.265204,0.572791,-0.038054,0.191509,0.504272,-0.028504,0.21243,0.453275,-0.062783,0.230642,0.51443,-0.053616,0.232845,0.555505,-0.037266
374,12466,True,0.9918,0.9918,0.221729,0.714937,0.0,0.286029,0.686459,-0.027947,0.341404,0.602972,-0.040173,0.369603,0.526309,-0.052987,0.404955,0.470561,-0.064848,0.319749,0.486232,-0.011781,0.348916,0.400265,-0.035912,0.368042,0.344214,-0.048843,0.379458,0.292054,-0.05786,0.280099,0.478598,-0.013719,0.303972,0.417586,-0.059148,0.305458,0.506487,-0.068262,0.297444,0.560054,-0.061751,0.238051,0.486347,-0.019828,0.260018,0.433744,-0.069242,0.269327,0.524525,-0.059139,0.265303,0.57321,-0.037412,0.191198,0.503947,-0.027777,0.212523,0.453611,-0.062122,0.230871,0.514812,-0.053087,0.233356,0.556257,-0.03674
375,12500,True,0.9915,0.9915,0.221153,0.714244,0.0,0.285472,0.685951,-0.02783,0.341522,0.601958,-0.039574,0.36946,0.525096,-0.051749,0.40486,0.469967,-0.062973,0.319045,0.485892,-0.011819,0.348391,0.4003,-0.035689,0.367616,0.344752,-0.048603,0.379445,0.292576,-0.057703,0.279469,0.478068,-0.013625,0.304136,0.417394,-0.058719,0.305473,0.505921,-0.067843,0.297179,0.559711,-0.061452,0.237612,0.485765,-0.019545,0.260208,0.43368,-0.068452,0.269221,0.523898,-0.058402,0.265051,0.572232,-0.0369,0.190899,0.503215,-0.027304,0.212291,0.453574,-0.061246,0.230123,0.514446,-0.052207,0.232354,0.55539,-0.035998
376,12533,True,0.9918,0.9918,0.22163,0.713558,0.0,0.285209,0.685781,-0.028344,0.341402,0.601918,-0.040512,0.369333,0.525113,-0.052972,0.404777,0.469689,-0.06443,0.319097,0.485006,-0.01252,0.348106,0.399825,-0.036796,0.367328,0.344684,-0.049999,0.379091,0.293006,-0.059209,0.279424,0.477408,-0.014121,0.304108,0.417302,-0.059385,0.30545,0.506202,-0.068521,0.296918,0.559935,-0.062135,0.237519,0.485427,-0.019878,0.260033,0.433793,-0.069038,0.269054,0.524414,-0.058929,0.264745,0.572876,-0.037338,0.190878,0.503256,-0.027492,0.212611,0.454294,-0.061662,0.230433,0.515673,-0.052558,0.232406,0.556675,-0.036238
377,12566,True,0.9912,0.9912,0.220792,0.713432,0.0,0.284896,0.685318,-0.028209,0.340912,0.601508,-0.040149,0.36922,0.524848,-0.052463,0.405021,0.46965,-0.063813,0.318727,0.485301,-0.01203,0.347839,0.399899,-0.036172,0.366982,0.344446,-0.049349,0.37879,0.292542,-0.05859,0.279061,0.477725,-0.013626,0.303065,0.4172,-0.059007,0.305005,0.505286,-0.068431,0.297383,0.559288,-0.062241,0.237105,0.485582,-0.019405,0.259158,0.433598,-0.068659,0.268617,0.52382,-0.059002,0.265018,0.572672,-0.037688,0.190553,0.50309,-0.027037,0.21178,0.454444,-0.061382,0.229664,0.515423,-0.052798,0.232123,0.556404,-0.036847
378,12600,True,0.9914,0.9914,0.220686,0.71316,0.0,0.284451,0.685391,-0.028402,0.340458,0.602105,-0.040725,0.368968,0.525276,-0.053444,0.40491,0.469667,-0.065187,0.318497,0.4854,-0.012244,0.347489,0.399954,-0.036259,0.366436,0.344412,-0.049149,0.377855,0.29246,-0.058211,0.279008,0.477862,-0.013839,0.303253,0.417401,-0.059047,0.304973,0.505762,-0.068348,0.296929,0.558928,-0.062107,0.237126,0.485765,-0.019596,0.259464,0.433943,-0.069061,0.268689,0.524575,-0.059367,0.26469,0.572949,-0.037988,0.190568,0.503343,-0.027172,0.211978,0.454392,-0.061731,0.230161,0.515661,-0.053099,0.232642,0.55664,-0.037075
379,12633,True,0.992,0.992,0.220674,0.713992,0.0,0.284312,0.686182,-0.028691,0.340318,0.603174,-0.041351,0.369058,0.525802,-0.054331,0.405045,0.469484,-0.066279,0.318313,0.485242,-0.01242,0.347162,0.399368,-0.036373,0.366343,0.343636,-0.049128,0.37789,0.291924,-0.058048,0.278854,0.478051,-0.013863,0.302981,0.417424,-0.058757,0.304663,0.50574,-0.067813,0.296614,0.558642,-0.06145,0.23693,0.486309,-0.019495,0.258819,0.434212,-0.068756,0.268391,0.524484,-0.058948,0.264732,0.572683,-0.037551,0.190313,0.504423,-0.026965,0.211098,0.454977,-0.061397,0.229739,0.515959,-0.052709,0.23265,0.556949,-0.036654
380,12666,True,0.9915,0.9915,0.219386,0.714078,0.0,0.283483,0.686124,-0.028542,0.339354,0.603278,-0.041104,0.368364,0.526477,-0.054068,0.404235,0.47048,-0.066069,0.317412,0.486224,-0.013294,0.346897,0.399497,-0.037579,0.365999,0.343861,-0.050494,0.377693,0.291765,-0.059519,0.277939,0.478725,-0.014857,0.301959,0.418324,-0.060261,0.303613,0.506093,-0.069504,0.295978,0.559628,-0.063325,0.235956,0.486535,-0.020577,0.258066,0.43457,-0.069901,0.26758,0.52436,-0.060343,0.264275,0.57343,-0.039201,0.189338,0.504096,-0.028169,0.210399,0.455329,-0.06262,0.229048,0.51553,-0.054338,0.232356,0.556767,-0.038645
381,12700,True,0.9915,0.9915,0.219414,0.713671,0.0,0.283071,0.685356,-0.028946,0.339294,0.603037,-0.041896,0.368326,0.526591,-0.055178,0.403752,0.470213,-0.067418,0.317483,0.485931,-0.01371,0.346371,0.398741,-0.038158,0.365318,0.342891,-0.051139,0.37694,0.290881,-0.060131,0.277923,0.4785,-0.015187,0.301916,0.41846,-0.060607,0.303535,0.506488,-0.069729,0.295912,0.559427,-0.06346,0.235838,0.486163,-0.020865,0.257954,0.434727,-0.070146,0.267184,0.524623,-0.060298,0.263612,0.573077,-0.038967,0.188964,0.503343,-0.028474,0.209908,0.454378,-0.062693,0.228393,0.514643,-0.054029,0.231466,0.555593,-0.038083
382,12733,True,0.9912,0.9912,0.218987,0.71314,0.0,0.282573,0.685492,-0.028364,0.33846,0.602773,-0.040957,0.367454,0.525997,-0.053954,0.403125,0.470223,-0.065957,0.317363,0.486451,-0.013735,0.345939,0.398486,-0.038041,0.364381,0.34231,-0.050887,0.375554,0.289834,-0.059836,0.277654,0.478899,-0.015422,0.301233,0.418487,-0.060695,0.30306,0.506775,-0.069515,0.295682,0.560013,-0.063094,0.235545,0.486391,-0.021225,0.257484,0.434471,-0.070246,0.266611,0.524827,-0.060041,0.262971,0.573606,-0.03857,0.188844,0.503338,-0.028929,0.209784,0.454313,-0.06293,0.227839,0.514711,-0.054054,0.230597,0.555603,-0.038047
383,12766,True,0.9916,0.9916,0.219061,0.712439,0.0,0.28253,0.684296,-0.028063,0.338604,0.603033,-0.0408,0.367496,0.527262,-0.054038,0.402082,0.470902,-0.06631,0.317266,0.485563,-0.013379,0.345728,0.3977,-0.037628,0.364382,0.341649,-0.050527,0.37541,0.289388,-0.059479,0.277702,0.478318,-0.01524,0.301076,0.41805,-0.060045,0.30297,0.506441,-0.068835,0.295298,0.558324,-0.062515,0.235647,0.486184,-0.021181,0.257238,0.43435,-0.0699,0.266335,0.524723,-0.0595,0.262276,0.57212,-0.038006,0.18878,0.503353,-0.028981,0.209063,0.453899,-0.06266,0.227118,0.514414,-0.053335,0.229603,0.554635,-0.037069
384,12800,True,0.9915,0.9915,0.218403,0.712588,0.0,0.282751,0.684358,-0.027555,0.338222,0.601955,-0.039795,0.366478,0.525969,-0.052623,0.401443,0.470638,-0.064558,0.31789,0.484743,-0.01283,0.346183,0.398247,-0.037432,0.36431,0.342311,-0.050701,0.375119,0.289895,-0.060028,0.277949,0.477587,-0.014969,0.301071,0.418694,-0.060876,0.302758,0.507987,-0.070273,0.295487,0.560552,-0.064116,0.235529,0.485783,-0.021164,0.256793,0.435066,-0.071174,0.266199,0.526173,-0.061339,0.262775,0.573704,-0.039891,0.188509,0.503784,-0.029102,0.209566,0.455466,-0.064105,0.227862,0.517404,-0.055373,0.230948,0.557922,-0.03926
385,12833,True,0.9919,0.9919,0.218968,0.712326,0.0,0.282824,0.684134,-0.027882,0.33829,0.601199,-0.040202,0.366407,0.524862,-0.052965,0.402185,0.469844,-0.064791,0.3176,0.484576,-0.013029,0.346213,0.398348,-0.037533,0.364645,0.342514,-0.050706,0.375706,0.290196,-0.059995,0.27766,0.477417,-0.015014,0.301487,0.418145,-0.060784,0.303035,0.507823,-0.070047,0.295185,0.560224,-0.063775,0.235371,0.485705,-0.021063,0.257242,0.435431,-0.07117,0.26627,0.526977,-0.061194,0.262238,0.573736,-0.039583,0.188427,0.503583,-0.028842,0.209933,0.454789,-0.063781,0.22793,0.517114,-0.054739,0.230413,0.55738,-0.038411
386,12866,True,0.9918,0.9918,0.21912,0.71194,0.0,0.282781,0.684195,-0.028524,0.338639,0.601834,-0.04119,0.36717,0.525351,-0.054175,0.402714,0.469772,-0.066193,0.317664,0.485379,-0.013662,0.346677,0.398649,-0.038068,0.365127,0.34263,-0.051164,0.375764,0.29035,-0.060372,0.277548,0.47828,-0.015429,0.301318,0.418208,-0.061197,0.303119,0.507541,-0.070412,0.29516,0.560025,-0.06407,0.235325,0.486561,-0.021301,0.256973,0.435605,-0.071214,0.265982,0.527121,-0.061066,0.261731,0.574174,-0.039335,0.188738,0.50427,-0.028984,0.209689,0.454615,-0.063654,0.227273,0.516483,-0.054412,0.229183,0.556738,-0.037968
387,12900,True,0.9915,0.9915,0.219071,0.711844,0.0,0.282813,0.683831,-0.028245,0.338793,0.601436,-0.040718,0.367316,0.52498,-0.05361,0.403314,0.46997,-0.065517,0.317829,0.484678,-0.012698,0.346806,0.398298,-0.036826,0.365143,0.342269,-0.049665,0.375797,0.29008,-0.058719,0.277812,0.477696,-0.014523,0.301182,0.41788,-0.060228,0.303224,0.507241,-0.069526,0.295879,0.559645,-0.063186,0.235722,0.485865,-0.020477,0.257289,0.435815,-0.070635,0.266456,0.52734,-0.060789,0.262633,0.57433,-0.039136,0.189177,0.50339,-0.028194,0.210236,0.454591,-0.063096,0.227922,0.516751,-0.054143,0.230201,0.55696,-0.037826
388,12933,True,0.9915,0.9915,0.219747,0.711179,0.0,0.283706,0.683539,-0.028011,0.339497,0.601087,-0.04025,0.367545,0.524566,-0.052904,0.403174,0.469592,-0.064557,0.318333,0.484494,-0.012804,0.347348,0.39832,-0.037057,0.365501,0.342482,-0.049943,0.376116,0.290446,-0.058981,0.278171,0.477289,-0.014688,0.301421,0.417962,-0.060323,0.30325,0.507339,-0.069298,0.296113,0.559877,-0.062762,0.235989,0.485293,-0.020708,0.257648,0.435749,-0.07066,0.266438,0.52732,-0.060483,0.262645,0.574363,-0.038659,0.189487,0.502805,-0.028513,0.210794,0.454214,-0.063134,0.227928,0.516329,-0.053927,0.229897,0.556443,-0.037481
389,12966,True,0.9923,0.9923,0.220734,0.711874,0.0,0.283793,0.684391,-0.027899,0.339473,0.601463,-0.040185,0.367629,0.525035,-0.052862,0.403027,0.470131,-0.064572,0.318127,0.48464,-0.013299,0.346851,0.398373,-0.037388,0.365377,0.342653,-0.050176,0.376411,0.290748,-0.059162,0.278113,0.477442,-0.015169,0.301711,0.417983,-0.060407,0.304136,0.507123,-0.069321,0.296895,0.559987,-0.062908,0.236125,0.485663,-0.021085,0.257572,0.435732,-0.070502,0.267154,0.52692,-0.060422,0.263547,0.574612,-0.038867,0.189837,0.503492,-0.028773,0.210652,0.454459,-0.063072,0.22853,0.515937,-0.053989,0.230835,0.556486,-0.03775
390,13000,True,0.9917,0.9917,0.220388,0.712147,0.0,0.283884,0.684,-0.027793,0.339973,0.601387,-0.039982,0.368471,0.52569,-0.052645,0.403161,0.470496,-0.064333,0.317991,0.484718,-0.01288,0.346879,0.398652,-0.036915,0.365438,0.343085,-0.049776,0.376469,0.291172,-0.058799,0.27804,0.477606,-0.014799,0.30176,0.41865,-0.059878,0.304411,0.507328,-0.068877,0.297397,0.559964,-0.062582,0.236081,0.485688,-0.020791,0.257684,0.435875,-0.069946,0.267374,0.526869,-0.059803,0.263857,0.574605,-0.03827,0.189908,0.503376,-0.028589,0.211006,0.45431,-0.062656,0.228651,0.515685,-0.053423,0.230678,0.556276,-0.037106
391,13033,True,0.991,0.991,0.22022,0.711153,0.0,0.284091,0.68392,-0.02794,0.339631,0.601475,-0.039993,0.367531,0.525331,-0.052496,0.402479,0.470428,-0.064069,0.318177,0.484577,-0.013036,0.346942,0.398015,-0.036898,0.365121,0.34251,-0.049646,0.376161,0.290445,-0.058613,0.278212,0.477703,-0.014768,0.301232,0.418388,-0.059979,0.303921,0.506214,-0.069235,0.297534,0.559493,-0.063072,0.236199,0.485898,-0.020527,0.257341,0.435667,-0.069714,0.267025,0.526111,-0.059973,0.26407,0.574685,-0.038642,0.190112,0.503693,-0.028096,0.210747,0.454061,-0.062247,0.228399,0.515319,-0.053384,0.231067,0.55682,-0.037268
392,13066,True,0.9913,0.9913,0.219944,0.711152,0.0,0.28378,0.683502,-0.027867,0.339275,0.601595,-0.040265,0.367527,0.526055,-0.053174,0.402299,0.471024,-0.065132,0.318067,0.484336,-0.013095,0.346971,0.398028,-0.0375,0.365383,0.342251,-0.0506,0.376243,0.290215,-0.059753,0.278092,0.477098,-0.015045,0.302211,0.418762,-0.060666,0.304006,0.507649,-0.069796,0.296463,0.559942,-0.063424,0.236051,0.485068,-0.021089,0.258157,0.436122,-0.070731,0.26715,0.527027,-0.060686,0.263305,0.57419,-0.03907,0.189823,0.502651,-0.02893,0.21139,0.454752,-0.063368,0.228883,0.516325,-0.054277,0.231045,0.556519,-0.037949
393,13100,True,0.9909,0.9909,0.219527,0.7113,0.0,0.283743,0.683493,-0.028128,0.339467,0.601453,-0.040536,0.367838,0.525524,-0.053437,0.40285,0.470368,-0.065361,0.31794,0.484169,-0.012725,0.34693,0.397977,-0.037,0.365238,0.34193,-0.05013,0.376104,0.289767,-0.059337,0.277894,0.476924,-0.014541,0.302318,0.418461,-0.060076,0.304394,0.506802,-0.069405,0.296978,0.55922,-0.063205,0.235888,0.484843,-0.020507,0.258229,0.435976,-0.070106,0.267221,0.526567,-0.060279,0.263337,0.573912,-0.038805,0.189747,0.502302,-0.028305,0.211658,0.454125,-0.062696,0.228955,0.515417,-0.053727,0.230818,0.555711,-0.037503
394,13133,True,0.9908,0.9908,0.219872,0.711158,0.0,0.284038,0.683293,-0.028332,0.339625,0.60123,-0.040956,0.368003,0.525133,-0.054045,0.403005,0.469805,-0.066136,0.31843,0.484058,-0.013182,0.34726,0.398165,-0.037911,0.365433,0.342397,-0.051275,0.376472,0.290454,-0.060586,0.278207,0.476673,-0.01499,0.302728,0.419366,-0.060978,0.304022,0.508289,-0.070231,0.296517,0.560401,-0.0639,0.23604,0.484555,-0.020986,0.258386,0.436186,-0.070847,0.266814,0.527014,-0.060739,0.262884,0.574129,-0.039041,0.189717,0.502131,-0.028852,0.211676,0.45441,-0.063378,0.228692,0.515908,-0.05425,0.230634,0.555985,-0.037865
395,13166,True,0.991,0.991,0.22047,0.711106,0.0,0.284111,0.683775,-0.029457,0.340263,0.602926,-0.042808,0.36913,0.527133,-0.056391,0.40367,0.471157,-0.068886,0.318878,0.484254,-0.013842,0.347273,0.398161,-0.03876,0.365733,0.342263,-0.052219,0.376973,0.290911,-0.061454,0.278645,0.477098,-0.015183,0.30283,0.419486,-0.061189,0.304341,0.508887,-0.070354,0.296957,0.561068,-0.063846,0.236582,0.485072,-0.020824,0.25829,0.436823,-0.070693,0.266758,0.527483,-0.060456,0.262782,0.574117,-0.038614,0.190396,0.502555,-0.028425,0.211636,0.454365,-0.062771,0.228457,0.5159,-0.053327,0.22995,0.555691,-0.036692
396,13200,True,0.9909,0.9909,0.221128,0.712039,0.0,0.284517,0.68366,-0.029186,0.340514,0.603173,-0.042494,0.369081,0.52774,-0.056041,0.403578,0.471605,-0.068511,0.319158,0.484967,-0.014181,0.348135,0.399259,-0.038925,0.366668,0.343522,-0.052196,0.37814,0.291826,-0.061344,0.279244,0.477268,-0.015572,0.304045,0.419639,-0.061258,0.305084,0.508479,-0.070331,0.297244,0.561206,-0.063907,0.237198,0.484818,-0.021201,0.259295,0.436916,-0.070639,0.267668,0.526675,-0.060716,0.263703,0.573892,-0.039254,0.190692,0.50204,-0.02876,0.212044,0.454387,-0.062845,0.229591,0.515332,-0.053747,0.231869,0.55583,-0.037454
397,13233,True,0.9913,0.9913,0.22131,0.71187,0.0,0.284923,0.68315,-0.02837,0.340759,0.60263,-0.041137,0.369499,0.527533,-0.054317,0.403945,0.471516,-0.066525,0.318742,0.485271,-0.013071,0.347646,0.399584,-0.03727,0.3664,0.344275,-0.050305,0.378236,0.292848,-0.059302,0.279336,0.477854,-0.01471,0.304137,0.419464,-0.059702,0.305294,0.507398,-0.068751,0.297511,0.559986,-0.062438,0.237564,0.485477,-0.020497,0.259761,0.436446,-0.069305,0.267933,0.525986,-0.05932,0.263853,0.573593,-0.037921,0.191105,0.502508,-0.028164,0.211993,0.453824,-0.061803,0.229378,0.514625,-0.052551,0.231556,0.555621,-0.03621
398,13266,True,0.9915,0.9915,0.220859,0.71256,0.0,0.284361,0.684051,-0.028447,0.340738,0.602595,-0.041114,0.369658,0.526712,-0.05416,0.404684,0.470775,-0.066215,0.318676,0.485187,-0.012915,0.347962,0.399579,-0.037086,0.366731,0.344077,-0.050062,0.378286,0.292341,-0.059047,0.279088,0.47776,-0.014534,0.304289,0.41935,-0.059582,0.305282,0.50746,-0.068667,0.297205,0.559876,-0.062326,0.237224,0.485443,-0.020311,0.259859,0.436722,-0.069461,0.268051,0.526617,-0.059614,0.263931,0.574258,-0.038178,0.190696,0.502647,-0.027944,0.212201,0.45419,-0.061982,0.229897,0.515317,-0.052886,0.232312,0.556536,-0.036542
399,13299,True,0.9915,0.9915,0.221239,0.712533,0.0,0.284826,0.683976,-0.028643,0.34098,0.602833,-0.041443,0.36965,0.526977,-0.054592,0.404644,0.470901,-0.06673,0.319022,0.485659,-0.013118,0.34796,0.399711,-0.037233,0.3667,0.343972,-0.05015,0.378253,0.292095,-0.059086,0.279441,0.478202,-0.014668,0.30431,0.41928,-0.059523,0.305563,0.507224,-0.06848,0.297606,0.559723,-0.062101,0.237651,0.485858,-0.020388,0.260078,0.436576,-0.069298,0.268271,0.526232,-0.059248,0.264048,0.573756,-0.037745,0.191161,0.502902,-0.027999,0.212362,0.45361,-0.061721,0.229835,0.514538,-0.052367,0.23195,0.555696,-0.03592
400,13333,True,0.9914,0.9914,0.221178,0.712883,0.0,0.284783,0.684935,-0.028793,0.340801,0.603249,-0.041449,0.36937,0.526942,-0.054371,0.404598,0.47101,-0.066282,0.318852,0.485883,-0.013236,0.347954,0.399829,-0.037137,0.366893,0.344014,-0.049912,0.378449,0.292029,-0.058793,0.279365,0.47851,-0.014623,0.303881,0.419042,-0.059286,0.305907,0.506525,-0.068338,0.298306,0.55945,-0.062072,0.237676,0.486287,-0.020164,0.259845,0.437013,-0.068906,0.26869,0.526314,-0.059191,0.264742,0.574053,-0.037958,0.191401,0.503452,-0.027602,0.212433,0.454094,-0.061315,0.230249,0.514725,-0.052305,0.232586,0.556009,-0.036133
401,13366,True,0.9913,0.9913,0.220989,0.713776,0.0,0.28453,0.685855,-0.029186,0.340741,0.604486,-0.042167,0.369449,0.527683,-0.055393,0.404483,0.471165,-0.067589,0.319179,0.486351,-0.013219,0.348032,0.400225,-0.037212,0.366997,0.344225,-0.050044,0.378538,0.292186,-0.05894,0.279602,0.478897,-0.014518,0.304313,0.419263,-0.059153,0.305905,0.50692,-0.068188,0.297996,0.55935,-0.06187,0.237864,0.486648,-0.020026,0.259738,0.437003,-0.06887,0.268508,0.526415,-0.059076,0.264543,0.574069,-0.037738,0.191493,0.503879,-0.027465,0.212029,0.453978,-0.061294,0.229895,0.514864,-0.052181,0.232323,0.556407,-0.035874
402,13400,True,0.9915,0.9915,0.221384,0.712472,0.0,0.284848,0.685044,-0.02948,0.341157,0.604696,-0.042603,0.369137,0.52811,-0.055835,0.403903,0.471574,-0.068043,0.319709,0.485973,-0.014203,0.348404,0.399768,-0.03825,0.36702,0.344064,-0.051062,0.378337,0.292109,-0.059948,0.279942,0.478788,-0.015326,0.304134,0.41932,-0.060007,0.305685,0.506824,-0.069094,0.298024,0.559302,-0.062903,0.238001,0.486799,-0.020603,0.25948,0.437482,-0.069505,0.26822,0.526842,-0.0598,0.26454,0.574437,-0.038572,0.19136,0.504146,-0.027807,0.211402,0.453894,-0.061624,0.229368,0.51464,-0.052564,0.232166,0.556197,-0.03634
403,13433,True,0.991,0.991,0.221365,0.712468,0.0,0.284957,0.684628,-0.029797,0.340798,0.604123,-0.043143,0.369169,0.527683,-0.056536,0.404324,0.471381,-0.068889,0.319678,0.485935,-0.014524,0.348534,0.399909,-0.038948,0.367226,0.344277,-0.052092,0.378831,0.292434,-0.061162,0.279923,0.478555,-0.015534,0.304448,0.419564,-0.060644,0.305685,0.507133,-0.06982,0.297847,0.560495,-0.063576,0.23794,0.486531,-0.020775,0.25961,0.437778,-0.069714,0.268091,0.526569,-0.060092,0.264347,0.574501,-0.038886,0.191422,0.503995,-0.028,0.211702,0.454448,-0.061787,0.229427,0.514837,-0.052864,0.232087,0.556377,-0.036721
404,13466,True,0.9909,0.9909,0.221219,0.711921,0.0,0.285162,0.684239,-0.029722,0.341034,0.603718,-0.042829,0.369091,0.527225,-0.056004,0.404425,0.47131,-0.068102,0.319751,0.48563,-0.013815,0.348461,0.399553,-0.038119,0.367009,0.343681,-0.051199,0.378566,0.291821,-0.060229,0.279945,0.478308,-0.014731,0.304373,0.419604,-0.059838,0.305518,0.507143,-0.068969,0.297833,0.560203,-0.062598,0.238009,0.486154,-0.01992,0.259765,0.437999,-0.069034,0.267924,0.527114,-0.059356,0.264119,0.574528,-0.037985,0.191578,0.503362,-0.027079,0.212322,0.4545,-0.060939,0.229572,0.51541,-0.051927,0.231915,0.556455,-0.03566
405,13500,True,0.9909,0.9909,0.221639,0.712099,0.0,0.285302,0.683981,-0.029959,0.341167,0.6035,-0.043397,0.369285,0.527397,-0.056873,0.404783,0.471437,-0.069232,0.319646,0.485119,-0.014051,0.348315,0.399616,-0.03888,0.366926,0.343964,-0.052321,0.37859,0.292304,-0.061544,0.280023,0.477647,-0.014969,0.304788,0.419555,-0.06061,0.305618,0.508179,-0.069755,0.297635,0.561335,-0.063272,0.238187,0.485439,-0.020242,0.260416,0.438023,-0.069825,0.268215,0.527735,-0.060011,0.26403,0.574975,-0.038438,0.191768,0.502689,-0.027506,0.212935,0.454755,-0.061674,0.230182,0.515841,-0.052656,0.232422,0.556503,-0.036316
406,13533,True,0.9914,0.9914,0.22193,0.71252,0.0,0.285529,0.684555,-0.02912,0.341626,0.60401,-0.042215,0.369613,0.527857,-0.055497,0.404495,0.471911,-0.067773,0.319297,0.485834,-0.013929,0.348039,0.399581,-0.038198,0.366767,0.343934,-0.051345,0.37826,0.292059,-0.060467,0.279787,0.478341,-0.015187,0.305046,0.419702,-0.060217,0.30635,0.507498,-0.069417,0.297818,0.56045,-0.06323,0.238152,0.486087,-0.020596,0.26089,0.436977,-0.069505,0.269151,0.52642,-0.059751,0.264643,0.574306,-0.038476,0.191781,0.503465,-0.027927,0.213009,0.454543,-0.061853,0.230952,0.515119,-0.052929,0.233356,0.55635,-0.036757
407,13566,True,0.9919,0.9919,0.222272,0.712483,0.0,0.285704,0.684756,-0.029107,0.342226,0.60442,-0.042262,0.370444,0.528187,-0.055677,0.405028,0.47166,-0.068109,0.319372,0.48617,-0.013777,0.348224,0.399896,-0.037981,0.366934,0.344307,-0.050971,0.378483,0.292459,-0.059969,0.279844,0.478829,-0.015149,0.305279,0.419678,-0.060286,0.306623,0.507877,-0.069504,0.298057,0.560832,-0.063272,0.238243,0.486525,-0.020672,0.261303,0.436999,-0.069869,0.269412,0.526931,-0.060051,0.264568,0.575069,-0.038609,0.191888,0.503689,-0.028095,0.213656,0.45413,-0.062212,0.231437,0.515023,-0.053161,0.233291,0.556636,-0.036829
408,13600,True,0.9913,0.9913,0.223204,0.71048,0.0,0.286307,0.683738,-0.028125,0.342643,0.601731,-0.040049,0.37178,0.524973,-0.052281,0.407893,0.469829,-0.063584,0.321118,0.486253,-0.012826,0.349636,0.398978,-0.036149,0.36806,0.343328,-0.048664,0.379844,0.291621,-0.057352,0.281702,0.478779,-0.014143,0.305495,0.419038,-0.058409,0.306626,0.505299,-0.067523,0.298736,0.559165,-0.061382,0.239987,0.486089,-0.019458,0.262119,0.435185,-0.067427,0.270154,0.523682,-0.057738,0.266177,0.572893,-0.036685,0.193625,0.502301,-0.026632,0.215102,0.451375,-0.05971,0.231631,0.511345,-0.050639,0.233118,0.553436,-0.034513
409,13633,True,0.9942,0.9942,0.227429,0.70493,0.0,0.289236,0.678369,-0.027674,0.344624,0.596989,-0.03992,0.373307,0.520173,-0.052512,0.409786,0.464889,-0.064176,0.323321,0.480761,-0.012675,0.351832,0.394671,-0.035948,0.37072,0.339751,-0.048425,0.382256,0.288783,-0.056988,0.284617,0.474057,-0.014304,0.309259,0.413445,-0.057484,0.30865,0.500337,-0.065882,0.298987,0.552602,-0.059531,0.243224,0.482021,-0.019889,0.267492,0.431037,-0.067441,0.273451,0.519441,-0.056867,0.267643,0.566921,-0.035365,0.196627,0.49846,-0.027223,0.21949,0.446801,-0.059462,0.235115,0.506186,-0.04918,0.23516,0.547442,-0.032378
410,13666,True,0.996,0.996,0.234022,0.688683,0.0,0.295665,0.660847,-0.024123,0.351136,0.582136,-0.035056,0.380987,0.50905,-0.046961,0.412961,0.453853,-0.058281,0.327779,0.466922,-0.01109,0.357208,0.381411,-0.034229,0.375227,0.32747,-0.047228,0.386451,0.276048,-0.05612,0.290422,0.460588,-0.01403,0.317486,0.405959,-0.0563,0.314905,0.491956,-0.065122,0.303289,0.541206,-0.059682,0.24993,0.469082,-0.020396,0.275278,0.420649,-0.067112,0.279685,0.507961,-0.056042,0.273016,0.552914,-0.034768,0.203957,0.486058,-0.028091,0.226886,0.435465,-0.059409,0.241472,0.496151,-0.047584,0.241426,0.536872,-0.0299
411,13700,True,0.9965,0.9965,0.240139,0.662202,0.0,0.3031,0.636159,-0.02395,0.358853,0.56089,-0.035606,0.388643,0.488809,-0.048102,0.423148,0.4364,-0.060286,0.334762,0.446638,-0.012573,0.364144,0.36021,-0.036804,0.382868,0.306179,-0.050417,0.395595,0.25501,-0.059802,0.297855,0.440261,-0.015762,0.327062,0.388621,-0.059744,0.322716,0.475823,-0.068666,0.309846,0.523551,-0.063129,0.257507,0.448891,-0.022298,0.283355,0.402884,-0.070719,0.285876,0.489961,-0.05918,0.278299,0.532436,-0.037387,0.210651,0.466197,-0.029995,0.233077,0.41834,-0.062597,0.24777,0.480021,-0.050567,0.248291,0.518558,-0.032586
412,13733,True,0.9964,0.9964,0.248342,0.637301,0.0,0.310598,0.61134,-0.026171,0.366001,0.538289,-0.038817,0.396546,0.467313,-0.052017,0.432278,0.414462,-0.064627,0.342934,0.424273,-0.011869,0.371843,0.339789,-0.035489,0.39056,0.286054,-0.04874,0.403198,0.235962,-0.057761,0.306538,0.417699,-0.014337,0.335682,0.362289,-0.057727,0.332426,0.445952,-0.067268,0.320186,0.494933,-0.061904,0.266266,0.425574,-0.020473,0.29332,0.380781,-0.06913,0.295682,0.466122,-0.059063,0.288157,0.510474,-0.037648,0.219547,0.441457,-0.027939,0.243348,0.393941,-0.060549,0.257872,0.454402,-0.049371,0.257869,0.494864,-0.031725
413,13766,True,0.9963,0.9963,0.2536,0.613366,0.0,0.318446,0.588553,-0.025978,0.373853,0.514579,-0.038031,0.403768,0.441799,-0.050841,0.440593,0.389873,-0.063287,0.350724,0.402675,-0.010744,0.377864,0.31941,-0.034732,0.396674,0.265329,-0.048604,0.40984,0.215126,-0.058006,0.313848,0.395263,-0.012987,0.342959,0.337713,-0.056945,0.342066,0.420095,-0.06738,0.331049,0.472301,-0.06235,0.27332,0.402133,-0.018945,0.300369,0.353918,-0.067593,0.303772,0.438396,-0.058226,0.296439,0.486927,-0.036978,0.226069,0.417076,-0.026332,0.250297,0.368168,-0.05945,0.264957,0.426763,-0.049569,0.26484,0.468782,-0.032607
414,13799,True,0.9967,0.9967,0.259724,0.59296,0.0,0.32389,0.57145,-0.0266,0.37849,0.497844,-0.038665,0.408393,0.42408,-0.051538,0.444707,0.372593,-0.063954,0.356636,0.384287,-0.011328,0.383381,0.297449,-0.034934,0.400056,0.241067,-0.048416,0.410835,0.189705,-0.05764,0.320081,0.376562,-0.013239,0.350165,0.317073,-0.058029,0.34941,0.397992,-0.069177,0.337443,0.451487,-0.064274,0.279912,0.382512,-0.018806,0.307087,0.332299,-0.06794,0.310784,0.416335,-0.059664,0.302764,0.46759,-0.038801,0.233098,0.396176,-0.025888,0.256921,0.346505,-0.06006,0.272844,0.403205,-0.051815,0.273712,0.447045,-0.035693
415,13833,True,0.9962,0.9962,0.268827,0.580129,0.0,0.330613,0.558597,-0.026454,0.386485,0.480217,-0.037771,0.416212,0.405817,-0.049895,0.452073,0.35434,-0.061286,0.362251,0.366432,-0.01201,0.386963,0.277553,-0.034665,0.401353,0.220228,-0.046859,0.410096,0.167652,-0.055311,0.325257,0.359759,-0.013809,0.356019,0.300752,-0.057923,0.355754,0.383882,-0.067921,0.343969,0.437109,-0.062382,0.285245,0.365786,-0.019232,0.313073,0.315901,-0.067859,0.317408,0.403935,-0.058714,0.309579,0.455957,-0.037452,0.239182,0.379122,-0.026212,0.263785,0.329885,-0.059631,0.279815,0.386912,-0.051015,0.280353,0.429432,-0.034964
416,13866,True,0.9949,0.9949,0.272284,0.575714,-0.0,0.333433,0.556114,-0.02501,0.38935,0.474298,-0.035033,0.421902,0.398116,-0.046317,0.458491,0.345414,-0.057086,0.36717,0.361921,-0.010673,0.393312,0.271349,-0.032183,0.40721,0.213232,-0.042889,0.415745,0.160349,-0.050379,0.330467,0.3546,-0.013224,0.359829,0.292959,-0.055996,0.357722,0.377193,-0.064324,0.346848,0.431595,-0.057915,0.290592,0.36037,-0.019403,0.318352,0.308571,-0.066599,0.320722,0.396633,-0.056426,0.312989,0.449,-0.035081,0.245144,0.373033,-0.02715,0.27,0.320329,-0.058836,0.284402,0.375008,-0.049283,0.284007,0.417395,-0.03324
417,13900,True,0.9941,0.9941,0.275245,0.579154,-0.0,0.338096,0.55699,-0.02309,0.392835,0.4748,-0.032151,0.427972,0.400896,-0.042874,0.465197,0.349423,-0.053379,0.371775,0.364622,-0.009022,0.398031,0.273611,-0.030298,0.412106,0.215669,-0.041678,0.420624,0.163345,-0.049644,0.335609,0.356818,-0.012237,0.364422,0.294336,-0.054866,0.363368,0.376437,-0.063894,0.352606,0.43442,-0.057999,0.295377,0.362279,-0.01893,0.321809,0.307163,-0.064762,0.32483,0.392561,-0.055213,0.317329,0.447911,-0.034622,0.249574,0.374984,-0.027136,0.274902,0.321208,-0.058115,0.288534,0.375285,-0.048874,0.28692,0.419753,-0.033151
418,13933,True,0.9948,0.9948,0.276151,0.586587,-0.0,0.341491,0.565201,-0.024661,0.397844,0.487271,-0.036019,0.434455,0.414784,-0.048856,0.474126,0.36315,-0.061485,0.377878,0.372515,-0.011794,0.405891,0.280114,-0.035263,0.419315,0.221636,-0.047951,0.42717,0.169246,-0.056761,0.342082,0.364431,-0.014755,0.374145,0.307097,-0.059581,0.372214,0.388004,-0.070008,0.361313,0.44288,-0.065106,0.301196,0.369903,-0.021258,0.328407,0.318164,-0.069535,0.331162,0.403831,-0.060344,0.324515,0.457277,-0.039752,0.254627,0.383409,-0.029235,0.277879,0.334963,-0.062407,0.293572,0.392748,-0.053744,0.294924,0.436821,-0.037998
419,13966,True,0.9939,0.9939,0.27825,0.602991,-0.0,0.345089,0.583597,-0.027478,0.402533,0.507051,-0.040493,0.437143,0.432224,-0.054664,0.477554,0.379774,-0.068837,0.384558,0.392407,-0.015261,0.413444,0.298699,-0.040134,0.427042,0.238965,-0.053725,0.435641,0.186226,-0.063058,0.34839,0.38353,-0.017269,0.381633,0.330016,-0.063465,0.380609,0.408111,-0.075181,0.369622,0.461721,-0.071439,0.30647,0.387926,-0.022975,0.336157,0.337645,-0.073884,0.337535,0.423161,-0.066194,0.32819,0.47773,-0.04622,0.258887,0.399753,-0.030152,0.281454,0.349199,-0.066329,0.29708,0.409254,-0.058823,0.297639,0.457097,-0.043365
420,14000,True,0.9944,0.9944,0.283958,0.628329,0.0,0.353426,0.60579,-0.027493,0.411205,0.533925,-0.042029,0.443962,0.461358,-0.058526,0.486097,0.414204,-0.074856,0.388745,0.412971,-0.010672,0.417834,0.331612,-0.03778,0.437303,0.279244,-0.054672,0.45388,0.231203,-0.066154,0.352547,0.403762,-0.013765,0.387107,0.35483,-0.063727,0.388684,0.429897,-0.080389,0.379932,0.48149,-0.078698,0.311614,0.406436,-0.020697,0.344025,0.363247,-0.075418,0.34607,0.451875,-0.07029,0.336882,0.507869,-0.050085,0.264821,0.417176,-0.029033,0.292876,0.375057,-0.066613,0.307159,0.438659,-0.059202,0.305584,0.485447,-0.042747
421,14033,True,0.9936,0.9936,0.289324,0.652208,0.0,0.3575,0.630151,-0.030326,0.416595,0.559371,-0.046708,0.454246,0.491391,-0.063774,0.498029,0.443184,-0.080595,0.400825,0.44317,-0.015409,0.425275,0.370852,-0.045567,0.446656,0.320273,-0.064868,0.46564,0.276347,-0.077048,0.361809,0.431575,-0.017651,0.396889,0.371278,-0.065234,0.408824,0.432373,-0.082373,0.410764,0.47592,-0.081816,0.317882,0.433542,-0.023951,0.35302,0.391192,-0.080035,0.354739,0.48071,-0.076148,0.346062,0.535207,-0.056428,0.269184,0.44472,-0.031529,0.300858,0.406613,-0.070913,0.314415,0.473763,-0.063315,0.311841,0.519704,-0.046463
422,14066,True,0.9941,0.9941,0.295556,0.676521,0.0,0.362113,0.652965,-0.02651,0.421108,0.58575,-0.0449,0.462672,0.525364,-0.065232,0.510376,0.481379,-0.084176,0.396197,0.462793,-0.009672,0.418455,0.392214,-0.045281,0.443723,0.382973,-0.067058,0.460306,0.392279,-0.07782,0.360612,0.45369,-0.013308,0.406668,0.408615,-0.060701,0.405527,0.493431,-0.074275,0.390085,0.541171,-0.071173,0.320711,0.455917,-0.022629,0.363017,0.425397,-0.076316,0.36358,0.517163,-0.070691,0.350058,0.564023,-0.051264,0.274214,0.467041,-0.033171,0.309094,0.438644,-0.0708,0.323176,0.505402,-0.06334,0.31913,0.545865,-0.047291
423,14100,True,0.9949,0.9949,0.293377,0.707834,-0.0,0.364251,0.682556,-0.027932,0.428648,0.617572,-0.04638,0.471109,0.556312,-0.066594,0.520573,0.512679,-0.085481,0.402895,0.491886,-0.004529,0.429775,0.448967,-0.040836,0.45237,0.451967,-0.062665,0.469748,0.463309,-0.073059,0.366805,0.478907,-0.00753,0.415112,0.44113,-0.054225,0.406951,0.530011,-0.06556,0.390088,0.577569,-0.059811,0.326511,0.478098,-0.017023,0.370397,0.452241,-0.070324,0.366271,0.546129,-0.062707,0.352517,0.595208,-0.040964,0.278989,0.488636,-0.028016,0.31447,0.463226,-0.06437,0.326807,0.532122,-0.055199,0.323506,0.574014,-0.037309
424,14133,True,0.9968,0.9968,0.297567,0.720034,0.0,0.363398,0.701834,-0.026277,0.432728,0.636405,-0.04309,0.477292,0.580505,-0.060506,0.527619,0.542214,-0.077763,0.409808,0.510337,-0.007575,0.44113,0.483573,-0.037711,0.470682,0.465591,-0.058401,0.497235,0.450686,-0.070845,0.372371,0.492634,-0.010322,0.419432,0.469198,-0.054241,0.412461,0.554471,-0.066833,0.397804,0.606085,-0.063285,0.330458,0.491298,-0.018011,0.37541,0.478499,-0.067563,0.372969,0.566709,-0.062545,0.362238,0.615646,-0.044401,0.282604,0.503951,-0.027025,0.318418,0.488832,-0.062087,0.330972,0.553548,-0.056006,0.329994,0.593942,-0.041694
425,14166,True,0.9984,0.9984,0.306511,0.733325,0.0,0.368087,0.715462,-0.023771,0.438456,0.650952,-0.039314,0.484568,0.599132,-0.055345,0.534691,0.564354,-0.071339,0.409276,0.518658,-0.008952,0.446118,0.503072,-0.039412,0.480687,0.489623,-0.060471,0.511478,0.479925,-0.072906,0.371197,0.498068,-0.012679,0.425027,0.491238,-0.055159,0.418046,0.577907,-0.066088,0.402364,0.628832,-0.061855,0.329834,0.497986,-0.020969,0.380594,0.501985,-0.06896,0.378525,0.590207,-0.062578,0.367487,0.637226,-0.043955,0.284339,0.514996,-0.030502,0.323512,0.511561,-0.064809,0.336409,0.57717,-0.057917,0.335303,0.61643,-0.042985
426,14200,True,0.9986,0.9986,0.30968,0.739475,0.0,0.371645,0.72754,-0.025012,0.441833,0.664242,-0.040187,0.486434,0.612563,-0.055205,0.5344,0.577887,-0.070079,0.414627,0.530704,-0.010359,0.452996,0.517446,-0.04135,0.487155,0.503769,-0.063085,0.519877,0.492146,-0.075996,0.375639,0.508267,-0.013018,0.428531,0.506754,-0.056688,0.420275,0.594044,-0.06808,0.405618,0.643864,-0.063691,0.332621,0.507511,-0.020179,0.383155,0.517389,-0.06964,0.380182,0.607222,-0.063906,0.369312,0.653407,-0.045111,0.28598,0.523676,-0.028736,0.325767,0.526948,-0.064711,0.3377,0.594367,-0.058781,0.336536,0.633186,-0.043953
427,14233,True,0.9989,0.9989,0.30899,0.743609,0.0,0.372025,0.733298,-0.025332,0.443177,0.669835,-0.042278,0.48883,0.617356,-0.059519,0.538416,0.581904,-0.076346,0.416469,0.531801,-0.008577,0.454847,0.519258,-0.04011,0.489095,0.507863,-0.06085,0.521109,0.499036,-0.072706,0.37665,0.50828,-0.012161,0.432,0.512017,-0.055708,0.41878,0.600221,-0.065625,0.399656,0.639942,-0.059721,0.333378,0.508194,-0.020693,0.386159,0.523531,-0.071083,0.38105,0.614635,-0.064197,0.36643,0.653341,-0.044264,0.286427,0.524926,-0.03064,0.328268,0.530576,-0.066522,0.34097,0.59869,-0.059166,0.338696,0.632892,-0.043086
428,14266,True,0.999,0.999,0.308831,0.74334,0.0,0.370882,0.733331,-0.023484,0.443491,0.669012,-0.038817,0.488449,0.615231,-0.054663,0.538305,0.579865,-0.07041,0.416586,0.536375,-0.008306,0.45467,0.519699,-0.0384,0.48897,0.506958,-0.05786,0.520861,0.496504,-0.068915,0.376612,0.513295,-0.012296,0.432952,0.507395,-0.055141,0.419199,0.595864,-0.063853,0.398935,0.639746,-0.056953,0.333884,0.512366,-0.020915,0.387349,0.519166,-0.07059,0.381158,0.612022,-0.062458,0.365379,0.654493,-0.041458,0.286961,0.527234,-0.030699,0.329598,0.526837,-0.065434,0.341844,0.595144,-0.056963,0.33892,0.630746,-0.04021
429,14299,True,0.9986,0.9986,0.312201,0.733351,-0.0,0.377055,0.719636,-0.024345,0.446018,0.654198,-0.038539,0.490885,0.59694,-0.053072,0.539812,0.560712,-0.063864,0.411275,0.514896,-0.006349,0.445268,0.505818,-0.040304,0.447718,0.562481,-0.057381,0.442548,0.588649,-0.063504,0.373946,0.499914,-0.009027,0.429046,0.497772,-0.046537,0.41966,0.587577,-0.053367,0.400082,0.617412,-0.047368,0.332934,0.500965,-0.017527,0.384711,0.507539,-0.063222,0.380112,0.602061,-0.055254,0.364891,0.637676,-0.036043,0.28871,0.516305,-0.027103,0.331685,0.518036,-0.058608,0.343009,0.588642,-0.049629,0.338962,0.62313,-0.032892
430,14333,True,0.9977,0.9977,0.31326,0.704766,0.0,0.375156,0.69253,-0.027856,0.440827,0.628411,-0.045163,0.483746,0.57133,-0.062268,0.532668,0.533082,-0.078293,0.409889,0.504033,-0.008303,0.432729,0.463475,-0.03739,0.461118,0.441983,-0.05386,0.485811,0.428002,-0.062332,0.372947,0.491045,-0.009301,0.425392,0.46846,-0.052262,0.421237,0.553925,-0.060322,0.405938,0.595667,-0.052604,0.332821,0.49175,-0.015626,0.382291,0.485514,-0.065415,0.379713,0.572099,-0.057017,0.367388,0.6117,-0.035728,0.287892,0.503848,-0.023328,0.327625,0.496175,-0.057727,0.337173,0.561997,-0.049314,0.331708,0.597662,-0.032661
431,14366,True,0.9989,0.9989,0.308073,0.672596,0.0,0.367875,0.661574,-0.029754,0.431322,0.601492,-0.051618,0.477683,0.548537,-0.073841,0.520998,0.505072,-0.096343,0.412132,0.483749,-0.020783,0.448182,0.426665,-0.055251,0.485047,0.380807,-0.074571,0.512681,0.344014,-0.085355,0.372574,0.469813,-0.024075,0.42242,0.435002,-0.070415,0.4152,0.520952,-0.076431,0.396826,0.553286,-0.067939,0.331342,0.471992,-0.032464,0.376593,0.451286,-0.084679,0.373758,0.538829,-0.07071,0.358152,0.57024,-0.046878,0.28529,0.483505,-0.042593,0.319728,0.463776,-0.080257,0.329818,0.531149,-0.068221,0.322617,0.562671,-0.049376
432,14400,True,0.998,0.998,0.298561,0.644922,0.0,0.356616,0.630445,-0.026303,0.420238,0.566552,-0.042789,0.464149,0.510917,-0.059998,0.507855,0.469617,-0.077731,0.405911,0.456973,-0.018382,0.438528,0.382692,-0.047314,0.468201,0.331827,-0.064962,0.491656,0.288839,-0.075905,0.368082,0.44413,-0.022127,0.411306,0.401087,-0.068051,0.406224,0.481005,-0.078241,0.390071,0.528719,-0.072941,0.326243,0.446697,-0.029618,0.365363,0.415654,-0.079151,0.361376,0.502518,-0.068538,0.347956,0.548914,-0.046827,0.27865,0.457364,-0.038564,0.308134,0.427263,-0.072339,0.31744,0.489222,-0.061223,0.3123,0.526733,-0.043519
433,14433,True,0.9972,0.9972,0.284972,0.625186,0.0,0.344936,0.606829,-0.026953,0.408012,0.538201,-0.042022,0.447383,0.474092,-0.058008,0.489964,0.430953,-0.074059,0.390383,0.428333,-0.014799,0.421559,0.34757,-0.040449,0.44772,0.292223,-0.055655,0.467791,0.244424,-0.065647,0.351916,0.417781,-0.017686,0.390588,0.372249,-0.063745,0.386313,0.448169,-0.076028,0.370097,0.494149,-0.07185,0.310673,0.421501,-0.024177,0.342643,0.384114,-0.074316,0.343111,0.470341,-0.066773,0.332779,0.520536,-0.046529,0.264211,0.432885,-0.032062,0.291307,0.395248,-0.06572,0.303073,0.454382,-0.056746,0.299306,0.493875,-0.040504
434,14466,True,0.9975,0.9975,0.276343,0.608968,0.0,0.334529,0.591218,-0.026611,0.396997,0.516122,-0.039249,0.433377,0.448005,-0.052102,0.473198,0.404242,-0.064899,0.373877,0.399917,-0.020493,0.404414,0.310831,-0.04441,0.424554,0.254289,-0.05779,0.439291,0.204001,-0.066811,0.334447,0.392175,-0.021993,0.370631,0.347843,-0.065898,0.369307,0.426326,-0.076151,0.355921,0.480205,-0.072045,0.293162,0.398159,-0.026575,0.322995,0.36255,-0.073195,0.327798,0.445003,-0.065307,0.321005,0.498225,-0.046619,0.246893,0.412158,-0.032772,0.272228,0.371116,-0.065056,0.287401,0.426209,-0.057426,0.287586,0.4699,-0.042973
435,14500,True,0.9971,0.9971,0.264137,0.609432,0.0,0.32402,0.587939,-0.029258,0.383794,0.508125,-0.041966,0.418195,0.433878,-0.054752,0.457268,0.385682,-0.067216,0.360729,0.388513,-0.018985,0.387757,0.298611,-0.043234,0.401733,0.241177,-0.055637,0.411165,0.187811,-0.063915,0.321079,0.380678,-0.019781,0.352707,0.327257,-0.065906,0.354001,0.411812,-0.075805,0.345105,0.469145,-0.069913,0.278206,0.387265,-0.024226,0.305423,0.351388,-0.075707,0.311276,0.442079,-0.068245,0.306348,0.49715,-0.04756,0.229848,0.40223,-0.030239,0.255222,0.357825,-0.066348,0.271571,0.418272,-0.058935,0.272859,0.463815,-0.043281
436,14533,True,0.9966,0.9966,0.251394,0.613846,0.0,0.31071,0.591318,-0.029519,0.369516,0.507195,-0.041767,0.403899,0.430653,-0.053681,0.443289,0.378693,-0.064997,0.349705,0.384498,-0.017311,0.377017,0.297928,-0.041546,0.389147,0.240875,-0.053617,0.395135,0.186761,-0.061818,0.308021,0.377449,-0.018598,0.335826,0.314848,-0.064761,0.337608,0.405024,-0.073829,0.329753,0.46218,-0.066857,0.263755,0.386339,-0.023722,0.287653,0.346653,-0.076329,0.294,0.441083,-0.067748,0.288684,0.491397,-0.045898,0.214644,0.403552,-0.030276,0.237811,0.355887,-0.066378,0.253556,0.418995,-0.057181,0.253539,0.460878,-0.040358
437,14566,True,0.996,0.996,0.239012,0.625048,-0.0,0.29697,0.600224,-0.029183,0.355811,0.514913,-0.041377,0.39062,0.43848,-0.053468,0.430925,0.385869,-0.064648,0.338938,0.396401,-0.014615,0.369681,0.31907,-0.042053,0.382098,0.268879,-0.056528,0.386489,0.218904,-0.065855,0.29598,0.386336,-0.016663,0.31858,0.323137,-0.064911,0.321249,0.417796,-0.07459,0.314738,0.474184,-0.067702,0.249226,0.39412,-0.023098,0.270598,0.353946,-0.07897,0.277849,0.455568,-0.069946,0.272754,0.506081,-0.046974,0.197719,0.41046,-0.03084,0.220374,0.367482,-0.068693,0.23483,0.434684,-0.05908,0.233339,0.473171,-0.041718
438,14600,True,0.9948,0.9948,0.232997,0.639996,-0.0,0.291842,0.614412,-0.024536,0.349738,0.533654,-0.035865,0.381375,0.457199,-0.048625,0.422083,0.406547,-0.059631,0.328657,0.416165,-0.006313,0.361993,0.337676,-0.037907,0.371509,0.321225,-0.05532,0.370165,0.321715,-0.062558,0.286952,0.407928,-0.00907,0.304524,0.341112,-0.053197,0.307386,0.42547,-0.063765,0.305006,0.484407,-0.058422,0.240936,0.41506,-0.017162,0.258553,0.372556,-0.067512,0.266165,0.465575,-0.06129,0.265017,0.519836,-0.041465,0.190224,0.430846,-0.026357,0.208094,0.386093,-0.058541,0.222622,0.448009,-0.049532,0.224613,0.489612,-0.033351
439,14633,True,0.9952,0.9952,0.229105,0.669924,-0.0,0.290422,0.638724,-0.022483,0.347203,0.558756,-0.033696,0.380135,0.48428,-0.046867,0.419509,0.432638,-0.059397,0.322461,0.447196,0.00095,0.344893,0.389415,-0.026101,0.359858,0.365376,-0.042162,0.369669,0.359929,-0.04975,0.281158,0.43668,-0.00304,0.299125,0.366327,-0.043506,0.30328,0.444143,-0.054053,0.302091,0.502116,-0.048539,0.236512,0.44168,-0.012074,0.253289,0.394945,-0.060098,0.263119,0.482574,-0.055181,0.263374,0.537519,-0.036239,0.187394,0.456409,-0.022038,0.202275,0.409048,-0.053294,0.219259,0.468325,-0.045195,0.22385,0.511603,-0.029712
440,14666,True,0.9956,0.9956,0.229504,0.681731,0.0,0.291508,0.65525,-0.023904,0.351984,0.575111,-0.03367,0.383372,0.503171,-0.044226,0.422929,0.45585,-0.054119,0.320616,0.468998,-0.000542,0.34196,0.42378,-0.026513,0.359789,0.399845,-0.042743,0.374941,0.383154,-0.051447,0.280124,0.457269,-0.002778,0.300346,0.390418,-0.045506,0.306423,0.465067,-0.058494,0.306875,0.523494,-0.053729,0.2363,0.458638,-0.009665,0.253222,0.415778,-0.059331,0.265991,0.50214,-0.057099,0.270013,0.557435,-0.039055,0.187724,0.470346,-0.017429,0.20358,0.431616,-0.051131,0.221593,0.490238,-0.046283,0.22901,0.532653,-0.032408
441,14700,True,0.9969,0.9969,0.234383,0.686723,0.0,0.295537,0.664868,-0.023616,0.359032,0.585069,-0.031591,0.392029,0.516035,-0.039905,0.428444,0.46708,-0.048065,0.326373,0.476174,-0.000523,0.350027,0.435516,-0.022167,0.369807,0.407848,-0.036038,0.387923,0.383117,-0.044145,0.286489,0.464193,-0.002004,0.309276,0.403227,-0.041354,0.315068,0.476626,-0.053908,0.314523,0.533279,-0.049528,0.243022,0.465022,-0.007624,0.263608,0.429064,-0.054455,0.27462,0.516165,-0.052622,0.276381,0.571523,-0.035421,0.194364,0.475736,-0.014107,0.214871,0.440771,-0.045516,0.231951,0.497236,-0.040504,0.237109,0.5381,-0.027059
442,14733,True,0.9973,0.9973,0.246862,0.683697,0.0,0.304183,0.670005,-0.025555,0.369172,0.593757,-0.03497,0.402968,0.5262,-0.044472,0.436422,0.476949,-0.053991,0.340481,0.477683,-0.009441,0.375811,0.423396,-0.03189,0.400887,0.384735,-0.045259,0.421853,0.349194,-0.05338,0.299374,0.4648,-0.010483,0.325098,0.409758,-0.051524,0.329312,0.485432,-0.063275,0.326258,0.541405,-0.058793,0.255549,0.466449,-0.015115,0.281622,0.437689,-0.06288,0.290446,0.526055,-0.058847,0.289571,0.580748,-0.040633,0.207552,0.479566,-0.020825,0.234087,0.449637,-0.053827,0.250526,0.508955,-0.047696,0.253351,0.551427,-0.033231
443,14766,True,0.9972,0.9972,0.256397,0.679053,0.0,0.312932,0.668459,-0.026805,0.377687,0.591884,-0.037331,0.412556,0.525776,-0.047504,0.448314,0.479125,-0.057719,0.352721,0.473701,-0.013055,0.391408,0.415229,-0.038816,0.419605,0.371445,-0.054902,0.441917,0.329712,-0.065201,0.312151,0.461349,-0.013829,0.342145,0.410798,-0.057009,0.343384,0.494976,-0.06782,0.335926,0.55088,-0.062947,0.268722,0.464539,-0.018347,0.298368,0.435081,-0.067072,0.305233,0.52497,-0.059673,0.300375,0.576777,-0.039674,0.220281,0.479268,-0.024223,0.249435,0.448398,-0.058727,0.265355,0.511176,-0.050814,0.2657,0.553372,-0.035046
444,14799,True,0.9969,0.9969,0.258719,0.682945,0.0,0.317931,0.672083,-0.027265,0.384315,0.594983,-0.039246,0.422091,0.528627,-0.051064,0.46179,0.48186,-0.062823,0.361259,0.474091,-0.013863,0.401305,0.416447,-0.040479,0.433448,0.375302,-0.057112,0.460187,0.338046,-0.067544,0.322104,0.460753,-0.014688,0.358191,0.417656,-0.058289,0.353598,0.504047,-0.067883,0.339574,0.560831,-0.062427,0.279489,0.462853,-0.019657,0.312644,0.431139,-0.067451,0.315351,0.52116,-0.058716,0.307096,0.573679,-0.03851,0.231357,0.476238,-0.026218,0.261849,0.444492,-0.059906,0.275059,0.506605,-0.051712,0.272692,0.547367,-0.036246
445,14833,True,0.9961,0.9961,0.261846,0.682598,0.0,0.322929,0.669966,-0.029361,0.390536,0.594916,-0.04243,0.42979,0.528021,-0.055517,0.472642,0.480992,-0.068131,0.372957,0.477218,-0.014015,0.419645,0.418891,-0.042123,0.452717,0.376608,-0.058153,0.480153,0.336885,-0.068115,0.332904,0.460329,-0.015307,0.369112,0.411828,-0.062639,0.362198,0.499251,-0.072825,0.349199,0.555354,-0.06639,0.288677,0.459247,-0.021109,0.322415,0.429793,-0.073951,0.322321,0.525276,-0.065103,0.314431,0.57854,-0.042866,0.239289,0.469558,-0.028579,0.270052,0.441441,-0.06535,0.282097,0.505347,-0.057282,0.280374,0.544718,-0.040846
446,14866,True,0.9974,0.9974,0.260203,0.685912,0.0,0.32179,0.671639,-0.030879,0.390437,0.596536,-0.044398,0.430222,0.528788,-0.057602,0.474516,0.484271,-0.06987,0.370029,0.478145,-0.015196,0.419504,0.419769,-0.044026,0.452764,0.378453,-0.059891,0.480547,0.338365,-0.07008,0.330147,0.459777,-0.016711,0.370978,0.409426,-0.066815,0.365091,0.497162,-0.077711,0.353236,0.55346,-0.07108,0.28598,0.45797,-0.022941,0.32294,0.430444,-0.079152,0.324066,0.527448,-0.071856,0.316784,0.58027,-0.049806,0.237162,0.467634,-0.030852,0.271422,0.444386,-0.070669,0.283562,0.511682,-0.064407,0.281323,0.55208,-0.048791
447,14900,True,0.9973,0.9973,0.261182,0.686248,0.0,0.320568,0.670741,-0.029155,0.387145,0.594924,-0.041585,0.425573,0.52742,-0.054096,0.469087,0.48472,-0.065826,0.36875,0.474081,-0.01247,0.413421,0.413871,-0.038477,0.44236,0.371435,-0.053128,0.465709,0.329766,-0.062837,0.328705,0.458696,-0.014242,0.367687,0.409721,-0.061735,0.365362,0.494143,-0.073353,0.355311,0.549841,-0.067977,0.284687,0.459031,-0.020343,0.320433,0.431452,-0.074319,0.323084,0.526045,-0.068558,0.316801,0.579204,-0.04824,0.236177,0.470548,-0.027902,0.270197,0.44539,-0.065675,0.281939,0.510358,-0.059784,0.279619,0.55086,-0.044995
448,14933,True,0.9975,0.9975,0.258962,0.690563,0.0,0.315868,0.669026,-0.023697,0.377952,0.591039,-0.034279,0.415613,0.526061,-0.046229,0.454328,0.479999,-0.057642,0.349747,0.466908,-0.004556,0.381861,0.406253,-0.027775,0.406832,0.369051,-0.040506,0.425071,0.335161,-0.048501,0.311916,0.457594,-0.008024,0.347428,0.407361,-0.049207,0.349619,0.496105,-0.057722,0.340707,0.548381,-0.051567,0.270711,0.462251,-0.016038,0.304866,0.432659,-0.065337,0.311006,0.526313,-0.058011,0.30302,0.574949,-0.038126,0.223898,0.476024,-0.025154,0.254686,0.44476,-0.059681,0.26906,0.506367,-0.052629,0.265443,0.543109,-0.038224
449,14966,True,0.9973,0.9973,0.249885,0.690196,0.0,0.306614,0.667628,-0.02695,0.368391,0.589289,-0.039142,0.402474,0.522143,-0.051587,0.440313,0.474716,-0.063516,0.340842,0.46785,-0.009409,0.372722,0.408887,-0.033293,0.39249,0.3672,-0.046628,0.40645,0.325656,-0.055398,0.299311,0.457653,-0.011713,0.33249,0.403873,-0.053879,0.334568,0.491581,-0.063082,0.325839,0.541754,-0.05683,0.25598,0.464211,-0.018241,0.287706,0.435219,-0.068659,0.29447,0.529639,-0.060988,0.287114,0.575645,-0.040261,0.208684,0.481395,-0.025983,0.237831,0.449255,-0.061001,0.253526,0.512252,-0.052665,0.251072,0.548544,-0.036807
450,15000,True,0.9973,0.9973,0.240946,0.694471,0.0,0.296878,0.670352,-0.028906,0.357204,0.58905,-0.04164,0.39082,0.519112,-0.0541,0.429349,0.472522,-0.065864,0.330676,0.473299,-0.009895,0.360341,0.418575,-0.033445,0.377739,0.375938,-0.045761,0.389355,0.33334,-0.054022,0.28771,0.462098,-0.011175,0.317669,0.405494,-0.053648,0.32071,0.495979,-0.061673,0.312817,0.545363,-0.053825,0.243082,0.468735,-0.016856,0.269868,0.438975,-0.069186,0.278857,0.536092,-0.061493,0.272577,0.580477,-0.03982,0.194812,0.486168,-0.023681,0.220443,0.455219,-0.060323,0.236455,0.520334,-0.052216,0.233649,0.554443,-0.036033
451,15033,True,0.9978,0.9978,0.23303,0.697646,0.0,0.288986,0.676714,-0.030895,0.348871,0.593362,-0.044028,0.380803,0.519489,-0.056362,0.418774,0.470346,-0.067746,0.319712,0.476459,-0.009842,0.344625,0.424231,-0.034211,0.360935,0.381661,-0.046705,0.372979,0.341411,-0.054519,0.275959,0.465981,-0.009549,0.302711,0.410995,-0.052,0.30748,0.499735,-0.059699,0.303039,0.548741,-0.051299,0.231323,0.472919,-0.014067,0.255086,0.444741,-0.066711,0.267727,0.541099,-0.059288,0.266302,0.587569,-0.037481,0.183291,0.49082,-0.019923,0.205689,0.462549,-0.057061,0.224348,0.526996,-0.050058,0.226372,0.561865,-0.034369
452,15066,True,0.9979,0.9979,0.231367,0.700507,0.0,0.285759,0.682879,-0.032215,0.344434,0.600544,-0.046173,0.37317,0.526153,-0.05892,0.408421,0.475593,-0.070656,0.314763,0.478218,-0.010891,0.336073,0.428405,-0.034964,0.348873,0.385561,-0.047358,0.357599,0.347076,-0.055054,0.270593,0.467886,-0.009424,0.292661,0.415571,-0.050822,0.299694,0.502638,-0.057985,0.297463,0.552031,-0.049597,0.2255,0.475469,-0.012912,0.247984,0.449443,-0.064096,0.263416,0.542845,-0.057329,0.263441,0.590514,-0.036617,0.17714,0.495189,-0.017951,0.198298,0.470361,-0.054882,0.219195,0.533078,-0.049451,0.223227,0.568227,-0.035047
453,15100,True,0.9979,0.9979,0.229199,0.702145,0.0,0.284366,0.686258,-0.0321,0.342562,0.603069,-0.046282,0.372536,0.528409,-0.059562,0.409226,0.479277,-0.071786,0.314375,0.48282,-0.009534,0.335178,0.432635,-0.033436,0.345966,0.389885,-0.044478,0.353216,0.352388,-0.050687,0.269989,0.472836,-0.008272,0.291846,0.416427,-0.050335,0.298386,0.502555,-0.056619,0.295829,0.551885,-0.046636,0.224164,0.47932,-0.012136,0.246818,0.450596,-0.063886,0.262134,0.545535,-0.056754,0.262536,0.595191,-0.034917,0.174728,0.497089,-0.017616,0.195179,0.4683,-0.054268,0.216186,0.528781,-0.048784,0.221316,0.564191,-0.034016
454,15133,True,0.998,0.998,0.229619,0.700801,0.0,0.283724,0.684469,-0.029322,0.341795,0.600498,-0.041425,0.372304,0.526894,-0.052923,0.408082,0.478488,-0.063476,0.312986,0.481244,-0.007283,0.334667,0.432492,-0.030041,0.347477,0.391195,-0.041159,0.356882,0.354023,-0.047554,0.269204,0.470892,-0.006769,0.292943,0.415313,-0.048514,0.29971,0.50075,-0.055768,0.296886,0.553199,-0.046483,0.22435,0.476742,-0.01091,0.248821,0.448945,-0.061894,0.263376,0.543592,-0.05539,0.263239,0.595388,-0.033957,0.176353,0.494193,-0.016399,0.200105,0.467054,-0.052417,0.219684,0.528418,-0.046927,0.22284,0.565373,-0.032146
455,15166,True,0.9977,0.9977,0.231988,0.69839,0.0,0.285955,0.68149,-0.027889,0.343621,0.598371,-0.039421,0.373892,0.526092,-0.050773,0.410955,0.478974,-0.061249,0.315571,0.479489,-0.00509,0.337404,0.43023,-0.026758,0.350156,0.389597,-0.037646,0.359721,0.352217,-0.044097,0.272639,0.468969,-0.005023,0.295653,0.414212,-0.045274,0.302286,0.49829,-0.052618,0.299532,0.549914,-0.043894,0.228625,0.474766,-0.009482,0.252869,0.446678,-0.058724,0.266377,0.539833,-0.052355,0.265633,0.590922,-0.031556,0.181223,0.491828,-0.015218,0.205247,0.463334,-0.049482,0.223911,0.523232,-0.043485,0.226134,0.559436,-0.028772
456,15200,True,0.9977,0.9977,0.234812,0.692585,0.0,0.288246,0.675931,-0.027053,0.346615,0.592455,-0.038478,0.376745,0.521091,-0.049451,0.413441,0.473572,-0.05978,0.317501,0.478182,-0.005839,0.338744,0.429662,-0.027481,0.353837,0.388035,-0.038915,0.364161,0.350165,-0.046051,0.275709,0.46782,-0.006026,0.301455,0.410376,-0.045113,0.30729,0.498015,-0.051508,0.299686,0.54926,-0.04263,0.232388,0.473729,-0.010566,0.258096,0.440111,-0.058767,0.269459,0.533433,-0.050778,0.263241,0.580123,-0.029499,0.184441,0.490684,-0.016162,0.210318,0.459049,-0.049562,0.227847,0.520735,-0.041681,0.225233,0.555007,-0.026129
457,15233,True,0.9979,0.9979,0.238009,0.685207,0.0,0.291171,0.669537,-0.026576,0.350579,0.586992,-0.037053,0.380938,0.516111,-0.047021,0.417047,0.468705,-0.056638,0.322466,0.472544,-0.005646,0.344938,0.423424,-0.026526,0.361284,0.382254,-0.03833,0.37334,0.344209,-0.0459,0.281014,0.462495,-0.005819,0.306248,0.406011,-0.04486,0.311926,0.491305,-0.053118,0.305342,0.543899,-0.045817,0.237729,0.468284,-0.010012,0.263344,0.433954,-0.057954,0.274567,0.526153,-0.051591,0.269644,0.574677,-0.0316,0.189474,0.484804,-0.015171,0.215095,0.45138,-0.048827,0.234365,0.514286,-0.041704,0.235188,0.552278,-0.02663
458,15266,True,0.9981,0.9981,0.246009,0.674939,0.0,0.297435,0.658911,-0.026377,0.355431,0.578938,-0.036869,0.384832,0.509315,-0.046734,0.419745,0.461631,-0.056182,0.328265,0.464942,-0.006741,0.351317,0.414565,-0.02704,0.367739,0.373315,-0.037901,0.378771,0.333863,-0.044965,0.287004,0.454795,-0.007038,0.314056,0.398415,-0.045076,0.316558,0.485387,-0.051907,0.306417,0.535308,-0.04386,0.243964,0.460701,-0.011269,0.270179,0.427489,-0.058798,0.278694,0.519478,-0.051039,0.271289,0.563826,-0.030301,0.196104,0.477284,-0.016384,0.220969,0.443347,-0.049553,0.238026,0.506179,-0.041077,0.236528,0.54178,-0.025228
459,15299,True,0.9979,0.9979,0.249019,0.663986,0.0,0.302127,0.648787,-0.024718,0.360836,0.568572,-0.033876,0.391933,0.4998,-0.042806,0.427528,0.453438,-0.051607,0.332211,0.458416,-0.005557,0.356422,0.408081,-0.025409,0.373188,0.368399,-0.036017,0.385654,0.329645,-0.042895,0.291977,0.449141,-0.006517,0.319445,0.390709,-0.045383,0.321666,0.476426,-0.052932,0.312968,0.529066,-0.044985,0.249361,0.454293,-0.011215,0.276928,0.418753,-0.059215,0.284814,0.511295,-0.052063,0.278363,0.559348,-0.031219,0.201866,0.469067,-0.016641,0.228164,0.433046,-0.049909,0.244753,0.495496,-0.041799,0.243768,0.533538,-0.026042
460,15333,True,0.9983,0.9983,0.254855,0.654351,0.0,0.308068,0.639595,-0.023755,0.367256,0.560101,-0.032294,0.39829,0.492003,-0.040821,0.433118,0.445074,-0.049396,0.33727,0.45005,-0.004232,0.361133,0.400019,-0.02339,0.37898,0.35996,-0.03387,0.392708,0.322374,-0.040481,0.29794,0.441236,-0.005475,0.325787,0.381615,-0.043461,0.328082,0.463374,-0.051556,0.319778,0.5171,-0.044053,0.256173,0.446309,-0.01032,0.28335,0.409494,-0.056819,0.291498,0.49856,-0.050219,0.2858,0.547891,-0.029964,0.209301,0.461066,-0.015899,0.234976,0.422724,-0.047769,0.251105,0.483154,-0.039616,0.250035,0.522737,-0.023993
461,15366,True,0.9984,0.9984,0.258137,0.643229,0.0,0.313547,0.630477,-0.024741,0.374732,0.551239,-0.0331,0.404849,0.481469,-0.041108,0.441139,0.435689,-0.049116,0.342672,0.441094,-0.005723,0.368394,0.387465,-0.025361,0.388421,0.347636,-0.035938,0.404025,0.310309,-0.042501,0.303465,0.432585,-0.006326,0.333918,0.373321,-0.04604,0.335988,0.455777,-0.054837,0.326893,0.511825,-0.047349,0.262178,0.437361,-0.010532,0.291209,0.401364,-0.058027,0.298567,0.490496,-0.051838,0.292816,0.540819,-0.031508,0.215804,0.451269,-0.015521,0.242729,0.413019,-0.047971,0.257287,0.473549,-0.040237,0.255438,0.513037,-0.024729
462,15400,True,0.9985,0.9985,0.264378,0.632876,0.0,0.318298,0.620298,-0.025423,0.378818,0.542885,-0.034848,0.410753,0.474461,-0.043827,0.447633,0.428489,-0.052769,0.348484,0.430673,-0.006982,0.375676,0.376465,-0.027199,0.397856,0.336799,-0.038517,0.414861,0.299692,-0.045624,0.310488,0.42171,-0.007541,0.34165,0.363857,-0.046905,0.344746,0.444615,-0.055995,0.335749,0.499515,-0.049274,0.26959,0.426118,-0.011784,0.29985,0.391145,-0.058832,0.307864,0.479407,-0.052849,0.302004,0.529553,-0.033173,0.223565,0.440088,-0.016935,0.251613,0.404128,-0.04965,0.266983,0.465506,-0.042352,0.265287,0.506071,-0.027297
463,15433,True,0.9985,0.9985,0.271346,0.621343,0.0,0.324898,0.608378,-0.023394,0.386499,0.532435,-0.03251,0.422054,0.467586,-0.041862,0.457734,0.421069,-0.05148,0.355526,0.419419,-0.006664,0.38488,0.364486,-0.027293,0.409078,0.326529,-0.039579,0.428163,0.291569,-0.047042,0.318128,0.410992,-0.008002,0.350365,0.355858,-0.046971,0.35263,0.433824,-0.057195,0.342756,0.487725,-0.051775,0.277473,0.415579,-0.012722,0.308515,0.380399,-0.058305,0.315319,0.467177,-0.052513,0.308452,0.517938,-0.03356,0.23173,0.429273,-0.018281,0.260327,0.393666,-0.049627,0.27489,0.453592,-0.041938,0.272229,0.494361,-0.026846
464,15466,True,0.9987,0.9987,0.278609,0.610734,0.0,0.332876,0.597775,-0.024205,0.395148,0.520774,-0.03402,0.431125,0.455811,-0.043942,0.46857,0.409666,-0.053974,0.36199,0.408026,-0.008155,0.391083,0.350971,-0.030186,0.41786,0.31304,-0.04363,0.43968,0.278466,-0.051885,0.325154,0.399973,-0.009418,0.360603,0.348167,-0.049161,0.36319,0.427966,-0.059173,0.352305,0.481078,-0.053951,0.285295,0.405048,-0.014314,0.318642,0.369923,-0.060013,0.325611,0.45672,-0.053345,0.317839,0.506575,-0.034274,0.240436,0.418747,-0.020258,0.270359,0.382125,-0.051922,0.284259,0.442114,-0.04404,0.280147,0.48211,-0.029055
465,15500,True,0.9985,0.9985,0.286355,0.598666,0.0,0.341702,0.587061,-0.024855,0.405469,0.508378,-0.034802,0.441705,0.44075,-0.044731,0.481409,0.395119,-0.054783,0.372064,0.397388,-0.009315,0.401452,0.336507,-0.031651,0.429021,0.296788,-0.04497,0.452233,0.261334,-0.053069,0.334979,0.388779,-0.010281,0.374207,0.33807,-0.052007,0.373893,0.419446,-0.061778,0.36035,0.475233,-0.055568,0.295185,0.39269,-0.014929,0.331037,0.357067,-0.062139,0.334882,0.445303,-0.055073,0.32572,0.497269,-0.034943,0.250371,0.405062,-0.020661,0.280856,0.368673,-0.053349,0.293927,0.429795,-0.045575,0.290442,0.4714,-0.030127
466,15533,True,0.9987,0.9987,0.29492,0.583877,0.0,0.350372,0.569662,-0.024146,0.413909,0.4943,-0.034852,0.450862,0.429556,-0.045858,0.490307,0.384326,-0.056888,0.383476,0.382768,-0.009186,0.412431,0.321595,-0.032279,0.44014,0.281746,-0.046292,0.463113,0.247103,-0.054722,0.346464,0.374513,-0.010978,0.38692,0.327067,-0.052902,0.386111,0.409448,-0.062629,0.371895,0.464464,-0.056542,0.306301,0.379053,-0.016459,0.341989,0.34349,-0.063327,0.34604,0.431112,-0.055402,0.337078,0.48218,-0.035,0.260851,0.39204,-0.023036,0.290804,0.35509,-0.055039,0.303888,0.415363,-0.046108,0.300432,0.456169,-0.029982
467,15566,True,0.9987,0.9987,0.303412,0.567204,0.0,0.359273,0.553716,-0.025533,0.423499,0.478917,-0.036165,0.45941,0.412767,-0.04699,0.497237,0.365008,-0.057963,0.394806,0.36729,-0.008664,0.423362,0.305843,-0.031759,0.449745,0.265079,-0.045673,0.47145,0.228681,-0.054059,0.357526,0.358377,-0.009906,0.396603,0.307784,-0.052091,0.395271,0.389521,-0.062537,0.381769,0.443694,-0.056723,0.316671,0.362644,-0.01496,0.352396,0.325277,-0.063524,0.355338,0.414065,-0.056552,0.346326,0.465761,-0.036115,0.270216,0.37513,-0.021095,0.30047,0.336691,-0.054834,0.313653,0.398039,-0.046662,0.310772,0.440004,-0.030616
468,15600,True,0.9985,0.9985,0.311271,0.554586,0.0,0.367923,0.542287,-0.028625,0.432114,0.46686,-0.040359,0.466387,0.397083,-0.051824,0.503494,0.345792,-0.063317,0.402573,0.353201,-0.010889,0.431322,0.288189,-0.034122,0.457321,0.243028,-0.047551,0.47886,0.203991,-0.055603,0.364475,0.34314,-0.011063,0.401737,0.2853,-0.054544,0.403343,0.364951,-0.065762,0.391923,0.423069,-0.059727,0.3235,0.346982,-0.015188,0.358053,0.306867,-0.065353,0.362899,0.397293,-0.059436,0.355323,0.453611,-0.038744,0.277921,0.360052,-0.020667,0.30748,0.319809,-0.056092,0.322305,0.380551,-0.049464,0.320989,0.42548,-0.033887
469,15633,True,0.9984,0.9984,0.317613,0.542366,0.0,0.374693,0.525676,-0.027804,0.437658,0.447312,-0.039177,0.471589,0.375559,-0.050487,0.507982,0.323609,-0.061691,0.402939,0.334203,-0.009816,0.431596,0.267261,-0.033083,0.457885,0.221353,-0.046477,0.480182,0.182414,-0.054424,0.365658,0.325638,-0.010235,0.403009,0.26705,-0.053554,0.406735,0.346309,-0.064554,0.397054,0.405129,-0.058401,0.325756,0.330742,-0.014637,0.36088,0.28986,-0.064321,0.367273,0.378829,-0.058343,0.36068,0.435069,-0.03774,0.28097,0.344731,-0.020405,0.31267,0.304981,-0.05513,0.328459,0.365337,-0.048363,0.32741,0.41018,-0.032755
470,15666,True,0.9984,0.9984,0.322123,0.527986,0.0,0.378471,0.511168,-0.029295,0.440732,0.431909,-0.041487,0.472163,0.358783,-0.053215,0.506814,0.305724,-0.06458,0.40727,0.316767,-0.013462,0.436322,0.243619,-0.03734,0.461877,0.19658,-0.050735,0.483409,0.155463,-0.058718,0.369412,0.308488,-0.013478,0.407393,0.25014,-0.05783,0.410954,0.330553,-0.068723,0.40086,0.388968,-0.062502,0.329654,0.314165,-0.017402,0.365413,0.275734,-0.067695,0.371165,0.366062,-0.061113,0.364296,0.421836,-0.040106,0.285607,0.329247,-0.022858,0.315226,0.290729,-0.057999,0.331838,0.349789,-0.051016,0.332431,0.393201,-0.035171
471,15700,True,0.9984,0.9984,0.328176,0.518147,0.0,0.382955,0.50259,-0.029354,0.443938,0.421271,-0.041776,0.475934,0.347502,-0.053954,0.510699,0.293745,-0.065509,0.4132,0.30391,-0.014283,0.443569,0.225369,-0.038181,0.46802,0.175522,-0.050819,0.488037,0.130396,-0.058416,0.37651,0.295466,-0.014872,0.41388,0.233958,-0.060415,0.41578,0.317995,-0.070429,0.404767,0.378193,-0.063198,0.337133,0.300734,-0.019407,0.373192,0.259787,-0.07033,0.378357,0.351132,-0.062504,0.3707,0.407616,-0.040497,0.292738,0.314082,-0.025524,0.322546,0.272622,-0.060298,0.338207,0.331467,-0.05219,0.337655,0.374861,-0.035668
472,15733,True,0.9976,0.9976,0.333717,0.515998,0.0,0.389893,0.49864,-0.028072,0.450294,0.411987,-0.039077,0.483753,0.335776,-0.050171,0.521504,0.28542,-0.060715,0.422561,0.29843,-0.012096,0.453873,0.21851,-0.035251,0.477757,0.166259,-0.047264,0.496946,0.118113,-0.054917,0.385761,0.28897,-0.01367,0.422477,0.225219,-0.059144,0.421847,0.312524,-0.068214,0.408529,0.373265,-0.060303,0.345543,0.293353,-0.019165,0.380441,0.249507,-0.070636,0.383647,0.343626,-0.061778,0.37413,0.399965,-0.038954,0.299713,0.305353,-0.02613,0.328876,0.261084,-0.061142,0.343928,0.321418,-0.052131,0.342512,0.364677,-0.035069
473,15766,True,0.9974,0.9974,0.33717,0.516323,0.0,0.39565,0.498161,-0.029472,0.457754,0.411797,-0.041391,0.492182,0.335393,-0.05301,0.531168,0.284796,-0.063879,0.431898,0.293953,-0.013976,0.464368,0.214291,-0.038429,0.48829,0.16028,-0.051391,0.507106,0.109863,-0.059925,0.394089,0.283056,-0.015563,0.431512,0.218988,-0.062641,0.429588,0.310838,-0.071428,0.41598,0.37294,-0.063115,0.352872,0.287265,-0.021216,0.388297,0.243486,-0.074199,0.390052,0.340475,-0.06408,0.380212,0.397087,-0.040273,0.306068,0.300121,-0.028479,0.337153,0.257526,-0.064709,0.350781,0.320746,-0.054936,0.348404,0.363953,-0.037178
474,15799,True,0.9966,0.9966,0.338868,0.519785,0.0,0.399238,0.49827,-0.02808,0.460975,0.414708,-0.040346,0.498123,0.33969,-0.053141,0.540148,0.28879,-0.06544,0.438821,0.298153,-0.012654,0.47408,0.219172,-0.037793,0.499079,0.163599,-0.051294,0.518051,0.111204,-0.060294,0.40165,0.285993,-0.015729,0.439112,0.217379,-0.062877,0.437646,0.308348,-0.071841,0.424097,0.371259,-0.063863,0.360185,0.289429,-0.022905,0.396008,0.240424,-0.07511,0.39733,0.336514,-0.06447,0.386449,0.394121,-0.040619,0.312597,0.301456,-0.031757,0.342563,0.253583,-0.066694,0.356589,0.314998,-0.056235,0.354137,0.3593,-0.038337
475,15833,True,0.9963,0.9963,0.343969,0.522835,0.0,0.405942,0.502452,-0.029896,0.467802,0.419946,-0.042787,0.505679,0.345471,-0.05602,0.545909,0.291595,-0.06863,0.446062,0.30171,-0.014722,0.483902,0.22408,-0.04123,0.510319,0.168614,-0.05564,0.531479,0.116438,-0.065107,0.408408,0.28817,-0.017285,0.446217,0.220461,-0.066687,0.443547,0.310951,-0.076615,0.430756,0.376708,-0.068747,0.366254,0.290512,-0.024177,0.403209,0.243949,-0.078,0.403556,0.34019,-0.068052,0.393138,0.400294,-0.044144,0.318108,0.301847,-0.032948,0.351894,0.258292,-0.06921,0.365255,0.32051,-0.059729,0.362689,0.366151,-0.042166
476,15866,True,0.9966,0.9966,0.34686,0.527482,0.0,0.409353,0.507135,-0.029959,0.47241,0.424772,-0.043112,0.511381,0.350182,-0.056718,0.553302,0.297516,-0.069913,0.451657,0.305891,-0.015249,0.49291,0.231263,-0.042918,0.521636,0.178623,-0.058293,0.544844,0.128307,-0.068194,0.413366,0.291972,-0.017998,0.451384,0.224695,-0.068224,0.447835,0.315094,-0.078949,0.435055,0.380395,-0.071535,0.37032,0.294015,-0.02508,0.407417,0.248359,-0.080014,0.40739,0.345964,-0.070728,0.396909,0.406948,-0.046914,0.321143,0.305574,-0.033982,0.35545,0.26295,-0.07117,0.369549,0.324951,-0.062135,0.36737,0.370807,-0.044615
477,15900,True,0.9971,0.9971,0.346611,0.532274,0.0,0.410057,0.512642,-0.031096,0.475211,0.429502,-0.044036,0.515132,0.354077,-0.056946,0.558322,0.302984,-0.069505,0.454702,0.312708,-0.017411,0.499173,0.236043,-0.044774,0.529807,0.183307,-0.059469,0.554799,0.132573,-0.06891,0.415781,0.298328,-0.019435,0.45418,0.228425,-0.069555,0.450438,0.317951,-0.079916,0.438203,0.383536,-0.0721,0.372105,0.299925,-0.025715,0.4095,0.254242,-0.081194,0.409365,0.352818,-0.072197,0.399251,0.414132,-0.04822,0.322791,0.311126,-0.033811,0.357916,0.267343,-0.071724,0.37178,0.330929,-0.062926,0.369823,0.378013,-0.045296
478,15933,True,0.9971,0.9971,0.345018,0.537841,0.0,0.407128,0.518274,-0.031441,0.473375,0.43438,-0.044088,0.513435,0.358609,-0.056442,0.556756,0.307324,-0.068237,0.454756,0.318514,-0.018313,0.500404,0.241205,-0.045458,0.531613,0.189001,-0.059473,0.55697,0.138404,-0.068367,0.415477,0.303201,-0.019911,0.454784,0.233779,-0.069061,0.451506,0.321447,-0.078964,0.439316,0.384658,-0.071146,0.371502,0.304071,-0.025709,0.408948,0.262315,-0.081203,0.40869,0.361237,-0.072337,0.398502,0.420183,-0.048505,0.322164,0.31476,-0.03324,0.356299,0.27251,-0.070985,0.369523,0.337428,-0.061822,0.366953,0.383975,-0.043998
479,15966,True,0.9971,0.9971,0.338717,0.539425,0.0,0.40145,0.517585,-0.030925,0.470284,0.435173,-0.04317,0.509862,0.360409,-0.055165,0.552776,0.309141,-0.06639,0.446711,0.315823,-0.015977,0.490389,0.240384,-0.042365,0.521537,0.188662,-0.055989,0.545797,0.137274,-0.064913,0.407193,0.301816,-0.017464,0.446713,0.237825,-0.065326,0.443031,0.331485,-0.074173,0.429114,0.394353,-0.066163,0.363852,0.304112,-0.023348,0.401182,0.266469,-0.07839,0.402018,0.367596,-0.068602,0.391816,0.423875,-0.044691,0.314931,0.315381,-0.03082,0.349763,0.274839,-0.067739,0.361115,0.340816,-0.057559,0.3556,0.383794,-0.03958
480,16000,True,0.997,0.997,0.331185,0.539317,0.0,0.394829,0.515192,-0.028268,0.459728,0.434356,-0.040196,0.498125,0.360252,-0.052693,0.540413,0.309182,-0.06458,0.435404,0.312142,-0.011042,0.474134,0.235322,-0.037622,0.502413,0.184319,-0.051749,0.523714,0.135739,-0.060822,0.396007,0.300961,-0.0136,0.431322,0.239315,-0.061607,0.427149,0.333208,-0.071327,0.41395,0.392085,-0.063983,0.35259,0.305409,-0.020603,0.385044,0.269532,-0.075932,0.385802,0.368021,-0.066349,0.376394,0.419585,-0.042763,0.302701,0.318811,-0.028938,0.332689,0.281809,-0.066104,0.344426,0.348885,-0.055861,0.340453,0.389364,-0.037779
481,16033,True,0.9965,0.9965,0.315436,0.542798,0.0,0.376685,0.518517,-0.027166,0.438225,0.435248,-0.037724,0.471565,0.359617,-0.048772,0.506996,0.30896,-0.059289,0.416442,0.31019,-0.009952,0.45011,0.229886,-0.035039,0.476025,0.176017,-0.048602,0.495753,0.12815,-0.057138,0.376484,0.301555,-0.012412,0.410363,0.236941,-0.059141,0.407693,0.327566,-0.069781,0.395469,0.386587,-0.062903,0.333442,0.308235,-0.018955,0.361786,0.270036,-0.072359,0.364483,0.365571,-0.064499,0.356453,0.416665,-0.042399,0.284199,0.32348,-0.026747,0.309642,0.28127,-0.062877,0.322422,0.347112,-0.053445,0.320113,0.388512,-0.036049
482,16066,True,0.9974,0.9974,0.301149,0.538251,0.0,0.360309,0.515619,-0.026591,0.42037,0.427417,-0.036998,0.455253,0.352081,-0.047553,0.493267,0.302941,-0.057478,0.39721,0.303879,-0.014166,0.42765,0.217772,-0.039561,0.450567,0.16396,-0.05265,0.467209,0.114589,-0.061048,0.356415,0.297072,-0.01705,0.389351,0.235153,-0.064946,0.38956,0.327911,-0.074687,0.378418,0.384463,-0.067236,0.312878,0.305784,-0.023618,0.339965,0.269027,-0.078036,0.345075,0.366919,-0.069031,0.338009,0.415473,-0.046113,0.263852,0.323002,-0.031279,0.288906,0.282635,-0.068155,0.302614,0.349755,-0.057947,0.300264,0.38877,-0.039907
483,16100,True,0.9969,0.9969,0.28407,0.540448,0.0,0.345135,0.514651,-0.026387,0.402904,0.42705,-0.036252,0.434368,0.349957,-0.0464,0.471068,0.298759,-0.056408,0.376798,0.303629,-0.013952,0.406596,0.215457,-0.03782,0.427147,0.159271,-0.049761,0.442332,0.107483,-0.057229,0.336127,0.297414,-0.016357,0.366171,0.22814,-0.062354,0.370823,0.316912,-0.071543,0.363457,0.379759,-0.063814,0.292868,0.306808,-0.022271,0.31958,0.265393,-0.074552,0.326806,0.361269,-0.066144,0.321329,0.416822,-0.043725,0.244216,0.324502,-0.02938,0.269526,0.280607,-0.065049,0.284661,0.344902,-0.055892,0.283715,0.388549,-0.0387
484,16133,True,0.9965,0.9965,0.270054,0.540133,0.0,0.332004,0.514446,-0.030764,0.387545,0.427333,-0.041297,0.414575,0.347002,-0.051283,0.448665,0.290855,-0.060699,0.365232,0.303617,-0.014855,0.390754,0.212248,-0.03807,0.40694,0.15356,-0.049465,0.418171,0.099653,-0.056456,0.323883,0.297458,-0.014936,0.344862,0.223146,-0.060996,0.351081,0.306756,-0.071356,0.347474,0.370294,-0.063915,0.279407,0.306826,-0.018898,0.298612,0.265046,-0.071792,0.308059,0.360159,-0.06511,0.30705,0.4174,-0.043187,0.230167,0.32377,-0.024462,0.250236,0.280221,-0.060246,0.265232,0.343008,-0.052316,0.266989,0.386453,-0.035702
485,16166,True,0.9965,0.9965,0.258101,0.544032,0.0,0.318837,0.518112,-0.037022,0.374807,0.432444,-0.051628,0.400685,0.349146,-0.064352,0.437797,0.287803,-0.076099,0.355097,0.306724,-0.020406,0.379872,0.218316,-0.046167,0.391793,0.15689,-0.059081,0.398683,0.098857,-0.067591,0.311559,0.2999,-0.019183,0.328401,0.219874,-0.067994,0.333794,0.30798,-0.078517,0.331123,0.371573,-0.070826,0.264907,0.310274,-0.022463,0.282261,0.265069,-0.079747,0.290884,0.366464,-0.071943,0.28898,0.422355,-0.048282,0.213804,0.327631,-0.027641,0.23212,0.277885,-0.066592,0.248546,0.345277,-0.057609,0.251218,0.388457,-0.039746
486,16200,True,0.9957,0.9957,0.252013,0.547567,0.0,0.311006,0.522346,-0.036526,0.365964,0.438673,-0.052038,0.392058,0.356323,-0.065841,0.42941,0.295793,-0.078782,0.348062,0.309777,-0.021099,0.371963,0.222396,-0.047971,0.38256,0.162219,-0.06191,0.388502,0.104797,-0.071162,0.30396,0.304144,-0.020214,0.317389,0.22622,-0.06947,0.323712,0.314925,-0.080692,0.323894,0.377492,-0.073898,0.256966,0.315939,-0.023726,0.269726,0.268627,-0.081037,0.281436,0.368927,-0.073746,0.28367,0.425246,-0.050799,0.206174,0.335418,-0.02902,0.219029,0.282895,-0.068188,0.237574,0.350496,-0.059405,0.243638,0.39503,-0.041729
487,16233,True,0.9971,0.9971,0.250296,0.556766,0.0,0.307016,0.531519,-0.034668,0.360381,0.448333,-0.050214,0.386008,0.368291,-0.064286,0.422049,0.309475,-0.07765,0.340249,0.320578,-0.02344,0.364763,0.233494,-0.050509,0.374959,0.175399,-0.064358,0.380334,0.11858,-0.073529,0.29739,0.316212,-0.02353,0.314256,0.238252,-0.071828,0.321683,0.324605,-0.082344,0.321646,0.386815,-0.075749,0.251556,0.329153,-0.027527,0.266632,0.278247,-0.083296,0.279507,0.375858,-0.074993,0.281267,0.433736,-0.052109,0.201873,0.350127,-0.033184,0.216328,0.295082,-0.071526,0.236102,0.362182,-0.062021,0.241628,0.409558,-0.044172
488,16266,True,0.9968,0.9968,0.251752,0.570702,0.0,0.307608,0.54731,-0.03601,0.361311,0.464012,-0.051864,0.385462,0.383584,-0.065718,0.419938,0.324199,-0.078681,0.33843,0.336331,-0.024641,0.362115,0.248603,-0.051124,0.373466,0.190335,-0.064238,0.380609,0.133787,-0.07294,0.296121,0.331314,-0.023485,0.316052,0.254911,-0.071656,0.323274,0.342029,-0.082026,0.321588,0.404309,-0.075216,0.251234,0.342774,-0.026233,0.26845,0.292793,-0.082289,0.281773,0.389363,-0.074746,0.283184,0.446871,-0.052161,0.202766,0.361975,-0.030608,0.219829,0.30859,-0.069754,0.239562,0.376314,-0.0612,0.243796,0.424716,-0.043771
489,16300,True,0.996,0.996,0.259422,0.582522,0.0,0.318897,0.559439,-0.03636,0.370776,0.481651,-0.053689,0.394165,0.403722,-0.069684,0.428197,0.346205,-0.085016,0.350057,0.351531,-0.025566,0.373565,0.265276,-0.052833,0.382833,0.205207,-0.067347,0.388531,0.149748,-0.076655,0.306506,0.34643,-0.024266,0.323441,0.274824,-0.071866,0.331824,0.355876,-0.083115,0.333012,0.419172,-0.077348,0.260621,0.357648,-0.026913,0.278199,0.313034,-0.079862,0.290028,0.404004,-0.072663,0.291171,0.464232,-0.0513,0.211905,0.376782,-0.031616,0.229938,0.329108,-0.06692,0.248995,0.389392,-0.058322,0.253069,0.435058,-0.041598
490,16333,True,0.9948,0.9948,0.270863,0.599913,0.0,0.328379,0.574337,-0.028919,0.38265,0.492742,-0.042646,0.413668,0.41693,-0.056488,0.450097,0.366078,-0.07024,0.36058,0.371734,-0.022224,0.382404,0.284029,-0.047207,0.392434,0.223645,-0.060223,0.399442,0.167871,-0.068675,0.318137,0.365178,-0.023556,0.3402,0.296904,-0.068036,0.34982,0.375545,-0.077939,0.349078,0.437602,-0.0719,0.27349,0.374806,-0.027963,0.298922,0.337906,-0.07798,0.308554,0.429466,-0.070362,0.305703,0.489556,-0.049227,0.225524,0.393166,-0.033847,0.251888,0.353888,-0.067269,0.269329,0.41412,-0.058471,0.270082,0.459444,-0.0419
491,16366,True,0.995,0.995,0.282408,0.621444,0.0,0.341409,0.592632,-0.024429,0.39944,0.508521,-0.03677,0.435128,0.436958,-0.050562,0.475379,0.389684,-0.064344,0.367311,0.390043,-0.014599,0.392711,0.309338,-0.039375,0.410389,0.257615,-0.05359,0.424176,0.21028,-0.06259,0.327948,0.3838,-0.018045,0.361975,0.326193,-0.061259,0.373144,0.402111,-0.072362,0.367563,0.457121,-0.067914,0.286099,0.39277,-0.024753,0.321773,0.361244,-0.07347,0.330394,0.450229,-0.066824,0.322402,0.504517,-0.047196,0.240079,0.411336,-0.032677,0.27315,0.377771,-0.06572,0.290622,0.438188,-0.057228,0.288288,0.481428,-0.04121
492,16400,True,0.9951,0.9951,0.294904,0.643213,0.0,0.356365,0.615989,-0.027033,0.41518,0.53482,-0.041961,0.447348,0.462205,-0.057894,0.489912,0.417746,-0.073562,0.381014,0.412531,-0.017108,0.410185,0.336471,-0.044479,0.429748,0.28615,-0.060662,0.446576,0.239683,-0.070918,0.341211,0.404064,-0.018995,0.383204,0.360728,-0.06484,0.389648,0.442866,-0.075784,0.379845,0.498892,-0.070951,0.299723,0.410172,-0.024571,0.338736,0.382845,-0.074313,0.345031,0.471104,-0.06696,0.336015,0.52572,-0.046958,0.254379,0.42693,-0.03168,0.291436,0.397799,-0.065816,0.307772,0.458842,-0.058022,0.304286,0.502444,-0.042318
493,16433,True,0.994,0.994,0.30984,0.657249,0.0,0.370234,0.633084,-0.025403,0.432991,0.553333,-0.040226,0.468534,0.484073,-0.056176,0.511238,0.439785,-0.071633,0.402164,0.43048,-0.014645,0.432677,0.360709,-0.042242,0.455771,0.312977,-0.058271,0.475491,0.270246,-0.068314,0.361189,0.419945,-0.017864,0.40316,0.379497,-0.064548,0.405825,0.465556,-0.07536,0.393986,0.521117,-0.069952,0.319388,0.425382,-0.024854,0.358745,0.404554,-0.0755,0.362389,0.493116,-0.068582,0.352407,0.543212,-0.048765,0.27442,0.442104,-0.033092,0.312029,0.421237,-0.066778,0.326299,0.482808,-0.058745,0.321649,0.521674,-0.043065
494,16466,True,0.9947,0.9947,0.325953,0.671941,0.0,0.384989,0.648732,-0.027734,0.447561,0.5717,-0.045934,0.487724,0.506871,-0.064772,0.536148,0.468469,-0.083063,0.422418,0.445482,-0.020584,0.454666,0.377331,-0.053673,0.481744,0.331443,-0.074365,0.505144,0.293428,-0.086985,0.381666,0.432927,-0.023108,0.42932,0.408698,-0.072676,0.429334,0.496713,-0.083608,0.417122,0.552092,-0.078729,0.339608,0.437421,-0.030101,0.384981,0.430771,-0.081608,0.385999,0.517009,-0.074361,0.375083,0.56637,-0.055154,0.294745,0.454532,-0.038856,0.335928,0.440401,-0.07374,0.349536,0.502267,-0.066533,0.345549,0.541078,-0.051614
495,16500,True,0.9953,0.9953,0.339778,0.688126,0.0,0.401511,0.667169,-0.025728,0.466279,0.593877,-0.043492,0.510847,0.532964,-0.062628,0.557806,0.491103,-0.081748,0.43886,0.46582,-0.02117,0.477318,0.401004,-0.0548,0.510299,0.357323,-0.076413,0.5391,0.319918,-0.089712,0.399556,0.451814,-0.025326,0.453174,0.431899,-0.074925,0.450304,0.51816,-0.086134,0.433487,0.574499,-0.081913,0.357776,0.456462,-0.03371,0.408247,0.449709,-0.083575,0.408537,0.535116,-0.074742,0.396353,0.586249,-0.055167,0.313088,0.474628,-0.043997,0.359007,0.463994,-0.077435,0.371799,0.524938,-0.069211,0.36651,0.56458,-0.054068
496,16533,True,0.9969,0.9969,0.356519,0.704454,0.0,0.418602,0.683161,-0.023859,0.483594,0.612873,-0.041434,0.529427,0.556158,-0.061508,0.577698,0.516677,-0.081524,0.455331,0.476491,-0.017338,0.499889,0.420587,-0.050108,0.534939,0.381229,-0.071338,0.566274,0.348099,-0.084072,0.415234,0.459644,-0.023163,0.471873,0.447344,-0.072125,0.47482,0.521942,-0.085835,0.463721,0.571377,-0.083009,0.373317,0.46371,-0.032887,0.431038,0.472403,-0.083417,0.429854,0.560316,-0.076819,0.417429,0.612078,-0.057683,0.329499,0.483625,-0.044418,0.380954,0.486273,-0.077494,0.391581,0.548879,-0.069525,0.385066,0.588373,-0.053823
497,16566,True,0.9974,0.9974,0.363696,0.717356,0.0,0.429738,0.695904,-0.020036,0.497432,0.627369,-0.036043,0.54171,0.571984,-0.055225,0.589847,0.534734,-0.074479,0.467842,0.481343,-0.01134,0.518423,0.436736,-0.042943,0.554947,0.401886,-0.064144,0.587568,0.36897,-0.077351,0.427912,0.461828,-0.01883,0.488096,0.470916,-0.066848,0.482149,0.555515,-0.079671,0.464531,0.605365,-0.076155,0.386141,0.466891,-0.030058,0.44623,0.491017,-0.079754,0.439902,0.580555,-0.07233,0.424741,0.627888,-0.052744,0.343035,0.488547,-0.042916,0.395626,0.501557,-0.075168,0.403617,0.565553,-0.066513,0.396487,0.601463,-0.050216
498,16600,True,0.9975,0.9975,0.365475,0.726843,0.0,0.435476,0.706015,-0.020954,0.503526,0.638241,-0.037911,0.547919,0.582693,-0.057556,0.60079,0.546292,-0.076966,0.479655,0.491396,-0.013691,0.533309,0.454093,-0.048023,0.569682,0.421346,-0.071052,0.601599,0.388172,-0.085892,0.438529,0.467753,-0.021683,0.503617,0.483049,-0.072312,0.494098,0.573145,-0.084814,0.473492,0.621407,-0.080896,0.394949,0.47064,-0.033746,0.456525,0.503061,-0.086483,0.447506,0.594837,-0.078479,0.430422,0.637365,-0.058212,0.35078,0.491413,-0.04751,0.404106,0.511878,-0.083435,0.410297,0.57915,-0.075662,0.401746,0.61235,-0.059575
499,16633,True,0.9976,0.9976,0.366415,0.728392,0.0,0.43481,0.708302,-0.020011,0.50323,0.641367,-0.036662,0.549114,0.588052,-0.056007,0.602103,0.554826,-0.075049,0.478717,0.496348,-0.014341,0.534541,0.458078,-0.046785,0.571938,0.426019,-0.067961,0.603854,0.393877,-0.081884,0.438556,0.472926,-0.022886,0.503645,0.491448,-0.071896,0.492972,0.583904,-0.083043,0.471076,0.629431,-0.078862,0.395507,0.476272,-0.035185,0.45694,0.509905,-0.087476,0.447305,0.60268,-0.078261,0.428824,0.64228,-0.057638,0.350956,0.49741,-0.048972,0.403409,0.516681,-0.085039,0.411429,0.584338,-0.076288,0.403279,0.616969,-0.059778
500,16666,True,0.9975,0.9975,0.364744,0.733186,0.0,0.429476,0.709548,-0.019788,0.496393,0.641951,-0.036215,0.541515,0.589205,-0.055412,0.59212,0.557766,-0.074403,0.469969,0.500981,-0.014237,0.52485,0.460232,-0.046514,0.563477,0.429147,-0.068149,0.596142,0.397862,-0.082362,0.428602,0.47945,-0.022418,0.49309,0.493871,-0.070014,0.485991,0.585951,-0.080808,0.465278,0.631255,-0.077312,0.385854,0.484046,-0.034357,0.449906,0.511411,-0.084604,0.44283,0.60416,-0.074274,0.424187,0.645266,-0.053736,0.342391,0.506945,-0.047895,0.397442,0.520741,-0.082027,0.405226,0.585902,-0.072235,0.394234,0.617581,-0.055671
501,16700,True,0.9974,0.9974,0.351103,0.735396,0.0,0.416518,0.711219,-0.018545,0.484807,0.643972,-0.034744,0.53041,0.591402,-0.053782,0.5785,0.556445,-0.073001,0.455831,0.504799,-0.01097,0.507537,0.464344,-0.04333,0.547971,0.432584,-0.065228,0.581353,0.403234,-0.079131,0.414787,0.485664,-0.019699,0.478292,0.492713,-0.066128,0.469843,0.58565,-0.076036,0.447722,0.631096,-0.07185,0.372822,0.491237,-0.032426,0.433872,0.511195,-0.082017,0.427223,0.602901,-0.07097,0.408784,0.642895,-0.05015,0.329913,0.514549,-0.0465,0.379535,0.521154,-0.079874,0.385901,0.587327,-0.068571,0.373835,0.619662,-0.051151
502,16733,True,0.9979,0.9979,0.334266,0.734477,0.0,0.397138,0.712785,-0.01862,0.467213,0.64126,-0.033273,0.514266,0.588073,-0.050682,0.560547,0.551486,-0.068382,0.432601,0.503851,-0.009445,0.482487,0.460395,-0.040551,0.522584,0.428148,-0.061821,0.557104,0.399004,-0.075123,0.393228,0.487485,-0.01734,0.456064,0.483133,-0.061654,0.454076,0.570795,-0.071715,0.438108,0.620807,-0.06803,0.353244,0.493372,-0.029358,0.414879,0.504292,-0.076235,0.412376,0.593455,-0.066542,0.397417,0.639201,-0.047187,0.31315,0.516379,-0.042863,0.366619,0.519052,-0.074141,0.37523,0.584674,-0.064255,0.365376,0.622943,-0.04844
503,16766,True,0.9978,0.9978,0.315258,0.733412,0.0,0.378168,0.711478,-0.017202,0.447735,0.637482,-0.030423,0.494945,0.58418,-0.046437,0.540709,0.546791,-0.063026,0.411265,0.500838,-0.008647,0.460007,0.455849,-0.038158,0.500488,0.424006,-0.058723,0.535795,0.394427,-0.071525,0.37313,0.486427,-0.016865,0.431869,0.481571,-0.059459,0.432358,0.566206,-0.069421,0.419075,0.617352,-0.065919,0.333854,0.491756,-0.029012,0.393554,0.502474,-0.073452,0.391889,0.588174,-0.064528,0.377353,0.634719,-0.046182,0.29439,0.512628,-0.042773,0.348434,0.51494,-0.072396,0.357034,0.580212,-0.063013,0.347385,0.620708,-0.047762
504,16800,True,0.9985,0.9985,0.303732,0.731141,0.0,0.364891,0.708692,-0.018716,0.431467,0.636359,-0.032197,0.476779,0.582409,-0.048256,0.519288,0.544111,-0.065046,0.401527,0.50025,-0.012492,0.444236,0.452583,-0.041694,0.477651,0.420502,-0.062031,0.508508,0.389401,-0.074716,0.361099,0.484453,-0.019394,0.414941,0.481001,-0.062547,0.412762,0.562329,-0.073477,0.399633,0.612192,-0.070398,0.31869,0.490152,-0.029846,0.372779,0.502094,-0.075022,0.372374,0.58672,-0.067935,0.359997,0.635451,-0.050535,0.274896,0.511621,-0.041851,0.325119,0.514833,-0.072979,0.337379,0.581324,-0.065199,0.332557,0.624619,-0.050452
505,16833,True,0.9977,0.9977,0.281611,0.737513,0.0,0.345015,0.714174,-0.019981,0.411175,0.63994,-0.032886,0.453612,0.581253,-0.047648,0.49631,0.539075,-0.063035,0.378811,0.505566,-0.012006,0.419918,0.460246,-0.038295,0.449354,0.425602,-0.056279,0.474554,0.391073,-0.068064,0.337854,0.489447,-0.017679,0.387434,0.479576,-0.057189,0.388473,0.558379,-0.067415,0.376275,0.605669,-0.06484,0.295466,0.494461,-0.026898,0.348248,0.501943,-0.070641,0.350673,0.58513,-0.064615,0.338887,0.631381,-0.04863,0.252067,0.515083,-0.037557,0.301957,0.514508,-0.068811,0.316362,0.581153,-0.062178,0.312894,0.624252,-0.048715
506,16866,True,0.9982,0.9982,0.26896,0.741065,0.0,0.330331,0.716653,-0.019648,0.395385,0.641329,-0.031995,0.437728,0.583557,-0.046355,0.480375,0.542947,-0.061345,0.360008,0.504643,-0.010379,0.39911,0.459849,-0.034599,0.424574,0.426443,-0.050672,0.447145,0.393116,-0.061304,0.318117,0.490567,-0.015849,0.363846,0.480144,-0.05409,0.369018,0.558447,-0.063895,0.362337,0.60485,-0.061068,0.275158,0.497956,-0.024701,0.323277,0.503956,-0.06863,0.329575,0.590534,-0.063467,0.321902,0.638619,-0.047668,0.232321,0.521037,-0.034854,0.276297,0.517479,-0.067044,0.293777,0.583644,-0.061674,0.293227,0.627124,-0.048737
507,16900,True,0.9975,0.9975,0.260304,0.746354,0.0,0.321087,0.721501,-0.024175,0.383276,0.649107,-0.038202,0.420756,0.589687,-0.053033,0.4623,0.549055,-0.06788,0.354531,0.506821,-0.014708,0.389066,0.46617,-0.041389,0.409902,0.432093,-0.058443,0.428328,0.398046,-0.069677,0.308917,0.488646,-0.018163,0.346382,0.486643,-0.059172,0.349575,0.567659,-0.069376,0.344588,0.610714,-0.066052,0.262455,0.496688,-0.025439,0.299773,0.518327,-0.07274,0.307708,0.606313,-0.068413,0.304415,0.649543,-0.052285,0.217308,0.522156,-0.03426,0.248882,0.532488,-0.067644,0.265061,0.596696,-0.062944,0.266151,0.631547,-0.050205
508,16933,True,0.9972,0.9972,0.253605,0.749798,0.0,0.313539,0.726662,-0.025091,0.374922,0.65646,-0.03968,0.410274,0.597568,-0.054662,0.450483,0.55783,-0.069136,0.347055,0.511938,-0.015137,0.379193,0.473094,-0.043385,0.399444,0.439843,-0.061291,0.417718,0.406006,-0.072926,0.300492,0.49286,-0.018085,0.337533,0.491332,-0.059923,0.342018,0.575524,-0.070051,0.336726,0.618446,-0.066454,0.253385,0.501666,-0.024993,0.289607,0.523776,-0.07327,0.298081,0.614043,-0.06797,0.294695,0.655456,-0.050872,0.20802,0.528346,-0.033438,0.238381,0.540538,-0.067069,0.253876,0.604856,-0.061438,0.253355,0.636342,-0.047936
509,16966,True,0.9969,0.9969,0.249773,0.752415,0.0,0.309829,0.730925,-0.027736,0.371467,0.661119,-0.043921,0.408496,0.600084,-0.05994,0.449858,0.557865,-0.075021,0.345161,0.515597,-0.01708,0.376753,0.479371,-0.045606,0.394421,0.446024,-0.062933,0.411067,0.410929,-0.074151,0.298396,0.49407,-0.01879,0.333558,0.494635,-0.060316,0.334817,0.580675,-0.069194,0.328903,0.62187,-0.06454,0.251371,0.501423,-0.024803,0.286262,0.527058,-0.072398,0.292513,0.617484,-0.066282,0.289528,0.657269,-0.048692,0.205976,0.527007,-0.032721,0.234801,0.54346,-0.065057,0.250085,0.605738,-0.059505,0.251606,0.634449,-0.046232
510,17000,True,0.9971,0.9971,0.249682,0.751017,0.0,0.309971,0.732428,-0.029967,0.371175,0.663585,-0.047551,0.407274,0.601784,-0.064358,0.449455,0.559941,-0.080021,0.345272,0.516229,-0.020327,0.376703,0.479295,-0.050237,0.394057,0.445638,-0.06823,0.410321,0.41006,-0.079994,0.297922,0.494688,-0.021269,0.333894,0.497242,-0.064925,0.334717,0.585711,-0.074153,0.328047,0.628126,-0.06951,0.250458,0.502654,-0.026689,0.286889,0.529962,-0.076117,0.293025,0.619993,-0.07018,0.289697,0.658895,-0.052518,0.204583,0.529225,-0.034136,0.235442,0.545664,-0.068524,0.251432,0.609198,-0.063689,0.253628,0.638618,-0.050635
511,17033,True,0.9974,0.9974,0.2494,0.752395,0.0,0.309306,0.732926,-0.02949,0.370033,0.6638,-0.047872,0.408252,0.602915,-0.065846,0.450825,0.560634,-0.08252,0.344801,0.517655,-0.019023,0.376536,0.481279,-0.048783,0.39462,0.447529,-0.065755,0.410759,0.412496,-0.076742,0.297468,0.496291,-0.020556,0.333887,0.498452,-0.063062,0.334199,0.588762,-0.070425,0.326899,0.626104,-0.06462,0.250156,0.504262,-0.026803,0.287051,0.530127,-0.076006,0.292576,0.620696,-0.068368,0.287583,0.655077,-0.049776,0.204255,0.530543,-0.035055,0.235617,0.546115,-0.069307,0.250935,0.609955,-0.06338,0.251256,0.636427,-0.049713
512,17066,True,0.9977,0.9977,0.250567,0.75257,0.0,0.310337,0.733242,-0.02929,0.370924,0.663851,-0.04793,0.408866,0.603014,-0.066092,0.451889,0.560599,-0.083012,0.344071,0.518137,-0.019426,0.376413,0.480443,-0.04904,0.395744,0.446538,-0.066212,0.412753,0.411951,-0.077407,0.297244,0.497561,-0.021194,0.336484,0.498595,-0.06368,0.336861,0.589387,-0.07121,0.32836,0.627421,-0.065609,0.25053,0.506079,-0.027534,0.288793,0.529571,-0.076239,0.29484,0.61965,-0.068304,0.289243,0.654092,-0.049778,0.205139,0.533101,-0.035862,0.236482,0.545165,-0.069735,0.252531,0.608751,-0.063202,0.252805,0.636041,-0.049234
513,17100,True,0.9973,0.9973,0.25225,0.752403,0.0,0.311886,0.732591,-0.028699,0.372947,0.661174,-0.046687,0.411269,0.60006,-0.064541,0.455506,0.557797,-0.081364,0.345421,0.516398,-0.017913,0.378776,0.476012,-0.046817,0.399289,0.441201,-0.063948,0.418175,0.407017,-0.074807,0.299584,0.497199,-0.019443,0.337975,0.493939,-0.060609,0.339553,0.579184,-0.068411,0.332963,0.619291,-0.06306,0.253124,0.506034,-0.025513,0.290059,0.525728,-0.071794,0.297118,0.614093,-0.064423,0.293653,0.652706,-0.046496,0.208465,0.533144,-0.03372,0.237371,0.541031,-0.065158,0.253427,0.601703,-0.058848,0.254886,0.63093,-0.045278
514,17133,True,0.9971,0.9971,0.25562,0.74608,0.0,0.314855,0.726861,-0.028891,0.376844,0.652967,-0.046513,0.414337,0.590531,-0.063824,0.457915,0.547666,-0.08034,0.346253,0.509503,-0.018441,0.379172,0.46338,-0.046668,0.400794,0.426752,-0.064052,0.420585,0.392382,-0.075324,0.300915,0.493753,-0.01959,0.341402,0.487014,-0.062144,0.343064,0.573866,-0.070767,0.334145,0.619774,-0.065852,0.25453,0.50348,-0.025143,0.291663,0.51311,-0.071584,0.300506,0.600435,-0.064368,0.296565,0.642712,-0.046799,0.208686,0.530617,-0.032751,0.239909,0.530883,-0.065034,0.257223,0.592487,-0.058859,0.257622,0.624602,-0.045483
515,17166,True,0.9969,0.9969,0.256398,0.737252,0.0,0.315792,0.716862,-0.026871,0.376924,0.641173,-0.04229,0.412386,0.578117,-0.057957,0.452351,0.533555,-0.072881,0.344595,0.502701,-0.015923,0.378964,0.448591,-0.042725,0.401722,0.409673,-0.059192,0.42154,0.372046,-0.069991,0.300139,0.489668,-0.017849,0.340829,0.472488,-0.06016,0.344447,0.55785,-0.069047,0.335698,0.60574,-0.06436,0.255215,0.499129,-0.023882,0.29293,0.498368,-0.069886,0.302709,0.586629,-0.061825,0.298285,0.631847,-0.043571,0.210191,0.525026,-0.031826,0.243003,0.520093,-0.06368,0.260392,0.581458,-0.056675,0.259847,0.615222,-0.042696
516,17200,True,0.9965,0.9965,0.258768,0.727065,0.0,0.316552,0.703783,-0.026326,0.377096,0.626513,-0.041258,0.412518,0.562032,-0.056845,0.454282,0.515871,-0.071473,0.342964,0.494052,-0.014881,0.378219,0.432348,-0.040917,0.401293,0.391516,-0.056042,0.421009,0.351227,-0.065689,0.300224,0.482824,-0.017278,0.34487,0.455093,-0.060696,0.350414,0.540777,-0.069827,0.342038,0.592896,-0.064448,0.257471,0.491035,-0.023674,0.299744,0.480989,-0.071337,0.310066,0.571011,-0.063656,0.306043,0.621018,-0.044291,0.214519,0.514179,-0.031779,0.25379,0.495561,-0.064449,0.275019,0.555533,-0.057206,0.277784,0.594541,-0.042305
517,17233,True,0.9959,0.9959,0.260345,0.715214,0.0,0.319487,0.692086,-0.031069,0.38013,0.613851,-0.047966,0.411991,0.544595,-0.064252,0.452726,0.496116,-0.079309,0.345473,0.481599,-0.019243,0.377991,0.417819,-0.047948,0.399844,0.374591,-0.064329,0.419047,0.332976,-0.074802,0.301306,0.470627,-0.019939,0.344059,0.438628,-0.066947,0.348597,0.527237,-0.076341,0.34078,0.580145,-0.070189,0.257267,0.479558,-0.025136,0.2957,0.469393,-0.076001,0.306081,0.560366,-0.067547,0.303245,0.607762,-0.04699,0.212945,0.502917,-0.032325,0.246123,0.488321,-0.066694,0.264199,0.551106,-0.059026,0.264456,0.586435,-0.043644
518,17266,True,0.9954,0.9954,0.261164,0.702948,0.0,0.319997,0.677809,-0.030719,0.378394,0.597536,-0.046657,0.409599,0.527478,-0.062081,0.44903,0.477363,-0.076246,0.344872,0.469517,-0.018757,0.377035,0.400636,-0.046673,0.397517,0.354379,-0.062342,0.413881,0.309216,-0.072535,0.301081,0.459451,-0.019607,0.341524,0.421265,-0.065997,0.348588,0.508757,-0.075056,0.342116,0.562113,-0.068887,0.257586,0.468635,-0.024845,0.295052,0.452766,-0.075456,0.306724,0.543368,-0.066569,0.304517,0.591694,-0.045781,0.213738,0.491678,-0.032099,0.24707,0.47261,-0.066715,0.26623,0.534853,-0.05883,0.267552,0.571505,-0.043278
519,17300,True,0.9956,0.9956,0.26464,0.689376,0.0,0.324066,0.662131,-0.030605,0.382364,0.577975,-0.045486,0.411418,0.505437,-0.059747,0.450083,0.455128,-0.072861,0.345537,0.452783,-0.018687,0.375787,0.382255,-0.045713,0.393557,0.334129,-0.06077,0.407692,0.286803,-0.070804,0.301196,0.444571,-0.019237,0.339084,0.403828,-0.06595,0.347441,0.490422,-0.075336,0.342589,0.545535,-0.069227,0.257417,0.454645,-0.024021,0.293104,0.43541,-0.075304,0.306371,0.526002,-0.067113,0.305661,0.576102,-0.046449,0.213025,0.478071,-0.030727,0.24654,0.455795,-0.066319,0.266561,0.519096,-0.059243,0.269084,0.558042,-0.04404
520,17333,True,0.9959,0.9959,0.263738,0.673332,0.0,0.322987,0.647019,-0.033368,0.380619,0.563842,-0.050403,0.41023,0.490219,-0.066418,0.447807,0.436232,-0.081119,0.343178,0.43628,-0.022116,0.372144,0.363808,-0.051042,0.38834,0.313892,-0.066944,0.401427,0.26514,-0.077513,0.298043,0.428419,-0.022199,0.33554,0.385233,-0.071631,0.344443,0.474931,-0.081232,0.34019,0.531568,-0.074626,0.253534,0.440009,-0.026831,0.288632,0.419919,-0.080191,0.303793,0.511692,-0.071525,0.30425,0.561842,-0.050052,0.20885,0.465077,-0.033643,0.240003,0.442645,-0.070288,0.261055,0.503898,-0.063327,0.264104,0.540404,-0.048096
521,17366,True,0.9973,0.9973,0.267962,0.657324,0.0,0.325497,0.630416,-0.034456,0.381989,0.545644,-0.051639,0.408843,0.470717,-0.067351,0.443044,0.414906,-0.081926,0.341937,0.418626,-0.025222,0.368527,0.339451,-0.055565,0.382661,0.285721,-0.072625,0.393191,0.232698,-0.083959,0.296327,0.412773,-0.025027,0.331121,0.363887,-0.075906,0.342103,0.453795,-0.086168,0.339376,0.510315,-0.079879,0.251171,0.426073,-0.029215,0.284334,0.401875,-0.084227,0.301704,0.494855,-0.075413,0.303288,0.545249,-0.053486,0.20501,0.452819,-0.035554,0.234156,0.428737,-0.073975,0.257788,0.49209,-0.066719,0.263174,0.530324,-0.050799
522,17400,True,0.9972,0.9972,0.269768,0.640779,0.0,0.326658,0.611565,-0.034696,0.381838,0.520739,-0.05146,0.406265,0.442358,-0.066609,0.439846,0.385465,-0.080551,0.337973,0.396991,-0.024297,0.360324,0.314993,-0.054605,0.372768,0.26109,-0.071336,0.3817,0.208351,-0.082347,0.292369,0.394097,-0.023802,0.326911,0.342794,-0.074416,0.338725,0.435785,-0.083776,0.335144,0.491775,-0.076738,0.24794,0.409622,-0.027843,0.281251,0.382585,-0.083848,0.299089,0.47723,-0.074228,0.299794,0.526096,-0.051394,0.202042,0.437769,-0.033887,0.232524,0.409509,-0.073138,0.256868,0.474387,-0.064921,0.261332,0.512578,-0.048088
523,17433,True,0.9971,0.9971,0.273362,0.621439,0.0,0.329207,0.5933,-0.034564,0.382673,0.499277,-0.051064,0.402941,0.418391,-0.066087,0.436402,0.362518,-0.079917,0.334943,0.374739,-0.024507,0.353148,0.285945,-0.05407,0.362081,0.229189,-0.069655,0.368882,0.175464,-0.079786,0.290077,0.375363,-0.023712,0.322667,0.321577,-0.074855,0.336876,0.414457,-0.083566,0.335622,0.472755,-0.075793,0.246747,0.393211,-0.027375,0.278255,0.360522,-0.08358,0.297673,0.455053,-0.073285,0.299576,0.506712,-0.04978,0.201453,0.423015,-0.033001,0.230768,0.388189,-0.071884,0.255293,0.452084,-0.063124,0.259751,0.491883,-0.045892
524,17466,True,0.9968,0.9968,0.280548,0.601557,0.0,0.336048,0.572424,-0.034786,0.386485,0.476765,-0.051593,0.407222,0.394575,-0.066627,0.441259,0.336094,-0.080359,0.335894,0.351921,-0.025471,0.348336,0.257916,-0.054493,0.3544,0.196859,-0.06964,0.357185,0.140486,-0.079668,0.292662,0.35532,-0.024356,0.320348,0.295416,-0.074418,0.338944,0.388322,-0.082455,0.339462,0.445461,-0.074447,0.250695,0.374806,-0.027579,0.279088,0.337069,-0.083104,0.299377,0.43132,-0.071651,0.299647,0.479584,-0.047576,0.206193,0.405004,-0.032669,0.23237,0.363789,-0.070187,0.257002,0.427682,-0.059615,0.259612,0.465901,-0.041448
525,17500,True,0.9966,0.9966,0.287994,0.584727,0.0,0.343938,0.555381,-0.035135,0.392482,0.459382,-0.052244,0.41012,0.375677,-0.067629,0.443877,0.317136,-0.0818,0.342556,0.333117,-0.027445,0.353652,0.234185,-0.056517,0.355538,0.169206,-0.07144,0.354222,0.109633,-0.081379,0.299393,0.337669,-0.026166,0.32398,0.273072,-0.076234,0.34454,0.36277,-0.084625,0.347251,0.420587,-0.076897,0.257966,0.357982,-0.028939,0.287084,0.318126,-0.08518,0.308206,0.413933,-0.073897,0.308849,0.465001,-0.04978,0.213669,0.388622,-0.033515,0.242978,0.34624,-0.071622,0.268462,0.411963,-0.060809,0.271914,0.452704,-0.042325
526,17533,True,0.995,0.995,0.297887,0.572216,0.0,0.357835,0.541207,-0.032638,0.404311,0.445384,-0.049273,0.421595,0.363118,-0.065159,0.451328,0.30329,-0.08025,0.357283,0.313993,-0.024985,0.366799,0.214007,-0.054469,0.369582,0.147246,-0.07128,0.36879,0.087865,-0.082461,0.314144,0.318896,-0.024857,0.33931,0.258918,-0.074274,0.359345,0.348046,-0.084191,0.36118,0.407886,-0.078202,0.2724,0.33929,-0.028588,0.301132,0.297862,-0.081917,0.322868,0.389943,-0.070799,0.323767,0.444967,-0.048029,0.227484,0.37043,-0.034264,0.255955,0.326946,-0.071133,0.281443,0.390058,-0.060664,0.285004,0.432989,-0.042801
527,17566,True,0.9932,0.9932,0.312122,0.563497,0.0,0.37267,0.532426,-0.033077,0.420178,0.436474,-0.050271,0.440686,0.353473,-0.066611,0.472152,0.292271,-0.082144,0.37593,0.302023,-0.025588,0.386329,0.197149,-0.055035,0.392255,0.128794,-0.07145,0.393412,0.066043,-0.082578,0.332988,0.306186,-0.025487,0.35796,0.240685,-0.07492,0.376744,0.335267,-0.084735,0.375432,0.394552,-0.07844,0.290583,0.325709,-0.029201,0.319679,0.284409,-0.083717,0.340759,0.380871,-0.072662,0.339902,0.43428,-0.049336,0.245179,0.355269,-0.034679,0.272812,0.308705,-0.072199,0.298732,0.374191,-0.061379,0.301532,0.41728,-0.043083
528,17600,True,0.9921,0.9921,0.321103,0.561857,0.0,0.383864,0.523713,-0.032588,0.436187,0.429274,-0.049789,0.460124,0.348683,-0.067306,0.494859,0.28892,-0.083871,0.388389,0.296372,-0.019717,0.40679,0.196012,-0.049641,0.419682,0.129768,-0.066677,0.427763,0.070438,-0.077563,0.347025,0.299046,-0.02052,0.380364,0.241891,-0.072036,0.393406,0.336215,-0.083139,0.387639,0.398016,-0.076581,0.306311,0.316867,-0.025765,0.341134,0.278977,-0.08116,0.35597,0.374767,-0.070492,0.351687,0.428845,-0.046417,0.262496,0.34472,-0.032962,0.294411,0.299257,-0.068916,0.31612,0.362718,-0.057193,0.315519,0.404866,-0.037906
529,17633,True,0.9881,0.9881,0.335626,0.558194,0.0,0.400674,0.518948,-0.02986,0.453147,0.425331,-0.045452,0.483281,0.347175,-0.062116,0.519565,0.289648,-0.077729,0.41406,0.295657,-0.015841,0.433421,0.196765,-0.043967,0.446966,0.132935,-0.059242,0.456712,0.075108,-0.069006,0.371968,0.294957,-0.018088,0.405561,0.237829,-0.069575,0.414382,0.33371,-0.080713,0.40772,0.396794,-0.073523,0.330001,0.309134,-0.024642,0.367406,0.277029,-0.080479,0.378125,0.374059,-0.071245,0.372534,0.42727,-0.047625,0.285565,0.332633,-0.032889,0.319588,0.294778,-0.068921,0.338386,0.360016,-0.058125,0.337358,0.401814,-0.039322
530,17666,True,0.9907,0.9907,0.349984,0.559168,0.0,0.415634,0.521906,-0.028913,0.471543,0.429904,-0.04406,0.503682,0.351976,-0.060804,0.545365,0.299365,-0.076632,0.436648,0.302332,-0.014968,0.462264,0.204334,-0.043706,0.479614,0.141271,-0.058788,0.491585,0.084198,-0.068246,0.395589,0.299655,-0.017695,0.433743,0.246885,-0.070385,0.440131,0.346043,-0.081167,0.431238,0.409469,-0.073385,0.354102,0.311259,-0.024723,0.394124,0.280168,-0.081163,0.401041,0.379033,-0.071184,0.393115,0.433517,-0.046719,0.308919,0.332137,-0.033431,0.344741,0.298366,-0.069318,0.361516,0.363538,-0.05846,0.359433,0.404843,-0.039472
531,17700,True,0.9931,0.9931,0.364187,0.567311,0.0,0.428708,0.531528,-0.025325,0.484939,0.443905,-0.040309,0.521835,0.369623,-0.057484,0.564134,0.321344,-0.074128,0.457461,0.315972,-0.016317,0.485336,0.221092,-0.044873,0.503981,0.16006,-0.060525,0.517306,0.103373,-0.070851,0.417737,0.310334,-0.020948,0.460319,0.258587,-0.07162,0.466448,0.35424,-0.081735,0.455907,0.416956,-0.07469,0.37614,0.320487,-0.02926,0.417564,0.289081,-0.083501,0.423456,0.385918,-0.073245,0.413492,0.442724,-0.049705,0.330141,0.340834,-0.03905,0.366782,0.310928,-0.074786,0.384075,0.375538,-0.064626,0.381213,0.418491,-0.046579
532,17733,True,0.9931,0.9931,0.372169,0.580317,0.0,0.439835,0.543558,-0.02335,0.499134,0.465876,-0.038673,0.533947,0.394831,-0.056878,0.572025,0.346511,-0.075187,0.472418,0.336161,-0.014615,0.503186,0.245715,-0.042735,0.524868,0.186074,-0.059664,0.54144,0.129662,-0.070835,0.433249,0.329756,-0.019886,0.477059,0.284995,-0.068079,0.480578,0.373004,-0.08003,0.467488,0.434739,-0.075335,0.392422,0.337963,-0.028525,0.437077,0.30689,-0.079296,0.440352,0.395979,-0.070785,0.427811,0.453901,-0.049522,0.347077,0.356479,-0.038675,0.38877,0.32686,-0.0729,0.404073,0.389784,-0.063671,0.398874,0.435816,-0.046521
533,17766,True,0.994,0.994,0.383401,0.598158,0.0,0.453247,0.56821,-0.028712,0.514428,0.497798,-0.047071,0.549154,0.429577,-0.067399,0.58204,0.377425,-0.087337,0.48797,0.355076,-0.018441,0.521713,0.272779,-0.049103,0.544595,0.216711,-0.068047,0.563085,0.164278,-0.08038,0.445512,0.344871,-0.02229,0.494124,0.3069,-0.073733,0.496561,0.397341,-0.087589,0.483723,0.460579,-0.08337,0.402141,0.351874,-0.030168,0.452356,0.335811,-0.083336,0.453045,0.425217,-0.076288,0.439511,0.48069,-0.055543,0.355464,0.372124,-0.040023,0.398941,0.355885,-0.075276,0.41415,0.418257,-0.067364,0.410712,0.461253,-0.050985
534,17800,True,0.9942,0.9942,0.39185,0.62151,0.0,0.459529,0.595265,-0.031216,0.519158,0.527882,-0.052626,0.557847,0.464551,-0.075752,0.597962,0.411868,-0.098329,0.499194,0.381442,-0.018907,0.535201,0.30772,-0.05113,0.560805,0.256983,-0.071614,0.582938,0.210355,-0.084768,0.458258,0.370732,-0.02279,0.507991,0.331916,-0.074388,0.513939,0.415462,-0.089759,0.505223,0.47324,-0.08712,0.414595,0.376914,-0.031268,0.468377,0.359569,-0.08586,0.467001,0.450667,-0.079771,0.452088,0.504772,-0.059927,0.368108,0.395888,-0.041807,0.415581,0.378998,-0.078066,0.426429,0.444896,-0.069823,0.417655,0.487631,-0.053576
535,17833,True,0.9929,0.9929,0.394832,0.641979,1e-06,0.460343,0.614949,-0.029531,0.518968,0.552769,-0.049355,0.558199,0.4961,-0.071383,0.595233,0.447193,-0.092169,0.500533,0.41367,-0.016933,0.539189,0.344302,-0.048444,0.568146,0.292616,-0.069484,0.594994,0.247956,-0.08154,0.463162,0.398802,-0.021542,0.495156,0.32811,-0.059731,0.523534,0.316119,-0.075859,0.547718,0.308602,-0.079471,0.421003,0.400669,-0.031107,0.474247,0.38483,-0.081623,0.473606,0.468197,-0.078717,0.463291,0.528331,-0.061454,0.378513,0.4184,-0.042898,0.424902,0.406381,-0.077274,0.432078,0.469002,-0.06902,0.423688,0.516923,-0.052954
536,17866,True,0.9937,0.9937,0.393316,0.661014,0.0,0.457119,0.638726,-0.024615,0.519615,0.57825,-0.042995,0.561524,0.522822,-0.064073,0.602529,0.47882,-0.084599,0.505121,0.435389,-0.014157,0.547647,0.372781,-0.045994,0.578793,0.327671,-0.066232,0.605307,0.286612,-0.078806,0.466665,0.41984,-0.020186,0.522512,0.403143,-0.070799,0.521253,0.492639,-0.083585,0.507088,0.552251,-0.079138,0.425528,0.420748,-0.030521,0.481093,0.423709,-0.082568,0.474709,0.515398,-0.073193,0.458513,0.569395,-0.05157,0.380819,0.434984,-0.042801,0.429884,0.434363,-0.076337,0.435336,0.500206,-0.066324,0.424389,0.540487,-0.049052
537,17900,True,0.9937,0.9937,0.386408,0.689354,0.0,0.451056,0.667986,-0.021973,0.516373,0.607133,-0.03779,0.559777,0.552874,-0.056226,0.604402,0.51151,-0.074014,0.506189,0.458818,-0.008476,0.553187,0.408518,-0.037991,0.585001,0.369887,-0.057188,0.611387,0.332091,-0.069664,0.468826,0.4409,-0.014595,0.527328,0.438432,-0.060894,0.519493,0.530828,-0.072683,0.500098,0.581864,-0.068834,0.42798,0.441554,-0.02486,0.483205,0.451337,-0.073981,0.473207,0.542259,-0.064075,0.454793,0.587378,-0.04321,0.382169,0.457027,-0.036794,0.430581,0.461735,-0.068692,0.434858,0.528125,-0.058041,0.423339,0.562121,-0.040876
538,17933,True,0.9928,0.9928,0.378609,0.713487,0.0,0.44698,0.687482,-0.016133,0.510473,0.622799,-0.029515,0.552207,0.569949,-0.046827,0.601033,0.539794,-0.063956,0.498794,0.479193,-0.005045,0.552592,0.440214,-0.033246,0.588215,0.406691,-0.052232,0.617462,0.371161,-0.06521,0.461546,0.458925,-0.013383,0.518016,0.478215,-0.055161,0.509072,0.568319,-0.064922,0.489648,0.613055,-0.061932,0.421678,0.461676,-0.025374,0.479431,0.485823,-0.070525,0.468104,0.572031,-0.059543,0.447913,0.611922,-0.039899,0.377755,0.479897,-0.038791,0.429477,0.491539,-0.068772,0.432504,0.556316,-0.057583,0.420263,0.588272,-0.040814
539,17966,True,0.9943,0.9943,0.36938,0.732551,-0.0,0.441105,0.702021,-0.012925,0.503998,0.640404,-0.026477,0.547504,0.592657,-0.044934,0.597654,0.565001,-0.063653,0.490322,0.502229,-0.005268,0.549426,0.469382,-0.033637,0.588381,0.440346,-0.053066,0.620169,0.41023,-0.065525,0.453861,0.481182,-0.014892,0.513449,0.514542,-0.055289,0.50187,0.59919,-0.064757,0.480236,0.642714,-0.061983,0.414478,0.483605,-0.027845,0.475668,0.519772,-0.07091,0.462669,0.602621,-0.060376,0.441408,0.645031,-0.04138,0.37243,0.501144,-0.042158,0.426834,0.516756,-0.071,0.428286,0.578608,-0.060054,0.414577,0.613551,-0.043284
540,18000,True,0.9937,0.9937,0.351417,0.747386,0.0,0.428342,0.718376,-0.015714,0.494765,0.663752,-0.030991,0.538901,0.616909,-0.04976,0.58885,0.589508,-0.069072,0.47474,0.523043,-0.011044,0.535548,0.503142,-0.040012,0.576574,0.488754,-0.060915,0.610299,0.471551,-0.074461,0.437453,0.500115,-0.019104,0.495611,0.536759,-0.056884,0.483028,0.618768,-0.066119,0.46198,0.659,-0.064849,0.397545,0.504362,-0.030449,0.455377,0.540747,-0.070375,0.443335,0.619144,-0.060397,0.42421,0.659469,-0.043564,0.356084,0.525396,-0.043276,0.402976,0.543403,-0.069787,0.405562,0.603675,-0.059095,0.395439,0.638315,-0.043574
541,18033,True,0.9957,0.9957,0.340145,0.755185,0.0,0.414095,0.732034,-0.018142,0.479595,0.683098,-0.034981,0.524902,0.639477,-0.054494,0.575143,0.613396,-0.0749,0.46123,0.536087,-0.015196,0.525766,0.526588,-0.043841,0.567408,0.512985,-0.065163,0.603588,0.495467,-0.079436,0.422938,0.512887,-0.022219,0.478906,0.552289,-0.058876,0.465071,0.632069,-0.068376,0.445449,0.674445,-0.067861,0.381727,0.518872,-0.032392,0.435642,0.557741,-0.069819,0.424488,0.634046,-0.059893,0.407822,0.676135,-0.044048,0.339662,0.543965,-0.044391,0.378851,0.564396,-0.068595,0.382341,0.6206,-0.058287,0.37523,0.654408,-0.043783
542,18066,True,0.9972,0.9972,0.331631,0.766874,0.0,0.400039,0.745956,-0.015168,0.466353,0.693625,-0.029949,0.509881,0.651113,-0.047783,0.555889,0.623659,-0.066576,0.447508,0.548006,-0.010846,0.505669,0.541248,-0.040495,0.545685,0.530705,-0.062926,0.581902,0.515676,-0.077653,0.410149,0.526174,-0.019477,0.47049,0.563729,-0.055919,0.457644,0.644394,-0.065197,0.437517,0.681875,-0.06454,0.369623,0.533005,-0.031366,0.427867,0.572283,-0.070734,0.41656,0.651856,-0.060945,0.397701,0.689486,-0.044758,0.327358,0.5589,-0.04469,0.372371,0.579071,-0.070887,0.376464,0.639352,-0.060104,0.36587,0.671382,-0.045124
543,18100,True,0.9967,0.9967,0.307876,0.770363,0.0,0.378586,0.756642,-0.013385,0.450239,0.702086,-0.025515,0.49706,0.660667,-0.040428,0.54259,0.632312,-0.05657,0.42807,0.560753,-0.0093,0.483046,0.555295,-0.03524,0.522655,0.544256,-0.055547,0.556843,0.529347,-0.069119,0.389922,0.537957,-0.017357,0.445111,0.577683,-0.049382,0.435248,0.652379,-0.057892,0.417946,0.687354,-0.05783,0.348942,0.542914,-0.028273,0.404719,0.583423,-0.063571,0.395925,0.657732,-0.054718,0.379887,0.69333,-0.040471,0.308075,0.566139,-0.040514,0.356227,0.586796,-0.06491,0.360719,0.646843,-0.054744,0.35205,0.681428,-0.040679
544,18133,True,0.9977,0.9977,0.288405,0.772679,0.0,0.358265,0.756828,-0.006817,0.431671,0.698332,-0.014947,0.480664,0.661058,-0.027108,0.523852,0.636784,-0.040817,0.400228,0.55833,-0.00067,0.450368,0.551959,-0.022859,0.490592,0.547089,-0.042015,0.52635,0.539637,-0.055129,0.363076,0.539043,-0.011023,0.418502,0.576394,-0.039307,0.411263,0.65012,-0.049108,0.394961,0.687611,-0.050655,0.324243,0.544541,-0.023714,0.382315,0.582633,-0.055228,0.376004,0.655685,-0.048543,0.36097,0.693047,-0.036664,0.285142,0.567472,-0.037274,0.340431,0.588736,-0.059157,0.34588,0.651295,-0.049878,0.337598,0.690343,-0.03717
545,18166,True,0.998,0.998,0.270615,0.773208,0.0,0.334503,0.755986,-0.010666,0.406579,0.693103,-0.020073,0.455072,0.653369,-0.032159,0.498969,0.629984,-0.045331,0.375542,0.554154,-0.005497,0.419137,0.544355,-0.028027,0.457905,0.542314,-0.04695,0.493981,0.541937,-0.059165,0.337917,0.535405,-0.013211,0.386064,0.572281,-0.041223,0.377763,0.646043,-0.050678,0.362287,0.687918,-0.051426,0.297511,0.540853,-0.023362,0.347386,0.582884,-0.054524,0.34238,0.656565,-0.048761,0.329224,0.697925,-0.036906,0.256712,0.562452,-0.034673,0.304497,0.585471,-0.055747,0.312342,0.647844,-0.047076,0.306429,0.688304,-0.03426
546,18200,True,0.9988,0.9988,0.254519,0.767883,0.0,0.314377,0.750114,-0.010226,0.382545,0.685247,-0.019284,0.427916,0.643087,-0.0306,0.469627,0.619757,-0.042731,0.352787,0.547792,-0.004306,0.391157,0.533828,-0.025136,0.423257,0.524543,-0.042673,0.454452,0.516311,-0.054629,0.313495,0.52863,-0.012182,0.362237,0.553729,-0.039055,0.355409,0.624905,-0.048193,0.341787,0.662621,-0.049219,0.2719,0.534238,-0.022457,0.319537,0.567026,-0.053267,0.317974,0.636144,-0.049018,0.307158,0.672774,-0.039085,0.229456,0.556447,-0.033705,0.274592,0.574758,-0.055159,0.286969,0.635271,-0.048186,0.284252,0.674038,-0.037466
547,18233,True,0.9986,0.9986,0.23957,0.754055,0.0,0.30017,0.734489,-0.01464,0.3644,0.668054,-0.023796,0.405841,0.619942,-0.034063,0.445602,0.594465,-0.045139,0.342252,0.543606,-0.009244,0.371326,0.520822,-0.029831,0.394867,0.504417,-0.045568,0.41769,0.488926,-0.056239,0.297705,0.521297,-0.014379,0.33081,0.532682,-0.042158,0.329494,0.607488,-0.049882,0.321353,0.64694,-0.049258,0.250496,0.525671,-0.022067,0.281442,0.548513,-0.054101,0.286174,0.621165,-0.049023,0.280484,0.657924,-0.038111,0.202374,0.547163,-0.030733,0.23213,0.561137,-0.052289,0.246093,0.620022,-0.044644,0.245239,0.653159,-0.033498
548,18266,True,0.9988,0.9988,0.226989,0.742369,0.0,0.282077,0.723177,-0.019918,0.341315,0.654464,-0.032204,0.379275,0.600574,-0.044647,0.418536,0.568754,-0.057185,0.32233,0.530629,-0.011841,0.349098,0.499384,-0.034451,0.370305,0.472202,-0.049077,0.38719,0.444873,-0.05911,0.277156,0.511609,-0.015465,0.304844,0.499817,-0.046402,0.307964,0.584419,-0.051911,0.30172,0.622799,-0.048477,0.23007,0.517341,-0.022346,0.25231,0.521204,-0.058798,0.262958,0.602443,-0.048827,0.259106,0.637068,-0.033291,0.180999,0.539303,-0.030521,0.201983,0.540723,-0.054575,0.217699,0.599776,-0.044187,0.215532,0.627297,-0.030697
549,18300,True,0.9985,0.9985,0.222241,0.719113,0.0,0.275517,0.701072,-0.025665,0.333719,0.635616,-0.039481,0.366043,0.575877,-0.052813,0.405184,0.53933,-0.065639,0.315967,0.507416,-0.014161,0.338862,0.471402,-0.039472,0.356745,0.437923,-0.055401,0.372194,0.404057,-0.065646,0.268075,0.487012,-0.015188,0.291982,0.480008,-0.052141,0.295615,0.565047,-0.060605,0.2908,0.607063,-0.056864,0.218504,0.492586,-0.019905,0.238501,0.505727,-0.063511,0.249175,0.592541,-0.055985,0.248472,0.632314,-0.038781,0.167456,0.514489,-0.026106,0.183629,0.515184,-0.054577,0.199909,0.574473,-0.045698,0.201187,0.604613,-0.031105
550,18333,True,0.9981,0.9981,0.219694,0.700326,0.0,0.271961,0.683227,-0.030815,0.32847,0.615188,-0.047371,0.359494,0.549833,-0.062621,0.40052,0.509433,-0.076971,0.310896,0.483676,-0.017933,0.331384,0.44106,-0.044951,0.345109,0.400225,-0.060488,0.35652,0.359752,-0.070709,0.26192,0.463161,-0.016764,0.282137,0.451831,-0.054645,0.285544,0.542876,-0.059764,0.280625,0.584132,-0.053224,0.212072,0.469307,-0.020147,0.227456,0.479114,-0.064811,0.239427,0.569061,-0.054026,0.239724,0.606979,-0.034496,0.160267,0.492323,-0.025656,0.172744,0.492163,-0.055663,0.191199,0.553526,-0.046242,0.194955,0.581997,-0.031039
551,18366,True,0.9972,0.9972,0.220066,0.68119,0.0,0.271633,0.667987,-0.036448,0.329401,0.59963,-0.056595,0.358508,0.531287,-0.074115,0.396765,0.483247,-0.090573,0.309502,0.463732,-0.025967,0.330272,0.409469,-0.056292,0.341948,0.363234,-0.073524,0.350294,0.31875,-0.084467,0.260971,0.44508,-0.022376,0.28218,0.422051,-0.064144,0.285807,0.516868,-0.068788,0.278596,0.562302,-0.060728,0.211635,0.451699,-0.023724,0.230007,0.449865,-0.071231,0.24192,0.542713,-0.059056,0.239018,0.584714,-0.037525,0.15941,0.474861,-0.027554,0.17595,0.468132,-0.060655,0.195103,0.533187,-0.051,0.196403,0.565242,-0.034624
552,18400,True,0.9978,0.9978,0.225841,0.666551,0.0,0.277213,0.653863,-0.035583,0.335237,0.581415,-0.055212,0.361127,0.509856,-0.072518,0.402348,0.464049,-0.089062,0.312987,0.446049,-0.026878,0.336113,0.380739,-0.056736,0.348582,0.33008,-0.073779,0.35674,0.282268,-0.085277,0.26326,0.4324,-0.024342,0.285295,0.400106,-0.068923,0.290044,0.495747,-0.075211,0.282046,0.544817,-0.06811,0.213447,0.442172,-0.026353,0.233326,0.428064,-0.075965,0.245964,0.520266,-0.064694,0.241537,0.562375,-0.043643,0.161409,0.46777,-0.030496,0.179277,0.449225,-0.065041,0.198747,0.51325,-0.055772,0.198267,0.544459,-0.039847
553,18433,True,0.9976,0.9976,0.231077,0.652266,0.0,0.284315,0.638761,-0.036917,0.341729,0.565953,-0.05769,0.368846,0.494387,-0.07656,0.409547,0.444119,-0.094379,0.32106,0.430552,-0.029292,0.349503,0.357273,-0.062624,0.363655,0.303093,-0.080984,0.37102,0.250232,-0.093159,0.271326,0.418204,-0.027469,0.293559,0.380063,-0.076199,0.298526,0.47987,-0.082383,0.29134,0.526974,-0.074541,0.221258,0.427976,-0.030532,0.24165,0.407451,-0.084532,0.253031,0.505888,-0.070648,0.24841,0.548213,-0.046663,0.16908,0.452884,-0.035818,0.188247,0.429349,-0.072926,0.20561,0.494857,-0.061599,0.203746,0.525353,-0.043487
554,18466,True,0.9954,0.9954,0.236985,0.64623,0.0,0.292963,0.632608,-0.037543,0.350357,0.556503,-0.057305,0.376877,0.481632,-0.074954,0.418804,0.433641,-0.091383,0.332418,0.421466,-0.03115,0.36586,0.338282,-0.064684,0.382319,0.279301,-0.082702,0.391779,0.221922,-0.094557,0.282726,0.408864,-0.028879,0.304593,0.363592,-0.081205,0.308797,0.464473,-0.088611,0.302234,0.51922,-0.080181,0.232774,0.41671,-0.03128,0.254677,0.395001,-0.087802,0.263235,0.495734,-0.074799,0.257777,0.542563,-0.049908,0.181321,0.439323,-0.035885,0.206253,0.413173,-0.074332,0.220462,0.480331,-0.063556,0.216225,0.512412,-0.04502
555,18500,True,0.9928,0.9928,0.242162,0.646565,0.0,0.301365,0.627654,-0.036621,0.358807,0.547404,-0.054514,0.386964,0.471386,-0.070652,0.428265,0.42381,-0.085448,0.343198,0.416029,-0.028789,0.377197,0.331688,-0.061743,0.396281,0.275239,-0.079366,0.408998,0.219739,-0.090604,0.293964,0.404007,-0.027079,0.315592,0.353175,-0.080389,0.320044,0.452312,-0.089387,0.315394,0.512195,-0.081224,0.244096,0.411361,-0.029959,0.266597,0.387838,-0.087145,0.274709,0.488586,-0.076127,0.270539,0.539285,-0.051713,0.193042,0.432421,-0.035034,0.219367,0.408016,-0.073258,0.232657,0.47424,-0.063665,0.228343,0.507406,-0.045725
556,18533,True,0.9933,0.9933,0.245219,0.649569,0.0,0.308017,0.629817,-0.037218,0.367439,0.547709,-0.054938,0.396587,0.470178,-0.070965,0.437092,0.419906,-0.085755,0.349006,0.411744,-0.029911,0.385219,0.328848,-0.061296,0.406553,0.272513,-0.078034,0.422164,0.218215,-0.088867,0.300447,0.399199,-0.028181,0.326227,0.352568,-0.081137,0.331253,0.446168,-0.091817,0.326719,0.507955,-0.085191,0.25101,0.406331,-0.030828,0.278246,0.387049,-0.087415,0.287709,0.48427,-0.078945,0.284959,0.539165,-0.056604,0.200524,0.427386,-0.035839,0.231266,0.407775,-0.074436,0.24782,0.472271,-0.067548,0.247201,0.509216,-0.05162
557,18566,True,0.9932,0.9932,0.250134,0.656957,0.0,0.314129,0.635639,-0.038406,0.373432,0.556228,-0.057257,0.403574,0.480674,-0.074429,0.444529,0.428106,-0.09009,0.355453,0.414875,-0.030226,0.391743,0.333605,-0.062469,0.413341,0.277763,-0.079764,0.429981,0.223062,-0.090945,0.306847,0.40188,-0.028343,0.334786,0.358621,-0.081648,0.340204,0.451776,-0.092971,0.335368,0.510501,-0.086736,0.25707,0.409372,-0.03105,0.286225,0.395221,-0.088868,0.295634,0.493596,-0.081165,0.293182,0.545309,-0.058951,0.206822,0.430773,-0.036156,0.238137,0.413282,-0.075346,0.256235,0.479209,-0.068593,0.257585,0.515612,-0.052504
558,18600,True,0.9937,0.9937,0.254602,0.666999,0.0,0.319809,0.644518,-0.037715,0.379342,0.5656,-0.056389,0.409327,0.490317,-0.073663,0.450354,0.439481,-0.089618,0.358942,0.425457,-0.031178,0.394673,0.344375,-0.063112,0.415136,0.287353,-0.080637,0.431472,0.232023,-0.092041,0.310297,0.411882,-0.029638,0.341979,0.371218,-0.082803,0.347922,0.460009,-0.09464,0.343694,0.519541,-0.0888,0.260974,0.418537,-0.032378,0.293631,0.408041,-0.089796,0.302762,0.50594,-0.082526,0.300696,0.561682,-0.060484,0.21144,0.439149,-0.037585,0.244971,0.425285,-0.076902,0.263719,0.491997,-0.070709,0.266914,0.532792,-0.054759
559,18633,True,0.9935,0.9935,0.257177,0.675784,0.0,0.322227,0.655905,-0.037665,0.382057,0.578388,-0.056559,0.412074,0.502785,-0.074074,0.453921,0.452797,-0.0904,0.361648,0.437317,-0.032127,0.3973,0.355086,-0.063184,0.4168,0.297695,-0.0801,0.432732,0.243282,-0.09105,0.313619,0.423313,-0.030405,0.346691,0.384325,-0.082555,0.352585,0.467718,-0.094608,0.348728,0.52636,-0.089307,0.265056,0.429182,-0.032774,0.298387,0.420209,-0.088705,0.307567,0.515126,-0.082093,0.306391,0.572447,-0.061014,0.215983,0.448892,-0.037687,0.249307,0.436299,-0.07609,0.268014,0.502247,-0.070453,0.27206,0.545286,-0.055132
560,18666,True,0.9943,0.9943,0.260601,0.681756,0.0,0.325432,0.659121,-0.034839,0.385714,0.582756,-0.053191,0.416832,0.510053,-0.07073,0.458062,0.461526,-0.087207,0.364405,0.442926,-0.031599,0.400185,0.363901,-0.061989,0.419674,0.308462,-0.078622,0.43613,0.255833,-0.08942,0.31714,0.428597,-0.030844,0.353308,0.399436,-0.081565,0.358603,0.482233,-0.092976,0.353585,0.538996,-0.08791,0.269432,0.434794,-0.033806,0.305892,0.432161,-0.087722,0.313835,0.524907,-0.080691,0.311129,0.580931,-0.060167,0.221196,0.455106,-0.039202,0.257155,0.448194,-0.076519,0.275117,0.513408,-0.070942,0.278001,0.555859,-0.055941
561,18700,True,0.9945,0.9945,0.266403,0.683934,0.0,0.330677,0.660527,-0.031583,0.391225,0.585496,-0.048955,0.423455,0.515313,-0.066138,0.463501,0.468118,-0.082371,0.367775,0.446586,-0.028026,0.405261,0.371669,-0.057936,0.426709,0.320019,-0.074542,0.444991,0.270532,-0.08536,0.321602,0.43236,-0.028998,0.363026,0.401863,-0.078482,0.367305,0.486596,-0.089308,0.359259,0.542758,-0.084027,0.275863,0.439346,-0.033567,0.318307,0.436864,-0.085695,0.323731,0.527256,-0.07822,0.316762,0.579206,-0.057931,0.229522,0.460796,-0.040337,0.27071,0.454799,-0.075993,0.287734,0.517543,-0.069709,0.287153,0.556763,-0.054688
562,18733,True,0.9936,0.9936,0.279055,0.681951,0.0,0.341697,0.655727,-0.027368,0.402256,0.578882,-0.042669,0.433976,0.511076,-0.058826,0.474694,0.46726,-0.074137,0.375461,0.445172,-0.020985,0.414457,0.372188,-0.049775,0.436826,0.323764,-0.065287,0.455849,0.276455,-0.075059,0.331043,0.431297,-0.023368,0.373418,0.404384,-0.072369,0.373725,0.492507,-0.082401,0.362438,0.545943,-0.076177,0.286957,0.437347,-0.029303,0.331544,0.437152,-0.081319,0.332962,0.528836,-0.073049,0.322281,0.577639,-0.051893,0.241422,0.457418,-0.036992,0.284092,0.453714,-0.071845,0.297941,0.518119,-0.064322,0.293115,0.555192,-0.048272
563,18766,True,0.9914,0.9914,0.291144,0.673473,0.0,0.352291,0.648931,-0.029016,0.413702,0.576092,-0.046148,0.448107,0.50986,-0.064024,0.489088,0.463059,-0.080704,0.390226,0.441352,-0.017874,0.429301,0.370256,-0.047263,0.450785,0.323773,-0.062506,0.467877,0.276615,-0.07216,0.347284,0.428225,-0.020121,0.389459,0.401167,-0.068293,0.383409,0.49524,-0.076538,0.367961,0.53884,-0.069435,0.303956,0.433237,-0.026707,0.346788,0.427878,-0.080642,0.343577,0.52364,-0.070162,0.329945,0.564403,-0.047498,0.257757,0.451082,-0.034994,0.297595,0.44203,-0.071464,0.308699,0.510703,-0.061925,0.302193,0.543798,-0.044455
564,18800,True,0.9897,0.9897,0.299192,0.656144,0.0,0.358705,0.635684,-0.03007,0.419642,0.56672,-0.04709,0.454326,0.501041,-0.064175,0.494764,0.452348,-0.080075,0.402027,0.43937,-0.019408,0.44068,0.363119,-0.048312,0.463731,0.315665,-0.063946,0.482434,0.268728,-0.073811,0.361638,0.426585,-0.020783,0.401077,0.389002,-0.068762,0.395919,0.477618,-0.077968,0.382242,0.525813,-0.071525,0.31961,0.429683,-0.026299,0.356059,0.411459,-0.078507,0.354334,0.503318,-0.067836,0.344072,0.547311,-0.045329,0.273774,0.443267,-0.033585,0.307193,0.422758,-0.068266,0.317992,0.490463,-0.057392,0.31328,0.527304,-0.039221
565,18833,True,0.9921,0.9921,0.311334,0.642033,0.0,0.37008,0.619298,-0.028668,0.430122,0.547953,-0.044697,0.463703,0.482101,-0.061115,0.506705,0.436896,-0.076368,0.410528,0.428032,-0.017385,0.449659,0.35275,-0.047059,0.475325,0.30452,-0.0631,0.49645,0.255891,-0.073375,0.371723,0.415143,-0.019424,0.413979,0.37338,-0.0686,0.407221,0.466084,-0.077362,0.392144,0.516606,-0.070049,0.331133,0.416679,-0.025765,0.371217,0.394481,-0.079945,0.368399,0.490108,-0.068738,0.356914,0.535717,-0.044989,0.286467,0.428273,-0.033703,0.323499,0.405623,-0.070308,0.333831,0.475429,-0.05991,0.328732,0.5135,-0.041697
566,18866,True,0.9937,0.9937,0.32409,0.619486,0.0,0.382772,0.599601,-0.027874,0.442098,0.527566,-0.043221,0.475195,0.460652,-0.058718,0.518895,0.418589,-0.0732,0.4239,0.409938,-0.018334,0.461693,0.33175,-0.047127,0.486694,0.282187,-0.063129,0.506166,0.23228,-0.073799,0.384637,0.397622,-0.020325,0.424789,0.357123,-0.067573,0.419001,0.448233,-0.07566,0.403458,0.495275,-0.069023,0.343714,0.399796,-0.026363,0.383376,0.376314,-0.07834,0.38092,0.468134,-0.066547,0.368221,0.509639,-0.043828,0.297936,0.411512,-0.034008,0.334831,0.389979,-0.069647,0.344156,0.459355,-0.058973,0.337855,0.495555,-0.04134
567,18900,True,0.9952,0.9952,0.335031,0.600672,0.0,0.393762,0.579781,-0.02749,0.452706,0.506081,-0.042406,0.487247,0.439272,-0.057783,0.530066,0.393875,-0.072323,0.431799,0.389449,-0.017466,0.468857,0.310172,-0.045797,0.494094,0.259362,-0.061906,0.513989,0.209118,-0.072589,0.394741,0.378203,-0.019675,0.437129,0.336594,-0.066238,0.432483,0.424745,-0.074854,0.417164,0.472134,-0.068809,0.355216,0.38121,-0.025921,0.397231,0.355736,-0.077777,0.394274,0.446841,-0.066543,0.380836,0.490676,-0.044112,0.310264,0.393384,-0.033759,0.348265,0.368611,-0.069808,0.358128,0.43711,-0.059528,0.352139,0.47673,-0.042035
568,18933,True,0.9958,0.9958,0.34437,0.580413,0.0,0.403322,0.561384,-0.028929,0.46225,0.487373,-0.044305,0.49704,0.41969,-0.059963,0.53911,0.373242,-0.074836,0.444268,0.372093,-0.019107,0.480848,0.29072,-0.047954,0.504857,0.236891,-0.064068,0.523428,0.185175,-0.074727,0.406368,0.360859,-0.021289,0.445754,0.315828,-0.070283,0.440863,0.403848,-0.07915,0.426633,0.456297,-0.072464,0.365431,0.364271,-0.027625,0.405362,0.33482,-0.081128,0.402379,0.425968,-0.069628,0.390241,0.473824,-0.046424,0.319072,0.377167,-0.035738,0.355458,0.35201,-0.072921,0.365267,0.420244,-0.062961,0.360775,0.461501,-0.045384
569,18966,True,0.9957,0.9957,0.352327,0.56802,0.0,0.410973,0.547912,-0.029503,0.469937,0.472678,-0.044522,0.504671,0.402578,-0.059905,0.547065,0.357038,-0.074475,0.451666,0.357053,-0.019576,0.489814,0.274517,-0.048252,0.513476,0.219272,-0.06384,0.533019,0.165955,-0.07414,0.413719,0.344501,-0.021344,0.454893,0.298122,-0.071059,0.449364,0.385209,-0.079959,0.435233,0.440685,-0.072724,0.373003,0.346689,-0.027292,0.415484,0.319154,-0.081336,0.411755,0.411741,-0.07052,0.39966,0.463657,-0.047091,0.327378,0.358801,-0.035147,0.365739,0.334369,-0.073082,0.375363,0.401366,-0.06451,0.371172,0.445002,-0.047505
570,19000,True,0.9948,0.9948,0.358926,0.559711,0.0,0.417957,0.537865,-0.026872,0.477019,0.460273,-0.041033,0.513052,0.391124,-0.055983,0.554835,0.347828,-0.070294,0.458425,0.345737,-0.020352,0.495608,0.262021,-0.048895,0.519316,0.207452,-0.064419,0.539047,0.154242,-0.07471,0.421049,0.333999,-0.023192,0.462996,0.289934,-0.072681,0.456583,0.381287,-0.080574,0.441712,0.439603,-0.072833,0.380594,0.336877,-0.029785,0.422501,0.307881,-0.082126,0.419198,0.40276,-0.069516,0.407079,0.457811,-0.045431,0.335254,0.349369,-0.038185,0.372661,0.322117,-0.073878,0.382251,0.385944,-0.063697,0.377428,0.427744,-0.046119
571,19033,True,0.9948,0.9948,0.363038,0.56268,0.0,0.422579,0.537839,-0.023724,0.480219,0.460105,-0.037426,0.518451,0.394256,-0.053034,0.56074,0.352577,-0.068204,0.462836,0.340824,-0.016304,0.499354,0.258365,-0.04474,0.523651,0.203143,-0.060706,0.542598,0.150421,-0.071314,0.425955,0.32879,-0.020733,0.47068,0.290574,-0.069699,0.465842,0.382106,-0.078405,0.44897,0.43889,-0.071419,0.384917,0.332044,-0.028771,0.430252,0.308121,-0.081065,0.426657,0.404128,-0.069269,0.411448,0.45757,-0.045775,0.339176,0.345974,-0.038344,0.379157,0.327174,-0.074679,0.390239,0.392707,-0.06536,0.384139,0.432749,-0.048148
572,19066,True,0.9956,0.9956,0.368066,0.572709,0.0,0.427395,0.549662,-0.027606,0.482969,0.473408,-0.044413,0.520305,0.40631,-0.062508,0.565619,0.364932,-0.079945,0.470605,0.347701,-0.020652,0.507807,0.263953,-0.051083,0.532771,0.207491,-0.06801,0.55178,0.155585,-0.078766,0.43249,0.335487,-0.024133,0.481089,0.297517,-0.075831,0.47849,0.387751,-0.086137,0.462168,0.445608,-0.079302,0.390673,0.338749,-0.031362,0.438479,0.317272,-0.086848,0.434624,0.413573,-0.076673,0.418837,0.467977,-0.053071,0.344415,0.353067,-0.040203,0.386026,0.339381,-0.078466,0.397791,0.407119,-0.06969,0.391528,0.448438,-0.05202
573,19100,True,0.9936,0.9936,0.369723,0.590859,0.0,0.432672,0.564887,-0.027244,0.490393,0.49124,-0.044286,0.528597,0.423772,-0.062954,0.57395,0.381211,-0.081234,0.471678,0.362917,-0.018061,0.510335,0.281836,-0.049812,0.536908,0.226308,-0.068496,0.55824,0.175405,-0.080403,0.431855,0.352817,-0.022409,0.481843,0.313078,-0.075452,0.482018,0.405436,-0.08739,0.46867,0.466692,-0.081122,0.389738,0.358576,-0.030704,0.438111,0.339152,-0.08654,0.435169,0.433088,-0.075994,0.420479,0.486877,-0.051949,0.343733,0.376006,-0.040729,0.386256,0.36001,-0.078437,0.397701,0.429514,-0.068074,0.391688,0.472683,-0.049203
574,19133,True,0.994,0.994,0.370001,0.616819,0.0,0.435205,0.59227,-0.033698,0.495435,0.525157,-0.054909,0.533566,0.462008,-0.076901,0.574753,0.413215,-0.097963,0.473303,0.385062,-0.02093,0.512031,0.31093,-0.055879,0.541096,0.260581,-0.077223,0.565701,0.213905,-0.090459,0.431631,0.373423,-0.023674,0.48219,0.341418,-0.079738,0.479858,0.433551,-0.094041,0.466737,0.490713,-0.088777,0.389041,0.379205,-0.031398,0.439272,0.373437,-0.089974,0.433711,0.46759,-0.08173,0.419644,0.516722,-0.058685,0.34423,0.398131,-0.041383,0.386902,0.388286,-0.079165,0.396057,0.458316,-0.069183,0.390662,0.497426,-0.050605
575,19166,True,0.9949,0.9949,0.373113,0.649462,0.0,0.435674,0.624993,-0.034618,0.496235,0.557085,-0.056497,0.537814,0.495503,-0.078622,0.58127,0.450328,-0.099641,0.481158,0.419471,-0.026117,0.517752,0.345882,-0.061831,0.545896,0.292047,-0.083447,0.569957,0.243004,-0.096205,0.43778,0.40325,-0.029141,0.478123,0.342428,-0.075145,0.498671,0.377355,-0.088599,0.510657,0.394696,-0.087314,0.391216,0.407832,-0.037212,0.445886,0.402685,-0.094947,0.4433,0.498782,-0.088513,0.430671,0.553383,-0.067086,0.343921,0.427915,-0.047446,0.390773,0.425367,-0.086481,0.399305,0.496859,-0.076922,0.391506,0.539341,-0.058879
576,19200,True,0.992,0.992,0.363026,0.676431,0.0,0.428246,0.653384,-0.03157,0.492624,0.586451,-0.053695,0.538107,0.529579,-0.076251,0.582921,0.489539,-0.09849,0.477615,0.446264,-0.028256,0.517967,0.383867,-0.064139,0.549007,0.337778,-0.088087,0.574253,0.297648,-0.103816,0.433248,0.428137,-0.031607,0.481235,0.427748,-0.083651,0.474897,0.524859,-0.094821,0.456699,0.579884,-0.090967,0.38715,0.434555,-0.039695,0.430672,0.442634,-0.090585,0.429224,0.531268,-0.07945,0.416658,0.578946,-0.05929,0.340041,0.457236,-0.05056,0.375628,0.46182,-0.084898,0.385308,0.527248,-0.075627,0.379826,0.563506,-0.060045
577,19233,True,0.9911,0.9911,0.358277,0.706647,0.0,0.424193,0.685995,-0.028401,0.488392,0.625528,-0.049658,0.53293,0.573888,-0.071866,0.580102,0.53573,-0.09395,0.470187,0.474081,-0.02739,0.517889,0.424186,-0.063011,0.553366,0.383252,-0.087906,0.582328,0.346,-0.104541,0.42623,0.452943,-0.032041,0.472258,0.474388,-0.080546,0.468138,0.566163,-0.092209,0.453262,0.615953,-0.090626,0.380948,0.46053,-0.040971,0.426323,0.492025,-0.088259,0.424531,0.576171,-0.077194,0.412672,0.618177,-0.058762,0.335621,0.486925,-0.052665,0.374196,0.504977,-0.083978,0.382965,0.567942,-0.073697,0.377332,0.601178,-0.058132
578,19266,True,0.9936,0.9936,0.348208,0.738046,0.0,0.417493,0.712968,-0.02165,0.484843,0.648436,-0.038839,0.530924,0.597149,-0.058249,0.57974,0.563396,-0.077898,0.460074,0.503421,-0.018835,0.512115,0.465175,-0.053244,0.553143,0.431414,-0.077865,0.588115,0.401177,-0.093815,0.416915,0.482167,-0.025407,0.468042,0.513253,-0.0695,0.4653,0.601789,-0.079556,0.451695,0.650929,-0.077709,0.372477,0.490805,-0.036069,0.423737,0.53263,-0.079596,0.422086,0.614407,-0.067989,0.410372,0.657377,-0.049816,0.328291,0.518263,-0.049253,0.371273,0.543785,-0.077601,0.380066,0.606386,-0.066895,0.375079,0.641834,-0.051388
579,19300,True,0.9951,0.9951,0.334385,0.767663,0.0,0.410992,0.736348,-0.018698,0.476945,0.67669,-0.035968,0.520688,0.628752,-0.056235,0.57044,0.595774,-0.077167,0.446293,0.529699,-0.014341,0.504634,0.510286,-0.046446,0.547533,0.491416,-0.070775,0.583231,0.473658,-0.086398,0.404775,0.512177,-0.021693,0.465316,0.551676,-0.06191,0.460468,0.634336,-0.073329,0.444166,0.680204,-0.073442,0.362215,0.523648,-0.032734,0.421194,0.566513,-0.073644,0.417825,0.644175,-0.064936,0.404636,0.688888,-0.048981,0.321202,0.553458,-0.045799,0.366526,0.57137,-0.073186,0.377062,0.629873,-0.063955,0.373819,0.669542,-0.049378
580,19333,True,0.9934,0.9934,0.32938,0.788378,0.0,0.405479,0.761705,-0.021342,0.471949,0.704644,-0.039096,0.514154,0.658916,-0.059124,0.560728,0.627094,-0.079997,0.443653,0.556816,-0.017351,0.492509,0.545225,-0.050586,0.531596,0.532873,-0.0773,0.566857,0.520289,-0.094736,0.400808,0.536736,-0.023281,0.450638,0.581451,-0.062255,0.446064,0.658005,-0.076218,0.434142,0.697906,-0.079058,0.356379,0.546343,-0.032883,0.405347,0.597929,-0.072502,0.402332,0.671907,-0.065713,0.392995,0.711828,-0.051867,0.313045,0.575015,-0.0448,0.352835,0.59937,-0.07073,0.362823,0.65518,-0.06154,0.361859,0.690809,-0.047467
581,19366,True,0.9955,0.9955,0.311347,0.797206,0.0,0.383507,0.778053,-0.014034,0.454468,0.719852,-0.027105,0.501589,0.677811,-0.042992,0.547927,0.651621,-0.059926,0.421817,0.575722,-0.012603,0.469781,0.564803,-0.04024,0.508867,0.563668,-0.062821,0.544663,0.562682,-0.077547,0.380121,0.554854,-0.020568,0.432094,0.606261,-0.052633,0.425717,0.679884,-0.063334,0.411204,0.714846,-0.065368,0.336862,0.562838,-0.0312,0.388635,0.617514,-0.064094,0.382369,0.687614,-0.056178,0.36878,0.72112,-0.043387,0.294369,0.588584,-0.04351,0.34093,0.617939,-0.063755,0.346569,0.673583,-0.052032,0.340178,0.705831,-0.037267
582,19400,True,0.9969,0.9969,0.287344,0.799969,0.0,0.356567,0.782282,-0.014497,0.425795,0.729214,-0.029686,0.47511,0.695026,-0.047229,0.518809,0.667185,-0.065291,0.396028,0.582997,-0.011493,0.443623,0.577669,-0.039225,0.483584,0.576976,-0.062183,0.518969,0.57371,-0.077793,0.357172,0.563297,-0.020287,0.410333,0.599869,-0.049941,0.404976,0.672455,-0.060227,0.389971,0.699881,-0.063008,0.315951,0.569555,-0.03202,0.369839,0.619318,-0.063542,0.364437,0.688549,-0.054626,0.34924,0.712669,-0.042343,0.273929,0.593853,-0.045523,0.322285,0.625083,-0.064241,0.328898,0.683635,-0.051137,0.320338,0.711793,-0.036516
583,19433,True,0.9984,0.9984,0.270213,0.797174,0.0,0.334433,0.77626,-0.013675,0.402853,0.719008,-0.02716,0.451878,0.684976,-0.042666,0.494739,0.661384,-0.059035,0.367443,0.571617,-0.013467,0.408292,0.557894,-0.038245,0.444846,0.561956,-0.060313,0.479696,0.56848,-0.075311,0.326409,0.553847,-0.021218,0.371197,0.593995,-0.047229,0.366346,0.660949,-0.059085,0.353125,0.695083,-0.064477,0.283042,0.564367,-0.031387,0.329079,0.61165,-0.058814,0.329798,0.674956,-0.054837,0.320806,0.707754,-0.047634,0.24014,0.592623,-0.043329,0.283168,0.622579,-0.062162,0.29572,0.678967,-0.054317,0.294007,0.714308,-0.043928
584,19466,True,0.9958,0.9958,0.244077,0.779025,0.0,0.309431,0.750929,-0.01521,0.373054,0.697309,-0.028137,0.420106,0.663421,-0.043955,0.458618,0.638555,-0.060348,0.340542,0.590376,-0.009719,0.3601,0.538173,-0.033595,0.378403,0.544881,-0.052188,0.390013,0.559571,-0.06302,0.300317,0.581841,-0.015894,0.319945,0.531449,-0.043071,0.330265,0.594156,-0.054113,0.327935,0.63834,-0.056804,0.257048,0.587426,-0.025089,0.274174,0.538533,-0.053165,0.291396,0.603221,-0.048984,0.292727,0.65234,-0.039821,0.211088,0.604752,-0.035619,0.234072,0.562957,-0.056787,0.256353,0.610092,-0.049943,0.26109,0.653251,-0.0397
585,19500,True,0.9987,0.9987,0.22974,0.746321,0.0,0.286757,0.726586,-0.019395,0.345953,0.672847,-0.032376,0.382717,0.626779,-0.046779,0.409647,0.585593,-0.060611,0.330146,0.554499,-0.010643,0.35764,0.515472,-0.035891,0.383165,0.532258,-0.053375,0.40101,0.554773,-0.06307,0.287818,0.540164,-0.014808,0.317452,0.505625,-0.045173,0.321436,0.579763,-0.055048,0.313436,0.624858,-0.055536,0.241843,0.541674,-0.022709,0.26897,0.512063,-0.056335,0.279802,0.585776,-0.051347,0.275629,0.633103,-0.039859,0.191792,0.557903,-0.031749,0.219503,0.528318,-0.057413,0.239699,0.581463,-0.050759,0.242589,0.623655,-0.039398
586,19533,True,0.9993,0.9993,0.218088,0.696975,0.0,0.269294,0.678886,-0.021059,0.326843,0.616293,-0.033277,0.361975,0.563782,-0.0453,0.390542,0.522277,-0.058356,0.304591,0.496084,-0.020034,0.332544,0.442033,-0.042924,0.356249,0.401059,-0.059362,0.374986,0.36204,-0.070796,0.259722,0.479712,-0.022579,0.288688,0.460261,-0.056861,0.294109,0.537767,-0.066501,0.287601,0.58643,-0.065814,0.213624,0.486218,-0.027484,0.239543,0.480866,-0.063441,0.251142,0.555332,-0.056772,0.248785,0.600527,-0.04364,0.164905,0.507714,-0.033847,0.191227,0.502903,-0.059805,0.211346,0.560719,-0.053249,0.215638,0.600179,-0.041987
587,19566,True,0.9973,0.9973,0.209527,0.652448,0.0,0.263595,0.630891,-0.021365,0.320344,0.561761,-0.033587,0.351204,0.504949,-0.045888,0.383762,0.466164,-0.059233,0.297076,0.449004,-0.020215,0.324717,0.384867,-0.044309,0.343565,0.33957,-0.05991,0.358508,0.295855,-0.070795,0.249295,0.435551,-0.022591,0.278507,0.411487,-0.06097,0.284381,0.494571,-0.068974,0.277199,0.544159,-0.065501,0.200775,0.444066,-0.027502,0.228364,0.429309,-0.0678,0.240268,0.508228,-0.058448,0.236101,0.552083,-0.041738,0.148966,0.467052,-0.033558,0.176417,0.449067,-0.062346,0.195373,0.50788,-0.053474,0.19625,0.544116,-0.039431
588,19600,True,0.9957,0.9957,0.20146,0.60909,0.0,0.2578,0.592217,-0.029616,0.315086,0.518728,-0.044295,0.342537,0.452736,-0.057602,0.379609,0.410994,-0.071729,0.29044,0.408375,-0.02783,0.317867,0.331231,-0.055604,0.335921,0.277054,-0.071841,0.348482,0.226651,-0.082571,0.241899,0.399272,-0.027104,0.26152,0.355001,-0.073478,0.270217,0.440621,-0.082362,0.26855,0.497192,-0.076472,0.193724,0.407592,-0.029454,0.210066,0.376853,-0.077649,0.223525,0.463387,-0.067097,0.223887,0.514848,-0.046021,0.143182,0.427671,-0.03339,0.161091,0.397997,-0.067219,0.179331,0.460711,-0.057711,0.182357,0.500509,-0.04104
589,19633,True,0.9947,0.9947,0.200367,0.57537,0.0,0.255418,0.555004,-0.033106,0.312081,0.482205,-0.050646,0.339023,0.411925,-0.066033,0.376352,0.363806,-0.081866,0.290337,0.365696,-0.031609,0.318283,0.28325,-0.060809,0.334746,0.224678,-0.077216,0.345922,0.171507,-0.088002,0.241557,0.357961,-0.030568,0.259074,0.305922,-0.078954,0.267159,0.393427,-0.088085,0.266038,0.452629,-0.081629,0.193052,0.368635,-0.03284,0.207588,0.334973,-0.084,0.220426,0.423794,-0.073405,0.221042,0.475631,-0.051364,0.142342,0.390422,-0.036806,0.157649,0.355673,-0.072415,0.176067,0.420003,-0.062267,0.179031,0.460083,-0.044554
590,19666,True,0.9958,0.9958,0.202507,0.551114,0.0,0.257887,0.532294,-0.03752,0.31391,0.457445,-0.055999,0.339979,0.381607,-0.071856,0.37845,0.328452,-0.087253,0.293979,0.33632,-0.031657,0.322756,0.245432,-0.061374,0.33757,0.183058,-0.077306,0.346867,0.125067,-0.087886,0.246254,0.329156,-0.029042,0.259567,0.268533,-0.07954,0.267351,0.357744,-0.089493,0.266777,0.417168,-0.082717,0.197742,0.340417,-0.030322,0.20916,0.304952,-0.084908,0.223544,0.398213,-0.075027,0.225754,0.449978,-0.052149,0.146264,0.361721,-0.033638,0.158879,0.32448,-0.071059,0.179052,0.389869,-0.061476,0.183731,0.428692,-0.043688
591,19700,True,0.9957,0.9957,0.202065,0.536948,0.0,0.260613,0.518172,-0.038228,0.316699,0.440336,-0.056191,0.34131,0.361711,-0.071972,0.379728,0.307311,-0.087299,0.297068,0.317533,-0.030647,0.325656,0.224061,-0.060816,0.33852,0.159453,-0.077074,0.347375,0.098002,-0.08791,0.250752,0.310819,-0.028231,0.263125,0.245248,-0.080138,0.270624,0.333443,-0.091096,0.271771,0.396221,-0.084601,0.202446,0.321116,-0.029908,0.215701,0.281011,-0.086451,0.228453,0.376682,-0.077289,0.23039,0.432898,-0.054146,0.150912,0.340562,-0.03376,0.167215,0.29773,-0.072136,0.186308,0.363311,-0.062978,0.191149,0.405441,-0.0453
592,19733,True,0.9948,0.9948,0.203739,0.538647,0.0,0.262093,0.519304,-0.037914,0.316575,0.436491,-0.054463,0.34181,0.355026,-0.068744,0.380289,0.299315,-0.082231,0.298903,0.313203,-0.029138,0.327437,0.216877,-0.057651,0.339779,0.15176,-0.071742,0.347911,0.090534,-0.081008,0.253789,0.306561,-0.026945,0.266519,0.234382,-0.07949,0.273039,0.321453,-0.090505,0.27459,0.387043,-0.083377,0.206038,0.315771,-0.028739,0.219269,0.271437,-0.086942,0.230957,0.36932,-0.078753,0.233569,0.429143,-0.055315,0.155349,0.332776,-0.032483,0.170914,0.285811,-0.072222,0.18902,0.353771,-0.063769,0.194285,0.398655,-0.046185
593,19766,True,0.9927,0.9927,0.204355,0.544989,0.0,0.263728,0.523915,-0.03621,0.316982,0.438979,-0.052111,0.342848,0.35708,-0.066398,0.381457,0.301807,-0.079937,0.299423,0.315378,-0.027535,0.328409,0.217904,-0.055426,0.34126,0.152405,-0.068796,0.349833,0.091636,-0.077594,0.255184,0.30943,-0.026303,0.269286,0.236491,-0.078515,0.275899,0.322563,-0.089035,0.277815,0.389693,-0.081709,0.208276,0.319071,-0.028976,0.223452,0.273347,-0.086559,0.233717,0.37014,-0.077961,0.235802,0.432263,-0.054337,0.158666,0.336252,-0.033605,0.176234,0.288637,-0.072976,0.193819,0.356321,-0.064597,0.198757,0.404195,-0.047083
594,19800,True,0.9956,0.9956,0.208215,0.559184,0.0,0.266985,0.536902,-0.03682,0.318157,0.454584,-0.053832,0.3426,0.373194,-0.069163,0.381362,0.316515,-0.08365,0.300597,0.32814,-0.027364,0.329871,0.232381,-0.0544,0.342902,0.166921,-0.067809,0.350808,0.107579,-0.076829,0.25609,0.32381,-0.02602,0.269198,0.252176,-0.076022,0.277623,0.333436,-0.086546,0.280576,0.397719,-0.080046,0.20868,0.335616,-0.028662,0.222969,0.289107,-0.084379,0.236162,0.380917,-0.076816,0.239813,0.440298,-0.054893,0.159034,0.355597,-0.033321,0.177216,0.309905,-0.072064,0.196967,0.378329,-0.064422,0.203117,0.427773,-0.047817
595,19833,True,0.9951,0.9951,0.208857,0.579231,0.0,0.268268,0.55535,-0.035495,0.320711,0.476636,-0.053176,0.347567,0.399353,-0.070025,0.384173,0.342636,-0.086459,0.300426,0.351035,-0.026415,0.329426,0.256849,-0.055938,0.343467,0.194014,-0.071845,0.352648,0.135125,-0.082388,0.255763,0.345601,-0.026259,0.271797,0.28303,-0.078668,0.280032,0.370418,-0.090487,0.281049,0.434084,-0.084544,0.20823,0.357159,-0.030092,0.22351,0.315724,-0.086151,0.235674,0.410207,-0.077009,0.237479,0.46929,-0.054003,0.157793,0.377539,-0.036005,0.175075,0.337781,-0.073184,0.193443,0.406258,-0.063333,0.197402,0.453176,-0.045278
596,19866,True,0.9962,0.9962,0.206623,0.606362,0.0,0.265819,0.585064,-0.034153,0.320679,0.507656,-0.051462,0.347865,0.432269,-0.068127,0.384329,0.378335,-0.084512,0.29984,0.38078,-0.027446,0.330388,0.287938,-0.057148,0.345289,0.226398,-0.07342,0.354589,0.167644,-0.08455,0.254412,0.374672,-0.028286,0.27231,0.315321,-0.080501,0.281556,0.404102,-0.092275,0.281938,0.464929,-0.086843,0.206696,0.38643,-0.032784,0.222283,0.34533,-0.087741,0.234996,0.440545,-0.077337,0.236035,0.497306,-0.054266,0.155924,0.407808,-0.039353,0.172258,0.368913,-0.075219,0.190525,0.43691,-0.064061,0.193851,0.481499,-0.045629
597,19900,True,0.9963,0.9963,0.209298,0.634572,0.0,0.267307,0.612211,-0.034197,0.322962,0.537891,-0.051973,0.349187,0.465518,-0.069036,0.385034,0.411783,-0.085392,0.300888,0.408376,-0.027022,0.330858,0.321324,-0.057775,0.344786,0.263826,-0.074736,0.353041,0.206202,-0.086387,0.25479,0.400854,-0.027614,0.275724,0.352314,-0.078857,0.282075,0.446223,-0.089391,0.279209,0.500947,-0.083915,0.206765,0.411505,-0.0322,0.226102,0.378705,-0.087455,0.236216,0.477032,-0.076075,0.234576,0.527817,-0.052956,0.155741,0.432535,-0.038878,0.177616,0.405838,-0.075403,0.19438,0.475934,-0.06435,0.194908,0.514456,-0.046256
598,19933,True,0.9946,0.9946,0.205376,0.668646,-0.0,0.266183,0.643626,-0.031411,0.319952,0.573149,-0.049259,0.349804,0.509446,-0.067057,0.386741,0.459224,-0.084285,0.300678,0.441734,-0.025504,0.331823,0.360999,-0.055318,0.347011,0.306223,-0.072585,0.355892,0.252417,-0.084228,0.254477,0.432432,-0.026662,0.278426,0.396778,-0.076665,0.283176,0.490226,-0.087671,0.277166,0.546726,-0.082773,0.206704,0.442375,-0.031587,0.229082,0.41723,-0.083442,0.23945,0.5071,-0.073722,0.236408,0.556357,-0.052629,0.15659,0.46415,-0.038466,0.182824,0.438089,-0.072598,0.200851,0.502062,-0.062421,0.201492,0.540415,-0.04531
599,19966,True,0.9949,0.9949,0.206008,0.703145,-0.0,0.265539,0.677442,-0.028791,0.320054,0.608306,-0.046324,0.35017,0.545325,-0.064147,0.389303,0.498012,-0.081545,0.301866,0.474506,-0.024334,0.332239,0.405032,-0.052849,0.347909,0.357813,-0.070504,0.359441,0.310955,-0.082763,0.255242,0.462302,-0.026238,0.279335,0.442284,-0.072207,0.283266,0.531203,-0.082997,0.277658,0.58374,-0.08006,0.206813,0.472151,-0.031684,0.228042,0.457664,-0.079506,0.239694,0.543359,-0.07111,0.238641,0.591637,-0.053254,0.156344,0.495211,-0.039061,0.180583,0.481505,-0.071541,0.200333,0.544783,-0.063196,0.203477,0.583213,-0.048572
600,20000,True,0.9953,0.9953,0.203619,0.7373,-0.0,0.263463,0.707647,-0.024886,0.31782,0.639727,-0.040494,0.351514,0.579688,-0.056688,0.39344,0.535048,-0.072323,0.300231,0.504064,-0.018142,0.327911,0.457178,-0.044658,0.343364,0.421882,-0.062177,0.356205,0.386739,-0.07416,0.254352,0.485185,-0.020571,0.279814,0.488583,-0.061118,0.283044,0.573842,-0.071087,0.278472,0.624485,-0.068853,0.205828,0.492996,-0.026621,0.228513,0.505332,-0.069548,0.238031,0.586655,-0.063261,0.23777,0.632843,-0.048194,0.156005,0.516768,-0.034595,0.179946,0.527315,-0.063908,0.198659,0.589128,-0.057832,0.202654,0.625276,-0.045569
601,20033,True,0.9959,0.9959,0.202188,0.764481,-0.0,0.260606,0.739462,-0.025143,0.316261,0.677114,-0.041588,0.349663,0.619924,-0.057977,0.390397,0.578922,-0.073443,0.298245,0.530541,-0.016815,0.319834,0.505422,-0.04472,0.335715,0.482364,-0.063476,0.352524,0.463849,-0.07498,0.251739,0.50785,-0.018731,0.277298,0.527171,-0.05784,0.277733,0.611721,-0.06708,0.274686,0.664248,-0.06355,0.203216,0.514225,-0.024675,0.226391,0.550805,-0.065611,0.232457,0.629387,-0.05961,0.232793,0.674157,-0.044304,0.154325,0.538434,-0.032783,0.174558,0.568101,-0.058842,0.190352,0.628586,-0.05241,0.195014,0.661889,-0.039766
602,20066,True,0.9966,0.9966,0.207646,0.788059,-0.0,0.262656,0.761854,-0.024312,0.316032,0.696758,-0.039879,0.350936,0.642917,-0.055022,0.394078,0.608933,-0.069258,0.29477,0.553917,-0.014352,0.313496,0.542931,-0.043301,0.330965,0.526245,-0.062925,0.349231,0.510766,-0.074665,0.248881,0.532281,-0.016479,0.27627,0.559261,-0.055078,0.273664,0.645584,-0.063476,0.266624,0.690386,-0.059094,0.200461,0.539608,-0.022955,0.226433,0.58707,-0.065001,0.228383,0.665086,-0.058843,0.225091,0.698479,-0.042853,0.151828,0.565268,-0.031352,0.171373,0.598521,-0.057375,0.185428,0.658092,-0.04997,0.187745,0.683986,-0.036542
603,20100,True,0.9977,0.9977,0.208342,0.799858,-0.0,0.263842,0.775596,-0.025547,0.316321,0.712368,-0.041609,0.350547,0.659306,-0.056947,0.393057,0.625238,-0.071352,0.288974,0.571585,-0.015482,0.301621,0.564146,-0.045903,0.319607,0.552883,-0.067108,0.339809,0.543005,-0.079342,0.243306,0.552518,-0.016604,0.271066,0.575891,-0.055061,0.27263,0.657178,-0.065215,0.268128,0.703101,-0.062385,0.19585,0.561447,-0.022205,0.221331,0.602483,-0.063575,0.228805,0.676484,-0.05971,0.22976,0.711799,-0.04544,0.149722,0.589165,-0.029754,0.166044,0.611625,-0.055108,0.181694,0.663127,-0.049015,0.186542,0.688893,-0.036726
604,20133,True,0.9972,0.9972,0.203346,0.812931,-0.0,0.260212,0.78947,-0.025862,0.314456,0.722363,-0.041101,0.346944,0.666898,-0.055409,0.390674,0.634744,-0.068342,0.287979,0.579274,-0.01341,0.299753,0.575751,-0.044789,0.319285,0.566349,-0.066572,0.342777,0.557352,-0.079131,0.242144,0.557997,-0.014347,0.270337,0.591664,-0.053847,0.270007,0.674117,-0.063697,0.265876,0.718273,-0.060112,0.195009,0.565745,-0.020213,0.221531,0.620821,-0.063148,0.228678,0.695974,-0.060087,0.231238,0.728557,-0.045873,0.148808,0.592285,-0.028309,0.167895,0.631342,-0.055662,0.18378,0.686001,-0.051687,0.190712,0.708142,-0.040434
605,20166,True,0.9979,0.9979,0.203539,0.81628,-0.0,0.260648,0.79302,-0.027609,0.312955,0.7262,-0.044557,0.344446,0.66996,-0.060269,0.387025,0.637245,-0.074078,0.287923,0.581587,-0.015612,0.296949,0.577676,-0.050322,0.317142,0.571025,-0.073583,0.341094,0.565113,-0.086753,0.240803,0.560232,-0.016297,0.266971,0.593952,-0.0578,0.268498,0.677592,-0.066794,0.265793,0.716942,-0.062524,0.193167,0.568973,-0.022505,0.218791,0.625278,-0.066536,0.227047,0.701144,-0.061681,0.229897,0.729149,-0.04657,0.148001,0.596752,-0.031303,0.167985,0.642956,-0.0596,0.182324,0.697693,-0.055822,0.186712,0.713497,-0.044869
606,20200,True,0.9975,0.9975,0.203025,0.811877,0.0,0.258659,0.791556,-0.030507,0.311358,0.727233,-0.048884,0.341235,0.669825,-0.065384,0.383054,0.634686,-0.079747,0.287461,0.578693,-0.01652,0.295252,0.575076,-0.05066,0.31411,0.564144,-0.072551,0.337003,0.553879,-0.084954,0.240455,0.556568,-0.015863,0.265002,0.587131,-0.056879,0.266211,0.672395,-0.064431,0.263321,0.710176,-0.058738,0.193096,0.565325,-0.021061,0.216161,0.623226,-0.065311,0.224157,0.698142,-0.059664,0.226701,0.722535,-0.04376,0.147559,0.593211,-0.029003,0.165062,0.64088,-0.056922,0.17954,0.695342,-0.052478,0.183607,0.708766,-0.041034
607,20233,True,0.9974,0.9974,0.202882,0.803305,0.0,0.257993,0.784534,-0.032142,0.310944,0.720277,-0.052022,0.340912,0.660801,-0.069932,0.383295,0.625819,-0.085597,0.287053,0.573839,-0.017901,0.295303,0.569319,-0.052324,0.313358,0.555733,-0.072788,0.335176,0.542396,-0.084088,0.240025,0.552088,-0.016744,0.264144,0.577847,-0.056641,0.264807,0.663916,-0.061571,0.260766,0.69647,-0.054145,0.192744,0.56098,-0.021779,0.216,0.616339,-0.066237,0.223099,0.692727,-0.058076,0.222862,0.713591,-0.040468,0.146652,0.588714,-0.02965,0.164304,0.633287,-0.05715,0.178893,0.687646,-0.05094,0.180615,0.699161,-0.038393
608,20266,True,0.9974,0.9974,0.203025,0.793985,0.0,0.257082,0.776291,-0.031107,0.310895,0.709735,-0.04942,0.338361,0.649744,-0.065561,0.381456,0.616258,-0.079857,0.286612,0.565208,-0.016705,0.296305,0.557043,-0.049046,0.314567,0.542481,-0.069688,0.336955,0.528926,-0.081832,0.239332,0.543759,-0.015739,0.264558,0.566972,-0.056047,0.264974,0.655767,-0.062737,0.260649,0.696593,-0.056596,0.191327,0.552871,-0.020476,0.216378,0.600847,-0.065018,0.223926,0.679361,-0.057714,0.224232,0.706786,-0.040779,0.1445,0.581157,-0.027801,0.163437,0.616307,-0.056206,0.178686,0.674056,-0.049899,0.181323,0.692514,-0.037236
609,20300,True,0.9985,0.9985,0.205524,0.781646,0.0,0.259377,0.764226,-0.030126,0.312585,0.700063,-0.048587,0.338459,0.640333,-0.065235,0.379752,0.605211,-0.080372,0.283809,0.557088,-0.01641,0.301167,0.545153,-0.047677,0.322043,0.526316,-0.068086,0.343266,0.509807,-0.080055,0.23707,0.537335,-0.015588,0.264996,0.551146,-0.055397,0.266364,0.640913,-0.062724,0.25976,0.684167,-0.056908,0.190133,0.547642,-0.019936,0.214963,0.581563,-0.06366,0.223006,0.661523,-0.055688,0.221056,0.692287,-0.037925,0.144451,0.577295,-0.026552,0.159042,0.592709,-0.05381,0.173451,0.643316,-0.045996,0.174101,0.661483,-0.032106
610,20333,True,0.998,0.998,0.205135,0.767647,0.0,0.259603,0.749262,-0.029968,0.312628,0.686224,-0.047653,0.337053,0.626284,-0.063324,0.377296,0.589556,-0.077943,0.288177,0.549677,-0.018867,0.305043,0.532227,-0.04867,0.323083,0.508146,-0.069739,0.342107,0.487178,-0.082687,0.239852,0.52818,-0.017428,0.261631,0.541674,-0.057813,0.264515,0.625992,-0.067246,0.26117,0.676788,-0.063024,0.191753,0.536437,-0.020616,0.212938,0.56702,-0.061943,0.221267,0.643067,-0.056093,0.222336,0.680557,-0.040415,0.145513,0.563798,-0.026242,0.158892,0.576958,-0.051423,0.171522,0.623537,-0.045139,0.173217,0.643575,-0.032836
611,20366,True,0.9986,0.9986,0.20747,0.752802,0.0,0.260831,0.735906,-0.027823,0.313445,0.671786,-0.043586,0.337422,0.61098,-0.057848,0.375223,0.571753,-0.071462,0.288767,0.542477,-0.018017,0.307101,0.515932,-0.046095,0.32484,0.486344,-0.065173,0.34212,0.461674,-0.07669,0.241598,0.523162,-0.017015,0.263746,0.526918,-0.056589,0.266917,0.612498,-0.064895,0.262291,0.665662,-0.06006,0.193751,0.531762,-0.020318,0.21515,0.548117,-0.061622,0.222849,0.62523,-0.054951,0.221581,0.666313,-0.038658,0.146688,0.558708,-0.025584,0.158024,0.556869,-0.051372,0.169393,0.598857,-0.04478,0.168761,0.618718,-0.032254
612,20400,True,0.9989,0.9989,0.213476,0.736179,0.0,0.261616,0.722144,-0.029082,0.315091,0.656513,-0.045797,0.339536,0.594963,-0.060756,0.375979,0.553854,-0.074858,0.288527,0.530428,-0.019119,0.307469,0.495702,-0.04824,0.324738,0.461624,-0.066789,0.340331,0.431971,-0.07811,0.242041,0.512132,-0.017649,0.266763,0.508515,-0.057294,0.268713,0.597517,-0.06308,0.261044,0.644096,-0.05655,0.195179,0.519812,-0.020805,0.21895,0.530768,-0.062976,0.226153,0.611053,-0.053131,0.221365,0.646086,-0.034835,0.147808,0.545461,-0.025988,0.165546,0.547709,-0.052533,0.179463,0.599788,-0.043687,0.176989,0.621564,-0.029608
613,20433,True,0.9988,0.9988,0.221674,0.717135,0.0,0.269636,0.703573,-0.027578,0.32203,0.635075,-0.04301,0.343369,0.572731,-0.057179,0.378954,0.531616,-0.071201,0.29405,0.511321,-0.019059,0.314748,0.468849,-0.047714,0.331657,0.430615,-0.066664,0.345364,0.396683,-0.078184,0.247755,0.49839,-0.017733,0.270348,0.48641,-0.057775,0.277245,0.574382,-0.064927,0.272162,0.626558,-0.05937,0.201767,0.509794,-0.020523,0.22253,0.50488,-0.062483,0.234863,0.585816,-0.05301,0.232701,0.630952,-0.034644,0.155013,0.53822,-0.025136,0.168394,0.52174,-0.05208,0.185316,0.570518,-0.043291,0.186266,0.599777,-0.02891
614,20466,True,0.9984,0.9984,0.228561,0.698245,0.0,0.277978,0.685023,-0.027933,0.330819,0.61658,-0.043037,0.351225,0.553337,-0.056663,0.385045,0.509694,-0.070268,0.298364,0.496896,-0.020083,0.323437,0.445304,-0.047129,0.340846,0.403898,-0.064768,0.353261,0.365169,-0.076234,0.253245,0.487131,-0.018976,0.275988,0.455968,-0.057745,0.287515,0.538248,-0.065554,0.283597,0.586671,-0.061295,0.209922,0.498618,-0.02159,0.232,0.477851,-0.062649,0.248256,0.555549,-0.052985,0.245873,0.59805,-0.035247,0.165203,0.525875,-0.026032,0.181621,0.49961,-0.05421,0.202061,0.550907,-0.045517,0.204056,0.583204,-0.031453
615,20500,True,0.9983,0.9983,0.240097,0.681123,0.0,0.289802,0.672121,-0.02544,0.344251,0.600785,-0.038993,0.364562,0.534663,-0.051474,0.395544,0.48911,-0.064263,0.312243,0.475977,-0.018262,0.338654,0.422022,-0.043869,0.355036,0.376487,-0.060961,0.367093,0.333227,-0.072556,0.268207,0.465935,-0.017743,0.297433,0.435485,-0.055316,0.307141,0.518212,-0.063083,0.303084,0.567638,-0.059258,0.226505,0.476236,-0.020496,0.256315,0.454767,-0.061421,0.270756,0.534175,-0.051904,0.26766,0.580233,-0.034706,0.182094,0.501523,-0.024797,0.212939,0.480435,-0.054763,0.232761,0.540954,-0.046835,0.233836,0.579688,-0.033218
616,20533,True,0.9982,0.9982,0.260123,0.668233,0.0,0.309625,0.656623,-0.022546,0.363621,0.585862,-0.034164,0.382477,0.521274,-0.045506,0.405953,0.471289,-0.057359,0.333786,0.460087,-0.016569,0.362352,0.399245,-0.041224,0.380053,0.350276,-0.058665,0.392567,0.302662,-0.070906,0.29116,0.450703,-0.017762,0.321135,0.41536,-0.053054,0.331565,0.492849,-0.061515,0.326904,0.54122,-0.059457,0.251162,0.461503,-0.0218,0.280479,0.434543,-0.058983,0.295456,0.509562,-0.04867,0.29207,0.555762,-0.032425,0.20799,0.487267,-0.027535,0.238717,0.461135,-0.054769,0.257767,0.518192,-0.045732,0.257956,0.557483,-0.032166
617,20566,True,0.9972,0.9972,0.275938,0.655029,0.0,0.328752,0.641042,-0.02036,0.38446,0.56879,-0.029901,0.406066,0.505021,-0.040153,0.425441,0.453664,-0.050675,0.357067,0.44695,-0.01176,0.384254,0.381279,-0.034177,0.401845,0.334635,-0.049011,0.413751,0.289446,-0.058851,0.318072,0.438846,-0.013862,0.354938,0.399478,-0.04956,0.363511,0.475978,-0.058192,0.356503,0.52541,-0.055101,0.280126,0.446448,-0.018796,0.316724,0.415889,-0.058154,0.327648,0.494151,-0.049426,0.321535,0.544048,-0.032677,0.237568,0.466415,-0.02496,0.27605,0.438205,-0.054102,0.293217,0.498467,-0.045811,0.291303,0.541511,-0.031826
618,20600,True,0.9967,0.9967,0.293707,0.641425,0.0,0.349033,0.629635,-0.023139,0.40669,0.565745,-0.035134,0.431018,0.503481,-0.047653,0.449688,0.449002,-0.060242,0.376769,0.431502,-0.01535,0.411088,0.366084,-0.037573,0.432599,0.318695,-0.052469,0.447775,0.274367,-0.062332,0.339312,0.422081,-0.016525,0.38138,0.389334,-0.051104,0.390827,0.457354,-0.06046,0.383804,0.504984,-0.058771,0.302469,0.42837,-0.020629,0.344437,0.406221,-0.058502,0.354643,0.48125,-0.05116,0.34786,0.531656,-0.036029,0.262797,0.447261,-0.026387,0.304566,0.424133,-0.05426,0.322305,0.481335,-0.04709,0.32096,0.524918,-0.034217
619,20633,True,0.9961,0.9961,0.31495,0.625059,0.0,0.370924,0.613688,-0.024716,0.430145,0.551554,-0.037517,0.452139,0.486808,-0.050565,0.467456,0.42824,-0.063327,0.407643,0.416018,-0.015508,0.441025,0.349234,-0.03917,0.463467,0.301415,-0.054678,0.480653,0.258317,-0.064443,0.369873,0.405733,-0.016445,0.41239,0.37579,-0.05342,0.417168,0.448553,-0.063018,0.407895,0.499881,-0.060242,0.332491,0.411579,-0.020668,0.373515,0.395847,-0.061066,0.379896,0.473743,-0.053564,0.372017,0.525437,-0.037145,0.291832,0.429804,-0.026561,0.332804,0.411222,-0.055605,0.347521,0.470328,-0.047806,0.344537,0.513511,-0.03374
620,20666,True,0.9966,0.9966,0.333011,0.61884,0.0,0.390495,0.60624,-0.026752,0.451129,0.545143,-0.040406,0.47069,0.476727,-0.05449,0.487515,0.418839,-0.067907,0.4296,0.409584,-0.01553,0.4622,0.344038,-0.040575,0.486719,0.295574,-0.056969,0.507943,0.254756,-0.066672,0.39266,0.396872,-0.016398,0.434161,0.364969,-0.052685,0.451599,0.40393,-0.065469,0.457195,0.436456,-0.065591,0.35527,0.399751,-0.020961,0.398933,0.389478,-0.063729,0.404968,0.466886,-0.059547,0.399718,0.524881,-0.043983,0.315037,0.416315,-0.027459,0.356807,0.405244,-0.057636,0.370501,0.462268,-0.05157,0.369065,0.507248,-0.038036
621,20700,True,0.9967,0.9967,0.351957,0.611645,1e-06,0.410655,0.600785,-0.029906,0.470176,0.545576,-0.044409,0.497093,0.484042,-0.059485,0.505634,0.419742,-0.072862,0.450283,0.40654,-0.015565,0.485632,0.344072,-0.042656,0.510383,0.298686,-0.059796,0.532676,0.258336,-0.068168,0.418336,0.389801,-0.016823,0.46335,0.330463,-0.047939,0.500049,0.296969,-0.062201,0.530827,0.268708,-0.065722,0.380054,0.38825,-0.023046,0.434067,0.381008,-0.069081,0.432685,0.461465,-0.069493,0.423211,0.519767,-0.054449,0.340165,0.403256,-0.031257,0.38915,0.399665,-0.064015,0.398085,0.460188,-0.058397,0.39277,0.508314,-0.043926
622,20733,True,0.9979,0.9979,0.370788,0.603127,0.0,0.424394,0.593946,-0.026254,0.487932,0.537495,-0.041938,0.519935,0.475153,-0.058081,0.532096,0.411391,-0.073144,0.465881,0.388848,-0.017844,0.50562,0.324417,-0.045206,0.536725,0.280138,-0.061774,0.56309,0.240975,-0.071608,0.430771,0.372883,-0.020611,0.483247,0.356027,-0.063484,0.482153,0.436478,-0.072899,0.467026,0.49165,-0.067984,0.395711,0.374717,-0.027309,0.448822,0.378603,-0.07111,0.446279,0.461606,-0.062243,0.432191,0.510657,-0.043598,0.358498,0.391411,-0.036192,0.406041,0.391143,-0.064793,0.412545,0.451356,-0.05616,0.403155,0.488518,-0.04144
623,20766,True,0.9973,0.9973,0.387506,0.604061,0.0,0.447236,0.587447,-0.023902,0.509605,0.533225,-0.039366,0.542952,0.473701,-0.0569,0.545636,0.409499,-0.073938,0.488737,0.38594,-0.013658,0.529881,0.324723,-0.041197,0.55891,0.280699,-0.058492,0.583604,0.239076,-0.068872,0.452435,0.370223,-0.018374,0.50615,0.350507,-0.062023,0.506157,0.432121,-0.073843,0.492742,0.48755,-0.070394,0.415559,0.371596,-0.026876,0.472939,0.372525,-0.072602,0.467519,0.458827,-0.065425,0.451671,0.511121,-0.046875,0.37612,0.387837,-0.037251,0.428222,0.381572,-0.067273,0.433926,0.442606,-0.058795,0.423012,0.484192,-0.04359
624,20800,True,0.9984,0.9984,0.397447,0.603119,0.0,0.458792,0.587603,-0.020965,0.522926,0.533958,-0.035837,0.555301,0.47327,-0.053087,0.556537,0.408512,-0.07009,0.502257,0.376512,-0.013277,0.547887,0.32254,-0.039933,0.577415,0.280592,-0.05713,0.601953,0.238062,-0.068011,0.465674,0.356877,-0.019316,0.524281,0.356274,-0.061505,0.515564,0.443534,-0.071777,0.494514,0.496959,-0.067791,0.428724,0.358621,-0.028677,0.488706,0.374641,-0.072895,0.478993,0.460795,-0.064815,0.459491,0.509421,-0.046383,0.389942,0.376742,-0.039713,0.444766,0.383108,-0.068638,0.448074,0.445086,-0.059543,0.435432,0.484552,-0.044153
625,20833,True,0.9984,0.9984,0.404227,0.602175,0.0,0.46909,0.588606,-0.023243,0.534849,0.538554,-0.040328,0.568337,0.477873,-0.059548,0.564197,0.411924,-0.078499,0.516902,0.371639,-0.016947,0.564113,0.323134,-0.045327,0.592549,0.283643,-0.064096,0.617964,0.241344,-0.076359,0.479034,0.348763,-0.022803,0.535787,0.36075,-0.066158,0.52374,0.448868,-0.077603,0.502548,0.499371,-0.074955,0.439638,0.350618,-0.032064,0.49917,0.376323,-0.077374,0.486813,0.463085,-0.070145,0.466951,0.509955,-0.052662,0.398517,0.370321,-0.043262,0.453862,0.383542,-0.07371,0.455338,0.445536,-0.065831,0.441904,0.483364,-0.051325
626,20866,True,0.9981,0.9981,0.40549,0.603334,0.0,0.471457,0.591117,-0.022295,0.539561,0.542469,-0.039255,0.575837,0.481632,-0.058893,0.572094,0.413955,-0.078481,0.52865,0.378084,-0.015903,0.575837,0.326568,-0.043174,0.602342,0.285963,-0.060175,0.625569,0.243481,-0.071232,0.489831,0.354256,-0.022239,0.543602,0.363865,-0.065129,0.528127,0.452349,-0.075607,0.505613,0.502341,-0.072226,0.449344,0.354292,-0.031998,0.505736,0.376565,-0.077512,0.491429,0.464059,-0.069951,0.470875,0.511624,-0.052283,0.406758,0.371736,-0.043586,0.462607,0.385288,-0.074824,0.461847,0.448215,-0.06732,0.446292,0.486407,-0.053062
627,20900,True,0.9981,0.9981,0.399985,0.605164,0.0,0.468848,0.593423,-0.022971,0.539655,0.547658,-0.041112,0.5744,0.485014,-0.061612,0.567326,0.416877,-0.08187,0.526357,0.378836,-0.019084,0.573021,0.327112,-0.047582,0.600559,0.284322,-0.065734,0.625721,0.241768,-0.07765,0.487061,0.352014,-0.02544,0.539712,0.369515,-0.069633,0.523087,0.457631,-0.080589,0.500044,0.509155,-0.077543,0.446579,0.351316,-0.035049,0.502282,0.381067,-0.079675,0.48763,0.465955,-0.071481,0.466929,0.512709,-0.053845,0.404811,0.36955,-0.046777,0.460331,0.388046,-0.076803,0.45893,0.449405,-0.069052,0.44347,0.4863,-0.054865
628,20933,True,0.9973,0.9973,0.392782,0.606788,0.0,0.459573,0.591973,-0.020203,0.526896,0.545515,-0.036079,0.56227,0.485452,-0.055206,0.555734,0.419381,-0.073845,0.516624,0.385225,-0.012245,0.565785,0.329377,-0.039636,0.594471,0.287067,-0.056312,0.619188,0.245138,-0.066856,0.479442,0.361748,-0.019679,0.531122,0.366142,-0.063488,0.516613,0.454096,-0.073387,0.494969,0.5073,-0.068894,0.441141,0.359247,-0.030619,0.496332,0.379885,-0.075209,0.48115,0.465016,-0.065685,0.459906,0.511617,-0.046399,0.400655,0.373166,-0.043514,0.454729,0.38656,-0.072238,0.452123,0.448017,-0.06286,0.436449,0.483885,-0.047403
629,20966,True,0.9967,0.9967,0.377851,0.604486,0.0,0.446298,0.588289,-0.022648,0.513494,0.541733,-0.039342,0.547418,0.481161,-0.058505,0.542,0.417077,-0.076971,0.495535,0.38616,-0.013429,0.544342,0.327702,-0.041443,0.574963,0.285317,-0.058432,0.602155,0.243765,-0.069072,0.457826,0.365788,-0.020014,0.513863,0.349213,-0.065142,0.502275,0.435527,-0.075981,0.480422,0.49221,-0.071192,0.421154,0.363812,-0.030239,0.481128,0.37542,-0.07618,0.467137,0.460228,-0.067089,0.445809,0.50676,-0.047261,0.383221,0.377055,-0.042446,0.43818,0.386215,-0.071154,0.435844,0.448813,-0.061428,0.420242,0.485346,-0.045745
630,21000,True,0.9952,0.9952,0.353998,0.604668,1e-06,0.417113,0.591565,-0.027597,0.484385,0.540296,-0.042171,0.516466,0.479357,-0.058483,0.507078,0.416768,-0.073119,0.469238,0.398756,-0.011433,0.515491,0.328227,-0.037235,0.546006,0.282834,-0.053776,0.574163,0.24321,-0.062115,0.436857,0.380359,-0.01461,0.478886,0.319087,-0.046447,0.516149,0.290117,-0.061575,0.548014,0.266125,-0.066318,0.4,0.374122,-0.022761,0.458426,0.368693,-0.068277,0.448063,0.446931,-0.068654,0.431051,0.499494,-0.054612,0.362798,0.382396,-0.033197,0.418782,0.382382,-0.065149,0.4176,0.441938,-0.060399,0.403196,0.484497,-0.047697
631,21033,True,0.9961,0.9961,0.324154,0.597298,1e-06,0.38593,0.586184,-0.023567,0.449583,0.536259,-0.034798,0.479538,0.474563,-0.048555,0.469625,0.415945,-0.060653,0.440963,0.40369,-0.007827,0.487632,0.33061,-0.031507,0.516333,0.284975,-0.045871,0.540736,0.245251,-0.052713,0.411342,0.382812,-0.012608,0.463638,0.312739,-0.04469,0.503763,0.271429,-0.061231,0.535747,0.236277,-0.066242,0.373536,0.374277,-0.021702,0.425467,0.360589,-0.068736,0.417191,0.438977,-0.07079,0.401908,0.491429,-0.056271,0.333521,0.380221,-0.032327,0.385454,0.372524,-0.065251,0.38726,0.432236,-0.060265,0.375034,0.475873,-0.046572
632,21066,True,0.9966,0.9966,0.292849,0.588693,1e-06,0.355371,0.578633,-0.02619,0.41902,0.534616,-0.03979,0.446411,0.470046,-0.05532,0.424819,0.410393,-0.069872,0.415523,0.412122,-0.009466,0.459406,0.358617,-0.037029,0.481472,0.332947,-0.055879,0.500894,0.307865,-0.065368,0.384674,0.382417,-0.014154,0.436478,0.310433,-0.048855,0.4735,0.26149,-0.068446,0.504211,0.216876,-0.075298,0.34441,0.370639,-0.023355,0.385132,0.355401,-0.073635,0.376433,0.431159,-0.07815,0.362893,0.484917,-0.064375,0.30008,0.374069,-0.033932,0.342879,0.365393,-0.067582,0.3469,0.424806,-0.061137,0.339046,0.469375,-0.046156
633,21100,True,0.9968,0.9968,0.267257,0.583278,0.0,0.326215,0.565949,-0.025008,0.390385,0.514397,-0.041012,0.412926,0.44299,-0.058506,0.382767,0.388414,-0.075792,0.373764,0.373358,-0.015673,0.415356,0.300403,-0.040097,0.439614,0.246761,-0.056549,0.457496,0.198614,-0.067347,0.335524,0.358391,-0.019948,0.375176,0.320135,-0.060311,0.379246,0.371355,-0.07583,0.371705,0.408553,-0.076617,0.297819,0.357822,-0.026956,0.337235,0.353388,-0.070443,0.334679,0.427462,-0.067654,0.321574,0.474098,-0.053041,0.258111,0.370303,-0.035949,0.301282,0.363892,-0.064668,0.307596,0.422261,-0.057875,0.299417,0.465903,-0.044502
634,21133,True,0.9974,0.9974,0.240586,0.577358,0.0,0.299507,0.560784,-0.030604,0.36534,0.5059,-0.049457,0.37499,0.429826,-0.068149,0.334247,0.37921,-0.086951,0.351147,0.368518,-0.029134,0.382556,0.282219,-0.055777,0.393492,0.217377,-0.073854,0.399622,0.157151,-0.086621,0.305764,0.354485,-0.031452,0.33131,0.317529,-0.075525,0.331825,0.370487,-0.092135,0.325214,0.405769,-0.09397,0.262529,0.357717,-0.03589,0.287748,0.344434,-0.081922,0.290542,0.421314,-0.077469,0.283665,0.470438,-0.062184,0.218516,0.373372,-0.042619,0.249544,0.354483,-0.074274,0.260889,0.41472,-0.065755,0.25951,0.461302,-0.050698
635,21166,True,0.9974,0.9974,0.211019,0.579596,0.0,0.274101,0.553339,-0.027323,0.334663,0.49181,-0.042619,0.333385,0.415874,-0.058209,0.290019,0.374679,-0.074202,0.317388,0.358474,-0.0214,0.338735,0.272448,-0.043956,0.346771,0.213469,-0.059512,0.352466,0.160092,-0.070672,0.270382,0.346883,-0.024527,0.289427,0.304512,-0.06604,0.286561,0.374117,-0.081825,0.278096,0.42665,-0.081991,0.225893,0.353787,-0.029572,0.243021,0.33555,-0.073126,0.248409,0.412868,-0.071433,0.244994,0.466143,-0.057543,0.18092,0.373198,-0.036441,0.203892,0.347197,-0.06585,0.217927,0.402261,-0.059078,0.220333,0.449733,-0.045345
636,21200,True,0.9974,0.9974,0.189413,0.576672,0.0,0.249699,0.552331,-0.027839,0.310954,0.481918,-0.041624,0.302603,0.406815,-0.054948,0.257063,0.366288,-0.068535,0.282922,0.342732,-0.020584,0.301495,0.25538,-0.043629,0.3073,0.196459,-0.058444,0.308797,0.144874,-0.068502,0.234465,0.337496,-0.022724,0.253615,0.294522,-0.065234,0.254036,0.373881,-0.079964,0.247198,0.428471,-0.07862,0.190636,0.350715,-0.026965,0.208242,0.330576,-0.074317,0.217434,0.415205,-0.07189,0.215186,0.467506,-0.056143,0.14625,0.374968,-0.03247,0.169742,0.342824,-0.065651,0.186177,0.405537,-0.057779,0.189235,0.45391,-0.042168
637,21233,True,0.9963,0.9963,0.170165,0.580286,-0.0,0.230625,0.550365,-0.027894,0.290093,0.477019,-0.041907,0.283135,0.404434,-0.055198,0.237775,0.365263,-0.068533,0.261898,0.337648,-0.020448,0.275413,0.250405,-0.044592,0.275436,0.192634,-0.059374,0.271663,0.13895,-0.069459,0.212421,0.332999,-0.022748,0.226904,0.292371,-0.067615,0.227008,0.382276,-0.081079,0.221913,0.438803,-0.077683,0.166844,0.347298,-0.027333,0.17977,0.32759,-0.075691,0.190257,0.416454,-0.070619,0.190634,0.46635,-0.052622,0.120611,0.373241,-0.033228,0.138312,0.346796,-0.066356,0.153999,0.411785,-0.056786,0.157552,0.453448,-0.039696
638,21266,True,0.9971,0.9971,0.159669,0.581491,0.0,0.219826,0.552505,-0.032033,0.279106,0.479093,-0.048335,0.271919,0.404299,-0.063009,0.225217,0.362555,-0.077284,0.247552,0.338404,-0.02684,0.259893,0.248295,-0.052795,0.257949,0.19087,-0.068118,0.251881,0.134368,-0.079129,0.197906,0.334429,-0.028357,0.208499,0.285837,-0.075271,0.213822,0.376459,-0.088927,0.212515,0.429098,-0.085936,0.151155,0.349994,-0.032254,0.158647,0.324573,-0.082308,0.173851,0.417329,-0.07591,0.177189,0.464633,-0.057139,0.102683,0.376986,-0.037873,0.116077,0.351079,-0.071781,0.135944,0.416539,-0.06206,0.141374,0.453513,-0.045305
639,21300,True,0.9973,0.9973,0.157532,0.58392,0.0,0.216484,0.553783,-0.035026,0.273303,0.478861,-0.052461,0.26394,0.404387,-0.067905,0.218855,0.360676,-0.082577,0.242186,0.339107,-0.027488,0.252843,0.246452,-0.056165,0.248807,0.18804,-0.0731,0.2415,0.134015,-0.084182,0.192315,0.338731,-0.028585,0.19604,0.280385,-0.079799,0.20165,0.366172,-0.095395,0.204274,0.424217,-0.092005,0.144923,0.356354,-0.032747,0.14906,0.32999,-0.086948,0.165373,0.422677,-0.082157,0.172493,0.473751,-0.062553,0.096741,0.384685,-0.038804,0.105121,0.35686,-0.07445,0.125855,0.422442,-0.065237,0.135233,0.461111,-0.047953
640,21333,True,0.9959,0.9959,0.159337,0.584223,0.0,0.219074,0.555118,-0.036888,0.27408,0.479544,-0.055058,0.263014,0.403608,-0.070955,0.219138,0.358005,-0.085943,0.242831,0.341996,-0.029484,0.253352,0.247771,-0.05768,0.249089,0.188761,-0.073865,0.242946,0.134288,-0.084491,0.193612,0.340975,-0.029148,0.199207,0.282448,-0.079962,0.205372,0.36186,-0.095351,0.209048,0.417563,-0.091953,0.14724,0.356656,-0.031975,0.154738,0.329909,-0.085995,0.17029,0.419951,-0.081905,0.176913,0.472605,-0.062847,0.100378,0.38181,-0.03693,0.11207,0.354606,-0.07319,0.131407,0.417984,-0.065596,0.139787,0.456408,-0.049311
641,21366,True,0.9956,0.9956,0.16221,0.584203,0.0,0.221981,0.554093,-0.035694,0.277278,0.48101,-0.053418,0.267957,0.406397,-0.069212,0.225687,0.359716,-0.08432,0.246878,0.34556,-0.026655,0.259048,0.252162,-0.053688,0.255934,0.193312,-0.069909,0.251222,0.139192,-0.080603,0.199301,0.344853,-0.02663,0.205932,0.283942,-0.075858,0.211015,0.36017,-0.091787,0.213983,0.417581,-0.089061,0.15388,0.360233,-0.029671,0.162386,0.328806,-0.08207,0.176178,0.416221,-0.078554,0.18125,0.471046,-0.060213,0.107815,0.38452,-0.034744,0.120133,0.353593,-0.070068,0.137323,0.41628,-0.062519,0.143616,0.457725,-0.046403
642,21400,True,0.9954,0.9954,0.164765,0.582994,0.0,0.225103,0.554309,-0.035879,0.280436,0.482342,-0.053683,0.27239,0.407814,-0.069561,0.230855,0.361576,-0.084747,0.250228,0.345532,-0.027644,0.263374,0.253177,-0.054836,0.261026,0.195202,-0.070919,0.256183,0.141903,-0.08142,0.202758,0.344441,-0.027384,0.209544,0.284002,-0.076486,0.215378,0.360388,-0.092199,0.218323,0.417289,-0.089431,0.157348,0.359339,-0.030223,0.167021,0.329769,-0.082684,0.180973,0.417014,-0.07979,0.185735,0.471075,-0.06188,0.111253,0.383119,-0.035106,0.125593,0.354108,-0.070755,0.143774,0.416438,-0.064193,0.150631,0.4572,-0.048788
643,21433,True,0.9967,0.9967,0.166908,0.586342,0.0,0.225958,0.557123,-0.033855,0.28115,0.482489,-0.050213,0.272664,0.406964,-0.064861,0.230782,0.361737,-0.078929,0.251095,0.349009,-0.025819,0.263676,0.256947,-0.052414,0.261122,0.199042,-0.068062,0.255747,0.14596,-0.078281,0.203676,0.348162,-0.026361,0.209201,0.286478,-0.074801,0.216426,0.363424,-0.090133,0.220277,0.420101,-0.087154,0.158112,0.363677,-0.029768,0.165478,0.33258,-0.081905,0.18042,0.420832,-0.078357,0.186123,0.474184,-0.060001,0.11131,0.388504,-0.034979,0.123912,0.356512,-0.070102,0.1432,0.420306,-0.062309,0.151067,0.461754,-0.046101
644,21466,True,0.9969,0.9969,0.169146,0.591874,0.0,0.227646,0.562961,-0.033598,0.280763,0.488596,-0.049278,0.271181,0.414307,-0.063097,0.229272,0.371145,-0.076451,0.250647,0.35184,-0.025488,0.260687,0.26309,-0.050729,0.257325,0.206336,-0.065692,0.251985,0.153316,-0.075876,0.202696,0.351222,-0.025905,0.207149,0.294269,-0.072538,0.213858,0.372645,-0.087022,0.218049,0.428527,-0.083956,0.157084,0.368226,-0.029108,0.163383,0.340989,-0.079134,0.178477,0.42702,-0.075539,0.185287,0.478503,-0.05792,0.110254,0.395329,-0.034192,0.121448,0.367218,-0.06815,0.1408,0.429169,-0.060658,0.149748,0.469177,-0.04508
645,21500,True,0.997,0.997,0.170267,0.603763,0.0,0.227184,0.573507,-0.03173,0.278534,0.50141,-0.04734,0.271145,0.430589,-0.06192,0.229461,0.388039,-0.076338,0.248863,0.363307,-0.02365,0.258869,0.276903,-0.049255,0.254454,0.220078,-0.064979,0.248304,0.167714,-0.075525,0.201371,0.363235,-0.025148,0.204559,0.310797,-0.071801,0.212525,0.385504,-0.08731,0.217906,0.440736,-0.085233,0.155548,0.381529,-0.02931,0.160911,0.356402,-0.078578,0.177545,0.440509,-0.075263,0.185777,0.493957,-0.058089,0.108809,0.410649,-0.035313,0.117961,0.383843,-0.067898,0.138012,0.443448,-0.060129,0.148064,0.484212,-0.044561
646,21533,True,0.9972,0.9972,0.173695,0.61875,-0.0,0.230538,0.592324,-0.02995,0.28174,0.522451,-0.045592,0.275058,0.454114,-0.060656,0.232247,0.412735,-0.07611,0.252278,0.382167,-0.025058,0.26247,0.297322,-0.050323,0.258906,0.241867,-0.066169,0.254615,0.188776,-0.077168,0.203982,0.380451,-0.027277,0.207129,0.337077,-0.071983,0.213818,0.411117,-0.086957,0.218695,0.463922,-0.085689,0.157538,0.398205,-0.031758,0.163193,0.378502,-0.078842,0.179558,0.462314,-0.074535,0.187843,0.51504,-0.057941,0.110869,0.426734,-0.037999,0.121217,0.405326,-0.068719,0.14064,0.465045,-0.059711,0.150375,0.504898,-0.043905
647,21566,True,0.9972,0.9972,0.180464,0.640768,-0.0,0.235465,0.615495,-0.028596,0.28875,0.548118,-0.044406,0.281355,0.481126,-0.059648,0.238467,0.440517,-0.075171,0.259736,0.405134,-0.025405,0.267741,0.324248,-0.050499,0.26439,0.270997,-0.066651,0.260732,0.218265,-0.078497,0.211162,0.39892,-0.027747,0.213968,0.375177,-0.069929,0.219993,0.45365,-0.08301,0.224383,0.502097,-0.082083,0.164124,0.415081,-0.032352,0.167048,0.40525,-0.076743,0.183168,0.489429,-0.070347,0.192238,0.538365,-0.054222,0.11644,0.443035,-0.038904,0.125062,0.435146,-0.068689,0.143798,0.49496,-0.059721,0.153696,0.529696,-0.044741
648,21600,True,0.9971,0.9971,0.189559,0.662351,-0.0,0.243579,0.637079,-0.027953,0.298718,0.573654,-0.043792,0.290438,0.510497,-0.059316,0.248011,0.471574,-0.07492,0.269146,0.430366,-0.022264,0.27865,0.356106,-0.047,0.276052,0.306727,-0.063181,0.272517,0.259124,-0.07471,0.220452,0.424369,-0.024644,0.223344,0.402144,-0.063822,0.228152,0.478359,-0.075835,0.231248,0.521808,-0.07509,0.173102,0.440935,-0.029632,0.174367,0.426049,-0.070857,0.189709,0.506307,-0.063673,0.198018,0.550003,-0.048146,0.12505,0.469757,-0.036579,0.131745,0.453955,-0.062297,0.148978,0.508185,-0.051528,0.157345,0.538232,-0.036467
649,21633,True,0.9973,0.9973,0.198628,0.685357,-0.0,0.25221,0.662149,-0.028184,0.306054,0.601084,-0.044655,0.302576,0.538767,-0.060777,0.260352,0.50022,-0.077,0.279132,0.457158,-0.022488,0.289837,0.389547,-0.047315,0.287973,0.343441,-0.063803,0.285011,0.298786,-0.075266,0.230121,0.449853,-0.024939,0.233518,0.422378,-0.063294,0.238809,0.497964,-0.075092,0.241737,0.54362,-0.074282,0.18203,0.465669,-0.030091,0.185284,0.44863,-0.070405,0.200385,0.529647,-0.063249,0.207942,0.576357,-0.047708,0.133977,0.494761,-0.037263,0.141176,0.470948,-0.061386,0.157904,0.521632,-0.050134,0.165855,0.553158,-0.035144
650,21666,True,0.9977,0.9977,0.209947,0.704956,-0.0,0.264399,0.679466,-0.025166,0.320969,0.619686,-0.040657,0.317756,0.557717,-0.056321,0.273988,0.522012,-0.072264,0.290556,0.474039,-0.017458,0.299886,0.420138,-0.040346,0.298658,0.377363,-0.057072,0.298017,0.335557,-0.068599,0.240767,0.462364,-0.020661,0.246509,0.446947,-0.056895,0.253334,0.509895,-0.071051,0.257833,0.552029,-0.071836,0.1927,0.476359,-0.026124,0.200297,0.479063,-0.064459,0.214713,0.556826,-0.060714,0.223135,0.605757,-0.047048,0.145736,0.505722,-0.033512,0.155212,0.497563,-0.055794,0.17318,0.547699,-0.046487,0.183648,0.581499,-0.032689
651,21700,True,0.9984,0.9984,0.22215,0.719855,-0.0,0.275648,0.693387,-0.022132,0.334982,0.634157,-0.035929,0.331454,0.566851,-0.049855,0.285958,0.535237,-0.064433,0.304588,0.489052,-0.013882,0.316615,0.445287,-0.034018,0.3169,0.409113,-0.049369,0.317978,0.37226,-0.060108,0.255257,0.472492,-0.017391,0.264323,0.463813,-0.049627,0.266586,0.534027,-0.062505,0.267326,0.580066,-0.062488,0.208886,0.484695,-0.022625,0.220518,0.500115,-0.057805,0.230996,0.574838,-0.05554,0.235974,0.620051,-0.04319,0.16294,0.513746,-0.029366,0.175613,0.517463,-0.050848,0.193826,0.569068,-0.042955,0.203535,0.604165,-0.029749
652,21733,True,0.9989,0.9989,0.239708,0.733419,-0.0,0.291579,0.706312,-0.020446,0.3542,0.651335,-0.035195,0.359304,0.584902,-0.050239,0.314159,0.562068,-0.065871,0.319709,0.509077,-0.014958,0.334985,0.468685,-0.034424,0.339751,0.438617,-0.050813,0.344903,0.405933,-0.06314,0.273875,0.493886,-0.019494,0.287704,0.482055,-0.047362,0.290842,0.547938,-0.059175,0.290336,0.586682,-0.061308,0.229839,0.50537,-0.025724,0.243071,0.505807,-0.053673,0.255499,0.569304,-0.050343,0.260309,0.607279,-0.041589,0.185406,0.534083,-0.033911,0.205036,0.534763,-0.051502,0.224441,0.58228,-0.044357,0.233408,0.614938,-0.034387
653,21766,True,0.998,0.998,0.266216,0.740129,0.0,0.319549,0.718743,-0.020912,0.379155,0.669633,-0.036834,0.379823,0.607928,-0.052984,0.336976,0.578181,-0.070238,0.347063,0.523989,-0.017546,0.365595,0.492967,-0.039192,0.376685,0.458204,-0.05941,0.387614,0.421819,-0.074954,0.300719,0.506658,-0.022458,0.313834,0.498503,-0.049814,0.321924,0.547259,-0.065228,0.325037,0.581787,-0.071786,0.257332,0.51771,-0.029062,0.274355,0.521445,-0.055427,0.289245,0.571068,-0.05442,0.295728,0.60564,-0.0492,0.215646,0.54899,-0.037974,0.240717,0.551408,-0.056516,0.261745,0.59245,-0.05172,0.272038,0.624834,-0.04431
654,21800,True,0.9981,0.9981,0.281012,0.74186,0.0,0.333078,0.722193,-0.013093,0.388704,0.68272,-0.026562,0.407755,0.639964,-0.041779,0.387367,0.619173,-0.057263,0.356517,0.527374,-0.010938,0.389594,0.497043,-0.030577,0.41333,0.474896,-0.049041,0.436341,0.453385,-0.062738,0.319511,0.509879,-0.018505,0.354768,0.524609,-0.041574,0.358617,0.56668,-0.05576,0.353458,0.586663,-0.062781,0.283782,0.518908,-0.027587,0.322522,0.549335,-0.048738,0.325969,0.588336,-0.049662,0.320093,0.604953,-0.047228,0.250536,0.546325,-0.038665,0.290187,0.571135,-0.051606,0.300885,0.608369,-0.046902,0.298876,0.631076,-0.040463
655,21833,True,0.9991,0.9991,0.299051,0.745039,0.0,0.361765,0.732605,-0.01726,0.423882,0.68737,-0.035088,0.446847,0.636484,-0.054595,0.422527,0.610112,-0.074438,0.389702,0.517914,-0.015154,0.441121,0.492678,-0.039941,0.473176,0.473344,-0.059622,0.499081,0.448921,-0.073281,0.352139,0.507078,-0.022773,0.407541,0.524952,-0.051931,0.400668,0.583083,-0.064072,0.381201,0.599213,-0.067606,0.317824,0.519401,-0.032595,0.376596,0.553445,-0.057918,0.373072,0.603837,-0.053777,0.355151,0.616107,-0.046437,0.286222,0.548867,-0.044817,0.342572,0.573736,-0.058264,0.34758,0.617994,-0.049929,0.334936,0.638368,-0.040317
656,21866,True,0.9979,0.9979,0.328306,0.758991,0.0,0.395078,0.739534,-0.01408,0.456579,0.695461,-0.029118,0.482904,0.638607,-0.047174,0.453976,0.612486,-0.0657,0.419954,0.526503,-0.011352,0.471195,0.507489,-0.033854,0.498763,0.50534,-0.051408,0.520502,0.496055,-0.063404,0.383027,0.513889,-0.019837,0.437244,0.534435,-0.045915,0.430597,0.589573,-0.058238,0.41477,0.610927,-0.062377,0.349371,0.524672,-0.030147,0.409466,0.568441,-0.056432,0.402949,0.622916,-0.055539,0.388082,0.645224,-0.049084,0.31942,0.551862,-0.042247,0.376655,0.58207,-0.057737,0.379585,0.628468,-0.051922,0.36995,0.657818,-0.043209
657,21900,True,0.9985,0.9985,0.357407,0.755789,0.0,0.423963,0.744362,-0.020088,0.485809,0.705214,-0.039956,0.512009,0.655975,-0.061406,0.4951,0.614768,-0.083218,0.457713,0.532396,-0.021127,0.513362,0.510384,-0.049315,0.551164,0.488372,-0.072646,0.58357,0.464014,-0.088777,0.417049,0.511236,-0.028647,0.468646,0.553604,-0.062829,0.456233,0.621764,-0.077896,0.436582,0.649563,-0.082588,0.379154,0.523122,-0.038194,0.434746,0.580263,-0.069881,0.427582,0.639282,-0.066522,0.413208,0.659999,-0.058004,0.345092,0.554309,-0.049984,0.396235,0.59539,-0.068909,0.39873,0.643631,-0.060625,0.389683,0.667813,-0.049401
658,21933,True,0.9986,0.9986,0.377524,0.758458,0.0,0.445953,0.749165,-0.015322,0.510766,0.711947,-0.032099,0.539121,0.663546,-0.051269,0.522985,0.618591,-0.071041,0.486825,0.537025,-0.017419,0.542799,0.514544,-0.043213,0.578953,0.493456,-0.064274,0.61137,0.468239,-0.079082,0.448555,0.513089,-0.026722,0.500925,0.557313,-0.057614,0.49011,0.623334,-0.07106,0.473225,0.65069,-0.075415,0.4112,0.522147,-0.037585,0.467216,0.582438,-0.066171,0.456581,0.641073,-0.061661,0.440875,0.661758,-0.053079,0.375834,0.550474,-0.050452,0.42624,0.595958,-0.06582,0.426566,0.643838,-0.056342,0.41676,0.666381,-0.044983
659,21966,True,0.9989,0.9989,0.391455,0.765339,0.0,0.461232,0.749648,-0.010913,0.525013,0.711566,-0.028263,0.559109,0.667758,-0.049413,0.54565,0.624973,-0.070848,0.503211,0.532956,-0.011621,0.56127,0.517253,-0.038538,0.599783,0.496168,-0.058475,0.633625,0.474466,-0.071659,0.46516,0.510431,-0.024194,0.528175,0.555815,-0.058566,0.512401,0.634084,-0.06777,0.491402,0.666305,-0.066513,0.428083,0.519208,-0.038805,0.492706,0.580709,-0.070627,0.478756,0.64696,-0.062495,0.459474,0.669452,-0.0492,0.393365,0.548486,-0.055173,0.448763,0.596197,-0.071725,0.447932,0.645406,-0.060985,0.436021,0.664475,-0.047844
660,22000,True,0.9991,0.9991,0.392299,0.761687,0.0,0.467239,0.751689,-0.010923,0.535491,0.714189,-0.0276,0.571095,0.666848,-0.048109,0.555431,0.624424,-0.068995,0.516652,0.538161,-0.013425,0.574838,0.518403,-0.042629,0.613867,0.497086,-0.063866,0.648572,0.472756,-0.078352,0.4778,0.511159,-0.02699,0.543802,0.558181,-0.066347,0.52691,0.636334,-0.078305,0.502346,0.667702,-0.078173,0.438998,0.519132,-0.042553,0.505493,0.587638,-0.080292,0.492091,0.657158,-0.075013,0.47228,0.678723,-0.062379,0.402617,0.54867,-0.059558,0.459874,0.602322,-0.081476,0.459132,0.653957,-0.07329,0.446416,0.671996,-0.061151
661,22033,True,0.9992,0.9992,0.393293,0.76158,0.0,0.46644,0.752495,-0.012807,0.533759,0.717025,-0.030154,0.569865,0.672728,-0.05101,0.558201,0.628569,-0.072324,0.521532,0.541818,-0.0191,0.579984,0.518461,-0.048001,0.618423,0.495991,-0.068647,0.652624,0.470415,-0.082796,0.482886,0.51355,-0.031709,0.543911,0.567211,-0.07143,0.524601,0.645171,-0.083031,0.49972,0.678735,-0.083091,0.441989,0.520617,-0.046164,0.503435,0.588212,-0.084263,0.489452,0.659746,-0.078527,0.470655,0.688087,-0.065579,0.402237,0.548643,-0.06221,0.453321,0.598833,-0.085531,0.456125,0.652131,-0.077869,0.448299,0.676689,-0.065772
662,22066,True,0.9983,0.9983,0.387052,0.765308,0.0,0.460697,0.752331,-0.015508,0.523269,0.717125,-0.033713,0.556787,0.67015,-0.054709,0.544694,0.62483,-0.076084,0.510594,0.541598,-0.019009,0.571429,0.523193,-0.04697,0.61039,0.500712,-0.067512,0.643979,0.475104,-0.081709,0.473415,0.515545,-0.029079,0.534592,0.566478,-0.065245,0.517299,0.643098,-0.074911,0.492195,0.677293,-0.074807,0.434917,0.523185,-0.041372,0.494862,0.587369,-0.074903,0.478486,0.651474,-0.067176,0.45601,0.675412,-0.054484,0.396846,0.551162,-0.055759,0.447316,0.59833,-0.074933,0.444225,0.644895,-0.065964,0.428412,0.662325,-0.054269
663,22100,True,0.9983,0.9983,0.368817,0.76282,0.0,0.442822,0.749748,-0.018012,0.508972,0.716974,-0.038771,0.544119,0.669784,-0.061776,0.525668,0.629223,-0.085353,0.486143,0.54056,-0.023642,0.549377,0.523383,-0.052717,0.590708,0.501952,-0.074695,0.624834,0.476636,-0.089965,0.44856,0.517061,-0.033478,0.51022,0.56584,-0.069021,0.496807,0.64188,-0.079117,0.47578,0.674484,-0.0801,0.411998,0.527489,-0.045437,0.473542,0.587352,-0.077423,0.462153,0.651217,-0.068686,0.444967,0.676811,-0.056203,0.378122,0.558328,-0.059853,0.429222,0.600206,-0.077022,0.428016,0.646013,-0.066379,0.416465,0.668118,-0.054043
664,22133,True,0.9978,0.9978,0.346792,0.753919,0.0,0.415575,0.7464,-0.020208,0.482714,0.711738,-0.039475,0.517835,0.666937,-0.060011,0.504731,0.625246,-0.081078,0.462876,0.534999,-0.025325,0.522775,0.517392,-0.055159,0.564225,0.497782,-0.078909,0.599525,0.475084,-0.095161,0.424576,0.510987,-0.033105,0.479796,0.562858,-0.06873,0.464183,0.63426,-0.080315,0.44289,0.666306,-0.08281,0.386462,0.521218,-0.043297,0.441811,0.584768,-0.075023,0.429978,0.645257,-0.067864,0.414547,0.669428,-0.056989,0.35228,0.552046,-0.056163,0.401106,0.597593,-0.07369,0.400626,0.644037,-0.064087,0.391357,0.668219,-0.052537
665,22166,True,0.998,0.998,0.318255,0.755931,0.0,0.386025,0.746801,-0.01574,0.454699,0.706916,-0.032486,0.48783,0.658019,-0.051447,0.465139,0.61919,-0.071317,0.438814,0.535203,-0.017244,0.495812,0.515253,-0.043934,0.534487,0.493576,-0.065742,0.565579,0.467528,-0.081426,0.399689,0.514451,-0.026889,0.453449,0.549989,-0.057825,0.439341,0.616815,-0.069877,0.41744,0.636549,-0.073978,0.360843,0.524056,-0.038541,0.41565,0.577292,-0.067986,0.406325,0.636455,-0.062302,0.3898,0.65001,-0.053646,0.324934,0.553296,-0.05234,0.375948,0.595359,-0.069915,0.37588,0.64399,-0.060828,0.363191,0.663452,-0.050323
666,22200,True,0.9977,0.9977,0.28921,0.754061,0.0,0.353849,0.740721,-0.017498,0.418978,0.703418,-0.038119,0.454366,0.655234,-0.061589,0.428531,0.623768,-0.085579,0.402645,0.53479,-0.018206,0.451172,0.499402,-0.045103,0.49026,0.476786,-0.065522,0.524321,0.458503,-0.079436,0.363938,0.513092,-0.028063,0.413253,0.54173,-0.059045,0.398701,0.607524,-0.068261,0.379123,0.629594,-0.069648,0.326473,0.519749,-0.040481,0.377747,0.565432,-0.068514,0.369885,0.622381,-0.060998,0.355237,0.641151,-0.051109,0.2915,0.545674,-0.055685,0.341455,0.582384,-0.071182,0.342995,0.629901,-0.061364,0.33201,0.652666,-0.050509
667,22233,True,0.996,0.996,0.25819,0.755346,0.0,0.322913,0.736757,-0.01708,0.390019,0.693281,-0.034265,0.413932,0.635583,-0.053881,0.380578,0.612631,-0.074257,0.364865,0.525704,-0.011178,0.407326,0.496605,-0.030967,0.43698,0.471561,-0.048566,0.461422,0.448271,-0.062255,0.325078,0.506769,-0.019418,0.364456,0.533979,-0.042866,0.357653,0.59443,-0.053558,0.343263,0.613846,-0.058,0.285965,0.517318,-0.029688,0.326482,0.555145,-0.051738,0.324134,0.606504,-0.04698,0.313303,0.621983,-0.040646,0.248825,0.545547,-0.042565,0.29127,0.571825,-0.054371,0.295647,0.61269,-0.045368,0.287069,0.633291,-0.036183
668,22266,True,0.9966,0.9966,0.237038,0.751808,0.0,0.295532,0.7342,-0.023072,0.364616,0.692728,-0.040252,0.375663,0.629539,-0.057364,0.328491,0.607596,-0.075183,0.34732,0.535844,-0.019019,0.374444,0.494844,-0.038627,0.386356,0.458935,-0.05626,0.397452,0.418749,-0.071045,0.302231,0.509794,-0.023689,0.320135,0.51904,-0.049564,0.314155,0.583026,-0.061206,0.303952,0.61108,-0.065583,0.25789,0.514229,-0.03018,0.276231,0.541022,-0.053347,0.277701,0.596264,-0.047652,0.27199,0.618024,-0.040438,0.213989,0.53665,-0.039704,0.238529,0.557062,-0.052465,0.247111,0.603292,-0.042963,0.245483,0.627711,-0.033197
669,22300,True,0.9978,0.9978,0.208931,0.751615,0.0,0.265348,0.730856,-0.02381,0.332984,0.685755,-0.039885,0.334863,0.624333,-0.055689,0.285797,0.600723,-0.072141,0.317007,0.535656,-0.01444,0.335315,0.488669,-0.032721,0.343943,0.454436,-0.049253,0.352928,0.418775,-0.062655,0.270184,0.513084,-0.018199,0.280568,0.509025,-0.045112,0.275243,0.580822,-0.057326,0.269318,0.614207,-0.06047,0.224171,0.519623,-0.02398,0.231629,0.526052,-0.050668,0.235399,0.592354,-0.045167,0.23398,0.623399,-0.036008,0.176639,0.542479,-0.032198,0.192061,0.540565,-0.048885,0.20193,0.593351,-0.0383,0.203118,0.624095,-0.026201
670,22333,True,0.9981,0.9981,0.189612,0.752976,0.0,0.241943,0.728583,-0.021915,0.304538,0.679979,-0.035941,0.303361,0.625908,-0.050189,0.258227,0.601357,-0.06515,0.285494,0.530956,-0.011502,0.302631,0.483737,-0.029461,0.308877,0.449024,-0.044662,0.314044,0.412235,-0.056662,0.237384,0.511396,-0.015729,0.244784,0.501508,-0.043531,0.241463,0.576823,-0.055793,0.23777,0.613341,-0.058018,0.189433,0.519326,-0.021831,0.19099,0.51858,-0.050655,0.199108,0.5915,-0.045998,0.202593,0.626921,-0.035995,0.140122,0.543963,-0.029801,0.146401,0.536748,-0.047168,0.159799,0.590888,-0.036686,0.166031,0.622906,-0.024162
671,22366,True,0.9984,0.9984,0.184939,0.752926,0.0,0.238393,0.734375,-0.027136,0.299548,0.679981,-0.042654,0.288281,0.620863,-0.056712,0.240467,0.594417,-0.069755,0.276226,0.524952,-0.021411,0.286054,0.481256,-0.047809,0.285231,0.445838,-0.065101,0.285029,0.407398,-0.077145,0.221836,0.497862,-0.024643,0.223635,0.522178,-0.060414,0.224485,0.591683,-0.072463,0.227866,0.61422,-0.072358,0.169478,0.506085,-0.030894,0.178593,0.571635,-0.067682,0.186904,0.641285,-0.063619,0.194908,0.655313,-0.051399,0.121148,0.532372,-0.039831,0.132289,0.582491,-0.059731,0.145013,0.633149,-0.050992,0.152768,0.64168,-0.038366
672,22400,True,0.9979,0.9979,0.182067,0.750825,0.0,0.241558,0.734589,-0.038826,0.301051,0.682081,-0.062269,0.287426,0.621689,-0.0825,0.238629,0.587809,-0.100484,0.275027,0.520604,-0.034018,0.281426,0.479421,-0.069607,0.278518,0.441568,-0.091032,0.276648,0.402309,-0.10455,0.215989,0.493261,-0.03399,0.217473,0.521148,-0.08084,0.226398,0.592772,-0.094116,0.238274,0.618996,-0.091954,0.160754,0.50185,-0.038798,0.170508,0.57724,-0.08727,0.189283,0.652843,-0.08384,0.207045,0.674622,-0.068828,0.111806,0.529053,-0.047313,0.125491,0.593026,-0.07736,0.144347,0.649363,-0.072601,0.158811,0.661673,-0.060387
673,22433,True,0.9983,0.9983,0.183027,0.751565,0.0,0.242814,0.731431,-0.032155,0.30256,0.679487,-0.052429,0.290476,0.620486,-0.070895,0.241859,0.591434,-0.08785,0.276131,0.522537,-0.02803,0.284017,0.479823,-0.061126,0.281002,0.441006,-0.082417,0.277961,0.403043,-0.095656,0.218346,0.495459,-0.030047,0.220493,0.522539,-0.073695,0.228798,0.588185,-0.087804,0.239767,0.616437,-0.086729,0.163738,0.504182,-0.035936,0.173238,0.577213,-0.080461,0.190715,0.648173,-0.077949,0.207662,0.672258,-0.063904,0.115023,0.531986,-0.044924,0.126936,0.586621,-0.070516,0.143484,0.636869,-0.063974,0.156428,0.649632,-0.050952
674,22466,True,0.9986,0.9986,0.188204,0.748627,0.0,0.244968,0.729117,-0.026448,0.306887,0.677205,-0.043686,0.294634,0.619363,-0.059985,0.246114,0.591793,-0.075107,0.279075,0.525881,-0.023198,0.289038,0.479749,-0.052035,0.288062,0.442338,-0.070224,0.287058,0.402607,-0.081887,0.224011,0.498499,-0.026269,0.231251,0.524818,-0.064721,0.233076,0.590414,-0.0766,0.237169,0.613063,-0.075116,0.171831,0.504937,-0.032372,0.183503,0.57564,-0.071255,0.192366,0.642986,-0.067021,0.200874,0.65773,-0.053434,0.123095,0.529449,-0.041003,0.135523,0.582018,-0.060996,0.148091,0.629767,-0.051808,0.155431,0.637272,-0.038179
675,22500,True,0.9984,0.9984,0.193249,0.748143,0.0,0.250035,0.729724,-0.027105,0.315442,0.67791,-0.044408,0.305501,0.616083,-0.06026,0.255901,0.591453,-0.074962,0.28754,0.524548,-0.023889,0.299504,0.481559,-0.051437,0.300955,0.446246,-0.069016,0.302452,0.40504,-0.081406,0.232645,0.495267,-0.026787,0.242078,0.523406,-0.064633,0.244074,0.595606,-0.076356,0.244419,0.618298,-0.075475,0.180897,0.502468,-0.032663,0.194395,0.571076,-0.070338,0.201881,0.636682,-0.066565,0.204998,0.645896,-0.054493,0.132446,0.528337,-0.041077,0.148475,0.583279,-0.06136,0.161019,0.631498,-0.053614,0.164139,0.636281,-0.041723
676,22533,True,0.9987,0.9987,0.200523,0.749032,0.0,0.255907,0.729043,-0.025319,0.322698,0.677824,-0.042297,0.316228,0.61413,-0.058393,0.267039,0.592702,-0.073711,0.292009,0.519564,-0.021175,0.305487,0.480859,-0.047271,0.310383,0.448713,-0.064701,0.316167,0.408503,-0.077362,0.238042,0.491534,-0.025295,0.254368,0.522679,-0.060743,0.255652,0.599022,-0.072519,0.253169,0.622708,-0.072569,0.187255,0.500957,-0.032092,0.2061,0.566186,-0.068525,0.212457,0.634633,-0.065307,0.212464,0.646917,-0.054105,0.139235,0.529775,-0.04117,0.159782,0.581933,-0.060576,0.173638,0.630599,-0.052716,0.175994,0.638001,-0.04118
677,22566,True,0.9987,0.9987,0.207504,0.75074,0.0,0.261812,0.732832,-0.027056,0.328652,0.68263,-0.046225,0.326545,0.618278,-0.064765,0.277951,0.593407,-0.082282,0.30082,0.52039,-0.022675,0.314337,0.481788,-0.050766,0.320212,0.449815,-0.068636,0.326977,0.411052,-0.081074,0.246356,0.493066,-0.026822,0.261966,0.523863,-0.063888,0.264159,0.598636,-0.075138,0.263638,0.617068,-0.074386,0.194869,0.502924,-0.034106,0.213591,0.566414,-0.072267,0.220048,0.637086,-0.067612,0.220339,0.649452,-0.054935,0.14594,0.532659,-0.043961,0.166651,0.585048,-0.064878,0.180658,0.634068,-0.056732,0.183338,0.640636,-0.044531
678,22600,True,0.9984,0.9984,0.210369,0.751809,0.0,0.267103,0.734289,-0.026812,0.333021,0.686294,-0.046236,0.332868,0.623193,-0.065245,0.286324,0.597014,-0.083355,0.305019,0.523282,-0.024252,0.321157,0.485557,-0.053565,0.32904,0.45301,-0.072378,0.337415,0.416011,-0.084725,0.250182,0.495942,-0.028783,0.267151,0.530378,-0.069156,0.270959,0.59959,-0.082575,0.272689,0.623703,-0.081842,0.198654,0.50539,-0.036237,0.220856,0.578372,-0.076572,0.229681,0.648637,-0.073821,0.233839,0.668799,-0.060718,0.150896,0.535158,-0.046189,0.174841,0.591886,-0.067784,0.187807,0.640496,-0.060383,0.190873,0.65039,-0.047725
679,22633,True,0.9987,0.9987,0.216128,0.757576,0.0,0.272352,0.73834,-0.026063,0.335002,0.690445,-0.044805,0.336916,0.62878,-0.063227,0.294708,0.599457,-0.081085,0.30948,0.524511,-0.022969,0.32634,0.489886,-0.051719,0.33446,0.457528,-0.07083,0.343906,0.421051,-0.083303,0.254777,0.499218,-0.02772,0.273269,0.525381,-0.068046,0.279964,0.593371,-0.082822,0.284331,0.623957,-0.082844,0.202851,0.509915,-0.035161,0.226344,0.576596,-0.076139,0.237599,0.648116,-0.075221,0.243842,0.676406,-0.062741,0.154901,0.541519,-0.044885,0.178809,0.592325,-0.067591,0.194707,0.642418,-0.061367,0.201252,0.659618,-0.049153
680,22666,True,0.9986,0.9986,0.21706,0.759572,-0.0,0.272147,0.741012,-0.02638,0.335333,0.694669,-0.045856,0.340828,0.633317,-0.064952,0.301442,0.602429,-0.083438,0.310305,0.524237,-0.025599,0.32955,0.489815,-0.055086,0.338744,0.458699,-0.074169,0.349132,0.423183,-0.086443,0.256407,0.498699,-0.029595,0.276243,0.535785,-0.069501,0.276392,0.616486,-0.081774,0.275672,0.650932,-0.080574,0.20579,0.510038,-0.036393,0.230176,0.577729,-0.076294,0.237828,0.650231,-0.073455,0.241642,0.676304,-0.060615,0.158388,0.541796,-0.045565,0.182876,0.591901,-0.067796,0.196121,0.641949,-0.061363,0.200169,0.65798,-0.049319
681,22700,True,0.9984,0.9984,0.218198,0.762116,-0.0,0.275373,0.742983,-0.025087,0.338287,0.696857,-0.044278,0.343886,0.636193,-0.063407,0.307757,0.601869,-0.082112,0.311908,0.52516,-0.023908,0.335528,0.491836,-0.052001,0.345904,0.460334,-0.07037,0.356321,0.427534,-0.082083,0.258149,0.49991,-0.028114,0.283501,0.538245,-0.065193,0.281375,0.618103,-0.076492,0.277237,0.652381,-0.075348,0.208604,0.51165,-0.035007,0.238079,0.578499,-0.072446,0.2426,0.648713,-0.069584,0.242103,0.674044,-0.057629,0.161975,0.544268,-0.044177,0.190334,0.593836,-0.065697,0.204745,0.644511,-0.059381,0.209093,0.662705,-0.047595
682,22733,True,0.9979,0.9979,0.22294,0.761667,-0.0,0.280799,0.740838,-0.024222,0.342988,0.694612,-0.042883,0.351108,0.635556,-0.061657,0.317494,0.599201,-0.080196,0.316384,0.525619,-0.023435,0.339801,0.491806,-0.05126,0.351091,0.459637,-0.070023,0.364349,0.424926,-0.082456,0.263799,0.500342,-0.027865,0.290292,0.537901,-0.064393,0.286745,0.619306,-0.075704,0.281988,0.65384,-0.075221,0.214394,0.511853,-0.034949,0.244472,0.57385,-0.070948,0.246139,0.641539,-0.067419,0.243939,0.663033,-0.056034,0.167256,0.543714,-0.044315,0.194762,0.587515,-0.064217,0.207616,0.634765,-0.057028,0.210297,0.649226,-0.045499
683,22766,True,0.9981,0.9981,0.223133,0.756174,0.0,0.280889,0.738895,-0.024586,0.344321,0.691688,-0.043422,0.357125,0.632986,-0.062123,0.325837,0.595136,-0.080706,0.315326,0.522756,-0.025143,0.340555,0.486347,-0.053682,0.356394,0.453291,-0.073825,0.372848,0.418513,-0.087476,0.26501,0.499479,-0.02971,0.293905,0.529294,-0.067392,0.292206,0.612441,-0.078795,0.286541,0.651224,-0.078676,0.216655,0.511427,-0.037004,0.247973,0.56032,-0.072817,0.252264,0.629698,-0.068021,0.24988,0.65577,-0.056448,0.170921,0.544241,-0.046716,0.199499,0.581286,-0.066741,0.212324,0.628112,-0.059541,0.213708,0.643446,-0.048665
684,22800,True,0.9982,0.9982,0.224447,0.748676,0.0,0.284804,0.731147,-0.025521,0.349939,0.684581,-0.04489,0.362668,0.621501,-0.06387,0.329155,0.582615,-0.082958,0.318971,0.51769,-0.02871,0.345676,0.481366,-0.057763,0.361922,0.445643,-0.07836,0.379709,0.409578,-0.092099,0.268683,0.4932,-0.032517,0.298259,0.526089,-0.072277,0.296489,0.608453,-0.084405,0.291986,0.656187,-0.083941,0.220752,0.503923,-0.038762,0.252591,0.554199,-0.074804,0.257624,0.623628,-0.070235,0.257302,0.660103,-0.05803,0.176003,0.536385,-0.0476,0.203567,0.570348,-0.067647,0.215186,0.612711,-0.061425,0.21731,0.631893,-0.050706
685,22833,True,0.9984,0.9984,0.229101,0.738436,0.0,0.28872,0.721388,-0.023903,0.351575,0.675625,-0.042127,0.363711,0.61658,-0.060284,0.335079,0.572758,-0.078458,0.321767,0.508478,-0.026439,0.350592,0.470237,-0.05478,0.368387,0.434138,-0.074753,0.386983,0.397164,-0.088133,0.272218,0.483982,-0.030653,0.304942,0.517041,-0.069061,0.303799,0.598669,-0.080837,0.298565,0.643519,-0.080668,0.224616,0.494822,-0.037258,0.259947,0.545646,-0.07366,0.264031,0.616534,-0.069281,0.261824,0.650503,-0.057413,0.179747,0.52698,-0.046157,0.210222,0.563905,-0.06758,0.222934,0.611127,-0.06155,0.225255,0.631714,-0.05085
686,22866,True,0.9985,0.9985,0.23083,0.729248,0.0,0.292563,0.711563,-0.024404,0.352972,0.666104,-0.042765,0.366935,0.606715,-0.061327,0.339411,0.561674,-0.079933,0.323222,0.500826,-0.02715,0.353749,0.459891,-0.055479,0.372339,0.421599,-0.075288,0.391393,0.383598,-0.088409,0.274152,0.476027,-0.030954,0.308058,0.512998,-0.071305,0.306086,0.593954,-0.083919,0.300179,0.64288,-0.083607,0.227101,0.486898,-0.037134,0.264508,0.539589,-0.074444,0.268586,0.608934,-0.071058,0.266961,0.647423,-0.05919,0.182958,0.519007,-0.0457,0.214401,0.555567,-0.068308,0.227748,0.600995,-0.063714,0.231507,0.624374,-0.053413
687,22900,True,0.9985,0.9985,0.232702,0.721061,0.0,0.29424,0.703166,-0.023715,0.355001,0.655706,-0.04102,0.37112,0.596164,-0.058469,0.344533,0.551138,-0.076126,0.327236,0.491887,-0.026432,0.357481,0.448154,-0.053816,0.375272,0.408862,-0.073004,0.393567,0.370321,-0.085552,0.278264,0.468311,-0.030068,0.310855,0.500168,-0.069717,0.309097,0.58103,-0.081695,0.304148,0.633562,-0.080794,0.230878,0.479335,-0.035962,0.267011,0.527327,-0.072005,0.27072,0.597805,-0.067696,0.269867,0.640798,-0.055222,0.186647,0.511007,-0.044278,0.217427,0.545547,-0.065936,0.22968,0.593518,-0.060677,0.233681,0.621013,-0.049877
688,22933,True,0.9984,0.9984,0.235311,0.715549,0.0,0.296639,0.69641,-0.024685,0.357941,0.648501,-0.042339,0.374497,0.588579,-0.059775,0.349699,0.542995,-0.077046,0.331205,0.485147,-0.027764,0.360655,0.43856,-0.056073,0.378331,0.398513,-0.075455,0.396493,0.359194,-0.088233,0.282132,0.461445,-0.031397,0.313863,0.486051,-0.072262,0.313324,0.568438,-0.083976,0.308915,0.62133,-0.082769,0.234215,0.471679,-0.037503,0.268641,0.514971,-0.074482,0.27435,0.586728,-0.069495,0.274589,0.628931,-0.056534,0.189322,0.502775,-0.046121,0.218622,0.534006,-0.067761,0.231376,0.581543,-0.061949,0.235143,0.606825,-0.05106
689,22966,True,0.9983,0.9983,0.238605,0.708742,0.0,0.3004,0.689255,-0.024811,0.361861,0.639746,-0.042271,0.377861,0.57808,-0.05947,0.354713,0.53118,-0.076449,0.333772,0.476987,-0.027072,0.364097,0.426526,-0.054408,0.382848,0.386579,-0.072776,0.400903,0.348065,-0.084778,0.284921,0.454499,-0.030576,0.318098,0.473513,-0.071026,0.319469,0.555823,-0.08229,0.315199,0.610159,-0.080509,0.237722,0.464531,-0.036587,0.273596,0.503445,-0.073453,0.280597,0.576258,-0.068452,0.28088,0.620469,-0.055417,0.193429,0.495421,-0.045095,0.224655,0.528409,-0.067378,0.238925,0.578787,-0.062011,0.243756,0.606582,-0.051225
690,23000,True,0.998,0.998,0.240505,0.703227,0.0,0.303844,0.68309,-0.02541,0.365372,0.631902,-0.043042,0.382726,0.570154,-0.060424,0.359637,0.522583,-0.077692,0.334916,0.469688,-0.027775,0.367366,0.417467,-0.055155,0.386724,0.376228,-0.073532,0.404582,0.336324,-0.085627,0.286892,0.448569,-0.031247,0.321253,0.467765,-0.072201,0.322426,0.5496,-0.083896,0.316561,0.602259,-0.082506,0.240325,0.459517,-0.037185,0.278351,0.497974,-0.07526,0.28352,0.570845,-0.070442,0.281084,0.613226,-0.057218,0.196542,0.490029,-0.045573,0.22914,0.517512,-0.069134,0.242375,0.568293,-0.063517,0.244936,0.596645,-0.052266
691,23033,True,0.998,0.998,0.243773,0.701788,0.0,0.306366,0.679002,-0.026169,0.367267,0.62663,-0.044255,0.385873,0.565124,-0.062071,0.363627,0.518062,-0.07953,0.33746,0.463868,-0.02766,0.3703,0.413062,-0.055678,0.389529,0.371994,-0.074245,0.407972,0.331833,-0.086396,0.28928,0.443303,-0.03127,0.325942,0.459338,-0.073433,0.328559,0.54236,-0.08562,0.323621,0.595614,-0.084025,0.242487,0.454724,-0.037495,0.281962,0.492818,-0.077137,0.288258,0.566864,-0.072771,0.286683,0.608857,-0.059177,0.198257,0.485735,-0.04619,0.231855,0.51139,-0.070371,0.245668,0.561839,-0.064797,0.248093,0.589255,-0.053404
692,23066,True,0.9979,0.9979,0.245302,0.696806,0.0,0.307223,0.674357,-0.026396,0.368268,0.622028,-0.044436,0.385828,0.559621,-0.062032,0.3631,0.511983,-0.079294,0.339751,0.458925,-0.028464,0.37206,0.406003,-0.055948,0.390381,0.363411,-0.07382,0.408197,0.322611,-0.0855,0.291502,0.438275,-0.031677,0.327032,0.452486,-0.073816,0.330071,0.535531,-0.085401,0.326101,0.591575,-0.083308,0.244546,0.449402,-0.037476,0.282596,0.486037,-0.076722,0.289478,0.559574,-0.072161,0.288741,0.604043,-0.058514,0.199997,0.480196,-0.045783,0.231225,0.50541,-0.069733,0.244703,0.554645,-0.064531,0.247156,0.582712,-0.053502
693,23100,True,0.9982,0.9982,0.248085,0.691255,0.0,0.309267,0.668675,-0.027552,0.36997,0.613567,-0.046592,0.38657,0.548641,-0.064937,0.361036,0.499771,-0.082924,0.339293,0.4524,-0.031,0.370355,0.395576,-0.060193,0.387874,0.350945,-0.079446,0.403761,0.307131,-0.092297,0.290471,0.432239,-0.034421,0.327275,0.447426,-0.077888,0.330863,0.532006,-0.090077,0.325899,0.584129,-0.08865,0.243701,0.444536,-0.04042,0.282743,0.480733,-0.081706,0.290403,0.555777,-0.076828,0.289406,0.59654,-0.062984,0.199059,0.476023,-0.048923,0.233521,0.502738,-0.075215,0.250709,0.556839,-0.069499,0.256083,0.586213,-0.057738
694,23133,True,0.9987,0.9987,0.24945,0.684476,0.0,0.307911,0.658459,-0.024863,0.367843,0.600379,-0.042342,0.384623,0.533766,-0.059651,0.355805,0.48785,-0.076814,0.333437,0.439907,-0.028014,0.361619,0.380122,-0.055517,0.377388,0.334085,-0.073595,0.391405,0.289313,-0.085633,0.284078,0.422501,-0.032479,0.319627,0.431377,-0.074849,0.325699,0.516215,-0.086597,0.322891,0.570463,-0.084625,0.237323,0.436709,-0.039215,0.276839,0.469226,-0.08006,0.286669,0.544964,-0.075673,0.287775,0.587811,-0.06172,0.193431,0.469307,-0.048142,0.22933,0.492908,-0.074003,0.248463,0.548086,-0.068285,0.25596,0.580371,-0.056262
695,23166,True,0.9985,0.9985,0.244888,0.676674,0.0,0.302773,0.6483,-0.025864,0.361854,0.58849,-0.043974,0.378049,0.522018,-0.062023,0.348759,0.475232,-0.079716,0.323899,0.427753,-0.025735,0.35006,0.367442,-0.054467,0.364911,0.321251,-0.072591,0.377132,0.276237,-0.084419,0.274951,0.413523,-0.03001,0.307784,0.414565,-0.072813,0.317145,0.500431,-0.083952,0.316459,0.549587,-0.08139,0.228898,0.429077,-0.037166,0.265554,0.456194,-0.08034,0.279016,0.535078,-0.075339,0.281613,0.574248,-0.060395,0.185672,0.462792,-0.046485,0.218304,0.482748,-0.073747,0.239262,0.537398,-0.067745,0.246873,0.5647,-0.055419
696,23200,True,0.9983,0.9983,0.24289,0.661944,0.0,0.299188,0.629077,-0.024009,0.356271,0.564614,-0.041875,0.3682,0.496371,-0.060339,0.336149,0.45384,-0.078248,0.315413,0.413301,-0.023553,0.337253,0.345565,-0.050601,0.348006,0.29609,-0.066072,0.355891,0.250294,-0.07622,0.26547,0.402556,-0.028754,0.297371,0.395809,-0.069937,0.306902,0.486487,-0.077214,0.305116,0.534239,-0.071943,0.220551,0.418891,-0.03694,0.258071,0.43845,-0.078835,0.270515,0.517544,-0.070972,0.268917,0.552404,-0.054664,0.17818,0.452257,-0.047224,0.214048,0.468631,-0.073305,0.233708,0.521182,-0.065866,0.236794,0.543952,-0.053145
697,23233,True,0.998,0.998,0.241551,0.64433,0.0,0.296816,0.60963,-0.026135,0.351811,0.543128,-0.044561,0.359192,0.475365,-0.062953,0.326364,0.431457,-0.080838,0.308986,0.395952,-0.02647,0.326799,0.323745,-0.054091,0.334019,0.272277,-0.070123,0.338347,0.223667,-0.080909,0.258234,0.387738,-0.03063,0.286106,0.374883,-0.072245,0.298269,0.465029,-0.079795,0.29784,0.512671,-0.075034,0.212706,0.406155,-0.037817,0.245278,0.418865,-0.080482,0.261204,0.498147,-0.07244,0.261248,0.533854,-0.056149,0.169538,0.441338,-0.047172,0.200488,0.452313,-0.074404,0.223118,0.504506,-0.066941,0.22794,0.528026,-0.054214
698,23266,True,0.9981,0.9981,0.24085,0.627768,0.0,0.295735,0.595311,-0.030799,0.348348,0.524677,-0.049924,0.353107,0.454222,-0.067802,0.319336,0.408197,-0.085026,0.301618,0.378481,-0.030953,0.315604,0.300473,-0.059805,0.319441,0.246636,-0.076963,0.32115,0.194809,-0.088428,0.251563,0.373518,-0.032862,0.276088,0.352648,-0.079001,0.292594,0.442518,-0.08892,0.297282,0.498514,-0.084363,0.206158,0.393668,-0.037884,0.235884,0.398656,-0.084675,0.256563,0.480924,-0.077651,0.262434,0.525879,-0.060256,0.163114,0.429671,-0.045255,0.192196,0.434259,-0.076506,0.218263,0.490027,-0.070246,0.227651,0.520702,-0.056982
699,23300,True,0.9982,0.9982,0.241629,0.612074,0.0,0.297922,0.582263,-0.032576,0.348205,0.507926,-0.051053,0.352295,0.434672,-0.067916,0.318174,0.385742,-0.084162,0.301228,0.363135,-0.03195,0.311874,0.276579,-0.060713,0.312885,0.219332,-0.077916,0.312609,0.165119,-0.089223,0.252287,0.360873,-0.032437,0.272531,0.331573,-0.080474,0.289614,0.419344,-0.091477,0.296746,0.47983,-0.086974,0.20684,0.381705,-0.036018,0.231098,0.377018,-0.083823,0.253133,0.459278,-0.07655,0.261702,0.510227,-0.058356,0.163166,0.417174,-0.042008,0.187804,0.411838,-0.073896,0.213454,0.468639,-0.066863,0.223544,0.504743,-0.052564
700,23333,True,0.9965,0.9965,0.246887,0.598637,0.0,0.303509,0.566388,-0.030771,0.353034,0.490568,-0.048375,0.355976,0.419734,-0.065065,0.324741,0.368828,-0.08122,0.305507,0.34568,-0.028774,0.316907,0.255487,-0.056879,0.318532,0.196078,-0.073331,0.317061,0.141648,-0.083811,0.257364,0.347488,-0.029913,0.277263,0.306961,-0.076264,0.294046,0.393012,-0.087123,0.298406,0.451513,-0.082808,0.21282,0.369421,-0.034138,0.237954,0.354027,-0.081378,0.259969,0.436117,-0.074033,0.265772,0.486237,-0.055815,0.169369,0.404417,-0.040479,0.19388,0.383708,-0.071417,0.219949,0.436326,-0.063301,0.228629,0.471281,-0.048503
701,23366,True,0.9952,0.9952,0.256495,0.588386,0.0,0.315199,0.553842,-0.029296,0.364866,0.478912,-0.04724,0.367359,0.407564,-0.065029,0.335745,0.358501,-0.082417,0.314627,0.330025,-0.026745,0.327915,0.241972,-0.05443,0.331257,0.182456,-0.071277,0.331563,0.129377,-0.082055,0.266473,0.332503,-0.028451,0.293266,0.299029,-0.074464,0.309432,0.386456,-0.085968,0.31193,0.446892,-0.082117,0.223262,0.354839,-0.033037,0.256396,0.34329,-0.079487,0.276884,0.424846,-0.072385,0.280988,0.478238,-0.054418,0.181291,0.390582,-0.039736,0.211665,0.368887,-0.070818,0.237204,0.42168,-0.062963,0.245187,0.460674,-0.048014
702,23400,True,0.9958,0.9958,0.265609,0.585479,0.0,0.326935,0.551847,-0.027774,0.38048,0.475173,-0.044178,0.382427,0.401825,-0.060723,0.351244,0.353766,-0.077031,0.328342,0.325359,-0.024792,0.344088,0.23385,-0.050647,0.350422,0.17192,-0.066758,0.354111,0.116438,-0.077388,0.280891,0.325443,-0.026591,0.313473,0.295239,-0.07151,0.327165,0.379995,-0.083681,0.326503,0.44413,-0.080722,0.239068,0.346031,-0.030945,0.275514,0.332947,-0.075592,0.294533,0.411831,-0.069608,0.297792,0.46936,-0.053052,0.198288,0.380803,-0.037348,0.234084,0.360606,-0.068131,0.258428,0.415878,-0.061457,0.265096,0.460275,-0.04742
703,23433,True,0.9959,0.9959,0.280658,0.588075,0.0,0.342126,0.553016,-0.030842,0.393466,0.47936,-0.049622,0.399766,0.407041,-0.068266,0.375348,0.354343,-0.086199,0.352233,0.329009,-0.029756,0.374006,0.237486,-0.060554,0.383953,0.175005,-0.0793,0.389235,0.117864,-0.091274,0.30326,0.32629,-0.032041,0.336313,0.292987,-0.082617,0.346759,0.382704,-0.095076,0.342947,0.445284,-0.090725,0.259531,0.344507,-0.037474,0.298247,0.335918,-0.086867,0.312794,0.419379,-0.07934,0.311876,0.471964,-0.060336,0.218075,0.377227,-0.045275,0.255635,0.362387,-0.077568,0.275914,0.420696,-0.068916,0.278408,0.460464,-0.052941
704,23466,True,0.996,0.996,0.292678,0.592623,0.0,0.355254,0.558432,-0.03089,0.407015,0.48848,-0.050083,0.417833,0.416644,-0.069442,0.395058,0.36241,-0.088061,0.369052,0.334667,-0.0319,0.389355,0.244914,-0.062736,0.397878,0.182641,-0.080991,0.403688,0.125156,-0.092532,0.320455,0.32743,-0.034313,0.355554,0.297533,-0.084845,0.365651,0.383751,-0.097333,0.363992,0.447708,-0.09285,0.276516,0.343683,-0.039705,0.318625,0.344099,-0.088969,0.33102,0.4286,-0.081976,0.33087,0.484593,-0.062851,0.235301,0.374761,-0.047662,0.274672,0.367748,-0.079324,0.293903,0.425689,-0.071718,0.29801,0.467062,-0.056348
705,23500,True,0.9964,0.9964,0.301792,0.599359,0.0,0.362996,0.569212,-0.03062,0.416196,0.503106,-0.050056,0.433695,0.435107,-0.069906,0.414199,0.381888,-0.088951,0.379997,0.34483,-0.032271,0.404051,0.253975,-0.063789,0.416013,0.192401,-0.082172,0.424995,0.136586,-0.093582,0.332416,0.336289,-0.035232,0.369251,0.306524,-0.085573,0.379893,0.391735,-0.097758,0.378908,0.453286,-0.09317,0.288372,0.351413,-0.041239,0.332048,0.353957,-0.090016,0.342743,0.439779,-0.082337,0.341019,0.494006,-0.062922,0.24674,0.382143,-0.049956,0.286061,0.38149,-0.080863,0.30403,0.438242,-0.073161,0.307346,0.475929,-0.057942
706,23533,True,0.9958,0.9958,0.305486,0.608063,0.0,0.366494,0.579432,-0.033222,0.418145,0.513673,-0.053673,0.438211,0.443961,-0.07384,0.422226,0.38707,-0.092664,0.388075,0.355995,-0.034557,0.416332,0.266256,-0.067379,0.429183,0.204887,-0.085937,0.438466,0.149124,-0.097376,0.340823,0.345526,-0.036451,0.379953,0.317699,-0.08906,0.386272,0.405283,-0.100799,0.382233,0.467254,-0.095199,0.296653,0.358476,-0.04183,0.341283,0.364176,-0.092017,0.348304,0.449848,-0.083782,0.344874,0.502089,-0.063511,0.254814,0.386781,-0.050224,0.29487,0.389975,-0.081668,0.310236,0.445937,-0.074232,0.311873,0.479719,-0.059036
707,23566,True,0.9972,0.9972,0.308426,0.616303,0.0,0.368963,0.590095,-0.033696,0.422097,0.52393,-0.053559,0.440963,0.452868,-0.072813,0.425211,0.394647,-0.090864,0.395097,0.365069,-0.034893,0.425107,0.278065,-0.066925,0.438335,0.217967,-0.084998,0.448644,0.161447,-0.096305,0.34746,0.353401,-0.036415,0.385957,0.322967,-0.088609,0.391589,0.409658,-0.100755,0.387578,0.473177,-0.095542,0.3023,0.365663,-0.041265,0.346528,0.370272,-0.092565,0.35323,0.458866,-0.085352,0.350182,0.514113,-0.065362,0.259313,0.39386,-0.04898,0.299325,0.397093,-0.082295,0.315559,0.456409,-0.075995,0.318402,0.493974,-0.061241
708,23600,True,0.9974,0.9974,0.308863,0.62231,0.0,0.368911,0.597041,-0.03388,0.423457,0.531404,-0.054088,0.442772,0.461479,-0.073646,0.426042,0.403477,-0.092118,0.394452,0.372866,-0.035589,0.425595,0.286482,-0.067804,0.439225,0.227248,-0.086106,0.45033,0.170679,-0.097588,0.347014,0.361767,-0.03734,0.388998,0.33191,-0.09073,0.394003,0.419598,-0.103486,0.388663,0.482443,-0.098471,0.301275,0.373361,-0.042292,0.346744,0.375322,-0.094934,0.352721,0.465678,-0.087806,0.348704,0.520857,-0.067484,0.257089,0.400197,-0.049964,0.298812,0.401233,-0.084212,0.314996,0.463264,-0.07752,0.316899,0.502401,-0.062227
709,23633,True,0.9971,0.9971,0.307193,0.626883,0.0,0.367657,0.602554,-0.033669,0.422719,0.536823,-0.053103,0.441041,0.466439,-0.071904,0.425208,0.407333,-0.089546,0.3947,0.379775,-0.033572,0.424957,0.292682,-0.065013,0.438104,0.233589,-0.082299,0.449227,0.176974,-0.092957,0.347732,0.369058,-0.03492,0.387635,0.334758,-0.088225,0.392004,0.422892,-0.100886,0.387084,0.486643,-0.095346,0.302072,0.37956,-0.039497,0.345662,0.378127,-0.092911,0.351437,0.470174,-0.086008,0.347608,0.526415,-0.065189,0.25766,0.404733,-0.046606,0.298413,0.40264,-0.081576,0.314067,0.465522,-0.074962,0.315178,0.504899,-0.059356
710,23666,True,0.9975,0.9975,0.306029,0.630409,0.0,0.366966,0.606122,-0.034248,0.422793,0.540153,-0.054033,0.442263,0.468286,-0.073161,0.425093,0.407958,-0.091009,0.39516,0.382747,-0.033498,0.425651,0.296512,-0.065127,0.437995,0.237399,-0.082123,0.448509,0.180848,-0.092503,0.34812,0.371197,-0.034576,0.388036,0.338742,-0.088935,0.390822,0.428515,-0.101598,0.385558,0.492732,-0.095593,0.302056,0.381081,-0.038992,0.345681,0.382301,-0.093564,0.350248,0.475756,-0.086714,0.346612,0.532489,-0.06539,0.257584,0.405523,-0.045954,0.29824,0.405774,-0.081604,0.313326,0.468997,-0.075305,0.314685,0.508002,-0.059645
711,23700,True,0.9974,0.9974,0.305845,0.631402,0.0,0.366515,0.607624,-0.035002,0.422827,0.542731,-0.055183,0.442225,0.471702,-0.074394,0.425715,0.410064,-0.092197,0.39596,0.38554,-0.034074,0.426238,0.298918,-0.065926,0.438705,0.240424,-0.082822,0.448913,0.184115,-0.093086,0.348844,0.373581,-0.034889,0.388536,0.341222,-0.08938,0.389816,0.432842,-0.101709,0.382969,0.494818,-0.09541,0.302648,0.382842,-0.039132,0.345251,0.384824,-0.094287,0.348553,0.47896,-0.087116,0.343924,0.532484,-0.065502,0.257799,0.406323,-0.04588,0.297309,0.406969,-0.081864,0.312157,0.471412,-0.074967,0.313386,0.508843,-0.058825
712,23733,True,0.9974,0.9974,0.305333,0.634555,0.0,0.366026,0.610546,-0.03497,0.422722,0.545857,-0.0548,0.441733,0.474375,-0.073714,0.425941,0.412579,-0.091244,0.394786,0.388537,-0.033074,0.425423,0.301999,-0.064037,0.438101,0.242767,-0.080395,0.44874,0.186041,-0.090368,0.348719,0.376615,-0.03352,0.387959,0.343105,-0.086314,0.390745,0.431701,-0.098436,0.385261,0.492844,-0.092529,0.303264,0.385446,-0.037392,0.34532,0.385599,-0.091673,0.349063,0.479282,-0.084674,0.344634,0.533727,-0.063445,0.258731,0.408375,-0.043747,0.298353,0.405931,-0.079568,0.313009,0.4699,-0.072746,0.313588,0.508371,-0.056752
713,23766,True,0.996,0.996,0.303935,0.635089,0.0,0.365612,0.614377,-0.037255,0.42327,0.55214,-0.058487,0.444267,0.486015,-0.078463,0.448859,0.425976,-0.096752,0.397585,0.389626,-0.033764,0.427384,0.302646,-0.06572,0.440282,0.243232,-0.083323,0.449837,0.186604,-0.094266,0.352307,0.378588,-0.032885,0.389145,0.348129,-0.086616,0.39295,0.439701,-0.099339,0.387129,0.499971,-0.094036,0.307189,0.386771,-0.035763,0.34508,0.38313,-0.091479,0.34989,0.479473,-0.083743,0.345338,0.53481,-0.06193,0.261492,0.408842,-0.041285,0.298034,0.402675,-0.079234,0.313556,0.469,-0.07226,0.314101,0.508154,-0.055701
714,23800,True,0.9953,0.9953,0.303939,0.634562,0.0,0.366641,0.614157,-0.03867,0.425481,0.550851,-0.060142,0.448028,0.484674,-0.079996,0.46175,0.423123,-0.098084,0.400438,0.393129,-0.033476,0.430761,0.307276,-0.066327,0.444192,0.248577,-0.084383,0.454285,0.191971,-0.095773,0.355585,0.381798,-0.032058,0.392369,0.349451,-0.086367,0.394018,0.444083,-0.098421,0.38669,0.501526,-0.092571,0.310212,0.389355,-0.034835,0.347695,0.382173,-0.092112,0.350668,0.479509,-0.083399,0.3444,0.530178,-0.060672,0.263701,0.409733,-0.040198,0.299652,0.399093,-0.079083,0.313802,0.467317,-0.071038,0.312558,0.504751,-0.053705
715,23833,True,0.995,0.995,0.303394,0.636594,0.0,0.366387,0.617623,-0.039427,0.425067,0.552315,-0.061244,0.447777,0.48331,-0.081478,0.473121,0.42335,-0.099943,0.400346,0.399151,-0.033179,0.432053,0.312091,-0.066065,0.446504,0.252175,-0.084123,0.457672,0.195509,-0.095576,0.356368,0.387844,-0.031425,0.394346,0.354656,-0.086246,0.39564,0.44765,-0.098427,0.388022,0.505902,-0.092559,0.311739,0.394664,-0.034019,0.349411,0.383805,-0.091754,0.351909,0.480557,-0.082797,0.345767,0.532926,-0.059721,0.265385,0.413995,-0.039238,0.300857,0.398199,-0.078442,0.315036,0.464721,-0.07021,0.314502,0.503687,-0.0526
716,23866,True,0.9952,0.9952,0.303543,0.638744,0.0,0.366886,0.620505,-0.040308,0.426021,0.554788,-0.062555,0.450499,0.485425,-0.083031,0.478908,0.425808,-0.101703,0.40177,0.401552,-0.033818,0.433678,0.315718,-0.066847,0.448526,0.25535,-0.085155,0.460547,0.199144,-0.096793,0.357899,0.389932,-0.031661,0.396463,0.356698,-0.086331,0.39732,0.448472,-0.098336,0.389748,0.508712,-0.092441,0.313128,0.39655,-0.034003,0.351756,0.385573,-0.09145,0.353705,0.482248,-0.082384,0.347856,0.537066,-0.059382,0.266716,0.415876,-0.039129,0.302431,0.401086,-0.078457,0.316326,0.467674,-0.070692,0.316362,0.50793,-0.053493
717,23900,True,0.9951,0.9951,0.304322,0.639618,0.0,0.367534,0.622099,-0.040045,0.42721,0.55628,-0.062423,0.453351,0.487636,-0.083032,0.482309,0.428382,-0.101936,0.402888,0.404694,-0.035178,0.433864,0.316775,-0.068818,0.448564,0.256179,-0.087463,0.460146,0.200126,-0.099319,0.359036,0.393269,-0.033377,0.397006,0.358969,-0.088769,0.39767,0.45234,-0.100509,0.389947,0.512834,-0.094474,0.314013,0.40012,-0.036046,0.352345,0.386412,-0.09375,0.354371,0.48368,-0.08393,0.348491,0.538529,-0.060545,0.267302,0.41962,-0.041503,0.30183,0.402434,-0.081172,0.316374,0.468808,-0.073119,0.317147,0.509242,-0.055777
718,23933,True,0.9952,0.9952,0.30388,0.638406,0.0,0.366654,0.621873,-0.040167,0.427362,0.556031,-0.062524,0.453472,0.48789,-0.082988,0.48228,0.429188,-0.101656,0.402334,0.402953,-0.035989,0.433395,0.316249,-0.069811,0.448198,0.256535,-0.0882,0.460177,0.201462,-0.099729,0.357981,0.391157,-0.034149,0.397219,0.361136,-0.090499,0.397999,0.455691,-0.102403,0.39069,0.516241,-0.096117,0.313012,0.398473,-0.036749,0.352021,0.390574,-0.095531,0.354469,0.488175,-0.086331,0.349446,0.542447,-0.062869,0.266976,0.418709,-0.042057,0.301816,0.403311,-0.082208,0.316736,0.469524,-0.074466,0.318216,0.50961,-0.057091
719,23966,True,0.9949,0.9949,0.304467,0.639471,0.0,0.367256,0.622724,-0.040009,0.427095,0.556403,-0.062064,0.453056,0.487809,-0.082311,0.482055,0.429448,-0.10076,0.402543,0.403607,-0.035144,0.43351,0.318241,-0.068603,0.44863,0.259205,-0.086912,0.461244,0.204795,-0.098362,0.358231,0.391332,-0.033159,0.396763,0.362326,-0.089002,0.398612,0.455617,-0.100933,0.392427,0.517387,-0.094694,0.31332,0.398204,-0.035661,0.35234,0.392076,-0.093517,0.355469,0.488127,-0.084784,0.350947,0.543415,-0.061836,0.267354,0.418153,-0.040967,0.302733,0.405324,-0.080477,0.317529,0.47064,-0.073368,0.319026,0.510911,-0.056571
720,24000,True,0.9956,0.9956,0.304017,0.641511,0.0,0.366368,0.624531,-0.040234,0.426183,0.557778,-0.062496,0.452907,0.488913,-0.082966,0.481169,0.429029,-0.10172,0.402495,0.405594,-0.035037,0.43398,0.31964,-0.068231,0.44858,0.261002,-0.08626,0.461147,0.206716,-0.097486,0.358494,0.394749,-0.033223,0.397996,0.360318,-0.089483,0.399792,0.454016,-0.101811,0.394322,0.518327,-0.095591,0.313542,0.401741,-0.035865,0.352523,0.388521,-0.094285,0.356226,0.485946,-0.085645,0.352747,0.545035,-0.062467,0.267156,0.421573,-0.041267,0.302233,0.402293,-0.081859,0.318039,0.469322,-0.074871,0.320785,0.513907,-0.057868
721,24033,True,0.9959,0.9959,0.303136,0.643027,0.0,0.3655,0.624997,-0.038506,0.425918,0.557732,-0.059798,0.453687,0.488941,-0.079659,0.482371,0.428762,-0.098012,0.400769,0.408011,-0.033184,0.433134,0.320762,-0.065195,0.449006,0.262764,-0.082467,0.462082,0.208753,-0.093335,0.357818,0.397876,-0.032066,0.397636,0.359933,-0.086807,0.40027,0.453121,-0.098893,0.394051,0.516443,-0.093021,0.31341,0.405244,-0.035209,0.35195,0.386254,-0.092334,0.356548,0.483476,-0.083387,0.352511,0.542138,-0.060466,0.266876,0.425017,-0.040945,0.300458,0.400546,-0.080671,0.317875,0.466477,-0.07326,0.321076,0.511316,-0.056309
722,24066,True,0.9962,0.9962,0.304629,0.643928,0.0,0.366309,0.62458,-0.038447,0.426228,0.557503,-0.060758,0.457543,0.490223,-0.081732,0.490929,0.432109,-0.10132,0.400112,0.408675,-0.032685,0.432433,0.32157,-0.064288,0.449568,0.263934,-0.081404,0.46163,0.21005,-0.092543,0.35782,0.399376,-0.031829,0.397766,0.359332,-0.083292,0.400343,0.453952,-0.093586,0.391407,0.509659,-0.087759,0.313905,0.407955,-0.035369,0.351589,0.382357,-0.090578,0.356938,0.478941,-0.080126,0.350531,0.530651,-0.057388,0.267287,0.428782,-0.04148,0.298065,0.398234,-0.080447,0.317529,0.463466,-0.071739,0.320421,0.505763,-0.054507
723,24100,True,0.9951,0.9951,0.303332,0.645282,0.0,0.365892,0.625287,-0.036397,0.428045,0.556859,-0.056761,0.463053,0.489276,-0.076713,0.501957,0.435073,-0.09572,0.400686,0.412236,-0.027725,0.432814,0.322456,-0.057215,0.449801,0.264045,-0.073617,0.462957,0.209792,-0.084383,0.359866,0.40412,-0.027624,0.395175,0.354577,-0.078234,0.402272,0.441813,-0.090502,0.398554,0.503354,-0.08605,0.316968,0.412112,-0.031806,0.349405,0.374807,-0.084084,0.359802,0.466176,-0.076158,0.358795,0.525105,-0.055594,0.270728,0.431351,-0.038616,0.298202,0.392659,-0.074381,0.317608,0.451299,-0.06718,0.321987,0.496818,-0.051761
724,24133,True,0.9956,0.9956,0.302224,0.646621,0.0,0.365554,0.626044,-0.035656,0.429131,0.559908,-0.056024,0.46656,0.494188,-0.076295,0.506056,0.440857,-0.096014,0.401056,0.414923,-0.028036,0.432691,0.324436,-0.057572,0.449989,0.265677,-0.074025,0.463751,0.211027,-0.084883,0.359591,0.406888,-0.029074,0.391918,0.350999,-0.08142,0.403335,0.43596,-0.095937,0.40331,0.500885,-0.092545,0.316166,0.415147,-0.034149,0.34625,0.377083,-0.088471,0.361827,0.469154,-0.083766,0.365126,0.531549,-0.064664,0.26953,0.434501,-0.041588,0.296911,0.394363,-0.078948,0.3188,0.453412,-0.073869,0.325922,0.501326,-0.059739
725,24166,True,0.9953,0.9953,0.302587,0.648012,0.0,0.365595,0.627206,-0.035567,0.428251,0.561328,-0.056695,0.467895,0.497162,-0.077877,0.509279,0.446838,-0.098503,0.401659,0.418156,-0.028585,0.432313,0.326941,-0.058713,0.449378,0.268385,-0.075284,0.46367,0.214145,-0.086277,0.35979,0.410126,-0.03002,0.392052,0.354487,-0.084063,0.404127,0.440492,-0.098836,0.405575,0.507086,-0.095209,0.316246,0.41785,-0.035559,0.346687,0.380646,-0.090983,0.363655,0.472241,-0.086632,0.368791,0.535495,-0.067477,0.269947,0.436461,-0.043444,0.29844,0.398303,-0.081343,0.319942,0.458152,-0.076673,0.326953,0.506331,-0.062788
726,24200,True,0.9943,0.9943,0.301542,0.65345,0.0,0.363834,0.630629,-0.032294,0.426772,0.562252,-0.051581,0.471222,0.500949,-0.071488,0.517012,0.457178,-0.091236,0.401139,0.4249,-0.02562,0.431303,0.33358,-0.054746,0.449275,0.274868,-0.070829,0.46351,0.220441,-0.081653,0.36079,0.417183,-0.028543,0.391756,0.356587,-0.080079,0.404675,0.440165,-0.094032,0.40615,0.50389,-0.090565,0.317601,0.424886,-0.035357,0.346127,0.381718,-0.088632,0.364122,0.471483,-0.083754,0.369442,0.53252,-0.065025,0.27084,0.442924,-0.044322,0.296205,0.399249,-0.080318,0.318343,0.455689,-0.074803,0.326081,0.501507,-0.061034
727,24233,True,0.9935,0.9935,0.299442,0.660432,0.0,0.362956,0.636955,-0.031371,0.425257,0.571318,-0.050121,0.471133,0.513191,-0.069493,0.518352,0.472845,-0.089029,0.402454,0.4327,-0.024921,0.432584,0.341486,-0.052335,0.451196,0.282443,-0.068265,0.466548,0.229319,-0.079228,0.362135,0.424108,-0.028276,0.391617,0.3545,-0.076305,0.407908,0.428665,-0.091791,0.412447,0.490756,-0.090484,0.318267,0.432601,-0.03515,0.346097,0.384059,-0.084613,0.366714,0.465438,-0.082727,0.373688,0.524435,-0.067447,0.270015,0.451882,-0.044127,0.288462,0.398432,-0.077444,0.312468,0.446468,-0.073388,0.324173,0.491068,-0.061704
728,24266,True,0.9954,0.9954,0.297659,0.670777,0.0,0.360743,0.646242,-0.02994,0.422466,0.584673,-0.049019,0.46974,0.532387,-0.069398,0.51638,0.492924,-0.090216,0.402035,0.444948,-0.024587,0.433056,0.350346,-0.05248,0.453541,0.291908,-0.069845,0.469945,0.23797,-0.081882,0.362652,0.436243,-0.030376,0.391083,0.353405,-0.080332,0.412349,0.425082,-0.100136,0.419968,0.490212,-0.101592,0.31956,0.445759,-0.039357,0.345146,0.382417,-0.087945,0.371834,0.458912,-0.090421,0.383666,0.52174,-0.078554,0.271814,0.465762,-0.050548,0.28265,0.398688,-0.083112,0.310376,0.434505,-0.082609,0.328539,0.476142,-0.074099
729,24300,True,0.9947,0.9947,0.292975,0.682352,0.0,0.35751,0.658074,-0.02925,0.418005,0.598151,-0.048888,0.466516,0.545655,-0.069672,0.515274,0.509841,-0.091161,0.399766,0.458975,-0.027104,0.431512,0.363442,-0.054983,0.453784,0.304056,-0.072598,0.471754,0.249528,-0.085114,0.361599,0.449615,-0.034054,0.386005,0.354729,-0.085203,0.409271,0.41861,-0.107414,0.41942,0.484722,-0.110381,0.319679,0.459826,-0.043828,0.340714,0.386093,-0.090937,0.372682,0.448375,-0.09781,0.390397,0.507904,-0.089788,0.273007,0.480509,-0.055767,0.275158,0.406068,-0.086615,0.304558,0.426327,-0.089989,0.328556,0.459287,-0.08541
730,24333,True,0.9942,0.9942,0.291369,0.686045,0.0,0.356552,0.667187,-0.027971,0.417552,0.608924,-0.047175,0.466407,0.56065,-0.066683,0.516266,0.529448,-0.086904,0.403007,0.463521,-0.026258,0.432939,0.369507,-0.050421,0.451788,0.309275,-0.068092,0.463824,0.256912,-0.081977,0.36229,0.452397,-0.032968,0.379283,0.345523,-0.0752,0.401977,0.3953,-0.096369,0.411514,0.458487,-0.102169,0.318572,0.464305,-0.042056,0.331853,0.37034,-0.080186,0.362555,0.41237,-0.087057,0.379337,0.464647,-0.083379,0.270868,0.488808,-0.05345,0.270162,0.412464,-0.081141,0.297845,0.426254,-0.085636,0.320489,0.455592,-0.083878
731,24366,True,0.9834,0.9834,0.2785,0.696016,0.0,0.350456,0.682721,-0.034584,0.41307,0.632588,-0.055216,0.466183,0.591213,-0.074911,0.514746,0.562809,-0.095649,0.39461,0.471263,-0.030863,0.427207,0.382728,-0.054453,0.450289,0.324553,-0.074897,0.464852,0.285669,-0.089298,0.352638,0.453218,-0.032509,0.36316,0.342547,-0.062055,0.386352,0.340712,-0.082638,0.398553,0.3819,-0.092086,0.310166,0.463047,-0.037566,0.316178,0.357251,-0.064687,0.341953,0.353856,-0.077879,0.359609,0.390904,-0.082423,0.266687,0.493257,-0.045804,0.255892,0.413794,-0.071498,0.278608,0.404469,-0.081987,0.301705,0.429889,-0.08494
732,24400,True,0.9754,0.9754,0.266244,0.711165,1e-06,0.340632,0.69934,-0.036862,0.401265,0.652204,-0.056731,0.454114,0.610696,-0.075164,0.504026,0.587731,-0.094254,0.391452,0.487174,-0.032078,0.43736,0.405436,-0.059571,0.461486,0.349411,-0.082242,0.484002,0.310536,-0.098614,0.349053,0.463592,-0.032783,0.37242,0.369362,-0.058882,0.395283,0.327794,-0.079998,0.421603,0.317378,-0.094851,0.30537,0.470962,-0.038301,0.318304,0.380661,-0.067683,0.339223,0.348882,-0.08753,0.367322,0.348532,-0.099964,0.260532,0.499916,-0.047116,0.248777,0.433112,-0.0781,0.261616,0.405151,-0.095077,0.286264,0.402247,-0.104554
733,24433,True,0.9782,0.9782,0.259024,0.717916,1e-06,0.333675,0.703998,-0.035723,0.395081,0.658584,-0.056322,0.447047,0.619551,-0.075373,0.497251,0.594879,-0.094766,0.38654,0.495769,-0.032192,0.434347,0.415082,-0.060102,0.458439,0.359481,-0.082702,0.481499,0.318395,-0.09932,0.344259,0.471682,-0.034746,0.370888,0.378636,-0.061165,0.398377,0.334665,-0.081917,0.42954,0.31482,-0.096461,0.299138,0.478573,-0.042068,0.318954,0.385572,-0.071386,0.344774,0.350431,-0.090133,0.378376,0.337527,-0.102296,0.252926,0.508653,-0.052547,0.244257,0.447866,-0.08323,0.256593,0.416899,-0.099174,0.280475,0.401813,-0.108281
734,24466,True,0.9764,0.9764,0.259133,0.727074,1e-06,0.333164,0.709704,-0.036982,0.392314,0.661681,-0.057588,0.442061,0.619852,-0.076177,0.49161,0.591213,-0.094842,0.378727,0.500422,-0.032586,0.423149,0.420941,-0.06078,0.446483,0.365389,-0.083286,0.469121,0.323861,-0.100031,0.336177,0.47859,-0.035242,0.359256,0.384268,-0.062021,0.386368,0.334701,-0.082881,0.417503,0.307683,-0.097517,0.291057,0.488978,-0.04301,0.308889,0.397159,-0.073747,0.336025,0.35587,-0.093805,0.371222,0.332424,-0.106803,0.245285,0.523278,-0.053903,0.236033,0.469139,-0.086768,0.247313,0.434966,-0.104264,0.269481,0.41153,-0.11438
735,24500,True,0.9815,0.9815,0.251021,0.732092,1e-06,0.325865,0.714867,-0.034334,0.388189,0.664865,-0.05347,0.438409,0.622378,-0.071001,0.48614,0.593656,-0.088956,0.371381,0.506936,-0.030744,0.414517,0.429008,-0.058782,0.438636,0.376098,-0.081559,0.462293,0.336355,-0.098461,0.328928,0.485941,-0.034419,0.351352,0.393626,-0.061019,0.378868,0.343157,-0.082268,0.410335,0.312347,-0.097133,0.284326,0.49683,-0.042942,0.299692,0.404622,-0.073378,0.326537,0.360926,-0.094133,0.361406,0.332737,-0.107675,0.239763,0.531897,-0.0543,0.230706,0.480097,-0.086912,0.240628,0.445309,-0.10467,0.260838,0.418773,-0.115089
736,24533,True,0.9811,0.9811,0.246516,0.734895,1e-06,0.320372,0.719796,-0.033287,0.381852,0.66811,-0.051135,0.432151,0.623671,-0.067651,0.481743,0.597295,-0.084433,0.369642,0.510485,-0.026614,0.412426,0.431691,-0.052403,0.435534,0.377021,-0.073743,0.45763,0.337635,-0.089695,0.328287,0.489249,-0.029327,0.352813,0.400981,-0.053766,0.380563,0.356208,-0.073773,0.412063,0.33337,-0.08803,0.284081,0.497831,-0.036863,0.301672,0.40715,-0.065546,0.32643,0.369044,-0.085175,0.359335,0.350308,-0.09809,0.238786,0.529158,-0.04724,0.230054,0.475641,-0.078579,0.240655,0.445033,-0.095985,0.261751,0.426748,-0.106196
737,24566,True,0.9832,0.9832,0.246638,0.736369,1e-06,0.319008,0.719723,-0.032851,0.379637,0.667395,-0.050907,0.428382,0.622522,-0.067855,0.477471,0.594957,-0.085105,0.367335,0.509655,-0.026096,0.406121,0.429081,-0.052398,0.428461,0.375956,-0.074337,0.451333,0.338186,-0.090404,0.327226,0.489877,-0.028911,0.352825,0.401234,-0.053374,0.380718,0.360286,-0.073436,0.413298,0.341483,-0.087693,0.283918,0.498467,-0.03659,0.301662,0.408175,-0.064585,0.324643,0.373773,-0.083084,0.356527,0.360956,-0.095113,0.238205,0.528455,-0.047247,0.230919,0.469071,-0.07687,0.241996,0.439361,-0.09286,0.263779,0.424488,-0.102249
738,24600,True,0.9832,0.9832,0.244297,0.733189,1e-06,0.316965,0.714974,-0.030425,0.378431,0.660683,-0.046654,0.425611,0.613938,-0.062051,0.473384,0.587335,-0.077699,0.364798,0.508038,-0.023817,0.407341,0.430303,-0.04962,0.430804,0.377189,-0.07096,0.453089,0.338693,-0.086432,0.323643,0.487101,-0.027851,0.350488,0.397384,-0.051898,0.378869,0.351251,-0.071352,0.410845,0.32583,-0.084786,0.280335,0.495143,-0.036534,0.299354,0.404899,-0.063904,0.325344,0.366005,-0.081654,0.359499,0.34594,-0.09294,0.235221,0.525026,-0.047998,0.228997,0.467765,-0.076801,0.239876,0.435485,-0.091435,0.26105,0.415774,-0.099579
739,24633,True,0.9821,0.9821,0.243537,0.732016,1e-06,0.31369,0.713641,-0.030122,0.374095,0.658416,-0.046125,0.421256,0.611572,-0.061479,0.468896,0.585166,-0.076926,0.360534,0.502519,-0.021314,0.400221,0.423846,-0.046712,0.42362,0.37236,-0.06798,0.446933,0.336552,-0.08318,0.319619,0.482456,-0.025155,0.343503,0.391865,-0.048699,0.370152,0.343087,-0.068351,0.401354,0.316519,-0.081833,0.27691,0.490874,-0.033839,0.293144,0.400704,-0.060549,0.31735,0.359247,-0.078872,0.350628,0.336919,-0.090556,0.232585,0.521575,-0.045313,0.22607,0.46393,-0.073215,0.23584,0.430378,-0.087942,0.256139,0.408194,-0.096261
740,24666,True,0.9795,0.9795,0.241486,0.730898,1e-06,0.312265,0.712404,-0.030178,0.370868,0.657189,-0.046175,0.417453,0.608547,-0.061582,0.465529,0.580376,-0.077087,0.357576,0.502008,-0.020674,0.397355,0.425249,-0.046885,0.421068,0.37798,-0.068746,0.44554,0.346248,-0.084012,0.317399,0.48228,-0.024514,0.344466,0.39155,-0.0485,0.371492,0.342031,-0.068642,0.403704,0.313459,-0.082227,0.274847,0.490719,-0.033344,0.292988,0.400285,-0.060693,0.316936,0.360133,-0.079452,0.350927,0.338533,-0.09105,0.229766,0.520301,-0.044934,0.223488,0.462231,-0.073372,0.233375,0.429594,-0.088359,0.25474,0.408476,-0.09661
741,24700,True,0.978,0.978,0.239707,0.730919,1e-06,0.31048,0.710915,-0.030931,0.369545,0.653965,-0.046698,0.415696,0.603997,-0.061529,0.463162,0.572965,-0.076377,0.355631,0.498455,-0.020279,0.390899,0.418771,-0.045589,0.411595,0.369597,-0.066942,0.432909,0.334,-0.082163,0.315891,0.479844,-0.023587,0.343128,0.390435,-0.046393,0.368707,0.340326,-0.066111,0.398305,0.30795,-0.079714,0.273202,0.488589,-0.031987,0.291909,0.399401,-0.057884,0.315501,0.357659,-0.075947,0.348224,0.330183,-0.0876,0.227243,0.517794,-0.043297,0.222323,0.460645,-0.070202,0.231445,0.426993,-0.084308,0.251063,0.400924,-0.092389
742,24733,True,0.9772,0.9772,0.236425,0.729725,1e-06,0.307039,0.709578,-0.03237,0.365898,0.653553,-0.049082,0.412697,0.603334,-0.064259,0.460903,0.572773,-0.079212,0.355359,0.501247,-0.024749,0.393328,0.419296,-0.050286,0.413513,0.366231,-0.071166,0.432584,0.324582,-0.086326,0.315306,0.48021,-0.027918,0.345405,0.387122,-0.051041,0.370853,0.332885,-0.070367,0.398651,0.294088,-0.083715,0.271613,0.487657,-0.035942,0.293091,0.396555,-0.062036,0.31698,0.351972,-0.080278,0.348678,0.319604,-0.092171,0.224625,0.516176,-0.04687,0.220114,0.459714,-0.07396,0.226991,0.424278,-0.087988,0.24333,0.394219,-0.096097
743,24766,True,0.9778,0.9778,0.235124,0.729666,1e-06,0.305559,0.708619,-0.032337,0.363742,0.652713,-0.049018,0.410634,0.602463,-0.064248,0.459112,0.572629,-0.079316,0.355157,0.501873,-0.024882,0.395261,0.422274,-0.050585,0.416274,0.369928,-0.071913,0.435322,0.327602,-0.087622,0.31552,0.479893,-0.028431,0.347389,0.38622,-0.051746,0.372464,0.331103,-0.071459,0.399119,0.29006,-0.085284,0.271836,0.486709,-0.036839,0.29386,0.395044,-0.063364,0.318157,0.35033,-0.081913,0.349637,0.317039,-0.094098,0.224214,0.51471,-0.048176,0.220112,0.457653,-0.075713,0.226554,0.421925,-0.089913,0.241868,0.391801,-0.098242
744,24800,True,0.978,0.978,0.231606,0.728649,1e-06,0.303541,0.708246,-0.031788,0.36297,0.651167,-0.047849,0.409835,0.600434,-0.062518,0.458376,0.571557,-0.077027,0.355985,0.502079,-0.024618,0.397806,0.422786,-0.05001,0.418798,0.369371,-0.071211,0.436991,0.324918,-0.08706,0.315805,0.479739,-0.028679,0.348624,0.38534,-0.051847,0.373893,0.32847,-0.071736,0.39983,0.283872,-0.085757,0.271404,0.48652,-0.037435,0.294619,0.396199,-0.063801,0.320152,0.350379,-0.082301,0.351457,0.313861,-0.094553,0.222872,0.514398,-0.049092,0.220097,0.457766,-0.076438,0.226151,0.421792,-0.090142,0.23961,0.389964,-0.098164
745,24833,True,0.9779,0.9779,0.229517,0.727055,1e-06,0.301304,0.706158,-0.032832,0.361793,0.651721,-0.049827,0.408458,0.601058,-0.065247,0.456787,0.569657,-0.080476,0.354645,0.502297,-0.026164,0.396648,0.423613,-0.051832,0.417832,0.370786,-0.072956,0.436337,0.325279,-0.088736,0.315256,0.479285,-0.030105,0.349246,0.383959,-0.053181,0.374716,0.324741,-0.073033,0.400196,0.275524,-0.087243,0.271071,0.485496,-0.038826,0.293821,0.396868,-0.065249,0.318439,0.350771,-0.083266,0.348404,0.311797,-0.095199,0.222594,0.512402,-0.050545,0.219996,0.454011,-0.077725,0.225301,0.418003,-0.090641,0.237389,0.384639,-0.098143
746,24866,True,0.9787,0.9787,0.228942,0.726075,1e-06,0.299945,0.703649,-0.032862,0.360915,0.648795,-0.050248,0.407997,0.599068,-0.066061,0.45666,0.567775,-0.081661,0.352555,0.500353,-0.026653,0.393371,0.419166,-0.052424,0.4152,0.366833,-0.073508,0.434676,0.321584,-0.089202,0.313952,0.478182,-0.030708,0.347586,0.382032,-0.053855,0.373797,0.322633,-0.073843,0.399709,0.272676,-0.08809,0.270213,0.484355,-0.039565,0.293496,0.396078,-0.066031,0.318842,0.348619,-0.08458,0.348963,0.307534,-0.096935,0.2224,0.511135,-0.05139,0.219834,0.453009,-0.078666,0.223459,0.415776,-0.09187,0.232711,0.380015,-0.099667
747,24900,True,0.9807,0.9807,0.228379,0.724472,1e-06,0.297862,0.701117,-0.032867,0.358715,0.647191,-0.050942,0.406406,0.597496,-0.067152,0.454473,0.563888,-0.083131,0.350275,0.500291,-0.028659,0.39071,0.416859,-0.054391,0.413164,0.364893,-0.075269,0.432732,0.319733,-0.090449,0.312563,0.477695,-0.032644,0.347584,0.378793,-0.054557,0.374322,0.317194,-0.073536,0.399309,0.264141,-0.087168,0.268936,0.482733,-0.041328,0.294359,0.392035,-0.065968,0.31955,0.339514,-0.083917,0.347769,0.292803,-0.096201,0.22103,0.508801,-0.052928,0.218368,0.44738,-0.078262,0.219242,0.406423,-0.090038,0.223074,0.365888,-0.097001
748,24933,True,0.9799,0.9799,0.224616,0.7217,1e-06,0.294017,0.69964,-0.032611,0.356035,0.646535,-0.050577,0.404572,0.596106,-0.066662,0.45336,0.562839,-0.082512,0.346283,0.498415,-0.02887,0.387409,0.41532,-0.053934,0.410055,0.363435,-0.074472,0.429464,0.317312,-0.089588,0.309906,0.474278,-0.032728,0.345267,0.374463,-0.0537,0.37069,0.309256,-0.072321,0.393646,0.251107,-0.086121,0.26722,0.477549,-0.041188,0.294091,0.385244,-0.064995,0.317339,0.328094,-0.083643,0.342064,0.276078,-0.096778,0.220067,0.502371,-0.052491,0.214916,0.439847,-0.077695,0.21206,0.396633,-0.090128,0.210874,0.353605,-0.097678
749,24966,True,0.9759,0.9759,0.222842,0.717994,1e-06,0.292222,0.698677,-0.032668,0.35534,0.646725,-0.049846,0.404411,0.596539,-0.065044,0.453569,0.566777,-0.080022,0.343688,0.497773,-0.029559,0.387393,0.416264,-0.053826,0.410587,0.361873,-0.073642,0.42947,0.314801,-0.088428,0.306957,0.470658,-0.033331,0.342342,0.367514,-0.05451,0.36773,0.297452,-0.073038,0.38937,0.237235,-0.086588,0.264602,0.471251,-0.041609,0.291875,0.372487,-0.066357,0.314557,0.30843,-0.087595,0.336837,0.252067,-0.102354,0.218681,0.494392,-0.052563,0.207145,0.429262,-0.080172,0.198592,0.38207,-0.095746,0.191654,0.33673,-0.105212
750,25000,True,0.9753,0.9753,0.222371,0.718539,1e-06,0.291383,0.701292,-0.034361,0.354397,0.648514,-0.051652,0.403146,0.596801,-0.066702,0.453414,0.570116,-0.081273,0.342373,0.494675,-0.029573,0.386017,0.412183,-0.053312,0.409476,0.357844,-0.072833,0.427947,0.310963,-0.087533,0.304489,0.466384,-0.032782,0.338509,0.36078,-0.054242,0.362337,0.289855,-0.072511,0.381216,0.228884,-0.085489,0.261627,0.465933,-0.040752,0.286132,0.362541,-0.066579,0.306308,0.295342,-0.088507,0.325283,0.235918,-0.103228,0.21553,0.489024,-0.051523,0.200333,0.41975,-0.080547,0.188,0.370964,-0.096988,0.177009,0.323944,-0.106703
751,25033,True,0.9719,0.9719,0.21932,0.717514,0.0,0.289161,0.70033,-0.033031,0.353729,0.648888,-0.049814,0.405582,0.599042,-0.064493,0.455193,0.575085,-0.078788,0.339672,0.492974,-0.028851,0.38199,0.410607,-0.051483,0.405079,0.356568,-0.07059,0.42386,0.308925,-0.085341,0.301948,0.463855,-0.032165,0.33454,0.358945,-0.05223,0.356069,0.289533,-0.069587,0.372871,0.22865,-0.082486,0.259656,0.461826,-0.040044,0.281716,0.358274,-0.064037,0.298894,0.289476,-0.084881,0.31459,0.228941,-0.099396,0.213574,0.483589,-0.050763,0.194341,0.410946,-0.077842,0.179595,0.360543,-0.09337,0.166833,0.312207,-0.102891
752,25066,True,0.9689,0.9689,0.217494,0.718055,0.0,0.288202,0.701948,-0.033289,0.352845,0.649599,-0.049487,0.404607,0.600743,-0.063647,0.454181,0.578999,-0.077366,0.340405,0.49286,-0.02687,0.381211,0.413136,-0.048539,0.403417,0.360117,-0.067485,0.42089,0.312655,-0.082513,0.301938,0.462735,-0.030009,0.332657,0.359635,-0.049422,0.352123,0.291718,-0.066583,0.366774,0.231735,-0.079539,0.258659,0.46039,-0.037971,0.278375,0.358328,-0.061805,0.293157,0.289355,-0.082902,0.306546,0.227969,-0.097674,0.211354,0.481873,-0.048901,0.190408,0.40874,-0.076104,0.174211,0.357361,-0.092234,0.160637,0.307162,-0.102339
753,25100,True,0.9717,0.9717,0.217081,0.717665,0.0,0.28702,0.70234,-0.033232,0.351393,0.650232,-0.049415,0.403789,0.602013,-0.063672,0.453856,0.580059,-0.077536,0.341918,0.495884,-0.02661,0.381471,0.415846,-0.048217,0.401953,0.362345,-0.067064,0.417525,0.314486,-0.082062,0.302978,0.46489,-0.029657,0.332893,0.361527,-0.049084,0.35129,0.29413,-0.066392,0.364744,0.234491,-0.079466,0.259025,0.461485,-0.037502,0.278307,0.359019,-0.061247,0.292255,0.290247,-0.082421,0.304625,0.229135,-0.097298,0.210884,0.481653,-0.048298,0.189936,0.407856,-0.075307,0.173633,0.356442,-0.091412,0.159953,0.30649,-0.101542
754,25133,True,0.9746,0.9746,0.217629,0.717809,0.0,0.288156,0.703461,-0.033606,0.354225,0.651999,-0.049305,0.40633,0.604147,-0.062975,0.455572,0.582806,-0.076226,0.341437,0.495925,-0.026259,0.381173,0.417027,-0.047194,0.402446,0.364097,-0.065555,0.418524,0.317331,-0.080205,0.302255,0.465347,-0.029062,0.330293,0.360182,-0.048183,0.34796,0.291514,-0.065364,0.360421,0.232128,-0.078217,0.258571,0.462643,-0.036696,0.276715,0.357598,-0.060867,0.29003,0.288904,-0.082359,0.301439,0.228704,-0.097145,0.210923,0.483164,-0.047235,0.189263,0.408301,-0.075013,0.172568,0.356579,-0.091619,0.158578,0.306803,-0.101851
755,25166,True,0.9705,0.9705,0.217616,0.718362,0.0,0.288445,0.703241,-0.032439,0.354668,0.650974,-0.04726,0.407503,0.604255,-0.06032,0.456487,0.585273,-0.073007,0.340697,0.495069,-0.023824,0.380945,0.416134,-0.043258,0.402687,0.363573,-0.060867,0.418984,0.317241,-0.075234,0.301561,0.465629,-0.026899,0.329189,0.360751,-0.044797,0.346105,0.292225,-0.061669,0.35758,0.232946,-0.074611,0.258115,0.463404,-0.034771,0.277074,0.358638,-0.057904,0.290067,0.289888,-0.079407,0.300617,0.229578,-0.094438,0.210502,0.483503,-0.045491,0.189804,0.408622,-0.072516,0.173476,0.356588,-0.089146,0.159615,0.306307,-0.099612
756,25200,True,0.9723,0.9723,0.216198,0.718514,0.0,0.285024,0.70513,-0.034562,0.351405,0.653217,-0.050658,0.405955,0.607168,-0.064736,0.454786,0.585719,-0.078354,0.341321,0.496139,-0.025949,0.379998,0.416351,-0.046482,0.401685,0.364205,-0.0649,0.418636,0.318309,-0.079776,0.30247,0.466629,-0.028541,0.329235,0.36218,-0.047385,0.34563,0.293563,-0.064871,0.357614,0.233895,-0.078253,0.258625,0.464374,-0.036184,0.278254,0.359504,-0.060029,0.291043,0.290674,-0.081726,0.302393,0.229676,-0.096888,0.210185,0.48427,-0.046909,0.190428,0.408784,-0.074494,0.174818,0.356589,-0.091439,0.162044,0.305655,-0.102148
757,25233,True,0.974,0.974,0.216421,0.71818,0.0,0.286412,0.703257,-0.032824,0.352961,0.65151,-0.047962,0.405054,0.604883,-0.061249,0.452234,0.581077,-0.074181,0.339874,0.495236,-0.025131,0.379022,0.414884,-0.044815,0.400149,0.362953,-0.06256,0.416232,0.317009,-0.076946,0.301219,0.467157,-0.028239,0.32907,0.363587,-0.04658,0.345883,0.294584,-0.064178,0.357517,0.234834,-0.077763,0.257742,0.465474,-0.036108,0.27794,0.361528,-0.059562,0.290977,0.292938,-0.081673,0.301942,0.232125,-0.097265,0.209595,0.485345,-0.046789,0.190122,0.410344,-0.074305,0.174257,0.358305,-0.091506,0.161042,0.3076,-0.102459
758,25266,True,0.9749,0.9749,0.216299,0.717452,0.0,0.285492,0.703172,-0.03374,0.351896,0.651484,-0.04929,0.404839,0.604621,-0.062761,0.452679,0.581207,-0.075837,0.339575,0.495198,-0.026241,0.378684,0.414959,-0.04627,0.40001,0.362992,-0.064225,0.416438,0.317093,-0.078748,0.300843,0.467017,-0.028933,0.328074,0.363175,-0.047521,0.344757,0.294477,-0.065112,0.356578,0.234863,-0.0787,0.257239,0.465562,-0.036457,0.276934,0.36168,-0.060151,0.290031,0.29313,-0.082231,0.301254,0.232268,-0.097749,0.208882,0.485703,-0.046873,0.189162,0.410042,-0.074562,0.173368,0.357821,-0.091837,0.16017,0.306766,-0.102831
759,25300,True,0.977,0.977,0.216353,0.716011,0.0,0.284812,0.702532,-0.034481,0.350971,0.650922,-0.050351,0.404079,0.604821,-0.063953,0.451785,0.582278,-0.077185,0.339797,0.494508,-0.027633,0.378775,0.413898,-0.048249,0.400375,0.361975,-0.066539,0.417396,0.316195,-0.081261,0.300843,0.466213,-0.030109,0.328136,0.362836,-0.049265,0.345085,0.294644,-0.067208,0.357429,0.235603,-0.081021,0.257059,0.464649,-0.037455,0.276917,0.361542,-0.061675,0.290562,0.293093,-0.084202,0.302448,0.232448,-0.099971,0.208732,0.484877,-0.047733,0.189016,0.409558,-0.075923,0.173187,0.357344,-0.093568,0.160091,0.306153,-0.104804
760,25333,True,0.9775,0.9775,0.216025,0.715663,0.0,0.284371,0.701884,-0.034429,0.350148,0.651104,-0.050407,0.403158,0.605061,-0.064185,0.450981,0.581738,-0.077507,0.339128,0.493848,-0.02653,0.377772,0.41319,-0.046985,0.399349,0.361745,-0.065223,0.416662,0.316468,-0.079871,0.300348,0.46578,-0.028954,0.327919,0.363231,-0.047935,0.345014,0.29553,-0.065908,0.357781,0.236478,-0.079709,0.256523,0.464347,-0.036316,0.276595,0.361531,-0.060407,0.289973,0.292799,-0.082842,0.301936,0.23167,-0.098498,0.207947,0.484821,-0.046609,0.188509,0.409338,-0.074605,0.172912,0.35686,-0.092061,0.160029,0.305435,-0.103117
761,25366,True,0.9788,0.9788,0.215767,0.716327,0.0,0.283894,0.701479,-0.033363,0.349749,0.64985,-0.048765,0.40244,0.603537,-0.062111,0.450006,0.580622,-0.075028,0.338435,0.493773,-0.025718,0.377403,0.413656,-0.045985,0.399364,0.362592,-0.064127,0.417163,0.317494,-0.078702,0.299606,0.465579,-0.028581,0.327283,0.363152,-0.047263,0.344771,0.295539,-0.064988,0.358127,0.236591,-0.078616,0.255851,0.464074,-0.036292,0.275919,0.360887,-0.060027,0.289784,0.292375,-0.082252,0.302443,0.231617,-0.09781,0.207493,0.48479,-0.046861,0.187588,0.409352,-0.074512,0.171999,0.356943,-0.09177,0.159351,0.305663,-0.102726
762,25400,True,0.9777,0.9777,0.214934,0.71554,0.0,0.283659,0.701421,-0.034072,0.349258,0.650091,-0.049949,0.401104,0.602513,-0.063581,0.449149,0.57952,-0.076773,0.338632,0.494338,-0.026896,0.377579,0.415156,-0.047678,0.399976,0.364343,-0.066102,0.418162,0.319348,-0.080858,0.299823,0.465317,-0.02953,0.328318,0.363093,-0.048484,0.345802,0.295812,-0.066189,0.359057,0.237185,-0.079825,0.255846,0.46331,-0.03705,0.275849,0.360795,-0.060889,0.289018,0.291932,-0.083082,0.301134,0.231084,-0.098681,0.206901,0.483664,-0.047488,0.186692,0.408463,-0.075013,0.170872,0.356194,-0.092188,0.158244,0.305013,-0.103172
763,25433,True,0.9776,0.9776,0.214904,0.714936,0.0,0.283515,0.701306,-0.034568,0.349126,0.64884,-0.050373,0.400304,0.600208,-0.063908,0.448043,0.577011,-0.077008,0.338962,0.493609,-0.027059,0.377433,0.414227,-0.047917,0.39977,0.36327,-0.066453,0.417883,0.318117,-0.081366,0.299722,0.464403,-0.02956,0.327726,0.362114,-0.048702,0.34486,0.295259,-0.066593,0.357801,0.23654,-0.080356,0.255555,0.462428,-0.036996,0.275341,0.360202,-0.061029,0.288406,0.292021,-0.083223,0.300265,0.231284,-0.098845,0.206609,0.48273,-0.047424,0.186911,0.407782,-0.075121,0.171037,0.356044,-0.092306,0.158156,0.304913,-0.103334
764,25466,True,0.9766,0.9766,0.214624,0.714287,0.0,0.28372,0.70152,-0.034836,0.349347,0.6484,-0.050514,0.400204,0.598407,-0.063824,0.447893,0.574442,-0.076609,0.33866,0.492586,-0.027054,0.376648,0.412818,-0.047781,0.398856,0.361703,-0.06612,0.416863,0.316758,-0.080836,0.299358,0.463538,-0.029215,0.326975,0.361165,-0.04813,0.34401,0.294653,-0.065647,0.356939,0.236569,-0.079102,0.255258,0.461546,-0.036361,0.275036,0.359601,-0.060247,0.28844,0.29177,-0.082193,0.300584,0.23153,-0.097626,0.206476,0.481899,-0.046533,0.186668,0.407207,-0.074153,0.170712,0.355779,-0.091274,0.157661,0.305066,-0.10224
765,25500,True,0.9775,0.9775,0.214888,0.714011,0.0,0.283787,0.701302,-0.035294,0.349025,0.648637,-0.051288,0.400117,0.5987,-0.064905,0.448117,0.574449,-0.077952,0.338473,0.493009,-0.027103,0.376907,0.413692,-0.048016,0.399058,0.362323,-0.066423,0.416764,0.317231,-0.081159,0.299281,0.463577,-0.029146,0.327115,0.361297,-0.048242,0.344023,0.295005,-0.06567,0.356667,0.23716,-0.078984,0.255234,0.461338,-0.036264,0.274923,0.359474,-0.060297,0.288043,0.291579,-0.082038,0.299993,0.231217,-0.09729,0.206563,0.481571,-0.046475,0.186841,0.406875,-0.074211,0.170766,0.355464,-0.09122,0.157674,0.30473,-0.102058
766,25533,True,0.9755,0.9755,0.214962,0.71295,0.0,0.284247,0.700895,-0.036265,0.349121,0.648553,-0.052678,0.399557,0.598396,-0.066458,0.447871,0.573966,-0.079693,0.339259,0.492615,-0.028206,0.377102,0.413894,-0.049397,0.398706,0.362106,-0.068083,0.415942,0.316307,-0.083067,0.299971,0.463385,-0.029829,0.327683,0.361837,-0.049185,0.344678,0.29546,-0.066908,0.357578,0.237053,-0.080489,0.255875,0.461468,-0.036578,0.275403,0.361285,-0.060883,0.288763,0.292906,-0.083024,0.301039,0.231697,-0.098584,0.207297,0.481679,-0.046487,0.187293,0.407266,-0.074585,0.170996,0.355906,-0.091958,0.157737,0.304805,-0.103085
767,25566,True,0.9778,0.9778,0.216218,0.712988,0.0,0.284694,0.700621,-0.036083,0.349377,0.648439,-0.052634,0.400484,0.598388,-0.066636,0.448881,0.573832,-0.080191,0.339915,0.493993,-0.028759,0.37735,0.414239,-0.050199,0.399178,0.362518,-0.068948,0.416996,0.316898,-0.083906,0.300976,0.465113,-0.03064,0.328555,0.363222,-0.050226,0.345904,0.296761,-0.068143,0.359337,0.237914,-0.081858,0.257046,0.463086,-0.037598,0.276103,0.362207,-0.06214,0.289471,0.293384,-0.084457,0.301928,0.231927,-0.100092,0.208278,0.482858,-0.047673,0.188298,0.407315,-0.075921,0.171898,0.355596,-0.093313,0.15853,0.304411,-0.104435
768,25600,True,0.9774,0.9774,0.215982,0.712653,0.0,0.285132,0.701209,-0.036082,0.34951,0.649915,-0.052525,0.400661,0.599515,-0.066414,0.448518,0.575378,-0.0799,0.340125,0.495064,-0.02827,0.377382,0.414955,-0.049604,0.39896,0.363232,-0.068467,0.416462,0.317313,-0.083482,0.301726,0.466422,-0.030176,0.329609,0.363828,-0.049721,0.346832,0.296226,-0.067898,0.36007,0.235974,-0.081794,0.257871,0.464144,-0.037166,0.27811,0.363592,-0.061753,0.292016,0.294444,-0.084411,0.304612,0.232788,-0.100229,0.208902,0.483245,-0.047247,0.189465,0.40772,-0.075479,0.173307,0.356122,-0.092888,0.159812,0.305248,-0.104033
769,25633,True,0.9759,0.9759,0.216897,0.713118,0.0,0.286227,0.701235,-0.035213,0.350869,0.649482,-0.051183,0.401808,0.599183,-0.064707,0.44925,0.575167,-0.077865,0.340841,0.495945,-0.027949,0.378107,0.415792,-0.049145,0.399787,0.364119,-0.067827,0.417183,0.318288,-0.082704,0.302236,0.467388,-0.030204,0.330347,0.364735,-0.049685,0.347839,0.29743,-0.067754,0.361005,0.237825,-0.081541,0.258425,0.465031,-0.037422,0.278808,0.364438,-0.061935,0.293214,0.295517,-0.084499,0.306043,0.234159,-0.10025,0.20972,0.484019,-0.047634,0.190542,0.408539,-0.075767,0.174463,0.357067,-0.093027,0.160964,0.306513,-0.104059
770,25666,True,0.9775,0.9775,0.217611,0.714038,0.0,0.286516,0.701913,-0.034828,0.351222,0.650062,-0.050635,0.40235,0.599659,-0.064031,0.449978,0.57552,-0.077068,0.341687,0.496672,-0.027693,0.379093,0.415915,-0.048698,0.400681,0.363864,-0.067262,0.417992,0.317585,-0.082104,0.303119,0.468372,-0.030154,0.331182,0.365194,-0.0495,0.348448,0.297521,-0.067555,0.361372,0.237869,-0.081344,0.259389,0.466078,-0.037524,0.280111,0.364692,-0.061897,0.294964,0.295529,-0.084361,0.308219,0.234244,-0.100042,0.210657,0.485055,-0.047846,0.19151,0.408687,-0.075913,0.175661,0.356846,-0.093086,0.162476,0.306199,-0.10403
771,25700,True,0.9776,0.9776,0.218331,0.714875,0.0,0.287405,0.70201,-0.034093,0.352159,0.649956,-0.04971,0.403301,0.59985,-0.063075,0.450965,0.576038,-0.076103,0.342395,0.497162,-0.027323,0.380197,0.416547,-0.048242,0.401936,0.364511,-0.066676,0.419345,0.318228,-0.081412,0.303859,0.468806,-0.03008,0.332326,0.366137,-0.049376,0.349822,0.298136,-0.067311,0.362939,0.238089,-0.081026,0.2601,0.466392,-0.037669,0.281041,0.365182,-0.061825,0.295966,0.296132,-0.084086,0.309451,0.234936,-0.099681,0.21125,0.485315,-0.048159,0.192097,0.409098,-0.075985,0.176159,0.357215,-0.09302,0.162989,0.3066,-0.103888
772,25733,True,0.9775,0.9775,0.218857,0.715449,0.0,0.287811,0.702899,-0.034062,0.352473,0.650626,-0.049386,0.403623,0.600123,-0.062452,0.450987,0.575801,-0.075168,0.343088,0.497996,-0.026877,0.380633,0.416403,-0.04733,0.401787,0.36376,-0.065389,0.418613,0.317097,-0.079918,0.304656,0.469531,-0.029465,0.332723,0.366269,-0.048374,0.349806,0.297864,-0.066143,0.362517,0.237775,-0.07981,0.261063,0.466899,-0.03689,0.281969,0.365477,-0.060683,0.296836,0.296176,-0.082982,0.310083,0.235041,-0.0987,0.212338,0.485433,-0.047232,0.193058,0.409366,-0.074925,0.177198,0.357485,-0.092126,0.163997,0.306989,-0.103151
773,25766,True,0.9791,0.9791,0.219164,0.715801,0.0,0.288354,0.703537,-0.033955,0.35311,0.651574,-0.049265,0.403918,0.600981,-0.062344,0.450964,0.576511,-0.075089,0.343464,0.498442,-0.027074,0.38124,0.416743,-0.047689,0.402492,0.364365,-0.065854,0.419479,0.317975,-0.080401,0.305073,0.470096,-0.029683,0.333276,0.366787,-0.048751,0.35073,0.298458,-0.066643,0.363758,0.238521,-0.080377,0.261615,0.467606,-0.037081,0.282546,0.365869,-0.060934,0.297549,0.296804,-0.083242,0.310887,0.23604,-0.098951,0.213175,0.486425,-0.047374,0.193885,0.410316,-0.07511,0.178147,0.358362,-0.092339,0.164985,0.30803,-0.103356
774,25800,True,0.9779,0.9779,0.220268,0.716024,0.0,0.289367,0.702923,-0.034243,0.353643,0.650927,-0.049926,0.404189,0.600523,-0.063313,0.45175,0.576702,-0.076377,0.343644,0.497281,-0.027818,0.381713,0.41566,-0.04856,0.402821,0.363259,-0.066876,0.419356,0.31642,-0.081531,0.305,0.469295,-0.0304,0.333353,0.365865,-0.049355,0.35047,0.297324,-0.067128,0.362936,0.237198,-0.080806,0.261468,0.467326,-0.037753,0.282718,0.366298,-0.061414,0.297672,0.297228,-0.083521,0.3107,0.236219,-0.099131,0.213188,0.48702,-0.048032,0.194003,0.411426,-0.075554,0.178343,0.359544,-0.092479,0.165096,0.309267,-0.103287
775,25833,True,0.9777,0.9777,0.220506,0.716056,0.0,0.289589,0.702545,-0.034718,0.354299,0.65016,-0.050533,0.404698,0.599731,-0.063948,0.452188,0.576117,-0.077047,0.344248,0.49718,-0.027793,0.382164,0.415915,-0.048775,0.403313,0.363667,-0.067357,0.41995,0.317297,-0.082192,0.305608,0.469484,-0.030241,0.333964,0.366538,-0.049652,0.350965,0.29786,-0.068017,0.363444,0.237428,-0.08212,0.261981,0.46747,-0.037565,0.282969,0.367114,-0.061817,0.298156,0.297587,-0.084769,0.311554,0.236091,-0.100942,0.213368,0.486477,-0.047816,0.194168,0.411321,-0.0759,0.178336,0.359266,-0.093477,0.16507,0.30837,-0.104798
776,25866,True,0.9753,0.9753,0.220493,0.716056,0.0,0.290038,0.702634,-0.035822,0.354256,0.650531,-0.052149,0.404206,0.599617,-0.06588,0.451927,0.575264,-0.079269,0.344486,0.497162,-0.028728,0.382517,0.415943,-0.049963,0.40363,0.363553,-0.068771,0.420227,0.316955,-0.083834,0.305728,0.469528,-0.030729,0.333828,0.366883,-0.050391,0.350648,0.298186,-0.069056,0.362992,0.238016,-0.083459,0.26184,0.467801,-0.03771,0.28333,0.36749,-0.062332,0.298482,0.297902,-0.085755,0.311794,0.236372,-0.102329,0.213094,0.48703,-0.047682,0.194283,0.412475,-0.076441,0.178479,0.360556,-0.094618,0.165152,0.309642,-0.106362
777,25900,True,0.9753,0.9753,0.220635,0.715227,0.0,0.290068,0.702571,-0.035643,0.353983,0.651015,-0.051962,0.403792,0.599815,-0.065703,0.451733,0.575593,-0.079129,0.344648,0.497421,-0.028732,0.382406,0.416174,-0.049786,0.403322,0.363795,-0.068419,0.419804,0.316976,-0.083405,0.306026,0.469656,-0.030814,0.333945,0.366505,-0.050227,0.350479,0.29775,-0.068602,0.362586,0.237503,-0.082851,0.262184,0.467955,-0.037849,0.283595,0.367368,-0.062242,0.298489,0.297659,-0.085374,0.311623,0.235996,-0.101794,0.213469,0.487404,-0.047872,0.194352,0.412264,-0.076375,0.178507,0.360358,-0.094338,0.165186,0.309474,-0.105989
778,25933,True,0.9757,0.9757,0.220582,0.715074,0.0,0.290448,0.70202,-0.034865,0.354653,0.65023,-0.050784,0.404575,0.599623,-0.064244,0.451654,0.575376,-0.077443,0.344778,0.497677,-0.028405,0.382441,0.416136,-0.049436,0.403336,0.363698,-0.067981,0.419613,0.317161,-0.082832,0.305896,0.469774,-0.030831,0.333982,0.366546,-0.050355,0.350929,0.297582,-0.068821,0.363256,0.237408,-0.083063,0.261897,0.467872,-0.038117,0.283393,0.367348,-0.062556,0.298629,0.29786,-0.085805,0.311981,0.236573,-0.10228,0.21306,0.486972,-0.048289,0.194142,0.412223,-0.076841,0.178268,0.360233,-0.094861,0.164961,0.309407,-0.106524
779,25966,True,0.9771,0.9771,0.221039,0.715679,0.0,0.290768,0.702267,-0.034669,0.354966,0.650797,-0.050679,0.405106,0.600726,-0.064276,0.45234,0.57653,-0.077643,0.344881,0.498288,-0.028462,0.382787,0.416921,-0.049524,0.4037,0.364365,-0.06809,0.419927,0.317667,-0.082935,0.306273,0.470373,-0.031014,0.33473,0.367111,-0.050518,0.351617,0.298109,-0.068969,0.363852,0.237626,-0.083186,0.262381,0.468416,-0.038373,0.28393,0.367504,-0.062707,0.299068,0.29797,-0.085856,0.312335,0.236676,-0.102264,0.213449,0.487492,-0.048595,0.194354,0.412497,-0.076931,0.178422,0.360559,-0.094743,0.165045,0.309905,-0.106256
780,26000,True,0.9746,0.9746,0.220408,0.71661,0.0,0.290774,0.703726,-0.034751,0.355557,0.650343,-0.050467,0.406113,0.60057,-0.063718,0.453836,0.577482,-0.076768,0.344393,0.497517,-0.028388,0.383109,0.416084,-0.049074,0.404506,0.363928,-0.06744,0.420998,0.317888,-0.082275,0.306087,0.470229,-0.030832,0.335042,0.367925,-0.050211,0.35238,0.299156,-0.068899,0.364934,0.239346,-0.083431,0.262444,0.468612,-0.03813,0.284995,0.367859,-0.062547,0.30063,0.298565,-0.086361,0.314307,0.23769,-0.103362,0.213671,0.487527,-0.04826,0.194648,0.413072,-0.077018,0.17892,0.360978,-0.095654,0.166043,0.310138,-0.10786
781,26033,True,0.9754,0.9754,0.220443,0.716968,0.0,0.29051,0.703206,-0.034101,0.355253,0.650689,-0.049865,0.405951,0.601103,-0.063356,0.454024,0.578493,-0.07663,0.344541,0.497988,-0.027658,0.383451,0.417274,-0.048125,0.404533,0.365106,-0.066422,0.42078,0.318488,-0.08126,0.306295,0.470542,-0.030429,0.335383,0.368392,-0.049433,0.352442,0.299564,-0.06781,0.364735,0.239071,-0.082168,0.262737,0.468787,-0.037977,0.285153,0.368363,-0.061816,0.300365,0.298857,-0.084968,0.313619,0.237292,-0.101573,0.213925,0.487873,-0.048365,0.194701,0.413348,-0.076384,0.179052,0.361195,-0.094324,0.166191,0.310234,-0.106073
782,26066,True,0.9745,0.9745,0.22021,0.717236,0.0,0.290785,0.704048,-0.034126,0.355509,0.651624,-0.049817,0.406502,0.602631,-0.063236,0.454338,0.579924,-0.076473,0.345237,0.499345,-0.027705,0.383991,0.418175,-0.04819,0.404935,0.365736,-0.066469,0.4211,0.319028,-0.08133,0.307057,0.471629,-0.030539,0.335969,0.369023,-0.049672,0.353269,0.300051,-0.068206,0.365829,0.239494,-0.082674,0.263342,0.469754,-0.038167,0.285297,0.369125,-0.062284,0.300558,0.299454,-0.085804,0.313877,0.237917,-0.102651,0.214448,0.488718,-0.048614,0.195061,0.414153,-0.077048,0.179128,0.361897,-0.095344,0.166067,0.310857,-0.107343
783,26099,True,0.9743,0.9743,0.220636,0.716576,0.0,0.291338,0.703885,-0.035361,0.355849,0.652058,-0.051644,0.40641,0.602589,-0.065427,0.454414,0.579585,-0.078947,0.345824,0.499055,-0.029082,0.384129,0.418523,-0.050091,0.404905,0.365999,-0.068708,0.420928,0.319022,-0.083806,0.307447,0.470917,-0.031363,0.336541,0.369235,-0.05088,0.353862,0.300662,-0.069522,0.366513,0.240486,-0.084103,0.263475,0.468779,-0.03852,0.28583,0.368732,-0.06302,0.300854,0.299477,-0.086593,0.313924,0.23844,-0.103475,0.214398,0.487764,-0.048592,0.194915,0.413858,-0.07737,0.178897,0.362023,-0.09585,0.165551,0.311567,-0.107966
784,26133,True,0.9766,0.9766,0.221148,0.716966,0.0,0.291533,0.703941,-0.033766,0.356242,0.651575,-0.049329,0.406913,0.602526,-0.062616,0.454243,0.57999,-0.075769,0.34553,0.49949,-0.028243,0.384047,0.418004,-0.04869,0.404815,0.365436,-0.06678,0.420713,0.318636,-0.081471,0.307234,0.471778,-0.031182,0.336666,0.369259,-0.050149,0.354037,0.300834,-0.068452,0.366557,0.24089,-0.082781,0.263371,0.469567,-0.038786,0.286014,0.368583,-0.062681,0.301191,0.299042,-0.086019,0.314256,0.237891,-0.102802,0.214222,0.488359,-0.049133,0.194768,0.413731,-0.077313,0.178773,0.361703,-0.095382,0.165451,0.311272,-0.107247
785,26166,True,0.9746,0.9746,0.221195,0.716771,0.0,0.291889,0.703792,-0.034938,0.356539,0.652099,-0.051315,0.407469,0.604052,-0.065226,0.455283,0.582265,-0.079006,0.346467,0.500083,-0.029512,0.384988,0.419151,-0.050555,0.405398,0.366428,-0.06912,0.420767,0.319491,-0.084165,0.308081,0.471823,-0.032153,0.33755,0.369126,-0.051716,0.354772,0.300472,-0.070495,0.367031,0.240431,-0.085141,0.263958,0.469474,-0.039568,0.286297,0.368955,-0.063864,0.301669,0.299354,-0.087714,0.314953,0.238065,-0.104908,0.21463,0.488026,-0.04982,0.195193,0.414053,-0.07831,0.179098,0.362139,-0.096774,0.165865,0.311408,-0.108995
786,26200,True,0.9745,0.9745,0.221767,0.717092,0.0,0.292197,0.704218,-0.034219,0.35702,0.652642,-0.050029,0.407925,0.604361,-0.063477,0.455309,0.582273,-0.076777,0.347371,0.500088,-0.028706,0.385386,0.41918,-0.049372,0.405731,0.366621,-0.067617,0.421115,0.320184,-0.082403,0.308811,0.471806,-0.031546,0.338131,0.369282,-0.050758,0.355311,0.300492,-0.069214,0.367549,0.24065,-0.083591,0.264589,0.469611,-0.039101,0.287066,0.368728,-0.063249,0.302096,0.299387,-0.086879,0.315161,0.238492,-0.103851,0.215149,0.488576,-0.049425,0.195301,0.414574,-0.078022,0.178866,0.362542,-0.096507,0.165386,0.311882,-0.108621
787,26233,True,0.9744,0.9744,0.222036,0.717209,0.0,0.292481,0.704353,-0.032998,0.35751,0.65158,-0.047856,0.408833,0.603046,-0.060547,0.456077,0.581862,-0.073147,0.347394,0.499738,-0.027129,0.385567,0.419132,-0.047003,0.406112,0.367028,-0.064699,0.421486,0.321058,-0.079164,0.30898,0.471718,-0.030311,0.338733,0.369204,-0.048872,0.355993,0.300645,-0.066877,0.368001,0.241177,-0.080943,0.264825,0.469655,-0.038131,0.287636,0.368191,-0.061873,0.302704,0.298777,-0.085363,0.315614,0.237811,-0.102259,0.21527,0.488743,-0.048602,0.195303,0.414608,-0.076954,0.178742,0.362652,-0.095346,0.165157,0.312134,-0.107426
788,26266,True,0.9751,0.9751,0.222205,0.717179,0.0,0.292633,0.704943,-0.033809,0.357796,0.652431,-0.048779,0.408919,0.603451,-0.061373,0.456332,0.582092,-0.073787,0.34739,0.499437,-0.02741,0.386354,0.419241,-0.04708,0.407025,0.367023,-0.064645,0.422217,0.321001,-0.07904,0.308962,0.471237,-0.030108,0.339034,0.368512,-0.048389,0.356294,0.30003,-0.066193,0.368177,0.240895,-0.080134,0.264915,0.469164,-0.037535,0.287776,0.367822,-0.061103,0.302786,0.298546,-0.084519,0.315678,0.237868,-0.101373,0.215414,0.488292,-0.047696,0.195168,0.414388,-0.075912,0.178483,0.362707,-0.094283,0.164949,0.312465,-0.106366
789,26300,True,0.9746,0.9746,0.223862,0.717175,0.0,0.294194,0.704313,-0.034124,0.358743,0.652315,-0.049724,0.409465,0.603051,-0.062931,0.45679,0.580526,-0.075949,0.347422,0.498831,-0.028738,0.386219,0.418922,-0.049205,0.407377,0.366709,-0.066966,0.423426,0.320939,-0.081436,0.308348,0.470241,-0.031534,0.336612,0.366258,-0.050665,0.353511,0.297564,-0.068525,0.365482,0.23828,-0.082332,0.264169,0.468628,-0.039014,0.28526,0.36524,-0.063633,0.298898,0.295572,-0.08714,0.31072,0.234423,-0.103883,0.215421,0.489141,-0.049193,0.193189,0.416588,-0.078533,0.175251,0.365402,-0.097321,0.160646,0.31568,-0.109479
790,26333,True,0.9751,0.9751,0.224588,0.718366,0.0,0.295137,0.705403,-0.0354,0.359074,0.652705,-0.051504,0.409515,0.601818,-0.064979,0.457051,0.577618,-0.07814,0.34718,0.498323,-0.03018,0.386151,0.417668,-0.051311,0.407338,0.364175,-0.069415,0.423695,0.316875,-0.084162,0.307105,0.469366,-0.032382,0.332799,0.36439,-0.052158,0.348882,0.295113,-0.069993,0.360462,0.235215,-0.083695,0.262741,0.468202,-0.039351,0.281558,0.364981,-0.06474,0.294393,0.295095,-0.087934,0.305351,0.233431,-0.104214,0.214945,0.489854,-0.049143,0.191649,0.417122,-0.079157,0.172876,0.36625,-0.097864,0.157082,0.31695,-0.109711
791,26366,True,0.9761,0.9761,0.224435,0.719033,0.0,0.29475,0.705925,-0.035468,0.359352,0.652292,-0.05149,0.409935,0.601446,-0.064916,0.457239,0.578151,-0.0781,0.346799,0.497474,-0.030087,0.385153,0.416303,-0.051565,0.406761,0.362472,-0.070086,0.423823,0.31517,-0.085092,0.306593,0.468841,-0.032406,0.330582,0.362479,-0.052643,0.346297,0.292975,-0.070897,0.358006,0.232865,-0.084765,0.262423,0.468093,-0.039481,0.280749,0.36351,-0.065288,0.293131,0.293371,-0.088582,0.303841,0.231473,-0.104741,0.214929,0.490339,-0.049403,0.19122,0.417306,-0.07963,0.172363,0.366579,-0.098254,0.156473,0.31735,-0.109907
792,26400,True,0.9751,0.9751,0.224196,0.720292,0.0,0.294225,0.705533,-0.035908,0.359042,0.65113,-0.051964,0.410176,0.601161,-0.065384,0.457261,0.577483,-0.078424,0.345802,0.496556,-0.029398,0.384915,0.416127,-0.050846,0.40703,0.362731,-0.06958,0.424477,0.315928,-0.08473,0.305791,0.467927,-0.031464,0.33029,0.362697,-0.051684,0.346244,0.293145,-0.07022,0.358215,0.233372,-0.084347,0.26187,0.467032,-0.038462,0.280479,0.363219,-0.06414,0.293563,0.293322,-0.087796,0.305155,0.231796,-0.104296,0.214215,0.488787,-0.048403,0.190857,0.416391,-0.078545,0.172464,0.364847,-0.097555,0.157278,0.314575,-0.109594
793,26433,True,0.9748,0.9748,0.223044,0.720876,0.0,0.293197,0.705712,-0.035812,0.358132,0.652217,-0.051863,0.409306,0.602606,-0.065441,0.456444,0.578158,-0.078631,0.344963,0.498204,-0.028062,0.384618,0.418614,-0.049621,0.407437,0.365934,-0.068771,0.425437,0.319362,-0.084138,0.305821,0.469664,-0.030244,0.332184,0.36542,-0.050268,0.348629,0.296316,-0.06888,0.360726,0.236637,-0.083069,0.262225,0.468428,-0.037519,0.281092,0.365899,-0.06283,0.295156,0.295867,-0.086361,0.307892,0.234152,-0.102815,0.214211,0.489263,-0.047826,0.191702,0.416083,-0.07735,0.173483,0.364633,-0.095873,0.158461,0.314215,-0.10768
794,26466,True,0.974,0.974,0.222955,0.720802,0.0,0.293182,0.706113,-0.035585,0.358305,0.652862,-0.051705,0.409242,0.602649,-0.065315,0.457204,0.578911,-0.078624,0.345626,0.499171,-0.028522,0.384753,0.420723,-0.049937,0.407281,0.368785,-0.069073,0.425065,0.322135,-0.084513,0.306853,0.470827,-0.030844,0.333646,0.367657,-0.050642,0.350154,0.298493,-0.069154,0.362258,0.237709,-0.083426,0.26319,0.469496,-0.038177,0.282317,0.367979,-0.06329,0.296503,0.297873,-0.086731,0.309369,0.235549,-0.103238,0.214668,0.489895,-0.048501,0.191943,0.416026,-0.077813,0.173788,0.36462,-0.096167,0.158923,0.313961,-0.107972
795,26500,True,0.9743,0.9743,0.222992,0.719616,0.0,0.293663,0.706006,-0.037078,0.358315,0.653031,-0.053753,0.408458,0.60234,-0.067558,0.456165,0.578734,-0.0811,0.346276,0.50001,-0.030753,0.385033,0.421696,-0.052741,0.407173,0.369247,-0.07222,0.424504,0.321988,-0.087945,0.307265,0.471256,-0.032478,0.334185,0.367891,-0.052966,0.350846,0.298365,-0.071924,0.36312,0.237401,-0.086519,0.263268,0.469896,-0.03925,0.282995,0.368338,-0.065177,0.297331,0.298228,-0.089258,0.310155,0.236053,-0.106137,0.214544,0.490219,-0.049058,0.192302,0.41632,-0.079235,0.174346,0.364813,-0.098256,0.159551,0.314095,-0.110508
796,26533,True,0.976,0.976,0.22337,0.718741,0.0,0.294047,0.705822,-0.03729,0.358687,0.652941,-0.054317,0.408682,0.60276,-0.068341,0.456044,0.57933,-0.08216,0.346452,0.500609,-0.032865,0.384865,0.420768,-0.055183,0.406778,0.367934,-0.074296,0.423848,0.321431,-0.089599,0.307377,0.471566,-0.034455,0.334699,0.367171,-0.055376,0.35158,0.297618,-0.07404,0.363798,0.237988,-0.088236,0.263097,0.469836,-0.040992,0.28247,0.36588,-0.067282,0.296557,0.29567,-0.091341,0.309206,0.234251,-0.108128,0.214334,0.489818,-0.050481,0.191558,0.415371,-0.081048,0.173639,0.363622,-0.100323,0.159165,0.313186,-0.112674
797,26566,True,0.9745,0.9745,0.224417,0.719675,0.0,0.295257,0.706426,-0.036337,0.359472,0.652062,-0.052401,0.409106,0.600592,-0.065621,0.456219,0.577299,-0.0785,0.345664,0.497714,-0.030595,0.383683,0.416653,-0.051838,0.405742,0.363691,-0.070108,0.423339,0.317092,-0.084956,0.305077,0.469129,-0.032392,0.328835,0.362654,-0.052296,0.344896,0.294173,-0.070036,0.356796,0.236077,-0.083524,0.26068,0.468823,-0.039128,0.277715,0.364657,-0.065119,0.289993,0.294261,-0.088605,0.300776,0.23186,-0.104934,0.212712,0.491097,-0.048757,0.189273,0.418261,-0.079354,0.170222,0.367682,-0.098283,0.154229,0.317993,-0.110265
798,26599,True,0.9749,0.9749,0.224842,0.721251,0.0,0.294696,0.705613,-0.036303,0.358741,0.649833,-0.05266,0.408559,0.598169,-0.066398,0.456146,0.574722,-0.079853,0.343433,0.494243,-0.030648,0.380694,0.41128,-0.052284,0.403053,0.357172,-0.070918,0.421113,0.309013,-0.086045,0.301993,0.466906,-0.032732,0.322728,0.358275,-0.053016,0.33734,0.288349,-0.071065,0.34804,0.2282,-0.084686,0.2576,0.468029,-0.039749,0.270921,0.363157,-0.066009,0.280737,0.290113,-0.08955,0.289223,0.2248,-0.105757,0.210306,0.49204,-0.049701,0.185213,0.418255,-0.080108,0.165204,0.367387,-0.098702,0.148213,0.317347,-0.110365
799,26633,True,0.977,0.977,0.225146,0.721988,0.0,0.29393,0.70586,-0.036981,0.357694,0.649509,-0.053863,0.406503,0.597425,-0.067987,0.453299,0.571573,-0.081813,0.340755,0.492328,-0.032199,0.375124,0.406912,-0.054276,0.396174,0.351741,-0.072898,0.413084,0.302597,-0.087877,0.298875,0.464777,-0.034087,0.317714,0.353921,-0.054717,0.330718,0.28319,-0.072559,0.339402,0.222313,-0.085781,0.254798,0.466453,-0.040885,0.265799,0.3606,-0.067244,0.273919,0.286331,-0.090463,0.280533,0.219496,-0.106322,0.208277,0.491843,-0.050696,0.182146,0.417947,-0.081097,0.161086,0.367755,-0.099343,0.142541,0.318128,-0.110635
800,26666,True,0.9767,0.9767,0.225072,0.720775,0.0,0.293742,0.704232,-0.036018,0.356421,0.648613,-0.052814,0.406706,0.597105,-0.067138,0.453719,0.572973,-0.081341,0.338802,0.49284,-0.031452,0.374671,0.408506,-0.053557,0.395892,0.353637,-0.072306,0.412146,0.304488,-0.087389,0.296994,0.464605,-0.033697,0.315081,0.352995,-0.054202,0.326373,0.281964,-0.071983,0.332833,0.220123,-0.085286,0.253128,0.46584,-0.040736,0.262423,0.360232,-0.066424,0.26896,0.286016,-0.089188,0.273795,0.218952,-0.104935,0.207177,0.491091,-0.050779,0.179761,0.417905,-0.080186,0.158193,0.368191,-0.09776,0.139115,0.319329,-0.108737
801,26700,True,0.9757,0.9757,0.224303,0.720773,0.0,0.294191,0.705512,-0.036838,0.357019,0.650539,-0.054827,0.407519,0.598993,-0.070424,0.455711,0.578119,-0.085753,0.340214,0.494167,-0.032133,0.377382,0.411888,-0.055511,0.400375,0.358361,-0.075529,0.418292,0.309788,-0.091529,0.29888,0.465175,-0.034577,0.317787,0.355427,-0.05645,0.329242,0.284263,-0.075137,0.336131,0.220971,-0.089045,0.254991,0.465688,-0.041942,0.264032,0.359717,-0.068647,0.269473,0.286541,-0.091329,0.274128,0.220822,-0.106783,0.208422,0.490478,-0.052455,0.180677,0.416135,-0.081839,0.159144,0.366297,-0.099032,0.140545,0.317508,-0.109757
802,26733,True,0.9808,0.9808,0.222,0.718269,1e-06,0.291929,0.704537,-0.032649,0.35625,0.651131,-0.049006,0.409695,0.606915,-0.063691,0.457932,0.597537,-0.078319,0.343107,0.498828,-0.029802,0.387238,0.423468,-0.053358,0.414481,0.372226,-0.073617,0.435339,0.325963,-0.089665,0.301912,0.467239,-0.033809,0.32517,0.360018,-0.05556,0.340816,0.291912,-0.073506,0.351108,0.231621,-0.086724,0.2578,0.464696,-0.042344,0.268271,0.359341,-0.068259,0.27678,0.288495,-0.08983,0.283937,0.225316,-0.104386,0.211397,0.486925,-0.053769,0.184592,0.413544,-0.081674,0.16351,0.363805,-0.097644,0.145664,0.314872,-0.107526
803,26766,True,0.9708,0.9708,0.218857,0.720091,1e-06,0.287342,0.707166,-0.031948,0.35279,0.655356,-0.047314,0.408762,0.6151,-0.061147,0.458028,0.610366,-0.074628,0.34653,0.502998,-0.024664,0.392263,0.431266,-0.045684,0.419584,0.383444,-0.064703,0.440365,0.340993,-0.079825,0.306866,0.469562,-0.028294,0.336774,0.366615,-0.046816,0.356872,0.300553,-0.063285,0.371718,0.242111,-0.075583,0.262409,0.464105,-0.036792,0.27796,0.363331,-0.059592,0.291963,0.294276,-0.080579,0.304803,0.233445,-0.095035,0.213983,0.48226,-0.048344,0.18999,0.409362,-0.073753,0.170978,0.35899,-0.0891,0.155864,0.30912,-0.098803
804,26800,True,0.9744,0.9744,0.216774,0.72159,1e-06,0.287506,0.708353,-0.033466,0.352916,0.659735,-0.049996,0.408349,0.619072,-0.064805,0.458644,0.610299,-0.079132,0.34797,0.503707,-0.024755,0.396494,0.435024,-0.046714,0.426303,0.388538,-0.066754,0.449428,0.347064,-0.082515,0.308822,0.470498,-0.028054,0.341597,0.37067,-0.0472,0.363239,0.30578,-0.064649,0.38007,0.247414,-0.077811,0.263467,0.465367,-0.036518,0.282738,0.366811,-0.060467,0.29862,0.298419,-0.082011,0.313487,0.237441,-0.096843,0.213048,0.48295,-0.0481,0.190123,0.409845,-0.074996,0.17269,0.358029,-0.091003,0.159519,0.306098,-0.101018
805,26833,True,0.9734,0.9734,0.217271,0.72125,1e-06,0.288935,0.707192,-0.03455,0.352878,0.658805,-0.051992,0.407324,0.615778,-0.06783,0.458193,0.605275,-0.083333,0.345993,0.500141,-0.025367,0.394333,0.430732,-0.047072,0.424981,0.384511,-0.066835,0.448447,0.34419,-0.082415,0.30666,0.467963,-0.028408,0.338692,0.367542,-0.046987,0.358654,0.302185,-0.064189,0.373332,0.245181,-0.07723,0.261182,0.463844,-0.036659,0.27998,0.362889,-0.060185,0.293411,0.294127,-0.081586,0.305831,0.233984,-0.096598,0.210435,0.483081,-0.048079,0.18599,0.411101,-0.074753,0.16753,0.360483,-0.090648,0.153144,0.311334,-0.100682
806,26866,True,0.9687,0.9687,0.218658,0.723597,1e-06,0.291224,0.707816,-0.035257,0.35458,0.655046,-0.052306,0.406521,0.606639,-0.067155,0.456569,0.589267,-0.081737,0.341065,0.496555,-0.029904,0.382553,0.41602,-0.052482,0.409693,0.3659,-0.071812,0.432574,0.322413,-0.087117,0.299174,0.465488,-0.032624,0.323576,0.359243,-0.052466,0.341142,0.293072,-0.069695,0.354897,0.237835,-0.082808,0.25304,0.463199,-0.040443,0.266832,0.359925,-0.065786,0.278565,0.288582,-0.08856,0.290351,0.226291,-0.104686,0.203792,0.485223,-0.051237,0.175947,0.412403,-0.080144,0.154485,0.362731,-0.097778,0.137634,0.314666,-0.109154
807,26900,True,0.972,0.972,0.221133,0.72393,0.0,0.292295,0.705526,-0.035536,0.355294,0.649256,-0.052296,0.406071,0.597455,-0.066834,0.454563,0.573955,-0.08128,0.33267,0.489529,-0.031796,0.367674,0.39928,-0.052551,0.39069,0.343785,-0.069206,0.409553,0.296272,-0.082724,0.289716,0.463494,-0.033922,0.307723,0.35288,-0.052533,0.319183,0.283032,-0.068141,0.326304,0.224416,-0.080191,0.244956,0.465677,-0.04095,0.254931,0.358513,-0.065549,0.262812,0.283228,-0.088229,0.269453,0.217645,-0.104507,0.198331,0.49155,-0.050911,0.167154,0.418319,-0.080205,0.142279,0.369133,-0.098625,0.121289,0.322394,-0.110575
808,26933,True,0.9728,0.9728,0.222731,0.724211,0.0,0.293543,0.705596,-0.033656,0.355332,0.648737,-0.050136,0.405779,0.597356,-0.064703,0.453414,0.578169,-0.079234,0.33639,0.490919,-0.029476,0.375975,0.408492,-0.050597,0.398989,0.353397,-0.068844,0.41636,0.304188,-0.083862,0.292647,0.463053,-0.032974,0.309598,0.353357,-0.05281,0.320224,0.283255,-0.069882,0.326781,0.221658,-0.082815,0.247134,0.464438,-0.041098,0.25504,0.358044,-0.066538,0.261362,0.284382,-0.089142,0.266509,0.2192,-0.104842,0.200026,0.490404,-0.052023,0.168392,0.418332,-0.081412,0.143786,0.369844,-0.09902,0.122831,0.322451,-0.110045
809,26966,True,0.9707,0.9707,0.219552,0.721839,1e-06,0.289831,0.706134,-0.031886,0.354682,0.649869,-0.047395,0.408106,0.605441,-0.061219,0.456741,0.599026,-0.074955,0.342524,0.49786,-0.027247,0.385951,0.420573,-0.049531,0.411485,0.368537,-0.068955,0.430642,0.323886,-0.084246,0.300051,0.46687,-0.031058,0.321471,0.35881,-0.051339,0.336315,0.291424,-0.068365,0.346699,0.232621,-0.080874,0.2549,0.464101,-0.039567,0.26441,0.362358,-0.063756,0.274947,0.291467,-0.085165,0.284609,0.228921,-0.09976,0.207502,0.485213,-0.051043,0.179058,0.413451,-0.077181,0.157099,0.364035,-0.092951,0.139212,0.315163,-0.102952
810,27000,True,0.9637,0.9637,0.217396,0.7245,0.0,0.286887,0.710963,-0.03106,0.352277,0.658641,-0.045755,0.407546,0.616482,-0.059077,0.456338,0.608731,-0.072187,0.346665,0.503846,-0.022714,0.390673,0.430784,-0.042914,0.417759,0.384086,-0.061675,0.439381,0.342337,-0.076829,0.307148,0.470934,-0.026553,0.334999,0.368671,-0.044206,0.354789,0.302884,-0.060695,0.370331,0.245,-0.073451,0.262598,0.465882,-0.035376,0.278853,0.365604,-0.057906,0.294655,0.29628,-0.079808,0.309355,0.235992,-0.095272,0.213891,0.484241,-0.047161,0.189255,0.410626,-0.072982,0.170717,0.35945,-0.089557,0.156153,0.309286,-0.100431
811,27033,True,0.9702,0.9702,0.217244,0.726247,1e-06,0.290129,0.710757,-0.031918,0.356199,0.659741,-0.04757,0.410119,0.61726,-0.062015,0.459532,0.607222,-0.076124,0.347769,0.50401,-0.021804,0.394428,0.432925,-0.042493,0.423966,0.385718,-0.061654,0.447681,0.344482,-0.076911,0.308593,0.472231,-0.02567,0.339494,0.372459,-0.043665,0.361501,0.307228,-0.060524,0.379171,0.248953,-0.073356,0.263943,0.467854,-0.034715,0.283169,0.368752,-0.057842,0.300884,0.30051,-0.079204,0.317231,0.240479,-0.094059,0.214601,0.486229,-0.046805,0.191659,0.412553,-0.073325,0.173762,0.360982,-0.089394,0.159429,0.310197,-0.09956
812,27066,True,0.9694,0.9694,0.218109,0.725569,1e-06,0.290888,0.710379,-0.03215,0.356148,0.658117,-0.046636,0.409989,0.612971,-0.059546,0.459773,0.598799,-0.072068,0.346274,0.501702,-0.020974,0.389766,0.427332,-0.039018,0.415094,0.378339,-0.056103,0.434044,0.335477,-0.070239,0.307258,0.47117,-0.024137,0.33871,0.370266,-0.040157,0.357767,0.305137,-0.05587,0.371175,0.249493,-0.068132,0.262472,0.467558,-0.032433,0.283676,0.364912,-0.054438,0.298239,0.296483,-0.075988,0.311036,0.236949,-0.091352,0.212366,0.486168,-0.043615,0.189152,0.411931,-0.070255,0.170487,0.360525,-0.087143,0.155677,0.310791,-0.098036
813,27099,True,0.9654,0.9654,0.21869,0.726967,0.0,0.291199,0.709921,-0.033866,0.356638,0.652876,-0.048672,0.408344,0.601787,-0.061329,0.457565,0.584901,-0.073603,0.342864,0.497803,-0.024787,0.382649,0.417285,-0.043902,0.406995,0.365845,-0.061282,0.427209,0.321324,-0.075668,0.30133,0.468895,-0.027244,0.327227,0.365295,-0.044543,0.344807,0.299223,-0.06095,0.358892,0.242687,-0.073804,0.255859,0.466558,-0.034831,0.273076,0.364685,-0.058543,0.287519,0.295073,-0.080997,0.300683,0.233472,-0.097001,0.20661,0.48633,-0.045345,0.18252,0.412075,-0.073441,0.163304,0.361301,-0.091179,0.147955,0.31109,-0.10278
814,27133,True,0.9593,0.9593,0.217532,0.72665,0.0,0.289666,0.707701,-0.031394,0.354517,0.645085,-0.044041,0.404059,0.59163,-0.055001,0.452143,0.575019,-0.065737,0.339145,0.49376,-0.021581,0.379234,0.413929,-0.0385,0.403087,0.360583,-0.054071,0.421139,0.314727,-0.067301,0.297157,0.465785,-0.024841,0.321696,0.360598,-0.040632,0.337038,0.29189,-0.05556,0.348103,0.231166,-0.067061,0.252192,0.465032,-0.03301,0.267872,0.36135,-0.055705,0.280387,0.290179,-0.07761,0.290848,0.226515,-0.092966,0.203405,0.486508,-0.04391,0.176875,0.412011,-0.071733,0.156174,0.361616,-0.089336,0.138993,0.311682,-0.100567
815,27166,True,0.9619,0.9619,0.215507,0.724827,0.0,0.286997,0.708613,-0.034646,0.35149,0.650405,-0.049943,0.402456,0.598374,-0.0631,0.451659,0.579423,-0.075816,0.338339,0.494466,-0.025213,0.379976,0.41661,-0.044924,0.404279,0.362691,-0.062601,0.422718,0.315649,-0.077169,0.296722,0.464399,-0.027414,0.321207,0.359889,-0.045352,0.337347,0.292243,-0.061263,0.349127,0.23308,-0.07336,0.251903,0.462724,-0.034821,0.2666,0.359653,-0.058358,0.278964,0.288618,-0.079868,0.289998,0.225771,-0.094926,0.204218,0.484371,-0.045411,0.177235,0.410952,-0.073479,0.156266,0.360216,-0.090891,0.139121,0.309893,-0.101887
816,27200,True,0.9664,0.9664,0.213434,0.723523,1e-06,0.285407,0.707851,-0.034258,0.35109,0.652893,-0.050244,0.403625,0.604038,-0.064533,0.452421,0.58914,-0.07826,0.337483,0.495735,-0.02234,0.379698,0.420126,-0.043157,0.406545,0.369636,-0.062423,0.428227,0.325327,-0.077817,0.297661,0.46522,-0.024788,0.324231,0.362904,-0.043123,0.342818,0.297319,-0.05987,0.357706,0.239487,-0.072473,0.253849,0.461844,-0.032727,0.269689,0.361455,-0.05623,0.28529,0.291894,-0.077521,0.299686,0.230895,-0.092238,0.206027,0.481671,-0.04399,0.181601,0.407937,-0.070768,0.162819,0.356544,-0.087126,0.147435,0.306551,-0.097506
817,27233,True,0.9684,0.9684,0.212881,0.723883,1e-06,0.283968,0.707617,-0.033302,0.349234,0.654737,-0.048877,0.40274,0.608011,-0.062799,0.452453,0.591782,-0.07619,0.338053,0.498001,-0.021466,0.381528,0.424246,-0.041368,0.408215,0.375376,-0.060188,0.429363,0.331563,-0.075392,0.299523,0.467183,-0.024209,0.329561,0.36737,-0.041545,0.349719,0.302504,-0.058091,0.365256,0.245459,-0.07084,0.255685,0.463487,-0.032314,0.274804,0.362402,-0.054971,0.291162,0.293744,-0.076266,0.306216,0.233925,-0.09123,0.207419,0.482371,-0.043581,0.183591,0.407696,-0.070177,0.165734,0.356086,-0.086634,0.151571,0.306001,-0.0971
818,27266,True,0.971,0.971,0.213152,0.721716,1e-06,0.284178,0.706066,-0.034347,0.350002,0.654368,-0.050009,0.403144,0.606472,-0.063625,0.452708,0.586383,-0.07662,0.338363,0.498185,-0.02337,0.380813,0.423145,-0.043406,0.406337,0.373633,-0.061957,0.426689,0.329487,-0.076852,0.299435,0.467672,-0.025577,0.328699,0.367299,-0.043279,0.347676,0.301642,-0.060204,0.362154,0.243669,-0.073266,0.255552,0.463905,-0.03311,0.273719,0.365172,-0.056191,0.288339,0.296191,-0.078104,0.301751,0.235278,-0.09355,0.20686,0.48175,-0.043815,0.182994,0.408484,-0.071098,0.164245,0.356984,-0.088225,0.14936,0.305905,-0.099132
819,27300,True,0.9688,0.9688,0.214971,0.721164,1e-06,0.286241,0.705566,-0.03519,0.351386,0.651881,-0.051073,0.403257,0.603086,-0.064637,0.452634,0.582812,-0.077563,0.338662,0.496435,-0.025149,0.380394,0.421285,-0.045356,0.405265,0.370793,-0.063787,0.424766,0.32654,-0.078685,0.29889,0.465853,-0.027288,0.326288,0.363338,-0.045582,0.344671,0.296601,-0.062586,0.358498,0.238912,-0.07556,0.254639,0.462925,-0.034726,0.272478,0.360772,-0.058897,0.286712,0.291909,-0.081239,0.299695,0.231589,-0.096771,0.206347,0.482308,-0.045271,0.182572,0.408412,-0.073761,0.163663,0.35741,-0.091443,0.148486,0.307419,-0.102592
820,27333,True,0.9723,0.9723,0.213875,0.722081,0.0,0.284219,0.707589,-0.034092,0.349664,0.652983,-0.049181,0.402533,0.603331,-0.062183,0.452357,0.584117,-0.074501,0.339023,0.496618,-0.022755,0.381964,0.421965,-0.042405,0.407947,0.37218,-0.060742,0.428488,0.327422,-0.07568,0.299412,0.465703,-0.025063,0.327475,0.364802,-0.042399,0.345827,0.300328,-0.058837,0.359772,0.243146,-0.071523,0.255425,0.462183,-0.032686,0.272651,0.363512,-0.055509,0.28676,0.294594,-0.07688,0.299595,0.233055,-0.091955,0.20714,0.481152,-0.043504,0.182675,0.407465,-0.07049,0.163332,0.356569,-0.087169,0.147839,0.305714,-0.097786
821,27366,True,0.9723,0.9723,0.214284,0.722598,1e-06,0.284468,0.706482,-0.033059,0.349593,0.653001,-0.048413,0.402156,0.605689,-0.06204,0.451987,0.58901,-0.075172,0.33931,0.497987,-0.022065,0.383635,0.424799,-0.042394,0.411349,0.376355,-0.061385,0.433526,0.333227,-0.076594,0.300474,0.466695,-0.024901,0.330625,0.36733,-0.042726,0.351295,0.30297,-0.059514,0.367278,0.246481,-0.072364,0.256553,0.462615,-0.033028,0.275042,0.362422,-0.056054,0.291336,0.293909,-0.077415,0.306449,0.23392,-0.092355,0.208198,0.481146,-0.044256,0.184489,0.406042,-0.071097,0.166645,0.35405,-0.08759,0.152553,0.303307,-0.098038
822,27400,True,0.9737,0.9737,0.214131,0.722329,1e-06,0.284367,0.706374,-0.03329,0.349942,0.653519,-0.048573,0.40249,0.605632,-0.061904,0.452153,0.58732,-0.074691,0.338811,0.498952,-0.02299,0.383087,0.425834,-0.043299,0.410353,0.377108,-0.06205,0.431928,0.333352,-0.07711,0.300315,0.467827,-0.025748,0.330992,0.367617,-0.043793,0.351406,0.302961,-0.060701,0.367005,0.245656,-0.073616,0.256482,0.463854,-0.033712,0.274616,0.364104,-0.057255,0.290464,0.295298,-0.078971,0.305029,0.234493,-0.094075,0.207731,0.481957,-0.044692,0.183391,0.406939,-0.072087,0.164781,0.355008,-0.088891,0.150168,0.303682,-0.099509
823,27433,True,0.9735,0.9735,0.214852,0.721493,1e-06,0.286375,0.705839,-0.034615,0.350584,0.651095,-0.050274,0.401553,0.600865,-0.063691,0.45125,0.581525,-0.076506,0.337194,0.494559,-0.02491,0.378729,0.418247,-0.045497,0.404911,0.36886,-0.064115,0.426301,0.326143,-0.078951,0.297179,0.464402,-0.027122,0.324956,0.361952,-0.045288,0.343395,0.295513,-0.062071,0.357769,0.238511,-0.074874,0.252692,0.461725,-0.034648,0.270423,0.359478,-0.058813,0.284147,0.289997,-0.08123,0.296815,0.229,-0.096869,0.203996,0.482112,-0.045199,0.178854,0.408657,-0.073706,0.159311,0.357635,-0.091463,0.14372,0.307452,-0.10272
824,27466,True,0.97,0.97,0.214104,0.721451,0.0,0.285302,0.705904,-0.034572,0.349429,0.648614,-0.04946,0.400104,0.595779,-0.061897,0.449416,0.575707,-0.073754,0.335555,0.492402,-0.02588,0.37811,0.41439,-0.045359,0.402049,0.360943,-0.062879,0.419654,0.313847,-0.077257,0.294229,0.462284,-0.027939,0.320378,0.357002,-0.045819,0.336408,0.288721,-0.061916,0.347358,0.229531,-0.074098,0.249272,0.460301,-0.03503,0.26589,0.357467,-0.058897,0.27852,0.287297,-0.080598,0.28915,0.225116,-0.095652,0.200716,0.481567,-0.045098,0.174935,0.408124,-0.073337,0.154794,0.357803,-0.090485,0.138074,0.308247,-0.101165
825,27500,True,0.9697,0.9697,0.211307,0.721599,0.0,0.282276,0.704912,-0.032973,0.346799,0.647097,-0.04711,0.398556,0.594164,-0.059247,0.447714,0.574224,-0.070816,0.332692,0.492704,-0.023266,0.376076,0.416421,-0.042432,0.401489,0.363752,-0.059899,0.420805,0.317563,-0.074267,0.291004,0.461553,-0.0258,0.316373,0.356865,-0.043035,0.332976,0.290142,-0.058557,0.345118,0.231485,-0.070455,0.246105,0.459079,-0.0334,0.26199,0.355769,-0.056575,0.27524,0.286406,-0.077516,0.286881,0.224973,-0.092145,0.198043,0.480624,-0.043969,0.171338,0.406362,-0.071476,0.150818,0.35596,-0.088099,0.133956,0.306389,-0.098499
826,27533,True,0.9691,0.9691,0.209807,0.719956,0.0,0.280934,0.703817,-0.033626,0.345246,0.647296,-0.04848,0.396208,0.59418,-0.061235,0.445594,0.573003,-0.073452,0.330885,0.491507,-0.024273,0.374033,0.414565,-0.044095,0.399674,0.362129,-0.061961,0.419337,0.315731,-0.07649,0.289295,0.460716,-0.026744,0.314731,0.355303,-0.044379,0.331373,0.288221,-0.0603,0.343467,0.229239,-0.072404,0.244456,0.458329,-0.034278,0.260138,0.355537,-0.057625,0.273227,0.285369,-0.078681,0.284962,0.223097,-0.093352,0.196369,0.479742,-0.044828,0.169744,0.405871,-0.072307,0.149109,0.356011,-0.088667,0.132066,0.306933,-0.098827
827,27566,True,0.9675,0.9675,0.208804,0.718702,0.0,0.279962,0.703511,-0.035823,0.34413,0.649019,-0.052026,0.394538,0.595608,-0.065628,0.443766,0.573432,-0.078716,0.331507,0.493562,-0.027701,0.373305,0.416639,-0.048744,0.397802,0.363532,-0.067283,0.416887,0.315996,-0.082344,0.289391,0.461473,-0.029377,0.314203,0.356141,-0.0482,0.330519,0.289333,-0.064755,0.342894,0.230123,-0.077332,0.243918,0.458505,-0.036158,0.25923,0.356739,-0.060524,0.272141,0.285811,-0.082157,0.283833,0.222606,-0.097258,0.195242,0.47964,-0.046084,0.168618,0.406799,-0.074495,0.148057,0.356956,-0.091407,0.130945,0.307181,-0.101946
828,27599,True,0.9673,0.9673,0.209157,0.719567,0.0,0.280478,0.704669,-0.03529,0.343945,0.648991,-0.051147,0.393991,0.595041,-0.064482,0.4431,0.572968,-0.077223,0.33199,0.492425,-0.026667,0.374229,0.415416,-0.047032,0.397837,0.362143,-0.065065,0.415478,0.315404,-0.079829,0.289463,0.461124,-0.028699,0.314666,0.356054,-0.047466,0.330708,0.289193,-0.064091,0.342384,0.230743,-0.076661,0.243533,0.458676,-0.035815,0.259861,0.355478,-0.060423,0.272144,0.285213,-0.082323,0.283232,0.223106,-0.097512,0.194396,0.480126,-0.045929,0.167824,0.406161,-0.074797,0.147136,0.356192,-0.092058,0.130331,0.306861,-0.102742
829,27633,True,0.9673,0.9673,0.208799,0.718824,1e-06,0.280458,0.704669,-0.036463,0.344384,0.649602,-0.052585,0.394343,0.595287,-0.066038,0.443116,0.572623,-0.078831,0.330847,0.492647,-0.026903,0.37424,0.416448,-0.047251,0.398474,0.363235,-0.06514,0.41665,0.31641,-0.079767,0.288738,0.461506,-0.028196,0.314549,0.356598,-0.04709,0.331103,0.289379,-0.063596,0.343285,0.230193,-0.076002,0.243245,0.459157,-0.034762,0.259227,0.356943,-0.059545,0.272394,0.285837,-0.081633,0.284096,0.222776,-0.096874,0.194545,0.480222,-0.044468,0.16863,0.407242,-0.073467,0.148231,0.357156,-0.091006,0.131335,0.307344,-0.101902
830,27666,True,0.9673,0.9673,0.209682,0.719131,1e-06,0.281241,0.704336,-0.035322,0.345404,0.649426,-0.051027,0.3948,0.595233,-0.064332,0.443385,0.572703,-0.076992,0.331482,0.492481,-0.025194,0.374299,0.415876,-0.045061,0.398437,0.363186,-0.062689,0.416806,0.317083,-0.077124,0.289571,0.462117,-0.026961,0.315192,0.357439,-0.045486,0.332062,0.290298,-0.062061,0.344718,0.230928,-0.074542,0.244331,0.4601,-0.033935,0.260166,0.357528,-0.058427,0.273334,0.286659,-0.080558,0.285263,0.223821,-0.095812,0.195699,0.481225,-0.043944,0.169834,0.407542,-0.072666,0.149391,0.357536,-0.090088,0.132492,0.308025,-0.100891
831,27700,True,0.9674,0.9674,0.209329,0.718492,0.0,0.280998,0.703883,-0.035211,0.345472,0.649073,-0.050816,0.395201,0.595514,-0.064025,0.443583,0.573541,-0.076617,0.331414,0.49258,-0.025543,0.374504,0.415397,-0.045465,0.398561,0.362219,-0.063104,0.416717,0.315861,-0.077519,0.289679,0.462425,-0.027329,0.315564,0.357875,-0.045881,0.332287,0.290364,-0.062553,0.344632,0.23107,-0.075141,0.244552,0.460308,-0.034263,0.260662,0.357952,-0.058543,0.273899,0.287475,-0.08058,0.285805,0.225155,-0.095839,0.196017,0.481087,-0.044246,0.170339,0.407554,-0.072793,0.150179,0.357474,-0.090178,0.133598,0.307956,-0.100981
832,27733,True,0.9673,0.9673,0.209815,0.717978,1e-06,0.281019,0.703142,-0.03574,0.345115,0.648938,-0.051898,0.395135,0.595804,-0.065581,0.443927,0.573579,-0.078692,0.331435,0.49233,-0.026468,0.374524,0.415171,-0.046573,0.398955,0.36211,-0.064365,0.417435,0.315755,-0.078903,0.289909,0.462191,-0.028179,0.316101,0.35797,-0.046654,0.33285,0.290684,-0.063403,0.345224,0.231641,-0.076202,0.244768,0.460037,-0.03506,0.261401,0.357667,-0.059313,0.274374,0.287085,-0.081529,0.285993,0.224852,-0.097066,0.196007,0.480675,-0.045019,0.170402,0.406788,-0.073651,0.150223,0.356649,-0.091223,0.133703,0.307294,-0.102264
833,27766,True,0.9684,0.9684,0.210109,0.718122,1e-06,0.281574,0.703505,-0.035916,0.34552,0.648705,-0.051838,0.395116,0.595217,-0.065184,0.443795,0.573189,-0.077897,0.331924,0.492552,-0.026367,0.375374,0.416016,-0.046705,0.399978,0.363136,-0.06474,0.418604,0.316641,-0.079432,0.290199,0.462062,-0.027957,0.316289,0.357801,-0.046709,0.332969,0.290541,-0.063659,0.345279,0.23146,-0.076538,0.244909,0.459756,-0.034763,0.261357,0.358129,-0.059257,0.274175,0.287338,-0.081613,0.285668,0.224754,-0.097156,0.196076,0.480227,-0.044667,0.170421,0.406802,-0.07339,0.150212,0.356626,-0.091006,0.133741,0.306958,-0.102036
834,27800,True,0.9638,0.9638,0.20913,0.717733,1e-06,0.281105,0.703881,-0.036934,0.345176,0.649205,-0.053242,0.394792,0.595542,-0.066834,0.443464,0.573467,-0.079735,0.331665,0.492425,-0.026651,0.37545,0.416104,-0.046803,0.400212,0.362847,-0.0646,0.418766,0.316425,-0.07915,0.289989,0.46184,-0.027743,0.316215,0.35756,-0.046316,0.332933,0.290094,-0.062948,0.345119,0.231293,-0.075578,0.244817,0.459503,-0.034222,0.261479,0.357944,-0.05877,0.274438,0.286831,-0.081235,0.285802,0.224209,-0.096848,0.196196,0.479864,-0.043902,0.170418,0.406859,-0.072985,0.150041,0.356705,-0.091014,0.133322,0.307046,-0.102323
835,27833,True,0.9658,0.9658,0.209379,0.717538,1e-06,0.280373,0.702786,-0.035583,0.344397,0.648147,-0.051493,0.394749,0.595334,-0.064871,0.443496,0.573655,-0.077667,0.331751,0.492283,-0.026328,0.375155,0.415946,-0.04634,0.399592,0.362976,-0.06407,0.417961,0.316558,-0.078569,0.290112,0.461648,-0.028014,0.316306,0.357272,-0.046398,0.333024,0.290039,-0.062966,0.345192,0.231373,-0.075581,0.244812,0.459262,-0.034862,0.261551,0.357497,-0.059063,0.274713,0.286905,-0.081276,0.28639,0.224622,-0.096797,0.196011,0.479673,-0.044771,0.170141,0.406554,-0.07343,0.14979,0.356665,-0.091064,0.133241,0.307287,-0.102119
836,27866,True,0.9672,0.9672,0.209057,0.717621,1e-06,0.280795,0.703087,-0.035425,0.34494,0.64796,-0.051019,0.395121,0.594675,-0.064113,0.443696,0.573155,-0.076598,0.331754,0.492312,-0.025727,0.375449,0.416086,-0.045537,0.399846,0.363009,-0.063127,0.418053,0.316432,-0.077533,0.289957,0.4616,-0.027383,0.316136,0.357103,-0.04564,0.332921,0.289998,-0.062018,0.34512,0.231291,-0.074441,0.244682,0.458998,-0.034233,0.261138,0.357797,-0.058264,0.274628,0.287049,-0.080294,0.286486,0.224582,-0.09565,0.195924,0.479172,-0.04416,0.170066,0.406315,-0.072524,0.149808,0.356381,-0.089936,0.133276,0.306932,-0.100856
837,27900,True,0.9655,0.9655,0.208864,0.717716,0.0,0.280866,0.702793,-0.034889,0.344866,0.646966,-0.050052,0.395017,0.593911,-0.062831,0.443595,0.573484,-0.075091,0.332002,0.492508,-0.02511,0.375439,0.416416,-0.044587,0.399788,0.363356,-0.062079,0.418066,0.316508,-0.076535,0.290167,0.461637,-0.02694,0.316106,0.357558,-0.044898,0.332935,0.290387,-0.061324,0.345292,0.231344,-0.073927,0.244823,0.458933,-0.033918,0.261373,0.35813,-0.057682,0.274997,0.287416,-0.079909,0.286935,0.224718,-0.095536,0.196005,0.478889,-0.043942,0.170261,0.406154,-0.072178,0.150066,0.356278,-0.089764,0.133623,0.306715,-0.100926
838,27933,True,0.9652,0.9652,0.20846,0.716641,1e-06,0.280641,0.70197,-0.035488,0.344649,0.646704,-0.050973,0.394983,0.594555,-0.063977,0.443379,0.574239,-0.076486,0.331391,0.491765,-0.026079,0.374656,0.415075,-0.045873,0.399109,0.362065,-0.063507,0.417514,0.315411,-0.077991,0.289825,0.461368,-0.027697,0.31623,0.357426,-0.045981,0.333213,0.289986,-0.062624,0.345569,0.230922,-0.075365,0.244689,0.459021,-0.034502,0.261551,0.358114,-0.058632,0.274933,0.28763,-0.0812,0.286552,0.225271,-0.097021,0.195956,0.479047,-0.04437,0.170617,0.406507,-0.07299,0.150389,0.35664,-0.09089,0.133842,0.307101,-0.102262
839,27966,True,0.9647,0.9647,0.208782,0.717036,0.0,0.280864,0.702349,-0.034568,0.34498,0.646808,-0.049583,0.395265,0.594308,-0.062233,0.443713,0.573979,-0.074346,0.332453,0.492639,-0.024934,0.375304,0.416205,-0.044448,0.399501,0.363127,-0.061839,0.417653,0.316356,-0.076162,0.290629,0.461782,-0.026847,0.316513,0.357867,-0.045049,0.333322,0.290912,-0.061425,0.345645,0.231925,-0.073857,0.245291,0.459009,-0.033876,0.261774,0.358989,-0.057849,0.275381,0.28868,-0.079961,0.287341,0.226002,-0.095402,0.196374,0.478849,-0.043907,0.170822,0.406705,-0.072184,0.150666,0.356936,-0.089625,0.13426,0.307131,-0.10063
840,28000,True,0.9649,0.9649,0.209284,0.716501,0.0,0.281209,0.70187,-0.035156,0.345457,0.647395,-0.050624,0.39542,0.595233,-0.063646,0.44349,0.573879,-0.076106,0.332069,0.492506,-0.025708,0.374911,0.416175,-0.045511,0.398625,0.362945,-0.063195,0.416218,0.316042,-0.077769,0.290501,0.461547,-0.027562,0.316983,0.358095,-0.046125,0.333679,0.291121,-0.063009,0.345678,0.232365,-0.075858,0.245243,0.458747,-0.034524,0.262672,0.357932,-0.058925,0.276072,0.287934,-0.081458,0.287703,0.225765,-0.097228,0.196351,0.478654,-0.044482,0.171255,0.40662,-0.073259,0.150931,0.356926,-0.091044,0.1343,0.307422,-0.102275
841,28033,True,0.966,0.966,0.209721,0.717796,0.0,0.281222,0.702397,-0.034289,0.345347,0.647038,-0.049238,0.395541,0.595032,-0.061943,0.443488,0.573879,-0.074085,0.332141,0.492526,-0.024145,0.37535,0.416793,-0.043536,0.399315,0.363405,-0.061055,0.416845,0.31645,-0.075534,0.290731,0.461682,-0.026398,0.317151,0.358214,-0.044547,0.333828,0.29107,-0.0612,0.345743,0.232178,-0.073851,0.245539,0.458968,-0.033764,0.262944,0.358149,-0.057765,0.276268,0.287832,-0.080071,0.287774,0.225272,-0.095692,0.196592,0.478917,-0.044102,0.171204,0.407293,-0.072577,0.150887,0.357435,-0.090189,0.134349,0.307682,-0.101284
842,28066,True,0.9634,0.9634,0.209095,0.716156,1e-06,0.280827,0.701473,-0.035894,0.345358,0.647191,-0.051747,0.395433,0.59566,-0.065053,0.443356,0.5738,-0.077808,0.331241,0.491849,-0.026351,0.374239,0.416092,-0.046594,0.398431,0.362818,-0.064596,0.416351,0.31592,-0.079345,0.290021,0.46122,-0.028094,0.316741,0.35782,-0.046999,0.333681,0.29057,-0.064071,0.3458,0.231643,-0.077036,0.245036,0.45874,-0.035086,0.262454,0.358512,-0.059941,0.276125,0.288202,-0.082811,0.287964,0.225626,-0.098781,0.196269,0.478511,-0.045148,0.17128,0.407155,-0.074427,0.150814,0.357588,-0.092602,0.134053,0.307881,-0.104115
843,28099,True,0.9664,0.9664,0.209581,0.716883,1e-06,0.281002,0.701593,-0.036091,0.345113,0.646676,-0.052089,0.395153,0.594731,-0.065573,0.443454,0.573365,-0.078386,0.331658,0.491656,-0.025583,0.37434,0.415636,-0.04561,0.398494,0.362328,-0.063549,0.416349,0.31573,-0.078226,0.290391,0.461007,-0.027244,0.317251,0.357785,-0.045829,0.334114,0.290316,-0.062729,0.346271,0.231404,-0.07551,0.24521,0.458495,-0.034241,0.262541,0.357885,-0.058772,0.275695,0.287498,-0.081351,0.28724,0.225116,-0.097073,0.196089,0.478547,-0.044371,0.170869,0.407062,-0.073364,0.15051,0.357083,-0.091321,0.133989,0.307134,-0.102632
844,28133,True,0.9666,0.9666,0.209279,0.718019,1e-06,0.280685,0.702548,-0.035893,0.345039,0.647185,-0.05189,0.395102,0.59462,-0.065388,0.443695,0.57324,-0.078257,0.331917,0.491986,-0.025808,0.374224,0.415503,-0.045946,0.398117,0.362285,-0.064055,0.41602,0.315379,-0.078896,0.290514,0.46131,-0.027608,0.316891,0.357835,-0.046187,0.33368,0.290551,-0.0632,0.345887,0.231486,-0.076143,0.245245,0.458702,-0.034679,0.262374,0.358244,-0.059033,0.275938,0.287819,-0.081529,0.287816,0.225385,-0.097289,0.196189,0.478715,-0.044881,0.170924,0.406882,-0.073631,0.150684,0.357026,-0.091382,0.134061,0.307247,-0.102598
845,28166,True,0.9666,0.9666,0.20911,0.717905,0.0,0.280734,0.702411,-0.034259,0.345351,0.646671,-0.049263,0.395218,0.59444,-0.061977,0.443446,0.573573,-0.074197,0.331476,0.492057,-0.024957,0.373712,0.41541,-0.04477,0.3978,0.362548,-0.06265,0.415976,0.31562,-0.077336,0.290234,0.461567,-0.027329,0.316937,0.357752,-0.045589,0.333854,0.29021,-0.062486,0.34601,0.230801,-0.075415,0.245277,0.459046,-0.034771,0.262365,0.358403,-0.058711,0.275835,0.287907,-0.081163,0.287592,0.225281,-0.096973,0.196443,0.479074,-0.045193,0.170977,0.406836,-0.073487,0.15065,0.356867,-0.09107,0.134078,0.30691,-0.102257
846,28200,True,0.9668,0.9668,0.208994,0.718025,0.0,0.280525,0.702373,-0.03449,0.345329,0.646725,-0.049746,0.395231,0.594493,-0.062674,0.443465,0.573325,-0.075099,0.331745,0.492224,-0.025515,0.373992,0.415215,-0.04557,0.398193,0.362247,-0.063564,0.416516,0.315196,-0.078319,0.290517,0.461701,-0.027873,0.317111,0.357824,-0.046388,0.333905,0.290138,-0.063404,0.345972,0.230632,-0.076399,0.245482,0.459089,-0.035302,0.262505,0.358302,-0.059463,0.275879,0.287685,-0.081963,0.287548,0.224881,-0.097798,0.196554,0.479088,-0.04572,0.171083,0.406876,-0.074206,0.150683,0.357056,-0.091824,0.133974,0.307164,-0.103011
847,28233,True,0.9665,0.9665,0.209249,0.718445,0.0,0.280527,0.702444,-0.034516,0.345115,0.646901,-0.049892,0.395211,0.59469,-0.062944,0.443737,0.573122,-0.075517,0.331823,0.492211,-0.025578,0.374084,0.415681,-0.045751,0.398339,0.362809,-0.063923,0.416678,0.315798,-0.078806,0.290569,0.461666,-0.028,0.317276,0.3579,-0.046522,0.334242,0.290377,-0.063595,0.346544,0.230924,-0.076659,0.245375,0.459175,-0.035484,0.262855,0.35839,-0.059705,0.276202,0.287735,-0.082174,0.287969,0.224763,-0.098015,0.196288,0.479499,-0.04595,0.170901,0.407212,-0.074541,0.15042,0.357553,-0.092089,0.133659,0.307789,-0.103216
848,28266,True,0.9666,0.9666,0.209277,0.718301,1e-06,0.28026,0.702772,-0.035204,0.345106,0.647544,-0.051092,0.395256,0.594962,-0.064514,0.443958,0.573334,-0.07745,0.331684,0.492715,-0.026883,0.374129,0.416118,-0.047616,0.398477,0.363086,-0.06606,0.416959,0.315693,-0.081112,0.290467,0.462073,-0.029146,0.31745,0.357773,-0.048204,0.334543,0.289835,-0.065504,0.346944,0.229608,-0.078708,0.245321,0.459612,-0.036489,0.262463,0.358867,-0.061174,0.275994,0.287994,-0.08378,0.287869,0.224645,-0.099654,0.196286,0.479949,-0.046857,0.170964,0.407315,-0.075753,0.15059,0.357433,-0.093419,0.133816,0.307196,-0.104621
849,28300,True,0.9673,0.9673,0.209125,0.718091,0.0,0.279843,0.702765,-0.035634,0.34493,0.647573,-0.051716,0.395268,0.595235,-0.065204,0.443903,0.573432,-0.078185,0.331958,0.492871,-0.027739,0.374247,0.415513,-0.048646,0.398324,0.361847,-0.067023,0.416481,0.314326,-0.081976,0.290592,0.462066,-0.029879,0.317359,0.357067,-0.049206,0.334245,0.288769,-0.066431,0.346407,0.228948,-0.079477,0.24525,0.459492,-0.037118,0.262598,0.35771,-0.062136,0.2762,0.286877,-0.084757,0.288097,0.224075,-0.100537,0.196113,0.479778,-0.047386,0.170679,0.406747,-0.076669,0.150362,0.356717,-0.09447,0.13361,0.306669,-0.105659
850,28333,True,0.9674,0.9674,0.208867,0.717894,0.0,0.279855,0.702239,-0.034709,0.344883,0.646801,-0.050261,0.395061,0.594493,-0.063355,0.443653,0.572852,-0.076012,0.331999,0.492672,-0.026964,0.374152,0.415296,-0.047563,0.397853,0.361555,-0.065762,0.41574,0.313931,-0.080623,0.290477,0.461934,-0.029396,0.317615,0.357163,-0.048391,0.334571,0.289046,-0.065532,0.346832,0.229329,-0.078576,0.244994,0.459352,-0.036801,0.262705,0.357496,-0.061427,0.276465,0.286918,-0.08393,0.28849,0.22427,-0.09973,0.195652,0.479759,-0.047152,0.170318,0.406984,-0.076117,0.150113,0.356943,-0.093758,0.133483,0.306791,-0.104886
851,28366,True,0.9676,0.9676,0.208404,0.717286,0.0,0.279564,0.702444,-0.035365,0.344717,0.64694,-0.051083,0.394996,0.594394,-0.064192,0.443457,0.573058,-0.076833,0.332305,0.493271,-0.027839,0.374684,0.415565,-0.048669,0.397937,0.361254,-0.066907,0.415264,0.313553,-0.081761,0.290335,0.462056,-0.029944,0.317274,0.356817,-0.049352,0.334537,0.288557,-0.066636,0.347134,0.228781,-0.079674,0.244611,0.459308,-0.037044,0.261872,0.357495,-0.061961,0.276087,0.287042,-0.084549,0.288717,0.224376,-0.100331,0.195288,0.479566,-0.047131,0.170071,0.406966,-0.076324,0.150188,0.356764,-0.094096,0.133997,0.306343,-0.105273
852,28400,True,0.9703,0.9703,0.208421,0.716897,0.0,0.279192,0.702053,-0.034281,0.343989,0.646609,-0.049782,0.394609,0.594798,-0.06287,0.443124,0.573061,-0.075551,0.331221,0.492858,-0.027514,0.374009,0.415289,-0.048438,0.397951,0.361555,-0.066588,0.416108,0.313989,-0.081343,0.289932,0.462284,-0.030171,0.317161,0.356866,-0.049666,0.334615,0.288695,-0.066825,0.347266,0.228738,-0.079724,0.244712,0.459913,-0.037696,0.262151,0.357714,-0.062664,0.276594,0.287136,-0.084982,0.289409,0.224016,-0.10052,0.195923,0.480596,-0.048091,0.170506,0.407633,-0.077184,0.150504,0.35749,-0.094649,0.134127,0.307296,-0.105568
853,28433,True,0.9696,0.9696,0.208059,0.717501,0.0,0.278815,0.702344,-0.034861,0.343739,0.647116,-0.05059,0.394583,0.595218,-0.063791,0.442937,0.573197,-0.076576,0.331586,0.493527,-0.027826,0.374544,0.415942,-0.04878,0.398171,0.361824,-0.067033,0.415921,0.313975,-0.081906,0.29016,0.462736,-0.030278,0.317496,0.357619,-0.04987,0.334938,0.289369,-0.067294,0.347669,0.229334,-0.080461,0.244618,0.46012,-0.037665,0.262306,0.357987,-0.062776,0.277032,0.287337,-0.085505,0.290084,0.224449,-0.101404,0.195335,0.480309,-0.047962,0.169999,0.407356,-0.07732,0.150029,0.357038,-0.095192,0.133812,0.306653,-0.106453
854,28466,True,0.9677,0.9677,0.208364,0.718098,0.0,0.280078,0.703235,-0.036399,0.344569,0.648942,-0.052848,0.394103,0.596056,-0.066556,0.442623,0.57332,-0.079781,0.331413,0.493817,-0.028785,0.374195,0.415375,-0.049945,0.397761,0.361156,-0.068341,0.415575,0.313364,-0.083314,0.28991,0.463546,-0.030507,0.317061,0.358573,-0.050548,0.334831,0.290165,-0.068432,0.347971,0.230217,-0.081899,0.244475,0.461311,-0.037298,0.262314,0.359046,-0.063055,0.277477,0.288482,-0.086324,0.291005,0.226038,-0.102448,0.195473,0.481426,-0.047077,0.170613,0.408237,-0.077116,0.150966,0.357681,-0.095519,0.134886,0.307495,-0.107055
855,28500,True,0.9688,0.9688,0.208843,0.717983,1e-06,0.27948,0.703137,-0.035438,0.344522,0.648045,-0.051541,0.394493,0.595972,-0.065054,0.442907,0.573862,-0.078146,0.332346,0.493883,-0.028435,0.374739,0.414867,-0.049437,0.398349,0.360624,-0.067623,0.416414,0.312992,-0.082355,0.290648,0.46396,-0.030587,0.317746,0.35885,-0.050203,0.335473,0.29023,-0.067685,0.348768,0.229795,-0.080861,0.245021,0.461761,-0.037713,0.262495,0.359843,-0.062864,0.27782,0.289397,-0.085563,0.291549,0.226649,-0.101351,0.195519,0.481734,-0.047801,0.170939,0.408175,-0.077225,0.15133,0.357697,-0.095046,0.135309,0.307145,-0.106206
856,28533,True,0.9669,0.9669,0.208775,0.718421,1e-06,0.279756,0.703088,-0.036299,0.34473,0.648218,-0.05264,0.394688,0.596094,-0.066239,0.44321,0.573999,-0.079378,0.332396,0.493641,-0.028488,0.374808,0.41533,-0.049346,0.398247,0.361127,-0.067669,0.416077,0.3133,-0.082596,0.290659,0.463674,-0.030222,0.31748,0.359386,-0.049753,0.335001,0.290852,-0.067443,0.348207,0.230464,-0.080857,0.24503,0.461455,-0.037041,0.263067,0.36022,-0.062275,0.278445,0.289852,-0.085328,0.292183,0.227265,-0.101411,0.195625,0.481371,-0.0469,0.171106,0.408262,-0.076589,0.151513,0.357764,-0.094816,0.135548,0.307221,-0.106288
857,28566,True,0.9669,0.9669,0.208588,0.718408,1e-06,0.279334,0.703405,-0.036012,0.344355,0.647402,-0.051976,0.394378,0.595124,-0.065205,0.44308,0.574079,-0.078049,0.332743,0.493995,-0.028642,0.37539,0.415563,-0.049451,0.39886,0.361192,-0.067676,0.416677,0.313207,-0.082601,0.290988,0.464041,-0.03053,0.317675,0.359349,-0.050223,0.335157,0.290484,-0.06805,0.348305,0.22977,-0.081571,0.245255,0.461824,-0.037439,0.263167,0.360282,-0.062947,0.278488,0.289765,-0.086308,0.292135,0.226821,-0.102567,0.195585,0.481634,-0.047322,0.17118,0.40811,-0.077278,0.151596,0.357693,-0.095722,0.135666,0.307117,-0.107356
858,28599,True,0.9682,0.9682,0.208334,0.718599,0.0,0.279232,0.704007,-0.036019,0.344397,0.647714,-0.05198,0.394231,0.594437,-0.065202,0.443375,0.573425,-0.078058,0.333112,0.493761,-0.028771,0.375773,0.415378,-0.049554,0.399265,0.36118,-0.067833,0.417149,0.313064,-0.08288,0.291337,0.463836,-0.030769,0.318051,0.359272,-0.050499,0.335387,0.290475,-0.068405,0.348382,0.229747,-0.082013,0.24558,0.461763,-0.03774,0.263741,0.360037,-0.06335,0.278889,0.28975,-0.086648,0.292429,0.226867,-0.102876,0.195814,0.482079,-0.047671,0.171277,0.408213,-0.077742,0.151614,0.357901,-0.096104,0.135553,0.307447,-0.107676
859,28633,True,0.9696,0.9696,0.208655,0.718379,0.0,0.279031,0.703561,-0.035302,0.344381,0.646755,-0.050987,0.39465,0.593818,-0.064081,0.443639,0.573291,-0.076808,0.33356,0.493181,-0.028319,0.376515,0.414907,-0.048934,0.39978,0.360421,-0.066993,0.417125,0.312495,-0.081812,0.291558,0.463233,-0.030657,0.318435,0.358084,-0.050166,0.335864,0.289421,-0.067616,0.348783,0.229132,-0.080757,0.245757,0.461281,-0.03791,0.263542,0.358883,-0.06318,0.278757,0.288913,-0.086006,0.292435,0.226333,-0.101895,0.1962,0.4821,-0.04809,0.171265,0.408543,-0.077775,0.15139,0.358315,-0.095731,0.135326,0.307957,-0.10699
860,28666,True,0.9693,0.9693,0.208281,0.718032,0.0,0.278654,0.703258,-0.036129,0.343919,0.64735,-0.052307,0.394327,0.594222,-0.065726,0.443635,0.572417,-0.078708,0.332846,0.493062,-0.028912,0.374604,0.414186,-0.049848,0.397442,0.359596,-0.068132,0.414594,0.311329,-0.083098,0.291199,0.46297,-0.030961,0.317746,0.3574,-0.050798,0.334859,0.288487,-0.068519,0.347476,0.227912,-0.081853,0.24544,0.460941,-0.038008,0.263456,0.358664,-0.06369,0.278673,0.288461,-0.086728,0.292343,0.225706,-0.10272,0.195811,0.481493,-0.048023,0.171046,0.408028,-0.078026,0.151218,0.357934,-0.096122,0.135064,0.307712,-0.107458
861,28700,True,0.9704,0.9704,0.208245,0.719112,0.0,0.278739,0.70411,-0.036148,0.344165,0.64786,-0.05227,0.394724,0.594144,-0.065607,0.444285,0.571403,-0.07842,0.332674,0.493495,-0.028689,0.374313,0.414096,-0.049752,0.396972,0.359373,-0.068165,0.414045,0.311046,-0.083136,0.291001,0.463223,-0.030561,0.318007,0.357811,-0.050302,0.335201,0.288995,-0.067986,0.347969,0.228683,-0.081282,0.245202,0.460988,-0.037437,0.263484,0.358376,-0.06279,0.278957,0.288957,-0.085454,0.293008,0.227087,-0.101197,0.195529,0.481491,-0.047317,0.171277,0.40779,-0.076815,0.151949,0.357747,-0.094517,0.136269,0.307679,-0.105574
862,28733,True,0.9683,0.9683,0.208697,0.717744,0.0,0.279367,0.702326,-0.035016,0.345087,0.645652,-0.050628,0.395846,0.592779,-0.063812,0.445058,0.57066,-0.076506,0.332863,0.493094,-0.027062,0.374047,0.413022,-0.047327,0.396221,0.358573,-0.065022,0.41289,0.310949,-0.079431,0.291558,0.463422,-0.029147,0.318487,0.358631,-0.048082,0.336307,0.290439,-0.064929,0.349563,0.230781,-0.077583,0.246452,0.461385,-0.036248,0.264812,0.359245,-0.060762,0.28207,0.291084,-0.082705,0.297557,0.230787,-0.097964,0.197777,0.481653,-0.046346,0.175345,0.40811,-0.075066,0.156835,0.358098,-0.092333,0.141299,0.308445,-0.103155
863,28766,True,0.9793,0.9793,0.209044,0.721489,0.0,0.281296,0.700235,-0.030586,0.347258,0.639134,-0.044447,0.396837,0.58359,-0.057419,0.446123,0.560142,-0.070057,0.335981,0.490562,-0.017658,0.374278,0.409091,-0.038504,0.395468,0.358142,-0.057858,0.415358,0.313497,-0.072852,0.295491,0.465527,-0.019889,0.323268,0.373135,-0.037428,0.34552,0.315248,-0.054739,0.366683,0.26543,-0.068321,0.251735,0.464608,-0.027261,0.271275,0.37809,-0.047341,0.289119,0.321699,-0.064689,0.307481,0.272785,-0.077503,0.204286,0.484014,-0.037979,0.193672,0.4169,-0.059197,0.185659,0.371577,-0.07127,0.179957,0.328381,-0.079323
864,28800,True,0.9695,0.9695,0.21691,0.719379,0.0,0.287519,0.696111,-0.031135,0.35223,0.632137,-0.044285,0.399219,0.571301,-0.056951,0.444541,0.537326,-0.06956,0.338361,0.494962,-0.015782,0.366259,0.408392,-0.034181,0.381951,0.351576,-0.05179,0.395166,0.305592,-0.066177,0.299462,0.475881,-0.016673,0.323198,0.376732,-0.040308,0.346793,0.348446,-0.060402,0.363933,0.345473,-0.073514,0.256193,0.480344,-0.021766,0.269584,0.377411,-0.051842,0.28914,0.382751,-0.066837,0.302029,0.416753,-0.073264,0.207866,0.498621,-0.029622,0.213937,0.426057,-0.059432,0.227467,0.437422,-0.070122,0.235804,0.472752,-0.074066
865,28833,True,0.9954,0.9954,0.227472,0.720226,0.0,0.292396,0.697837,-0.022328,0.354404,0.62407,-0.035715,0.398168,0.562597,-0.051059,0.443234,0.533207,-0.066454,0.337811,0.490783,-0.009254,0.358697,0.403089,-0.029785,0.376881,0.350262,-0.044494,0.391436,0.304471,-0.056467,0.300891,0.480801,-0.016678,0.333571,0.38679,-0.057981,0.347085,0.454449,-0.074914,0.343535,0.515619,-0.075925,0.259756,0.489002,-0.026809,0.281581,0.390515,-0.067352,0.300923,0.458906,-0.067105,0.302457,0.516927,-0.055997,0.211932,0.507968,-0.038667,0.225815,0.436515,-0.06882,0.247949,0.47501,-0.06826,0.255359,0.514572,-0.060945
866,28866,True,0.9943,0.9943,0.227524,0.721549,0.0,0.29601,0.695041,-0.025014,0.354827,0.627927,-0.039775,0.394731,0.566095,-0.056678,0.438345,0.525155,-0.073474,0.338839,0.498311,-0.009036,0.361507,0.413151,-0.031681,0.378206,0.361676,-0.046941,0.392897,0.31575,-0.0583,0.30304,0.489729,-0.013796,0.330061,0.417398,-0.055644,0.342938,0.480138,-0.072223,0.345352,0.531663,-0.073443,0.261523,0.494985,-0.021983,0.285933,0.421921,-0.067028,0.299257,0.498586,-0.065348,0.299367,0.557607,-0.051572,0.213761,0.509985,-0.031876,0.234667,0.454186,-0.065165,0.253734,0.505818,-0.062365,0.25814,0.551265,-0.051734
867,28900,True,0.9916,0.9916,0.232925,0.719895,0.0,0.299073,0.695069,-0.025328,0.355032,0.626391,-0.040448,0.390043,0.561873,-0.057299,0.431333,0.518027,-0.073535,0.340378,0.503208,-0.012406,0.361835,0.418723,-0.036497,0.375461,0.366097,-0.05067,0.386096,0.317631,-0.060802,0.304441,0.494845,-0.015737,0.330957,0.441837,-0.059937,0.334311,0.522155,-0.070985,0.329067,0.576196,-0.067479,0.26388,0.499231,-0.022834,0.287889,0.442987,-0.068964,0.29622,0.526819,-0.060923,0.292671,0.581977,-0.042497,0.217507,0.513063,-0.031786,0.24151,0.46563,-0.06464,0.258376,0.522895,-0.058173,0.260487,0.567332,-0.044591
868,28933,True,0.9944,0.9944,0.234039,0.718633,0.0,0.298772,0.696045,-0.023636,0.354839,0.628194,-0.038069,0.390719,0.56483,-0.05436,0.431493,0.52163,-0.070385,0.339157,0.506701,-0.012048,0.362486,0.423295,-0.036395,0.377275,0.370921,-0.050783,0.388318,0.32265,-0.061112,0.304336,0.498545,-0.016151,0.335246,0.446475,-0.059655,0.336085,0.527045,-0.070456,0.327369,0.577364,-0.067061,0.264553,0.503439,-0.023745,0.291909,0.447163,-0.070032,0.298134,0.531173,-0.061222,0.292023,0.582043,-0.042481,0.218216,0.517839,-0.032871,0.244621,0.47288,-0.066217,0.261006,0.531658,-0.058717,0.261246,0.573842,-0.044447
869,28966,True,0.995,0.995,0.235241,0.717163,0.0,0.299156,0.697492,-0.025834,0.354989,0.63157,-0.041064,0.389673,0.56795,-0.057439,0.430788,0.525099,-0.073232,0.33974,0.509162,-0.013346,0.363961,0.426568,-0.038354,0.378469,0.37407,-0.052745,0.388931,0.326339,-0.062841,0.304603,0.500384,-0.016259,0.3361,0.448436,-0.060387,0.334355,0.530623,-0.070381,0.324434,0.580844,-0.065898,0.264578,0.504495,-0.02296,0.292603,0.451314,-0.070429,0.295799,0.536619,-0.060876,0.288386,0.585323,-0.04108,0.218265,0.518075,-0.031281,0.245198,0.476513,-0.065204,0.259326,0.537294,-0.057096,0.258272,0.577533,-0.042099
870,29000,True,0.9958,0.9958,0.236737,0.716142,0.0,0.298262,0.696809,-0.025799,0.353663,0.63219,-0.041334,0.387649,0.570483,-0.057826,0.426479,0.526089,-0.073625,0.338268,0.508653,-0.014567,0.36275,0.42588,-0.039528,0.377227,0.373833,-0.054009,0.387614,0.326191,-0.064147,0.303165,0.499741,-0.017286,0.335149,0.450737,-0.061074,0.334077,0.533083,-0.070975,0.324289,0.582997,-0.06667,0.263239,0.503933,-0.023681,0.291947,0.452565,-0.07036,0.295851,0.53739,-0.060733,0.288531,0.585424,-0.041285,0.217651,0.518125,-0.031692,0.245962,0.478597,-0.06515,0.259778,0.539243,-0.056903,0.257951,0.578596,-0.041961
871,29033,True,0.9954,0.9954,0.23734,0.715135,0.0,0.298829,0.696787,-0.026593,0.353359,0.632938,-0.042196,0.384917,0.571488,-0.058434,0.421368,0.525694,-0.073871,0.339654,0.507994,-0.015813,0.364206,0.424486,-0.041337,0.378071,0.372439,-0.05638,0.387892,0.324754,-0.066774,0.303609,0.498522,-0.017993,0.335135,0.452517,-0.062156,0.333411,0.535181,-0.072423,0.323149,0.585241,-0.068371,0.262991,0.50285,-0.023876,0.29061,0.455098,-0.070505,0.294194,0.538905,-0.061191,0.286941,0.5858,-0.042023,0.21712,0.517475,-0.031409,0.245067,0.479479,-0.064576,0.258538,0.539717,-0.056072,0.256509,0.578223,-0.040945
872,29066,True,0.9953,0.9953,0.23815,0.713119,0.0,0.299081,0.695337,-0.026831,0.353567,0.632711,-0.042414,0.384112,0.572214,-0.058542,0.418721,0.525749,-0.07392,0.340756,0.50768,-0.017358,0.363843,0.421992,-0.042854,0.376356,0.369882,-0.057936,0.385354,0.321735,-0.068389,0.304405,0.498541,-0.019314,0.334006,0.453867,-0.063924,0.333316,0.536192,-0.074758,0.324028,0.586832,-0.071172,0.263378,0.503398,-0.02479,0.28813,0.455099,-0.07119,0.292649,0.538422,-0.062112,0.286618,0.586531,-0.043229,0.217182,0.5186,-0.031952,0.242613,0.47966,-0.064979,0.256677,0.539155,-0.056657,0.255535,0.578291,-0.041659
873,29099,True,0.9953,0.9953,0.237614,0.713794,0.0,0.298225,0.695689,-0.027513,0.352741,0.633199,-0.043728,0.383146,0.572047,-0.06036,0.417575,0.524625,-0.076055,0.34139,0.507094,-0.01699,0.363151,0.421283,-0.04289,0.375354,0.36777,-0.058003,0.383656,0.31913,-0.068403,0.304923,0.498709,-0.018752,0.333531,0.45345,-0.063377,0.332057,0.537745,-0.073455,0.3229,0.586087,-0.069117,0.263995,0.503929,-0.024265,0.287663,0.456027,-0.071013,0.291442,0.540614,-0.06071,0.284536,0.585578,-0.040819,0.217797,0.519639,-0.031537,0.242447,0.47935,-0.06426,0.254951,0.539183,-0.054713,0.252093,0.575513,-0.038852
874,29133,True,0.9951,0.9951,0.236346,0.713553,0.0,0.297753,0.696309,-0.028695,0.352903,0.634162,-0.045611,0.383804,0.572127,-0.06275,0.418618,0.523932,-0.078963,0.340763,0.505943,-0.018157,0.362833,0.420731,-0.044144,0.374656,0.366742,-0.05935,0.382334,0.317671,-0.069905,0.304117,0.497603,-0.019403,0.33316,0.454047,-0.063972,0.331318,0.538481,-0.074146,0.322039,0.585795,-0.070011,0.263175,0.502991,-0.024458,0.287442,0.455741,-0.071542,0.291258,0.540773,-0.06155,0.284425,0.585332,-0.041956,0.217077,0.518858,-0.031338,0.241926,0.479121,-0.064849,0.255075,0.539759,-0.055883,0.25318,0.57661,-0.04039
875,29166,True,0.9951,0.9951,0.236146,0.713282,0.0,0.297597,0.695854,-0.029164,0.352818,0.634372,-0.046501,0.383374,0.57241,-0.064023,0.417577,0.523244,-0.080559,0.339988,0.505573,-0.018609,0.362586,0.420327,-0.04497,0.374858,0.365805,-0.060028,0.38247,0.316323,-0.070336,0.302989,0.49752,-0.019798,0.332606,0.453771,-0.064644,0.330014,0.539356,-0.074306,0.320372,0.584569,-0.069513,0.262169,0.502715,-0.024867,0.287265,0.456784,-0.07281,0.289819,0.543107,-0.062234,0.281876,0.585,-0.041854,0.216188,0.518268,-0.031745,0.242148,0.478944,-0.065688,0.25445,0.540886,-0.056019,0.25167,0.576623,-0.039794
876,29200,True,0.9959,0.9959,0.235375,0.714456,0.0,0.296618,0.697016,-0.028989,0.351792,0.634661,-0.046259,0.382734,0.571354,-0.063765,0.417575,0.521776,-0.080238,0.338487,0.506091,-0.017454,0.361051,0.421361,-0.043841,0.373446,0.366241,-0.058572,0.381044,0.316877,-0.06864,0.301703,0.498008,-0.018922,0.332442,0.453886,-0.064305,0.328414,0.540914,-0.073648,0.317812,0.585193,-0.068232,0.261175,0.503173,-0.024379,0.286546,0.45798,-0.073022,0.288185,0.544505,-0.061984,0.279604,0.584203,-0.040992,0.215215,0.51878,-0.03159,0.241131,0.480538,-0.065619,0.253091,0.542561,-0.055472,0.249836,0.576464,-0.038843
877,29233,True,0.9962,0.9962,0.235117,0.713623,0.0,0.29676,0.696352,-0.029338,0.351632,0.634817,-0.046925,0.382923,0.57211,-0.064599,0.417424,0.521899,-0.081251,0.338188,0.506057,-0.01835,0.361245,0.420687,-0.044654,0.373523,0.365477,-0.059477,0.380293,0.316353,-0.069619,0.301213,0.498413,-0.019726,0.332668,0.45448,-0.065582,0.329221,0.541077,-0.075465,0.318069,0.585646,-0.070403,0.260403,0.503951,-0.025006,0.286158,0.45819,-0.073853,0.28784,0.54368,-0.063296,0.278687,0.582927,-0.042678,0.214197,0.519518,-0.032011,0.240304,0.480855,-0.066191,0.252561,0.542485,-0.056187,0.248983,0.576441,-0.039678
878,29266,True,0.996,0.996,0.233762,0.715161,0.0,0.295191,0.697781,-0.028027,0.351275,0.63579,-0.044791,0.383104,0.573679,-0.061856,0.41828,0.525469,-0.078012,0.338458,0.50825,-0.01756,0.362191,0.422874,-0.043659,0.374707,0.368182,-0.058272,0.381846,0.319181,-0.068231,0.301565,0.499845,-0.019409,0.332572,0.454592,-0.064752,0.329401,0.540675,-0.074399,0.318574,0.585904,-0.069276,0.260569,0.504567,-0.025041,0.285981,0.457842,-0.073366,0.288032,0.543651,-0.062615,0.279216,0.58428,-0.041882,0.214068,0.519486,-0.032305,0.240353,0.479471,-0.065948,0.252645,0.541312,-0.055639,0.24888,0.576003,-0.038943
879,29300,True,0.9956,0.9956,0.230328,0.715973,0.0,0.292702,0.700799,-0.027702,0.350711,0.638635,-0.044185,0.385855,0.577385,-0.061067,0.423634,0.530294,-0.077261,0.338361,0.510809,-0.017565,0.365748,0.426178,-0.044395,0.382225,0.373658,-0.05976,0.394565,0.32697,-0.070103,0.302312,0.500681,-0.019641,0.336689,0.457443,-0.065464,0.33157,0.542038,-0.075825,0.319589,0.588291,-0.071318,0.261127,0.504063,-0.025449,0.288928,0.459164,-0.074632,0.288807,0.545756,-0.064407,0.279787,0.589187,-0.043886,0.214424,0.517476,-0.032807,0.241289,0.479492,-0.067762,0.252673,0.543239,-0.058002,0.249094,0.580627,-0.041407
880,29333,True,0.9966,0.9966,0.228648,0.723206,0.0,0.292719,0.707696,-0.023986,0.35273,0.64524,-0.03948,0.391769,0.589361,-0.056225,0.433603,0.549972,-0.072663,0.338808,0.514293,-0.015381,0.36909,0.435559,-0.040972,0.391745,0.38924,-0.057305,0.410216,0.350607,-0.068536,0.303306,0.502177,-0.019213,0.344971,0.467555,-0.061419,0.34028,0.543578,-0.073034,0.325781,0.587883,-0.071343,0.262704,0.504261,-0.026443,0.297349,0.468277,-0.072045,0.296595,0.550031,-0.064323,0.286642,0.595416,-0.04748,0.217302,0.517773,-0.035148,0.247968,0.491391,-0.06942,0.258855,0.554749,-0.062404,0.256049,0.594622,-0.048724
881,29366,True,0.9944,0.9944,0.228897,0.738013,-0.0,0.299733,0.714284,-0.018061,0.361185,0.661313,-0.0341,0.403504,0.616846,-0.053824,0.444624,0.591885,-0.072995,0.339372,0.526807,-0.005669,0.372279,0.475735,-0.031263,0.396245,0.463287,-0.048718,0.409853,0.456291,-0.05981,0.304427,0.512813,-0.012517,0.353256,0.495428,-0.048474,0.352213,0.570278,-0.059115,0.337982,0.606581,-0.058696,0.266365,0.512413,-0.023315,0.311702,0.499139,-0.064185,0.312319,0.579293,-0.058727,0.300452,0.623334,-0.04483,0.224286,0.523099,-0.035532,0.261485,0.520106,-0.065894,0.272881,0.581698,-0.060057,0.269197,0.621171,-0.048178
882,29400,True,0.9963,0.9963,0.230464,0.759636,0.0,0.300582,0.742647,-0.016506,0.366356,0.702143,-0.035692,0.414872,0.673626,-0.058577,0.46141,0.657951,-0.081282,0.354851,0.550687,-0.011723,0.394112,0.525673,-0.040289,0.426517,0.529665,-0.063126,0.453236,0.544636,-0.077115,0.319988,0.527629,-0.019457,0.368814,0.563256,-0.053229,0.368302,0.63439,-0.066963,0.359279,0.683631,-0.069785,0.279972,0.529573,-0.030501,0.327153,0.564768,-0.061708,0.331149,0.630415,-0.060156,0.327267,0.676894,-0.052049,0.238657,0.547598,-0.043749,0.274598,0.578335,-0.064194,0.285151,0.632015,-0.059545,0.286534,0.671471,-0.050284
883,29433,True,0.9978,0.9978,0.232476,0.803594,1e-06,0.307713,0.789548,-0.012718,0.379545,0.752604,-0.02857,0.428166,0.732093,-0.050524,0.472044,0.725391,-0.072843,0.377597,0.607401,-0.009322,0.42823,0.595442,-0.047329,0.470575,0.613185,-0.075916,0.507014,0.641369,-0.091079,0.343321,0.584596,-0.022578,0.409916,0.597259,-0.06297,0.461885,0.618127,-0.084632,0.501901,0.64318,-0.091495,0.300013,0.583347,-0.039737,0.355857,0.644652,-0.086705,0.353645,0.730599,-0.091431,0.347153,0.793314,-0.079463,0.255481,0.602013,-0.058229,0.29813,0.660415,-0.087573,0.306147,0.722874,-0.08259,0.306673,0.768673,-0.068638
884,29466,True,0.9989,0.9989,0.230891,0.857854,0.0,0.315522,0.862053,-0.005996,0.392313,0.847994,-0.019607,0.446401,0.847897,-0.039866,0.490856,0.845795,-0.060699,0.406395,0.688849,-0.009871,0.45929,0.682005,-0.04583,0.496964,0.710954,-0.071989,0.52354,0.751324,-0.085376,0.368502,0.659394,-0.026944,0.436047,0.672506,-0.060544,0.481895,0.707078,-0.080805,0.509799,0.750948,-0.088433,0.318976,0.657894,-0.046725,0.369202,0.74671,-0.085474,0.368899,0.818918,-0.094764,0.359887,0.869186,-0.090478,0.268079,0.683728,-0.067463,0.307551,0.770274,-0.094022,0.316669,0.838158,-0.093185,0.31776,0.887038,-0.08447
885,29500,False,0.0,0.0,0.0,0.0,0.0,0.0,0.0,0.0,0.0,0.0,0.0,0.0,0.0,0.0,0.0,0.0,0.0,0.0,0.0,0.0,0.0,0.0,0.0,0.0,0.0,0.0,0.0,0.0,0.0,0.0,0.0,0.0,0.0,0.0,0.0,0.0,0.0,0.0,0.0,0.0,0.0,0.0,0.0,0.0,0.0,0.0,0.0,0.0,0.0,0.0,0.0,0.0,0.0,0.0,0.0,0.0,0.0,0.0,0.0,0.0,0.0,0.0,0.0,0.0,0.0
886,29533,False,0.0,0.0,0.0,0.0,0.0,0.0,0.0,0.0,0.0,0.0,0.0,0.0,0.0,0.0,0.0,0.0,0.0,0.0,0.0,0.0,0.0,0.0,0.0,0.0,0.0,0.0,0.0,0.0,0.0,0.0,0.0,0.0,0.0,0.0,0.0,0.0,0.0,0.0,0.0,0.0,0.0,0.0,0.0,0.0,0.0,0.0,0.0,0.0,0.0,0.0,0.0,0.0,0.0,0.0,0.0,0.0,0.0,0.0,0.0,0.0,0.0,0.0,0.0,0.0,0.0
887,29566,False,0.0,0.0,0.0,0.0,0.0,0.0,0.0,0.0,0.0,0.0,0.0,0.0,0.0,0.0,0.0,0.0,0.0,0.0,0.0,0.0,0.0,0.0,0.0,0.0,0.0,0.0,0.0,0.0,0.0,0.0,0.0,0.0,0.0,0.0,0.0,0.0,0.0,0.0,0.0,0.0,0.0,0.0,0.0,0.0,0.0,0.0,0.0,0.0,0.0,0.0,0.0,0.0,0.0,0.0,0.0,0.0,0.0,0.0,0.0,0.0,0.0,0.0,0.0,0.0,0.0
888,29599,False,0.0,0.0,0.0,0.0,0.0,0.0,0.0,0.0,0.0,0.0,0.0,0.0,0.0,0.0,0.0,0.0,0.0,0.0,0.0,0.0,0.0,0.0,0.0,0.0,0.0,0.0,0.0,0.0,0.0,0.0,0.0,0.0,0.0,0.0,0.0,0.0,0.0,0.0,0.0,0.0,0.0,0.0,0.0,0.0,0.0,0.0,0.0,0.0,0.0,0.0,0.0,0.0,0.0,0.0,0.0,0.0,0.0,0.0,0.0,0.0,0.0,0.0,0.0,0.0,0.0
889,29633,False,0.0,0.0,0.0,0.0,0.0,0.0,0.0,0.0,0.0,0.0,0.0,0.0,0.0,0.0,0.0,0.0,0.0,0.0,0.0,0.0,0.0,0.0,0.0,0.0,0.0,0.0,0.0,0.0,0.0,0.0,0.0,0.0,0.0,0.0,0.0,0.0,0.0,0.0,0.0,0.0,0.0,0.0,0.0,0.0,0.0,0.0,0.0,0.0,0.0,0.0,0.0,0.0,0.0,0.0,0.0,0.0,0.0,0.0,0.0,0.0,0.0,0.0,0.0,0.0,0.0
890,29666,False,0.0,0.0,0.0,0.0,0.0,0.0,0.0,0.0,0.0,0.0,0.0,0.0,0.0,0.0,0.0,0.0,0.0,0.0,0.0,0.0,0.0,0.0,0.0,0.0,0.0,0.0,0.0,0.0,0.0,0.0,0.0,0.0,0.0,0.0,0.0,0.0,0.0,0.0,0.0,0.0,0.0,0.0,0.0,0.0,0.0,0.0,0.0,0.0,0.0,0.0,0.0,0.0,0.0,0.0,0.0,0.0,0.0,0.0,0.0,0.0,0.0,0.0,0.0,0.0,0.0
891,29700,False,0.0,0.0,0.0,0.0,0.0,0.0,0.0,0.0,0.0,0.0,0.0,0.0,0.0,0.0,0.0,0.0,0.0,0.0,0.0,0.0,0.0,0.0,0.0,0.0,0.0,0.0,0.0,0.0,0.0,0.0,0.0,0.0,0.0,0.0,0.0,0.0,0.0,0.0,0.0,0.0,0.0,0.0,0.0,0.0,0.0,0.0,0.0,0.0,0.0,0.0,0.0,0.0,0.0,0.0,0.0,0.0,0.0,0.0,0.0,0.0,0.0,0.0,0.0,0.0,0.0
892,29733,False,0.0,0.0,0.0,0.0,0.0,0.0,0.0,0.0,0.0,0.0,0.0,0.0,0.0,0.0,0.0,0.0,0.0,0.0,0.0,0.0,0.0,0.0,0.0,0.0,0.0,0.0,0.0,0.0,0.0,0.0,0.0,0.0,0.0,0.0,0.0,0.0,0.0,0.0,0.0,0.0,0.0,0.0,0.0,0.0,0.0,0.0,0.0,0.0,0.0,0.0,0.0,0.0,0.0,0.0,0.0,0.0,0.0,0.0,0.0,0.0,0.0,0.0,0.0,0.0,0.0
893,29766,False,0.0,0.0,0.0,0.0,0.0,0.0,0.0,0.0,0.0,0.0,0.0,0.0,0.0,0.0,0.0,0.0,0.0,0.0,0.0,0.0,0.0,0.0,0.0,0.0,0.0,0.0,0.0,0.0,0.0,0.0,0.0,0.0,0.0,0.0,0.0,0.0,0.0,0.0,0.0,0.0,0.0,0.0,0.0,0.0,0.0,0.0,0.0,0.0,0.0,0.0,0.0,0.0,0.0,0.0,0.0,0.0,0.0,0.0,0.0,0.0,0.0,0.0,0.0,0.0,0.0
894,29800,False,0.0,0.0,0.0,0.0,0.0,0.0,0.0,0.0,0.0,0.0,0.0,0.0,0.0,0.0,0.0,0.0,0.0,0.0,0.0,0.0,0.0,0.0,0.0,0.0,0.0,0.0,0.0,0.0,0.0,0.0,0.0,0.0,0.0,0.0,0.0,0.0,0.0,0.0,0.0,0.0,0.0,0.0,0.0,0.0,0.0,0.0,0.0,0.0,0.0,0.0,0.0,0.0,0.0,0.0,0.0,0.0,0.0,0.0,0.0,0.0,0.0,0.0,0.0,0.0,0.0
895,29833,False,0.0,0.0,0.0,0.0,0.0,0.0,0.0,0.0,0.0,0.0,0.0,0.0,0.0,0.0,0.0,0.0,0.0,0.0,0.0,0.0,0.0,0.0,0.0,0.0,0.0,0.0,0.0,0.0,0.0,0.0,0.0,0.0,0.0,0.0,0.0,0.0,0.0,0.0,0.0,0.0,0.0,0.0,0.0,0.0,0.0,0.0,0.0,0.0,0.0,0.0,0.0,0.0,0.0,0.0,0.0,0.0,0.0,0.0,0.0,0.0,0.0,0.0,0.0,0.0,0.0
896,29866,False,0.0,0.0,0.0,0.0,0.0,0.0,0.0,0.0,0.0,0.0,0.0,0.0,0.0,0.0,0.0,0.0,0.0,0.0,0.0,0.0,0.0,0.0,0.0,0.0,0.0,0.0,0.0,0.0,0.0,0.0,0.0,0.0,0.0,0.0,0.0,0.0,0.0,0.0,0.0,0.0,0.0,0.0,0.0,0.0,0.0,0.0,0.0,0.0,0.0,0.0,0.0,0.0,0.0,0.0,0.0,0.0,0.0,0.0,0.0,0.0,0.0,0.0,0.0,0.0,0.0
897,29900,False,0.0,0.0,0.0,0.0,0.0,0.0,0.0,0.0,0.0,0.0,0.0,0.0,0.0,0.0,0.0,0.0,0.0,0.0,0.0,0.0,0.0,0.0,0.0,0.0,0.0,0.0,0.0,0.0,0.0,0.0,0.0,0.0,0.0,0.0,0.0,0.0,0.0,0.0,0.0,0.0,0.0,0.0,0.0,0.0,0.0,0.0,0.0,0.0,0.0,0.0,0.0,0.0,0.0,0.0,0.0,0.0,0.0,0.0,0.0,0.0,0.0,0.0,0.0,0.0,0.0
898,29933,False,0.0,0.0,0.0,0.0,0.0,0.0,0.0,0.0,0.0,0.0,0.0,0.0,0.0,0.0,0.0,0.0,0.0,0.0,0.0,0.0,0.0,0.0,0.0,0.0,0.0,0.0,0.0,0.0,0.0,0.0,0.0,0.0,0.0,0.0,0.0,0.0,0.0,0.0,0.0,0.0,0.0,0.0,0.0,0.0,0.0,0.0,0.0,0.0,0.0,0.0,0.0,0.0,0.0,0.0,0.0,0.0,0.0,0.0,0.0,0.0,0.0,0.0,0.0,0.0,0.0
899,29966,False,0.0,0.0,0.0,0.0,0.0,0.0,0.0,0.0,0.0,0.0,0.0,0.0,0.0,0.0,0.0,0.0,0.0,0.0,0.0,0.0,0.0,0.0,0.0,0.0,0.0,0.0,0.0,0.0,0.0,0.0,0.0,0.0,0.0,0.0,0.0,0.0,0.0,0.0,0.0,0.0,0.0,0.0,0.0,0.0,0.0,0.0,0.0,0.0,0.0,0.0,0.0,0.0,0.0,0.0,0.0,0.0,0.0,0.0,0.0,0.0,0.0,0.0,0.0,0.0,0.0
900,30000,False,0.0,0.0,0.0,0.0,0.0,0.0,0.0,0.0,0.0,0.0,0.0,0.0,0.0,0.0,0.0,0.0,0.0,0.0,0.0,0.0,0.0,0.0,0.0,0.0,0.0,0.0,0.0,0.0,0.0,0.0,0.0,0.0,0.0,0.0,0.0,0.0,0.0,0.0,0.0,0.0,0.0,0.0,0.0,0.0,0.0,0.0,0.0,0.0,0.0,0.0,0.0,0.0,0.0,0.0,0.0,0.0,0.0,0.0,0.0,0.0,0.0,0.0,0.0,0.0,0.0
901,30033,False,0.0,0.0,0.0,0.0,0.0,0.0,0.0,0.0,0.0,0.0,0.0,0.0,0.0,0.0,0.0,0.0,0.0,0.0,0.0,0.0,0.0,0.0,0.0,0.0,0.0,0.0,0.0,0.0,0.0,0.0,0.0,0.0,0.0,0.0,0.0,0.0,0.0,0.0,0.0,0.0,0.0,0.0,0.0,0.0,0.0,0.0,0.0,0.0,0.0,0.0,0.0,0.0,0.0,0.0,0.0,0.0,0.0,0.0,0.0,0.0,0.0,0.0,0.0,0.0,0.0
902,30066,False,0.0,0.0,0.0,0.0,0.0,0.0,0.0,0.0,0.0,0.0,0.0,0.0,0.0,0.0,0.0,0.0,0.0,0.0,0.0,0.0,0.0,0.0,0.0,0.0,0.0,0.0,0.0,0.0,0.0,0.0,0.0,0.0,0.0,0.0,0.0,0.0,0.0,0.0,0.0,0.0,0.0,0.0,0.0,0.0,0.0,0.0,0.0,0.0,0.0,0.0,0.0,0.0,0.0,0.0,0.0,0.0,0.0,0.0,0.0,0.0,0.0,0.0,0.0,0.0,0.0
903,30099,False,0.0,0.0,0.0,0.0,0.0,0.0,0.0,0.0,0.0,0.0,0.0,0.0,0.0,0.0,0.0,0.0,0.0,0.0,0.0,0.0,0.0,0.0,0.0,0.0,0.0,0.0,0.0,0.0,0.0,0.0,0.0,0.0,0.0,0.0,0.0,0.0,0.0,0.0,0.0,0.0,0.0,0.0,0.0,0.0,0.0,0.0,0.0,0.0,0.0,0.0,0.0,0.0,0.0,0.0,0.0,0.0,0.0,0.0,0.0,0.0,0.0,0.0,0.0,0.0,0.0
904,30133,False,0.0,0.0,0.0,0.0,0.0,0.0,0.0,0.0,0.0,0.0,0.0,0.0,0.0,0.0,0.0,0.0,0.0,0.0,0.0,0.0,0.0,0.0,0.0,0.0,0.0,0.0,0.0,0.0,0.0,0.0,0.0,0.0,0.0,0.0,0.0,0.0,0.0,0.0,0.0,0.0,0.0,0.0,0.0,0.0,0.0,0.0,0.0,0.0,0.0,0.0,0.0,0.0,0.0,0.0,0.0,0.0,0.0,0.0,0.0,0.0,0.0,0.0,0.0,0.0,0.0
905,30166,False,0.0,0.0,0.0,0.0,0.0,0.0,0.0,0.0,0.0,0.0,0.0,0.0,0.0,0.0,0.0,0.0,0.0,0.0,0.0,0.0,0.0,0.0,0.0,0.0,0.0,0.0,0.0,0.0,0.0,0.0,0.0,0.0,0.0,0.0,0.0,0.0,0.0,0.0,0.0,0.0,0.0,0.0,0.0,0.0,0.0,0.0,0.0,0.0,0.0,0.0,0.0,0.0,0.0,0.0,0.0,0.0,0.0,0.0,0.0,0.0,0.0,0.0,0.0,0.0,0.0
906,30200,False,0.0,0.0,0.0,0.0,0.0,0.0,0.0,0.0,0.0,0.0,0.0,0.0,0.0,0.0,0.0,0.0,0.0,0.0,0.0,0.0,0.0,0.0,0.0,0.0,0.0,0.0,0.0,0.0,0.0,0.0,0.0,0.0,0.0,0.0,0.0,0.0,0.0,0.0,0.0,0.0,0.0,0.0,0.0,0.0,0.0,0.0,0.0,0.0,0.0,0.0,0.0,0.0,0.0,0.0,0.0,0.0,0.0,0.0,0.0,0.0,0.0,0.0,0.0,0.0,0.0
907,30233,False,0.0,0.0,0.0,0.0,0.0,0.0,0.0,0.0,0.0,0.0,0.0,0.0,0.0,0.0,0.0,0.0,0.0,0.0,0.0,0.0,0.0,0.0,0.0,0.0,0.0,0.0,0.0,0.0,0.0,0.0,0.0,0.0,0.0,0.0,0.0,0.0,0.0,0.0,0.0,0.0,0.0,0.0,0.0,0.0,0.0,0.0,0.0,0.0,0.0,0.0,0.0,0.0,0.0,0.0,0.0,0.0,0.0,0.0,0.0,0.0,0.0,0.0,0.0,0.0,0.0
908,30266,False,0.0,0.0,0.0,0.0,0.0,0.0,0.0,0.0,0.0,0.0,0.0,0.0,0.0,0.0,0.0,0.0,0.0,0.0,0.0,0.0,0.0,0.0,0.0,0.0,0.0,0.0,0.0,0.0,0.0,0.0,0.0,0.0,0.0,0.0,0.0,0.0,0.0,0.0,0.0,0.0,0.0,0.0,0.0,0.0,0.0,0.0,0.0,0.0,0.0,0.0,0.0,0.0,0.0,0.0,0.0,0.0,0.0,0.0,0.0,0.0,0.0,0.0,0.0,0.0,0.0
909,30300,False,0.0,0.0,0.0,0.0,0.0,0.0,0.0,0.0,0.0,0.0,0.0,0.0,0.0,0.0,0.0,0.0,0.0,0.0,0.0,0.0,0.0,0.0,0.0,0.0,0.0,0.0,0.0,0.0,0.0,0.0,0.0,0.0,0.0,0.0,0.0,0.0,0.0,0.0,0.0,0.0,0.0,0.0,0.0,0.0,0.0,0.0,0.0,0.0,0.0,0.0,0.0,0.0,0.0,0.0,0.0,0.0,0.0,0.0,0.0,0.0,0.0,0.0,0.0,0.0,0.0
910,30333,False,0.0,0.0,0.0,0.0,0.0,0.0,0.0,0.0,0.0,0.0,0.0,0.0,0.0,0.0,0.0,0.0,0.0,0.0,0.0,0.0,0.0,0.0,0.0,0.0,0.0,0.0,0.0,0.0,0.0,0.0,0.0,0.0,0.0,0.0,0.0,0.0,0.0,0.0,0.0,0.0,0.0,0.0,0.0,0.0,0.0,0.0,0.0,0.0,0.0,0.0,0.0,0.0,0.0,0.0,0.0,0.0,0.0,0.0,0.0,0.0,0.0,0.0,0.0,0.0,0.0
911,30366,False,0.0,0.0,0.0,0.0,0.0,0.0,0.0,0.0,0.0,0.0,0.0,0.0,0.0,0.0,0.0,0.0,0.0,0.0,0.0,0.0,0.0,0.0,0.0,0.0,0.0,0.0,0.0,0.0,0.0,0.0,0.0,0.0,0.0,0.0,0.0,0.0,0.0,0.0,0.0,0.0,0.0,0.0,0.0,0.0,0.0,0.0,0.0,0.0,0.0,0.0,0.0,0.0,0.0,0.0,0.0,0.0,0.0,0.0,0.0,0.0,0.0,0.0,0.0,0.0,0.0
912,30400,False,0.0,0.0,0.0,0.0,0.0,0.0,0.0,0.0,0.0,0.0,0.0,0.0,0.0,0.0,0.0,0.0,0.0,0.0,0.0,0.0,0.0,0.0,0.0,0.0,0.0,0.0,0.0,0.0,0.0,0.0,0.0,0.0,0.0,0.0,0.0,0.0,0.0,0.0,0.0,0.0,0.0,0.0,0.0,0.0,0.0,0.0,0.0,0.0,0.0,0.0,0.0,0.0,0.0,0.0,0.0,0.0,0.0,0.0,0.0,0.0,0.0,0.0,0.0,0.0,0.0
913,30433,False,0.0,0.0,0.0,0.0,0.0,0.0,0.0,0.0,0.0,0.0,0.0,0.0,0.0,0.0,0.0,0.0,0.0,0.0,0.0,0.0,0.0,0.0,0.0,0.0,0.0,0.0,0.0,0.0,0.0,0.0,0.0,0.0,0.0,0.0,0.0,0.0,0.0,0.0,0.0,0.0,0.0,0.0,0.0,0.0,0.0,0.0,0.0,0.0,0.0,0.0,0.0,0.0,0.0,0.0,0.0,0.0,0.0,0.0,0.0,0.0,0.0,0.0,0.0,0.0,0.0
914,30466,False,0.0,0.0,0.0,0.0,0.0,0.0,0.0,0.0,0.0,0.0,0.0,0.0,0.0,0.0,0.0,0.0,0.0,0.0,0.0,0.0,0.0,0.0,0.0,0.0,0.0,0.0,0.0,0.0,0.0,0.0,0.0,0.0,0.0,0.0,0.0,0.0,0.0,0.0,0.0,0.0,0.0,0.0,0.0,0.0,0.0,0.0,0.0,0.0,0.0,0.0,0.0,0.0,0.0,0.0,0.0,0.0,0.0,0.0,0.0,0.0,0.0,0.0,0.0,0.0,0.0
915,30500,False,0.0,0.0,0.0,0.0,0.0,0.0,0.0,0.0,0.0,0.0,0.0,0.0,0.0,0.0,0.0,0.0,0.0,0.0,0.0,0.0,0.0,0.0,0.0,0.0,0.0,0.0,0.0,0.0,0.0,0.0,0.0,0.0,0.0,0.0,0.0,0.0,0.0,0.0,0.0,0.0,0.0,0.0,0.0,0.0,0.0,0.0,0.0,0.0,0.0,0.0,0.0,0.0,0.0,0.0,0.0,0.0,0.0,0.0,0.0,0.0,0.0,0.0,0.0,0.0,0.0
916,30533,False,0.0,0.0,0.0,0.0,0.0,0.0,0.0,0.0,0.0,0.0,0.0,0.0,0.0,0.0,0.0,0.0,0.0,0.0,0.0,0.0,0.0,0.0,0.0,0.0,0.0,0.0,0.0,0.0,0.0,0.0,0.0,0.0,0.0,0.0,0.0,0.0,0.0,0.0,0.0,0.0,0.0,0.0,0.0,0.0,0.0,0.0,0.0,0.0,0.0,0.0,0.0,0.0,0.0,0.0,0.0,0.0,0.0,0.0,0.0,0.0,0.0,0.0,0.0,0.0,0.0
917,30566,False,0.0,0.0,0.0,0.0,0.0,0.0,0.0,0.0,0.0,0.0,0.0,0.0,0.0,0.0,0.0,0.0,0.0,0.0,0.0,0.0,0.0,0.0,0.0,0.0,0.0,0.0,0.0,0.0,0.0,0.0,0.0,0.0,0.0,0.0,0.0,0.0,0.0,0.0,0.0,0.0,0.0,0.0,0.0,0.0,0.0,0.0,0.0,0.0,0.0,0.0,0.0,0.0,0.0,0.0,0.0,0.0,0.0,0.0,0.0,0.0,0.0,0.0,0.0,0.0,0.0
918,30599,False,0.0,0.0,0.0,0.0,0.0,0.0,0.0,0.0,0.0,0.0,0.0,0.0,0.0,0.0,0.0,0.0,0.0,0.0,0.0,0.0,0.0,0.0,0.0,0.0,0.0,0.0,0.0,0.0,0.0,0.0,0.0,0.0,0.0,0.0,0.0,0.0,0.0,0.0,0.0,0.0,0.0,0.0,0.0,0.0,0.0,0.0,0.0,0.0,0.0,0.0,0.0,0.0,0.0,0.0,0.0,0.0,0.0,0.0,0.0,0.0,0.0,0.0,0.0,0.0,0.0
919,30633,False,0.0,0.0,0.0,0.0,0.0,0.0,0.0,0.0,0.0,0.0,0.0,0.0,0.0,0.0,0.0,0.0,0.0,0.0,0.0,0.0,0.0,0.0,0.0,0.0,0.0,0.0,0.0,0.0,0.0,0.0,0.0,0.0,0.0,0.0,0.0,0.0,0.0,0.0,0.0,0.0,0.0,0.0,0.0,0.0,0.0,0.0,0.0,0.0,0.0,0.0,0.0,0.0,0.0,0.0,0.0,0.0,0.0,0.0,0.0,0.0,0.0,0.0,0.0,0.0,0.0
920,30666,False,0.0,0.0,0.0,0.0,0.0,0.0,0.0,0.0,0.0,0.0,0.0,0.0,0.0,0.0,0.0,0.0,0.0,0.0,0.0,0.0,0.0,0.0,0.0,0.0,0.0,0.0,0.0,0.0,0.0,0.0,0.0,0.0,0.0,0.0,0.0,0.0,0.0,0.0,0.0,0.0,0.0,0.0,0.0,0.0,0.0,0.0,0.0,0.0,0.0,0.0,0.0,0.0,0.0,0.0,0.0,0.0,0.0,0.0,0.0,0.0,0.0,0.0,0.0,0.0,0.0
921,30700,False,0.0,0.0,0.0,0.0,0.0,0.0,0.0,0.0,0.0,0.0,0.0,0.0,0.0,0.0,0.0,0.0,0.0,0.0,0.0,0.0,0.0,0.0,0.0,0.0,0.0,0.0,0.0,0.0,0.0,0.0,0.0,0.0,0.0,0.0,0.0,0.0,0.0,0.0,0.0,0.0,0.0,0.0,0.0,0.0,0.0,0.0,0.0,0.0,0.0,0.0,0.0,0.0,0.0,0.0,0.0,0.0,0.0,0.0,0.0,0.0,0.0,0.0,0.0,0.0,0.0
922,30733,False,0.0,0.0,0.0,0.0,0.0,0.0,0.0,0.0,0.0,0.0,0.0,0.0,0.0,0.0,0.0,0.0,0.0,0.0,0.0,0.0,0.0,0.0,0.0,0.0,0.0,0.0,0.0,0.0,0.0,0.0,0.0,0.0,0.0,0.0,0.0,0.0,0.0,0.0,0.0,0.0,0.0,0.0,0.0,0.0,0.0,0.0,0.0,0.0,0.0,0.0,0.0,0.0,0.0,0.0,0.0,0.0,0.0,0.0,0.0,0.0,0.0,0.0,0.0,0.0,0.0
923,30766,False,0.0,0.0,0.0,0.0,0.0,0.0,0.0,0.0,0.0,0.0,0.0,0.0,0.0,0.0,0.0,0.0,0.0,0.0,0.0,0.0,0.0,0.0,0.0,0.0,0.0,0.0,0.0,0.0,0.0,0.0,0.0,0.0,0.0,0.0,0.0,0.0,0.0,0.0,0.0,0.0,0.0,0.0,0.0,0.0,0.0,0.0,0.0,0.0,0.0,0.0,0.0,0.0,0.0,0.0,0.0,0.0,0.0,0.0,0.0,0.0,0.0,0.0,0.0,0.0,0.0
924,30800,False,0.0,0.0,0.0,0.0,0.0,0.0,0.0,0.0,0.0,0.0,0.0,0.0,0.0,0.0,0.0,0.0,0.0,0.0,0.0,0.0,0.0,0.0,0.0,0.0,0.0,0.0,0.0,0.0,0.0,0.0,0.0,0.0,0.0,0.0,0.0,0.0,0.0,0.0,0.0,0.0,0.0,0.0,0.0,0.0,0.0,0.0,0.0,0.0,0.0,0.0,0.0,0.0,0.0,0.0,0.0,0.0,0.0,0.0,0.0,0.0,0.0,0.0,0.0,0.0,0.0
925,30833,False,0.0,0.0,0.0,0.0,0.0,0.0,0.0,0.0,0.0,0.0,0.0,0.0,0.0,0.0,0.0,0.0,0.0,0.0,0.0,0.0,0.0,0.0,0.0,0.0,0.0,0.0,0.0,0.0,0.0,0.0,0.0,0.0,0.0,0.0,0.0,0.0,0.0,0.0,0.0,0.0,0.0,0.0,0.0,0.0,0.0,0.0,0.0,0.0,0.0,0.0,0.0,0.0,0.0,0.0,0.0,0.0,0.0,0.0,0.0,0.0,0.0,0.0,0.0,0.0,0.0
926,30866,False,0.0,0.0,0.0,0.0,0.0,0.0,0.0,0.0,0.0,0.0,0.0,0.0,0.0,0.0,0.0,0.0,0.0,0.0,0.0,0.0,0.0,0.0,0.0,0.0,0.0,0.0,0.0,0.0,0.0,0.0,0.0,0.0,0.0,0.0,0.0,0.0,0.0,0.0,0.0,0.0,0.0,0.0,0.0,0.0,0.0,0.0,0.0,0.0,0.0,0.0,0.0,0.0,0.0,0.0,0.0,0.0,0.0,0.0,0.0,0.0,0.0,0.0,0.0,0.0,0.0
927,30900,False,0.0,0.0,0.0,0.0,0.0,0.0,0.0,0.0,0.0,0.0,0.0,0.0,0.0,0.0,0.0,0.0,0.0,0.0,0.0,0.0,0.0,0.0,0.0,0.0,0.0,0.0,0.0,0.0,0.0,0.0,0.0,0.0,0.0,0.0,0.0,0.0,0.0,0.0,0.0,0.0,0.0,0.0,0.0,0.0,0.0,0.0,0.0,0.0,0.0,0.0,0.0,0.0,0.0,0.0,0.0,0.0,0.0,0.0,0.0,0.0,0.0,0.0,0.0,0.0,0.0
928,30933,False,0.0,0.0,0.0,0.0,0.0,0.0,0.0,0.0,0.0,0.0,0.0,0.0,0.0,0.0,0.0,0.0,0.0,0.0,0.0,0.0,0.0,0.0,0.0,0.0,0.0,0.0,0.0,0.0,0.0,0.0,0.0,0.0,0.0,0.0,0.0,0.0,0.0,0.0,0.0,0.0,0.0,0.0,0.0,0.0,0.0,0.0,0.0,0.0,0.0,0.0,0.0,0.0,0.0,0.0,0.0,0.0,0.0,0.0,0.0,0.0,0.0,0.0,0.0,0.0,0.0
929,30966,False,0.0,0.0,0.0,0.0,0.0,0.0,0.0,0.0,0.0,0.0,0.0,0.0,0.0,0.0,0.0,0.0,0.0,0.0,0.0,0.0,0.0,0.0,0.0,0.0,0.0,0.0,0.0,0.0,0.0,0.0,0.0,0.0,0.0,0.0,0.0,0.0,0.0,0.0,0.0,0.0,0.0,0.0,0.0,0.0,0.0,0.0,0.0,0.0,0.0,0.0,0.0,0.0,0.0,0.0,0.0,0.0,0.0,0.0,0.0,0.0,0.0,0.0,0.0,0.0,0.0
930,31000,False,0.0,0.0,0.0,0.0,0.0,0.0,0.0,0.0,0.0,0.0,0.0,0.0,0.0,0.0,0.0,0.0,0.0,0.0,0.0,0.0,0.0,0.0,0.0,0.0,0.0,0.0,0.0,0.0,0.0,0.0,0.0,0.0,0.0,0.0,0.0,0.0,0.0,0.0,0.0,0.0,0.0,0.0,0.0,0.0,0.0,0.0,0.0,0.0,0.0,0.0,0.0,0.0,0.0,0.0,0.0,0.0,0.0,0.0,0.0,0.0,0.0,0.0,0.0,0.0,0.0
931,31033,False,0.0,0.0,0.0,0.0,0.0,0.0,0.0,0.0,0.0,0.0,0.0,0.0,0.0,0.0,0.0,0.0,0.0,0.0,0.0,0.0,0.0,0.0,0.0,0.0,0.0,0.0,0.0,0.0,0.0,0.0,0.0,0.0,0.0,0.0,0.0,0.0,0.0,0.0,0.0,0.0,0.0,0.0,0.0,0.0,0.0,0.0,0.0,0.0,0.0,0.0,0.0,0.0,0.0,0.0,0.0,0.0,0.0,0.0,0.0,0.0,0.0,0.0,0.0,0.0,0.0
932,31066,False,0.0,0.0,0.0,0.0,0.0,0.0,0.0,0.0,0.0,0.0,0.0,0.0,0.0,0.0,0.0,0.0,0.0,0.0,0.0,0.0,0.0,0.0,0.0,0.0,0.0,0.0,0.0,0.0,0.0,0.0,0.0,0.0,0.0,0.0,0.0,0.0,0.0,0.0,0.0,0.0,0.0,0.0,0.0,0.0,0.0,0.0,0.0,0.0,0.0,0.0,0.0,0.0,0.0,0.0,0.0,0.0,0.0,0.0,0.0,0.0,0.0,0.0,0.0,0.0,0.0
933,31099,False,0.0,0.0,0.0,0.0,0.0,0.0,0.0,0.0,0.0,0.0,0.0,0.0,0.0,0.0,0.0,0.0,0.0,0.0,0.0,0.0,0.0,0.0,0.0,0.0,0.0,0.0,0.0,0.0,0.0,0.0,0.0,0.0,0.0,0.0,0.0,0.0,0.0,0.0,0.0,0.0,0.0,0.0,0.0,0.0,0.0,0.0,0.0,0.0,0.0,0.0,0.0,0.0,0.0,0.0,0.0,0.0,0.0,0.0,0.0,0.0,0.0,0.0,0.0,0.0,0.0
934,31133,False,0.0,0.0,0.0,0.0,0.0,0.0,0.0,0.0,0.0,0.0,0.0,0.0,0.0,0.0,0.0,0.0,0.0,0.0,0.0,0.0,0.0,0.0,0.0,0.0,0.0,0.0,0.0,0.0,0.0,0.0,0.0,0.0,0.0,0.0,0.0,0.0,0.0,0.0,0.0,0.0,0.0,0.0,0.0,0.0,0.0,0.0,0.0,0.0,0.0,0.0,0.0,0.0,0.0,0.0,0.0,0.0,0.0,0.0,0.0,0.0,0.0,0.0,0.0,0.0,0.0
935,31166,False,0.0,0.0,0.0,0.0,0.0,0.0,0.0,0.0,0.0,0.0,0.0,0.0,0.0,0.0,0.0,0.0,0.0,0.0,0.0,0.0,0.0,0.0,0.0,0.0,0.0,0.0,0.0,0.0,0.0,0.0,0.0,0.0,0.0,0.0,0.0,0.0,0.0,0.0,0.0,0.0,0.0,0.0,0.0,0.0,0.0,0.0,0.0,0.0,0.0,0.0,0.0,0.0,0.0,0.0,0.0,0.0,0.0,0.0,0.0,0.0,0.0,0.0,0.0,0.0,0.0
936,31200,False,0.0,0.0,0.0,0.0,0.0,0.0,0.0,0.0,0.0,0.0,0.0,0.0,0.0,0.0,0.0,0.0,0.0,0.0,0.0,0.0,0.0,0.0,0.0,0.0,0.0,0.0,0.0,0.0,0.0,0.0,0.0,0.0,0.0,0.0,0.0,0.0,0.0,0.0,0.0,0.0,0.0,0.0,0.0,0.0,0.0,0.0,0.0,0.0,0.0,0.0,0.0,0.0,0.0,0.0,0.0,0.0,0.0,0.0,0.0,0.0,0.0,0.0,0.0,0.0,0.0
937,31233,False,0.0,0.0,0.0,0.0,0.0,0.0,0.0,0.0,0.0,0.0,0.0,0.0,0.0,0.0,0.0,0.0,0.0,0.0,0.0,0.0,0.0,0.0,0.0,0.0,0.0,0.0,0.0,0.0,0.0,0.0,0.0,0.0,0.0,0.0,0.0,0.0,0.0,0.0,0.0,0.0,0.0,0.0,0.0,0.0,0.0,0.0,0.0,0.0,0.0,0.0,0.0,0.0,0.0,0.0,0.0,0.0,0.0,0.0,0.0,0.0,0.0,0.0,0.0,0.0,0.0
938,31266,False,0.0,0.0,0.0,0.0,0.0,0.0,0.0,0.0,0.0,0.0,0.0,0.0,0.0,0.0,0.0,0.0,0.0,0.0,0.0,0.0,0.0,0.0,0.0,0.0,0.0,0.0,0.0,0.0,0.0,0.0,0.0,0.0,0.0,0.0,0.0,0.0,0.0,0.0,0.0,0.0,0.0,0.0,0.0,0.0,0.0,0.0,0.0,0.0,0.0,0.0,0.0,0.0,0.0,0.0,0.0,0.0,0.0,0.0,0.0,0.0,0.0,0.0,0.0,0.0,0.0
939,31300,False,0.0,0.0,0.0,0.0,0.0,0.0,0.0,0.0,0.0,0.0,0.0,0.0,0.0,0.0,0.0,0.0,0.0,0.0,0.0,0.0,0.0,0.0,0.0,0.0,0.0,0.0,0.0,0.0,0.0,0.0,0.0,0.0,0.0,0.0,0.0,0.0,0.0,0.0,0.0,0.0,0.0,0.0,0.0,0.0,0.0,0.0,0.0,0.0,0.0,0.0,0.0,0.0,0.0,0.0,0.0,0.0,0.0,0.0,0.0,0.0,0.0,0.0,0.0,0.0,0.0
940,31333,False,0.0,0.0,0.0,0.0,0.0,0.0,0.0,0.0,0.0,0.0,0.0,0.0,0.0,0.0,0.0,0.0,0.0,0.0,0.0,0.0,0.0,0.0,0.0,0.0,0.0,0.0,0.0,0.0,0.0,0.0,0.0,0.0,0.0,0.0,0.0,0.0,0.0,0.0,0.0,0.0,0.0,0.0,0.0,0.0,0.0,0.0,0.0,0.0,0.0,0.0,0.0,0.0,0.0,0.0,0.0,0.0,0.0,0.0,0.0,0.0,0.0,0.0,0.0,0.0,0.0
941,31366,False,0.0,0.0,0.0,0.0,0.0,0.0,0.0,0.0,0.0,0.0,0.0,0.0,0.0,0.0,0.0,0.0,0.0,0.0,0.0,0.0,0.0,0.0,0.0,0.0,0.0,0.0,0.0,0.0,0.0,0.0,0.0,0.0,0.0,0.0,0.0,0.0,0.0,0.0,0.0,0.0,0.0,0.0,0.0,0.0,0.0,0.0,0.0,0.0,0.0,0.0,0.0,0.0,0.0,0.0,0.0,0.0,0.0,0.0,0.0,0.0,0.0,0.0,0.0,0.0,0.0
942,31400,False,0.0,0.0,0.0,0.0,0.0,0.0,0.0,0.0,0.0,0.0,0.0,0.0,0.0,0.0,0.0,0.0,0.0,0.0,0.0,0.0,0.0,0.0,0.0,0.0,0.0,0.0,0.0,0.0,0.0,0.0,0.0,0.0,0.0,0.0,0.0,0.0,0.0,0.0,0.0,0.0,0.0,0.0,0.0,0.0,0.0,0.0,0.0,0.0,0.0,0.0,0.0,0.0,0.0,0.0,0.0,0.0,0.0,0.0,0.0,0.0,0.0,0.0,0.0,0.0,0.0
943,31433,False,0.0,0.0,0.0,0.0,0.0,0.0,0.0,0.0,0.0,0.0,0.0,0.0,0.0,0.0,0.0,0.0,0.0,0.0,0.0,0.0,0.0,0.0,0.0,0.0,0.0,0.0,0.0,0.0,0.0,0.0,0.0,0.0,0.0,0.0,0.0,0.0,0.0,0.0,0.0,0.0,0.0,0.0,0.0,0.0,0.0,0.0,0.0,0.0,0.0,0.0,0.0,0.0,0.0,0.0,0.0,0.0,0.0,0.0,0.0,0.0,0.0,0.0,0.0,0.0,0.0
944,31466,False,0.0,0.0,0.0,0.0,0.0,0.0,0.0,0.0,0.0,0.0,0.0,0.0,0.0,0.0,0.0,0.0,0.0,0.0,0.0,0.0,0.0,0.0,0.0,0.0,0.0,0.0,0.0,0.0,0.0,0.0,0.0,0.0,0.0,0.0,0.0,0.0,0.0,0.0,0.0,0.0,0.0,0.0,0.0,0.0,0.0,0.0,0.0,0.0,0.0,0.0,0.0,0.0,0.0,0.0,0.0,0.0,0.0,0.0,0.0,0.0,0.0,0.0,0.0,0.0,0.0
945,31500,False,0.0,0.0,0.0,0.0,0.0,0.0,0.0,0.0,0.0,0.0,0.0,0.0,0.0,0.0,0.0,0.0,0.0,0.0,0.0,0.0,0.0,0.0,0.0,0.0,0.0,0.0,0.0,0.0,0.0,0.0,0.0,0.0,0.0,0.0,0.0,0.0,0.0,0.0,0.0,0.0,0.0,0.0,0.0,0.0,0.0,0.0,0.0,0.0,0.0,0.0,0.0,0.0,0.0,0.0,0.0,0.0,0.0,0.0,0.0,0.0,0.0,0.0,0.0,0.0,0.0
946,31533,False,0.0,0.0,0.0,0.0,0.0,0.0,0.0,0.0,0.0,0.0,0.0,0.0,0.0,0.0,0.0,0.0,0.0,0.0,0.0,0.0,0.0,0.0,0.0,0.0,0.0,0.0,0.0,0.0,0.0,0.0,0.0,0.0,0.0,0.0,0.0,0.0,0.0,0.0,0.0,0.0,0.0,0.0,0.0,0.0,0.0,0.0,0.0,0.0,0.0,0.0,0.0,0.0,0.0,0.0,0.0,0.0,0.0,0.0,0.0,0.0,0.0,0.0,0.0,0.0,0.0
947,31566,False,0.0,0.0,0.0,0.0,0.0,0.0,0.0,0.0,0.0,0.0,0.0,0.0,0.0,0.0,0.0,0.0,0.0,0.0,0.0,0.0,0.0,0.0,0.0,0.0,0.0,0.0,0.0,0.0,0.0,0.0,0.0,0.0,0.0,0.0,0.0,0.0,0.0,0.0,0.0,0.0,0.0,0.0,0.0,0.0,0.0,0.0,0.0,0.0,0.0,0.0,0.0,0.0,0.0,0.0,0.0,0.0,0.0,0.0,0.0,0.0,0.0,0.0,0.0,0.0,0.0
948,31599,False,0.0,0.0,0.0,0.0,0.0,0.0,0.0,0.0,0.0,0.0,0.0,0.0,0.0,0.0,0.0,0.0,0.0,0.0,0.0,0.0,0.0,0.0,0.0,0.0,0.0,0.0,0.0,0.0,0.0,0.0,0.0,0.0,0.0,0.0,0.0,0.0,0.0,0.0,0.0,0.0,0.0,0.0,0.0,0.0,0.0,0.0,0.0,0.0,0.0,0.0,0.0,0.0,0.0,0.0,0.0,0.0,0.0,0.0,0.0,0.0,0.0,0.0,0.0,0.0,0.0
949,31633,False,0.0,0.0,0.0,0.0,0.0,0.0,0.0,0.0,0.0,0.0,0.0,0.0,0.0,0.0,0.0,0.0,0.0,0.0,0.0,0.0,0.0,0.0,0.0,0.0,0.0,0.0,0.0,0.0,0.0,0.0,0.0,0.0,0.0,0.0,0.0,0.0,0.0,0.0,0.0,0.0,0.0,0.0,0.0,0.0,0.0,0.0,0.0,0.0,0.0,0.0,0.0,0.0,0.0,0.0,0.0,0.0,0.0,0.0,0.0,0.0,0.0,0.0,0.0,0.0,0.0
950,31666,False,0.0,0.0,0.0,0.0,0.0,0.0,0.0,0.0,0.0,0.0,0.0,0.0,0.0,0.0,0.0,0.0,0.0,0.0,0.0,0.0,0.0,0.0,0.0,0.0,0.0,0.0,0.0,0.0,0.0,0.0,0.0,0.0,0.0,0.0,0.0,0.0,0.0,0.0,0.0,0.0,0.0,0.0,0.0,0.0,0.0,0.0,0.0,0.0,0.0,0.0,0.0,0.0,0.0,0.0,0.0,0.0,0.0,0.0,0.0,0.0,0.0,0.0,0.0,0.0,0.0
951,31700,False,0.0,0.0,0.0,0.0,0.0,0.0,0.0,0.0,0.0,0.0,0.0,0.0,0.0,0.0,0.0,0.0,0.0,0.0,0.0,0.0,0.0,0.0,0.0,0.0,0.0,0.0,0.0,0.0,0.0,0.0,0.0,0.0,0.0,0.0,0.0,0.0,0.0,0.0,0.0,0.0,0.0,0.0,0.0,0.0,0.0,0.0,0.0,0.0,0.0,0.0,0.0,0.0,0.0,0.0,0.0,0.0,0.0,0.0,0.0,0.0,0.0,0.0,0.0,0.0,0.0
952,31733,False,0.0,0.0,0.0,0.0,0.0,0.0,0.0,0.0,0.0,0.0,0.0,0.0,0.0,0.0,0.0,0.0,0.0,0.0,0.0,0.0,0.0,0.0,0.0,0.0,0.0,0.0,0.0,0.0,0.0,0.0,0.0,0.0,0.0,0.0,0.0,0.0,0.0,0.0,0.0,0.0,0.0,0.0,0.0,0.0,0.0,0.0,0.0,0.0,0.0,0.0,0.0,0.0,0.0,0.0,0.0,0.0,0.0,0.0,0.0,0.0,0.0,0.0,0.0,0.0,0.0
953,31766,False,0.0,0.0,0.0,0.0,0.0,0.0,0.0,0.0,0.0,0.0,0.0,0.0,0.0,0.0,0.0,0.0,0.0,0.0,0.0,0.0,0.0,0.0,0.0,0.0,0.0,0.0,0.0,0.0,0.0,0.0,0.0,0.0,0.0,0.0,0.0,0.0,0.0,0.0,0.0,0.0,0.0,0.0,0.0,0.0,0.0,0.0,0.0,0.0,0.0,0.0,0.0,0.0,0.0,0.0,0.0,0.0,0.0,0.0,0.0,0.0,0.0,0.0,0.0,0.0,0.0
954,31800,False,0.0,0.0,0.0,0.0,0.0,0.0,0.0,0.0,0.0,0.0,0.0,0.0,0.0,0.0,0.0,0.0,0.0,0.0,0.0,0.0,0.0,0.0,0.0,0.0,0.0,0.0,0.0,0.0,0.0,0.0,0.0,0.0,0.0,0.0,0.0,0.0,0.0,0.0,0.0,0.0,0.0,0.0,0.0,0.0,0.0,0.0,0.0,0.0,0.0,0.0,0.0,0.0,0.0,0.0,0.0,0.0,0.0,0.0,0.0,0.0,0.0,0.0,0.0,0.0,0.0
955,31833,False,0.0,0.0,0.0,0.0,0.0,0.0,0.0,0.0,0.0,0.0,0.0,0.0,0.0,0.0,0.0,0.0,0.0,0.0,0.0,0.0,0.0,0.0,0.0,0.0,0.0,0.0,0.0,0.0,0.0,0.0,0.0,0.0,0.0,0.0,0.0,0.0,0.0,0.0,0.0,0.0,0.0,0.0,0.0,0.0,0.0,0.0,0.0,0.0,0.0,0.0,0.0,0.0,0.0,0.0,0.0,0.0,0.0,0.0,0.0,0.0,0.0,0.0,0.0,0.0,0.0
956,31866,False,0.0,0.0,0.0,0.0,0.0,0.0,0.0,0.0,0.0,0.0,0.0,0.0,0.0,0.0,0.0,0.0,0.0,0.0,0.0,0.0,0.0,0.0,0.0,0.0,0.0,0.0,0.0,0.0,0.0,0.0,0.0,0.0,0.0,0.0,0.0,0.0,0.0,0.0,0.0,0.0,0.0,0.0,0.0,0.0,0.0,0.0,0.0,0.0,0.0,0.0,0.0,0.0,0.0,0.0,0.0,0.0,0.0,0.0,0.0,0.0,0.0,0.0,0.0,0.0,0.0
957,31900,False,0.0,0.0,0.0,0.0,0.0,0.0,0.0,0.0,0.0,0.0,0.0,0.0,0.0,0.0,0.0,0.0,0.0,0.0,0.0,0.0,0.0,0.0,0.0,0.0,0.0,0.0,0.0,0.0,0.0,0.0,0.0,0.0,0.0,0.0,0.0,0.0,0.0,0.0,0.0,0.0,0.0,0.0,0.0,0.0,0.0,0.0,0.0,0.0,0.0,0.0,0.0,0.0,0.0,0.0,0.0,0.0,0.0,0.0,0.0,0.0,0.0,0.0,0.0,0.0,0.0
958,31933,False,0.0,0.0,0.0,0.0,0.0,0.0,0.0,0.0,0.0,0.0,0.0,0.0,0.0,0.0,0.0,0.0,0.0,0.0,0.0,0.0,0.0,0.0,0.0,0.0,0.0,0.0,0.0,0.0,0.0,0.0,0.0,0.0,0.0,0.0,0.0,0.0,0.0,0.0,0.0,0.0,0.0,0.0,0.0,0.0,0.0,0.0,0.0,0.0,0.0,0.0,0.0,0.0,0.0,0.0,0.0,0.0,0.0,0.0,0.0,0.0,0.0,0.0,0.0,0.0,0.0
959,31966,False,0.0,0.0,0.0,0.0,0.0,0.0,0.0,0.0,0.0,0.0,0.0,0.0,0.0,0.0,0.0,0.0,0.0,0.0,0.0,0.0,0.0,0.0,0.0,0.0,0.0,0.0,0.0,0.0,0.0,0.0,0.0,0.0,0.0,0.0,0.0,0.0,0.0,0.0,0.0,0.0,0.0,0.0,0.0,0.0,0.0,0.0,0.0,0.0,0.0,0.0,0.0,0.0,0.0,0.0,0.0,0.0,0.0,0.0,0.0,0.0,0.0,0.0,0.0,0.0,0.0
960,32000,False,0.0,0.0,0.0,0.0,0.0,0.0,0.0,0.0,0.0,0.0,0.0,0.0,0.0,0.0,0.0,0.0,0.0,0.0,0.0,0.0,0.0,0.0,0.0,0.0,0.0,0.0,0.0,0.0,0.0,0.0,0.0,0.0,0.0,0.0,0.0,0.0,0.0,0.0,0.0,0.0,0.0,0.0,0.0,0.0,0.0,0.0,0.0,0.0,0.0,0.0,0.0,0.0,0.0,0.0,0.0,0.0,0.0,0.0,0.0,0.0,0.0,0.0,0.0,0.0,0.0
961,32033,False,0.0,0.0,0.0,0.0,0.0,0.0,0.0,0.0,0.0,0.0,0.0,0.0,0.0,0.0,0.0,0.0,0.0,0.0,0.0,0.0,0.0,0.0,0.0,0.0,0.0,0.0,0.0,0.0,0.0,0.0,0.0,0.0,0.0,0.0,0.0,0.0,0.0,0.0,0.0,0.0,0.0,0.0,0.0,0.0,0.0,0.0,0.0,0.0,0.0,0.0,0.0,0.0,0.0,0.0,0.0,0.0,0.0,0.0,0.0,0.0,0.0,0.0,0.0,0.0,0.0
962,32066,False,0.0,0.0,0.0,0.0,0.0,0.0,0.0,0.0,0.0,0.0,0.0,0.0,0.0,0.0,0.0,0.0,0.0,0.0,0.0,0.0,0.0,0.0,0.0,0.0,0.0,0.0,0.0,0.0,0.0,0.0,0.0,0.0,0.0,0.0,0.0,0.0,0.0,0.0,0.0,0.0,0.0,0.0,0.0,0.0,0.0,0.0,0.0,0.0,0.0,0.0,0.0,0.0,0.0,0.0,0.0,0.0,0.0,0.0,0.0,0.0,0.0,0.0,0.0,0.0,0.0
963,32100,False,0.0,0.0,0.0,0.0,0.0,0.0,0.0,0.0,0.0,0.0,0.0,0.0,0.0,0.0,0.0,0.0,0.0,0.0,0.0,0.0,0.0,0.0,0.0,0.0,0.0,0.0,0.0,0.0,0.0,0.0,0.0,0.0,0.0,0.0,0.0,0.0,0.0,0.0,0.0,0.0,0.0,0.0,0.0,0.0,0.0,0.0,0.0,0.0,0.0,0.0,0.0,0.0,0.0,0.0,0.0,0.0,0.0,0.0,0.0,0.0,0.0,0.0,0.0,0.0,0.0
964,32133,False,0.0,0.0,0.0,0.0,0.0,0.0,0.0,0.0,0.0,0.0,0.0,0.0,0.0,0.0,0.0,0.0,0.0,0.0,0.0,0.0,0.0,0.0,0.0,0.0,0.0,0.0,0.0,0.0,0.0,0.0,0.0,0.0,0.0,0.0,0.0,0.0,0.0,0.0,0.0,0.0,0.0,0.0,0.0,0.0,0.0,0.0,0.0,0.0,0.0,0.0,0.0,0.0,0.0,0.0,0.0,0.0,0.0,0.0,0.0,0.0,0.0,0.0,0.0,0.0,0.0
965,32166,False,0.0,0.0,0.0,0.0,0.0,0.0,0.0,0.0,0.0,0.0,0.0,0.0,0.0,0.0,0.0,0.0,0.0,0.0,0.0,0.0,0.0,0.0,0.0,0.0,0.0,0.0,0.0,0.0,0.0,0.0,0.0,0.0,0.0,0.0,0.0,0.0,0.0,0.0,0.0,0.0,0.0,0.0,0.0,0.0,0.0,0.0,0.0,0.0,0.0,0.0,0.0,0.0,0.0,0.0,0.0,0.0,0.0,0.0,0.0,0.0,0.0,0.0,0.0,0.0,0.0
966,32200,False,0.0,0.0,0.0,0.0,0.0,0.0,0.0,0.0,0.0,0.0,0.0,0.0,0.0,0.0,0.0,0.0,0.0,0.0,0.0,0.0,0.0,0.0,0.0,0.0,0.0,0.0,0.0,0.0,0.0,0.0,0.0,0.0,0.0,0.0,0.0,0.0,0.0,0.0,0.0,0.0,0.0,0.0,0.0,0.0,0.0,0.0,0.0,0.0,0.0,0.0,0.0,0.0,0.0,0.0,0.0,0.0,0.0,0.0,0.0,0.0,0.0,0.0,0.0,0.0,0.0
967,32233,False,0.0,0.0,0.0,0.0,0.0,0.0,0.0,0.0,0.0,0.0,0.0,0.0,0.0,0.0,0.0,0.0,0.0,0.0,0.0,0.0,0.0,0.0,0.0,0.0,0.0,0.0,0.0,0.0,0.0,0.0,0.0,0.0,0.0,0.0,0.0,0.0,0.0,0.0,0.0,0.0,0.0,0.0,0.0,0.0,0.0,0.0,0.0,0.0,0.0,0.0,0.0,0.0,0.0,0.0,0.0,0.0,0.0,0.0,0.0,0.0,0.0,0.0,0.0,0.0,0.0
968,32266,False,0.0,0.0,0.0,0.0,0.0,0.0,0.0,0.0,0.0,0.0,0.0,0.0,0.0,0.0,0.0,0.0,0.0,0.0,0.0,0.0,0.0,0.0,0.0,0.0,0.0,0.0,0.0,0.0,0.0,0.0,0.0,0.0,0.0,0.0,0.0,0.0,0.0,0.0,0.0,0.0,0.0,0.0,0.0,0.0,0.0,0.0,0.0,0.0,0.0,0.0,0.0,0.0,0.0,0.0,0.0,0.0,0.0,0.0,0.0,0.0,0.0,0.0,0.0,0.0,0.0
969,32299,False,0.0,0.0,0.0,0.0,0.0,0.0,0.0,0.0,0.0,0.0,0.0,0.0,0.0,0.0,0.0,0.0,0.0,0.0,0.0,0.0,0.0,0.0,0.0,0.0,0.0,0.0,0.0,0.0,0.0,0.0,0.0,0.0,0.0,0.0,0.0,0.0,0.0,0.0,0.0,0.0,0.0,0.0,0.0,0.0,0.0,0.0,0.0,0.0,0.0,0.0,0.0,0.0,0.0,0.0,0.0,0.0,0.0,0.0,0.0,0.0,0.0,0.0,0.0,0.0,0.0
970,32333,False,0.0,0.0,0.0,0.0,0.0,0.0,0.0,0.0,0.0,0.0,0.0,0.0,0.0,0.0,0.0,0.0,0.0,0.0,0.0,0.0,0.0,0.0,0.0,0.0,0.0,0.0,0.0,0.0,0.0,0.0,0.0,0.0,0.0,0.0,0.0,0.0,0.0,0.0,0.0,0.0,0.0,0.0,0.0,0.0,0.0,0.0,0.0,0.0,0.0,0.0,0.0,0.0,0.0,0.0,0.0,0.0,0.0,0.0,0.0,0.0,0.0,0.0,0.0,0.0,0.0
971,32366,False,0.0,0.0,0.0,0.0,0.0,0.0,0.0,0.0,0.0,0.0,0.0,0.0,0.0,0.0,0.0,0.0,0.0,0.0,0.0,0.0,0.0,0.0,0.0,0.0,0.0,0.0,0.0,0.0,0.0,0.0,0.0,0.0,0.0,0.0,0.0,0.0,0.0,0.0,0.0,0.0,0.0,0.0,0.0,0.0,0.0,0.0,0.0,0.0,0.0,0.0,0.0,0.0,0.0,0.0,0.0,0.0,0.0,0.0,0.0,0.0,0.0,0.0,0.0,0.0,0.0
972,32400,False,0.0,0.0,0.0,0.0,0.0,0.0,0.0,0.0,0.0,0.0,0.0,0.0,0.0,0.0,0.0,0.0,0.0,0.0,0.0,0.0,0.0,0.0,0.0,0.0,0.0,0.0,0.0,0.0,0.0,0.0,0.0,0.0,0.0,0.0,0.0,0.0,0.0,0.0,0.0,0.0,0.0,0.0,0.0,0.0,0.0,0.0,0.0,0.0,0.0,0.0,0.0,0.0,0.0,0.0,0.0,0.0,0.0,0.0,0.0,0.0,0.0,0.0,0.0,0.0,0.0
973,32433,False,0.0,0.0,0.0,0.0,0.0,0.0,0.0,0.0,0.0,0.0,0.0,0.0,0.0,0.0,0.0,0.0,0.0,0.0,0.0,0.0,0.0,0.0,0.0,0.0,0.0,0.0,0.0,0.0,0.0,0.0,0.0,0.0,0.0,0.0,0.0,0.0,0.0,0.0,0.0,0.0,0.0,0.0,0.0,0.0,0.0,0.0,0.0,0.0,0.0,0.0,0.0,0.0,0.0,0.0,0.0,0.0,0.0,0.0,0.0,0.0,0.0,0.0,0.0,0.0,0.0
974,32466,False,0.0,0.0,0.0,0.0,0.0,0.0,0.0,0.0,0.0,0.0,0.0,0.0,0.0,0.0,0.0,0.0,0.0,0.0,0.0,0.0,0.0,0.0,0.0,0.0,0.0,0.0,0.0,0.0,0.0,0.0,0.0,0.0,0.0,0.0,0.0,0.0,0.0,0.0,0.0,0.0,0.0,0.0,0.0,0.0,0.0,0.0,0.0,0.0,0.0,0.0,0.0,0.0,0.0,0.0,0.0,0.0,0.0,0.0,0.0,0.0,0.0,0.0,0.0,0.0,0.0
975,32500,False,0.0,0.0,0.0,0.0,0.0,0.0,0.0,0.0,0.0,0.0,0.0,0.0,0.0,0.0,0.0,0.0,0.0,0.0,0.0,0.0,0.0,0.0,0.0,0.0,0.0,0.0,0.0,0.0,0.0,0.0,0.0,0.0,0.0,0.0,0.0,0.0,0.0,0.0,0.0,0.0,0.0,0.0,0.0,0.0,0.0,0.0,0.0,0.0,0.0,0.0,0.0,0.0,0.0,0.0,0.0,0.0,0.0,0.0,0.0,0.0,0.0,0.0,0.0,0.0,0.0
976,32533,False,0.0,0.0,0.0,0.0,0.0,0.0,0.0,0.0,0.0,0.0,0.0,0.0,0.0,0.0,0.0,0.0,0.0,0.0,0.0,0.0,0.0,0.0,0.0,0.0,0.0,0.0,0.0,0.0,0.0,0.0,0.0,0.0,0.0,0.0,0.0,0.0,0.0,0.0,0.0,0.0,0.0,0.0,0.0,0.0,0.0,0.0,0.0,0.0,0.0,0.0,0.0,0.0,0.0,0.0,0.0,0.0,0.0,0.0,0.0,0.0,0.0,0.0,0.0,0.0,0.0
977,32566,False,0.0,0.0,0.0,0.0,0.0,0.0,0.0,0.0,0.0,0.0,0.0,0.0,0.0,0.0,0.0,0.0,0.0,0.0,0.0,0.0,0.0,0.0,0.0,0.0,0.0,0.0,0.0,0.0,0.0,0.0,0.0,0.0,0.0,0.0,0.0,0.0,0.0,0.0,0.0,0.0,0.0,0.0,0.0,0.0,0.0,0.0,0.0,0.0,0.0,0.0,0.0,0.0,0.0,0.0,0.0,0.0,0.0,0.0,0.0,0.0,0.0,0.0,0.0,0.0,0.0
978,32600,False,0.0,0.0,0.0,0.0,0.0,0.0,0.0,0.0,0.0,0.0,0.0,0.0,0.0,0.0,0.0,0.0,0.0,0.0,0.0,0.0,0.0,0.0,0.0,0.0,0.0,0.0,0.0,0.0,0.0,0.0,0.0,0.0,0.0,0.0,0.0,0.0,0.0,0.0,0.0,0.0,0.0,0.0,0.0,0.0,0.0,0.0,0.0,0.0,0.0,0.0,0.0,0.0,0.0,0.0,0.0,0.0,0.0,0.0,0.0,0.0,0.0,0.0,0.0,0.0,0.0
979,32633,False,0.0,0.0,0.0,0.0,0.0,0.0,0.0,0.0,0.0,0.0,0.0,0.0,0.0,0.0,0.0,0.0,0.0,0.0,0.0,0.0,0.0,0.0,0.0,0.0,0.0,0.0,0.0,0.0,0.0,0.0,0.0,0.0,0.0,0.0,0.0,0.0,0.0,0.0,0.0,0.0,0.0,0.0,0.0,0.0,0.0,0.0,0.0,0.0,0.0,0.0,0.0,0.0,0.0,0.0,0.0,0.0,0.0,0.0,0.0,0.0,0.0,0.0,0.0,0.0,0.0
980,32666,False,0.0,0.0,0.0,0.0,0.0,0.0,0.0,0.0,0.0,0.0,0.0,0.0,0.0,0.0,0.0,0.0,0.0,0.0,0.0,0.0,0.0,0.0,0.0,0.0,0.0,0.0,0.0,0.0,0.0,0.0,0.0,0.0,0.0,0.0,0.0,0.0,0.0,0.0,0.0,0.0,0.0,0.0,0.0,0.0,0.0,0.0,0.0,0.0,0.0,0.0,0.0,0.0,0.0,0.0,0.0,0.0,0.0,0.0,0.0,0.0,0.0,0.0,0.0,0.0,0.0
981,32700,False,0.0,0.0,0.0,0.0,0.0,0.0,0.0,0.0,0.0,0.0,0.0,0.0,0.0,0.0,0.0,0.0,0.0,0.0,0.0,0.0,0.0,0.0,0.0,0.0,0.0,0.0,0.0,0.0,0.0,0.0,0.0,0.0,0.0,0.0,0.0,0.0,0.0,0.0,0.0,0.0,0.0,0.0,0.0,0.0,0.0,0.0,0.0,0.0,0.0,0.0,0.0,0.0,0.0,0.0,0.0,0.0,0.0,0.0,0.0,0.0,0.0,0.0,0.0,0.0,0.0
982,32733,False,0.0,0.0,0.0,0.0,0.0,0.0,0.0,0.0,0.0,0.0,0.0,0.0,0.0,0.0,0.0,0.0,0.0,0.0,0.0,0.0,0.0,0.0,0.0,0.0,0.0,0.0,0.0,0.0,0.0,0.0,0.0,0.0,0.0,0.0,0.0,0.0,0.0,0.0,0.0,0.0,0.0,0.0,0.0,0.0,0.0,0.0,0.0,0.0,0.0,0.0,0.0,0.0,0.0,0.0,0.0,0.0,0.0,0.0,0.0,0.0,0.0,0.0,0.0,0.0,0.0
983,32766,False,0.0,0.0,0.0,0.0,0.0,0.0,0.0,0.0,0.0,0.0,0.0,0.0,0.0,0.0,0.0,0.0,0.0,0.0,0.0,0.0,0.0,0.0,0.0,0.0,0.0,0.0,0.0,0.0,0.0,0.0,0.0,0.0,0.0,0.0,0.0,0.0,0.0,0.0,0.0,0.0,0.0,0.0,0.0,0.0,0.0,0.0,0.0,0.0,0.0,0.0,0.0,0.0,0.0,0.0,0.0,0.0,0.0,0.0,0.0,0.0,0.0,0.0,0.0,0.0,0.0
984,32800,False,0.0,0.0,0.0,0.0,0.0,0.0,0.0,0.0,0.0,0.0,0.0,0.0,0.0,0.0,0.0,0.0,0.0,0.0,0.0,0.0,0.0,0.0,0.0,0.0,0.0,0.0,0.0,0.0,0.0,0.0,0.0,0.0,0.0,0.0,0.0,0.0,0.0,0.0,0.0,0.0,0.0,0.0,0.0,0.0,0.0,0.0,0.0,0.0,0.0,0.0,0.0,0.0,0.0,0.0,0.0,0.0,0.0,0.0,0.0,0.0,0.0,0.0,0.0,0.0,0.0
985,32833,False,0.0,0.0,0.0,0.0,0.0,0.0,0.0,0.0,0.0,0.0,0.0,0.0,0.0,0.0,0.0,0.0,0.0,0.0,0.0,0.0,0.0,0.0,0.0,0.0,0.0,0.0,0.0,0.0,0.0,0.0,0.0,0.0,0.0,0.0,0.0,0.0,0.0,0.0,0.0,0.0,0.0,0.0,0.0,0.0,0.0,0.0,0.0,0.0,0.0,0.0,0.0,0.0,0.0,0.0,0.0,0.0,0.0,0.0,0.0,0.0,0.0,0.0,0.0,0.0,0.0
986,32866,False,0.0,0.0,0.0,0.0,0.0,0.0,0.0,0.0,0.0,0.0,0.0,0.0,0.0,0.0,0.0,0.0,0.0,0.0,0.0,0.0,0.0,0.0,0.0,0.0,0.0,0.0,0.0,0.0,0.0,0.0,0.0,0.0,0.0,0.0,0.0,0.0,0.0,0.0,0.0,0.0,0.0,0.0,0.0,0.0,0.0,0.0,0.0,0.0,0.0,0.0,0.0,0.0,0.0,0.0,0.0,0.0,0.0,0.0,0.0,0.0,0.0,0.0,0.0,0.0,0.0
987,32900,False,0.0,0.0,0.0,0.0,0.0,0.0,0.0,0.0,0.0,0.0,0.0,0.0,0.0,0.0,0.0,0.0,0.0,0.0,0.0,0.0,0.0,0.0,0.0,0.0,0.0,0.0,0.0,0.0,0.0,0.0,0.0,0.0,0.0,0.0,0.0,0.0,0.0,0.0,0.0,0.0,0.0,0.0,0.0,0.0,0.0,0.0,0.0,0.0,0.0,0.0,0.0,0.0,0.0,0.0,0.0,0.0,0.0,0.0,0.0,0.0,0.0,0.0,0.0,0.0,0.0
988,32933,False,0.0,0.0,0.0,0.0,0.0,0.0,0.0,0.0,0.0,0.0,0.0,0.0,0.0,0.0,0.0,0.0,0.0,0.0,0.0,0.0,0.0,0.0,0.0,0.0,0.0,0.0,0.0,0.0,0.0,0.0,0.0,0.0,0.0,0.0,0.0,0.0,0.0,0.0,0.0,0.0,0.0,0.0,0.0,0.0,0.0,0.0,0.0,0.0,0.0,0.0,0.0,0.0,0.0,0.0,0.0,0.0,0.0,0.0,0.0,0.0,0.0,0.0,0.0,0.0,0.0
989,32966,False,0.0,0.0,0.0,0.0,0.0,0.0,0.0,0.0,0.0,0.0,0.0,0.0,0.0,0.0,0.0,0.0,0.0,0.0,0.0,0.0,0.0,0.0,0.0,0.0,0.0,0.0,0.0,0.0,0.0,0.0,0.0,0.0,0.0,0.0,0.0,0.0,0.0,0.0,0.0,0.0,0.0,0.0,0.0,0.0,0.0,0.0,0.0,0.0,0.0,0.0,0.0,0.0,0.0,0.0,0.0,0.0,0.0,0.0,0.0,0.0,0.0,0.0,0.0,0.0,0.0
990,33000,False,0.0,0.0,0.0,0.0,0.0,0.0,0.0,0.0,0.0,0.0,0.0,0.0,0.0,0.0,0.0,0.0,0.0,0.0,0.0,0.0,0.0,0.0,0.0,0.0,0.0,0.0,0.0,0.0,0.0,0.0,0.0,0.0,0.0,0.0,0.0,0.0,0.0,0.0,0.0,0.0,0.0,0.0,0.0,0.0,0.0,0.0,0.0,0.0,0.0,0.0,0.0,0.0,0.0,0.0,0.0,0.0,0.0,0.0,0.0,0.0,0.0,0.0,0.0,0.0,0.0
991,33033,False,0.0,0.0,0.0,0.0,0.0,0.0,0.0,0.0,0.0,0.0,0.0,0.0,0.0,0.0,0.0,0.0,0.0,0.0,0.0,0.0,0.0,0.0,0.0,0.0,0.0,0.0,0.0,0.0,0.0,0.0,0.0,0.0,0.0,0.0,0.0,0.0,0.0,0.0,0.0,0.0,0.0,0.0,0.0,0.0,0.0,0.0,0.0,0.0,0.0,0.0,0.0,0.0,0.0,0.0,0.0,0.0,0.0,0.0,0.0,0.0,0.0,0.0,0.0,0.0,0.0
992,33066,False,0.0,0.0,0.0,0.0,0.0,0.0,0.0,0.0,0.0,0.0,0.0,0.0,0.0,0.0,0.0,0.0,0.0,0.0,0.0,0.0,0.0,0.0,0.0,0.0,0.0,0.0,0.0,0.0,0.0,0.0,0.0,0.0,0.0,0.0,0.0,0.0,0.0,0.0,0.0,0.0,0.0,0.0,0.0,0.0,0.0,0.0,0.0,0.0,0.0,0.0,0.0,0.0,0.0,0.0,0.0,0.0,0.0,0.0,0.0,0.0,0.0,0.0,0.0,0.0,0.0
993,33100,False,0.0,0.0,0.0,0.0,0.0,0.0,0.0,0.0,0.0,0.0,0.0,0.0,0.0,0.0,0.0,0.0,0.0,0.0,0.0,0.0,0.0,0.0,0.0,0.0,0.0,0.0,0.0,0.0,0.0,0.0,0.0,0.0,0.0,0.0,0.0,0.0,0.0,0.0,0.0,0.0,0.0,0.0,0.0,0.0,0.0,0.0,0.0,0.0,0.0,0.0,0.0,0.0,0.0,0.0,0.0,0.0,0.0,0.0,0.0,0.0,0.0,0.0,0.0,0.0,0.0
994,33133,False,0.0,0.0,0.0,0.0,0.0,0.0,0.0,0.0,0.0,0.0,0.0,0.0,0.0,0.0,0.0,0.0,0.0,0.0,0.0,0.0,0.0,0.0,0.0,0.0,0.0,0.0,0.0,0.0,0.0,0.0,0.0,0.0,0.0,0.0,0.0,0.0,0.0,0.0,0.0,0.0,0.0,0.0,0.0,0.0,0.0,0.0,0.0,0.0,0.0,0.0,0.0,0.0,0.0,0.0,0.0,0.0,0.0,0.0,0.0,0.0,0.0,0.0,0.0,0.0,0.0
995,33166,False,0.0,0.0,0.0,0.0,0.0,0.0,0.0,0.0,0.0,0.0,0.0,0.0,0.0,0.0,0.0,0.0,0.0,0.0,0.0,0.0,0.0,0.0,0.0,0.0,0.0,0.0,0.0,0.0,0.0,0.0,0.0,0.0,0.0,0.0,0.0,0.0,0.0,0.0,0.0,0.0,0.0,0.0,0.0,0.0,0.0,0.0,0.0,0.0,0.0,0.0,0.0,0.0,0.0,0.0,0.0,0.0,0.0,0.0,0.0,0.0,0.0,0.0,0.0,0.0,0.0
996,33200,False,0.0,0.0,0.0,0.0,0.0,0.0,0.0,0.0,0.0,0.0,0.0,0.0,0.0,0.0,0.0,0.0,0.0,0.0,0.0,0.0,0.0,0.0,0.0,0.0,0.0,0.0,0.0,0.0,0.0,0.0,0.0,0.0,0.0,0.0,0.0,0.0,0.0,0.0,0.0,0.0,0.0,0.0,0.0,0.0,0.0,0.0,0.0,0.0,0.0,0.0,0.0,0.0,0.0,0.0,0.0,0.0,0.0,0.0,0.0,0.0,0.0,0.0,0.0,0.0,0.0
997,33233,False,0.0,0.0,0.0,0.0,0.0,0.0,0.0,0.0,0.0,0.0,0.0,0.0,0.0,0.0,0.0,0.0,0.0,0.0,0.0,0.0,0.0,0.0,0.0,0.0,0.0,0.0,0.0,0.0,0.0,0.0,0.0,0.0,0.0,0.0,0.0,0.0,0.0,0.0,0.0,0.0,0.0,0.0,0.0,0.0,0.0,0.0,0.0,0.0,0.0,0.0,0.0,0.0,0.0,0.0,0.0,0.0,0.0,0.0,0.0,0.0,0.0,0.0,0.0,0.0,0.0
998,33266,False,0.0,0.0,0.0,0.0,0.0,0.0,0.0,0.0,0.0,0.0,0.0,0.0,0.0,0.0,0.0,0.0,0.0,0.0,0.0,0.0,0.0,0.0,0.0,0.0,0.0,0.0,0.0,0.0,0.0,0.0,0.0,0.0,0.0,0.0,0.0,0.0,0.0,0.0,0.0,0.0,0.0,0.0,0.0,0.0,0.0,0.0,0.0,0.0,0.0,0.0,0.0,0.0,0.0,0.0,0.0,0.0,0.0,0.0,0.0,0.0,0.0,0.0,0.0,0.0,0.0
999,33300,False,0.0,0.0,0.0,0.0,0.0,0.0,0.0,0.0,0.0,0.0,0.0,0.0,0.0,0.0,0.0,0.0,0.0,0.0,0.0,0.0,0.0,0.0,0.0,0.0,0.0,0.0,0.0,0.0,0.0,0.0,0.0,0.0,0.0,0.0,0.0,0.0,0.0,0.0,0.0,0.0,0.0,0.0,0.0,0.0,0.0,0.0,0.0,0.0,0.0,0.0,0.0,0.0,0.0,0.0,0.0,0.0,0.0,0.0,0.0,0.0,0.0,0.0,0.0,0.0,0.0
1000,33333,False,0.0,0.0,0.0,0.0,0.0,0.0,0.0,0.0,0.0,0.0,0.0,0.0,0.0,0.0,0.0,0.0,0.0,0.0,0.0,0.0,0.0,0.0,0.0,0.0,0.0,0.0,0.0,0.0,0.0,0.0,0.0,0.0,0.0,0.0,0.0,0.0,0.0,0.0,0.0,0.0,0.0,0.0,0.0,0.0,0.0,0.0,0.0,0.0,0.0,0.0,0.0,0.0,0.0,0.0,0.0,0.0,0.0,0.0,0.0,0.0,0.0,0.0,0.0,0.0,0.0
1001,33366,False,0.0,0.0,0.0,0.0,0.0,0.0,0.0,0.0,0.0,0.0,0.0,0.0,0.0,0.0,0.0,0.0,0.0,0.0,0.0,0.0,0.0,0.0,0.0,0.0,0.0,0.0,0.0,0.0,0.0,0.0,0.0,0.0,0.0,0.0,0.0,0.0,0.0,0.0,0.0,0.0,0.0,0.0,0.0,0.0,0.0,0.0,0.0,0.0,0.0,0.0,0.0,0.0,0.0,0.0,0.0,0.0,0.0,0.0,0.0,0.0,0.0,0.0,0.0,0.0,0.0
1002,33400,False,0.0,0.0,0.0,0.0,0.0,0.0,0.0,0.0,0.0,0.0,0.0,0.0,0.0,0.0,0.0,0.0,0.0,0.0,0.0,0.0,0.0,0.0,0.0,0.0,0.0,0.0,0.0,0.0,0.0,0.0,0.0,0.0,0.0,0.0,0.0,0.0,0.0,0.0,0.0,0.0,0.0,0.0,0.0,0.0,0.0,0.0,0.0,0.0,0.0,0.0,0.0,0.0,0.0,0.0,0.0,0.0,0.0,0.0,0.0,0.0,0.0,0.0,0.0,0.0,0.0
1003,33433,False,0.0,0.0,0.0,0.0,0.0,0.0,0.0,0.0,0.0,0.0,0.0,0.0,0.0,0.0,0.0,0.0,0.0,0.0,0.0,0.0,0.0,0.0,0.0,0.0,0.0,0.0,0.0,0.0,0.0,0.0,0.0,0.0,0.0,0.0,0.0,0.0,0.0,0.0,0.0,0.0,0.0,0.0,0.0,0.0,0.0,0.0,0.0,0.0,0.0,0.0,0.0,0.0,0.0,0.0,0.0,0.0,0.0,0.0,0.0,0.0,0.0,0.0,0.0,0.0,0.0
1004,33466,False,0.0,0.0,0.0,0.0,0.0,0.0,0.0,0.0,0.0,0.0,0.0,0.0,0.0,0.0,0.0,0.0,0.0,0.0,0.0,0.0,0.0,0.0,0.0,0.0,0.0,0.0,0.0,0.0,0.0,0.0,0.0,0.0,0.0,0.0,0.0,0.0,0.0,0.0,0.0,0.0,0.0,0.0,0.0,0.0,0.0,0.0,0.0,0.0,0.0,0.0,0.0,0.0,0.0,0.0,0.0,0.0,0.0,0.0,0.0,0.0,0.0,0.0,0.0,0.0,0.0
1005,33500,False,0.0,0.0,0.0,0.0,0.0,0.0,0.0,0.0,0.0,0.0,0.0,0.0,0.0,0.0,0.0,0.0,0.0,0.0,0.0,0.0,0.0,0.0,0.0,0.0,0.0,0.0,0.0,0.0,0.0,0.0,0.0,0.0,0.0,0.0,0.0,0.0,0.0,0.0,0.0,0.0,0.0,0.0,0.0,0.0,0.0,0.0,0.0,0.0,0.0,0.0,0.0,0.0,0.0,0.0,0.0,0.0,0.0,0.0,0.0,0.0,0.0,0.0,0.0,0.0,0.0
1006,33533,False,0.0,0.0,0.0,0.0,0.0,0.0,0.0,0.0,0.0,0.0,0.0,0.0,0.0,0.0,0.0,0.0,0.0,0.0,0.0,0.0,0.0,0.0,0.0,0.0,0.0,0.0,0.0,0.0,0.0,0.0,0.0,0.0,0.0,0.0,0.0,0.0,0.0,0.0,0.0,0.0,0.0,0.0,0.0,0.0,0.0,0.0,0.0,0.0,0.0,0.0,0.0,0.0,0.0,0.0,0.0,0.0,0.0,0.0,0.0,0.0,0.0,0.0,0.0,0.0,0.0
1007,33566,False,0.0,0.0,0.0,0.0,0.0,0.0,0.0,0.0,0.0,0.0,0.0,0.0,0.0,0.0,0.0,0.0,0.0,0.0,0.0,0.0,0.0,0.0,0.0,0.0,0.0,0.0,0.0,0.0,0.0,0.0,0.0,0.0,0.0,0.0,0.0,0.0,0.0,0.0,0.0,0.0,0.0,0.0,0.0,0.0,0.0,0.0,0.0,0.0,0.0,0.0,0.0,0.0,0.0,0.0,0.0,0.0,0.0,0.0,0.0,0.0,0.0,0.0,0.0,0.0,0.0
1008,33600,False,0.0,0.0,0.0,0.0,0.0,0.0,0.0,0.0,0.0,0.0,0.0,0.0,0.0,0.0,0.0,0.0,0.0,0.0,0.0,0.0,0.0,0.0,0.0,0.0,0.0,0.0,0.0,0.0,0.0,0.0,0.0,0.0,0.0,0.0,0.0,0.0,0.0,0.0,0.0,0.0,0.0,0.0,0.0,0.0,0.0,0.0,0.0,0.0,0.0,0.0,0.0,0.0,0.0,0.0,0.0,0.0,0.0,0.0,0.0,0.0,0.0,0.0,0.0,0.0,0.0
1009,33633,False,0.0,0.0,0.0,0.0,0.0,0.0,0.0,0.0,0.0,0.0,0.0,0.0,0.0,0.0,0.0,0.0,0.0,0.0,0.0,0.0,0.0,0.0,0.0,0.0,0.0,0.0,0.0,0.0,0.0,0.0,0.0,0.0,0.0,0.0,0.0,0.0,0.0,0.0,0.0,0.0,0.0,0.0,0.0,0.0,0.0,0.0,0.0,0.0,0.0,0.0,0.0,0.0,0.0,0.0,0.0,0.0,0.0,0.0,0.0,0.0,0.0,0.0,0.0,0.0,0.0
1010,33666,False,0.0,0.0,0.0,0.0,0.0,0.0,0.0,0.0,0.0,0.0,0.0,0.0,0.0,0.0,0.0,0.0,0.0,0.0,0.0,0.0,0.0,0.0,0.0,0.0,0.0,0.0,0.0,0.0,0.0,0.0,0.0,0.0,0.0,0.0,0.0,0.0,0.0,0.0,0.0,0.0,0.0,0.0,0.0,0.0,0.0,0.0,0.0,0.0,0.0,0.0,0.0,0.0,0.0,0.0,0.0,0.0,0.0,0.0,0.0,0.0,0.0,0.0,0.0,0.0,0.0
1011,33700,False,0.0,0.0,0.0,0.0,0.0,0.0,0.0,0.0,0.0,0.0,0.0,0.0,0.0,0.0,0.0,0.0,0.0,0.0,0.0,0.0,0.0,0.0,0.0,0.0,0.0,0.0,0.0,0.0,0.0,0.0,0.0,0.0,0.0,0.0,0.0,0.0,0.0,0.0,0.0,0.0,0.0,0.0,0.0,0.0,0.0,0.0,0.0,0.0,0.0,0.0,0.0,0.0,0.0,0.0,0.0,0.0,0.0,0.0,0.0,0.0,0.0,0.0,0.0,0.0,0.0
1012,33733,False,0.0,0.0,0.0,0.0,0.0,0.0,0.0,0.0,0.0,0.0,0.0,0.0,0.0,0.0,0.0,0.0,0.0,0.0,0.0,0.0,0.0,0.0,0.0,0.0,0.0,0.0,0.0,0.0,0.0,0.0,0.0,0.0,0.0,0.0,0.0,0.0,0.0,0.0,0.0,0.0,0.0,0.0,0.0,0.0,0.0,0.0,0.0,0.0,0.0,0.0,0.0,0.0,0.0,0.0,0.0,0.0,0.0,0.0,0.0,0.0,0.0,0.0,0.0,0.0,0.0
1013,33766,False,0.0,0.0,0.0,0.0,0.0,0.0,0.0,0.0,0.0,0.0,0.0,0.0,0.0,0.0,0.0,0.0,0.0,0.0,0.0,0.0,0.0,0.0,0.0,0.0,0.0,0.0,0.0,0.0,0.0,0.0,0.0,0.0,0.0,0.0,0.0,0.0,0.0,0.0,0.0,0.0,0.0,0.0,0.0,0.0,0.0,0.0,0.0,0.0,0.0,0.0,0.0,0.0,0.0,0.0,0.0,0.0,0.0,0.0,0.0,0.0,0.0,0.0,0.0,0.0,0.0
1014,33800,False,0.0,0.0,0.0,0.0,0.0,0.0,0.0,0.0,0.0,0.0,0.0,0.0,0.0,0.0,0.0,0.0,0.0,0.0,0.0,0.0,0.0,0.0,0.0,0.0,0.0,0.0,0.0,0.0,0.0,0.0,0.0,0.0,0.0,0.0,0.0,0.0,0.0,0.0,0.0,0.0,0.0,0.0,0.0,0.0,0.0,0.0,0.0,0.0,0.0,0.0,0.0,0.0,0.0,0.0,0.0,0.0,0.0,0.0,0.0,0.0,0.0,0.0,0.0,0.0,0.0
1015,33833,False,0.0,0.0,0.0,0.0,0.0,0.0,0.0,0.0,0.0,0.0,0.0,0.0,0.0,0.0,0.0,0.0,0.0,0.0,0.0,0.0,0.0,0.0,0.0,0.0,0.0,0.0,0.0,0.0,0.0,0.0,0.0,0.0,0.0,0.0,0.0,0.0,0.0,0.0,0.0,0.0,0.0,0.0,0.0,0.0,0.0,0.0,0.0,0.0,0.0,0.0,0.0,0.0,0.0,0.0,0.0,0.0,0.0,0.0,0.0,0.0,0.0,0.0,0.0,0.0,0.0
1016,33866,False,0.0,0.0,0.0,0.0,0.0,0.0,0.0,0.0,0.0,0.0,0.0,0.0,0.0,0.0,0.0,0.0,0.0,0.0,0.0,0.0,0.0,0.0,0.0,0.0,0.0,0.0,0.0,0.0,0.0,0.0,0.0,0.0,0.0,0.0,0.0,0.0,0.0,0.0,0.0,0.0,0.0,0.0,0.0,0.0,0.0,0.0,0.0,0.0,0.0,0.0,0.0,0.0,0.0,0.0,0.0,0.0,0.0,0.0,0.0,0.0,0.0,0.0,0.0,0.0,0.0
1017,33900,False,0.0,0.0,0.0,0.0,0.0,0.0,0.0,0.0,0.0,0.0,0.0,0.0,0.0,0.0,0.0,0.0,0.0,0.0,0.0,0.0,0.0,0.0,0.0,0.0,0.0,0.0,0.0,0.0,0.0,0.0,0.0,0.0,0.0,0.0,0.0,0.0,0.0,0.0,0.0,0.0,0.0,0.0,0.0,0.0,0.0,0.0,0.0,0.0,0.0,0.0,0.0,0.0,0.0,0.0,0.0,0.0,0.0,0.0,0.0,0.0,0.0,0.0,0.0,0.0,0.0
1018,33933,False,0.0,0.0,0.0,0.0,0.0,0.0,0.0,0.0,0.0,0.0,0.0,0.0,0.0,0.0,0.0,0.0,0.0,0.0,0.0,0.0,0.0,0.0,0.0,0.0,0.0,0.0,0.0,0.0,0.0,0.0,0.0,0.0,0.0,0.0,0.0,0.0,0.0,0.0,0.0,0.0,0.0,0.0,0.0,0.0,0.0,0.0,0.0,0.0,0.0,0.0,0.0,0.0,0.0,0.0,0.0,0.0,0.0,0.0,0.0,0.0,0.0,0.0,0.0,0.0,0.0
1019,33966,False,0.0,0.0,0.0,0.0,0.0,0.0,0.0,0.0,0.0,0.0,0.0,0.0,0.0,0.0,0.0,0.0,0.0,0.0,0.0,0.0,0.0,0.0,0.0,0.0,0.0,0.0,0.0,0.0,0.0,0.0,0.0,0.0,0.0,0.0,0.0,0.0,0.0,0.0,0.0,0.0,0.0,0.0,0.0,0.0,0.0,0.0,0.0,0.0,0.0,0.0,0.0,0.0,0.0,0.0,0.0,0.0,0.0,0.0,0.0,0.0,0.0,0.0,0.0,0.0,0.0
1020,34000,False,0.0,0.0,0.0,0.0,0.0,0.0,0.0,0.0,0.0,0.0,0.0,0.0,0.0,0.0,0.0,0.0,0.0,0.0,0.0,0.0,0.0,0.0,0.0,0.0,0.0,0.0,0.0,0.0,0.0,0.0,0.0,0.0,0.0,0.0,0.0,0.0,0.0,0.0,0.0,0.0,0.0,0.0,0.0,0.0,0.0,0.0,0.0,0.0,0.0,0.0,0.0,0.0,0.0,0.0,0.0,0.0,0.0,0.0,0.0,0.0,0.0,0.0,0.0,0.0,0.0
1021,34033,False,0.0,0.0,0.0,0.0,0.0,0.0,0.0,0.0,0.0,0.0,0.0,0.0,0.0,0.0,0.0,0.0,0.0,0.0,0.0,0.0,0.0,0.0,0.0,0.0,0.0,0.0,0.0,0.0,0.0,0.0,0.0,0.0,0.0,0.0,0.0,0.0,0.0,0.0,0.0,0.0,0.0,0.0,0.0,0.0,0.0,0.0,0.0,0.0,0.0,0.0,0.0,0.0,0.0,0.0,0.0,0.0,0.0,0.0,0.0,0.0,0.0,0.0,0.0,0.0,0.0
1022,34066,False,0.0,0.0,0.0,0.0,0.0,0.0,0.0,0.0,0.0,0.0,0.0,0.0,0.0,0.0,0.0,0.0,0.0,0.0,0.0,0.0,0.0,0.0,0.0,0.0,0.0,0.0,0.0,0.0,0.0,0.0,0.0,0.0,0.0,0.0,0.0,0.0,0.0,0.0,0.0,0.0,0.0,0.0,0.0,0.0,0.0,0.0,0.0,0.0,0.0,0.0,0.0,0.0,0.0,0.0,0.0,0.0,0.0,0.0,0.0,0.0,0.0,0.0,0.0,0.0,0.0
1023,34100,False,0.0,0.0,0.0,0.0,0.0,0.0,0.0,0.0,0.0,0.0,0.0,0.0,0.0,0.0,0.0,0.0,0.0,0.0,0.0,0.0,0.0,0.0,0.0,0.0,0.0,0.0,0.0,0.0,0.0,0.0,0.0,0.0,0.0,0.0,0.0,0.0,0.0,0.0,0.0,0.0,0.0,0.0,0.0,0.0,0.0,0.0,0.0,0.0,0.0,0.0,0.0,0.0,0.0,0.0,0.0,0.0,0.0,0.0,0.0,0.0,0.0,0.0,0.0,0.0,0.0
1024,34133,False,0.0,0.0,0.0,0.0,0.0,0.0,0.0,0.0,0.0,0.0,0.0,0.0,0.0,0.0,0.0,0.0,0.0,0.0,0.0,0.0,0.0,0.0,0.0,0.0,0.0,0.0,0.0,0.0,0.0,0.0,0.0,0.0,0.0,0.0,0.0,0.0,0.0,0.0,0.0,0.0,0.0,0.0,0.0,0.0,0.0,0.0,0.0,0.0,0.0,0.0,0.0,0.0,0.0,0.0,0.0,0.0,0.0,0.0,0.0,0.0,0.0,0.0,0.0,0.0,0.0
1025,34166,False,0.0,0.0,0.0,0.0,0.0,0.0,0.0,0.0,0.0,0.0,0.0,0.0,0.0,0.0,0.0,0.0,0.0,0.0,0.0,0.0,0.0,0.0,0.0,0.0,0.0,0.0,0.0,0.0,0.0,0.0,0.0,0.0,0.0,0.0,0.0,0.0,0.0,0.0,0.0,0.0,0.0,0.0,0.0,0.0,0.0,0.0,0.0,0.0,0.0,0.0,0.0,0.0,0.0,0.0,0.0,0.0,0.0,0.0,0.0,0.0,0.0,0.0,0.0,0.0,0.0
1026,34200,False,0.0,0.0,0.0,0.0,0.0,0.0,0.0,0.0,0.0,0.0,0.0,0.0,0.0,0.0,0.0,0.0,0.0,0.0,0.0,0.0,0.0,0.0,0.0,0.0,0.0,0.0,0.0,0.0,0.0,0.0,0.0,0.0,0.0,0.0,0.0,0.0,0.0,0.0,0.0,0.0,0.0,0.0,0.0,0.0,0.0,0.0,0.0,0.0,0.0,0.0,0.0,0.0,0.0,0.0,0.0,0.0,0.0,0.0,0.0,0.0,0.0,0.0,0.0,0.0,0.0
1027,34233,False,0.0,0.0,0.0,0.0,0.0,0.0,0.0,0.0,0.0,0.0,0.0,0.0,0.0,0.0,0.0,0.0,0.0,0.0,0.0,0.0,0.0,0.0,0.0,0.0,0.0,0.0,0.0,0.0,0.0,0.0,0.0,0.0,0.0,0.0,0.0,0.0,0.0,0.0,0.0,0.0,0.0,0.0,0.0,0.0,0.0,0.0,0.0,0.0,0.0,0.0,0.0,0.0,0.0,0.0,0.0,0.0,0.0,0.0,0.0,0.0,0.0,0.0,0.0,0.0,0.0
1028,34266,False,0.0,0.0,0.0,0.0,0.0,0.0,0.0,0.0,0.0,0.0,0.0,0.0,0.0,0.0,0.0,0.0,0.0,0.0,0.0,0.0,0.0,0.0,0.0,0.0,0.0,0.0,0.0,0.0,0.0,0.0,0.0,0.0,0.0,0.0,0.0,0.0,0.0,0.0,0.0,0.0,0.0,0.0,0.0,0.0,0.0,0.0,0.0,0.0,0.0,0.0,0.0,0.0,0.0,0.0,0.0,0.0,0.0,0.0,0.0,0.0,0.0,0.0,0.0,0.0,0.0
1029,34300,False,0.0,0.0,0.0,0.0,0.0,0.0,0.0,0.0,0.0,0.0,0.0,0.0,0.0,0.0,0.0,0.0,0.0,0.0,0.0,0.0,0.0,0.0,0.0,0.0,0.0,0.0,0.0,0.0,0.0,0.0,0.0,0.0,0.0,0.0,0.0,0.0,0.0,0.0,0.0,0.0,0.0,0.0,0.0,0.0,0.0,0.0,0.0,0.0,0.0,0.0,0.0,0.0,0.0,0.0,0.0,0.0,0.0,0.0,0.0,0.0,0.0,0.0,0.0,0.0,0.0
1030,34333,False,0.0,0.0,0.0,0.0,0.0,0.0,0.0,0.0,0.0,0.0,0.0,0.0,0.0,0.0,0.0,0.0,0.0,0.0,0.0,0.0,0.0,0.0,0.0,0.0,0.0,0.0,0.0,0.0,0.0,0.0,0.0,0.0,0.0,0.0,0.0,0.0,0.0,0.0,0.0,0.0,0.0,0.0,0.0,0.0,0.0,0.0,0.0,0.0,0.0,0.0,0.0,0.0,0.0,0.0,0.0,0.0,0.0,0.0,0.0,0.0,0.0,0.0,0.0,0.0,0.0
1031,34366,False,0.0,0.0,0.0,0.0,0.0,0.0,0.0,0.0,0.0,0.0,0.0,0.0,0.0,0.0,0.0,0.0,0.0,0.0,0.0,0.0,0.0,0.0,0.0,0.0,0.0,0.0,0.0,0.0,0.0,0.0,0.0,0.0,0.0,0.0,0.0,0.0,0.0,0.0,0.0,0.0,0.0,0.0,0.0,0.0,0.0,0.0,0.0,0.0,0.0,0.0,0.0,0.0,0.0,0.0,0.0,0.0,0.0,0.0,0.0,0.0,0.0,0.0,0.0,0.0,0.0
1032,34400,False,0.0,0.0,0.0,0.0,0.0,0.0,0.0,0.0,0.0,0.0,0.0,0.0,0.0,0.0,0.0,0.0,0.0,0.0,0.0,0.0,0.0,0.0,0.0,0.0,0.0,0.0,0.0,0.0,0.0,0.0,0.0,0.0,0.0,0.0,0.0,0.0,0.0,0.0,0.0,0.0,0.0,0.0,0.0,0.0,0.0,0.0,0.0,0.0,0.0,0.0,0.0,0.0,0.0,0.0,0.0,0.0,0.0,0.0,0.0,0.0,0.0,0.0,0.0,0.0,0.0
1033,34433,True,0.9961,0.9961,0.254976,0.709474,0.0,0.283297,0.714484,-0.01917,0.308716,0.740239,-0.046404,0.330538,0.77616,-0.073034,0.34831,0.800303,-0.103183,0.29041,0.69298,-0.072455,0.309304,0.757532,-0.110402,0.323023,0.808929,-0.136564,0.333656,0.843616,-0.153036,0.257339,0.695793,-0.079311,0.272932,0.782999,-0.115331,0.281741,0.848349,-0.125099,0.288825,0.891591,-0.131325,0.230203,0.708442,-0.08569,0.243763,0.788619,-0.117008,0.255559,0.844096,-0.113694,0.2639,0.883095,-0.108687,0.211462,0.730281,-0.093484,0.216628,0.786907,-0.114972,0.226036,0.825289,-0.110863,0.233223,0.85393,-0.10603
1034,34466,False,0.0,0.0,0.0,0.0,0.0,0.0,0.0,0.0,0.0,0.0,0.0,0.0,0.0,0.0,0.0,0.0,0.0,0.0,0.0,0.0,0.0,0.0,0.0,0.0,0.0,0.0,0.0,0.0,0.0,0.0,0.0,0.0,0.0,0.0,0.0,0.0,0.0,0.0,0.0,0.0,0.0,0.0,0.0,0.0,0.0,0.0,0.0,0.0,0.0,0.0,0.0,0.0,0.0,0.0,0.0,0.0,0.0,0.0,0.0,0.0,0.0,0.0,0.0,0.0,0.0
1035,34500,False,0.0,0.0,0.0,0.0,0.0,0.0,0.0,0.0,0.0,0.0,0.0,0.0,0.0,0.0,0.0,0.0,0.0,0.0,0.0,0.0,0.0,0.0,0.0,0.0,0.0,0.0,0.0,0.0,0.0,0.0,0.0,0.0,0.0,0.0,0.0,0.0,0.0,0.0,0.0,0.0,0.0,0.0,0.0,0.0,0.0,0.0,0.0,0.0,0.0,0.0,0.0,0.0,0.0,0.0,0.0,0.0,0.0,0.0,0.0,0.0,0.0,0.0,0.0,0.0,0.0
1036,34533,False,0.0,0.0,0.0,0.0,0.0,0.0,0.0,0.0,0.0,0.0,0.0,0.0,0.0,0.0,0.0,0.0,0.0,0.0,0.0,0.0,0.0,0.0,0.0,0.0,0.0,0.0,0.0,0.0,0.0,0.0,0.0,0.0,0.0,0.0,0.0,0.0,0.0,0.0,0.0,0.0,0.0,0.0,0.0,0.0,0.0,0.0,0.0,0.0,0.0,0.0,0.0,0.0,0.0,0.0,0.0,0.0,0.0,0.0,0.0,0.0,0.0,0.0,0.0,0.0,0.0
1037,34566,True,0.972,0.972,0.262881,0.693591,-0.0,0.279503,0.704857,-0.016252,0.298655,0.736267,-0.041785,0.317819,0.771088,-0.067064,0.336158,0.791522,-0.096048,0.271987,0.699974,-0.071626,0.283594,0.768819,-0.106191,0.298391,0.820543,-0.129839,0.311902,0.85661,-0.145333,0.247577,0.698139,-0.078756,0.257677,0.786112,-0.113129,0.268709,0.850304,-0.122861,0.278044,0.893812,-0.129589,0.231963,0.703529,-0.084549,0.241019,0.784219,-0.115029,0.254596,0.839169,-0.113791,0.265287,0.8799,-0.110765,0.22437,0.718651,-0.091329,0.228257,0.77749,-0.112572,0.238298,0.81662,-0.110168,0.247259,0.847569,-0.107233
1038,34600,False,0.0,0.0,0.0,0.0,0.0,0.0,0.0,0.0,0.0,0.0,0.0,0.0,0.0,0.0,0.0,0.0,0.0,0.0,0.0,0.0,0.0,0.0,0.0,0.0,0.0,0.0,0.0,0.0,0.0,0.0,0.0,0.0,0.0,0.0,0.0,0.0,0.0,0.0,0.0,0.0,0.0,0.0,0.0,0.0,0.0,0.0,0.0,0.0,0.0,0.0,0.0,0.0,0.0,0.0,0.0,0.0,0.0,0.0,0.0,0.0,0.0,0.0,0.0,0.0,0.0
1039,34633,False,0.0,0.0,0.0,0.0,0.0,0.0,0.0,0.0,0.0,0.0,0.0,0.0,0.0,0.0,0.0,0.0,0.0,0.0,0.0,0.0,0.0,0.0,0.0,0.0,0.0,0.0,0.0,0.0,0.0,0.0,0.0,0.0,0.0,0.0,0.0,0.0,0.0,0.0,0.0,0.0,0.0,0.0,0.0,0.0,0.0,0.0,0.0,0.0,0.0,0.0,0.0,0.0,0.0,0.0,0.0,0.0,0.0,0.0,0.0,0.0,0.0,0.0,0.0,0.0,0.0
1040,34666,False,0.0,0.0,0.0,0.0,0.0,0.0,0.0,0.0,0.0,0.0,0.0,0.0,0.0,0.0,0.0,0.0,0.0,0.0,0.0,0.0,0.0,0.0,0.0,0.0,0.0,0.0,0.0,0.0,0.0,0.0,0.0,0.0,0.0,0.0,0.0,0.0,0.0,0.0,0.0,0.0,0.0,0.0,0.0,0.0,0.0,0.0,0.0,0.0,0.0,0.0,0.0,0.0,0.0,0.0,0.0,0.0,0.0,0.0,0.0,0.0,0.0,0.0,0.0,0.0,0.0
1041,34700,False,0.0,0.0,0.0,0.0,0.0,0.0,0.0,0.0,0.0,0.0,0.0,0.0,0.0,0.0,0.0,0.0,0.0,0.0,0.0,0.0,0.0,0.0,0.0,0.0,0.0,0.0,0.0,0.0,0.0,0.0,0.0,0.0,0.0,0.0,0.0,0.0,0.0,0.0,0.0,0.0,0.0,0.0,0.0,0.0,0.0,0.0,0.0,0.0,0.0,0.0,0.0,0.0,0.0,0.0,0.0,0.0,0.0,0.0,0.0,0.0,0.0,0.0,0.0,0.0,0.0
1042,34733,False,0.0,0.0,0.0,0.0,0.0,0.0,0.0,0.0,0.0,0.0,0.0,0.0,0.0,0.0,0.0,0.0,0.0,0.0,0.0,0.0,0.0,0.0,0.0,0.0,0.0,0.0,0.0,0.0,0.0,0.0,0.0,0.0,0.0,0.0,0.0,0.0,0.0,0.0,0.0,0.0,0.0,0.0,0.0,0.0,0.0,0.0,0.0,0.0,0.0,0.0,0.0,0.0,0.0,0.0,0.0,0.0,0.0,0.0,0.0,0.0,0.0,0.0,0.0,0.0,0.0
1043,34766,False,0.0,0.0,0.0,0.0,0.0,0.0,0.0,0.0,0.0,0.0,0.0,0.0,0.0,0.0,0.0,0.0,0.0,0.0,0.0,0.0,0.0,0.0,0.0,0.0,0.0,0.0,0.0,0.0,0.0,0.0,0.0,0.0,0.0,0.0,0.0,0.0,0.0,0.0,0.0,0.0,0.0,0.0,0.0,0.0,0.0,0.0,0.0,0.0,0.0,0.0,0.0,0.0,0.0,0.0,0.0,0.0,0.0,0.0,0.0,0.0,0.0,0.0,0.0,0.0,0.0
1044,34800,False,0.0,0.0,0.0,0.0,0.0,0.0,0.0,0.0,0.0,0.0,0.0,0.0,0.0,0.0,0.0,0.0,0.0,0.0,0.0,0.0,0.0,0.0,0.0,0.0,0.0,0.0,0.0,0.0,0.0,0.0,0.0,0.0,0.0,0.0,0.0,0.0,0.0,0.0,0.0,0.0,0.0,0.0,0.0,0.0,0.0,0.0,0.0,0.0,0.0,0.0,0.0,0.0,0.0,0.0,0.0,0.0,0.0,0.0,0.0,0.0,0.0,0.0,0.0,0.0,0.0
1045,34833,False,0.0,0.0,0.0,0.0,0.0,0.0,0.0,0.0,0.0,0.0,0.0,0.0,0.0,0.0,0.0,0.0,0.0,0.0,0.0,0.0,0.0,0.0,0.0,0.0,0.0,0.0,0.0,0.0,0.0,0.0,0.0,0.0,0.0,0.0,0.0,0.0,0.0,0.0,0.0,0.0,0.0,0.0,0.0,0.0,0.0,0.0,0.0,0.0,0.0,0.0,0.0,0.0,0.0,0.0,0.0,0.0,0.0,0.0,0.0,0.0,0.0,0.0,0.0,0.0,0.0
1046,34866,False,0.0,0.0,0.0,0.0,0.0,0.0,0.0,0.0,0.0,0.0,0.0,0.0,0.0,0.0,0.0,0.0,0.0,0.0,0.0,0.0,0.0,0.0,0.0,0.0,0.0,0.0,0.0,0.0,0.0,0.0,0.0,0.0,0.0,0.0,0.0,0.0,0.0,0.0,0.0,0.0,0.0,0.0,0.0,0.0,0.0,0.0,0.0,0.0,0.0,0.0,0.0,0.0,0.0,0.0,0.0,0.0,0.0,0.0,0.0,0.0,0.0,0.0,0.0,0.0,0.0
1047,34900,False,0.0,0.0,0.0,0.0,0.0,0.0,0.0,0.0,0.0,0.0,0.0,0.0,0.0,0.0,0.0,0.0,0.0,0.0,0.0,0.0,0.0,0.0,0.0,0.0,0.0,0.0,0.0,0.0,0.0,0.0,0.0,0.0,0.0,0.0,0.0,0.0,0.0,0.0,0.0,0.0,0.0,0.0,0.0,0.0,0.0,0.0,0.0,0.0,0.0,0.0,0.0,0.0,0.0,0.0,0.0,0.0,0.0,0.0,0.0,0.0,0.0,0.0,0.0,0.0,0.0
1048,34933,False,0.0,0.0,0.0,0.0,0.0,0.0,0.0,0.0,0.0,0.0,0.0,0.0,0.0,0.0,0.0,0.0,0.0,0.0,0.0,0.0,0.0,0.0,0.0,0.0,0.0,0.0,0.0,0.0,0.0,0.0,0.0,0.0,0.0,0.0,0.0,0.0,0.0,0.0,0.0,0.0,0.0,0.0,0.0,0.0,0.0,0.0,0.0,0.0,0.0,0.0,0.0,0.0,0.0,0.0,0.0,0.0,0.0,0.0,0.0,0.0,0.0,0.0,0.0,0.0,0.0
1049,34966,False,0.0,0.0,0.0,0.0,0.0,0.0,0.0,0.0,0.0,0.0,0.0,0.0,0.0,0.0,0.0,0.0,0.0,0.0,0.0,0.0,0.0,0.0,0.0,0.0,0.0,0.0,0.0,0.0,0.0,0.0,0.0,0.0,0.0,0.0,0.0,0.0,0.0,0.0,0.0,0.0,0.0,0.0,0.0,0.0,0.0,0.0,0.0,0.0,0.0,0.0,0.0,0.0,0.0,0.0,0.0,0.0,0.0,0.0,0.0,0.0,0.0,0.0,0.0,0.0,0.0
1050,35000,False,0.0,0.0,0.0,0.0,0.0,0.0,0.0,0.0,0.0,0.0,0.0,0.0,0.0,0.0,0.0,0.0,0.0,0.0,0.0,0.0,0.0,0.0,0.0,0.0,0.0,0.0,0.0,0.0,0.0,0.0,0.0,0.0,0.0,0.0,0.0,0.0,0.0,0.0,0.0,0.0,0.0,0.0,0.0,0.0,0.0,0.0,0.0,0.0,0.0,0.0,0.0,0.0,0.0,0.0,0.0,0.0,0.0,0.0,0.0,0.0,0.0,0.0,0.0,0.0,0.0
1051,35033,False,0.0,0.0,0.0,0.0,0.0,0.0,0.0,0.0,0.0,0.0,0.0,0.0,0.0,0.0,0.0,0.0,0.0,0.0,0.0,0.0,0.0,0.0,0.0,0.0,0.0,0.0,0.0,0.0,0.0,0.0,0.0,0.0,0.0,0.0,0.0,0.0,0.0,0.0,0.0,0.0,0.0,0.0,0.0,0.0,0.0,0.0,0.0,0.0,0.0,0.0,0.0,0.0,0.0,0.0,0.0,0.0,0.0,0.0,0.0,0.0,0.0,0.0,0.0,0.0,0.0
1052,35066,False,0.0,0.0,0.0,0.0,0.0,0.0,0.0,0.0,0.0,0.0,0.0,0.0,0.0,0.0,0.0,0.0,0.0,0.0,0.0,0.0,0.0,0.0,0.0,0.0,0.0,0.0,0.0,0.0,0.0,0.0,0.0,0.0,0.0,0.0,0.0,0.0,0.0,0.0,0.0,0.0,0.0,0.0,0.0,0.0,0.0,0.0,0.0,0.0,0.0,0.0,0.0,0.0,0.0,0.0,0.0,0.0,0.0,0.0,0.0,0.0,0.0,0.0,0.0,0.0,0.0
1053,35100,False,0.0,0.0,0.0,0.0,0.0,0.0,0.0,0.0,0.0,0.0,0.0,0.0,0.0,0.0,0.0,0.0,0.0,0.0,0.0,0.0,0.0,0.0,0.0,0.0,0.0,0.0,0.0,0.0,0.0,0.0,0.0,0.0,0.0,0.0,0.0,0.0,0.0,0.0,0.0,0.0,0.0,0.0,0.0,0.0,0.0,0.0,0.0,0.0,0.0,0.0,0.0,0.0,0.0,0.0,0.0,0.0,0.0,0.0,0.0,0.0,0.0,0.0,0.0,0.0,0.0
1054,35133,False,0.0,0.0,0.0,0.0,0.0,0.0,0.0,0.0,0.0,0.0,0.0,0.0,0.0,0.0,0.0,0.0,0.0,0.0,0.0,0.0,0.0,0.0,0.0,0.0,0.0,0.0,0.0,0.0,0.0,0.0,0.0,0.0,0.0,0.0,0.0,0.0,0.0,0.0,0.0,0.0,0.0,0.0,0.0,0.0,0.0,0.0,0.0,0.0,0.0,0.0,0.0,0.0,0.0,0.0,0.0,0.0,0.0,0.0,0.0,0.0,0.0,0.0,0.0,0.0,0.0
1055,35166,False,0.0,0.0,0.0,0.0,0.0,0.0,0.0,0.0,0.0,0.0,0.0,0.0,0.0,0.0,0.0,0.0,0.0,0.0,0.0,0.0,0.0,0.0,0.0,0.0,0.0,0.0,0.0,0.0,0.0,0.0,0.0,0.0,0.0,0.0,0.0,0.0,0.0,0.0,0.0,0.0,0.0,0.0,0.0,0.0,0.0,0.0,0.0,0.0,0.0,0.0,0.0,0.0,0.0,0.0,0.0,0.0,0.0,0.0,0.0,0.0,0.0,0.0,0.0,0.0,0.0
1056,35200,False,0.0,0.0,0.0,0.0,0.0,0.0,0.0,0.0,0.0,0.0,0.0,0.0,0.0,0.0,0.0,0.0,0.0,0.0,0.0,0.0,0.0,0.0,0.0,0.0,0.0,0.0,0.0,0.0,0.0,0.0,0.0,0.0,0.0,0.0,0.0,0.0,0.0,0.0,0.0,0.0,0.0,0.0,0.0,0.0,0.0,0.0,0.0,0.0,0.0,0.0,0.0,0.0,0.0,0.0,0.0,0.0,0.0,0.0,0.0,0.0,0.0,0.0,0.0,0.0,0.0
1057,35233,False,0.0,0.0,0.0,0.0,0.0,0.0,0.0,0.0,0.0,0.0,0.0,0.0,0.0,0.0,0.0,0.0,0.0,0.0,0.0,0.0,0.0,0.0,0.0,0.0,0.0,0.0,0.0,0.0,0.0,0.0,0.0,0.0,0.0,0.0,0.0,0.0,0.0,0.0,0.0,0.0,0.0,0.0,0.0,0.0,0.0,0.0,0.0,0.0,0.0,0.0,0.0,0.0,0.0,0.0,0.0,0.0,0.0,0.0,0.0,0.0,0.0,0.0,0.0,0.0,0.0
1058,35266,False,0.0,0.0,0.0,0.0,0.0,0.0,0.0,0.0,0.0,0.0,0.0,0.0,0.0,0.0,0.0,0.0,0.0,0.0,0.0,0.0,0.0,0.0,0.0,0.0,0.0,0.0,0.0,0.0,0.0,0.0,0.0,0.0,0.0,0.0,0.0,0.0,0.0,0.0,0.0,0.0,0.0,0.0,0.0,0.0,0.0,0.0,0.0,0.0,0.0,0.0,0.0,0.0,0.0,0.0,0.0,0.0,0.0,0.0,0.0,0.0,0.0,0.0,0.0,0.0,0.0
1059,35300,False,0.0,0.0,0.0,0.0,0.0,0.0,0.0,0.0,0.0,0.0,0.0,0.0,0.0,0.0,0.0,0.0,0.0,0.0,0.0,0.0,0.0,0.0,0.0,0.0,0.0,0.0,0.0,0.0,0.0,0.0,0.0,0.0,0.0,0.0,0.0,0.0,0.0,0.0,0.0,0.0,0.0,0.0,0.0,0.0,0.0,0.0,0.0,0.0,0.0,0.0,0.0,0.0,0.0,0.0,0.0,0.0,0.0,0.0,0.0,0.0,0.0,0.0,0.0,0.0,0.0
1060,35333,False,0.0,0.0,0.0,0.0,0.0,0.0,0.0,0.0,0.0,0.0,0.0,0.0,0.0,0.0,0.0,0.0,0.0,0.0,0.0,0.0,0.0,0.0,0.0,0.0,0.0,0.0,0.0,0.0,0.0,0.0,0.0,0.0,0.0,0.0,0.0,0.0,0.0,0.0,0.0,0.0,0.0,0.0,0.0,0.0,0.0,0.0,0.0,0.0,0.0,0.0,0.0,0.0,0.0,0.0,0.0,0.0,0.0,0.0,0.0,0.0,0.0,0.0,0.0,0.0,0.0
1061,35366,False,0.0,0.0,0.0,0.0,0.0,0.0,0.0,0.0,0.0,0.0,0.0,0.0,0.0,0.0,0.0,0.0,0.0,0.0,0.0,0.0,0.0,0.0,0.0,0.0,0.0,0.0,0.0,0.0,0.0,0.0,0.0,0.0,0.0,0.0,0.0,0.0,0.0,0.0,0.0,0.0,0.0,0.0,0.0,0.0,0.0,0.0,0.0,0.0,0.0,0.0,0.0,0.0,0.0,0.0,0.0,0.0,0.0,0.0,0.0,0.0,0.0,0.0,0.0,0.0,0.0
1062,35400,False,0.0,0.0,0.0,0.0,0.0,0.0,0.0,0.0,0.0,0.0,0.0,0.0,0.0,0.0,0.0,0.0,0.0,0.0,0.0,0.0,0.0,0.0,0.0,0.0,0.0,0.0,0.0,0.0,0.0,0.0,0.0,0.0,0.0,0.0,0.0,0.0,0.0,0.0,0.0,0.0,0.0,0.0,0.0,0.0,0.0,0.0,0.0,0.0,0.0,0.0,0.0,0.0,0.0,0.0,0.0,0.0,0.0,0.0,0.0,0.0,0.0,0.0,0.0,0.0,0.0
1063,35433,False,0.0,0.0,0.0,0.0,0.0,0.0,0.0,0.0,0.0,0.0,0.0,0.0,0.0,0.0,0.0,0.0,0.0,0.0,0.0,0.0,0.0,0.0,0.0,0.0,0.0,0.0,0.0,0.0,0.0,0.0,0.0,0.0,0.0,0.0,0.0,0.0,0.0,0.0,0.0,0.0,0.0,0.0,0.0,0.0,0.0,0.0,0.0,0.0,0.0,0.0,0.0,0.0,0.0,0.0,0.0,0.0,0.0,0.0,0.0,0.0,0.0,0.0,0.0,0.0,0.0
1064,35466,False,0.0,0.0,0.0,0.0,0.0,0.0,0.0,0.0,0.0,0.0,0.0,0.0,0.0,0.0,0.0,0.0,0.0,0.0,0.0,0.0,0.0,0.0,0.0,0.0,0.0,0.0,0.0,0.0,0.0,0.0,0.0,0.0,0.0,0.0,0.0,0.0,0.0,0.0,0.0,0.0,0.0,0.0,0.0,0.0,0.0,0.0,0.0,0.0,0.0,0.0,0.0,0.0,0.0,0.0,0.0,0.0,0.0,0.0,0.0,0.0,0.0,0.0,0.0,0.0,0.0
1065,35500,False,0.0,0.0,0.0,0.0,0.0,0.0,0.0,0.0,0.0,0.0,0.0,0.0,0.0,0.0,0.0,0.0,0.0,0.0,0.0,0.0,0.0,0.0,0.0,0.0,0.0,0.0,0.0,0.0,0.0,0.0,0.0,0.0,0.0,0.0,0.0,0.0,0.0,0.0,0.0,0.0,0.0,0.0,0.0,0.0,0.0,0.0,0.0,0.0,0.0,0.0,0.0,0.0,0.0,0.0,0.0,0.0,0.0,0.0,0.0,0.0,0.0,0.0,0.0,0.0,0.0
1066,35533,False,0.0,0.0,0.0,0.0,0.0,0.0,0.0,0.0,0.0,0.0,0.0,0.0,0.0,0.0,0.0,0.0,0.0,0.0,0.0,0.0,0.0,0.0,0.0,0.0,0.0,0.0,0.0,0.0,0.0,0.0,0.0,0.0,0.0,0.0,0.0,0.0,0.0,0.0,0.0,0.0,0.0,0.0,0.0,0.0,0.0,0.0,0.0,0.0,0.0,0.0,0.0,0.0,0.0,0.0,0.0,0.0,0.0,0.0,0.0,0.0,0.0,0.0,0.0,0.0,0.0
1067,35566,False,0.0,0.0,0.0,0.0,0.0,0.0,0.0,0.0,0.0,0.0,0.0,0.0,0.0,0.0,0.0,0.0,0.0,0.0,0.0,0.0,0.0,0.0,0.0,0.0,0.0,0.0,0.0,0.0,0.0,0.0,0.0,0.0,0.0,0.0,0.0,0.0,0.0,0.0,0.0,0.0,0.0,0.0,0.0,0.0,0.0,0.0,0.0,0.0,0.0,0.0,0.0,0.0,0.0,0.0,0.0,0.0,0.0,0.0,0.0,0.0,0.0,0.0,0.0,0.0,0.0
1068,35600,False,0.0,0.0,0.0,0.0,0.0,0.0,0.0,0.0,0.0,0.0,0.0,0.0,0.0,0.0,0.0,0.0,0.0,0.0,0.0,0.0,0.0,0.0,0.0,0.0,0.0,0.0,0.0,0.0,0.0,0.0,0.0,0.0,0.0,0.0,0.0,0.0,0.0,0.0,0.0,0.0,0.0,0.0,0.0,0.0,0.0,0.0,0.0,0.0,0.0,0.0,0.0,0.0,0.0,0.0,0.0,0.0,0.0,0.0,0.0,0.0,0.0,0.0,0.0,0.0,0.0
1069,35633,False,0.0,0.0,0.0,0.0,0.0,0.0,0.0,0.0,0.0,0.0,0.0,0.0,0.0,0.0,0.0,0.0,0.0,0.0,0.0,0.0,0.0,0.0,0.0,0.0,0.0,0.0,0.0,0.0,0.0,0.0,0.0,0.0,0.0,0.0,0.0,0.0,0.0,0.0,0.0,0.0,0.0,0.0,0.0,0.0,0.0,0.0,0.0,0.0,0.0,0.0,0.0,0.0,0.0,0.0,0.0,0.0,0.0,0.0,0.0,0.0,0.0,0.0,0.0,0.0,0.0
1070,35666,False,0.0,0.0,0.0,0.0,0.0,0.0,0.0,0.0,0.0,0.0,0.0,0.0,0.0,0.0,0.0,0.0,0.0,0.0,0.0,0.0,0.0,0.0,0.0,0.0,0.0,0.0,0.0,0.0,0.0,0.0,0.0,0.0,0.0,0.0,0.0,0.0,0.0,0.0,0.0,0.0,0.0,0.0,0.0,0.0,0.0,0.0,0.0,0.0,0.0,0.0,0.0,0.0,0.0,0.0,0.0,0.0,0.0,0.0,0.0,0.0,0.0,0.0,0.0,0.0,0.0
1071,35700,False,0.0,0.0,0.0,0.0,0.0,0.0,0.0,0.0,0.0,0.0,0.0,0.0,0.0,0.0,0.0,0.0,0.0,0.0,0.0,0.0,0.0,0.0,0.0,0.0,0.0,0.0,0.0,0.0,0.0,0.0,0.0,0.0,0.0,0.0,0.0,0.0,0.0,0.0,0.0,0.0,0.0,0.0,0.0,0.0,0.0,0.0,0.0,0.0,0.0,0.0,0.0,0.0,0.0,0.0,0.0,0.0,0.0,0.0,0.0,0.0,0.0,0.0,0.0,0.0,0.0
1072,35733,False,0.0,0.0,0.0,0.0,0.0,0.0,0.0,0.0,0.0,0.0,0.0,0.0,0.0,0.0,0.0,0.0,0.0,0.0,0.0,0.0,0.0,0.0,0.0,0.0,0.0,0.0,0.0,0.0,0.0,0.0,0.0,0.0,0.0,0.0,0.0,0.0,0.0,0.0,0.0,0.0,0.0,0.0,0.0,0.0,0.0,0.0,0.0,0.0,0.0,0.0,0.0,0.0,0.0,0.0,0.0,0.0,0.0,0.0,0.0,0.0,0.0,0.0,0.0,0.0,0.0
1073,35766,False,0.0,0.0,0.0,0.0,0.0,0.0,0.0,0.0,0.0,0.0,0.0,0.0,0.0,0.0,0.0,0.0,0.0,0.0,0.0,0.0,0.0,0.0,0.0,0.0,0.0,0.0,0.0,0.0,0.0,0.0,0.0,0.0,0.0,0.0,0.0,0.0,0.0,0.0,0.0,0.0,0.0,0.0,0.0,0.0,0.0,0.0,0.0,0.0,0.0,0.0,0.0,0.0,0.0,0.0,0.0,0.0,0.0,0.0,0.0,0.0,0.0,0.0,0.0,0.0,0.0
1074,35800,False,0.0,0.0,0.0,0.0,0.0,0.0,0.0,0.0,0.0,0.0,0.0,0.0,0.0,0.0,0.0,0.0,0.0,0.0,0.0,0.0,0.0,0.0,0.0,0.0,0.0,0.0,0.0,0.0,0.0,0.0,0.0,0.0,0.0,0.0,0.0,0.0,0.0,0.0,0.0,0.0,0.0,0.0,0.0,0.0,0.0,0.0,0.0,0.0,0.0,0.0,0.0,0.0,0.0,0.0,0.0,0.0,0.0,0.0,0.0,0.0,0.0,0.0,0.0,0.0,0.0
1075,35833,False,0.0,0.0,0.0,0.0,0.0,0.0,0.0,0.0,0.0,0.0,0.0,0.0,0.0,0.0,0.0,0.0,0.0,0.0,0.0,0.0,0.0,0.0,0.0,0.0,0.0,0.0,0.0,0.0,0.0,0.0,0.0,0.0,0.0,0.0,0.0,0.0,0.0,0.0,0.0,0.0,0.0,0.0,0.0,0.0,0.0,0.0,0.0,0.0,0.0,0.0,0.0,0.0,0.0,0.0,0.0,0.0,0.0,0.0,0.0,0.0,0.0,0.0,0.0,0.0,0.0
1076,35866,False,0.0,0.0,0.0,0.0,0.0,0.0,0.0,0.0,0.0,0.0,0.0,0.0,0.0,0.0,0.0,0.0,0.0,0.0,0.0,0.0,0.0,0.0,0.0,0.0,0.0,0.0,0.0,0.0,0.0,0.0,0.0,0.0,0.0,0.0,0.0,0.0,0.0,0.0,0.0,0.0,0.0,0.0,0.0,0.0,0.0,0.0,0.0,0.0,0.0,0.0,0.0,0.0,0.0,0.0,0.0,0.0,0.0,0.0,0.0,0.0,0.0,0.0,0.0,0.0,0.0
1077,35900,False,0.0,0.0,0.0,0.0,0.0,0.0,0.0,0.0,0.0,0.0,0.0,0.0,0.0,0.0,0.0,0.0,0.0,0.0,0.0,0.0,0.0,0.0,0.0,0.0,0.0,0.0,0.0,0.0,0.0,0.0,0.0,0.0,0.0,0.0,0.0,0.0,0.0,0.0,0.0,0.0,0.0,0.0,0.0,0.0,0.0,0.0,0.0,0.0,0.0,0.0,0.0,0.0,0.0,0.0,0.0,0.0,0.0,0.0,0.0,0.0,0.0,0.0,0.0,0.0,0.0
1078,35933,False,0.0,0.0,0.0,0.0,0.0,0.0,0.0,0.0,0.0,0.0,0.0,0.0,0.0,0.0,0.0,0.0,0.0,0.0,0.0,0.0,0.0,0.0,0.0,0.0,0.0,0.0,0.0,0.0,0.0,0.0,0.0,0.0,0.0,0.0,0.0,0.0,0.0,0.0,0.0,0.0,0.0,0.0,0.0,0.0,0.0,0.0,0.0,0.0,0.0,0.0,0.0,0.0,0.0,0.0,0.0,0.0,0.0,0.0,0.0,0.0,0.0,0.0,0.0,0.0,0.0
1079,35966,False,0.0,0.0,0.0,0.0,0.0,0.0,0.0,0.0,0.0,0.0,0.0,0.0,0.0,0.0,0.0,0.0,0.0,0.0,0.0,0.0,0.0,0.0,0.0,0.0,0.0,0.0,0.0,0.0,0.0,0.0,0.0,0.0,0.0,0.0,0.0,0.0,0.0,0.0,0.0,0.0,0.0,0.0,0.0,0.0,0.0,0.0,0.0,0.0,0.0,0.0,0.0,0.0,0.0,0.0,0.0,0.0,0.0,0.0,0.0,0.0,0.0,0.0,0.0,0.0,0.0
1080,36000,False,0.0,0.0,0.0,0.0,0.0,0.0,0.0,0.0,0.0,0.0,0.0,0.0,0.0,0.0,0.0,0.0,0.0,0.0,0.0,0.0,0.0,0.0,0.0,0.0,0.0,0.0,0.0,0.0,0.0,0.0,0.0,0.0,0.0,0.0,0.0,0.0,0.0,0.0,0.0,0.0,0.0,0.0,0.0,0.0,0.0,0.0,0.0,0.0,0.0,0.0,0.0,0.0,0.0,0.0,0.0,0.0,0.0,0.0,0.0,0.0,0.0,0.0,0.0,0.0,0.0
1081,36033,False,0.0,0.0,0.0,0.0,0.0,0.0,0.0,0.0,0.0,0.0,0.0,0.0,0.0,0.0,0.0,0.0,0.0,0.0,0.0,0.0,0.0,0.0,0.0,0.0,0.0,0.0,0.0,0.0,0.0,0.0,0.0,0.0,0.0,0.0,0.0,0.0,0.0,0.0,0.0,0.0,0.0,0.0,0.0,0.0,0.0,0.0,0.0,0.0,0.0,0.0,0.0,0.0,0.0,0.0,0.0,0.0,0.0,0.0,0.0,0.0,0.0,0.0,0.0,0.0,0.0
1082,36066,False,0.0,0.0,0.0,0.0,0.0,0.0,0.0,0.0,0.0,0.0,0.0,0.0,0.0,0.0,0.0,0.0,0.0,0.0,0.0,0.0,0.0,0.0,0.0,0.0,0.0,0.0,0.0,0.0,0.0,0.0,0.0,0.0,0.0,0.0,0.0,0.0,0.0,0.0,0.0,0.0,0.0,0.0,0.0,0.0,0.0,0.0,0.0,0.0,0.0,0.0,0.0,0.0,0.0,0.0,0.0,0.0,0.0,0.0,0.0,0.0,0.0,0.0,0.0,0.0,0.0
