frame_index,timestamp_ms,hand_detected,detection_confidence,tracking_confidence,l0_x,l0_y,l0_z,l1_x,l1_y,l1_z,l2_x,l2_y,l2_z,l3_x,l3_y,l3_z,l4_x,l4_y,l4_z,l5_x,l5_y,l5_z,l6_x,l6_y,l6_z,l7_x,l7_y,l7_z,l8_x,l8_y,l8_z,l9_x,l9_y,l9_z,l10_x,l10_y,l10_z,l11_x,l11_y,l11_z,l12_x,l12_y,l12_z,l13_x,l13_y,l13_z,l14_x,l14_y,l14_z,l15_x,l15_y,l15_z,l16_x,l16_y,l16_z,l17_x,l17_y,l17_z,l18_x,l18_y,l18_z,l19_x,l19_y,l19_z,l20_x,l20_y,l20_z
0,0,True,0.9977,0.9977,0.321564,0.747788,1e-06,0.426397,0.724937,-0.011486,0.517059,0.682781,-0.041603,0.583287,0.674971,-0.076279,0.640003,0.688783,-0.111811,0.518587,0.501884,-0.068539,0.576222,0.412314,-0.11599,0.619966,0.344171,-0.14853,0.651354,0.273156,-0.17347,0.459115,0.487847,-0.093638,0.544775,0.544341,-0.1489,0.563366,0.659448,-0.163426,0.559753,0.720582,-0.169445,0.392186,0.522203,-0.117716,0.473764,0.609202,-0.168866,0.482011,0.711058,-0.154524,0.46467,0.742158,-0.13883,0.330446,0.578815,-0.142961,0.404376,0.646779,-0.177379,0.421216,0.717705,-0.161634,0.411651,0.737006,-0.145597
1,33,True,0.9992,0.9992,0.362943,0.775487,1e-06,0.448345,0.748214,-0.023048,0.527156,0.698248,-0.060442,0.588035,0.674031,-0.101949,0.639171,0.657242,-0.143,0.515475,0.492786,-0.068769,0.579912,0.384454,-0.123847,0.627704,0.30715,-0.157674,0.663281,0.245663,-0.180393,0.452136,0.472363,-0.091526,0.553386,0.523833,-0.164431,0.568474,0.64106,-0.178093,0.555602,0.708112,-0.175035,0.389301,0.498172,-0.116066,0.486089,0.596028,-0.179734,0.489355,0.692905,-0.163232,0.469979,0.72883,-0.139378,0.332623,0.551556,-0.143384,0.412075,0.622538,-0.179485,0.432775,0.696867,-0.160517,0.427248,0.729066,-0.138165
2,66,True,0.9987,0.9987,0.369764,0.774917,0.0,0.461162,0.746775,-0.020622,0.540575,0.701498,-0.058632,0.601529,0.677166,-0.10248,0.643821,0.646309,-0.147286,0.519585,0.48179,-0.06097,0.583223,0.372991,-0.115401,0.626965,0.296625,-0.147647,0.657395,0.23225,-0.168589,0.455055,0.46622,-0.084107,0.562456,0.506088,-0.151717,0.573269,0.624316,-0.162207,0.556122,0.676713,-0.157388,0.393173,0.495833,-0.109153,0.492135,0.584288,-0.169999,0.492922,0.68166,-0.151303,0.470547,0.709082,-0.126418,0.337031,0.551288,-0.136682,0.414845,0.613472,-0.169935,0.434853,0.690037,-0.146869,0.427422,0.7212,-0.121607
3,100,True,0.9983,0.9983,0.376797,0.777235,0.0,0.471183,0.744305,-0.018346,0.55126,0.69624,-0.056263,0.613095,0.670012,-0.100918,0.655319,0.635671,-0.146564,0.524245,0.475365,-0.056576,0.585545,0.363672,-0.111434,0.628515,0.285786,-0.143841,0.656738,0.21935,-0.164699,0.461591,0.461457,-0.081051,0.575248,0.487023,-0.148071,0.583836,0.602308,-0.158653,0.56237,0.647701,-0.153687,0.403552,0.492238,-0.107491,0.507921,0.570746,-0.169473,0.509018,0.670789,-0.151059,0.485696,0.698016,-0.125607,0.351835,0.54931,-0.136083,0.431998,0.605579,-0.17046,0.451672,0.682308,-0.147635,0.443207,0.71295,-0.122148
4,133,True,0.9988,0.9988,0.380077,0.786696,0.0,0.47581,0.749287,-0.015569,0.556564,0.696015,-0.050061,0.619725,0.666027,-0.091719,0.671351,0.631849,-0.133903,0.528195,0.478433,-0.051649,0.586068,0.360332,-0.105118,0.629981,0.28149,-0.136938,0.660672,0.214482,-0.157336,0.468294,0.465037,-0.076967,0.584934,0.473481,-0.147502,0.598862,0.582676,-0.162452,0.578678,0.640185,-0.158783,0.413664,0.495214,-0.103765,0.522307,0.565436,-0.167249,0.526484,0.666387,-0.15215,0.504738,0.705295,-0.127216,0.365539,0.552347,-0.132495,0.450504,0.607481,-0.168318,0.47094,0.683344,-0.148814,0.462567,0.718278,-0.124523
5,166,True,0.9989,0.9989,0.391708,0.794754,0.0,0.487807,0.758063,-0.017869,0.569231,0.703632,-0.053182,0.631733,0.672596,-0.095297,0.677197,0.63376,-0.13725,0.538951,0.480068,-0.050153,0.592703,0.359823,-0.101515,0.635841,0.27977,-0.13253,0.667082,0.215404,-0.152269,0.477373,0.468513,-0.073674,0.588273,0.468753,-0.139295,0.608965,0.569436,-0.15429,0.595386,0.62722,-0.152268,0.422859,0.499385,-0.099079,0.535,0.566368,-0.15832,0.543117,0.665342,-0.144159,0.521661,0.705821,-0.121434,0.376765,0.557882,-0.126811,0.466387,0.612686,-0.159639,0.488873,0.686324,-0.140754,0.479708,0.720964,-0.117987
6,200,True,0.9986,0.9986,0.389147,0.805194,0.0,0.488819,0.770549,-0.019665,0.574069,0.713877,-0.05297,0.637073,0.680335,-0.091733,0.686339,0.64104,-0.130109,0.544172,0.49048,-0.055924,0.594368,0.366966,-0.108635,0.636056,0.28444,-0.142022,0.669559,0.219038,-0.163544,0.484436,0.4782,-0.078458,0.593266,0.488887,-0.146385,0.63441,0.584268,-0.164768,0.642038,0.655195,-0.165177,0.429433,0.51137,-0.102574,0.537277,0.583652,-0.160712,0.555366,0.678129,-0.149385,0.54671,0.726813,-0.129393,0.383712,0.572201,-0.129573,0.468737,0.633145,-0.161608,0.4958,0.705971,-0.144366,0.497515,0.74812,-0.12299
7,233,True,0.9991,0.9991,0.406579,0.81029,0.0,0.511001,0.791717,-0.01674,0.597469,0.745284,-0.052575,0.653658,0.71058,-0.095655,0.696959,0.687266,-0.137763,0.578344,0.519759,-0.058107,0.607918,0.371953,-0.119852,0.65346,0.333722,-0.155874,0.686759,0.326512,-0.175901,0.508777,0.504731,-0.081399,0.603514,0.509644,-0.14743,0.628604,0.631132,-0.156639,0.615874,0.702224,-0.151932,0.443336,0.539274,-0.107859,0.530066,0.620228,-0.159548,0.543935,0.71035,-0.137811,0.521487,0.73983,-0.114649,0.387706,0.603158,-0.137395,0.459671,0.681635,-0.160314,0.476152,0.743763,-0.135759,0.454254,0.756164,-0.112745
8,266,True,0.8761,0.8761,0.510395,0.49227,-0.0,0.415591,0.58792,-0.033808,0.35107,0.731874,-0.107362,0.313436,0.842366,-0.184336,0.309267,0.89061,-0.268032,0.369427,0.654878,-0.167916,0.397638,0.802925,-0.250018,0.429303,0.846137,-0.298069,0.436611,0.831923,-0.33046,0.442875,0.596358,-0.19096,0.504835,0.76417,-0.252129,0.523043,0.826299,-0.264454,0.520102,0.80054,-0.283777,0.524893,0.55017,-0.210528,0.586776,0.713188,-0.264859,0.586367,0.784069,-0.253828,0.567637,0.758564,-0.252628,0.60822,0.520061,-0.233321,0.658786,0.673606,-0.26167,0.641488,0.742299,-0.245457,0.609866,0.731397,-0.240595
9,300,True,0.603,0.603,0.444302,0.783315,-0.0,0.405822,0.798927,-0.035117,0.356292,0.825017,-0.077702,0.315099,0.891365,-0.110941,0.30622,0.941366,-0.147372,0.506678,0.658362,-0.178621,0.566254,0.877913,-0.237809,0.530637,0.909522,-0.254761,0.510106,0.866144,-0.255375,0.529236,0.650394,-0.181542,0.577134,0.924253,-0.232357,0.532063,0.942957,-0.227426,0.505901,0.891195,-0.226353,0.528726,0.682711,-0.17864,0.561915,0.937577,-0.228304,0.52771,0.932154,-0.210051,0.498604,0.873095,-0.194416,0.520549,0.736439,-0.175758,0.540274,0.932509,-0.210607,0.509607,0.923266,-0.195973,0.479974,0.868115,-0.18571
10,333,True,0.9971,0.9971,0.323676,0.826908,0.0,0.454221,0.838255,-0.03062,0.567985,0.842303,-0.066541,0.654644,0.861553,-0.104801,0.72803,0.890708,-0.141844,0.613691,0.691097,-0.056062,0.686693,0.857069,-0.120518,0.746224,0.943446,-0.163983,0.800044,1.003072,-0.191133,0.544933,0.688111,-0.072608,0.615539,0.962501,-0.136161,0.591758,1.046481,-0.14892,0.579675,1.053117,-0.151892,0.468056,0.718869,-0.094746,0.527071,0.997485,-0.14785,0.500559,1.018189,-0.13397,0.485092,0.975877,-0.117168,0.393539,0.768286,-0.121883,0.440363,0.979694,-0.155352,0.43027,0.991097,-0.145931,0.413944,0.945744,-0.132285
11,366,True,0.9978,0.9978,0.316953,0.799491,1e-06,0.436726,0.801718,-0.00498,0.549629,0.812598,-0.037334,0.633445,0.840482,-0.071832,0.705759,0.843756,-0.107374,0.592098,0.696908,-0.086768,0.677501,0.844301,-0.140588,0.745597,0.930335,-0.168978,0.789607,0.992786,-0.186467,0.533594,0.696093,-0.113997,0.613169,0.932653,-0.165508,0.584901,1.000099,-0.16197,0.561644,1.003648,-0.158106,0.461906,0.727193,-0.140135,0.525057,0.973925,-0.185248,0.494502,0.992826,-0.162352,0.472885,0.955062,-0.144146,0.391423,0.780495,-0.166993,0.449157,0.964037,-0.194372,0.439908,0.978081,-0.176968,0.424165,0.941357,-0.16199
12,400,True,0.9997,0.9997,0.348177,0.806119,1e-06,0.460896,0.814354,0.003106,0.557661,0.844591,-0.034651,0.62806,0.914367,-0.078264,0.696176,0.969858,-0.124457,0.612804,0.691032,-0.082045,0.695756,0.770677,-0.140863,0.770038,0.819338,-0.179183,0.824925,0.851395,-0.204242,0.555471,0.673637,-0.116465,0.632046,0.872266,-0.173108,0.606441,0.954433,-0.175954,0.583919,0.968384,-0.175342,0.481688,0.702374,-0.148629,0.542331,0.918692,-0.19558,0.517473,0.955137,-0.169435,0.492506,0.919309,-0.148571,0.406462,0.751063,-0.181156,0.463333,0.915921,-0.204726,0.457412,0.942708,-0.178338,0.439012,0.904182,-0.157719
13,433,True,0.9996,0.9996,0.34437,0.817128,1e-06,0.458127,0.813027,0.006052,0.555073,0.818685,-0.025899,0.629295,0.86682,-0.063874,0.699841,0.906342,-0.102029,0.589699,0.650294,-0.064304,0.665099,0.685203,-0.110736,0.721384,0.7175,-0.135762,0.75456,0.735866,-0.152564,0.537685,0.638389,-0.098267,0.633962,0.783803,-0.14722,0.62653,0.889114,-0.150289,0.61031,0.926979,-0.150176,0.473707,0.668385,-0.129969,0.551559,0.84915,-0.169465,0.530035,0.906942,-0.144604,0.503597,0.888368,-0.126055,0.408516,0.720521,-0.162043,0.472097,0.865602,-0.181382,0.467593,0.90663,-0.157135,0.449689,0.88024,-0.139004
14,466,True,0.9998,0.9998,0.377642,0.813388,1e-06,0.47856,0.800719,0.003595,0.570451,0.794081,-0.029599,0.643921,0.82028,-0.069637,0.70317,0.84879,-0.111728,0.592571,0.622316,-0.071603,0.689268,0.614697,-0.132731,0.767683,0.608661,-0.171258,0.824876,0.595997,-0.195761,0.538614,0.595552,-0.104188,0.646212,0.726454,-0.167017,0.634492,0.834615,-0.169444,0.606905,0.87101,-0.16437,0.475403,0.626348,-0.135655,0.563495,0.793475,-0.189806,0.543338,0.862018,-0.164414,0.509524,0.849183,-0.140542,0.41516,0.685359,-0.167206,0.48548,0.826111,-0.192465,0.479611,0.873847,-0.165755,0.452896,0.851786,-0.143891
15,500,True,0.9994,0.9994,0.380381,0.805221,1e-06,0.480895,0.788363,0.000825,0.568842,0.77452,-0.032897,0.637163,0.795475,-0.073538,0.704558,0.821243,-0.116397,0.585347,0.585912,-0.064874,0.675901,0.550143,-0.123334,0.747805,0.52763,-0.160206,0.801657,0.503184,-0.185422,0.52717,0.565161,-0.099079,0.643966,0.666331,-0.16593,0.644535,0.788056,-0.175239,0.623653,0.837871,-0.1736,0.463102,0.601252,-0.132648,0.563856,0.750375,-0.190972,0.55749,0.835964,-0.170323,0.530659,0.840582,-0.147972,0.402842,0.66652,-0.16631,0.482997,0.7784,-0.197943,0.485984,0.835323,-0.174617,0.462181,0.826747,-0.153159
16,533,True,0.9994,0.9994,0.390283,0.80236,1e-06,0.49022,0.778724,-0.001999,0.575945,0.753025,-0.038099,0.643183,0.763496,-0.081659,0.712991,0.791589,-0.127387,0.590977,0.564746,-0.070287,0.681296,0.502426,-0.130662,0.750837,0.455491,-0.16964,0.803783,0.411884,-0.196915,0.52987,0.544449,-0.104134,0.642965,0.641101,-0.176412,0.649613,0.762239,-0.187685,0.628714,0.81862,-0.186061,0.464942,0.58084,-0.137033,0.563672,0.721825,-0.196955,0.555579,0.807459,-0.174141,0.523025,0.818456,-0.149388,0.404829,0.646338,-0.170872,0.485976,0.751538,-0.202867,0.490044,0.810733,-0.177584,0.464284,0.810094,-0.153456
17,566,True,0.9993,0.9993,0.400756,0.808491,1e-06,0.498152,0.792361,-0.006101,0.583032,0.761209,-0.043582,0.651,0.75591,-0.088793,0.716731,0.767519,-0.13534,0.594039,0.553502,-0.068462,0.68463,0.467899,-0.127447,0.748701,0.408874,-0.161712,0.797201,0.356798,-0.184578,0.531832,0.534418,-0.10106,0.651555,0.598988,-0.177413,0.663165,0.727148,-0.187102,0.643575,0.797147,-0.18055,0.467964,0.567315,-0.133324,0.56965,0.692828,-0.195662,0.562589,0.789138,-0.171558,0.530995,0.814714,-0.143109,0.410384,0.631074,-0.167046,0.496953,0.727135,-0.198146,0.502232,0.793289,-0.171933,0.476476,0.802514,-0.145813
18,600,True,0.9991,0.9991,0.407556,0.813358,0.0,0.509733,0.793496,-0.006988,0.596462,0.759962,-0.043932,0.666737,0.748815,-0.089017,0.727881,0.753671,-0.135232,0.60508,0.541461,-0.061199,0.691144,0.453854,-0.117686,0.750082,0.390634,-0.150803,0.792552,0.333577,-0.172703,0.543286,0.525574,-0.093258,0.669129,0.584571,-0.166289,0.677646,0.706854,-0.176313,0.654785,0.772724,-0.169617,0.480917,0.56045,-0.125508,0.590153,0.678463,-0.186393,0.584333,0.772647,-0.166285,0.554473,0.798725,-0.139963,0.427227,0.624684,-0.159143,0.516768,0.716863,-0.187054,0.525051,0.783305,-0.162067,0.504309,0.798113,-0.137036
19,633,True,0.9983,0.9983,0.429349,0.821929,0.0,0.536569,0.799237,-0.007368,0.620708,0.764963,-0.04219,0.684996,0.754451,-0.085414,0.743496,0.756255,-0.129737,0.633032,0.544066,-0.054937,0.708162,0.457312,-0.105485,0.760196,0.391486,-0.136197,0.798343,0.335196,-0.156898,0.568512,0.526277,-0.084207,0.678407,0.592965,-0.148446,0.694618,0.707114,-0.159282,0.68062,0.772079,-0.155761,0.503137,0.557669,-0.11354,0.605227,0.673099,-0.167716,0.605496,0.762524,-0.15099,0.580506,0.791073,-0.129363,0.448411,0.617932,-0.144489,0.534772,0.709422,-0.16983,0.544638,0.772942,-0.147682,0.5259,0.788781,-0.12556
20,666,True,0.9985,0.9985,0.420335,0.837623,0.0,0.537346,0.825105,-0.010511,0.628365,0.787117,-0.041404,0.6972,0.768293,-0.080446,0.76314,0.765236,-0.119862,0.632604,0.565217,-0.045389,0.718447,0.480878,-0.090318,0.775156,0.41566,-0.118165,0.81764,0.359508,-0.138271,0.577639,0.545023,-0.072406,0.695048,0.615353,-0.136845,0.713959,0.72474,-0.152855,0.705075,0.789484,-0.152948,0.523709,0.574065,-0.099688,0.630357,0.685356,-0.152581,0.620046,0.775861,-0.138795,0.592331,0.811369,-0.119372,0.478575,0.631774,-0.129692,0.564075,0.727129,-0.158336,0.573429,0.795447,-0.142443,0.561588,0.823141,-0.123849
21,700,True,0.9983,0.9983,0.420142,0.845999,0.0,0.542593,0.833503,-0.007532,0.634293,0.797196,-0.037956,0.705549,0.788709,-0.077332,0.775934,0.785326,-0.116703,0.645191,0.579553,-0.038564,0.735918,0.5055,-0.082728,0.796457,0.443004,-0.113093,0.842569,0.391013,-0.135784,0.59212,0.561262,-0.067606,0.709689,0.639908,-0.131035,0.737057,0.745165,-0.152321,0.738719,0.811849,-0.157717,0.539776,0.58888,-0.096907,0.64896,0.703632,-0.147618,0.650554,0.791594,-0.136558,0.633711,0.829466,-0.120666,0.495022,0.643463,-0.129007,0.579443,0.734816,-0.15765,0.591332,0.80112,-0.142924,0.583263,0.830314,-0.12578
22,733,True,0.9982,0.9982,0.426651,0.840608,0.0,0.549547,0.830492,-0.003507,0.644841,0.798494,-0.03319,0.715594,0.795742,-0.072345,0.783753,0.794974,-0.111684,0.659265,0.589325,-0.041329,0.751004,0.516998,-0.086677,0.812358,0.456168,-0.115551,0.857589,0.403366,-0.136599,0.604631,0.567728,-0.072764,0.723447,0.653432,-0.138794,0.735918,0.768829,-0.155855,0.722977,0.8341,-0.156471,0.550066,0.593833,-0.103871,0.657016,0.71528,-0.158404,0.650326,0.809171,-0.143294,0.626686,0.843218,-0.122469,0.501887,0.645379,-0.137001,0.585331,0.743095,-0.16657,0.592517,0.812264,-0.148546,0.578391,0.835912,-0.128152
23,766,True,0.997,0.997,0.423791,0.850722,0.0,0.540219,0.831808,-0.004281,0.630561,0.790033,-0.035438,0.702841,0.780027,-0.075446,0.773786,0.783277,-0.115421,0.645864,0.587105,-0.041235,0.73501,0.506868,-0.086113,0.797698,0.448435,-0.116054,0.842898,0.397575,-0.137838,0.592779,0.570118,-0.07195,0.709808,0.643889,-0.131492,0.722363,0.746304,-0.14719,0.707944,0.7984,-0.149696,0.538632,0.597139,-0.102572,0.643834,0.715071,-0.150947,0.633653,0.794589,-0.133522,0.607439,0.814147,-0.114267,0.490402,0.649427,-0.135509,0.574892,0.738317,-0.161523,0.576631,0.802548,-0.140663,0.557929,0.820553,-0.120144
24,800,True,0.994,0.994,0.412004,0.854488,1e-06,0.529853,0.813443,-0.001616,0.618904,0.769664,-0.03176,0.684775,0.761099,-0.068643,0.735739,0.756934,-0.108496,0.616536,0.553485,-0.064939,0.711676,0.485169,-0.108369,0.770658,0.430421,-0.135965,0.816942,0.381417,-0.157306,0.547349,0.549936,-0.094626,0.677408,0.630399,-0.145807,0.696668,0.71791,-0.157651,0.689386,0.760499,-0.163636,0.481526,0.60063,-0.122342,0.605265,0.706053,-0.166679,0.627111,0.76887,-0.158457,0.62473,0.788052,-0.151442,0.428233,0.678154,-0.150479,0.523362,0.763383,-0.179213,0.560702,0.815809,-0.170032,0.575892,0.83477,-0.161911
25,833,True,0.9903,0.9903,0.385433,0.823556,0.0,0.503656,0.790374,-0.015661,0.59126,0.748004,-0.051592,0.653305,0.735934,-0.092446,0.698317,0.723371,-0.135628,0.569392,0.520225,-0.068227,0.658576,0.44655,-0.116615,0.701708,0.407254,-0.148776,0.730202,0.366454,-0.172811,0.504528,0.52064,-0.092642,0.639859,0.585509,-0.148603,0.659987,0.666388,-0.169114,0.651948,0.692555,-0.181718,0.444768,0.568295,-0.117009,0.562945,0.666149,-0.166511,0.583234,0.72876,-0.165715,0.582247,0.739443,-0.162894,0.399168,0.643546,-0.142778,0.482477,0.718591,-0.174315,0.517009,0.76427,-0.168836,0.530282,0.779104,-0.163122
26,866,True,0.9962,0.9962,0.375365,0.808686,0.0,0.480627,0.790261,-0.029365,0.554079,0.752889,-0.07672,0.608414,0.733389,-0.128514,0.656037,0.714038,-0.179134,0.549233,0.529627,-0.06671,0.586455,0.415767,-0.12154,0.631508,0.369874,-0.155059,0.660931,0.351008,-0.176618,0.48274,0.512497,-0.085553,0.571437,0.540964,-0.140871,0.584358,0.641056,-0.14841,0.572496,0.671056,-0.147832,0.41968,0.539173,-0.108226,0.498721,0.628559,-0.153825,0.503624,0.70293,-0.133323,0.480692,0.70203,-0.115769,0.365293,0.593095,-0.135189,0.426402,0.670924,-0.157685,0.43747,0.724472,-0.135761,0.415372,0.722841,-0.117433
27,900,True,0.9987,0.9987,0.374084,0.789114,1e-06,0.468289,0.766813,-0.034931,0.540134,0.72692,-0.082932,0.593521,0.708163,-0.134116,0.629878,0.690321,-0.185149,0.52147,0.506934,-0.081349,0.562344,0.38137,-0.140655,0.607446,0.307488,-0.1736,0.643879,0.255554,-0.194351,0.451347,0.489423,-0.099984,0.546898,0.528466,-0.171235,0.550121,0.649437,-0.179371,0.532836,0.696003,-0.172663,0.385513,0.517045,-0.121808,0.472536,0.619392,-0.183195,0.46984,0.708805,-0.16261,0.44658,0.721793,-0.137979,0.326503,0.570018,-0.147712,0.393133,0.652191,-0.181015,0.410586,0.722304,-0.15899,0.400764,0.736727,-0.135834
28,933,True,0.9986,0.9986,0.359429,0.784073,1e-06,0.450589,0.753429,-0.036043,0.521345,0.705245,-0.081174,0.572264,0.68052,-0.129195,0.603527,0.668424,-0.177297,0.502219,0.48575,-0.076324,0.551686,0.36332,-0.135475,0.589583,0.278356,-0.170247,0.61833,0.208699,-0.193404,0.431644,0.467492,-0.094009,0.528109,0.515574,-0.174466,0.54298,0.645399,-0.190648,0.533846,0.705756,-0.186673,0.36538,0.498326,-0.114251,0.454177,0.603036,-0.183284,0.460616,0.704148,-0.167204,0.44643,0.734171,-0.141799,0.3068,0.554992,-0.13866,0.372719,0.635804,-0.178069,0.402295,0.713565,-0.159287,0.407097,0.741652,-0.135458
29,966,True,0.9988,0.9988,0.357553,0.782771,0.0,0.447968,0.751196,-0.029144,0.522127,0.707268,-0.073372,0.577301,0.681959,-0.122217,0.607755,0.663846,-0.171399,0.500803,0.482294,-0.075214,0.551014,0.356103,-0.133734,0.585935,0.268829,-0.165963,0.60964,0.19401,-0.186876,0.428887,0.462148,-0.09573,0.529042,0.513588,-0.171892,0.541,0.648705,-0.182262,0.526605,0.70801,-0.174693,0.362152,0.492189,-0.117992,0.456094,0.599494,-0.184736,0.460746,0.704086,-0.163428,0.441807,0.734546,-0.134653,0.303594,0.548671,-0.143775,0.372219,0.624689,-0.179425,0.400585,0.705623,-0.155032,0.401084,0.738658,-0.127472
30,1000,True,0.9982,0.9982,0.362509,0.784086,0.0,0.452667,0.751409,-0.029268,0.525406,0.704741,-0.072332,0.577222,0.678737,-0.120169,0.612037,0.659685,-0.168213,0.505278,0.482548,-0.072588,0.553976,0.355977,-0.132453,0.587765,0.266922,-0.167639,0.611451,0.191655,-0.190793,0.4347,0.464635,-0.092412,0.532595,0.512217,-0.16824,0.546482,0.642731,-0.180161,0.532956,0.706413,-0.174419,0.370069,0.494924,-0.114456,0.463417,0.593429,-0.178405,0.469432,0.694727,-0.157094,0.451413,0.728983,-0.129552,0.312765,0.551361,-0.140465,0.382507,0.623554,-0.174348,0.407634,0.700097,-0.150719,0.405716,0.73205,-0.124465
31,1033,True,0.9982,0.9982,0.366645,0.785208,0.0,0.461896,0.75204,-0.027047,0.536945,0.70724,-0.069444,0.589927,0.679687,-0.117113,0.617364,0.654852,-0.165187,0.514798,0.482984,-0.070327,0.561614,0.358266,-0.12889,0.594299,0.269923,-0.163536,0.616122,0.196439,-0.186097,0.443605,0.464947,-0.090925,0.544289,0.516139,-0.163101,0.554063,0.64071,-0.174381,0.536128,0.698286,-0.169085,0.379331,0.496909,-0.113592,0.475856,0.59828,-0.174325,0.479303,0.694065,-0.15332,0.459354,0.723431,-0.126962,0.323289,0.555205,-0.140039,0.395586,0.629433,-0.171325,0.42018,0.701775,-0.147186,0.418204,0.730387,-0.121153
32,1066,True,0.9985,0.9985,0.367392,0.785641,0.0,0.462956,0.753486,-0.026943,0.539186,0.709009,-0.068211,0.594931,0.683986,-0.114317,0.621679,0.656955,-0.160699,0.516424,0.488088,-0.071141,0.564144,0.362139,-0.129132,0.599076,0.276922,-0.162665,0.624081,0.205361,-0.184294,0.448366,0.46899,-0.091631,0.550562,0.514371,-0.164348,0.561052,0.637875,-0.176429,0.54521,0.697451,-0.17138,0.385238,0.499404,-0.113922,0.483149,0.599913,-0.176173,0.484123,0.698409,-0.156776,0.462838,0.729754,-0.130772,0.329936,0.556398,-0.139724,0.402335,0.632157,-0.172263,0.427485,0.706216,-0.149251,0.426425,0.7368,-0.123649
33,1100,True,0.9987,0.9987,0.368222,0.781418,0.0,0.465546,0.753351,-0.027934,0.544202,0.711865,-0.070545,0.603737,0.690761,-0.117566,0.625403,0.665826,-0.164815,0.519856,0.488978,-0.075177,0.567142,0.363096,-0.136162,0.602905,0.279779,-0.171676,0.627688,0.208436,-0.194752,0.451549,0.471114,-0.09612,0.555211,0.514649,-0.173035,0.568977,0.645626,-0.185459,0.553875,0.7073,-0.180203,0.386736,0.502365,-0.118854,0.484305,0.601245,-0.185002,0.487603,0.702708,-0.164635,0.464898,0.732831,-0.137369,0.329803,0.559618,-0.145012,0.402972,0.634685,-0.180329,0.427054,0.710338,-0.156685,0.420376,0.738625,-0.130543
34,1133,True,0.9984,0.9984,0.37279,0.781118,0.0,0.464586,0.752056,-0.027131,0.540491,0.708681,-0.066941,0.596804,0.687545,-0.11103,0.613607,0.663863,-0.155519,0.522506,0.493011,-0.070805,0.56956,0.369328,-0.127894,0.603334,0.287348,-0.160327,0.627208,0.215634,-0.181961,0.453724,0.472741,-0.091067,0.546325,0.51492,-0.164141,0.556861,0.648622,-0.17427,0.543296,0.709928,-0.168071,0.387315,0.502357,-0.11327,0.475357,0.602546,-0.17663,0.478579,0.705467,-0.15558,0.458815,0.735013,-0.128668,0.328232,0.557919,-0.138941,0.392543,0.637422,-0.173314,0.415197,0.714777,-0.150873,0.410156,0.740746,-0.126192
35,1166,True,0.9984,0.9984,0.355089,0.796278,0.0,0.461115,0.770396,-0.029956,0.542423,0.741536,-0.077387,0.598145,0.726088,-0.130042,0.60362,0.702442,-0.181225,0.524689,0.513629,-0.065859,0.55802,0.41187,-0.127439,0.589678,0.357478,-0.162022,0.610946,0.32559,-0.182676,0.452982,0.490612,-0.086038,0.532872,0.564528,-0.150828,0.530206,0.69201,-0.155604,0.514507,0.718464,-0.148159,0.385976,0.521359,-0.110463,0.460598,0.640168,-0.168776,0.457742,0.72561,-0.145313,0.435597,0.721947,-0.119967,0.32718,0.580605,-0.138919,0.381876,0.674371,-0.169968,0.393666,0.740649,-0.144861,0.377614,0.743423,-0.119989
36,1200,True,0.9972,0.9972,0.353265,0.831538,-0.0,0.466345,0.813852,-0.031566,0.559409,0.789634,-0.066898,0.605982,0.762094,-0.105474,0.596541,0.724546,-0.142066,0.534177,0.526779,-0.048846,0.584143,0.526224,-0.109688,0.613715,0.582232,-0.151634,0.623621,0.629552,-0.174117,0.462089,0.515329,-0.062858,0.520627,0.619773,-0.11737,0.529886,0.729867,-0.1372,0.516308,0.777609,-0.144622,0.387745,0.553349,-0.082314,0.4422,0.682689,-0.129398,0.452466,0.76588,-0.124613,0.44009,0.784004,-0.114088,0.32194,0.616912,-0.105823,0.364748,0.719349,-0.12811,0.376696,0.774198,-0.115359,0.366707,0.781962,-0.10105
37,1233,True,0.9975,0.9975,0.30073,0.848598,-0.0,0.403845,0.836598,-0.013397,0.495076,0.826617,-0.043389,0.565937,0.850136,-0.079289,0.63034,0.878985,-0.114736,0.510754,0.583494,-0.038565,0.57933,0.634215,-0.092642,0.628608,0.697267,-0.132973,0.664948,0.754196,-0.157451,0.452485,0.568352,-0.059559,0.524321,0.71802,-0.109485,0.533191,0.8108,-0.128322,0.522559,0.858944,-0.137538,0.384882,0.597138,-0.084064,0.447962,0.763017,-0.125409,0.451297,0.825403,-0.125991,0.43816,0.835054,-0.12104,0.322471,0.649569,-0.111355,0.370672,0.779135,-0.131426,0.368568,0.816947,-0.124972,0.351165,0.80752,-0.116484
38,1266,True,0.9995,0.9995,0.302067,0.81135,0.0,0.411238,0.806059,-0.018061,0.502011,0.818826,-0.056697,0.568937,0.871196,-0.099473,0.626661,0.93407,-0.144237,0.531482,0.611734,-0.064706,0.604997,0.716014,-0.129283,0.662186,0.781911,-0.176687,0.712052,0.83561,-0.207317,0.464337,0.604422,-0.088727,0.543457,0.791454,-0.152529,0.53658,0.890779,-0.172656,0.520197,0.922468,-0.182048,0.390752,0.638892,-0.114985,0.460616,0.836312,-0.169682,0.454067,0.899084,-0.165618,0.436399,0.89217,-0.155092,0.322634,0.692477,-0.143766,0.382697,0.839304,-0.172401,0.393082,0.884541,-0.160867,0.385965,0.87406,-0.147542
39,1300,True,0.9997,0.9997,0.307996,0.787379,1e-06,0.417325,0.784244,-0.016386,0.508687,0.797731,-0.056205,0.575062,0.86384,-0.099267,0.637165,0.938943,-0.144551,0.531107,0.616375,-0.071646,0.60332,0.734923,-0.13264,0.656823,0.804826,-0.175537,0.703922,0.863045,-0.204231,0.464156,0.610928,-0.096978,0.555051,0.796544,-0.160348,0.552762,0.900782,-0.178964,0.545962,0.939395,-0.187568,0.392702,0.644557,-0.123296,0.470967,0.836137,-0.179729,0.461859,0.908097,-0.171969,0.442487,0.907394,-0.158674,0.326439,0.693176,-0.151506,0.394845,0.835803,-0.181647,0.401342,0.886354,-0.166507,0.387613,0.877748,-0.151079
40,1333,True,0.9999,0.9999,0.335869,0.795345,1e-06,0.43484,0.793535,-0.014098,0.523345,0.799753,-0.04883,0.58839,0.855895,-0.085769,0.647469,0.916373,-0.12479,0.541658,0.608325,-0.06953,0.613535,0.712337,-0.123735,0.66155,0.782802,-0.160372,0.696165,0.842684,-0.184724,0.478464,0.598136,-0.093158,0.570229,0.775272,-0.147703,0.561102,0.879538,-0.157829,0.545053,0.921392,-0.161616,0.40625,0.632409,-0.117787,0.486695,0.819529,-0.166717,0.476795,0.892826,-0.153922,0.456201,0.89665,-0.139316,0.337223,0.687648,-0.14392,0.40599,0.82489,-0.17022,0.414669,0.8786,-0.152902,0.402875,0.876105,-0.137052
41,1366,True,0.9998,0.9998,0.328958,0.795647,1e-06,0.437631,0.789107,-0.00918,0.527136,0.794592,-0.041923,0.594605,0.841254,-0.078098,0.655068,0.8868,-0.115679,0.540253,0.597282,-0.059273,0.614168,0.684564,-0.113395,0.663859,0.74876,-0.150838,0.699101,0.802164,-0.174878,0.477541,0.58798,-0.083059,0.565299,0.753335,-0.135127,0.557247,0.861362,-0.145083,0.539396,0.901696,-0.148654,0.40738,0.623552,-0.108052,0.483924,0.799796,-0.156112,0.477152,0.874284,-0.14529,0.45627,0.879564,-0.13164,0.342121,0.681144,-0.134032,0.4054,0.810677,-0.159299,0.415895,0.862767,-0.143555,0.404834,0.8591,-0.128412
42,1400,True,0.9999,0.9999,0.344818,0.800094,1e-06,0.441385,0.790745,-0.011837,0.528366,0.787346,-0.043844,0.5941,0.826039,-0.07843,0.655919,0.868125,-0.115312,0.541557,0.593489,-0.060107,0.616728,0.665649,-0.113432,0.676408,0.71026,-0.152177,0.728423,0.751989,-0.178432,0.481055,0.575967,-0.082435,0.567502,0.7287,-0.137252,0.565069,0.83986,-0.149632,0.553654,0.89281,-0.154486,0.411643,0.607088,-0.105922,0.485589,0.777342,-0.156219,0.479766,0.855434,-0.146716,0.460228,0.868561,-0.133856,0.345604,0.662957,-0.130492,0.405861,0.789751,-0.156495,0.415851,0.846309,-0.141548,0.404539,0.848051,-0.127411
43,1433,True,0.9998,0.9998,0.345352,0.804346,1e-06,0.439567,0.786737,-0.013293,0.526479,0.768993,-0.042935,0.594107,0.804876,-0.075818,0.65592,0.845044,-0.111352,0.528613,0.574719,-0.048764,0.596676,0.626565,-0.097538,0.653352,0.650211,-0.13275,0.706597,0.671112,-0.157734,0.470344,0.559107,-0.070585,0.562285,0.698326,-0.122493,0.562826,0.811265,-0.135831,0.556295,0.862636,-0.141165,0.403753,0.592654,-0.094568,0.480519,0.757483,-0.146386,0.47852,0.838166,-0.141072,0.465618,0.852685,-0.130665,0.340203,0.6529,-0.119653,0.399863,0.778858,-0.148551,0.413639,0.840633,-0.13777,0.407777,0.848978,-0.126666
44,1466,True,0.9996,0.9996,0.340857,0.802844,1e-06,0.437068,0.778336,-0.015729,0.520774,0.75243,-0.04708,0.589037,0.779622,-0.082518,0.654723,0.819854,-0.120174,0.517349,0.567304,-0.045906,0.585362,0.596888,-0.09549,0.644244,0.609479,-0.131417,0.693414,0.616088,-0.156957,0.458615,0.550536,-0.067109,0.544791,0.671189,-0.117509,0.5417,0.777488,-0.129544,0.525977,0.811523,-0.134179,0.392455,0.582698,-0.091331,0.469464,0.739406,-0.140881,0.468067,0.815733,-0.131765,0.451396,0.81879,-0.119479,0.329321,0.642626,-0.117418,0.386933,0.76251,-0.144673,0.401488,0.819582,-0.131295,0.392968,0.820831,-0.118397
45,1500,True,0.9993,0.9993,0.356078,0.799302,1e-06,0.438267,0.779355,-0.030708,0.511765,0.744856,-0.067172,0.572295,0.749084,-0.104277,0.632225,0.76129,-0.143597,0.498435,0.552382,-0.062486,0.553728,0.536983,-0.116277,0.611493,0.523334,-0.157088,0.660815,0.513432,-0.186755,0.433455,0.536406,-0.078159,0.514135,0.621762,-0.135143,0.525643,0.729722,-0.153691,0.519158,0.780643,-0.163262,0.36558,0.572834,-0.097759,0.433672,0.701671,-0.150152,0.451782,0.780189,-0.14461,0.450039,0.801759,-0.136564,0.302499,0.638988,-0.120478,0.350397,0.742864,-0.15092,0.372668,0.801509,-0.141562,0.373843,0.814301,-0.132951
46,1533,True,0.9987,0.9987,0.343822,0.788904,0.0,0.424646,0.769917,-0.028242,0.496319,0.736994,-0.063537,0.550971,0.735504,-0.1008,0.60331,0.735842,-0.139149,0.497427,0.542703,-0.062791,0.548725,0.508173,-0.118975,0.592544,0.474509,-0.157982,0.632996,0.441257,-0.185753,0.431954,0.514417,-0.080109,0.500152,0.61537,-0.145215,0.517131,0.724745,-0.1631,0.519004,0.776561,-0.168134,0.362847,0.543915,-0.101163,0.423878,0.68623,-0.160379,0.439628,0.76726,-0.153304,0.440529,0.78737,-0.140284,0.3006,0.604876,-0.125558,0.346165,0.712064,-0.16242,0.367045,0.775408,-0.153495,0.371611,0.789703,-0.141024
47,1566,True,0.9986,0.9986,0.343219,0.76837,1e-06,0.421505,0.751635,-0.033398,0.492606,0.720349,-0.073155,0.548355,0.719854,-0.113558,0.601651,0.732717,-0.156101,0.484004,0.532675,-0.081144,0.531074,0.485491,-0.140301,0.56768,0.440593,-0.18015,0.600145,0.396491,-0.208983,0.415153,0.506726,-0.097748,0.480052,0.6009,-0.167139,0.502658,0.709755,-0.184821,0.508745,0.764758,-0.19035,0.343534,0.537424,-0.117393,0.403307,0.672018,-0.180968,0.428649,0.756877,-0.174116,0.437076,0.786907,-0.16142,0.278799,0.597614,-0.140414,0.323015,0.696985,-0.180943,0.348748,0.765277,-0.172326,0.35899,0.791684,-0.160383
48,1600,True,0.9983,0.9983,0.334729,0.779502,0.0,0.412299,0.760303,-0.032248,0.483187,0.723603,-0.069463,0.540019,0.716524,-0.108114,0.600477,0.727309,-0.148733,0.467914,0.529795,-0.073869,0.512284,0.476991,-0.127324,0.544114,0.425571,-0.16311,0.574399,0.375858,-0.189731,0.396088,0.502086,-0.089563,0.460201,0.599627,-0.157203,0.484392,0.707957,-0.175268,0.491165,0.766258,-0.17974,0.323504,0.533209,-0.107866,0.3843,0.67208,-0.167437,0.41069,0.754182,-0.161828,0.419484,0.783862,-0.149499,0.259838,0.593859,-0.129841,0.307555,0.698021,-0.165948,0.334454,0.765059,-0.157915,0.343206,0.789983,-0.146179
49,1633,True,0.9972,0.9972,0.322502,0.784044,0.0,0.403507,0.765742,-0.034188,0.476505,0.731048,-0.071588,0.534719,0.720601,-0.109903,0.596033,0.72759,-0.149516,0.461775,0.534417,-0.071259,0.503764,0.500666,-0.126599,0.533092,0.458368,-0.164261,0.561478,0.414059,-0.191211,0.388246,0.504983,-0.085118,0.449029,0.603741,-0.154606,0.471721,0.713419,-0.173921,0.479508,0.771588,-0.177042,0.315593,0.534932,-0.101982,0.374548,0.683511,-0.162426,0.396318,0.764325,-0.157561,0.402716,0.790116,-0.143548,0.253296,0.594326,-0.122863,0.30069,0.704796,-0.158808,0.327596,0.770535,-0.151377,0.337788,0.791412,-0.138793
50,1666,True,0.9968,0.9968,0.312768,0.794883,0.0,0.396676,0.776477,-0.030145,0.472651,0.73978,-0.065128,0.536671,0.733971,-0.101766,0.601001,0.736134,-0.13936,0.45288,0.538956,-0.059651,0.487847,0.530494,-0.11371,0.520988,0.503489,-0.151677,0.55321,0.475696,-0.178366,0.380949,0.513926,-0.075335,0.444497,0.626378,-0.142683,0.464754,0.739061,-0.162305,0.468055,0.800739,-0.165465,0.308797,0.545891,-0.09455,0.368981,0.698863,-0.154868,0.387903,0.778353,-0.150505,0.39137,0.801314,-0.136327,0.246368,0.606063,-0.117308,0.294183,0.720488,-0.154067,0.320575,0.785182,-0.147028,0.330356,0.803384,-0.134251
51,1700,True,0.9916,0.9916,0.298024,0.827697,-0.0,0.395191,0.810239,-0.029952,0.480172,0.778374,-0.062184,0.543556,0.768785,-0.09703,0.578592,0.765344,-0.130133,0.452683,0.549184,-0.047237,0.479721,0.547837,-0.10054,0.498222,0.563135,-0.136113,0.51422,0.575145,-0.158211,0.383637,0.531828,-0.060409,0.435248,0.670746,-0.117969,0.45018,0.768277,-0.135876,0.454335,0.805612,-0.141254,0.313194,0.564934,-0.078694,0.366089,0.724384,-0.128674,0.380334,0.794834,-0.125538,0.384089,0.803165,-0.115957,0.250727,0.620948,-0.101346,0.293791,0.748218,-0.129577,0.314916,0.805818,-0.123429,0.324208,0.812862,-0.113122
52,1733,True,0.9959,0.9959,0.305408,0.864065,-0.0,0.403418,0.854284,-0.037981,0.486976,0.828824,-0.074552,0.544999,0.813535,-0.111876,0.571485,0.797623,-0.146093,0.47683,0.565645,-0.054312,0.512968,0.648173,-0.120185,0.533227,0.709929,-0.166273,0.547574,0.745036,-0.192866,0.399949,0.555642,-0.064878,0.441394,0.726929,-0.125014,0.441475,0.821407,-0.147201,0.43456,0.843323,-0.156905,0.322415,0.589146,-0.081672,0.362816,0.774769,-0.131278,0.364574,0.835925,-0.129086,0.359515,0.82107,-0.121555,0.252409,0.645111,-0.103786,0.28681,0.793871,-0.13148,0.296967,0.842036,-0.12548,0.295222,0.826087,-0.115682
53,1766,True,0.9836,0.9836,0.310446,0.83816,-0.0,0.397243,0.827067,-0.029067,0.472223,0.820328,-0.06672,0.528461,0.835784,-0.107525,0.572416,0.858539,-0.147934,0.477724,0.601539,-0.062385,0.525563,0.720268,-0.126478,0.551946,0.80103,-0.17019,0.571846,0.858693,-0.194475,0.399557,0.591782,-0.078386,0.44655,0.778956,-0.131833,0.452982,0.86819,-0.148317,0.452343,0.902979,-0.15643,0.32022,0.623154,-0.098878,0.364327,0.815489,-0.142605,0.375338,0.877255,-0.137504,0.380259,0.88145,-0.129301,0.250784,0.672887,-0.123909,0.286833,0.818829,-0.146061,0.307952,0.873804,-0.135632,0.320253,0.878716,-0.124029
54,1800,True,0.9921,0.9921,0.29927,0.821563,0.0,0.389966,0.82308,-0.030947,0.467278,0.828396,-0.071249,0.52825,0.862404,-0.114053,0.590802,0.894816,-0.158859,0.474965,0.615002,-0.075969,0.52091,0.740649,-0.14183,0.54982,0.821394,-0.187806,0.573362,0.882722,-0.214869,0.394861,0.605892,-0.092649,0.448766,0.804077,-0.155109,0.458659,0.90215,-0.178446,0.458118,0.949539,-0.190877,0.313641,0.639203,-0.112495,0.358347,0.825304,-0.165778,0.375214,0.901643,-0.167295,0.383294,0.927519,-0.162298,0.241612,0.690722,-0.136055,0.277016,0.826124,-0.168634,0.306494,0.890443,-0.1644,0.32944,0.913839,-0.156486
55,1833,True,0.9917,0.9917,0.299079,0.806232,0.0,0.398139,0.810638,-0.035392,0.480791,0.82614,-0.078001,0.543063,0.865455,-0.121489,0.585732,0.891973,-0.166345,0.477128,0.618576,-0.093764,0.518804,0.765728,-0.16204,0.545032,0.844586,-0.206073,0.562883,0.887522,-0.233232,0.396621,0.611203,-0.110463,0.448072,0.823233,-0.177399,0.456383,0.910366,-0.19825,0.454996,0.933595,-0.210707,0.315286,0.642369,-0.130005,0.360215,0.838213,-0.188431,0.374344,0.908002,-0.185997,0.3808,0.917536,-0.179204,0.244194,0.691259,-0.153579,0.279132,0.831695,-0.191578,0.305783,0.88579,-0.188226,0.325723,0.897314,-0.181731
56,1866,True,0.9957,0.9957,0.281577,0.82384,0.0,0.385069,0.812173,-0.02291,0.468271,0.808905,-0.054948,0.533631,0.842645,-0.090029,0.588592,0.87076,-0.12638,0.473293,0.614444,-0.065232,0.52531,0.73266,-0.121968,0.55464,0.811676,-0.15949,0.578407,0.871861,-0.182071,0.396219,0.608693,-0.082763,0.453469,0.797106,-0.136461,0.462139,0.89204,-0.153452,0.46247,0.934268,-0.16306,0.316013,0.638704,-0.102964,0.367156,0.825416,-0.150265,0.380576,0.893161,-0.149931,0.385491,0.90841,-0.144853,0.245133,0.686069,-0.126148,0.286924,0.828834,-0.154191,0.309963,0.882646,-0.149824,0.323853,0.893587,-0.142801
57,1900,True,0.9965,0.9965,0.283541,0.840503,0.0,0.387207,0.830524,-0.035119,0.471387,0.815261,-0.072029,0.536086,0.825813,-0.109455,0.599286,0.846299,-0.147018,0.475243,0.597659,-0.066949,0.517464,0.713265,-0.128045,0.547634,0.786761,-0.170959,0.577663,0.837487,-0.197677,0.397848,0.589261,-0.079777,0.447822,0.767265,-0.138889,0.453998,0.855832,-0.162783,0.455876,0.885616,-0.176417,0.319883,0.619398,-0.096755,0.364499,0.799269,-0.151485,0.376915,0.867196,-0.156069,0.384829,0.878845,-0.153028,0.250191,0.668413,-0.117487,0.288231,0.803003,-0.150683,0.313705,0.864118,-0.148473,0.332349,0.88449,-0.142192
58,1933,True,0.9959,0.9959,0.287656,0.832758,0.0,0.395533,0.824237,-0.032563,0.481301,0.799594,-0.06585,0.545615,0.792869,-0.101357,0.587833,0.792932,-0.134892,0.4728,0.571491,-0.052785,0.509997,0.673691,-0.113636,0.526473,0.748015,-0.152004,0.540484,0.778087,-0.17312,0.396645,0.565768,-0.064604,0.440964,0.750108,-0.114502,0.441399,0.827658,-0.129996,0.441202,0.821073,-0.138363,0.321181,0.597537,-0.082274,0.366689,0.782687,-0.129969,0.372865,0.839709,-0.127014,0.374592,0.821901,-0.119608,0.253071,0.646456,-0.1042,0.295348,0.789689,-0.132342,0.313259,0.841344,-0.125899,0.320453,0.841317,-0.115668
59,1966,True,0.996,0.996,0.277332,0.819886,0.0,0.381587,0.795803,-0.028566,0.46588,0.764751,-0.060458,0.530788,0.760204,-0.093945,0.58405,0.763984,-0.128177,0.444428,0.542984,-0.053778,0.488156,0.612801,-0.105357,0.524251,0.656721,-0.142732,0.561047,0.686861,-0.16754,0.374134,0.53993,-0.068074,0.446759,0.697512,-0.120979,0.457,0.785705,-0.14111,0.458856,0.818349,-0.15192,0.303849,0.57647,-0.086076,0.369941,0.739518,-0.136826,0.381714,0.804679,-0.139458,0.387283,0.81655,-0.135097,0.24039,0.631408,-0.107624,0.292385,0.752139,-0.14062,0.321676,0.814757,-0.13863,0.342222,0.840474,-0.131876
60,2000,True,0.997,0.997,0.287154,0.820705,0.0,0.384668,0.791451,-0.030856,0.462727,0.751018,-0.064433,0.527203,0.743494,-0.099666,0.582509,0.741464,-0.134145,0.431101,0.527259,-0.055221,0.4679,0.55179,-0.109277,0.495848,0.573676,-0.145407,0.522128,0.583411,-0.168956,0.36167,0.520203,-0.069516,0.435233,0.658921,-0.129541,0.445966,0.762,-0.14773,0.446463,0.795782,-0.153821,0.293254,0.558973,-0.088205,0.362353,0.714792,-0.145372,0.374992,0.788013,-0.143193,0.379012,0.796059,-0.132765,0.23265,0.620657,-0.110591,0.28725,0.733719,-0.146785,0.319717,0.797298,-0.142149,0.340439,0.81908,-0.131664
61,2033,True,0.9934,0.9934,0.288793,0.797718,0.0,0.378852,0.767641,-0.033073,0.451096,0.724805,-0.070657,0.513523,0.71509,-0.110192,0.576266,0.72102,-0.148148,0.42249,0.516751,-0.0564,0.449199,0.516015,-0.110336,0.466197,0.52267,-0.142609,0.479855,0.521408,-0.16294,0.353264,0.505279,-0.06998,0.42532,0.630413,-0.130266,0.438912,0.736554,-0.143359,0.438573,0.770461,-0.144156,0.286363,0.542364,-0.08839,0.355771,0.691415,-0.145296,0.371525,0.767466,-0.136716,0.373994,0.777101,-0.120778,0.227269,0.60397,-0.110887,0.280826,0.712151,-0.145712,0.314014,0.773885,-0.136993,0.331535,0.79051,-0.122812
62,2066,True,0.9963,0.9963,0.29337,0.780539,0.0,0.376329,0.753106,-0.037704,0.44548,0.706713,-0.078815,0.510216,0.691917,-0.120368,0.578368,0.686289,-0.161198,0.413963,0.507638,-0.067195,0.446929,0.510407,-0.126644,0.474088,0.493331,-0.162397,0.503226,0.471195,-0.186041,0.34451,0.491143,-0.080335,0.424872,0.606548,-0.148674,0.438498,0.718288,-0.160599,0.439747,0.755222,-0.158822,0.278928,0.527045,-0.098676,0.35213,0.675388,-0.164412,0.368399,0.755819,-0.152505,0.372187,0.766436,-0.132665,0.222091,0.590328,-0.121283,0.273352,0.697922,-0.164822,0.305543,0.761542,-0.156991,0.32152,0.7763,-0.142417
63,2100,True,0.9953,0.9953,0.295818,0.766073,0.0,0.375127,0.745057,-0.041202,0.445833,0.696467,-0.082931,0.506387,0.681256,-0.124609,0.57626,0.682553,-0.166288,0.417325,0.503919,-0.072942,0.460745,0.48236,-0.135884,0.4948,0.447104,-0.175277,0.530413,0.406841,-0.201956,0.34645,0.479859,-0.084543,0.423435,0.582572,-0.161875,0.438266,0.702325,-0.176787,0.437631,0.752003,-0.17379,0.27851,0.513505,-0.101444,0.349326,0.663126,-0.172595,0.365752,0.748011,-0.162232,0.367711,0.762535,-0.140756,0.220096,0.577195,-0.122849,0.272467,0.688316,-0.167767,0.303209,0.755284,-0.160294,0.314946,0.768919,-0.14515
64,2133,True,0.9968,0.9968,0.300432,0.755907,0.0,0.378179,0.734822,-0.042216,0.444009,0.689706,-0.085513,0.500949,0.672876,-0.128925,0.569728,0.67228,-0.17281,0.417607,0.499048,-0.08043,0.458383,0.464646,-0.145349,0.487377,0.420456,-0.187349,0.518385,0.371192,-0.216274,0.344075,0.474877,-0.092449,0.415022,0.584733,-0.169989,0.434812,0.694294,-0.186974,0.44003,0.738465,-0.186983,0.273795,0.510123,-0.109204,0.343104,0.660624,-0.17824,0.364722,0.739155,-0.16934,0.371152,0.751532,-0.150727,0.214659,0.574633,-0.130767,0.266208,0.686317,-0.174279,0.296956,0.749878,-0.166713,0.310408,0.762989,-0.152189
65,2166,True,0.996,0.996,0.298207,0.751327,0.0,0.373799,0.730451,-0.038891,0.439983,0.686357,-0.078719,0.497653,0.674227,-0.119127,0.564581,0.673872,-0.160088,0.417244,0.504816,-0.078397,0.456456,0.461093,-0.140504,0.482355,0.413383,-0.180844,0.509665,0.360009,-0.209492,0.342848,0.478796,-0.091202,0.407417,0.589558,-0.166707,0.42813,0.691452,-0.184244,0.434896,0.728573,-0.186024,0.2712,0.514339,-0.108205,0.339086,0.663634,-0.175773,0.36174,0.73696,-0.167552,0.368419,0.74577,-0.150519,0.210745,0.57815,-0.129803,0.262695,0.685522,-0.175104,0.294181,0.748766,-0.168666,0.308262,0.762727,-0.155084
66,2200,True,0.9939,0.9939,0.295077,0.754298,0.0,0.371292,0.735676,-0.035685,0.438675,0.690178,-0.071358,0.49769,0.678091,-0.107665,0.565239,0.682005,-0.145582,0.413401,0.508988,-0.071123,0.451404,0.471376,-0.124599,0.474655,0.427843,-0.160529,0.499966,0.381471,-0.186505,0.340911,0.483219,-0.082969,0.399372,0.590186,-0.15075,0.419506,0.691759,-0.168325,0.427893,0.740101,-0.171114,0.269288,0.516868,-0.098111,0.329148,0.661532,-0.160216,0.350389,0.737909,-0.156411,0.358059,0.760206,-0.143282,0.208064,0.578473,-0.117172,0.253098,0.679385,-0.158828,0.283607,0.746558,-0.154021,0.299273,0.771448,-0.142548
67,2233,True,0.9903,0.9903,0.28856,0.768821,0.0,0.366468,0.751529,-0.034749,0.435487,0.710218,-0.070148,0.496073,0.699348,-0.107242,0.560872,0.698329,-0.144795,0.408967,0.517159,-0.06119,0.434708,0.505589,-0.114545,0.454101,0.493025,-0.150262,0.475477,0.474144,-0.17476,0.338523,0.49744,-0.073215,0.386789,0.615098,-0.137482,0.408075,0.711567,-0.155565,0.418122,0.7538,-0.159609,0.268475,0.531163,-0.08963,0.318276,0.675259,-0.147939,0.337688,0.751501,-0.143284,0.345085,0.772191,-0.130194,0.207802,0.58915,-0.11026,0.24649,0.696149,-0.147468,0.272494,0.757847,-0.14258,0.284138,0.775238,-0.131649
68,2266,True,0.9287,0.9287,0.285037,0.821813,-0.0,0.361907,0.797318,-0.034285,0.430073,0.756143,-0.067659,0.484717,0.742429,-0.10259,0.53777,0.743526,-0.136803,0.400627,0.53329,-0.053083,0.435993,0.578333,-0.105728,0.447346,0.615052,-0.140062,0.455976,0.634429,-0.160593,0.333423,0.528739,-0.062052,0.372935,0.650596,-0.112073,0.388172,0.739362,-0.127717,0.400098,0.776163,-0.134349,0.267317,0.563854,-0.076108,0.310194,0.702806,-0.120801,0.325887,0.770453,-0.119859,0.334962,0.783457,-0.11389,0.207447,0.618366,-0.094512,0.238578,0.728162,-0.119414,0.256238,0.779426,-0.116039,0.264957,0.784283,-0.109631
69,2300,True,0.8697,0.8697,0.291984,0.846995,-0.0,0.35856,0.834146,-0.040069,0.42319,0.811569,-0.077869,0.478174,0.80786,-0.115072,0.533539,0.812617,-0.149343,0.411559,0.576964,-0.062102,0.451385,0.694405,-0.119975,0.46265,0.76021,-0.157748,0.474167,0.790884,-0.179354,0.345711,0.570245,-0.068349,0.378794,0.743727,-0.112907,0.382532,0.814708,-0.122794,0.386323,0.832363,-0.127731,0.277688,0.598409,-0.080667,0.305006,0.780118,-0.116496,0.309248,0.828139,-0.107148,0.313897,0.819947,-0.098213,0.212886,0.642786,-0.099216,0.229435,0.786344,-0.119277,0.240505,0.832383,-0.112153,0.2483,0.825758,-0.103313
70,2333,True,0.8487,0.8487,0.288143,0.798005,-0.0,0.345987,0.802906,-0.05122,0.392462,0.815883,-0.100397,0.429082,0.851359,-0.147156,0.483312,0.884074,-0.192146,0.395918,0.590405,-0.093049,0.438514,0.73919,-0.16365,0.460882,0.817972,-0.206059,0.487038,0.859089,-0.229586,0.338981,0.586816,-0.097609,0.377445,0.788658,-0.157157,0.39801,0.877705,-0.169386,0.419736,0.911365,-0.174262,0.279451,0.620235,-0.1081,0.30708,0.819606,-0.160929,0.330635,0.885438,-0.152913,0.353552,0.895645,-0.14072,0.224675,0.668353,-0.12471,0.240255,0.820684,-0.157995,0.263861,0.878456,-0.152884,0.28564,0.885732,-0.14317
71,2366,True,0.9991,0.9991,0.313724,0.762423,-0.0,0.24762,0.795291,-0.075214,0.201696,0.832735,-0.145959,0.205076,0.896739,-0.206337,0.231316,0.955466,-0.264486,0.230927,0.658689,-0.158582,0.231201,0.829667,-0.244241,0.255608,0.918698,-0.287206,0.287693,0.957756,-0.31104,0.300096,0.624101,-0.155164,0.323363,0.827602,-0.240606,0.353751,0.931809,-0.262217,0.381936,0.96241,-0.272061,0.36773,0.62769,-0.155617,0.386682,0.822631,-0.240511,0.414572,0.911327,-0.249943,0.43689,0.926377,-0.246201,0.422879,0.650709,-0.160487,0.43714,0.784306,-0.220612,0.45097,0.861882,-0.228294,0.470112,0.883868,-0.22606
72,2400,True,0.9814,0.9814,0.349011,0.802226,-0.0,0.286659,0.842902,-0.061999,0.217641,0.864057,-0.10737,0.172053,0.876119,-0.142728,0.170443,0.858259,-0.170121,0.219989,0.654636,-0.096245,0.236591,0.819402,-0.14502,0.26693,0.88467,-0.166542,0.291773,0.892489,-0.176752,0.284747,0.618922,-0.085468,0.31095,0.816828,-0.129664,0.329649,0.874206,-0.138044,0.342681,0.86982,-0.140777,0.351984,0.610419,-0.078786,0.379993,0.786942,-0.125985,0.399081,0.833368,-0.119524,0.416391,0.835631,-0.107471,0.412615,0.620771,-0.077531,0.440519,0.729144,-0.113228,0.459415,0.782874,-0.109359,0.481496,0.799786,-0.097593
73,2433,True,0.9352,0.9352,0.379354,0.806827,-1e-06,0.306281,0.853647,-0.055502,0.23909,0.877345,-0.094342,0.196462,0.890423,-0.125016,0.189834,0.878225,-0.150153,0.214955,0.657449,-0.082596,0.236241,0.785779,-0.116006,0.262212,0.846491,-0.13168,0.277946,0.843764,-0.142279,0.282023,0.604189,-0.076772,0.309061,0.767554,-0.103956,0.326978,0.832619,-0.109914,0.338871,0.833751,-0.115447,0.353681,0.582707,-0.073589,0.385475,0.740598,-0.112058,0.398837,0.799171,-0.10794,0.409418,0.80741,-0.101695,0.420576,0.580608,-0.075132,0.451136,0.681211,-0.108254,0.472867,0.752361,-0.102664,0.494656,0.783276,-0.092272
74,2466,True,0.9505,0.9505,0.357299,0.767109,-1e-06,0.287499,0.815617,-0.059719,0.221959,0.844663,-0.10291,0.185203,0.871578,-0.136886,0.178109,0.868594,-0.165123,0.204455,0.630015,-0.095554,0.240223,0.751572,-0.137568,0.276327,0.820121,-0.157598,0.292882,0.830413,-0.169223,0.27516,0.576722,-0.089663,0.317297,0.731291,-0.124187,0.33461,0.793835,-0.132143,0.340881,0.799493,-0.137958,0.347549,0.558032,-0.086809,0.39167,0.702089,-0.129333,0.397314,0.759748,-0.124283,0.397938,0.771066,-0.117078,0.411142,0.56079,-0.089194,0.452885,0.652078,-0.127597,0.477674,0.708613,-0.124369,0.497083,0.728865,-0.115339
75,2500,True,0.9776,0.9776,0.354287,0.762203,-1e-06,0.294051,0.808582,-0.063102,0.225372,0.837223,-0.103959,0.184249,0.867838,-0.136417,0.166907,0.861906,-0.161963,0.204532,0.615251,-0.090271,0.238806,0.724046,-0.134329,0.279037,0.790708,-0.154236,0.298051,0.805101,-0.164004,0.270168,0.553431,-0.081741,0.31531,0.700772,-0.121604,0.338229,0.770166,-0.131181,0.347349,0.777241,-0.13504,0.339667,0.53078,-0.077655,0.388562,0.671493,-0.128217,0.400423,0.735618,-0.127365,0.40569,0.749306,-0.118522,0.400697,0.53287,-0.078713,0.436043,0.605556,-0.121097,0.464435,0.642538,-0.121548,0.491997,0.651109,-0.112591
76,2533,True,0.9765,0.9765,0.305777,0.772957,-1e-06,0.367014,0.748288,-0.043958,0.423088,0.710539,-0.084803,0.473256,0.703131,-0.128453,0.524419,0.695439,-0.169444,0.388137,0.51949,-0.060886,0.440347,0.554225,-0.11735,0.453706,0.586584,-0.14967,0.461094,0.590461,-0.167539,0.322297,0.50962,-0.064034,0.388151,0.640563,-0.114899,0.400857,0.719002,-0.124491,0.403795,0.733369,-0.125309,0.263089,0.539827,-0.073656,0.32231,0.678833,-0.126237,0.339706,0.743937,-0.121773,0.345403,0.752084,-0.108261,0.200272,0.594081,-0.088513,0.23883,0.700657,-0.124015,0.269424,0.755342,-0.119041,0.289708,0.767537,-0.106662
77,2566,True,0.9961,0.9961,0.282165,0.751045,0.0,0.360646,0.730211,-0.0343,0.430489,0.686442,-0.07097,0.494001,0.673615,-0.1092,0.563263,0.67323,-0.148838,0.401839,0.506441,-0.064627,0.448376,0.484523,-0.121242,0.486872,0.446847,-0.159947,0.525575,0.405406,-0.185793,0.330681,0.483026,-0.074572,0.399131,0.599166,-0.140006,0.419998,0.699166,-0.153458,0.423658,0.745005,-0.152661,0.263462,0.517038,-0.088908,0.332461,0.657336,-0.149598,0.352922,0.733358,-0.140522,0.354773,0.757087,-0.122374,0.205969,0.577588,-0.107221,0.259454,0.681419,-0.145883,0.288944,0.744779,-0.137896,0.296884,0.763941,-0.123213
78,2600,True,0.9971,0.9971,0.287581,0.756838,0.0,0.367611,0.73089,-0.033231,0.436366,0.682148,-0.071179,0.496181,0.663913,-0.110797,0.566376,0.661435,-0.151639,0.409576,0.505137,-0.075064,0.461154,0.460964,-0.1364,0.499333,0.418127,-0.17486,0.536196,0.372041,-0.200779,0.338795,0.479299,-0.089937,0.411672,0.580983,-0.163299,0.437055,0.689626,-0.177658,0.446675,0.738469,-0.17669,0.269833,0.511874,-0.108576,0.342112,0.655902,-0.176016,0.364524,0.737319,-0.166678,0.37155,0.758967,-0.147982,0.21091,0.57333,-0.131001,0.265242,0.674633,-0.173965,0.298716,0.743721,-0.165158,0.314935,0.769143,-0.149729
79,2633,True,0.9966,0.9966,0.300143,0.74862,0.0,0.378114,0.729147,-0.03554,0.445713,0.682594,-0.073763,0.503277,0.66397,-0.112965,0.570921,0.664102,-0.153216,0.417906,0.510418,-0.079989,0.466404,0.459395,-0.14214,0.502882,0.413086,-0.18024,0.53808,0.361755,-0.206055,0.345765,0.483256,-0.093401,0.412312,0.588194,-0.166086,0.433273,0.695132,-0.17875,0.440552,0.734107,-0.177695,0.275399,0.515072,-0.110626,0.345133,0.65936,-0.177681,0.366501,0.737848,-0.167649,0.372604,0.750995,-0.149732,0.215787,0.574686,-0.131731,0.267985,0.675694,-0.173986,0.299429,0.743477,-0.16414,0.313127,0.764436,-0.148877
80,2666,True,0.9963,0.9963,0.302098,0.760948,0.0,0.380833,0.741466,-0.033273,0.449326,0.696026,-0.06829,0.509922,0.683037,-0.105065,0.577771,0.684731,-0.143732,0.423954,0.511734,-0.068985,0.469759,0.470506,-0.122696,0.503255,0.426727,-0.159111,0.537533,0.383629,-0.184837,0.352118,0.485772,-0.08213,0.415765,0.601604,-0.149513,0.437599,0.701702,-0.167434,0.447842,0.748519,-0.171118,0.281192,0.519723,-0.098501,0.344096,0.664483,-0.160625,0.366944,0.744336,-0.157055,0.377343,0.773002,-0.14446,0.22077,0.5817,-0.118664,0.266917,0.684194,-0.159999,0.298909,0.753918,-0.154682,0.31721,0.783881,-0.142804
81,2700,True,0.9939,0.9939,0.291047,0.780885,0.0,0.372812,0.761204,-0.030768,0.447715,0.717626,-0.063898,0.512887,0.708111,-0.099084,0.584614,0.711884,-0.135226,0.428431,0.5348,-0.061678,0.469432,0.503355,-0.113441,0.503475,0.464108,-0.148675,0.538688,0.425166,-0.173865,0.357226,0.50491,-0.075906,0.417322,0.638003,-0.139148,0.433398,0.737478,-0.154484,0.438863,0.782927,-0.156562,0.285045,0.53761,-0.093765,0.347086,0.702,-0.152204,0.360193,0.774436,-0.144318,0.363209,0.791384,-0.129205,0.222399,0.599105,-0.115764,0.269863,0.716703,-0.155687,0.301136,0.785154,-0.148442,0.318944,0.808757,-0.134865
82,2733,True,0.9921,0.9921,0.277967,0.82528,0.0,0.367097,0.79914,-0.027321,0.44736,0.747524,-0.056764,0.518061,0.737123,-0.088629,0.591655,0.739996,-0.121598,0.427637,0.550865,-0.049636,0.468603,0.539487,-0.09543,0.502797,0.508654,-0.127594,0.541139,0.477481,-0.151507,0.359112,0.525111,-0.064386,0.412764,0.65842,-0.121466,0.426613,0.75487,-0.138561,0.435267,0.801807,-0.143147,0.287282,0.557254,-0.082841,0.342794,0.722594,-0.137953,0.357954,0.795669,-0.136116,0.367597,0.816269,-0.125818,0.223761,0.617023,-0.105005,0.26767,0.741007,-0.143644,0.298418,0.810424,-0.141368,0.319989,0.8356,-0.131913
83,2766,True,0.9944,0.9944,0.284714,0.821202,0.0,0.37425,0.799051,-0.032313,0.450694,0.755523,-0.067579,0.518475,0.751136,-0.104342,0.596323,0.762488,-0.141996,0.433494,0.563946,-0.065134,0.471082,0.56445,-0.1181,0.503151,0.537827,-0.155287,0.541746,0.506182,-0.183155,0.359216,0.535631,-0.079939,0.414436,0.680698,-0.145472,0.436216,0.781192,-0.164937,0.449829,0.82558,-0.170953,0.284184,0.56686,-0.098247,0.341556,0.741969,-0.157416,0.362564,0.815193,-0.153404,0.373542,0.831291,-0.141866,0.219926,0.627659,-0.121037,0.271165,0.758695,-0.1614,0.301649,0.825008,-0.158796,0.319125,0.843858,-0.149627
84,2800,True,0.9954,0.9954,0.269314,0.834932,0.0,0.364206,0.80579,-0.02628,0.444688,0.750436,-0.056591,0.514985,0.730914,-0.089439,0.590406,0.723809,-0.122507,0.424716,0.555456,-0.050273,0.45689,0.557397,-0.101542,0.483914,0.535377,-0.137632,0.518441,0.50677,-0.164389,0.354045,0.532791,-0.066494,0.416873,0.667199,-0.129484,0.434232,0.766425,-0.149379,0.443628,0.810209,-0.155984,0.283289,0.566902,-0.08653,0.34548,0.730914,-0.145966,0.364783,0.803747,-0.143945,0.375158,0.819612,-0.133688,0.220942,0.629098,-0.110165,0.271451,0.753529,-0.152189,0.301199,0.817007,-0.151987,0.319248,0.833944,-0.144382
85,2833,True,0.9947,0.9947,0.283379,0.816902,0.0,0.371374,0.786517,-0.030233,0.444891,0.733937,-0.062227,0.510186,0.718181,-0.096078,0.5817,0.711361,-0.130658,0.420874,0.537995,-0.054963,0.457529,0.531914,-0.10562,0.486565,0.508282,-0.14075,0.518313,0.478314,-0.166225,0.352093,0.51788,-0.068644,0.41735,0.64455,-0.128941,0.432767,0.747559,-0.145305,0.43824,0.788789,-0.149534,0.282909,0.553671,-0.086485,0.345756,0.703788,-0.145246,0.36215,0.777223,-0.139838,0.369318,0.79263,-0.126866,0.220917,0.617749,-0.107984,0.268889,0.723195,-0.149185,0.301988,0.785912,-0.145542,0.322766,0.80781,-0.135021
86,2866,True,0.9955,0.9955,0.280908,0.796114,0.0,0.368191,0.762673,-0.031038,0.44076,0.703754,-0.063382,0.505246,0.687302,-0.097658,0.578467,0.688818,-0.132824,0.405995,0.521568,-0.057033,0.443863,0.503983,-0.108455,0.474637,0.47603,-0.142635,0.510308,0.441254,-0.167046,0.33631,0.503331,-0.070998,0.408597,0.631556,-0.13271,0.42269,0.728873,-0.14761,0.425501,0.759257,-0.150002,0.267474,0.542366,-0.089284,0.336907,0.693941,-0.150536,0.355335,0.767698,-0.14499,0.363425,0.779472,-0.130461,0.208029,0.609184,-0.111123,0.260839,0.716221,-0.152963,0.294563,0.778737,-0.148115,0.313714,0.796341,-0.135934
87,2900,True,0.9941,0.9941,0.273713,0.774063,0.0,0.357994,0.744958,-0.025729,0.429763,0.686615,-0.05424,0.490131,0.667579,-0.085233,0.55554,0.666229,-0.117729,0.388021,0.516131,-0.058181,0.421833,0.492203,-0.103291,0.447293,0.462503,-0.134965,0.479914,0.428778,-0.158804,0.316654,0.493912,-0.071064,0.368304,0.6299,-0.123433,0.386525,0.710812,-0.137449,0.399287,0.737174,-0.143115,0.247884,0.529978,-0.086635,0.308122,0.684563,-0.133667,0.327445,0.746257,-0.126127,0.337922,0.758875,-0.116058,0.189418,0.593127,-0.106434,0.242652,0.708591,-0.140766,0.276146,0.766071,-0.136445,0.2962,0.783236,-0.12747
88,2933,True,0.9905,0.9905,0.249694,0.7688,0.0,0.329118,0.742753,-0.029165,0.402814,0.685614,-0.058439,0.467832,0.661541,-0.088619,0.532661,0.656543,-0.118856,0.351437,0.518501,-0.058217,0.373415,0.499096,-0.10087,0.395799,0.474467,-0.131046,0.422466,0.445227,-0.153744,0.28269,0.495116,-0.066685,0.332116,0.626065,-0.113992,0.344188,0.703053,-0.127716,0.348628,0.720957,-0.134005,0.218962,0.523591,-0.0777,0.272658,0.68242,-0.118118,0.280893,0.735385,-0.112314,0.280366,0.728335,-0.105209,0.165047,0.576559,-0.09309,0.212021,0.699216,-0.120371,0.232199,0.745169,-0.116411,0.23592,0.741932,-0.109549
89,2966,True,0.9915,0.9915,0.232192,0.757513,0.0,0.309859,0.734693,-0.03388,0.378538,0.680221,-0.063352,0.44037,0.659941,-0.092167,0.506892,0.655942,-0.120467,0.327482,0.519216,-0.064484,0.333392,0.507435,-0.107035,0.3424,0.489435,-0.135335,0.35681,0.462781,-0.156395,0.252258,0.492372,-0.069866,0.275952,0.639244,-0.115075,0.30233,0.715455,-0.124766,0.32342,0.731879,-0.12834,0.183206,0.518207,-0.078361,0.219538,0.693151,-0.116762,0.242601,0.749269,-0.106265,0.258939,0.746626,-0.095651,0.126237,0.566889,-0.092244,0.160725,0.70295,-0.120889,0.19401,0.757301,-0.11606,0.214425,0.761141,-0.107236
90,3000,True,0.9943,0.9943,0.223138,0.76088,-0.0,0.291129,0.740117,-0.039244,0.351911,0.686711,-0.071586,0.405095,0.670025,-0.103041,0.4659,0.668841,-0.133593,0.302261,0.515761,-0.06868,0.298533,0.512216,-0.121694,0.298559,0.504668,-0.156207,0.30436,0.483675,-0.178828,0.223341,0.488588,-0.073262,0.245524,0.638371,-0.128929,0.278377,0.729296,-0.139939,0.30668,0.757201,-0.140676,0.153546,0.516631,-0.081937,0.188744,0.686623,-0.128986,0.216195,0.75516,-0.11448,0.236385,0.763632,-0.097237,0.096194,0.567749,-0.096573,0.123399,0.694732,-0.131587,0.159248,0.752939,-0.124447,0.18382,0.760409,-0.110693
91,3033,True,0.9937,0.9937,0.209851,0.760987,-0.0,0.272632,0.746538,-0.050804,0.332996,0.693985,-0.089991,0.389701,0.679042,-0.126945,0.452521,0.671893,-0.162271,0.298189,0.517345,-0.081047,0.296694,0.510347,-0.14952,0.27883,0.506092,-0.192975,0.258495,0.49456,-0.218957,0.21303,0.483172,-0.082121,0.227644,0.627079,-0.150757,0.261814,0.731186,-0.164341,0.287459,0.762974,-0.163523,0.137047,0.510891,-0.089528,0.162432,0.683838,-0.14982,0.19887,0.764786,-0.136185,0.224879,0.776968,-0.115607,0.073795,0.564644,-0.103631,0.096065,0.694697,-0.148248,0.140607,0.764326,-0.142562,0.172094,0.775281,-0.127279
92,3066,True,0.9929,0.9929,0.208998,0.764447,-0.0,0.271735,0.745579,-0.045591,0.329937,0.688154,-0.082304,0.386722,0.679628,-0.117646,0.450444,0.676799,-0.15145,0.290227,0.521781,-0.079111,0.293846,0.50173,-0.144955,0.273856,0.497365,-0.185859,0.248501,0.486118,-0.210071,0.206861,0.489457,-0.081887,0.226102,0.628529,-0.14599,0.263248,0.730432,-0.156423,0.291991,0.758778,-0.154843,0.131474,0.517152,-0.090351,0.163056,0.67727,-0.148859,0.202091,0.763679,-0.132552,0.230238,0.782373,-0.110547,0.06902,0.570846,-0.105059,0.093909,0.691681,-0.150256,0.142876,0.766798,-0.143096,0.178306,0.786835,-0.1265
93,3100,True,0.9943,0.9943,0.224812,0.766227,-0.0,0.283985,0.745402,-0.046335,0.344375,0.691596,-0.083079,0.400466,0.680459,-0.118686,0.465667,0.677836,-0.151594,0.299556,0.497095,-0.071888,0.295364,0.485231,-0.129701,0.285848,0.477115,-0.164775,0.277116,0.457317,-0.185678,0.218563,0.471563,-0.073211,0.237921,0.63254,-0.132902,0.27399,0.722562,-0.140673,0.302752,0.744874,-0.136154,0.147108,0.504822,-0.080357,0.177082,0.683037,-0.131822,0.206054,0.749407,-0.114238,0.225681,0.750781,-0.091487,0.087519,0.559272,-0.094373,0.111393,0.688509,-0.130548,0.153823,0.744519,-0.12141,0.183178,0.746367,-0.103664
94,3133,True,0.9949,0.9949,0.243525,0.765041,-0.0,0.312079,0.741281,-0.042972,0.377299,0.694401,-0.081315,0.44197,0.684196,-0.120203,0.506527,0.683913,-0.156925,0.329429,0.499671,-0.072176,0.347337,0.457928,-0.124827,0.348501,0.445078,-0.15521,0.349117,0.438263,-0.172854,0.250924,0.480336,-0.074662,0.280328,0.621785,-0.135084,0.313225,0.709671,-0.146241,0.339612,0.746199,-0.144163,0.181469,0.514536,-0.081845,0.224311,0.677223,-0.12997,0.252683,0.740247,-0.120686,0.271562,0.755454,-0.105315,0.124422,0.568788,-0.09523,0.162776,0.691973,-0.126403,0.201776,0.74575,-0.122098,0.22895,0.755875,-0.109879
95,3166,True,0.9959,0.9959,0.262525,0.763689,-0.0,0.338205,0.748121,-0.035283,0.412957,0.706581,-0.071267,0.477888,0.697247,-0.108728,0.540376,0.699451,-0.14495,0.357345,0.515495,-0.07291,0.371864,0.508708,-0.128438,0.39506,0.507446,-0.164103,0.424509,0.50717,-0.185833,0.281418,0.500959,-0.081918,0.336972,0.661047,-0.138274,0.366973,0.735386,-0.149829,0.385663,0.755406,-0.152467,0.214601,0.541211,-0.095059,0.273535,0.718616,-0.139442,0.299644,0.772545,-0.130125,0.314517,0.777336,-0.11872,0.157722,0.601187,-0.114229,0.20815,0.740156,-0.141982,0.244904,0.794387,-0.135034,0.266369,0.802225,-0.124413
96,3200,True,0.9837,0.9837,0.2809,0.783086,0.0,0.358617,0.769787,-0.039872,0.429761,0.733904,-0.078024,0.490859,0.728302,-0.117981,0.553491,0.734051,-0.156969,0.394121,0.52777,-0.069575,0.430457,0.552642,-0.126854,0.457016,0.557043,-0.163836,0.485833,0.551662,-0.18755,0.314663,0.515003,-0.079446,0.368456,0.694125,-0.139286,0.398322,0.772012,-0.152873,0.418847,0.78752,-0.157033,0.241813,0.556917,-0.09481,0.296553,0.744233,-0.14585,0.325921,0.801766,-0.138383,0.346443,0.802111,-0.127001,0.180394,0.618815,-0.116383,0.224914,0.763936,-0.149077,0.260371,0.819218,-0.144469,0.285036,0.824351,-0.135123
97,3233,True,0.9524,0.9524,0.272649,0.815185,-0.0,0.355902,0.789391,-0.029446,0.425078,0.752798,-0.0604,0.483639,0.74844,-0.093924,0.54355,0.752995,-0.127027,0.391238,0.540177,-0.056855,0.424905,0.588235,-0.107545,0.44307,0.596047,-0.139925,0.462063,0.592925,-0.159213,0.31728,0.530417,-0.066295,0.356942,0.704176,-0.11313,0.378648,0.776592,-0.12257,0.398483,0.804929,-0.124328,0.245957,0.566061,-0.079843,0.288644,0.759064,-0.12018,0.307408,0.807474,-0.111509,0.323297,0.806958,-0.09933,0.181185,0.61947,-0.098453,0.215294,0.768603,-0.123548,0.234005,0.815206,-0.117352,0.245481,0.815269,-0.106194
98,3266,True,0.9759,0.9759,0.268716,0.797406,-0.0,0.345653,0.781401,-0.035917,0.411145,0.750233,-0.068459,0.472099,0.756539,-0.102407,0.540404,0.782271,-0.136547,0.368176,0.554181,-0.061151,0.374906,0.599864,-0.101573,0.377935,0.607583,-0.128411,0.384916,0.602426,-0.145792,0.290821,0.548946,-0.067101,0.317458,0.744657,-0.106831,0.340689,0.798086,-0.119215,0.35875,0.811433,-0.125165,0.221775,0.585079,-0.076335,0.258271,0.785501,-0.109691,0.286638,0.816156,-0.106663,0.308552,0.808775,-0.10051,0.160853,0.637371,-0.09125,0.197761,0.784886,-0.115129,0.224843,0.830212,-0.111436,0.245213,0.840151,-0.102637
99,3300,True,0.9965,0.9965,0.234811,0.809359,-0.0,0.307126,0.796412,-0.050006,0.376416,0.761424,-0.08986,0.440821,0.772745,-0.125894,0.504823,0.804034,-0.156075,0.328775,0.549356,-0.0705,0.341196,0.690669,-0.1177,0.345142,0.744327,-0.146298,0.348768,0.729214,-0.16559,0.249586,0.55373,-0.070773,0.278177,0.764629,-0.105273,0.294643,0.785982,-0.112856,0.296789,0.734891,-0.119881,0.181623,0.590028,-0.07682,0.216477,0.798165,-0.100847,0.237564,0.801711,-0.089268,0.240287,0.73791,-0.082514,0.123371,0.640772,-0.090862,0.161002,0.804362,-0.108437,0.188373,0.821944,-0.10332,0.198721,0.782294,-0.096793
100,3333,True,0.9971,0.9971,0.212745,0.7744,-0.0,0.283274,0.770401,-0.051834,0.350669,0.758086,-0.096,0.408648,0.777946,-0.134758,0.464776,0.800542,-0.169342,0.302931,0.56316,-0.103692,0.306113,0.749517,-0.161778,0.29449,0.826388,-0.197772,0.280888,0.83338,-0.221572,0.216544,0.569142,-0.10453,0.233517,0.796799,-0.144052,0.250798,0.816364,-0.150826,0.258395,0.780847,-0.160576,0.144303,0.603916,-0.10918,0.171004,0.827792,-0.135115,0.194618,0.830349,-0.118071,0.203913,0.778845,-0.109769,0.085933,0.653749,-0.122378,0.119108,0.822105,-0.143392,0.149877,0.832212,-0.135511,0.166433,0.79285,-0.12804
101,3366,True,0.9793,0.9793,0.192016,0.782198,-1e-06,0.262555,0.785184,-0.044583,0.330896,0.772332,-0.084422,0.397106,0.797007,-0.122523,0.458158,0.825421,-0.157647,0.299442,0.572808,-0.084049,0.292913,0.731894,-0.146071,0.264102,0.831984,-0.18704,0.239631,0.877544,-0.21023,0.210501,0.564474,-0.087464,0.210628,0.798697,-0.127688,0.22539,0.858447,-0.135027,0.238722,0.851185,-0.141743,0.135077,0.596303,-0.095536,0.148284,0.82887,-0.121227,0.176067,0.861952,-0.103328,0.193645,0.835075,-0.091722,0.072192,0.645218,-0.111737,0.090665,0.81508,-0.126356,0.123182,0.853154,-0.110825,0.143655,0.838206,-0.096638
102,3400,True,0.9848,0.9848,0.204697,0.764594,-0.0,0.273084,0.76618,-0.040912,0.338871,0.767653,-0.081128,0.396304,0.809014,-0.120904,0.441615,0.850998,-0.158313,0.295491,0.582307,-0.0857,0.284131,0.757392,-0.152201,0.27096,0.845494,-0.1963,0.264634,0.88077,-0.220703,0.205405,0.57961,-0.091338,0.20855,0.821129,-0.134065,0.233132,0.855051,-0.141899,0.256369,0.834112,-0.149315,0.131892,0.61062,-0.101638,0.149696,0.847933,-0.129157,0.17694,0.855687,-0.11141,0.198409,0.810266,-0.099848,0.074244,0.656834,-0.120395,0.098449,0.838525,-0.136967,0.133075,0.861862,-0.123575,0.157843,0.836828,-0.110947
103,3433,True,0.9951,0.9951,0.228349,0.79034,-0.0,0.297823,0.790379,-0.04965,0.369426,0.784379,-0.092148,0.431363,0.817116,-0.131202,0.48582,0.85336,-0.166171,0.308634,0.594272,-0.090621,0.314941,0.796244,-0.152485,0.329078,0.869548,-0.190766,0.347175,0.870199,-0.213263,0.22549,0.600076,-0.092021,0.25209,0.839537,-0.133918,0.274919,0.857589,-0.140796,0.290795,0.811955,-0.147957,0.156373,0.632656,-0.098388,0.190969,0.859726,-0.127166,0.214466,0.860752,-0.111003,0.225705,0.804094,-0.100636,0.100864,0.675909,-0.113589,0.138996,0.848028,-0.132738,0.173392,0.86659,-0.122973,0.194075,0.837949,-0.112949
104,3466,True,0.9892,0.9892,0.273142,0.81716,-0.0,0.34177,0.814754,-0.06389,0.406972,0.81753,-0.115886,0.474255,0.834927,-0.162925,0.544926,0.845484,-0.205556,0.349707,0.59634,-0.109811,0.378537,0.786221,-0.182026,0.419422,0.87255,-0.225809,0.458619,0.90044,-0.247968,0.270238,0.607456,-0.108144,0.303899,0.842709,-0.158093,0.341137,0.869953,-0.166096,0.368435,0.848116,-0.170651,0.202095,0.651042,-0.113104,0.237114,0.861624,-0.150999,0.277519,0.868317,-0.136139,0.306066,0.833262,-0.122245,0.149958,0.706225,-0.127491,0.170865,0.851903,-0.150777,0.198984,0.878657,-0.137909,0.221689,0.87431,-0.122107
105,3500,True,0.9934,0.9934,0.303119,0.781161,-0.0,0.371962,0.762538,-0.044062,0.435483,0.773926,-0.090806,0.48417,0.81519,-0.137132,0.515927,0.85361,-0.182396,0.383628,0.592083,-0.101564,0.450585,0.745068,-0.177484,0.503393,0.821347,-0.226367,0.548897,0.85627,-0.25149,0.305687,0.60969,-0.107844,0.367792,0.830713,-0.159681,0.392209,0.87217,-0.16632,0.406175,0.868992,-0.169672,0.238262,0.663133,-0.119285,0.303941,0.870168,-0.15478,0.328867,0.883046,-0.136694,0.341371,0.852098,-0.121016,0.190316,0.721695,-0.138522,0.220958,0.879552,-0.158281,0.228415,0.904064,-0.144896,0.228981,0.890992,-0.129961
106,3533,True,0.9262,0.9262,0.323339,0.835651,-0.0,0.375507,0.818763,-0.043546,0.39731,0.806914,-0.084235,0.383631,0.804902,-0.124469,0.378305,0.796656,-0.161903,0.417731,0.605167,-0.074473,0.489203,0.74055,-0.148874,0.524865,0.81964,-0.198243,0.557088,0.86761,-0.222746,0.357784,0.610464,-0.080696,0.426514,0.813691,-0.140596,0.442823,0.888339,-0.1558,0.45704,0.916084,-0.159972,0.296924,0.658614,-0.093811,0.349673,0.85115,-0.142924,0.36005,0.888864,-0.135908,0.368015,0.880732,-0.12273,0.239805,0.721246,-0.113006,0.276012,0.856882,-0.144759,0.295289,0.886716,-0.14036,0.307867,0.878648,-0.129307
107,3566,True,0.7341,0.7341,0.315228,0.814128,-0.0,0.334943,0.811308,-0.051495,0.330271,0.818581,-0.100893,0.299895,0.841209,-0.14548,0.268714,0.853758,-0.185883,0.383562,0.621052,-0.090055,0.413565,0.767655,-0.153259,0.404468,0.833437,-0.188748,0.405695,0.841239,-0.210062,0.356356,0.627572,-0.092115,0.395298,0.833364,-0.148603,0.386171,0.890145,-0.158608,0.388397,0.868752,-0.162652,0.323258,0.662561,-0.100378,0.357057,0.867422,-0.154088,0.352979,0.902226,-0.149032,0.353826,0.862545,-0.139742,0.287603,0.707174,-0.113825,0.311735,0.863109,-0.154674,0.315826,0.892574,-0.157724,0.319165,0.859695,-0.153585
108,3600,True,0.8858,0.8858,0.414867,0.707666,1e-06,0.324898,0.772182,-0.090061,0.259843,0.852634,-0.178623,0.238975,0.940127,-0.250248,0.260191,0.968924,-0.318107,0.245683,0.68631,-0.247859,0.240358,0.867042,-0.355055,0.268286,0.913227,-0.41004,0.282106,0.90622,-0.436566,0.304264,0.650334,-0.236424,0.327872,0.890829,-0.324144,0.355887,0.929015,-0.334856,0.360476,0.90831,-0.343487,0.370313,0.637463,-0.226091,0.397469,0.862521,-0.289082,0.414922,0.904397,-0.278951,0.417369,0.89079,-0.271024,0.429424,0.646762,-0.223113,0.482931,0.783307,-0.259829,0.535063,0.830315,-0.260842,0.568509,0.837425,-0.264721
109,3633,False,0.0,0.0,0.0,0.0,0.0,0.0,0.0,0.0,0.0,0.0,0.0,0.0,0.0,0.0,0.0,0.0,0.0,0.0,0.0,0.0,0.0,0.0,0.0,0.0,0.0,0.0,0.0,0.0,0.0,0.0,0.0,0.0,0.0,0.0,0.0,0.0,0.0,0.0,0.0,0.0,0.0,0.0,0.0,0.0,0.0,0.0,0.0,0.0,0.0,0.0,0.0,0.0,0.0,0.0,0.0,0.0,0.0,0.0,0.0,0.0,0.0,0.0,0.0,0.0,0.0
110,3666,True,0.9818,0.9818,0.344182,0.615945,1e-06,0.287022,0.679777,-0.073675,0.255492,0.761091,-0.145872,0.262907,0.844916,-0.203451,0.295796,0.902091,-0.260664,0.199987,0.660388,-0.20717,0.201299,0.801373,-0.286507,0.235942,0.86437,-0.328104,0.263931,0.915664,-0.354427,0.250374,0.617155,-0.199494,0.276961,0.784651,-0.27444,0.317589,0.875865,-0.291565,0.343599,0.937741,-0.307667,0.312486,0.602124,-0.191724,0.342508,0.772782,-0.253643,0.372503,0.861411,-0.260782,0.389099,0.919107,-0.266301,0.375526,0.609823,-0.188601,0.394499,0.746298,-0.234872,0.406642,0.827073,-0.247403,0.410966,0.885083,-0.257698
111,3699,True,0.9843,0.9843,0.35801,0.643187,-0.0,0.278523,0.727654,-0.043488,0.220238,0.785958,-0.090571,0.178966,0.836973,-0.12846,0.124252,0.873916,-0.1677,0.176116,0.641467,-0.162469,0.184945,0.807829,-0.212025,0.217991,0.869977,-0.217952,0.241996,0.87978,-0.218758,0.241078,0.596583,-0.170041,0.266295,0.797579,-0.216762,0.298296,0.868965,-0.20483,0.319736,0.888685,-0.199052,0.319106,0.57815,-0.175817,0.341388,0.773302,-0.218544,0.354074,0.841384,-0.189866,0.36099,0.860048,-0.172883,0.390749,0.582042,-0.183815,0.411293,0.72259,-0.231253,0.417922,0.778823,-0.224988,0.422169,0.7942,-0.216378
112,3733,True,0.9826,0.9826,0.364918,0.695579,-1e-06,0.288405,0.76854,-0.056415,0.215914,0.809449,-0.090255,0.163965,0.843801,-0.113773,0.122622,0.870162,-0.132664,0.181896,0.6336,-0.100285,0.191836,0.797357,-0.142068,0.229926,0.836607,-0.155736,0.243844,0.816332,-0.161674,0.24695,0.583655,-0.095892,0.27672,0.787944,-0.139976,0.307887,0.836338,-0.145391,0.316397,0.833055,-0.146526,0.31981,0.566463,-0.094433,0.347405,0.75718,-0.140876,0.365915,0.81075,-0.13183,0.372194,0.819932,-0.120223,0.387855,0.561377,-0.096979,0.409,0.683076,-0.137232,0.430313,0.729959,-0.133461,0.446492,0.748209,-0.123384
113,3766,False,0.0,0.0,0.0,0.0,0.0,0.0,0.0,0.0,0.0,0.0,0.0,0.0,0.0,0.0,0.0,0.0,0.0,0.0,0.0,0.0,0.0,0.0,0.0,0.0,0.0,0.0,0.0,0.0,0.0,0.0,0.0,0.0,0.0,0.0,0.0,0.0,0.0,0.0,0.0,0.0,0.0,0.0,0.0,0.0,0.0,0.0,0.0,0.0,0.0,0.0,0.0,0.0,0.0,0.0,0.0,0.0,0.0,0.0,0.0,0.0,0.0,0.0,0.0,0.0,0.0
114,3800,True,0.9977,0.9977,0.262435,0.797185,0.0,0.35125,0.767219,-0.026285,0.426702,0.71288,-0.055363,0.490884,0.692216,-0.086851,0.555844,0.683483,-0.119006,0.396856,0.520998,-0.048013,0.447274,0.549195,-0.096707,0.480485,0.563998,-0.132373,0.508951,0.572425,-0.155577,0.331269,0.513807,-0.059841,0.404999,0.659511,-0.117601,0.417666,0.745916,-0.139778,0.417508,0.784958,-0.148012,0.268443,0.550963,-0.075016,0.339777,0.701264,-0.127604,0.344311,0.764754,-0.1305,0.339623,0.784585,-0.123751,0.21109,0.610966,-0.093492,0.277249,0.719765,-0.129594,0.311828,0.777102,-0.129618,0.333727,0.802571,-0.121795
115,3833,True,0.9985,0.9985,0.271017,0.79674,0.0,0.366769,0.76182,-0.021732,0.443475,0.709907,-0.051906,0.505905,0.699029,-0.085695,0.57471,0.707983,-0.120702,0.406556,0.507455,-0.043538,0.429155,0.522321,-0.08926,0.453439,0.52344,-0.123314,0.483786,0.524204,-0.146831,0.341384,0.502462,-0.059396,0.42717,0.648721,-0.114059,0.442448,0.735972,-0.13578,0.446861,0.77642,-0.145295,0.278308,0.54387,-0.078386,0.359171,0.692851,-0.13222,0.370976,0.758068,-0.139771,0.37527,0.780553,-0.137038,0.221662,0.609931,-0.099935,0.289303,0.716074,-0.138678,0.328241,0.775932,-0.142768,0.357571,0.804799,-0.138721
116,3866,True,0.9985,0.9985,0.273623,0.764166,0.0,0.37399,0.739046,-0.025913,0.453258,0.697996,-0.059373,0.516747,0.692301,-0.09622,0.583955,0.694892,-0.133659,0.418355,0.49983,-0.052864,0.454091,0.518633,-0.10723,0.486138,0.521758,-0.143811,0.519302,0.517896,-0.167288,0.352867,0.492713,-0.069269,0.439817,0.64431,-0.131363,0.449291,0.741716,-0.148215,0.443274,0.77655,-0.151322,0.28916,0.534057,-0.089677,0.374428,0.692424,-0.151806,0.382905,0.767135,-0.148732,0.378531,0.783134,-0.134634,0.232607,0.5993,-0.112963,0.301464,0.710424,-0.154677,0.33416,0.7718,-0.150255,0.35179,0.792829,-0.13734
117,3900,True,0.9988,0.9988,0.278491,0.767039,0.0,0.375867,0.736179,-0.025962,0.452394,0.690759,-0.061638,0.515205,0.682577,-0.099929,0.58579,0.688463,-0.139341,0.417501,0.49917,-0.057677,0.453683,0.511329,-0.111719,0.490149,0.512539,-0.148801,0.527281,0.512345,-0.173628,0.353538,0.492368,-0.075177,0.447187,0.628652,-0.137355,0.459943,0.727789,-0.156043,0.456404,0.766888,-0.162,0.291764,0.531694,-0.096074,0.3798,0.680233,-0.15826,0.38946,0.755267,-0.158347,0.385239,0.772574,-0.148421,0.236207,0.594459,-0.119436,0.306719,0.697429,-0.161204,0.339237,0.761472,-0.157775,0.355291,0.787982,-0.147607
118,3933,True,0.9988,0.9988,0.287626,0.755713,0.0,0.380636,0.729567,-0.031732,0.454941,0.685991,-0.070145,0.517048,0.676236,-0.109764,0.587969,0.676484,-0.150381,0.424285,0.498076,-0.066651,0.462388,0.50971,-0.127884,0.503539,0.501723,-0.16988,0.547216,0.489112,-0.19795,0.35895,0.48475,-0.082848,0.447926,0.615416,-0.153893,0.463117,0.716052,-0.174714,0.461663,0.758128,-0.180403,0.294965,0.520684,-0.103249,0.37731,0.671746,-0.172698,0.390704,0.747342,-0.172447,0.389899,0.763114,-0.16064,0.237621,0.582742,-0.126495,0.299935,0.690048,-0.172638,0.329146,0.754218,-0.169629,0.341678,0.776705,-0.159058
119,3966,True,0.999,0.999,0.288857,0.749137,0.0,0.377978,0.722823,-0.030791,0.451703,0.677454,-0.0691,0.514218,0.668125,-0.109104,0.585657,0.670877,-0.150693,0.426152,0.49339,-0.070087,0.475836,0.492702,-0.131856,0.523189,0.473359,-0.174165,0.571215,0.450769,-0.203282,0.35898,0.475888,-0.087498,0.447396,0.602319,-0.160733,0.463202,0.704663,-0.181368,0.46263,0.749395,-0.187067,0.293219,0.511988,-0.108796,0.375759,0.661764,-0.18093,0.390105,0.738723,-0.179637,0.389511,0.755781,-0.16714,0.235526,0.57545,-0.132815,0.296634,0.678082,-0.181916,0.32591,0.743234,-0.178841,0.338166,0.765905,-0.168258
120,4000,True,0.999,0.999,0.295046,0.749634,0.0,0.379723,0.71892,-0.029479,0.450945,0.669724,-0.065644,0.512737,0.661341,-0.103985,0.58168,0.666434,-0.144031,0.425838,0.486357,-0.064285,0.477497,0.482162,-0.120798,0.523149,0.460099,-0.160884,0.568888,0.435862,-0.18896,0.35857,0.470077,-0.080968,0.444396,0.58987,-0.149805,0.461486,0.690793,-0.17023,0.46291,0.738902,-0.175946,0.293052,0.505676,-0.10118,0.375985,0.653535,-0.168088,0.38898,0.731795,-0.167494,0.38791,0.75473,-0.155893,0.236018,0.568771,-0.124348,0.299497,0.66786,-0.16967,0.332361,0.73609,-0.166504,0.349425,0.767005,-0.156028
121,4033,True,0.9989,0.9989,0.290951,0.749758,0.0,0.37774,0.719981,-0.027069,0.451431,0.670953,-0.062108,0.514702,0.65898,-0.09932,0.584029,0.658755,-0.138253,0.426484,0.487375,-0.06586,0.481826,0.471422,-0.121943,0.528053,0.445525,-0.160838,0.57277,0.418673,-0.187667,0.360147,0.469635,-0.082465,0.444587,0.589176,-0.148942,0.463992,0.689044,-0.166576,0.466836,0.738874,-0.170737,0.294498,0.506395,-0.102289,0.376825,0.651369,-0.166894,0.392169,0.726353,-0.164541,0.392572,0.750906,-0.152381,0.238332,0.570277,-0.124867,0.303505,0.667601,-0.169385,0.338392,0.734778,-0.165318,0.357122,0.766997,-0.154033
122,4066,True,0.9985,0.9985,0.293835,0.742653,0.0,0.381498,0.715872,-0.024432,0.456039,0.670407,-0.057161,0.518429,0.660026,-0.092397,0.584146,0.656747,-0.12987,0.430627,0.49079,-0.067082,0.48938,0.467324,-0.118872,0.534014,0.436874,-0.155346,0.575981,0.40436,-0.181814,0.364919,0.473102,-0.084287,0.445977,0.592667,-0.146422,0.472246,0.686558,-0.16439,0.481306,0.73584,-0.171549,0.299969,0.50983,-0.103823,0.380869,0.650428,-0.161679,0.401738,0.719595,-0.159866,0.406335,0.745432,-0.15173,0.244254,0.572895,-0.126279,0.309238,0.667161,-0.166909,0.34425,0.729646,-0.164074,0.363348,0.762722,-0.155977
123,4100,True,0.999,0.999,0.301563,0.739463,0.0,0.392547,0.713339,-0.023565,0.46859,0.67023,-0.056073,0.530612,0.659846,-0.091365,0.594231,0.656655,-0.128852,0.44328,0.488751,-0.064518,0.499311,0.463044,-0.115909,0.543269,0.431761,-0.153815,0.585146,0.399945,-0.181574,0.37899,0.475532,-0.082205,0.460708,0.593113,-0.143627,0.487687,0.681135,-0.163498,0.496113,0.727203,-0.172731,0.315858,0.515584,-0.102154,0.397271,0.651556,-0.155944,0.416807,0.714704,-0.153165,0.418594,0.737842,-0.146146,0.261236,0.581632,-0.125393,0.331887,0.679302,-0.161974,0.363587,0.733401,-0.158162,0.377075,0.756598,-0.150763
124,4133,True,0.9994,0.9994,0.32335,0.741155,0.0,0.412313,0.720874,-0.024877,0.486877,0.680376,-0.059036,0.545607,0.667555,-0.095769,0.606948,0.665893,-0.134634,0.459742,0.489903,-0.066802,0.513972,0.462465,-0.120066,0.559091,0.428815,-0.159699,0.600971,0.397622,-0.188895,0.395388,0.475885,-0.084463,0.474487,0.592724,-0.148594,0.501267,0.678226,-0.170986,0.509099,0.721852,-0.182453,0.333493,0.515952,-0.104495,0.412899,0.653325,-0.160405,0.430119,0.716618,-0.158866,0.430437,0.738413,-0.153223,0.279596,0.584314,-0.127813,0.349509,0.683164,-0.166175,0.379765,0.735598,-0.164152,0.392239,0.754945,-0.158662
125,4166,True,0.9995,0.9995,0.339152,0.74542,0.0,0.427508,0.726522,-0.023174,0.502101,0.688955,-0.056724,0.560991,0.679947,-0.093804,0.622126,0.67974,-0.132818,0.483252,0.502689,-0.061507,0.541006,0.467228,-0.113609,0.584933,0.428452,-0.150583,0.623807,0.391277,-0.17727,0.420207,0.48554,-0.079439,0.503781,0.599505,-0.141664,0.519863,0.689217,-0.160227,0.51639,0.728723,-0.167536,0.358519,0.524012,-0.099842,0.441315,0.658886,-0.156319,0.453015,0.725594,-0.152475,0.446457,0.745265,-0.143345,0.304074,0.590364,-0.123012,0.3765,0.68793,-0.160217,0.403301,0.74189,-0.154746,0.409564,0.758816,-0.145561
126,4200,True,0.9994,0.9994,0.343911,0.75262,0.0,0.437869,0.730491,-0.024858,0.515391,0.683764,-0.059318,0.580907,0.667154,-0.096532,0.649071,0.657028,-0.135127,0.494051,0.508332,-0.062977,0.549496,0.483141,-0.120756,0.596906,0.446012,-0.1615,0.639648,0.411105,-0.189823,0.434644,0.491429,-0.080898,0.526681,0.605732,-0.147397,0.536863,0.692969,-0.167593,0.528159,0.731228,-0.175139,0.37531,0.530525,-0.101808,0.464245,0.665963,-0.165766,0.474381,0.733094,-0.163058,0.468509,0.752369,-0.152731,0.322097,0.5967,-0.12509,0.394792,0.688639,-0.169046,0.421687,0.745933,-0.164145,0.429384,0.767528,-0.154077
127,4233,True,0.9996,0.9996,0.344043,0.755501,0.0,0.439781,0.730237,-0.01649,0.520846,0.686263,-0.048447,0.592052,0.675222,-0.084624,0.662738,0.667881,-0.122045,0.506315,0.518992,-0.057488,0.567265,0.486866,-0.112179,0.617325,0.445657,-0.14901,0.660342,0.408615,-0.173951,0.450287,0.50124,-0.077904,0.543993,0.626332,-0.137837,0.547512,0.7154,-0.150219,0.532965,0.751468,-0.15276,0.391832,0.539601,-0.100738,0.48433,0.682823,-0.160857,0.487951,0.750666,-0.152235,0.475862,0.767727,-0.137762,0.339566,0.604894,-0.125147,0.414681,0.702255,-0.165022,0.438466,0.76138,-0.154875,0.442948,0.783718,-0.140617
128,4266,True,0.9996,0.9996,0.347545,0.753541,0.0,0.444103,0.723103,-0.010949,0.524347,0.685559,-0.043324,0.588852,0.682326,-0.080657,0.656149,0.682402,-0.120058,0.514654,0.521146,-0.06298,0.579743,0.487545,-0.11823,0.631955,0.445971,-0.155795,0.675184,0.408833,-0.181279,0.457442,0.505873,-0.086079,0.5503,0.635576,-0.145313,0.554773,0.732396,-0.154605,0.539576,0.774269,-0.155251,0.397753,0.545428,-0.110428,0.491899,0.691369,-0.167662,0.495961,0.764809,-0.154297,0.480247,0.785752,-0.13709,0.345107,0.611692,-0.13597,0.42253,0.712449,-0.172469,0.4444,0.772606,-0.158124,0.444301,0.795115,-0.141171
129,4300,True,0.9996,0.9996,0.343965,0.754804,0.0,0.44182,0.725999,-0.012112,0.522629,0.691614,-0.046323,0.585525,0.688232,-0.085329,0.65329,0.689662,-0.126186,0.51756,0.528377,-0.068393,0.580379,0.492811,-0.128278,0.632362,0.450231,-0.167861,0.676396,0.411145,-0.194249,0.459987,0.509914,-0.092679,0.552531,0.630994,-0.157073,0.561063,0.735006,-0.166266,0.548365,0.782912,-0.164931,0.399293,0.547398,-0.118217,0.489986,0.693826,-0.179005,0.493492,0.773735,-0.162117,0.476072,0.795836,-0.140624,0.344175,0.611439,-0.14517,0.416234,0.715536,-0.182919,0.432672,0.774943,-0.165954,0.425971,0.791295,-0.14617
130,4333,True,0.9996,0.9996,0.3477,0.75542,0.0,0.443207,0.727728,-0.011094,0.522269,0.69137,-0.042586,0.585678,0.685595,-0.078843,0.652719,0.689216,-0.117196,0.515938,0.528574,-0.066543,0.574987,0.488343,-0.120531,0.62468,0.448583,-0.15621,0.666437,0.411912,-0.180237,0.452356,0.508144,-0.090038,0.542508,0.638013,-0.149254,0.547972,0.739795,-0.157515,0.531717,0.785415,-0.156687,0.385851,0.546161,-0.114104,0.472847,0.695258,-0.169708,0.472459,0.767115,-0.153485,0.449299,0.781244,-0.134177,0.326261,0.609188,-0.139414,0.395088,0.713233,-0.173696,0.407144,0.768253,-0.155937,0.391979,0.777658,-0.136577
131,4366,True,0.9994,0.9994,0.347676,0.754798,0.0,0.437382,0.729275,-0.01974,0.514794,0.689609,-0.052646,0.577111,0.681456,-0.088838,0.642378,0.679404,-0.127661,0.500844,0.525034,-0.070901,0.556329,0.486746,-0.124166,0.601321,0.445225,-0.161035,0.641641,0.405978,-0.187431,0.436487,0.507954,-0.091431,0.518538,0.626952,-0.151222,0.532811,0.714424,-0.166829,0.52959,0.75071,-0.173814,0.369184,0.545153,-0.11321,0.448291,0.687741,-0.171243,0.456452,0.755022,-0.16354,0.44677,0.769235,-0.152189,0.307559,0.606447,-0.136816,0.369362,0.705008,-0.174922,0.385857,0.765678,-0.163452,0.380996,0.785478,-0.150367
132,4400,True,0.9995,0.9995,0.350334,0.754304,0.0,0.432797,0.724021,-0.026706,0.506404,0.683981,-0.061965,0.565496,0.674575,-0.099004,0.629241,0.685836,-0.13852,0.485668,0.517459,-0.078779,0.536141,0.479929,-0.132651,0.577889,0.43836,-0.169284,0.615106,0.401323,-0.195613,0.416232,0.502657,-0.095354,0.4927,0.617267,-0.160475,0.514355,0.70587,-0.178058,0.516691,0.756881,-0.184709,0.349348,0.541822,-0.1137,0.4237,0.690078,-0.171256,0.440114,0.749021,-0.168173,0.438816,0.76942,-0.159675,0.291039,0.607619,-0.134932,0.354745,0.712781,-0.17167,0.381072,0.763919,-0.166933,0.389044,0.784055,-0.158978
133,4433,True,0.9984,0.9984,0.345206,0.759767,0.0,0.425306,0.733726,-0.032732,0.498109,0.690155,-0.070112,0.556469,0.676125,-0.108247,0.621826,0.682917,-0.148768,0.465174,0.510096,-0.080606,0.507231,0.480786,-0.137139,0.542645,0.441872,-0.176374,0.576306,0.404635,-0.204686,0.391989,0.496127,-0.095092,0.464292,0.617483,-0.162936,0.494282,0.711417,-0.182473,0.505131,0.763151,-0.190123,0.324362,0.539606,-0.112217,0.394515,0.688634,-0.173232,0.421765,0.755338,-0.171874,0.430817,0.781756,-0.163864,0.267487,0.610141,-0.132871,0.324543,0.717137,-0.172702,0.356052,0.77365,-0.169907,0.370635,0.797991,-0.162816
134,4466,True,0.9977,0.9977,0.33646,0.76553,0.0,0.417205,0.740977,-0.033739,0.490519,0.694561,-0.07188,0.550537,0.680229,-0.110973,0.620181,0.680634,-0.151631,0.45474,0.50781,-0.077514,0.49283,0.471762,-0.135721,0.520328,0.430463,-0.176582,0.547879,0.390123,-0.206653,0.380182,0.489351,-0.092671,0.456001,0.613978,-0.162151,0.483472,0.708886,-0.182409,0.493964,0.752284,-0.190514,0.311063,0.534014,-0.111091,0.387178,0.681785,-0.174086,0.418472,0.748866,-0.170692,0.43257,0.767882,-0.161256,0.25489,0.608314,-0.133376,0.313458,0.713671,-0.176344,0.345917,0.768215,-0.173217,0.362324,0.784244,-0.165181
135,4500,True,0.9978,0.9978,0.337496,0.768696,0.0,0.417286,0.746253,-0.036251,0.487982,0.698157,-0.075812,0.54934,0.680818,-0.115748,0.619218,0.67762,-0.156584,0.455446,0.508171,-0.080251,0.490579,0.460494,-0.139265,0.512706,0.407834,-0.179211,0.535509,0.353428,-0.208725,0.378098,0.485177,-0.094089,0.446585,0.600519,-0.164037,0.473421,0.698873,-0.180707,0.482928,0.739304,-0.185071,0.305647,0.526669,-0.111466,0.378871,0.677168,-0.174958,0.406155,0.745893,-0.167173,0.414296,0.756779,-0.153557,0.246877,0.597581,-0.133065,0.302171,0.705989,-0.175006,0.332933,0.765194,-0.168141,0.345039,0.778759,-0.156633
136,4533,True,0.9969,0.9969,0.342167,0.769451,0.0,0.425654,0.74707,-0.036509,0.495262,0.700319,-0.07524,0.553756,0.679796,-0.114851,0.620529,0.672914,-0.155114,0.459266,0.506221,-0.076618,0.495321,0.443396,-0.132531,0.517585,0.385383,-0.169823,0.538067,0.328129,-0.197325,0.381372,0.485238,-0.089271,0.443923,0.585989,-0.15666,0.478639,0.687162,-0.171304,0.49224,0.733701,-0.173237,0.309965,0.526658,-0.105297,0.381787,0.673035,-0.162384,0.408314,0.74016,-0.150937,0.411732,0.750902,-0.135036,0.251857,0.596515,-0.126226,0.309075,0.705021,-0.161957,0.337115,0.759471,-0.15225,0.341435,0.768815,-0.138701
137,4566,True,0.9975,0.9975,0.353717,0.765053,0.0,0.438918,0.741131,-0.035521,0.508348,0.69545,-0.074609,0.567822,0.679175,-0.115162,0.632309,0.671985,-0.156447,0.473143,0.501931,-0.07978,0.511582,0.423909,-0.134592,0.53702,0.36221,-0.170348,0.559947,0.303105,-0.196761,0.396284,0.483101,-0.092409,0.462274,0.588987,-0.157826,0.495521,0.683825,-0.171702,0.507638,0.726463,-0.174023,0.3267,0.526144,-0.107874,0.402553,0.67677,-0.159493,0.423349,0.735895,-0.145324,0.422015,0.740723,-0.129637,0.268861,0.596381,-0.128701,0.331547,0.709186,-0.160772,0.360768,0.759944,-0.148968,0.366154,0.767338,-0.134526
138,4600,True,0.9988,0.9988,0.361412,0.769087,0.0,0.451755,0.742648,-0.026235,0.526233,0.696467,-0.062279,0.588438,0.680524,-0.101936,0.652219,0.672601,-0.143161,0.489443,0.502101,-0.071941,0.528774,0.417133,-0.126343,0.560486,0.354928,-0.161733,0.589759,0.299863,-0.18704,0.418612,0.485538,-0.088387,0.497246,0.58738,-0.149621,0.521708,0.68325,-0.161527,0.524747,0.725102,-0.164426,0.35299,0.529953,-0.107281,0.434702,0.665946,-0.159962,0.452371,0.731763,-0.147984,0.447986,0.749036,-0.134459,0.297564,0.600504,-0.129937,0.364135,0.702577,-0.162925,0.393635,0.754802,-0.151899,0.399325,0.76791,-0.138819
139,4633,True,0.9985,0.9985,0.370931,0.777796,0.0,0.466947,0.752345,-0.024879,0.54417,0.711906,-0.06257,0.60622,0.695141,-0.103863,0.666643,0.683669,-0.146275,0.513664,0.522332,-0.073173,0.56022,0.44261,-0.132563,0.596112,0.379972,-0.171116,0.62729,0.325045,-0.197592,0.44609,0.502741,-0.090427,0.522524,0.594395,-0.153643,0.539018,0.68673,-0.164444,0.536214,0.721123,-0.165548,0.382978,0.542829,-0.110326,0.462881,0.678223,-0.165245,0.473809,0.737699,-0.151048,0.465318,0.742355,-0.135086,0.329786,0.609177,-0.133687,0.39537,0.710294,-0.168237,0.416034,0.758289,-0.155162,0.413893,0.762798,-0.140057
140,4666,True,0.9984,0.9984,0.375776,0.792,0.0,0.473106,0.771758,-0.015524,0.555463,0.72913,-0.046202,0.615875,0.711042,-0.081759,0.680846,0.703529,-0.118934,0.541405,0.545732,-0.058826,0.599958,0.473803,-0.111358,0.645007,0.414359,-0.148074,0.684735,0.366587,-0.17413,0.478829,0.52418,-0.079885,0.57699,0.62364,-0.139993,0.606367,0.715925,-0.154182,0.612163,0.767572,-0.158273,0.416499,0.559958,-0.102336,0.508728,0.695296,-0.149187,0.509288,0.75534,-0.13581,0.491131,0.76771,-0.12253,0.360929,0.62629,-0.128035,0.435027,0.732369,-0.155601,0.441841,0.77681,-0.141972,0.426473,0.779877,-0.128228
141,4700,True,0.9991,0.9991,0.370542,0.795886,0.0,0.47838,0.767347,-0.002708,0.570533,0.733207,-0.030803,0.63798,0.729752,-0.065976,0.701391,0.734542,-0.10339,0.566037,0.55134,-0.056197,0.640192,0.494722,-0.106885,0.694355,0.443023,-0.142149,0.739343,0.399577,-0.167844,0.505849,0.537491,-0.083796,0.612147,0.661862,-0.143203,0.626983,0.76169,-0.156758,0.616977,0.810022,-0.161415,0.44395,0.581239,-0.111028,0.550996,0.732453,-0.160687,0.553385,0.799916,-0.148527,0.531618,0.814598,-0.135276,0.390615,0.654975,-0.139497,0.480468,0.765041,-0.167707,0.489524,0.812345,-0.152948,0.471504,0.815977,-0.138597
142,4733,True,0.9988,0.9988,0.366805,0.808025,0.0,0.477878,0.782537,0.002491,0.574294,0.757443,-0.023509,0.643403,0.756696,-0.05799,0.706399,0.774168,-0.094711,0.590858,0.591776,-0.0542,0.675182,0.536857,-0.108078,0.740429,0.497488,-0.143401,0.792877,0.462136,-0.166671,0.533695,0.571799,-0.084317,0.63495,0.702098,-0.144482,0.635753,0.800202,-0.154077,0.613013,0.839022,-0.153472,0.471198,0.606532,-0.113789,0.568436,0.772064,-0.165849,0.563434,0.837447,-0.15163,0.537386,0.841898,-0.134053,0.414337,0.66954,-0.143819,0.497787,0.797956,-0.170045,0.503731,0.845592,-0.151095,0.484363,0.842711,-0.132251
143,4766,True,0.9988,0.9988,0.356148,0.823745,0.0,0.472304,0.809632,0.004815,0.570072,0.794397,-0.022719,0.640792,0.799405,-0.059117,0.7092,0.814132,-0.096889,0.608299,0.623242,-0.049329,0.694335,0.591601,-0.107099,0.762953,0.575486,-0.145161,0.817516,0.55923,-0.169092,0.554385,0.598948,-0.081256,0.647718,0.750888,-0.141871,0.624453,0.837477,-0.151283,0.590437,0.849825,-0.15069,0.488678,0.626045,-0.113412,0.570738,0.813808,-0.171544,0.549223,0.869481,-0.161099,0.521193,0.850229,-0.145123,0.424189,0.681793,-0.144944,0.4961,0.828034,-0.173769,0.491185,0.872057,-0.155695,0.468494,0.851217,-0.137918
144,4800,True,0.997,0.997,0.337598,0.819863,0.0,0.459414,0.809889,0.001956,0.562147,0.797382,-0.026493,0.638132,0.812966,-0.063256,0.707589,0.841018,-0.101362,0.609226,0.637357,-0.047821,0.694149,0.650911,-0.101813,0.76031,0.658626,-0.139306,0.817155,0.662591,-0.16441,0.556269,0.616291,-0.078998,0.633313,0.777359,-0.136013,0.60689,0.85769,-0.145226,0.577424,0.873959,-0.146464,0.490201,0.641943,-0.110688,0.559947,0.827703,-0.159895,0.533893,0.872818,-0.146626,0.507468,0.854941,-0.132251,0.424487,0.694218,-0.143309,0.487182,0.840552,-0.166962,0.477173,0.87678,-0.150171,0.45643,0.855167,-0.135407
145,4833,True,0.997,0.997,0.316545,0.807256,0.0,0.439464,0.798846,0.004605,0.546156,0.794358,-0.022297,0.624104,0.828146,-0.056731,0.696015,0.857856,-0.092996,0.592512,0.640926,-0.051072,0.68035,0.695814,-0.099349,0.744738,0.717201,-0.133985,0.802747,0.732017,-0.158905,0.537867,0.631649,-0.08315,0.609715,0.836027,-0.134778,0.579819,0.896413,-0.144186,0.556099,0.895064,-0.148725,0.468182,0.662825,-0.114444,0.530742,0.874288,-0.156353,0.504207,0.899409,-0.141395,0.484223,0.867315,-0.129078,0.397227,0.713922,-0.146739,0.450866,0.874782,-0.169267,0.442615,0.899414,-0.153344,0.427,0.869556,-0.139884
146,4866,True,0.9979,0.9979,0.303096,0.792906,0.0,0.423177,0.789839,-0.001959,0.525322,0.795511,-0.03443,0.601906,0.838867,-0.072513,0.676873,0.867167,-0.112519,0.564508,0.638867,-0.06569,0.655779,0.711622,-0.114159,0.716909,0.743073,-0.146086,0.77203,0.764126,-0.169159,0.507626,0.633343,-0.095957,0.587231,0.839883,-0.148074,0.565085,0.908051,-0.155052,0.548638,0.913458,-0.158128,0.438557,0.667884,-0.125282,0.507224,0.887554,-0.167254,0.485094,0.917962,-0.147648,0.466687,0.88667,-0.132357,0.369661,0.719931,-0.156121,0.426392,0.887826,-0.179905,0.422836,0.91604,-0.162493,0.411603,0.886019,-0.147817
147,4900,True,0.998,0.998,0.305349,0.809655,1e-06,0.425881,0.806083,-0.010823,0.534826,0.805621,-0.042483,0.616797,0.838205,-0.076953,0.691789,0.846022,-0.112959,0.545015,0.631105,-0.074822,0.618326,0.698615,-0.123288,0.67306,0.732521,-0.154429,0.720771,0.760826,-0.176285,0.481582,0.62084,-0.099094,0.551504,0.825669,-0.148297,0.54085,0.90059,-0.15311,0.53141,0.91777,-0.155515,0.407408,0.654695,-0.123302,0.469136,0.874106,-0.165111,0.461684,0.909082,-0.146436,0.45234,0.88628,-0.131815,0.335123,0.709208,-0.149643,0.391818,0.874021,-0.177733,0.407125,0.909916,-0.16412,0.40915,0.89439,-0.15126
148,4933,True,0.9995,0.9995,0.31093,0.817768,1e-06,0.426092,0.805522,-0.017001,0.53107,0.787968,-0.044684,0.61078,0.80636,-0.073833,0.680811,0.807538,-0.104529,0.524762,0.610898,-0.059557,0.579923,0.67408,-0.10755,0.636757,0.710476,-0.142947,0.687436,0.741546,-0.167849,0.457671,0.601998,-0.080024,0.527987,0.78065,-0.131901,0.531331,0.881685,-0.147226,0.526687,0.923628,-0.155344,0.383686,0.635069,-0.101918,0.445573,0.836525,-0.151054,0.4452,0.900443,-0.144952,0.434676,0.897251,-0.13572,0.313176,0.691391,-0.125742,0.370762,0.845085,-0.157384,0.383223,0.895899,-0.148876,0.377088,0.890011,-0.138703
149,4966,True,0.9997,0.9997,0.322389,0.8241,1e-06,0.42493,0.811468,-0.021283,0.526689,0.783586,-0.049794,0.607014,0.79331,-0.078901,0.677736,0.790244,-0.109527,0.51574,0.600588,-0.060185,0.569941,0.662679,-0.112415,0.626022,0.699412,-0.1523,0.67799,0.731644,-0.179999,0.44678,0.591514,-0.078286,0.521967,0.776319,-0.135664,0.528279,0.871496,-0.15503,0.524606,0.90609,-0.16566,0.373899,0.628158,-0.099039,0.439981,0.822147,-0.152447,0.447634,0.887645,-0.149904,0.446136,0.894839,-0.142679,0.306897,0.690384,-0.122167,0.365492,0.834007,-0.156568,0.385132,0.8863,-0.151659,0.389241,0.892915,-0.143972
150,5000,True,0.9995,0.9995,0.305295,0.822591,0.0,0.414357,0.802647,-0.011576,0.516169,0.777328,-0.036801,0.596687,0.797931,-0.066608,0.669075,0.823656,-0.098872,0.513517,0.597793,-0.043417,0.58413,0.669201,-0.092489,0.646843,0.698366,-0.13106,0.703587,0.721654,-0.158435,0.447991,0.589332,-0.065947,0.53563,0.788264,-0.120539,0.527556,0.870249,-0.139906,0.506953,0.886556,-0.149977,0.376878,0.628504,-0.090587,0.457071,0.832102,-0.140283,0.45131,0.881175,-0.138346,0.436054,0.86795,-0.131072,0.3091,0.690964,-0.117246,0.3812,0.841065,-0.14752,0.395938,0.879994,-0.141463,0.390997,0.869453,-0.132582
151,5033,True,0.9997,0.9997,0.30979,0.796544,1e-06,0.416053,0.780895,-0.015728,0.518651,0.76056,-0.04406,0.601979,0.786212,-0.075188,0.675019,0.809348,-0.108585,0.514234,0.591475,-0.054712,0.579802,0.650825,-0.104432,0.644778,0.680623,-0.142036,0.703532,0.705627,-0.168162,0.452377,0.585664,-0.075086,0.535518,0.770527,-0.128732,0.532397,0.854962,-0.144013,0.515843,0.87793,-0.151454,0.384559,0.62484,-0.097713,0.463056,0.819341,-0.14695,0.463047,0.873928,-0.141177,0.449067,0.868174,-0.131385,0.320182,0.686492,-0.122487,0.393607,0.830247,-0.150286,0.408538,0.873894,-0.139981,0.40078,0.868274,-0.128654
152,5066,True,0.9998,0.9998,0.319147,0.780011,1e-06,0.424355,0.768144,-0.01865,0.52474,0.751249,-0.047926,0.604826,0.776912,-0.078409,0.675073,0.795136,-0.110087,0.51501,0.58521,-0.060012,0.579488,0.635104,-0.110284,0.643746,0.661477,-0.148142,0.699048,0.682332,-0.174893,0.452856,0.578865,-0.079536,0.535827,0.746887,-0.133593,0.537167,0.837358,-0.147735,0.525118,0.865444,-0.154561,0.386799,0.618452,-0.101239,0.465669,0.806401,-0.149274,0.467968,0.865829,-0.138827,0.45456,0.860992,-0.126731,0.326071,0.681908,-0.125629,0.395766,0.819669,-0.15327,0.408239,0.862285,-0.140193,0.397278,0.853094,-0.127313
153,5100,True,0.9999,0.9999,0.32272,0.77736,1e-06,0.421888,0.765074,-0.018495,0.515975,0.747044,-0.048293,0.594199,0.766202,-0.07879,0.663316,0.774802,-0.11018,0.508508,0.573781,-0.060585,0.568765,0.614592,-0.111735,0.632578,0.637701,-0.148879,0.68746,0.658307,-0.17404,0.449374,0.566759,-0.078654,0.534221,0.726317,-0.134264,0.531716,0.821722,-0.146931,0.515002,0.859284,-0.150915,0.385273,0.607601,-0.098959,0.463519,0.79381,-0.150698,0.464747,0.853794,-0.143004,0.450995,0.853577,-0.131143,0.326553,0.67314,-0.121101,0.393443,0.813317,-0.150346,0.406231,0.854513,-0.139713,0.397769,0.843618,-0.128272
154,5133,True,0.9999,0.9999,0.323844,0.780843,1e-06,0.419503,0.762139,-0.016873,0.512459,0.73169,-0.043128,0.588708,0.739528,-0.070917,0.65637,0.744913,-0.099646,0.494334,0.562473,-0.052527,0.554628,0.59375,-0.101257,0.61625,0.615267,-0.138121,0.670607,0.635005,-0.163534,0.437078,0.555333,-0.069785,0.520054,0.720894,-0.121002,0.51528,0.800638,-0.135625,0.49968,0.822653,-0.142999,0.37456,0.59705,-0.089443,0.452454,0.7825,-0.139072,0.454174,0.831668,-0.134292,0.446398,0.824385,-0.125617,0.31619,0.664095,-0.110729,0.382354,0.795147,-0.141081,0.399313,0.83213,-0.132566,0.39812,0.825233,-0.122575
155,5166,True,0.9995,0.9995,0.305554,0.79349,0.0,0.398931,0.763671,-0.009756,0.490112,0.72281,-0.031221,0.560719,0.722881,-0.056012,0.623979,0.740857,-0.082457,0.470346,0.555613,-0.039996,0.516329,0.574776,-0.082249,0.563745,0.588593,-0.11481,0.607776,0.604309,-0.137257,0.412196,0.552777,-0.060099,0.496455,0.695521,-0.106455,0.498193,0.763574,-0.125615,0.489004,0.78484,-0.136131,0.351519,0.593982,-0.081383,0.429431,0.752456,-0.12899,0.437687,0.805089,-0.131921,0.43787,0.815023,-0.1275,0.294805,0.656896,-0.10355,0.363252,0.76674,-0.132969,0.389322,0.812601,-0.128107,0.403045,0.828526,-0.12013
156,5200,True,0.9997,0.9997,0.287212,0.76663,1e-06,0.380348,0.737359,-0.014874,0.468609,0.698059,-0.040819,0.541153,0.699389,-0.068368,0.609272,0.706181,-0.097993,0.449384,0.530635,-0.053057,0.49447,0.553702,-0.095891,0.543404,0.562413,-0.129777,0.592254,0.579072,-0.153816,0.39059,0.534814,-0.070282,0.48062,0.696515,-0.115049,0.506568,0.773144,-0.132278,0.522812,0.810583,-0.143595,0.330523,0.580934,-0.088527,0.409929,0.747967,-0.130272,0.414014,0.788406,-0.127474,0.410516,0.794611,-0.122488,0.275242,0.645924,-0.109009,0.345935,0.759693,-0.137379,0.378516,0.800702,-0.131151,0.398792,0.817395,-0.123055
157,5233,True,0.9997,0.9997,0.293026,0.775172,0.0,0.37822,0.742429,-0.017584,0.459718,0.694678,-0.044033,0.526254,0.690751,-0.071664,0.592124,0.704684,-0.100067,0.41977,0.526314,-0.05513,0.443263,0.525547,-0.099893,0.477841,0.532314,-0.133112,0.513913,0.545482,-0.156417,0.358538,0.525146,-0.071433,0.43908,0.670241,-0.122652,0.446024,0.751124,-0.139687,0.44252,0.787852,-0.147785,0.298257,0.568958,-0.089287,0.37392,0.734923,-0.136103,0.376705,0.780152,-0.133613,0.372088,0.783681,-0.126514,0.243218,0.633778,-0.109392,0.312203,0.750249,-0.139476,0.342577,0.793771,-0.13405,0.360968,0.806249,-0.125819
158,5266,True,0.9977,0.9977,0.270373,0.788801,0.0,0.363183,0.75378,-0.024572,0.441459,0.696011,-0.054287,0.506899,0.682764,-0.085592,0.577238,0.69005,-0.119269,0.392467,0.514042,-0.057039,0.440535,0.525066,-0.104358,0.485607,0.524278,-0.140635,0.53335,0.524485,-0.166482,0.32452,0.511957,-0.07157,0.407794,0.650217,-0.125076,0.425917,0.733177,-0.144234,0.42973,0.772769,-0.154047,0.261268,0.559657,-0.088809,0.337742,0.705723,-0.135876,0.352538,0.755866,-0.136506,0.354616,0.767698,-0.132709,0.206841,0.630731,-0.109543,0.276586,0.737078,-0.142308,0.312787,0.785157,-0.141275,0.334737,0.802223,-0.136178
159,5300,True,0.9937,0.9937,0.253226,0.781876,0.0,0.345127,0.749284,-0.02296,0.424053,0.691626,-0.050037,0.492086,0.680182,-0.07975,0.562485,0.68604,-0.111156,0.370249,0.521356,-0.053088,0.411286,0.520491,-0.096203,0.447493,0.51859,-0.128487,0.490542,0.517436,-0.15212,0.301631,0.511328,-0.066431,0.375871,0.660608,-0.115886,0.399143,0.739366,-0.132463,0.413035,0.773419,-0.141504,0.23688,0.552702,-0.082522,0.310403,0.714573,-0.124942,0.324488,0.764342,-0.12524,0.327813,0.771673,-0.122479,0.181836,0.617863,-0.102477,0.245153,0.737204,-0.13267,0.272005,0.785025,-0.132782,0.283981,0.796061,-0.129076
160,5333,True,0.9899,0.9899,0.252642,0.793998,0.0,0.341537,0.754812,-0.024542,0.416742,0.697797,-0.05302,0.481744,0.683501,-0.084051,0.546816,0.681349,-0.115363,0.358399,0.522445,-0.054669,0.380192,0.52642,-0.103177,0.41064,0.525206,-0.136647,0.452613,0.522702,-0.159275,0.285821,0.509086,-0.066415,0.352064,0.666472,-0.120088,0.378515,0.747529,-0.134634,0.397986,0.776925,-0.139882,0.219987,0.547879,-0.081573,0.290056,0.725185,-0.129241,0.309023,0.779543,-0.127521,0.318553,0.780706,-0.120209,0.166984,0.611791,-0.100632,0.224659,0.743616,-0.134031,0.243768,0.787663,-0.135044,0.247018,0.784029,-0.129726
161,5366,True,0.9946,0.9946,0.255223,0.788087,0.0,0.337295,0.752835,-0.026878,0.407398,0.70192,-0.058499,0.470882,0.689735,-0.092576,0.534142,0.688012,-0.125098,0.356247,0.518508,-0.059849,0.364155,0.521138,-0.113583,0.378123,0.520175,-0.147262,0.402507,0.510301,-0.169108,0.275891,0.503353,-0.072717,0.335603,0.673915,-0.133438,0.367775,0.756739,-0.146253,0.388839,0.77356,-0.147556,0.204194,0.545562,-0.089426,0.276012,0.736255,-0.142838,0.30431,0.791507,-0.134317,0.31781,0.783254,-0.119854,0.147348,0.613154,-0.110476,0.20482,0.751787,-0.14848,0.232784,0.799751,-0.145705,0.242931,0.792958,-0.134989
162,5400,True,0.9887,0.9887,0.255171,0.776998,0.0,0.334876,0.740169,-0.030008,0.403743,0.690699,-0.063397,0.470466,0.683129,-0.099076,0.536059,0.684212,-0.133734,0.352808,0.50841,-0.064382,0.364623,0.52271,-0.120819,0.37709,0.520594,-0.157002,0.397939,0.505807,-0.180822,0.271188,0.495775,-0.077347,0.33335,0.664095,-0.142721,0.372649,0.749337,-0.157108,0.399954,0.77731,-0.158605,0.200596,0.540653,-0.094526,0.27654,0.731927,-0.152655,0.311844,0.789803,-0.146451,0.332838,0.792889,-0.132088,0.145216,0.610862,-0.116505,0.209154,0.750496,-0.158531,0.247965,0.802833,-0.159085,0.271879,0.806265,-0.15022
163,5433,True,0.9784,0.9784,0.257755,0.786008,0.0,0.339639,0.7552,-0.030244,0.413915,0.702534,-0.062845,0.480077,0.685101,-0.097294,0.549552,0.683959,-0.130918,0.359172,0.520598,-0.06452,0.378317,0.523613,-0.11532,0.390127,0.503197,-0.147426,0.41041,0.468977,-0.168948,0.281744,0.499437,-0.073375,0.34193,0.659301,-0.127932,0.370556,0.738898,-0.136242,0.388947,0.756958,-0.134763,0.214003,0.534134,-0.085416,0.281531,0.719896,-0.130876,0.299364,0.775067,-0.118521,0.305433,0.770324,-0.102348,0.158079,0.593794,-0.102668,0.21416,0.732263,-0.132765,0.241738,0.78056,-0.126557,0.252273,0.779474,-0.114331
164,5466,True,0.9893,0.9893,0.268224,0.781164,0.0,0.358914,0.752506,-0.030862,0.433822,0.701617,-0.066379,0.501318,0.687248,-0.104749,0.573002,0.686036,-0.14325,0.384119,0.512117,-0.064381,0.408454,0.502995,-0.114633,0.429815,0.478673,-0.148537,0.457266,0.446525,-0.172244,0.30702,0.493261,-0.074686,0.371438,0.656194,-0.129451,0.394313,0.735133,-0.141007,0.402805,0.75592,-0.143162,0.239506,0.533132,-0.088282,0.310051,0.707522,-0.132852,0.324269,0.754138,-0.122563,0.322249,0.749209,-0.110136,0.184091,0.599573,-0.107125,0.249852,0.732086,-0.138657,0.278207,0.777343,-0.133674,0.285592,0.779667,-0.12334
165,5500,True,0.9973,0.9973,0.271709,0.791615,0.0,0.369559,0.756832,-0.026463,0.448782,0.703913,-0.059928,0.518972,0.689737,-0.09739,0.594186,0.69304,-0.135895,0.4042,0.519594,-0.055531,0.448326,0.500408,-0.10212,0.487305,0.471984,-0.138623,0.527828,0.446491,-0.165692,0.335171,0.511997,-0.071045,0.418326,0.665063,-0.129374,0.435841,0.74885,-0.148027,0.435234,0.78721,-0.154443,0.273812,0.560777,-0.089305,0.358972,0.719043,-0.135203,0.37038,0.765181,-0.128891,0.364483,0.773625,-0.119109,0.22307,0.633774,-0.112617,0.301049,0.749585,-0.145472,0.336536,0.793662,-0.140876,0.352923,0.805818,-0.131102
166,5533,True,0.9981,0.9981,0.285611,0.777698,0.0,0.381038,0.747752,-0.015674,0.463823,0.705916,-0.043854,0.533601,0.703599,-0.076438,0.605211,0.715683,-0.109268,0.425912,0.520264,-0.048907,0.451933,0.51628,-0.093796,0.479803,0.530905,-0.125131,0.508806,0.553576,-0.145752,0.364835,0.523586,-0.0683,0.447903,0.666019,-0.122625,0.482936,0.758236,-0.140652,0.501229,0.819253,-0.147282,0.305896,0.572326,-0.089634,0.386624,0.724711,-0.134436,0.407946,0.781272,-0.134162,0.41451,0.808057,-0.128156,0.254731,0.640977,-0.114072,0.319508,0.752846,-0.142137,0.348709,0.797058,-0.139709,0.36406,0.813699,-0.132865
167,5566,True,0.9984,0.9984,0.288897,0.794789,0.0,0.388395,0.768335,-0.020754,0.47446,0.735424,-0.051029,0.546203,0.736046,-0.083508,0.614448,0.746942,-0.116652,0.455134,0.543367,-0.051152,0.484998,0.572053,-0.101776,0.520029,0.586686,-0.138399,0.554636,0.601281,-0.161697,0.39067,0.546756,-0.06825,0.462372,0.684434,-0.128656,0.484552,0.785745,-0.14952,0.492471,0.850214,-0.155788,0.328329,0.59057,-0.087835,0.394134,0.742747,-0.141113,0.41371,0.816234,-0.142304,0.421251,0.855239,-0.133298,0.272285,0.654606,-0.110223,0.327918,0.767597,-0.139611,0.357447,0.823153,-0.135237,0.376991,0.849625,-0.125691
168,5600,True,0.9984,0.9984,0.277592,0.804915,0.0,0.38153,0.780687,-0.016113,0.473459,0.749725,-0.039734,0.545392,0.751806,-0.067018,0.603526,0.759775,-0.094611,0.464022,0.573926,-0.038508,0.494126,0.601251,-0.0832,0.531403,0.635691,-0.117403,0.56663,0.671124,-0.139212,0.403157,0.575679,-0.055154,0.462124,0.735443,-0.107144,0.471067,0.821126,-0.129266,0.468919,0.867774,-0.138557,0.340604,0.616035,-0.074099,0.399878,0.794135,-0.118219,0.403125,0.8486,-0.119337,0.396804,0.862023,-0.112753,0.280105,0.673001,-0.095898,0.332835,0.806041,-0.120302,0.351788,0.851686,-0.114276,0.359745,0.863076,-0.104227
169,5633,True,0.9922,0.9922,0.290557,0.835415,0.0,0.388382,0.822917,-0.019409,0.474647,0.787171,-0.042953,0.54098,0.780962,-0.067798,0.600625,0.77896,-0.0903,0.459423,0.595049,-0.045222,0.47273,0.63705,-0.08852,0.488657,0.681205,-0.117814,0.501789,0.715781,-0.135592,0.396993,0.593524,-0.057877,0.436232,0.763757,-0.099949,0.43949,0.814509,-0.115627,0.435233,0.823533,-0.125,0.33073,0.629944,-0.073437,0.368461,0.817396,-0.109206,0.371525,0.846969,-0.108385,0.369017,0.832936,-0.105057,0.264419,0.684534,-0.092176,0.295301,0.829073,-0.116013,0.304679,0.848981,-0.114923,0.305401,0.829342,-0.110206
170,5666,True,0.9903,0.9903,0.283145,0.851352,0.0,0.377051,0.82806,-0.028616,0.456606,0.794831,-0.058347,0.51992,0.79801,-0.08894,0.585457,0.819285,-0.11827,0.446923,0.6002,-0.051565,0.489892,0.707639,-0.105495,0.528046,0.77505,-0.143032,0.565607,0.824494,-0.16618,0.374597,0.59787,-0.063077,0.420169,0.779959,-0.116681,0.424375,0.85472,-0.134133,0.423135,0.877371,-0.141615,0.301711,0.635592,-0.078983,0.345341,0.832598,-0.126403,0.350205,0.875223,-0.124369,0.350608,0.858749,-0.115909,0.236285,0.690737,-0.098714,0.27237,0.842403,-0.12846,0.285835,0.871738,-0.124804,0.289037,0.848324,-0.116035
171,5700,True,0.9644,0.9644,0.296394,0.801581,0.0,0.377926,0.788316,-0.030454,0.447553,0.779277,-0.062743,0.504981,0.78984,-0.096093,0.562784,0.808616,-0.130231,0.428928,0.582356,-0.067259,0.473238,0.693043,-0.121556,0.510826,0.76299,-0.158225,0.55041,0.812307,-0.179934,0.349676,0.584473,-0.079186,0.390177,0.760012,-0.12945,0.41165,0.842138,-0.143174,0.427023,0.878878,-0.150127,0.274082,0.623318,-0.094605,0.313276,0.801195,-0.138486,0.335304,0.855106,-0.135009,0.34788,0.863678,-0.12772,0.211706,0.674835,-0.114154,0.241142,0.814106,-0.140978,0.264485,0.85769,-0.135885,0.276733,0.861295,-0.127324
172,5733,True,0.9532,0.9532,0.295792,0.788134,0.0,0.376687,0.772799,-0.028557,0.443423,0.758479,-0.058327,0.497526,0.757953,-0.089924,0.52235,0.75734,-0.122686,0.404751,0.549281,-0.062075,0.43035,0.621501,-0.110161,0.44326,0.653494,-0.141025,0.457463,0.662654,-0.160064,0.326003,0.553718,-0.074504,0.366207,0.717775,-0.120293,0.399054,0.801172,-0.133607,0.427582,0.836067,-0.141565,0.251983,0.594787,-0.090059,0.296942,0.763348,-0.13169,0.332527,0.82333,-0.131743,0.360111,0.838745,-0.129058,0.189445,0.653896,-0.10971,0.223747,0.785403,-0.135738,0.251407,0.839809,-0.133911,0.272795,0.856734,-0.129583
173,5766,True,0.9911,0.9911,0.265163,0.816554,-0.0,0.348204,0.789005,-0.028797,0.419053,0.737868,-0.061414,0.481942,0.71581,-0.096383,0.548839,0.70471,-0.129505,0.389456,0.531399,-0.05004,0.398617,0.558685,-0.096967,0.406348,0.562967,-0.127401,0.423693,0.554091,-0.148231,0.314498,0.521911,-0.062589,0.354794,0.679685,-0.11647,0.382962,0.762983,-0.129839,0.407178,0.792308,-0.133279,0.243159,0.560501,-0.079317,0.297019,0.735477,-0.123001,0.312511,0.791716,-0.113699,0.320366,0.79163,-0.102128,0.181802,0.621689,-0.101098,0.227012,0.756591,-0.129333,0.249436,0.804915,-0.124842,0.25764,0.799527,-0.115975
174,5800,True,0.9898,0.9898,0.277217,0.790167,0.0,0.360994,0.75573,-0.03288,0.4311,0.700257,-0.067579,0.492142,0.678643,-0.103667,0.56284,0.68149,-0.140437,0.386133,0.511508,-0.064332,0.409004,0.509795,-0.118853,0.43021,0.486417,-0.155547,0.460119,0.454961,-0.180774,0.308736,0.493769,-0.074811,0.362981,0.635553,-0.140851,0.391718,0.734727,-0.156965,0.409777,0.778603,-0.158956,0.237769,0.530936,-0.089177,0.298369,0.696675,-0.146381,0.319428,0.767109,-0.140228,0.326028,0.781325,-0.125903,0.179673,0.596812,-0.107873,0.230727,0.718067,-0.143964,0.256454,0.770925,-0.140956,0.262643,0.776581,-0.130954
175,5833,True,0.9922,0.9922,0.273735,0.775044,0.0,0.364328,0.745234,-0.027509,0.440122,0.691855,-0.05967,0.503737,0.674339,-0.095373,0.573063,0.66839,-0.131661,0.395918,0.504049,-0.06223,0.43461,0.476296,-0.114812,0.4641,0.439018,-0.150287,0.500533,0.397201,-0.175566,0.321446,0.481846,-0.075375,0.388993,0.636899,-0.138883,0.408209,0.721374,-0.153362,0.414927,0.749191,-0.155361,0.253795,0.522972,-0.091813,0.326606,0.696451,-0.145379,0.343055,0.753605,-0.137521,0.345076,0.758202,-0.123871,0.198535,0.593172,-0.112782,0.262795,0.724066,-0.148157,0.287049,0.772256,-0.144197,0.291983,0.774526,-0.133819
176,5866,True,0.9965,0.9965,0.284661,0.777648,0.0,0.377032,0.747229,-0.027071,0.455163,0.691745,-0.059567,0.521467,0.672008,-0.094672,0.593327,0.668531,-0.130494,0.409203,0.509058,-0.062801,0.448397,0.483412,-0.113205,0.483572,0.454522,-0.149594,0.522301,0.427776,-0.175926,0.340281,0.495244,-0.078356,0.426174,0.641086,-0.141901,0.450195,0.731038,-0.161023,0.458553,0.776555,-0.167477,0.27647,0.539211,-0.096657,0.361742,0.69745,-0.151802,0.382776,0.755883,-0.149971,0.390078,0.775375,-0.14152,0.223885,0.609499,-0.118986,0.295801,0.718238,-0.157246,0.327907,0.769607,-0.155506,0.343829,0.788703,-0.147718
177,5900,True,0.998,0.998,0.272486,0.786308,-0.0,0.37134,0.748267,-0.016531,0.45492,0.701419,-0.045404,0.525562,0.692018,-0.079273,0.598737,0.700068,-0.113567,0.422094,0.513784,-0.044071,0.448744,0.518535,-0.091658,0.470884,0.524891,-0.125241,0.493524,0.534361,-0.147205,0.358048,0.51501,-0.064061,0.439012,0.651595,-0.122987,0.464604,0.747933,-0.143367,0.471928,0.810344,-0.149576,0.297242,0.562054,-0.086598,0.374761,0.708314,-0.136709,0.395399,0.770383,-0.138558,0.401022,0.801525,-0.131651,0.24408,0.630302,-0.112116,0.310627,0.740216,-0.142588,0.34531,0.792988,-0.141158,0.36605,0.819235,-0.133956
178,5933,True,0.9962,0.9962,0.270245,0.788255,-0.0,0.369907,0.76346,-0.016316,0.460084,0.726249,-0.039143,0.532733,0.721418,-0.065725,0.589602,0.723716,-0.091982,0.437462,0.550948,-0.039594,0.455123,0.56595,-0.082153,0.47969,0.59232,-0.113964,0.504029,0.622845,-0.133355,0.377763,0.55299,-0.054298,0.43287,0.717009,-0.103286,0.448266,0.804023,-0.122396,0.45329,0.858554,-0.129202,0.31877,0.594619,-0.071041,0.377074,0.770181,-0.110188,0.37646,0.818265,-0.107481,0.367104,0.832813,-0.098893,0.262129,0.651203,-0.091177,0.314464,0.780667,-0.113707,0.334535,0.826826,-0.105999,0.345482,0.844169,-0.093926
179,5966,True,0.9892,0.9892,0.279682,0.824787,-0.0,0.374146,0.814142,-0.031343,0.456226,0.788112,-0.062597,0.523182,0.789235,-0.092832,0.582847,0.794788,-0.120964,0.444425,0.591668,-0.06352,0.467391,0.691677,-0.115959,0.485375,0.749805,-0.15086,0.502918,0.788096,-0.172372,0.377556,0.593403,-0.073212,0.417842,0.77536,-0.122573,0.412956,0.834654,-0.136698,0.404257,0.850903,-0.144569,0.30877,0.630088,-0.087022,0.344939,0.826899,-0.129424,0.337803,0.860325,-0.124503,0.329343,0.845995,-0.117253,0.243191,0.684336,-0.10515,0.26973,0.836055,-0.132466,0.269117,0.85724,-0.129332,0.262643,0.831054,-0.123097
180,6000,True,0.9818,0.9818,0.336862,0.677789,-0.0,0.266749,0.733467,-0.063321,0.218989,0.801209,-0.12601,0.203048,0.86203,-0.18408,0.207919,0.922056,-0.241835,0.243235,0.673148,-0.138188,0.226546,0.810814,-0.204031,0.237199,0.862107,-0.235988,0.262182,0.872508,-0.253901,0.292029,0.658048,-0.138091,0.29657,0.842742,-0.202847,0.31719,0.907262,-0.219276,0.347864,0.914819,-0.2302,0.350162,0.665889,-0.140544,0.373416,0.834796,-0.212669,0.400211,0.904583,-0.224108,0.427574,0.924996,-0.22352,0.40652,0.680356,-0.146916,0.457225,0.787978,-0.196622,0.498379,0.830922,-0.203694,0.541448,0.842699,-0.204158
181,6033,True,0.6722,0.6722,0.37947,0.704416,-1e-06,0.326818,0.761387,-0.041421,0.252123,0.819195,-0.07372,0.196924,0.863823,-0.095361,0.151336,0.865917,-0.112,0.250724,0.659238,-0.127227,0.228532,0.799427,-0.163403,0.262891,0.858549,-0.161912,0.289295,0.866651,-0.158134,0.279993,0.630416,-0.127499,0.286114,0.844852,-0.177182,0.323311,0.909452,-0.174112,0.351919,0.915148,-0.170195,0.315335,0.6421,-0.12661,0.325188,0.860137,-0.1767,0.339918,0.933186,-0.164136,0.348338,0.946984,-0.152368,0.346917,0.67115,-0.126512,0.328997,0.819362,-0.175899,0.326475,0.874401,-0.178141,0.323156,0.890121,-0.173839
182,6066,True,0.9987,0.9987,0.376501,0.724987,-1e-06,0.304694,0.77575,-0.049707,0.230854,0.809191,-0.084032,0.175393,0.840503,-0.111076,0.130254,0.871432,-0.133096,0.16111,0.671046,-0.091129,0.158858,0.816074,-0.145927,0.200384,0.875631,-0.169586,0.231036,0.890501,-0.180078,0.213021,0.622681,-0.092741,0.231686,0.807891,-0.147893,0.270496,0.87133,-0.162145,0.288701,0.884441,-0.166747,0.28408,0.604481,-0.098632,0.314793,0.784633,-0.153677,0.329233,0.857625,-0.151687,0.331184,0.882771,-0.143624,0.356917,0.604206,-0.107939,0.36841,0.733351,-0.154748,0.372033,0.798408,-0.15786,0.373736,0.82703,-0.151803
183,6100,True,0.9689,0.9689,0.25648,0.677913,-0.0,0.318348,0.683966,-0.070487,0.352994,0.699668,-0.128711,0.37673,0.752586,-0.173881,0.393722,0.78504,-0.215917,0.322003,0.557748,-0.162272,0.371087,0.622688,-0.222759,0.411228,0.664487,-0.243895,0.439576,0.678834,-0.252291,0.253014,0.577091,-0.151137,0.300721,0.738885,-0.209754,0.334049,0.832692,-0.209045,0.350173,0.873464,-0.203805,0.197452,0.630427,-0.140853,0.22832,0.80342,-0.189065,0.252608,0.857756,-0.166538,0.255162,0.854134,-0.146334,0.148597,0.700639,-0.135632,0.166934,0.83675,-0.172329,0.205054,0.885452,-0.154735,0.229564,0.884233,-0.134869
184,6133,True,0.9933,0.9933,0.240188,0.802716,-0.0,0.297986,0.777303,-0.045017,0.355236,0.73404,-0.083386,0.4077,0.717014,-0.120161,0.462852,0.718888,-0.154488,0.343368,0.529543,-0.068247,0.35561,0.530428,-0.126063,0.354762,0.556985,-0.160516,0.356162,0.583763,-0.178413,0.273845,0.515368,-0.069227,0.294168,0.652189,-0.13439,0.327593,0.757607,-0.148593,0.35466,0.819819,-0.145872,0.206442,0.548996,-0.076379,0.239087,0.711915,-0.130487,0.276752,0.786602,-0.124707,0.303257,0.821001,-0.108563,0.145391,0.604602,-0.088794,0.171662,0.731498,-0.123486,0.209007,0.790974,-0.120722,0.235309,0.810315,-0.108091
185,6166,True,0.9959,0.9959,0.248844,0.759263,0.0,0.320876,0.737994,-0.037692,0.38573,0.69087,-0.072172,0.447736,0.678591,-0.10706,0.512271,0.678806,-0.14205,0.348786,0.518103,-0.072333,0.363407,0.474299,-0.12892,0.363004,0.433174,-0.164917,0.365732,0.397337,-0.18759,0.268816,0.48875,-0.078735,0.303458,0.621129,-0.149149,0.338558,0.724679,-0.16242,0.363816,0.782117,-0.157974,0.196186,0.521158,-0.089275,0.241527,0.683899,-0.147343,0.275444,0.758366,-0.134745,0.297282,0.78862,-0.112574,0.13772,0.581318,-0.104872,0.172047,0.697963,-0.142765,0.203166,0.755261,-0.135755,0.223253,0.773704,-0.119134
186,6200,True,0.9896,0.9896,0.252963,0.757154,0.0,0.330958,0.724658,-0.033385,0.397384,0.665843,-0.06612,0.456786,0.641854,-0.100155,0.521261,0.63157,-0.135145,0.3517,0.500172,-0.077023,0.367581,0.434543,-0.129236,0.371863,0.374826,-0.161291,0.381739,0.317447,-0.18303,0.270713,0.475152,-0.085632,0.319725,0.602636,-0.152758,0.356456,0.699263,-0.16524,0.382909,0.749229,-0.162497,0.198064,0.511906,-0.096379,0.259055,0.667047,-0.156407,0.300388,0.744404,-0.147636,0.329279,0.780045,-0.128525,0.139683,0.575248,-0.111311,0.188669,0.682314,-0.153502,0.232977,0.74659,-0.148451,0.265152,0.778209,-0.133218
187,6233,True,0.9924,0.9924,0.255732,0.757413,0.0,0.337835,0.721363,-0.033412,0.405197,0.662116,-0.067414,0.46112,0.636625,-0.103239,0.522341,0.618837,-0.139696,0.359475,0.492068,-0.078915,0.374033,0.416437,-0.13494,0.379815,0.35022,-0.168714,0.389587,0.285977,-0.191663,0.278617,0.472031,-0.090145,0.331912,0.584644,-0.161075,0.370731,0.68099,-0.173286,0.394841,0.733376,-0.169182,0.209021,0.514707,-0.103826,0.275259,0.662964,-0.164872,0.31626,0.735051,-0.15164,0.341154,0.765655,-0.129129,0.153531,0.583273,-0.122298,0.211831,0.692095,-0.165213,0.259114,0.753179,-0.157505,0.290968,0.779262,-0.139806
188,6266,True,0.9922,0.9922,0.268652,0.750318,0.0,0.34528,0.717435,-0.037568,0.409588,0.662021,-0.074888,0.466659,0.641047,-0.112877,0.530002,0.629964,-0.151192,0.372108,0.490478,-0.089037,0.38638,0.421661,-0.149519,0.389154,0.357865,-0.185533,0.394676,0.293405,-0.210144,0.290446,0.468054,-0.099942,0.339358,0.598601,-0.174401,0.378753,0.689588,-0.187316,0.40474,0.730366,-0.18531,0.218882,0.511348,-0.113879,0.281916,0.675256,-0.181082,0.32507,0.748071,-0.170013,0.352352,0.775032,-0.149508,0.162084,0.581225,-0.132666,0.214059,0.697173,-0.181306,0.259845,0.760925,-0.176151,0.291953,0.787308,-0.160688
189,6300,True,0.9888,0.9888,0.263732,0.774771,-0.0,0.343494,0.744404,-0.029378,0.414926,0.686999,-0.059049,0.47452,0.660736,-0.090307,0.539371,0.652889,-0.122717,0.37302,0.519945,-0.072731,0.390209,0.462164,-0.118524,0.393474,0.405448,-0.146968,0.401759,0.34969,-0.167529,0.293531,0.492117,-0.083059,0.335083,0.619702,-0.144447,0.366549,0.710904,-0.156556,0.390013,0.761633,-0.155723,0.22144,0.525189,-0.094939,0.277299,0.683738,-0.146698,0.309506,0.751099,-0.138733,0.330023,0.780364,-0.12363,0.162069,0.584906,-0.111062,0.209952,0.698486,-0.144888,0.239404,0.754347,-0.139991,0.254778,0.775619,-0.128097
190,6333,True,0.9888,0.9888,0.25156,0.822208,-0.0,0.330215,0.788259,-0.033965,0.40462,0.724566,-0.064354,0.474223,0.702911,-0.096778,0.54085,0.709995,-0.127653,0.3677,0.526287,-0.051843,0.373315,0.507867,-0.106187,0.375477,0.527613,-0.140232,0.376721,0.549388,-0.158879,0.29417,0.514027,-0.059796,0.314376,0.620693,-0.121685,0.33224,0.727768,-0.138046,0.340253,0.789325,-0.137482,0.224118,0.548665,-0.072819,0.251985,0.695189,-0.121312,0.268907,0.771655,-0.115138,0.274305,0.796583,-0.100162,0.163264,0.604469,-0.091026,0.189345,0.727742,-0.116256,0.208301,0.783987,-0.109184,0.214626,0.791383,-0.096051
191,6366,True,0.9623,0.9623,0.252017,0.763241,-0.0,0.326229,0.759204,-0.036122,0.396694,0.758518,-0.073014,0.459155,0.77325,-0.110546,0.520304,0.790342,-0.146232,0.367163,0.552484,-0.072749,0.385366,0.725378,-0.129833,0.390092,0.808043,-0.167257,0.397282,0.838939,-0.188899,0.287229,0.560211,-0.081531,0.310917,0.791452,-0.123433,0.322773,0.845474,-0.133577,0.330578,0.843027,-0.141398,0.214914,0.597057,-0.094447,0.243245,0.822926,-0.125217,0.256978,0.858712,-0.114392,0.266211,0.833066,-0.106551,0.151828,0.646139,-0.113654,0.173048,0.821047,-0.129729,0.179304,0.864786,-0.11824,0.179523,0.853195,-0.107517
192,6400,True,0.9807,0.9807,0.261671,0.757769,-0.0,0.334879,0.760525,-0.043986,0.398473,0.78185,-0.091478,0.459099,0.828565,-0.139073,0.520739,0.878588,-0.185631,0.371273,0.603826,-0.103236,0.38125,0.766183,-0.180935,0.381782,0.856196,-0.229605,0.389443,0.90315,-0.255073,0.283264,0.607632,-0.111708,0.295865,0.836429,-0.174993,0.325543,0.910962,-0.187189,0.355384,0.930911,-0.194132,0.206783,0.641335,-0.125281,0.227828,0.867041,-0.173229,0.263143,0.921868,-0.163694,0.291898,0.922957,-0.153525,0.145237,0.686005,-0.145814,0.163086,0.856131,-0.169844,0.185906,0.89889,-0.161708,0.201609,0.895141,-0.15317
193,6433,True,0.9783,0.9783,0.261649,0.791513,-0.0,0.334952,0.802414,-0.045998,0.402788,0.820935,-0.090438,0.462675,0.853922,-0.134661,0.516321,0.888736,-0.176812,0.377199,0.626916,-0.095644,0.388182,0.792512,-0.168959,0.385856,0.892933,-0.21199,0.389514,0.943351,-0.233292,0.287865,0.623771,-0.103381,0.295685,0.859691,-0.163026,0.323913,0.948534,-0.173224,0.35286,0.968185,-0.178256,0.208703,0.657911,-0.11667,0.226114,0.885842,-0.166909,0.270475,0.953444,-0.158832,0.307883,0.959668,-0.148478,0.146006,0.70534,-0.136335,0.159157,0.866199,-0.162858,0.182143,0.92323,-0.153638,0.199188,0.932179,-0.143324
194,6466,True,0.9728,0.9728,0.265605,0.786607,-0.0,0.342231,0.787943,-0.035306,0.408279,0.804542,-0.071762,0.4685,0.836517,-0.109058,0.531679,0.872372,-0.145676,0.379712,0.612435,-0.082999,0.393277,0.779108,-0.145916,0.39638,0.867106,-0.185705,0.401327,0.914807,-0.206624,0.291922,0.61501,-0.091851,0.305646,0.842497,-0.138965,0.33647,0.911734,-0.148346,0.363545,0.933254,-0.156051,0.212533,0.650599,-0.104691,0.233472,0.87336,-0.140787,0.274512,0.924946,-0.134177,0.305999,0.93049,-0.128745,0.147885,0.698833,-0.123594,0.164371,0.866906,-0.142641,0.185204,0.910068,-0.136167,0.196304,0.910611,-0.130127
195,6500,True,0.9628,0.9628,0.263177,0.793208,-0.0,0.345853,0.792577,-0.036909,0.416858,0.796285,-0.074441,0.479655,0.806928,-0.112813,0.536843,0.831884,-0.150413,0.381582,0.580433,-0.075412,0.398995,0.730842,-0.135911,0.405295,0.810938,-0.174352,0.414902,0.848162,-0.195425,0.295336,0.585438,-0.085626,0.323808,0.799994,-0.134418,0.353402,0.875283,-0.146534,0.378436,0.899805,-0.154507,0.216837,0.625289,-0.100416,0.251016,0.841053,-0.140608,0.291387,0.894958,-0.138786,0.322551,0.900416,-0.135342,0.152649,0.680026,-0.120891,0.174442,0.844374,-0.144629,0.195535,0.896922,-0.141576,0.210527,0.906374,-0.136692
196,6533,True,0.9742,0.9742,0.260297,0.763679,-0.0,0.343064,0.766939,-0.038841,0.415396,0.768633,-0.078741,0.479513,0.77651,-0.119816,0.53865,0.790526,-0.160429,0.378262,0.550888,-0.077634,0.402426,0.688707,-0.13779,0.413059,0.768283,-0.176137,0.422158,0.800616,-0.19821,0.293642,0.555141,-0.089487,0.331412,0.761273,-0.141529,0.361869,0.842551,-0.156357,0.383678,0.867074,-0.165207,0.216372,0.598015,-0.105745,0.258225,0.804589,-0.150422,0.296691,0.862252,-0.149963,0.322796,0.867098,-0.146697,0.153223,0.658739,-0.127566,0.181194,0.822137,-0.158707,0.208333,0.886383,-0.157479,0.225903,0.907504,-0.152505
197,6566,True,0.9807,0.9807,0.263282,0.751368,-0.0,0.346999,0.749284,-0.042008,0.419468,0.745851,-0.082539,0.480553,0.75434,-0.123757,0.522529,0.773147,-0.164373,0.369454,0.532866,-0.077395,0.394241,0.661521,-0.13766,0.404729,0.741794,-0.173896,0.41377,0.771622,-0.193549,0.285389,0.540747,-0.087867,0.326609,0.740549,-0.14072,0.358309,0.823419,-0.155099,0.380936,0.842856,-0.162482,0.210685,0.585377,-0.103199,0.257149,0.784798,-0.153329,0.300963,0.848878,-0.154832,0.332489,0.855185,-0.150363,0.150629,0.646693,-0.123626,0.181919,0.797742,-0.156725,0.209543,0.868023,-0.154775,0.229905,0.895907,-0.148136
198,6600,True,0.975,0.975,0.263713,0.74816,-0.0,0.344251,0.736296,-0.041252,0.416735,0.728543,-0.080874,0.475456,0.74153,-0.120794,0.499318,0.771661,-0.160492,0.356514,0.518618,-0.073512,0.384703,0.649163,-0.129635,0.39334,0.727544,-0.16379,0.403868,0.753559,-0.18314,0.272913,0.530738,-0.082923,0.314688,0.733221,-0.132507,0.34706,0.814943,-0.146478,0.375217,0.833519,-0.154272,0.201016,0.578667,-0.096935,0.251217,0.778812,-0.145175,0.296738,0.840555,-0.148329,0.333636,0.847211,-0.145301,0.145645,0.642228,-0.115806,0.176261,0.787337,-0.147852,0.202643,0.858254,-0.146969,0.226912,0.887316,-0.141386
199,6633,True,0.9854,0.9854,0.253058,0.75543,-0.0,0.325928,0.74484,-0.04876,0.396273,0.736107,-0.095591,0.460341,0.748717,-0.142038,0.507865,0.780657,-0.186316,0.349266,0.521017,-0.08505,0.385673,0.650243,-0.148004,0.395301,0.722808,-0.183182,0.400806,0.742689,-0.203054,0.26787,0.528539,-0.092719,0.315204,0.740315,-0.150698,0.341192,0.825263,-0.162132,0.356091,0.832943,-0.165983,0.195982,0.576681,-0.105935,0.245346,0.782419,-0.158111,0.283889,0.846597,-0.151981,0.307386,0.841792,-0.141248,0.13781,0.642238,-0.125286,0.171317,0.794177,-0.159101,0.201116,0.857713,-0.154665,0.218711,0.866578,-0.145468
200,6666,True,0.9847,0.9847,0.256172,0.76912,-0.0,0.328018,0.760412,-0.048851,0.395573,0.748937,-0.093343,0.454191,0.757815,-0.137078,0.510435,0.771414,-0.177981,0.353334,0.52566,-0.082065,0.38606,0.641432,-0.146062,0.394402,0.708846,-0.181096,0.398983,0.725225,-0.199831,0.271493,0.527883,-0.088879,0.314885,0.735348,-0.146219,0.345062,0.820231,-0.156092,0.363537,0.825023,-0.158057,0.199289,0.573135,-0.101835,0.246786,0.78388,-0.155374,0.287264,0.84906,-0.147195,0.312686,0.842333,-0.133956,0.140813,0.636546,-0.120913,0.172831,0.794571,-0.157094,0.204902,0.864923,-0.151636,0.226546,0.879505,-0.140003
201,6700,True,0.9764,0.9764,0.248503,0.792038,-0.0,0.324951,0.781206,-0.042384,0.392388,0.754701,-0.081424,0.452925,0.752011,-0.121156,0.515562,0.755584,-0.15926,0.355717,0.524537,-0.064024,0.381677,0.609191,-0.122826,0.39218,0.647792,-0.160763,0.400985,0.656669,-0.183067,0.277948,0.522112,-0.072299,0.323109,0.716749,-0.127305,0.352208,0.798026,-0.140889,0.371993,0.816548,-0.145175,0.206344,0.565437,-0.086855,0.257365,0.767151,-0.134913,0.2886,0.824587,-0.12868,0.308719,0.819569,-0.118067,0.145095,0.628124,-0.107651,0.183458,0.781471,-0.139619,0.211783,0.845231,-0.135181,0.229752,0.85521,-0.1253
202,6733,True,0.973,0.973,0.254829,0.804745,-0.0,0.338213,0.785427,-0.03473,0.409737,0.746401,-0.068034,0.470393,0.735431,-0.103016,0.530439,0.739357,-0.136735,0.373451,0.526226,-0.053185,0.395961,0.580906,-0.103639,0.406405,0.595715,-0.13856,0.418038,0.59715,-0.160515,0.296216,0.514363,-0.061096,0.33534,0.691909,-0.111124,0.361943,0.766379,-0.126137,0.382661,0.791328,-0.13194,0.22429,0.549504,-0.074075,0.273066,0.742873,-0.114087,0.298171,0.795302,-0.111514,0.315217,0.794079,-0.104841,0.161687,0.605065,-0.092841,0.203951,0.754668,-0.116926,0.233361,0.804896,-0.11459,0.252223,0.804738,-0.107928
203,6766,True,0.9793,0.9793,0.246239,0.80377,-0.0,0.338371,0.771527,-0.027624,0.412164,0.725462,-0.059984,0.474826,0.707938,-0.095684,0.541523,0.707439,-0.131193,0.375885,0.513399,-0.04814,0.3864,0.535194,-0.096282,0.396748,0.537199,-0.129281,0.41814,0.535639,-0.150085,0.303176,0.499752,-0.059509,0.350749,0.651189,-0.117416,0.372175,0.740281,-0.137709,0.393168,0.788661,-0.143241,0.236015,0.533601,-0.07434,0.289314,0.698303,-0.125519,0.313307,0.769599,-0.129882,0.334611,0.80156,-0.123151,0.177349,0.590178,-0.093119,0.224417,0.713938,-0.126803,0.260755,0.776063,-0.129615,0.292035,0.801556,-0.123399
204,6800,True,0.9911,0.9911,0.261279,0.792316,0.0,0.349593,0.754638,-0.027149,0.419961,0.697243,-0.05766,0.48037,0.679607,-0.091025,0.549344,0.684646,-0.124749,0.379813,0.498538,-0.049273,0.402518,0.514946,-0.099376,0.427348,0.513889,-0.133209,0.464331,0.506477,-0.155596,0.30885,0.484574,-0.062253,0.37015,0.627322,-0.122305,0.397263,0.726212,-0.139842,0.420738,0.773886,-0.143778,0.241422,0.521803,-0.079255,0.306321,0.682414,-0.136723,0.332626,0.763379,-0.137878,0.352854,0.795139,-0.128072,0.183391,0.585283,-0.099787,0.235854,0.704732,-0.137933,0.272314,0.769605,-0.139101,0.299512,0.794368,-0.131724
205,6833,True,0.9936,0.9936,0.268503,0.776409,0.0,0.348813,0.739509,-0.029907,0.417057,0.680448,-0.061418,0.479771,0.66337,-0.094988,0.547438,0.662174,-0.128578,0.373186,0.491698,-0.054805,0.392876,0.495445,-0.108862,0.415648,0.486105,-0.143475,0.450165,0.468077,-0.165919,0.301248,0.478461,-0.067511,0.36786,0.613922,-0.130661,0.391959,0.711273,-0.146461,0.408819,0.749228,-0.148282,0.234038,0.519281,-0.084688,0.303656,0.676403,-0.146962,0.3316,0.754894,-0.144471,0.350493,0.777215,-0.130643,0.178351,0.586473,-0.10537,0.232872,0.699409,-0.147681,0.270643,0.763302,-0.146396,0.29613,0.784111,-0.135836
206,6866,True,0.9937,0.9937,0.254719,0.76256,0.0,0.334816,0.730541,-0.027758,0.405808,0.673211,-0.05683,0.468467,0.651011,-0.087872,0.530858,0.645506,-0.119216,0.349801,0.497665,-0.054062,0.362862,0.487637,-0.099096,0.380703,0.470255,-0.131608,0.407329,0.450188,-0.153838,0.27738,0.482373,-0.062719,0.329652,0.621384,-0.113241,0.359233,0.700073,-0.128232,0.38113,0.734171,-0.133443,0.212719,0.516517,-0.074239,0.273935,0.67074,-0.116483,0.301575,0.732458,-0.111057,0.317916,0.753074,-0.101695,0.16029,0.574717,-0.09032,0.212497,0.689947,-0.118177,0.243923,0.742182,-0.114061,0.261431,0.758282,-0.104991
207,6899,True,0.989,0.989,0.237916,0.775006,0.0,0.311363,0.740134,-0.033745,0.374894,0.677319,-0.06479,0.43791,0.650319,-0.097853,0.504637,0.645279,-0.127951,0.324166,0.504195,-0.050445,0.333354,0.451225,-0.09602,0.334808,0.446369,-0.120583,0.333373,0.441635,-0.134593,0.252764,0.483323,-0.055325,0.273309,0.603563,-0.098634,0.293649,0.676772,-0.10493,0.302229,0.677551,-0.103824,0.187309,0.514237,-0.065365,0.221316,0.666817,-0.103493,0.245647,0.720757,-0.092969,0.25502,0.709625,-0.080391,0.133685,0.564946,-0.08053,0.167837,0.683517,-0.104704,0.196794,0.729587,-0.097527,0.207944,0.726108,-0.085926
208,6933,True,0.9942,0.9942,0.21149,0.753665,-0.0,0.275042,0.724052,-0.036739,0.328268,0.666882,-0.067861,0.384717,0.650791,-0.098898,0.442723,0.642609,-0.127017,0.264073,0.509681,-0.062679,0.25535,0.461659,-0.110047,0.24132,0.466979,-0.138839,0.220852,0.46386,-0.157056,0.190616,0.497697,-0.067154,0.207595,0.629565,-0.111986,0.246691,0.713108,-0.121224,0.273206,0.725593,-0.124716,0.128786,0.535847,-0.076052,0.165327,0.703189,-0.113869,0.200376,0.760203,-0.103983,0.222255,0.752202,-0.094,0.083176,0.588163,-0.09066,0.118406,0.713593,-0.116696,0.157018,0.767981,-0.109115,0.178754,0.771162,-0.098459
209,6966,True,0.9912,0.9912,0.179484,0.756613,-0.0,0.241659,0.725748,-0.047726,0.291658,0.670738,-0.087309,0.344448,0.65419,-0.123517,0.403323,0.635132,-0.158316,0.226981,0.519571,-0.088363,0.198259,0.480726,-0.146096,0.1578,0.466433,-0.18304,0.114334,0.458841,-0.206156,0.143626,0.509005,-0.089014,0.139394,0.662512,-0.151634,0.186549,0.757093,-0.166003,0.227872,0.795258,-0.167889,0.078967,0.54874,-0.093925,0.106007,0.730142,-0.144066,0.169093,0.790129,-0.135185,0.219747,0.804605,-0.121019,0.033713,0.605991,-0.105193,0.065546,0.736516,-0.140715,0.11928,0.794195,-0.134751,0.16014,0.805298,-0.121732
210,7000,True,0.993,0.993,0.160342,0.74899,-0.0,0.219468,0.727479,-0.058063,0.266827,0.671957,-0.105319,0.31264,0.654857,-0.147181,0.370206,0.644663,-0.187408,0.199664,0.505192,-0.107493,0.139699,0.480522,-0.175652,0.087755,0.477693,-0.217898,0.040914,0.472249,-0.245091,0.10982,0.497962,-0.105609,0.1091,0.656062,-0.181011,0.172884,0.758716,-0.196969,0.227835,0.791839,-0.198451,0.040463,0.54441,-0.108317,0.073829,0.726938,-0.170524,0.1427,0.797001,-0.15889,0.195267,0.809131,-0.14126,-0.00861,0.608549,-0.117968,0.023455,0.744998,-0.165869,0.086143,0.807632,-0.162067,0.13263,0.813596,-0.148684
211,7033,True,0.9936,0.9936,0.159601,0.76056,-0.0,0.220944,0.731,-0.056576,0.269983,0.66756,-0.103658,0.31661,0.645453,-0.146078,0.375711,0.638193,-0.187024,0.197101,0.497994,-0.102856,0.141264,0.477938,-0.167523,0.083718,0.46926,-0.210026,0.031495,0.460999,-0.23876,0.107041,0.487091,-0.099554,0.112657,0.658313,-0.170267,0.177193,0.754588,-0.185356,0.231789,0.786021,-0.18671,0.037245,0.530437,-0.100341,0.075031,0.720281,-0.151734,0.139684,0.784759,-0.13471,0.18905,0.799152,-0.115334,-0.014711,0.593376,-0.109261,0.018836,0.729774,-0.149689,0.081141,0.787104,-0.143246,0.12761,0.794359,-0.128548
212,7066,True,0.9923,0.9923,0.182048,0.757226,-0.0,0.236212,0.724473,-0.053017,0.288144,0.661571,-0.097877,0.335614,0.634372,-0.139981,0.397166,0.619272,-0.179638,0.214302,0.490466,-0.086011,0.168944,0.461314,-0.144073,0.120275,0.450559,-0.18169,0.073399,0.431625,-0.206285,0.133792,0.488836,-0.083315,0.133101,0.647237,-0.143491,0.19276,0.725383,-0.154071,0.241763,0.731342,-0.154493,0.070586,0.532366,-0.085845,0.093867,0.700843,-0.132526,0.150642,0.758125,-0.116296,0.192378,0.756143,-0.097933,0.021799,0.587963,-0.096114,0.037824,0.697448,-0.127807,0.092369,0.742994,-0.117837,0.13466,0.738993,-0.102157
213,7100,True,0.9944,0.9944,0.19157,0.752375,-0.0,0.255377,0.721481,-0.046857,0.312597,0.662307,-0.088417,0.362651,0.632132,-0.129055,0.421789,0.612107,-0.167295,0.249343,0.489816,-0.077469,0.223666,0.456037,-0.136668,0.185403,0.439117,-0.172852,0.143729,0.420989,-0.194608,0.16479,0.479775,-0.078163,0.182371,0.619547,-0.140081,0.237041,0.705377,-0.147929,0.278627,0.724373,-0.143109,0.097013,0.51873,-0.084197,0.139876,0.678434,-0.135501,0.192344,0.743415,-0.117757,0.2276,0.749471,-0.094815,0.044063,0.575698,-0.096958,0.078913,0.688215,-0.129152,0.131166,0.737894,-0.1175,0.166739,0.738019,-0.099107
214,7133,True,0.995,0.995,0.215075,0.750309,-0.0,0.283605,0.716129,-0.038685,0.337011,0.65911,-0.072892,0.38616,0.631824,-0.107379,0.446441,0.610812,-0.139335,0.278673,0.486288,-0.064325,0.25987,0.450527,-0.115828,0.233337,0.429316,-0.147553,0.204935,0.408451,-0.167044,0.195058,0.471276,-0.067807,0.221562,0.60811,-0.126557,0.272388,0.687678,-0.136386,0.314029,0.716256,-0.132321,0.128291,0.511043,-0.075625,0.177559,0.674635,-0.125596,0.223101,0.728819,-0.113525,0.25639,0.732605,-0.093727,0.077761,0.56917,-0.089162,0.114124,0.68122,-0.12351,0.160899,0.722052,-0.116985,0.193643,0.719852,-0.101453
215,7166,True,0.9946,0.9946,0.234162,0.73542,-0.0,0.304605,0.704934,-0.039605,0.362848,0.652371,-0.074206,0.422314,0.630799,-0.110336,0.486253,0.6145,-0.143873,0.304115,0.475605,-0.065628,0.300119,0.436523,-0.119576,0.287385,0.423328,-0.151361,0.277732,0.41133,-0.169176,0.223474,0.461757,-0.068958,0.259693,0.615099,-0.130501,0.309883,0.684666,-0.141228,0.351734,0.711811,-0.13716,0.15639,0.504754,-0.077469,0.212934,0.677667,-0.129142,0.259341,0.726606,-0.119881,0.294853,0.735742,-0.101368,0.104472,0.567084,-0.092041,0.152559,0.694056,-0.129406,0.205946,0.737525,-0.127948,0.247847,0.744571,-0.114885
216,7200,True,0.9936,0.9936,0.244286,0.739587,-0.0,0.324192,0.713007,-0.033677,0.391701,0.661543,-0.064426,0.449881,0.641419,-0.097839,0.512389,0.62902,-0.129911,0.335118,0.489435,-0.060571,0.35053,0.433387,-0.109612,0.351222,0.405723,-0.138974,0.355622,0.391476,-0.155348,0.25618,0.472156,-0.065728,0.304586,0.609219,-0.122975,0.346593,0.685835,-0.134146,0.379013,0.729,-0.131509,0.189963,0.510381,-0.074846,0.247631,0.66548,-0.12298,0.286814,0.721126,-0.116192,0.314442,0.747764,-0.100906,0.136889,0.569853,-0.089145,0.186685,0.685486,-0.123903,0.23064,0.736679,-0.122079,0.263234,0.760801,-0.110021
217,7233,True,0.9928,0.9928,0.240398,0.746401,0.0,0.330601,0.721395,-0.022103,0.40785,0.674371,-0.049128,0.47265,0.65659,-0.080152,0.535705,0.642369,-0.112252,0.357354,0.50145,-0.056,0.392576,0.470425,-0.096834,0.413792,0.432038,-0.124323,0.436952,0.393363,-0.144075,0.283808,0.48237,-0.068508,0.352661,0.615986,-0.117635,0.384143,0.688983,-0.130928,0.402547,0.727542,-0.134329,0.220289,0.521484,-0.082333,0.291403,0.675173,-0.127382,0.320457,0.73137,-0.123926,0.337405,0.759487,-0.114349,0.168831,0.58438,-0.09978,0.234755,0.698264,-0.135815,0.284142,0.751208,-0.134905,0.320218,0.780171,-0.125873
218,7266,True,0.9966,0.9966,0.253064,0.752576,0.0,0.343186,0.732214,-0.027066,0.421072,0.688104,-0.058609,0.484916,0.671358,-0.092869,0.554061,0.670628,-0.128802,0.389136,0.513826,-0.065679,0.43161,0.480918,-0.112023,0.466255,0.444693,-0.145164,0.502332,0.411934,-0.16909,0.318791,0.495987,-0.080022,0.38855,0.629617,-0.141072,0.415046,0.71523,-0.159893,0.427951,0.767463,-0.165683,0.253573,0.534649,-0.096295,0.325673,0.685568,-0.149384,0.354178,0.744078,-0.150027,0.368379,0.775809,-0.142972,0.2,0.59828,-0.116425,0.266821,0.706803,-0.154685,0.30576,0.762863,-0.15521,0.33032,0.794757,-0.148647
219,7300,True,0.9977,0.9977,0.269919,0.744177,0.0,0.355244,0.725094,-0.02758,0.432731,0.684882,-0.061747,0.498968,0.680877,-0.098356,0.570282,0.699439,-0.136526,0.405934,0.514436,-0.066719,0.453443,0.48891,-0.118836,0.497298,0.460797,-0.155882,0.540662,0.440693,-0.181723,0.343384,0.504244,-0.082267,0.423112,0.638372,-0.148864,0.447605,0.732625,-0.167745,0.453325,0.792078,-0.172263,0.282531,0.545926,-0.100395,0.358476,0.696531,-0.156648,0.377524,0.759246,-0.153223,0.378187,0.788903,-0.142085,0.230212,0.612828,-0.122283,0.291474,0.722236,-0.15959,0.314661,0.767782,-0.156988,0.319753,0.782653,-0.148263
220,7333,True,0.999,0.999,0.268225,0.745454,0.0,0.357274,0.71442,-0.016682,0.436922,0.679754,-0.046719,0.505108,0.682258,-0.080428,0.573913,0.701512,-0.116927,0.429916,0.527512,-0.066129,0.490167,0.510256,-0.113757,0.535474,0.480544,-0.146826,0.578277,0.455324,-0.170262,0.370872,0.515725,-0.085117,0.449273,0.639969,-0.147048,0.485956,0.730358,-0.16598,0.505872,0.799043,-0.172048,0.312042,0.552489,-0.104473,0.383429,0.695875,-0.158137,0.410322,0.764599,-0.157916,0.42206,0.814127,-0.150066,0.260853,0.612916,-0.12627,0.323868,0.719007,-0.162667,0.358976,0.777492,-0.161463,0.381232,0.817793,-0.154341
221,7366,True,0.9996,0.9996,0.281391,0.739404,1e-06,0.370453,0.707747,-0.012233,0.456763,0.677633,-0.040234,0.526192,0.685856,-0.071822,0.589767,0.701166,-0.105878,0.450543,0.532498,-0.065828,0.512156,0.510238,-0.111998,0.562309,0.475619,-0.144611,0.606731,0.444958,-0.168349,0.393813,0.521263,-0.085732,0.484334,0.651019,-0.139128,0.524627,0.736334,-0.154877,0.547697,0.795491,-0.162538,0.336234,0.559575,-0.105209,0.416967,0.71356,-0.149534,0.427527,0.768142,-0.14145,0.425262,0.797312,-0.131903,0.285181,0.621558,-0.127118,0.355305,0.727161,-0.156761,0.389326,0.778422,-0.148154,0.408347,0.809035,-0.137828
222,7399,True,0.9997,0.9997,0.290307,0.742713,1e-06,0.381371,0.71514,-0.007684,0.472158,0.68281,-0.032591,0.542636,0.687282,-0.061317,0.60635,0.696186,-0.092851,0.468945,0.536216,-0.060583,0.52978,0.515424,-0.103215,0.577594,0.482567,-0.13362,0.620999,0.454001,-0.156114,0.414147,0.526367,-0.082004,0.504627,0.660787,-0.128737,0.532098,0.739844,-0.141552,0.546454,0.785882,-0.149317,0.35508,0.565965,-0.102632,0.44033,0.716994,-0.144533,0.443869,0.770287,-0.135037,0.435744,0.792463,-0.125636,0.302278,0.62879,-0.124874,0.375076,0.727209,-0.154007,0.403844,0.780548,-0.1438,0.416783,0.811481,-0.132744
223,7433,True,0.9998,0.9998,0.299864,0.741213,1e-06,0.393305,0.714555,-0.008203,0.480991,0.687458,-0.035724,0.549792,0.695787,-0.067811,0.6148,0.704605,-0.102214,0.487371,0.540043,-0.061686,0.553224,0.516313,-0.107922,0.6057,0.481376,-0.140975,0.649317,0.445942,-0.165228,0.430785,0.528112,-0.085157,0.51752,0.659823,-0.137022,0.540363,0.75405,-0.149177,0.543205,0.80746,-0.154473,0.36912,0.568615,-0.108143,0.457725,0.720539,-0.154402,0.463388,0.78913,-0.140632,0.449002,0.815308,-0.126169,0.31506,0.63299,-0.13274,0.392592,0.734768,-0.161712,0.417857,0.793723,-0.1466,0.421167,0.821804,-0.131181
224,7466,True,0.9998,0.9998,0.303266,0.749533,0.0,0.401349,0.725389,-0.005297,0.486898,0.700579,-0.035626,0.553013,0.704324,-0.071775,0.62102,0.714469,-0.110353,0.497879,0.550307,-0.060376,0.564125,0.518628,-0.109071,0.61842,0.482947,-0.141979,0.662093,0.450458,-0.164497,0.440888,0.534729,-0.085378,0.528682,0.666733,-0.136095,0.532277,0.756465,-0.143466,0.520105,0.793486,-0.144559,0.37984,0.571064,-0.1103,0.470305,0.719425,-0.159872,0.468812,0.789028,-0.145618,0.449945,0.808574,-0.129417,0.326219,0.631037,-0.13592,0.40617,0.734738,-0.166256,0.429229,0.797511,-0.150291,0.431589,0.825278,-0.133508
225,7500,True,0.9998,0.9998,0.308292,0.754621,0.0,0.406543,0.73285,-0.005384,0.492293,0.709536,-0.034717,0.559845,0.710324,-0.069449,0.627737,0.71351,-0.106095,0.507158,0.551807,-0.061375,0.575551,0.515802,-0.108603,0.630301,0.481836,-0.140091,0.672983,0.448992,-0.161801,0.451016,0.535487,-0.086216,0.539298,0.674186,-0.137092,0.541842,0.769001,-0.144302,0.526713,0.808778,-0.144927,0.390405,0.573027,-0.110733,0.480389,0.726815,-0.159053,0.481252,0.795964,-0.144316,0.462136,0.813497,-0.128096,0.33704,0.633501,-0.136007,0.415992,0.745275,-0.165406,0.438135,0.806884,-0.149271,0.43798,0.830895,-0.132325
226,7533,True,0.9997,0.9997,0.309189,0.759545,0.0,0.410115,0.739161,-0.008496,0.495158,0.717477,-0.039306,0.562753,0.717203,-0.07533,0.629961,0.719902,-0.112689,0.515898,0.553281,-0.060181,0.584057,0.521272,-0.106483,0.636495,0.487168,-0.137679,0.678854,0.455116,-0.159779,0.459991,0.538297,-0.084735,0.54784,0.67587,-0.137754,0.554805,0.774574,-0.148534,0.54484,0.820445,-0.151234,0.400044,0.574658,-0.109107,0.488786,0.727008,-0.157449,0.489938,0.800542,-0.145074,0.472304,0.822614,-0.130549,0.346578,0.633946,-0.134789,0.424893,0.751602,-0.163699,0.444793,0.813585,-0.149516,0.443326,0.836026,-0.134139
227,7566,True,0.9995,0.9995,0.318025,0.768746,0.0,0.420443,0.748501,-0.006779,0.507532,0.722654,-0.035513,0.575495,0.719188,-0.069368,0.644469,0.72047,-0.104718,0.523764,0.55369,-0.057422,0.59411,0.524849,-0.102546,0.646244,0.4886,-0.133436,0.688954,0.452779,-0.155976,0.469309,0.539395,-0.082844,0.561072,0.67722,-0.137472,0.563809,0.775745,-0.149957,0.548944,0.8218,-0.153525,0.4099,0.576694,-0.107761,0.499066,0.727876,-0.156924,0.497521,0.802353,-0.145854,0.47878,0.824669,-0.132199,0.355123,0.637633,-0.133869,0.431635,0.755433,-0.164412,0.451315,0.819204,-0.152294,0.450618,0.84344,-0.138409
228,7600,True,0.9995,0.9995,0.326356,0.774298,0.0,0.43157,0.752174,-0.002061,0.520645,0.725212,-0.02979,0.588984,0.722721,-0.06367,0.658291,0.727173,-0.099427,0.536428,0.558195,-0.053981,0.604547,0.526263,-0.099238,0.655838,0.488691,-0.130372,0.697291,0.450617,-0.152977,0.480809,0.5407,-0.081302,0.572849,0.681821,-0.133848,0.567296,0.777793,-0.143972,0.545093,0.813032,-0.146388,0.419133,0.576753,-0.107865,0.511294,0.729543,-0.156814,0.505937,0.801277,-0.14393,0.482379,0.815068,-0.129159,0.361471,0.63662,-0.134957,0.441227,0.753883,-0.164947,0.458732,0.81509,-0.150573,0.453138,0.831315,-0.135271
229,7633,True,0.9995,0.9995,0.328437,0.771211,0.0,0.435413,0.74993,-0.00067,0.526288,0.722374,-0.0293,0.596916,0.721197,-0.064701,0.666665,0.729118,-0.102101,0.538217,0.556223,-0.054936,0.610894,0.520655,-0.100098,0.664391,0.482845,-0.130481,0.70684,0.446456,-0.152515,0.483331,0.539663,-0.083549,0.579551,0.6793,-0.135645,0.572531,0.771032,-0.144732,0.550671,0.800351,-0.146699,0.423384,0.57665,-0.111201,0.519349,0.727906,-0.160308,0.511721,0.801252,-0.145983,0.488174,0.814979,-0.130231,0.368607,0.637549,-0.139227,0.450445,0.752212,-0.168714,0.465688,0.814076,-0.152743,0.458275,0.830554,-0.136378
230,7666,True,0.9994,0.9994,0.329451,0.773988,0.0,0.439109,0.753769,-0.000374,0.529769,0.727515,-0.029324,0.599414,0.725405,-0.064944,0.668457,0.726273,-0.102436,0.54169,0.558766,-0.055688,0.614224,0.520688,-0.102888,0.669209,0.482398,-0.133984,0.71225,0.44542,-0.155994,0.48752,0.543371,-0.084777,0.586746,0.672714,-0.137375,0.584193,0.768593,-0.145457,0.565884,0.801973,-0.146477,0.428023,0.579828,-0.113173,0.524557,0.730056,-0.162591,0.518742,0.804272,-0.147199,0.496922,0.817547,-0.130602,0.374,0.641256,-0.141953,0.454384,0.756009,-0.17031,0.469334,0.816587,-0.153168,0.461852,0.83016,-0.13625
231,7700,True,0.9994,0.9994,0.334303,0.778296,0.0,0.445217,0.758146,0.000511,0.536591,0.729798,-0.027842,0.607091,0.724725,-0.062959,0.67663,0.723751,-0.099627,0.547164,0.561337,-0.056367,0.620899,0.519858,-0.103829,0.674245,0.479024,-0.134012,0.715734,0.44077,-0.155189,0.4932,0.543465,-0.085577,0.58987,0.675041,-0.1383,0.583831,0.77182,-0.144296,0.564078,0.804835,-0.143635,0.433396,0.57834,-0.11411,0.528872,0.729189,-0.163704,0.521963,0.805697,-0.146304,0.499815,0.820716,-0.128221,0.378696,0.639268,-0.143019,0.458191,0.754399,-0.171624,0.474408,0.815453,-0.153602,0.468046,0.829995,-0.135789
232,7733,True,0.9993,0.9993,0.335881,0.780209,0.0,0.44647,0.758887,-0.000316,0.537708,0.730929,-0.02921,0.608118,0.726272,-0.064883,0.676868,0.728148,-0.101932,0.550522,0.56149,-0.056569,0.624347,0.515452,-0.104078,0.677996,0.474795,-0.134142,0.719844,0.437359,-0.155295,0.496117,0.544943,-0.085635,0.592479,0.670676,-0.140038,0.590196,0.770538,-0.147331,0.57273,0.807953,-0.147137,0.436449,0.579915,-0.114015,0.529791,0.729174,-0.164149,0.524119,0.807141,-0.147748,0.502647,0.823935,-0.130082,0.382371,0.64078,-0.142866,0.46063,0.757128,-0.170934,0.475042,0.817434,-0.153276,0.466942,0.829652,-0.135766
233,7766,True,0.9993,0.9993,0.333637,0.784895,0.0,0.444925,0.759477,0.003102,0.538103,0.730953,-0.024677,0.610999,0.728052,-0.059863,0.679425,0.733657,-0.096557,0.551493,0.560398,-0.055055,0.626826,0.520247,-0.103667,0.681345,0.47901,-0.1347,0.724306,0.440795,-0.156156,0.498551,0.543634,-0.08514,0.596853,0.676687,-0.139391,0.592027,0.775367,-0.145468,0.573279,0.812121,-0.144048,0.44014,0.579655,-0.11429,0.53336,0.736984,-0.164921,0.52516,0.812712,-0.148514,0.502614,0.82861,-0.130235,0.386873,0.641448,-0.143604,0.465242,0.764448,-0.171821,0.481298,0.82771,-0.154189,0.476075,0.84523,-0.136366
234,7800,True,0.9993,0.9993,0.337692,0.794367,0.0,0.447898,0.769787,-0.000499,0.540607,0.741405,-0.029402,0.612049,0.73547,-0.064948,0.680336,0.743258,-0.101328,0.559264,0.57234,-0.056954,0.633497,0.530303,-0.108036,0.688008,0.489729,-0.140181,0.732215,0.452833,-0.162214,0.504742,0.554248,-0.08672,0.604421,0.68501,-0.146687,0.596244,0.788061,-0.154514,0.574525,0.828829,-0.152338,0.444789,0.587952,-0.116144,0.539293,0.747217,-0.171515,0.531561,0.826205,-0.156319,0.509804,0.842565,-0.137116,0.389789,0.64943,-0.146024,0.469155,0.773518,-0.176781,0.487155,0.838296,-0.160069,0.483361,0.855992,-0.142126
235,7833,True,0.9993,0.9993,0.331173,0.810143,0.0,0.44558,0.782975,-0.000403,0.540094,0.755386,-0.026076,0.611288,0.750695,-0.058267,0.680753,0.763221,-0.090753,0.567267,0.589679,-0.04783,0.639081,0.561983,-0.097508,0.693055,0.530165,-0.129402,0.737145,0.497966,-0.150598,0.512621,0.572395,-0.076741,0.606193,0.711244,-0.134851,0.597177,0.813695,-0.143784,0.574099,0.852517,-0.141426,0.45094,0.605107,-0.105957,0.540983,0.772609,-0.162785,0.531196,0.847125,-0.151799,0.508174,0.856743,-0.133521,0.393234,0.665416,-0.135361,0.471605,0.79954,-0.166693,0.486801,0.86237,-0.151891,0.479933,0.874051,-0.134297
236,7866,True,0.9982,0.9982,0.306951,0.828299,0.0,0.431128,0.80578,0.013397,0.53654,0.782705,-0.006691,0.616696,0.791391,-0.03534,0.696492,0.808802,-0.064139,0.566011,0.618999,-0.030598,0.625496,0.607885,-0.071525,0.676324,0.61126,-0.098714,0.708893,0.618779,-0.116236,0.520247,0.603707,-0.061624,0.604315,0.781697,-0.107033,0.59595,0.873498,-0.115307,0.570049,0.902807,-0.116047,0.46047,0.635325,-0.091535,0.535399,0.825441,-0.133819,0.525241,0.881514,-0.123347,0.502367,0.878088,-0.109831,0.399906,0.688988,-0.12063,0.466695,0.838165,-0.142412,0.473473,0.884854,-0.127392,0.460652,0.877616,-0.111679
237,7899,True,0.9904,0.9904,0.30049,0.799026,0.0,0.420671,0.800852,0.008771,0.528235,0.812959,-0.012987,0.610549,0.838765,-0.043188,0.681337,0.852171,-0.073065,0.577762,0.677624,-0.044187,0.653079,0.708314,-0.086115,0.715385,0.72627,-0.107911,0.759055,0.744503,-0.121405,0.538889,0.654721,-0.073759,0.604871,0.874885,-0.116343,0.58128,0.928787,-0.1127,0.556209,0.926358,-0.105833,0.484028,0.676078,-0.103157,0.535212,0.909255,-0.139673,0.514437,0.923849,-0.117224,0.498563,0.894883,-0.097845,0.424812,0.717688,-0.133504,0.465361,0.898469,-0.155925,0.458718,0.911858,-0.141133,0.448921,0.882418,-0.125349
238,7933,True,0.9981,0.9981,0.310817,0.781915,0.0,0.425086,0.793916,0.003427,0.536784,0.822549,-0.019623,0.617557,0.875565,-0.047711,0.688435,0.915349,-0.078204,0.595482,0.698578,-0.061318,0.683196,0.774622,-0.105082,0.744175,0.817777,-0.131823,0.796306,0.849793,-0.149956,0.548616,0.680135,-0.088841,0.59969,0.902774,-0.13733,0.569605,0.986761,-0.142927,0.543851,1.013405,-0.143627,0.482338,0.702537,-0.11437,0.532725,0.927624,-0.163018,0.50739,0.985865,-0.15085,0.483888,0.995286,-0.136172,0.411114,0.745846,-0.139209,0.463286,0.922089,-0.173313,0.470257,0.997606,-0.16367,0.469352,1.030938,-0.150202
239,7966,True,0.9976,0.9976,0.319685,0.772293,0.0,0.425161,0.783721,0.001466,0.534102,0.81959,-0.027108,0.61534,0.884459,-0.059228,0.691966,0.923077,-0.093568,0.59251,0.712358,-0.07923,0.685484,0.788431,-0.128685,0.751849,0.828326,-0.156697,0.805332,0.858507,-0.17502,0.548657,0.698972,-0.106815,0.600818,0.930695,-0.158399,0.558035,0.996055,-0.158768,0.530784,1.008135,-0.156135,0.484837,0.722961,-0.132146,0.538325,0.95518,-0.183582,0.501083,0.990366,-0.165841,0.47443,0.981259,-0.148501,0.415711,0.764567,-0.156309,0.47012,0.94884,-0.194845,0.473698,1.022397,-0.184064,0.474743,1.054303,-0.170354
240,8000,True,0.9988,0.9988,0.328152,0.780761,1e-06,0.43698,0.788088,0.008435,0.545745,0.817425,-0.013518,0.623416,0.869754,-0.040151,0.696188,0.902552,-0.067759,0.600814,0.70348,-0.068736,0.691186,0.774288,-0.115582,0.756005,0.807595,-0.143093,0.809788,0.835446,-0.160758,0.552816,0.690572,-0.098692,0.612406,0.888701,-0.148085,0.597865,0.9881,-0.152622,0.57912,1.04209,-0.152582,0.487119,0.712613,-0.125593,0.541905,0.931505,-0.168899,0.521196,1.002777,-0.149626,0.497998,1.022989,-0.131073,0.419464,0.753558,-0.151969,0.475164,0.926901,-0.177127,0.475497,0.991688,-0.160397,0.466747,1.01088,-0.143715
241,8033,True,0.999,0.999,0.326953,0.780151,0.0,0.438275,0.790385,0.005116,0.544901,0.808034,-0.02298,0.624591,0.850051,-0.055133,0.703651,0.86882,-0.088659,0.594272,0.685562,-0.075973,0.683608,0.741371,-0.127311,0.750782,0.769307,-0.15847,0.805401,0.789031,-0.178511,0.545192,0.673435,-0.107261,0.616964,0.887989,-0.157718,0.596361,0.963258,-0.159484,0.575634,0.979817,-0.158457,0.47811,0.69802,-0.136454,0.547637,0.923497,-0.181358,0.531772,0.972232,-0.161443,0.51524,0.958493,-0.14435,0.408196,0.742933,-0.165061,0.472633,0.912931,-0.189314,0.476698,0.954923,-0.170094,0.470769,0.940744,-0.15402
242,8066,True,0.9989,0.9989,0.318837,0.778341,0.0,0.434937,0.785597,0.010878,0.542533,0.797555,-0.015129,0.62489,0.832291,-0.047532,0.699765,0.845814,-0.081665,0.581805,0.667411,-0.061581,0.667278,0.701781,-0.106837,0.730447,0.717408,-0.132621,0.779794,0.73112,-0.149108,0.535221,0.655268,-0.093437,0.613893,0.863072,-0.135801,0.587808,0.927001,-0.131699,0.567215,0.931111,-0.127384,0.47194,0.681439,-0.1234,0.546164,0.907547,-0.162502,0.527017,0.942014,-0.140344,0.510194,0.917829,-0.123221,0.405524,0.72897,-0.152442,0.471928,0.907342,-0.171734,0.470661,0.937692,-0.150879,0.461388,0.911576,-0.13493
243,8100,True,0.9993,0.9993,0.312009,0.781414,0.0,0.425478,0.77974,0.007796,0.532236,0.782282,-0.020613,0.616322,0.812964,-0.055033,0.692805,0.823735,-0.091305,0.565193,0.639659,-0.063012,0.650505,0.668091,-0.111222,0.71484,0.682773,-0.139365,0.764384,0.698781,-0.156983,0.518922,0.632464,-0.093876,0.605223,0.833551,-0.13902,0.582293,0.904994,-0.136509,0.562949,0.915671,-0.132741,0.457468,0.663994,-0.123371,0.539692,0.879637,-0.16544,0.521299,0.922006,-0.143929,0.50339,0.904436,-0.126495,0.393884,0.717304,-0.152072,0.465824,0.886707,-0.173106,0.467387,0.925795,-0.152304,0.460057,0.908015,-0.135906
244,8133,True,0.9994,0.9994,0.307402,0.785922,0.0,0.424382,0.785051,0.006643,0.531666,0.783505,-0.021828,0.615584,0.805551,-0.055911,0.693718,0.81528,-0.092375,0.555386,0.633756,-0.064801,0.638455,0.654491,-0.113312,0.703436,0.662978,-0.143649,0.756173,0.671918,-0.163669,0.506114,0.621543,-0.096083,0.592449,0.822067,-0.142106,0.568779,0.885236,-0.142526,0.546559,0.883879,-0.141106,0.441077,0.652998,-0.125676,0.525495,0.862309,-0.170026,0.508811,0.901929,-0.150532,0.489456,0.879305,-0.133972,0.37518,0.706012,-0.154421,0.448183,0.862659,-0.178783,0.459663,0.910444,-0.158787,0.456891,0.903733,-0.141943
245,8166,True,0.9993,0.9993,0.296146,0.783115,0.0,0.412729,0.771687,0.003133,0.520139,0.765158,-0.026899,0.605649,0.791041,-0.061933,0.686121,0.808997,-0.09947,0.540003,0.618169,-0.066884,0.620029,0.645251,-0.115154,0.682311,0.651589,-0.145999,0.732935,0.655808,-0.167629,0.48882,0.609137,-0.097877,0.579191,0.797795,-0.144949,0.566389,0.878456,-0.147354,0.550459,0.89462,-0.147925,0.423765,0.646169,-0.127442,0.51222,0.843175,-0.170941,0.50335,0.896697,-0.151118,0.486428,0.886643,-0.135228,0.359211,0.705384,-0.156923,0.434144,0.856377,-0.18166,0.447796,0.906618,-0.162418,0.443992,0.901142,-0.146613
246,8200,True,0.9992,0.9992,0.291308,0.784823,0.0,0.409344,0.772224,-0.001855,0.52117,0.759191,-0.028956,0.610265,0.778518,-0.060538,0.690349,0.792812,-0.094559,0.532798,0.61256,-0.060282,0.606972,0.640578,-0.105568,0.66742,0.643579,-0.136008,0.716301,0.641603,-0.158357,0.477767,0.602209,-0.088702,0.566953,0.785349,-0.13776,0.557408,0.870277,-0.146067,0.539905,0.888115,-0.149968,0.410697,0.637936,-0.116239,0.495211,0.835778,-0.16064,0.488517,0.893657,-0.145779,0.471896,0.883594,-0.132599,0.34465,0.69641,-0.144325,0.416751,0.847016,-0.170526,0.429787,0.89665,-0.155151,0.424019,0.888515,-0.141578
247,8233,True,0.9993,0.9993,0.28063,0.793583,1e-06,0.395428,0.776272,-0.005854,0.500839,0.757131,-0.032105,0.583284,0.767583,-0.06163,0.656622,0.774876,-0.092558,0.514517,0.597964,-0.056899,0.580718,0.618992,-0.10133,0.638759,0.618743,-0.13132,0.689228,0.621236,-0.15318,0.459112,0.586993,-0.082136,0.541213,0.753495,-0.129614,0.545285,0.845902,-0.140081,0.541871,0.885814,-0.14538,0.392709,0.62388,-0.10722,0.469981,0.817333,-0.15144,0.472704,0.881453,-0.140207,0.466367,0.889206,-0.129114,0.327518,0.685582,-0.133353,0.394083,0.832408,-0.159882,0.412629,0.888554,-0.147503,0.417246,0.896347,-0.135814
248,8266,True,0.999,0.999,0.261373,0.79139,1e-06,0.377493,0.764424,-0.000936,0.48612,0.739479,-0.022386,0.568653,0.750698,-0.048464,0.638277,0.762984,-0.076108,0.484477,0.584329,-0.048307,0.549433,0.60793,-0.088262,0.603842,0.61183,-0.115866,0.653638,0.616548,-0.135818,0.427958,0.578765,-0.073868,0.506243,0.737457,-0.117718,0.51959,0.828246,-0.129011,0.5245,0.871808,-0.134604,0.363338,0.618605,-0.098638,0.439658,0.801291,-0.138689,0.450488,0.868433,-0.129693,0.450126,0.885405,-0.119367,0.30117,0.682151,-0.12415,0.369123,0.819088,-0.145776,0.394137,0.871215,-0.13343,0.404153,0.883772,-0.121515
249,8300,True,0.9985,0.9985,0.259054,0.788626,1e-06,0.366971,0.75754,-0.005577,0.469,0.727564,-0.031019,0.547148,0.743289,-0.05987,0.615887,0.752757,-0.090438,0.459496,0.562189,-0.05606,0.515998,0.592782,-0.098681,0.56711,0.598216,-0.131482,0.614645,0.603609,-0.156394,0.400822,0.562575,-0.080365,0.480823,0.733287,-0.123708,0.503715,0.807611,-0.139051,0.518097,0.833888,-0.151214,0.336414,0.60925,-0.103955,0.415049,0.799517,-0.140603,0.425775,0.843957,-0.130613,0.425713,0.836963,-0.123412,0.2755,0.678012,-0.129351,0.344414,0.815886,-0.153605,0.373643,0.852013,-0.142959,0.386911,0.848158,-0.133506
250,8333,True,0.9986,0.9986,0.254238,0.800465,1e-06,0.354171,0.763501,-0.01103,0.45349,0.723168,-0.033293,0.531211,0.732461,-0.057583,0.598862,0.738969,-0.083024,0.41704,0.558042,-0.049551,0.455192,0.573603,-0.08806,0.498334,0.58435,-0.119866,0.540403,0.603658,-0.142948,0.357278,0.563126,-0.067262,0.429191,0.733238,-0.107871,0.450954,0.800234,-0.12453,0.462555,0.83019,-0.136405,0.295683,0.611637,-0.085213,0.366686,0.790098,-0.117926,0.375758,0.81752,-0.112388,0.375175,0.809355,-0.107904,0.238265,0.67773,-0.105782,0.306074,0.815129,-0.127633,0.339842,0.849351,-0.120952,0.360915,0.854874,-0.113589
251,8366,True,0.9971,0.9971,0.258251,0.842609,0.0,0.34574,0.810092,-0.022814,0.432168,0.753188,-0.050405,0.502878,0.734248,-0.076888,0.570456,0.729578,-0.103578,0.387988,0.574047,-0.066282,0.420877,0.567779,-0.110243,0.456846,0.56177,-0.142572,0.497632,0.566208,-0.166196,0.321707,0.557386,-0.077487,0.385235,0.71122,-0.126866,0.412684,0.803251,-0.140536,0.432873,0.860097,-0.148293,0.257108,0.593541,-0.09016,0.319901,0.77158,-0.129248,0.339031,0.821432,-0.125087,0.349039,0.836342,-0.121173,0.200279,0.656846,-0.106426,0.251711,0.793485,-0.134274,0.276527,0.83583,-0.133289,0.288984,0.843111,-0.129695
252,8400,True,0.9902,0.9902,0.250849,0.83329,0.0,0.337222,0.806452,-0.023354,0.415012,0.752646,-0.050216,0.478253,0.736102,-0.0792,0.54811,0.735018,-0.109438,0.373494,0.568485,-0.052601,0.397609,0.566945,-0.092881,0.42485,0.551352,-0.121888,0.46218,0.536728,-0.143736,0.298849,0.548858,-0.066121,0.350241,0.696075,-0.114107,0.383029,0.787744,-0.129022,0.41043,0.838027,-0.135109,0.227963,0.584303,-0.081712,0.27896,0.761671,-0.123545,0.307329,0.825394,-0.120352,0.331362,0.846797,-0.113792,0.167166,0.645249,-0.101369,0.210423,0.782616,-0.129824,0.242438,0.845228,-0.126651,0.26707,0.867168,-0.119336
253,8433,True,0.9743,0.9743,0.255719,0.81838,0.0,0.332781,0.791339,-0.030686,0.40096,0.743932,-0.063713,0.459133,0.731185,-0.098338,0.516089,0.718601,-0.133231,0.367542,0.547198,-0.062547,0.380516,0.561334,-0.112893,0.392777,0.55521,-0.145359,0.419616,0.53773,-0.168566,0.287905,0.532727,-0.075944,0.33453,0.687894,-0.136767,0.369737,0.789664,-0.153838,0.403865,0.835049,-0.159618,0.214092,0.572033,-0.092525,0.270033,0.753986,-0.149355,0.307351,0.829802,-0.147424,0.338916,0.852458,-0.138536,0.150754,0.636514,-0.113202,0.197357,0.774561,-0.153661,0.234391,0.843478,-0.154709,0.263087,0.863568,-0.148312
254,8466,True,0.9687,0.9687,0.252166,0.806658,0.0,0.328238,0.789904,-0.039192,0.395574,0.749453,-0.078445,0.455095,0.740151,-0.118341,0.526793,0.744374,-0.158502,0.368939,0.553402,-0.074284,0.386752,0.561301,-0.133039,0.39891,0.544802,-0.170428,0.42136,0.517544,-0.19589,0.286771,0.530451,-0.084899,0.335192,0.680576,-0.156537,0.37069,0.783513,-0.174489,0.399872,0.831828,-0.17714,0.211599,0.566364,-0.099762,0.268678,0.744589,-0.166803,0.307442,0.825084,-0.166204,0.335882,0.855014,-0.15407,0.148298,0.629361,-0.119242,0.201733,0.770896,-0.167344,0.244433,0.841786,-0.171564,0.275562,0.866558,-0.164953
255,8500,True,0.968,0.968,0.254987,0.835582,0.0,0.33702,0.815676,-0.032094,0.410547,0.76317,-0.065072,0.474347,0.738747,-0.10034,0.546486,0.730788,-0.134899,0.377985,0.555133,-0.055811,0.396091,0.551402,-0.10387,0.413642,0.530743,-0.135285,0.441994,0.505359,-0.157197,0.3019,0.525079,-0.06533,0.34032,0.675671,-0.126331,0.370241,0.771379,-0.143155,0.39649,0.821284,-0.145407,0.231201,0.550894,-0.078517,0.27696,0.736082,-0.12944,0.303994,0.805626,-0.127294,0.325002,0.82741,-0.117018,0.168224,0.603703,-0.096583,0.210646,0.751098,-0.129284,0.242008,0.814168,-0.129293,0.26309,0.829964,-0.12158
256,8533,True,0.9954,0.9954,0.258003,0.830196,0.0,0.350496,0.798949,-0.024104,0.429744,0.745981,-0.055804,0.49903,0.731878,-0.091935,0.571127,0.735521,-0.130172,0.393973,0.550643,-0.057488,0.441272,0.539202,-0.104945,0.48091,0.517797,-0.140608,0.5244,0.498994,-0.16575,0.320619,0.53256,-0.07256,0.396049,0.680693,-0.131703,0.434864,0.778133,-0.150861,0.461624,0.844853,-0.156673,0.253326,0.571819,-0.089803,0.327791,0.735551,-0.138583,0.354898,0.805733,-0.137489,0.369619,0.849098,-0.129852,0.197182,0.639562,-0.111405,0.265984,0.761088,-0.145091,0.306665,0.826922,-0.143575,0.333903,0.866016,-0.135659
257,8566,True,0.9976,0.9976,0.271932,0.808441,0.0,0.371885,0.785013,-0.021833,0.454401,0.743592,-0.054185,0.525818,0.743999,-0.091665,0.60255,0.75696,-0.131239,0.428044,0.552248,-0.051616,0.471095,0.551248,-0.100458,0.512789,0.538586,-0.138817,0.560039,0.532772,-0.166366,0.360353,0.545733,-0.070352,0.439991,0.691549,-0.132917,0.473752,0.793008,-0.154871,0.493477,0.862231,-0.162762,0.29423,0.588633,-0.091645,0.372066,0.746458,-0.142054,0.397237,0.822646,-0.139745,0.406552,0.869658,-0.130943,0.23807,0.657321,-0.117302,0.303377,0.77606,-0.149905,0.328992,0.833876,-0.146919,0.338206,0.863284,-0.13871
258,8600,True,0.9995,0.9995,0.277632,0.823416,0.0,0.38135,0.794849,-0.016274,0.473053,0.7552,-0.045514,0.547684,0.752073,-0.07866,0.619542,0.757437,-0.11328,0.460974,0.565343,-0.052718,0.493879,0.585113,-0.100767,0.525571,0.594357,-0.134191,0.561919,0.605992,-0.1566,0.394749,0.562969,-0.073195,0.471229,0.718012,-0.129362,0.498194,0.819526,-0.148346,0.516422,0.884797,-0.155385,0.327615,0.606819,-0.095292,0.400318,0.776904,-0.149375,0.423133,0.859376,-0.149317,0.436802,0.90653,-0.140142,0.267104,0.67361,-0.119583,0.326735,0.794406,-0.154528,0.3614,0.862623,-0.150315,0.387234,0.902018,-0.139791
259,8633,True,0.9997,0.9997,0.294271,0.829831,0.0,0.391901,0.810037,-0.015729,0.481575,0.772526,-0.043208,0.555703,0.772314,-0.073126,0.623901,0.777815,-0.103767,0.465578,0.575971,-0.05628,0.479663,0.589535,-0.100743,0.504579,0.608043,-0.130035,0.533226,0.631383,-0.150148,0.399387,0.569968,-0.074367,0.469211,0.751782,-0.126361,0.485446,0.854348,-0.143027,0.493351,0.910089,-0.150946,0.33182,0.61183,-0.093541,0.397678,0.804337,-0.143941,0.416164,0.877396,-0.143852,0.427863,0.909563,-0.137593,0.26844,0.675796,-0.114525,0.326227,0.815036,-0.149002,0.357988,0.883007,-0.146469,0.381821,0.916583,-0.138567
260,8666,True,0.9968,0.9968,0.270967,0.864063,0.0,0.377465,0.831326,-0.013579,0.471786,0.768893,-0.033851,0.54159,0.731551,-0.056145,0.603135,0.693784,-0.079536,0.448248,0.587912,-0.045444,0.476876,0.617482,-0.085924,0.50798,0.631121,-0.114752,0.545323,0.648427,-0.134754,0.380856,0.581161,-0.061673,0.449909,0.754876,-0.107888,0.476309,0.856293,-0.123614,0.496223,0.920064,-0.131358,0.31208,0.620086,-0.079146,0.376001,0.807517,-0.122539,0.39121,0.878973,-0.120612,0.398874,0.911103,-0.114143,0.24771,0.681924,-0.098783,0.297762,0.816476,-0.129037,0.318813,0.875876,-0.126204,0.328925,0.899066,-0.118409
261,8700,True,0.9927,0.9927,0.26835,0.874779,0.0,0.364678,0.847903,-0.023318,0.453196,0.787638,-0.045896,0.515559,0.743257,-0.06774,0.571436,0.702208,-0.090757,0.421904,0.595352,-0.055579,0.444888,0.622545,-0.097359,0.471904,0.630281,-0.12577,0.50409,0.638898,-0.144616,0.349966,0.58788,-0.066394,0.40782,0.744879,-0.114584,0.435627,0.846062,-0.130795,0.459707,0.91127,-0.137972,0.280337,0.627463,-0.078966,0.333318,0.800081,-0.124693,0.361713,0.872236,-0.126778,0.384898,0.913782,-0.122835,0.217874,0.689203,-0.094211,0.258682,0.818728,-0.128078,0.28721,0.878825,-0.13055,0.308896,0.909104,-0.126172
262,8733,True,0.9696,0.9696,0.272738,0.848403,0.0,0.359342,0.838565,-0.049264,0.42679,0.804068,-0.086239,0.482277,0.790664,-0.118785,0.556917,0.811466,-0.148036,0.400389,0.576678,-0.066959,0.396581,0.754979,-0.123781,0.399559,0.806768,-0.162253,0.414928,0.7893,-0.186623,0.318538,0.589186,-0.068082,0.334707,0.814808,-0.11137,0.357841,0.857216,-0.123151,0.378565,0.832145,-0.132492,0.245462,0.633147,-0.076208,0.26999,0.846627,-0.11856,0.302721,0.879894,-0.116393,0.329297,0.853334,-0.112181,0.18415,0.691082,-0.090354,0.205678,0.854636,-0.119794,0.229981,0.88671,-0.12112,0.251085,0.869924,-0.117862
263,8766,True,0.9487,0.9487,0.243086,0.868234,-0.0,0.330853,0.866178,-0.04443,0.399891,0.827845,-0.07767,0.45819,0.80629,-0.108732,0.524926,0.816607,-0.134605,0.364959,0.588127,-0.063834,0.371701,0.696739,-0.11732,0.368684,0.779889,-0.148049,0.372692,0.809799,-0.164953,0.285019,0.591677,-0.06688,0.294611,0.799469,-0.110741,0.32281,0.870153,-0.119489,0.347946,0.876139,-0.122959,0.211847,0.62988,-0.076206,0.2308,0.846054,-0.115748,0.271898,0.900985,-0.108807,0.304493,0.898381,-0.099193,0.146891,0.683098,-0.091803,0.167574,0.845184,-0.117741,0.194928,0.892223,-0.113454,0.217811,0.889369,-0.103634
264,8800,True,0.9887,0.9887,0.257494,0.806817,-1e-06,0.329735,0.807817,-0.046344,0.393816,0.808311,-0.089939,0.455744,0.835096,-0.133727,0.525599,0.866189,-0.174501,0.373538,0.604592,-0.087695,0.381922,0.769495,-0.166575,0.374301,0.879702,-0.214781,0.372769,0.934734,-0.238521,0.281987,0.598469,-0.095336,0.29495,0.830493,-0.156691,0.314848,0.928178,-0.167547,0.331898,0.948434,-0.170948,0.199835,0.63295,-0.109657,0.219665,0.857774,-0.161193,0.256047,0.936088,-0.148568,0.28188,0.944197,-0.132999,0.1312,0.685413,-0.130723,0.149435,0.848908,-0.159128,0.178933,0.9146,-0.147175,0.196664,0.925003,-0.132259
265,8833,True,0.9803,0.9803,0.267379,0.780273,-0.0,0.339111,0.795795,-0.049869,0.407863,0.815327,-0.097608,0.469815,0.855192,-0.144931,0.529659,0.893413,-0.190677,0.374341,0.617521,-0.102631,0.383936,0.792985,-0.181843,0.392768,0.900825,-0.230295,0.408637,0.951332,-0.254765,0.284416,0.615517,-0.109983,0.290375,0.850547,-0.171528,0.323995,0.939628,-0.183281,0.357072,0.954137,-0.189858,0.204947,0.648921,-0.123027,0.219927,0.872679,-0.173831,0.26536,0.949262,-0.16319,0.304433,0.961252,-0.150897,0.142476,0.694708,-0.143286,0.153049,0.853192,-0.16731,0.1802,0.920931,-0.153298,0.20204,0.941304,-0.139691
266,8866,True,0.9764,0.9764,0.292112,0.804315,-0.0,0.363601,0.825386,-0.059633,0.428066,0.856872,-0.114243,0.485488,0.888279,-0.165443,0.549535,0.900048,-0.21513,0.390848,0.637561,-0.117056,0.412557,0.821021,-0.195442,0.442281,0.915726,-0.248105,0.479605,0.952773,-0.278789,0.304555,0.641527,-0.120889,0.32826,0.865954,-0.178023,0.364589,0.922464,-0.193166,0.39742,0.920338,-0.206832,0.227245,0.680204,-0.130501,0.257419,0.894555,-0.17563,0.301171,0.937176,-0.168738,0.337141,0.928535,-0.164098,0.167852,0.731425,-0.148498,0.182863,0.886681,-0.172711,0.206392,0.924796,-0.164658,0.224507,0.921649,-0.15806
267,8900,True,0.9614,0.9614,0.349975,0.798747,-0.0,0.284248,0.834362,-0.062282,0.20762,0.867803,-0.116905,0.170128,0.886959,-0.16477,0.189152,0.881464,-0.207734,0.234046,0.680416,-0.121555,0.263352,0.86415,-0.181632,0.312517,0.93777,-0.208036,0.359772,0.952723,-0.221876,0.297534,0.657817,-0.120139,0.326939,0.865032,-0.178337,0.373517,0.938278,-0.190034,0.417499,0.952904,-0.197315,0.366381,0.663039,-0.122017,0.394456,0.843436,-0.185669,0.441781,0.910398,-0.189414,0.483687,0.933205,-0.185051,0.434156,0.687205,-0.128782,0.473882,0.794261,-0.171344,0.511033,0.844349,-0.171149,0.548841,0.860933,-0.165769
268,8933,True,0.9072,0.9072,0.408544,0.775178,-1e-06,0.311143,0.838449,-0.094434,0.225557,0.881939,-0.15277,0.194894,0.902386,-0.194271,0.212309,0.894945,-0.226647,0.294233,0.679379,-0.145042,0.338814,0.875286,-0.206331,0.368631,0.929989,-0.227514,0.393081,0.920629,-0.234974,0.374187,0.648571,-0.125554,0.413423,0.91129,-0.188966,0.424174,0.942889,-0.195355,0.428837,0.903308,-0.192366,0.44132,0.651341,-0.111706,0.466662,0.897262,-0.179027,0.466224,0.916886,-0.165452,0.470211,0.879637,-0.143144,0.492107,0.669582,-0.10624,0.522254,0.838506,-0.16095,0.54893,0.880255,-0.155622,0.582367,0.878722,-0.13841
269,8966,True,0.7676,0.7676,0.419149,0.765212,-0.0,0.325145,0.817238,-0.074942,0.237763,0.851948,-0.123417,0.209872,0.884988,-0.160674,0.225946,0.899402,-0.191689,0.31093,0.686351,-0.118016,0.353626,0.870684,-0.161955,0.364965,0.906285,-0.17533,0.375549,0.884248,-0.18141,0.39917,0.652705,-0.108055,0.439547,0.921072,-0.150179,0.435911,0.936479,-0.151375,0.435044,0.876656,-0.149388,0.470421,0.650578,-0.102406,0.494481,0.894023,-0.158423,0.477876,0.90079,-0.146234,0.471804,0.856007,-0.128728,0.519418,0.665763,-0.104343,0.56553,0.820866,-0.161816,0.604947,0.862467,-0.160075,0.649325,0.869147,-0.145828
270,9000,True,0.7624,0.7624,0.424846,0.788497,-1e-06,0.334846,0.837577,-0.072038,0.250686,0.870506,-0.119876,0.223649,0.902629,-0.156562,0.205897,0.897799,-0.185961,0.318721,0.662991,-0.116436,0.367434,0.841216,-0.158503,0.375661,0.900864,-0.16869,0.375539,0.897006,-0.172775,0.397035,0.629007,-0.107982,0.447889,0.884748,-0.153377,0.4358,0.928419,-0.155844,0.423846,0.900293,-0.153864,0.464154,0.63159,-0.103524,0.501932,0.869987,-0.161533,0.483272,0.902506,-0.150104,0.471203,0.876729,-0.133143,0.51487,0.654723,-0.106148,0.56393,0.81175,-0.165334,0.595154,0.868168,-0.165165,0.627792,0.882793,-0.152239
271,9033,True,0.8904,0.8904,0.418952,0.808376,-1e-06,0.335255,0.848794,-0.060247,0.253596,0.867237,-0.101101,0.21722,0.889697,-0.133604,0.206738,0.893391,-0.160881,0.285989,0.672808,-0.095372,0.34548,0.80322,-0.135333,0.373593,0.884368,-0.155086,0.391933,0.923766,-0.166133,0.369142,0.62809,-0.088839,0.423935,0.827546,-0.125413,0.433079,0.899308,-0.1386,0.438079,0.922875,-0.148197,0.444043,0.619314,-0.084946,0.48896,0.814311,-0.132608,0.492437,0.879174,-0.136309,0.496142,0.901346,-0.133457,0.503358,0.630817,-0.086239,0.545878,0.755483,-0.130782,0.579711,0.819799,-0.13366,0.612988,0.851389,-0.128005
272,9066,True,0.9807,0.9807,0.397369,0.786539,-1e-06,0.319011,0.829401,-0.058807,0.245187,0.856413,-0.099739,0.20715,0.879355,-0.13507,0.193708,0.879008,-0.166191,0.262229,0.664448,-0.085102,0.310657,0.755089,-0.134564,0.343527,0.840108,-0.166401,0.364887,0.899511,-0.18195,0.343305,0.608934,-0.079476,0.398599,0.757103,-0.124683,0.41521,0.845276,-0.150164,0.425311,0.899847,-0.164014,0.418593,0.587584,-0.077043,0.479146,0.735481,-0.13422,0.500874,0.813716,-0.14875,0.515588,0.863518,-0.147903,0.478915,0.592942,-0.07866,0.528806,0.672791,-0.127609,0.574136,0.732162,-0.133177,0.615607,0.773855,-0.126725
273,9100,True,0.9523,0.9523,0.385968,0.777819,-1e-06,0.314869,0.818624,-0.05887,0.252552,0.843212,-0.100163,0.228537,0.863192,-0.135038,0.21555,0.851225,-0.162795,0.277785,0.618726,-0.078422,0.315744,0.716196,-0.126168,0.343905,0.80571,-0.150819,0.355118,0.839337,-0.163472,0.344728,0.574498,-0.073882,0.38908,0.710788,-0.116006,0.402353,0.801581,-0.126156,0.398011,0.832558,-0.131546,0.4031,0.559455,-0.074537,0.438768,0.695423,-0.122011,0.447151,0.78478,-0.113431,0.442808,0.82011,-0.10173,0.447376,0.568538,-0.081093,0.48128,0.662963,-0.115223,0.483224,0.755259,-0.10495,0.47592,0.804973,-0.091617
274,9133,True,0.9821,0.9821,0.334628,0.779262,-0.0,0.398237,0.76649,-0.032963,0.463575,0.750111,-0.067391,0.519304,0.750204,-0.106452,0.561367,0.745741,-0.146087,0.446338,0.551448,-0.048479,0.493968,0.566255,-0.094693,0.500936,0.571071,-0.127451,0.505231,0.572098,-0.148206,0.38519,0.539578,-0.054837,0.45362,0.661677,-0.101324,0.455407,0.740294,-0.117659,0.452647,0.781473,-0.125009,0.327773,0.569731,-0.065567,0.381705,0.706939,-0.110224,0.394072,0.770566,-0.112456,0.400857,0.797332,-0.106654,0.266533,0.622105,-0.080482,0.304917,0.727544,-0.110691,0.32992,0.778134,-0.110063,0.348391,0.799864,-0.10351
275,9166,True,0.9987,0.9987,0.289664,0.760228,0.0,0.385068,0.733057,-0.020744,0.467322,0.699573,-0.053562,0.533582,0.695325,-0.090724,0.596854,0.703073,-0.131583,0.461102,0.525393,-0.059727,0.518682,0.527949,-0.114404,0.569201,0.506769,-0.155839,0.618898,0.484595,-0.18435,0.39968,0.506532,-0.077232,0.473171,0.644628,-0.143326,0.485027,0.736116,-0.16619,0.481512,0.792532,-0.1746,0.338329,0.541655,-0.097151,0.406741,0.683015,-0.158324,0.423805,0.754799,-0.16215,0.425919,0.797315,-0.15503,0.284155,0.604338,-0.119397,0.343604,0.70847,-0.16206,0.372681,0.769987,-0.164227,0.387532,0.805882,-0.158123
276,9200,True,0.9995,0.9995,0.314484,0.754694,1e-06,0.403015,0.728993,-0.015133,0.482221,0.692495,-0.044636,0.543517,0.680868,-0.078356,0.604481,0.686816,-0.115009,0.467933,0.51976,-0.055949,0.528523,0.502027,-0.10606,0.581163,0.471704,-0.142612,0.625602,0.444721,-0.16794,0.409211,0.503905,-0.076516,0.497729,0.609432,-0.136743,0.516862,0.70283,-0.15494,0.514731,0.759104,-0.16082,0.350937,0.537817,-0.098406,0.434154,0.66593,-0.15483,0.450313,0.741612,-0.152083,0.449282,0.781003,-0.141601,0.297632,0.598391,-0.121858,0.369224,0.688049,-0.158366,0.401943,0.749944,-0.152612,0.41753,0.787568,-0.142303
277,9233,True,0.9997,0.9997,0.327387,0.743568,1e-06,0.415947,0.720547,-0.013395,0.493761,0.68366,-0.04309,0.551643,0.673926,-0.077882,0.615266,0.67648,-0.115431,0.486479,0.514288,-0.058564,0.547231,0.482828,-0.109873,0.596812,0.443798,-0.145486,0.640062,0.407848,-0.170293,0.427985,0.496307,-0.080321,0.514331,0.608048,-0.140461,0.528102,0.698865,-0.156339,0.520807,0.749363,-0.160987,0.368529,0.533577,-0.103424,0.454673,0.665353,-0.161885,0.461414,0.737275,-0.158316,0.450151,0.770625,-0.14705,0.312792,0.59853,-0.127783,0.390933,0.691821,-0.16828,0.426209,0.754561,-0.163733,0.442332,0.791403,-0.153429
278,9266,True,0.9998,0.9998,0.330054,0.7421,0.0,0.417743,0.717482,-0.007995,0.495216,0.683265,-0.036441,0.553527,0.673426,-0.070585,0.615521,0.67252,-0.106864,0.494618,0.516009,-0.057151,0.561027,0.471056,-0.10776,0.610296,0.428327,-0.141005,0.651775,0.388529,-0.163107,0.440131,0.497082,-0.080184,0.527838,0.610303,-0.137312,0.538306,0.704288,-0.147626,0.527443,0.75284,-0.148083,0.383012,0.531716,-0.103997,0.473224,0.66574,-0.159148,0.478684,0.739504,-0.150431,0.464322,0.770069,-0.135672,0.330777,0.592911,-0.128625,0.409488,0.686075,-0.163579,0.438671,0.751121,-0.152864,0.446926,0.787314,-0.138194
279,9300,True,0.9997,0.9997,0.328673,0.746554,0.0,0.421619,0.720007,-0.003936,0.500454,0.685442,-0.030898,0.55924,0.67411,-0.064381,0.621531,0.671115,-0.099577,0.504592,0.521945,-0.052454,0.569935,0.470535,-0.101018,0.620774,0.426654,-0.132557,0.662034,0.388305,-0.152932,0.451074,0.503347,-0.076709,0.542535,0.614057,-0.130188,0.549151,0.705507,-0.138171,0.534218,0.751143,-0.137177,0.39509,0.536673,-0.101487,0.487269,0.669898,-0.153709,0.489305,0.742726,-0.143512,0.472568,0.770677,-0.127973,0.345477,0.595543,-0.126746,0.422898,0.689283,-0.157974,0.449343,0.75353,-0.144842,0.455725,0.788388,-0.128834
280,9333,True,0.9996,0.9996,0.32455,0.752728,0.0,0.420692,0.723322,-0.001991,0.502801,0.687183,-0.029547,0.567288,0.674734,-0.063954,0.6332,0.673462,-0.100073,0.507442,0.527468,-0.054204,0.574039,0.475165,-0.104105,0.62941,0.43195,-0.136034,0.673842,0.395177,-0.156246,0.455814,0.510764,-0.079218,0.54951,0.624723,-0.133452,0.550529,0.721594,-0.138976,0.53167,0.769692,-0.135685,0.400953,0.544413,-0.104355,0.493851,0.675988,-0.156251,0.490883,0.752347,-0.141834,0.471264,0.782445,-0.122974,0.35237,0.603483,-0.129827,0.428692,0.698405,-0.159003,0.450323,0.762985,-0.142522,0.452294,0.795752,-0.124081
281,9366,True,0.9996,0.9996,0.328566,0.761492,0.0,0.428212,0.733138,-0.006274,0.509614,0.701361,-0.037314,0.572609,0.690588,-0.074643,0.635765,0.70148,-0.113341,0.5231,0.540439,-0.059468,0.583845,0.495074,-0.110967,0.633839,0.450727,-0.145618,0.676557,0.413764,-0.16868,0.469903,0.519842,-0.084015,0.548551,0.647587,-0.13976,0.552164,0.745731,-0.147246,0.537144,0.79784,-0.146012,0.410632,0.552897,-0.108861,0.493367,0.697177,-0.159877,0.493901,0.772968,-0.145343,0.475992,0.803244,-0.127496,0.356218,0.612207,-0.134785,0.427812,0.719984,-0.162539,0.443629,0.780051,-0.145389,0.439137,0.805209,-0.127253
282,9400,True,0.9996,0.9996,0.34696,0.79031,0.0,0.44265,0.768463,-0.010993,0.524894,0.738885,-0.041113,0.585913,0.72798,-0.076619,0.6473,0.727078,-0.113081,0.536463,0.561126,-0.059386,0.591658,0.515254,-0.110713,0.641035,0.475149,-0.144855,0.682424,0.439826,-0.167738,0.478223,0.536757,-0.083278,0.549654,0.666641,-0.141589,0.550713,0.765734,-0.152144,0.532148,0.808178,-0.15219,0.413663,0.569927,-0.108129,0.488481,0.721675,-0.16635,0.493533,0.803602,-0.154567,0.47679,0.826247,-0.136624,0.353245,0.629655,-0.133882,0.419432,0.740461,-0.169692,0.436489,0.806166,-0.154495,0.431036,0.828919,-0.135899
283,9433,True,0.9995,0.9995,0.337693,0.803719,0.0,0.436851,0.782803,-0.014245,0.524149,0.753705,-0.045622,0.590423,0.7454,-0.082307,0.657535,0.752463,-0.119929,0.539022,0.582439,-0.062838,0.596808,0.541421,-0.117617,0.644559,0.494414,-0.153137,0.68485,0.451862,-0.17717,0.478799,0.549919,-0.086123,0.549605,0.691696,-0.148636,0.556546,0.794339,-0.158241,0.545026,0.844332,-0.156426,0.412247,0.579507,-0.111123,0.483045,0.750528,-0.172332,0.487645,0.830921,-0.158016,0.474389,0.858479,-0.136962,0.350395,0.63827,-0.13816,0.412332,0.764291,-0.178669,0.433925,0.831252,-0.165885,0.437502,0.859526,-0.147232
284,9466,True,0.9996,0.9996,0.333798,0.799892,0.0,0.437294,0.779856,-0.00883,0.527708,0.752507,-0.038306,0.595392,0.750024,-0.073801,0.664756,0.763599,-0.111155,0.541257,0.582907,-0.060236,0.599189,0.540268,-0.113715,0.648566,0.497084,-0.149884,0.690694,0.456305,-0.174849,0.478177,0.553364,-0.085962,0.554722,0.698688,-0.145914,0.559456,0.799707,-0.156986,0.545882,0.844909,-0.157967,0.409272,0.585896,-0.112501,0.48455,0.753655,-0.171298,0.489365,0.832739,-0.158645,0.475465,0.856789,-0.140335,0.347032,0.64387,-0.140247,0.412756,0.766187,-0.176948,0.432224,0.831338,-0.162372,0.432238,0.855819,-0.144176
285,9500,True,0.9996,0.9996,0.337334,0.799029,0.0,0.440272,0.77765,-0.010269,0.528345,0.748055,-0.040238,0.596709,0.740839,-0.075681,0.665522,0.738289,-0.112632,0.543574,0.573368,-0.060732,0.60469,0.530786,-0.109866,0.65245,0.487516,-0.143586,0.691845,0.445799,-0.167499,0.480202,0.547587,-0.085233,0.55693,0.685462,-0.142027,0.56053,0.778483,-0.155434,0.544653,0.816772,-0.15948,0.412825,0.580379,-0.110088,0.490022,0.740995,-0.163706,0.494076,0.814806,-0.154092,0.476796,0.834985,-0.140312,0.351165,0.637954,-0.136472,0.421792,0.760467,-0.170054,0.442551,0.825976,-0.158219,0.440723,0.850857,-0.143529
286,9533,True,0.9994,0.9994,0.338951,0.786904,0.0,0.441765,0.763034,-0.009471,0.529001,0.732355,-0.039488,0.598351,0.725433,-0.075127,0.669581,0.718404,-0.112399,0.54464,0.555373,-0.059295,0.607499,0.51177,-0.107554,0.65776,0.472054,-0.140181,0.697965,0.432511,-0.163395,0.482939,0.537149,-0.084252,0.564782,0.665454,-0.140482,0.570323,0.768546,-0.152763,0.554489,0.813256,-0.156104,0.417144,0.574728,-0.109564,0.499616,0.725705,-0.162679,0.503072,0.803192,-0.152069,0.482789,0.821979,-0.137887,0.357333,0.635781,-0.136123,0.432635,0.749689,-0.168347,0.450508,0.810646,-0.155242,0.441573,0.826431,-0.14028
287,9566,True,0.9995,0.9995,0.337127,0.79053,0.0,0.442015,0.762967,-0.006563,0.528539,0.728745,-0.037389,0.596954,0.717681,-0.074191,0.665654,0.712731,-0.111939,0.54152,0.552319,-0.059055,0.603092,0.505252,-0.111458,0.655572,0.464118,-0.145481,0.698377,0.425597,-0.168701,0.481841,0.531342,-0.085925,0.565498,0.652328,-0.145041,0.566213,0.75994,-0.154641,0.547856,0.805108,-0.154618,0.417685,0.567867,-0.113201,0.503327,0.717577,-0.169913,0.502902,0.797317,-0.156108,0.480665,0.813632,-0.138021,0.359598,0.630019,-0.141249,0.437365,0.746044,-0.174385,0.452923,0.806716,-0.158437,0.441439,0.817337,-0.1407
288,9600,True,0.9994,0.9994,0.332083,0.784692,0.0,0.438512,0.751361,-0.003559,0.526061,0.715469,-0.031942,0.59522,0.706108,-0.066661,0.662216,0.703127,-0.102234,0.539093,0.542347,-0.056782,0.600141,0.498826,-0.107965,0.651359,0.456854,-0.141133,0.692813,0.417552,-0.163473,0.481039,0.522371,-0.084167,0.562986,0.65175,-0.142672,0.566292,0.758877,-0.151702,0.549844,0.80747,-0.150596,0.418403,0.559773,-0.111518,0.501654,0.712691,-0.166374,0.502045,0.791664,-0.151495,0.48151,0.812573,-0.132126,0.361632,0.623082,-0.139712,0.436357,0.742512,-0.171844,0.453859,0.802535,-0.155922,0.446227,0.817054,-0.137356
289,9633,True,0.9994,0.9994,0.330905,0.779116,0.0,0.438356,0.745075,-0.004336,0.525826,0.709996,-0.033827,0.594464,0.701135,-0.069444,0.658934,0.705225,-0.106078,0.537846,0.541949,-0.059665,0.596785,0.49724,-0.111728,0.648273,0.455121,-0.14593,0.690321,0.415387,-0.169251,0.479172,0.522539,-0.086827,0.562683,0.651908,-0.145231,0.566517,0.760169,-0.15423,0.550288,0.808245,-0.153747,0.416579,0.559468,-0.113871,0.50213,0.710165,-0.168188,0.504121,0.789966,-0.153697,0.483911,0.811179,-0.135229,0.360227,0.622068,-0.141823,0.437185,0.738657,-0.172947,0.455283,0.798691,-0.156812,0.44737,0.813369,-0.138887
290,9666,True,0.9995,0.9995,0.335525,0.780662,0.0,0.439693,0.746026,-0.005194,0.526906,0.708167,-0.035162,0.595751,0.698209,-0.071255,0.658278,0.705074,-0.108599,0.538174,0.54043,-0.060541,0.596519,0.494253,-0.112982,0.647584,0.451543,-0.147795,0.689071,0.411612,-0.171771,0.478356,0.521386,-0.087758,0.562291,0.651849,-0.146921,0.567124,0.760944,-0.156377,0.551883,0.808723,-0.156232,0.414926,0.559487,-0.114922,0.501003,0.709265,-0.170116,0.504462,0.791292,-0.155586,0.484919,0.813151,-0.137115,0.357917,0.622919,-0.143089,0.436031,0.739537,-0.175399,0.453903,0.802349,-0.159134,0.445232,0.818701,-0.141064
291,9700,True,0.9995,0.9995,0.334101,0.778115,0.0,0.438336,0.746414,-0.004759,0.524863,0.712197,-0.035865,0.593398,0.70133,-0.073582,0.65318,0.70813,-0.11275,0.538237,0.546592,-0.060838,0.59684,0.4953,-0.114215,0.648949,0.450797,-0.149754,0.690862,0.40731,-0.174332,0.478191,0.525595,-0.088542,0.563779,0.656037,-0.147112,0.565277,0.763555,-0.155941,0.547557,0.803177,-0.156059,0.415587,0.563269,-0.116195,0.503108,0.714704,-0.172131,0.502934,0.794431,-0.157444,0.479542,0.808182,-0.139174,0.359853,0.62461,-0.144611,0.43823,0.742576,-0.176141,0.453472,0.804133,-0.158306,0.441207,0.815414,-0.139742
292,9733,True,0.9996,0.9996,0.338035,0.778708,0.0,0.440277,0.744576,-0.004092,0.526736,0.707261,-0.034307,0.596045,0.698962,-0.071042,0.664164,0.703507,-0.10919,0.53839,0.541456,-0.060815,0.599936,0.489883,-0.113482,0.652857,0.446887,-0.147991,0.694758,0.406339,-0.171603,0.478609,0.522157,-0.088657,0.566169,0.654086,-0.147649,0.568119,0.762071,-0.15648,0.549965,0.804563,-0.156165,0.415689,0.561491,-0.116371,0.505201,0.710257,-0.172709,0.507067,0.791708,-0.157819,0.48537,0.809343,-0.139101,0.35973,0.625069,-0.144679,0.439949,0.739544,-0.17771,0.457579,0.802583,-0.160438,0.447558,0.816715,-0.141649
293,9766,True,0.9993,0.9993,0.342723,0.774335,0.0,0.444607,0.745717,-0.004858,0.532039,0.711448,-0.033162,0.60094,0.700928,-0.067605,0.66062,0.706908,-0.103426,0.541111,0.543529,-0.059547,0.606003,0.486839,-0.106483,0.657047,0.441578,-0.136646,0.69828,0.401158,-0.157694,0.483722,0.524482,-0.085739,0.569644,0.646951,-0.140822,0.572238,0.748853,-0.148336,0.554309,0.797517,-0.147865,0.422933,0.55996,-0.111568,0.512784,0.702212,-0.160639,0.513081,0.778625,-0.145543,0.492169,0.803717,-0.12877,0.368613,0.621291,-0.138635,0.447877,0.729249,-0.165566,0.462124,0.78837,-0.148997,0.452173,0.807209,-0.132328
294,9800,True,0.9994,0.9994,0.345851,0.776953,0.0,0.446903,0.748469,-0.00299,0.534755,0.713123,-0.03057,0.603245,0.704508,-0.06487,0.663494,0.711243,-0.100302,0.544127,0.542262,-0.055585,0.611331,0.487662,-0.101897,0.6626,0.442114,-0.132172,0.704952,0.401893,-0.153464,0.488219,0.526196,-0.082438,0.578005,0.648392,-0.13722,0.57795,0.745143,-0.145592,0.558646,0.787167,-0.145903,0.428645,0.563704,-0.108884,0.522514,0.708111,-0.158234,0.518756,0.781409,-0.144145,0.494978,0.80001,-0.128103,0.375481,0.627587,-0.136294,0.461193,0.73795,-0.163335,0.470269,0.794839,-0.146929,0.454625,0.807331,-0.130603
295,9833,True,0.9993,0.9993,0.345555,0.776271,0.0,0.452772,0.751611,-0.00361,0.54375,0.719033,-0.031615,0.612319,0.706324,-0.066367,0.664111,0.714055,-0.101949,0.556009,0.543628,-0.053121,0.621802,0.492427,-0.100652,0.67274,0.450345,-0.131599,0.714631,0.412709,-0.153517,0.500059,0.52691,-0.08046,0.587775,0.655396,-0.137494,0.581528,0.754402,-0.146282,0.559496,0.793156,-0.146243,0.439883,0.563304,-0.107922,0.529806,0.717487,-0.159969,0.524469,0.789991,-0.147395,0.502546,0.804094,-0.131742,0.386688,0.627244,-0.136318,0.468293,0.746281,-0.164618,0.475588,0.801138,-0.149608,0.460869,0.80802,-0.134277
296,9866,True,0.9993,0.9993,0.345556,0.780389,0.0,0.452389,0.756342,-0.005166,0.540907,0.726758,-0.035727,0.609163,0.720106,-0.072755,0.671127,0.721612,-0.110007,0.561045,0.546488,-0.057628,0.632833,0.498752,-0.108128,0.686552,0.457279,-0.140581,0.729809,0.420539,-0.163161,0.505332,0.530725,-0.085004,0.593986,0.655958,-0.14375,0.592553,0.759369,-0.152161,0.575437,0.803988,-0.151949,0.4453,0.567168,-0.112792,0.535215,0.721368,-0.165353,0.53064,0.797695,-0.150474,0.509078,0.814786,-0.13356,0.392278,0.631856,-0.141898,0.473839,0.753296,-0.170671,0.482059,0.809453,-0.155017,0.467892,0.816293,-0.139249
297,9900,True,0.9993,0.9993,0.342052,0.792482,0.0,0.451777,0.769667,-0.00315,0.541393,0.739807,-0.033302,0.610973,0.731792,-0.070171,0.678271,0.72883,-0.107309,0.564531,0.554803,-0.055459,0.638318,0.507859,-0.106453,0.693582,0.466717,-0.139404,0.737127,0.428345,-0.161937,0.509075,0.537655,-0.083453,0.60131,0.657524,-0.140564,0.597638,0.759789,-0.148897,0.578386,0.799687,-0.148558,0.448539,0.573922,-0.111629,0.54059,0.729632,-0.165937,0.531774,0.805443,-0.152278,0.50665,0.816459,-0.135246,0.394805,0.638844,-0.140351,0.478857,0.763371,-0.170303,0.487591,0.822695,-0.153881,0.472611,0.829108,-0.136935
298,9933,True,0.9989,0.9989,0.340563,0.797701,0.0,0.453074,0.773674,-0.000348,0.546148,0.743428,-0.030367,0.61775,0.736933,-0.067908,0.686644,0.734118,-0.105764,0.565716,0.56029,-0.053384,0.642971,0.514143,-0.105163,0.699345,0.472952,-0.137693,0.743479,0.435914,-0.159787,0.511084,0.54407,-0.083339,0.608809,0.672667,-0.142805,0.6023,0.779175,-0.149447,0.583546,0.818635,-0.146996,0.451876,0.579668,-0.113565,0.54853,0.736616,-0.168543,0.541764,0.816824,-0.151469,0.520774,0.830636,-0.131786,0.399305,0.643311,-0.144402,0.482289,0.767138,-0.173976,0.492034,0.825978,-0.155752,0.479615,0.831949,-0.137343
299,9966,True,0.999,0.999,0.345296,0.806712,0.0,0.460409,0.784194,0.001117,0.555361,0.753193,-0.026355,0.628076,0.744132,-0.061575,0.696839,0.738652,-0.097368,0.573609,0.571602,-0.051911,0.64848,0.519562,-0.102337,0.704289,0.478972,-0.133763,0.749218,0.442666,-0.154842,0.518816,0.55289,-0.081645,0.61327,0.687975,-0.140362,0.602197,0.792827,-0.147055,0.578888,0.831794,-0.144404,0.457899,0.586542,-0.111359,0.551025,0.745344,-0.165435,0.541804,0.824953,-0.148997,0.519655,0.840494,-0.129493,0.402839,0.64777,-0.14153,0.481982,0.770831,-0.170332,0.491827,0.830831,-0.152174,0.480359,0.840236,-0.133508
300,10000,True,0.999,0.999,0.350539,0.816149,0.0,0.463561,0.791295,0.000552,0.558957,0.7587,-0.028058,0.633027,0.750379,-0.064312,0.703671,0.749571,-0.101188,0.575253,0.576669,-0.056316,0.652789,0.52048,-0.107733,0.708277,0.47694,-0.139069,0.752674,0.438827,-0.160406,0.520315,0.557147,-0.086464,0.618158,0.693611,-0.147581,0.609462,0.79919,-0.153934,0.586357,0.838782,-0.150833,0.459303,0.590815,-0.116431,0.552996,0.75039,-0.171449,0.545184,0.830602,-0.153883,0.523579,0.846955,-0.133763,0.403373,0.652437,-0.147027,0.483368,0.776883,-0.17699,0.493986,0.838721,-0.158763,0.483709,0.849629,-0.140016
301,10033,True,0.999,0.999,0.355712,0.82013,0.0,0.47011,0.795233,0.001169,0.566013,0.760947,-0.027448,0.63928,0.751565,-0.063816,0.710423,0.750686,-0.101154,0.581158,0.5763,-0.057388,0.658601,0.515549,-0.108257,0.712649,0.468829,-0.139631,0.755516,0.426749,-0.161562,0.524366,0.556714,-0.088308,0.622426,0.696127,-0.14929,0.615958,0.801726,-0.15673,0.595257,0.837467,-0.154926,0.462209,0.59237,-0.11864,0.557314,0.753749,-0.172849,0.551733,0.833748,-0.155159,0.53133,0.847104,-0.135535,0.405496,0.654957,-0.149575,0.485225,0.779947,-0.179248,0.497359,0.840601,-0.160455,0.488179,0.848672,-0.141373
302,10066,True,0.9988,0.9988,0.368696,0.826592,0.0,0.481979,0.799111,-0.00094,0.577356,0.762146,-0.030138,0.649939,0.751341,-0.066821,0.721685,0.749451,-0.104346,0.591169,0.575393,-0.059983,0.667029,0.5089,-0.110734,0.717797,0.456071,-0.141922,0.758337,0.408939,-0.164006,0.532015,0.556451,-0.090159,0.629976,0.695972,-0.152944,0.625629,0.803222,-0.160977,0.604216,0.843318,-0.159188,0.467861,0.592768,-0.119725,0.563024,0.752946,-0.173109,0.559252,0.831795,-0.154548,0.538339,0.846833,-0.134643,0.408819,0.656598,-0.15039,0.488473,0.779458,-0.179487,0.499901,0.836891,-0.160665,0.488541,0.842644,-0.141617
303,10100,True,0.999,0.999,0.380756,0.831712,0.0,0.495228,0.80232,-0.001498,0.58875,0.765455,-0.031173,0.659156,0.753337,-0.068606,0.727305,0.748177,-0.106748,0.598569,0.575287,-0.05996,0.671613,0.50217,-0.111561,0.723768,0.445994,-0.143717,0.765091,0.397467,-0.166148,0.538256,0.554895,-0.089552,0.636617,0.68579,-0.150961,0.638364,0.791885,-0.158998,0.621031,0.832899,-0.15756,0.474551,0.590451,-0.118627,0.573364,0.74969,-0.171951,0.572032,0.827095,-0.154308,0.549816,0.840295,-0.135059,0.41678,0.653431,-0.1488,0.501313,0.774518,-0.178498,0.512807,0.83288,-0.159748,0.498585,0.838783,-0.140571
304,10133,True,0.9989,0.9989,0.390711,0.83799,0.0,0.50363,0.808268,-0.002626,0.596544,0.769435,-0.032354,0.665382,0.753415,-0.069717,0.732948,0.746252,-0.107955,0.604883,0.576005,-0.060169,0.678038,0.49567,-0.111579,0.73115,0.437159,-0.143213,0.772497,0.386714,-0.165006,0.543766,0.556686,-0.089314,0.646063,0.676974,-0.151388,0.65155,0.785046,-0.159589,0.634446,0.831377,-0.157562,0.480104,0.592703,-0.117969,0.582038,0.744639,-0.172126,0.579541,0.823911,-0.154227,0.554839,0.841024,-0.133971,0.422927,0.656982,-0.147744,0.509918,0.771392,-0.177959,0.523079,0.831704,-0.158809,0.509539,0.84195,-0.138836
305,10166,True,0.9987,0.9987,0.38897,0.837282,0.0,0.503111,0.807483,-0.002019,0.598842,0.767425,-0.031202,0.67113,0.752696,-0.068763,0.742589,0.745324,-0.107366,0.608658,0.5784,-0.056772,0.683718,0.492556,-0.107342,0.738577,0.429424,-0.138116,0.78072,0.376649,-0.158828,0.54782,0.559806,-0.085757,0.655223,0.671853,-0.147053,0.665815,0.777091,-0.155482,0.651911,0.826933,-0.153097,0.485083,0.595304,-0.114345,0.589429,0.743445,-0.167507,0.584239,0.823451,-0.14942,0.557691,0.845395,-0.128429,0.42896,0.659355,-0.14413,0.517888,0.771618,-0.172703,0.530396,0.832597,-0.152792,0.517012,0.845998,-0.132025
306,10200,True,0.9982,0.9982,0.398348,0.841972,0.0,0.513505,0.814558,-0.004428,0.607343,0.773115,-0.033401,0.677918,0.755678,-0.070395,0.748041,0.745443,-0.108398,0.618563,0.581765,-0.057881,0.69304,0.490934,-0.104717,0.744889,0.422824,-0.133137,0.78447,0.365773,-0.153079,0.557163,0.564586,-0.085592,0.66294,0.670717,-0.147176,0.67852,0.777166,-0.15788,0.66827,0.836044,-0.15672,0.494924,0.598875,-0.112506,0.597972,0.742083,-0.163857,0.595842,0.824848,-0.146401,0.5723,0.857736,-0.126001,0.439552,0.661675,-0.141163,0.526862,0.769907,-0.170355,0.544506,0.834051,-0.152559,0.538095,0.858245,-0.132886
307,10233,True,0.9986,0.9986,0.401441,0.850183,0.0,0.518263,0.822933,-0.004027,0.614953,0.781404,-0.032139,0.688829,0.763481,-0.068489,0.761249,0.754594,-0.105692,0.624496,0.587454,-0.058011,0.698779,0.493515,-0.10713,0.750986,0.422249,-0.137309,0.791883,0.363876,-0.158428,0.562661,0.569049,-0.087085,0.666374,0.66694,-0.153427,0.691574,0.773315,-0.167377,0.691447,0.840322,-0.167043,0.500855,0.603306,-0.115179,0.601925,0.75299,-0.168749,0.602963,0.837295,-0.152382,0.584623,0.8749,-0.13162,0.445814,0.666949,-0.145404,0.53077,0.78825,-0.175933,0.551534,0.853747,-0.159399,0.551746,0.880753,-0.139754
308,10266,True,0.9988,0.9988,0.40248,0.858603,0.0,0.524301,0.832613,-0.004561,0.622363,0.791508,-0.0336,0.697579,0.774545,-0.070706,0.770444,0.763526,-0.108487,0.630504,0.59702,-0.061456,0.703953,0.497955,-0.113126,0.757254,0.425708,-0.144666,0.798464,0.365869,-0.16659,0.568204,0.577915,-0.091163,0.673234,0.673134,-0.159316,0.698638,0.781326,-0.173543,0.696451,0.849368,-0.173306,0.504558,0.613139,-0.119957,0.604827,0.763294,-0.174495,0.608882,0.847218,-0.157918,0.5916,0.883809,-0.137272,0.447681,0.678753,-0.150985,0.53146,0.803505,-0.181788,0.553781,0.866565,-0.165202,0.553755,0.889666,-0.145925
309,10300,True,0.9988,0.9988,0.397182,0.864944,0.0,0.521181,0.839593,-0.005594,0.622804,0.802022,-0.035882,0.701321,0.788575,-0.073742,0.776925,0.775616,-0.112015,0.633406,0.61037,-0.065677,0.708512,0.514083,-0.120729,0.76506,0.444377,-0.155506,0.808958,0.386079,-0.179654,0.571951,0.590728,-0.095447,0.673878,0.692207,-0.165512,0.699876,0.80227,-0.181027,0.697316,0.869809,-0.182305,0.507195,0.626298,-0.124235,0.605188,0.779817,-0.17905,0.609331,0.86298,-0.160852,0.590519,0.89671,-0.139678,0.448265,0.69237,-0.155564,0.532733,0.819837,-0.187208,0.554079,0.880491,-0.169727,0.551301,0.899902,-0.149882
310,10333,True,0.9987,0.9987,0.383503,0.878097,0.0,0.511965,0.851809,-0.001129,0.618513,0.816732,-0.029213,0.699695,0.806944,-0.065349,0.776455,0.801804,-0.102342,0.636974,0.63207,-0.062395,0.719744,0.555532,-0.119001,0.782897,0.492707,-0.156201,0.831439,0.440872,-0.181475,0.578321,0.608894,-0.092785,0.672757,0.74133,-0.156883,0.689786,0.846116,-0.168042,0.682804,0.901075,-0.168509,0.511158,0.643323,-0.122366,0.602728,0.813105,-0.174877,0.604622,0.888772,-0.154973,0.584979,0.912413,-0.133996,0.446475,0.70913,-0.153871,0.523567,0.84497,-0.184204,0.540211,0.903535,-0.16459,0.534523,0.919045,-0.143824
311,10366,True,0.9983,0.9983,0.369112,0.876063,0.0,0.500592,0.859206,0.001226,0.608089,0.842676,-0.032383,0.687929,0.850412,-0.073934,0.764576,0.867006,-0.116601,0.648643,0.670743,-0.074388,0.743465,0.63147,-0.133413,0.816457,0.605969,-0.1719,0.874173,0.579914,-0.197732,0.589464,0.642623,-0.106345,0.666486,0.833443,-0.166619,0.656008,0.928171,-0.171236,0.632186,0.951059,-0.170289,0.516542,0.675858,-0.137045,0.594068,0.889215,-0.188745,0.583082,0.946301,-0.165417,0.557077,0.934817,-0.144743,0.448928,0.739416,-0.168745,0.517119,0.905962,-0.19654,0.520211,0.952171,-0.172698,0.501964,0.936792,-0.15094
312,10400,True,0.9668,0.9668,0.357613,0.861152,-0.0,0.464925,0.853581,-0.014373,0.587517,0.862098,-0.048857,0.688692,0.906028,-0.083874,0.780847,0.938253,-0.120068,0.619214,0.727295,-0.101719,0.670417,0.846657,-0.153465,0.711458,0.891479,-0.182199,0.743092,0.910717,-0.203366,0.575565,0.704696,-0.121834,0.632912,0.954712,-0.171863,0.618627,1.015044,-0.176502,0.606051,1.019016,-0.184193,0.521895,0.721653,-0.140463,0.575773,0.97572,-0.184324,0.559584,1.011863,-0.171712,0.550001,0.994624,-0.165447,0.463476,0.760744,-0.160795,0.509254,0.950466,-0.196276,0.51705,0.989819,-0.193216,0.524225,0.981876,-0.190036
313,10433,True,0.9997,0.9997,0.368576,0.794087,1e-06,0.473506,0.799396,-0.011839,0.585972,0.853168,-0.044651,0.659495,0.939648,-0.079733,0.713726,1.007666,-0.119823,0.636721,0.764739,-0.097831,0.734851,0.85131,-0.157092,0.817192,0.902473,-0.196181,0.883924,0.944253,-0.222499,0.58263,0.752259,-0.122475,0.646652,0.990358,-0.185705,0.654596,1.116452,-0.200839,0.654952,1.194028,-0.207672,0.510111,0.779829,-0.14559,0.55833,1.024355,-0.205055,0.567129,1.137925,-0.200436,0.568017,1.209062,-0.188895,0.434352,0.827369,-0.169097,0.474411,1.001247,-0.207191,0.486215,1.099555,-0.197244,0.488963,1.163665,-0.183532
314,10466,True,0.9984,0.9984,0.378758,0.806492,1e-06,0.492612,0.794612,-0.004159,0.609073,0.849802,-0.03419,0.684626,0.938638,-0.064751,0.741731,1.007616,-0.09983,0.659652,0.780705,-0.111113,0.749478,0.89098,-0.166987,0.82147,0.947617,-0.202375,0.883005,0.992797,-0.227398,0.600655,0.772512,-0.137032,0.6483,0.996286,-0.185414,0.661186,1.117979,-0.19472,0.672483,1.203258,-0.206261,0.523041,0.79867,-0.159019,0.565267,1.028094,-0.200741,0.573243,1.126004,-0.192768,0.577595,1.181868,-0.189214,0.445352,0.842801,-0.180919,0.487006,1.016944,-0.205681,0.499338,1.097486,-0.195404,0.50557,1.143503,-0.188955
315,10500,True,0.998,0.998,0.381266,0.807167,1e-06,0.487939,0.790339,-0.004113,0.601242,0.840386,-0.034064,0.676513,0.924185,-0.064409,0.734238,0.992538,-0.098031,0.656583,0.774422,-0.105845,0.757399,0.875867,-0.161333,0.83118,0.931158,-0.196365,0.893246,0.974948,-0.220438,0.60238,0.770908,-0.130714,0.662601,0.998165,-0.178284,0.660113,1.102767,-0.183394,0.658248,1.163327,-0.190878,0.529035,0.801391,-0.152104,0.583026,1.027705,-0.190453,0.58005,1.103226,-0.175896,0.575043,1.132758,-0.168112,0.45589,0.846014,-0.173593,0.506686,1.015457,-0.192783,0.506909,1.070954,-0.176126,0.503023,1.088221,-0.165691
316,10533,True,0.9974,0.9974,0.383646,0.827273,1e-06,0.486351,0.812251,-0.000771,0.601355,0.847379,-0.028697,0.683861,0.90978,-0.058272,0.750687,0.96249,-0.090222,0.660326,0.757671,-0.096113,0.764149,0.846265,-0.148976,0.838885,0.89358,-0.182127,0.900884,0.933427,-0.204867,0.609041,0.751901,-0.1226,0.675299,0.96692,-0.171992,0.684168,1.088652,-0.181708,0.686723,1.169652,-0.191001,0.539462,0.78175,-0.145072,0.595952,1.012749,-0.1845,0.589783,1.096272,-0.170471,0.579445,1.132493,-0.161737,0.469415,0.826399,-0.167577,0.523953,1.004202,-0.189803,0.521667,1.064023,-0.174102,0.513829,1.085378,-0.162511
317,10566,True,0.9986,0.9986,0.374979,0.839962,1e-06,0.484856,0.839449,0.001948,0.609044,0.868974,-0.024152,0.702073,0.925094,-0.052878,0.780632,0.965872,-0.084469,0.657924,0.73727,-0.084633,0.758159,0.804686,-0.132902,0.833002,0.839352,-0.163368,0.896118,0.869912,-0.185783,0.610519,0.731443,-0.112738,0.680922,0.95592,-0.159065,0.688057,1.078272,-0.167146,0.6911,1.154655,-0.175704,0.542448,0.761722,-0.137407,0.601304,0.994751,-0.177526,0.596794,1.088071,-0.163064,0.589492,1.134969,-0.153915,0.470711,0.80896,-0.161958,0.525857,0.982892,-0.18801,0.530939,1.066143,-0.174846,0.52944,1.111485,-0.164418
318,10600,True,0.9993,0.9993,0.368144,0.844778,1e-06,0.482413,0.85536,0.001961,0.603958,0.874851,-0.029385,0.696419,0.92277,-0.065662,0.779411,0.950663,-0.104372,0.650975,0.721177,-0.08125,0.757227,0.773731,-0.134836,0.834338,0.800047,-0.166753,0.895942,0.82504,-0.188286,0.602737,0.711137,-0.113877,0.678454,0.949655,-0.172448,0.645231,1.028918,-0.176399,0.619103,1.048433,-0.175637,0.534318,0.743155,-0.144209,0.605574,0.990387,-0.196029,0.577474,1.04108,-0.175593,0.555957,1.037718,-0.158164,0.459695,0.796112,-0.174417,0.523436,0.989398,-0.207774,0.523893,1.063586,-0.19093,0.520053,1.089188,-0.17517
319,10633,True,0.9994,0.9994,0.361227,0.851548,1e-06,0.478089,0.85847,-0.000634,0.596931,0.866886,-0.034359,0.689414,0.90498,-0.073241,0.774851,0.927479,-0.114009,0.641279,0.709034,-0.085162,0.748813,0.751659,-0.140565,0.825748,0.761135,-0.173798,0.888238,0.769746,-0.197031,0.591113,0.694401,-0.117632,0.670903,0.92099,-0.178688,0.641698,1.000124,-0.182442,0.61659,1.020771,-0.181769,0.521742,0.726422,-0.148082,0.597564,0.964044,-0.200873,0.566209,0.999766,-0.178361,0.538462,0.98228,-0.159967,0.447711,0.782325,-0.179188,0.519557,0.97894,-0.214768,0.525924,1.045446,-0.198811,0.522479,1.06096,-0.183729
320,10666,True,0.9985,0.9985,0.350004,0.85584,0.0,0.473826,0.856886,-0.000555,0.589648,0.852009,-0.033996,0.678042,0.876532,-0.072869,0.762397,0.896763,-0.113341,0.620775,0.699076,-0.082435,0.721187,0.709759,-0.143635,0.794358,0.708069,-0.182304,0.856934,0.706905,-0.208496,0.568623,0.682564,-0.11468,0.657766,0.896562,-0.179525,0.623959,0.959403,-0.184574,0.59558,0.957352,-0.183295,0.499792,0.712402,-0.145451,0.57546,0.946207,-0.198072,0.541018,0.973332,-0.172404,0.513567,0.940837,-0.150174,0.428006,0.765422,-0.177412,0.497991,0.946115,-0.207475,0.488218,0.974222,-0.18583,0.470978,0.945291,-0.16643
321,10700,True,0.9994,0.9994,0.351064,0.871183,0.0,0.480415,0.868722,0.000447,0.591067,0.855356,-0.031346,0.67465,0.864784,-0.068768,0.757287,0.870461,-0.107233,0.615396,0.683756,-0.071754,0.702638,0.677895,-0.128983,0.773331,0.673011,-0.166127,0.830831,0.670526,-0.191924,0.555098,0.663109,-0.105596,0.649223,0.843744,-0.169604,0.634376,0.938094,-0.178046,0.611229,0.970789,-0.17828,0.480298,0.693711,-0.138272,0.560297,0.916562,-0.190826,0.54237,0.963358,-0.16864,0.518588,0.942648,-0.1483,0.405266,0.749969,-0.172038,0.474247,0.92085,-0.203307,0.482497,0.959372,-0.184101,0.475537,0.933874,-0.166094
322,10733,True,0.9992,0.9992,0.338796,0.88731,0.0,0.468319,0.871629,-0.003953,0.578648,0.845667,-0.034786,0.663068,0.84586,-0.070347,0.74839,0.845077,-0.106968,0.587252,0.669196,-0.069996,0.6666,0.65197,-0.126099,0.733278,0.633036,-0.165328,0.790879,0.617443,-0.194185,0.52643,0.645956,-0.100735,0.615694,0.808933,-0.163408,0.622111,0.904539,-0.178656,0.614925,0.943455,-0.185962,0.451614,0.680143,-0.130509,0.531796,0.886112,-0.181963,0.527102,0.940376,-0.165504,0.510479,0.931093,-0.150566,0.376763,0.742041,-0.161833,0.445879,0.891575,-0.194627,0.458296,0.935176,-0.179078,0.450861,0.92059,-0.164091
323,10766,True,0.9981,0.9981,0.332146,0.885814,0.0,0.454829,0.86749,-0.015613,0.567974,0.830439,-0.047624,0.658012,0.83037,-0.082187,0.743993,0.820832,-0.117707,0.566338,0.647209,-0.076235,0.635076,0.651315,-0.132326,0.691488,0.63482,-0.171709,0.743956,0.616602,-0.200866,0.500885,0.62694,-0.101232,0.573608,0.80064,-0.164844,0.593666,0.890498,-0.183874,0.601922,0.928912,-0.194926,0.423587,0.663569,-0.126805,0.49179,0.865163,-0.184162,0.504197,0.929054,-0.17712,0.506056,0.936994,-0.167737,0.349131,0.72992,-0.154383,0.410748,0.870705,-0.193601,0.429496,0.918259,-0.186583,0.432552,0.917736,-0.177244
324,10800,True,0.9987,0.9987,0.328246,0.864894,0.0,0.446883,0.84929,-0.022172,0.556579,0.817338,-0.055721,0.643125,0.824432,-0.090869,0.721622,0.820579,-0.127415,0.547516,0.635499,-0.077192,0.600838,0.651622,-0.134326,0.653916,0.650221,-0.176474,0.704438,0.647316,-0.206905,0.480532,0.618836,-0.098268,0.54227,0.797683,-0.16557,0.560539,0.901198,-0.187226,0.566425,0.95464,-0.198253,0.405981,0.655742,-0.120674,0.467578,0.852297,-0.178338,0.473619,0.922789,-0.172144,0.466344,0.941811,-0.162152,0.336088,0.721073,-0.146181,0.394208,0.863143,-0.185868,0.410838,0.917591,-0.180868,0.410281,0.927485,-0.171997
325,10833,True,0.9995,0.9995,0.350037,0.88111,0.0,0.454331,0.863867,-0.030038,0.553011,0.834428,-0.067813,0.629765,0.840286,-0.104639,0.700446,0.843612,-0.142422,0.541459,0.633623,-0.089261,0.569621,0.666383,-0.15681,0.611485,0.680524,-0.205487,0.651859,0.691376,-0.238473,0.465732,0.613831,-0.106989,0.524291,0.803064,-0.180353,0.537459,0.914396,-0.20128,0.540191,0.97177,-0.210528,0.387571,0.650734,-0.12744,0.441056,0.859532,-0.190775,0.451172,0.934082,-0.185029,0.450932,0.956396,-0.173972,0.31549,0.719142,-0.15167,0.364781,0.871463,-0.193355,0.386408,0.929352,-0.188846,0.39585,0.943876,-0.179899
326,10866,True,0.9973,0.9973,0.336418,0.875538,0.0,0.447607,0.868071,-0.023373,0.547609,0.836054,-0.051952,0.622158,0.825721,-0.08234,0.688611,0.799467,-0.114192,0.538823,0.63971,-0.057403,0.569505,0.689237,-0.113396,0.616117,0.707617,-0.155585,0.664802,0.720679,-0.184104,0.461923,0.619592,-0.076299,0.526039,0.830372,-0.141245,0.539074,0.934787,-0.162707,0.541134,0.982561,-0.171019,0.381597,0.65557,-0.098509,0.44174,0.876188,-0.158182,0.452923,0.941337,-0.157191,0.455994,0.952947,-0.147709,0.307258,0.722039,-0.12395,0.361595,0.885166,-0.163849,0.387974,0.939501,-0.162224,0.402847,0.94897,-0.153733
327,10900,True,0.9969,0.9969,0.33375,0.877989,0.0,0.44814,0.87977,-0.025357,0.548325,0.856662,-0.056196,0.626673,0.853331,-0.087906,0.700971,0.835973,-0.120835,0.535193,0.655324,-0.058317,0.582455,0.709088,-0.1107,0.631237,0.74642,-0.149925,0.678636,0.784031,-0.176974,0.463644,0.638097,-0.074662,0.530055,0.84992,-0.13818,0.531874,0.96614,-0.159483,0.527439,1.027687,-0.168214,0.386871,0.671547,-0.094127,0.44529,0.885962,-0.151855,0.455075,0.956483,-0.15289,0.460034,0.977892,-0.146167,0.315723,0.732027,-0.116408,0.363028,0.88555,-0.154539,0.383788,0.938495,-0.153929,0.396836,0.947717,-0.147573
328,10933,True,0.9969,0.9969,0.328061,0.862956,0.0,0.44446,0.862204,-0.018616,0.550809,0.843292,-0.046377,0.637303,0.859206,-0.077572,0.716792,0.853603,-0.109671,0.543277,0.662703,-0.049796,0.604398,0.730232,-0.101156,0.659669,0.771467,-0.14023,0.708534,0.811348,-0.167108,0.477652,0.653617,-0.069689,0.550862,0.859095,-0.126405,0.556976,0.942607,-0.146077,0.554062,0.976579,-0.15547,0.404317,0.688825,-0.092704,0.466332,0.907188,-0.143914,0.467415,0.956873,-0.140475,0.463952,0.956103,-0.131295,0.333589,0.74903,-0.118896,0.385503,0.911083,-0.153948,0.399368,0.942348,-0.151511,0.400271,0.927984,-0.143807
329,10966,True,0.9988,0.9988,0.348659,0.839137,0.0,0.461531,0.839375,-0.01575,0.575259,0.836659,-0.045116,0.665678,0.866621,-0.077392,0.744088,0.878714,-0.113478,0.567457,0.678105,-0.069057,0.641071,0.748145,-0.119985,0.699133,0.796914,-0.15777,0.749332,0.83904,-0.183735,0.503151,0.670809,-0.090327,0.572643,0.859665,-0.144829,0.57006,0.931399,-0.162895,0.558299,0.956186,-0.173938,0.432745,0.703398,-0.112579,0.49402,0.888671,-0.163009,0.494252,0.946877,-0.159345,0.487072,0.965059,-0.151786,0.366095,0.756321,-0.136715,0.419224,0.880714,-0.17195,0.440165,0.932646,-0.167288,0.450736,0.95681,-0.158955
330,11000,True,0.9981,0.9981,0.376887,0.826201,1e-06,0.482042,0.830172,-0.017191,0.591219,0.835627,-0.049895,0.676224,0.876729,-0.084171,0.750834,0.897307,-0.121687,0.602597,0.681065,-0.080703,0.682215,0.763783,-0.136041,0.746431,0.806466,-0.178058,0.804247,0.840404,-0.207642,0.541116,0.673962,-0.10209,0.612668,0.879469,-0.15901,0.605143,0.936611,-0.176169,0.595124,0.943614,-0.187262,0.471126,0.708719,-0.123706,0.532483,0.920449,-0.170871,0.523542,0.957845,-0.159328,0.511347,0.949416,-0.148105,0.400672,0.761892,-0.147961,0.457473,0.909477,-0.17876,0.471302,0.944369,-0.167501,0.471293,0.94311,-0.15575
331,11033,True,0.9998,0.9998,0.379882,0.809826,1e-06,0.484992,0.820509,-0.012322,0.600276,0.833965,-0.046893,0.689093,0.88307,-0.084403,0.76807,0.90415,-0.124666,0.6213,0.686893,-0.083294,0.702752,0.759854,-0.1425,0.772413,0.801248,-0.183114,0.833741,0.831915,-0.210947,0.564357,0.677537,-0.109848,0.642397,0.909187,-0.176432,0.608453,0.959012,-0.190092,0.58065,0.946861,-0.194395,0.496087,0.71478,-0.136325,0.564447,0.954563,-0.193035,0.539661,0.979141,-0.177296,0.521935,0.94998,-0.160104,0.425271,0.772922,-0.164584,0.489799,0.947782,-0.201364,0.499542,0.983809,-0.188869,0.501161,0.97559,-0.174503
332,11066,True,0.9997,0.9997,0.382332,0.819132,0.0,0.487034,0.825875,-0.010301,0.597823,0.838386,-0.045552,0.683711,0.885216,-0.083108,0.762589,0.909472,-0.122406,0.631063,0.694879,-0.090515,0.717281,0.76441,-0.152519,0.788818,0.806779,-0.191852,0.849054,0.839209,-0.217293,0.578974,0.684973,-0.117662,0.646321,0.927726,-0.178517,0.600462,0.959643,-0.182528,0.573549,0.928365,-0.182487,0.511368,0.718561,-0.144927,0.566269,0.962675,-0.201091,0.52685,0.957881,-0.182607,0.508819,0.905126,-0.165858,0.439692,0.774231,-0.173375,0.497846,0.955912,-0.208957,0.493592,0.980337,-0.193682,0.486097,0.959435,-0.179101
333,11100,True,0.9988,0.9988,0.368066,0.810686,0.0,0.477004,0.817923,-0.005937,0.588812,0.835509,-0.041144,0.675244,0.886532,-0.079896,0.756393,0.914502,-0.12058,0.625332,0.697285,-0.084468,0.714151,0.781151,-0.141367,0.784392,0.825707,-0.177791,0.843601,0.859045,-0.202772,0.574371,0.692192,-0.112932,0.640773,0.931606,-0.170902,0.599876,0.958287,-0.175591,0.577265,0.924678,-0.177155,0.507696,0.726733,-0.140624,0.560047,0.967075,-0.189747,0.52305,0.959905,-0.169515,0.505856,0.907342,-0.153654,0.438678,0.778439,-0.169537,0.488567,0.956722,-0.19918,0.471696,0.959794,-0.183388,0.455906,0.916411,-0.170034
334,11133,True,0.9992,0.9992,0.359316,0.812738,0.0,0.472273,0.827837,-0.008643,0.584228,0.847752,-0.044111,0.67011,0.892637,-0.082154,0.753353,0.914262,-0.121657,0.61752,0.699898,-0.087961,0.700062,0.768058,-0.145715,0.766016,0.810115,-0.183097,0.822691,0.847281,-0.208409,0.565884,0.68839,-0.115082,0.624389,0.924295,-0.171586,0.588964,0.956029,-0.175207,0.570174,0.932185,-0.176746,0.495475,0.719147,-0.141856,0.542534,0.963201,-0.191549,0.512408,0.964582,-0.171119,0.497211,0.919453,-0.155266,0.421146,0.76881,-0.170002,0.470925,0.951887,-0.201472,0.465122,0.971153,-0.18553,0.455966,0.942333,-0.171901
335,11166,True,0.9989,0.9989,0.349308,0.815209,0.0,0.46996,0.838012,-0.007757,0.578759,0.851457,-0.038532,0.662967,0.884129,-0.07206,0.744657,0.893365,-0.106949,0.598513,0.687767,-0.074685,0.680272,0.747147,-0.125232,0.74311,0.786857,-0.158256,0.798477,0.820356,-0.181343,0.543961,0.672012,-0.100887,0.612103,0.891577,-0.156612,0.583352,0.95237,-0.164525,0.55919,0.956266,-0.167127,0.473293,0.701484,-0.12656,0.530152,0.943328,-0.174659,0.512441,0.977503,-0.158565,0.498248,0.953893,-0.144157,0.40097,0.751231,-0.153264,0.451246,0.929786,-0.182172,0.45249,0.959027,-0.168142,0.448641,0.932793,-0.155588
336,11200,True,0.9996,0.9996,0.336163,0.811646,1e-06,0.457908,0.829157,-0.011601,0.564442,0.835419,-0.045252,0.648377,0.855579,-0.081041,0.731281,0.855245,-0.118174,0.573919,0.670327,-0.08008,0.652906,0.711166,-0.133847,0.719687,0.746303,-0.168233,0.776747,0.774987,-0.191587,0.517478,0.652868,-0.105061,0.596853,0.855916,-0.160502,0.579947,0.933248,-0.16659,0.561108,0.947112,-0.167684,0.447809,0.68526,-0.130112,0.515325,0.913263,-0.177787,0.507892,0.956114,-0.159449,0.495238,0.931527,-0.143809,0.379317,0.737595,-0.156786,0.435111,0.915981,-0.186352,0.445113,0.953536,-0.171279,0.442153,0.927262,-0.157596
337,11233,True,0.9995,0.9995,0.324767,0.803532,1e-06,0.444011,0.804012,-0.009438,0.55403,0.801996,-0.038525,0.639094,0.826126,-0.070846,0.720036,0.832956,-0.104985,0.555336,0.63905,-0.06535,0.634486,0.681123,-0.113695,0.699695,0.713583,-0.146531,0.754866,0.73942,-0.169441,0.499247,0.626513,-0.089333,0.578733,0.827199,-0.140902,0.564318,0.906962,-0.149953,0.545287,0.921541,-0.153247,0.431489,0.66233,-0.113514,0.503518,0.880261,-0.158606,0.495737,0.925805,-0.14303,0.479877,0.906473,-0.128522,0.364739,0.716829,-0.139209,0.427442,0.882741,-0.16761,0.442016,0.925942,-0.153823,0.439848,0.910343,-0.140129
338,11266,True,0.9996,0.9996,0.323693,0.80059,1e-06,0.441226,0.792241,-0.012356,0.547791,0.782287,-0.044789,0.633387,0.805169,-0.079404,0.714636,0.811827,-0.11605,0.54625,0.619578,-0.074431,0.616941,0.653754,-0.125304,0.681634,0.678267,-0.159437,0.734883,0.69746,-0.183258,0.48703,0.609709,-0.098782,0.571601,0.79509,-0.154172,0.565984,0.888837,-0.163914,0.549267,0.91715,-0.166917,0.418396,0.649262,-0.123163,0.495734,0.852986,-0.171415,0.492371,0.908601,-0.155237,0.476512,0.898597,-0.139555,0.353112,0.709842,-0.149284,0.419254,0.861365,-0.179607,0.436789,0.909951,-0.165012,0.434101,0.902994,-0.150409
339,11300,True,0.9998,0.9998,0.323095,0.788846,1e-06,0.438755,0.779254,-0.012963,0.542326,0.767522,-0.045212,0.624938,0.789631,-0.079815,0.70315,0.797027,-0.116555,0.541293,0.605408,-0.0734,0.61035,0.638393,-0.124992,0.674951,0.658697,-0.160665,0.729915,0.673259,-0.185926,0.480033,0.594577,-0.097385,0.561815,0.781185,-0.152188,0.560272,0.873584,-0.162581,0.548719,0.900725,-0.167239,0.411274,0.635845,-0.121706,0.489582,0.835348,-0.170434,0.489435,0.891415,-0.155246,0.474552,0.881968,-0.140895,0.347647,0.698391,-0.14793,0.415686,0.848095,-0.179374,0.433217,0.894885,-0.165529,0.42904,0.885436,-0.151636
340,11333,True,0.9998,0.9998,0.325658,0.783972,1e-06,0.438175,0.770615,-0.014368,0.537017,0.754809,-0.047245,0.617926,0.774524,-0.081923,0.69624,0.781931,-0.118311,0.538399,0.594078,-0.073208,0.605055,0.624363,-0.126431,0.670033,0.636356,-0.163491,0.723918,0.642216,-0.189942,0.477471,0.585524,-0.097007,0.562546,0.763455,-0.154435,0.562699,0.866108,-0.165292,0.551133,0.903854,-0.169523,0.409425,0.628988,-0.121424,0.490045,0.823296,-0.173088,0.489134,0.888492,-0.156992,0.473682,0.88861,-0.140972,0.347816,0.695378,-0.147813,0.416542,0.836954,-0.180467,0.434861,0.886846,-0.165585,0.430884,0.882228,-0.150611
341,11366,True,0.9998,0.9998,0.335704,0.790524,1e-06,0.443384,0.779491,-0.016653,0.542603,0.758608,-0.048952,0.62091,0.769818,-0.082669,0.695709,0.774233,-0.117893,0.539154,0.591344,-0.072098,0.601896,0.611381,-0.127658,0.665177,0.619749,-0.166463,0.720021,0.626163,-0.193797,0.47874,0.579802,-0.094525,0.563019,0.7568,-0.156277,0.55866,0.857611,-0.169437,0.544494,0.897089,-0.174252,0.410501,0.621077,-0.118167,0.490745,0.81876,-0.174022,0.489594,0.884336,-0.160699,0.478358,0.890164,-0.145697,0.348027,0.688973,-0.143749,0.416699,0.831454,-0.179292,0.436,0.882835,-0.167031,0.437452,0.884088,-0.153549
342,11400,True,0.9997,0.9997,0.334495,0.793734,0.0,0.441463,0.78531,-0.020216,0.544358,0.760194,-0.049597,0.626054,0.766593,-0.07952,0.700716,0.761475,-0.11079,0.534309,0.588124,-0.067471,0.595142,0.616845,-0.119952,0.652845,0.625523,-0.15747,0.70547,0.631941,-0.183928,0.474532,0.578543,-0.086405,0.555222,0.759477,-0.145702,0.552961,0.852224,-0.161331,0.541682,0.890173,-0.168156,0.407096,0.618842,-0.107126,0.483492,0.818144,-0.162204,0.484407,0.88114,-0.154516,0.476893,0.889908,-0.143034,0.344993,0.685129,-0.130045,0.411577,0.829602,-0.16707,0.428985,0.88128,-0.159398,0.430836,0.886992,-0.148555
343,11433,True,0.9997,0.9997,0.336984,0.793991,0.0,0.442007,0.785678,-0.023253,0.542798,0.76239,-0.054625,0.622127,0.7719,-0.085321,0.693295,0.767615,-0.117395,0.529166,0.587199,-0.075828,0.572845,0.623673,-0.129083,0.624059,0.639475,-0.167201,0.674696,0.655579,-0.193588,0.463058,0.583628,-0.093851,0.541845,0.773415,-0.151426,0.549719,0.866787,-0.166322,0.547301,0.909852,-0.173774,0.392254,0.628381,-0.113636,0.467624,0.827985,-0.164559,0.478385,0.884807,-0.155211,0.477299,0.893628,-0.144227,0.326822,0.696899,-0.136242,0.393476,0.83718,-0.169936,0.41599,0.88366,-0.160558,0.423063,0.890454,-0.149513
344,11466,True,0.9994,0.9994,0.327692,0.785624,0.0,0.434007,0.78191,-0.027652,0.535974,0.762055,-0.061605,0.61493,0.771267,-0.093067,0.683437,0.751549,-0.124118,0.511643,0.59431,-0.088337,0.55282,0.636051,-0.14094,0.590737,0.667872,-0.175459,0.624674,0.696523,-0.198399,0.44594,0.594193,-0.101641,0.511981,0.795979,-0.154094,0.513795,0.871722,-0.163591,0.508997,0.89762,-0.169369,0.37745,0.640986,-0.116604,0.444782,0.846727,-0.157413,0.449941,0.876912,-0.141012,0.445962,0.865847,-0.128508,0.313317,0.705041,-0.135776,0.373513,0.855314,-0.165997,0.39696,0.880428,-0.156384,0.405129,0.871185,-0.145514
345,11500,True,0.9953,0.9953,0.314014,0.808755,0.0,0.419717,0.806656,-0.032367,0.517363,0.78882,-0.066554,0.592922,0.804115,-0.097697,0.658979,0.794645,-0.127405,0.492361,0.615463,-0.088247,0.525514,0.680919,-0.141281,0.557657,0.709169,-0.177822,0.585152,0.724329,-0.202716,0.423688,0.61335,-0.097925,0.472401,0.815451,-0.146711,0.474761,0.869056,-0.156036,0.470145,0.876567,-0.163838,0.353851,0.657722,-0.110163,0.405953,0.863266,-0.14542,0.412158,0.878356,-0.128569,0.408815,0.856112,-0.117865,0.288551,0.720003,-0.127752,0.336349,0.876959,-0.155877,0.355546,0.885344,-0.148969,0.360369,0.859304,-0.140933
346,11533,True,0.9935,0.9935,0.307065,0.864158,0.0,0.411894,0.849749,-0.035242,0.499279,0.820571,-0.067919,0.567428,0.822653,-0.09824,0.633101,0.826604,-0.126936,0.484849,0.627827,-0.07782,0.511282,0.707075,-0.134085,0.540335,0.754474,-0.169352,0.570466,0.784101,-0.191438,0.407777,0.617751,-0.086308,0.437848,0.81355,-0.141269,0.450962,0.89478,-0.154701,0.461223,0.921729,-0.162584,0.329056,0.655084,-0.099001,0.361126,0.860931,-0.147573,0.386538,0.916199,-0.144637,0.406082,0.921975,-0.13936,0.258096,0.71688,-0.115935,0.283213,0.871339,-0.149518,0.304287,0.903972,-0.150866,0.320203,0.893769,-0.147916
347,11566,True,0.9958,0.9958,0.312778,0.850602,0.0,0.402326,0.851877,-0.032664,0.484053,0.837912,-0.065222,0.544553,0.847168,-0.099083,0.608191,0.853415,-0.133053,0.471719,0.640033,-0.067914,0.496796,0.715717,-0.126026,0.533511,0.757719,-0.167314,0.573075,0.787457,-0.194004,0.388067,0.622041,-0.081122,0.424847,0.862643,-0.139598,0.435283,0.931711,-0.155988,0.439522,0.933488,-0.16367,0.303527,0.65836,-0.098715,0.337386,0.898363,-0.151008,0.354928,0.940291,-0.142961,0.366752,0.918925,-0.131091,0.228513,0.715916,-0.121142,0.255145,0.895342,-0.159006,0.279652,0.93046,-0.154694,0.295039,0.910386,-0.144167
348,11600,True,0.974,0.974,0.305253,0.814334,0.0,0.391669,0.817601,-0.039673,0.463017,0.816761,-0.078585,0.524355,0.827215,-0.118126,0.592782,0.838504,-0.158444,0.442341,0.611639,-0.081411,0.476695,0.705982,-0.144431,0.50941,0.765147,-0.186114,0.543831,0.806558,-0.211499,0.358613,0.607949,-0.093572,0.400933,0.812138,-0.156214,0.426505,0.90354,-0.175895,0.444847,0.941627,-0.187209,0.276538,0.648637,-0.110501,0.315733,0.855009,-0.168375,0.349253,0.919882,-0.173982,0.375208,0.937882,-0.172876,0.206433,0.707718,-0.131957,0.23163,0.867428,-0.17242,0.261218,0.919002,-0.178312,0.285022,0.930365,-0.178078
349,11633,True,0.9211,0.9211,0.303079,0.79447,-0.0,0.383092,0.798509,-0.042652,0.450755,0.794226,-0.082547,0.510484,0.80543,-0.122043,0.568202,0.821761,-0.16103,0.429846,0.587352,-0.084812,0.447025,0.672536,-0.145353,0.453849,0.710055,-0.181727,0.463745,0.723886,-0.203163,0.349708,0.583268,-0.09357,0.381882,0.79146,-0.15054,0.407627,0.876209,-0.162313,0.430901,0.905063,-0.167902,0.273027,0.621975,-0.107267,0.309382,0.835285,-0.160483,0.34469,0.897858,-0.1574,0.374753,0.912352,-0.150143,0.205799,0.677342,-0.126432,0.228837,0.84264,-0.165013,0.257406,0.902424,-0.166207,0.283828,0.919163,-0.161252
350,11666,True,0.9246,0.9246,0.289999,0.856359,0.0,0.375551,0.826342,-0.030053,0.445709,0.783169,-0.061613,0.508127,0.777383,-0.095049,0.570936,0.787655,-0.127429,0.415164,0.567528,-0.055134,0.428588,0.613524,-0.102036,0.440188,0.628324,-0.132983,0.459017,0.633293,-0.153154,0.338838,0.561449,-0.064711,0.372841,0.756111,-0.11432,0.405125,0.836726,-0.128383,0.437782,0.87035,-0.133942,0.267372,0.602029,-0.078276,0.315285,0.812175,-0.120406,0.347704,0.86002,-0.119322,0.376178,0.8615,-0.113904,0.203276,0.66189,-0.096741,0.241402,0.828091,-0.127028,0.268359,0.875528,-0.129494,0.290718,0.872816,-0.125104
351,11700,True,0.9626,0.9626,0.28423,0.871539,0.0,0.372691,0.838751,-0.028543,0.449605,0.776471,-0.057823,0.516925,0.752082,-0.089671,0.59163,0.752444,-0.120297,0.41276,0.572604,-0.048803,0.431754,0.585466,-0.096727,0.453698,0.574672,-0.129523,0.48721,0.559392,-0.15194,0.341313,0.555331,-0.059862,0.391172,0.727081,-0.116873,0.421664,0.807837,-0.13416,0.451397,0.841022,-0.139172,0.273844,0.589872,-0.075296,0.327938,0.787847,-0.123006,0.351452,0.843336,-0.1239,0.372756,0.848219,-0.117497,0.213176,0.648341,-0.09568,0.255803,0.800174,-0.126365,0.276277,0.849476,-0.129438,0.290498,0.848065,-0.125444
352,11733,True,0.9966,0.9966,0.276134,0.836754,0.0,0.378582,0.811163,-0.025714,0.463301,0.763707,-0.057637,0.53425,0.747098,-0.092843,0.611135,0.745278,-0.129865,0.428351,0.557665,-0.059318,0.479293,0.564013,-0.107082,0.525578,0.544334,-0.143151,0.577448,0.527708,-0.169141,0.358417,0.544905,-0.073821,0.432716,0.71753,-0.134223,0.45893,0.805398,-0.154404,0.47414,0.858176,-0.162073,0.292479,0.590202,-0.091116,0.365042,0.769394,-0.143552,0.390352,0.825509,-0.147397,0.405175,0.852272,-0.143053,0.236316,0.662242,-0.112367,0.302688,0.794035,-0.149753,0.334939,0.847906,-0.153669,0.355815,0.872092,-0.149773
353,11766,True,0.9975,0.9975,0.305,0.800138,0.0,0.402832,0.774248,-0.025904,0.48858,0.734881,-0.059347,0.562355,0.730282,-0.095131,0.633893,0.738422,-0.131458,0.460624,0.550008,-0.069236,0.502105,0.555205,-0.1233,0.545856,0.554006,-0.162369,0.591462,0.554523,-0.189055,0.393428,0.547498,-0.084658,0.465261,0.718287,-0.147401,0.487905,0.793396,-0.167896,0.498478,0.830382,-0.177269,0.329753,0.595462,-0.102649,0.405523,0.785914,-0.154934,0.422526,0.835921,-0.152985,0.426853,0.849984,-0.145446,0.274733,0.667735,-0.124687,0.339879,0.79922,-0.159758,0.359267,0.829894,-0.158663,0.364577,0.824755,-0.152265
354,11800,True,0.9993,0.9993,0.291909,0.830334,0.0,0.399312,0.795731,-0.009301,0.494739,0.751429,-0.033337,0.570082,0.740951,-0.061447,0.643434,0.745826,-0.090633,0.480814,0.574288,-0.043747,0.514452,0.589478,-0.091139,0.556462,0.603453,-0.124514,0.59904,0.623731,-0.145862,0.419828,0.567702,-0.065577,0.49532,0.702052,-0.12199,0.517651,0.800949,-0.141369,0.52643,0.87032,-0.147708,0.357939,0.607325,-0.088878,0.426757,0.765779,-0.143475,0.447877,0.846584,-0.146488,0.458663,0.897139,-0.138506,0.301073,0.67157,-0.113577,0.362232,0.787279,-0.147197,0.394321,0.852419,-0.144989,0.416295,0.892333,-0.136305
355,11833,True,0.9993,0.9993,0.291734,0.811926,0.0,0.404721,0.795319,-0.017188,0.50341,0.768501,-0.044209,0.5829,0.776479,-0.073575,0.658087,0.789065,-0.103558,0.499782,0.59785,-0.050552,0.547825,0.628785,-0.098729,0.599006,0.664486,-0.132554,0.645478,0.703776,-0.154174,0.439792,0.597295,-0.068638,0.511257,0.761339,-0.122932,0.522052,0.859604,-0.139708,0.520754,0.915495,-0.145413,0.374107,0.63815,-0.089329,0.439686,0.819937,-0.138495,0.452188,0.886868,-0.136779,0.454905,0.914468,-0.127532,0.313172,0.699793,-0.112595,0.370207,0.833582,-0.140979,0.394111,0.884859,-0.135362,0.406035,0.902456,-0.125574
356,11866,True,0.9993,0.9993,0.28844,0.779195,0.0,0.414362,0.784057,-0.021413,0.522999,0.785288,-0.052784,0.603447,0.809299,-0.085225,0.675555,0.818527,-0.116934,0.515439,0.622968,-0.070541,0.542809,0.670586,-0.124303,0.574262,0.731318,-0.159943,0.601198,0.782611,-0.182527,0.450617,0.621676,-0.089419,0.497586,0.808968,-0.146735,0.50615,0.902907,-0.163069,0.501733,0.949929,-0.170497,0.38111,0.658523,-0.110306,0.425768,0.864057,-0.156947,0.433553,0.919576,-0.146293,0.429909,0.931425,-0.134271,0.314202,0.711298,-0.135024,0.354411,0.872211,-0.166026,0.376543,0.924663,-0.157235,0.389147,0.939587,-0.145625
357,11900,True,0.9996,0.9996,0.28584,0.76601,0.0,0.393997,0.781563,-0.022125,0.494961,0.799234,-0.051983,0.562987,0.832686,-0.080202,0.62178,0.851179,-0.10794,0.501576,0.650385,-0.084111,0.515694,0.707963,-0.131853,0.541272,0.766266,-0.159928,0.564261,0.816836,-0.177751,0.435841,0.6482,-0.100987,0.472101,0.840864,-0.149629,0.472201,0.923181,-0.158702,0.468371,0.961372,-0.163208,0.363119,0.682914,-0.118448,0.391518,0.896755,-0.160882,0.400337,0.941952,-0.149619,0.403309,0.942724,-0.138316,0.291342,0.731872,-0.138661,0.324516,0.897489,-0.165308,0.344682,0.937926,-0.154138,0.355506,0.941422,-0.142556
358,11933,True,0.999,0.999,0.286879,0.72553,1e-06,0.375749,0.726948,-0.025496,0.471923,0.759671,-0.060161,0.535737,0.838672,-0.09313,0.594472,0.883096,-0.128987,0.47432,0.66189,-0.094619,0.531966,0.776139,-0.147905,0.581588,0.845418,-0.18804,0.624792,0.904561,-0.217256,0.408586,0.665532,-0.111486,0.457657,0.895728,-0.160324,0.478298,0.994426,-0.170826,0.501341,1.053865,-0.181429,0.334908,0.699498,-0.128757,0.375146,0.929404,-0.162948,0.39258,0.958992,-0.139039,0.40672,0.947322,-0.12569,0.264899,0.745973,-0.150894,0.29783,0.918044,-0.17677,0.326901,0.942641,-0.159375,0.344714,0.929485,-0.146404
359,11966,True,0.9992,0.9992,0.277558,0.771117,1e-06,0.377426,0.784458,-0.028079,0.473799,0.812113,-0.064241,0.541313,0.861282,-0.096497,0.608831,0.880292,-0.127956,0.463092,0.660944,-0.111269,0.505512,0.73962,-0.1656,0.536469,0.804994,-0.19711,0.558736,0.853664,-0.217358,0.391149,0.650547,-0.125862,0.428556,0.846511,-0.176444,0.434006,0.933939,-0.178897,0.437451,0.976872,-0.181276,0.313013,0.682847,-0.140819,0.341859,0.89411,-0.182724,0.366327,0.95073,-0.163015,0.383672,0.953408,-0.149029,0.241592,0.73291,-0.158796,0.270205,0.893985,-0.187743,0.302302,0.927285,-0.174266,0.322853,0.918738,-0.163011
360,12000,True,0.9994,0.9994,0.273027,0.843905,1e-06,0.372527,0.836657,-0.030708,0.46437,0.823926,-0.06348,0.534538,0.84185,-0.093722,0.600761,0.847602,-0.123279,0.449445,0.631212,-0.084552,0.48152,0.716739,-0.135886,0.50511,0.779292,-0.167219,0.525372,0.826076,-0.187978,0.36922,0.619831,-0.097176,0.408837,0.795062,-0.152299,0.418039,0.904265,-0.165859,0.421191,0.962077,-0.173808,0.288671,0.650877,-0.111734,0.324168,0.837675,-0.163912,0.344292,0.921602,-0.160601,0.355668,0.951683,-0.154443,0.219267,0.707975,-0.128818,0.254557,0.854848,-0.163454,0.281444,0.91082,-0.160643,0.298119,0.924978,-0.155435
361,12033,True,0.9877,0.9877,0.292097,0.821031,0.0,0.38611,0.821953,-0.043627,0.463238,0.817053,-0.084976,0.524315,0.817471,-0.125568,0.57631,0.821706,-0.165589,0.442481,0.599302,-0.080654,0.460951,0.692953,-0.144483,0.482014,0.733067,-0.185038,0.507028,0.754443,-0.210189,0.356757,0.588153,-0.092207,0.40183,0.79284,-0.158661,0.41869,0.891142,-0.177256,0.434914,0.927979,-0.185578,0.275534,0.623831,-0.109017,0.320027,0.838558,-0.173569,0.351511,0.910972,-0.176216,0.379837,0.928754,-0.170608,0.207402,0.683077,-0.130407,0.241344,0.846799,-0.173887,0.276313,0.907318,-0.177581,0.308115,0.924378,-0.174596
362,12066,True,0.9838,0.9838,0.30562,0.80608,0.0,0.404913,0.817284,-0.054645,0.501289,0.825735,-0.100395,0.557038,0.814801,-0.143538,0.522789,0.807738,-0.186145,0.442834,0.585063,-0.098769,0.455859,0.693078,-0.169231,0.473353,0.734998,-0.210018,0.499304,0.74613,-0.233509,0.352101,0.575951,-0.107158,0.392977,0.794218,-0.176127,0.414407,0.888273,-0.190798,0.437376,0.914591,-0.195993,0.269179,0.615103,-0.121668,0.314701,0.84026,-0.185775,0.347982,0.907302,-0.182808,0.380767,0.913471,-0.173388,0.203166,0.676415,-0.142719,0.235077,0.843796,-0.18512,0.268886,0.904111,-0.186707,0.302584,0.920306,-0.182036
363,12100,True,0.9803,0.9803,0.306593,0.823953,-0.0,0.411642,0.829683,-0.05074,0.508761,0.83516,-0.093783,0.564366,0.812562,-0.135956,0.529312,0.80128,-0.178225,0.435432,0.586794,-0.089393,0.459174,0.69357,-0.155239,0.480041,0.7425,-0.197979,0.503748,0.763909,-0.222418,0.34309,0.582891,-0.098168,0.395321,0.790138,-0.159487,0.421992,0.878612,-0.178701,0.444289,0.916582,-0.188413,0.260454,0.624796,-0.112161,0.317579,0.840476,-0.165327,0.355079,0.905182,-0.167233,0.389124,0.923074,-0.16324,0.196093,0.686799,-0.132851,0.234417,0.845595,-0.165431,0.267822,0.900652,-0.166285,0.299623,0.921222,-0.162909
364,12133,True,0.9916,0.9916,0.306264,0.82452,-0.0,0.411516,0.833051,-0.058003,0.513306,0.838544,-0.106378,0.568925,0.815144,-0.152996,0.522557,0.802912,-0.198403,0.433298,0.58506,-0.098828,0.462337,0.700361,-0.172569,0.483933,0.75677,-0.219965,0.503251,0.785061,-0.246349,0.338353,0.582985,-0.105856,0.395199,0.806482,-0.174222,0.422075,0.889083,-0.196379,0.439695,0.917517,-0.208016,0.255242,0.628841,-0.119247,0.318367,0.859598,-0.175065,0.352529,0.910785,-0.177292,0.378172,0.909034,-0.174202,0.191203,0.695521,-0.140306,0.233693,0.86206,-0.175282,0.264972,0.909148,-0.177837,0.290541,0.918761,-0.175893
365,12166,True,0.9925,0.9925,0.308549,0.817178,-0.0,0.413592,0.824167,-0.058468,0.515331,0.829445,-0.10708,0.571849,0.807979,-0.153684,0.521052,0.801703,-0.199689,0.426811,0.58163,-0.103316,0.460422,0.708748,-0.175454,0.485271,0.767255,-0.222161,0.506802,0.7903,-0.248705,0.331632,0.585646,-0.109857,0.394645,0.81234,-0.175352,0.422911,0.888994,-0.196065,0.439109,0.913628,-0.207925,0.248984,0.635693,-0.122155,0.316683,0.861119,-0.176111,0.349378,0.909479,-0.177286,0.370912,0.908851,-0.174047,0.186773,0.705747,-0.14212,0.226824,0.867742,-0.177319,0.253953,0.911417,-0.179988,0.27511,0.922021,-0.178142
366,12200,True,0.9956,0.9956,0.300239,0.827662,-0.0,0.409803,0.834411,-0.058503,0.519071,0.832346,-0.108456,0.577307,0.806244,-0.156954,0.523261,0.80059,-0.203738,0.423951,0.587842,-0.105116,0.454673,0.690933,-0.17732,0.483081,0.743178,-0.221529,0.508344,0.772972,-0.24572,0.328241,0.58717,-0.111609,0.399084,0.813755,-0.178911,0.425872,0.88784,-0.196493,0.43913,0.912354,-0.204586,0.24567,0.636329,-0.123939,0.323173,0.863662,-0.175123,0.349209,0.905294,-0.167876,0.36164,0.899016,-0.158489,0.182385,0.707555,-0.144828,0.233619,0.871212,-0.178493,0.259437,0.904785,-0.177496,0.273616,0.903952,-0.171911
367,12233,True,0.9936,0.9936,0.305876,0.831235,-0.0,0.417667,0.83979,-0.064679,0.522529,0.835711,-0.116563,0.572977,0.802303,-0.166427,0.511136,0.791437,-0.21356,0.414626,0.576995,-0.100652,0.444236,0.684736,-0.175057,0.464956,0.759834,-0.221177,0.477744,0.790595,-0.2462,0.318378,0.583711,-0.104907,0.380649,0.806651,-0.17279,0.409944,0.89144,-0.194408,0.424974,0.90707,-0.205759,0.236534,0.632991,-0.116276,0.304819,0.858719,-0.16937,0.33593,0.91304,-0.16842,0.351723,0.904002,-0.163874,0.173407,0.701635,-0.136251,0.218831,0.865873,-0.167102,0.238986,0.909364,-0.166197,0.246652,0.911921,-0.16225
368,12266,True,0.9927,0.9927,0.304072,0.842129,-1e-06,0.412918,0.846706,-0.069805,0.516176,0.82869,-0.121474,0.556682,0.786241,-0.167902,0.49477,0.788571,-0.210624,0.396659,0.569926,-0.105351,0.426023,0.727392,-0.176427,0.437497,0.826488,-0.219995,0.442383,0.84261,-0.244695,0.303485,0.584255,-0.106557,0.362008,0.804244,-0.162685,0.386186,0.883117,-0.180289,0.39675,0.879193,-0.193718,0.225236,0.63642,-0.114783,0.288034,0.852328,-0.159445,0.319935,0.906613,-0.157659,0.335364,0.888023,-0.156703,0.163692,0.705907,-0.131732,0.198985,0.855403,-0.154025,0.220177,0.902004,-0.149323,0.230372,0.903032,-0.146151
369,12300,True,0.9838,0.9838,0.287338,0.802489,-0.0,0.387116,0.818002,-0.078909,0.469768,0.821344,-0.135372,0.486012,0.807751,-0.181869,0.420873,0.817595,-0.22367,0.354419,0.578525,-0.135749,0.375332,0.788009,-0.20462,0.392464,0.864251,-0.237541,0.402124,0.851525,-0.256306,0.276521,0.580438,-0.132181,0.325881,0.83078,-0.186535,0.359125,0.897623,-0.19285,0.380173,0.878904,-0.199746,0.212542,0.626434,-0.134385,0.267235,0.858702,-0.186351,0.312423,0.904438,-0.174626,0.341378,0.874632,-0.166044,0.165204,0.694211,-0.145697,0.194026,0.841602,-0.18281,0.224648,0.896445,-0.176406,0.249834,0.907035,-0.169361
370,12333,True,0.9858,0.9858,0.270366,0.808492,-0.0,0.341944,0.8019,-0.061764,0.410177,0.780318,-0.113028,0.471819,0.782343,-0.161109,0.531755,0.794345,-0.205479,0.367611,0.559226,-0.098526,0.401464,0.700719,-0.16803,0.416439,0.778497,-0.204158,0.427888,0.793053,-0.223925,0.284829,0.568367,-0.099197,0.322954,0.800491,-0.161893,0.353969,0.892937,-0.171596,0.372736,0.894896,-0.174465,0.211697,0.619398,-0.106766,0.252681,0.838262,-0.163333,0.293057,0.904963,-0.15337,0.317479,0.895221,-0.140535,0.149854,0.68635,-0.121623,0.177159,0.845668,-0.159145,0.217496,0.908016,-0.153712,0.244959,0.911124,-0.143121
371,12366,True,0.9737,0.9737,0.263754,0.799521,-0.0,0.340015,0.789065,-0.050932,0.405612,0.772645,-0.095592,0.470933,0.778287,-0.138728,0.543975,0.782489,-0.179559,0.371794,0.552586,-0.090544,0.397832,0.665616,-0.157291,0.401071,0.722794,-0.193478,0.4041,0.74135,-0.212426,0.285368,0.559139,-0.096212,0.324094,0.790258,-0.156463,0.365836,0.87311,-0.165272,0.399109,0.886602,-0.166142,0.208486,0.610803,-0.108102,0.255414,0.838077,-0.163555,0.304867,0.897101,-0.153986,0.341245,0.893996,-0.139381,0.142943,0.678068,-0.126517,0.171056,0.846503,-0.167821,0.212041,0.911053,-0.164111,0.245897,0.923489,-0.15181
372,12400,True,0.9745,0.9745,0.255551,0.826698,-0.0,0.340924,0.812183,-0.036722,0.413649,0.770909,-0.0741,0.483437,0.757306,-0.113204,0.564016,0.755371,-0.151768,0.363659,0.561086,-0.065235,0.380704,0.607743,-0.118899,0.397951,0.609289,-0.157439,0.421367,0.601153,-0.18311,0.283125,0.550546,-0.074216,0.339087,0.774236,-0.129861,0.375617,0.846583,-0.144226,0.40163,0.86826,-0.148485,0.212214,0.594293,-0.087855,0.275899,0.830528,-0.127579,0.299757,0.862448,-0.117691,0.314756,0.838526,-0.106531,0.153482,0.660234,-0.108353,0.196127,0.841289,-0.135997,0.200367,0.884314,-0.131882,0.194482,0.8713,-0.122286
373,12433,True,0.9711,0.9711,0.263199,0.810327,0.0,0.358583,0.795638,-0.0359,0.436849,0.764102,-0.071973,0.503054,0.757793,-0.11054,0.574087,0.749298,-0.149907,0.381894,0.567854,-0.071428,0.415031,0.590566,-0.124126,0.452403,0.580799,-0.162289,0.500959,0.570202,-0.187944,0.302184,0.552615,-0.081002,0.367233,0.746613,-0.146055,0.421498,0.834257,-0.166657,0.466863,0.88821,-0.172332,0.231274,0.591551,-0.093601,0.297238,0.804602,-0.143382,0.340048,0.862264,-0.141055,0.374332,0.889665,-0.13101,0.171313,0.652406,-0.112423,0.224602,0.814961,-0.146546,0.263042,0.865893,-0.147047,0.292347,0.884192,-0.139038
374,12466,True,0.9877,0.9877,0.263962,0.821561,0.0,0.364327,0.797309,-0.029622,0.449229,0.759069,-0.063569,0.523936,0.75632,-0.101258,0.598615,0.759613,-0.139339,0.402188,0.563623,-0.061677,0.444226,0.579238,-0.11719,0.489885,0.599296,-0.157888,0.535753,0.624144,-0.183747,0.328528,0.566519,-0.075169,0.401317,0.749318,-0.135933,0.437634,0.842716,-0.155691,0.460093,0.895023,-0.163837,0.261405,0.618542,-0.092369,0.336949,0.80456,-0.138638,0.362146,0.860373,-0.13486,0.374043,0.880121,-0.126895,0.204873,0.689215,-0.115127,0.269011,0.830629,-0.144629,0.298865,0.878758,-0.140433,0.314456,0.890896,-0.131567
375,12500,True,0.9977,0.9977,0.283499,0.796308,-0.0,0.387733,0.796768,-0.037409,0.477631,0.785842,-0.077042,0.548849,0.789559,-0.117208,0.604954,0.777562,-0.156659,0.451699,0.589834,-0.086388,0.472771,0.646702,-0.148661,0.505731,0.678242,-0.191212,0.539732,0.704788,-0.217998,0.370933,0.591012,-0.098986,0.429464,0.813378,-0.165238,0.450498,0.888669,-0.182639,0.458121,0.916406,-0.189978,0.294507,0.638594,-0.115694,0.357789,0.856558,-0.16758,0.376317,0.888403,-0.158221,0.38124,0.877528,-0.146707,0.229402,0.70492,-0.138446,0.285552,0.867774,-0.176121,0.308924,0.896183,-0.173627,0.318485,0.88021,-0.165261
376,12533,True,0.9928,0.9928,0.280859,0.789128,0.0,0.374456,0.787856,-0.028281,0.459812,0.784916,-0.059059,0.531018,0.818039,-0.09286,0.592888,0.838263,-0.127606,0.456559,0.614171,-0.060735,0.488851,0.695775,-0.116581,0.526286,0.758404,-0.156827,0.562369,0.814268,-0.180918,0.380789,0.613501,-0.074717,0.415809,0.811644,-0.132451,0.433121,0.897928,-0.150848,0.439198,0.941719,-0.159077,0.302936,0.646112,-0.092616,0.341772,0.834151,-0.14221,0.35816,0.896204,-0.137266,0.360689,0.918248,-0.127162,0.232425,0.693937,-0.11494,0.264674,0.846796,-0.149293,0.288574,0.898445,-0.145872,0.302686,0.909115,-0.136576
377,12566,True,0.8964,0.8964,0.288547,0.767943,-0.0,0.359337,0.786564,-0.049488,0.436574,0.803581,-0.090968,0.502604,0.830429,-0.127643,0.563067,0.85392,-0.165226,0.423282,0.648053,-0.110007,0.441376,0.772673,-0.166416,0.452754,0.83196,-0.196242,0.470624,0.863661,-0.21459,0.359925,0.641101,-0.112415,0.378436,0.846802,-0.17268,0.385839,0.926082,-0.186091,0.401527,0.960101,-0.195035,0.30183,0.664417,-0.118062,0.325936,0.860296,-0.179835,0.350309,0.930377,-0.185988,0.376147,0.963428,-0.185429,0.2494,0.6982,-0.126776,0.269045,0.837288,-0.17565,0.293255,0.888139,-0.186244,0.321752,0.907238,-0.189701
378,12600,True,0.9914,0.9914,0.274078,0.848142,0.0,0.369061,0.848299,-0.037976,0.456675,0.837987,-0.06992,0.524518,0.835108,-0.099139,0.585358,0.835078,-0.128179,0.441819,0.648486,-0.076583,0.470889,0.73852,-0.131943,0.504768,0.804198,-0.167592,0.540862,0.85692,-0.189636,0.3573,0.636699,-0.085669,0.383063,0.810758,-0.146491,0.396845,0.899674,-0.164334,0.408572,0.940107,-0.172174,0.27623,0.663922,-0.098642,0.30229,0.850912,-0.158009,0.328358,0.91774,-0.1586,0.348851,0.937323,-0.15144,0.205649,0.711287,-0.115133,0.23283,0.856237,-0.159952,0.261672,0.914049,-0.161927,0.28581,0.930562,-0.155916
379,12633,True,0.968,0.968,0.276583,0.80283,0.0,0.362466,0.809444,-0.043683,0.431035,0.8085,-0.086162,0.493773,0.812552,-0.127689,0.561921,0.810139,-0.17005,0.410259,0.601882,-0.094653,0.435999,0.685482,-0.160643,0.465259,0.733196,-0.202954,0.498936,0.765626,-0.22962,0.329716,0.597972,-0.106961,0.367812,0.785177,-0.174296,0.397581,0.879925,-0.194416,0.424086,0.925797,-0.206186,0.251751,0.635838,-0.123629,0.287842,0.829775,-0.188356,0.327563,0.906813,-0.191844,0.362868,0.942804,-0.188921,0.184506,0.693113,-0.144801,0.205675,0.843575,-0.191864,0.238779,0.904943,-0.19743,0.27071,0.932274,-0.196526
380,12666,True,0.9576,0.9576,0.282035,0.792578,0.0,0.362503,0.778017,-0.035643,0.426454,0.754139,-0.071621,0.491442,0.755801,-0.109028,0.558349,0.76391,-0.147202,0.389942,0.570336,-0.079859,0.40846,0.602782,-0.13683,0.420567,0.618751,-0.170643,0.441652,0.625167,-0.191967,0.313006,0.564808,-0.092113,0.348473,0.747627,-0.156089,0.383537,0.842649,-0.170837,0.419504,0.886377,-0.175818,0.240685,0.609275,-0.108262,0.284864,0.805795,-0.17015,0.32948,0.876748,-0.17254,0.370755,0.903649,-0.166334,0.18025,0.673594,-0.128373,0.206581,0.819132,-0.173443,0.237084,0.877663,-0.179131,0.267523,0.899955,-0.176089
381,12700,True,0.9696,0.9696,0.257332,0.846506,0.0,0.340739,0.814377,-0.027354,0.413481,0.75948,-0.058361,0.477315,0.732392,-0.092036,0.548059,0.72111,-0.124997,0.380225,0.557029,-0.05372,0.390004,0.565146,-0.100401,0.404178,0.559337,-0.129883,0.43483,0.546971,-0.150657,0.303198,0.54003,-0.067285,0.34809,0.703086,-0.127148,0.377906,0.797231,-0.143863,0.408125,0.843607,-0.147741,0.231499,0.578031,-0.084248,0.285089,0.770264,-0.138326,0.32058,0.840405,-0.137705,0.353139,0.863586,-0.128773,0.168647,0.641923,-0.105214,0.213468,0.788338,-0.142374,0.244718,0.849389,-0.144599,0.269003,0.86252,-0.138441
382,12733,True,0.9796,0.9796,0.272426,0.819392,0.0,0.360359,0.788944,-0.03583,0.429247,0.734603,-0.071433,0.487942,0.707964,-0.107196,0.562452,0.702135,-0.143613,0.389709,0.541497,-0.074289,0.410094,0.548136,-0.12564,0.425068,0.523808,-0.159069,0.452818,0.491888,-0.182895,0.309164,0.518549,-0.083567,0.356795,0.681081,-0.148186,0.38905,0.776406,-0.163234,0.417989,0.825418,-0.165222,0.235052,0.553362,-0.096303,0.287199,0.744785,-0.15342,0.326012,0.815591,-0.152058,0.358739,0.84299,-0.1419,0.173124,0.616518,-0.113913,0.218719,0.765739,-0.153246,0.251676,0.828941,-0.15712,0.275663,0.848552,-0.152099
383,12766,True,0.9696,0.9696,0.263301,0.825575,0.0,0.351688,0.798822,-0.031486,0.424351,0.746481,-0.064478,0.484585,0.724471,-0.099414,0.557711,0.716232,-0.134536,0.384026,0.530952,-0.058545,0.411864,0.554695,-0.107924,0.434438,0.547067,-0.140782,0.466974,0.530022,-0.164195,0.311229,0.524973,-0.071772,0.368925,0.686684,-0.129863,0.401424,0.780742,-0.145123,0.430892,0.823,-0.149806,0.244039,0.572458,-0.088996,0.304437,0.751884,-0.141578,0.336573,0.82072,-0.139033,0.363939,0.841119,-0.130394,0.186858,0.643595,-0.110967,0.236017,0.782241,-0.146045,0.272214,0.841806,-0.145973,0.300552,0.857805,-0.139703
384,12800,True,0.9659,0.9659,0.270357,0.817775,-0.0,0.356925,0.792747,-0.032162,0.431986,0.750631,-0.063618,0.496521,0.73911,-0.096773,0.562042,0.743994,-0.128429,0.408879,0.558613,-0.055613,0.43301,0.628669,-0.10866,0.450265,0.659314,-0.143116,0.469657,0.676571,-0.164096,0.335729,0.566156,-0.065777,0.378839,0.754363,-0.120801,0.396595,0.835434,-0.135476,0.407627,0.863032,-0.140171,0.26574,0.613005,-0.080713,0.311307,0.811718,-0.126421,0.325424,0.860352,-0.121333,0.330863,0.849039,-0.112098,0.201632,0.673583,-0.100763,0.239131,0.831812,-0.129784,0.250542,0.869964,-0.127205,0.248632,0.848375,-0.119751
385,12833,True,0.9704,0.9704,0.278581,0.81453,-0.0,0.360641,0.811701,-0.040262,0.434489,0.797064,-0.078249,0.501662,0.791043,-0.115805,0.575304,0.78691,-0.150568,0.424914,0.61403,-0.078237,0.462455,0.733771,-0.152037,0.476826,0.815192,-0.198458,0.488443,0.871222,-0.221658,0.346492,0.609508,-0.084839,0.371834,0.841812,-0.145407,0.384389,0.916691,-0.157465,0.396478,0.928764,-0.161377,0.27045,0.643964,-0.098147,0.294323,0.877589,-0.14561,0.303676,0.911657,-0.133013,0.310835,0.883472,-0.119453,0.202623,0.691382,-0.117691,0.217338,0.872918,-0.149711,0.22421,0.901719,-0.144902,0.223982,0.869534,-0.134583
386,12866,True,0.9814,0.9814,0.32255,0.672947,-0.0,0.249858,0.729194,-0.060732,0.184454,0.804376,-0.120832,0.163408,0.872293,-0.174353,0.189953,0.926853,-0.22689,0.209061,0.694387,-0.150928,0.205636,0.886403,-0.2129,0.230899,0.923989,-0.238142,0.25997,0.911992,-0.251285,0.274285,0.670473,-0.149647,0.278237,0.908895,-0.205561,0.313999,0.959926,-0.209919,0.347513,0.957201,-0.213992,0.346014,0.671752,-0.149314,0.354927,0.88895,-0.217181,0.390879,0.94917,-0.215025,0.420623,0.968626,-0.204384,0.413747,0.685588,-0.153347,0.445729,0.822126,-0.20786,0.475788,0.883603,-0.209092,0.504717,0.920681,-0.201945
387,12900,True,0.9799,0.9799,0.241137,0.666971,-1e-06,0.318509,0.686899,-0.065555,0.378688,0.756856,-0.129647,0.420779,0.848036,-0.180328,0.448857,0.914293,-0.234312,0.388014,0.629371,-0.193831,0.444405,0.796161,-0.247569,0.452042,0.885026,-0.267778,0.450422,0.934649,-0.281105,0.327778,0.644767,-0.188988,0.35184,0.888103,-0.233569,0.368356,0.983563,-0.233184,0.382165,1.015589,-0.242365,0.265201,0.689274,-0.181143,0.280567,0.915197,-0.221576,0.296921,0.977137,-0.210784,0.310312,0.978747,-0.210084,0.207319,0.745142,-0.176805,0.215267,0.902014,-0.213933,0.236287,0.94426,-0.207306,0.256083,0.941837,-0.205565
388,12933,True,0.9978,0.9978,0.244865,0.682033,1e-06,0.331906,0.69821,-0.055087,0.390344,0.742364,-0.12771,0.411784,0.837808,-0.189491,0.425725,0.904391,-0.249632,0.376113,0.60297,-0.200313,0.416808,0.763394,-0.276519,0.428861,0.850917,-0.314485,0.431805,0.898203,-0.338468,0.294967,0.6231,-0.210957,0.341383,0.828749,-0.28446,0.358922,0.919868,-0.288875,0.370046,0.966481,-0.293651,0.222056,0.671601,-0.219988,0.270361,0.882292,-0.272874,0.302468,0.94081,-0.248458,0.328108,0.951423,-0.233878,0.162782,0.738647,-0.233617,0.201537,0.891388,-0.271368,0.243076,0.92919,-0.259745,0.279931,0.932862,-0.252351
389,12966,True,0.9972,0.9972,0.232167,0.773163,1e-06,0.335803,0.765296,-0.041826,0.424594,0.754706,-0.078255,0.498134,0.763008,-0.109817,0.5633,0.771095,-0.139513,0.386196,0.579611,-0.10387,0.38448,0.670747,-0.15938,0.387187,0.737134,-0.189085,0.394345,0.778009,-0.207572,0.300952,0.583557,-0.112464,0.315445,0.744842,-0.167286,0.346274,0.847927,-0.180399,0.37159,0.913961,-0.190538,0.223447,0.624231,-0.123599,0.244282,0.795514,-0.17921,0.284137,0.880309,-0.180396,0.316262,0.923328,-0.178414,0.161693,0.681234,-0.137663,0.169803,0.80964,-0.181248,0.184391,0.870535,-0.184187,0.196215,0.904374,-0.182318
390,13000,True,0.9889,0.9889,0.25657,0.827387,0.0,0.345083,0.794322,-0.033287,0.415153,0.748735,-0.06531,0.487387,0.734817,-0.097819,0.558572,0.729252,-0.129012,0.370983,0.541918,-0.06857,0.381381,0.598777,-0.114996,0.391887,0.640925,-0.144264,0.406395,0.666398,-0.16309,0.285965,0.546831,-0.077933,0.31843,0.719585,-0.129592,0.358003,0.816338,-0.145217,0.389403,0.873221,-0.153383,0.211479,0.593814,-0.090253,0.257443,0.776889,-0.137515,0.305873,0.85038,-0.140327,0.33994,0.888103,-0.137733,0.151082,0.659284,-0.106578,0.189251,0.803641,-0.140625,0.221018,0.865818,-0.14386,0.242312,0.896516,-0.140866
391,13033,True,0.9796,0.9796,0.254968,0.825768,-0.0,0.34281,0.798636,-0.029486,0.419663,0.747705,-0.062473,0.487823,0.720179,-0.098088,0.564867,0.706387,-0.133433,0.374947,0.544441,-0.06736,0.383595,0.55253,-0.123487,0.386306,0.554712,-0.157895,0.393233,0.549688,-0.178712,0.289223,0.526858,-0.080377,0.334454,0.71331,-0.143729,0.374414,0.807421,-0.15789,0.405506,0.851057,-0.159394,0.212409,0.569854,-0.097094,0.267729,0.777832,-0.154375,0.31327,0.849431,-0.151124,0.349065,0.876274,-0.138843,0.149099,0.639778,-0.118211,0.193469,0.797522,-0.159216,0.22409,0.866279,-0.160037,0.246432,0.890229,-0.150731
392,13066,True,0.9713,0.9713,0.257211,0.812242,0.0,0.350925,0.781941,-0.032679,0.426942,0.729607,-0.066447,0.49546,0.70575,-0.101695,0.570466,0.693094,-0.1374,0.377361,0.545394,-0.070975,0.395495,0.555227,-0.122977,0.404872,0.536724,-0.15553,0.426229,0.505352,-0.17813,0.293373,0.526771,-0.082342,0.346266,0.689572,-0.14782,0.38358,0.785403,-0.164596,0.418084,0.830404,-0.168117,0.21955,0.563956,-0.096604,0.281582,0.755612,-0.159303,0.325415,0.829415,-0.163068,0.363788,0.857201,-0.155221,0.158383,0.62696,-0.114812,0.212542,0.773948,-0.159043,0.253787,0.843401,-0.164937,0.28824,0.871257,-0.160662
393,13100,True,0.9831,0.9831,0.266985,0.814791,0.0,0.359314,0.784713,-0.031232,0.435868,0.727914,-0.06344,0.500013,0.704398,-0.097873,0.571088,0.690566,-0.132585,0.379955,0.535003,-0.0596,0.389944,0.543621,-0.109884,0.407478,0.536457,-0.14348,0.440685,0.522594,-0.166562,0.300015,0.524286,-0.072099,0.359893,0.685211,-0.135725,0.392433,0.78336,-0.154936,0.422152,0.82992,-0.160469,0.22963,0.568795,-0.088059,0.294313,0.751267,-0.148161,0.332762,0.826183,-0.151613,0.366036,0.854983,-0.144322,0.170778,0.637346,-0.107968,0.225107,0.77606,-0.14947,0.267125,0.844299,-0.152787,0.301989,0.871935,-0.147154
394,13133,True,0.9268,0.9268,0.286543,0.816117,-0.0,0.365153,0.79245,-0.040272,0.432065,0.753509,-0.077362,0.491574,0.739252,-0.11456,0.562092,0.7319,-0.150622,0.387059,0.533784,-0.072377,0.423022,0.613223,-0.12877,0.440606,0.64532,-0.163103,0.457625,0.65813,-0.183118,0.309144,0.541333,-0.079649,0.356583,0.7233,-0.134985,0.394071,0.811721,-0.146599,0.425924,0.852036,-0.14972,0.238758,0.589118,-0.091799,0.295082,0.78484,-0.139985,0.330629,0.849647,-0.133365,0.35737,0.865684,-0.122329,0.177114,0.652779,-0.109724,0.217151,0.803685,-0.141858,0.248263,0.855749,-0.140078,0.271299,0.86273,-0.132168
395,13166,True,0.8194,0.8194,0.278298,0.829223,-0.0,0.357402,0.814259,-0.054716,0.421435,0.794287,-0.099667,0.476837,0.796966,-0.140341,0.551995,0.807647,-0.178239,0.389924,0.567086,-0.090474,0.419717,0.738934,-0.151424,0.430569,0.791651,-0.18679,0.444418,0.788069,-0.207987,0.316584,0.578371,-0.091278,0.351579,0.810637,-0.139689,0.370417,0.864409,-0.145478,0.382682,0.851429,-0.149058,0.247813,0.624856,-0.098426,0.280908,0.857121,-0.143476,0.310168,0.890144,-0.131845,0.328354,0.860151,-0.120029,0.185166,0.682908,-0.112613,0.206388,0.852744,-0.143151,0.226368,0.894909,-0.137561,0.237427,0.882061,-0.128477
396,13200,True,0.8972,0.8972,0.282062,0.796548,-0.0,0.357531,0.802422,-0.054298,0.416307,0.806825,-0.099865,0.472992,0.822365,-0.143396,0.554409,0.846305,-0.185842,0.391543,0.607082,-0.098542,0.421995,0.760934,-0.16962,0.436332,0.834525,-0.209724,0.45526,0.863482,-0.230539,0.315211,0.610501,-0.100991,0.340469,0.855086,-0.164991,0.375818,0.933389,-0.176482,0.410078,0.948299,-0.179611,0.243707,0.655313,-0.10959,0.265371,0.889704,-0.170806,0.312005,0.948536,-0.16597,0.351511,0.953327,-0.153067,0.182582,0.70991,-0.12416,0.187356,0.87147,-0.168068,0.213111,0.914893,-0.16911,0.236009,0.914749,-0.160961
397,13233,True,0.9643,0.9643,0.287004,0.774991,-0.0,0.363549,0.773952,-0.057826,0.421391,0.789315,-0.107942,0.47918,0.814125,-0.153837,0.551949,0.833992,-0.19823,0.401883,0.607015,-0.1254,0.427065,0.792406,-0.207354,0.434481,0.87839,-0.250739,0.445005,0.909679,-0.272832,0.313434,0.613931,-0.129209,0.337583,0.866631,-0.199756,0.371858,0.94077,-0.208582,0.400877,0.945949,-0.212142,0.233907,0.661167,-0.13905,0.254064,0.894837,-0.205902,0.300255,0.95602,-0.195966,0.336598,0.955594,-0.181113,0.169838,0.718567,-0.155131,0.180042,0.875712,-0.202789,0.213292,0.924812,-0.201622,0.241457,0.927562,-0.193109
398,13266,True,0.9676,0.9676,0.284316,0.791944,-0.0,0.358678,0.797402,-0.050992,0.424374,0.802141,-0.095791,0.489529,0.813022,-0.137757,0.560566,0.830804,-0.178109,0.398264,0.596517,-0.101169,0.417137,0.76204,-0.173708,0.427496,0.856508,-0.215433,0.441099,0.898521,-0.236691,0.310455,0.600134,-0.105526,0.334651,0.828137,-0.163348,0.364116,0.91603,-0.172871,0.389271,0.933802,-0.178366,0.230564,0.640894,-0.115398,0.258589,0.860394,-0.1677,0.299333,0.93128,-0.158537,0.328883,0.940394,-0.14795,0.164204,0.698943,-0.131492,0.183439,0.856923,-0.164468,0.214869,0.923594,-0.157218,0.236991,0.942299,-0.147111
399,13299,True,0.9543,0.9543,0.263299,0.797118,-0.0,0.348137,0.788102,-0.03886,0.41694,0.779057,-0.078287,0.481385,0.776969,-0.118145,0.553676,0.788018,-0.157572,0.386083,0.562948,-0.077396,0.406543,0.736969,-0.13847,0.416474,0.823152,-0.176723,0.427747,0.845914,-0.198339,0.299507,0.575427,-0.088489,0.329758,0.792181,-0.140735,0.367146,0.880807,-0.152561,0.398916,0.909362,-0.158547,0.22065,0.621602,-0.104048,0.256123,0.832253,-0.152538,0.305436,0.905797,-0.148651,0.344758,0.924592,-0.1406,0.155143,0.682833,-0.124692,0.175365,0.83576,-0.155758,0.204742,0.901119,-0.150878,0.228638,0.923437,-0.141798
400,13333,True,0.9593,0.9593,0.263839,0.804228,-0.0,0.348421,0.782797,-0.031577,0.419646,0.749989,-0.064158,0.489026,0.740697,-0.098672,0.560588,0.744432,-0.132882,0.376316,0.536398,-0.066798,0.387932,0.623315,-0.120786,0.394986,0.680531,-0.153346,0.403851,0.709872,-0.170734,0.292551,0.543403,-0.077711,0.326853,0.748864,-0.129171,0.363927,0.841823,-0.140257,0.395083,0.883099,-0.143441,0.216342,0.590267,-0.092635,0.263277,0.800812,-0.136719,0.302177,0.865906,-0.133403,0.331944,0.880716,-0.125816,0.151603,0.654967,-0.112247,0.188499,0.818508,-0.141319,0.205579,0.885756,-0.137735,0.215262,0.903923,-0.129031
401,13366,True,0.9801,0.9801,0.263626,0.796224,-0.0,0.350388,0.769167,-0.030363,0.424133,0.727165,-0.065262,0.492011,0.709156,-0.10305,0.567617,0.703295,-0.14228,0.375266,0.532535,-0.072056,0.386044,0.55119,-0.126755,0.391807,0.542305,-0.161204,0.40694,0.523724,-0.184288,0.289161,0.519866,-0.086973,0.338424,0.702033,-0.154411,0.379056,0.798255,-0.172006,0.414103,0.844124,-0.176166,0.213531,0.566524,-0.104815,0.27132,0.768744,-0.168007,0.318115,0.840717,-0.170487,0.357992,0.868725,-0.162071,0.152496,0.639145,-0.126546,0.198259,0.794756,-0.172389,0.232692,0.866139,-0.177722,0.261654,0.894326,-0.172682
402,13400,True,0.9907,0.9907,0.270123,0.794259,-0.0,0.352775,0.764409,-0.032936,0.426027,0.717374,-0.07054,0.495328,0.700148,-0.110027,0.572804,0.693571,-0.149352,0.374296,0.52552,-0.083348,0.39156,0.535064,-0.144715,0.396889,0.538958,-0.179605,0.404987,0.533265,-0.201058,0.286561,0.512877,-0.097856,0.342747,0.695741,-0.168805,0.384527,0.794858,-0.182613,0.416739,0.836122,-0.183896,0.210783,0.562002,-0.115823,0.277146,0.764608,-0.182507,0.325645,0.838866,-0.180729,0.363906,0.864837,-0.168964,0.151623,0.637617,-0.137921,0.206707,0.791996,-0.187438,0.249335,0.862324,-0.191725,0.283243,0.887813,-0.18492
403,13433,True,0.9672,0.9672,0.260766,0.839036,-1e-06,0.348983,0.809624,-0.03817,0.426766,0.761189,-0.073075,0.490629,0.730439,-0.106518,0.55642,0.71414,-0.136273,0.372715,0.521756,-0.073287,0.40405,0.677274,-0.125783,0.411293,0.762452,-0.155918,0.414155,0.790599,-0.172617,0.290812,0.535251,-0.08072,0.341384,0.752811,-0.124389,0.366328,0.829587,-0.131526,0.380121,0.848104,-0.134911,0.219086,0.583008,-0.091863,0.275842,0.796942,-0.127161,0.301598,0.853488,-0.115186,0.313796,0.851304,-0.104569,0.158316,0.650071,-0.108866,0.203561,0.807237,-0.131747,0.220371,0.867526,-0.121639,0.22439,0.875067,-0.109248
404,13466,True,0.9856,0.9856,0.272656,0.796962,-0.0,0.357205,0.796934,-0.051388,0.437861,0.798304,-0.097666,0.501736,0.801212,-0.1415,0.551351,0.80406,-0.183094,0.388647,0.573212,-0.097445,0.413736,0.76467,-0.170998,0.421398,0.848024,-0.216921,0.42971,0.861596,-0.242916,0.298721,0.588605,-0.102747,0.331931,0.83195,-0.158631,0.356169,0.898533,-0.168409,0.371819,0.890633,-0.176027,0.22047,0.637471,-0.114296,0.257839,0.871238,-0.158686,0.286161,0.914633,-0.146038,0.30089,0.890286,-0.136229,0.154978,0.697039,-0.133428,0.181378,0.872095,-0.158913,0.198343,0.913976,-0.151144,0.202771,0.898345,-0.143184
405,13500,True,0.9564,0.9564,0.287121,0.617199,-0.0,0.369921,0.645021,-0.047507,0.433584,0.734105,-0.107486,0.484941,0.829332,-0.16576,0.537818,0.895447,-0.226685,0.395283,0.630974,-0.154192,0.411673,0.897851,-0.236959,0.427224,1.001279,-0.286101,0.44147,1.033989,-0.313961,0.300299,0.642004,-0.164706,0.325438,0.925867,-0.223073,0.350125,0.980639,-0.226035,0.366537,0.964261,-0.235018,0.219139,0.673106,-0.17598,0.25243,0.935656,-0.220018,0.28027,0.970969,-0.194657,0.298396,0.942369,-0.179948,0.155481,0.711143,-0.194793,0.175981,0.906176,-0.217622,0.195241,0.93541,-0.197246,0.203586,0.917706,-0.184494
406,13533,True,0.97,0.97,0.309941,0.805711,2e-06,0.378612,0.818741,-0.067667,0.440072,0.852651,-0.152092,0.48813,0.895941,-0.214657,0.574918,0.917558,-0.280921,0.398799,0.653314,-0.312376,0.433504,0.845328,-0.398829,0.441236,0.983944,-0.42342,0.432758,1.077838,-0.432611,0.303225,0.656224,-0.311872,0.327586,0.920226,-0.390251,0.346267,1.041121,-0.378731,0.355312,1.101737,-0.372686,0.222536,0.690641,-0.300829,0.255809,0.954589,-0.362331,0.287432,1.04971,-0.332126,0.305771,1.082557,-0.313761,0.160223,0.742151,-0.290455,0.182296,0.919797,-0.339179,0.216055,0.990414,-0.328719,0.238936,1.01668,-0.323313
407,13566,True,0.9936,0.9936,0.28065,0.783685,-0.0,0.363677,0.794573,-0.068869,0.433139,0.815011,-0.129824,0.487232,0.857513,-0.185092,0.55251,0.888845,-0.236801,0.40375,0.640841,-0.145439,0.434243,0.838245,-0.233025,0.453821,0.952357,-0.278114,0.470125,1.001505,-0.301098,0.314277,0.641,-0.144125,0.341316,0.898468,-0.218899,0.372786,0.993277,-0.225724,0.39529,1.006176,-0.227762,0.236755,0.681162,-0.148473,0.267099,0.932669,-0.20303,0.297988,0.978834,-0.182249,0.314978,0.951376,-0.165531,0.171888,0.733147,-0.161928,0.188406,0.91839,-0.193491,0.220001,0.962154,-0.182254,0.239935,0.946964,-0.171575
408,13600,True,0.9584,0.9584,0.291496,0.772745,-0.0,0.377427,0.777712,-0.048977,0.442285,0.7941,-0.092294,0.502022,0.817072,-0.134051,0.567767,0.851961,-0.175221,0.404061,0.599738,-0.099118,0.42082,0.760058,-0.167043,0.442738,0.850107,-0.20722,0.467611,0.894017,-0.228222,0.317784,0.610582,-0.102993,0.343729,0.835028,-0.156936,0.378378,0.913637,-0.164198,0.406942,0.938809,-0.168173,0.238847,0.652059,-0.112131,0.271042,0.879072,-0.159309,0.31012,0.933615,-0.149597,0.338846,0.938929,-0.138933,0.174792,0.704241,-0.127825,0.193845,0.881027,-0.158569,0.218755,0.92999,-0.153517,0.23456,0.935813,-0.145112
409,13633,True,0.9728,0.9728,0.269715,0.798728,-0.0,0.361227,0.785019,-0.03843,0.43256,0.774145,-0.077332,0.497718,0.771119,-0.11662,0.554794,0.774092,-0.1561,0.39187,0.556019,-0.083176,0.422923,0.696975,-0.143142,0.435435,0.769039,-0.182037,0.444464,0.799714,-0.203994,0.30875,0.570914,-0.092182,0.353546,0.781052,-0.141621,0.382452,0.865162,-0.154286,0.406242,0.903664,-0.162145,0.232831,0.619151,-0.105066,0.281322,0.825631,-0.147423,0.317293,0.882765,-0.146695,0.34584,0.897967,-0.143387,0.170054,0.683565,-0.123237,0.196485,0.83891,-0.151375,0.217275,0.893846,-0.150502,0.233616,0.912113,-0.145868
410,13666,True,0.9725,0.9725,0.272487,0.798888,-0.0,0.359368,0.778653,-0.03729,0.427695,0.743419,-0.073254,0.49453,0.728969,-0.110151,0.565892,0.726357,-0.14682,0.382615,0.531999,-0.071389,0.391824,0.596441,-0.122588,0.397281,0.62918,-0.15415,0.40803,0.637776,-0.173453,0.301537,0.53947,-0.080935,0.340775,0.729751,-0.132549,0.377244,0.814105,-0.146429,0.408939,0.84509,-0.153347,0.227536,0.587777,-0.094489,0.276741,0.784035,-0.141542,0.320282,0.847668,-0.142133,0.35494,0.864541,-0.138067,0.164824,0.655273,-0.112923,0.200539,0.800839,-0.145517,0.22672,0.861879,-0.145957,0.246553,0.883692,-0.141006
411,13700,True,0.9763,0.9763,0.269037,0.80809,-0.0,0.347356,0.778433,-0.03167,0.417153,0.728068,-0.067585,0.480054,0.707304,-0.105785,0.557671,0.700164,-0.144834,0.367862,0.534263,-0.0733,0.387661,0.532003,-0.128408,0.396016,0.515531,-0.161918,0.408696,0.489802,-0.184836,0.286353,0.519131,-0.088079,0.33892,0.688044,-0.155139,0.380967,0.787353,-0.169475,0.416064,0.831402,-0.171602,0.212952,0.564968,-0.106339,0.273916,0.753255,-0.170383,0.320288,0.827621,-0.166744,0.358085,0.853166,-0.154387,0.154472,0.637498,-0.128613,0.195881,0.774914,-0.175757,0.228416,0.840707,-0.177832,0.25385,0.863651,-0.170117
412,13733,True,0.9827,0.9827,0.267879,0.78906,0.0,0.346935,0.76148,-0.036813,0.41809,0.701172,-0.071786,0.484605,0.677257,-0.107327,0.56102,0.669398,-0.143945,0.370479,0.535702,-0.085004,0.389174,0.507982,-0.140971,0.392209,0.468256,-0.174439,0.400037,0.417196,-0.197638,0.283768,0.508132,-0.094256,0.332411,0.67139,-0.164815,0.372599,0.770674,-0.177071,0.403348,0.809077,-0.175517,0.206084,0.546304,-0.106396,0.2691,0.729132,-0.172489,0.316566,0.809958,-0.166321,0.352576,0.840659,-0.149373,0.144117,0.61379,-0.122972,0.194885,0.747543,-0.172117,0.238786,0.816928,-0.173267,0.271631,0.843647,-0.162629
413,13766,True,0.9904,0.9904,0.272256,0.781218,0.0,0.351583,0.757172,-0.040439,0.42414,0.696857,-0.077954,0.48906,0.672489,-0.115873,0.562738,0.660817,-0.15387,0.373292,0.535087,-0.097714,0.384612,0.479094,-0.160935,0.382106,0.422394,-0.198509,0.386534,0.360793,-0.223623,0.283072,0.501892,-0.106073,0.337152,0.678337,-0.180473,0.38021,0.766835,-0.188912,0.410378,0.802394,-0.183459,0.204756,0.542656,-0.117713,0.273137,0.735537,-0.184926,0.321037,0.803448,-0.169504,0.356002,0.828634,-0.145243,0.144139,0.613261,-0.13502,0.201817,0.753729,-0.188475,0.251424,0.818908,-0.185561,0.290166,0.845318,-0.169374
414,13799,True,0.9907,0.9907,0.273788,0.781482,0.0,0.351622,0.756457,-0.038093,0.425964,0.696298,-0.074271,0.48798,0.672202,-0.112093,0.560701,0.660723,-0.150167,0.371489,0.53602,-0.090364,0.383311,0.474999,-0.150268,0.376051,0.42225,-0.184903,0.373176,0.363108,-0.208115,0.280586,0.505096,-0.099784,0.332373,0.668732,-0.168747,0.376316,0.76304,-0.176897,0.40706,0.796078,-0.172767,0.202349,0.545584,-0.112335,0.26926,0.731265,-0.178959,0.320119,0.806741,-0.166519,0.3561,0.833548,-0.14496,0.140763,0.615068,-0.129756,0.19707,0.750623,-0.181303,0.247564,0.82136,-0.177455,0.284604,0.854003,-0.161798
415,13833,True,0.9823,0.9823,0.244355,0.835511,-0.0,0.333792,0.805607,-0.029884,0.415501,0.730658,-0.061139,0.485605,0.692925,-0.095159,0.567779,0.680298,-0.129431,0.364418,0.558777,-0.070621,0.373798,0.498552,-0.124181,0.371179,0.461958,-0.159221,0.374711,0.435127,-0.181454,0.277667,0.529064,-0.080337,0.31684,0.70235,-0.143867,0.354004,0.803506,-0.1571,0.383907,0.854358,-0.156922,0.20154,0.564127,-0.09268,0.257294,0.753865,-0.142809,0.294335,0.830568,-0.131474,0.320546,0.865322,-0.114499,0.140155,0.626647,-0.110278,0.184399,0.765536,-0.143773,0.204846,0.83182,-0.137368,0.213364,0.85766,-0.123094
416,13866,True,0.9693,0.9693,0.245804,0.825492,-1e-06,0.330706,0.802473,-0.034647,0.409659,0.760239,-0.06729,0.483285,0.74903,-0.102199,0.548105,0.743952,-0.133884,0.349209,0.547969,-0.063067,0.366414,0.630076,-0.121463,0.372212,0.703107,-0.158342,0.376087,0.738836,-0.178033,0.26875,0.555578,-0.071975,0.303367,0.764135,-0.12221,0.327137,0.84715,-0.134418,0.341381,0.868059,-0.139385,0.197784,0.59872,-0.08597,0.24089,0.811331,-0.12531,0.263969,0.871631,-0.117422,0.27447,0.871768,-0.108006,0.137538,0.657324,-0.105831,0.170237,0.827498,-0.129154,0.180909,0.881478,-0.122325,0.180042,0.880203,-0.111999
417,13900,True,0.9863,0.9863,0.255916,0.794846,-1e-06,0.339836,0.800741,-0.053511,0.416148,0.807187,-0.104565,0.487222,0.827584,-0.153497,0.558338,0.841133,-0.19997,0.37292,0.607947,-0.107843,0.368415,0.795097,-0.186311,0.364849,0.897459,-0.235011,0.367555,0.930777,-0.26195,0.277035,0.612399,-0.114325,0.287683,0.861009,-0.173091,0.308109,0.93189,-0.182794,0.326227,0.920635,-0.190545,0.196686,0.65117,-0.126921,0.22309,0.892887,-0.171048,0.247634,0.936927,-0.155782,0.263589,0.905809,-0.145241,0.130944,0.70313,-0.14777,0.153908,0.88532,-0.16997,0.171665,0.935951,-0.155876,0.177903,0.924676,-0.144305
418,13933,True,0.9819,0.9819,0.258327,0.760227,-0.0,0.336735,0.778744,-0.053684,0.407272,0.818937,-0.10732,0.473841,0.876849,-0.156983,0.549356,0.921122,-0.204429,0.378111,0.649636,-0.13467,0.388219,0.84872,-0.209657,0.391399,0.937552,-0.250979,0.394359,0.97472,-0.272354,0.281687,0.646457,-0.138095,0.292972,0.907994,-0.190016,0.312409,0.945325,-0.193419,0.324327,0.920211,-0.200994,0.197619,0.674603,-0.145042,0.220946,0.927625,-0.179382,0.248646,0.942116,-0.159308,0.263611,0.899197,-0.149465,0.129187,0.715227,-0.160655,0.147249,0.909067,-0.180333,0.164239,0.936805,-0.166174,0.166956,0.91455,-0.156472
419,13966,True,0.9894,0.9894,0.268041,0.74908,-0.0,0.347102,0.765467,-0.047279,0.416897,0.813258,-0.096856,0.481362,0.874864,-0.143444,0.546104,0.921378,-0.189231,0.384389,0.652444,-0.126692,0.397173,0.873534,-0.191723,0.400441,0.944625,-0.229755,0.402155,0.957051,-0.2532,0.287489,0.656641,-0.13406,0.307554,0.926059,-0.175766,0.322072,0.942834,-0.179885,0.325335,0.897252,-0.19353,0.205278,0.687983,-0.143679,0.228567,0.938883,-0.170322,0.251432,0.942868,-0.149756,0.261366,0.88889,-0.144311,0.139965,0.727909,-0.161678,0.155892,0.921014,-0.178623,0.174031,0.936078,-0.164704,0.175516,0.899954,-0.158637
420,14000,True,0.9829,0.9829,0.278475,0.78393,-0.0,0.364284,0.79961,-0.059455,0.430709,0.819715,-0.111798,0.491918,0.851996,-0.160021,0.557214,0.871082,-0.206185,0.3877,0.617557,-0.116875,0.395007,0.801659,-0.18307,0.41097,0.880684,-0.224862,0.434438,0.904553,-0.250244,0.296121,0.629244,-0.118103,0.328976,0.880646,-0.166952,0.348499,0.921119,-0.176531,0.363714,0.903198,-0.188003,0.216762,0.668544,-0.124523,0.257491,0.91122,-0.162547,0.281238,0.931522,-0.152332,0.297962,0.897876,-0.147643,0.153536,0.716442,-0.139345,0.181262,0.901673,-0.164975,0.19429,0.92596,-0.15969,0.196196,0.902254,-0.155293
421,14033,True,0.9741,0.9741,0.290401,0.79208,-0.0,0.375033,0.7773,-0.041303,0.439415,0.764154,-0.083144,0.499742,0.779093,-0.124923,0.56308,0.795254,-0.167331,0.387009,0.567768,-0.089891,0.417554,0.723758,-0.145379,0.428331,0.757639,-0.181916,0.439723,0.745079,-0.205642,0.306124,0.586677,-0.097647,0.362261,0.829531,-0.137919,0.379906,0.866607,-0.143688,0.390068,0.848797,-0.150312,0.234066,0.638339,-0.109273,0.291868,0.881254,-0.143506,0.31305,0.899891,-0.12974,0.325884,0.862543,-0.120212,0.173402,0.700744,-0.127878,0.208422,0.88707,-0.154055,0.223335,0.921382,-0.147081,0.227261,0.907184,-0.138901
422,14066,True,0.948,0.948,0.281239,0.855087,-0.0,0.370753,0.824009,-0.041564,0.437338,0.771085,-0.074901,0.486728,0.728624,-0.107635,0.539628,0.686094,-0.140116,0.399744,0.572427,-0.069507,0.447558,0.64529,-0.121691,0.479554,0.66313,-0.155659,0.515759,0.668303,-0.176361,0.324272,0.575542,-0.073766,0.392874,0.768481,-0.127905,0.434745,0.856849,-0.14444,0.473837,0.904148,-0.151369,0.255998,0.624832,-0.082459,0.324141,0.828463,-0.131867,0.359699,0.885151,-0.134848,0.392192,0.903477,-0.130798,0.197105,0.692651,-0.096523,0.24459,0.834015,-0.133196,0.286244,0.883028,-0.138276,0.322548,0.89996,-0.135382
423,14100,True,0.9908,0.9908,0.276059,0.845675,-0.0,0.371316,0.823783,-0.041654,0.448879,0.779212,-0.078202,0.500244,0.73497,-0.111281,0.560343,0.688365,-0.143288,0.436775,0.589817,-0.076274,0.475352,0.701411,-0.140783,0.530533,0.752186,-0.184501,0.593182,0.784766,-0.211756,0.353474,0.585169,-0.084487,0.406234,0.777765,-0.152582,0.431709,0.880501,-0.170062,0.448551,0.930192,-0.173909,0.275314,0.625614,-0.097785,0.328752,0.839749,-0.160067,0.360759,0.904894,-0.156722,0.384963,0.91682,-0.143721,0.209627,0.688996,-0.115776,0.255641,0.848565,-0.157991,0.289494,0.904354,-0.156515,0.312486,0.908722,-0.146314
424,14133,True,0.9914,0.9914,0.313705,0.856974,0.0,0.388632,0.844492,-0.04476,0.452806,0.803883,-0.081332,0.514044,0.796661,-0.11579,0.584513,0.809762,-0.148746,0.430132,0.599626,-0.073064,0.43628,0.666984,-0.130276,0.447563,0.694376,-0.166491,0.465201,0.705716,-0.189031,0.347724,0.598283,-0.078352,0.363563,0.797703,-0.138029,0.386678,0.882626,-0.153133,0.410615,0.909631,-0.158648,0.271707,0.640922,-0.089342,0.296,0.857949,-0.143478,0.327459,0.911881,-0.140368,0.35512,0.908906,-0.131716,0.205794,0.701602,-0.105722,0.224468,0.865063,-0.142769,0.248501,0.911843,-0.14217,0.269366,0.905152,-0.135277
425,14166,True,0.977,0.977,0.28972,0.786027,-0.0,0.369309,0.799814,-0.064392,0.438514,0.807715,-0.118378,0.500888,0.831989,-0.167274,0.554259,0.860335,-0.213085,0.396945,0.609286,-0.11975,0.401875,0.79495,-0.194831,0.421424,0.888026,-0.23549,0.452968,0.90438,-0.257805,0.308569,0.624551,-0.120732,0.326707,0.86917,-0.183724,0.367723,0.948496,-0.189676,0.406069,0.944616,-0.191795,0.23289,0.66897,-0.128341,0.263083,0.904497,-0.184206,0.306823,0.957409,-0.170676,0.34084,0.939754,-0.155749,0.173777,0.721587,-0.143784,0.193745,0.890301,-0.178171,0.214589,0.932819,-0.170062,0.226698,0.921257,-0.158729
426,14200,True,0.9894,0.9894,0.260958,0.779246,-0.0,0.335802,0.78951,-0.061813,0.401801,0.802923,-0.113611,0.47661,0.835081,-0.162493,0.551349,0.857943,-0.208138,0.367645,0.610703,-0.114129,0.37852,0.751434,-0.186295,0.382141,0.851323,-0.22618,0.39122,0.897262,-0.247389,0.27719,0.619438,-0.116326,0.28835,0.86803,-0.183649,0.331539,0.955819,-0.197118,0.37291,0.969105,-0.202743,0.200197,0.663771,-0.124551,0.226612,0.900982,-0.183207,0.277483,0.960496,-0.177968,0.31773,0.959693,-0.167766,0.140143,0.718223,-0.140285,0.155783,0.892205,-0.183378,0.190946,0.947419,-0.182057,0.2207,0.953688,-0.172891
427,14233,True,0.9881,0.9881,0.246497,0.812487,-0.0,0.327294,0.818965,-0.054962,0.397751,0.812502,-0.10157,0.473011,0.838071,-0.148029,0.545871,0.849748,-0.193827,0.34227,0.612224,-0.095473,0.341059,0.67782,-0.167466,0.34424,0.709424,-0.21404,0.356972,0.718857,-0.241943,0.253497,0.602784,-0.099556,0.266175,0.832009,-0.170104,0.314514,0.918982,-0.19121,0.361709,0.934058,-0.200946,0.175991,0.641038,-0.109688,0.205537,0.875035,-0.168587,0.255756,0.939144,-0.165919,0.29739,0.943157,-0.157603,0.113858,0.696481,-0.12762,0.136235,0.875211,-0.173594,0.175421,0.937186,-0.176312,0.208303,0.947108,-0.169729
428,14266,True,0.9895,0.9895,0.231654,0.835736,-0.0,0.314078,0.825813,-0.047547,0.39097,0.795738,-0.088296,0.463481,0.808528,-0.130573,0.533774,0.810263,-0.170911,0.338598,0.601319,-0.083876,0.342305,0.613825,-0.152672,0.334512,0.636882,-0.192712,0.331172,0.656886,-0.214116,0.249089,0.575595,-0.089148,0.266377,0.80082,-0.15857,0.309444,0.891979,-0.1748,0.350089,0.912974,-0.17763,0.168253,0.611407,-0.100808,0.198525,0.852787,-0.16148,0.252534,0.923119,-0.15517,0.298766,0.932433,-0.140633,0.100449,0.669199,-0.119427,0.121491,0.847787,-0.169166,0.159297,0.917007,-0.171195,0.192196,0.931049,-0.160431
429,14299,True,0.99,0.99,0.239235,0.801464,-0.0,0.321557,0.789941,-0.052067,0.390692,0.766888,-0.098602,0.459053,0.778308,-0.145124,0.534004,0.780526,-0.18951,0.333816,0.57948,-0.101536,0.336509,0.601355,-0.180461,0.32589,0.610752,-0.229721,0.317135,0.620676,-0.256759,0.240281,0.558089,-0.107259,0.258684,0.79729,-0.185468,0.309529,0.872901,-0.203578,0.352922,0.896706,-0.206184,0.161373,0.598688,-0.119495,0.199172,0.853967,-0.184227,0.260023,0.905551,-0.175461,0.310687,0.911376,-0.157713,0.100232,0.664339,-0.13981,0.130529,0.859827,-0.192198,0.171773,0.918347,-0.194345,0.208378,0.928961,-0.182387
430,14333,True,0.9892,0.9892,0.235012,0.798319,-0.0,0.316956,0.788764,-0.0477,0.393474,0.755814,-0.088738,0.462983,0.763797,-0.128939,0.531759,0.765651,-0.167395,0.337799,0.578394,-0.09826,0.341506,0.600772,-0.170272,0.330866,0.60154,-0.21573,0.320629,0.5979,-0.242213,0.242934,0.55237,-0.102768,0.27377,0.785568,-0.174578,0.319901,0.865077,-0.186904,0.355332,0.890038,-0.185181,0.164239,0.59262,-0.112533,0.215172,0.848709,-0.167507,0.265016,0.896385,-0.150632,0.301812,0.894626,-0.128199,0.10299,0.65892,-0.130411,0.145393,0.851531,-0.173758,0.182744,0.903054,-0.16987,0.208881,0.905037,-0.154441
431,14366,True,0.9836,0.9836,0.252286,0.77861,-0.0,0.33136,0.775414,-0.054754,0.400523,0.763555,-0.100961,0.466765,0.769088,-0.145948,0.534229,0.769911,-0.18833,0.340046,0.555714,-0.095942,0.342957,0.679696,-0.165247,0.344769,0.76739,-0.206375,0.34976,0.801148,-0.228612,0.2454,0.557989,-0.099697,0.271547,0.793875,-0.16211,0.316153,0.881754,-0.177211,0.353568,0.895639,-0.183213,0.167793,0.602955,-0.109162,0.212039,0.837453,-0.162505,0.265332,0.902492,-0.157944,0.30596,0.906626,-0.148145,0.107783,0.66508,-0.125938,0.141708,0.845914,-0.163157,0.184668,0.909742,-0.160729,0.21759,0.923325,-0.151074
432,14400,True,0.9906,0.9906,0.244891,0.828421,-1e-06,0.32563,0.813372,-0.04405,0.405028,0.794277,-0.088028,0.4789,0.801355,-0.132753,0.547822,0.821383,-0.175997,0.344584,0.579646,-0.079283,0.34401,0.757196,-0.144709,0.343837,0.86541,-0.189331,0.351899,0.917225,-0.214086,0.258716,0.588426,-0.086678,0.275221,0.816102,-0.140244,0.307344,0.904758,-0.156047,0.338782,0.935387,-0.163752,0.18593,0.627922,-0.098644,0.214763,0.852852,-0.13771,0.253649,0.918823,-0.131492,0.283875,0.930422,-0.122852,0.125307,0.680888,-0.117783,0.148761,0.852542,-0.135332,0.181572,0.906784,-0.125866,0.205291,0.910133,-0.115016
433,14433,True,0.986,0.986,0.252025,0.748204,-1e-06,0.333771,0.752761,-0.045722,0.407297,0.780129,-0.095295,0.476406,0.833466,-0.143443,0.55114,0.873978,-0.190723,0.364796,0.628114,-0.1127,0.365699,0.838535,-0.185261,0.361109,0.934862,-0.231374,0.358063,0.962798,-0.257722,0.269029,0.631615,-0.119856,0.283747,0.886843,-0.168421,0.30173,0.941616,-0.174506,0.313189,0.921789,-0.184249,0.189323,0.66358,-0.130693,0.219314,0.907801,-0.16297,0.245817,0.943871,-0.144976,0.259319,0.91429,-0.137051,0.125728,0.707848,-0.14982,0.150765,0.892956,-0.16378,0.171076,0.935916,-0.147496,0.177474,0.926657,-0.137954
434,14466,True,0.9814,0.9814,0.254445,0.71207,-0.0,0.33435,0.736887,-0.055361,0.401148,0.801167,-0.112557,0.465023,0.87995,-0.163933,0.537762,0.927501,-0.214566,0.365846,0.658024,-0.148435,0.376782,0.901524,-0.221609,0.382441,0.965184,-0.265912,0.386449,0.96428,-0.292552,0.270517,0.667924,-0.151553,0.29766,0.945737,-0.198577,0.318895,0.954103,-0.19985,0.327071,0.903641,-0.210188,0.191475,0.698653,-0.156583,0.225246,0.955525,-0.186485,0.2519,0.948827,-0.159136,0.264497,0.890214,-0.146799,0.129935,0.735539,-0.171057,0.1535,0.931406,-0.191456,0.174919,0.935669,-0.17484,0.180091,0.894073,-0.16463
435,14500,True,0.9362,0.9362,0.255057,0.717175,0.0,0.341391,0.741751,-0.048566,0.402419,0.802767,-0.098539,0.464492,0.87621,-0.145262,0.534297,0.915028,-0.191855,0.373961,0.664241,-0.124272,0.383923,0.898617,-0.199447,0.389891,0.974598,-0.251743,0.392618,0.998789,-0.281754,0.28248,0.663852,-0.130428,0.302067,0.931418,-0.175591,0.325572,0.946205,-0.18401,0.337136,0.913205,-0.198744,0.205236,0.691894,-0.139899,0.228051,0.942517,-0.173747,0.255357,0.944765,-0.152782,0.271143,0.904393,-0.14241,0.143899,0.730376,-0.157541,0.160233,0.925498,-0.180376,0.179269,0.930857,-0.16427,0.180501,0.897445,-0.152718
436,14533,True,0.9914,0.9914,0.247732,0.753223,0.0,0.340934,0.765952,-0.028447,0.412859,0.791457,-0.061697,0.480179,0.824787,-0.095805,0.547568,0.849157,-0.130708,0.387126,0.628364,-0.076792,0.385147,0.798127,-0.133773,0.3921,0.88256,-0.174358,0.401423,0.926442,-0.199075,0.300463,0.629394,-0.090992,0.309565,0.861385,-0.133471,0.330893,0.925801,-0.147581,0.345786,0.939142,-0.162616,0.220083,0.663443,-0.107783,0.236021,0.883925,-0.144268,0.261335,0.925262,-0.137805,0.278492,0.915464,-0.135771,0.153689,0.711092,-0.129151,0.159809,0.88581,-0.151774,0.179514,0.917602,-0.143459,0.189375,0.90591,-0.137647
437,14566,True,0.9846,0.9846,0.256465,0.789119,-0.0,0.341049,0.79074,-0.039623,0.408915,0.784616,-0.079211,0.477784,0.789846,-0.116881,0.549483,0.805533,-0.153073,0.38679,0.588213,-0.086168,0.387364,0.748133,-0.146324,0.387762,0.834385,-0.184323,0.394426,0.878531,-0.206033,0.300505,0.593888,-0.095844,0.318077,0.803356,-0.145905,0.340815,0.882611,-0.15878,0.361908,0.917597,-0.16904,0.221396,0.63071,-0.109674,0.249414,0.833344,-0.155641,0.284987,0.893795,-0.155685,0.315742,0.912107,-0.154153,0.156105,0.68322,-0.127954,0.173673,0.836538,-0.157171,0.188805,0.885134,-0.155138,0.199789,0.895218,-0.151601
438,14600,True,0.9696,0.9696,0.265328,0.801193,-0.0,0.347781,0.786523,-0.034982,0.415676,0.759344,-0.069599,0.485497,0.759073,-0.105879,0.557035,0.766162,-0.141667,0.376341,0.558919,-0.07145,0.376508,0.596471,-0.123232,0.381109,0.618,-0.156608,0.392687,0.629687,-0.177522,0.292018,0.553577,-0.082451,0.323243,0.762515,-0.143556,0.365693,0.849936,-0.161277,0.403195,0.893193,-0.16763,0.216141,0.597335,-0.097181,0.258556,0.816036,-0.147907,0.299688,0.869859,-0.149507,0.333942,0.878639,-0.144778,0.152854,0.661184,-0.117023,0.182248,0.82533,-0.155218,0.193379,0.880446,-0.15931,0.20081,0.887714,-0.155314
439,14633,True,0.9875,0.9875,0.265027,0.78365,-0.0,0.347844,0.77058,-0.039754,0.42109,0.745193,-0.081495,0.489534,0.744145,-0.123728,0.561929,0.741915,-0.166536,0.379258,0.564879,-0.095583,0.388958,0.584608,-0.159033,0.396791,0.573073,-0.198237,0.41234,0.550447,-0.222771,0.291272,0.543479,-0.105316,0.334955,0.755468,-0.173983,0.381264,0.841515,-0.187511,0.419951,0.874687,-0.189678,0.21316,0.581966,-0.118683,0.265372,0.810503,-0.182189,0.316905,0.87609,-0.180236,0.359234,0.895294,-0.168875,0.151094,0.64577,-0.137062,0.183399,0.816141,-0.186176,0.206839,0.88434,-0.191195,0.226069,0.908632,-0.184537
440,14666,True,0.9834,0.9834,0.268593,0.782457,0.0,0.35062,0.76924,-0.040471,0.422398,0.747823,-0.082715,0.489825,0.749138,-0.125604,0.561079,0.748219,-0.169808,0.377321,0.57171,-0.098055,0.38894,0.585354,-0.159152,0.395938,0.5631,-0.197888,0.413319,0.528246,-0.223921,0.287353,0.549758,-0.108319,0.331159,0.755293,-0.180033,0.381535,0.845192,-0.197548,0.426373,0.886389,-0.202249,0.208837,0.588273,-0.121279,0.26265,0.813835,-0.186238,0.317831,0.879408,-0.187823,0.365456,0.903194,-0.179205,0.146964,0.652385,-0.139288,0.181613,0.82201,-0.189548,0.208906,0.888183,-0.197272,0.233324,0.914346,-0.193381
441,14700,True,0.9831,0.9831,0.254822,0.804262,-0.0,0.338994,0.794913,-0.038002,0.41709,0.767765,-0.076234,0.492299,0.768922,-0.116356,0.563465,0.769615,-0.154746,0.373852,0.577726,-0.081684,0.388235,0.595427,-0.139648,0.392054,0.599527,-0.17627,0.398992,0.597245,-0.19887,0.289943,0.559535,-0.091197,0.328244,0.802714,-0.155193,0.366935,0.878949,-0.167277,0.395503,0.900823,-0.168089,0.214531,0.602253,-0.104853,0.265266,0.850379,-0.149894,0.296045,0.885748,-0.134187,0.314222,0.869875,-0.117296,0.152425,0.667076,-0.125692,0.18766,0.851289,-0.16056,0.196155,0.892035,-0.155628,0.193005,0.880978,-0.142908
442,14733,True,0.9843,0.9843,0.257442,0.820515,-0.0,0.337651,0.820682,-0.050534,0.410822,0.798812,-0.094442,0.484839,0.800391,-0.137805,0.558578,0.809764,-0.177614,0.380865,0.588944,-0.091749,0.37928,0.637572,-0.155024,0.376676,0.671232,-0.189622,0.382939,0.685404,-0.20957,0.291233,0.577776,-0.098999,0.312182,0.820002,-0.168878,0.349356,0.910975,-0.180958,0.382812,0.930959,-0.180945,0.211421,0.620081,-0.111866,0.251922,0.870851,-0.16752,0.294654,0.928552,-0.154396,0.32688,0.923709,-0.137479,0.14629,0.683051,-0.132309,0.178023,0.869986,-0.173404,0.198907,0.929244,-0.169127,0.21118,0.929932,-0.156239
443,14766,True,0.9909,0.9909,0.259801,0.833372,-0.0,0.340374,0.838845,-0.052344,0.413815,0.82584,-0.098605,0.489565,0.840971,-0.144185,0.565068,0.853114,-0.186561,0.385351,0.630171,-0.110643,0.38682,0.656614,-0.17728,0.388249,0.673741,-0.210894,0.39837,0.682945,-0.229445,0.293798,0.597921,-0.116253,0.311386,0.868663,-0.19367,0.347978,0.95612,-0.203506,0.381192,0.976755,-0.19925,0.211029,0.630935,-0.126639,0.245208,0.900808,-0.191055,0.289961,0.951773,-0.176947,0.327028,0.947832,-0.155458,0.143273,0.689165,-0.144405,0.171268,0.882934,-0.19638,0.200446,0.942813,-0.194814,0.224755,0.952077,-0.179641
444,14799,True,0.9907,0.9907,0.264451,0.8168,-0.0,0.345117,0.81977,-0.056858,0.416801,0.813178,-0.107871,0.493974,0.8337,-0.157758,0.565341,0.851619,-0.20569,0.376766,0.618948,-0.115945,0.387127,0.652077,-0.186379,0.397837,0.672177,-0.227471,0.413379,0.696068,-0.251222,0.285256,0.598799,-0.121116,0.314373,0.847772,-0.200576,0.363513,0.936765,-0.217896,0.406133,0.974763,-0.221222,0.205234,0.639427,-0.131289,0.249325,0.895379,-0.19918,0.305154,0.956304,-0.197258,0.349695,0.973245,-0.185647,0.143914,0.703925,-0.148748,0.174845,0.892406,-0.20138,0.205713,0.949743,-0.20782,0.231853,0.962163,-0.201631
445,14833,True,0.9915,0.9915,0.252498,0.83948,-0.0,0.339265,0.842988,-0.05301,0.420249,0.823907,-0.100819,0.494509,0.820831,-0.148039,0.567116,0.829488,-0.192909,0.373465,0.616004,-0.096372,0.374539,0.623062,-0.163619,0.394155,0.634438,-0.203445,0.425883,0.654643,-0.225644,0.287171,0.590932,-0.101082,0.330365,0.813076,-0.176473,0.371353,0.906209,-0.19094,0.406651,0.941176,-0.189878,0.208889,0.630873,-0.111994,0.25741,0.872372,-0.178912,0.3066,0.932982,-0.175544,0.34852,0.946025,-0.160451,0.145877,0.693312,-0.129464,0.173898,0.861105,-0.178654,0.189521,0.909859,-0.182931,0.20031,0.916905,-0.174047
446,14866,True,0.9791,0.9791,0.258239,0.811808,0.0,0.34683,0.806707,-0.043195,0.423601,0.785227,-0.083865,0.496855,0.787737,-0.125416,0.561782,0.798337,-0.166869,0.372986,0.597788,-0.086257,0.377518,0.611198,-0.141183,0.391045,0.598118,-0.175575,0.417613,0.588231,-0.198006,0.284607,0.574107,-0.095577,0.3375,0.809156,-0.160737,0.374438,0.884231,-0.171948,0.404402,0.907463,-0.171024,0.206406,0.617938,-0.109363,0.269696,0.860163,-0.166724,0.310694,0.898264,-0.158265,0.342554,0.891378,-0.142846,0.144589,0.686231,-0.129573,0.185793,0.864122,-0.17824,0.204996,0.914421,-0.180222,0.217136,0.92119,-0.170167
447,14900,True,0.977,0.977,0.257285,0.79131,-0.0,0.344296,0.779768,-0.039172,0.416006,0.756283,-0.078188,0.491064,0.767542,-0.119459,0.560552,0.768949,-0.161221,0.367661,0.580677,-0.089723,0.384611,0.592775,-0.153135,0.388503,0.587803,-0.191364,0.39878,0.573722,-0.214822,0.27854,0.557909,-0.100657,0.330914,0.780013,-0.170761,0.377556,0.865724,-0.183773,0.416221,0.892429,-0.184092,0.200098,0.601549,-0.115835,0.264516,0.835771,-0.180872,0.315553,0.892908,-0.175466,0.355336,0.897874,-0.160575,0.138031,0.669754,-0.136531,0.182164,0.847055,-0.192288,0.210768,0.910646,-0.197629,0.23177,0.92871,-0.188823
448,14933,True,0.9857,0.9857,0.247526,0.789032,0.0,0.337188,0.770778,-0.035452,0.409427,0.744678,-0.069785,0.479471,0.755269,-0.106444,0.552493,0.752839,-0.143341,0.35162,0.571421,-0.077409,0.362524,0.580318,-0.133621,0.367854,0.571777,-0.169953,0.380074,0.559254,-0.193012,0.262963,0.551825,-0.088345,0.31337,0.773215,-0.15072,0.367145,0.848977,-0.164756,0.410408,0.878747,-0.166561,0.186196,0.598219,-0.103106,0.244882,0.838607,-0.158158,0.297239,0.882469,-0.150761,0.337659,0.882396,-0.136044,0.125755,0.666609,-0.123812,0.163107,0.848239,-0.172774,0.188857,0.902896,-0.175265,0.206756,0.913023,-0.164807
449,14966,True,0.9864,0.9864,0.237392,0.787794,-0.0,0.324082,0.770678,-0.038834,0.396944,0.739709,-0.07317,0.466628,0.752428,-0.108383,0.537483,0.746858,-0.143701,0.331576,0.587481,-0.083606,0.338181,0.600033,-0.141646,0.336697,0.580119,-0.181658,0.338353,0.55665,-0.208099,0.242652,0.562,-0.090339,0.28026,0.791135,-0.151093,0.325854,0.860388,-0.162833,0.356574,0.885425,-0.163248,0.167701,0.603658,-0.101016,0.216402,0.852936,-0.146524,0.253975,0.876517,-0.129352,0.276098,0.857146,-0.110035,0.108518,0.669664,-0.119167,0.146902,0.858499,-0.160978,0.174012,0.893901,-0.157776,0.186742,0.8863,-0.144099
450,15000,True,0.9905,0.9905,0.215256,0.790456,-0.0,0.301936,0.769807,-0.042464,0.378435,0.736879,-0.081843,0.45384,0.755786,-0.121695,0.521882,0.760136,-0.160698,0.309929,0.594705,-0.093585,0.310587,0.59193,-0.153427,0.300347,0.574257,-0.193537,0.29372,0.557391,-0.219758,0.217618,0.570108,-0.09926,0.255806,0.808313,-0.160772,0.307107,0.870025,-0.171372,0.345745,0.886584,-0.171652,0.142755,0.613203,-0.108992,0.198552,0.866303,-0.151053,0.244782,0.880998,-0.12986,0.27602,0.853285,-0.109178,0.086554,0.677394,-0.127203,0.131769,0.866485,-0.16507,0.166833,0.89584,-0.158977,0.188094,0.880743,-0.143981
451,15033,True,0.9912,0.9912,0.202123,0.800516,-0.0,0.29123,0.778241,-0.042945,0.367326,0.742927,-0.084387,0.441091,0.764579,-0.125482,0.510392,0.772467,-0.164799,0.299064,0.608115,-0.103695,0.293878,0.588562,-0.167762,0.273378,0.571159,-0.208846,0.255962,0.563722,-0.234734,0.204349,0.579307,-0.108607,0.233168,0.814356,-0.17218,0.286335,0.874566,-0.183536,0.331806,0.890765,-0.185911,0.127393,0.617246,-0.117259,0.180217,0.875619,-0.160913,0.231124,0.892479,-0.14314,0.271379,0.866683,-0.126298,0.070091,0.67687,-0.134328,0.111708,0.868337,-0.173577,0.145503,0.897412,-0.171652,0.170211,0.877481,-0.161163
452,15066,True,0.9908,0.9908,0.187138,0.789916,-0.0,0.271994,0.773329,-0.04773,0.351072,0.74184,-0.091844,0.427524,0.761193,-0.134936,0.502311,0.772078,-0.176354,0.287846,0.600716,-0.11146,0.276284,0.587652,-0.183732,0.243931,0.575069,-0.229425,0.211023,0.567067,-0.257608,0.193921,0.572669,-0.115159,0.210012,0.806727,-0.187047,0.266942,0.880081,-0.199976,0.319197,0.902088,-0.202482,0.117778,0.608826,-0.123299,0.158401,0.868762,-0.176993,0.217245,0.907424,-0.161111,0.267176,0.901852,-0.143301,0.06092,0.666236,-0.139894,0.092941,0.86717,-0.187693,0.133468,0.911481,-0.189737,0.166972,0.904298,-0.180833
453,15100,True,0.9925,0.9925,0.184237,0.792107,-0.0,0.266811,0.776272,-0.046872,0.341004,0.742722,-0.089951,0.412827,0.754113,-0.132541,0.485047,0.757135,-0.172568,0.282505,0.596127,-0.107469,0.269594,0.573505,-0.179294,0.231889,0.568283,-0.223615,0.193072,0.565374,-0.25071,0.190678,0.567481,-0.111705,0.200683,0.794014,-0.182004,0.256254,0.868881,-0.19371,0.307184,0.889186,-0.195818,0.113386,0.604253,-0.120614,0.14636,0.855806,-0.173495,0.203928,0.897922,-0.154634,0.252878,0.893383,-0.135282,0.05431,0.663723,-0.137974,0.081355,0.861653,-0.185949,0.126,0.906812,-0.186226,0.163662,0.900424,-0.175859
454,15133,True,0.9893,0.9893,0.190459,0.787667,-0.0,0.269791,0.790607,-0.051671,0.347525,0.74954,-0.09415,0.414961,0.745831,-0.134797,0.484253,0.743361,-0.170402,0.286355,0.601517,-0.109706,0.266699,0.562823,-0.185894,0.231451,0.555072,-0.230859,0.197473,0.547894,-0.257396,0.193546,0.558335,-0.111402,0.206651,0.800519,-0.180489,0.261309,0.861341,-0.184386,0.303633,0.863667,-0.180604,0.115846,0.595552,-0.119742,0.154097,0.855291,-0.171281,0.203629,0.887901,-0.14013,0.241118,0.873275,-0.111843,0.057831,0.659763,-0.137887,0.090378,0.862213,-0.188385,0.130722,0.901042,-0.185854,0.160711,0.885871,-0.171327
455,15166,True,0.9902,0.9902,0.196141,0.799353,-0.0,0.280063,0.786898,-0.045489,0.353755,0.739265,-0.0862,0.423128,0.736806,-0.12679,0.494722,0.733899,-0.164922,0.289488,0.592754,-0.097966,0.271322,0.558957,-0.166442,0.238503,0.539439,-0.211528,0.206869,0.521548,-0.240649,0.196934,0.553276,-0.102202,0.217718,0.787781,-0.170739,0.272793,0.855182,-0.182232,0.318595,0.869768,-0.183125,0.119928,0.589401,-0.111533,0.163195,0.841392,-0.160961,0.215178,0.877058,-0.139479,0.256503,0.869205,-0.117678,0.062642,0.652675,-0.129728,0.098677,0.845384,-0.175491,0.140571,0.883775,-0.174951,0.171628,0.873615,-0.162966
456,15200,True,0.9929,0.9929,0.202055,0.80271,-0.0,0.288823,0.783323,-0.040549,0.364125,0.739643,-0.079021,0.435214,0.736044,-0.118631,0.501075,0.727711,-0.156654,0.296812,0.582182,-0.088318,0.28508,0.547518,-0.150352,0.259016,0.525738,-0.192816,0.234842,0.508745,-0.221456,0.203783,0.549335,-0.096175,0.236394,0.773895,-0.163256,0.290167,0.8477,-0.180096,0.336553,0.872742,-0.185526,0.127562,0.592163,-0.108203,0.183115,0.834444,-0.157851,0.236941,0.876697,-0.146828,0.280661,0.877461,-0.13352,0.072556,0.663044,-0.127881,0.114343,0.847356,-0.171634,0.151709,0.88667,-0.174738,0.178717,0.87951,-0.167727
457,15233,True,0.9923,0.9923,0.212095,0.802011,-0.0,0.29558,0.78085,-0.039287,0.373342,0.74083,-0.075679,0.445896,0.739008,-0.114257,0.513343,0.737556,-0.151562,0.312057,0.553562,-0.076052,0.307238,0.531595,-0.132561,0.295672,0.516181,-0.169141,0.288844,0.501963,-0.19227,0.221073,0.525697,-0.083841,0.254774,0.747065,-0.152845,0.305751,0.833853,-0.169561,0.347172,0.872379,-0.170116,0.144017,0.570231,-0.095757,0.197972,0.809316,-0.149527,0.250304,0.864098,-0.141263,0.288944,0.877553,-0.12436,0.085684,0.64074,-0.114375,0.126723,0.814402,-0.155429,0.165058,0.85996,-0.155921,0.18991,0.863515,-0.144396
458,15266,True,0.9924,0.9924,0.227499,0.788582,-0.0,0.309424,0.774644,-0.039409,0.38762,0.74359,-0.078994,0.460318,0.747668,-0.119957,0.527131,0.744782,-0.161327,0.32954,0.573827,-0.094352,0.346564,0.556164,-0.156148,0.348296,0.531633,-0.195964,0.352926,0.503908,-0.220954,0.238378,0.546559,-0.102874,0.288995,0.748215,-0.1721,0.339459,0.834823,-0.187067,0.377023,0.876937,-0.188432,0.161725,0.584513,-0.114196,0.225646,0.807567,-0.169075,0.269242,0.868882,-0.160145,0.297864,0.893179,-0.144491,0.102837,0.648751,-0.13184,0.152336,0.817758,-0.173468,0.179552,0.876329,-0.172691,0.193294,0.896805,-0.161662
459,15299,True,0.9823,0.9823,0.241124,0.783131,-0.0,0.32068,0.770797,-0.044877,0.393096,0.748624,-0.08905,0.468369,0.759904,-0.134347,0.539494,0.761659,-0.180453,0.336074,0.565736,-0.1011,0.356901,0.573832,-0.165249,0.372463,0.572043,-0.206249,0.39364,0.566641,-0.232158,0.2498,0.557523,-0.109783,0.31378,0.767162,-0.179357,0.3603,0.849482,-0.19745,0.396382,0.88471,-0.205183,0.17663,0.605995,-0.121885,0.247562,0.823769,-0.179456,0.292033,0.886676,-0.176098,0.32527,0.912732,-0.167328,0.11805,0.67498,-0.140514,0.166376,0.841669,-0.183999,0.205647,0.900575,-0.18638,0.236574,0.924206,-0.180366
460,15333,True,0.9877,0.9877,0.240666,0.803407,-0.0,0.322789,0.796166,-0.049666,0.397931,0.773597,-0.094075,0.475176,0.787843,-0.137571,0.549728,0.800738,-0.177901,0.353022,0.575294,-0.098938,0.356888,0.652684,-0.156736,0.355653,0.709262,-0.187499,0.357603,0.747245,-0.204447,0.269336,0.574894,-0.103472,0.298752,0.821831,-0.162556,0.334056,0.897286,-0.171352,0.359302,0.920509,-0.172422,0.193553,0.621302,-0.112378,0.23319,0.865245,-0.154929,0.268995,0.907839,-0.14107,0.292736,0.901755,-0.127069,0.129028,0.683168,-0.129067,0.158779,0.866939,-0.159881,0.177739,0.911146,-0.154354,0.186261,0.905756,-0.143344
461,15366,True,0.9941,0.9941,0.240109,0.813266,-1e-06,0.329264,0.831454,-0.057538,0.40829,0.841591,-0.108881,0.481633,0.865081,-0.157397,0.548228,0.869631,-0.202003,0.356003,0.616468,-0.104545,0.337561,0.781604,-0.177703,0.341504,0.89307,-0.223475,0.356889,0.937881,-0.249412,0.265568,0.616053,-0.108537,0.269869,0.85031,-0.166921,0.296597,0.93016,-0.180303,0.323373,0.933844,-0.189219,0.187306,0.649839,-0.118774,0.208031,0.885892,-0.16204,0.241426,0.933696,-0.153133,0.269259,0.913808,-0.146502,0.125381,0.697025,-0.137335,0.14305,0.879744,-0.160945,0.161294,0.926468,-0.15318,0.171926,0.914678,-0.145507
462,15400,True,0.9929,0.9929,0.248034,0.736623,-0.0,0.330062,0.765766,-0.054398,0.401241,0.811498,-0.109835,0.463743,0.87197,-0.161383,0.5334,0.908652,-0.210814,0.358688,0.643294,-0.13479,0.338774,0.860771,-0.212106,0.338397,0.957456,-0.259117,0.343185,0.975854,-0.286822,0.261789,0.641072,-0.139565,0.260226,0.907577,-0.190996,0.286267,0.954282,-0.193687,0.306163,0.923614,-0.201853,0.182441,0.668631,-0.148091,0.199032,0.925228,-0.180701,0.228941,0.943975,-0.153793,0.247429,0.89536,-0.140694,0.119558,0.708193,-0.166363,0.135862,0.904456,-0.184226,0.162297,0.933927,-0.165673,0.175911,0.909195,-0.153736
463,15433,True,0.9852,0.9852,0.248278,0.732389,-0.0,0.325515,0.762367,-0.05579,0.392185,0.824042,-0.112788,0.455742,0.898861,-0.164643,0.525317,0.943568,-0.215561,0.353545,0.660021,-0.140901,0.35497,0.880872,-0.212075,0.365456,0.974936,-0.25682,0.377271,1.002031,-0.283831,0.259128,0.669011,-0.1443,0.274382,0.927609,-0.191567,0.298225,0.965131,-0.197715,0.31179,0.939537,-0.211068,0.180471,0.69791,-0.149809,0.2063,0.94178,-0.180659,0.233663,0.955596,-0.159371,0.246645,0.915457,-0.151336,0.11759,0.733886,-0.16421,0.135658,0.918547,-0.182283,0.161338,0.935211,-0.165589,0.171898,0.904776,-0.156139
464,15466,True,0.9518,0.9518,0.262829,0.660408,0.0,0.343633,0.708421,-0.053848,0.40916,0.798682,-0.11182,0.467174,0.893709,-0.164463,0.53271,0.943108,-0.219435,0.342646,0.679909,-0.151369,0.361748,0.899071,-0.21657,0.383894,0.942339,-0.26094,0.394237,0.928855,-0.291153,0.251158,0.698647,-0.156691,0.288456,0.942668,-0.19551,0.318437,0.945264,-0.200455,0.329788,0.892427,-0.218822,0.178165,0.726717,-0.162018,0.215758,0.95107,-0.188871,0.24553,0.947517,-0.166082,0.2577,0.89501,-0.161129,0.123445,0.757257,-0.176196,0.145837,0.931899,-0.194713,0.168601,0.939022,-0.176496,0.173177,0.904106,-0.169781
465,15500,True,0.9922,0.9922,0.269363,0.812202,-0.0,0.345541,0.821144,-0.037478,0.425475,0.844091,-0.0932,0.500125,0.887362,-0.139586,0.57509,0.916742,-0.188913,0.384034,0.6786,-0.195659,0.406559,0.864793,-0.257773,0.411763,0.93668,-0.276977,0.417637,0.957749,-0.281878,0.298568,0.672549,-0.200043,0.317515,0.939803,-0.262379,0.319408,0.938856,-0.253025,0.313319,0.878629,-0.241825,0.218228,0.699871,-0.197239,0.241693,0.948304,-0.24638,0.253051,0.931152,-0.209966,0.247961,0.867446,-0.179516,0.156043,0.744929,-0.195078,0.171415,0.922274,-0.223279,0.184618,0.909984,-0.194707,0.183778,0.848727,-0.173662
466,15533,True,0.9191,0.9191,0.311651,0.638607,-0.0,0.243562,0.70101,-0.062731,0.177154,0.800202,-0.122256,0.145661,0.877724,-0.172697,0.164259,0.908497,-0.218981,0.200322,0.674813,-0.1515,0.205569,0.898953,-0.207758,0.233835,0.900747,-0.230061,0.253263,0.852694,-0.243815,0.262194,0.6706,-0.149188,0.28511,0.919023,-0.190366,0.310632,0.899634,-0.186413,0.329203,0.838507,-0.191859,0.328921,0.677304,-0.148228,0.35541,0.898333,-0.196017,0.370724,0.887969,-0.174511,0.383129,0.845738,-0.158584,0.394228,0.690807,-0.154915,0.439458,0.832163,-0.201352,0.466208,0.839564,-0.196294,0.490645,0.823082,-0.188566
467,15566,False,0.0,0.0,0.0,0.0,0.0,0.0,0.0,0.0,0.0,0.0,0.0,0.0,0.0,0.0,0.0,0.0,0.0,0.0,0.0,0.0,0.0,0.0,0.0,0.0,0.0,0.0,0.0,0.0,0.0,0.0,0.0,0.0,0.0,0.0,0.0,0.0,0.0,0.0,0.0,0.0,0.0,0.0,0.0,0.0,0.0,0.0,0.0,0.0,0.0,0.0,0.0,0.0,0.0,0.0,0.0,0.0,0.0,0.0,0.0,0.0,0.0,0.0,0.0,0.0,0.0
468,15600,True,0.9997,0.9997,0.268507,0.793214,1e-06,0.368881,0.79393,-0.042573,0.469658,0.793007,-0.089592,0.538232,0.815321,-0.131324,0.588623,0.825615,-0.171311,0.444167,0.628218,-0.125734,0.463409,0.688869,-0.194296,0.498809,0.732246,-0.232399,0.539004,0.766315,-0.257352,0.367209,0.624188,-0.140525,0.407794,0.842559,-0.216611,0.402734,0.898399,-0.227005,0.403831,0.895546,-0.230014,0.287317,0.664667,-0.158061,0.327838,0.87805,-0.221089,0.349929,0.919837,-0.204115,0.371126,0.909591,-0.187541,0.216491,0.725679,-0.180063,0.259372,0.881708,-0.222115,0.293421,0.91396,-0.21372,0.3199,0.907716,-0.203659
469,15633,True,0.9967,0.9967,0.277116,0.857861,0.0,0.376848,0.851632,-0.038271,0.464493,0.822329,-0.071199,0.530276,0.81801,-0.102002,0.588762,0.811027,-0.131381,0.427689,0.63364,-0.078566,0.444738,0.678064,-0.132932,0.478289,0.720381,-0.172348,0.514639,0.760796,-0.198309,0.347724,0.623026,-0.087616,0.361083,0.807108,-0.142837,0.384142,0.86907,-0.162607,0.40386,0.886066,-0.174683,0.268901,0.659894,-0.100474,0.293885,0.87106,-0.149266,0.328093,0.91297,-0.147697,0.353965,0.906068,-0.143061,0.199796,0.71987,-0.118226,0.218906,0.87736,-0.153872,0.238992,0.907414,-0.153316,0.253643,0.892524,-0.148194
470,15666,True,0.944,0.944,0.28582,0.744332,-0.0,0.364543,0.752924,-0.053397,0.428073,0.778098,-0.100554,0.489474,0.807551,-0.142829,0.556697,0.829786,-0.185192,0.381886,0.625555,-0.118819,0.388938,0.783369,-0.177645,0.401475,0.84859,-0.214541,0.423287,0.868185,-0.238041,0.29652,0.637035,-0.121925,0.316667,0.877119,-0.169627,0.343998,0.927473,-0.183405,0.375724,0.914476,-0.19942,0.227144,0.676145,-0.127775,0.256332,0.898638,-0.174381,0.294811,0.932039,-0.17687,0.332662,0.913882,-0.181077,0.173828,0.722425,-0.139417,0.184019,0.876731,-0.174909,0.197004,0.914537,-0.17565,0.212262,0.914777,-0.175996
471,15700,True,0.9839,0.9839,0.253748,0.737423,-0.0,0.324846,0.749912,-0.058082,0.391116,0.78563,-0.110063,0.462629,0.83222,-0.158505,0.53546,0.863236,-0.206427,0.35584,0.628267,-0.126559,0.374189,0.784931,-0.19694,0.391901,0.883202,-0.23774,0.411289,0.928454,-0.260582,0.266926,0.642645,-0.129078,0.28155,0.868294,-0.188208,0.323933,0.949577,-0.198459,0.360875,0.967181,-0.207084,0.192659,0.6844,-0.135734,0.216286,0.894898,-0.185409,0.261983,0.948409,-0.178044,0.296141,0.950427,-0.171644,0.137516,0.733164,-0.149587,0.148968,0.884626,-0.18314,0.179374,0.92952,-0.177462,0.202695,0.935977,-0.170387
472,15733,True,0.9844,0.9844,0.232427,0.796412,0.0,0.312882,0.807677,-0.057645,0.383213,0.810817,-0.108187,0.45318,0.840846,-0.156385,0.524082,0.85575,-0.204045,0.317628,0.641824,-0.118588,0.324787,0.678451,-0.193436,0.344559,0.697832,-0.241371,0.373705,0.709099,-0.271254,0.228643,0.628928,-0.122071,0.248448,0.841638,-0.200618,0.300947,0.928182,-0.221593,0.34941,0.955763,-0.231102,0.155763,0.665163,-0.130293,0.189804,0.889333,-0.193003,0.236764,0.945468,-0.188392,0.276264,0.950379,-0.179411,0.102431,0.716901,-0.146343,0.127163,0.890543,-0.194024,0.157382,0.937633,-0.197402,0.182412,0.93634,-0.192725
473,15766,True,0.9946,0.9946,0.213847,0.828849,-0.0,0.294206,0.829518,-0.056652,0.375078,0.80239,-0.103662,0.45696,0.831994,-0.147591,0.538737,0.842317,-0.189111,0.322651,0.627972,-0.113025,0.319628,0.642915,-0.194925,0.307963,0.638926,-0.245317,0.300318,0.628212,-0.274713,0.227951,0.586125,-0.112986,0.237199,0.829989,-0.189642,0.288464,0.917184,-0.200531,0.333732,0.934715,-0.19865,0.148242,0.615985,-0.119723,0.178213,0.888214,-0.179032,0.230335,0.938412,-0.158425,0.27188,0.926229,-0.134613,0.085381,0.669446,-0.135564,0.109102,0.876211,-0.186851,0.147355,0.939249,-0.184373,0.178072,0.937212,-0.169353
474,15799,True,0.9907,0.9907,0.208256,0.815385,-0.0,0.292162,0.795222,-0.045661,0.363523,0.771091,-0.087928,0.433581,0.795293,-0.131455,0.506146,0.804599,-0.172859,0.305829,0.586453,-0.087037,0.30724,0.601181,-0.15847,0.292948,0.622094,-0.203434,0.278719,0.638032,-0.229976,0.215732,0.569436,-0.094209,0.221119,0.791165,-0.167344,0.277005,0.885479,-0.183671,0.327755,0.919236,-0.185857,0.138392,0.608001,-0.107347,0.165129,0.858284,-0.163567,0.226138,0.911102,-0.149591,0.276182,0.908555,-0.130916,0.077451,0.667745,-0.128684,0.102833,0.867963,-0.17469,0.150051,0.926919,-0.17229,0.189798,0.930062,-0.158999
475,15833,True,0.9874,0.9874,0.215314,0.828924,-0.0,0.298648,0.81968,-0.050901,0.370474,0.793223,-0.093462,0.442751,0.801586,-0.135687,0.518561,0.803963,-0.17361,0.307424,0.584021,-0.085281,0.311971,0.68415,-0.153198,0.315008,0.757415,-0.191837,0.3217,0.784763,-0.213213,0.215233,0.57983,-0.090204,0.233064,0.818069,-0.153329,0.2851,0.902199,-0.167238,0.331165,0.907421,-0.171807,0.138751,0.621,-0.101629,0.177875,0.871746,-0.155312,0.233691,0.934751,-0.14782,0.276266,0.92871,-0.135816,0.079828,0.67931,-0.120603,0.115656,0.868575,-0.159258,0.159638,0.932615,-0.156771,0.192841,0.937619,-0.146655
476,15866,True,0.9829,0.9829,0.225177,0.808453,-0.0,0.307855,0.812443,-0.054238,0.38548,0.809395,-0.102986,0.459884,0.832214,-0.150034,0.535073,0.846694,-0.19578,0.325453,0.615093,-0.099382,0.322577,0.800456,-0.173472,0.328623,0.900061,-0.222593,0.33888,0.933749,-0.250237,0.236117,0.622037,-0.102683,0.248203,0.857822,-0.159022,0.286231,0.932333,-0.172265,0.321408,0.933968,-0.181248,0.159851,0.659504,-0.111634,0.187199,0.890085,-0.154915,0.229242,0.944259,-0.145601,0.261286,0.933018,-0.137089,0.097679,0.70535,-0.128915,0.123817,0.884705,-0.151635,0.162074,0.93907,-0.14151,0.189239,0.938846,-0.131462
477,15900,True,0.9849,0.9849,0.232864,0.750669,-0.0,0.314772,0.772637,-0.056355,0.392789,0.803337,-0.109123,0.463119,0.851804,-0.158121,0.534856,0.8859,-0.205711,0.344249,0.638357,-0.124942,0.349107,0.83603,-0.203474,0.353776,0.932987,-0.252705,0.354351,0.965866,-0.279989,0.251177,0.640848,-0.128071,0.262466,0.882411,-0.181202,0.289242,0.941214,-0.188443,0.307201,0.923386,-0.198772,0.172513,0.673617,-0.13604,0.195773,0.906542,-0.173264,0.23118,0.946422,-0.155756,0.252659,0.919682,-0.147565,0.111106,0.715816,-0.153045,0.1281,0.891722,-0.170541,0.153978,0.936723,-0.154448,0.166822,0.930682,-0.145089
478,15933,True,0.981,0.981,0.240456,0.753899,-0.0,0.319331,0.765161,-0.052529,0.389468,0.80807,-0.107048,0.458539,0.865838,-0.158584,0.528906,0.89988,-0.208695,0.34949,0.64015,-0.128074,0.362986,0.855313,-0.207731,0.367428,0.942869,-0.259487,0.368367,0.974408,-0.288762,0.253231,0.648914,-0.13393,0.275355,0.910154,-0.185189,0.303402,0.941835,-0.193509,0.31851,0.911076,-0.206923,0.173831,0.683992,-0.144097,0.202354,0.930897,-0.178505,0.237166,0.94506,-0.158404,0.25723,0.901914,-0.149603,0.112384,0.727237,-0.163393,0.134482,0.915495,-0.182427,0.160981,0.937534,-0.166847,0.170934,0.910497,-0.157325
479,15966,True,0.9854,0.9854,0.238937,0.764306,-0.0,0.319614,0.774736,-0.052031,0.39025,0.810229,-0.105305,0.459239,0.856077,-0.156158,0.529953,0.885464,-0.204941,0.349096,0.63312,-0.121509,0.349581,0.830429,-0.198094,0.353549,0.929268,-0.24572,0.360222,0.971705,-0.271708,0.254378,0.642116,-0.128377,0.262806,0.888446,-0.179748,0.288666,0.938079,-0.187093,0.310222,0.924341,-0.197436,0.175746,0.679098,-0.139797,0.19551,0.917245,-0.175388,0.232735,0.949782,-0.155671,0.26114,0.924618,-0.145611,0.114686,0.724917,-0.160187,0.131043,0.906231,-0.176705,0.157973,0.944123,-0.1589,0.174208,0.93313,-0.147246
480,16000,True,0.9869,0.9869,0.234867,0.805976,-0.0,0.321259,0.809689,-0.049657,0.392391,0.818731,-0.095198,0.463499,0.842483,-0.139113,0.532571,0.857227,-0.179527,0.340936,0.613937,-0.099792,0.333018,0.783798,-0.166995,0.336707,0.886597,-0.205988,0.348897,0.919193,-0.227885,0.247352,0.621495,-0.106241,0.25563,0.866842,-0.161052,0.29978,0.93834,-0.170705,0.344233,0.933185,-0.178225,0.168125,0.661073,-0.117992,0.196077,0.905694,-0.162767,0.245794,0.959684,-0.152077,0.28819,0.945632,-0.143177,0.106302,0.711696,-0.137216,0.131302,0.897029,-0.16329,0.164459,0.942617,-0.154637,0.18797,0.93094,-0.145693
481,16033,True,0.988,0.988,0.232199,0.823024,-0.0,0.319105,0.822095,-0.052676,0.39279,0.80968,-0.097767,0.464153,0.817948,-0.141992,0.53153,0.814231,-0.181732,0.330528,0.596728,-0.09113,0.335996,0.713013,-0.160273,0.339864,0.811462,-0.199395,0.349294,0.855874,-0.219698,0.2377,0.59591,-0.095154,0.263214,0.833356,-0.156458,0.307559,0.914681,-0.169514,0.348138,0.918342,-0.174314,0.158676,0.637087,-0.105513,0.201719,0.876421,-0.156259,0.247817,0.932342,-0.146858,0.284059,0.922772,-0.134584,0.095497,0.694293,-0.123476,0.130476,0.875518,-0.161044,0.167959,0.93089,-0.15756,0.194985,0.929345,-0.146752
482,16066,True,0.9893,0.9893,0.229059,0.822562,-0.0,0.31321,0.80904,-0.049923,0.386456,0.780943,-0.093923,0.454907,0.791046,-0.138285,0.523341,0.79074,-0.181052,0.324547,0.596852,-0.094201,0.328998,0.609177,-0.168144,0.319766,0.617857,-0.215418,0.311688,0.627243,-0.242224,0.231206,0.572255,-0.098897,0.25036,0.809937,-0.172606,0.301564,0.890579,-0.191396,0.347653,0.91577,-0.195919,0.152012,0.610322,-0.109761,0.191107,0.866839,-0.169021,0.250495,0.919304,-0.1617,0.300756,0.922699,-0.147155,0.089688,0.672422,-0.128626,0.121926,0.867373,-0.177105,0.164057,0.927918,-0.179956,0.199992,0.936326,-0.170222
483,16100,True,0.9917,0.9917,0.226533,0.836804,-0.0,0.309644,0.819784,-0.045567,0.387431,0.779523,-0.082293,0.453983,0.789732,-0.119299,0.522576,0.791504,-0.15429,0.324498,0.593282,-0.087122,0.327908,0.597078,-0.153585,0.311548,0.604151,-0.194135,0.298634,0.613292,-0.218232,0.231266,0.563619,-0.091407,0.245522,0.807784,-0.159223,0.294743,0.892737,-0.172876,0.339527,0.91563,-0.174337,0.152082,0.601425,-0.101456,0.185525,0.864655,-0.15511,0.241719,0.918506,-0.141758,0.287963,0.918981,-0.124166,0.088713,0.663225,-0.119402,0.118252,0.862189,-0.167235,0.165966,0.925712,-0.167682,0.206081,0.933959,-0.155716
484,16133,True,0.9907,0.9907,0.214841,0.835891,-1e-06,0.299338,0.825147,-0.04627,0.378683,0.804372,-0.088365,0.454755,0.821158,-0.129783,0.521431,0.825924,-0.167546,0.317028,0.588589,-0.085925,0.311151,0.743943,-0.147533,0.30621,0.852551,-0.186973,0.307505,0.898442,-0.209599,0.2275,0.592993,-0.090257,0.240818,0.843694,-0.135855,0.274495,0.910952,-0.145572,0.304198,0.905438,-0.153158,0.150947,0.631569,-0.099539,0.180198,0.876452,-0.130821,0.215753,0.914653,-0.117499,0.239514,0.888632,-0.108649,0.087293,0.683491,-0.116829,0.115474,0.865672,-0.135219,0.147565,0.911227,-0.123387,0.167404,0.89973,-0.111473
485,16166,True,0.9823,0.9823,0.225607,0.791394,-1e-06,0.304204,0.798934,-0.054403,0.376539,0.813273,-0.109158,0.44326,0.860879,-0.160618,0.514835,0.896738,-0.210567,0.321971,0.633763,-0.124938,0.308411,0.835101,-0.206065,0.298755,0.937129,-0.260761,0.293852,0.977646,-0.291248,0.224038,0.640481,-0.127525,0.229601,0.910622,-0.181565,0.254176,0.963945,-0.190006,0.272715,0.949154,-0.1992,0.146731,0.675738,-0.134451,0.16954,0.933875,-0.16614,0.197495,0.952682,-0.143537,0.212986,0.911456,-0.130981,0.085237,0.722023,-0.15128,0.109368,0.919141,-0.166442,0.141082,0.947884,-0.147835,0.158107,0.923996,-0.133746
486,16200,True,0.9959,0.9959,0.217896,0.770325,-0.0,0.29861,0.799014,-0.068446,0.371608,0.828551,-0.134642,0.440371,0.882312,-0.194125,0.513897,0.922866,-0.252339,0.316065,0.655169,-0.154208,0.314999,0.862585,-0.243014,0.294265,0.970764,-0.302147,0.26932,1.010245,-0.337503,0.215562,0.662404,-0.154759,0.236733,0.904833,-0.210824,0.254737,0.955427,-0.218054,0.262538,0.931766,-0.230023,0.136876,0.700035,-0.159766,0.173694,0.936201,-0.191724,0.197407,0.959097,-0.16178,0.205799,0.916297,-0.148171,0.076312,0.74942,-0.17629,0.110298,0.936911,-0.19199,0.144514,0.962699,-0.169195,0.161086,0.93368,-0.15529
487,16233,True,0.996,0.996,0.207298,0.699043,-0.0,0.289909,0.742283,-0.065745,0.364564,0.80317,-0.131549,0.428378,0.878012,-0.190851,0.498424,0.933776,-0.249672,0.307446,0.65567,-0.164478,0.294659,0.881655,-0.245826,0.294299,0.988209,-0.292406,0.295794,1.023534,-0.319598,0.2082,0.663684,-0.165662,0.218997,0.919541,-0.221859,0.240112,0.986507,-0.224705,0.256513,0.973713,-0.233793,0.130142,0.6948,-0.168945,0.156841,0.945415,-0.204639,0.181602,0.977223,-0.175748,0.194991,0.938531,-0.16284,0.069076,0.73592,-0.182428,0.093501,0.934484,-0.200573,0.125674,0.964899,-0.178701,0.142948,0.936103,-0.166416
488,16266,True,0.9889,0.9889,0.191105,0.754623,0.0,0.271208,0.768216,-0.055058,0.339502,0.80594,-0.109948,0.403846,0.860287,-0.157058,0.480499,0.890615,-0.20351,0.283767,0.638822,-0.137673,0.267997,0.875392,-0.199095,0.276248,0.893112,-0.239289,0.281829,0.855671,-0.26675,0.1851,0.655431,-0.138035,0.200897,0.919433,-0.176129,0.224148,0.899568,-0.180838,0.234721,0.8354,-0.195165,0.108718,0.689833,-0.139413,0.137214,0.935289,-0.163391,0.162143,0.903044,-0.13753,0.171823,0.827649,-0.127673,0.049084,0.735653,-0.150286,0.080754,0.922619,-0.173654,0.110635,0.903639,-0.160808,0.122474,0.839502,-0.152817
489,16300,True,0.9893,0.9893,0.174917,0.814114,-0.0,0.25548,0.810867,-0.052204,0.328531,0.794279,-0.097225,0.398356,0.825938,-0.138576,0.470684,0.853214,-0.176712,0.269886,0.618863,-0.117138,0.264551,0.772349,-0.18113,0.259901,0.836121,-0.213249,0.259232,0.851156,-0.231665,0.176425,0.618941,-0.117598,0.191211,0.891628,-0.173546,0.234119,0.957567,-0.175569,0.270009,0.953611,-0.175451,0.100349,0.65628,-0.121202,0.127591,0.91433,-0.159719,0.164847,0.953204,-0.132111,0.190893,0.932804,-0.11127,0.039799,0.710314,-0.133778,0.065414,0.900216,-0.164483,0.10443,0.940594,-0.152124,0.132852,0.925099,-0.136545
490,16333,True,0.9886,0.9886,0.162612,0.81721,-0.0,0.246193,0.801418,-0.047972,0.322638,0.785508,-0.090044,0.393247,0.806055,-0.130804,0.464785,0.819609,-0.168528,0.245462,0.59044,-0.092729,0.224729,0.738819,-0.154453,0.230115,0.846182,-0.189497,0.248919,0.897249,-0.208883,0.157158,0.591153,-0.095987,0.151786,0.825914,-0.154415,0.203187,0.926219,-0.169854,0.257768,0.96256,-0.176491,0.086523,0.625042,-0.102736,0.104437,0.871791,-0.14909,0.160293,0.947688,-0.142877,0.209292,0.967664,-0.13336,0.030655,0.678107,-0.116464,0.04506,0.859841,-0.15218,0.094183,0.925431,-0.150438,0.140154,0.938923,-0.141482
491,16366,True,0.995,0.995,0.156745,0.802313,-0.0,0.242609,0.788764,-0.050473,0.317475,0.758321,-0.091763,0.38814,0.772156,-0.131579,0.455984,0.77534,-0.169297,0.247425,0.579519,-0.099277,0.24633,0.590032,-0.159938,0.227373,0.607529,-0.194597,0.212254,0.621932,-0.216652,0.152525,0.56104,-0.102771,0.167461,0.794056,-0.175138,0.230514,0.897689,-0.190994,0.290099,0.938024,-0.193299,0.077156,0.605261,-0.110195,0.116973,0.861506,-0.16568,0.185898,0.924949,-0.152647,0.242836,0.933782,-0.13537,0.021872,0.667466,-0.125342,0.046056,0.852843,-0.172987,0.092774,0.906965,-0.172839,0.133899,0.905643,-0.161616
492,16400,True,0.9913,0.9913,0.169864,0.790735,-0.0,0.242593,0.793989,-0.044345,0.325384,0.743003,-0.084472,0.384223,0.73481,-0.122585,0.447744,0.74403,-0.155517,0.261669,0.586102,-0.110108,0.227774,0.497615,-0.185699,0.184827,0.444615,-0.22842,0.149281,0.41268,-0.250588,0.163284,0.534155,-0.109127,0.166283,0.768527,-0.177775,0.218481,0.842523,-0.168041,0.26388,0.880568,-0.148098,0.083902,0.577072,-0.11364,0.118941,0.828578,-0.172253,0.167401,0.866514,-0.133588,0.203244,0.874733,-0.091347,0.023705,0.64468,-0.125173,0.050094,0.821488,-0.172566,0.093711,0.861884,-0.15805,0.128269,0.859185,-0.130443
493,16433,True,0.9924,0.9924,0.179264,0.775154,-0.0,0.251737,0.76482,-0.042956,0.326141,0.716434,-0.080936,0.388738,0.706114,-0.118267,0.450952,0.703211,-0.153912,0.25639,0.549109,-0.105645,0.227304,0.453488,-0.169087,0.185617,0.382732,-0.204559,0.149961,0.324678,-0.225892,0.160037,0.508558,-0.10658,0.165807,0.713021,-0.177812,0.215187,0.807627,-0.177495,0.258397,0.866417,-0.163091,0.083311,0.554639,-0.110468,0.119626,0.78314,-0.169261,0.17412,0.840691,-0.143221,0.214352,0.870918,-0.110076,0.0252,0.625256,-0.120627,0.053375,0.794087,-0.167005,0.100108,0.843913,-0.158696,0.136558,0.855923,-0.136987
494,16466,True,0.9909,0.9909,0.19345,0.80066,-0.0,0.265537,0.780121,-0.052037,0.334613,0.715155,-0.096154,0.391312,0.68224,-0.139189,0.459189,0.673405,-0.181664,0.258108,0.527968,-0.108375,0.230551,0.409973,-0.171265,0.19238,0.327998,-0.207746,0.156947,0.257663,-0.231965,0.164926,0.493935,-0.108007,0.168076,0.670978,-0.186071,0.219493,0.778883,-0.192428,0.264113,0.841188,-0.182323,0.089042,0.538985,-0.111038,0.121818,0.741134,-0.174286,0.176985,0.81445,-0.152747,0.21971,0.849949,-0.12328,0.03218,0.609596,-0.121002,0.058162,0.753565,-0.166029,0.109405,0.805858,-0.157372,0.149894,0.817718,-0.13696
495,16500,True,0.9939,0.9939,0.199799,0.814065,0.0,0.273195,0.77902,-0.055143,0.340092,0.707322,-0.101743,0.394196,0.667652,-0.147025,0.458798,0.650373,-0.192439,0.262703,0.507622,-0.110572,0.237506,0.379629,-0.176121,0.205114,0.28722,-0.214698,0.173888,0.205965,-0.241907,0.167571,0.482328,-0.112222,0.178341,0.633454,-0.200615,0.229721,0.757197,-0.214059,0.273913,0.826257,-0.207353,0.092259,0.528619,-0.117293,0.132349,0.717923,-0.188373,0.191869,0.803463,-0.171484,0.238901,0.842735,-0.144691,0.036974,0.6006,-0.129378,0.07146,0.74251,-0.179158,0.129073,0.805245,-0.172357,0.174848,0.821419,-0.153198
496,16533,True,0.9913,0.9913,0.200867,0.805919,0.0,0.273851,0.772802,-0.057167,0.339127,0.700548,-0.105107,0.395718,0.657823,-0.151103,0.463131,0.639478,-0.197234,0.267928,0.503297,-0.11629,0.242898,0.366346,-0.184667,0.213896,0.265813,-0.225058,0.186685,0.178298,-0.252957,0.171189,0.476476,-0.116604,0.184793,0.620794,-0.208711,0.236811,0.745986,-0.221845,0.280523,0.822668,-0.213437,0.094997,0.521856,-0.120331,0.138635,0.703621,-0.193438,0.198151,0.789048,-0.175749,0.243871,0.835686,-0.147128,0.03989,0.593338,-0.131095,0.077023,0.730614,-0.180964,0.134662,0.793805,-0.173257,0.180353,0.814888,-0.152854
497,16566,True,0.989,0.989,0.205101,0.800432,0.0,0.277246,0.768759,-0.058818,0.342175,0.696779,-0.109145,0.396117,0.655243,-0.156958,0.465729,0.638265,-0.20535,0.269392,0.499645,-0.12408,0.24641,0.359954,-0.198352,0.218218,0.256572,-0.24287,0.191695,0.166595,-0.273087,0.171933,0.474426,-0.124308,0.189698,0.61261,-0.21838,0.243701,0.737503,-0.230179,0.288174,0.813719,-0.221252,0.096048,0.521179,-0.128287,0.141017,0.696503,-0.205399,0.202184,0.783729,-0.186794,0.249502,0.833061,-0.157257,0.042275,0.594598,-0.139244,0.080337,0.730877,-0.193822,0.140536,0.800701,-0.186361,0.189878,0.828986,-0.165547
498,16600,True,0.9893,0.9893,0.209012,0.800951,0.0,0.278776,0.768289,-0.05967,0.34106,0.697062,-0.112101,0.395454,0.654544,-0.162198,0.467249,0.636263,-0.213247,0.268092,0.498383,-0.126516,0.244469,0.358005,-0.201542,0.216457,0.254719,-0.247207,0.189353,0.16356,-0.278763,0.171082,0.473575,-0.127281,0.187997,0.610748,-0.222361,0.243496,0.736501,-0.235284,0.288643,0.812974,-0.22723,0.09512,0.521657,-0.131726,0.140546,0.698137,-0.208714,0.204603,0.787913,-0.189627,0.25351,0.839626,-0.159929,0.041703,0.596644,-0.143378,0.081561,0.736365,-0.197493,0.143975,0.807372,-0.189509,0.194008,0.836711,-0.168507
499,16633,True,0.9882,0.9882,0.192272,0.802028,0.0,0.267783,0.777267,-0.057795,0.339308,0.712918,-0.106546,0.396326,0.668264,-0.153945,0.464309,0.648238,-0.202496,0.264426,0.511002,-0.113941,0.235811,0.374598,-0.180592,0.204112,0.274186,-0.22126,0.174095,0.187099,-0.249857,0.170146,0.482486,-0.113592,0.178147,0.637096,-0.201409,0.229872,0.759428,-0.215154,0.27089,0.83133,-0.209246,0.094548,0.528884,-0.116749,0.127926,0.715614,-0.18655,0.186456,0.799598,-0.170327,0.230876,0.843841,-0.144341,0.039529,0.600996,-0.127046,0.067496,0.740271,-0.173383,0.121909,0.802611,-0.165189,0.164517,0.82475,-0.145868
500,16666,True,0.9953,0.9953,0.181622,0.810747,-0.0,0.256253,0.785668,-0.049749,0.331089,0.735831,-0.094155,0.390751,0.714098,-0.138366,0.450362,0.700925,-0.182492,0.258424,0.531647,-0.102045,0.222178,0.422039,-0.163492,0.179931,0.336972,-0.202295,0.142822,0.259654,-0.2312,0.166919,0.506562,-0.107085,0.173519,0.683974,-0.183722,0.216856,0.796237,-0.196217,0.252668,0.851078,-0.194006,0.092654,0.558817,-0.115473,0.122877,0.77146,-0.175226,0.167972,0.84177,-0.15352,0.201082,0.863488,-0.128713,0.033335,0.63189,-0.131367,0.060913,0.788059,-0.173441,0.110534,0.847629,-0.160062,0.146667,0.859353,-0.139491
501,16700,True,0.9975,0.9975,0.159511,0.784505,-0.0,0.236126,0.774589,-0.059465,0.315511,0.759596,-0.110704,0.374312,0.766449,-0.155815,0.422495,0.793499,-0.197754,0.245341,0.567635,-0.120496,0.24944,0.758483,-0.183715,0.255283,0.813209,-0.220468,0.26417,0.813406,-0.244471,0.152018,0.581473,-0.120862,0.175418,0.841939,-0.175551,0.19872,0.887857,-0.185829,0.210348,0.873356,-0.194733,0.078025,0.623955,-0.124143,0.112641,0.874687,-0.164724,0.134121,0.899385,-0.147962,0.139939,0.862709,-0.136984,0.017173,0.681323,-0.136008,0.051766,0.862616,-0.165608,0.081462,0.885365,-0.156996,0.094845,0.848793,-0.14745
502,16733,True,0.9878,0.9878,0.172189,0.727814,-0.0,0.250427,0.750136,-0.076761,0.321406,0.789719,-0.150675,0.380323,0.855133,-0.21334,0.445255,0.936111,-0.274021,0.252164,0.653077,-0.193701,0.227724,0.884708,-0.276535,0.215429,0.978611,-0.318566,0.201762,1.011656,-0.342333,0.151947,0.666749,-0.187807,0.165668,0.914419,-0.246234,0.189009,0.949039,-0.244127,0.198205,0.927084,-0.249092,0.074998,0.700594,-0.183387,0.107499,0.939181,-0.219011,0.131357,0.944032,-0.187818,0.13911,0.894939,-0.172317,0.016438,0.745299,-0.189931,0.048639,0.930034,-0.210695,0.079009,0.939258,-0.192281,0.0921,0.899397,-0.181277
503,16766,True,0.9949,0.9949,0.164417,0.674205,-0.0,0.250302,0.73333,-0.091443,0.322258,0.824172,-0.174552,0.379019,0.913542,-0.244476,0.448155,0.985673,-0.312462,0.24777,0.695174,-0.21934,0.249348,0.930497,-0.310762,0.25626,1.019925,-0.349488,0.254734,1.042005,-0.368869,0.15122,0.708045,-0.207199,0.164763,0.962057,-0.2802,0.188802,1.034517,-0.278109,0.194619,1.032215,-0.279408,0.075188,0.739124,-0.196335,0.096843,0.981633,-0.250408,0.128774,1.026151,-0.225893,0.140068,1.008929,-0.210421,0.017624,0.781152,-0.195391,0.03818,0.963508,-0.226886,0.071378,1.00492,-0.212399,0.08811,0.996336,-0.201954
504,16800,True,0.9862,0.9862,0.161675,0.794473,0.0,0.257996,0.797811,-0.079576,0.33172,0.842743,-0.153337,0.389723,0.917701,-0.207092,0.454025,0.981031,-0.263967,0.266622,0.689691,-0.256681,0.256288,0.87718,-0.327019,0.249419,0.989864,-0.347803,0.241079,1.067338,-0.355444,0.165246,0.68884,-0.241847,0.176932,0.934744,-0.305478,0.187883,1.048169,-0.300402,0.186061,1.114934,-0.297977,0.081727,0.721297,-0.221342,0.107315,0.970045,-0.280207,0.132072,1.043408,-0.256207,0.137208,1.070427,-0.235647,0.023376,0.770189,-0.203609,0.054979,0.953372,-0.246816,0.078352,0.987044,-0.231004,0.085473,0.978247,-0.217835
505,16833,True,0.9842,0.9842,0.17737,0.701293,-0.0,0.260669,0.737561,-0.067211,0.33383,0.799095,-0.132587,0.397486,0.871084,-0.191084,0.46943,0.927525,-0.251196,0.262503,0.671113,-0.171532,0.253255,0.890707,-0.25068,0.254234,0.979612,-0.299719,0.25533,1.018737,-0.327503,0.164205,0.677927,-0.167078,0.180623,0.934301,-0.22072,0.193448,0.995373,-0.226905,0.201732,1.009084,-0.238423,0.088201,0.702698,-0.163237,0.114337,0.949302,-0.197901,0.135207,0.983777,-0.177236,0.147093,0.973244,-0.167937,0.029527,0.739412,-0.168914,0.05066,0.925886,-0.1867,0.077118,0.953498,-0.170801,0.091229,0.938471,-0.16189
506,16866,True,0.98,0.98,0.181583,0.760643,-0.0,0.264397,0.781829,-0.080484,0.330567,0.803571,-0.14712,0.39389,0.851065,-0.199942,0.469083,0.877527,-0.244091,0.273857,0.657677,-0.17711,0.259269,0.866533,-0.250275,0.24521,0.942495,-0.278246,0.234124,0.977686,-0.289468,0.174639,0.659861,-0.160128,0.183519,0.922667,-0.213594,0.201056,0.899894,-0.203748,0.209282,0.843334,-0.196997,0.093879,0.687752,-0.145932,0.120426,0.940529,-0.176671,0.145285,0.90904,-0.139067,0.153359,0.84783,-0.113394,0.031801,0.733083,-0.143532,0.061434,0.921869,-0.168973,0.090382,0.911573,-0.154825,0.101145,0.857131,-0.139391
507,16900,True,0.9922,0.9922,0.179691,0.790749,-0.0,0.257288,0.79976,-0.055714,0.327894,0.802101,-0.106717,0.39448,0.843331,-0.152061,0.469441,0.882047,-0.193036,0.270543,0.630637,-0.137901,0.260395,0.834652,-0.205934,0.234386,0.924853,-0.24045,0.208312,0.972599,-0.257016,0.169465,0.632873,-0.134666,0.187742,0.918048,-0.177506,0.216794,0.92972,-0.16952,0.235584,0.904871,-0.166315,0.091525,0.671031,-0.134116,0.122775,0.929528,-0.156372,0.152972,0.916448,-0.115359,0.168317,0.871121,-0.088215,0.031134,0.727701,-0.144406,0.064975,0.913529,-0.163003,0.100157,0.909509,-0.141442,0.118857,0.868841,-0.120578
508,16933,True,0.9847,0.9847,0.17552,0.825762,-0.0,0.252946,0.827746,-0.055887,0.326667,0.809018,-0.10365,0.393641,0.835806,-0.145959,0.455671,0.868951,-0.183265,0.271036,0.612201,-0.124172,0.254503,0.79356,-0.194849,0.219277,0.892262,-0.23334,0.185249,0.943443,-0.251719,0.172754,0.611168,-0.120959,0.177204,0.881588,-0.166511,0.206759,0.905005,-0.163051,0.229096,0.881701,-0.160469,0.094237,0.648643,-0.121799,0.115321,0.906207,-0.14754,0.150241,0.908784,-0.111699,0.171579,0.87224,-0.085488,0.032335,0.706597,-0.133266,0.057829,0.895034,-0.153636,0.097105,0.909305,-0.134739,0.123453,0.880662,-0.113824
509,16966,True,0.9914,0.9914,0.169946,0.812814,-0.0,0.248188,0.809119,-0.051295,0.322136,0.796415,-0.095764,0.390342,0.824822,-0.136978,0.459286,0.842159,-0.173603,0.265904,0.594148,-0.1127,0.242519,0.778298,-0.179792,0.228965,0.866357,-0.216803,0.223867,0.898233,-0.23741,0.168642,0.598295,-0.11344,0.177055,0.889781,-0.167978,0.237779,0.936757,-0.171647,0.293883,0.924894,-0.173356,0.090142,0.63877,-0.118257,0.120294,0.917231,-0.157218,0.176217,0.934262,-0.133503,0.219048,0.900304,-0.114451,0.029719,0.698824,-0.132253,0.064201,0.904469,-0.166296,0.116711,0.930375,-0.158618,0.157256,0.904226,-0.145076
510,17000,True,0.9924,0.9924,0.164851,0.828185,-0.0,0.246155,0.822467,-0.055439,0.32127,0.795069,-0.099567,0.391031,0.813913,-0.140661,0.454601,0.820349,-0.174733,0.267524,0.58084,-0.104278,0.248617,0.697028,-0.176911,0.222576,0.791749,-0.216199,0.206172,0.843736,-0.236175,0.172943,0.578423,-0.103766,0.17062,0.851485,-0.167184,0.235856,0.921936,-0.175204,0.298117,0.919412,-0.17602,0.095325,0.62101,-0.109442,0.120836,0.897453,-0.159195,0.191947,0.945948,-0.139711,0.246983,0.935915,-0.11918,0.034907,0.681686,-0.124041,0.057563,0.883329,-0.16622,0.114519,0.930489,-0.162416,0.162258,0.920938,-0.148496
511,17033,True,0.9923,0.9923,0.171814,0.816129,-0.0,0.252316,0.808364,-0.06173,0.329052,0.782776,-0.110276,0.39564,0.803734,-0.154852,0.459947,0.816106,-0.192055,0.269104,0.571254,-0.10897,0.2573,0.673149,-0.18578,0.235791,0.765926,-0.227009,0.217575,0.813665,-0.248565,0.177479,0.571724,-0.10818,0.172536,0.817989,-0.177609,0.232915,0.900971,-0.191096,0.288248,0.90157,-0.195694,0.101805,0.612716,-0.114055,0.121557,0.873146,-0.170697,0.190951,0.93849,-0.158755,0.24327,0.934448,-0.14371,0.042847,0.672426,-0.128716,0.065051,0.869743,-0.172389,0.12252,0.928984,-0.171343,0.169567,0.925321,-0.161323
512,17066,True,0.9934,0.9934,0.184827,0.816178,-0.0,0.265333,0.804516,-0.045108,0.339013,0.771354,-0.085019,0.404144,0.786526,-0.125775,0.469438,0.795932,-0.163081,0.27836,0.572711,-0.08996,0.272075,0.6094,-0.158202,0.248363,0.66341,-0.197568,0.22876,0.706683,-0.218991,0.184962,0.561897,-0.096642,0.193782,0.787739,-0.165409,0.253442,0.880505,-0.182343,0.309273,0.914145,-0.186828,0.107699,0.604138,-0.108164,0.140812,0.84582,-0.161644,0.208246,0.914272,-0.152264,0.262117,0.93097,-0.138143,0.04866,0.667349,-0.127128,0.080956,0.855119,-0.169389,0.13939,0.920072,-0.16851,0.187574,0.932325,-0.157751
513,17100,True,0.9906,0.9906,0.198075,0.813871,-0.0,0.276956,0.797032,-0.04275,0.34902,0.759604,-0.082072,0.416274,0.771633,-0.122708,0.484484,0.780739,-0.162067,0.288748,0.566562,-0.086711,0.288688,0.59265,-0.155183,0.27487,0.614052,-0.19887,0.263042,0.630549,-0.224417,0.194327,0.549553,-0.094029,0.216008,0.773653,-0.167763,0.272216,0.871615,-0.187032,0.320961,0.914384,-0.190238,0.115849,0.591271,-0.105885,0.161463,0.836729,-0.161024,0.22299,0.903734,-0.153102,0.269096,0.921047,-0.137731,0.055699,0.657552,-0.124834,0.091762,0.844118,-0.165277,0.140395,0.902422,-0.164771,0.176865,0.909616,-0.153708
514,17133,True,0.9884,0.9884,0.200118,0.788356,-0.0,0.283087,0.780576,-0.049863,0.358598,0.743683,-0.089523,0.428215,0.754373,-0.128535,0.497452,0.75799,-0.166017,0.300709,0.570181,-0.094853,0.301796,0.586935,-0.163392,0.296258,0.59095,-0.205244,0.293851,0.583924,-0.230919,0.204205,0.542569,-0.098602,0.232737,0.771086,-0.174433,0.2883,0.869259,-0.190312,0.332753,0.898503,-0.190636,0.124878,0.582408,-0.107446,0.17795,0.830452,-0.168729,0.235101,0.896223,-0.158599,0.27596,0.900917,-0.140438,0.06432,0.647264,-0.123776,0.104471,0.841776,-0.172404,0.148866,0.901003,-0.174468,0.179253,0.902922,-0.163892
515,17166,True,0.9877,0.9877,0.202607,0.793019,-0.0,0.286359,0.781785,-0.046865,0.364068,0.747754,-0.087944,0.433492,0.750048,-0.128977,0.502389,0.755017,-0.168905,0.302631,0.577074,-0.094443,0.311791,0.575784,-0.161204,0.308605,0.574972,-0.201492,0.307578,0.568165,-0.22569,0.208611,0.549613,-0.100242,0.247108,0.754822,-0.175088,0.298769,0.852213,-0.192078,0.341319,0.885564,-0.193818,0.130652,0.586042,-0.110371,0.186704,0.810329,-0.173982,0.243414,0.883253,-0.169994,0.287454,0.899229,-0.1558,0.072511,0.647531,-0.126882,0.112031,0.822017,-0.173257,0.14664,0.883761,-0.17656,0.171715,0.894139,-0.168272
516,17200,True,0.9889,0.9889,0.2061,0.800091,-0.0,0.289188,0.79006,-0.041361,0.369798,0.753474,-0.078557,0.435609,0.746596,-0.117374,0.506013,0.74663,-0.155529,0.313865,0.567117,-0.07749,0.324922,0.557308,-0.136712,0.322926,0.551191,-0.173499,0.324386,0.538024,-0.19635,0.222028,0.533843,-0.084838,0.260869,0.739374,-0.151213,0.305995,0.840315,-0.165313,0.341107,0.874359,-0.165964,0.142579,0.569488,-0.096675,0.196457,0.790628,-0.155484,0.247925,0.866386,-0.149569,0.286073,0.886067,-0.13477,0.079096,0.631797,-0.114464,0.119983,0.802781,-0.158378,0.157514,0.869754,-0.158989,0.183049,0.887523,-0.148614
517,17233,True,0.9838,0.9838,0.211546,0.804985,-0.0,0.293907,0.787579,-0.037985,0.36777,0.743798,-0.075001,0.435711,0.735075,-0.114599,0.507624,0.734722,-0.15355,0.317515,0.554648,-0.07697,0.336631,0.52882,-0.137372,0.335182,0.521754,-0.175895,0.335064,0.510547,-0.199305,0.229139,0.527774,-0.086511,0.276928,0.724255,-0.15538,0.321763,0.822038,-0.173075,0.358196,0.858645,-0.176624,0.151306,0.565256,-0.100151,0.209979,0.780892,-0.159569,0.263431,0.855115,-0.157809,0.305528,0.880934,-0.14643,0.087999,0.628993,-0.119351,0.138443,0.787171,-0.161438,0.184556,0.851222,-0.162443,0.220043,0.874717,-0.15332
518,17266,True,0.9868,0.9868,0.207893,0.787558,0.0,0.297228,0.76859,-0.033022,0.372672,0.733618,-0.068212,0.441084,0.728107,-0.106203,0.51004,0.722609,-0.146102,0.325114,0.550139,-0.080269,0.344248,0.529922,-0.132271,0.34996,0.491783,-0.166308,0.362156,0.44838,-0.190723,0.237582,0.522922,-0.09255,0.28793,0.702835,-0.159758,0.329556,0.798852,-0.17781,0.363609,0.848357,-0.182265,0.160178,0.560657,-0.106636,0.218625,0.764611,-0.167119,0.271171,0.838808,-0.168533,0.31397,0.875731,-0.159354,0.098278,0.626665,-0.125075,0.149501,0.780992,-0.169346,0.19448,0.848541,-0.173061,0.23206,0.880966,-0.166468
519,17300,True,0.9893,0.9893,0.217597,0.801071,0.0,0.304208,0.776198,-0.033995,0.377849,0.73038,-0.06941,0.445316,0.714268,-0.106952,0.516096,0.708357,-0.146189,0.333033,0.546325,-0.082896,0.356148,0.511223,-0.134507,0.365149,0.463538,-0.168905,0.37982,0.412524,-0.194172,0.247689,0.520916,-0.095128,0.29862,0.684394,-0.161709,0.336531,0.783784,-0.178867,0.366405,0.838032,-0.18325,0.171241,0.558239,-0.109082,0.232251,0.749308,-0.167165,0.280988,0.826181,-0.165256,0.318668,0.867534,-0.154965,0.108533,0.624468,-0.127827,0.163489,0.767893,-0.168789,0.20616,0.837743,-0.169016,0.240448,0.87519,-0.16082
520,17333,True,0.9901,0.9901,0.225814,0.800335,0.0,0.311938,0.771919,-0.033742,0.384348,0.722938,-0.069703,0.44977,0.706981,-0.107954,0.517066,0.696161,-0.148034,0.337841,0.536087,-0.084225,0.361065,0.492428,-0.137704,0.373416,0.438787,-0.172283,0.393002,0.38336,-0.197839,0.252157,0.512767,-0.097795,0.303184,0.66872,-0.168256,0.342281,0.768772,-0.18631,0.37384,0.82166,-0.190584,0.175733,0.553185,-0.113209,0.236031,0.735638,-0.177598,0.287174,0.814599,-0.176729,0.328402,0.855451,-0.165888,0.114043,0.622503,-0.133032,0.170696,0.758327,-0.181686,0.22045,0.831389,-0.184562,0.262162,0.869945,-0.176877
521,17366,True,0.9889,0.9889,0.232482,0.807452,0.0,0.317149,0.77641,-0.033321,0.388053,0.722868,-0.068584,0.448044,0.701091,-0.106419,0.515275,0.690525,-0.145504,0.344292,0.528811,-0.079736,0.367847,0.479658,-0.134419,0.380447,0.42335,-0.16869,0.399617,0.365126,-0.193323,0.257502,0.504263,-0.093561,0.307066,0.657288,-0.166117,0.346306,0.76042,-0.182881,0.377565,0.813848,-0.18406,0.180524,0.54523,-0.109639,0.241625,0.729675,-0.176723,0.29168,0.811732,-0.173117,0.331118,0.852192,-0.157905,0.118801,0.614894,-0.130108,0.178104,0.752148,-0.179447,0.227581,0.825133,-0.180124,0.266819,0.859884,-0.169118
522,17400,True,0.9916,0.9916,0.235352,0.797541,0.0,0.319954,0.768929,-0.039472,0.38898,0.716752,-0.079046,0.450693,0.697803,-0.12035,0.517499,0.687059,-0.162918,0.349001,0.524585,-0.0894,0.372145,0.468472,-0.150208,0.385039,0.407985,-0.187745,0.402508,0.346072,-0.213964,0.261245,0.500447,-0.101976,0.311355,0.643582,-0.182426,0.351305,0.74775,-0.200754,0.381206,0.802903,-0.201265,0.183516,0.5431,-0.117434,0.241881,0.723427,-0.191313,0.29398,0.810474,-0.187192,0.3348,0.855013,-0.169574,0.121401,0.615048,-0.137633,0.175782,0.748558,-0.191234,0.22682,0.822763,-0.191554,0.267093,0.858008,-0.179287
523,17433,True,0.9931,0.9931,0.239277,0.79818,0.0,0.322259,0.769119,-0.041777,0.391114,0.715506,-0.082872,0.45222,0.696862,-0.125323,0.518123,0.68753,-0.168812,0.352939,0.52018,-0.090847,0.374039,0.461545,-0.154463,0.387775,0.400548,-0.194492,0.406046,0.337547,-0.221845,0.265663,0.494214,-0.102556,0.312825,0.638606,-0.184561,0.352841,0.744181,-0.202998,0.3825,0.79882,-0.202842,0.18743,0.536119,-0.117527,0.244662,0.718682,-0.192447,0.294891,0.809347,-0.185526,0.332966,0.854991,-0.165014,0.124861,0.607734,-0.137582,0.174774,0.740021,-0.190631,0.223652,0.815526,-0.187668,0.261635,0.851403,-0.172341
524,17466,True,0.9932,0.9932,0.241442,0.796767,0.0,0.323785,0.768067,-0.041666,0.392132,0.715562,-0.08319,0.452781,0.696002,-0.126214,0.517702,0.686625,-0.17041,0.354213,0.518393,-0.090753,0.375372,0.454278,-0.153604,0.389554,0.3915,-0.193536,0.407327,0.328495,-0.220851,0.267143,0.492404,-0.102545,0.314829,0.631728,-0.184272,0.356065,0.73751,-0.202979,0.386441,0.796221,-0.202625,0.18945,0.53472,-0.117403,0.247236,0.71389,-0.190617,0.297369,0.804877,-0.183062,0.33509,0.853737,-0.162159,0.127417,0.606452,-0.137443,0.176911,0.735971,-0.188547,0.224883,0.810971,-0.184386,0.261743,0.848164,-0.168255
525,17500,True,0.9939,0.9939,0.241686,0.802777,0.0,0.323813,0.770325,-0.03687,0.391988,0.713955,-0.07545,0.45139,0.689301,-0.116106,0.517405,0.679355,-0.15789,0.357091,0.517314,-0.083701,0.380247,0.449027,-0.142329,0.394423,0.384609,-0.179543,0.411959,0.321217,-0.205264,0.271423,0.490332,-0.096459,0.319665,0.625025,-0.173256,0.358726,0.729137,-0.19029,0.387171,0.789759,-0.189531,0.194171,0.532219,-0.11178,0.253099,0.708133,-0.180458,0.300098,0.797468,-0.172378,0.33493,0.846966,-0.152151,0.132104,0.603856,-0.131938,0.18302,0.729231,-0.17883,0.227939,0.803615,-0.173137,0.261114,0.841949,-0.156656
526,17533,True,0.9938,0.9938,0.242368,0.797898,0.0,0.325529,0.765235,-0.034892,0.39528,0.70876,-0.072353,0.456429,0.68713,-0.1121,0.522204,0.680509,-0.153081,0.358637,0.51557,-0.08219,0.383641,0.444132,-0.138451,0.398556,0.377176,-0.173921,0.416413,0.3126,-0.198938,0.274002,0.488486,-0.095303,0.323598,0.619803,-0.16993,0.364347,0.722377,-0.186138,0.392306,0.78381,-0.185284,0.19766,0.529372,-0.110599,0.258279,0.702976,-0.175994,0.306011,0.790468,-0.167339,0.339182,0.838481,-0.14775,0.136221,0.60069,-0.130697,0.191179,0.72552,-0.17497,0.236989,0.799943,-0.168737,0.268765,0.838515,-0.152589
527,17566,True,0.9936,0.9936,0.236597,0.798632,0.0,0.324163,0.765131,-0.032539,0.397116,0.7087,-0.069517,0.45935,0.683996,-0.109309,0.525473,0.673482,-0.150591,0.362194,0.515118,-0.083204,0.391561,0.441056,-0.139572,0.410207,0.372111,-0.174724,0.43196,0.306726,-0.199408,0.278497,0.488045,-0.097706,0.331369,0.615212,-0.172346,0.373448,0.713786,-0.188704,0.402872,0.777043,-0.1883,0.202866,0.528072,-0.114009,0.2669,0.69386,-0.179608,0.316146,0.779806,-0.171467,0.350917,0.831207,-0.152464,0.14221,0.598594,-0.134809,0.200687,0.717622,-0.179406,0.247329,0.791784,-0.173601,0.280634,0.83441,-0.157899
528,17600,True,0.9953,0.9953,0.24604,0.790324,0.0,0.332687,0.761624,-0.03476,0.404978,0.708747,-0.073639,0.466865,0.682862,-0.114983,0.534952,0.672666,-0.157406,0.369605,0.513676,-0.085604,0.402336,0.433079,-0.144055,0.423166,0.360551,-0.181382,0.444796,0.293619,-0.2081,0.288172,0.486532,-0.100115,0.342503,0.598168,-0.177538,0.383326,0.700767,-0.195388,0.408665,0.768298,-0.195951,0.214823,0.525323,-0.116709,0.280925,0.681226,-0.181393,0.326041,0.765893,-0.171408,0.353645,0.814984,-0.152302,0.155146,0.595199,-0.138289,0.213649,0.711634,-0.180792,0.257325,0.779921,-0.174184,0.28558,0.816657,-0.159215
529,17633,True,0.996,0.996,0.252274,0.784324,0.0,0.339824,0.756828,-0.036853,0.410517,0.705212,-0.077807,0.472052,0.682832,-0.1208,0.541008,0.674157,-0.16576,0.381787,0.512613,-0.092514,0.417988,0.431818,-0.153461,0.441149,0.358252,-0.19279,0.463262,0.292926,-0.220716,0.300948,0.486715,-0.106603,0.353713,0.590513,-0.1876,0.393004,0.689583,-0.208149,0.417473,0.760638,-0.210453,0.226965,0.523834,-0.122734,0.289289,0.671157,-0.191344,0.335278,0.755657,-0.184727,0.364502,0.812368,-0.167547,0.166595,0.592786,-0.143699,0.22441,0.702518,-0.192225,0.272264,0.773928,-0.189842,0.306714,0.819999,-0.17709
530,17666,True,0.9974,0.9974,0.271196,0.783774,0.0,0.353653,0.752715,-0.034984,0.423708,0.698678,-0.074327,0.48464,0.677665,-0.11596,0.554768,0.679195,-0.1595,0.390314,0.508382,-0.088852,0.430602,0.427224,-0.146476,0.457894,0.355518,-0.182992,0.484417,0.292637,-0.208618,0.310582,0.484874,-0.102437,0.373652,0.592792,-0.179542,0.410473,0.694003,-0.198759,0.432275,0.765959,-0.200514,0.238656,0.523702,-0.117663,0.309227,0.6739,-0.184805,0.355078,0.760086,-0.180452,0.385713,0.818632,-0.164726,0.179512,0.593908,-0.137167,0.2429,0.702677,-0.184196,0.294569,0.773852,-0.182218,0.333005,0.822445,-0.169843
531,17700,True,0.9977,0.9977,0.279135,0.776751,0.0,0.363077,0.748834,-0.031986,0.433732,0.701388,-0.069982,0.492701,0.682883,-0.110847,0.560011,0.679734,-0.153992,0.405189,0.509033,-0.083624,0.448128,0.432051,-0.13949,0.477633,0.360712,-0.176684,0.505197,0.297416,-0.203286,0.324915,0.484753,-0.09855,0.391419,0.601141,-0.17188,0.428194,0.700271,-0.189936,0.447738,0.769106,-0.192295,0.252927,0.524119,-0.115067,0.323928,0.672667,-0.175637,0.365509,0.75117,-0.167793,0.390395,0.804651,-0.152184,0.193681,0.594926,-0.136237,0.256425,0.705499,-0.178113,0.305693,0.773532,-0.173203,0.340879,0.818609,-0.159982
532,17733,True,0.9984,0.9984,0.289401,0.772658,0.0,0.374668,0.748952,-0.032913,0.445845,0.706985,-0.072373,0.504541,0.691723,-0.114215,0.570685,0.687932,-0.15798,0.417647,0.509843,-0.08806,0.463228,0.431637,-0.144727,0.494009,0.359807,-0.181953,0.522138,0.29702,-0.208634,0.337273,0.484291,-0.102783,0.405358,0.603488,-0.178537,0.443767,0.70399,-0.197927,0.464654,0.775891,-0.201182,0.265166,0.522827,-0.118883,0.337127,0.678932,-0.180901,0.377874,0.760655,-0.174233,0.401457,0.81789,-0.159576,0.205804,0.593332,-0.139595,0.27036,0.707228,-0.182098,0.318918,0.774369,-0.17823,0.353193,0.819639,-0.16616
533,17766,True,0.9986,0.9986,0.292609,0.772573,0.0,0.381541,0.746943,-0.030607,0.454519,0.706695,-0.069164,0.516003,0.694808,-0.111161,0.580519,0.692093,-0.154731,0.428537,0.504303,-0.082275,0.476189,0.42158,-0.138115,0.509824,0.350064,-0.1734,0.540251,0.288735,-0.197901,0.350578,0.482686,-0.098825,0.419187,0.596301,-0.174491,0.458724,0.70175,-0.193109,0.48012,0.777868,-0.194347,0.280028,0.524133,-0.116916,0.355734,0.681426,-0.181992,0.397364,0.769786,-0.17483,0.420355,0.830099,-0.157246,0.222338,0.595867,-0.139068,0.287864,0.708787,-0.182143,0.334463,0.777614,-0.17595,0.364913,0.823673,-0.160771
534,17800,True,0.9988,0.9988,0.307927,0.775036,0.0,0.395874,0.748457,-0.03073,0.469144,0.706221,-0.070535,0.527961,0.692302,-0.113669,0.592718,0.691632,-0.158849,0.440904,0.505823,-0.085961,0.487163,0.417154,-0.14544,0.523177,0.343621,-0.182618,0.556433,0.282166,-0.208032,0.364135,0.48772,-0.103555,0.43127,0.57541,-0.18496,0.471673,0.682125,-0.206131,0.492722,0.76566,-0.207735,0.29533,0.528227,-0.1227,0.370438,0.672214,-0.19311,0.411728,0.760786,-0.188682,0.434174,0.821359,-0.171786,0.237977,0.598688,-0.145378,0.306042,0.704082,-0.190706,0.35037,0.772738,-0.185634,0.378473,0.817414,-0.171472
535,17833,True,0.9983,0.9983,0.320894,0.763479,0.0,0.410213,0.744142,-0.032544,0.485378,0.707009,-0.072996,0.546327,0.696177,-0.116617,0.609164,0.694046,-0.162487,0.460628,0.503133,-0.085941,0.50753,0.409525,-0.144535,0.542038,0.336916,-0.182529,0.574477,0.276574,-0.209495,0.38495,0.483986,-0.10264,0.456267,0.581207,-0.181005,0.497237,0.686744,-0.201614,0.517369,0.764608,-0.205234,0.316924,0.525773,-0.121275,0.391954,0.670518,-0.185757,0.428525,0.754528,-0.17867,0.444988,0.81004,-0.163501,0.25996,0.597162,-0.144241,0.3266,0.705579,-0.186438,0.366933,0.771526,-0.180425,0.389811,0.811115,-0.167486
536,17866,True,0.9992,0.9992,0.342192,0.769061,0.0,0.427411,0.747499,-0.03104,0.503032,0.709339,-0.071684,0.564758,0.698671,-0.115242,0.628937,0.697716,-0.161424,0.479,0.507623,-0.090821,0.527225,0.410234,-0.149997,0.565143,0.335613,-0.18721,0.597403,0.271991,-0.213482,0.404263,0.489384,-0.108965,0.481138,0.573805,-0.188041,0.515506,0.683933,-0.206166,0.524029,0.764146,-0.207788,0.336314,0.532574,-0.12866,0.415705,0.661869,-0.196423,0.448941,0.745379,-0.18929,0.458723,0.797669,-0.17335,0.279876,0.606055,-0.151749,0.351109,0.700105,-0.195695,0.394056,0.767619,-0.188887,0.416942,0.809463,-0.17549
537,17900,True,0.999,0.999,0.34883,0.774416,0.0,0.440861,0.759008,-0.029635,0.519494,0.723613,-0.071536,0.580558,0.712437,-0.116613,0.64457,0.705769,-0.164066,0.494874,0.517273,-0.091958,0.543118,0.415916,-0.151883,0.581685,0.339289,-0.189742,0.616038,0.276559,-0.216186,0.421634,0.497669,-0.110839,0.499894,0.581575,-0.19009,0.542724,0.69108,-0.208926,0.560191,0.77557,-0.211056,0.354816,0.539043,-0.130854,0.43608,0.666602,-0.197134,0.474034,0.753372,-0.188989,0.488661,0.813056,-0.172703,0.29854,0.610726,-0.15426,0.369728,0.707596,-0.197042,0.414573,0.776484,-0.18925,0.439329,0.822383,-0.175015
538,17933,True,0.999,0.999,0.362879,0.78138,0.0,0.461852,0.762251,-0.029328,0.54323,0.725831,-0.070403,0.606169,0.714911,-0.114906,0.669466,0.710026,-0.161724,0.516182,0.524919,-0.093748,0.564514,0.416906,-0.153891,0.60395,0.3392,-0.191704,0.641026,0.276029,-0.218075,0.443589,0.5059,-0.112649,0.514852,0.59001,-0.192447,0.555436,0.693914,-0.212762,0.573815,0.772604,-0.216477,0.375835,0.545113,-0.132357,0.452151,0.673824,-0.198269,0.490884,0.760396,-0.190855,0.508367,0.817532,-0.17546,0.318838,0.613603,-0.155583,0.388013,0.708231,-0.196975,0.427783,0.773736,-0.188643,0.449375,0.816115,-0.174421
539,17966,True,0.9993,0.9993,0.374825,0.800396,1e-06,0.475584,0.776295,-0.022851,0.559816,0.733797,-0.058064,0.622901,0.72045,-0.09781,0.685049,0.719632,-0.139741,0.531524,0.531883,-0.079163,0.584847,0.425423,-0.133218,0.626447,0.346949,-0.167893,0.663985,0.284711,-0.192579,0.459369,0.515197,-0.100166,0.532327,0.586576,-0.173274,0.577325,0.685077,-0.193139,0.596172,0.763137,-0.197679,0.391813,0.555365,-0.121629,0.470043,0.674201,-0.181931,0.502297,0.755137,-0.175009,0.509452,0.807393,-0.161478,0.334035,0.625764,-0.146322,0.406064,0.716352,-0.185251,0.445741,0.783672,-0.17694,0.4654,0.828852,-0.163405
540,18000,True,0.9993,0.9993,0.394308,0.822909,1e-06,0.493582,0.805321,-0.023126,0.578382,0.757815,-0.057814,0.637302,0.731783,-0.097453,0.69748,0.719998,-0.138751,0.552012,0.538258,-0.071047,0.606085,0.426007,-0.124619,0.64807,0.344776,-0.158713,0.685065,0.279987,-0.182355,0.479344,0.518434,-0.091861,0.570069,0.595422,-0.163359,0.614346,0.70091,-0.181754,0.628436,0.779116,-0.183835,0.411178,0.558684,-0.113679,0.5027,0.688859,-0.173929,0.530811,0.782224,-0.162937,0.53445,0.837745,-0.144495,0.352153,0.630879,-0.13875,0.429997,0.730591,-0.17485,0.466405,0.801712,-0.161234,0.480435,0.844364,-0.142596
541,18033,True,0.9986,0.9986,0.393174,0.831131,1e-06,0.501406,0.805798,-0.022662,0.591019,0.759257,-0.058776,0.656037,0.736612,-0.10005,0.719572,0.726582,-0.142691,0.565039,0.542365,-0.074957,0.621071,0.430556,-0.131281,0.664229,0.348358,-0.167804,0.700712,0.280759,-0.192986,0.491958,0.524175,-0.096706,0.588757,0.604846,-0.169969,0.633646,0.709672,-0.188511,0.646995,0.787895,-0.190598,0.424539,0.566716,-0.119005,0.521602,0.70406,-0.17704,0.546551,0.794554,-0.162131,0.545581,0.847612,-0.141452,0.36786,0.640008,-0.145196,0.449066,0.744157,-0.178242,0.480412,0.811211,-0.161029,0.487113,0.849749,-0.13995
542,18066,True,0.999,0.999,0.393004,0.835738,1e-06,0.503537,0.808738,-0.021441,0.596681,0.766668,-0.060376,0.663386,0.745577,-0.104681,0.730296,0.740606,-0.149773,0.575394,0.547767,-0.081004,0.635521,0.431384,-0.142919,0.680542,0.348469,-0.180901,0.718707,0.279686,-0.206326,0.50223,0.530931,-0.105464,0.608495,0.60838,-0.185737,0.647243,0.721822,-0.203217,0.652828,0.802585,-0.202344,0.434283,0.575044,-0.130308,0.536165,0.715006,-0.194185,0.559237,0.805753,-0.177061,0.553761,0.853466,-0.153091,0.377715,0.649383,-0.158608,0.463818,0.755875,-0.193921,0.492097,0.822449,-0.174142,0.492282,0.855026,-0.150527
543,18100,True,0.999,0.999,0.39529,0.842397,1e-06,0.508645,0.812032,-0.023324,0.600645,0.769722,-0.064245,0.670073,0.749604,-0.109928,0.73928,0.742003,-0.155923,0.581562,0.550658,-0.084655,0.64344,0.432192,-0.146215,0.688649,0.347548,-0.183887,0.725969,0.277083,-0.209672,0.508191,0.535928,-0.108775,0.616381,0.607272,-0.188754,0.658758,0.716175,-0.208223,0.668662,0.792491,-0.209809,0.439943,0.580973,-0.133008,0.544657,0.724654,-0.195774,0.568962,0.811425,-0.181067,0.564509,0.852072,-0.160054,0.383991,0.656636,-0.160791,0.471223,0.768251,-0.194739,0.499148,0.833026,-0.175911,0.498391,0.860108,-0.154262
544,18133,True,0.9992,0.9992,0.399447,0.847457,1e-06,0.511938,0.811446,-0.017503,0.607237,0.76821,-0.056187,0.678679,0.754825,-0.101064,0.7482,0.756006,-0.145973,0.593818,0.550107,-0.08054,0.65344,0.429303,-0.141249,0.696999,0.344626,-0.177987,0.733176,0.274245,-0.20389,0.519227,0.537148,-0.10847,0.628125,0.62324,-0.190228,0.669887,0.742749,-0.208064,0.680108,0.821796,-0.208737,0.448624,0.585367,-0.136307,0.558137,0.743323,-0.200378,0.576741,0.834815,-0.182471,0.566289,0.871994,-0.15965,0.391379,0.665784,-0.167426,0.483922,0.787003,-0.201702,0.506585,0.850734,-0.180826,0.498506,0.869066,-0.158228
545,18166,True,0.9993,0.9993,0.391869,0.859225,0.0,0.50638,0.818513,-0.017162,0.602411,0.7793,-0.057298,0.674781,0.771362,-0.104497,0.747708,0.772614,-0.151907,0.606035,0.560441,-0.081795,0.664648,0.450872,-0.146689,0.706987,0.364386,-0.187104,0.742005,0.293695,-0.214846,0.530317,0.551097,-0.111733,0.63271,0.653239,-0.200514,0.667475,0.782439,-0.220542,0.669152,0.873007,-0.219692,0.456855,0.603012,-0.141651,0.559064,0.757625,-0.210822,0.576521,0.847579,-0.192801,0.561667,0.889792,-0.167469,0.394401,0.684814,-0.174992,0.486537,0.808996,-0.214395,0.512385,0.872607,-0.195503,0.506861,0.894548,-0.172118
546,18200,True,0.9991,0.9991,0.405892,0.858854,0.0,0.517362,0.820694,-0.014804,0.614051,0.789803,-0.052993,0.68611,0.792667,-0.098278,0.756801,0.796304,-0.144817,0.624242,0.57952,-0.088678,0.683458,0.477084,-0.150409,0.725507,0.398292,-0.189953,0.761483,0.333278,-0.217886,0.544512,0.561285,-0.116986,0.631879,0.702424,-0.194572,0.658892,0.826215,-0.208048,0.657321,0.908047,-0.207598,0.464119,0.614883,-0.144739,0.556089,0.789931,-0.204608,0.566831,0.869953,-0.181669,0.546404,0.905222,-0.157564,0.396122,0.700081,-0.175901,0.478681,0.843049,-0.211838,0.504488,0.900782,-0.191915,0.500223,0.914802,-0.169807
547,18233,True,0.9959,0.9959,0.368966,0.877256,-0.0,0.494481,0.836643,-0.00024,0.60598,0.806162,-0.031688,0.68829,0.820716,-0.07123,0.763755,0.837321,-0.109855,0.601175,0.621942,-0.070216,0.65651,0.57457,-0.128648,0.687063,0.601616,-0.164444,0.695972,0.634665,-0.187043,0.531683,0.615603,-0.101624,0.623358,0.803403,-0.161109,0.634256,0.893734,-0.171039,0.618707,0.92572,-0.175112,0.45652,0.668673,-0.132596,0.545682,0.878061,-0.178572,0.546765,0.910847,-0.157235,0.527753,0.887388,-0.139979,0.386309,0.74402,-0.165405,0.46706,0.905468,-0.195466,0.481249,0.926707,-0.177195,0.472274,0.891988,-0.158772
548,18266,True,0.9927,0.9927,0.342342,0.880591,0.0,0.473762,0.876368,-0.008315,0.59649,0.87269,-0.036513,0.684746,0.900891,-0.071082,0.752326,0.924954,-0.106472,0.622744,0.699615,-0.065108,0.66307,0.724975,-0.119922,0.69987,0.764318,-0.159832,0.728064,0.801362,-0.187684,0.550978,0.693044,-0.09347,0.627044,0.933638,-0.157931,0.655684,1.067817,-0.178627,0.671016,1.149826,-0.18866,0.471018,0.729863,-0.121319,0.535269,0.994413,-0.168993,0.536334,1.064984,-0.154253,0.527824,1.082771,-0.139322,0.393744,0.788153,-0.152687,0.444029,0.978271,-0.180876,0.447949,1.019829,-0.164781,0.442455,1.012378,-0.148006
549,18300,True,0.9985,0.9985,0.320042,0.850127,1e-06,0.450028,0.853948,-0.00985,0.570198,0.89743,-0.043226,0.648533,0.971186,-0.0819,0.713798,1.037467,-0.126114,0.635005,0.780197,-0.080289,0.723373,0.901719,-0.142283,0.801051,0.972444,-0.188185,0.866128,1.03299,-0.219636,0.566582,0.765697,-0.108393,0.617398,1.015815,-0.172348,0.633909,1.157203,-0.193413,0.644309,1.246989,-0.205893,0.482065,0.792935,-0.136176,0.522104,1.037772,-0.19586,0.537613,1.154858,-0.191587,0.542033,1.224128,-0.181563,0.398768,0.838498,-0.165504,0.43488,1.016671,-0.205417,0.452864,1.111852,-0.197007,0.463053,1.169461,-0.184524
550,18333,True,0.9952,0.9952,0.316703,0.815504,1e-06,0.453629,0.777312,0.002371,0.576713,0.833688,-0.029328,0.653088,0.93157,-0.064972,0.699433,1.01396,-0.105502,0.640174,0.795179,-0.10639,0.708451,0.991676,-0.161265,0.729933,1.117733,-0.190495,0.740954,1.205548,-0.209202,0.568148,0.801526,-0.136982,0.616479,1.064176,-0.185827,0.634508,1.212541,-0.196674,0.649416,1.314192,-0.208608,0.484528,0.838117,-0.163446,0.522837,1.101143,-0.207418,0.544843,1.235435,-0.208909,0.558777,1.323345,-0.209468,0.403054,0.887818,-0.189021,0.434754,1.086347,-0.217261,0.460099,1.193302,-0.215708,0.481121,1.270456,-0.21342
551,18366,True,0.995,0.995,0.342064,0.795868,0.0,0.456189,0.780018,-0.001385,0.580418,0.837228,-0.027465,0.666189,0.91471,-0.055966,0.729272,0.961895,-0.086047,0.629856,0.796635,-0.091518,0.705641,0.945398,-0.137958,0.732392,1.009009,-0.163782,0.75892,1.038724,-0.182404,0.568069,0.810637,-0.119033,0.614976,1.045165,-0.158958,0.583964,1.048863,-0.154671,0.573283,1.002936,-0.156938,0.491424,0.845158,-0.143785,0.529143,1.0663,-0.172275,0.492949,1.036031,-0.147249,0.478571,0.971081,-0.135209,0.414887,0.887166,-0.169449,0.450701,1.060734,-0.183611,0.42561,1.033251,-0.163565,0.409999,0.971243,-0.152026
552,18400,True,0.9978,0.9978,0.362089,0.799008,1e-06,0.475399,0.781739,-0.006085,0.588511,0.839736,-0.039964,0.661048,0.929072,-0.072011,0.712679,0.999072,-0.107719,0.637932,0.795722,-0.125082,0.72881,0.917007,-0.181303,0.79777,0.991837,-0.2154,0.854793,1.051162,-0.239206,0.57589,0.795337,-0.149229,0.62658,1.042343,-0.197258,0.631629,1.161304,-0.202526,0.63717,1.239076,-0.211446,0.494832,0.827795,-0.168336,0.539892,1.072379,-0.205847,0.544547,1.160457,-0.192068,0.54533,1.203794,-0.185776,0.415728,0.873015,-0.187152,0.457109,1.053771,-0.209511,0.469929,1.117799,-0.196646,0.478503,1.146105,-0.188918
553,18433,True,0.9985,0.9985,0.358153,0.805404,1e-06,0.461578,0.787174,-0.006872,0.582802,0.843449,-0.038994,0.670351,0.933007,-0.070738,0.740048,0.993743,-0.104701,0.627473,0.766922,-0.122627,0.730976,0.886102,-0.186318,0.802194,0.951098,-0.222991,0.862018,0.998019,-0.246875,0.571539,0.775711,-0.149049,0.62577,1.022104,-0.205856,0.599561,1.049534,-0.201062,0.587342,1.023207,-0.199514,0.495995,0.812653,-0.172221,0.538785,1.046355,-0.219556,0.502193,1.022082,-0.190478,0.485623,0.957182,-0.170487,0.41889,0.860738,-0.195506,0.460116,1.042064,-0.218134,0.438362,1.025382,-0.192387,0.422364,0.965001,-0.174561
554,18466,True,0.9981,0.9981,0.348133,0.812953,1e-06,0.461795,0.779142,-0.005977,0.580362,0.8136,-0.03988,0.663635,0.887742,-0.073178,0.728766,0.948721,-0.110947,0.627035,0.751494,-0.126049,0.723451,0.869687,-0.185156,0.792324,0.93867,-0.220071,0.849985,0.992562,-0.243893,0.565343,0.754462,-0.151135,0.623446,0.979708,-0.204992,0.632398,1.114676,-0.212002,0.636756,1.205496,-0.220768,0.486,0.793398,-0.171603,0.53249,1.022258,-0.215885,0.535788,1.130571,-0.203899,0.531967,1.188063,-0.196594,0.409589,0.845099,-0.191696,0.456045,1.015977,-0.216916,0.466695,1.096133,-0.204831,0.468476,1.13949,-0.196624
555,18500,True,0.998,0.998,0.336691,0.807748,1e-06,0.454242,0.775257,-0.007458,0.575192,0.817004,-0.038384,0.656784,0.903264,-0.069084,0.718926,0.97674,-0.103732,0.620134,0.746744,-0.113466,0.713599,0.862546,-0.166983,0.783894,0.925097,-0.198497,0.843832,0.976065,-0.22113,0.557265,0.753298,-0.138612,0.614127,0.967138,-0.193422,0.629847,1.105514,-0.20461,0.641912,1.205196,-0.214959,0.478669,0.794995,-0.159729,0.521282,1.017478,-0.204803,0.533924,1.133266,-0.197604,0.539841,1.203786,-0.192324,0.401756,0.848166,-0.181118,0.444177,1.011132,-0.205352,0.458249,1.088568,-0.196042,0.464774,1.135222,-0.189489
556,18533,True,0.9983,0.9983,0.333261,0.808012,1e-06,0.450928,0.772048,-0.0072,0.56575,0.810821,-0.041264,0.641799,0.898421,-0.073988,0.701847,0.975138,-0.110583,0.615399,0.746348,-0.130538,0.713361,0.85755,-0.19468,0.787251,0.922083,-0.235683,0.850956,0.9735,-0.264159,0.551377,0.74481,-0.15695,0.607863,0.970665,-0.215013,0.621725,1.105825,-0.226976,0.629585,1.200169,-0.239419,0.470627,0.78167,-0.178934,0.517433,1.012163,-0.229236,0.524629,1.12849,-0.221693,0.522624,1.198177,-0.216347,0.392486,0.832982,-0.200604,0.440653,1.002792,-0.232703,0.457166,1.100016,-0.224062,0.462938,1.164296,-0.216893
557,18566,True,0.9986,0.9986,0.332653,0.818262,1e-06,0.4487,0.791136,-0.012079,0.565587,0.831437,-0.052711,0.64526,0.921562,-0.091486,0.713206,0.995474,-0.134543,0.611303,0.738164,-0.142458,0.716854,0.841133,-0.211375,0.798361,0.899914,-0.257227,0.867424,0.94473,-0.289647,0.544176,0.737234,-0.169254,0.610013,0.966646,-0.234763,0.625911,1.107198,-0.249171,0.631809,1.201484,-0.262858,0.461779,0.776051,-0.191384,0.517455,1.010511,-0.244427,0.523555,1.125752,-0.231702,0.517119,1.189555,-0.223014,0.38431,0.829461,-0.213962,0.441448,1.000691,-0.246852,0.456609,1.090629,-0.233841,0.458063,1.144149,-0.223685
558,18600,True,0.9985,0.9985,0.329754,0.82518,1e-06,0.444432,0.794162,-0.011705,0.559109,0.824027,-0.050054,0.636285,0.905359,-0.087903,0.697462,0.979537,-0.129181,0.610817,0.723634,-0.129412,0.713677,0.818942,-0.195688,0.794034,0.867478,-0.240062,0.862904,0.90422,-0.271137,0.543319,0.721567,-0.156294,0.607776,0.943925,-0.223746,0.623605,1.079658,-0.240182,0.630304,1.171715,-0.252279,0.463181,0.764059,-0.178963,0.517343,1.001972,-0.233595,0.525403,1.116607,-0.222767,0.52176,1.180502,-0.212468,0.387881,0.822458,-0.202615,0.443995,0.998704,-0.235264,0.45963,1.084113,-0.222867,0.464179,1.13421,-0.211197
559,18633,True,0.999,0.999,0.330818,0.82691,1e-06,0.446761,0.815008,-0.013687,0.566958,0.844334,-0.054108,0.655077,0.914164,-0.094614,0.734967,0.966587,-0.138598,0.606352,0.706798,-0.123914,0.707556,0.790582,-0.190365,0.788553,0.835582,-0.234279,0.858635,0.871477,-0.265488,0.540337,0.703477,-0.152028,0.610644,0.938187,-0.224352,0.63008,1.079982,-0.24215,0.641919,1.176321,-0.254211,0.460686,0.745944,-0.176835,0.52169,0.996582,-0.237409,0.534639,1.117959,-0.225902,0.537797,1.190969,-0.214374,0.38389,0.806488,-0.202718,0.4439,0.985782,-0.242524,0.46149,1.078881,-0.231595,0.468847,1.136672,-0.220142
560,18666,True,0.9996,0.9996,0.325969,0.831171,1e-06,0.439198,0.837098,-0.017784,0.559749,0.868901,-0.060647,0.651217,0.924356,-0.103236,0.740777,0.956382,-0.148679,0.596015,0.7063,-0.116027,0.702131,0.782706,-0.178245,0.782639,0.82134,-0.21826,0.851798,0.850991,-0.246419,0.536217,0.703328,-0.14242,0.61569,0.943663,-0.213198,0.60015,1.030781,-0.22628,0.584764,1.061301,-0.232357,0.459616,0.746433,-0.166592,0.53073,1.007133,-0.224105,0.527952,1.0813,-0.209696,0.520734,1.099707,-0.196397,0.38185,0.805718,-0.192319,0.442687,0.9955,-0.228257,0.45201,1.064217,-0.215525,0.452155,1.085164,-0.203222
561,18700,True,0.9996,0.9996,0.322003,0.835159,1e-06,0.437843,0.839079,-0.015014,0.55952,0.863234,-0.057085,0.652325,0.918095,-0.100183,0.740179,0.952756,-0.146522,0.593555,0.702008,-0.111584,0.697815,0.773435,-0.174275,0.777645,0.811328,-0.213389,0.845997,0.842026,-0.240012,0.534635,0.697295,-0.139426,0.614308,0.945487,-0.209539,0.59011,1.025642,-0.219553,0.569057,1.04584,-0.222239,0.457551,0.739466,-0.165363,0.529314,1.005573,-0.224986,0.517674,1.073789,-0.208514,0.506014,1.085499,-0.191972,0.378538,0.799757,-0.192511,0.442294,0.9923,-0.229978,0.450891,1.065832,-0.215303,0.45033,1.09224,-0.200257
562,18733,True,0.9996,0.9996,0.320842,0.835496,1e-06,0.43645,0.83471,-0.011661,0.559393,0.858794,-0.053221,0.651499,0.917107,-0.096563,0.738524,0.952038,-0.143662,0.59294,0.70066,-0.10885,0.696387,0.770918,-0.170379,0.775733,0.807813,-0.20872,0.843376,0.837826,-0.23481,0.533684,0.696586,-0.138136,0.61311,0.947149,-0.207186,0.586108,1.031965,-0.216083,0.563447,1.054539,-0.217999,0.457183,0.738926,-0.165239,0.529374,1.004761,-0.223846,0.513343,1.072236,-0.206356,0.498504,1.081088,-0.189337,0.378883,0.799518,-0.193333,0.441569,0.991534,-0.230174,0.447889,1.06581,-0.21499,0.444971,1.090388,-0.19961
563,18766,True,0.9996,0.9996,0.319093,0.836408,1e-06,0.434689,0.835485,-0.01352,0.557641,0.857668,-0.05485,0.650682,0.915962,-0.097614,0.738256,0.95152,-0.143823,0.590198,0.699827,-0.107795,0.693022,0.769553,-0.168242,0.77143,0.805013,-0.206352,0.8384,0.834073,-0.232499,0.530313,0.695891,-0.136163,0.611436,0.944278,-0.203985,0.586707,1.026197,-0.213427,0.56542,1.047394,-0.216115,0.453594,0.738469,-0.162605,0.527388,1.003667,-0.21984,0.514239,1.069741,-0.203232,0.50107,1.078343,-0.187266,0.375006,0.799466,-0.190345,0.439726,0.992549,-0.226091,0.446588,1.06334,-0.211258,0.443008,1.08512,-0.19653
564,18800,True,0.9996,0.9996,0.322511,0.843017,1e-06,0.437875,0.843782,-0.012885,0.558791,0.861034,-0.053828,0.650814,0.914529,-0.096475,0.737961,0.946817,-0.142061,0.591824,0.699978,-0.106378,0.691397,0.763614,-0.16809,0.768675,0.797961,-0.208043,0.835201,0.825359,-0.235519,0.532027,0.692102,-0.134769,0.608416,0.934779,-0.203204,0.586481,1.023676,-0.213071,0.566772,1.053517,-0.216001,0.454476,0.732605,-0.16133,0.522399,0.998369,-0.218578,0.509923,1.065346,-0.200935,0.496558,1.07347,-0.184162,0.376047,0.794334,-0.189359,0.439198,0.989418,-0.225069,0.447291,1.057687,-0.209715,0.444414,1.075019,-0.194451
565,18833,True,0.9997,0.9997,0.322779,0.838397,1e-06,0.437424,0.839634,-0.012595,0.560899,0.858005,-0.051675,0.651596,0.913096,-0.092802,0.734982,0.946534,-0.137018,0.592396,0.696528,-0.10234,0.69093,0.761508,-0.163861,0.767246,0.794722,-0.204312,0.834147,0.821459,-0.23232,0.531002,0.689335,-0.131658,0.61008,0.938191,-0.203177,0.582932,1.028548,-0.215804,0.559709,1.057906,-0.219334,0.452875,0.730707,-0.159045,0.524496,0.99777,-0.219677,0.504074,1.062614,-0.202579,0.485666,1.067474,-0.184623,0.373359,0.792849,-0.18787,0.440078,0.98957,-0.226836,0.443861,1.060927,-0.211416,0.437692,1.08049,-0.19475
566,18866,True,0.9997,0.9997,0.323556,0.840285,1e-06,0.437902,0.839453,-0.011953,0.560337,0.857391,-0.051482,0.651112,0.912003,-0.093098,0.73483,0.944535,-0.138209,0.591505,0.696579,-0.104218,0.691872,0.765132,-0.165626,0.769133,0.799378,-0.205591,0.835885,0.826581,-0.233203,0.528825,0.69081,-0.133725,0.610289,0.940036,-0.205114,0.5836,1.032411,-0.216992,0.560489,1.062884,-0.220177,0.450606,0.733706,-0.161127,0.52528,0.998997,-0.221733,0.506973,1.065767,-0.20502,0.489687,1.07294,-0.187584,0.371544,0.796127,-0.18973,0.440136,0.99122,-0.22895,0.44473,1.064662,-0.213987,0.439074,1.087099,-0.197883
567,18900,True,0.9997,0.9997,0.324781,0.840894,1e-06,0.438313,0.840215,-0.012836,0.560894,0.85783,-0.051421,0.651769,0.913548,-0.092142,0.735378,0.946482,-0.136174,0.592474,0.697304,-0.101167,0.692756,0.764928,-0.161817,0.76963,0.800196,-0.202384,0.836829,0.828722,-0.230783,0.529808,0.690334,-0.13012,0.609607,0.939901,-0.201926,0.583406,1.031905,-0.215957,0.560245,1.063022,-0.22064,0.451543,0.73243,-0.157077,0.523973,0.997249,-0.217036,0.504389,1.060059,-0.200999,0.485706,1.064728,-0.184246,0.372289,0.794062,-0.185576,0.439672,0.990278,-0.225042,0.444378,1.063715,-0.210872,0.439012,1.086504,-0.195193
568,18933,True,0.9997,0.9997,0.324542,0.840455,1e-06,0.438479,0.840816,-0.012397,0.561625,0.858947,-0.050525,0.653111,0.914974,-0.090884,0.737788,0.947581,-0.134505,0.593313,0.697378,-0.099435,0.693706,0.766056,-0.15961,0.770705,0.802323,-0.199649,0.83773,0.831329,-0.227581,0.530686,0.691464,-0.128476,0.611852,0.94029,-0.198865,0.583222,1.026942,-0.211786,0.5584,1.052071,-0.21609,0.452096,0.733787,-0.155738,0.524788,0.996869,-0.214983,0.502698,1.053775,-0.198842,0.482861,1.052456,-0.18241,0.372562,0.79566,-0.18448,0.440544,0.992061,-0.222727,0.442726,1.060143,-0.208198,0.435048,1.076239,-0.192798
569,18966,True,0.9997,0.9997,0.324007,0.836418,1e-06,0.439217,0.837601,-0.011324,0.56109,0.858817,-0.049371,0.651456,0.914412,-0.089891,0.735248,0.948007,-0.133794,0.593564,0.700134,-0.099616,0.694767,0.766676,-0.159745,0.771713,0.802383,-0.198856,0.838217,0.830848,-0.225796,0.531795,0.693064,-0.128668,0.610505,0.941249,-0.199614,0.582741,1.03425,-0.212219,0.557622,1.065621,-0.215536,0.454163,0.734042,-0.15577,0.525036,0.999172,-0.216229,0.506354,1.067034,-0.201139,0.488067,1.075898,-0.184462,0.375551,0.794355,-0.183999,0.440109,0.99047,-0.223239,0.44367,1.065409,-0.209692,0.437928,1.089068,-0.194295
570,19000,True,0.9997,0.9997,0.322175,0.840047,1e-06,0.43815,0.843234,-0.012356,0.559749,0.86368,-0.051605,0.651074,0.915478,-0.092826,0.736409,0.946358,-0.137148,0.591052,0.700168,-0.103081,0.691079,0.761574,-0.163316,0.768272,0.795721,-0.202415,0.835525,0.823425,-0.229184,0.530859,0.691689,-0.131228,0.606842,0.935638,-0.200175,0.584052,1.026919,-0.211947,0.56356,1.059454,-0.215142,0.454058,0.732298,-0.157299,0.523745,0.997119,-0.216371,0.512161,1.073657,-0.201228,0.499233,1.093785,-0.18474,0.375958,0.792642,-0.184531,0.439026,0.98714,-0.223107,0.447736,1.069067,-0.209728,0.447085,1.103703,-0.19439
571,19033,True,0.9996,0.9996,0.321372,0.834678,1e-06,0.438861,0.839604,-0.010676,0.560913,0.86004,-0.048692,0.652197,0.911785,-0.089205,0.737653,0.941384,-0.132504,0.590584,0.698243,-0.098713,0.690443,0.756426,-0.159052,0.768943,0.790481,-0.197113,0.83784,0.817359,-0.222568,0.532511,0.690207,-0.127356,0.608142,0.931933,-0.198729,0.579597,1.025922,-0.209746,0.553615,1.060382,-0.210575,0.457215,0.72908,-0.154149,0.523786,0.995209,-0.216441,0.506892,1.073869,-0.200858,0.490612,1.093658,-0.181674,0.380104,0.788883,-0.181709,0.442575,0.977344,-0.220316,0.44595,1.04976,-0.205668,0.439918,1.072416,-0.18853
572,19066,True,0.9995,0.9995,0.323722,0.83948,1e-06,0.440665,0.846321,-0.012937,0.559724,0.863801,-0.052659,0.650546,0.911732,-0.094453,0.737154,0.939164,-0.138742,0.59162,0.696619,-0.103168,0.693333,0.753917,-0.164894,0.772322,0.784978,-0.203664,0.841444,0.808527,-0.229627,0.53285,0.685959,-0.130936,0.60774,0.917299,-0.202527,0.584979,1.011191,-0.213612,0.562697,1.048156,-0.214685,0.457249,0.723605,-0.15686,0.521707,0.987182,-0.218872,0.507417,1.0694,-0.20236,0.491802,1.092828,-0.182587,0.38062,0.782888,-0.183882,0.44261,0.971466,-0.22314,0.450201,1.050239,-0.208408,0.447352,1.079976,-0.190842
573,19100,True,0.9996,0.9996,0.323654,0.835076,1e-06,0.438307,0.837587,-0.012338,0.55974,0.856341,-0.051038,0.650802,0.910542,-0.092193,0.734756,0.942651,-0.136038,0.591416,0.698295,-0.101938,0.701847,0.758733,-0.162265,0.783902,0.788707,-0.200565,0.855193,0.808995,-0.226736,0.53183,0.688351,-0.130171,0.611828,0.928335,-0.202619,0.581259,1.014812,-0.21491,0.553647,1.040841,-0.216972,0.457278,0.72612,-0.156223,0.526826,0.992371,-0.217838,0.503898,1.063205,-0.201936,0.483476,1.073225,-0.183316,0.381392,0.785476,-0.1834,0.447055,0.975475,-0.22143,0.447122,1.046925,-0.205983,0.437707,1.067242,-0.18862
574,19133,True,0.9996,0.9996,0.326403,0.833059,1e-06,0.44149,0.837965,-0.01268,0.559025,0.858032,-0.05284,0.645764,0.913536,-0.095252,0.729923,0.946523,-0.140406,0.598508,0.70331,-0.106644,0.710905,0.763583,-0.169068,0.794097,0.796243,-0.210188,0.865872,0.818349,-0.23882,0.537583,0.69106,-0.135354,0.613542,0.931064,-0.208833,0.585874,1.012466,-0.223289,0.560777,1.033658,-0.228384,0.461669,0.728445,-0.161606,0.52752,0.993565,-0.220696,0.504399,1.052973,-0.203556,0.483537,1.053421,-0.186193,0.38477,0.787787,-0.189469,0.448036,0.980186,-0.226075,0.449394,1.045514,-0.210037,0.441636,1.059711,-0.193193
575,19166,True,0.9996,0.9996,0.321245,0.830522,1e-06,0.436663,0.834362,-0.00816,0.555456,0.859108,-0.046416,0.642619,0.917839,-0.087156,0.727539,0.953142,-0.1307,0.600484,0.704834,-0.104016,0.714321,0.775708,-0.165811,0.799129,0.814651,-0.207679,0.872158,0.843539,-0.237212,0.540551,0.698249,-0.134749,0.618442,0.933764,-0.205719,0.594031,1.023188,-0.219588,0.570536,1.053857,-0.22567,0.464655,0.739052,-0.162479,0.531672,0.992203,-0.216544,0.507225,1.050146,-0.196321,0.48353,1.049055,-0.178824,0.388174,0.800111,-0.191843,0.449554,0.987701,-0.222932,0.447599,1.045167,-0.204086,0.43715,1.049356,-0.186868
576,19200,True,0.9987,0.9987,0.313915,0.830175,0.0,0.426795,0.838142,-0.005465,0.548471,0.861193,-0.042189,0.635645,0.918745,-0.081872,0.721849,0.951851,-0.124046,0.60168,0.717321,-0.102594,0.71345,0.802958,-0.163784,0.792799,0.851602,-0.206714,0.863235,0.886843,-0.238214,0.545926,0.710382,-0.133187,0.605735,0.965084,-0.19364,0.571102,1.001296,-0.201823,0.549547,0.97926,-0.210394,0.46916,0.747944,-0.161001,0.520834,1.002411,-0.202805,0.48714,1.003753,-0.174975,0.466067,0.958018,-0.159975,0.388879,0.803241,-0.191343,0.44125,0.995806,-0.215512,0.422046,1.001251,-0.193414,0.402478,0.95831,-0.178242
577,19233,True,0.9946,0.9946,0.275237,0.822065,-0.0,0.408567,0.827708,-0.02514,0.553406,0.860209,-0.061561,0.65799,0.914681,-0.095795,0.743558,0.924291,-0.127326,0.586967,0.698862,-0.101314,0.632136,0.853289,-0.15255,0.621874,0.911218,-0.180407,0.613841,0.919966,-0.199308,0.511405,0.723105,-0.119418,0.560604,0.986553,-0.160259,0.533297,1.002165,-0.163681,0.517666,0.958473,-0.173894,0.429723,0.771271,-0.13791,0.473272,1.018321,-0.170446,0.454744,1.025313,-0.154249,0.445896,0.985509,-0.149421,0.349516,0.823265,-0.159865,0.399624,1.019423,-0.18158,0.396602,1.038816,-0.16952,0.387646,1.014477,-0.162835
578,19266,True,0.9828,0.9828,0.265054,0.764318,0.0,0.379518,0.754448,-0.024297,0.512301,0.816499,-0.063477,0.5976,0.9234,-0.100804,0.661569,0.997224,-0.13879,0.536555,0.70918,-0.114648,0.588088,0.909862,-0.171778,0.588239,0.985399,-0.202107,0.587153,1.002331,-0.221938,0.460026,0.731906,-0.133866,0.506471,0.985201,-0.180055,0.508048,1.028151,-0.185245,0.513848,1.019324,-0.195729,0.382692,0.773917,-0.152622,0.422925,1.004859,-0.186291,0.42486,1.033689,-0.168074,0.431144,1.020913,-0.16092,0.310048,0.820364,-0.175,0.352472,1.007993,-0.200604,0.370623,1.051064,-0.189575,0.385284,1.059416,-0.183019
579,19300,True,0.988,0.988,0.261269,0.740636,1e-06,0.358227,0.749371,-0.031999,0.478231,0.834555,-0.073585,0.560056,0.9337,-0.108922,0.635785,0.978915,-0.145569,0.494449,0.719693,-0.13775,0.500401,0.963303,-0.200036,0.500277,1.045955,-0.232278,0.509908,1.072796,-0.251958,0.41806,0.732442,-0.151802,0.438764,1.020749,-0.198219,0.454882,1.096062,-0.200635,0.47236,1.133837,-0.211784,0.336708,0.764328,-0.16565,0.362379,1.016816,-0.207174,0.368275,1.048595,-0.195476,0.377478,1.055017,-0.193107,0.260176,0.806999,-0.181565,0.28496,0.980134,-0.22183,0.307745,1.002847,-0.223549,0.327797,1.004848,-0.226621
580,19333,True,0.9988,0.9988,0.257453,0.738169,1e-06,0.362451,0.740676,-0.02432,0.471845,0.819015,-0.067087,0.541305,0.923269,-0.104696,0.608348,0.979749,-0.143505,0.475847,0.715068,-0.146175,0.534634,0.854054,-0.204764,0.583283,0.93522,-0.231857,0.618329,1.003353,-0.24755,0.400584,0.723443,-0.16383,0.434303,0.979434,-0.212823,0.433878,1.032326,-0.198334,0.435503,1.045402,-0.189952,0.313581,0.760914,-0.179555,0.347615,1.002964,-0.221234,0.363748,1.027493,-0.185873,0.376473,1.012057,-0.161611,0.230074,0.808583,-0.197184,0.271064,1.003795,-0.225371,0.30076,1.02735,-0.2031,0.318573,1.011555,-0.185989
581,19366,True,0.9951,0.9951,0.240811,0.731324,1e-06,0.324286,0.733974,-0.037072,0.402919,0.797074,-0.091949,0.437005,0.913679,-0.140793,0.45257,0.992177,-0.190748,0.439602,0.673967,-0.157796,0.516227,0.818062,-0.216565,0.564753,0.907088,-0.244434,0.598097,0.980249,-0.261459,0.377407,0.687222,-0.171105,0.430264,0.937721,-0.231365,0.429256,1.000302,-0.229471,0.427126,1.020473,-0.226534,0.310621,0.73164,-0.182267,0.36514,0.971325,-0.230613,0.376563,1.008781,-0.209392,0.383384,1.007998,-0.191691,0.247986,0.793362,-0.195669,0.298592,0.975751,-0.226514,0.327344,1.008497,-0.21296,0.349053,1.006849,-0.200683
582,19400,True,0.9998,0.9998,0.246396,0.723695,1e-06,0.345572,0.723648,-0.020734,0.442621,0.770782,-0.061406,0.499945,0.844477,-0.097831,0.547728,0.889505,-0.136478,0.451853,0.657414,-0.134258,0.511153,0.758346,-0.193491,0.557886,0.840127,-0.227928,0.591601,0.912436,-0.249769,0.379103,0.668675,-0.154651,0.437524,0.889575,-0.210023,0.438972,0.965,-0.209186,0.433092,0.998591,-0.208254,0.296375,0.716267,-0.1726,0.347393,0.945206,-0.216023,0.362406,0.996229,-0.189406,0.364522,0.997234,-0.169822,0.218492,0.774609,-0.192593,0.2681,0.950827,-0.220741,0.30021,0.991366,-0.200872,0.31645,0.99049,-0.184853
583,19433,True,0.9991,0.9991,0.247024,0.761108,1e-06,0.354736,0.748205,-0.02175,0.462276,0.778497,-0.062058,0.533095,0.834424,-0.099324,0.589239,0.863626,-0.137986,0.453134,0.640707,-0.128214,0.519025,0.736955,-0.185038,0.57453,0.804464,-0.216688,0.616402,0.872933,-0.236829,0.379127,0.654248,-0.145608,0.445203,0.893292,-0.194642,0.453899,0.975066,-0.187412,0.458995,1.019309,-0.184341,0.299747,0.708399,-0.161614,0.362055,0.947914,-0.201832,0.385344,0.982745,-0.172318,0.395339,0.977157,-0.152404,0.228536,0.777376,-0.180055,0.29178,0.959373,-0.208448,0.330173,0.9806,-0.190991,0.348729,0.966107,-0.17721
584,19466,True,1.0,1.0,0.248025,0.795093,1e-06,0.366719,0.79042,-0.035617,0.47337,0.796077,-0.088709,0.55015,0.8314,-0.135141,0.624785,0.849561,-0.178952,0.456027,0.620899,-0.154189,0.488842,0.684598,-0.227126,0.529375,0.738442,-0.266801,0.554367,0.782605,-0.292422,0.378078,0.627233,-0.173632,0.446689,0.847518,-0.244001,0.449417,0.920173,-0.245249,0.44321,0.940555,-0.24632,0.296514,0.681622,-0.192402,0.35978,0.917365,-0.246647,0.373524,0.944,-0.211361,0.372412,0.913484,-0.187087,0.219439,0.75321,-0.215651,0.280532,0.935907,-0.255814,0.315925,0.95233,-0.234658,0.330357,0.918421,-0.216558
585,19500,True,0.9998,0.9998,0.258741,0.86394,1e-06,0.363846,0.842655,-0.029851,0.462034,0.813877,-0.069938,0.538161,0.822229,-0.107819,0.614615,0.814913,-0.145405,0.445267,0.609158,-0.10068,0.499435,0.679781,-0.161539,0.543475,0.731909,-0.199256,0.578341,0.771562,-0.224785,0.367086,0.6073,-0.118768,0.44144,0.827606,-0.182777,0.443371,0.919388,-0.194495,0.438333,0.941797,-0.20131,0.285267,0.654842,-0.138843,0.349957,0.880643,-0.194413,0.36542,0.939806,-0.182031,0.371775,0.934402,-0.170934,0.210064,0.727096,-0.16203,0.263498,0.893717,-0.199229,0.291947,0.941191,-0.190651,0.307341,0.937401,-0.181267
586,19533,True,0.9952,0.9952,0.266489,0.871592,0.0,0.367867,0.838166,-0.033493,0.460153,0.796518,-0.068774,0.533257,0.794339,-0.103923,0.595964,0.786391,-0.13922,0.426677,0.595988,-0.073022,0.467724,0.650952,-0.132665,0.519507,0.679702,-0.175758,0.57531,0.704325,-0.205282,0.343425,0.59638,-0.088395,0.412612,0.80613,-0.156571,0.432555,0.902486,-0.177125,0.443515,0.936404,-0.186562,0.263315,0.649952,-0.108051,0.331499,0.872146,-0.169716,0.355928,0.926357,-0.167669,0.368587,0.921864,-0.159315,0.195344,0.726379,-0.131939,0.253495,0.890212,-0.174414,0.281437,0.932393,-0.174458,0.295232,0.923336,-0.168243
587,19566,True,0.9893,0.9893,0.275789,0.860582,0.0,0.37425,0.836748,-0.040381,0.462061,0.801069,-0.080756,0.534902,0.795814,-0.120568,0.604273,0.794974,-0.160166,0.421916,0.584527,-0.083535,0.443675,0.632133,-0.148489,0.48431,0.652326,-0.191348,0.536373,0.66432,-0.219554,0.333199,0.583577,-0.097323,0.395973,0.789405,-0.170308,0.429326,0.894065,-0.18884,0.455802,0.934914,-0.19511,0.251666,0.639489,-0.116068,0.319698,0.86245,-0.184325,0.357848,0.927181,-0.183049,0.384907,0.935024,-0.173168,0.184354,0.717728,-0.139598,0.239286,0.882951,-0.187985,0.275488,0.933972,-0.19134,0.302416,0.932871,-0.185711
588,19600,True,0.9449,0.9449,0.286824,0.826218,0.0,0.374446,0.813529,-0.057256,0.455547,0.785474,-0.105866,0.528416,0.792041,-0.150817,0.597561,0.799349,-0.195661,0.40469,0.578142,-0.10892,0.429212,0.640978,-0.177508,0.463303,0.646612,-0.220244,0.511497,0.637496,-0.24887,0.322565,0.576414,-0.114456,0.390304,0.793427,-0.19264,0.426311,0.89407,-0.211364,0.459699,0.929523,-0.217899,0.248719,0.627503,-0.125167,0.320015,0.853696,-0.197607,0.361287,0.925347,-0.196538,0.396361,0.938933,-0.186834,0.187175,0.698375,-0.142128,0.238025,0.868414,-0.193636,0.278475,0.931617,-0.199221,0.313809,0.944906,-0.195843
589,19633,True,0.9783,0.9783,0.27417,0.85921,0.0,0.370833,0.838979,-0.040256,0.454663,0.799835,-0.080825,0.529309,0.795986,-0.122398,0.611652,0.801074,-0.166544,0.414031,0.598977,-0.083529,0.453741,0.62882,-0.143892,0.494633,0.618321,-0.185873,0.548124,0.602422,-0.215375,0.332005,0.58727,-0.096215,0.403084,0.771503,-0.16604,0.44097,0.873521,-0.186789,0.474478,0.925751,-0.195269,0.255037,0.633664,-0.112886,0.323494,0.83381,-0.176239,0.358822,0.906998,-0.177979,0.388405,0.934682,-0.171466,0.189578,0.703538,-0.134784,0.241438,0.856111,-0.179437,0.280273,0.922351,-0.183155,0.31189,0.948115,-0.179233
590,19666,True,0.994,0.994,0.289243,0.854014,0.0,0.390435,0.828559,-0.02814,0.480334,0.788971,-0.062942,0.560982,0.799841,-0.101261,0.641389,0.812896,-0.142036,0.427794,0.590675,-0.063147,0.467429,0.631761,-0.119201,0.517432,0.640424,-0.162103,0.576851,0.649616,-0.192566,0.347245,0.595229,-0.082639,0.426591,0.788485,-0.151578,0.458365,0.89522,-0.175008,0.480637,0.949366,-0.184924,0.271874,0.652811,-0.105502,0.34776,0.848341,-0.164624,0.373464,0.915312,-0.16445,0.388931,0.93444,-0.157057,0.208679,0.732743,-0.132905,0.267246,0.879594,-0.172188,0.300382,0.936921,-0.170784,0.322242,0.951583,-0.163788
591,19700,True,0.9859,0.9859,0.280136,0.862795,-0.0,0.38042,0.850421,-0.04334,0.468381,0.821418,-0.085827,0.553391,0.832561,-0.129683,0.636909,0.829231,-0.171589,0.451886,0.629188,-0.083771,0.497343,0.690782,-0.150525,0.547604,0.718973,-0.194892,0.601502,0.742537,-0.223785,0.373917,0.623969,-0.095418,0.453605,0.888532,-0.165698,0.465185,0.965372,-0.179042,0.469003,0.974547,-0.182098,0.297644,0.677256,-0.113354,0.376347,0.932338,-0.172297,0.374458,0.949342,-0.156485,0.367815,0.908008,-0.138233,0.226286,0.749723,-0.138449,0.29515,0.938967,-0.18722,0.301671,0.95234,-0.185775,0.292223,0.910976,-0.174638
592,19733,True,0.959,0.959,0.285151,0.827533,0.0,0.371533,0.821671,-0.037042,0.452555,0.8156,-0.074974,0.521168,0.850304,-0.113456,0.583483,0.881855,-0.151271,0.452413,0.64165,-0.088285,0.493882,0.747948,-0.145823,0.529633,0.802146,-0.181329,0.565779,0.836422,-0.203758,0.385085,0.650931,-0.098968,0.435032,0.900461,-0.149311,0.424431,0.935239,-0.156658,0.420292,0.906558,-0.162233,0.314799,0.6923,-0.113373,0.366798,0.932375,-0.158526,0.355401,0.938837,-0.143583,0.349037,0.894645,-0.130744,0.244078,0.741993,-0.133496,0.29018,0.930362,-0.172665,0.293172,0.944116,-0.1688,0.291583,0.90707,-0.159582
593,19766,True,0.991,0.991,0.295538,0.843144,0.0,0.384585,0.841393,-0.026516,0.464696,0.83527,-0.058771,0.521374,0.876964,-0.092795,0.569949,0.922557,-0.126412,0.473536,0.6743,-0.06872,0.510018,0.769297,-0.122004,0.536824,0.842877,-0.160154,0.558995,0.903875,-0.18438,0.396863,0.676118,-0.083209,0.415424,0.910107,-0.133409,0.417136,0.966561,-0.148211,0.420044,0.967712,-0.15882,0.313502,0.710477,-0.100906,0.342876,0.935584,-0.139797,0.340866,0.950443,-0.12919,0.336372,0.918238,-0.120758,0.235068,0.75997,-0.123521,0.265721,0.935009,-0.153692,0.271777,0.950798,-0.146806,0.270548,0.917493,-0.137264
594,19800,True,0.9489,0.9489,0.370618,0.705606,0.0,0.311201,0.760225,-0.067245,0.28636,0.837392,-0.131124,0.302797,0.916307,-0.186338,0.340337,0.98063,-0.245178,0.25842,0.74761,-0.160199,0.244064,0.917597,-0.225846,0.259735,0.943006,-0.267993,0.288086,0.933068,-0.295542,0.304274,0.743285,-0.152749,0.323388,0.949989,-0.209433,0.341049,0.990456,-0.228149,0.371717,0.987328,-0.246438,0.363553,0.755037,-0.144648,0.401714,0.945019,-0.204788,0.429625,0.986965,-0.211957,0.459271,0.999537,-0.213526,0.416508,0.766692,-0.140715,0.472238,0.896359,-0.185362,0.517777,0.943961,-0.18886,0.565715,0.971246,-0.188708
595,19833,False,0.0,0.0,0.0,0.0,0.0,0.0,0.0,0.0,0.0,0.0,0.0,0.0,0.0,0.0,0.0,0.0,0.0,0.0,0.0,0.0,0.0,0.0,0.0,0.0,0.0,0.0,0.0,0.0,0.0,0.0,0.0,0.0,0.0,0.0,0.0,0.0,0.0,0.0,0.0,0.0,0.0,0.0,0.0,0.0,0.0,0.0,0.0,0.0,0.0,0.0,0.0,0.0,0.0,0.0,0.0,0.0,0.0,0.0,0.0,0.0,0.0,0.0,0.0,0.0,0.0
596,19866,True,0.9991,0.9991,0.240777,0.73522,1e-06,0.333838,0.747852,-0.044866,0.429954,0.79252,-0.092055,0.502855,0.872505,-0.134072,0.569016,0.920257,-0.178615,0.411269,0.657178,-0.13463,0.476534,0.807422,-0.197414,0.51596,0.896061,-0.236619,0.545482,0.959568,-0.264297,0.328137,0.656946,-0.145271,0.372762,0.91819,-0.209422,0.391099,1.050426,-0.222723,0.406635,1.128527,-0.235161,0.248637,0.698168,-0.156865,0.288597,0.954004,-0.212587,0.320392,1.056823,-0.202306,0.336531,1.099678,-0.195305,0.18032,0.756485,-0.172404,0.215109,0.946054,-0.215145,0.244001,1.019719,-0.20905,0.258806,1.045636,-0.20298
597,19900,True,0.9986,0.9986,0.254553,0.764703,1e-06,0.358061,0.784165,-0.03789,0.452265,0.804293,-0.072568,0.523144,0.854843,-0.10368,0.588023,0.86898,-0.133108,0.412346,0.639002,-0.109076,0.439857,0.738759,-0.153077,0.451573,0.796995,-0.173938,0.455383,0.822334,-0.189067,0.327059,0.641219,-0.120477,0.343241,0.866712,-0.163074,0.356895,0.919562,-0.16849,0.362637,0.917415,-0.176825,0.245383,0.682724,-0.132352,0.258932,0.920481,-0.170055,0.288889,0.964733,-0.153733,0.310899,0.949798,-0.144822,0.173204,0.738468,-0.148838,0.184827,0.922205,-0.18523,0.206315,0.961006,-0.177501,0.22017,0.950077,-0.168927
598,19933,True,0.9946,0.9946,0.251531,0.908799,0.0,0.364994,0.875283,-0.035474,0.451681,0.818225,-0.065095,0.515353,0.782296,-0.09221,0.566604,0.737536,-0.116068,0.412374,0.609439,-0.070562,0.42427,0.660489,-0.120541,0.455291,0.691504,-0.152591,0.488278,0.71676,-0.173069,0.326637,0.609186,-0.079272,0.369711,0.806144,-0.136306,0.389043,0.879716,-0.153482,0.398594,0.907263,-0.161008,0.247576,0.657972,-0.091571,0.289115,0.900014,-0.143447,0.318109,0.942377,-0.143001,0.33666,0.926429,-0.136413,0.180584,0.726374,-0.108089,0.216821,0.91222,-0.143859,0.229654,0.940946,-0.144808,0.231696,0.914065,-0.139475
599,19966,True,0.9905,0.9905,0.26535,0.915999,0.0,0.37777,0.879192,-0.02948,0.468333,0.799074,-0.05574,0.535624,0.737486,-0.082945,0.597428,0.679084,-0.1103,0.425597,0.604768,-0.0529,0.460043,0.642114,-0.106573,0.504736,0.653426,-0.14783,0.560251,0.664143,-0.176245,0.347502,0.599886,-0.06591,0.431671,0.796819,-0.130671,0.492983,0.900011,-0.156847,0.548894,0.962705,-0.168559,0.271255,0.64668,-0.08272,0.349425,0.869605,-0.135685,0.372923,0.928577,-0.136474,0.393547,0.93471,-0.131071,0.204912,0.719129,-0.104696,0.256896,0.890302,-0.143432,0.268652,0.932353,-0.1465,0.270331,0.919098,-0.142284
600,20000,True,0.9985,0.9985,0.256312,0.88513,0.0,0.369765,0.851751,-0.031503,0.474853,0.792597,-0.065429,0.55646,0.769383,-0.101008,0.631411,0.753051,-0.138691,0.446749,0.605114,-0.066315,0.503842,0.672385,-0.1279,0.567081,0.681156,-0.176427,0.635589,0.683795,-0.211143,0.36146,0.603491,-0.083544,0.430627,0.809814,-0.158232,0.458194,0.912877,-0.189055,0.475064,0.957893,-0.203903,0.280428,0.65384,-0.104162,0.349554,0.861511,-0.16901,0.375156,0.924739,-0.173484,0.389129,0.929267,-0.168854,0.210683,0.731287,-0.129056,0.274397,0.883502,-0.173393,0.302696,0.939462,-0.175441,0.31636,0.943363,-0.170315
601,20033,True,0.9983,0.9983,0.293702,0.856764,0.0,0.396554,0.841844,-0.037053,0.493201,0.807307,-0.076077,0.575863,0.816885,-0.11557,0.651514,0.819575,-0.157521,0.457515,0.610779,-0.086367,0.504608,0.647621,-0.149755,0.560548,0.653066,-0.197554,0.61832,0.655458,-0.231431,0.374436,0.600899,-0.103043,0.434172,0.806545,-0.178085,0.462132,0.910799,-0.205181,0.477695,0.956269,-0.219066,0.292864,0.647706,-0.122952,0.355952,0.857472,-0.188248,0.383586,0.925029,-0.189016,0.397165,0.940276,-0.183333,0.221595,0.722813,-0.147636,0.279156,0.879871,-0.193549,0.310599,0.94074,-0.194262,0.328264,0.957086,-0.189079
602,20066,True,0.9945,0.9945,0.271454,0.865701,0.0,0.381033,0.84518,-0.029802,0.483014,0.803609,-0.065012,0.571621,0.815764,-0.102605,0.653619,0.819416,-0.141716,0.44542,0.605795,-0.06777,0.501059,0.645395,-0.126839,0.562338,0.646473,-0.172967,0.626839,0.643808,-0.206373,0.367019,0.59475,-0.086353,0.445235,0.812029,-0.158317,0.467917,0.907939,-0.183766,0.478607,0.940244,-0.195809,0.288467,0.642092,-0.108429,0.364847,0.867642,-0.170685,0.378987,0.923794,-0.170176,0.381752,0.919207,-0.162736,0.220334,0.715923,-0.135143,0.28559,0.886432,-0.180423,0.308611,0.937732,-0.181875,0.314535,0.935858,-0.175909
603,20100,True,0.9943,0.9943,0.285353,0.859663,0.0,0.387994,0.838288,-0.035907,0.482409,0.79528,-0.073858,0.570114,0.802759,-0.112206,0.64971,0.800762,-0.151218,0.438524,0.588426,-0.078747,0.468577,0.621838,-0.136552,0.513388,0.631337,-0.178347,0.565572,0.639529,-0.208813,0.358371,0.583915,-0.094267,0.424387,0.786569,-0.164392,0.456371,0.892784,-0.187455,0.480528,0.941611,-0.199054,0.280662,0.633688,-0.113172,0.350648,0.84742,-0.174721,0.373463,0.913809,-0.17324,0.386397,0.926777,-0.166472,0.214574,0.707004,-0.137115,0.273808,0.872045,-0.183284,0.306189,0.931591,-0.185746,0.325034,0.94361,-0.181162
604,20133,True,0.9775,0.9775,0.287839,0.863581,0.0,0.377728,0.839609,-0.041372,0.464278,0.798892,-0.0811,0.543508,0.802106,-0.121027,0.621467,0.810784,-0.163282,0.425453,0.58941,-0.084834,0.474729,0.61868,-0.145188,0.529799,0.612707,-0.188549,0.591246,0.604688,-0.218853,0.344014,0.582562,-0.096793,0.420677,0.771413,-0.164581,0.457363,0.878723,-0.183974,0.485084,0.935608,-0.192638,0.266346,0.631657,-0.112478,0.339777,0.828801,-0.174554,0.370517,0.908212,-0.170102,0.391793,0.943443,-0.159713,0.200843,0.704736,-0.133747,0.25692,0.852153,-0.179136,0.296928,0.920442,-0.178924,0.326114,0.950527,-0.171421
605,20166,True,0.9667,0.9667,0.274792,0.874558,0.0,0.359594,0.84832,-0.045504,0.442684,0.799823,-0.084443,0.519099,0.790697,-0.122572,0.594148,0.782814,-0.160995,0.416078,0.593666,-0.087728,0.465922,0.618812,-0.149509,0.512043,0.604592,-0.191352,0.56955,0.583084,-0.220677,0.330473,0.583151,-0.097403,0.399353,0.788019,-0.168687,0.445105,0.887578,-0.188079,0.485392,0.936231,-0.195343,0.250598,0.632489,-0.111742,0.318823,0.849993,-0.174623,0.360038,0.921209,-0.169798,0.392471,0.947112,-0.158229,0.183212,0.706655,-0.132514,0.235334,0.861153,-0.179819,0.273718,0.922264,-0.182131,0.30319,0.944241,-0.174964
606,20200,True,0.9395,0.9395,0.259926,0.884552,0.0,0.344941,0.867932,-0.044179,0.425098,0.819848,-0.085071,0.502695,0.808364,-0.125249,0.593117,0.817467,-0.165445,0.399802,0.606507,-0.085636,0.42727,0.644506,-0.14449,0.45013,0.634129,-0.183035,0.482654,0.618005,-0.209114,0.318275,0.59277,-0.092734,0.366175,0.811391,-0.15567,0.403034,0.89335,-0.172917,0.438513,0.926618,-0.179947,0.240573,0.633441,-0.104024,0.291502,0.870599,-0.158725,0.327915,0.926345,-0.155916,0.360392,0.935346,-0.147253,0.169285,0.695442,-0.121356,0.207648,0.867272,-0.160222,0.233613,0.922048,-0.161062,0.254352,0.929285,-0.154108
607,20233,True,0.9787,0.9787,0.274492,0.839254,-0.0,0.361651,0.839551,-0.052638,0.435875,0.823428,-0.098901,0.511857,0.835057,-0.141299,0.591318,0.857287,-0.179003,0.407404,0.597753,-0.102178,0.419009,0.799243,-0.167462,0.416237,0.866187,-0.199302,0.417459,0.848821,-0.217377,0.316334,0.608144,-0.106911,0.346811,0.883531,-0.156377,0.347154,0.924396,-0.157879,0.339434,0.866151,-0.160268,0.234007,0.65408,-0.117088,0.267701,0.90922,-0.159118,0.278188,0.936631,-0.138001,0.276621,0.87362,-0.122732,0.159342,0.714057,-0.13495,0.188396,0.906475,-0.166234,0.195249,0.945405,-0.156172,0.184911,0.910763,-0.144212
608,20266,True,0.9706,0.9706,0.277646,0.75629,-0.0,0.360326,0.760713,-0.041772,0.43163,0.796743,-0.090528,0.496041,0.861755,-0.14132,0.570989,0.925328,-0.193614,0.401394,0.633924,-0.110911,0.426336,0.807536,-0.187806,0.436954,0.908755,-0.235999,0.446391,0.969046,-0.261403,0.303678,0.639231,-0.121451,0.332047,0.911405,-0.186324,0.348714,1.015057,-0.200242,0.361734,1.047049,-0.209275,0.218409,0.67688,-0.135006,0.253047,0.940236,-0.186577,0.269209,1.001694,-0.178656,0.275796,0.99299,-0.1702,0.14953,0.723404,-0.154233,0.170147,0.92009,-0.182558,0.178166,0.967392,-0.171874,0.174093,0.95695,-0.161483
609,20300,True,0.9542,0.9542,0.260453,0.754888,-0.0,0.346204,0.774665,-0.053818,0.413062,0.834069,-0.112093,0.47835,0.903134,-0.167678,0.559658,0.959255,-0.225017,0.388544,0.67386,-0.147563,0.407456,0.87753,-0.221896,0.425405,0.9791,-0.265886,0.443344,1.021485,-0.292044,0.289479,0.684266,-0.155268,0.320069,0.956735,-0.216388,0.347495,1.045708,-0.228285,0.365691,1.066648,-0.24193,0.203615,0.721651,-0.163838,0.240214,0.976006,-0.214128,0.270387,1.039022,-0.202143,0.284884,1.042455,-0.194812,0.135427,0.766892,-0.178797,0.156267,0.947957,-0.209313,0.180556,0.992688,-0.196608,0.18993,0.993502,-0.187235
610,20333,True,0.9655,0.9655,0.248808,0.768533,-0.0,0.337532,0.79882,-0.043932,0.410907,0.856555,-0.090669,0.484849,0.92156,-0.13592,0.563215,0.972008,-0.183085,0.39434,0.692633,-0.116101,0.414989,0.912609,-0.186526,0.424589,1.018372,-0.232728,0.432873,1.060667,-0.259623,0.297664,0.701868,-0.127408,0.330322,0.975967,-0.178487,0.359309,1.067129,-0.187772,0.378632,1.088994,-0.200853,0.211242,0.737105,-0.141672,0.2479,0.992566,-0.187229,0.284116,1.053672,-0.174325,0.304749,1.053678,-0.166942,0.139844,0.779747,-0.161523,0.16416,0.96829,-0.189146,0.196748,1.012796,-0.175178,0.21283,1.009048,-0.165452
611,20366,True,0.9906,0.9906,0.24974,0.742536,0.0,0.342274,0.779632,-0.041758,0.422346,0.840451,-0.082275,0.498856,0.90491,-0.120459,0.573921,0.950737,-0.161762,0.398545,0.693151,-0.112453,0.406889,0.917339,-0.173764,0.415886,1.034173,-0.212503,0.427359,1.103795,-0.234632,0.298564,0.696095,-0.123442,0.321547,0.98556,-0.168709,0.342642,1.107039,-0.176914,0.358999,1.168228,-0.189572,0.208569,0.727975,-0.136574,0.238323,0.999624,-0.185309,0.266035,1.092087,-0.176118,0.281962,1.128649,-0.170022,0.136719,0.76786,-0.153639,0.154689,0.964691,-0.184786,0.174481,1.027476,-0.172428,0.181218,1.045837,-0.163204
612,20400,True,0.9907,0.9907,0.2438,0.709635,0.0,0.347948,0.757626,-0.043968,0.435946,0.821259,-0.085163,0.511077,0.890047,-0.12201,0.586732,0.908136,-0.158278,0.388132,0.651127,-0.116152,0.389439,0.84203,-0.161798,0.394307,0.916888,-0.184652,0.393466,0.937411,-0.199044,0.294235,0.659252,-0.125131,0.29604,0.919579,-0.153784,0.325758,0.963184,-0.153853,0.346029,0.956278,-0.163341,0.212177,0.696246,-0.135139,0.220825,0.94731,-0.163375,0.260139,0.967089,-0.141386,0.288228,0.942073,-0.131761,0.144591,0.742664,-0.15093,0.147681,0.944257,-0.180366,0.172396,0.963205,-0.167683,0.183842,0.938965,-0.157543
613,20433,True,0.994,0.994,0.219009,0.75742,1e-06,0.337366,0.776292,-0.045795,0.430704,0.799871,-0.092411,0.508746,0.846636,-0.13312,0.587758,0.863235,-0.169553,0.370509,0.6248,-0.133621,0.364455,0.76082,-0.190169,0.356008,0.834508,-0.22391,0.342228,0.861203,-0.245858,0.279179,0.63711,-0.142289,0.287045,0.887547,-0.189109,0.336875,0.988418,-0.196317,0.366213,1.041121,-0.208962,0.200115,0.685496,-0.151424,0.221457,0.928663,-0.187523,0.269779,0.970461,-0.16801,0.295346,0.965643,-0.159476,0.138906,0.748037,-0.166907,0.153296,0.928944,-0.198032,0.180876,0.945523,-0.18577,0.189798,0.923455,-0.175897
614,20466,True,0.9614,0.9614,0.214268,0.82507,0.0,0.321624,0.816074,-0.043405,0.403679,0.802922,-0.088727,0.478397,0.828641,-0.130693,0.554317,0.855979,-0.171339,0.349308,0.635033,-0.120622,0.365048,0.647969,-0.180988,0.37535,0.648545,-0.223339,0.383362,0.656553,-0.253731,0.262946,0.616393,-0.13022,0.304488,0.874387,-0.197735,0.35326,0.982006,-0.217168,0.394615,1.053908,-0.231058,0.183552,0.660794,-0.140499,0.231627,0.916518,-0.19697,0.27875,0.976944,-0.192015,0.316414,1.007604,-0.188061,0.122514,0.72834,-0.156654,0.153195,0.909659,-0.202952,0.177815,0.955582,-0.202646,0.198175,0.969112,-0.198004
615,20500,True,0.9901,0.9901,0.249493,0.831859,0.0,0.333897,0.823589,-0.053163,0.405092,0.802041,-0.104062,0.480327,0.826059,-0.153025,0.563798,0.850025,-0.199111,0.36713,0.609361,-0.122704,0.364815,0.644653,-0.201434,0.351817,0.648574,-0.249424,0.345101,0.642504,-0.280043,0.267368,0.583682,-0.131903,0.300653,0.858349,-0.220767,0.362383,0.955939,-0.239877,0.414211,0.997392,-0.243233,0.179712,0.631849,-0.145703,0.223999,0.911368,-0.216866,0.278285,0.958762,-0.204635,0.321224,0.95288,-0.186301,0.11242,0.710667,-0.167351,0.150249,0.919962,-0.228072,0.18482,0.962517,-0.232146,0.209033,0.948319,-0.222255
616,20533,True,0.9939,0.9939,0.246737,0.857539,-0.0,0.335217,0.850354,-0.05782,0.412361,0.818038,-0.107863,0.490606,0.822891,-0.156351,0.57132,0.83099,-0.202284,0.369936,0.611239,-0.113605,0.368722,0.637184,-0.193961,0.355827,0.643314,-0.243665,0.350222,0.632562,-0.274997,0.265357,0.578652,-0.119895,0.297126,0.855541,-0.207911,0.353323,0.95597,-0.223921,0.401213,0.978413,-0.223421,0.175451,0.622475,-0.132561,0.230622,0.909238,-0.200366,0.289179,0.965288,-0.182254,0.33351,0.957452,-0.158518,0.106994,0.69574,-0.154392,0.153513,0.912622,-0.209206,0.198588,0.973862,-0.206741,0.231858,0.971571,-0.190755
617,20566,True,0.9853,0.9853,0.240715,0.869607,-0.0,0.335622,0.854036,-0.0501,0.420747,0.823005,-0.092308,0.498815,0.821998,-0.133395,0.578317,0.823929,-0.173302,0.358694,0.618834,-0.101555,0.377268,0.634153,-0.161778,0.382568,0.624214,-0.199091,0.396435,0.607797,-0.223892,0.259256,0.595763,-0.107965,0.316788,0.84783,-0.177376,0.372687,0.928209,-0.194076,0.420718,0.952658,-0.198857,0.175729,0.645021,-0.118278,0.247244,0.907363,-0.180043,0.308246,0.957429,-0.178689,0.357358,0.964524,-0.168196,0.111547,0.719588,-0.13541,0.166534,0.906234,-0.187618,0.214184,0.9563,-0.194378,0.254249,0.967659,-0.187532
618,20600,True,0.984,0.984,0.25235,0.841942,-0.0,0.343866,0.829482,-0.050241,0.426499,0.805555,-0.097596,0.507504,0.810646,-0.145676,0.59212,0.820597,-0.193529,0.368951,0.593414,-0.101012,0.380512,0.621533,-0.170186,0.40018,0.621174,-0.215623,0.433186,0.61672,-0.244589,0.277581,0.578356,-0.109536,0.343286,0.826052,-0.187377,0.387709,0.915654,-0.2057,0.4254,0.947592,-0.210359,0.199468,0.630455,-0.123274,0.274439,0.885413,-0.191142,0.321218,0.944338,-0.189323,0.359334,0.9555,-0.177599,0.137778,0.70677,-0.144044,0.191123,0.893168,-0.197267,0.222067,0.950415,-0.203581,0.245881,0.964707,-0.197042
619,20633,True,0.9851,0.9851,0.266355,0.841091,-0.0,0.354919,0.826989,-0.046826,0.435147,0.801045,-0.091895,0.513155,0.806993,-0.137836,0.59336,0.817633,-0.1841,0.382106,0.593924,-0.095021,0.394167,0.614376,-0.158826,0.416862,0.617391,-0.201229,0.451949,0.621978,-0.228343,0.293595,0.581547,-0.104602,0.361686,0.814668,-0.179215,0.402263,0.906632,-0.199731,0.434418,0.949137,-0.20661,0.216351,0.63455,-0.118764,0.288424,0.877474,-0.185353,0.333841,0.937408,-0.189603,0.369668,0.956631,-0.182749,0.153771,0.711188,-0.138923,0.203002,0.883755,-0.188977,0.240304,0.940276,-0.196305,0.27126,0.960133,-0.192158
620,20666,True,0.9855,0.9855,0.289842,0.838773,-0.0,0.369294,0.836141,-0.058345,0.444733,0.81363,-0.110294,0.515054,0.81275,-0.160893,0.596525,0.817792,-0.211189,0.398325,0.59525,-0.110903,0.416285,0.635795,-0.179982,0.436818,0.640699,-0.222443,0.465649,0.637226,-0.249263,0.30846,0.584975,-0.116924,0.369818,0.828182,-0.192918,0.40883,0.912506,-0.209436,0.436615,0.934003,-0.214582,0.230571,0.637244,-0.128657,0.294742,0.880304,-0.198601,0.339817,0.943631,-0.19511,0.373484,0.957255,-0.183034,0.166611,0.710384,-0.147391,0.208806,0.878942,-0.200726,0.247331,0.937964,-0.204456,0.277653,0.956253,-0.197215
621,20700,True,0.9835,0.9835,0.294428,0.841266,-0.0,0.371048,0.842649,-0.063903,0.444954,0.824352,-0.116109,0.517443,0.831398,-0.165661,0.59025,0.833135,-0.212426,0.411694,0.601552,-0.114006,0.430733,0.66315,-0.186554,0.448561,0.686092,-0.223788,0.473481,0.69131,-0.243825,0.319558,0.58989,-0.11547,0.37023,0.858787,-0.191172,0.407142,0.945468,-0.19921,0.433978,0.955487,-0.195457,0.239642,0.639533,-0.123815,0.299556,0.900874,-0.192057,0.343382,0.961924,-0.175051,0.374541,0.959562,-0.151369,0.170793,0.708323,-0.140267,0.21259,0.896497,-0.19462,0.253885,0.963295,-0.191384,0.286633,0.975139,-0.175317
622,20733,True,0.9854,0.9854,0.286426,0.846355,-0.0,0.374179,0.845638,-0.062675,0.446335,0.833572,-0.110422,0.513349,0.846669,-0.152562,0.577677,0.850709,-0.189317,0.406065,0.601152,-0.112217,0.425477,0.775018,-0.172685,0.429601,0.807813,-0.200721,0.432949,0.783021,-0.217705,0.314177,0.612105,-0.111567,0.353778,0.89257,-0.158746,0.377068,0.91681,-0.155497,0.384556,0.866575,-0.154238,0.233799,0.666613,-0.116989,0.280445,0.931663,-0.156927,0.308479,0.935615,-0.128356,0.315333,0.870424,-0.107102,0.164499,0.736728,-0.131977,0.198568,0.929866,-0.167371,0.219433,0.945755,-0.158232,0.22123,0.90231,-0.144964
623,20766,True,0.9961,0.9961,0.283065,0.816007,-0.0,0.371395,0.824612,-0.075336,0.44102,0.827965,-0.132517,0.498697,0.854061,-0.178675,0.568248,0.875537,-0.22032,0.392047,0.633475,-0.149625,0.398748,0.875193,-0.212933,0.397521,0.913838,-0.243946,0.390517,0.881847,-0.264679,0.292588,0.651395,-0.143392,0.323018,0.926137,-0.188545,0.339601,0.91839,-0.186353,0.336932,0.855377,-0.192218,0.209536,0.699524,-0.141419,0.245603,0.946202,-0.176263,0.26841,0.924897,-0.149003,0.271098,0.847583,-0.13446,0.142869,0.759071,-0.149986,0.173391,0.939376,-0.181642,0.19358,0.933769,-0.172857,0.195815,0.877709,-0.165176
624,20800,True,0.9954,0.9954,0.265045,0.770149,-0.0,0.344142,0.796088,-0.070525,0.416857,0.832341,-0.134273,0.483936,0.884141,-0.188175,0.555281,0.914759,-0.239455,0.356613,0.666381,-0.164031,0.360207,0.878544,-0.232138,0.363184,0.918144,-0.267347,0.361966,0.892407,-0.29112,0.257807,0.682169,-0.161528,0.283413,0.928874,-0.211896,0.307258,0.927574,-0.214288,0.315267,0.86808,-0.225104,0.179038,0.71716,-0.16127,0.214937,0.952579,-0.195033,0.239482,0.938132,-0.170142,0.246,0.866871,-0.160681,0.118265,0.762733,-0.171396,0.146594,0.944631,-0.198439,0.17134,0.9394,-0.188042,0.178484,0.882926,-0.18299
625,20833,True,0.9984,0.9984,0.23767,0.828245,0.0,0.320623,0.847137,-0.084798,0.397497,0.861221,-0.15534,0.460886,0.897401,-0.212625,0.527385,0.928262,-0.265579,0.319737,0.673028,-0.176214,0.315325,0.914665,-0.254208,0.324005,0.94533,-0.295125,0.323322,0.902227,-0.322013,0.221771,0.688521,-0.168742,0.243327,0.947578,-0.229814,0.275259,0.946238,-0.235329,0.283447,0.887223,-0.245052,0.143937,0.726325,-0.165126,0.180443,0.973439,-0.206794,0.213976,0.964393,-0.181682,0.219849,0.897114,-0.168797,0.085433,0.779569,-0.173323,0.123874,0.967371,-0.202723,0.156457,0.968141,-0.193111,0.168025,0.913061,-0.186575
626,20866,True,0.9951,0.9951,0.196774,0.853407,0.0,0.28235,0.852423,-0.066907,0.358428,0.84918,-0.124942,0.42797,0.894861,-0.175665,0.502017,0.934292,-0.222913,0.281986,0.673559,-0.138659,0.287084,0.855501,-0.210666,0.300055,0.896394,-0.251142,0.30519,0.880547,-0.276637,0.18538,0.688463,-0.136575,0.215312,0.933612,-0.191041,0.244743,0.938902,-0.19811,0.252109,0.887029,-0.20732,0.107142,0.734157,-0.13874,0.153235,0.975708,-0.172966,0.184613,0.968051,-0.151056,0.190968,0.906139,-0.139498,0.048732,0.795631,-0.151588,0.093953,0.983506,-0.17498,0.12665,0.986615,-0.164117,0.139027,0.937063,-0.155545
627,20900,True,0.9964,0.9964,0.175379,0.894741,0.0,0.261925,0.880529,-0.053276,0.34127,0.853926,-0.100037,0.40596,0.892908,-0.142101,0.468185,0.95101,-0.180018,0.275063,0.674829,-0.118965,0.272316,0.787596,-0.182303,0.254521,0.795436,-0.214238,0.232096,0.77614,-0.232814,0.17355,0.6732,-0.118916,0.19774,0.932974,-0.168056,0.218871,0.913502,-0.165455,0.225414,0.860347,-0.162134,0.091511,0.719429,-0.122502,0.132117,0.96957,-0.150484,0.151594,0.931768,-0.112731,0.155586,0.859392,-0.084646,0.028057,0.785021,-0.136721,0.069626,0.970882,-0.164123,0.095414,0.946253,-0.149135,0.107049,0.87635,-0.129658
628,20933,True,0.9932,0.9932,0.167549,0.856573,-0.0,0.253395,0.856947,-0.063235,0.326054,0.836127,-0.114752,0.39059,0.86885,-0.159406,0.455954,0.90507,-0.197843,0.254615,0.663493,-0.15652,0.248581,0.737516,-0.22977,0.219506,0.789216,-0.262611,0.178734,0.832807,-0.277131,0.151893,0.651327,-0.151176,0.168235,0.917014,-0.203542,0.20719,0.92175,-0.192373,0.222191,0.901125,-0.18303,0.069815,0.695385,-0.149697,0.10163,0.941596,-0.178335,0.145587,0.918534,-0.129036,0.170692,0.873111,-0.093036,0.009449,0.762226,-0.159874,0.046762,0.939838,-0.190866,0.087105,0.935712,-0.169513,0.11447,0.898795,-0.143318
629,20966,True,0.9959,0.9959,0.180007,0.877888,-0.0,0.259747,0.861067,-0.060111,0.331755,0.824104,-0.109108,0.400687,0.849293,-0.151664,0.476509,0.88592,-0.190055,0.236636,0.624428,-0.120824,0.220231,0.775336,-0.182069,0.19983,0.844518,-0.213704,0.163934,0.850693,-0.232532,0.144414,0.642891,-0.119329,0.148376,0.853578,-0.163177,0.173164,0.896471,-0.164357,0.174968,0.878054,-0.167843,0.073152,0.692579,-0.121449,0.0876,0.897777,-0.151331,0.123197,0.924994,-0.126711,0.134757,0.892381,-0.111333,0.017687,0.76029,-0.132737,0.038133,0.912708,-0.153211,0.081694,0.941576,-0.137772,0.10907,0.917037,-0.123577
630,21000,True,0.9825,0.9825,0.185321,0.852478,-1e-06,0.27231,0.84045,-0.057507,0.348785,0.807973,-0.102875,0.411612,0.822193,-0.145123,0.484011,0.846871,-0.187094,0.277028,0.623671,-0.088196,0.212184,0.672148,-0.152374,0.191474,0.766418,-0.187614,0.194071,0.838538,-0.203409,0.187633,0.609167,-0.083688,0.133354,0.727928,-0.141908,0.145403,0.850559,-0.155815,0.166784,0.920657,-0.156137,0.115103,0.633298,-0.084042,0.072221,0.773724,-0.136115,0.100823,0.878857,-0.131795,0.130527,0.930428,-0.118319,0.056324,0.675869,-0.090108,0.029277,0.802257,-0.127901,0.066008,0.895668,-0.122659,0.103407,0.932763,-0.108503
631,21033,True,0.9964,0.9964,0.21286,0.85613,-0.0,0.296462,0.841153,-0.05827,0.373948,0.797777,-0.099921,0.448933,0.82146,-0.141173,0.522507,0.830017,-0.18022,0.288057,0.61206,-0.088472,0.260312,0.585045,-0.149938,0.242637,0.605337,-0.183364,0.239047,0.619091,-0.203014,0.200676,0.609578,-0.088609,0.189335,0.797633,-0.160622,0.246109,0.898548,-0.177164,0.302067,0.917245,-0.179292,0.128867,0.657951,-0.095292,0.13197,0.8596,-0.15967,0.197476,0.935181,-0.152636,0.254591,0.939689,-0.137037,0.072555,0.714353,-0.109555,0.083895,0.873482,-0.162576,0.149038,0.942796,-0.16362,0.206804,0.954176,-0.152443
632,21066,True,0.9941,0.9941,0.232323,0.847822,-0.0,0.317346,0.828309,-0.044591,0.39865,0.779509,-0.08325,0.483098,0.795127,-0.12446,0.560119,0.809425,-0.16371,0.32913,0.615323,-0.085653,0.338749,0.547088,-0.146927,0.331896,0.521406,-0.186209,0.327107,0.513464,-0.20936,0.237795,0.585493,-0.089705,0.274028,0.825014,-0.158224,0.328349,0.898734,-0.172872,0.372361,0.927175,-0.17278,0.161927,0.629749,-0.098746,0.215124,0.89054,-0.144661,0.270067,0.926382,-0.129385,0.309967,0.927932,-0.110272,0.102043,0.693358,-0.116406,0.145097,0.892604,-0.151589,0.195415,0.934615,-0.146381,0.234101,0.938973,-0.131162
633,21100,True,0.9818,0.9818,0.252884,0.816169,-0.0,0.336197,0.802231,-0.050066,0.415594,0.780842,-0.096815,0.496744,0.783867,-0.143505,0.575201,0.779716,-0.192356,0.359296,0.591431,-0.112023,0.395449,0.607097,-0.172393,0.410691,0.579754,-0.211008,0.428159,0.551812,-0.236365,0.269828,0.587237,-0.117409,0.324947,0.812081,-0.188275,0.379648,0.89337,-0.206572,0.425163,0.941719,-0.213151,0.195225,0.638792,-0.12517,0.259049,0.87193,-0.185381,0.31562,0.932788,-0.185456,0.359739,0.96826,-0.177048,0.137842,0.708473,-0.13938,0.180902,0.886285,-0.185046,0.218209,0.948847,-0.189376,0.248687,0.981678,-0.183559
634,21133,True,0.9784,0.9784,0.29254,0.835847,-0.0,0.373474,0.819986,-0.045519,0.441313,0.795211,-0.088415,0.508906,0.7967,-0.131906,0.584488,0.803506,-0.175394,0.389827,0.608346,-0.100101,0.412634,0.639376,-0.157712,0.432343,0.645672,-0.191452,0.456502,0.647258,-0.213249,0.302201,0.611139,-0.10861,0.367108,0.841298,-0.170287,0.405174,0.90941,-0.18253,0.431605,0.927007,-0.188596,0.226918,0.668776,-0.120803,0.300038,0.900323,-0.173826,0.338635,0.947291,-0.16622,0.363927,0.950195,-0.156837,0.165036,0.741865,-0.139639,0.214003,0.909722,-0.180554,0.245958,0.955476,-0.180296,0.266156,0.959766,-0.174057
635,21166,True,0.9741,0.9741,0.299668,0.672698,-0.0,0.222058,0.747528,-0.060921,0.150928,0.835206,-0.114741,0.12728,0.903606,-0.160313,0.141469,0.926671,-0.204331,0.186173,0.731413,-0.139662,0.20535,0.906266,-0.183313,0.230157,0.919374,-0.201323,0.246554,0.894259,-0.214674,0.266165,0.69756,-0.134602,0.302977,0.91681,-0.166112,0.311523,0.925895,-0.167371,0.31578,0.891861,-0.177279,0.344495,0.679479,-0.129261,0.384351,0.880449,-0.173062,0.390381,0.896941,-0.162311,0.394528,0.880946,-0.154638,0.411719,0.674686,-0.130172,0.46517,0.809479,-0.177027,0.498995,0.84573,-0.175351,0.529157,0.857984,-0.169606
636,21200,True,0.9931,0.9931,0.254739,0.754584,-0.0,0.355307,0.773959,-0.075412,0.443013,0.825576,-0.15335,0.505767,0.9032,-0.216442,0.566188,0.97041,-0.285935,0.409758,0.713933,-0.245254,0.43386,0.935261,-0.318729,0.450997,1.056302,-0.345994,0.459847,1.124476,-0.358956,0.316392,0.715269,-0.235006,0.323195,0.965928,-0.298426,0.327412,1.098432,-0.305305,0.333409,1.175747,-0.314705,0.229228,0.740167,-0.218744,0.240886,0.9706,-0.266766,0.24969,1.079727,-0.258074,0.25458,1.139002,-0.255254,0.156018,0.780402,-0.20613,0.167792,0.946624,-0.237695,0.187095,1.019048,-0.226602,0.20383,1.048466,-0.220744
637,21233,True,0.8558,0.8558,0.308066,0.721785,1e-06,0.389987,0.752075,-0.060739,0.462149,0.848488,-0.120363,0.504437,0.95862,-0.172223,0.532486,1.020735,-0.228839,0.336408,0.76548,-0.173351,0.35959,1.015862,-0.247845,0.412369,1.118818,-0.300436,0.445059,1.19372,-0.335095,0.241263,0.774781,-0.17941,0.286524,1.043785,-0.235439,0.341608,1.143218,-0.247934,0.372528,1.205221,-0.269961,0.173529,0.794613,-0.185852,0.216422,1.043809,-0.237251,0.269257,1.112948,-0.223497,0.300838,1.149735,-0.219814,0.125177,0.822185,-0.198787,0.157446,1.004611,-0.235482,0.19641,1.052224,-0.224231,0.215337,1.068903,-0.222037
638,21266,True,0.9942,0.9942,0.267973,0.702538,-0.0,0.335158,0.753418,-0.069731,0.396407,0.839253,-0.13849,0.445224,0.929899,-0.192694,0.502577,0.99486,-0.249318,0.322133,0.759596,-0.198426,0.312273,0.929725,-0.262189,0.321338,1.032644,-0.287874,0.32556,1.105189,-0.301007,0.240411,0.757327,-0.185634,0.231254,0.968383,-0.239295,0.23911,1.067944,-0.24504,0.242492,1.115088,-0.251999,0.170681,0.772417,-0.169939,0.164255,0.982707,-0.218328,0.182005,1.058004,-0.216968,0.193013,1.08085,-0.215312,0.111259,0.799698,-0.156784,0.108661,0.970291,-0.191889,0.130124,1.016344,-0.188492,0.145096,1.015044,-0.185269
639,21300,True,0.9894,0.9894,0.208879,0.7304,-0.0,0.290845,0.766849,-0.062925,0.359414,0.844774,-0.12674,0.419891,0.934429,-0.174911,0.485468,1.000997,-0.224232,0.292587,0.727849,-0.207338,0.262965,0.904125,-0.273099,0.258306,0.983088,-0.294928,0.254729,1.020042,-0.301669,0.203648,0.71698,-0.197017,0.18826,0.953885,-0.254428,0.196744,1.068271,-0.257783,0.198268,1.136211,-0.259854,0.123821,0.736614,-0.182269,0.120002,0.966203,-0.230097,0.136808,1.065371,-0.219526,0.146171,1.122504,-0.209055,0.06039,0.775773,-0.169304,0.072474,0.956572,-0.200254,0.089028,1.025546,-0.189755,0.101012,1.063061,-0.180726
640,21333,True,0.9983,0.9983,0.197247,0.835242,-1e-06,0.284079,0.852618,-0.092116,0.351627,0.868514,-0.163579,0.409549,0.915544,-0.219492,0.47938,0.966703,-0.267473,0.275977,0.684269,-0.186091,0.250486,0.890386,-0.259371,0.242197,0.997536,-0.281502,0.247968,1.043942,-0.288053,0.176538,0.683106,-0.165359,0.169284,0.958681,-0.230255,0.186099,1.051458,-0.22909,0.199168,1.068825,-0.224349,0.098869,0.712693,-0.146707,0.109435,0.982286,-0.192916,0.138327,1.032127,-0.175605,0.156631,1.022066,-0.161055,0.036388,0.763412,-0.137294,0.046548,0.954414,-0.171441,0.079269,1.000766,-0.165631,0.101284,0.988167,-0.154557
641,21366,True,0.9933,0.9933,0.176645,0.842552,-0.0,0.255973,0.857125,-0.070252,0.328754,0.845475,-0.125735,0.397527,0.893789,-0.170003,0.479776,0.942062,-0.206169,0.273926,0.680091,-0.16329,0.23865,0.891961,-0.234332,0.211118,0.966172,-0.260577,0.185584,0.985698,-0.271222,0.173081,0.674375,-0.152614,0.166372,0.945609,-0.202464,0.197079,0.915176,-0.188473,0.21847,0.850724,-0.17743,0.090002,0.703671,-0.145174,0.103289,0.958264,-0.173594,0.131265,0.920453,-0.12693,0.144295,0.849598,-0.091973,0.024911,0.754143,-0.149759,0.049622,0.94172,-0.176842,0.079246,0.920835,-0.15881,0.094916,0.856215,-0.136773
642,21400,True,0.9976,0.9976,0.191643,0.844208,0.0,0.271846,0.843798,-0.069902,0.350242,0.834702,-0.130485,0.42235,0.867111,-0.180932,0.494719,0.897365,-0.22559,0.263717,0.636592,-0.154457,0.264325,0.860947,-0.219354,0.265734,0.882204,-0.249866,0.257612,0.841848,-0.269953,0.166067,0.657113,-0.150198,0.202238,0.921992,-0.199919,0.231173,0.896249,-0.197202,0.237954,0.826641,-0.200008,0.091584,0.703581,-0.149271,0.141086,0.952028,-0.179245,0.171736,0.91842,-0.148716,0.176385,0.841989,-0.131157,0.038334,0.766651,-0.159881,0.089481,0.950352,-0.186309,0.124997,0.928856,-0.178004,0.13888,0.861873,-0.169914
643,21433,True,0.9969,0.9969,0.214764,0.82921,0.0,0.296822,0.826865,-0.058597,0.378584,0.822537,-0.111391,0.449095,0.857978,-0.157217,0.513854,0.882997,-0.198133,0.28238,0.631251,-0.12123,0.302943,0.830097,-0.179335,0.308453,0.823466,-0.210604,0.307747,0.770519,-0.231845,0.189459,0.654429,-0.120562,0.237833,0.89987,-0.164132,0.255605,0.861711,-0.166913,0.256901,0.786236,-0.17349,0.116324,0.702297,-0.123152,0.175762,0.933927,-0.149218,0.193427,0.89655,-0.125222,0.187258,0.818221,-0.112158,0.063106,0.763252,-0.136195,0.115843,0.93756,-0.156992,0.13802,0.912763,-0.149108,0.136413,0.843503,-0.142424
644,21466,True,0.99,0.99,0.240929,0.829588,-0.0,0.320879,0.825482,-0.052735,0.394445,0.819923,-0.097604,0.460425,0.854286,-0.136747,0.529784,0.87733,-0.17081,0.324177,0.637517,-0.11128,0.346548,0.856338,-0.167258,0.339183,0.898899,-0.195328,0.326245,0.880374,-0.212741,0.231069,0.650019,-0.111048,0.271209,0.910412,-0.151206,0.286391,0.900101,-0.148889,0.289404,0.845858,-0.150335,0.155351,0.690762,-0.114013,0.206268,0.939834,-0.139027,0.223665,0.917326,-0.112327,0.221863,0.847999,-0.095682,0.095878,0.746855,-0.126714,0.140571,0.926368,-0.146117,0.159489,0.922073,-0.133911,0.158803,0.872721,-0.122347
645,21500,True,0.9927,0.9927,0.263748,0.845136,-0.0,0.344135,0.85311,-0.066985,0.421079,0.846223,-0.120754,0.485422,0.86251,-0.167675,0.549677,0.87348,-0.208584,0.357004,0.632233,-0.123096,0.375918,0.835155,-0.194149,0.38622,0.909463,-0.231438,0.392333,0.913808,-0.252184,0.264317,0.640724,-0.120306,0.297784,0.897918,-0.170653,0.328093,0.92401,-0.17184,0.343183,0.883374,-0.175352,0.187267,0.685035,-0.123933,0.230446,0.934441,-0.158696,0.262399,0.944015,-0.134929,0.275008,0.890812,-0.120144,0.125219,0.742751,-0.13817,0.159281,0.923893,-0.160321,0.183991,0.946412,-0.148353,0.190627,0.91587,-0.137801
646,21533,True,0.9886,0.9886,0.273914,0.832024,-0.0,0.357622,0.836812,-0.061405,0.432995,0.843328,-0.112654,0.497458,0.857115,-0.158951,0.561368,0.876828,-0.199305,0.38606,0.614829,-0.117041,0.405584,0.83202,-0.18952,0.425778,0.940369,-0.227054,0.451468,0.970868,-0.246399,0.294069,0.626148,-0.118144,0.326237,0.904125,-0.175421,0.362289,0.967922,-0.179289,0.393008,0.954204,-0.182261,0.215171,0.676407,-0.125442,0.256949,0.936423,-0.168633,0.299205,0.973289,-0.151224,0.328882,0.946951,-0.137803,0.15357,0.739734,-0.141961,0.176558,0.913642,-0.165485,0.188758,0.946616,-0.154839,0.19106,0.931219,-0.144311
647,21566,True,0.9894,0.9894,0.307613,0.845598,-0.0,0.389423,0.845824,-0.060918,0.458806,0.840134,-0.112071,0.520657,0.847947,-0.15995,0.570525,0.858453,-0.206397,0.409786,0.624656,-0.113805,0.448549,0.741781,-0.184627,0.478831,0.776206,-0.226544,0.510116,0.781228,-0.25187,0.319342,0.624077,-0.116466,0.367892,0.860372,-0.179732,0.398921,0.931544,-0.192005,0.419911,0.938298,-0.199916,0.238862,0.674507,-0.125402,0.290296,0.911179,-0.179088,0.325485,0.957088,-0.17331,0.348601,0.94056,-0.166533,0.176949,0.742598,-0.142291,0.200167,0.909498,-0.179693,0.213655,0.947489,-0.181464,0.216716,0.93566,-0.179021
648,21600,True,0.8483,0.8483,0.338657,0.812872,-0.0,0.273707,0.838759,-0.076322,0.209802,0.86744,-0.136641,0.193409,0.875121,-0.188283,0.216302,0.868643,-0.233234,0.263694,0.653686,-0.137822,0.303289,0.801378,-0.199079,0.346934,0.884705,-0.222962,0.386113,0.914061,-0.233483,0.317097,0.652051,-0.131018,0.362361,0.850658,-0.20185,0.398782,0.949841,-0.219352,0.428509,1.000519,-0.225099,0.371693,0.677291,-0.12758,0.413657,0.853659,-0.20296,0.438603,0.937084,-0.210614,0.457316,0.986536,-0.203083,0.423758,0.717721,-0.129274,0.486104,0.802236,-0.18011,0.528343,0.835003,-0.184374,0.565825,0.845527,-0.178432
649,21633,True,0.828,0.828,0.352151,0.831555,-0.0,0.275639,0.878,-0.078549,0.194202,0.899038,-0.134101,0.170661,0.908879,-0.180632,0.209944,0.914551,-0.222446,0.259237,0.700789,-0.118688,0.286861,0.819198,-0.171262,0.317323,0.860642,-0.192418,0.354413,0.86088,-0.203191,0.332395,0.662068,-0.108379,0.397639,0.870581,-0.18311,0.442241,0.961091,-0.20325,0.48192,0.997009,-0.204397,0.398047,0.663035,-0.101909,0.455851,0.872676,-0.178079,0.483398,0.948794,-0.185116,0.506927,0.984228,-0.171883,0.450845,0.685259,-0.101032,0.500124,0.811317,-0.154451,0.537769,0.850974,-0.159814,0.574178,0.861306,-0.150612
650,21666,True,0.9237,0.9237,0.383379,0.826172,-1e-06,0.306036,0.873677,-0.076823,0.227026,0.895132,-0.131886,0.212857,0.909235,-0.178865,0.263876,0.925903,-0.219577,0.288432,0.689252,-0.116585,0.329372,0.824046,-0.165426,0.350479,0.895411,-0.181817,0.370835,0.914176,-0.189442,0.362135,0.648682,-0.10674,0.420829,0.8623,-0.168796,0.455891,0.949084,-0.185143,0.489419,0.97809,-0.189182,0.429419,0.644674,-0.100825,0.492593,0.844425,-0.170075,0.521332,0.917666,-0.178235,0.548381,0.949422,-0.169496,0.483145,0.66415,-0.100468,0.533632,0.763005,-0.150183,0.568768,0.80406,-0.154767,0.608594,0.823567,-0.147466
651,21700,True,0.9858,0.9858,0.355614,0.858883,-1e-06,0.430057,0.845995,-0.058497,0.490059,0.816269,-0.106455,0.558571,0.825678,-0.153558,0.646272,0.83773,-0.196492,0.462261,0.620827,-0.086505,0.523441,0.767452,-0.156138,0.537686,0.869309,-0.197319,0.558993,0.918459,-0.21655,0.390411,0.63715,-0.085784,0.475084,0.85817,-0.138538,0.483083,0.928115,-0.152964,0.487252,0.924119,-0.160701,0.32413,0.690884,-0.092558,0.401648,0.884906,-0.142168,0.424152,0.927221,-0.142399,0.435931,0.919219,-0.135527,0.259816,0.760701,-0.106423,0.283039,0.875981,-0.138884,0.302625,0.909081,-0.135938,0.324495,0.925727,-0.126901
652,21733,True,0.9991,0.9991,0.318955,0.896475,0.0,0.428788,0.859738,-0.017864,0.523413,0.818202,-0.05264,0.603173,0.808725,-0.094484,0.686021,0.807414,-0.138287,0.539164,0.619849,-0.055884,0.620551,0.582166,-0.111671,0.679855,0.535426,-0.150864,0.734849,0.496457,-0.178822,0.465242,0.598017,-0.079488,0.561135,0.752997,-0.157879,0.594775,0.863394,-0.182391,0.612562,0.940849,-0.187333,0.391348,0.641165,-0.10542,0.486967,0.815291,-0.171294,0.509625,0.894105,-0.168599,0.516191,0.942729,-0.154515,0.326106,0.719574,-0.134427,0.407613,0.839675,-0.179512,0.442857,0.894863,-0.177676,0.46154,0.91911,-0.166183
653,21766,True,0.9995,0.9995,0.335948,0.851235,1e-06,0.455081,0.821816,-0.009417,0.558603,0.796793,-0.042131,0.635172,0.801713,-0.080981,0.712294,0.808081,-0.12231,0.568966,0.619119,-0.077515,0.652342,0.562293,-0.131518,0.710788,0.512546,-0.166048,0.761941,0.467962,-0.190139,0.498325,0.601162,-0.104625,0.59739,0.746487,-0.166935,0.62896,0.856634,-0.177881,0.632157,0.92797,-0.178984,0.424906,0.646758,-0.130724,0.524584,0.8238,-0.180179,0.54513,0.900803,-0.160798,0.536472,0.942902,-0.140763,0.359242,0.720072,-0.159497,0.446851,0.853996,-0.189864,0.481847,0.91842,-0.172444,0.491662,0.953214,-0.1528
654,21800,True,0.9997,0.9997,0.349733,0.868399,1e-06,0.469136,0.833437,-0.003495,0.573588,0.803161,-0.036091,0.650996,0.802157,-0.074429,0.732589,0.808492,-0.115514,0.583939,0.621437,-0.080899,0.668678,0.557758,-0.137862,0.732421,0.501062,-0.175342,0.783231,0.450805,-0.202339,0.514736,0.605304,-0.113317,0.627822,0.748394,-0.177318,0.649018,0.858987,-0.188666,0.64258,0.918118,-0.191688,0.4408,0.653149,-0.144017,0.555739,0.821578,-0.199751,0.570521,0.90109,-0.181764,0.55938,0.931169,-0.163671,0.374928,0.731897,-0.175742,0.473032,0.859251,-0.21167,0.511643,0.930799,-0.193929,0.526812,0.964324,-0.175384
655,21833,True,0.9994,0.9994,0.357911,0.872171,1e-06,0.483886,0.842231,-0.00542,0.588668,0.812873,-0.041178,0.667079,0.810103,-0.083414,0.751293,0.812228,-0.127875,0.596537,0.619236,-0.08154,0.684665,0.550341,-0.144238,0.749893,0.491484,-0.185589,0.802145,0.439254,-0.214476,0.528178,0.602545,-0.114378,0.644404,0.738306,-0.187502,0.672616,0.855905,-0.202469,0.670146,0.925278,-0.204535,0.457892,0.651277,-0.14578,0.573478,0.82337,-0.205847,0.590316,0.908487,-0.186179,0.579364,0.943017,-0.164249,0.39603,0.729232,-0.178918,0.491804,0.866042,-0.216555,0.529381,0.93619,-0.197924,0.543433,0.966333,-0.176727
656,21866,True,0.9992,0.9992,0.364781,0.879665,1e-06,0.492101,0.846311,-0.001346,0.600115,0.813152,-0.034751,0.681395,0.810114,-0.075326,0.76549,0.812493,-0.118282,0.604709,0.617993,-0.076886,0.69862,0.543978,-0.134405,0.765586,0.483334,-0.171489,0.818309,0.43053,-0.197908,0.538959,0.607209,-0.111457,0.66262,0.737851,-0.18231,0.693152,0.853668,-0.197134,0.693885,0.925583,-0.199352,0.471306,0.657919,-0.143781,0.59122,0.824621,-0.200737,0.608221,0.909846,-0.181478,0.599168,0.949894,-0.1606,0.411134,0.737559,-0.17758,0.506618,0.867024,-0.212887,0.543737,0.937213,-0.194167,0.55907,0.972504,-0.173457
657,21900,True,0.9991,0.9991,0.37295,0.894948,1e-06,0.499617,0.859097,-0.00092,0.610119,0.818204,-0.033359,0.69521,0.811063,-0.07366,0.781444,0.807389,-0.116494,0.612299,0.619916,-0.072977,0.708091,0.540415,-0.128048,0.774041,0.475806,-0.163471,0.825434,0.41853,-0.189399,0.546656,0.611203,-0.108158,0.675684,0.726591,-0.177037,0.715334,0.838272,-0.193668,0.725018,0.909136,-0.198293,0.479516,0.661076,-0.140879,0.602417,0.820902,-0.19514,0.609479,0.904313,-0.174465,0.59267,0.940742,-0.153717,0.419162,0.740467,-0.175425,0.51744,0.864567,-0.209215,0.550892,0.93296,-0.189334,0.561002,0.964751,-0.168274
658,21933,True,0.9988,0.9988,0.380405,0.903823,1e-06,0.510591,0.864726,-0.003831,0.622253,0.821816,-0.037288,0.708903,0.812144,-0.078374,0.796356,0.808306,-0.12252,0.617154,0.619005,-0.077973,0.712168,0.534028,-0.133866,0.775656,0.464898,-0.168804,0.825336,0.40273,-0.193977,0.549925,0.614448,-0.111801,0.680366,0.721016,-0.180719,0.724098,0.832123,-0.19714,0.73668,0.904874,-0.201871,0.48197,0.668167,-0.143328,0.604879,0.815524,-0.199578,0.619459,0.904775,-0.181987,0.609559,0.950712,-0.162864,0.422078,0.750916,-0.176475,0.517989,0.865548,-0.210577,0.552098,0.932813,-0.192339,0.562616,0.968704,-0.172606
659,21966,True,0.9985,0.9985,0.383393,0.916052,1e-06,0.51358,0.87726,-0.00452,0.626317,0.829873,-0.037267,0.714993,0.814925,-0.077376,0.801881,0.804675,-0.120089,0.621304,0.621259,-0.074485,0.714221,0.528955,-0.130272,0.778863,0.455863,-0.165265,0.827963,0.391327,-0.189851,0.555126,0.615061,-0.10695,0.689552,0.720222,-0.177053,0.728834,0.835383,-0.192886,0.734429,0.909643,-0.195416,0.488255,0.667349,-0.137353,0.610334,0.809881,-0.195458,0.626119,0.902808,-0.178705,0.61649,0.952341,-0.158414,0.428654,0.749494,-0.169203,0.523792,0.862415,-0.203584,0.558125,0.932893,-0.185274,0.568311,0.970966,-0.164607
660,22000,True,0.9987,0.9987,0.390656,0.921491,1e-06,0.524573,0.88267,-0.004949,0.635327,0.833405,-0.039075,0.721484,0.815825,-0.080925,0.807446,0.804633,-0.124613,0.629272,0.621701,-0.074371,0.717934,0.52176,-0.13314,0.782557,0.445192,-0.170769,0.830849,0.379195,-0.197134,0.56177,0.61204,-0.107905,0.69576,0.716464,-0.184103,0.733699,0.836995,-0.202314,0.736714,0.916053,-0.20419,0.495079,0.662222,-0.139445,0.619072,0.818283,-0.199835,0.633931,0.911788,-0.181846,0.621576,0.957658,-0.159449,0.436449,0.742206,-0.173011,0.534678,0.873222,-0.208254,0.570985,0.944524,-0.189452,0.581809,0.977954,-0.167469
661,22033,True,0.9985,0.9985,0.387685,0.916501,1e-06,0.523888,0.878261,-0.005385,0.633077,0.833417,-0.041184,0.719078,0.819449,-0.085103,0.804548,0.809468,-0.13028,0.633605,0.623221,-0.075451,0.722089,0.523261,-0.134193,0.78568,0.445777,-0.171998,0.832404,0.37871,-0.198872,0.566817,0.61307,-0.10917,0.697285,0.726229,-0.183196,0.734765,0.847714,-0.199492,0.739192,0.92258,-0.201688,0.500124,0.663692,-0.141134,0.623959,0.822462,-0.199635,0.634279,0.918416,-0.177762,0.617332,0.962616,-0.154215,0.442236,0.744771,-0.175472,0.539973,0.877239,-0.208192,0.569001,0.945259,-0.186149,0.571005,0.971432,-0.163128
662,22066,True,0.9989,0.9989,0.378363,0.926272,1e-06,0.51482,0.888673,-0.006225,0.627403,0.842619,-0.043881,0.716924,0.830753,-0.089694,0.806668,0.826302,-0.136062,0.631982,0.637198,-0.078509,0.721519,0.537167,-0.14275,0.78519,0.456176,-0.184973,0.833521,0.388227,-0.214646,0.56586,0.625179,-0.113529,0.694647,0.743901,-0.194936,0.729563,0.870676,-0.213816,0.732091,0.952882,-0.21588,0.498285,0.674507,-0.146806,0.618151,0.846109,-0.20781,0.621176,0.943388,-0.182912,0.59947,0.986682,-0.156157,0.437568,0.756162,-0.183149,0.536829,0.896817,-0.216425,0.56252,0.968557,-0.191737,0.562099,0.998253,-0.165915
663,22100,True,0.9989,0.9989,0.373197,0.926448,0.0,0.512487,0.890647,-0.006046,0.626855,0.851169,-0.046362,0.715989,0.848987,-0.094234,0.810879,0.853259,-0.142649,0.63988,0.655358,-0.088368,0.731414,0.56485,-0.157895,0.799432,0.490453,-0.204871,0.8511,0.428629,-0.237647,0.575352,0.640853,-0.12384,0.696158,0.785175,-0.202724,0.727544,0.90625,-0.218184,0.726947,0.976905,-0.22125,0.503639,0.688464,-0.157878,0.614645,0.883664,-0.215164,0.61118,0.963563,-0.186925,0.583572,0.984726,-0.161591,0.436381,0.768766,-0.195293,0.530103,0.924425,-0.227161,0.537805,0.984244,-0.200561,0.519333,0.993063,-0.175453
664,22133,True,0.998,0.998,0.367456,0.922765,0.0,0.504181,0.898171,0.000324,0.624797,0.86964,-0.035165,0.722154,0.886115,-0.077893,0.820571,0.900785,-0.12227,0.650005,0.677885,-0.085404,0.753427,0.629769,-0.148928,0.83347,0.594642,-0.193176,0.898272,0.564986,-0.225136,0.586822,0.656651,-0.121864,0.69731,0.865319,-0.190244,0.707756,0.981182,-0.201058,0.700907,1.032841,-0.206242,0.509871,0.701,-0.156291,0.609611,0.937507,-0.205259,0.585902,0.985353,-0.178363,0.552317,0.968778,-0.159992,0.436585,0.778681,-0.193151,0.515797,0.958782,-0.219808,0.500617,0.989017,-0.195139,0.468111,0.957701,-0.175788
665,22166,True,0.9758,0.9758,0.346607,0.909677,0.0,0.483652,0.869673,-0.006753,0.620839,0.85344,-0.037052,0.724468,0.874397,-0.074033,0.806238,0.895813,-0.11485,0.658295,0.730697,-0.076284,0.765159,0.800967,-0.132133,0.83551,0.848775,-0.168224,0.885184,0.884445,-0.193798,0.593765,0.723957,-0.104248,0.693305,0.946296,-0.155706,0.712826,1.04633,-0.165318,0.723316,1.086848,-0.17497,0.517289,0.760069,-0.132351,0.597522,1.007124,-0.179187,0.596534,1.083781,-0.165663,0.592161,1.100866,-0.156158,0.443901,0.818145,-0.162437,0.500531,1.012686,-0.1938,0.512294,1.076809,-0.182846,0.515841,1.092343,-0.173069
666,22200,True,0.9202,0.9202,0.332978,0.863381,1e-06,0.41857,0.871798,-0.064973,0.535178,0.954101,-0.132567,0.638846,1.085667,-0.191971,0.721426,1.192942,-0.256842,0.608564,0.838751,-0.191328,0.719301,1.026658,-0.286229,0.793793,1.141898,-0.343007,0.852533,1.231909,-0.380844,0.58361,0.821779,-0.20079,0.678979,1.09682,-0.289327,0.734219,1.254372,-0.319976,0.779469,1.368694,-0.345002,0.537006,0.841511,-0.211469,0.614087,1.114128,-0.292851,0.662526,1.259978,-0.306131,0.69927,1.361449,-0.312903,0.479755,0.877418,-0.225974,0.528165,1.08589,-0.290512,0.562829,1.211262,-0.303385,0.590581,1.303174,-0.309382
667,22233,False,0.0,0.0,0.0,0.0,0.0,0.0,0.0,0.0,0.0,0.0,0.0,0.0,0.0,0.0,0.0,0.0,0.0,0.0,0.0,0.0,0.0,0.0,0.0,0.0,0.0,0.0,0.0,0.0,0.0,0.0,0.0,0.0,0.0,0.0,0.0,0.0,0.0,0.0,0.0,0.0,0.0,0.0,0.0,0.0,0.0,0.0,0.0,0.0,0.0,0.0,0.0,0.0,0.0,0.0,0.0,0.0,0.0,0.0,0.0,0.0,0.0,0.0,0.0,0.0,0.0
668,22266,True,0.9865,0.9865,0.369713,0.845861,1e-06,0.485804,0.831664,-0.009048,0.612707,0.906121,-0.043382,0.69011,1.027218,-0.078129,0.73242,1.126192,-0.114399,0.683099,0.854716,-0.107359,0.755851,1.071594,-0.160662,0.743706,1.181354,-0.187255,0.729516,1.232659,-0.203116,0.616172,0.877092,-0.13098,0.681282,1.128888,-0.165229,0.674577,1.217564,-0.164366,0.668561,1.250177,-0.171915,0.53728,0.916408,-0.152401,0.597065,1.153544,-0.174444,0.590412,1.214991,-0.156115,0.583934,1.2244,-0.150332,0.458644,0.961132,-0.17506,0.508719,1.144292,-0.181339,0.509392,1.191342,-0.162069,0.508258,1.196467,-0.152452
669,22300,False,0.0,0.0,0.0,0.0,0.0,0.0,0.0,0.0,0.0,0.0,0.0,0.0,0.0,0.0,0.0,0.0,0.0,0.0,0.0,0.0,0.0,0.0,0.0,0.0,0.0,0.0,0.0,0.0,0.0,0.0,0.0,0.0,0.0,0.0,0.0,0.0,0.0,0.0,0.0,0.0,0.0,0.0,0.0,0.0,0.0,0.0,0.0,0.0,0.0,0.0,0.0,0.0,0.0,0.0,0.0,0.0,0.0,0.0,0.0,0.0,0.0,0.0,0.0,0.0,0.0
670,22333,True,0.992,0.992,0.369569,0.850106,1e-06,0.490277,0.826483,-0.01084,0.626413,0.883398,-0.043003,0.718699,0.986723,-0.074097,0.782884,1.078852,-0.105408,0.686798,0.818053,-0.10965,0.75472,1.012216,-0.162113,0.759557,1.130512,-0.186647,0.754068,1.202845,-0.201799,0.619713,0.833883,-0.130286,0.665393,1.066636,-0.170446,0.667321,1.182146,-0.173214,0.669268,1.250574,-0.182533,0.538144,0.87394,-0.148335,0.578757,1.110627,-0.179187,0.579989,1.197849,-0.166279,0.584902,1.238839,-0.162835,0.45511,0.926324,-0.167173,0.492269,1.118728,-0.187041,0.500153,1.182941,-0.177428,0.51084,1.210659,-0.172378
671,22366,True,0.9988,0.9988,0.36684,0.854618,1e-06,0.473297,0.860754,-0.005359,0.605061,0.911959,-0.035601,0.705061,0.978188,-0.066899,0.798913,1.000105,-0.100208,0.648244,0.766232,-0.107785,0.759194,0.871982,-0.163899,0.837324,0.929867,-0.195085,0.899507,0.979949,-0.216771,0.592081,0.772179,-0.137165,0.672337,1.004391,-0.193134,0.648923,1.071132,-0.192686,0.626894,1.086958,-0.193918,0.515218,0.812334,-0.163223,0.575433,1.049809,-0.204806,0.535558,1.048424,-0.172452,0.510898,1.001813,-0.152565,0.436849,0.865419,-0.190481,0.488836,1.04744,-0.214242,0.465857,1.039259,-0.189887,0.447644,0.987504,-0.173547
672,22400,True,0.9985,0.9985,0.350231,0.864947,1e-06,0.480395,0.865549,-0.007467,0.608437,0.890692,-0.040587,0.707203,0.947736,-0.074646,0.795595,0.982015,-0.110967,0.634758,0.730814,-0.102298,0.736363,0.799003,-0.157042,0.81612,0.826842,-0.189511,0.882305,0.848497,-0.213368,0.57383,0.726285,-0.130057,0.659522,0.948921,-0.187805,0.664164,1.081384,-0.197594,0.659441,1.163788,-0.205016,0.498107,0.765185,-0.155238,0.566552,0.999017,-0.208908,0.572833,1.123514,-0.198257,0.570461,1.199278,-0.188187,0.422663,0.824623,-0.18044,0.482396,0.996912,-0.217099,0.498115,1.098006,-0.209395,0.502402,1.164094,-0.20139
673,22433,True,0.9991,0.9991,0.351794,0.899334,1e-06,0.479634,0.902252,-0.010449,0.601588,0.897546,-0.047028,0.697052,0.92131,-0.086504,0.788417,0.933343,-0.128569,0.612642,0.713772,-0.09667,0.709972,0.727955,-0.155512,0.789289,0.724925,-0.192261,0.85375,0.724624,-0.218476,0.551156,0.695372,-0.125771,0.643983,0.917358,-0.195183,0.629856,1.044593,-0.204207,0.604995,1.111218,-0.205025,0.471919,0.731662,-0.153162,0.555395,0.981591,-0.211672,0.546493,1.076432,-0.18931,0.527636,1.10989,-0.168448,0.392534,0.796049,-0.181923,0.464362,0.983565,-0.22019,0.47523,1.059819,-0.20291,0.469487,1.083687,-0.185738
674,22466,True,0.9997,0.9997,0.361616,0.906904,1e-06,0.477611,0.897502,-0.013107,0.593432,0.880752,-0.052973,0.684865,0.894397,-0.096567,0.774168,0.892739,-0.142191,0.597137,0.682924,-0.106833,0.695209,0.65486,-0.175095,0.773692,0.624229,-0.219003,0.838704,0.601577,-0.249359,0.530241,0.662102,-0.137167,0.627284,0.848118,-0.215543,0.635875,0.962218,-0.228526,0.626743,1.021327,-0.230763,0.450211,0.706119,-0.165813,0.537931,0.947157,-0.230526,0.532584,1.028442,-0.205468,0.511841,1.04755,-0.181375,0.372511,0.782269,-0.196686,0.448381,0.969324,-0.238173,0.461786,1.038339,-0.217252,0.455141,1.051243,-0.19597
675,22500,True,0.9998,0.9998,0.346152,0.924338,1e-06,0.473843,0.897129,-0.011202,0.587485,0.859639,-0.04642,0.675617,0.854869,-0.085851,0.762828,0.849567,-0.127043,0.577293,0.668685,-0.091656,0.655372,0.616712,-0.158427,0.723561,0.567013,-0.202425,0.777325,0.529295,-0.232686,0.50419,0.643605,-0.123246,0.607659,0.80845,-0.206065,0.634953,0.945231,-0.224639,0.635098,1.039919,-0.226629,0.422206,0.688194,-0.153422,0.518471,0.899869,-0.22276,0.531862,0.999918,-0.202093,0.524251,1.052284,-0.176657,0.346586,0.767677,-0.185668,0.426587,0.924222,-0.230863,0.461378,1.003727,-0.212032,0.473401,1.045423,-0.188724
676,22533,True,0.9995,0.9995,0.365848,0.887925,1e-06,0.488934,0.858101,-0.02261,0.591508,0.825411,-0.065986,0.672309,0.824997,-0.113293,0.75781,0.817081,-0.16331,0.574524,0.639198,-0.108348,0.647611,0.564266,-0.18029,0.706581,0.499547,-0.225726,0.750839,0.440911,-0.257379,0.49493,0.615811,-0.136598,0.596987,0.762997,-0.225448,0.632338,0.891363,-0.24372,0.635395,0.967321,-0.246482,0.413637,0.662727,-0.164752,0.507351,0.839776,-0.243276,0.53411,0.934895,-0.226325,0.535192,0.980462,-0.203287,0.34375,0.740532,-0.195302,0.419708,0.87275,-0.248719,0.460695,0.946223,-0.234762,0.478901,0.983844,-0.215116
677,22566,True,0.9997,0.9997,0.391567,0.888028,1e-06,0.505268,0.859318,-0.037591,0.597336,0.82125,-0.092735,0.668371,0.804547,-0.149373,0.747933,0.786905,-0.20886,0.576658,0.618995,-0.139899,0.628971,0.522872,-0.231423,0.680123,0.444902,-0.289402,0.722276,0.379655,-0.328626,0.49231,0.59394,-0.167035,0.574396,0.727268,-0.281555,0.617137,0.853092,-0.310039,0.628302,0.936741,-0.317508,0.407004,0.639138,-0.195725,0.480021,0.801162,-0.300351,0.519429,0.902803,-0.294804,0.536509,0.961059,-0.276326,0.334371,0.720496,-0.226869,0.399346,0.841926,-0.302129,0.443021,0.922618,-0.29937,0.469843,0.97208,-0.286005
678,22600,True,0.9996,0.9996,0.404594,0.883418,1e-06,0.507452,0.854363,-0.042225,0.596072,0.807464,-0.099565,0.664361,0.788594,-0.158337,0.746691,0.779488,-0.220567,0.575967,0.606814,-0.147327,0.62306,0.504686,-0.242175,0.666568,0.419283,-0.301374,0.704631,0.347117,-0.341267,0.48449,0.581906,-0.172692,0.559999,0.719554,-0.294084,0.61073,0.847582,-0.322159,0.631423,0.938937,-0.326549,0.398988,0.630115,-0.199947,0.471538,0.788767,-0.308102,0.518396,0.893238,-0.29868,0.542394,0.957934,-0.275163,0.330157,0.714381,-0.2306,0.398188,0.824063,-0.309596,0.446031,0.90692,-0.305688,0.479119,0.961193,-0.288802
679,22633,True,0.9997,0.9997,0.403774,0.872697,1e-06,0.506483,0.852036,-0.041504,0.599966,0.810623,-0.09667,0.668065,0.790169,-0.153106,0.748997,0.783309,-0.213299,0.580982,0.602105,-0.144771,0.623797,0.502463,-0.234205,0.661219,0.413757,-0.290235,0.691662,0.334169,-0.329082,0.486555,0.574153,-0.168078,0.570342,0.735721,-0.280381,0.615677,0.860909,-0.304354,0.628263,0.940035,-0.307986,0.399693,0.624782,-0.192938,0.477786,0.811661,-0.290734,0.518497,0.91253,-0.277731,0.532891,0.969469,-0.253883,0.328939,0.712723,-0.221792,0.397806,0.839672,-0.290986,0.444509,0.920712,-0.283527,0.47397,0.968282,-0.265691
680,22666,True,0.9996,0.9996,0.401823,0.877413,0.0,0.507097,0.862297,-0.035907,0.60033,0.821648,-0.082214,0.672493,0.803662,-0.130702,0.750574,0.796765,-0.181509,0.58343,0.609105,-0.118404,0.629758,0.508752,-0.194413,0.666332,0.416768,-0.242182,0.697513,0.338299,-0.2763,0.492652,0.578546,-0.140558,0.572836,0.73557,-0.243248,0.617355,0.87141,-0.264954,0.632799,0.965725,-0.264974,0.407665,0.627106,-0.163773,0.48449,0.821672,-0.246751,0.515365,0.919378,-0.227493,0.522516,0.976853,-0.200071,0.336928,0.714557,-0.191928,0.405157,0.858888,-0.249153,0.448257,0.936642,-0.236872,0.473668,0.979307,-0.215291
681,22700,True,0.9984,0.9984,0.377043,0.890598,0.0,0.490365,0.865718,-0.020678,0.590923,0.825315,-0.05551,0.671263,0.820075,-0.095542,0.751091,0.816881,-0.137594,0.576133,0.628432,-0.079739,0.631359,0.553194,-0.141152,0.670169,0.469373,-0.182985,0.701546,0.399189,-0.214313,0.493424,0.599989,-0.104182,0.582568,0.775678,-0.192085,0.613412,0.913078,-0.212194,0.61868,0.99847,-0.212231,0.412133,0.64763,-0.129078,0.498914,0.861147,-0.195509,0.500578,0.939388,-0.174866,0.480652,0.963423,-0.149234,0.340118,0.730442,-0.158401,0.412819,0.894123,-0.199431,0.436404,0.947691,-0.183059,0.436118,0.952613,-0.161412
682,22733,True,0.9937,0.9937,0.361797,0.88771,-0.0,0.481753,0.875181,-0.011976,0.587328,0.845623,-0.039677,0.674058,0.859136,-0.072623,0.75171,0.866979,-0.105039,0.571171,0.657877,-0.06004,0.604625,0.663144,-0.107881,0.629358,0.677128,-0.141615,0.646837,0.697072,-0.16636,0.494323,0.640937,-0.084386,0.559284,0.867481,-0.14504,0.572543,0.971258,-0.162942,0.57191,1.019906,-0.16998,0.414571,0.686891,-0.108992,0.481065,0.92538,-0.149774,0.476265,0.955817,-0.133156,0.460939,0.933664,-0.118776,0.339495,0.757918,-0.137895,0.393816,0.936837,-0.166924,0.401853,0.952741,-0.155623,0.39462,0.916205,-0.141662
683,22766,True,0.9982,0.9982,0.364316,0.942245,0.0,0.471137,0.940906,-0.033387,0.575414,0.918484,-0.072976,0.65843,0.919087,-0.113449,0.739253,0.928975,-0.157421,0.572261,0.734192,-0.099943,0.626519,0.776833,-0.168816,0.686025,0.821816,-0.212929,0.737625,0.869064,-0.241182,0.491477,0.703179,-0.117506,0.549988,0.955571,-0.198218,0.540795,1.1025,-0.216348,0.526148,1.180743,-0.220291,0.40266,0.73625,-0.136802,0.456729,0.998238,-0.214397,0.455827,1.113259,-0.203376,0.452283,1.173556,-0.183524,0.316042,0.801252,-0.158895,0.364889,0.984699,-0.214945,0.3826,1.08754,-0.20447,0.39261,1.146914,-0.185464
684,22800,True,0.9917,0.9917,0.456329,0.73557,-0.0,0.340714,0.793919,-0.0793,0.259819,0.893146,-0.158966,0.233967,0.990694,-0.229682,0.240834,1.085082,-0.302641,0.31347,0.820879,-0.194871,0.329367,1.044544,-0.268754,0.353075,1.181493,-0.307541,0.367387,1.275289,-0.329114,0.415447,0.797009,-0.189461,0.4377,1.072343,-0.260751,0.456386,1.221572,-0.28193,0.472558,1.308422,-0.297255,0.509755,0.790763,-0.183021,0.543039,1.035274,-0.251639,0.584177,1.16429,-0.264977,0.611093,1.251291,-0.268317,0.585274,0.799788,-0.181725,0.628485,0.965837,-0.228773,0.654602,1.067386,-0.230988,0.675727,1.141256,-0.229249
685,22833,True,0.8536,0.8536,0.404406,0.865486,0.0,0.330938,0.861507,-0.0342,0.307117,0.903681,-0.09777,0.326247,1.00293,-0.148057,0.379299,1.106729,-0.205357,0.383717,0.811171,-0.243577,0.431625,1.050952,-0.300805,0.421003,1.104142,-0.302484,0.410759,1.10058,-0.297579,0.436882,0.795355,-0.253353,0.48576,1.073893,-0.301151,0.46709,1.107263,-0.278036,0.451471,1.081186,-0.267462,0.485283,0.805978,-0.25282,0.535396,1.066386,-0.295863,0.522898,1.077396,-0.255992,0.504154,1.039412,-0.232174,0.528196,0.837419,-0.250921,0.591108,1.022863,-0.293222,0.597637,1.039529,-0.272296,0.602364,1.019056,-0.256858
686,22866,True,0.8622,0.8622,0.459824,0.843382,0.0,0.373687,0.867047,-0.074775,0.306498,0.878825,-0.135307,0.296268,0.926912,-0.188091,0.315539,0.981121,-0.242951,0.410165,0.800338,-0.136699,0.416682,0.917462,-0.193975,0.441735,0.986982,-0.225912,0.477849,1.033295,-0.244953,0.479538,0.803694,-0.12806,0.512801,0.982862,-0.185188,0.546314,1.08442,-0.204579,0.589437,1.144924,-0.216445,0.53507,0.822698,-0.122035,0.555129,0.999939,-0.185334,0.571492,1.097104,-0.194339,0.5951,1.155491,-0.190343,0.576941,0.844212,-0.120877,0.598886,0.951934,-0.16544,0.614519,1.022237,-0.165289,0.635848,1.071873,-0.1579
687,22900,True,0.9726,0.9726,0.391463,0.92296,0.0,0.497971,0.90672,-0.030131,0.591812,0.881859,-0.056904,0.65978,0.869996,-0.086054,0.718817,0.861239,-0.117957,0.610621,0.751258,-0.056414,0.672492,0.837637,-0.105866,0.731681,0.870306,-0.143503,0.785115,0.902691,-0.170308,0.538752,0.747188,-0.068846,0.594806,0.952644,-0.123566,0.610705,1.037225,-0.141271,0.624953,1.075733,-0.151233,0.457433,0.780226,-0.085219,0.504798,0.994412,-0.135698,0.497796,1.043095,-0.129871,0.492707,1.042854,-0.120557,0.378411,0.831688,-0.106072,0.40804,0.988129,-0.146431,0.408905,1.021816,-0.14535,0.402175,1.008101,-0.138501
688,22933,True,0.9978,0.9978,0.379636,0.842782,1e-06,0.479191,0.82309,-0.00852,0.574688,0.830325,-0.044426,0.635161,0.887234,-0.086108,0.687961,0.924632,-0.132228,0.623447,0.719795,-0.085416,0.720975,0.79166,-0.14899,0.803538,0.821122,-0.201492,0.874242,0.844257,-0.240551,0.557267,0.719239,-0.115952,0.628729,0.927403,-0.182826,0.667161,1.001993,-0.211613,0.702937,1.029065,-0.233207,0.482038,0.755998,-0.144213,0.537143,0.971761,-0.190771,0.523169,0.984561,-0.174427,0.506054,0.947793,-0.163338,0.405835,0.807728,-0.176211,0.457247,0.968369,-0.207075,0.453704,0.975899,-0.188871,0.437236,0.940778,-0.172969
689,22966,True,0.9997,0.9997,0.401218,0.841806,1e-06,0.504337,0.852415,-0.014573,0.622916,0.879849,-0.056831,0.710773,0.933506,-0.10015,0.793567,0.961499,-0.147502,0.644257,0.730895,-0.12935,0.757354,0.776255,-0.20315,0.849034,0.794423,-0.251152,0.927709,0.806177,-0.284502,0.582778,0.716985,-0.158901,0.669175,0.95707,-0.235021,0.659515,1.042392,-0.244793,0.649448,1.067821,-0.24978,0.504233,0.751285,-0.185663,0.569633,1.006047,-0.24296,0.545367,1.03324,-0.21505,0.5258,1.003954,-0.194615,0.424213,0.810443,-0.214693,0.483837,0.993343,-0.248645,0.475754,1.016381,-0.224069,0.458378,0.984908,-0.204659
690,23000,True,0.9997,0.9997,0.399348,0.844568,1e-06,0.50742,0.850512,-0.014209,0.624221,0.876612,-0.056113,0.710255,0.933878,-0.097791,0.792395,0.967167,-0.143389,0.655622,0.734792,-0.135877,0.771896,0.781276,-0.211736,0.862576,0.797024,-0.261413,0.939204,0.806802,-0.294693,0.592377,0.722272,-0.164634,0.678476,0.968107,-0.238791,0.673433,1.064081,-0.247605,0.665024,1.10097,-0.252785,0.512179,0.757178,-0.190611,0.585573,1.012015,-0.251535,0.569612,1.061749,-0.229859,0.553078,1.052722,-0.212407,0.43247,0.816868,-0.217815,0.499049,1.001753,-0.254651,0.499252,1.049643,-0.233159,0.486402,1.041666,-0.215227
691,23033,True,0.9996,0.9996,0.399156,0.849484,1e-06,0.508821,0.852431,-0.015095,0.62524,0.878677,-0.054687,0.708475,0.938932,-0.093777,0.786469,0.980992,-0.135194,0.668435,0.740683,-0.126479,0.782659,0.788492,-0.196852,0.867786,0.802645,-0.245484,0.942116,0.808943,-0.279367,0.607042,0.726581,-0.153849,0.67618,0.949853,-0.220028,0.673168,1.015447,-0.230703,0.671011,1.02702,-0.239513,0.529946,0.761362,-0.178777,0.591397,1.003589,-0.228574,0.578163,1.038556,-0.206206,0.565257,1.018295,-0.191123,0.451843,0.821349,-0.206403,0.51436,1.002453,-0.234755,0.515256,1.043626,-0.212398,0.503822,1.034709,-0.19496
692,23066,True,0.9995,0.9995,0.396528,0.850285,1e-06,0.511416,0.859121,-0.010777,0.627411,0.887672,-0.051205,0.709408,0.943014,-0.092927,0.789652,0.98377,-0.137621,0.673683,0.747515,-0.122711,0.791138,0.791229,-0.192978,0.878946,0.804159,-0.241076,0.954152,0.807802,-0.274768,0.613902,0.730293,-0.153373,0.691768,0.956726,-0.222438,0.694736,1.043862,-0.235078,0.693332,1.078423,-0.243737,0.536526,0.764378,-0.181134,0.603287,1.016622,-0.234096,0.600633,1.087134,-0.213183,0.593094,1.102735,-0.197313,0.45928,0.822992,-0.210972,0.524276,1.00651,-0.242123,0.531057,1.068662,-0.22113,0.526479,1.085973,-0.203613
693,23100,True,0.9991,0.9991,0.392017,0.852487,1e-06,0.508276,0.857831,-0.008705,0.627258,0.88155,-0.046855,0.714112,0.935091,-0.087054,0.796537,0.972734,-0.129927,0.673541,0.74574,-0.113192,0.795222,0.786818,-0.177253,0.883353,0.795761,-0.218547,0.957741,0.797563,-0.247883,0.617225,0.730488,-0.143883,0.696756,0.946388,-0.213389,0.690197,1.043935,-0.22418,0.677653,1.091523,-0.229219,0.541169,0.762676,-0.171432,0.606631,1.003187,-0.225298,0.598195,1.079558,-0.204344,0.58535,1.10461,-0.186937,0.46344,0.818496,-0.200506,0.524784,0.994893,-0.231606,0.530648,1.064955,-0.211762,0.527115,1.092116,-0.194535
694,23133,True,0.9991,0.9991,0.380123,0.854222,1e-06,0.49834,0.864533,-0.008649,0.621099,0.887143,-0.0467,0.712338,0.937377,-0.086957,0.798755,0.968504,-0.129626,0.667793,0.73989,-0.113175,0.790587,0.777108,-0.178008,0.878377,0.786896,-0.219761,0.953485,0.790612,-0.249553,0.612701,0.720602,-0.144488,0.691261,0.941137,-0.214457,0.683093,1.038106,-0.22554,0.671659,1.085125,-0.231096,0.535612,0.751286,-0.17287,0.602476,1.003821,-0.229587,0.592896,1.088709,-0.208696,0.580175,1.122858,-0.190919,0.455869,0.807397,-0.20265,0.518586,0.991464,-0.238615,0.524293,1.072356,-0.220616,0.52137,1.111049,-0.203846
695,23166,True,0.9991,0.9991,0.368128,0.856365,0.0,0.487375,0.864191,-0.005741,0.612741,0.883147,-0.042991,0.703359,0.934842,-0.084422,0.789992,0.960722,-0.127985,0.663081,0.738224,-0.10625,0.781336,0.773158,-0.171332,0.864307,0.778453,-0.214647,0.938201,0.776094,-0.245803,0.603423,0.717609,-0.140322,0.67817,0.948305,-0.208471,0.645649,0.987832,-0.217343,0.62437,0.969021,-0.223009,0.522466,0.747209,-0.171804,0.590092,0.99519,-0.226482,0.548546,1.003423,-0.201123,0.521314,0.958119,-0.18273,0.439772,0.801521,-0.204867,0.506838,0.990986,-0.236186,0.483855,1.009995,-0.212214,0.45759,0.975365,-0.193615
696,23200,True,0.997,0.997,0.344173,0.857298,0.0,0.478092,0.862423,-0.014292,0.604974,0.880615,-0.050219,0.699671,0.929563,-0.089097,0.786326,0.946339,-0.129348,0.624916,0.720367,-0.092005,0.733663,0.760927,-0.149372,0.811306,0.770522,-0.191195,0.879679,0.774948,-0.222376,0.564896,0.708085,-0.118399,0.633093,0.930418,-0.176609,0.614277,0.96887,-0.188422,0.6014,0.955542,-0.198942,0.485257,0.742049,-0.143812,0.547784,0.981081,-0.188197,0.524223,0.993535,-0.165693,0.505645,0.960337,-0.15248,0.404108,0.797179,-0.172506,0.46532,0.984251,-0.199233,0.45578,1.006267,-0.179468,0.439071,0.980207,-0.16529
697,23233,True,0.9704,0.9704,0.34017,0.889602,0.0,0.46472,0.881144,-0.018236,0.58907,0.887582,-0.052121,0.678518,0.929847,-0.087683,0.762031,0.936625,-0.125286,0.582363,0.695042,-0.091976,0.675783,0.750939,-0.145216,0.743377,0.772216,-0.185338,0.802385,0.786715,-0.215825,0.508608,0.698532,-0.116723,0.581039,0.92169,-0.169646,0.578128,0.946843,-0.18172,0.573788,0.919628,-0.194855,0.422637,0.746377,-0.141156,0.480647,0.972682,-0.182457,0.479575,0.966122,-0.164407,0.478944,0.916155,-0.155742,0.339928,0.807462,-0.169084,0.390691,0.973608,-0.198222,0.395342,0.969224,-0.184432,0.39017,0.918098,-0.175287
698,23266,True,0.9861,0.9861,0.340009,0.886258,1e-06,0.441038,0.875634,-0.032188,0.553484,0.864111,-0.067552,0.640078,0.905949,-0.10168,0.717278,0.922403,-0.137135,0.537384,0.68336,-0.092313,0.608159,0.739841,-0.152547,0.673676,0.764212,-0.200015,0.734951,0.787016,-0.233973,0.462322,0.680147,-0.108097,0.519523,0.905408,-0.166892,0.507456,0.928414,-0.18307,0.496257,0.904788,-0.195628,0.379243,0.727772,-0.126231,0.424643,0.950133,-0.16884,0.418476,0.930161,-0.152631,0.413404,0.874189,-0.142232,0.296844,0.790587,-0.150042,0.335441,0.94907,-0.182315,0.342565,0.930703,-0.173441,0.34073,0.875251,-0.164717
699,23300,True,0.9921,0.9921,0.331359,0.891654,0.0,0.423778,0.892653,-0.038422,0.520147,0.88076,-0.078708,0.6033,0.916995,-0.117321,0.677191,0.921225,-0.157114,0.504451,0.68074,-0.10258,0.560521,0.729508,-0.167972,0.612135,0.748747,-0.217778,0.659432,0.760765,-0.254241,0.420808,0.669167,-0.119367,0.47,0.918656,-0.189564,0.474833,0.982074,-0.212724,0.47634,0.977901,-0.228902,0.331864,0.72134,-0.13867,0.381654,0.982664,-0.195017,0.390542,1.005114,-0.184093,0.394064,0.967103,-0.174674,0.248235,0.800248,-0.163532,0.283194,0.975213,-0.208975,0.294078,0.97734,-0.204906,0.295389,0.930638,-0.196697
700,23333,True,0.9835,0.9835,0.330823,0.882407,0.0,0.418197,0.88132,-0.042465,0.500381,0.86419,-0.083498,0.576774,0.898197,-0.124464,0.655201,0.915042,-0.16617,0.478854,0.661238,-0.089368,0.525629,0.705905,-0.151984,0.570837,0.711317,-0.201721,0.615133,0.714164,-0.23858,0.39341,0.647433,-0.102686,0.45339,0.907515,-0.166709,0.457009,0.950598,-0.190141,0.452152,0.92216,-0.207937,0.305544,0.700004,-0.120386,0.362624,0.968309,-0.174443,0.371027,0.977854,-0.168487,0.371806,0.923873,-0.163309,0.224919,0.777453,-0.144512,0.263591,0.973459,-0.190972,0.274632,0.976259,-0.193085,0.271796,0.923738,-0.18939
701,23366,True,0.9814,0.9814,0.340494,0.886521,0.0,0.431091,0.884664,-0.056322,0.502328,0.864801,-0.10563,0.565708,0.873017,-0.152893,0.636212,0.858337,-0.19899,0.480162,0.647695,-0.101382,0.511984,0.724527,-0.17648,0.559274,0.738348,-0.230361,0.613271,0.738464,-0.266079,0.388672,0.626967,-0.106973,0.445417,0.889014,-0.180465,0.450887,0.947361,-0.199264,0.446068,0.929468,-0.208032,0.302431,0.672366,-0.119178,0.359824,0.945496,-0.182176,0.368841,0.970404,-0.167686,0.368051,0.925481,-0.150459,0.226586,0.741112,-0.139491,0.271186,0.941972,-0.189828,0.288382,0.964357,-0.188456,0.289193,0.926422,-0.177409
702,23400,True,0.9653,0.9653,0.346643,0.888804,0.0,0.427211,0.886183,-0.068551,0.490177,0.848935,-0.119528,0.543632,0.829321,-0.165932,0.610669,0.799829,-0.211799,0.466453,0.643548,-0.110696,0.496088,0.714265,-0.185462,0.545386,0.718642,-0.236516,0.603144,0.71093,-0.269389,0.379537,0.626909,-0.109817,0.449117,0.889881,-0.19304,0.46846,0.986855,-0.215649,0.475758,1.008329,-0.222563,0.297919,0.674716,-0.115706,0.366528,0.943794,-0.191168,0.386225,1.006173,-0.185284,0.39425,0.997784,-0.16938,0.22695,0.746631,-0.129134,0.270156,0.928505,-0.185799,0.288744,0.968563,-0.188555,0.291816,0.953628,-0.179429
703,23433,True,0.974,0.974,0.321452,0.899257,-0.0,0.403942,0.881497,-0.055045,0.469002,0.831664,-0.097274,0.518499,0.796897,-0.13605,0.583868,0.754713,-0.173666,0.471082,0.633042,-0.085919,0.508982,0.749333,-0.155323,0.567038,0.777085,-0.205264,0.632725,0.783274,-0.237763,0.386636,0.621882,-0.08995,0.459881,0.893971,-0.180347,0.485922,1.041754,-0.207356,0.501258,1.110279,-0.21041,0.305572,0.670348,-0.099202,0.376196,0.950661,-0.18062,0.394039,1.039466,-0.177066,0.400956,1.049487,-0.156932,0.233914,0.742717,-0.113927,0.276603,0.929033,-0.171949,0.285189,0.972244,-0.17368,0.278136,0.950132,-0.161001
704,23466,True,0.9951,0.9951,0.303687,0.888315,0.0,0.391744,0.860499,-0.05395,0.468559,0.808737,-0.099351,0.527884,0.771195,-0.140363,0.594236,0.731518,-0.180489,0.46728,0.614199,-0.095438,0.509278,0.724361,-0.174288,0.568284,0.772416,-0.228836,0.636758,0.802066,-0.264623,0.381866,0.616364,-0.104708,0.454544,0.859521,-0.20429,0.495291,1.01445,-0.23321,0.530109,1.096301,-0.237868,0.300515,0.672696,-0.119214,0.369863,0.923088,-0.203554,0.395067,1.002135,-0.195502,0.411662,1.010817,-0.174834,0.23084,0.756291,-0.139632,0.280191,0.934858,-0.198999,0.309162,0.984446,-0.196596,0.323444,0.972665,-0.182289
705,23500,True,0.994,0.994,0.305651,0.900027,0.0,0.401227,0.875985,-0.043272,0.484711,0.824115,-0.080054,0.537154,0.775984,-0.113559,0.582727,0.716441,-0.147813,0.46077,0.627034,-0.081769,0.486558,0.693117,-0.149252,0.539873,0.708814,-0.198844,0.600579,0.720758,-0.231655,0.370635,0.616301,-0.092623,0.440278,0.839401,-0.177757,0.472666,0.97504,-0.207042,0.495324,1.050212,-0.215123,0.286484,0.662149,-0.107236,0.352371,0.901078,-0.182792,0.382954,0.979112,-0.182815,0.403232,0.9963,-0.169964,0.213356,0.739367,-0.126435,0.264754,0.901851,-0.181307,0.296883,0.962629,-0.182196,0.317672,0.969116,-0.171673
706,23533,True,0.9896,0.9896,0.272961,0.89032,0.0,0.37767,0.867192,-0.037251,0.466377,0.819571,-0.070944,0.52427,0.776369,-0.104146,0.581883,0.729666,-0.137367,0.446545,0.617327,-0.061785,0.473027,0.681464,-0.121695,0.518234,0.691644,-0.165166,0.574167,0.696278,-0.194695,0.359433,0.60874,-0.074892,0.423726,0.809727,-0.14706,0.456326,0.919574,-0.171474,0.478957,0.969552,-0.179404,0.277219,0.654704,-0.0928,0.338805,0.87715,-0.16012,0.369037,0.948321,-0.159312,0.390266,0.95784,-0.147994,0.204384,0.727822,-0.115229,0.255832,0.892485,-0.162406,0.291206,0.951217,-0.162612,0.316081,0.953593,-0.153544
707,23566,True,0.9919,0.9919,0.27986,0.895927,0.0,0.377807,0.863362,-0.036998,0.460521,0.802729,-0.067521,0.509191,0.748936,-0.096324,0.554745,0.687398,-0.126019,0.433056,0.615641,-0.064303,0.464318,0.680119,-0.122676,0.514505,0.703472,-0.164397,0.571291,0.720659,-0.192763,0.345566,0.606321,-0.077343,0.40747,0.789091,-0.145429,0.443269,0.909161,-0.168238,0.471019,0.970023,-0.177606,0.26325,0.650255,-0.094901,0.326046,0.856526,-0.164308,0.357845,0.94227,-0.165067,0.381279,0.967941,-0.156133,0.192649,0.722216,-0.116157,0.245816,0.872743,-0.168715,0.288198,0.949209,-0.170805,0.320621,0.974609,-0.163767
708,23600,True,0.9712,0.9712,0.281307,0.8794,0.0,0.373997,0.853203,-0.033987,0.448162,0.800922,-0.064237,0.493066,0.753178,-0.094508,0.541469,0.700616,-0.125605,0.428307,0.607188,-0.062198,0.440065,0.667942,-0.117508,0.472935,0.672361,-0.154712,0.521401,0.665991,-0.180313,0.340717,0.596971,-0.075337,0.396261,0.795781,-0.138383,0.442813,0.904235,-0.1568,0.484274,0.952953,-0.163543,0.258399,0.639743,-0.092502,0.311498,0.857816,-0.155276,0.351742,0.935761,-0.151223,0.385083,0.957362,-0.139706,0.185374,0.707453,-0.113971,0.225502,0.866791,-0.161877,0.268391,0.937911,-0.162088,0.303609,0.95756,-0.153121
709,23633,True,0.9588,0.9588,0.271844,0.887994,0.0,0.360153,0.86318,-0.037287,0.433046,0.811109,-0.06917,0.476011,0.759154,-0.098706,0.525129,0.702211,-0.128012,0.405237,0.610011,-0.074042,0.423672,0.661352,-0.128041,0.458817,0.665478,-0.162347,0.504132,0.66467,-0.186341,0.320101,0.598181,-0.083887,0.372812,0.813814,-0.146324,0.420822,0.909715,-0.162882,0.462807,0.949146,-0.169394,0.241787,0.645852,-0.097554,0.294066,0.886468,-0.15899,0.337051,0.944636,-0.156862,0.371849,0.947801,-0.148424,0.173579,0.716576,-0.115463,0.207141,0.890003,-0.167351,0.234406,0.941928,-0.173888,0.252747,0.936212,-0.16975
710,23666,True,0.9621,0.9621,0.258923,0.865306,0.0,0.339644,0.850776,-0.050364,0.408359,0.810493,-0.091566,0.460175,0.787151,-0.130196,0.525042,0.762679,-0.165619,0.400224,0.599423,-0.07977,0.406785,0.662885,-0.144655,0.429826,0.6844,-0.186214,0.462909,0.689345,-0.212296,0.314817,0.595239,-0.084182,0.359789,0.854029,-0.151886,0.39526,0.9327,-0.167798,0.422978,0.942036,-0.171303,0.236022,0.646617,-0.095328,0.285173,0.918932,-0.156025,0.327288,0.956126,-0.147617,0.357112,0.928611,-0.132366,0.164823,0.715217,-0.112942,0.201924,0.912142,-0.159264,0.228353,0.951503,-0.158673,0.243817,0.926768,-0.147234
711,23700,True,0.9813,0.9813,0.250544,0.845501,0.0,0.330719,0.831517,-0.049896,0.401213,0.801707,-0.092591,0.469876,0.811393,-0.134455,0.542938,0.835925,-0.172802,0.384139,0.600655,-0.087746,0.383348,0.638915,-0.154903,0.395318,0.654686,-0.195918,0.415488,0.659054,-0.220577,0.295254,0.594956,-0.09384,0.326901,0.862689,-0.166603,0.360354,0.939517,-0.181228,0.383936,0.951955,-0.181114,0.215598,0.650555,-0.10609,0.255961,0.925764,-0.165363,0.303948,0.963655,-0.152074,0.33516,0.946705,-0.131559,0.1466,0.726164,-0.125736,0.178998,0.928796,-0.169935,0.208345,0.967294,-0.16535,0.226989,0.950819,-0.149018
712,23733,True,0.9864,0.9864,0.259746,0.839639,0.0,0.343318,0.841433,-0.068451,0.414495,0.82636,-0.125973,0.491045,0.850242,-0.180792,0.566198,0.877672,-0.231296,0.388075,0.595863,-0.118556,0.394724,0.692467,-0.199294,0.402368,0.737566,-0.246443,0.413883,0.750909,-0.273626,0.292817,0.592048,-0.120358,0.321654,0.886284,-0.20258,0.353163,0.954369,-0.217539,0.373075,0.941436,-0.218777,0.208909,0.643298,-0.129898,0.25148,0.927135,-0.193935,0.300384,0.96787,-0.175246,0.331837,0.94464,-0.151856,0.139689,0.712857,-0.149266,0.177153,0.922249,-0.196499,0.217669,0.966882,-0.189847,0.246607,0.954902,-0.172238
713,23766,True,0.9892,0.9892,0.27472,0.849479,0.0,0.358777,0.855259,-0.060786,0.432266,0.840394,-0.111459,0.510673,0.872718,-0.160198,0.586892,0.897661,-0.204519,0.388368,0.611377,-0.106987,0.402215,0.692929,-0.178485,0.412027,0.714594,-0.222012,0.420771,0.713813,-0.248671,0.294182,0.601677,-0.110133,0.338835,0.892444,-0.176391,0.371706,0.92387,-0.187843,0.387225,0.889475,-0.192537,0.211491,0.649961,-0.12051,0.266844,0.938472,-0.169187,0.308055,0.950628,-0.146928,0.329432,0.905397,-0.126579,0.141685,0.719968,-0.14134,0.190765,0.933453,-0.181302,0.225125,0.955754,-0.174386,0.242023,0.92092,-0.159825
714,23800,True,0.9798,0.9798,0.287066,0.814907,0.0,0.364908,0.815929,-0.062539,0.433731,0.81057,-0.116639,0.504803,0.8431,-0.168086,0.577694,0.855955,-0.219117,0.384125,0.607667,-0.118809,0.424222,0.71213,-0.192954,0.454409,0.717576,-0.246158,0.481975,0.698856,-0.281682,0.293015,0.616189,-0.120337,0.355137,0.875478,-0.177695,0.376137,0.887604,-0.191372,0.379769,0.842366,-0.204033,0.213997,0.671485,-0.128211,0.27563,0.93573,-0.169985,0.298844,0.928424,-0.153128,0.306068,0.864098,-0.142107,0.148185,0.740672,-0.146413,0.196139,0.946293,-0.179854,0.214117,0.953539,-0.173675,0.21365,0.905879,-0.165282
715,23833,True,0.9738,0.9738,0.310207,0.850018,0.0,0.388639,0.840988,-0.060541,0.459504,0.820483,-0.110844,0.538529,0.838484,-0.160216,0.622202,0.845946,-0.211559,0.407732,0.630407,-0.110841,0.457542,0.680601,-0.18001,0.504147,0.687805,-0.22815,0.547949,0.687479,-0.258588,0.321676,0.63266,-0.112516,0.381938,0.853696,-0.17754,0.413186,0.917774,-0.196658,0.430249,0.935196,-0.207811,0.244663,0.687515,-0.119981,0.301592,0.914109,-0.170882,0.333662,0.949066,-0.167923,0.352649,0.938201,-0.16193,0.180449,0.756261,-0.135866,0.209325,0.926857,-0.171375,0.230297,0.967871,-0.170654,0.242406,0.967135,-0.164921
716,23866,True,0.9815,0.9815,0.328833,0.884004,-0.0,0.404568,0.860051,-0.060265,0.470644,0.818687,-0.110097,0.543611,0.8116,-0.159125,0.624109,0.812986,-0.210149,0.437853,0.628897,-0.108133,0.508632,0.687445,-0.1805,0.569213,0.724988,-0.232768,0.62358,0.751974,-0.265123,0.358288,0.642878,-0.110969,0.453159,0.843458,-0.1779,0.473139,0.922836,-0.202346,0.48175,0.955378,-0.218218,0.283797,0.708356,-0.119736,0.365713,0.891637,-0.180006,0.387491,0.942815,-0.185398,0.397428,0.955865,-0.184113,0.218784,0.789025,-0.135283,0.259765,0.906435,-0.182641,0.275884,0.940626,-0.18926,0.280192,0.949286,-0.187832
717,23900,True,0.9496,0.9496,0.370649,0.829896,-0.0,0.286401,0.862917,-0.09179,0.214716,0.879541,-0.160187,0.201186,0.910332,-0.217619,0.225484,0.958525,-0.268942,0.300006,0.694937,-0.148488,0.343318,0.865259,-0.217391,0.385912,0.947655,-0.246413,0.427155,0.972838,-0.260166,0.368294,0.679956,-0.135861,0.42962,0.953482,-0.216814,0.435271,1.068944,-0.233691,0.443458,1.097508,-0.235712,0.433316,0.69989,-0.128597,0.489169,0.942501,-0.214587,0.484289,1.030577,-0.215045,0.486883,1.062629,-0.196799,0.48779,0.734736,-0.128219,0.557993,0.844167,-0.187393,0.594569,0.878818,-0.18697,0.632535,0.888257,-0.173082
718,23933,True,0.9835,0.9835,0.36117,0.706657,-1e-06,0.282468,0.789419,-0.081243,0.207086,0.873266,-0.148819,0.179821,0.933313,-0.206752,0.204664,0.9547,-0.26338,0.265805,0.75741,-0.164146,0.300393,0.945255,-0.225778,0.318025,0.995485,-0.256586,0.325433,0.987647,-0.276084,0.350089,0.732116,-0.156599,0.390759,0.951395,-0.214022,0.395453,1.005954,-0.228248,0.399867,0.991342,-0.241071,0.428733,0.717811,-0.149953,0.474514,0.924236,-0.219931,0.48616,0.992217,-0.217853,0.49707,1.003737,-0.208463,0.49568,0.713896,-0.149816,0.548337,0.83771,-0.200928,0.580093,0.891279,-0.194119,0.611062,0.91231,-0.183373
719,23966,True,0.9955,0.9955,0.313978,0.891041,-0.0,0.393333,0.884646,-0.038013,0.474788,0.877174,-0.11113,0.552283,0.923487,-0.172071,0.638327,0.967251,-0.238349,0.499802,0.710236,-0.251251,0.558781,0.87243,-0.318653,0.577524,0.953545,-0.330332,0.59482,0.966116,-0.329754,0.419008,0.698373,-0.258732,0.46211,0.984499,-0.326801,0.457332,1.095109,-0.323556,0.452954,1.138455,-0.324275,0.325093,0.738743,-0.253682,0.364835,1.018625,-0.308183,0.364004,1.079984,-0.282872,0.360619,1.090436,-0.265135,0.236253,0.804823,-0.247472,0.268825,1.010139,-0.282529,0.282984,1.050714,-0.256611,0.29257,1.042331,-0.238995
720,24000,True,0.9705,0.9705,0.396166,0.666609,-0.0,0.289034,0.737257,-0.069322,0.216195,0.838948,-0.140018,0.194429,0.92046,-0.20523,0.192305,0.969097,-0.275293,0.241676,0.763238,-0.174155,0.246552,0.928852,-0.244566,0.265014,0.960935,-0.286024,0.292441,0.951371,-0.312238,0.32138,0.748517,-0.170656,0.347975,0.976969,-0.237567,0.358143,1.064235,-0.258587,0.383123,1.093982,-0.275492,0.403641,0.748044,-0.166136,0.440997,0.958365,-0.23725,0.462313,1.0466,-0.249365,0.484001,1.096406,-0.250103,0.476352,0.752692,-0.165554,0.534856,0.882191,-0.215671,0.58542,0.952711,-0.221253,0.633093,1.006246,-0.221372
721,24033,True,0.9913,0.9913,0.287191,0.838096,-0.0,0.381511,0.859215,-0.05979,0.471265,0.876776,-0.134064,0.535533,0.921167,-0.200128,0.609579,0.939839,-0.272954,0.459722,0.691654,-0.203042,0.509552,0.8344,-0.283226,0.529896,0.951102,-0.325937,0.55126,1.015005,-0.348532,0.384942,0.685472,-0.208101,0.412483,0.929484,-0.27262,0.412978,1.056083,-0.291076,0.41145,1.11228,-0.310275,0.299613,0.715624,-0.209708,0.315761,0.957054,-0.269671,0.321012,1.051519,-0.270955,0.31904,1.0829,-0.27208,0.217635,0.768107,-0.214009,0.218903,0.952584,-0.25861,0.235645,1.016935,-0.249671,0.251971,1.026966,-0.244304
722,24066,True,0.9889,0.9889,0.265877,0.811718,0.0,0.361455,0.826706,-0.036638,0.451228,0.844124,-0.074032,0.53321,0.887808,-0.110831,0.606241,0.906012,-0.148604,0.427154,0.659061,-0.094309,0.460183,0.798599,-0.153783,0.494039,0.857509,-0.196467,0.528092,0.8949,-0.225695,0.338516,0.661749,-0.109276,0.368031,0.941906,-0.163153,0.374336,0.995808,-0.177233,0.37924,0.984693,-0.190498,0.249761,0.705709,-0.127216,0.282825,0.972317,-0.173814,0.29701,0.997858,-0.158695,0.304634,0.968112,-0.148316,0.170249,0.763076,-0.150906,0.193478,0.959909,-0.189236,0.21006,0.978673,-0.181277,0.215309,0.950707,-0.171221
723,24100,True,0.9745,0.9745,0.272479,0.827929,0.0,0.36795,0.837551,-0.039762,0.448982,0.82805,-0.077913,0.524983,0.856152,-0.116631,0.601069,0.871183,-0.154963,0.418602,0.632217,-0.089811,0.444244,0.7241,-0.147859,0.467525,0.770424,-0.184984,0.495998,0.799164,-0.210055,0.328622,0.62062,-0.102375,0.3595,0.88346,-0.162907,0.372909,0.942455,-0.181281,0.385377,0.937693,-0.194616,0.241974,0.663709,-0.118287,0.28519,0.929023,-0.174449,0.309193,0.975931,-0.169397,0.327684,0.967313,-0.162714,0.164438,0.726363,-0.139486,0.199227,0.924777,-0.185348,0.229347,0.968278,-0.185563,0.250405,0.966507,-0.179572
724,24133,True,0.9536,0.9536,0.275261,0.874356,0.0,0.362013,0.861155,-0.045023,0.438626,0.829806,-0.090598,0.518847,0.841845,-0.136245,0.603542,0.855917,-0.180375,0.405337,0.616393,-0.096317,0.411466,0.633823,-0.158936,0.435443,0.654578,-0.199017,0.471446,0.673087,-0.225882,0.315473,0.590842,-0.106172,0.363065,0.850527,-0.182089,0.401678,0.964281,-0.202386,0.436297,1.013691,-0.209496,0.231087,0.632605,-0.119623,0.290108,0.905453,-0.183163,0.329464,0.974221,-0.180849,0.36173,0.985667,-0.172312,0.159542,0.703259,-0.139062,0.202471,0.903427,-0.18788,0.231781,0.966973,-0.191181,0.25276,0.974409,-0.184677
725,24166,True,0.9791,0.9791,0.291895,0.848543,-0.0,0.378809,0.845954,-0.054191,0.45341,0.829776,-0.10199,0.526891,0.832532,-0.148776,0.60082,0.832247,-0.193161,0.424445,0.593815,-0.10637,0.467738,0.706145,-0.18086,0.497639,0.770039,-0.226229,0.525146,0.808117,-0.251233,0.328232,0.590262,-0.111799,0.385634,0.861371,-0.182972,0.423164,0.955419,-0.197051,0.448531,0.990672,-0.20147,0.239961,0.641626,-0.123152,0.302211,0.909192,-0.180917,0.343209,0.970896,-0.17212,0.368966,0.980565,-0.158628,0.164563,0.714048,-0.141829,0.209013,0.909051,-0.182208,0.241164,0.960064,-0.179349,0.259538,0.96239,-0.168681
726,24200,True,0.9516,0.9516,0.303666,0.842306,-0.0,0.388213,0.834088,-0.047069,0.458206,0.833432,-0.092826,0.530309,0.848833,-0.139028,0.614956,0.86011,-0.183301,0.428165,0.623144,-0.101856,0.468537,0.761406,-0.177282,0.506238,0.851827,-0.224483,0.545017,0.906645,-0.249797,0.334199,0.628013,-0.109293,0.384454,0.897099,-0.174246,0.408676,0.988745,-0.188498,0.426192,1.010167,-0.19648,0.249472,0.678443,-0.121522,0.306141,0.945743,-0.175232,0.331487,1.017675,-0.165765,0.345839,1.02808,-0.153669,0.180779,0.741172,-0.140374,0.215206,0.936561,-0.171943,0.229282,0.985507,-0.164311,0.229191,0.982456,-0.15283
727,24233,True,0.6817,0.6817,0.304053,0.769944,-0.0,0.295271,0.791908,-0.075736,0.276595,0.839592,-0.147117,0.289794,0.897459,-0.211786,0.354871,0.956599,-0.273424,0.310881,0.670145,-0.163458,0.36713,0.893556,-0.245158,0.406439,1.003971,-0.288233,0.439228,1.057323,-0.311376,0.310341,0.672806,-0.160878,0.362873,0.937498,-0.239834,0.389742,1.037916,-0.257793,0.410132,1.07302,-0.267423,0.315986,0.705229,-0.160625,0.368981,0.945823,-0.233888,0.398807,1.028443,-0.230147,0.418601,1.055849,-0.218163,0.324474,0.751363,-0.16677,0.391625,0.918831,-0.213295,0.42987,0.977516,-0.206863,0.456149,0.995526,-0.195245
728,24266,True,0.9555,0.9555,0.310294,0.687418,-1e-06,0.245654,0.740018,-0.046888,0.209827,0.825334,-0.099864,0.221874,0.913519,-0.146519,0.248233,0.9816,-0.195564,0.233838,0.756697,-0.13605,0.2268,0.918769,-0.199985,0.235232,1.0355,-0.236314,0.249112,1.116524,-0.25381,0.293162,0.750127,-0.138714,0.302758,0.935418,-0.202969,0.310434,1.056923,-0.22103,0.315748,1.118205,-0.229078,0.350595,0.75693,-0.138419,0.358818,0.937559,-0.195612,0.366126,1.039222,-0.193511,0.368479,1.088827,-0.184104,0.400894,0.769097,-0.140251,0.410298,0.910555,-0.176121,0.405765,0.988815,-0.164756,0.401911,1.029296,-0.150561
729,24300,True,0.9982,0.9982,0.314757,0.71281,1e-06,0.236769,0.766789,-0.030797,0.183842,0.847599,-0.072449,0.167084,0.922084,-0.101481,0.160299,0.965664,-0.135888,0.211762,0.776675,-0.171506,0.217089,0.946483,-0.215966,0.222044,1.04395,-0.225532,0.22239,1.100956,-0.228555,0.290007,0.746336,-0.17475,0.314704,0.948963,-0.220093,0.316813,1.055308,-0.223787,0.310621,1.101603,-0.226836,0.36073,0.731146,-0.170738,0.388207,0.931184,-0.206909,0.387832,1.035152,-0.204651,0.380657,1.084166,-0.202788,0.416909,0.731923,-0.16466,0.447246,0.873713,-0.196321,0.443967,0.95828,-0.197691,0.431519,1.014585,-0.196982
730,24333,True,0.9678,0.9678,0.311627,0.76275,0.0,0.214174,0.791086,-0.035103,0.146541,0.849726,-0.084359,0.126458,0.913538,-0.119639,0.151641,0.972355,-0.164307,0.226088,0.770195,-0.226768,0.265305,0.98431,-0.28319,0.27797,1.080641,-0.289043,0.281523,1.128568,-0.289534,0.304611,0.734812,-0.235688,0.362339,0.992841,-0.290841,0.36245,1.088051,-0.275299,0.358867,1.112659,-0.267094,0.379777,0.734185,-0.236782,0.438395,0.98464,-0.288844,0.440198,1.078277,-0.262312,0.430369,1.107456,-0.242876,0.440983,0.753114,-0.237138,0.491159,0.929344,-0.289937,0.494036,1.016914,-0.285784,0.489344,1.065807,-0.279373
731,24366,True,0.5149,0.5149,0.342654,0.758788,-1e-06,0.298843,0.822348,-0.083778,0.282791,0.891761,-0.149702,0.307813,0.948434,-0.203758,0.360298,0.970326,-0.253544,0.307698,0.697632,-0.159306,0.365149,0.938813,-0.233644,0.367443,1.017925,-0.268082,0.37173,1.025664,-0.286025,0.328365,0.68332,-0.150182,0.352994,0.979193,-0.215232,0.337444,1.050837,-0.226897,0.323512,1.048529,-0.235917,0.345154,0.700674,-0.144901,0.355432,0.989677,-0.208657,0.330343,1.065468,-0.202228,0.30874,1.06769,-0.192839,0.358315,0.729113,-0.147627,0.349333,0.944583,-0.194356,0.327731,1.021461,-0.192348,0.309779,1.043498,-0.185684
732,24400,True,0.9798,0.9798,0.317534,0.793791,-0.0,0.252738,0.833307,-0.059275,0.208412,0.878466,-0.114365,0.233391,0.95461,-0.161604,0.257944,1.001556,-0.207376,0.223187,0.683258,-0.11142,0.249281,0.861745,-0.18061,0.276434,0.931705,-0.226229,0.310833,0.960328,-0.254311,0.284544,0.651746,-0.109585,0.322507,0.877415,-0.170534,0.354316,0.965544,-0.18915,0.382601,0.996821,-0.19966,0.339649,0.659295,-0.112205,0.364883,0.880683,-0.165804,0.385256,0.942339,-0.160109,0.397639,0.949589,-0.15063,0.388584,0.687842,-0.120402,0.394633,0.86068,-0.159451,0.399858,0.91877,-0.154909,0.407004,0.926453,-0.145302
733,24433,True,0.9685,0.9685,0.259615,0.830135,0.0,0.294951,0.833287,-0.052446,0.338233,0.844592,-0.102567,0.374376,0.904323,-0.150145,0.393103,0.956157,-0.19611,0.351195,0.615606,-0.087851,0.392943,0.63819,-0.154043,0.427346,0.671588,-0.195218,0.456593,0.694501,-0.220973,0.30175,0.6024,-0.091802,0.337447,0.815055,-0.164198,0.367103,0.934748,-0.182987,0.389567,0.977974,-0.18661,0.252094,0.65187,-0.102101,0.285362,0.886285,-0.166336,0.318528,0.952933,-0.159115,0.34037,0.95296,-0.142349,0.209189,0.71966,-0.117794,0.233941,0.893043,-0.164995,0.267795,0.949124,-0.161581,0.295245,0.944358,-0.147717
734,24466,True,0.9989,0.9989,0.286044,0.74685,-0.0,0.225162,0.788815,-0.064326,0.191412,0.802102,-0.124274,0.222122,0.844164,-0.17635,0.281978,0.86731,-0.225493,0.174613,0.655328,-0.139335,0.184334,0.809467,-0.211064,0.216467,0.901809,-0.247907,0.257261,0.934558,-0.269039,0.239968,0.613664,-0.140342,0.263483,0.80265,-0.222717,0.318712,0.929198,-0.246298,0.366365,0.98687,-0.253609,0.311493,0.617599,-0.143283,0.345976,0.777484,-0.225674,0.392377,0.880682,-0.2323,0.423313,0.921155,-0.22273,0.37723,0.641118,-0.148935,0.407002,0.70636,-0.205008,0.436009,0.718748,-0.209723,0.460102,0.694447,-0.204434
735,24500,True,0.9943,0.9943,0.275697,0.812449,-0.0,0.348214,0.800449,-0.056776,0.416355,0.771505,-0.104873,0.4719,0.770261,-0.151206,0.527256,0.761959,-0.199468,0.376637,0.571753,-0.100053,0.403426,0.56805,-0.163662,0.409748,0.564339,-0.202919,0.419209,0.565493,-0.22684,0.281349,0.554839,-0.09853,0.336458,0.776577,-0.179464,0.388284,0.918368,-0.199191,0.432609,0.986105,-0.197969,0.206521,0.606063,-0.101278,0.24493,0.827015,-0.17236,0.300334,0.917664,-0.16649,0.34223,0.950642,-0.146653,0.146133,0.683118,-0.108829,0.171951,0.84701,-0.163126,0.228144,0.915746,-0.157688,0.271688,0.93254,-0.138328
736,24533,True,0.9587,0.9587,0.258161,0.848832,0.0,0.336995,0.832421,-0.04025,0.411873,0.783797,-0.082326,0.483238,0.768124,-0.125935,0.574383,0.76633,-0.170142,0.384502,0.591684,-0.093973,0.409807,0.537934,-0.161037,0.426239,0.474237,-0.201924,0.447664,0.409062,-0.229635,0.29051,0.552282,-0.104343,0.34054,0.756571,-0.184826,0.387305,0.873375,-0.194602,0.418939,0.928936,-0.187577,0.207264,0.596993,-0.118475,0.26976,0.831944,-0.191577,0.324341,0.915444,-0.174775,0.361015,0.948691,-0.146906,0.13792,0.673974,-0.137884,0.185604,0.851244,-0.193335,0.230721,0.929315,-0.187502,0.261486,0.958741,-0.167354
737,24566,True,0.9667,0.9667,0.241073,0.895637,-0.0,0.330053,0.873147,-0.035688,0.415904,0.811956,-0.072076,0.494806,0.779315,-0.110668,0.581435,0.774196,-0.14926,0.374209,0.61643,-0.082074,0.39677,0.543819,-0.136059,0.403758,0.476032,-0.17033,0.415275,0.416087,-0.195606,0.285029,0.58029,-0.092236,0.33006,0.788777,-0.163007,0.363341,0.888766,-0.177367,0.390391,0.937825,-0.177891,0.20458,0.617872,-0.105051,0.262408,0.853921,-0.159737,0.29667,0.914691,-0.14872,0.321594,0.9279,-0.132993,0.134642,0.686377,-0.123795,0.181493,0.862029,-0.160894,0.195172,0.917638,-0.156665,0.199274,0.920859,-0.144746
738,24600,True,0.9832,0.9832,0.25496,0.809563,-1e-06,0.335378,0.81471,-0.061859,0.408361,0.818222,-0.119053,0.486784,0.84062,-0.172718,0.571015,0.854132,-0.222299,0.380005,0.611256,-0.118386,0.38074,0.812831,-0.203059,0.382579,0.927499,-0.256656,0.393793,0.971411,-0.287151,0.280221,0.624625,-0.123867,0.300139,0.898314,-0.191101,0.322531,0.969932,-0.205205,0.340206,0.956246,-0.215652,0.195208,0.672194,-0.136036,0.23333,0.930705,-0.186598,0.256426,0.972575,-0.16915,0.267414,0.938539,-0.156204,0.123785,0.73075,-0.157129,0.153676,0.922568,-0.187572,0.174576,0.960559,-0.173326,0.178999,0.934639,-0.159752
739,24633,True,0.8525,0.8525,0.250831,0.75628,-1e-06,0.340866,0.776215,-0.05735,0.420728,0.821904,-0.115284,0.48934,0.887994,-0.170637,0.567817,0.94632,-0.230075,0.376388,0.670178,-0.14761,0.391581,0.921088,-0.230347,0.397947,1.042601,-0.28236,0.396842,1.106575,-0.309529,0.273423,0.686836,-0.152809,0.305759,0.955614,-0.223245,0.31907,1.090399,-0.239775,0.321344,1.156798,-0.250468,0.184435,0.72778,-0.158316,0.222865,0.971752,-0.221027,0.239269,1.087809,-0.2104,0.241328,1.14155,-0.195798,0.109689,0.779267,-0.16952,0.135031,0.943952,-0.204192,0.159049,1.020126,-0.186779,0.167571,1.059483,-0.169733
740,24666,True,0.6093,0.6093,0.245109,0.721635,-0.0,0.326298,0.76682,-0.039011,0.396049,0.846504,-0.089931,0.438963,0.935387,-0.143646,0.459161,1.016009,-0.205864,0.360841,0.739115,-0.127625,0.386848,0.964543,-0.201874,0.400539,1.071595,-0.253326,0.415177,1.114156,-0.286864,0.273498,0.743122,-0.146668,0.300902,1.010008,-0.211046,0.31795,1.124043,-0.228507,0.334767,1.162085,-0.245266,0.190344,0.77017,-0.165751,0.212759,1.011605,-0.226448,0.240734,1.097363,-0.221874,0.261823,1.117497,-0.216886,0.118294,0.801367,-0.188512,0.117462,0.983956,-0.225443,0.145272,1.034607,-0.215964,0.168434,1.037481,-0.209995
741,24700,True,0.9964,0.9964,0.244558,0.723175,2e-06,0.341013,0.752232,-0.044682,0.411065,0.843239,-0.105365,0.436538,0.952109,-0.152881,0.460913,1.037797,-0.202638,0.387783,0.755083,-0.212132,0.414397,0.948874,-0.277271,0.429096,1.074236,-0.302279,0.434119,1.162093,-0.315127,0.291898,0.746758,-0.219215,0.313655,0.997232,-0.283098,0.32443,1.113213,-0.280922,0.328956,1.183125,-0.279889,0.202811,0.766861,-0.219496,0.227248,1.015407,-0.263002,0.250873,1.117861,-0.238352,0.26792,1.172055,-0.222437,0.13214,0.802531,-0.221613,0.149929,0.997287,-0.251557,0.176863,1.083289,-0.236561,0.198175,1.130692,-0.225703
742,24733,True,0.9937,0.9937,0.281042,0.756171,2e-06,0.378466,0.781188,-0.050997,0.454655,0.852332,-0.106241,0.506846,0.929693,-0.149387,0.578996,0.965977,-0.193034,0.386226,0.718416,-0.190105,0.394535,0.938785,-0.253926,0.417797,1.06674,-0.276628,0.428715,1.153792,-0.286846,0.283323,0.727782,-0.19354,0.315689,0.983027,-0.253604,0.33827,1.091266,-0.248222,0.347296,1.160741,-0.246229,0.200175,0.763474,-0.193305,0.23566,1.006955,-0.236611,0.26854,1.098515,-0.206596,0.284077,1.15173,-0.186555,0.13679,0.807676,-0.1966,0.164178,0.997489,-0.225881,0.19685,1.074127,-0.207816,0.213511,1.112501,-0.195071
743,24766,True,0.9286,0.9286,0.312581,0.651742,0.0,0.246711,0.720911,-0.062003,0.183579,0.817757,-0.121345,0.156891,0.890543,-0.172803,0.166982,0.926713,-0.22056,0.195459,0.704779,-0.145561,0.185444,0.921344,-0.204186,0.213421,0.911276,-0.231248,0.236325,0.861943,-0.24803,0.254909,0.691143,-0.144259,0.273323,0.935422,-0.190178,0.296222,0.903298,-0.191723,0.31092,0.836066,-0.199814,0.323737,0.691173,-0.144414,0.348869,0.908764,-0.195053,0.3685,0.881683,-0.180754,0.382067,0.826315,-0.168456,0.391679,0.69741,-0.152039,0.435809,0.838441,-0.195127,0.463695,0.834199,-0.191767,0.489371,0.804768,-0.185713
744,24800,True,0.7369,0.7369,0.417551,0.687522,1e-06,0.348802,0.766744,-0.096842,0.287765,0.869571,-0.20264,0.25029,0.972945,-0.290205,0.247196,0.99071,-0.374534,0.257721,0.682794,-0.286098,0.24545,0.909588,-0.404096,0.285411,0.939719,-0.470609,0.310752,0.910781,-0.508071,0.287013,0.642852,-0.278352,0.323034,0.928506,-0.368679,0.366262,0.946682,-0.375691,0.380391,0.90955,-0.387708,0.332292,0.634004,-0.269988,0.379459,0.902987,-0.323702,0.416198,0.909172,-0.294096,0.427963,0.862567,-0.279641,0.377641,0.656535,-0.271496,0.434722,0.82803,-0.299166,0.485122,0.855563,-0.284286,0.513837,0.836143,-0.280241
745,24833,True,0.9993,0.9993,0.275718,0.841332,1e-06,0.369896,0.818755,-0.043026,0.471057,0.799328,-0.087161,0.549582,0.814338,-0.125612,0.615552,0.820958,-0.165947,0.443024,0.624717,-0.142033,0.48877,0.639301,-0.211841,0.546359,0.624546,-0.260612,0.603804,0.616805,-0.297675,0.364174,0.612624,-0.156432,0.444326,0.823927,-0.233986,0.487411,0.951395,-0.256181,0.524819,1.042108,-0.270834,0.283246,0.660098,-0.170297,0.357153,0.876499,-0.233047,0.390732,0.956043,-0.222,0.411459,1.000576,-0.21291,0.207309,0.733984,-0.188981,0.272539,0.896933,-0.236285,0.308886,0.954713,-0.230178,0.331583,0.984806,-0.222808
746,24866,True,0.9976,0.9976,0.281447,0.892572,0.0,0.383133,0.862577,-0.031727,0.480101,0.808627,-0.070258,0.567674,0.810086,-0.109045,0.648007,0.815047,-0.149775,0.447552,0.61411,-0.086365,0.493459,0.640152,-0.146525,0.553632,0.647924,-0.192516,0.618671,0.661199,-0.225529,0.368203,0.611161,-0.104265,0.445411,0.851584,-0.18268,0.478862,0.989277,-0.207529,0.501254,1.073214,-0.217323,0.287933,0.66622,-0.124155,0.364908,0.891852,-0.185332,0.393989,0.956378,-0.181182,0.408444,0.979254,-0.172434,0.216799,0.750963,-0.148693,0.282145,0.906668,-0.190676,0.312572,0.954883,-0.188323,0.329162,0.962434,-0.180438
747,24900,True,0.9675,0.9675,0.272544,0.88124,-0.0,0.37247,0.864443,-0.038351,0.463645,0.822106,-0.072061,0.540091,0.803854,-0.107199,0.603612,0.769623,-0.140783,0.449405,0.638209,-0.067706,0.504196,0.726798,-0.128679,0.557409,0.767579,-0.170035,0.612771,0.792864,-0.197075,0.373986,0.640355,-0.079952,0.448126,0.887945,-0.14003,0.435382,0.947804,-0.153622,0.422857,0.929895,-0.160379,0.297273,0.690583,-0.098274,0.367185,0.925642,-0.153916,0.355302,0.946894,-0.142579,0.345366,0.903901,-0.129621,0.223909,0.758227,-0.122492,0.278664,0.929811,-0.168595,0.283972,0.949957,-0.168189,0.278313,0.917332,-0.159868
748,24933,True,0.8163,0.8163,0.331681,0.76851,-0.0,0.301312,0.803205,-0.058262,0.318309,0.829299,-0.108273,0.377782,0.871416,-0.150683,0.450643,0.911459,-0.189775,0.295653,0.7048,-0.127685,0.288965,0.828841,-0.186159,0.30205,0.893027,-0.211233,0.323275,0.92242,-0.223718,0.327743,0.695966,-0.123746,0.35851,0.887636,-0.185823,0.383558,0.951957,-0.197813,0.40897,0.968212,-0.203683,0.368938,0.702316,-0.121405,0.413538,0.882286,-0.185302,0.424051,0.923084,-0.185202,0.43101,0.920102,-0.176278,0.402217,0.711317,-0.122635,0.463845,0.819825,-0.168675,0.487022,0.851285,-0.168513,0.508153,0.846061,-0.161119
749,24966,True,0.9816,0.9816,0.283978,0.754271,1e-06,0.394256,0.789606,-0.033509,0.501872,0.853612,-0.073855,0.584307,0.912069,-0.110854,0.667438,0.91727,-0.149748,0.452472,0.707121,-0.130099,0.511028,0.808607,-0.18274,0.564062,0.859355,-0.217311,0.609321,0.893204,-0.242101,0.363863,0.701861,-0.145203,0.395252,0.913292,-0.193001,0.422005,1.011808,-0.195198,0.432768,1.070281,-0.203585,0.276856,0.733852,-0.159263,0.309485,0.952321,-0.200712,0.345127,1.016916,-0.181603,0.357485,1.035632,-0.172036,0.199489,0.788773,-0.17684,0.230211,0.96689,-0.206159,0.260677,0.997923,-0.192498,0.272261,0.984686,-0.185204
750,25000,True,0.983,0.983,0.251621,0.744285,1e-06,0.360757,0.765207,-0.044243,0.466641,0.82757,-0.091734,0.54221,0.907171,-0.133639,0.612977,0.944788,-0.175736,0.41828,0.679719,-0.133757,0.443272,0.880586,-0.199164,0.466505,0.947348,-0.24518,0.475216,0.969005,-0.274541,0.322599,0.706659,-0.145966,0.368186,0.975509,-0.197957,0.414038,1.038327,-0.206838,0.43971,1.064235,-0.220206,0.2412,0.756844,-0.159041,0.287324,1.011223,-0.196997,0.332109,1.027419,-0.169007,0.354678,1.011683,-0.153391,0.174106,0.819361,-0.178847,0.214954,1.016346,-0.209637,0.257771,1.019977,-0.190742,0.275828,0.991358,-0.176276
751,25033,True,0.9839,0.9839,0.241996,0.748457,1e-06,0.35178,0.771424,-0.048966,0.453438,0.828325,-0.101482,0.526706,0.900321,-0.147175,0.605114,0.933348,-0.190291,0.386185,0.683208,-0.153523,0.403409,0.874933,-0.222612,0.406666,0.945155,-0.264358,0.405263,0.968512,-0.289306,0.283592,0.71006,-0.163711,0.312595,0.956236,-0.220448,0.369125,1.05276,-0.225589,0.406411,1.109294,-0.23537,0.199545,0.761955,-0.174863,0.239823,1.002579,-0.219595,0.292567,1.051318,-0.189987,0.32263,1.059087,-0.171383,0.13788,0.826886,-0.192444,0.175354,1.011172,-0.228888,0.225271,1.040304,-0.210404,0.249578,1.034068,-0.194485
752,25066,True,0.9776,0.9776,0.227767,0.747361,0.0,0.328327,0.772657,-0.042767,0.422941,0.813678,-0.089482,0.500695,0.891297,-0.133081,0.576135,0.930478,-0.176658,0.345088,0.689476,-0.120799,0.350735,0.811525,-0.180546,0.345724,0.863335,-0.229973,0.334148,0.881518,-0.26449,0.251027,0.7055,-0.133267,0.26374,0.951318,-0.181075,0.316156,1.057173,-0.197779,0.350795,1.117923,-0.220517,0.173606,0.744569,-0.146577,0.198022,0.976615,-0.183663,0.243896,1.032256,-0.167198,0.267971,1.044243,-0.162499,0.11879,0.796551,-0.166353,0.132206,0.956066,-0.194923,0.16441,0.990334,-0.178464,0.178191,0.989136,-0.168708
753,25100,True,0.9806,0.9806,0.213106,0.746232,0.0,0.304187,0.780116,-0.056545,0.389015,0.818408,-0.108721,0.473655,0.886278,-0.154749,0.548928,0.914981,-0.197998,0.323586,0.681209,-0.133517,0.317651,0.823353,-0.200445,0.303667,0.865002,-0.252924,0.280082,0.863688,-0.288621,0.223529,0.689506,-0.139409,0.227136,0.961739,-0.191026,0.276595,1.023002,-0.205374,0.306769,1.03129,-0.225671,0.142678,0.730321,-0.147973,0.166598,0.990749,-0.184048,0.208128,1.019999,-0.156236,0.223047,1.003875,-0.143361,0.082661,0.782602,-0.165954,0.103312,0.972281,-0.196097,0.141727,0.992114,-0.177748,0.157709,0.974035,-0.164906
754,25133,True,0.9907,0.9907,0.209655,0.826036,-0.0,0.298866,0.829518,-0.056811,0.374143,0.844477,-0.10683,0.450406,0.879403,-0.149404,0.522949,0.898838,-0.187817,0.308125,0.662219,-0.129932,0.285101,0.835581,-0.189865,0.283707,0.875367,-0.226742,0.28007,0.875932,-0.250807,0.209478,0.668821,-0.129827,0.208265,0.930251,-0.170951,0.238697,0.926867,-0.179197,0.257936,0.881108,-0.19366,0.131285,0.702582,-0.132143,0.144735,0.96012,-0.158951,0.181683,0.941058,-0.139956,0.206535,0.882223,-0.133446,0.069105,0.753875,-0.143936,0.087927,0.951802,-0.170136,0.122899,0.945629,-0.162714,0.147762,0.898151,-0.157065
755,25166,True,0.9938,0.9938,0.199671,0.882135,-0.0,0.287891,0.874676,-0.055975,0.368768,0.848819,-0.104061,0.445276,0.871891,-0.147285,0.519504,0.886483,-0.185911,0.291928,0.634869,-0.118728,0.294113,0.766989,-0.184214,0.286954,0.817214,-0.218845,0.270118,0.811105,-0.240756,0.19606,0.633527,-0.11977,0.207399,0.885288,-0.173965,0.247306,0.938115,-0.179595,0.272203,0.920453,-0.18591,0.11633,0.67285,-0.124984,0.143605,0.931691,-0.161884,0.184629,0.96582,-0.139889,0.206486,0.93337,-0.126882,0.053192,0.733023,-0.139459,0.07965,0.927333,-0.168395,0.116116,0.959821,-0.160572,0.138719,0.929178,-0.152005
756,25200,True,0.9944,0.9944,0.198151,0.902012,-0.0,0.290771,0.883526,-0.05755,0.374689,0.837632,-0.102875,0.449711,0.847283,-0.145545,0.525251,0.847971,-0.184581,0.307565,0.637066,-0.106545,0.283868,0.654262,-0.176683,0.247975,0.687599,-0.216783,0.220053,0.716425,-0.240249,0.21268,0.616682,-0.106123,0.193335,0.858826,-0.174708,0.243666,0.951623,-0.18616,0.293079,0.97393,-0.188765,0.131199,0.655197,-0.111717,0.136994,0.925686,-0.161231,0.189387,0.986609,-0.14139,0.23152,0.984546,-0.123313,0.063279,0.713044,-0.126809,0.073679,0.910614,-0.167177,0.121866,0.96808,-0.160892,0.16204,0.96201,-0.14753
757,25233,True,0.9931,0.9931,0.209958,0.89254,-0.0,0.304375,0.86556,-0.046633,0.387769,0.812408,-0.086761,0.467233,0.814532,-0.126733,0.543817,0.808975,-0.163807,0.307877,0.616881,-0.090461,0.284138,0.597851,-0.147299,0.252371,0.586008,-0.183154,0.228864,0.574987,-0.2081,0.214951,0.594226,-0.094267,0.223586,0.827919,-0.155141,0.280695,0.898221,-0.164766,0.333016,0.907465,-0.165577,0.135413,0.638448,-0.102871,0.166111,0.90232,-0.144579,0.219115,0.938429,-0.120458,0.260615,0.922088,-0.098578,0.072034,0.703202,-0.120868,0.101219,0.899607,-0.157468,0.143594,0.939839,-0.149917,0.172241,0.926438,-0.134276
758,25266,True,0.9941,0.9941,0.246415,0.87195,-0.0,0.333023,0.854677,-0.051487,0.411359,0.799884,-0.096855,0.485729,0.791595,-0.143267,0.564396,0.784096,-0.185666,0.33831,0.609154,-0.104833,0.332116,0.521515,-0.180576,0.320203,0.50161,-0.226494,0.310391,0.496651,-0.251186,0.242148,0.575923,-0.108313,0.281671,0.808095,-0.189276,0.339785,0.891433,-0.199817,0.384324,0.927534,-0.192561,0.160718,0.620017,-0.117797,0.216571,0.876943,-0.178228,0.271997,0.928147,-0.152698,0.312091,0.940242,-0.120851,0.098813,0.687603,-0.136247,0.140898,0.868277,-0.183518,0.191433,0.915187,-0.173055,0.229834,0.924998,-0.148568
759,25300,True,0.9901,0.9901,0.254342,0.836781,0.0,0.338759,0.823738,-0.047903,0.420003,0.793069,-0.093501,0.503633,0.79112,-0.140899,0.588332,0.789724,-0.18958,0.372479,0.594724,-0.103716,0.401751,0.571783,-0.159969,0.415274,0.522748,-0.195012,0.43324,0.47281,-0.21996,0.279728,0.57012,-0.111077,0.329459,0.803545,-0.184552,0.386339,0.885669,-0.200643,0.433113,0.93029,-0.202281,0.200202,0.617867,-0.121088,0.257949,0.862997,-0.184434,0.314938,0.920235,-0.179256,0.35906,0.948443,-0.16429,0.138452,0.689411,-0.137569,0.183028,0.872923,-0.187399,0.225048,0.934964,-0.190152,0.257444,0.963288,-0.180259
760,25333,True,0.9724,0.9724,0.280004,0.856998,-0.0,0.364538,0.829681,-0.035116,0.437472,0.792426,-0.074308,0.517098,0.791501,-0.117123,0.604706,0.795231,-0.160243,0.383793,0.600824,-0.080752,0.414763,0.604533,-0.137819,0.439707,0.610584,-0.174059,0.472786,0.621565,-0.197585,0.301618,0.601808,-0.095022,0.374792,0.807851,-0.160369,0.42064,0.893999,-0.17893,0.458188,0.934213,-0.187169,0.228729,0.660715,-0.112714,0.302338,0.87689,-0.16938,0.350262,0.942574,-0.1691,0.388306,0.968181,-0.162582,0.169086,0.737434,-0.135726,0.212603,0.894875,-0.176452,0.242334,0.947537,-0.179058,0.26563,0.962291,-0.17438
761,25366,True,0.9773,0.9773,0.310424,0.865141,-0.0,0.389293,0.853951,-0.048725,0.460609,0.833403,-0.091488,0.529543,0.830947,-0.133197,0.605237,0.822332,-0.173791,0.42756,0.641183,-0.101385,0.483536,0.755486,-0.167975,0.531624,0.810005,-0.211375,0.578934,0.839797,-0.237311,0.340391,0.6404,-0.10591,0.395216,0.887803,-0.158955,0.403104,0.935242,-0.170401,0.403171,0.924872,-0.1806,0.259392,0.689926,-0.11526,0.315265,0.928356,-0.157238,0.322815,0.956163,-0.144766,0.321526,0.928577,-0.135958,0.189188,0.753147,-0.132057,0.226476,0.930467,-0.16229,0.238119,0.956828,-0.156491,0.235173,0.932808,-0.148496
762,25400,True,0.9801,0.9801,0.318816,0.64546,-0.0,0.241168,0.714282,-0.056745,0.170309,0.818335,-0.12001,0.14816,0.907584,-0.179234,0.17192,0.954574,-0.240648,0.197716,0.744426,-0.151354,0.211573,0.962683,-0.220584,0.237501,1.008794,-0.260304,0.253607,0.993005,-0.284928,0.275787,0.734038,-0.155819,0.301554,0.974786,-0.215496,0.331527,1.041481,-0.22744,0.355586,1.043453,-0.239397,0.356854,0.730468,-0.159666,0.377833,0.951603,-0.22033,0.404635,1.015294,-0.210883,0.425261,1.026988,-0.199498,0.430496,0.734492,-0.168842,0.45502,0.893055,-0.208096,0.47288,0.94599,-0.195414,0.491346,0.960996,-0.183435
763,25433,True,0.9956,0.9956,0.290247,0.729447,0.0,0.365847,0.767445,-0.036955,0.434509,0.844771,-0.084379,0.494107,0.920911,-0.123995,0.550255,0.974576,-0.165966,0.38794,0.780072,-0.150709,0.388962,0.949991,-0.199325,0.390126,1.039179,-0.213847,0.388352,1.084567,-0.217745,0.309397,0.772753,-0.151847,0.308023,0.97766,-0.190514,0.315633,1.062574,-0.187199,0.31577,1.095321,-0.185821,0.236429,0.780366,-0.149756,0.227561,0.972063,-0.182035,0.24218,1.049428,-0.170104,0.250851,1.080616,-0.16032,0.173025,0.798393,-0.148546,0.151896,0.937059,-0.172313,0.164289,1.004062,-0.162801,0.182127,1.035407,-0.154415
764,25466,True,0.9969,0.9969,0.248328,0.754925,1e-06,0.337237,0.785794,-0.052205,0.429348,0.887164,-0.093402,0.490687,0.969199,-0.118467,0.554062,1.003551,-0.139755,0.366963,0.776855,-0.164949,0.334717,0.985073,-0.206282,0.338289,1.080989,-0.21203,0.34514,1.1347,-0.209851,0.263605,0.762158,-0.155711,0.252696,1.018099,-0.197238,0.274606,1.079905,-0.183795,0.285295,1.083919,-0.172352,0.1816,0.780365,-0.141644,0.182437,1.022286,-0.166865,0.212536,1.063299,-0.133208,0.229322,1.051738,-0.108024,0.124669,0.818985,-0.13034,0.139296,0.999609,-0.137082,0.161983,1.034264,-0.110744,0.173947,1.029031,-0.092576
765,25500,True,0.9896,0.9896,0.209987,0.73685,1e-06,0.302905,0.770595,-0.06214,0.390002,0.869596,-0.117934,0.439597,0.981651,-0.159759,0.493121,1.058031,-0.202913,0.340148,0.738865,-0.196052,0.377001,0.949179,-0.261172,0.421514,1.07285,-0.291999,0.453904,1.165085,-0.310743,0.237028,0.735128,-0.194082,0.251042,1.001858,-0.25802,0.270894,1.129239,-0.262369,0.282482,1.222224,-0.268802,0.150716,0.760931,-0.18888,0.164254,1.019964,-0.24088,0.189945,1.136226,-0.2243,0.202212,1.210452,-0.212228,0.087274,0.798962,-0.187732,0.101443,1.011937,-0.224731,0.129819,1.109927,-0.216767,0.150306,1.166701,-0.211156
766,25533,True,0.9936,0.9936,0.243039,0.754067,1e-06,0.332473,0.77867,-0.055752,0.398039,0.849327,-0.122971,0.438209,0.924255,-0.178678,0.488874,0.95714,-0.23587,0.283838,0.709094,-0.220932,0.255359,0.934275,-0.290419,0.251782,1.061884,-0.322111,0.24238,1.166993,-0.339243,0.171576,0.718196,-0.227251,0.17268,0.969756,-0.276034,0.19185,1.091114,-0.260883,0.200078,1.182731,-0.262174,0.093074,0.752429,-0.229541,0.103519,0.996838,-0.259901,0.139848,1.079014,-0.215136,0.154855,1.136509,-0.193404,0.044331,0.802326,-0.238631,0.053489,0.981082,-0.252916,0.091007,1.039233,-0.222056,0.108444,1.068196,-0.206361
767,25566,True,0.9421,0.9421,0.207247,0.729488,-1e-06,0.304051,0.791715,-0.132748,0.379324,0.866648,-0.24854,0.444611,0.906564,-0.340343,0.499291,0.914309,-0.43043,0.288036,0.674802,-0.30904,0.258655,0.899858,-0.41353,0.237823,1.03287,-0.457266,0.229911,1.109036,-0.482236,0.187471,0.670746,-0.279264,0.179642,0.948141,-0.374774,0.196868,1.08258,-0.384216,0.219234,1.143963,-0.390699,0.107909,0.703464,-0.248722,0.112575,0.960539,-0.319739,0.136433,1.052355,-0.309183,0.159163,1.08525,-0.302679,0.046917,0.751164,-0.22817,0.06512,0.950667,-0.28071,0.093084,1.020259,-0.281037,0.111414,1.034802,-0.278809
768,25600,True,0.9779,0.9779,0.209856,0.855334,-0.0,0.293115,0.856468,-0.070036,0.365288,0.842585,-0.127435,0.431878,0.875591,-0.173663,0.515485,0.91991,-0.211452,0.296102,0.675746,-0.148669,0.267129,0.886,-0.207377,0.265999,0.92602,-0.226486,0.271519,0.910101,-0.235857,0.197235,0.67833,-0.138474,0.20057,0.944862,-0.186732,0.228653,0.912652,-0.1789,0.247077,0.841576,-0.172953,0.116246,0.712402,-0.130579,0.141498,0.967498,-0.159195,0.169292,0.936286,-0.125723,0.179601,0.87077,-0.101785,0.052413,0.768417,-0.133706,0.083885,0.960146,-0.157818,0.112676,0.947902,-0.146488,0.123551,0.889081,-0.132586
769,25633,True,0.9963,0.9963,0.215564,0.844158,0.0,0.300971,0.850103,-0.067923,0.379961,0.851403,-0.127212,0.450239,0.882577,-0.177487,0.518833,0.902317,-0.222511,0.297012,0.653407,-0.144311,0.312053,0.86274,-0.208125,0.316632,0.886992,-0.241461,0.312757,0.854992,-0.263952,0.197651,0.670624,-0.141419,0.246257,0.926558,-0.191234,0.272148,0.903831,-0.19409,0.277167,0.83866,-0.201275,0.120086,0.714834,-0.141683,0.181034,0.958819,-0.170815,0.205842,0.931538,-0.143196,0.204994,0.860099,-0.128673,0.064143,0.774986,-0.153241,0.11935,0.959323,-0.176603,0.148717,0.942821,-0.166384,0.154322,0.879452,-0.158052
770,25666,True,0.9973,0.9973,0.232858,0.820501,-0.0,0.319349,0.834522,-0.066666,0.402658,0.846577,-0.124246,0.471045,0.878877,-0.172473,0.537748,0.886955,-0.214865,0.320317,0.653377,-0.140481,0.337058,0.887193,-0.200125,0.340277,0.901654,-0.230136,0.338409,0.856189,-0.250683,0.224131,0.669397,-0.137245,0.268246,0.937734,-0.18366,0.284985,0.903207,-0.185424,0.285642,0.828133,-0.192144,0.148701,0.708858,-0.136592,0.20424,0.959967,-0.165095,0.220637,0.923173,-0.13621,0.216297,0.842964,-0.12035,0.091448,0.763818,-0.146963,0.138714,0.947449,-0.169914,0.158707,0.925967,-0.15806,0.158326,0.859982,-0.148208
771,25700,True,0.9972,0.9972,0.254315,0.85056,-0.0,0.34241,0.8523,-0.064239,0.423618,0.84594,-0.115925,0.488843,0.872892,-0.159962,0.557118,0.894904,-0.197975,0.349454,0.644617,-0.124821,0.361459,0.857231,-0.180156,0.369738,0.903448,-0.204908,0.37049,0.881306,-0.220571,0.258933,0.658509,-0.121697,0.291493,0.915473,-0.162319,0.31409,0.91776,-0.159631,0.317644,0.863925,-0.16267,0.184061,0.700642,-0.122852,0.224446,0.944083,-0.15049,0.252801,0.936882,-0.124793,0.257792,0.874114,-0.110397,0.123423,0.754905,-0.134125,0.159778,0.929231,-0.153718,0.186284,0.938612,-0.14097,0.191057,0.897913,-0.130876
772,25733,True,0.991,0.991,0.277718,0.807896,-0.0,0.363416,0.812976,-0.070701,0.439744,0.817286,-0.129189,0.508913,0.845998,-0.180899,0.560458,0.881876,-0.227485,0.381654,0.612261,-0.137986,0.396105,0.807341,-0.20503,0.408478,0.845626,-0.234141,0.423687,0.825015,-0.249887,0.288684,0.629797,-0.134278,0.3308,0.909853,-0.186216,0.35688,0.92435,-0.181304,0.371183,0.869599,-0.178782,0.211743,0.679307,-0.136149,0.264001,0.945275,-0.173813,0.295222,0.938046,-0.143566,0.311349,0.872923,-0.121449,0.150223,0.741167,-0.149037,0.190087,0.928935,-0.173822,0.203064,0.933838,-0.160255,0.201309,0.891912,-0.146179
773,25766,True,0.9879,0.9879,0.295568,0.869967,-0.0,0.389846,0.860501,-0.064323,0.461407,0.836715,-0.11623,0.512342,0.821157,-0.164759,0.561074,0.818554,-0.210107,0.402786,0.607509,-0.10597,0.424804,0.725462,-0.166693,0.447412,0.750773,-0.198872,0.476067,0.750464,-0.217371,0.311971,0.614481,-0.105421,0.373788,0.884978,-0.16459,0.407674,0.951933,-0.171501,0.434252,0.952039,-0.171896,0.233351,0.671181,-0.111317,0.298628,0.930382,-0.162702,0.335469,0.96218,-0.150741,0.358784,0.93803,-0.136389,0.170049,0.743724,-0.125612,0.205578,0.920249,-0.163905,0.215179,0.948521,-0.162342,0.210721,0.930574,-0.153568
774,25800,True,0.9812,0.9812,0.305246,0.868578,-0.0,0.393588,0.86916,-0.059909,0.471387,0.844279,-0.108877,0.529989,0.829759,-0.15464,0.592614,0.8127,-0.197992,0.429492,0.61743,-0.105197,0.445973,0.704378,-0.17324,0.467943,0.717585,-0.214589,0.500987,0.712984,-0.239601,0.336772,0.607549,-0.10718,0.401149,0.872779,-0.180991,0.435466,0.950289,-0.194793,0.461485,0.967425,-0.196056,0.256021,0.657574,-0.115462,0.321788,0.914616,-0.175715,0.354701,0.952934,-0.163066,0.376982,0.937674,-0.145555,0.186585,0.729186,-0.131993,0.231581,0.909809,-0.177626,0.256859,0.942745,-0.177762,0.270072,0.923612,-0.167927
775,25833,True,0.9786,0.9786,0.298083,0.843239,-0.0,0.387553,0.830762,-0.045336,0.459241,0.80404,-0.083524,0.511241,0.784826,-0.120329,0.561539,0.748398,-0.156691,0.423327,0.599878,-0.08925,0.455793,0.690418,-0.15062,0.49598,0.723121,-0.189487,0.542327,0.739912,-0.212747,0.336559,0.601015,-0.096166,0.404266,0.835868,-0.160717,0.441561,0.916775,-0.176906,0.471396,0.948939,-0.183858,0.25902,0.652897,-0.107952,0.328272,0.887498,-0.165135,0.363191,0.937421,-0.163751,0.390195,0.943838,-0.156314,0.193315,0.724763,-0.125616,0.240819,0.889809,-0.170099,0.276026,0.931923,-0.175551,0.304037,0.933914,-0.172075
776,25866,True,0.9878,0.9878,0.274473,0.867123,0.0,0.370484,0.849199,-0.043169,0.454123,0.81178,-0.081798,0.524148,0.791545,-0.119924,0.594121,0.76973,-0.157644,0.429841,0.602424,-0.069148,0.453065,0.676943,-0.127956,0.489541,0.695088,-0.168858,0.536364,0.700498,-0.195642,0.347098,0.6009,-0.077719,0.405935,0.794113,-0.147781,0.445796,0.898004,-0.170363,0.476269,0.952534,-0.176842,0.270555,0.647022,-0.091289,0.330694,0.861827,-0.15074,0.360947,0.927137,-0.150182,0.382007,0.939074,-0.140215,0.203825,0.713909,-0.110406,0.249977,0.881447,-0.149319,0.277477,0.931396,-0.150405,0.292015,0.928156,-0.1435
777,25900,True,0.9947,0.9947,0.261009,0.883441,0.0,0.363579,0.845404,-0.018733,0.448861,0.795783,-0.048871,0.526954,0.788073,-0.083207,0.605174,0.795232,-0.117767,0.42262,0.589766,-0.052987,0.44421,0.608111,-0.102777,0.470419,0.61914,-0.138183,0.503938,0.63205,-0.162812,0.345197,0.588295,-0.072496,0.407003,0.767506,-0.135638,0.449518,0.879422,-0.156818,0.483656,0.94865,-0.164949,0.270344,0.637505,-0.094229,0.335467,0.837878,-0.142637,0.36153,0.902943,-0.14208,0.376719,0.922775,-0.136589,0.206371,0.711838,-0.119933,0.262416,0.866585,-0.148919,0.27984,0.910088,-0.148543,0.282442,0.9064,-0.143788
778,25933,True,0.997,0.997,0.254661,0.878542,0.0,0.361718,0.845618,-0.024291,0.448398,0.792588,-0.057683,0.528342,0.777467,-0.093827,0.609824,0.771782,-0.130515,0.427478,0.579146,-0.058194,0.458922,0.600588,-0.107187,0.489945,0.590285,-0.1439,0.527112,0.579397,-0.171473,0.351705,0.573044,-0.075689,0.41817,0.751381,-0.1406,0.460318,0.864982,-0.164345,0.491225,0.933575,-0.17445,0.277866,0.621523,-0.095225,0.34781,0.815794,-0.14671,0.375081,0.88743,-0.145871,0.389272,0.914506,-0.139966,0.214572,0.697633,-0.118904,0.277281,0.845661,-0.152318,0.30473,0.899937,-0.151994,0.315827,0.911432,-0.146625
779,25966,True,0.9978,0.9978,0.262327,0.859581,0.0,0.364894,0.821271,-0.021405,0.454876,0.76527,-0.052885,0.534948,0.75474,-0.086742,0.611274,0.754622,-0.121832,0.439164,0.573343,-0.068928,0.492791,0.574605,-0.119466,0.539481,0.542078,-0.156991,0.587587,0.509533,-0.186282,0.365671,0.558042,-0.087428,0.442828,0.748794,-0.153777,0.480831,0.861509,-0.171923,0.503766,0.93154,-0.178756,0.293106,0.607166,-0.107346,0.375043,0.819022,-0.157383,0.392625,0.883087,-0.149218,0.394298,0.906825,-0.139265,0.231251,0.688495,-0.131934,0.304829,0.847074,-0.167312,0.328701,0.892551,-0.166392,0.333245,0.898057,-0.16031
780,26000,True,0.9992,0.9992,0.292217,0.85362,1e-06,0.38808,0.824915,-0.030053,0.471763,0.777105,-0.068589,0.543753,0.754612,-0.107632,0.617992,0.743543,-0.148611,0.453407,0.574535,-0.090553,0.509864,0.55596,-0.150138,0.553509,0.508552,-0.19255,0.593569,0.463654,-0.224854,0.373625,0.551708,-0.107539,0.44943,0.722393,-0.185179,0.492675,0.840543,-0.208688,0.516013,0.918165,-0.218513,0.298421,0.597002,-0.125756,0.373747,0.789518,-0.188656,0.407855,0.862812,-0.18589,0.423583,0.901251,-0.178525,0.234898,0.678013,-0.148112,0.305656,0.817876,-0.193344,0.344222,0.874195,-0.195218,0.365715,0.899791,-0.190908
781,26033,True,0.9993,0.9993,0.284716,0.833712,1e-06,0.385506,0.804515,-0.027144,0.474257,0.760631,-0.06524,0.547971,0.745903,-0.105693,0.624214,0.741318,-0.148252,0.462782,0.567277,-0.087181,0.518584,0.53622,-0.144578,0.560414,0.485075,-0.184834,0.60187,0.437277,-0.215679,0.384275,0.545546,-0.106346,0.463269,0.709885,-0.183927,0.515403,0.824618,-0.208673,0.547717,0.905241,-0.217947,0.310391,0.589647,-0.125976,0.38734,0.781428,-0.18734,0.420969,0.858154,-0.182507,0.435565,0.903983,-0.172501,0.24731,0.666825,-0.149949,0.319561,0.808069,-0.193936,0.363437,0.872701,-0.192746,0.390167,0.908716,-0.184893
782,26066,True,0.9996,0.9996,0.320658,0.81521,1e-06,0.418241,0.795954,-0.038839,0.501594,0.759203,-0.085758,0.568109,0.746926,-0.133477,0.639716,0.740985,-0.18353,0.479783,0.561497,-0.111877,0.535911,0.515945,-0.18189,0.578997,0.457175,-0.228126,0.619101,0.405712,-0.262208,0.395935,0.542364,-0.130316,0.465924,0.678189,-0.223413,0.524106,0.80006,-0.251963,0.560372,0.890071,-0.262045,0.320777,0.587716,-0.149876,0.394041,0.764577,-0.226395,0.437353,0.856419,-0.22067,0.459735,0.912321,-0.207209,0.259271,0.665174,-0.174134,0.330016,0.795912,-0.227833,0.374483,0.861938,-0.22616,0.401953,0.89889,-0.216925
783,26099,True,0.999,0.999,0.312571,0.813432,1e-06,0.414529,0.79302,-0.035093,0.503951,0.753694,-0.0799,0.57442,0.73965,-0.126266,0.648575,0.736511,-0.175248,0.487776,0.562019,-0.107347,0.545565,0.511055,-0.177404,0.591477,0.451412,-0.224459,0.634244,0.400928,-0.258272,0.40672,0.545498,-0.127194,0.480609,0.685188,-0.221962,0.533656,0.797092,-0.251349,0.566104,0.882188,-0.260668,0.33356,0.592299,-0.148113,0.41021,0.767573,-0.225105,0.446359,0.847265,-0.221972,0.463151,0.898292,-0.209251,0.273506,0.670668,-0.173488,0.347516,0.797593,-0.227072,0.390156,0.857097,-0.226906,0.417097,0.889934,-0.21817
784,26133,True,0.9996,0.9996,0.337789,0.807693,1e-06,0.439326,0.789298,-0.040635,0.527886,0.752651,-0.090296,0.596411,0.740654,-0.140184,0.669161,0.737826,-0.1931,0.504774,0.555798,-0.125978,0.562619,0.498446,-0.201368,0.609479,0.43522,-0.250663,0.652419,0.381541,-0.286463,0.420479,0.541618,-0.145505,0.493656,0.681216,-0.24159,0.548845,0.792761,-0.270186,0.584789,0.873258,-0.282373,0.344794,0.59223,-0.166274,0.421352,0.763219,-0.249611,0.465395,0.849928,-0.248334,0.491462,0.904258,-0.238708,0.285035,0.675703,-0.191157,0.362674,0.794591,-0.251366,0.40991,0.860299,-0.252715,0.443552,0.901334,-0.246402
785,26166,True,0.9995,0.9995,0.344069,0.804571,1e-06,0.442523,0.78336,-0.03571,0.535253,0.743033,-0.078967,0.609516,0.73744,-0.123641,0.68633,0.744002,-0.170831,0.513351,0.547386,-0.103164,0.576203,0.49986,-0.170991,0.624891,0.438748,-0.216994,0.668865,0.385771,-0.250312,0.43294,0.537685,-0.122224,0.527339,0.697252,-0.209215,0.579825,0.812256,-0.233081,0.608647,0.892387,-0.240022,0.359401,0.593876,-0.142905,0.452127,0.779985,-0.213633,0.483503,0.85519,-0.203301,0.495154,0.89755,-0.186785,0.299681,0.681481,-0.168663,0.383939,0.813853,-0.218276,0.429612,0.87173,-0.212259,0.458077,0.902445,-0.199286
786,26200,True,0.9996,0.9996,0.356927,0.813893,1e-06,0.458347,0.789853,-0.033513,0.552957,0.745963,-0.074744,0.630095,0.73957,-0.117421,0.706567,0.738936,-0.162285,0.526045,0.547118,-0.094125,0.583298,0.497227,-0.161094,0.635715,0.44013,-0.207225,0.683084,0.392914,-0.240471,0.447198,0.539589,-0.115329,0.540021,0.671243,-0.20271,0.594167,0.796871,-0.228956,0.620028,0.888884,-0.236114,0.374328,0.59912,-0.138123,0.469449,0.773301,-0.209012,0.506357,0.86075,-0.198817,0.517304,0.912711,-0.181266,0.314552,0.692128,-0.165595,0.396732,0.818517,-0.213262,0.439716,0.879777,-0.204932,0.461216,0.912393,-0.190117
787,26233,True,0.9997,0.9997,0.359387,0.832966,1e-06,0.45858,0.805833,-0.027328,0.556489,0.761793,-0.065214,0.633547,0.755108,-0.105287,0.710672,0.762046,-0.147767,0.53722,0.568439,-0.090316,0.604267,0.502726,-0.15332,0.663183,0.437712,-0.196209,0.712883,0.383715,-0.226815,0.4592,0.557529,-0.112132,0.558145,0.692224,-0.193198,0.604142,0.813049,-0.214184,0.620308,0.896533,-0.218689,0.386458,0.614282,-0.134957,0.484696,0.785957,-0.201686,0.522084,0.867289,-0.190889,0.533887,0.915423,-0.173604,0.326329,0.703689,-0.161682,0.413043,0.82388,-0.205083,0.45719,0.885638,-0.194575,0.48056,0.91934,-0.178861
788,26266,True,0.9998,0.9998,0.360209,0.843223,1e-06,0.46833,0.808364,-0.018186,0.569039,0.768891,-0.05473,0.64754,0.764223,-0.094855,0.724713,0.76867,-0.137286,0.560632,0.585414,-0.093064,0.630351,0.509612,-0.157427,0.687138,0.439845,-0.199625,0.733577,0.378662,-0.229375,0.484111,0.571208,-0.118965,0.584105,0.711916,-0.198189,0.62378,0.828964,-0.215066,0.631758,0.90563,-0.217941,0.408459,0.625664,-0.14449,0.505602,0.80213,-0.210844,0.533982,0.881085,-0.195394,0.53485,0.922756,-0.175286,0.345455,0.712547,-0.17271,0.431823,0.832916,-0.214166,0.471358,0.89606,-0.198126,0.487371,0.929205,-0.178654
789,26300,True,0.9998,0.9998,0.372741,0.853896,1e-06,0.483651,0.81444,-0.018899,0.581487,0.776337,-0.059365,0.6533,0.771093,-0.104011,0.730122,0.776612,-0.150882,0.579125,0.587786,-0.097917,0.646466,0.509319,-0.166124,0.703797,0.442968,-0.21098,0.750394,0.384934,-0.241742,0.499256,0.571598,-0.124404,0.597209,0.715197,-0.205512,0.631729,0.838881,-0.221396,0.634676,0.912282,-0.222974,0.420494,0.626125,-0.150486,0.518844,0.804936,-0.218791,0.541016,0.889589,-0.200812,0.531294,0.923002,-0.178045,0.354047,0.711229,-0.179066,0.443229,0.840234,-0.219984,0.477633,0.905467,-0.200214,0.483068,0.930541,-0.17759
790,26333,True,0.9996,0.9996,0.366472,0.862476,0.0,0.480057,0.824444,-0.014758,0.582358,0.786513,-0.05247,0.65977,0.781965,-0.094858,0.739445,0.78202,-0.139295,0.583809,0.595462,-0.092136,0.658848,0.516315,-0.158256,0.716726,0.445098,-0.202119,0.76418,0.385508,-0.232492,0.507829,0.57922,-0.119446,0.609709,0.729942,-0.198154,0.641596,0.851409,-0.212905,0.642382,0.925797,-0.214472,0.430496,0.633596,-0.146176,0.533175,0.819629,-0.211226,0.551139,0.900623,-0.192797,0.540829,0.933392,-0.171068,0.364155,0.720603,-0.175312,0.454217,0.857395,-0.214665,0.48596,0.919127,-0.195789,0.490626,0.939485,-0.174455
791,26366,True,0.9997,0.9997,0.361692,0.879291,0.0,0.480047,0.84042,-0.012909,0.586235,0.802553,-0.049624,0.663624,0.794163,-0.091912,0.74335,0.795305,-0.136182,0.593199,0.608801,-0.088691,0.667974,0.531705,-0.154396,0.726972,0.458937,-0.198762,0.775307,0.396964,-0.229904,0.515622,0.590734,-0.117406,0.620804,0.745294,-0.196271,0.651092,0.87121,-0.21215,0.64956,0.947353,-0.214102,0.43692,0.644086,-0.145157,0.540592,0.831926,-0.20907,0.553352,0.916751,-0.188992,0.536378,0.949567,-0.165827,0.368779,0.730026,-0.175473,0.461544,0.870863,-0.213927,0.490848,0.936289,-0.193575,0.49166,0.958181,-0.170736
792,26400,True,0.9997,0.9997,0.350849,0.890152,0.0,0.473635,0.851564,-0.007991,0.583369,0.815587,-0.044845,0.666314,0.811042,-0.088405,0.749483,0.808144,-0.133742,0.592878,0.625759,-0.087237,0.669283,0.548734,-0.155329,0.733266,0.478334,-0.20132,0.786155,0.421579,-0.232995,0.516589,0.6071,-0.11789,0.623088,0.76048,-0.197006,0.649831,0.886133,-0.211968,0.647592,0.961923,-0.213794,0.438133,0.658459,-0.14725,0.545383,0.852296,-0.209395,0.548763,0.931481,-0.185513,0.523253,0.955727,-0.160908,0.369576,0.74165,-0.179072,0.465624,0.887913,-0.216203,0.491085,0.947746,-0.193688,0.485935,0.958342,-0.169997
793,26433,True,0.9976,0.9976,0.336569,0.909742,0.0,0.467236,0.879694,0.000941,0.587355,0.839053,-0.025049,0.676317,0.837571,-0.057787,0.756804,0.839852,-0.091708,0.598398,0.649169,-0.06544,0.666698,0.604914,-0.121143,0.724175,0.559224,-0.163252,0.771761,0.52428,-0.193854,0.529583,0.628395,-0.095719,0.61868,0.845777,-0.155108,0.620937,0.927788,-0.166051,0.607564,0.957586,-0.171171,0.448463,0.676564,-0.124889,0.530723,0.91566,-0.168766,0.516132,0.933724,-0.1465,0.492519,0.907409,-0.129902,0.370584,0.757333,-0.156677,0.445055,0.939963,-0.185629,0.449159,0.955758,-0.167965,0.436398,0.92308,-0.151037
794,26466,True,0.9919,0.9919,0.326223,0.888424,-0.0,0.466809,0.879734,-0.021022,0.58766,0.870733,-0.056309,0.67656,0.888783,-0.09295,0.761496,0.900621,-0.129081,0.594829,0.685914,-0.092466,0.635826,0.719869,-0.143722,0.659178,0.759538,-0.173748,0.669034,0.788486,-0.195273,0.519008,0.683122,-0.114111,0.582388,0.919256,-0.162525,0.590142,0.996231,-0.170511,0.586351,1.015392,-0.179857,0.435154,0.729415,-0.135883,0.495212,0.98249,-0.176417,0.503732,1.023269,-0.158031,0.503517,1.012252,-0.147813,0.354412,0.794663,-0.161574,0.399172,0.983649,-0.194722,0.412669,1.021231,-0.182675,0.41549,1.010123,-0.171097
795,26500,True,0.9963,0.9963,0.289501,0.862568,0.0,0.41922,0.860959,-0.004298,0.537191,0.885559,-0.02893,0.621166,0.934764,-0.058219,0.688902,0.981607,-0.088325,0.596577,0.75076,-0.063253,0.634683,0.863735,-0.110353,0.654973,0.959005,-0.135865,0.669722,1.028405,-0.151318,0.525851,0.750632,-0.089835,0.568599,0.987854,-0.136974,0.584834,1.114179,-0.150506,0.597364,1.191181,-0.159827,0.445938,0.783647,-0.1157,0.480217,1.034195,-0.158867,0.487254,1.121851,-0.15527,0.488195,1.160969,-0.149342,0.365353,0.831154,-0.142885,0.394022,1.016846,-0.170104,0.404013,1.083814,-0.163417,0.409971,1.109872,-0.154965
796,26533,True,0.9974,0.9974,0.298431,0.811805,1e-06,0.413145,0.773244,-0.008664,0.538391,0.83735,-0.042001,0.614114,0.949603,-0.075864,0.659856,1.036253,-0.111783,0.590595,0.780572,-0.100235,0.656719,0.969642,-0.142916,0.66358,1.084129,-0.159086,0.659184,1.146202,-0.169413,0.519429,0.813659,-0.123864,0.579401,1.05664,-0.157156,0.608219,1.17258,-0.159528,0.641569,1.237863,-0.16886,0.441121,0.864672,-0.144923,0.493955,1.105973,-0.171414,0.526665,1.184138,-0.163992,0.554221,1.211662,-0.164599,0.362451,0.921603,-0.166978,0.398077,1.110162,-0.183362,0.426678,1.167178,-0.175403,0.452865,1.184864,-0.172558
797,26566,True,0.995,0.995,0.31102,0.798291,-0.0,0.420865,0.782858,-0.008991,0.543113,0.852367,-0.037441,0.624625,0.950679,-0.064156,0.680783,1.020572,-0.088199,0.590124,0.799756,-0.104137,0.651033,0.987325,-0.1459,0.616753,1.027243,-0.158871,0.592975,1.010967,-0.166703,0.520256,0.826783,-0.125555,0.567647,1.056689,-0.154157,0.535178,1.05749,-0.142616,0.520105,1.009866,-0.143162,0.443453,0.867517,-0.144406,0.483414,1.071515,-0.159045,0.450657,1.041635,-0.129169,0.436194,0.977854,-0.118683,0.36952,0.908826,-0.164944,0.403136,1.060367,-0.168925,0.380857,1.033792,-0.145544,0.369751,0.976907,-0.134588
798,26599,True,0.997,0.997,0.33657,0.797786,1e-06,0.444239,0.778171,-0.005067,0.557572,0.842884,-0.033474,0.627572,0.9394,-0.060694,0.672682,1.020816,-0.089513,0.604538,0.79033,-0.097924,0.666946,0.91782,-0.141659,0.678743,1.014304,-0.165952,0.677911,1.080111,-0.181797,0.53813,0.814858,-0.120057,0.587433,1.041745,-0.15345,0.599659,1.143107,-0.156452,0.6069,1.205087,-0.164705,0.459183,0.856469,-0.138706,0.501408,1.082801,-0.161383,0.515918,1.147393,-0.148782,0.52458,1.173832,-0.145816,0.381083,0.90194,-0.157824,0.413204,1.075962,-0.17102,0.429588,1.125353,-0.158856,0.443228,1.144526,-0.152487
799,26633,True,0.9997,0.9997,0.359633,0.805324,1e-06,0.456335,0.815506,-0.016887,0.58395,0.88158,-0.04898,0.675532,0.945352,-0.078368,0.766578,0.968025,-0.108324,0.614972,0.761162,-0.119615,0.710997,0.837851,-0.177716,0.784802,0.890326,-0.20913,0.843874,0.935242,-0.230404,0.551674,0.768346,-0.143235,0.627175,1.020533,-0.204544,0.603271,1.070253,-0.204195,0.581612,1.06495,-0.202135,0.470485,0.806815,-0.164278,0.522152,1.052272,-0.208611,0.487327,1.042643,-0.173644,0.466426,0.987852,-0.148706,0.390794,0.856372,-0.187438,0.442959,1.048559,-0.211907,0.426144,1.042919,-0.185844,0.411553,0.993147,-0.1669
800,26666,True,0.9996,0.9996,0.357562,0.837328,1e-06,0.465158,0.847109,-0.013648,0.592376,0.889598,-0.049236,0.683931,0.934355,-0.082226,0.772253,0.943467,-0.11692,0.614704,0.731169,-0.133927,0.71379,0.788279,-0.197754,0.797754,0.812775,-0.23623,0.868424,0.836364,-0.262957,0.552073,0.727736,-0.157867,0.628423,0.936531,-0.215393,0.632795,1.046751,-0.216819,0.626125,1.112772,-0.221276,0.471255,0.767203,-0.178339,0.537489,1.009555,-0.225003,0.528853,1.070256,-0.199129,0.513198,1.077068,-0.18306,0.392619,0.82864,-0.199837,0.459785,1.019953,-0.228491,0.460651,1.059174,-0.208683,0.448399,1.053952,-0.195417
801,26700,True,0.9998,0.9998,0.365812,0.858969,1e-06,0.475322,0.871357,-0.018156,0.591852,0.882637,-0.058891,0.679451,0.901609,-0.099376,0.766112,0.902735,-0.14165,0.616857,0.714967,-0.124738,0.723497,0.74006,-0.197895,0.812052,0.745865,-0.242927,0.886074,0.751587,-0.272943,0.560079,0.695498,-0.149481,0.635292,0.920505,-0.224666,0.617914,1.011049,-0.230381,0.598458,1.049961,-0.23049,0.480848,0.73234,-0.17291,0.547405,0.992517,-0.236686,0.537306,1.054081,-0.212542,0.523576,1.065524,-0.191313,0.399787,0.797158,-0.197958,0.46691,0.991971,-0.239777,0.472981,1.047858,-0.221655,0.468336,1.058576,-0.204493
802,26733,True,0.9997,0.9997,0.36268,0.857999,1e-06,0.473478,0.864654,-0.011338,0.587816,0.863225,-0.050878,0.675856,0.877718,-0.093323,0.764977,0.875438,-0.137302,0.618718,0.694278,-0.10805,0.728392,0.695594,-0.178545,0.815464,0.68262,-0.225261,0.888457,0.668016,-0.25777,0.561687,0.676034,-0.137683,0.645016,0.887591,-0.214992,0.625156,0.961926,-0.22678,0.602421,0.98034,-0.230441,0.486093,0.714773,-0.165457,0.554007,0.967063,-0.223967,0.519118,0.981206,-0.198443,0.489493,0.945324,-0.177736,0.408499,0.782158,-0.195513,0.478805,0.97258,-0.232501,0.46582,0.99067,-0.212091,0.444755,0.956675,-0.19369
803,26766,True,0.9995,0.9995,0.365804,0.862756,0.0,0.483617,0.863854,-0.00909,0.599363,0.855488,-0.04481,0.68621,0.863651,-0.084592,0.772825,0.858658,-0.125075,0.635786,0.68937,-0.095235,0.740084,0.674276,-0.161895,0.820152,0.646316,-0.207551,0.888532,0.617612,-0.240211,0.576781,0.667468,-0.125176,0.658664,0.87268,-0.197725,0.632586,0.926127,-0.210368,0.607685,0.9254,-0.215648,0.501613,0.70458,-0.153449,0.568127,0.948415,-0.207563,0.529418,0.944728,-0.183037,0.501267,0.895724,-0.164182,0.424653,0.769615,-0.18445,0.494311,0.95695,-0.218342,0.475355,0.958739,-0.198742,0.451328,0.911176,-0.181351
804,26800,True,0.9985,0.9985,0.370321,0.874843,0.0,0.48502,0.860903,-0.005689,0.602446,0.842577,-0.043088,0.691497,0.849521,-0.085621,0.778767,0.85018,-0.128872,0.646469,0.678107,-0.0919,0.753883,0.655319,-0.160669,0.832947,0.62103,-0.206702,0.899646,0.586297,-0.2385,0.589983,0.661917,-0.123273,0.67672,0.864897,-0.194798,0.638088,0.916439,-0.202975,0.607562,0.90614,-0.204831,0.518323,0.70223,-0.153212,0.59507,0.926554,-0.210899,0.547217,0.927612,-0.184049,0.516163,0.882091,-0.162101,0.444947,0.766837,-0.184764,0.526519,0.935595,-0.218308,0.499167,0.942208,-0.193674,0.471419,0.901323,-0.172252
805,26833,True,0.9968,0.9968,0.370504,0.880981,0.0,0.489642,0.868488,-0.005442,0.610923,0.844309,-0.041842,0.704986,0.846858,-0.084906,0.795413,0.842728,-0.128241,0.654793,0.674515,-0.080699,0.769207,0.645057,-0.145908,0.850242,0.605781,-0.187862,0.916313,0.566541,-0.216601,0.598738,0.661672,-0.113862,0.707215,0.857352,-0.186941,0.665139,0.909432,-0.195856,0.630737,0.895915,-0.195994,0.531164,0.702251,-0.146224,0.634929,0.920812,-0.208215,0.581951,0.932429,-0.181884,0.546575,0.893225,-0.158116,0.462138,0.769065,-0.179977,0.561841,0.935977,-0.215637,0.528394,0.94887,-0.190476,0.494594,0.911329,-0.167795
806,26866,True,0.9956,0.9956,0.381798,0.897048,0.0,0.499336,0.876155,-0.002864,0.623783,0.845318,-0.036112,0.721324,0.847593,-0.076232,0.813834,0.844289,-0.116822,0.673994,0.673434,-0.074321,0.791833,0.649389,-0.135176,0.872217,0.611571,-0.175596,0.938134,0.573613,-0.204361,0.619844,0.664005,-0.108237,0.728184,0.869181,-0.178357,0.685849,0.92034,-0.189824,0.648697,0.903869,-0.192877,0.554007,0.709492,-0.140848,0.656737,0.928794,-0.198714,0.606136,0.947672,-0.173898,0.570764,0.911396,-0.152434,0.485583,0.77999,-0.174959,0.581753,0.948841,-0.208079,0.551339,0.96805,-0.183956,0.519832,0.93524,-0.162455
807,26900,True,0.9972,0.9972,0.389168,0.910654,0.0,0.512582,0.891462,0.003594,0.637556,0.857345,-0.026621,0.735677,0.854607,-0.065262,0.828449,0.850841,-0.104187,0.694197,0.682951,-0.066757,0.811287,0.657362,-0.124896,0.894126,0.621638,-0.1635,0.960777,0.587252,-0.190921,0.639753,0.669361,-0.103148,0.744005,0.883269,-0.172635,0.707443,0.954475,-0.183365,0.670774,0.959528,-0.185204,0.573285,0.714092,-0.137857,0.674337,0.945508,-0.195194,0.624906,0.980695,-0.170922,0.585941,0.955595,-0.149221,0.506613,0.786345,-0.17355,0.599779,0.967722,-0.205371,0.567952,0.996033,-0.18168,0.534586,0.967362,-0.160221
808,26933,True,0.9979,0.9979,0.392938,0.923579,0.0,0.522413,0.907341,0.003167,0.646097,0.870768,-0.027752,0.741765,0.86369,-0.066893,0.833117,0.856972,-0.105604,0.70253,0.693992,-0.069349,0.817376,0.663413,-0.132096,0.902105,0.630534,-0.173157,0.970483,0.600041,-0.20168,0.645691,0.67521,-0.106558,0.748554,0.877431,-0.178703,0.718769,0.957499,-0.188728,0.687686,0.97011,-0.189703,0.576949,0.713589,-0.142601,0.673656,0.945691,-0.201233,0.628198,0.983934,-0.175658,0.591693,0.956193,-0.153257,0.508561,0.782391,-0.180143,0.595516,0.971909,-0.213601,0.566609,1.004601,-0.190438,0.534764,0.973115,-0.169413
809,26966,True,0.9885,0.9885,0.375889,0.924426,0.0,0.502517,0.900063,-0.003268,0.630563,0.862646,-0.032963,0.72863,0.859401,-0.070739,0.819164,0.847962,-0.108641,0.677425,0.694725,-0.062162,0.801802,0.661441,-0.122987,0.887576,0.627276,-0.163636,0.958615,0.593339,-0.192165,0.623351,0.682494,-0.095784,0.734417,0.858128,-0.166123,0.699531,0.915549,-0.178864,0.667511,0.907807,-0.181821,0.558694,0.722291,-0.129218,0.657922,0.939176,-0.185955,0.604836,0.962184,-0.161743,0.567973,0.926472,-0.140207,0.491781,0.790958,-0.165069,0.581156,0.966533,-0.196702,0.542904,0.987529,-0.173639,0.506254,0.954238,-0.152696
810,27000,True,0.9839,0.9839,0.357093,0.913114,0.0,0.493428,0.879514,-0.000435,0.619198,0.844216,-0.031833,0.71865,0.849361,-0.071252,0.810242,0.839066,-0.111865,0.650524,0.678532,-0.072867,0.774124,0.648465,-0.13334,0.857125,0.61004,-0.176104,0.927169,0.572161,-0.207202,0.591516,0.673738,-0.108455,0.697003,0.859875,-0.174481,0.660469,0.901297,-0.185646,0.627649,0.878992,-0.19197,0.521113,0.71859,-0.142793,0.624168,0.920167,-0.195621,0.573893,0.9276,-0.170561,0.537536,0.885065,-0.152399,0.451801,0.787985,-0.179246,0.544111,0.943275,-0.209903,0.508105,0.951966,-0.186413,0.468918,0.912989,-0.167417
811,27033,True,0.9883,0.9883,0.339605,0.913354,0.0,0.486916,0.877205,-0.008829,0.609543,0.842379,-0.042971,0.704006,0.839812,-0.083195,0.793142,0.82644,-0.123584,0.617294,0.670373,-0.076233,0.729644,0.624624,-0.136579,0.807086,0.582782,-0.180966,0.871055,0.546821,-0.214068,0.5508,0.665482,-0.105523,0.643534,0.806945,-0.17106,0.6295,0.860973,-0.185793,0.608536,0.862178,-0.195217,0.476178,0.711077,-0.134318,0.572179,0.890643,-0.181784,0.550012,0.907021,-0.157928,0.521531,0.873802,-0.142017,0.403092,0.779474,-0.166439,0.485964,0.923807,-0.194973,0.477238,0.933181,-0.175279,0.453076,0.89459,-0.159353
812,27066,True,0.9918,0.9918,0.336507,0.914967,0.0,0.475748,0.880083,-0.013902,0.592936,0.835493,-0.044827,0.684223,0.825656,-0.080225,0.766461,0.806221,-0.115204,0.58932,0.6518,-0.077105,0.683259,0.600694,-0.131524,0.749239,0.552053,-0.172179,0.804998,0.510853,-0.203568,0.519222,0.631942,-0.100851,0.592819,0.803641,-0.157805,0.589324,0.85188,-0.17101,0.576264,0.846024,-0.18247,0.440672,0.672497,-0.12432,0.519189,0.882673,-0.164727,0.503964,0.89396,-0.14211,0.48129,0.853082,-0.130293,0.365926,0.74129,-0.152349,0.435598,0.908935,-0.180357,0.431236,0.926073,-0.164169,0.412462,0.890048,-0.15159
813,27099,True,0.9977,0.9977,0.329457,0.902915,0.0,0.46186,0.875302,-0.017218,0.570917,0.83085,-0.050445,0.658566,0.81594,-0.08767,0.745845,0.794432,-0.125632,0.567019,0.642777,-0.080201,0.642284,0.588315,-0.136086,0.694679,0.531461,-0.17391,0.739387,0.479402,-0.202153,0.491208,0.617252,-0.104387,0.576241,0.801424,-0.173519,0.59572,0.931252,-0.187522,0.596494,1.00745,-0.190843,0.408069,0.662055,-0.128334,0.49015,0.87359,-0.180317,0.497031,0.950058,-0.157781,0.484706,0.97454,-0.137438,0.332386,0.736836,-0.156032,0.395022,0.894879,-0.18773,0.416122,0.945196,-0.169152,0.414282,0.946945,-0.15004
814,27133,True,0.999,0.999,0.337971,0.894525,0.0,0.460302,0.860004,-0.02689,0.564005,0.807464,-0.064108,0.64875,0.790872,-0.103016,0.731921,0.770438,-0.142625,0.551504,0.622689,-0.098167,0.613574,0.573046,-0.165537,0.661395,0.515622,-0.211622,0.701503,0.462212,-0.245333,0.471268,0.59218,-0.121222,0.542967,0.777718,-0.205947,0.569419,0.897261,-0.227859,0.573769,0.969522,-0.23538,0.384897,0.636732,-0.145379,0.456322,0.84523,-0.217038,0.476499,0.920532,-0.207179,0.476601,0.949572,-0.192342,0.308397,0.715753,-0.173205,0.371276,0.869959,-0.224767,0.398641,0.927311,-0.219291,0.406233,0.943882,-0.207435
815,27166,True,0.9987,0.9987,0.348323,0.885215,0.0,0.459307,0.853497,-0.030617,0.560205,0.799666,-0.068544,0.640638,0.77417,-0.107473,0.718619,0.748368,-0.148486,0.541424,0.606068,-0.101356,0.60208,0.562319,-0.170388,0.652586,0.503674,-0.216653,0.696498,0.452065,-0.249595,0.459365,0.580329,-0.121891,0.536544,0.764015,-0.207853,0.568837,0.879924,-0.230318,0.579666,0.953526,-0.238211,0.376041,0.62779,-0.144152,0.448842,0.8301,-0.219974,0.474797,0.90519,-0.214692,0.485492,0.942738,-0.202255,0.303558,0.710456,-0.170027,0.370677,0.855733,-0.226431,0.405273,0.917064,-0.226522,0.426402,0.94608,-0.218235
816,27200,True,0.9992,0.9992,0.341017,0.858615,0.0,0.452455,0.828325,-0.029026,0.554159,0.780959,-0.069405,0.632594,0.759319,-0.110332,0.709726,0.744695,-0.152665,0.541224,0.601258,-0.10924,0.601721,0.553838,-0.183936,0.650576,0.490596,-0.235358,0.694039,0.434531,-0.271241,0.458104,0.574691,-0.128338,0.538668,0.761304,-0.214068,0.573448,0.875799,-0.229069,0.582088,0.951991,-0.230782,0.377213,0.622649,-0.148973,0.465018,0.832793,-0.21414,0.4819,0.891766,-0.192194,0.474456,0.915936,-0.169866,0.30881,0.706628,-0.174806,0.390164,0.859251,-0.221541,0.418064,0.905196,-0.210432,0.423529,0.916144,-0.193985
817,27233,True,0.9995,0.9995,0.347928,0.84582,0.0,0.460641,0.812122,-0.028885,0.559422,0.769511,-0.071267,0.633674,0.754239,-0.114486,0.707791,0.741184,-0.15944,0.546828,0.589515,-0.111416,0.606035,0.547436,-0.186488,0.658371,0.492112,-0.237582,0.703988,0.442445,-0.273415,0.464306,0.572925,-0.132759,0.54208,0.749867,-0.220026,0.576454,0.864437,-0.237843,0.584042,0.93597,-0.242307,0.383914,0.625945,-0.155418,0.466897,0.820257,-0.22661,0.489529,0.885182,-0.210453,0.486913,0.910025,-0.191452,0.31706,0.711752,-0.182225,0.396516,0.851166,-0.233367,0.424048,0.89796,-0.225053,0.428439,0.907386,-0.210916
818,27266,True,0.9996,0.9996,0.342633,0.841471,0.0,0.454787,0.810114,-0.023776,0.553737,0.769412,-0.062845,0.630341,0.756651,-0.10328,0.7052,0.742128,-0.145378,0.547452,0.591636,-0.103651,0.610816,0.554343,-0.174463,0.665342,0.501094,-0.222775,0.712062,0.45328,-0.256906,0.469806,0.573199,-0.126778,0.549492,0.747639,-0.21036,0.581973,0.859825,-0.227423,0.587769,0.932095,-0.231367,0.392389,0.624438,-0.150726,0.475419,0.82025,-0.217123,0.493962,0.882849,-0.198547,0.488935,0.907645,-0.178369,0.32722,0.708176,-0.17882,0.40352,0.847974,-0.226944,0.432911,0.896028,-0.217022,0.440795,0.910082,-0.201726
819,27300,True,0.9995,0.9995,0.346425,0.842846,0.0,0.458675,0.81751,-0.02342,0.558058,0.776969,-0.059668,0.633744,0.761679,-0.097326,0.708991,0.744744,-0.136445,0.554922,0.596252,-0.093829,0.615235,0.564409,-0.158818,0.668793,0.516592,-0.203936,0.716025,0.47292,-0.23655,0.477965,0.575843,-0.115666,0.55213,0.755105,-0.192676,0.577483,0.867799,-0.210176,0.579472,0.934406,-0.215905,0.399334,0.624262,-0.138405,0.476388,0.823555,-0.200468,0.49357,0.88963,-0.184763,0.488443,0.911716,-0.167744,0.33157,0.704491,-0.16506,0.402872,0.844676,-0.209565,0.426862,0.893652,-0.200308,0.428933,0.904638,-0.186621
820,27333,True,0.9996,0.9996,0.346851,0.839384,0.0,0.458332,0.816632,-0.025867,0.55731,0.777197,-0.061693,0.63415,0.765344,-0.098576,0.708475,0.746757,-0.136558,0.553745,0.59215,-0.091809,0.615697,0.567132,-0.153957,0.669288,0.525652,-0.196922,0.717531,0.487983,-0.228391,0.478327,0.57444,-0.112908,0.549571,0.757961,-0.189065,0.573464,0.869767,-0.207769,0.576806,0.93742,-0.214354,0.400132,0.623482,-0.135199,0.474023,0.82828,-0.196527,0.489067,0.892711,-0.182297,0.484829,0.915115,-0.166429,0.331862,0.703696,-0.161807,0.40028,0.848608,-0.206836,0.424504,0.899194,-0.199453,0.428842,0.912446,-0.186983
821,27366,True,0.9991,0.9991,0.336836,0.84713,0.0,0.449077,0.8258,-0.020665,0.55364,0.784939,-0.051362,0.634815,0.769259,-0.083551,0.707772,0.748959,-0.116599,0.541233,0.608991,-0.081812,0.604935,0.585556,-0.138821,0.658317,0.542789,-0.179161,0.705157,0.504414,-0.208713,0.469972,0.583385,-0.1014,0.541826,0.771506,-0.169001,0.5624,0.878104,-0.182332,0.560226,0.942407,-0.185893,0.394138,0.62742,-0.121889,0.467269,0.834951,-0.17417,0.474923,0.887219,-0.155397,0.462848,0.901581,-0.137892,0.32648,0.705338,-0.146615,0.394885,0.855802,-0.184896,0.419158,0.899167,-0.174807,0.421629,0.905673,-0.161169
822,27400,True,0.9987,0.9987,0.311006,0.860386,0.0,0.432106,0.837423,-0.013493,0.541962,0.793364,-0.039985,0.627964,0.785532,-0.069748,0.705838,0.776169,-0.100111,0.513635,0.604522,-0.056122,0.54493,0.601,-0.106602,0.584107,0.592217,-0.143519,0.621066,0.589416,-0.169939,0.445068,0.592505,-0.078922,0.528843,0.775442,-0.141645,0.543195,0.89005,-0.158769,0.538955,0.957914,-0.163744,0.374067,0.639689,-0.102994,0.450185,0.843509,-0.154147,0.451157,0.909495,-0.141917,0.436888,0.929311,-0.126516,0.309302,0.71315,-0.130191,0.376553,0.862508,-0.163171,0.398642,0.911968,-0.153431,0.400257,0.921107,-0.13999
823,27433,True,0.999,0.999,0.315569,0.890313,0.0,0.430868,0.881824,-0.012072,0.533571,0.840889,-0.03711,0.614843,0.83174,-0.065792,0.68969,0.821546,-0.093646,0.524671,0.645136,-0.049616,0.551857,0.658197,-0.10366,0.586428,0.679177,-0.14175,0.617873,0.701895,-0.16702,0.455741,0.62352,-0.071931,0.50918,0.837042,-0.139673,0.51684,0.968874,-0.158769,0.514772,1.042707,-0.163037,0.379358,0.660679,-0.09639,0.432408,0.89434,-0.147737,0.425114,0.953995,-0.136751,0.410554,0.956414,-0.121898,0.304263,0.729375,-0.124219,0.352713,0.895763,-0.156318,0.359154,0.936619,-0.147543,0.351177,0.925298,-0.134301
824,27466,True,0.9882,0.9882,0.307604,0.845249,0.0,0.403554,0.848315,-0.025927,0.486115,0.865838,-0.060962,0.54066,0.914249,-0.098511,0.583913,0.958636,-0.137388,0.526618,0.699496,-0.073428,0.579712,0.80219,-0.128884,0.628139,0.86501,-0.167882,0.674481,0.918436,-0.194273,0.454811,0.679915,-0.089845,0.486661,0.947347,-0.150195,0.489628,1.071715,-0.163654,0.494279,1.132912,-0.16871,0.375708,0.706435,-0.108605,0.409442,0.979585,-0.158395,0.409736,1.044605,-0.145436,0.40864,1.051147,-0.130909,0.303128,0.754708,-0.131913,0.33265,0.95837,-0.166502,0.335991,1.009047,-0.156892,0.337952,1.004367,-0.143232
825,27500,True,0.998,0.998,0.303655,0.797886,1e-06,0.41733,0.812735,-0.036037,0.523843,0.847609,-0.077677,0.605601,0.907142,-0.117408,0.678088,0.950483,-0.16169,0.538388,0.725721,-0.10954,0.588106,0.868502,-0.170703,0.639115,0.942858,-0.213029,0.685004,1.00411,-0.242474,0.459607,0.718408,-0.124487,0.499706,0.976581,-0.188098,0.513613,1.103954,-0.204845,0.521459,1.178951,-0.216479,0.376959,0.74175,-0.140754,0.4142,0.991506,-0.201052,0.437858,1.09293,-0.194365,0.44915,1.149733,-0.185033,0.29897,0.780631,-0.16036,0.329529,0.96149,-0.205631,0.354765,1.051007,-0.199588,0.369602,1.103607,-0.189992
826,27533,True,0.9995,0.9995,0.294143,0.751284,1e-06,0.399226,0.774447,-0.020491,0.518932,0.837063,-0.051491,0.60291,0.906674,-0.079908,0.676767,0.917036,-0.112387,0.530306,0.712317,-0.10111,0.574087,0.834251,-0.14973,0.624063,0.912828,-0.180921,0.666227,0.979777,-0.202748,0.464448,0.716601,-0.118282,0.511291,0.959141,-0.163651,0.526532,1.069085,-0.17419,0.533487,1.136493,-0.18588,0.388037,0.750026,-0.134189,0.428833,0.987571,-0.17678,0.443114,1.074131,-0.16961,0.444848,1.116774,-0.165498,0.312333,0.794677,-0.151614,0.349614,0.975304,-0.184928,0.370397,1.050356,-0.18022,0.379532,1.087312,-0.175734
827,27566,True,0.9987,0.9987,0.323243,0.764448,1e-06,0.428947,0.768529,-0.021215,0.534447,0.820798,-0.058318,0.606504,0.887419,-0.091539,0.676273,0.909531,-0.12896,0.550554,0.714926,-0.133218,0.614473,0.845694,-0.192879,0.674794,0.915068,-0.230398,0.727967,0.970837,-0.256878,0.480185,0.712736,-0.152179,0.521189,0.955906,-0.204555,0.541359,1.091341,-0.213215,0.554933,1.189544,-0.225016,0.395248,0.746505,-0.168212,0.436014,0.98874,-0.217715,0.451801,1.096251,-0.206567,0.455759,1.158312,-0.200036,0.31689,0.795384,-0.184944,0.358613,0.971778,-0.225143,0.382116,1.060813,-0.218454,0.39173,1.117798,-0.212353
828,27599,True,0.9995,0.9995,0.331821,0.781122,1e-06,0.444708,0.79294,-0.018728,0.555091,0.830414,-0.053295,0.632032,0.876448,-0.085696,0.701227,0.888967,-0.119875,0.555008,0.690217,-0.11,0.601718,0.772568,-0.165994,0.654239,0.829498,-0.20124,0.694168,0.874669,-0.224307,0.487515,0.691536,-0.128424,0.53238,0.933468,-0.183257,0.53366,1.053545,-0.189929,0.529128,1.120069,-0.19428,0.40741,0.731296,-0.145144,0.45377,0.969676,-0.197515,0.466405,1.074051,-0.185024,0.463598,1.123021,-0.172436,0.330731,0.787769,-0.162403,0.378321,0.963896,-0.200238,0.402469,1.0437,-0.190851,0.410996,1.086322,-0.180303
829,27633,True,0.9999,0.9999,0.324169,0.778114,1e-06,0.429011,0.787664,-0.025591,0.538883,0.815489,-0.06171,0.613899,0.862373,-0.093856,0.675414,0.877814,-0.124555,0.543494,0.673983,-0.115979,0.577044,0.745278,-0.17124,0.61441,0.805557,-0.197639,0.636647,0.845055,-0.2133,0.480998,0.672206,-0.130843,0.53525,0.929111,-0.193076,0.516862,1.044201,-0.19598,0.496069,1.092438,-0.193087,0.405848,0.713837,-0.144504,0.453514,0.97417,-0.202978,0.453999,1.069273,-0.189179,0.444195,1.102211,-0.172207,0.330581,0.776406,-0.159145,0.383193,0.966717,-0.198851,0.399316,1.035111,-0.188372,0.4014,1.058934,-0.175303
830,27666,True,0.9998,0.9998,0.338267,0.79039,1e-06,0.430861,0.794693,-0.029403,0.535464,0.812805,-0.066666,0.610245,0.851645,-0.098969,0.677993,0.859959,-0.131457,0.534088,0.664496,-0.121443,0.564238,0.73083,-0.183293,0.608626,0.786542,-0.223689,0.643403,0.828432,-0.251407,0.465734,0.659825,-0.138358,0.509668,0.858464,-0.199128,0.51984,0.94517,-0.212057,0.522326,0.986057,-0.22318,0.389389,0.699204,-0.154337,0.425207,0.912158,-0.202318,0.431091,0.95114,-0.183993,0.425206,0.93953,-0.172223,0.312861,0.757091,-0.173818,0.351734,0.926247,-0.206889,0.371939,0.958283,-0.192915,0.375578,0.948712,-0.182162
831,27700,True,0.9972,0.9972,0.333915,0.822587,1e-06,0.427374,0.822375,-0.026939,0.532516,0.822844,-0.058029,0.607011,0.861065,-0.088004,0.675733,0.861132,-0.118298,0.505581,0.670175,-0.084205,0.536993,0.719977,-0.133156,0.570507,0.748455,-0.169452,0.601082,0.774239,-0.195308,0.435129,0.671264,-0.09992,0.473723,0.880648,-0.145075,0.48647,0.936769,-0.15288,0.493066,0.955984,-0.160274,0.3575,0.71316,-0.117197,0.395048,0.916929,-0.149777,0.407907,0.931049,-0.124072,0.409904,0.909846,-0.107899,0.281738,0.769727,-0.139967,0.315324,0.926821,-0.166839,0.339421,0.936201,-0.151299,0.347651,0.910272,-0.137469
832,27733,True,0.9739,0.9739,0.300993,0.868192,0.0,0.400463,0.855924,-0.033299,0.504732,0.831754,-0.062167,0.585083,0.858065,-0.08999,0.653971,0.858404,-0.117989,0.473018,0.654869,-0.070083,0.523954,0.749043,-0.120952,0.575199,0.800196,-0.164212,0.621797,0.840741,-0.196052,0.400278,0.652252,-0.081296,0.44118,0.880823,-0.126452,0.436565,0.898546,-0.14476,0.43268,0.860964,-0.162489,0.321415,0.695333,-0.096191,0.361739,0.922732,-0.131832,0.359697,0.914481,-0.1215,0.358527,0.861916,-0.117348,0.246709,0.755231,-0.116875,0.28311,0.930232,-0.148266,0.286935,0.927022,-0.143824,0.282302,0.880219,-0.138594
833,27766,True,0.9876,0.9876,0.300058,0.844968,0.0,0.399532,0.851624,-0.04212,0.494201,0.833096,-0.076155,0.579902,0.843206,-0.109504,0.653759,0.83706,-0.144284,0.440322,0.651834,-0.087405,0.465479,0.697806,-0.142422,0.502987,0.719428,-0.185011,0.543634,0.73889,-0.215321,0.356422,0.644568,-0.098959,0.376059,0.859697,-0.154633,0.382416,0.901048,-0.176744,0.382931,0.89288,-0.192665,0.274235,0.689771,-0.113955,0.300995,0.92045,-0.164326,0.314698,0.942048,-0.162445,0.322783,0.917593,-0.159153,0.201393,0.754673,-0.134831,0.223948,0.942642,-0.178068,0.235451,0.980778,-0.178567,0.238082,0.972032,-0.173369
834,27800,True,0.9877,0.9877,0.293363,0.827132,0.0,0.391432,0.839546,-0.045191,0.471873,0.827925,-0.083322,0.54553,0.846848,-0.120818,0.615695,0.839172,-0.155271,0.427237,0.63357,-0.100137,0.439088,0.684016,-0.162205,0.460836,0.693376,-0.20177,0.486241,0.693978,-0.227262,0.332596,0.605809,-0.108406,0.370235,0.896795,-0.165867,0.382686,0.923278,-0.173045,0.382874,0.892468,-0.17514,0.246577,0.65125,-0.121353,0.297865,0.946599,-0.169091,0.31857,0.944608,-0.144586,0.326913,0.892163,-0.122611,0.172614,0.718697,-0.142602,0.21237,0.941306,-0.19017,0.222731,0.95624,-0.184348,0.218121,0.919358,-0.168324
835,27833,True,0.982,0.982,0.292214,0.846988,0.0,0.383379,0.846729,-0.058006,0.454494,0.827531,-0.105956,0.523078,0.837668,-0.151809,0.599678,0.837224,-0.193618,0.413708,0.609233,-0.106565,0.42442,0.683763,-0.170732,0.44298,0.698468,-0.206356,0.464013,0.697515,-0.227231,0.320035,0.594783,-0.109155,0.371278,0.890535,-0.171999,0.396958,0.942702,-0.175948,0.407745,0.929711,-0.171731,0.237542,0.645451,-0.117947,0.304378,0.944616,-0.173711,0.338134,0.970075,-0.150086,0.355099,0.938495,-0.123731,0.167502,0.720134,-0.135447,0.218015,0.933052,-0.185063,0.239402,0.96913,-0.178674,0.24424,0.952002,-0.159963
836,27866,True,0.9858,0.9858,0.297402,0.852808,-0.0,0.388219,0.861463,-0.070552,0.463432,0.845676,-0.123592,0.529993,0.837588,-0.169245,0.605054,0.822308,-0.208229,0.419734,0.607883,-0.125372,0.436977,0.786065,-0.196261,0.444331,0.846011,-0.22908,0.449885,0.834481,-0.246712,0.319889,0.610473,-0.122184,0.359761,0.900901,-0.17838,0.389886,0.94792,-0.176773,0.402413,0.908155,-0.175231,0.234217,0.659011,-0.125994,0.283874,0.93731,-0.171303,0.321442,0.961879,-0.142457,0.338097,0.911431,-0.120353,0.161592,0.724136,-0.13969,0.199982,0.926249,-0.174894,0.225703,0.961659,-0.163308,0.231827,0.934566,-0.147927
837,27900,True,0.9867,0.9867,0.306917,0.852457,-1e-06,0.389366,0.843584,-0.046563,0.460847,0.835909,-0.089358,0.531652,0.836914,-0.131353,0.61232,0.838406,-0.172334,0.420531,0.63257,-0.108676,0.452054,0.783882,-0.172864,0.472738,0.869803,-0.207511,0.488847,0.923436,-0.224011,0.325733,0.635649,-0.113694,0.369496,0.904426,-0.17358,0.395509,1.012715,-0.185094,0.412588,1.063372,-0.190862,0.242255,0.68376,-0.121308,0.290143,0.939939,-0.171273,0.318661,1.01982,-0.166049,0.333572,1.048443,-0.157902,0.174897,0.748442,-0.134466,0.201087,0.916936,-0.165228,0.20929,0.964302,-0.161187,0.203111,0.971774,-0.153466
838,27933,True,0.9669,0.9669,0.288027,0.788391,-1e-06,0.374157,0.795151,-0.055709,0.450557,0.827131,-0.116335,0.529906,0.866788,-0.175601,0.621208,0.886643,-0.238039,0.425802,0.659475,-0.149499,0.469709,0.877132,-0.238297,0.486249,0.999216,-0.292728,0.489861,1.07267,-0.320034,0.32706,0.671369,-0.156256,0.37668,0.953272,-0.233618,0.394501,1.095029,-0.24977,0.396983,1.16637,-0.258311,0.238149,0.717221,-0.164534,0.286417,0.968816,-0.232954,0.308455,1.096042,-0.221294,0.314715,1.160651,-0.204459,0.164791,0.7766,-0.17805,0.192959,0.938782,-0.215697,0.212872,1.019159,-0.199452,0.219175,1.062538,-0.181627
839,27966,True,0.9308,0.9308,0.287989,0.81428,-0.0,0.382684,0.835003,-0.036167,0.458561,0.874757,-0.075551,0.530628,0.912861,-0.116178,0.607356,0.936597,-0.160055,0.426018,0.696599,-0.096903,0.459844,0.90011,-0.159746,0.472567,1.004446,-0.202076,0.480322,1.055678,-0.226041,0.330327,0.702925,-0.109255,0.371338,0.961772,-0.156189,0.395866,1.061163,-0.169411,0.410248,1.102307,-0.182701,0.242663,0.738645,-0.123466,0.282636,0.978972,-0.169616,0.314215,1.059631,-0.164734,0.330966,1.087616,-0.159801,0.167786,0.783961,-0.141614,0.186098,0.958244,-0.172519,0.211981,1.019204,-0.163114,0.22446,1.041252,-0.153604
840,28000,True,0.9221,0.9221,0.281651,0.794943,-0.0,0.376683,0.820238,-0.042365,0.45403,0.870846,-0.086947,0.523794,0.914597,-0.130604,0.601297,0.946993,-0.177099,0.417875,0.703207,-0.115485,0.448717,0.905334,-0.175002,0.461197,1.002924,-0.21104,0.467462,1.042468,-0.232876,0.320262,0.716576,-0.126464,0.359059,0.97261,-0.1691,0.386592,1.052374,-0.179125,0.403777,1.069185,-0.195101,0.233091,0.753994,-0.138351,0.278332,0.993234,-0.182255,0.309003,1.058726,-0.175585,0.322643,1.067913,-0.173903,0.160141,0.797537,-0.154625,0.190492,0.977757,-0.186266,0.219227,1.034585,-0.176392,0.231246,1.046946,-0.169398
841,28033,True,0.9816,0.9816,0.280538,0.796333,-0.0,0.377541,0.819817,-0.035634,0.455546,0.865171,-0.073552,0.530369,0.905565,-0.111347,0.607231,0.930236,-0.152289,0.430539,0.69939,-0.103524,0.443039,0.914644,-0.166993,0.449337,1.028179,-0.208082,0.453251,1.080428,-0.231414,0.330365,0.710384,-0.117369,0.353289,0.969132,-0.164822,0.37932,1.085138,-0.177056,0.396947,1.136078,-0.191378,0.24,0.747033,-0.132562,0.266456,0.986778,-0.18315,0.297093,1.088254,-0.176156,0.31256,1.131171,-0.17038,0.164584,0.791029,-0.151225,0.181666,0.97221,-0.184154,0.214728,1.052649,-0.171596,0.232653,1.090976,-0.160889
842,28066,True,0.981,0.981,0.270198,0.794796,0.0,0.371236,0.818814,-0.046439,0.45334,0.855625,-0.088239,0.533425,0.893466,-0.126718,0.610002,0.90455,-0.16729,0.422965,0.676461,-0.109151,0.423573,0.906183,-0.170667,0.433206,0.976438,-0.21157,0.444507,0.98358,-0.237471,0.324449,0.684632,-0.116532,0.34234,0.96948,-0.160215,0.363838,1.053946,-0.171857,0.377305,1.071425,-0.18845,0.236705,0.722003,-0.126433,0.266563,0.988129,-0.172791,0.296454,1.061866,-0.16434,0.312398,1.076112,-0.160334,0.162968,0.769341,-0.141376,0.191937,0.976537,-0.175073,0.221484,1.040957,-0.166247,0.234859,1.061778,-0.159027
843,28099,True,0.9791,0.9791,0.266098,0.807688,-0.0,0.366128,0.822424,-0.042495,0.448329,0.831267,-0.080379,0.531691,0.853013,-0.115493,0.61006,0.850902,-0.14963,0.413768,0.643982,-0.095642,0.419954,0.817352,-0.151058,0.424583,0.881399,-0.184308,0.429382,0.894999,-0.20469,0.320579,0.650003,-0.103427,0.339588,0.911759,-0.146994,0.364136,0.983508,-0.157232,0.380103,0.997212,-0.169934,0.236609,0.689111,-0.114327,0.267752,0.9502,-0.156526,0.29999,1.002667,-0.148511,0.320141,0.998729,-0.144349,0.165026,0.742186,-0.13044,0.193937,0.936763,-0.162656,0.218168,0.978253,-0.157423,0.228589,0.973103,-0.151793
844,28133,True,0.9809,0.9809,0.275268,0.827001,0.0,0.367099,0.825993,-0.043855,0.444155,0.810063,-0.083504,0.525625,0.820168,-0.121992,0.601239,0.821015,-0.158926,0.405056,0.613294,-0.097278,0.407412,0.695522,-0.152468,0.420357,0.731842,-0.187786,0.438316,0.754263,-0.211167,0.309935,0.604855,-0.106564,0.337513,0.87672,-0.168388,0.374509,0.96492,-0.185635,0.404407,1.002637,-0.196015,0.224864,0.651905,-0.118568,0.271028,0.917815,-0.167473,0.309811,0.962731,-0.161779,0.337014,0.963555,-0.156461,0.153794,0.720913,-0.137054,0.190638,0.916679,-0.176567,0.219544,0.958114,-0.176335,0.238056,0.956297,-0.171021
845,28166,True,0.9815,0.9815,0.277493,0.848127,-0.0,0.365422,0.842285,-0.054353,0.446122,0.819094,-0.10277,0.527741,0.818344,-0.148977,0.608287,0.817596,-0.193253,0.396292,0.594756,-0.109503,0.403964,0.654468,-0.172169,0.422558,0.67048,-0.208841,0.447732,0.670747,-0.232612,0.301371,0.580401,-0.115885,0.345093,0.854829,-0.191109,0.394031,0.954944,-0.205183,0.433451,0.987171,-0.206978,0.219487,0.63218,-0.126515,0.279972,0.903711,-0.190628,0.327912,0.958976,-0.182104,0.361804,0.959275,-0.167538,0.153792,0.711234,-0.144166,0.201228,0.903277,-0.19606,0.232564,0.957595,-0.197943,0.251621,0.961058,-0.188416
846,28200,True,0.9792,0.9792,0.288245,0.836431,-1e-06,0.375803,0.834389,-0.059027,0.453887,0.826425,-0.108052,0.53072,0.824459,-0.152639,0.607423,0.813675,-0.192832,0.406331,0.600062,-0.11176,0.416478,0.816592,-0.179836,0.427859,0.929232,-0.218464,0.441096,0.961925,-0.239731,0.307936,0.611537,-0.114101,0.336826,0.891234,-0.165766,0.374041,0.957697,-0.172543,0.399433,0.948449,-0.178976,0.223902,0.658671,-0.121807,0.267092,0.916435,-0.16348,0.30795,0.961406,-0.146355,0.331568,0.939195,-0.133747,0.154478,0.721629,-0.137746,0.189083,0.901009,-0.164712,0.217361,0.945116,-0.151947,0.228273,0.934658,-0.138673
847,28233,True,0.9832,0.9832,0.310526,0.848125,-1e-06,0.389615,0.849951,-0.049777,0.463311,0.851456,-0.096677,0.539591,0.861519,-0.142559,0.61982,0.865782,-0.188136,0.419984,0.641264,-0.112442,0.439092,0.810991,-0.183272,0.440703,0.904508,-0.225325,0.441501,0.956724,-0.246748,0.322327,0.645551,-0.117201,0.352331,0.90211,-0.174281,0.364257,1.001897,-0.186236,0.369993,1.041896,-0.195854,0.237461,0.689938,-0.125471,0.273976,0.930785,-0.174223,0.288166,1.008378,-0.16869,0.289464,1.033393,-0.16253,0.165964,0.750398,-0.139708,0.19078,0.913116,-0.167936,0.199261,0.967944,-0.160755,0.191234,0.979327,-0.152709
848,28266,True,0.9761,0.9761,0.294625,0.810872,-1e-06,0.383499,0.823503,-0.065246,0.462779,0.860273,-0.128208,0.530591,0.901869,-0.184049,0.611392,0.92522,-0.238951,0.422325,0.682211,-0.16397,0.449847,0.919122,-0.249837,0.459204,1.02302,-0.300701,0.4595,1.059044,-0.328713,0.316645,0.693743,-0.163816,0.353742,0.970561,-0.224773,0.379977,1.03104,-0.231791,0.389132,1.024283,-0.243792,0.2265,0.735948,-0.166465,0.272994,0.988869,-0.209089,0.305703,1.026725,-0.18944,0.316139,1.011454,-0.180554,0.153585,0.788996,-0.177775,0.189193,0.974873,-0.203106,0.216722,1.011018,-0.188651,0.223113,1.003743,-0.179396
849,28300,True,0.9413,0.9413,0.28204,0.796677,-0.0,0.378044,0.821394,-0.055438,0.459434,0.877127,-0.113262,0.533903,0.930087,-0.167593,0.615153,0.962995,-0.224428,0.413916,0.710307,-0.149587,0.445414,0.908922,-0.220886,0.466214,1.003783,-0.263175,0.475208,1.038924,-0.287933,0.311862,0.730085,-0.156669,0.359718,0.985493,-0.211547,0.387203,1.066249,-0.220237,0.397738,1.081831,-0.233606,0.2221,0.771797,-0.164488,0.276969,1.002364,-0.210601,0.30731,1.062076,-0.195709,0.314233,1.068395,-0.188315,0.147994,0.818813,-0.178772,0.185064,0.987584,-0.208355,0.214821,1.041536,-0.191624,0.222736,1.053868,-0.179865
850,28333,True,0.949,0.949,0.275739,0.810229,-0.0,0.371006,0.839136,-0.036868,0.454049,0.882704,-0.078252,0.536891,0.927316,-0.119882,0.620249,0.94513,-0.16555,0.422134,0.721977,-0.107401,0.444293,0.933099,-0.172104,0.452794,1.04001,-0.215855,0.458477,1.088084,-0.24211,0.324846,0.730289,-0.122185,0.362013,0.98832,-0.166631,0.385939,1.085137,-0.179131,0.398301,1.118721,-0.196522,0.234971,0.764724,-0.138577,0.276784,1.003983,-0.18272,0.304114,1.080922,-0.174115,0.315394,1.09944,-0.171186,0.157637,0.806815,-0.15906,0.184753,0.988167,-0.189141,0.217575,1.055321,-0.17639,0.232273,1.07795,-0.167868
851,28366,True,0.9778,0.9778,0.264647,0.790292,0.0,0.364586,0.820198,-0.041398,0.454513,0.866332,-0.079665,0.540404,0.90686,-0.116414,0.621706,0.91418,-0.156701,0.411989,0.706267,-0.10599,0.420619,0.939676,-0.169442,0.432846,1.046706,-0.211824,0.445966,1.095324,-0.237394,0.312706,0.715633,-0.117941,0.33546,0.979923,-0.16703,0.363646,1.094521,-0.183099,0.38239,1.145955,-0.201169,0.223192,0.747461,-0.131635,0.255261,0.991787,-0.184067,0.283587,1.093336,-0.179249,0.298252,1.134286,-0.175583,0.149127,0.78705,-0.149107,0.176257,0.980251,-0.18349,0.204759,1.057095,-0.172647,0.217394,1.09001,-0.16382
852,28400,True,0.9764,0.9764,0.248466,0.787663,0.0,0.355647,0.804361,-0.044517,0.448816,0.824874,-0.082587,0.530901,0.86035,-0.117317,0.609312,0.859622,-0.152062,0.38362,0.668874,-0.090716,0.388111,0.860426,-0.153535,0.399001,0.898314,-0.20733,0.401539,0.899711,-0.24251,0.286774,0.685835,-0.099405,0.310812,0.944637,-0.13745,0.337702,0.941561,-0.155773,0.346553,0.903862,-0.179181,0.203269,0.731362,-0.112081,0.236539,0.973632,-0.145834,0.262147,0.952675,-0.132148,0.27158,0.900653,-0.1276,0.135329,0.786432,-0.131939,0.162896,0.979188,-0.163516,0.185775,0.96108,-0.154136,0.187941,0.907997,-0.14627
853,28433,True,0.9946,0.9946,0.227512,0.819788,0.0,0.325575,0.826096,-0.064941,0.407003,0.828872,-0.117474,0.490467,0.848216,-0.161213,0.568798,0.842988,-0.201904,0.344288,0.648005,-0.126491,0.325614,0.847746,-0.192566,0.341846,0.873662,-0.241657,0.353503,0.854047,-0.275911,0.24796,0.659395,-0.125927,0.253776,0.920066,-0.17102,0.281617,0.899028,-0.188877,0.292388,0.837946,-0.212567,0.168377,0.700632,-0.129586,0.186071,0.952081,-0.162168,0.217217,0.922369,-0.148306,0.235595,0.850596,-0.146638,0.105198,0.756505,-0.143002,0.129136,0.952124,-0.174947,0.162295,0.935492,-0.170605,0.179127,0.87735,-0.168258
854,28466,True,0.992,0.992,0.207608,0.879833,-0.0,0.303881,0.864608,-0.047015,0.385466,0.83538,-0.086888,0.462999,0.844867,-0.123469,0.539561,0.851427,-0.155541,0.292931,0.648173,-0.10084,0.293494,0.720801,-0.152878,0.28003,0.745345,-0.18573,0.257439,0.744943,-0.208256,0.200602,0.647732,-0.103449,0.203663,0.889398,-0.143751,0.246785,0.905684,-0.153182,0.275197,0.872681,-0.165317,0.125612,0.691875,-0.109004,0.144048,0.932337,-0.132276,0.186216,0.924973,-0.112807,0.21379,0.876031,-0.104576,0.068158,0.755104,-0.12374,0.09102,0.934989,-0.146736,0.13274,0.940518,-0.138281,0.16549,0.908904,-0.129888
855,28500,True,0.9919,0.9919,0.199355,0.89759,-0.0,0.286084,0.877769,-0.061604,0.368455,0.835331,-0.107568,0.450071,0.845146,-0.148758,0.528591,0.846227,-0.184521,0.276415,0.624437,-0.112107,0.268648,0.687983,-0.176471,0.248973,0.726917,-0.20817,0.224362,0.740259,-0.226943,0.186348,0.625311,-0.109026,0.173151,0.864852,-0.172673,0.224109,0.929091,-0.18136,0.265408,0.927022,-0.184564,0.109733,0.671313,-0.111455,0.118361,0.926675,-0.159499,0.177373,0.977894,-0.142484,0.22142,0.967946,-0.127112,0.049801,0.736701,-0.123269,0.067232,0.931619,-0.163334,0.122551,0.980616,-0.161578,0.17035,0.970265,-0.152246
856,28533,True,0.9939,0.9939,0.175669,0.867604,-1e-06,0.265851,0.86024,-0.06996,0.357305,0.82416,-0.128714,0.442858,0.845385,-0.182355,0.522992,0.860452,-0.233464,0.285616,0.621753,-0.134933,0.267328,0.65845,-0.223196,0.217548,0.728405,-0.275114,0.167543,0.786392,-0.303668,0.190084,0.617703,-0.13239,0.172103,0.835043,-0.220126,0.207398,0.954069,-0.237469,0.24126,0.992116,-0.241361,0.106828,0.658948,-0.135946,0.102017,0.883469,-0.200673,0.148327,0.975751,-0.18238,0.184479,0.997371,-0.162048,0.039299,0.71913,-0.148849,0.042867,0.896319,-0.194765,0.093538,0.968644,-0.186419,0.137107,0.970846,-0.170972
857,28566,True,0.992,0.992,0.18671,0.88965,-0.0,0.280638,0.877259,-0.066786,0.36274,0.842508,-0.115406,0.445867,0.859898,-0.158641,0.525883,0.865971,-0.196415,0.282222,0.623633,-0.10833,0.22909,0.71287,-0.181596,0.207274,0.803506,-0.224386,0.197919,0.837515,-0.247773,0.187116,0.629098,-0.10319,0.147227,0.837057,-0.165453,0.191116,0.905481,-0.174532,0.230873,0.900281,-0.177423,0.108222,0.669819,-0.105255,0.093821,0.885822,-0.148639,0.137893,0.923475,-0.127883,0.173172,0.898482,-0.110613,0.045087,0.724536,-0.117862,0.04569,0.902561,-0.15282,0.099659,0.94444,-0.14544,0.148081,0.928861,-0.132059
858,28599,True,0.9943,0.9943,0.208473,0.861242,-0.0,0.301338,0.848447,-0.056616,0.385651,0.830366,-0.10589,0.469995,0.854995,-0.153519,0.548386,0.860459,-0.198677,0.292829,0.628456,-0.115504,0.308282,0.726266,-0.184045,0.319687,0.751158,-0.225965,0.323838,0.744521,-0.252686,0.198569,0.641774,-0.118348,0.233015,0.915769,-0.181253,0.277512,0.964942,-0.194884,0.302728,0.946558,-0.205422,0.123982,0.697674,-0.125571,0.172017,0.96132,-0.168297,0.211858,0.985411,-0.152231,0.231378,0.952207,-0.142166,0.067452,0.766652,-0.142616,0.110463,0.967816,-0.176403,0.15432,0.99327,-0.172047,0.181175,0.967146,-0.164657
859,28633,True,0.9909,0.9909,0.239937,0.875348,-1e-06,0.32981,0.874295,-0.066029,0.411784,0.86371,-0.121432,0.491693,0.871703,-0.172903,0.574689,0.86492,-0.220649,0.341733,0.641199,-0.130968,0.36526,0.799611,-0.207239,0.388352,0.906748,-0.247253,0.403059,0.949986,-0.268555,0.244816,0.653252,-0.130579,0.285217,0.926208,-0.198633,0.321342,1.026807,-0.210058,0.34203,1.042955,-0.216468,0.162651,0.705449,-0.134848,0.211932,0.967357,-0.187716,0.247376,1.033304,-0.176784,0.26443,1.0269,-0.167019,0.094933,0.77078,-0.147592,0.13542,0.967839,-0.183248,0.173036,1.028585,-0.176785,0.190794,1.027861,-0.167207
860,28666,True,0.9893,0.9893,0.255885,0.863561,-1e-06,0.346048,0.864704,-0.06456,0.427418,0.861492,-0.120573,0.504478,0.88101,-0.171521,0.587608,0.899062,-0.220112,0.368258,0.656836,-0.138518,0.382907,0.842019,-0.219688,0.383749,0.958365,-0.264727,0.375986,1.006596,-0.288726,0.26668,0.673693,-0.1401,0.29269,0.91965,-0.202617,0.310206,1.011916,-0.211973,0.316168,1.02011,-0.220886,0.181363,0.72496,-0.146119,0.218439,0.964654,-0.193824,0.246648,1.025249,-0.179123,0.256294,1.014415,-0.16997,0.110826,0.787384,-0.160756,0.137396,0.967081,-0.189396,0.168093,1.024038,-0.176838,0.179521,1.023013,-0.166411
861,28700,True,0.9858,0.9858,0.260645,0.814285,-1e-06,0.349801,0.838589,-0.070781,0.428559,0.873186,-0.134829,0.499771,0.913926,-0.19165,0.582145,0.937013,-0.247966,0.36728,0.690763,-0.164514,0.360836,0.903776,-0.250764,0.363273,1.018418,-0.304459,0.365022,1.075015,-0.334129,0.260913,0.695426,-0.162029,0.276144,0.953155,-0.224293,0.295995,1.038755,-0.23373,0.307529,1.065546,-0.244385,0.175096,0.730463,-0.162323,0.2017,0.976022,-0.202765,0.231661,1.026915,-0.18188,0.248443,1.026821,-0.171094,0.106713,0.780144,-0.172649,0.13106,0.967952,-0.195407,0.164042,1.013744,-0.179004,0.18209,1.015805,-0.167114
862,28733,True,0.9903,0.9903,0.254401,0.798543,-0.0,0.345277,0.830652,-0.074455,0.426632,0.878149,-0.1455,0.497227,0.931629,-0.208738,0.577095,0.967788,-0.273207,0.358015,0.709671,-0.184237,0.349157,0.931527,-0.272758,0.343264,1.039169,-0.326133,0.336735,1.080263,-0.357162,0.247811,0.715744,-0.181949,0.26326,0.973099,-0.243661,0.277503,1.055695,-0.249855,0.285485,1.069641,-0.2609,0.161308,0.751804,-0.181469,0.191235,0.999899,-0.221243,0.217783,1.047582,-0.195889,0.231684,1.035229,-0.184583,0.094769,0.802833,-0.191523,0.124641,0.997893,-0.212699,0.158058,1.045575,-0.192553,0.176263,1.0456,-0.180057
863,28766,True,0.9982,0.9982,0.230076,0.753744,-0.0,0.324133,0.795034,-0.07544,0.420367,0.863626,-0.152228,0.494648,0.958891,-0.216558,0.557624,1.047598,-0.280213,0.350256,0.71676,-0.223,0.345629,0.988953,-0.296491,0.341701,1.027184,-0.322846,0.328954,0.98632,-0.341029,0.236753,0.731644,-0.22039,0.262218,1.019399,-0.274506,0.279391,1.022355,-0.259761,0.277712,0.955113,-0.25979,0.147698,0.769075,-0.216275,0.18619,1.039332,-0.248765,0.20982,1.025039,-0.203138,0.210987,0.949418,-0.181191,0.08118,0.818049,-0.223667,0.121543,1.025222,-0.249654,0.152479,1.02333,-0.229665,0.162118,0.968841,-0.218958
864,28800,True,0.9948,0.9948,0.21906,0.758507,0.0,0.311336,0.803954,-0.063817,0.390844,0.885371,-0.128056,0.460651,0.983397,-0.187422,0.52609,1.028262,-0.251289,0.348022,0.732668,-0.179508,0.347345,0.957691,-0.264576,0.365605,1.068292,-0.319898,0.375527,1.119885,-0.355839,0.244519,0.743986,-0.191537,0.253006,1.017543,-0.266458,0.283997,1.142986,-0.28524,0.29997,1.206459,-0.305939,0.154409,0.78018,-0.204253,0.173845,1.033859,-0.268984,0.205542,1.134067,-0.253941,0.219792,1.180821,-0.245337,0.082212,0.829537,-0.223966,0.100992,1.033111,-0.267818,0.138254,1.119232,-0.253059,0.160082,1.165083,-0.243456
865,28833,True,0.9601,0.9601,0.296872,0.75041,1e-06,0.389458,0.765682,-0.063472,0.46707,0.858351,-0.133426,0.507451,0.979465,-0.195189,0.532376,1.04288,-0.262628,0.34653,0.76479,-0.207367,0.366109,1.019593,-0.29336,0.41054,1.143594,-0.344964,0.442877,1.241023,-0.377111,0.236048,0.779095,-0.216909,0.288609,1.063986,-0.285142,0.337478,1.179557,-0.285917,0.368584,1.259496,-0.297023,0.158489,0.811287,-0.226975,0.213909,1.076833,-0.280967,0.267884,1.153474,-0.250758,0.300107,1.206678,-0.234494,0.103339,0.852242,-0.244634,0.151031,1.045059,-0.278093,0.207937,1.100051,-0.259073,0.239808,1.129716,-0.250841
866,28866,True,0.9948,0.9948,0.230083,0.803776,-0.0,0.346485,0.838126,-0.088383,0.453353,0.891589,-0.17875,0.539674,0.954901,-0.2506,0.607934,0.993212,-0.32755,0.400459,0.739567,-0.273511,0.41637,0.963404,-0.351353,0.416427,1.074144,-0.378439,0.412318,1.124056,-0.392836,0.29857,0.744411,-0.259853,0.31762,0.999671,-0.322671,0.334601,1.09811,-0.319129,0.349296,1.125171,-0.32392,0.208081,0.780577,-0.241227,0.231598,1.021002,-0.290618,0.252746,1.091985,-0.27296,0.261977,1.101188,-0.266652,0.132046,0.836144,-0.227634,0.158689,1.023573,-0.266967,0.187127,1.08416,-0.255621,0.20059,1.096584,-0.249741
867,28900,True,0.9945,0.9945,0.242916,0.77071,1e-06,0.356323,0.801705,-0.035758,0.454966,0.86718,-0.084765,0.538766,0.934399,-0.129857,0.626358,0.954736,-0.17727,0.41614,0.700808,-0.150617,0.461026,0.922374,-0.213446,0.468516,1.052065,-0.247195,0.466665,1.12275,-0.267748,0.311128,0.72235,-0.170349,0.3586,0.982719,-0.21654,0.394348,1.117425,-0.21805,0.410403,1.193803,-0.230398,0.217466,0.768204,-0.189502,0.267657,1.015122,-0.231018,0.308979,1.118935,-0.208778,0.327907,1.168561,-0.199768,0.145867,0.825664,-0.212361,0.176832,1.008473,-0.239594,0.209775,1.072812,-0.220519,0.222953,1.092619,-0.210116
868,28933,True,0.9915,0.9915,0.237293,0.759165,1e-06,0.349112,0.788376,-0.044846,0.451065,0.848502,-0.097436,0.537351,0.912505,-0.143768,0.625629,0.923234,-0.193527,0.398983,0.68807,-0.167076,0.45221,0.85833,-0.232255,0.489955,0.958108,-0.270432,0.512788,1.036949,-0.296227,0.302536,0.702225,-0.181765,0.350793,0.962232,-0.241477,0.38922,1.097023,-0.24769,0.405329,1.186252,-0.260088,0.214843,0.747143,-0.195792,0.262313,0.998722,-0.248227,0.302912,1.106192,-0.230451,0.320935,1.168072,-0.221934,0.148469,0.807998,-0.213988,0.174448,0.993223,-0.254608,0.203851,1.062207,-0.245546,0.21708,1.09314,-0.239903
869,28966,True,0.9865,0.9865,0.218895,0.751146,0.0,0.336912,0.784716,-0.046829,0.438591,0.829033,-0.092882,0.523599,0.890479,-0.132284,0.607724,0.907005,-0.170768,0.380013,0.66189,-0.128381,0.396518,0.86405,-0.183167,0.409633,0.94699,-0.218253,0.412015,0.983557,-0.240593,0.282647,0.682011,-0.136799,0.312831,0.956578,-0.170679,0.351008,1.021916,-0.173411,0.371553,1.038613,-0.187506,0.197231,0.729434,-0.146703,0.232799,0.986924,-0.176393,0.2738,1.019898,-0.151681,0.292714,1.011231,-0.141871,0.131547,0.785037,-0.162848,0.155956,0.973731,-0.190087,0.189118,0.988571,-0.173787,0.199714,0.96326,-0.163011
870,29000,True,0.9715,0.9715,0.237312,0.709139,0.0,0.331926,0.758914,-0.05584,0.413484,0.810101,-0.103744,0.490708,0.863625,-0.144976,0.568504,0.87214,-0.185533,0.318449,0.657212,-0.129959,0.339711,0.818063,-0.189188,0.357757,0.877964,-0.235806,0.35972,0.892938,-0.267911,0.228854,0.673975,-0.134531,0.269947,0.945828,-0.171764,0.310431,1.005571,-0.181843,0.333096,1.010241,-0.203676,0.157378,0.716699,-0.141295,0.200917,0.9742,-0.173022,0.237766,0.997183,-0.152312,0.25041,0.974906,-0.148185,0.105791,0.76536,-0.156082,0.130954,0.954871,-0.185101,0.155148,0.969437,-0.170095,0.157401,0.941818,-0.163381
871,29033,True,0.9945,0.9945,0.223881,0.88714,-0.0,0.309042,0.879802,-0.060726,0.394637,0.84276,-0.105882,0.479546,0.854956,-0.147744,0.557762,0.842268,-0.184307,0.325405,0.649598,-0.104588,0.329214,0.669378,-0.17175,0.315884,0.680557,-0.207479,0.308148,0.677134,-0.227923,0.223859,0.62376,-0.100277,0.251795,0.90272,-0.168053,0.299932,0.962471,-0.172337,0.336565,0.952783,-0.166511,0.14211,0.670411,-0.102917,0.183573,0.952675,-0.151338,0.226395,0.969942,-0.121508,0.252431,0.931291,-0.092798,0.075256,0.738617,-0.11567,0.111989,0.945825,-0.161091,0.15665,0.972773,-0.153296,0.185087,0.939812,-0.133276
872,29066,True,0.9895,0.9895,0.209251,0.90339,-0.0,0.300522,0.882643,-0.054739,0.384869,0.825989,-0.101231,0.467677,0.815733,-0.148092,0.552517,0.810515,-0.192996,0.314432,0.626767,-0.104732,0.306485,0.595602,-0.174392,0.29013,0.577027,-0.215551,0.278728,0.564485,-0.240953,0.20841,0.592376,-0.108999,0.237881,0.845539,-0.197,0.296743,0.964185,-0.214128,0.344109,1.026121,-0.210297,0.120094,0.640544,-0.117835,0.178429,0.915644,-0.185016,0.236566,0.999432,-0.163571,0.277936,1.032579,-0.133619,0.051471,0.718987,-0.135375,0.098711,0.920421,-0.190267,0.147616,0.983493,-0.186462,0.182925,0.993582,-0.16662
873,29099,True,0.9902,0.9902,0.21353,0.883001,-0.0,0.302239,0.88766,-0.056764,0.395223,0.827317,-0.103862,0.468812,0.80361,-0.148574,0.5403,0.788126,-0.189613,0.320947,0.644946,-0.131785,0.307273,0.576371,-0.215258,0.277917,0.524406,-0.265785,0.254561,0.478039,-0.297189,0.209713,0.581685,-0.132514,0.228071,0.866218,-0.213467,0.289139,0.94391,-0.214791,0.340346,0.972857,-0.205209,0.117694,0.624224,-0.138967,0.166848,0.923105,-0.204306,0.224648,0.971443,-0.168299,0.267948,0.979247,-0.131346,0.049748,0.701471,-0.155034,0.092643,0.923271,-0.2154,0.142869,0.978176,-0.209385,0.183309,0.980188,-0.187923
874,29133,True,0.9863,0.9863,0.21793,0.879539,-0.0,0.303348,0.888318,-0.056167,0.396727,0.824483,-0.103535,0.472145,0.801038,-0.148618,0.547594,0.791071,-0.19037,0.325896,0.644908,-0.137605,0.312361,0.56308,-0.227176,0.28314,0.50299,-0.28099,0.258563,0.454264,-0.312654,0.214032,0.580207,-0.137791,0.233112,0.857987,-0.226466,0.292449,0.946671,-0.225554,0.340754,0.994394,-0.210324,0.121859,0.623135,-0.143748,0.170563,0.913069,-0.217194,0.226798,0.967988,-0.180517,0.267434,0.991949,-0.138812,0.055053,0.700755,-0.158604,0.098552,0.917619,-0.223926,0.146444,0.977681,-0.217486,0.18444,0.988916,-0.193209
875,29166,True,0.9921,0.9921,0.220478,0.904207,-0.0,0.312666,0.89868,-0.054613,0.401784,0.837398,-0.099036,0.48357,0.831151,-0.143643,0.565221,0.817638,-0.184994,0.325504,0.640452,-0.105019,0.315543,0.573697,-0.178223,0.293384,0.541584,-0.226002,0.276577,0.525619,-0.255094,0.218299,0.595085,-0.107719,0.256627,0.893066,-0.187828,0.315945,0.982578,-0.199476,0.360667,1.015628,-0.194494,0.130876,0.647152,-0.116586,0.189926,0.952399,-0.169679,0.237671,0.991504,-0.136919,0.26944,0.98483,-0.103357,0.064486,0.72775,-0.136313,0.110286,0.943087,-0.184028,0.152983,0.988221,-0.17294,0.180688,0.984079,-0.148191
876,29200,True,0.9966,0.9966,0.205907,0.878118,-0.0,0.298195,0.878757,-0.071451,0.390074,0.854819,-0.129079,0.473459,0.85923,-0.177708,0.553854,0.842417,-0.221121,0.313355,0.630898,-0.14411,0.306633,0.87978,-0.214707,0.30778,0.951793,-0.253958,0.311074,0.940559,-0.279641,0.2129,0.648937,-0.140429,0.235395,0.961027,-0.194784,0.260201,0.986974,-0.200949,0.273173,0.939764,-0.210998,0.131691,0.698888,-0.14093,0.167363,0.985926,-0.178649,0.19322,0.990444,-0.153348,0.199061,0.928422,-0.140286,0.064018,0.764921,-0.152161,0.099679,0.975708,-0.181307,0.133244,0.989083,-0.169565,0.147696,0.940776,-0.159159
877,29233,True,0.984,0.984,0.217866,0.812602,-0.0,0.306201,0.826228,-0.074019,0.382151,0.85262,-0.14259,0.449098,0.890079,-0.202796,0.537327,0.922528,-0.264024,0.318711,0.685053,-0.17496,0.301801,0.925376,-0.257364,0.294489,1.019645,-0.310289,0.290855,1.048354,-0.342686,0.208845,0.698493,-0.171291,0.224485,0.974412,-0.225751,0.241392,1.037833,-0.232826,0.252214,1.039718,-0.246683,0.123956,0.739223,-0.16944,0.157408,1.001097,-0.203823,0.182461,1.031704,-0.181201,0.194268,1.009092,-0.17326,0.057992,0.793742,-0.17862,0.096026,0.997881,-0.1984,0.131674,1.036631,-0.180844,0.149525,1.029523,-0.170652
878,29266,True,0.9956,0.9956,0.1889,0.713624,0.0,0.285689,0.771903,-0.079417,0.380227,0.858167,-0.156619,0.450282,0.945972,-0.219487,0.505347,1.0062,-0.283545,0.296263,0.742193,-0.229971,0.299585,1.002073,-0.30723,0.29931,1.0098,-0.345489,0.289422,0.959992,-0.372476,0.187842,0.764027,-0.224464,0.218156,1.040934,-0.279791,0.234818,1.016946,-0.27484,0.233254,0.943652,-0.283859,0.100373,0.800171,-0.216653,0.144098,1.060326,-0.251169,0.169032,1.030975,-0.212914,0.173217,0.953647,-0.196491,0.036414,0.848246,-0.220164,0.080355,1.050985,-0.249284,0.10615,1.034009,-0.232371,0.113453,0.971943,-0.224448
879,29300,True,0.9906,0.9906,0.164646,0.751557,0.0,0.270349,0.769391,-0.071257,0.358532,0.870681,-0.132856,0.414598,0.974802,-0.173918,0.473629,1.060377,-0.210527,0.273195,0.773783,-0.227313,0.278904,1.034105,-0.283767,0.302594,1.146391,-0.283868,0.323963,1.204016,-0.27437,0.166995,0.778124,-0.212829,0.199659,1.081786,-0.274192,0.231954,1.161945,-0.257799,0.250757,1.190359,-0.24017,0.082041,0.811318,-0.193226,0.115639,1.100307,-0.245415,0.149142,1.163247,-0.209978,0.171816,1.1847,-0.177929,0.024553,0.860203,-0.175641,0.058242,1.083633,-0.208847,0.084832,1.135982,-0.185598,0.104622,1.147214,-0.164752
880,29333,True,0.9733,0.9733,0.149268,0.868213,1e-06,0.239923,0.841179,-0.068694,0.336858,0.883905,-0.135689,0.411018,0.946326,-0.184007,0.491757,0.990869,-0.229317,0.260771,0.7461,-0.227807,0.245326,0.97182,-0.285957,0.249262,1.063702,-0.293818,0.250161,1.103124,-0.291144,0.150766,0.737339,-0.217371,0.160228,1.008877,-0.274313,0.177211,1.08155,-0.25728,0.182221,1.103682,-0.243978,0.065601,0.77174,-0.201041,0.085666,1.036958,-0.248073,0.102366,1.088257,-0.207046,0.108446,1.089387,-0.17494,0.005066,0.831707,-0.187036,0.029638,1.025237,-0.210167,0.036236,1.077468,-0.180071,0.034942,1.089198,-0.158861
881,29366,True,0.9664,0.9664,0.153005,0.852797,-0.0,0.237268,0.864346,-0.065255,0.321353,0.879474,-0.122793,0.396592,0.92689,-0.173512,0.472557,0.965823,-0.226129,0.246322,0.692506,-0.145603,0.224403,0.934688,-0.218556,0.214217,0.991981,-0.269828,0.207415,0.984845,-0.303329,0.140962,0.706202,-0.142914,0.147255,0.972201,-0.189203,0.157959,1.018859,-0.202186,0.16197,1.007569,-0.221373,0.056043,0.74407,-0.142118,0.070275,0.994142,-0.177483,0.087414,1.035277,-0.165423,0.091067,1.02042,-0.162923,-0.00954,0.798382,-0.150514,0.008235,0.988127,-0.174316,0.026379,1.033436,-0.164722,0.030191,1.028936,-0.159493
882,29400,True,0.989,0.989,0.144503,0.861499,-0.0,0.234009,0.867856,-0.063392,0.315618,0.850338,-0.114534,0.398012,0.880259,-0.157511,0.483071,0.899975,-0.194735,0.240468,0.661709,-0.141065,0.209565,0.859904,-0.210109,0.167167,0.913694,-0.24811,0.123852,0.927842,-0.267858,0.138477,0.665961,-0.134111,0.141145,0.958433,-0.179818,0.178047,0.937978,-0.173919,0.199893,0.890151,-0.169675,0.054401,0.706882,-0.130284,0.072649,0.967527,-0.155622,0.112593,0.931172,-0.110286,0.133386,0.868216,-0.076143,-0.011309,0.771958,-0.138047,0.015157,0.958012,-0.161415,0.050785,0.938807,-0.137615,0.071296,0.883394,-0.110497
883,29433,True,0.9853,0.9853,0.165643,0.869936,-0.0,0.259361,0.864266,-0.058142,0.341929,0.835041,-0.10595,0.416124,0.855597,-0.147443,0.491162,0.872987,-0.184125,0.260893,0.637533,-0.123664,0.237269,0.793013,-0.185851,0.19205,0.870998,-0.22028,0.13793,0.911716,-0.238531,0.164869,0.637941,-0.119222,0.158578,0.868412,-0.158341,0.196907,0.885698,-0.157815,0.22231,0.866637,-0.161345,0.087422,0.673817,-0.118114,0.096005,0.89043,-0.140551,0.135739,0.896883,-0.112467,0.159547,0.870461,-0.095342,0.027599,0.729137,-0.127182,0.047039,0.893203,-0.143566,0.088771,0.91328,-0.127128,0.119034,0.897526,-0.111798
884,29466,True,0.9967,0.9967,0.202298,0.844042,0.0,0.291053,0.840952,-0.057096,0.374902,0.81647,-0.100632,0.461317,0.85117,-0.14153,0.538255,0.863214,-0.177555,0.27569,0.628709,-0.105776,0.279783,0.695477,-0.172587,0.284209,0.681545,-0.21035,0.283676,0.652588,-0.231975,0.188262,0.623744,-0.104621,0.219413,0.893955,-0.158661,0.254281,0.883369,-0.160123,0.267247,0.820247,-0.157527,0.119392,0.673915,-0.109969,0.161853,0.940131,-0.143705,0.191094,0.911058,-0.109095,0.200905,0.839499,-0.08134,0.063268,0.742741,-0.127143,0.106748,0.945666,-0.162523,0.146702,0.931403,-0.153802,0.170201,0.871717,-0.136602
885,29500,True,0.9883,0.9883,0.242756,0.824954,0.0,0.327509,0.818452,-0.054457,0.403353,0.803828,-0.098404,0.485566,0.835738,-0.141428,0.565958,0.833659,-0.184166,0.327243,0.618357,-0.09841,0.363315,0.71297,-0.162611,0.390074,0.695248,-0.207498,0.42053,0.660193,-0.236665,0.238777,0.620812,-0.098846,0.292501,0.852557,-0.145387,0.31161,0.855418,-0.15547,0.319175,0.816809,-0.165892,0.165242,0.672804,-0.105271,0.217048,0.904438,-0.140316,0.226725,0.899108,-0.125213,0.224543,0.849451,-0.11559,0.106112,0.740087,-0.121305,0.146807,0.916594,-0.152832,0.160689,0.924566,-0.148569,0.157023,0.890904,-0.141182
886,29533,True,0.9816,0.9816,0.279738,0.825064,-0.0,0.358725,0.803408,-0.06696,0.429318,0.780645,-0.123857,0.499286,0.77364,-0.176674,0.573804,0.752658,-0.229564,0.369969,0.617669,-0.138621,0.438804,0.759411,-0.220859,0.498284,0.822224,-0.275572,0.552736,0.842717,-0.308695,0.281088,0.648634,-0.138951,0.34975,0.874942,-0.203075,0.381844,0.922231,-0.21894,0.398664,0.914478,-0.234255,0.207269,0.712957,-0.1448,0.276184,0.937954,-0.192409,0.313235,0.970185,-0.182432,0.331092,0.954379,-0.177167,0.152073,0.783312,-0.159897,0.195137,0.948144,-0.188683,0.223631,0.972811,-0.181163,0.23471,0.959128,-0.175397
887,29566,True,0.9787,0.9787,0.304528,0.877659,0.0,0.385571,0.844646,-0.059143,0.456073,0.799274,-0.109228,0.530521,0.782923,-0.158295,0.614145,0.769139,-0.211052,0.405746,0.636711,-0.115005,0.465602,0.690141,-0.186376,0.522927,0.703321,-0.238996,0.579775,0.707872,-0.273669,0.324472,0.657983,-0.119961,0.408732,0.85387,-0.19191,0.443381,0.925146,-0.218819,0.467024,0.951862,-0.235772,0.249958,0.72815,-0.129965,0.319809,0.907512,-0.191702,0.344879,0.948693,-0.198005,0.359797,0.950791,-0.197757,0.186793,0.810603,-0.146645,0.207001,0.929927,-0.19386,0.220437,0.955008,-0.201003,0.227205,0.953616,-0.200946
888,29599,True,0.9452,0.9452,0.38559,0.851642,0.0,0.298021,0.878921,-0.117677,0.229266,0.858273,-0.192364,0.239597,0.854599,-0.250976,0.310766,0.869855,-0.304604,0.298579,0.666651,-0.167741,0.334591,0.811717,-0.245338,0.394311,0.85717,-0.286199,0.462872,0.848675,-0.311273,0.362016,0.665404,-0.144288,0.411559,0.902043,-0.231137,0.42404,0.979584,-0.257249,0.443686,0.966614,-0.268705,0.420244,0.708314,-0.129071,0.46462,0.925857,-0.228086,0.465525,0.995343,-0.240777,0.47905,0.997824,-0.232309,0.470267,0.767152,-0.122089,0.529653,0.889102,-0.198875,0.552558,0.933278,-0.212215,0.576616,0.938081,-0.208443
889,29633,True,0.6389,0.6389,0.358615,0.821235,0.0,0.285761,0.882335,-0.09477,0.223669,0.915983,-0.160906,0.242625,0.953179,-0.213792,0.298426,0.989246,-0.260848,0.269834,0.728967,-0.14503,0.31015,0.891284,-0.206587,0.336521,0.909315,-0.234805,0.3662,0.880589,-0.25222,0.342695,0.692057,-0.130083,0.389297,0.928612,-0.196915,0.39891,0.941761,-0.210838,0.406712,0.890527,-0.215037,0.410705,0.695251,-0.121104,0.452085,0.913483,-0.191679,0.45437,0.920155,-0.188308,0.459047,0.881136,-0.172932,0.466733,0.716307,-0.121028,0.514973,0.853215,-0.180726,0.546447,0.868722,-0.184909,0.581602,0.851317,-0.174526
890,29666,True,0.9511,0.9511,0.342149,0.894984,-0.0,0.415777,0.895192,-0.068335,0.479659,0.87166,-0.121649,0.547655,0.868997,-0.169793,0.622223,0.860045,-0.214266,0.431521,0.675941,-0.103532,0.447817,0.768653,-0.168864,0.454946,0.813249,-0.207096,0.464976,0.827695,-0.227156,0.356226,0.686265,-0.095588,0.377154,0.872792,-0.145603,0.383411,0.898048,-0.158337,0.380289,0.869991,-0.166859,0.28769,0.734053,-0.09459,0.304317,0.896563,-0.135551,0.30917,0.900962,-0.130793,0.301356,0.86989,-0.124814,0.225301,0.795922,-0.101756,0.22513,0.903373,-0.131237,0.228708,0.917749,-0.129204,0.223116,0.904782,-0.122316
891,29700,True,0.9945,0.9945,0.26508,0.883295,-0.0,0.349294,0.879254,-0.054704,0.426477,0.8568,-0.093062,0.511618,0.876481,-0.126933,0.590308,0.901308,-0.159686,0.37638,0.668836,-0.080942,0.39821,0.815425,-0.125888,0.397547,0.844533,-0.160575,0.399102,0.830256,-0.186414,0.298535,0.685053,-0.079057,0.328847,0.918011,-0.107587,0.327085,0.920878,-0.121696,0.315238,0.874449,-0.139555,0.226057,0.730438,-0.081725,0.261024,0.942717,-0.105739,0.260424,0.926972,-0.10081,0.250579,0.868713,-0.101942,0.161052,0.786557,-0.092418,0.191227,0.938213,-0.117208,0.195248,0.949616,-0.114117,0.187506,0.921373,-0.110007
892,29733,True,0.8537,0.8537,0.2051,0.827929,0.0,0.298877,0.827722,-0.053751,0.382924,0.840178,-0.104693,0.462422,0.882735,-0.150048,0.538398,0.909373,-0.197223,0.282607,0.736216,-0.127297,0.363991,0.803057,-0.193497,0.402506,0.851276,-0.241026,0.429223,0.891524,-0.270238,0.201087,0.741638,-0.127184,0.266873,0.814599,-0.175302,0.282417,0.832433,-0.193921,0.280252,0.831287,-0.210553,0.138818,0.765663,-0.127801,0.19138,0.866523,-0.164748,0.203396,0.879974,-0.158132,0.203799,0.86847,-0.154557,0.098936,0.797333,-0.134248,0.141042,0.895903,-0.156027,0.157616,0.920015,-0.142232,0.165813,0.918612,-0.132046
893,29766,True,0.6697,0.6697,0.135575,0.91427,1e-06,0.231262,0.88246,-0.07069,0.323693,0.862356,-0.136825,0.414124,0.883536,-0.192697,0.490281,0.887606,-0.244662,0.16293,0.742012,-0.165195,0.313515,0.77216,-0.253818,0.38495,0.856671,-0.303323,0.417244,0.927367,-0.327329,0.105449,0.732751,-0.159861,0.275395,0.705356,-0.234665,0.320791,0.770488,-0.253922,0.316299,0.821415,-0.26285,0.073789,0.732723,-0.156306,0.241308,0.717723,-0.211565,0.267275,0.77408,-0.205654,0.24823,0.807718,-0.195759,0.062539,0.75208,-0.158309,0.195396,0.744231,-0.188362,0.221094,0.792103,-0.176403,0.21129,0.820405,-0.164608
894,29800,True,0.9816,0.9816,0.1857,0.861815,-0.0,0.258801,0.869561,-0.072074,0.31716,0.855342,-0.128748,0.383534,0.874484,-0.17772,0.457529,0.884811,-0.226326,0.234649,0.648508,-0.124668,0.191997,0.678551,-0.191312,0.132144,0.734211,-0.235755,0.072415,0.783996,-0.259685,0.150172,0.649092,-0.115183,0.105848,0.753793,-0.167307,0.059416,0.805879,-0.193622,0.013028,0.834481,-0.210697,0.085739,0.685223,-0.1085,0.088705,0.807402,-0.1495,0.123249,0.85943,-0.147932,0.143174,0.881843,-0.141731,0.040079,0.735966,-0.109104,0.042366,0.816465,-0.136805,0.049206,0.868363,-0.126328,0.045301,0.888434,-0.111852
895,29833,True,0.9895,0.9895,0.164836,0.855175,-0.0,0.23276,0.851883,-0.054176,0.296212,0.8311,-0.104679,0.371645,0.854448,-0.15262,0.454547,0.878853,-0.202331,0.211823,0.629232,-0.099591,0.219328,0.651351,-0.163752,0.202368,0.69619,-0.211404,0.17857,0.740179,-0.239898,0.128363,0.652556,-0.102219,0.121761,0.71917,-0.156726,0.087323,0.770333,-0.187121,0.047419,0.819826,-0.206793,0.065594,0.710049,-0.108264,0.070099,0.774676,-0.150988,0.06598,0.800782,-0.163723,0.049351,0.818773,-0.169081,0.024732,0.784962,-0.119295,0.016975,0.832648,-0.149138,0.002215,0.860534,-0.151313,-0.023344,0.870792,-0.148898
896,29866,True,0.9683,0.9683,0.158118,0.880283,-0.0,0.245416,0.867932,-0.070218,0.318507,0.829834,-0.128527,0.395752,0.845048,-0.181101,0.479558,0.871763,-0.229731,0.222248,0.623472,-0.111016,0.207206,0.658887,-0.19646,0.154848,0.728886,-0.248459,0.097007,0.78199,-0.275907,0.132232,0.633058,-0.106563,0.136275,0.779317,-0.172602,0.166478,0.86547,-0.182409,0.18204,0.882937,-0.183953,0.064126,0.684132,-0.110397,0.078063,0.84975,-0.157044,0.113456,0.9108,-0.130624,0.133191,0.904891,-0.107709,0.018515,0.747111,-0.124535,0.039481,0.879839,-0.146861,0.077314,0.937968,-0.123797,0.10139,0.935976,-0.101789
897,29900,True,0.9705,0.9705,0.182654,0.915145,-0.0,0.268508,0.884147,-0.05304,0.347023,0.831563,-0.099594,0.427594,0.839944,-0.145199,0.504817,0.851574,-0.190702,0.240439,0.647687,-0.089403,0.236974,0.658702,-0.16117,0.211492,0.708122,-0.210525,0.179938,0.747051,-0.238063,0.157875,0.645904,-0.088371,0.175434,0.793778,-0.145804,0.202395,0.88383,-0.163722,0.218021,0.920907,-0.172894,0.090812,0.684135,-0.092662,0.107945,0.844578,-0.133999,0.138039,0.917765,-0.123241,0.159804,0.943738,-0.112053,0.039741,0.738475,-0.10496,0.057705,0.865298,-0.127215,0.094601,0.933455,-0.114006,0.126427,0.961405,-0.098895
898,29933,True,0.9954,0.9954,0.208891,0.900644,-0.0,0.294437,0.884325,-0.063127,0.374961,0.838721,-0.112435,0.461649,0.856126,-0.158108,0.542438,0.857978,-0.200246,0.285447,0.658584,-0.103728,0.261295,0.6907,-0.172225,0.244926,0.708359,-0.216079,0.235191,0.720935,-0.243451,0.193369,0.655577,-0.101108,0.180378,0.871243,-0.161985,0.221912,0.910578,-0.17625,0.253962,0.891846,-0.184251,0.118297,0.704386,-0.10505,0.131604,0.931296,-0.142637,0.163692,0.936187,-0.124461,0.181255,0.886977,-0.112724,0.060902,0.771073,-0.11954,0.083524,0.953609,-0.148581,0.128584,0.96473,-0.141374,0.159804,0.918753,-0.131684
899,29966,True,0.9948,0.9948,0.226804,0.880921,-0.0,0.314191,0.87154,-0.056248,0.396053,0.836915,-0.101242,0.478943,0.854795,-0.143896,0.560866,0.849561,-0.180642,0.321916,0.653995,-0.107604,0.32934,0.696738,-0.171107,0.314461,0.698537,-0.205978,0.298645,0.701701,-0.226428,0.225356,0.641926,-0.106157,0.258487,0.920194,-0.161404,0.294896,0.921589,-0.164754,0.314288,0.882208,-0.164968,0.146604,0.69165,-0.110507,0.192478,0.967977,-0.141849,0.222204,0.943627,-0.109575,0.233596,0.882478,-0.086221,0.083341,0.761869,-0.126393,0.127249,0.967714,-0.156688,0.153818,0.958512,-0.147159,0.161405,0.903316,-0.131892
900,30000,True,0.9942,0.9942,0.2434,0.853064,-0.0,0.329042,0.845745,-0.081601,0.409709,0.824555,-0.145396,0.492202,0.849326,-0.204469,0.564072,0.873002,-0.2579,0.343381,0.619558,-0.147015,0.342255,0.697701,-0.234457,0.345451,0.752839,-0.276986,0.348297,0.779864,-0.298597,0.24287,0.622228,-0.142973,0.270483,0.91566,-0.235791,0.313552,1.003695,-0.248959,0.34102,1.005062,-0.247445,0.160664,0.678493,-0.14684,0.207099,0.975629,-0.217628,0.260929,1.025076,-0.200905,0.293829,1.003569,-0.178729,0.097493,0.750147,-0.161765,0.131703,0.970127,-0.213508,0.17251,1.021589,-0.211385,0.200085,1.010031,-0.197839
901,30033,True,0.9948,0.9948,0.24631,0.846301,-0.0,0.329243,0.847248,-0.084503,0.41048,0.828171,-0.150373,0.494311,0.850886,-0.212647,0.570441,0.873683,-0.271189,0.353134,0.609979,-0.137679,0.358572,0.691901,-0.23152,0.372817,0.735711,-0.284845,0.388015,0.747617,-0.314439,0.251863,0.613436,-0.135103,0.287903,0.89197,-0.235617,0.33095,0.989262,-0.255306,0.357027,0.991462,-0.256389,0.16713,0.671179,-0.14194,0.216114,0.952094,-0.224617,0.267912,1.019146,-0.212706,0.296849,1.008505,-0.190063,0.101027,0.743687,-0.159458,0.132751,0.947195,-0.218803,0.169726,1.006176,-0.21796,0.192228,1.002555,-0.203596
902,30066,True,0.9859,0.9859,0.245574,0.831297,-0.0,0.330373,0.830018,-0.068978,0.404369,0.824616,-0.126472,0.484633,0.848284,-0.180448,0.568812,0.859339,-0.229227,0.354908,0.601307,-0.130796,0.361993,0.785374,-0.211186,0.37136,0.890857,-0.253795,0.38659,0.925637,-0.27611,0.25713,0.611679,-0.131413,0.295444,0.923832,-0.202712,0.33092,0.990907,-0.211002,0.354075,0.975416,-0.212236,0.174137,0.664784,-0.138813,0.225858,0.961453,-0.196671,0.273162,1.010408,-0.177292,0.300724,0.992082,-0.155677,0.10697,0.734322,-0.155763,0.142022,0.940533,-0.196616,0.162053,0.979476,-0.187777,0.165706,0.96256,-0.171358
903,30099,True,0.9807,0.9807,0.241238,0.839668,0.0,0.324553,0.83539,-0.069596,0.395694,0.823241,-0.127821,0.473321,0.840745,-0.182374,0.551284,0.840802,-0.233907,0.340592,0.59514,-0.127291,0.36282,0.712233,-0.201383,0.382574,0.733589,-0.246509,0.404383,0.72217,-0.274352,0.246729,0.604529,-0.126305,0.303329,0.898136,-0.195043,0.345432,0.94515,-0.205632,0.370341,0.929855,-0.20938,0.167212,0.661863,-0.13177,0.239476,0.94877,-0.184554,0.286698,0.977529,-0.162366,0.310251,0.952234,-0.140547,0.104202,0.736623,-0.147561,0.158983,0.938173,-0.187079,0.180531,0.962869,-0.178508,0.180243,0.937243,-0.162808
904,30133,True,0.9896,0.9896,0.231619,0.856086,-0.0,0.317491,0.847353,-0.060468,0.394171,0.818802,-0.112519,0.471998,0.822385,-0.163628,0.562439,0.827244,-0.213698,0.348037,0.596545,-0.105483,0.372627,0.656877,-0.174091,0.399488,0.665087,-0.217724,0.437621,0.661656,-0.24418,0.254535,0.586285,-0.108986,0.320979,0.872628,-0.189312,0.375808,0.961053,-0.207673,0.421121,0.995058,-0.208749,0.174016,0.642377,-0.118679,0.248393,0.924396,-0.188069,0.308638,0.978103,-0.182309,0.354085,0.983392,-0.164177,0.110828,0.71955,-0.13623,0.148607,0.904893,-0.191109,0.169219,0.954108,-0.194562,0.181761,0.961299,-0.182548
905,30166,True,0.98,0.98,0.237826,0.857131,-0.0,0.325788,0.845195,-0.054739,0.405597,0.813229,-0.104543,0.481839,0.803235,-0.153018,0.568795,0.808118,-0.201542,0.357082,0.593095,-0.105969,0.378462,0.635999,-0.175016,0.402692,0.637723,-0.219525,0.440044,0.63018,-0.248243,0.265764,0.583004,-0.113024,0.330217,0.818096,-0.191332,0.370027,0.906371,-0.211087,0.405017,0.938578,-0.217226,0.185335,0.637546,-0.125724,0.253784,0.885496,-0.197732,0.305317,0.94451,-0.202431,0.349067,0.955641,-0.195166,0.120105,0.713592,-0.144648,0.161902,0.882243,-0.199374,0.183919,0.937949,-0.209813,0.201648,0.950961,-0.207721
906,30200,True,0.9661,0.9661,0.238663,0.864361,0.0,0.323272,0.843398,-0.046949,0.401073,0.803066,-0.090003,0.471894,0.789069,-0.133032,0.555403,0.781903,-0.177538,0.356329,0.588347,-0.091551,0.387647,0.6358,-0.150859,0.414962,0.621832,-0.187837,0.457723,0.595893,-0.213662,0.268644,0.577822,-0.100613,0.33724,0.790027,-0.171244,0.376075,0.881175,-0.191274,0.414487,0.91657,-0.198629,0.190238,0.63137,-0.113956,0.259589,0.859926,-0.185759,0.307956,0.93007,-0.193834,0.353893,0.950862,-0.188659,0.12452,0.708935,-0.131905,0.166123,0.862751,-0.188377,0.198514,0.922896,-0.201025,0.228905,0.942739,-0.200768
907,30233,True,0.968,0.968,0.241939,0.861423,0.0,0.327049,0.845392,-0.04552,0.404385,0.801194,-0.087727,0.474262,0.786629,-0.130071,0.5622,0.782549,-0.173735,0.365806,0.593914,-0.085213,0.400424,0.627915,-0.144736,0.430863,0.600839,-0.184319,0.475794,0.562492,-0.212652,0.281203,0.573923,-0.094317,0.351731,0.776848,-0.165122,0.392276,0.874133,-0.184618,0.429672,0.916864,-0.19059,0.204279,0.618227,-0.10782,0.271799,0.845419,-0.173515,0.310392,0.916296,-0.173259,0.343803,0.933476,-0.163468,0.137545,0.68945,-0.126903,0.17843,0.851727,-0.17485,0.204246,0.910226,-0.179945,0.222593,0.921888,-0.175437
908,30266,True,0.9739,0.9739,0.258745,0.861449,0.0,0.34073,0.8334,-0.039985,0.415383,0.782426,-0.07869,0.483089,0.769256,-0.117769,0.565346,0.774821,-0.158164,0.376584,0.584498,-0.087847,0.413495,0.597549,-0.143807,0.441438,0.56722,-0.180355,0.479391,0.528864,-0.206488,0.288657,0.563663,-0.098546,0.357025,0.762644,-0.168706,0.401924,0.862737,-0.185354,0.439915,0.91495,-0.188297,0.210356,0.60777,-0.112161,0.283443,0.829163,-0.172659,0.328897,0.89776,-0.168034,0.363528,0.923776,-0.155506,0.143596,0.68207,-0.131426,0.195519,0.837909,-0.174796,0.233898,0.89455,-0.176597,0.263366,0.912978,-0.169353
909,30300,True,0.9797,0.9797,0.251848,0.866468,0.0,0.342548,0.840223,-0.036387,0.422953,0.786916,-0.074375,0.491883,0.763507,-0.114289,0.573311,0.758085,-0.155795,0.387729,0.584836,-0.083133,0.427186,0.575544,-0.141818,0.4594,0.535369,-0.181829,0.499487,0.490025,-0.209433,0.299944,0.557095,-0.095572,0.371368,0.749108,-0.169885,0.41341,0.850076,-0.188212,0.444286,0.908181,-0.189967,0.220114,0.598637,-0.110962,0.291764,0.815851,-0.172439,0.330883,0.884949,-0.168805,0.358806,0.915916,-0.155393,0.152305,0.672745,-0.131902,0.209911,0.834193,-0.174979,0.251632,0.895144,-0.176308,0.282417,0.918534,-0.167287
910,30333,True,0.9866,0.9866,0.245832,0.862143,0.0,0.340598,0.828081,-0.032881,0.421499,0.768677,-0.068964,0.494998,0.745993,-0.108033,0.575138,0.739852,-0.149004,0.38968,0.570148,-0.078703,0.437332,0.541115,-0.134208,0.471995,0.492457,-0.172739,0.513955,0.443043,-0.201803,0.305084,0.546851,-0.094143,0.371482,0.728591,-0.169072,0.412067,0.831704,-0.190376,0.444688,0.888084,-0.196494,0.227409,0.593406,-0.112062,0.303034,0.800213,-0.173155,0.341309,0.871946,-0.169716,0.368159,0.902489,-0.159199,0.163037,0.671579,-0.135377,0.226098,0.82636,-0.178268,0.264286,0.887886,-0.179737,0.291171,0.908623,-0.172872
911,30366,True,0.9938,0.9938,0.247628,0.864669,0.0,0.34151,0.82898,-0.031331,0.422129,0.765006,-0.067594,0.493222,0.740076,-0.106534,0.575162,0.736813,-0.147588,0.391655,0.561671,-0.080553,0.440047,0.517446,-0.137798,0.477174,0.461394,-0.177572,0.518815,0.409103,-0.207047,0.306775,0.537489,-0.096752,0.377464,0.700347,-0.175845,0.420839,0.810953,-0.197045,0.449063,0.884044,-0.200775,0.228846,0.583749,-0.11498,0.30334,0.773968,-0.178964,0.343661,0.850715,-0.173564,0.367274,0.894085,-0.159652,0.164624,0.663982,-0.138236,0.233454,0.809089,-0.183775,0.271541,0.87218,-0.18438,0.293465,0.899623,-0.175143
912,30400,True,0.9973,0.9973,0.254912,0.865233,0.0,0.349576,0.830435,-0.033325,0.428916,0.766183,-0.074454,0.494005,0.737702,-0.117945,0.575534,0.732396,-0.163164,0.397991,0.549238,-0.086324,0.446698,0.497693,-0.150849,0.484788,0.437358,-0.195105,0.523448,0.382078,-0.227231,0.31077,0.527644,-0.104182,0.387221,0.672215,-0.193114,0.434572,0.795265,-0.216176,0.457451,0.881083,-0.218409,0.2337,0.577993,-0.124459,0.314627,0.755992,-0.195343,0.36042,0.839513,-0.187142,0.381848,0.888039,-0.169192,0.171561,0.666218,-0.149804,0.249383,0.803658,-0.198757,0.29505,0.869097,-0.197703,0.319429,0.898591,-0.186305
913,30433,True,0.9986,0.9986,0.259106,0.849233,0.0,0.350679,0.81943,-0.032868,0.429975,0.760918,-0.074644,0.493477,0.734079,-0.11904,0.573497,0.726843,-0.165093,0.403387,0.540468,-0.087831,0.453542,0.477405,-0.151082,0.489575,0.411895,-0.19275,0.524029,0.352348,-0.222739,0.31703,0.520181,-0.10607,0.389616,0.646237,-0.194941,0.439953,0.772671,-0.217223,0.468069,0.864353,-0.218108,0.241375,0.567277,-0.126292,0.319519,0.732796,-0.199403,0.369569,0.824496,-0.191658,0.396668,0.884765,-0.172585,0.180036,0.650642,-0.151028,0.25699,0.778424,-0.20137,0.310181,0.852723,-0.199525,0.344616,0.89604,-0.186635
914,30466,True,0.9994,0.9994,0.272491,0.820721,1e-06,0.36364,0.796862,-0.037932,0.440643,0.747335,-0.08376,0.501014,0.718759,-0.131718,0.575638,0.707143,-0.181736,0.411558,0.52532,-0.098006,0.462546,0.452101,-0.166213,0.495811,0.380781,-0.209469,0.525634,0.315338,-0.239897,0.321898,0.507721,-0.11563,0.389931,0.604234,-0.211522,0.44271,0.736959,-0.235472,0.471099,0.837581,-0.235294,0.245091,0.555172,-0.135122,0.31996,0.70563,-0.217466,0.373896,0.811513,-0.209935,0.401181,0.884088,-0.187653,0.183514,0.640105,-0.158643,0.260031,0.756757,-0.214568,0.318345,0.836376,-0.211442,0.35565,0.887315,-0.196068
915,30500,True,0.9994,0.9994,0.280563,0.808968,1e-06,0.37211,0.77657,-0.037543,0.45018,0.72666,-0.083294,0.511383,0.700041,-0.131297,0.583455,0.692373,-0.181339,0.417235,0.518986,-0.103104,0.466502,0.431236,-0.172639,0.501461,0.35218,-0.21611,0.532592,0.281306,-0.246328,0.327731,0.503855,-0.121322,0.406668,0.604228,-0.217764,0.461297,0.727543,-0.242113,0.490716,0.820424,-0.242773,0.252115,0.555213,-0.140953,0.336337,0.714433,-0.222021,0.388371,0.811906,-0.214568,0.415813,0.877057,-0.192963,0.19276,0.641907,-0.164876,0.272196,0.756464,-0.218217,0.330119,0.826746,-0.212902,0.367937,0.870481,-0.196557
916,30533,True,0.9994,0.9994,0.287779,0.800599,1e-06,0.381795,0.769972,-0.036482,0.459867,0.722754,-0.081561,0.520454,0.697742,-0.129255,0.588448,0.687334,-0.179138,0.428128,0.513855,-0.10524,0.474654,0.417477,-0.17536,0.50901,0.334808,-0.218702,0.540712,0.261495,-0.248264,0.341505,0.498523,-0.123824,0.414884,0.593126,-0.21795,0.464103,0.702355,-0.240904,0.491723,0.786259,-0.241968,0.267734,0.548796,-0.144012,0.349101,0.703867,-0.225795,0.39987,0.79776,-0.219368,0.428816,0.864473,-0.19854,0.209646,0.633053,-0.168219,0.288627,0.744669,-0.222971,0.343259,0.813982,-0.218776,0.379629,0.859386,-0.203198
917,30566,True,0.9995,0.9995,0.293771,0.791055,1e-06,0.39209,0.763093,-0.033753,0.473303,0.715188,-0.078252,0.534217,0.691361,-0.125793,0.605138,0.682014,-0.176276,0.439562,0.510288,-0.105755,0.489013,0.403529,-0.173858,0.523886,0.317314,-0.214855,0.554674,0.244039,-0.243179,0.353929,0.49898,-0.125856,0.425898,0.578017,-0.219799,0.474021,0.688901,-0.242436,0.499615,0.77499,-0.243528,0.280988,0.549282,-0.147067,0.363251,0.69057,-0.230353,0.413438,0.786149,-0.225922,0.44011,0.850888,-0.206714,0.223577,0.632248,-0.171374,0.302348,0.736649,-0.227305,0.35675,0.809421,-0.223831,0.393194,0.857242,-0.209238
918,30599,True,0.9994,0.9994,0.297818,0.784091,1e-06,0.395946,0.752754,-0.030171,0.481191,0.708658,-0.07429,0.546433,0.691571,-0.122334,0.616309,0.686675,-0.172687,0.452968,0.502959,-0.103348,0.50374,0.396996,-0.170577,0.54037,0.311015,-0.211449,0.571617,0.238887,-0.240307,0.370468,0.494036,-0.127099,0.442508,0.573471,-0.223252,0.494089,0.684328,-0.247734,0.521091,0.774361,-0.250352,0.299465,0.546652,-0.151485,0.382692,0.688643,-0.233415,0.429387,0.782046,-0.226555,0.450987,0.84586,-0.206852,0.243654,0.63067,-0.179196,0.324714,0.736711,-0.232503,0.377133,0.806127,-0.226511,0.409397,0.850356,-0.211286
919,30633,True,0.999,0.999,0.308647,0.78956,1e-06,0.405078,0.757589,-0.03507,0.487982,0.715516,-0.081678,0.555089,0.701492,-0.132044,0.626454,0.696466,-0.18497,0.464359,0.503082,-0.102473,0.51838,0.398688,-0.170846,0.558779,0.314521,-0.214351,0.59441,0.244659,-0.24471,0.385146,0.495816,-0.125186,0.465022,0.585853,-0.220673,0.516233,0.701465,-0.246785,0.540552,0.792431,-0.250726,0.315192,0.54915,-0.149296,0.400812,0.688224,-0.229262,0.445207,0.786506,-0.221558,0.463917,0.851858,-0.201738,0.258477,0.630901,-0.177397,0.333858,0.734215,-0.226819,0.377964,0.803881,-0.217623,0.402537,0.847857,-0.200554
920,30666,True,0.9994,0.9994,0.323788,0.797166,1e-06,0.4211,0.767593,-0.036249,0.505779,0.727068,-0.083901,0.57405,0.71464,-0.134877,0.644022,0.70289,-0.187747,0.478667,0.518334,-0.106896,0.531366,0.405982,-0.175808,0.574493,0.322229,-0.219141,0.612644,0.25273,-0.248782,0.401181,0.506339,-0.127672,0.490187,0.601445,-0.218675,0.541976,0.716492,-0.241167,0.564215,0.804481,-0.243181,0.331796,0.558225,-0.149635,0.427899,0.709432,-0.222879,0.468442,0.808381,-0.208289,0.481037,0.87119,-0.184691,0.276127,0.639017,-0.176188,0.357198,0.749034,-0.219156,0.39886,0.817112,-0.203682,0.416686,0.857016,-0.182294
921,30700,True,0.9993,0.9993,0.33385,0.800279,1e-06,0.436815,0.773759,-0.03278,0.525365,0.735315,-0.078637,0.593691,0.723345,-0.128217,0.660837,0.715688,-0.179823,0.503387,0.527927,-0.107478,0.555404,0.413529,-0.176341,0.598501,0.330394,-0.218191,0.637314,0.262256,-0.246584,0.425401,0.517267,-0.129681,0.506331,0.614846,-0.223982,0.554371,0.734225,-0.245875,0.577554,0.824464,-0.246549,0.354751,0.569644,-0.152753,0.441389,0.718925,-0.229893,0.486965,0.816769,-0.218141,0.507892,0.881542,-0.195556,0.298356,0.650563,-0.179724,0.375848,0.760121,-0.226227,0.41979,0.829488,-0.214043,0.443921,0.871748,-0.194622
922,30733,True,0.9994,0.9994,0.342786,0.822043,0.0,0.448781,0.787467,-0.025991,0.542635,0.741206,-0.064657,0.612417,0.7254,-0.107537,0.681771,0.728669,-0.152388,0.519777,0.541631,-0.094753,0.577037,0.428629,-0.15648,0.623156,0.343224,-0.194092,0.664752,0.274652,-0.219889,0.443429,0.529679,-0.117151,0.540431,0.64416,-0.198922,0.583902,0.759802,-0.216113,0.600936,0.843623,-0.216243,0.37288,0.582204,-0.139791,0.472268,0.741289,-0.208386,0.512365,0.837613,-0.194607,0.529418,0.90006,-0.172599,0.315163,0.663811,-0.165994,0.399473,0.779184,-0.206509,0.44134,0.847623,-0.191296,0.464334,0.890142,-0.170638
923,30766,True,0.9991,0.9991,0.344626,0.822505,1e-06,0.454704,0.789034,-0.030791,0.548727,0.747593,-0.073687,0.621775,0.738542,-0.120853,0.697106,0.74403,-0.1699,0.538054,0.54078,-0.09425,0.602004,0.439082,-0.158282,0.650982,0.360073,-0.19839,0.692452,0.293786,-0.226117,0.459764,0.533976,-0.11771,0.549814,0.635925,-0.203056,0.592529,0.754743,-0.222805,0.606506,0.840036,-0.223784,0.386179,0.588151,-0.142381,0.480216,0.74522,-0.213531,0.515524,0.84362,-0.199313,0.523981,0.901675,-0.176254,0.324788,0.670298,-0.171324,0.407188,0.785353,-0.213053,0.445776,0.855907,-0.197233,0.461418,0.896468,-0.175932
924,30800,True,0.9996,0.9996,0.359962,0.834581,1e-06,0.467286,0.797766,-0.028738,0.560177,0.758054,-0.072894,0.632446,0.748638,-0.120794,0.708203,0.750444,-0.170023,0.547638,0.546204,-0.102167,0.611595,0.443023,-0.169294,0.662306,0.363742,-0.21097,0.704033,0.297611,-0.239585,0.466357,0.535764,-0.126841,0.56563,0.651059,-0.215336,0.604561,0.779072,-0.233748,0.612235,0.866915,-0.233536,0.39136,0.591153,-0.151853,0.495274,0.761299,-0.223469,0.522408,0.858916,-0.204617,0.521163,0.910712,-0.178891,0.331116,0.676698,-0.180919,0.420362,0.802401,-0.222987,0.457483,0.874514,-0.203832,0.468773,0.9106,-0.180005
925,30833,True,0.9996,0.9996,0.361173,0.834103,1e-06,0.468299,0.797517,-0.025339,0.565794,0.761086,-0.068678,0.639789,0.75737,-0.116467,0.714593,0.762999,-0.165686,0.557493,0.553403,-0.101654,0.623306,0.447873,-0.170303,0.674184,0.368133,-0.212624,0.714299,0.299119,-0.241543,0.476937,0.544304,-0.128938,0.576537,0.655042,-0.219439,0.615487,0.784832,-0.237771,0.620255,0.875147,-0.236466,0.401175,0.602271,-0.156201,0.50186,0.772152,-0.228092,0.529963,0.869302,-0.206693,0.527363,0.921872,-0.178357,0.340001,0.69004,-0.187316,0.426538,0.810601,-0.227749,0.464393,0.882769,-0.204843,0.475888,0.920733,-0.177896
926,30866,True,0.9997,0.9997,0.371165,0.845746,1e-06,0.480688,0.809134,-0.029462,0.575276,0.774268,-0.076639,0.646825,0.769931,-0.127581,0.720905,0.773433,-0.179616,0.570949,0.559914,-0.107541,0.631329,0.447261,-0.177383,0.681491,0.363717,-0.220838,0.721295,0.294247,-0.250899,0.487339,0.552818,-0.134226,0.582457,0.667512,-0.229581,0.62157,0.800701,-0.251775,0.628141,0.89061,-0.252854,0.408294,0.611447,-0.160789,0.505249,0.784123,-0.23736,0.535538,0.882683,-0.219579,0.536799,0.934322,-0.193453,0.344984,0.700441,-0.191081,0.430635,0.825105,-0.234533,0.469643,0.898387,-0.213316,0.483316,0.933912,-0.187607
927,30900,True,0.9996,0.9996,0.37215,0.866932,1e-06,0.483371,0.830739,-0.023293,0.5836,0.795435,-0.066254,0.657626,0.791255,-0.114353,0.7323,0.793333,-0.164119,0.580919,0.580945,-0.10347,0.644607,0.468806,-0.174371,0.695974,0.385396,-0.218807,0.737831,0.315593,-0.249307,0.497924,0.570241,-0.13278,0.59813,0.686201,-0.229003,0.640742,0.818046,-0.250992,0.650435,0.910454,-0.25157,0.418473,0.629174,-0.161462,0.516684,0.801102,-0.238024,0.545675,0.900553,-0.21862,0.547031,0.956187,-0.190889,0.353586,0.720668,-0.193685,0.439286,0.84742,-0.238493,0.480887,0.917959,-0.218057,0.499403,0.953275,-0.19214
928,30933,True,0.9992,0.9992,0.351773,0.899395,0.0,0.469529,0.856691,-0.014579,0.579765,0.815505,-0.050123,0.663763,0.81438,-0.092448,0.743827,0.825951,-0.136902,0.590688,0.62031,-0.08801,0.660752,0.520994,-0.153977,0.715286,0.439289,-0.195048,0.758545,0.37416,-0.222627,0.514838,0.605183,-0.119287,0.619134,0.749542,-0.206728,0.656029,0.885489,-0.224023,0.661861,0.980612,-0.22188,0.433034,0.660098,-0.149895,0.536485,0.841026,-0.226232,0.551327,0.940358,-0.208051,0.540795,0.994359,-0.180192,0.360363,0.748966,-0.18261,0.451482,0.883781,-0.229537,0.486784,0.958155,-0.20914,0.498252,0.996206,-0.18233
929,30966,True,0.9982,0.9982,0.322367,0.936932,0.0,0.456139,0.910008,0.004847,0.576371,0.876642,-0.021941,0.66738,0.877404,-0.058341,0.756058,0.889384,-0.095057,0.601024,0.67731,-0.05648,0.686949,0.61935,-0.113183,0.753654,0.580286,-0.151859,0.80485,0.558944,-0.17915,0.533886,0.653428,-0.091963,0.640573,0.865589,-0.165631,0.666231,1.005346,-0.179731,0.669605,1.091148,-0.179562,0.456655,0.699057,-0.126305,0.55039,0.961391,-0.180797,0.542724,1.030527,-0.157496,0.52015,1.041873,-0.133591,0.383916,0.779104,-0.163039,0.462681,0.977969,-0.194877,0.468096,1.027149,-0.17433,0.455622,1.020692,-0.151686
930,31000,True,0.9957,0.9957,0.298613,0.916186,0.0,0.445756,0.868553,0.006965,0.581477,0.849536,-0.020408,0.68084,0.877147,-0.057291,0.758715,0.90609,-0.096288,0.623693,0.70846,-0.06465,0.701822,0.721249,-0.119927,0.764838,0.755798,-0.156037,0.807892,0.795785,-0.18047,0.556876,0.707816,-0.100586,0.653467,0.95335,-0.160483,0.665925,1.07703,-0.17231,0.663727,1.140776,-0.178235,0.476035,0.756066,-0.135073,0.558743,1.017924,-0.185644,0.559917,1.095318,-0.17172,0.552349,1.111159,-0.15831,0.398308,0.829331,-0.170479,0.459979,1.02835,-0.199242,0.46744,1.083204,-0.18354,0.463309,1.085332,-0.168046
931,31033,True,0.9915,0.9915,0.300007,0.885256,1e-06,0.423071,0.855729,-0.007289,0.560946,0.877638,-0.041561,0.656304,0.966847,-0.081,0.727722,1.053213,-0.125429,0.631613,0.772346,-0.087145,0.758841,0.86596,-0.151568,0.853463,0.928317,-0.199515,0.930627,0.976745,-0.234371,0.573444,0.776824,-0.119695,0.662875,1.053572,-0.18508,0.645412,1.148824,-0.202873,0.633157,1.166966,-0.216216,0.493758,0.825381,-0.151217,0.563655,1.09383,-0.204899,0.537653,1.142615,-0.193566,0.520691,1.1238,-0.18489,0.412501,0.894512,-0.184556,0.461863,1.091637,-0.214013,0.446362,1.126893,-0.197836,0.431028,1.103991,-0.185319
932,31066,True,0.9861,0.9861,0.294505,0.866082,1e-06,0.43373,0.820661,0.013658,0.581564,0.861707,-0.014813,0.683102,0.949694,-0.048296,0.751742,1.031302,-0.086466,0.645453,0.821868,-0.092145,0.765857,0.988821,-0.149482,0.816411,1.109755,-0.181802,0.842788,1.191339,-0.201457,0.581487,0.838291,-0.128753,0.690561,1.108452,-0.176895,0.724872,1.229024,-0.184264,0.747343,1.292349,-0.193321,0.50289,0.882121,-0.160842,0.604139,1.146498,-0.201547,0.643746,1.249388,-0.192384,0.668872,1.299865,-0.186597,0.42119,0.941518,-0.190661,0.501668,1.137652,-0.211086,0.543176,1.226516,-0.195923,0.572191,1.272843,-0.185039
933,31099,True,0.9859,0.9859,0.317845,0.845344,1e-06,0.447209,0.820168,-0.001372,0.592136,0.875377,-0.033928,0.693382,0.976492,-0.067792,0.766521,1.059171,-0.103794,0.657324,0.824612,-0.11166,0.770303,0.977077,-0.163006,0.808122,1.087131,-0.18682,0.824055,1.16301,-0.202487,0.593625,0.841658,-0.140305,0.676024,1.109402,-0.180825,0.685821,1.208134,-0.179611,0.696026,1.248721,-0.186778,0.511823,0.882706,-0.164873,0.57653,1.14798,-0.195116,0.573179,1.194279,-0.17646,0.574227,1.188475,-0.170619,0.427435,0.936819,-0.189346,0.480486,1.14198,-0.20595,0.479397,1.167462,-0.188644,0.478624,1.144955,-0.179472
934,31133,True,0.9912,0.9912,0.347335,0.831428,0.0,0.46592,0.805014,-0.003986,0.597575,0.851751,-0.036973,0.684329,0.942577,-0.071781,0.738714,1.016987,-0.109404,0.666403,0.813257,-0.111894,0.793805,0.93704,-0.169711,0.87656,0.994055,-0.204909,0.949905,1.031194,-0.230956,0.608838,0.828657,-0.140896,0.66231,1.078058,-0.194874,0.622393,1.074669,-0.190936,0.605736,1.020436,-0.190986,0.528397,0.871877,-0.165883,0.570713,1.09642,-0.204804,0.532325,1.057354,-0.172974,0.515827,0.984648,-0.154507,0.446018,0.921671,-0.191732,0.485602,1.086588,-0.209139,0.454181,1.056062,-0.180913,0.436603,0.993379,-0.162474
935,31166,True,0.9963,0.9963,0.341561,0.853911,0.0,0.462197,0.837155,-0.001612,0.598784,0.879792,-0.036781,0.697386,0.949484,-0.074306,0.77034,0.996202,-0.113884,0.66041,0.788372,-0.116645,0.796489,0.86477,-0.187476,0.890754,0.897977,-0.230208,0.973727,0.918641,-0.259174,0.602727,0.799325,-0.149539,0.678872,1.047989,-0.216038,0.625148,1.037197,-0.209759,0.592359,0.97171,-0.203508,0.522129,0.842983,-0.179061,0.583196,1.068136,-0.227193,0.536996,1.026035,-0.186715,0.514344,0.954117,-0.159132,0.439417,0.896204,-0.209334,0.494615,1.062862,-0.228583,0.45875,1.029883,-0.192524,0.438859,0.966014,-0.167662
936,31200,True,0.9991,0.9991,0.3511,0.893833,1e-06,0.488519,0.903,-0.00096,0.617584,0.931062,-0.04318,0.712681,0.977241,-0.0885,0.797042,1.008792,-0.135913,0.678021,0.777196,-0.134826,0.808757,0.804067,-0.21728,0.912163,0.800221,-0.268667,0.995731,0.799803,-0.30285,0.616359,0.751907,-0.170516,0.699269,0.994788,-0.246571,0.692291,1.124437,-0.253394,0.676243,1.199561,-0.256061,0.529922,0.780341,-0.201999,0.601059,1.03933,-0.265088,0.588226,1.151219,-0.237455,0.56758,1.204523,-0.214409,0.443288,0.838344,-0.233416,0.503748,1.036592,-0.270423,0.505821,1.123865,-0.24628,0.49911,1.16503,-0.225069
937,31233,True,0.9992,0.9992,0.342591,0.908046,1e-06,0.478784,0.903288,-0.005586,0.607139,0.900808,-0.044312,0.704602,0.928924,-0.087568,0.795774,0.946743,-0.131283,0.660582,0.731693,-0.104979,0.778134,0.718492,-0.172472,0.864029,0.696391,-0.21289,0.934964,0.680273,-0.241022,0.59962,0.713411,-0.139649,0.685348,0.934895,-0.217864,0.676954,1.063952,-0.229268,0.662513,1.140479,-0.230384,0.518034,0.749748,-0.171626,0.589637,1.01221,-0.237036,0.576634,1.118324,-0.212068,0.560121,1.166195,-0.187224,0.436261,0.814418,-0.20496,0.501426,1.016699,-0.245983,0.506013,1.108431,-0.225387,0.504074,1.151648,-0.203608
938,31266,True,0.9989,0.9989,0.341197,0.925051,1e-06,0.478716,0.909729,-0.004918,0.604908,0.885427,-0.043112,0.701666,0.893994,-0.087624,0.793513,0.904245,-0.132517,0.641195,0.695982,-0.095533,0.759632,0.652861,-0.161761,0.843636,0.606665,-0.203171,0.910842,0.57108,-0.232656,0.578546,0.678476,-0.131281,0.681633,0.886737,-0.212017,0.676855,1.011551,-0.225311,0.658793,1.079112,-0.226475,0.50098,0.71969,-0.16479,0.5893,0.987034,-0.229594,0.568723,1.081838,-0.202162,0.541686,1.110796,-0.175429,0.42391,0.78971,-0.200431,0.50221,1.000317,-0.239404,0.500559,1.079779,-0.215817,0.488193,1.102273,-0.19188
939,31300,True,0.9988,0.9988,0.334243,0.946415,1e-06,0.472297,0.913833,-0.004316,0.596475,0.86831,-0.040899,0.696587,0.85758,-0.084521,0.792621,0.852897,-0.127459,0.614451,0.679871,-0.087834,0.718943,0.60707,-0.157256,0.795703,0.546158,-0.201917,0.855567,0.498923,-0.233299,0.551044,0.661276,-0.125056,0.667599,0.816125,-0.209776,0.685286,0.942844,-0.226512,0.678972,1.019333,-0.228789,0.477702,0.704365,-0.160586,0.581021,0.944687,-0.222956,0.563654,1.032305,-0.192313,0.532842,1.05007,-0.163633,0.405766,0.780394,-0.199459,0.496247,0.971701,-0.234791,0.494619,1.033999,-0.208203,0.474678,1.036625,-0.182368
940,31333,True,0.9987,0.9987,0.344757,0.937406,1e-06,0.478294,0.903094,-0.006987,0.593013,0.860472,-0.044085,0.685042,0.847707,-0.088225,0.776818,0.831191,-0.132645,0.605161,0.654215,-0.087525,0.707913,0.560937,-0.150596,0.782099,0.49233,-0.191665,0.841216,0.434731,-0.221348,0.536839,0.642105,-0.122366,0.659623,0.781931,-0.203416,0.696909,0.913268,-0.222661,0.701577,1.00382,-0.226614,0.464441,0.692157,-0.154842,0.575549,0.902027,-0.212686,0.584347,1.004885,-0.18459,0.568337,1.053669,-0.158294,0.397826,0.775074,-0.190963,0.488462,0.945637,-0.22521,0.512504,1.023928,-0.201299,0.513769,1.057984,-0.176617
941,31366,True,0.999,0.999,0.344916,0.926511,1e-06,0.478746,0.881416,-0.004206,0.593183,0.835219,-0.042994,0.684156,0.823998,-0.088887,0.775528,0.808601,-0.134781,0.599419,0.628114,-0.090927,0.692397,0.532987,-0.154796,0.759105,0.456667,-0.195329,0.808707,0.394787,-0.224755,0.524942,0.619625,-0.126578,0.650115,0.758325,-0.205338,0.681681,0.889854,-0.217898,0.680122,0.974271,-0.21841,0.448642,0.67698,-0.15988,0.56755,0.87788,-0.213463,0.566908,0.959479,-0.179285,0.5382,0.984076,-0.151331,0.380315,0.768119,-0.196825,0.479768,0.935325,-0.227772,0.503906,0.994304,-0.201256,0.497874,1.000928,-0.176658
942,31400,True,0.9986,0.9986,0.351433,0.905902,0.0,0.484812,0.858746,-0.006614,0.595777,0.815543,-0.045837,0.684588,0.811411,-0.09223,0.77042,0.796993,-0.138401,0.600164,0.620568,-0.08972,0.682856,0.522617,-0.154945,0.741169,0.43989,-0.199406,0.785461,0.372718,-0.232298,0.523359,0.611785,-0.123939,0.633537,0.756317,-0.203844,0.662974,0.8814,-0.218559,0.664489,0.958306,-0.221754,0.443758,0.666462,-0.156227,0.543852,0.856068,-0.206433,0.533695,0.907647,-0.17414,0.499572,0.903444,-0.150465,0.373726,0.751832,-0.192845,0.453633,0.908545,-0.221102,0.457509,0.937082,-0.195845,0.434209,0.910803,-0.174483
943,31433,True,0.9987,0.9987,0.35573,0.91038,0.0,0.484902,0.869559,-0.013984,0.595603,0.825813,-0.052844,0.683252,0.819994,-0.097164,0.76674,0.805195,-0.142109,0.596469,0.634638,-0.099081,0.672119,0.535044,-0.165233,0.72642,0.443119,-0.210069,0.76929,0.37185,-0.242678,0.518275,0.61291,-0.12646,0.607755,0.792183,-0.200953,0.637121,0.910872,-0.209058,0.642526,0.979519,-0.20838,0.434329,0.662702,-0.152579,0.514813,0.863528,-0.196602,0.512152,0.900966,-0.157946,0.486817,0.890862,-0.130744,0.359165,0.744552,-0.184309,0.419558,0.90654,-0.211321,0.430827,0.929546,-0.183914,0.417212,0.904303,-0.159351
944,31466,True,0.9981,0.9981,0.357323,0.916804,0.0,0.479674,0.885114,-0.016581,0.594713,0.847191,-0.052742,0.679724,0.841263,-0.093156,0.758024,0.830357,-0.135047,0.589263,0.655339,-0.104687,0.669721,0.558204,-0.170546,0.723786,0.469862,-0.215297,0.767249,0.397628,-0.247379,0.506101,0.623676,-0.126404,0.583103,0.81244,-0.184971,0.597055,0.878214,-0.186893,0.591292,0.892881,-0.189216,0.416829,0.671343,-0.147688,0.491617,0.887876,-0.189368,0.488312,0.899764,-0.157635,0.467697,0.867516,-0.137763,0.334822,0.751797,-0.173562,0.40141,0.918477,-0.201865,0.409161,0.92902,-0.178752,0.392979,0.89338,-0.158983
945,31500,True,0.9916,0.9916,0.356441,0.947759,0.0,0.469022,0.927623,-0.025683,0.57855,0.88655,-0.066052,0.658842,0.878024,-0.108667,0.737236,0.860811,-0.153629,0.56669,0.693198,-0.117679,0.650189,0.632054,-0.192992,0.703934,0.55317,-0.249002,0.74643,0.479156,-0.289543,0.479082,0.66184,-0.137813,0.550666,0.896613,-0.208763,0.558454,0.946559,-0.221463,0.551126,0.936824,-0.230646,0.386557,0.712051,-0.158181,0.461452,0.956169,-0.212666,0.46759,0.962272,-0.185367,0.458844,0.926604,-0.165763,0.300462,0.792788,-0.183636,0.372723,0.969341,-0.228004,0.382712,0.975453,-0.211513,0.372201,0.938984,-0.193196
946,31533,True,0.9912,0.9912,0.380554,0.950165,-0.0,0.481475,0.94001,-0.041014,0.574918,0.905446,-0.086012,0.650253,0.90905,-0.131938,0.722761,0.917066,-0.181476,0.547356,0.706765,-0.102352,0.566662,0.716628,-0.17467,0.594144,0.750085,-0.225959,0.624005,0.789934,-0.259261,0.450719,0.702756,-0.118153,0.513578,0.954824,-0.205274,0.515264,1.103336,-0.23523,0.512588,1.178106,-0.2474,0.356627,0.752796,-0.135817,0.413842,1.003365,-0.21634,0.420401,1.122048,-0.215577,0.426496,1.178089,-0.202751,0.272856,0.826177,-0.157103,0.313606,0.999822,-0.214866,0.326166,1.096472,-0.209604,0.337524,1.147608,-0.194508
947,31566,True,0.8839,0.8839,0.359861,0.8032,-0.0,0.366185,0.848787,-0.083677,0.375731,0.898964,-0.152191,0.403193,0.970316,-0.209844,0.451539,1.044467,-0.266812,0.362487,0.774319,-0.182127,0.367064,0.979546,-0.257736,0.386086,1.071652,-0.29746,0.413579,1.086395,-0.322912,0.366294,0.776171,-0.17429,0.426544,1.033274,-0.241544,0.440522,1.10936,-0.254861,0.452795,1.10077,-0.268404,0.38242,0.80283,-0.167582,0.448956,1.042242,-0.231697,0.464022,1.096502,-0.222405,0.469919,1.084662,-0.213566,0.392567,0.839541,-0.168279,0.470975,1.011486,-0.210111,0.506279,1.060646,-0.200312,0.534445,1.059716,-0.190918
948,31599,True,0.967,0.967,0.330224,0.808633,0.0,0.402736,0.849747,-0.0697,0.497855,0.939624,-0.135238,0.576149,1.046244,-0.194031,0.641171,1.118818,-0.256457,0.500736,0.808246,-0.177555,0.544514,1.037014,-0.276846,0.562705,1.170324,-0.336687,0.577775,1.243643,-0.372642,0.430351,0.780463,-0.18515,0.475014,1.058888,-0.279526,0.489417,1.213086,-0.304226,0.504594,1.294567,-0.320752,0.362308,0.788613,-0.196388,0.402725,1.069977,-0.283271,0.419631,1.196205,-0.286559,0.43327,1.251604,-0.281819,0.297377,0.820781,-0.212729,0.334923,1.036273,-0.274475,0.361085,1.145943,-0.276809,0.382687,1.209058,-0.274165
949,31633,True,0.9995,0.9995,0.313336,0.785384,1e-06,0.404138,0.783053,-0.020547,0.50027,0.841796,-0.057102,0.548306,0.940696,-0.090213,0.57872,1.014018,-0.126279,0.510381,0.751525,-0.117626,0.555932,0.828234,-0.163644,0.584166,0.906921,-0.189039,0.595667,0.983068,-0.204861,0.438473,0.766251,-0.134238,0.481556,0.968997,-0.170438,0.498441,1.051224,-0.166679,0.511416,1.106636,-0.166898,0.358739,0.809746,-0.148889,0.395104,1.019467,-0.175867,0.415793,1.077556,-0.151174,0.425908,1.10654,-0.135454,0.283702,0.859753,-0.166527,0.315785,1.029523,-0.186296,0.342026,1.080314,-0.168645,0.356961,1.10459,-0.154549
950,31666,True,0.9982,0.9982,0.326769,0.77173,1e-06,0.417433,0.759394,-0.025362,0.51582,0.80973,-0.064766,0.560723,0.898339,-0.100675,0.593483,0.960239,-0.138747,0.518442,0.730743,-0.137395,0.598117,0.827171,-0.199513,0.662122,0.881785,-0.242979,0.714446,0.934255,-0.27556,0.44781,0.744581,-0.157463,0.511773,0.966467,-0.215744,0.53124,1.015918,-0.224179,0.55126,1.04586,-0.23438,0.370878,0.786913,-0.17375,0.419421,1.006073,-0.206626,0.40695,0.959565,-0.169656,0.397191,0.901818,-0.149713,0.29724,0.837654,-0.195253,0.343544,1.01852,-0.219706,0.341243,0.983136,-0.194027,0.332013,0.928533,-0.176195
951,31700,True,0.9952,0.9952,0.339414,0.808373,2e-06,0.442581,0.78323,-0.01704,0.553627,0.819246,-0.054618,0.615607,0.884098,-0.090237,0.665515,0.926387,-0.128889,0.558833,0.714071,-0.130445,0.638815,0.773304,-0.189161,0.70911,0.804923,-0.228875,0.769669,0.838236,-0.258702,0.48138,0.732706,-0.156684,0.56992,0.92724,-0.214344,0.629553,1.012817,-0.230155,0.678335,1.084378,-0.245821,0.394633,0.779636,-0.177892,0.461228,0.992603,-0.217347,0.470089,0.999734,-0.192412,0.468343,0.984988,-0.177882,0.310727,0.837436,-0.201826,0.373621,1.002413,-0.230702,0.389766,1.003251,-0.209798,0.391,0.979534,-0.194116
952,31733,True,0.9986,0.9986,0.366704,0.85894,1e-06,0.467189,0.860328,-0.023681,0.596821,0.88724,-0.067205,0.68579,0.938006,-0.108371,0.771871,0.956653,-0.153435,0.59652,0.717895,-0.146883,0.691046,0.764672,-0.217414,0.773821,0.77781,-0.266793,0.8448,0.790717,-0.303535,0.523164,0.716264,-0.17326,0.603778,0.94178,-0.239275,0.630819,1.015112,-0.251249,0.65513,1.047587,-0.266214,0.4363,0.760007,-0.196225,0.501054,1.000858,-0.241863,0.496087,1.006892,-0.210307,0.488017,0.973692,-0.194708,0.351068,0.82136,-0.223181,0.419243,1.001718,-0.256975,0.422915,1.009629,-0.233743,0.412426,0.974284,-0.218478
953,31766,True,0.9994,0.9994,0.359757,0.838341,1e-06,0.474473,0.849867,-0.016395,0.602498,0.875656,-0.058023,0.698783,0.929295,-0.100134,0.785491,0.945711,-0.145452,0.613373,0.729599,-0.132906,0.728968,0.769954,-0.205796,0.819707,0.782826,-0.25439,0.898525,0.785461,-0.288281,0.545173,0.712005,-0.160764,0.624668,0.941101,-0.231233,0.621545,0.982723,-0.24266,0.619039,0.969068,-0.252556,0.463371,0.749302,-0.186023,0.528004,1.008745,-0.240246,0.510728,1.007607,-0.216194,0.49645,0.957503,-0.200505,0.383051,0.810954,-0.213889,0.448835,0.998338,-0.248564,0.44289,1.005079,-0.227694,0.424152,0.963048,-0.211624
954,31800,True,0.9996,0.9996,0.375948,0.858828,1e-06,0.483374,0.865071,-0.018776,0.603411,0.891383,-0.061626,0.693551,0.945863,-0.104045,0.777453,0.979344,-0.149353,0.638139,0.742084,-0.136368,0.767791,0.788809,-0.209995,0.865674,0.804861,-0.258645,0.949391,0.813996,-0.292492,0.573867,0.727359,-0.162143,0.649305,0.95466,-0.234739,0.653992,1.046684,-0.244981,0.65578,1.085897,-0.252257,0.493854,0.765059,-0.1853,0.557421,1.020248,-0.241846,0.555431,1.088922,-0.217918,0.546463,1.102199,-0.19999,0.414644,0.827277,-0.211144,0.479417,1.01204,-0.245231,0.48282,1.070302,-0.223431,0.472778,1.079938,-0.205023
955,31833,True,0.9994,0.9994,0.37213,0.861109,1e-06,0.486465,0.851222,-0.015645,0.610163,0.880049,-0.060287,0.70205,0.948543,-0.104746,0.786534,0.995559,-0.15276,0.652487,0.749384,-0.145138,0.787769,0.807557,-0.223821,0.888378,0.830233,-0.275789,0.974067,0.84506,-0.31147,0.586518,0.741895,-0.173846,0.668152,0.993393,-0.251078,0.670834,1.095391,-0.26254,0.670807,1.141668,-0.27124,0.505428,0.781213,-0.199503,0.572651,1.042782,-0.261366,0.569555,1.111033,-0.242225,0.56175,1.125597,-0.227734,0.426072,0.844352,-0.226761,0.488391,1.033259,-0.262472,0.49446,1.097355,-0.243069,0.489681,1.115169,-0.227391
956,31866,True,0.9992,0.9992,0.371601,0.869497,1e-06,0.489414,0.865041,-0.012267,0.612105,0.896326,-0.058102,0.702099,0.964921,-0.104902,0.784873,1.014507,-0.154698,0.666689,0.759374,-0.141842,0.805085,0.817769,-0.221147,0.909243,0.84063,-0.273623,0.996609,0.857844,-0.309894,0.599449,0.74615,-0.173188,0.676856,0.989915,-0.255057,0.677431,1.112385,-0.26868,0.674608,1.184784,-0.276929,0.515945,0.782222,-0.200834,0.5791,1.040943,-0.263282,0.576804,1.133508,-0.2418,0.567155,1.172948,-0.224871,0.435769,0.842397,-0.230093,0.495077,1.032991,-0.26465,0.49985,1.108421,-0.243542,0.495709,1.13795,-0.226148
957,31900,True,0.999,0.999,0.357919,0.861922,1e-06,0.475159,0.862172,-0.014653,0.607042,0.894843,-0.056501,0.702882,0.96727,-0.100154,0.784074,1.023714,-0.147017,0.663154,0.758743,-0.126582,0.794627,0.820065,-0.194424,0.888564,0.840891,-0.240746,0.966331,0.851916,-0.274816,0.599229,0.745325,-0.156406,0.672081,1.001485,-0.225539,0.673845,1.112654,-0.237282,0.676129,1.169273,-0.247968,0.514456,0.780751,-0.183126,0.580089,1.042428,-0.234186,0.567548,1.111513,-0.209781,0.551697,1.127898,-0.195207,0.430728,0.840874,-0.212721,0.493823,1.039004,-0.243277,0.49192,1.103349,-0.221564,0.482633,1.121498,-0.205512
958,31933,True,0.9986,0.9986,0.340721,0.879181,1e-06,0.464714,0.888883,-0.012074,0.592635,0.910564,-0.051846,0.684979,0.965924,-0.094653,0.769677,1.004168,-0.139928,0.644616,0.757837,-0.11207,0.766939,0.807268,-0.175974,0.85848,0.825643,-0.219105,0.933846,0.838455,-0.250532,0.582089,0.736639,-0.142272,0.646696,0.985398,-0.207591,0.625874,1.07489,-0.214781,0.608253,1.106952,-0.221375,0.495485,0.767101,-0.17011,0.554157,1.031406,-0.218273,0.524562,1.067205,-0.189429,0.499862,1.049098,-0.17221,0.407306,0.826064,-0.200825,0.464852,1.02552,-0.227773,0.448602,1.055096,-0.203071,0.428659,1.032318,-0.185744
959,31966,True,0.9856,0.9856,0.333879,0.888368,1e-06,0.469651,0.862263,-0.027161,0.620383,0.852938,-0.060637,0.73913,0.861527,-0.092582,0.84138,0.846165,-0.125874,0.604137,0.719991,-0.118353,0.714392,0.785602,-0.177229,0.801695,0.799888,-0.215817,0.87737,0.811708,-0.246214,0.531744,0.716024,-0.139498,0.60033,0.971046,-0.202342,0.615506,1.061016,-0.212917,0.624586,1.105304,-0.225377,0.442199,0.759585,-0.160018,0.491945,1.023903,-0.210263,0.491727,1.067659,-0.191325,0.487256,1.061782,-0.181538,0.35655,0.823892,-0.184817,0.403371,1.019391,-0.220536,0.408465,1.048228,-0.210729,0.401653,1.025198,-0.204668
960,32000,True,0.9885,0.9885,0.341026,0.8936,0.0,0.462655,0.874331,-0.029099,0.602361,0.85654,-0.063999,0.708729,0.858386,-0.09799,0.80055,0.825031,-0.133693,0.56997,0.712099,-0.114269,0.663764,0.766487,-0.17687,0.742143,0.77595,-0.221923,0.814538,0.778664,-0.25615,0.493026,0.707387,-0.135951,0.560872,0.959401,-0.203108,0.545448,0.97052,-0.216865,0.530378,0.928812,-0.228733,0.404671,0.753955,-0.157718,0.458476,1.001336,-0.208782,0.448195,0.989498,-0.185713,0.442006,0.933615,-0.171453,0.319649,0.817148,-0.18446,0.372172,1.000927,-0.221904,0.376228,1.000572,-0.207369,0.367397,0.953127,-0.195775
961,32033,True,0.9985,0.9985,0.325695,0.937729,1e-06,0.429717,0.927004,-0.0289,0.562931,0.904098,-0.064519,0.664259,0.922935,-0.099285,0.746889,0.915978,-0.13692,0.539728,0.708923,-0.116085,0.611174,0.738596,-0.184564,0.683442,0.7485,-0.232692,0.751352,0.756165,-0.266077,0.461065,0.68726,-0.136097,0.532534,0.936148,-0.202972,0.532335,0.989597,-0.217668,0.522683,0.982154,-0.228286,0.371199,0.735238,-0.156604,0.432186,1.005229,-0.216837,0.427839,1.045997,-0.200111,0.417727,1.032126,-0.185779,0.280885,0.811212,-0.180912,0.341595,1.020321,-0.228904,0.357375,1.089416,-0.217657,0.356014,1.10827,-0.203858
962,32066,True,0.9969,0.9969,0.321687,0.943475,1e-06,0.422336,0.929373,-0.041429,0.534037,0.900928,-0.085773,0.631612,0.924936,-0.130272,0.719287,0.924737,-0.180505,0.513691,0.692295,-0.122944,0.583263,0.734912,-0.195359,0.651963,0.733689,-0.24419,0.718943,0.732818,-0.279834,0.418417,0.675493,-0.144018,0.49143,0.938668,-0.231603,0.505002,1.075893,-0.258072,0.508163,1.149831,-0.27181,0.321909,0.732709,-0.166088,0.386916,1.011155,-0.250435,0.397515,1.131586,-0.24774,0.401191,1.194241,-0.236744,0.231446,0.823902,-0.191861,0.27367,1.032589,-0.25716,0.305101,1.140091,-0.257637,0.328736,1.200842,-0.249041
963,32100,True,0.9954,0.9954,0.316923,0.963653,1e-06,0.417776,0.93983,-0.036043,0.518553,0.895647,-0.077547,0.613919,0.912067,-0.122203,0.702724,0.913313,-0.170663,0.503359,0.678887,-0.090976,0.566877,0.723848,-0.156773,0.6292,0.720726,-0.20694,0.69471,0.721185,-0.243892,0.412587,0.65956,-0.110198,0.505284,0.933062,-0.193199,0.545873,1.074379,-0.22294,0.571154,1.151847,-0.237983,0.319941,0.710626,-0.131625,0.403668,0.999118,-0.20504,0.415002,1.107193,-0.20167,0.413128,1.150627,-0.190879,0.235931,0.797486,-0.158011,0.299589,1.014268,-0.211771,0.325011,1.105961,-0.209302,0.332006,1.140143,-0.199108
964,32133,True,0.9937,0.9937,0.330137,0.956035,0.0,0.434516,0.937068,-0.035046,0.527258,0.894873,-0.075531,0.609573,0.894023,-0.118823,0.685386,0.873016,-0.163416,0.501321,0.664051,-0.079161,0.530679,0.727171,-0.1526,0.580206,0.741492,-0.209503,0.633298,0.745908,-0.248716,0.406662,0.654878,-0.099327,0.497317,0.933186,-0.184818,0.497661,1.050631,-0.214341,0.484519,1.081009,-0.226723,0.315905,0.7125,-0.12342,0.399244,1.005428,-0.197874,0.396068,1.079558,-0.190993,0.382101,1.070133,-0.176074,0.232525,0.800213,-0.152791,0.299148,1.023587,-0.204205,0.315457,1.086967,-0.198332,0.310748,1.079288,-0.18459
965,32166,True,0.9797,0.9797,0.351581,0.928334,-0.0,0.447853,0.926352,-0.042367,0.537445,0.91026,-0.084854,0.616858,0.912028,-0.129836,0.696291,0.895974,-0.177331,0.516876,0.674982,-0.082611,0.565013,0.809208,-0.153919,0.614708,0.874952,-0.206512,0.662196,0.915777,-0.239121,0.417501,0.675398,-0.096472,0.48785,0.944246,-0.169849,0.480636,1.05869,-0.195833,0.458946,1.092269,-0.20784,0.321355,0.726826,-0.114294,0.388997,1.001845,-0.180815,0.378731,1.093902,-0.176779,0.357871,1.106796,-0.163576,0.234985,0.800666,-0.137403,0.288322,1.014429,-0.180516,0.302962,1.091815,-0.17305,0.296087,1.104894,-0.15812
966,32200,True,0.9466,0.9466,0.342934,0.950946,-0.0,0.441532,0.93706,-0.052582,0.525734,0.919764,-0.105636,0.593719,0.937577,-0.158935,0.652064,0.963504,-0.212434,0.525585,0.698824,-0.11296,0.610122,0.910527,-0.208151,0.642874,1.045162,-0.268426,0.662658,1.124667,-0.299723,0.420955,0.694368,-0.123663,0.499183,0.99956,-0.204741,0.498904,1.139988,-0.221892,0.482641,1.184303,-0.227601,0.317702,0.74056,-0.140163,0.398725,1.032471,-0.206855,0.398535,1.136981,-0.190462,0.383878,1.154299,-0.169317,0.227558,0.809514,-0.163433,0.29256,1.033246,-0.202931,0.305937,1.11665,-0.187998,0.298494,1.131417,-0.168102
967,32233,True,0.9838,0.9838,0.38958,0.807816,-1e-06,0.287282,0.856507,-0.091384,0.20817,0.900827,-0.167936,0.191454,0.957689,-0.234737,0.223742,1.016786,-0.29918,0.289681,0.786859,-0.180874,0.300545,1.0114,-0.258557,0.318345,1.116391,-0.293419,0.338156,1.136484,-0.312199,0.375017,0.766161,-0.170546,0.41177,1.020141,-0.244081,0.424728,1.136804,-0.256648,0.440626,1.165431,-0.263944,0.460002,0.766804,-0.163169,0.499111,0.993954,-0.241487,0.515338,1.100213,-0.239063,0.530853,1.137431,-0.22616,0.531415,0.781923,-0.162672,0.589955,0.920146,-0.213299,0.61726,1.002944,-0.205946,0.644207,1.04331,-0.193127
968,32266,True,0.9221,0.9221,0.330842,0.713743,-1e-06,0.446194,0.763703,-0.066923,0.547672,0.837928,-0.135654,0.603073,0.924459,-0.197252,0.598223,1.017289,-0.262849,0.526252,0.751366,-0.18497,0.571821,0.925965,-0.262645,0.553653,1.003028,-0.306829,0.532711,1.039309,-0.33207,0.428923,0.771764,-0.180821,0.456533,1.002033,-0.234904,0.430595,1.060231,-0.24679,0.403603,1.056855,-0.264842,0.33272,0.811654,-0.174613,0.357009,1.027225,-0.221704,0.340575,1.081319,-0.215161,0.319525,1.078387,-0.214046,0.241223,0.859457,-0.174333,0.250707,1.021648,-0.205024,0.25095,1.069899,-0.194041,0.247451,1.079093,-0.188247
969,32299,True,0.9934,0.9934,0.321519,0.745947,1e-06,0.42887,0.770929,-0.030827,0.529321,0.836109,-0.074091,0.586461,0.923223,-0.110243,0.631951,0.987571,-0.147734,0.52954,0.740188,-0.147216,0.594057,0.899993,-0.20066,0.6337,1.00644,-0.222527,0.661689,1.078092,-0.234301,0.444401,0.746935,-0.159645,0.491371,0.972412,-0.210383,0.498846,1.090359,-0.209453,0.507166,1.164863,-0.208483,0.352924,0.783737,-0.168266,0.403114,1.009205,-0.211468,0.415119,1.119979,-0.19248,0.423787,1.182349,-0.177137,0.272259,0.833731,-0.177828,0.312875,1.014391,-0.211564,0.333172,1.108692,-0.200104,0.348295,1.168949,-0.188487
970,32333,True,0.9982,0.9982,0.288292,0.802551,1e-06,0.414442,0.842596,-0.024812,0.526165,0.899263,-0.069911,0.60669,0.948004,-0.111292,0.702294,0.949893,-0.152695,0.523191,0.710743,-0.137649,0.576349,0.786247,-0.198416,0.637803,0.835339,-0.227849,0.68169,0.874074,-0.245934,0.447913,0.711254,-0.157855,0.506397,0.958165,-0.213977,0.501621,1.035768,-0.202788,0.488807,1.059245,-0.194717,0.356648,0.753869,-0.177048,0.418689,0.997367,-0.229974,0.427637,1.063224,-0.197681,0.423455,1.07242,-0.172764,0.270906,0.811422,-0.197447,0.328966,1.018189,-0.234111,0.354443,1.07081,-0.215344,0.36121,1.074772,-0.200096
971,32366,True,0.9992,0.9992,0.301212,0.84169,1e-06,0.410432,0.843803,-0.032181,0.520116,0.853517,-0.07237,0.597878,0.883377,-0.108877,0.67138,0.860708,-0.147361,0.507833,0.672741,-0.130031,0.569227,0.763528,-0.194043,0.63847,0.819437,-0.234786,0.697528,0.864805,-0.263728,0.430864,0.665811,-0.145724,0.491969,0.925625,-0.208379,0.498718,1.069184,-0.213972,0.504112,1.149717,-0.22025,0.343087,0.716193,-0.161206,0.401199,0.979813,-0.222251,0.41534,1.094598,-0.203504,0.416068,1.143458,-0.188964,0.262157,0.790183,-0.179249,0.321973,0.990952,-0.230976,0.344767,1.078917,-0.222825,0.347912,1.116031,-0.212999
972,32400,True,0.9993,0.9993,0.315732,0.915619,1e-06,0.416372,0.892432,-0.035742,0.525707,0.858271,-0.077236,0.616222,0.87475,-0.115576,0.691713,0.882411,-0.153631,0.490299,0.65343,-0.114899,0.518526,0.663764,-0.181981,0.569237,0.661862,-0.228596,0.620965,0.669528,-0.262235,0.412139,0.640923,-0.131164,0.486977,0.878515,-0.209708,0.504489,0.994632,-0.227523,0.511315,1.057807,-0.235428,0.330065,0.693582,-0.148658,0.399905,0.968148,-0.21314,0.422117,1.036263,-0.198193,0.429616,1.049189,-0.182655,0.253621,0.777955,-0.170545,0.314266,0.972618,-0.214372,0.338868,1.018905,-0.205116,0.347525,1.014996,-0.193336
973,32433,True,0.9941,0.9941,0.332642,0.89421,0.0,0.42161,0.88571,-0.04497,0.509043,0.84345,-0.090738,0.594049,0.850081,-0.134314,0.679727,0.849468,-0.179017,0.481042,0.63094,-0.107328,0.521871,0.653891,-0.176245,0.569223,0.627874,-0.229567,0.617161,0.603628,-0.270186,0.398164,0.615929,-0.123777,0.47632,0.860542,-0.21416,0.510825,0.980576,-0.24371,0.530761,1.045231,-0.256859,0.314107,0.672899,-0.14285,0.38864,0.920626,-0.209972,0.398236,0.947299,-0.202131,0.395274,0.926461,-0.192529,0.23581,0.765863,-0.168498,0.29281,0.945767,-0.221654,0.311091,0.960543,-0.223179,0.311876,0.929625,-0.218128
974,32466,True,0.9844,0.9844,0.333786,0.880828,0.0,0.420859,0.868446,-0.045485,0.499151,0.828737,-0.090469,0.584819,0.842738,-0.134764,0.67702,0.855716,-0.178732,0.462025,0.622292,-0.094305,0.486095,0.672028,-0.161087,0.51233,0.646698,-0.212211,0.547606,0.615446,-0.250219,0.375316,0.607398,-0.106326,0.434354,0.8634,-0.178639,0.456843,0.917251,-0.199487,0.47135,0.91174,-0.210885,0.293026,0.659033,-0.123027,0.354111,0.924789,-0.177314,0.367298,0.9348,-0.163703,0.372172,0.887563,-0.151251,0.219586,0.738765,-0.147727,0.262405,0.938842,-0.19241,0.275009,0.948321,-0.191875,0.273846,0.897558,-0.18495
975,32500,True,0.9878,0.9878,0.339481,0.842583,0.0,0.429856,0.850579,-0.076841,0.504991,0.841364,-0.132297,0.586038,0.869728,-0.178339,0.672345,0.881244,-0.219355,0.450793,0.612239,-0.133271,0.466597,0.794318,-0.204041,0.478429,0.805957,-0.245664,0.484546,0.773624,-0.271406,0.357441,0.631644,-0.125753,0.405731,0.919201,-0.172551,0.41395,0.89559,-0.174196,0.405321,0.819059,-0.179144,0.274587,0.690814,-0.124927,0.327528,0.960712,-0.161691,0.33819,0.918576,-0.132994,0.3325,0.828997,-0.1133,0.199526,0.764536,-0.135734,0.242469,0.965495,-0.175299,0.255842,0.940093,-0.168772,0.250095,0.8651,-0.1566
976,32533,True,0.9754,0.9754,0.330708,0.914052,-1e-06,0.42344,0.912371,-0.061351,0.509811,0.905128,-0.117823,0.59345,0.919555,-0.174786,0.681541,0.93187,-0.231177,0.474133,0.668879,-0.118176,0.518697,0.817123,-0.211335,0.539777,0.934439,-0.272185,0.552329,1.012683,-0.303781,0.36927,0.674893,-0.12478,0.416398,0.942419,-0.206717,0.421297,1.05638,-0.233947,0.411572,1.09485,-0.24847,0.274137,0.727757,-0.137222,0.326081,0.992594,-0.203336,0.327988,1.081351,-0.198314,0.313545,1.101341,-0.186885,0.190734,0.795734,-0.157199,0.229032,0.988511,-0.195822,0.242661,1.060726,-0.186545,0.235216,1.07562,-0.172116
977,32566,True,0.5275,0.5275,0.327262,0.72056,-0.0,0.425106,0.787725,-0.060551,0.494213,0.875628,-0.126596,0.51305,0.95428,-0.189888,0.528771,1.010109,-0.261039,0.417347,0.759934,-0.181746,0.438843,0.998152,-0.263605,0.465767,1.111844,-0.313768,0.488318,1.15421,-0.345825,0.326956,0.754726,-0.188353,0.371572,1.02002,-0.256472,0.401339,1.132303,-0.271852,0.420641,1.175255,-0.28913,0.249773,0.772235,-0.192614,0.302905,1.016062,-0.25923,0.341359,1.118337,-0.249031,0.363973,1.161408,-0.240395,0.18367,0.803541,-0.201847,0.238056,0.989824,-0.246764,0.284228,1.069947,-0.232704,0.31293,1.109141,-0.22168
978,32600,True,0.6151,0.6151,0.336091,0.862474,1e-06,0.369251,0.85622,-0.057416,0.429938,0.926121,-0.140778,0.487481,0.997348,-0.203337,0.551904,1.069907,-0.266592,0.42336,0.767099,-0.300316,0.487088,1.032334,-0.356401,0.4894,1.129313,-0.34798,0.477847,1.164501,-0.336719,0.373568,0.757092,-0.299625,0.417192,1.071557,-0.362194,0.422079,1.122464,-0.333536,0.420031,1.108225,-0.313617,0.326622,0.773529,-0.285696,0.364046,1.080325,-0.324078,0.369986,1.091002,-0.266429,0.365081,1.031281,-0.230105,0.289777,0.819144,-0.272473,0.31883,1.04282,-0.302693,0.324522,1.065855,-0.271729,0.317219,1.020949,-0.251751
979,32633,True,0.9875,0.9875,0.367339,0.793892,-0.0,0.302273,0.834248,-0.068818,0.259084,0.892515,-0.131426,0.260151,0.967336,-0.18593,0.296601,1.05792,-0.243629,0.280065,0.803946,-0.144471,0.237747,1.001384,-0.209675,0.232488,1.119386,-0.249017,0.259954,1.194032,-0.272787,0.338312,0.801301,-0.139462,0.363079,1.03112,-0.200658,0.369568,1.15723,-0.218412,0.392362,1.216085,-0.229357,0.394347,0.818387,-0.134866,0.428159,1.03505,-0.196808,0.42713,1.133217,-0.197952,0.430939,1.175652,-0.191168,0.439082,0.843037,-0.134531,0.465766,1.001255,-0.176591,0.463028,1.081168,-0.170391,0.467037,1.119815,-0.159921
980,32666,True,0.9531,0.9531,0.298141,0.777853,0.0,0.237156,0.803747,-0.071162,0.204666,0.891064,-0.158419,0.199628,0.972516,-0.223181,0.204186,1.050094,-0.29313,0.273466,0.786527,-0.310744,0.315821,1.001685,-0.393106,0.300281,1.124063,-0.413695,0.292629,1.193492,-0.421986,0.339832,0.760212,-0.30985,0.378352,0.979859,-0.383715,0.361757,1.119819,-0.36267,0.355462,1.195419,-0.350865,0.393293,0.767779,-0.300049,0.423985,0.984663,-0.358275,0.404339,1.10185,-0.31136,0.390084,1.143312,-0.280397,0.438157,0.786603,-0.293055,0.461236,0.963126,-0.349188,0.447311,1.049914,-0.329327,0.439498,1.075181,-0.311184
981,32700,True,0.615,0.615,0.391787,0.70722,1e-06,0.347089,0.766659,-0.077742,0.322604,0.893087,-0.163048,0.31979,1.04514,-0.233119,0.3408,1.152215,-0.303802,0.285084,0.774826,-0.24511,0.282909,1.028691,-0.337416,0.313736,1.130941,-0.379568,0.338583,1.194931,-0.402667,0.313813,0.737178,-0.239973,0.352146,1.007009,-0.315412,0.385054,1.120208,-0.316235,0.406486,1.185719,-0.323591,0.352683,0.724768,-0.234545,0.396798,0.980963,-0.293481,0.425051,1.073997,-0.282245,0.445167,1.122442,-0.27728,0.392203,0.741009,-0.234594,0.433881,0.933907,-0.271089,0.451128,1.011317,-0.267872,0.456344,1.053654,-0.269887
982,32733,True,0.9987,0.9987,0.26237,0.768658,1e-06,0.370527,0.791727,-0.049371,0.480283,0.852058,-0.111984,0.566698,0.943817,-0.16727,0.651617,0.988725,-0.227321,0.451997,0.681152,-0.199438,0.525473,0.91481,-0.284904,0.54798,1.05736,-0.32708,0.566055,1.150719,-0.352095,0.354102,0.699107,-0.217749,0.427642,0.979403,-0.287081,0.456483,1.124226,-0.289667,0.472771,1.204948,-0.299908,0.259717,0.747894,-0.235717,0.326587,0.997583,-0.297613,0.354249,1.116974,-0.276062,0.366832,1.174483,-0.264262,0.180161,0.808368,-0.257047,0.223944,0.991676,-0.300385,0.248992,1.085435,-0.285351,0.253906,1.131086,-0.275491
983,32766,True,0.9973,0.9973,0.254418,0.800812,1e-06,0.374881,0.817845,-0.054855,0.479376,0.856321,-0.112626,0.562708,0.926694,-0.161551,0.637207,0.961365,-0.208312,0.442578,0.660924,-0.186074,0.500992,0.839525,-0.252476,0.522413,0.942058,-0.277493,0.529182,0.981625,-0.292746,0.342274,0.682216,-0.197051,0.401008,0.959005,-0.258375,0.426622,1.092571,-0.254132,0.441306,1.147519,-0.25793,0.251878,0.7423,-0.207369,0.310678,1.008004,-0.260605,0.345119,1.116996,-0.232721,0.357393,1.150318,-0.216975,0.178469,0.81789,-0.222797,0.227395,1.016761,-0.263876,0.25462,1.088817,-0.247113,0.257774,1.107666,-0.234457
984,32800,True,0.9951,0.9951,0.258406,0.852237,0.0,0.372875,0.862232,-0.047759,0.468272,0.868939,-0.091145,0.553193,0.91035,-0.130369,0.630257,0.943317,-0.166156,0.433121,0.66457,-0.111125,0.454536,0.79747,-0.170216,0.466296,0.87431,-0.205946,0.471375,0.914673,-0.229873,0.335227,0.668153,-0.121158,0.354067,0.960642,-0.181085,0.367225,1.066696,-0.194363,0.375296,1.102492,-0.206311,0.242822,0.718793,-0.133874,0.273928,1.015665,-0.188933,0.301865,1.096085,-0.177257,0.317171,1.111692,-0.168193,0.163513,0.786896,-0.152141,0.193507,1.004112,-0.19315,0.217402,1.065586,-0.184295,0.229902,1.076669,-0.174098
985,32833,True,0.9851,0.9851,0.275393,0.869468,-0.0,0.375787,0.878867,-0.044372,0.458372,0.878506,-0.082389,0.532057,0.906184,-0.11946,0.602271,0.92646,-0.153507,0.416169,0.66073,-0.087404,0.423913,0.807578,-0.151922,0.425009,0.86439,-0.195862,0.423282,0.885897,-0.222963,0.315825,0.658796,-0.09856,0.336238,0.942599,-0.151705,0.342729,0.964743,-0.169016,0.341449,0.920342,-0.184154,0.225339,0.706587,-0.114666,0.259077,0.985779,-0.159616,0.280553,0.993738,-0.149264,0.292699,0.944296,-0.142431,0.144576,0.772806,-0.138309,0.177529,0.997345,-0.17975,0.206989,1.0249,-0.176598,0.224065,0.997542,-0.168675
986,32866,True,0.9908,0.9908,0.268447,0.872985,-0.0,0.361446,0.879624,-0.065215,0.443184,0.878759,-0.117221,0.52685,0.905421,-0.163791,0.609198,0.934656,-0.204827,0.396335,0.661872,-0.120217,0.399361,0.823793,-0.185105,0.401049,0.893062,-0.220224,0.402455,0.8985,-0.242717,0.292748,0.666772,-0.121072,0.317988,0.955231,-0.172208,0.338468,0.982374,-0.179417,0.348036,0.927931,-0.188519,0.204555,0.714726,-0.127608,0.241899,0.995691,-0.163763,0.274419,0.998506,-0.140826,0.293106,0.933975,-0.127694,0.129356,0.778416,-0.144625,0.163026,0.993704,-0.176515,0.192481,1.012236,-0.166316,0.205284,0.971461,-0.154936
987,32900,True,0.9887,0.9887,0.26332,0.865844,-0.0,0.356957,0.875232,-0.070349,0.436529,0.880819,-0.126724,0.515937,0.916223,-0.176898,0.59175,0.943855,-0.220219,0.382816,0.661202,-0.139565,0.383766,0.812637,-0.216248,0.363505,0.893822,-0.255682,0.334877,0.919488,-0.27748,0.275237,0.663032,-0.138419,0.290954,0.962908,-0.199525,0.32721,0.993684,-0.201818,0.346303,0.950443,-0.203934,0.186644,0.712884,-0.143552,0.219325,1.003707,-0.182917,0.263377,1.001008,-0.149786,0.288198,0.936925,-0.126783,0.114521,0.780809,-0.16072,0.147149,1.005741,-0.196632,0.186845,1.018926,-0.182948,0.210133,0.976443,-0.165353
988,32933,True,0.9871,0.9871,0.25711,0.882542,-0.0,0.351209,0.893107,-0.070478,0.435928,0.888173,-0.125422,0.517139,0.920315,-0.1735,0.591359,0.943046,-0.214593,0.379871,0.664368,-0.140866,0.369397,0.799254,-0.215515,0.342605,0.863567,-0.253131,0.311393,0.884659,-0.273858,0.273647,0.658242,-0.137365,0.273968,0.960664,-0.199058,0.309798,0.98459,-0.202136,0.331911,0.941375,-0.203892,0.184774,0.704972,-0.139534,0.206638,0.998013,-0.178378,0.246941,0.992788,-0.146515,0.269018,0.931615,-0.124116,0.112676,0.775548,-0.15381,0.141807,1.001405,-0.19169,0.180667,1.014392,-0.182392,0.204546,0.970465,-0.167366
989,32966,True,0.99,0.99,0.263772,0.89665,-0.0,0.358109,0.900186,-0.068773,0.446111,0.888741,-0.123174,0.528752,0.918755,-0.172878,0.605492,0.942356,-0.219054,0.377842,0.669041,-0.142552,0.375495,0.742752,-0.214704,0.364412,0.770961,-0.253255,0.349961,0.780914,-0.277249,0.272106,0.65068,-0.140881,0.282776,0.962423,-0.212638,0.317787,1.021678,-0.223328,0.342492,1.007628,-0.228758,0.184487,0.697423,-0.143849,0.212457,1.007565,-0.194969,0.255122,1.040369,-0.173472,0.283277,1.015608,-0.156079,0.114258,0.768852,-0.157748,0.143682,1.001664,-0.206918,0.185818,1.050445,-0.204584,0.215387,1.041639,-0.193244
990,33000,True,0.9887,0.9887,0.270491,0.906878,0.0,0.363253,0.908771,-0.066527,0.452132,0.889228,-0.122064,0.537827,0.921563,-0.175105,0.625165,0.946464,-0.227798,0.378442,0.676281,-0.13125,0.386539,0.740389,-0.213854,0.398922,0.733272,-0.272257,0.415265,0.705307,-0.311702,0.274268,0.65381,-0.131903,0.304788,0.948216,-0.205604,0.343556,0.995433,-0.222358,0.369587,0.966304,-0.232892,0.188176,0.69998,-0.138777,0.231151,1.006123,-0.191831,0.266528,1.031459,-0.172117,0.288542,0.994183,-0.155812,0.122269,0.769906,-0.157038,0.155269,1.004558,-0.203753,0.192521,1.046169,-0.200459,0.216567,1.029272,-0.189697
991,33033,True,0.9884,0.9884,0.296506,0.889167,0.0,0.390644,0.884711,-0.073127,0.475554,0.873056,-0.136682,0.560246,0.904952,-0.198291,0.627619,0.936457,-0.258043,0.403003,0.649812,-0.137728,0.458589,0.716049,-0.229947,0.507723,0.747548,-0.291602,0.545915,0.766154,-0.327549,0.301704,0.651025,-0.137894,0.382809,0.915157,-0.208049,0.40808,0.954782,-0.22069,0.40684,0.934135,-0.228984,0.215923,0.714086,-0.146375,0.295318,0.992017,-0.191808,0.321911,1.001277,-0.169112,0.326028,0.954383,-0.152391,0.148935,0.793367,-0.167481,0.207913,1.010719,-0.200453,0.230252,1.033988,-0.189711,0.228141,1.004328,-0.175897
992,33066,True,0.987,0.987,0.315413,0.936471,-0.0,0.410675,0.925634,-0.060539,0.495011,0.911945,-0.11937,0.581096,0.937099,-0.178868,0.660647,0.95205,-0.235717,0.443455,0.666025,-0.114671,0.508192,0.77827,-0.218333,0.572202,0.881516,-0.290607,0.620887,0.962051,-0.327485,0.345214,0.674143,-0.121031,0.419867,0.934177,-0.204064,0.423926,1.028588,-0.227207,0.407034,1.05712,-0.237487,0.25642,0.736785,-0.135631,0.331274,1.002351,-0.192113,0.330993,1.047768,-0.177894,0.312639,1.026033,-0.161933,0.179888,0.817268,-0.159962,0.234072,1.011711,-0.18961,0.248958,1.052508,-0.174463,0.239157,1.033788,-0.156299
993,33100,True,0.9355,0.9355,0.326146,0.853584,-0.0,0.429804,0.848147,-0.056352,0.517721,0.882895,-0.122102,0.573067,0.948135,-0.185992,0.574951,1.005534,-0.252318,0.459752,0.681611,-0.155474,0.523192,0.900585,-0.246595,0.557715,1.015908,-0.305796,0.574646,1.066961,-0.340211,0.351888,0.70977,-0.166482,0.422209,0.981196,-0.231012,0.443635,1.05166,-0.243283,0.442343,1.050784,-0.258089,0.255186,0.77152,-0.180097,0.331595,1.025221,-0.224239,0.349859,1.063547,-0.203509,0.343266,1.040626,-0.19237,0.178737,0.841007,-0.202321,0.23799,1.036808,-0.225913,0.258165,1.071499,-0.206236,0.250924,1.057049,-0.192648
994,33133,True,0.8678,0.8678,0.323969,0.824002,-0.0,0.425263,0.831013,-0.050057,0.510336,0.877195,-0.110128,0.563122,0.954396,-0.170664,0.577507,1.026539,-0.236908,0.449169,0.705174,-0.144924,0.495369,0.900138,-0.22856,0.524231,1.006599,-0.282755,0.540801,1.047434,-0.315344,0.343837,0.731611,-0.158458,0.405236,0.986881,-0.221455,0.428517,1.076408,-0.233922,0.435571,1.088606,-0.248822,0.249672,0.784767,-0.173726,0.318013,1.021126,-0.225555,0.345501,1.089038,-0.210275,0.352758,1.09414,-0.200717,0.173471,0.84371,-0.19563,0.22625,1.023702,-0.223693,0.257559,1.081496,-0.204275,0.269239,1.093962,-0.190815
995,33166,True,0.932,0.932,0.314737,0.844354,-0.0,0.413842,0.849253,-0.057967,0.496333,0.891782,-0.122745,0.564069,0.965674,-0.186966,0.609674,1.022608,-0.25484,0.458063,0.70681,-0.15011,0.503628,0.921728,-0.245197,0.529448,1.042117,-0.309064,0.541194,1.102365,-0.346213,0.347522,0.728286,-0.162407,0.396417,0.989169,-0.239509,0.422123,1.095634,-0.259713,0.430277,1.124855,-0.276334,0.248352,0.779494,-0.177957,0.301416,1.020092,-0.235787,0.326557,1.090725,-0.221733,0.329307,1.093394,-0.21112,0.168862,0.839691,-0.201234,0.211978,1.027443,-0.230747,0.242203,1.084738,-0.212182,0.25016,1.091655,-0.198282
996,33200,True,0.9687,0.9687,0.296389,0.912569,-0.0,0.394069,0.906107,-0.047794,0.484032,0.902689,-0.092317,0.573568,0.910452,-0.137059,0.659889,0.897237,-0.18408,0.433453,0.692829,-0.109026,0.474396,0.842341,-0.180729,0.51551,0.92007,-0.228774,0.552981,0.964263,-0.257997,0.331317,0.700007,-0.118647,0.382695,0.957748,-0.186675,0.403623,1.077194,-0.205635,0.41343,1.131294,-0.217843,0.2379,0.747845,-0.131159,0.292989,1.00174,-0.195898,0.31067,1.101145,-0.187913,0.31609,1.137826,-0.175993,0.159592,0.811221,-0.148983,0.199812,1.007154,-0.195033,0.228579,1.088501,-0.187034,0.23982,1.119137,-0.173968
997,33233,True,0.9755,0.9755,0.295062,0.881198,-0.0,0.389851,0.894336,-0.068578,0.470096,0.893142,-0.123942,0.553824,0.912279,-0.175383,0.638897,0.909883,-0.224159,0.411019,0.661057,-0.131688,0.456227,0.787772,-0.206589,0.492755,0.856716,-0.251065,0.524259,0.88109,-0.278688,0.31145,0.659236,-0.131919,0.358142,0.938866,-0.195083,0.374176,1.000298,-0.208709,0.380561,0.974235,-0.22111,0.222014,0.709452,-0.137731,0.277436,0.98853,-0.190749,0.295936,1.032432,-0.176378,0.30306,1.001711,-0.165843,0.14642,0.778631,-0.152786,0.191036,0.991588,-0.199971,0.21742,1.041566,-0.195865,0.224027,1.030634,-0.186357
998,33266,True,0.9805,0.9805,0.267427,0.91488,-0.0,0.367021,0.909008,-0.051085,0.453943,0.878808,-0.098255,0.538111,0.884647,-0.145855,0.631086,0.884199,-0.192016,0.399717,0.674682,-0.10231,0.408738,0.682549,-0.171669,0.406283,0.661391,-0.218123,0.410598,0.635852,-0.249928,0.297387,0.629341,-0.10803,0.335117,0.919012,-0.178641,0.369466,0.992371,-0.189345,0.39441,0.98977,-0.190962,0.20553,0.669979,-0.119296,0.259272,0.977147,-0.174466,0.294027,1.014228,-0.148564,0.317067,0.987795,-0.123712,0.128552,0.741319,-0.139844,0.176243,0.969285,-0.191351,0.210515,1.014088,-0.185222,0.226665,0.996834,-0.168022
999,33300,True,0.9878,0.9878,0.266556,0.887997,-0.0,0.361357,0.889229,-0.058484,0.444771,0.867637,-0.108143,0.527151,0.88057,-0.155672,0.613155,0.877748,-0.197189,0.394353,0.641293,-0.113712,0.400528,0.682228,-0.192654,0.382192,0.674375,-0.239081,0.36173,0.658241,-0.265304,0.292185,0.607658,-0.11528,0.311865,0.918661,-0.179594,0.341798,0.935354,-0.178897,0.356986,0.886593,-0.172445,0.202903,0.656091,-0.124671,0.239636,0.968353,-0.170704,0.278682,0.95177,-0.128102,0.300545,0.884151,-0.091596,0.127866,0.733178,-0.145742,0.168091,0.965775,-0.193054,0.205891,0.972053,-0.179212,0.225751,0.922635,-0.153928
1000,33333,True,0.9787,0.9787,0.266973,0.868363,-0.0,0.356947,0.871383,-0.065807,0.435501,0.873074,-0.123149,0.519657,0.894391,-0.176109,0.602827,0.902938,-0.226565,0.385784,0.62493,-0.129071,0.386397,0.794025,-0.197909,0.384841,0.86288,-0.238098,0.384181,0.87577,-0.263551,0.284921,0.632972,-0.130248,0.303687,0.918984,-0.187881,0.320399,0.982793,-0.199677,0.331745,0.970023,-0.211467,0.198824,0.683229,-0.135731,0.229347,0.959182,-0.178576,0.252939,1.003136,-0.164309,0.263394,0.97961,-0.156376,0.125389,0.75158,-0.150682,0.154641,0.960934,-0.183743,0.17922,1.010106,-0.176973,0.188425,0.999977,-0.16876
1001,33366,True,0.9838,0.9838,0.28217,0.849746,-1e-06,0.372021,0.861369,-0.065701,0.454481,0.887109,-0.129003,0.528505,0.928101,-0.188607,0.609173,0.960526,-0.247752,0.398084,0.664843,-0.14662,0.409728,0.87184,-0.229727,0.422095,0.994876,-0.278456,0.431073,1.047177,-0.30479,0.292633,0.677924,-0.149628,0.317786,0.92567,-0.218272,0.334786,1.033529,-0.232853,0.342025,1.070791,-0.243667,0.203276,0.718993,-0.155713,0.235947,0.958885,-0.209883,0.258344,1.046829,-0.199962,0.264131,1.073104,-0.191129,0.131674,0.77285,-0.169753,0.159762,0.960696,-0.200117,0.182424,1.034385,-0.188404,0.188548,1.055282,-0.177047
1002,33400,True,0.9586,0.9586,0.293376,0.812791,-0.0,0.386321,0.831365,-0.060651,0.477818,0.884523,-0.12815,0.550867,0.956236,-0.195504,0.608494,1.023323,-0.267725,0.407717,0.700991,-0.149538,0.448313,0.919612,-0.241062,0.475329,1.032115,-0.304812,0.490328,1.079164,-0.342484,0.303865,0.722507,-0.158124,0.351801,0.969907,-0.231774,0.372473,1.073715,-0.253963,0.377466,1.114671,-0.272258,0.214234,0.76572,-0.169082,0.261089,0.996983,-0.227972,0.281919,1.091054,-0.220538,0.286901,1.129475,-0.213145,0.145055,0.81795,-0.187754,0.179193,1.000862,-0.217057,0.199524,1.079194,-0.201973,0.204958,1.114384,-0.190276
1003,33433,True,0.8744,0.8744,0.305777,0.776954,-0.0,0.41354,0.802762,-0.048663,0.505242,0.86412,-0.106267,0.57747,0.936469,-0.163754,0.63441,0.966619,-0.225865,0.415059,0.72026,-0.144616,0.464417,0.887944,-0.218911,0.493767,0.954619,-0.27165,0.50831,0.967742,-0.306231,0.3139,0.75805,-0.156785,0.390094,1.00413,-0.210264,0.410509,1.054657,-0.223168,0.41198,1.038353,-0.243209,0.230446,0.811134,-0.169213,0.306949,1.037614,-0.209166,0.326022,1.065969,-0.192279,0.322585,1.043069,-0.188012,0.163828,0.865047,-0.189167,0.21748,1.042836,-0.2124,0.235373,1.07061,-0.193379,0.232521,1.056464,-0.183696
1004,33466,True,0.9919,0.9919,0.435835,0.678895,0.0,0.323919,0.755539,-0.063263,0.237783,0.866057,-0.137415,0.217388,0.959803,-0.20663,0.242456,1.029433,-0.281642,0.233351,0.823768,-0.188432,0.244643,1.033741,-0.270936,0.285233,1.129641,-0.32181,0.329282,1.188252,-0.352491,0.311545,0.799837,-0.188592,0.33652,1.040419,-0.250655,0.375772,1.15545,-0.264222,0.418088,1.214822,-0.281922,0.400895,0.788357,-0.18793,0.427196,1.006739,-0.244135,0.455269,1.107363,-0.243299,0.475555,1.164699,-0.243561,0.486292,0.781524,-0.192204,0.510959,0.942789,-0.222222,0.527803,1.027598,-0.213858,0.541866,1.082386,-0.21113
1005,33500,True,0.9933,0.9933,0.298495,0.845498,-1e-06,0.398959,0.811278,-0.054551,0.488766,0.824697,-0.124056,0.535821,0.900885,-0.183367,0.563404,0.986732,-0.248845,0.475236,0.731309,-0.213568,0.527926,0.920074,-0.280093,0.528485,1.04725,-0.301752,0.519451,1.12208,-0.313015,0.391055,0.759907,-0.218377,0.434217,1.002862,-0.270164,0.437167,1.108823,-0.266761,0.439208,1.145364,-0.271609,0.308543,0.80983,-0.218205,0.347209,1.045079,-0.265151,0.362093,1.125578,-0.244214,0.368424,1.143943,-0.233799,0.229999,0.870207,-0.220362,0.254153,1.052702,-0.26397,0.275966,1.120782,-0.249282,0.294876,1.137711,-0.23785
1006,33533,True,0.9955,0.9955,0.330245,0.753926,1e-06,0.41533,0.771821,-0.050944,0.501514,0.842533,-0.113431,0.572961,0.941992,-0.171175,0.645548,1.007576,-0.237257,0.488721,0.73578,-0.184477,0.548511,0.929762,-0.277897,0.602635,1.037869,-0.337181,0.646015,1.116316,-0.377232,0.39641,0.740946,-0.206613,0.444649,0.988277,-0.296684,0.472799,1.122261,-0.316009,0.494309,1.195542,-0.334251,0.306744,0.778696,-0.229409,0.337023,1.012481,-0.306436,0.355749,1.119952,-0.294347,0.36735,1.163725,-0.286908,0.22862,0.832404,-0.256591,0.221126,1.001776,-0.312919,0.239454,1.082242,-0.306575,0.252815,1.112708,-0.30276
1007,33566,True,0.9984,0.9984,0.249995,0.764753,1e-06,0.373387,0.754885,-0.030978,0.488639,0.828067,-0.079764,0.560181,0.924011,-0.122333,0.634105,0.974772,-0.166677,0.480165,0.727263,-0.174921,0.565164,0.882506,-0.246378,0.634264,0.92859,-0.291562,0.691676,0.949001,-0.322949,0.388727,0.741186,-0.192152,0.446778,0.988517,-0.25637,0.46117,1.02282,-0.253219,0.468482,1.0238,-0.255585,0.293506,0.790135,-0.205243,0.349643,1.019286,-0.250547,0.362696,1.005733,-0.208818,0.363653,0.965569,-0.182568,0.211004,0.850261,-0.222101,0.276365,1.040764,-0.248834,0.301432,1.027784,-0.217962,0.302441,0.984323,-0.196419
1008,33600,True,0.6232,0.6232,0.380365,0.732247,1e-06,0.376874,0.752481,-0.073732,0.394545,0.863549,-0.148448,0.417983,1.006483,-0.208596,0.451247,1.10625,-0.266886,0.329789,0.759721,-0.225351,0.357585,1.027645,-0.312139,0.414065,1.074674,-0.358128,0.450033,1.065744,-0.38517,0.299041,0.734851,-0.220794,0.348432,1.036164,-0.291738,0.407006,1.068922,-0.288685,0.432412,1.062917,-0.294353,0.298804,0.738158,-0.216301,0.343176,1.019701,-0.26181,0.399788,1.028594,-0.234166,0.429749,1.010707,-0.22034,0.309178,0.765285,-0.219801,0.364553,0.978938,-0.246371,0.415367,0.981129,-0.2335,0.439786,0.950773,-0.229798
1009,33633,True,0.9691,0.9691,0.236797,0.744119,-1e-06,0.324985,0.719424,-0.040174,0.40691,0.783736,-0.100789,0.447697,0.882094,-0.154044,0.460109,0.964448,-0.212596,0.422497,0.715111,-0.176276,0.501279,0.864301,-0.243909,0.527681,0.94709,-0.283057,0.541362,0.994501,-0.306295,0.360731,0.73863,-0.185304,0.425052,0.911599,-0.229992,0.437744,1.005809,-0.239687,0.441556,1.042384,-0.25655,0.297349,0.782859,-0.189389,0.336757,0.951716,-0.221995,0.331819,1.01587,-0.212379,0.322059,1.032163,-0.214715,0.238612,0.838519,-0.195219,0.27517,0.989979,-0.222913,0.278278,1.027553,-0.209109,0.277518,1.022678,-0.202178
1010,33666,False,0.0,0.0,0.0,0.0,0.0,0.0,0.0,0.0,0.0,0.0,0.0,0.0,0.0,0.0,0.0,0.0,0.0,0.0,0.0,0.0,0.0,0.0,0.0,0.0,0.0,0.0,0.0,0.0,0.0,0.0,0.0,0.0,0.0,0.0,0.0,0.0,0.0,0.0,0.0,0.0,0.0,0.0,0.0,0.0,0.0,0.0,0.0,0.0,0.0,0.0,0.0,0.0,0.0,0.0,0.0,0.0,0.0,0.0,0.0,0.0,0.0,0.0,0.0,0.0,0.0
1011,33700,True,0.9802,0.9802,0.303745,0.807436,1e-06,0.385371,0.855038,-0.057325,0.452606,0.926517,-0.117937,0.494168,1.009675,-0.166605,0.529409,1.074484,-0.216725,0.364204,0.733587,-0.204907,0.350093,0.930812,-0.271739,0.352254,1.07021,-0.301558,0.345854,1.171385,-0.316648,0.261551,0.710401,-0.206009,0.264566,0.954359,-0.268155,0.266323,1.100267,-0.267281,0.26314,1.20056,-0.269901,0.178204,0.739625,-0.202177,0.18724,0.98368,-0.250835,0.20634,1.114888,-0.22549,0.214667,1.191539,-0.207873,0.118554,0.794623,-0.202241,0.125701,0.98486,-0.23069,0.149708,1.092997,-0.210797,0.165649,1.156905,-0.197726
1012,33733,True,0.9886,0.9886,0.246151,0.884201,-1e-06,0.33406,0.892508,-0.080088,0.407395,0.886368,-0.145572,0.475828,0.92909,-0.200495,0.558154,0.975992,-0.249797,0.348175,0.695136,-0.16269,0.344371,0.862588,-0.240192,0.325325,0.984659,-0.272404,0.313213,1.054797,-0.285183,0.238388,0.691484,-0.148447,0.254605,0.970181,-0.212717,0.258764,1.079775,-0.218753,0.257336,1.106394,-0.220421,0.151411,0.724848,-0.137136,0.178686,0.992458,-0.185282,0.187601,1.064746,-0.177798,0.185515,1.069361,-0.170161,0.079556,0.780427,-0.133997,0.100848,0.972734,-0.16402,0.121337,1.039333,-0.159524,0.130279,1.047365,-0.151064
1013,33766,True,0.9886,0.9886,0.220544,0.902046,-0.0,0.309239,0.914224,-0.075824,0.392875,0.902568,-0.1394,0.477058,0.943315,-0.196914,0.562643,0.984345,-0.249028,0.337057,0.667597,-0.148357,0.329659,0.820647,-0.233184,0.295998,0.928924,-0.27927,0.258622,0.995643,-0.302341,0.231446,0.665881,-0.142643,0.2377,0.948979,-0.203813,0.279172,1.006995,-0.207465,0.310172,0.996836,-0.210504,0.143944,0.711375,-0.143208,0.165558,0.990288,-0.179703,0.207489,1.021648,-0.14759,0.233124,0.996201,-0.125943,0.072481,0.774196,-0.156436,0.098503,0.982629,-0.181846,0.142806,1.020783,-0.163855,0.171773,1.002959,-0.145702
1014,33800,True,0.9888,0.9888,0.223781,0.887209,-0.0,0.318455,0.890416,-0.061571,0.402235,0.880767,-0.114937,0.483492,0.915159,-0.164807,0.564966,0.94556,-0.210543,0.343905,0.659003,-0.132499,0.338499,0.776927,-0.202124,0.309039,0.849255,-0.241099,0.276897,0.895883,-0.26384,0.239372,0.654491,-0.132347,0.243688,0.944833,-0.186728,0.270472,0.990474,-0.194669,0.290614,0.975161,-0.203758,0.15311,0.700912,-0.136262,0.173514,0.98405,-0.170281,0.208538,1.006956,-0.149481,0.230204,0.982463,-0.138312,0.084781,0.767882,-0.150963,0.110563,0.988382,-0.183065,0.150206,1.030805,-0.176532,0.178014,1.023817,-0.167251
1015,33833,True,0.992,0.992,0.236198,0.877856,-0.0,0.33079,0.884123,-0.068667,0.419621,0.872551,-0.127588,0.50507,0.910277,-0.183314,0.590064,0.939969,-0.236427,0.348946,0.660154,-0.140386,0.348598,0.719471,-0.221504,0.351467,0.730536,-0.272733,0.354138,0.72555,-0.306209,0.247056,0.643896,-0.141494,0.273351,0.943279,-0.218589,0.304374,0.988693,-0.233505,0.32152,0.959079,-0.242154,0.163091,0.691516,-0.148558,0.202387,0.994239,-0.201848,0.237811,1.014297,-0.180604,0.258441,0.975867,-0.16375,0.098827,0.761857,-0.167228,0.132792,0.994562,-0.213245,0.166936,1.029138,-0.210124,0.188005,1.005996,-0.199842
1016,33866,True,0.9948,0.9948,0.270019,0.847425,0.0,0.357756,0.851852,-0.072124,0.43928,0.856382,-0.134449,0.524262,0.901272,-0.192589,0.609273,0.920709,-0.247804,0.374055,0.623723,-0.142628,0.40776,0.771518,-0.234034,0.444964,0.78693,-0.292969,0.472528,0.758145,-0.329123,0.271841,0.631355,-0.142053,0.324109,0.922657,-0.208199,0.353222,0.925469,-0.217314,0.358098,0.85435,-0.226706,0.185903,0.689196,-0.149213,0.244223,0.981587,-0.192104,0.276506,0.967067,-0.164385,0.284569,0.889043,-0.146656,0.118796,0.763593,-0.169081,0.167447,0.992084,-0.20262,0.198682,0.992156,-0.192542,0.205102,0.93409,-0.181041
1017,33900,True,0.991,0.991,0.282054,0.885471,-0.0,0.373103,0.880878,-0.068879,0.454309,0.88242,-0.13536,0.533961,0.911022,-0.199865,0.616421,0.926677,-0.263591,0.400653,0.648545,-0.151311,0.454808,0.773598,-0.24945,0.50075,0.862851,-0.312361,0.53038,0.917583,-0.346826,0.302967,0.659924,-0.155828,0.373383,0.922984,-0.23741,0.393606,1.024534,-0.25627,0.393532,1.060082,-0.267881,0.214764,0.718373,-0.166021,0.282846,0.97937,-0.225193,0.30044,1.049183,-0.21261,0.299346,1.058098,-0.20123,0.141351,0.793667,-0.185934,0.190947,0.987249,-0.221263,0.216425,1.05172,-0.209522,0.220021,1.064015,-0.196572
1018,33933,True,0.9895,0.9895,0.292817,0.874599,-0.0,0.389473,0.874667,-0.061768,0.474147,0.901504,-0.124318,0.544425,0.93668,-0.184924,0.626319,0.96169,-0.245388,0.42479,0.670432,-0.143375,0.480401,0.885063,-0.241002,0.51383,1.010395,-0.306347,0.531914,1.080875,-0.341749,0.318163,0.689736,-0.150422,0.379115,0.967249,-0.223562,0.39935,1.055642,-0.242218,0.397845,1.080017,-0.257345,0.22423,0.746175,-0.162471,0.289863,1.010526,-0.213217,0.309439,1.061579,-0.199474,0.305129,1.056174,-0.190072,0.147092,0.815249,-0.183482,0.196879,1.011161,-0.208868,0.218475,1.056414,-0.192797,0.214777,1.053903,-0.179528
1019,33966,True,0.9581,0.9581,0.278386,0.777969,-0.0,0.3774,0.787128,-0.057401,0.466874,0.850092,-0.123152,0.528104,0.940776,-0.186766,0.554192,1.032422,-0.254745,0.411769,0.684706,-0.163342,0.451079,0.92462,-0.246179,0.473455,1.021352,-0.296547,0.482266,1.035495,-0.327934,0.302356,0.72237,-0.175092,0.356419,1.002299,-0.237341,0.382742,1.065208,-0.247723,0.388796,1.051098,-0.264152,0.206892,0.779878,-0.188065,0.267758,1.03078,-0.238639,0.298868,1.079184,-0.222811,0.305976,1.063187,-0.215659,0.132302,0.840186,-0.208579,0.177646,1.030646,-0.237176,0.2045,1.076513,-0.219749,0.211024,1.073496,-0.210043
1020,34000,True,0.9624,0.9624,0.264726,0.773168,0.0,0.361452,0.805756,-0.060615,0.440757,0.880354,-0.123576,0.503531,0.976859,-0.184102,0.55222,1.052621,-0.250283,0.400445,0.737666,-0.160028,0.442768,0.987477,-0.248191,0.468812,1.132885,-0.304297,0.484873,1.22322,-0.33543,0.294976,0.749733,-0.170212,0.332709,1.04952,-0.255079,0.361479,1.224833,-0.27641,0.377721,1.326012,-0.288308,0.20047,0.783892,-0.181505,0.240455,1.057398,-0.259043,0.278949,1.193293,-0.2538,0.300321,1.266721,-0.24101,0.126547,0.829478,-0.197714,0.15362,1.020188,-0.244301,0.189911,1.11454,-0.230846,0.211834,1.16993,-0.216068
1021,34033,True,0.9729,0.9729,0.253968,0.746571,1e-06,0.351909,0.783946,-0.057742,0.435949,0.882161,-0.124265,0.484173,1.016522,-0.184388,0.51556,1.09741,-0.252383,0.378102,0.758231,-0.190928,0.404461,1.024729,-0.27666,0.439408,1.160054,-0.332664,0.471473,1.256118,-0.369528,0.271252,0.760393,-0.206232,0.307583,1.046989,-0.273949,0.346727,1.204497,-0.286956,0.377757,1.306501,-0.307377,0.179442,0.785611,-0.221998,0.216147,1.050849,-0.282597,0.257614,1.174696,-0.266851,0.283909,1.242136,-0.260029,0.107975,0.825629,-0.243121,0.130675,0.998452,-0.281975,0.162325,1.078213,-0.26632,0.178552,1.118775,-0.259472
1022,34066,True,0.9886,0.9886,0.266491,0.819417,1e-06,0.351214,0.866683,-0.0558,0.430115,0.928774,-0.107293,0.493841,0.987708,-0.146273,0.565111,1.011526,-0.185768,0.3473,0.729859,-0.186963,0.346459,0.930326,-0.250791,0.350661,1.06936,-0.279442,0.345691,1.17247,-0.293286,0.243678,0.726721,-0.185597,0.257613,0.96336,-0.242839,0.265235,1.099573,-0.24276,0.26604,1.191007,-0.246852,0.159653,0.760956,-0.180558,0.179497,1.000357,-0.229035,0.196677,1.119679,-0.207376,0.201138,1.189572,-0.191651,0.099936,0.817622,-0.178797,0.116838,1.004773,-0.205647,0.136817,1.10524,-0.187677,0.149383,1.162523,-0.176295
1023,34100,True,0.9765,0.9765,0.22589,0.915119,-0.0,0.306075,0.916996,-0.057539,0.385327,0.898763,-0.107089,0.464017,0.926222,-0.154322,0.555864,0.955433,-0.201365,0.317953,0.706367,-0.118743,0.326204,0.832498,-0.189819,0.315764,0.900789,-0.228973,0.305381,0.941624,-0.24809,0.213236,0.692688,-0.114967,0.228444,0.942193,-0.169718,0.237806,1.039097,-0.181575,0.240887,1.070061,-0.187785,0.129973,0.725562,-0.113961,0.146914,0.968555,-0.154803,0.156975,1.049306,-0.14744,0.157189,1.071005,-0.138845,0.064877,0.78486,-0.120262,0.077583,0.962972,-0.142508,0.099783,1.035986,-0.132269,0.10948,1.059188,-0.119399
1024,34133,True,0.9943,0.9943,0.20245,0.916733,-0.0,0.292012,0.908619,-0.065422,0.375425,0.88332,-0.121429,0.453623,0.903582,-0.173783,0.53261,0.931328,-0.224177,0.297907,0.656958,-0.132062,0.311257,0.752045,-0.209053,0.309661,0.805129,-0.250486,0.295142,0.813094,-0.274965,0.194508,0.655734,-0.132828,0.215194,0.884455,-0.200428,0.237521,0.958911,-0.213437,0.244938,0.959978,-0.221128,0.108982,0.70154,-0.138211,0.139782,0.947596,-0.188241,0.167876,1.004233,-0.174111,0.180119,0.989842,-0.162793,0.041007,0.770462,-0.152893,0.07268,0.958568,-0.189237,0.113403,1.011686,-0.183346,0.140247,1.000799,-0.173633
1025,34166,True,0.9882,0.9882,0.181454,0.887601,-0.0,0.271602,0.88602,-0.070746,0.362771,0.859967,-0.132403,0.442919,0.89583,-0.189124,0.529543,0.922739,-0.244118,0.298744,0.634553,-0.143572,0.279045,0.701479,-0.237981,0.213814,0.782204,-0.29737,0.143216,0.844181,-0.329112,0.195806,0.62478,-0.139097,0.186374,0.839307,-0.215285,0.223981,0.938039,-0.231205,0.255298,0.983628,-0.238951,0.108716,0.658803,-0.140473,0.105321,0.882417,-0.197738,0.148443,0.977277,-0.179376,0.182251,1.023355,-0.160984,0.0409,0.714714,-0.151574,0.043216,0.885153,-0.193213,0.083672,0.967817,-0.183482,0.120865,0.998886,-0.167786
1026,34200,True,0.9935,0.9935,0.17582,0.876448,-0.0,0.265947,0.868983,-0.065715,0.351787,0.848719,-0.119735,0.432977,0.879402,-0.167962,0.518788,0.900686,-0.213036,0.280718,0.635127,-0.138552,0.28623,0.678942,-0.203687,0.259904,0.710608,-0.236275,0.226956,0.723505,-0.256858,0.185223,0.624685,-0.135649,0.18203,0.853154,-0.194738,0.205245,0.915883,-0.201434,0.221259,0.918331,-0.207235,0.102635,0.662651,-0.136527,0.107991,0.906354,-0.177305,0.135,0.949798,-0.15635,0.154581,0.936458,-0.142992,0.034497,0.719527,-0.147246,0.041182,0.905751,-0.182492,0.074945,0.954794,-0.175559,0.105783,0.94763,-0.165597
1027,34233,True,0.9896,0.9896,0.179058,0.87073,-0.0,0.265373,0.862437,-0.056901,0.344467,0.857888,-0.111402,0.422299,0.893711,-0.162424,0.510608,0.925215,-0.21266,0.274694,0.626317,-0.123591,0.258971,0.838652,-0.194333,0.254832,0.927316,-0.242745,0.255584,0.949593,-0.2742,0.170526,0.642033,-0.12674,0.177462,0.909552,-0.174362,0.204885,0.972223,-0.186588,0.225581,0.97362,-0.202016,0.085528,0.690596,-0.133081,0.107996,0.948133,-0.164942,0.142264,0.98104,-0.150464,0.16103,0.955471,-0.145624,0.017437,0.757949,-0.148615,0.046023,0.954023,-0.169101,0.086247,0.990417,-0.158107,0.111665,0.971988,-0.150204
1028,34266,True,0.9911,0.9911,0.179059,0.848883,-1e-06,0.268152,0.852583,-0.068506,0.355954,0.860979,-0.132324,0.429193,0.913334,-0.189579,0.508384,0.978701,-0.246971,0.289138,0.662295,-0.161009,0.27373,0.890201,-0.247609,0.252443,1.003442,-0.300392,0.235494,1.046989,-0.330679,0.178139,0.671236,-0.160282,0.18548,0.920034,-0.218916,0.19498,1.003704,-0.227703,0.199151,1.016764,-0.238507,0.09029,0.714663,-0.162193,0.112874,0.96166,-0.198476,0.13315,1.015189,-0.17772,0.140259,1.004026,-0.168246,0.021323,0.775507,-0.174538,0.048078,0.971699,-0.193913,0.080907,1.027994,-0.177506,0.09746,1.029325,-0.166385
1029,34300,True,0.9912,0.9912,0.192118,0.797547,-0.0,0.286821,0.816162,-0.068824,0.376945,0.855111,-0.136338,0.437347,0.939828,-0.195618,0.486908,1.0473,-0.255369,0.298057,0.689463,-0.179101,0.287705,0.942846,-0.260246,0.285354,1.043665,-0.303178,0.281751,1.062165,-0.329055,0.183502,0.702064,-0.179246,0.197881,0.970151,-0.235826,0.215816,1.041133,-0.235562,0.221455,1.031281,-0.24328,0.09293,0.742682,-0.180516,0.128762,1.001378,-0.21558,0.153935,1.042996,-0.186635,0.161133,1.01225,-0.174157,0.025273,0.794725,-0.192249,0.061965,0.998943,-0.209675,0.094693,1.045736,-0.189395,0.106814,1.034383,-0.178823
1030,34333,True,0.992,0.992,0.191911,0.769489,-0.0,0.293878,0.790439,-0.081585,0.387961,0.841946,-0.158395,0.445418,0.944483,-0.223071,0.478985,1.065637,-0.289086,0.296245,0.698901,-0.222297,0.306927,0.955744,-0.301777,0.324659,1.017176,-0.336348,0.330969,1.001844,-0.359066,0.184006,0.724534,-0.218346,0.215982,1.005356,-0.279056,0.235989,1.041623,-0.274857,0.234462,1.009352,-0.281925,0.095415,0.772958,-0.213791,0.140318,1.042388,-0.254806,0.165454,1.058557,-0.2247,0.16831,1.00841,-0.21216,0.031823,0.829481,-0.22031,0.077415,1.034291,-0.247469,0.106197,1.064111,-0.231991,0.112491,1.039743,-0.225581
1031,34366,True,0.9918,0.9918,0.207856,0.826859,-0.0,0.303194,0.835284,-0.066442,0.393083,0.865542,-0.130834,0.454711,0.952015,-0.186513,0.486083,1.053082,-0.242235,0.307243,0.702776,-0.17891,0.316917,0.952667,-0.253761,0.327032,1.01063,-0.290786,0.328069,0.996039,-0.314107,0.19684,0.724529,-0.178387,0.235373,1.007609,-0.232255,0.257185,1.024163,-0.228732,0.257515,0.979945,-0.233473,0.109501,0.774299,-0.178932,0.159285,1.042443,-0.21373,0.185791,1.04077,-0.184188,0.188019,0.977737,-0.169097,0.045801,0.834675,-0.189873,0.092429,1.041833,-0.215227,0.119407,1.054825,-0.20185,0.122656,1.014436,-0.193529
1032,34400,True,0.9774,0.9774,0.234435,0.854702,-0.0,0.326802,0.871867,-0.075827,0.411413,0.890822,-0.142373,0.478194,0.941098,-0.200123,0.53651,1.000502,-0.256136,0.328079,0.712526,-0.170295,0.327617,0.947089,-0.256753,0.328827,1.041982,-0.304803,0.326041,1.069531,-0.330038,0.218114,0.720123,-0.163692,0.242823,0.988379,-0.224428,0.258755,1.041284,-0.227638,0.260936,1.029614,-0.232931,0.130829,0.755099,-0.160456,0.168919,1.012887,-0.201971,0.195231,1.045702,-0.179003,0.202281,1.017039,-0.164656,0.063401,0.804724,-0.16795,0.100772,0.996523,-0.190376,0.130734,1.034648,-0.175044,0.139475,1.021051,-0.163126
1033,34433,True,0.9854,0.9854,0.237289,0.884712,-1e-06,0.327971,0.886101,-0.071092,0.408694,0.885082,-0.134431,0.483635,0.917751,-0.193299,0.561889,0.958946,-0.251019,0.340436,0.68124,-0.147582,0.349216,0.849772,-0.228432,0.341803,0.954178,-0.274204,0.331206,1.011579,-0.298334,0.234588,0.687249,-0.143677,0.26353,0.944883,-0.208683,0.277697,1.044465,-0.220722,0.283322,1.077323,-0.229014,0.149484,0.729418,-0.143341,0.18551,0.979777,-0.187813,0.211812,1.049847,-0.176817,0.224303,1.063984,-0.168852,0.082777,0.78802,-0.1526,0.112955,0.978923,-0.176598,0.147473,1.039875,-0.167241,0.166086,1.051929,-0.158092
1034,34466,True,0.9936,0.9936,0.231292,0.870592,-0.0,0.325173,0.877988,-0.080286,0.407635,0.873537,-0.147646,0.488393,0.910733,-0.209058,0.570523,0.949571,-0.266787,0.350658,0.655138,-0.158555,0.359611,0.776977,-0.242667,0.366956,0.834888,-0.287182,0.367374,0.850078,-0.313751,0.248222,0.657622,-0.155907,0.276981,0.946306,-0.233357,0.310463,1.018866,-0.243693,0.327302,1.004623,-0.249693,0.161684,0.709105,-0.159161,0.202113,0.993528,-0.214169,0.237488,1.034073,-0.193438,0.253605,1.000959,-0.177916,0.092247,0.774212,-0.174007,0.125473,0.98989,-0.214774,0.158637,1.035146,-0.2074,0.173895,1.01539,-0.196642
1035,34500,True,0.9811,0.9811,0.236995,0.853795,-0.0,0.325116,0.862378,-0.066199,0.405603,0.865044,-0.125934,0.488723,0.901911,-0.184275,0.571335,0.931918,-0.241974,0.347769,0.651444,-0.138125,0.368374,0.722976,-0.218304,0.386815,0.74537,-0.26831,0.405827,0.751425,-0.30008,0.249726,0.641136,-0.141252,0.295932,0.953875,-0.228384,0.314215,1.044239,-0.248362,0.320887,1.053197,-0.256898,0.16554,0.690538,-0.149098,0.223686,1.00084,-0.218496,0.250405,1.067763,-0.208273,0.260541,1.067244,-0.193315,0.099034,0.760474,-0.165805,0.1442,0.984465,-0.218626,0.162048,1.03285,-0.218511,0.160375,1.021706,-0.20886
1036,34533,True,0.9858,0.9858,0.232272,0.87986,-0.0,0.324233,0.882817,-0.062928,0.410299,0.874201,-0.118901,0.493535,0.90118,-0.174236,0.573279,0.925234,-0.2289,0.352803,0.669042,-0.131745,0.36574,0.692274,-0.212807,0.386517,0.703198,-0.26291,0.416397,0.712955,-0.293677,0.252407,0.642311,-0.134651,0.302722,0.932438,-0.22249,0.33464,1.01645,-0.240748,0.353547,1.029211,-0.244849,0.165352,0.689035,-0.142881,0.229199,0.991647,-0.214077,0.264704,1.054587,-0.203224,0.283952,1.056998,-0.184431,0.096898,0.75983,-0.159757,0.143942,0.986584,-0.217329,0.167565,1.042177,-0.220014,0.172744,1.040018,-0.208838
1037,34566,True,0.9881,0.9881,0.224291,0.854805,0.0,0.316405,0.864343,-0.059512,0.402049,0.85719,-0.111252,0.477909,0.887128,-0.160688,0.557808,0.900359,-0.208385,0.33534,0.686852,-0.128672,0.343865,0.730701,-0.204253,0.354871,0.716752,-0.254801,0.367623,0.695417,-0.288414,0.234513,0.655493,-0.129544,0.259501,0.96961,-0.199981,0.295782,1.006613,-0.209582,0.318636,0.976397,-0.214498,0.149524,0.69517,-0.135615,0.183042,1.005715,-0.186044,0.22484,1.004541,-0.15727,0.25417,0.953189,-0.134336,0.081537,0.757094,-0.152506,0.110692,0.988516,-0.20182,0.146932,1.001907,-0.195109,0.168737,0.960662,-0.18004
1038,34600,True,0.974,0.974,0.2131,0.862511,0.0,0.301969,0.851632,-0.062469,0.377738,0.843504,-0.114476,0.454679,0.892587,-0.162739,0.528835,0.922453,-0.207573,0.29363,0.66738,-0.126157,0.288247,0.725085,-0.199495,0.283021,0.716938,-0.2466,0.273083,0.700511,-0.276894,0.197208,0.656719,-0.124582,0.194538,0.934828,-0.1898,0.245167,0.945573,-0.199365,0.278113,0.908318,-0.204725,0.118243,0.70315,-0.128553,0.136444,0.989184,-0.173398,0.190195,0.972549,-0.14713,0.22731,0.913645,-0.126205,0.059231,0.770989,-0.143942,0.084614,0.993557,-0.188599,0.139679,0.990705,-0.184292,0.184073,0.940471,-0.171854
1039,34633,True,0.9864,0.9864,0.191005,0.883235,0.0,0.281366,0.86161,-0.079979,0.358029,0.839389,-0.145053,0.436762,0.878147,-0.201459,0.50819,0.908293,-0.254499,0.255946,0.679754,-0.168692,0.235347,0.723771,-0.255468,0.242736,0.721075,-0.304767,0.249906,0.707078,-0.334916,0.162264,0.675023,-0.160617,0.165801,0.951075,-0.246228,0.199319,0.990861,-0.260351,0.215186,0.966848,-0.26655,0.088461,0.723157,-0.157414,0.109725,1.002589,-0.215637,0.149728,1.002029,-0.192473,0.172914,0.945372,-0.173777,0.031738,0.790927,-0.165704,0.06024,1.001562,-0.212827,0.106766,1.008865,-0.20721,0.142395,0.957297,-0.195362
1040,34666,True,0.9464,0.9464,0.161772,0.850446,-0.0,0.255854,0.834825,-0.083461,0.333722,0.823171,-0.156762,0.413667,0.872701,-0.221457,0.485353,0.913311,-0.28774,0.243548,0.679385,-0.193405,0.189489,0.700252,-0.292307,0.142709,0.712808,-0.352158,0.105034,0.733056,-0.387503,0.145637,0.678448,-0.18572,0.133116,0.955461,-0.288836,0.152526,1.046895,-0.31191,0.165984,1.068233,-0.321067,0.073268,0.732602,-0.181068,0.07775,1.019681,-0.259901,0.112712,1.082871,-0.246703,0.142836,1.082787,-0.229389,0.02659,0.800148,-0.185966,0.031064,1.021849,-0.25045,0.065817,1.085833,-0.248744,0.097988,1.087751,-0.236311
1041,34700,True,0.9243,0.9243,0.170291,0.846274,-0.0,0.255034,0.851532,-0.086361,0.326518,0.842523,-0.15815,0.402864,0.885036,-0.220008,0.476064,0.915645,-0.284805,0.249935,0.678572,-0.189781,0.187976,0.688386,-0.288031,0.115269,0.702468,-0.351996,0.054191,0.725454,-0.389549,0.153697,0.678799,-0.18222,0.116444,0.832266,-0.275845,0.08863,0.85334,-0.311093,0.065396,0.84968,-0.330954,0.081567,0.730424,-0.177186,0.067196,0.948842,-0.253313,0.067421,1.004077,-0.253008,0.069431,1.016112,-0.243589,0.0333,0.802573,-0.180965,0.020788,0.969657,-0.246308,0.030198,1.031455,-0.249559,0.040142,1.04836,-0.24116
1042,34733,True,0.9757,0.9757,0.15706,0.832746,-0.0,0.246662,0.842001,-0.088926,0.32704,0.832824,-0.168288,0.407275,0.877527,-0.235992,0.484485,0.906927,-0.30441,0.24057,0.65623,-0.218676,0.182683,0.658566,-0.323953,0.114558,0.690883,-0.389263,0.050081,0.730981,-0.428685,0.141451,0.653698,-0.209378,0.135235,0.921954,-0.318485,0.158613,1.038802,-0.342733,0.17502,1.084963,-0.354092,0.064375,0.708677,-0.202225,0.065633,0.98763,-0.279841,0.09757,1.069436,-0.262343,0.124112,1.094991,-0.245676,0.010738,0.778526,-0.20516,0.010653,0.986977,-0.27049,0.044721,1.067616,-0.267833,0.077196,1.088352,-0.256686
1043,34766,True,0.9937,0.9937,0.161004,0.887825,-0.0,0.25193,0.871644,-0.072765,0.338396,0.841112,-0.131531,0.418055,0.865497,-0.1802,0.495207,0.882637,-0.221673,0.270051,0.668365,-0.160486,0.180862,0.700902,-0.233169,0.131913,0.703329,-0.264405,0.09776,0.692133,-0.281329,0.170708,0.651682,-0.149544,0.124576,0.928771,-0.216403,0.176317,0.93522,-0.208438,0.218831,0.8869,-0.198382,0.085706,0.694637,-0.143186,0.070639,0.969818,-0.182387,0.106374,0.93882,-0.135652,0.13031,0.865808,-0.100914,0.01791,0.758643,-0.149204,0.024033,0.969279,-0.187897,0.066385,0.953183,-0.174742,0.098366,0.882981,-0.154689
1044,34800,True,0.9897,0.9897,0.185279,0.879979,-0.0,0.278626,0.864496,-0.050426,0.360538,0.837414,-0.09409,0.435449,0.867267,-0.134878,0.511825,0.877489,-0.171596,0.285462,0.658016,-0.118838,0.262835,0.659915,-0.178993,0.216066,0.655053,-0.213379,0.172466,0.65457,-0.235724,0.189531,0.634472,-0.118142,0.182867,0.917719,-0.172617,0.228444,0.953041,-0.170782,0.264394,0.943177,-0.168524,0.107072,0.677299,-0.121262,0.117208,0.968635,-0.152913,0.161148,0.962708,-0.113456,0.192735,0.923132,-0.085822,0.041613,0.74162,-0.135387,0.062917,0.958928,-0.173573,0.111305,0.964608,-0.163247,0.147938,0.924513,-0.145907
1045,34833,True,0.9927,0.9927,0.199704,0.893048,-0.0,0.295609,0.874272,-0.047662,0.380845,0.835612,-0.092833,0.457911,0.855974,-0.136779,0.536085,0.863455,-0.178223,0.303536,0.672917,-0.116245,0.305695,0.657398,-0.187811,0.274984,0.638844,-0.235416,0.237127,0.620028,-0.26674,0.204056,0.6379,-0.119269,0.231169,0.905804,-0.182349,0.280969,0.949766,-0.187009,0.317767,0.940251,-0.187065,0.122432,0.678118,-0.126852,0.165181,0.966892,-0.164054,0.214754,0.972349,-0.128074,0.250911,0.937057,-0.100845,0.060332,0.742164,-0.145389,0.101059,0.95957,-0.182128,0.146919,0.972976,-0.171037,0.176589,0.936476,-0.153256
1046,34866,True,0.99,0.99,0.213477,0.858539,-0.0,0.307871,0.852685,-0.067428,0.390649,0.827622,-0.121906,0.476053,0.847716,-0.171778,0.560997,0.858445,-0.216934,0.316508,0.626658,-0.135376,0.330311,0.676036,-0.215488,0.319611,0.684431,-0.262109,0.303856,0.662767,-0.291055,0.217718,0.61762,-0.134953,0.251819,0.885783,-0.20434,0.289266,0.904106,-0.211485,0.307836,0.856659,-0.21356,0.138217,0.67283,-0.141265,0.188905,0.961648,-0.188206,0.239276,0.965631,-0.15993,0.267899,0.918257,-0.136289,0.079214,0.74809,-0.159371,0.122704,0.966939,-0.198783,0.161107,0.981845,-0.19129,0.182574,0.946312,-0.176817
1047,34900,True,0.9881,0.9881,0.239321,0.850779,0.0,0.327195,0.833085,-0.049715,0.407101,0.810358,-0.098755,0.490134,0.827568,-0.149792,0.574425,0.838486,-0.200752,0.350737,0.61788,-0.107594,0.372629,0.614554,-0.176898,0.380951,0.577786,-0.225124,0.392268,0.536708,-0.258601,0.252544,0.592347,-0.115918,0.311626,0.851025,-0.193832,0.352579,0.914365,-0.213426,0.376003,0.919961,-0.219803,0.170189,0.644293,-0.12843,0.241827,0.930301,-0.187675,0.286788,0.976638,-0.175832,0.311962,0.970764,-0.159005,0.108363,0.72249,-0.149277,0.16132,0.937625,-0.192551,0.193911,0.976146,-0.189929,0.206649,0.96468,-0.178508
1048,34933,True,0.9888,0.9888,0.24727,0.844694,0.0,0.336549,0.826341,-0.041276,0.420034,0.800615,-0.086694,0.499737,0.813074,-0.13607,0.584216,0.82596,-0.188324,0.373387,0.61888,-0.102511,0.414971,0.610566,-0.166764,0.446842,0.567998,-0.2133,0.483535,0.527217,-0.246451,0.282026,0.598611,-0.115373,0.362428,0.820767,-0.197263,0.408352,0.90891,-0.223408,0.435915,0.955556,-0.233296,0.200741,0.647389,-0.130233,0.275529,0.895785,-0.192908,0.310918,0.965528,-0.192385,0.325257,0.994412,-0.183057,0.136696,0.72477,-0.151473,0.185025,0.911103,-0.193931,0.196264,0.96036,-0.196571,0.187187,0.968697,-0.190933
1049,34966,True,0.9851,0.9851,0.250526,0.869122,0.0,0.343509,0.849038,-0.0374,0.427491,0.804007,-0.077356,0.51083,0.802427,-0.120593,0.595102,0.80018,-0.165688,0.39686,0.626888,-0.088873,0.454894,0.607506,-0.146525,0.499782,0.560781,-0.189932,0.550776,0.517348,-0.222987,0.313469,0.603893,-0.102095,0.400411,0.811084,-0.174945,0.458974,0.908281,-0.195859,0.501969,0.968552,-0.204044,0.235486,0.650181,-0.117669,0.315122,0.872896,-0.166104,0.335968,0.92162,-0.15251,0.341592,0.933151,-0.140119,0.169407,0.726074,-0.140828,0.222066,0.895857,-0.177489,0.233376,0.93805,-0.173864,0.22681,0.938771,-0.165525
1050,35000,True,0.9948,0.9948,0.260577,0.881401,1e-06,0.356935,0.855055,-0.028104,0.449217,0.802687,-0.063635,0.536486,0.794442,-0.102698,0.616591,0.787737,-0.143707,0.4271,0.621287,-0.084563,0.493044,0.595325,-0.1394,0.543596,0.551268,-0.18022,0.594113,0.512013,-0.211714,0.347841,0.603911,-0.102037,0.438017,0.793225,-0.169258,0.501422,0.890944,-0.187735,0.54465,0.95384,-0.196498,0.2701,0.65441,-0.120768,0.351791,0.859662,-0.165512,0.362731,0.907896,-0.14885,0.356671,0.919346,-0.136598,0.204036,0.735696,-0.145809,0.264701,0.888433,-0.179341,0.278308,0.926986,-0.17108,0.270529,0.925433,-0.160973
1051,35033,True,0.9989,0.9989,0.284535,0.874624,1e-06,0.383295,0.849059,-0.025539,0.476777,0.803773,-0.063552,0.558539,0.80157,-0.103998,0.637387,0.80596,-0.145385,0.462168,0.616946,-0.093814,0.534721,0.57539,-0.154514,0.589169,0.526594,-0.196967,0.6388,0.484787,-0.228065,0.38384,0.599213,-0.113987,0.470757,0.784981,-0.19041,0.515595,0.891073,-0.205952,0.537762,0.963967,-0.208371,0.305313,0.650973,-0.135017,0.392404,0.857682,-0.184387,0.39621,0.884873,-0.162479,0.378565,0.879019,-0.144038,0.236785,0.737402,-0.161794,0.311578,0.88761,-0.196448,0.324122,0.905108,-0.18379,0.310798,0.883604,-0.168682
1052,35066,True,0.9991,0.9991,0.309067,0.857281,1e-06,0.411359,0.833587,-0.031974,0.513012,0.789895,-0.073766,0.600029,0.788778,-0.115962,0.682615,0.790148,-0.158816,0.4879,0.61245,-0.102485,0.560331,0.568656,-0.168155,0.614617,0.50928,-0.213842,0.662793,0.460379,-0.246628,0.409141,0.591834,-0.119547,0.511164,0.780053,-0.199656,0.558997,0.896608,-0.214478,0.578414,0.979226,-0.214359,0.332846,0.642755,-0.137528,0.434005,0.856898,-0.186258,0.434638,0.877992,-0.15667,0.410376,0.863838,-0.132061,0.264758,0.729362,-0.162193,0.349125,0.882326,-0.19611,0.362572,0.891648,-0.177537,0.348357,0.862416,-0.157055
1053,35100,True,0.9997,0.9997,0.321196,0.859294,1e-06,0.424661,0.831577,-0.023885,0.52343,0.793961,-0.062689,0.598677,0.792434,-0.104466,0.6804,0.800703,-0.148893,0.515872,0.616297,-0.095457,0.589182,0.562568,-0.161589,0.64629,0.500268,-0.206117,0.696021,0.447921,-0.237838,0.438579,0.597279,-0.117728,0.539935,0.761027,-0.199028,0.581419,0.874129,-0.219232,0.596633,0.95024,-0.224243,0.362464,0.646175,-0.140555,0.460344,0.848309,-0.207073,0.488005,0.918766,-0.196304,0.494017,0.954208,-0.180151,0.29486,0.730002,-0.167019,0.384865,0.871531,-0.212758,0.432263,0.929716,-0.204734,0.46132,0.959225,-0.190971
1054,35133,True,0.9999,0.9999,0.328219,0.862407,1e-06,0.43559,0.833464,-0.012496,0.540974,0.799213,-0.048144,0.6182,0.796527,-0.088787,0.696234,0.805007,-0.131827,0.536999,0.609768,-0.087165,0.610343,0.545291,-0.151454,0.672287,0.483957,-0.194625,0.726899,0.436726,-0.225031,0.462442,0.596013,-0.115899,0.567407,0.748425,-0.195944,0.607408,0.865233,-0.21512,0.618585,0.944709,-0.219576,0.386602,0.647834,-0.143793,0.491281,0.836216,-0.207608,0.511426,0.915074,-0.191333,0.504645,0.955762,-0.17152,0.317782,0.733245,-0.174261,0.411501,0.862792,-0.214306,0.451524,0.926753,-0.198489,0.468208,0.958863,-0.179682
1055,35166,True,0.9998,0.9998,0.322278,0.862799,1e-06,0.441498,0.829821,-0.007082,0.548828,0.800714,-0.042379,0.628631,0.80148,-0.084023,0.708421,0.800285,-0.127869,0.553102,0.613609,-0.083297,0.634632,0.543952,-0.144023,0.695722,0.479376,-0.184322,0.747382,0.425386,-0.212936,0.481874,0.598518,-0.114954,0.588905,0.739208,-0.188992,0.630159,0.853582,-0.207369,0.641492,0.933496,-0.213055,0.406782,0.648694,-0.144694,0.509729,0.822286,-0.205861,0.527139,0.90936,-0.188881,0.518235,0.957312,-0.169424,0.339563,0.729865,-0.176134,0.431811,0.854926,-0.213974,0.468203,0.92796,-0.194949,0.480078,0.969423,-0.174091
1056,35200,True,0.9996,0.9996,0.33069,0.868377,1e-06,0.454045,0.82932,-0.005565,0.561603,0.799518,-0.042087,0.641158,0.800201,-0.084858,0.725843,0.804237,-0.130252,0.567828,0.617495,-0.087965,0.65447,0.542585,-0.151275,0.716765,0.474981,-0.191728,0.765815,0.41611,-0.219792,0.496407,0.603484,-0.12046,0.613012,0.745656,-0.190208,0.6372,0.86717,-0.200082,0.631181,0.933129,-0.200209,0.421863,0.655236,-0.151403,0.538374,0.825339,-0.211547,0.553637,0.914734,-0.188919,0.539594,0.949087,-0.165525,0.356556,0.737545,-0.183663,0.455682,0.863541,-0.220609,0.489891,0.935979,-0.198179,0.496363,0.967839,-0.174812
1057,35233,True,0.9994,0.9994,0.337018,0.886582,1e-06,0.464424,0.850229,-0.005779,0.570914,0.814672,-0.042227,0.652997,0.805707,-0.084559,0.739864,0.805005,-0.128387,0.57961,0.621922,-0.086225,0.665952,0.539845,-0.151958,0.726656,0.46759,-0.193911,0.774633,0.405679,-0.222957,0.508835,0.606236,-0.119087,0.631594,0.734677,-0.195168,0.656951,0.863615,-0.20747,0.651329,0.940804,-0.206455,0.436731,0.656431,-0.150426,0.554949,0.829059,-0.212225,0.563753,0.917636,-0.188225,0.545127,0.950383,-0.162568,0.37359,0.73948,-0.183619,0.472841,0.876026,-0.221561,0.510034,0.946726,-0.199832,0.519032,0.974454,-0.176062
1058,35266,True,0.9994,0.9994,0.337221,0.894883,1e-06,0.469344,0.853074,-0.001213,0.578239,0.814098,-0.03611,0.662328,0.802541,-0.078184,0.749959,0.797331,-0.12173,0.586903,0.621381,-0.081093,0.674748,0.534184,-0.144864,0.736895,0.459809,-0.186269,0.785633,0.395853,-0.215582,0.516977,0.608653,-0.117323,0.643012,0.731735,-0.19476,0.673418,0.862409,-0.210109,0.670439,0.945543,-0.210888,0.445743,0.661921,-0.15111,0.567844,0.830329,-0.211625,0.57903,0.92283,-0.186994,0.560505,0.961968,-0.161243,0.382808,0.747487,-0.186702,0.484146,0.882687,-0.22314,0.520368,0.95265,-0.199979,0.52755,0.980534,-0.175214
1059,35300,True,0.9992,0.9992,0.34921,0.907096,1e-06,0.481116,0.866002,0.001561,0.593158,0.82082,-0.030961,0.677987,0.800708,-0.071669,0.762465,0.784156,-0.113526,0.596157,0.620649,-0.075109,0.683877,0.522912,-0.135035,0.745434,0.446209,-0.173901,0.793585,0.381959,-0.202157,0.526284,0.606397,-0.111978,0.656581,0.724885,-0.188063,0.692763,0.849929,-0.204768,0.696909,0.932317,-0.206588,0.456989,0.656963,-0.146013,0.579739,0.836924,-0.200103,0.591,0.923095,-0.173932,0.574661,0.958577,-0.148896,0.395337,0.740264,-0.182558,0.494654,0.887724,-0.214779,0.5332,0.953154,-0.19221,0.546362,0.976877,-0.16861
1060,35333,True,0.9989,0.9989,0.355844,0.913062,1e-06,0.489962,0.871345,0.000504,0.601666,0.823261,-0.031295,0.686554,0.800829,-0.071532,0.769986,0.779311,-0.113019,0.601922,0.61777,-0.07141,0.689425,0.514828,-0.129245,0.750697,0.436339,-0.166065,0.798093,0.369554,-0.19258,0.532986,0.6057,-0.108111,0.663566,0.713014,-0.182958,0.702593,0.837329,-0.200519,0.707471,0.920533,-0.202832,0.463609,0.656238,-0.142231,0.587502,0.820236,-0.198046,0.603571,0.912857,-0.17605,0.590906,0.955477,-0.153064,0.402118,0.739262,-0.17848,0.500998,0.873439,-0.21033,0.537281,0.939368,-0.18877,0.546586,0.965223,-0.166078
1061,35366,True,0.9989,0.9989,0.366281,0.926054,1e-06,0.499816,0.885211,-0.003736,0.611599,0.831658,-0.036498,0.695199,0.803799,-0.077213,0.776823,0.778324,-0.118844,0.608217,0.619655,-0.072319,0.693872,0.512758,-0.131224,0.753371,0.429734,-0.16879,0.798797,0.358412,-0.195802,0.538117,0.60534,-0.107545,0.67001,0.705301,-0.184813,0.710296,0.829273,-0.204186,0.715487,0.912239,-0.207168,0.467697,0.653958,-0.140675,0.593235,0.8137,-0.199984,0.604881,0.910083,-0.179112,0.58807,0.952518,-0.155779,0.405672,0.737007,-0.176141,0.507468,0.866798,-0.210788,0.539784,0.936272,-0.189705,0.543571,0.963032,-0.166663
1062,35400,True,0.9988,0.9988,0.371307,0.918807,1e-06,0.503798,0.878656,-0.00719,0.614689,0.827772,-0.042245,0.697883,0.803361,-0.085413,0.778581,0.782534,-0.129195,0.613862,0.613649,-0.075336,0.700673,0.499956,-0.13608,0.759797,0.415079,-0.174821,0.8059,0.343412,-0.202306,0.543164,0.603007,-0.109411,0.671998,0.695896,-0.189046,0.718189,0.817526,-0.209383,0.728989,0.902024,-0.212567,0.474456,0.653523,-0.141839,0.598197,0.8095,-0.201452,0.614545,0.909715,-0.180424,0.600318,0.957795,-0.156584,0.415434,0.738076,-0.177294,0.51652,0.869156,-0.209951,0.547533,0.936558,-0.188317,0.549209,0.962542,-0.164964
1063,35433,True,0.9988,0.9988,0.370836,0.935415,1e-06,0.506727,0.89236,-0.008432,0.620571,0.835537,-0.042443,0.706545,0.808091,-0.083995,0.789081,0.780766,-0.12624,0.613794,0.618477,-0.074494,0.698582,0.504447,-0.134087,0.758115,0.417602,-0.17109,0.801429,0.342175,-0.197316,0.543194,0.610421,-0.108361,0.679922,0.700656,-0.187807,0.724184,0.825664,-0.20795,0.732606,0.908953,-0.21015,0.47422,0.663829,-0.140687,0.604652,0.815578,-0.204047,0.623224,0.918701,-0.184847,0.614047,0.967907,-0.160706,0.414917,0.751417,-0.175525,0.519187,0.879249,-0.211452,0.553735,0.950144,-0.191026,0.561277,0.979728,-0.167807
1064,35466,True,0.9988,0.9988,0.366047,0.934187,1e-06,0.506416,0.887814,-0.006257,0.621308,0.833854,-0.042181,0.708261,0.809505,-0.086267,0.794179,0.788231,-0.130449,0.61918,0.621936,-0.077676,0.705123,0.507686,-0.140947,0.766279,0.419055,-0.181756,0.812688,0.34506,-0.210923,0.549033,0.614052,-0.113456,0.682848,0.716804,-0.195852,0.727707,0.84214,-0.215696,0.735679,0.92887,-0.217873,0.48087,0.670366,-0.147363,0.608916,0.835711,-0.208267,0.621837,0.934642,-0.182759,0.605184,0.982614,-0.155698,0.421851,0.760786,-0.184683,0.52532,0.903508,-0.220218,0.560753,0.975287,-0.19744,0.5693,1.006837,-0.172356
1065,35500,True,0.9985,0.9985,0.356639,0.930317,0.0,0.499156,0.882689,-0.004038,0.618046,0.830403,-0.041985,0.709386,0.811921,-0.087876,0.801995,0.800743,-0.133681,0.619247,0.634621,-0.083872,0.707541,0.524378,-0.151809,0.770688,0.434934,-0.197608,0.816356,0.361242,-0.229936,0.551211,0.627713,-0.120243,0.682251,0.742834,-0.2019,0.722096,0.866105,-0.219487,0.72321,0.944229,-0.222052,0.481494,0.683319,-0.154492,0.605292,0.85176,-0.211796,0.608656,0.931556,-0.182303,0.581112,0.955092,-0.155489,0.419462,0.771289,-0.192191,0.524533,0.918038,-0.224641,0.544589,0.97471,-0.198235,0.533747,0.983413,-0.172636
1066,35533,True,0.9986,0.9986,0.349188,0.928185,0.0,0.492012,0.88459,-0.000312,0.613377,0.836534,-0.037919,0.708736,0.831964,-0.084563,0.807032,0.833729,-0.132379,0.629242,0.660087,-0.081623,0.722554,0.567228,-0.148951,0.794309,0.490407,-0.193057,0.846644,0.426359,-0.224103,0.563344,0.649119,-0.119735,0.693472,0.804033,-0.198354,0.708873,0.928977,-0.210686,0.695953,0.990357,-0.211094,0.489734,0.697264,-0.156194,0.602358,0.89236,-0.214022,0.581408,0.953768,-0.185819,0.543108,0.94672,-0.160973,0.421763,0.775538,-0.194987,0.512441,0.92916,-0.225368,0.504591,0.967103,-0.19825,0.471704,0.944273,-0.174362
1067,35566,True,0.9962,0.9962,0.343016,0.928726,0.0,0.48694,0.89941,0.002735,0.608247,0.865148,-0.03018,0.705727,0.873951,-0.071571,0.802103,0.885712,-0.115006,0.642343,0.688206,-0.07984,0.751007,0.640579,-0.141747,0.829851,0.59545,-0.184195,0.891233,0.549726,-0.214651,0.577604,0.667663,-0.116926,0.680186,0.872188,-0.182968,0.673562,0.951963,-0.194217,0.653666,0.966652,-0.199825,0.499501,0.711409,-0.151814,0.590272,0.955459,-0.202485,0.560222,0.991904,-0.178443,0.526672,0.964693,-0.160729,0.423708,0.787754,-0.188619,0.49503,0.975833,-0.215243,0.476313,1.003055,-0.19112,0.446364,0.969904,-0.171447
1068,35600,True,0.9731,0.9731,0.298147,0.911961,0.0,0.444774,0.850236,0.000818,0.596987,0.82643,-0.0262,0.713261,0.845467,-0.059461,0.805077,0.86234,-0.09715,0.639183,0.72874,-0.078929,0.7466,0.832974,-0.132698,0.815601,0.89456,-0.168241,0.866411,0.937416,-0.194659,0.566104,0.740065,-0.11163,0.664498,0.988226,-0.161586,0.683955,1.102651,-0.171698,0.69579,1.156386,-0.184411,0.48175,0.788422,-0.143277,0.558803,1.036268,-0.187808,0.567863,1.11719,-0.178024,0.573829,1.138243,-0.173815,0.400977,0.854401,-0.175887,0.45171,1.036094,-0.204709,0.4647,1.096571,-0.195824,0.470863,1.109008,-0.190091
1069,35633,True,0.9828,0.9828,0.294492,0.888179,1e-06,0.421165,0.833799,-0.011114,0.559666,0.861251,-0.050439,0.660355,0.953061,-0.093297,0.729283,1.043752,-0.141014,0.628404,0.786376,-0.110815,0.742368,0.918497,-0.177851,0.800284,1.019424,-0.216621,0.833307,1.097781,-0.242169,0.566569,0.797925,-0.1413,0.656631,1.046829,-0.207146,0.684378,1.184046,-0.223614,0.704284,1.273184,-0.235818,0.487721,0.84572,-0.170141,0.557711,1.105233,-0.231727,0.585484,1.229951,-0.232016,0.603885,1.306703,-0.228687,0.405924,0.91139,-0.199348,0.452976,1.115167,-0.24139,0.484852,1.219599,-0.239459,0.510696,1.288895,-0.234786
1070,35666,True,0.9896,0.9896,0.309433,0.862732,1e-06,0.449734,0.817086,0.001649,0.594916,0.867153,-0.035432,0.692176,0.971259,-0.074941,0.755168,1.063211,-0.118492,0.657216,0.806223,-0.118756,0.744753,1.014528,-0.176486,0.766586,1.150372,-0.20228,0.772092,1.239496,-0.217367,0.582888,0.820886,-0.150562,0.661824,1.098213,-0.196012,0.687038,1.242978,-0.198418,0.705885,1.333532,-0.206049,0.496229,0.865052,-0.177991,0.574618,1.130698,-0.218106,0.609474,1.254926,-0.210394,0.633072,1.330941,-0.207595,0.409062,0.927204,-0.204068,0.470312,1.132958,-0.228609,0.513946,1.231294,-0.221082,0.549833,1.290151,-0.216505
1071,35700,True,0.9915,0.9915,0.339579,0.858836,1e-06,0.471371,0.828338,-0.005268,0.612514,0.877675,-0.040521,0.709809,0.972124,-0.075609,0.778419,1.054647,-0.115105,0.664088,0.805091,-0.119206,0.755632,0.967761,-0.178218,0.806824,1.078082,-0.211576,0.841079,1.162965,-0.23326,0.591679,0.826592,-0.145748,0.668031,1.066315,-0.192732,0.700564,1.191957,-0.199464,0.726209,1.2762,-0.210852,0.506742,0.874385,-0.16862,0.571184,1.123504,-0.204781,0.600789,1.216649,-0.196435,0.624464,1.266765,-0.195352,0.42157,0.935805,-0.191422,0.472834,1.131861,-0.21165,0.502359,1.200942,-0.203004,0.526873,1.232176,-0.199232
1072,35733,True,0.9965,0.9965,0.354293,0.861633,1e-06,0.473607,0.828193,-0.001156,0.602514,0.868819,-0.031708,0.686321,0.943776,-0.063688,0.742974,1.009904,-0.09994,0.658472,0.794005,-0.109876,0.77139,0.909203,-0.162811,0.852332,0.962494,-0.194658,0.918135,1.001848,-0.217895,0.596511,0.80699,-0.137877,0.675359,1.043165,-0.179115,0.679187,1.131873,-0.177066,0.680718,1.172118,-0.182835,0.514324,0.853499,-0.161651,0.580772,1.083191,-0.189857,0.574717,1.120201,-0.166421,0.566594,1.113142,-0.157119,0.430051,0.910388,-0.186297,0.481482,1.076583,-0.199505,0.479316,1.099606,-0.179878,0.472444,1.085628,-0.169801
1073,35766,True,0.9978,0.9978,0.357172,0.879167,1e-06,0.471838,0.852257,-0.012796,0.611105,0.886483,-0.052976,0.717148,0.959401,-0.090974,0.807557,1.011391,-0.132302,0.661861,0.764563,-0.141988,0.786777,0.842638,-0.213244,0.881132,0.880805,-0.258057,0.95947,0.91224,-0.289741,0.599248,0.7663,-0.169273,0.687279,0.998641,-0.233531,0.701946,1.140443,-0.243367,0.709339,1.235444,-0.254053,0.514156,0.815175,-0.192232,0.591055,1.061,-0.241403,0.599729,1.165877,-0.222086,0.601568,1.223866,-0.211579,0.427608,0.883935,-0.216027,0.491155,1.067841,-0.245471,0.506679,1.13567,-0.228893,0.515166,1.167262,-0.217907
1074,35800,True,0.9991,0.9991,0.356938,0.899463,1e-06,0.484647,0.879728,-0.003066,0.622503,0.900539,-0.041008,0.728952,0.957467,-0.080493,0.817793,1.000476,-0.123335,0.661385,0.74854,-0.125646,0.784872,0.784022,-0.196723,0.87941,0.790984,-0.241513,0.956514,0.797547,-0.272605,0.600568,0.743174,-0.159383,0.713331,0.981391,-0.226129,0.728019,1.115262,-0.234733,0.728274,1.194927,-0.241356,0.520321,0.78865,-0.189141,0.615502,1.038119,-0.24559,0.617764,1.14623,-0.224691,0.607954,1.198164,-0.208674,0.439472,0.857458,-0.218779,0.51671,1.041054,-0.251662,0.528761,1.127014,-0.231438,0.527531,1.167889,-0.215377
1075,35833,True,0.9993,0.9993,0.355808,0.896793,1e-06,0.487891,0.889328,-0.006537,0.622426,0.893088,-0.045202,0.72655,0.928471,-0.086637,0.822334,0.949844,-0.129819,0.657378,0.727205,-0.117814,0.784838,0.737401,-0.189365,0.877532,0.719822,-0.234233,0.953666,0.703742,-0.264871,0.597683,0.718676,-0.152055,0.7116,0.945947,-0.223156,0.715623,1.067916,-0.231265,0.707388,1.135049,-0.234222,0.519276,0.764804,-0.183362,0.620275,1.020497,-0.24273,0.610363,1.112205,-0.216847,0.593201,1.143262,-0.195029,0.441117,0.838456,-0.215753,0.524482,1.031997,-0.249506,0.530953,1.109027,-0.224443,0.523093,1.135338,-0.202932
1076,35866,True,0.9993,0.9993,0.367646,0.913523,1e-06,0.502346,0.905482,-0.003496,0.629154,0.892478,-0.043533,0.728596,0.908843,-0.08871,0.825814,0.918443,-0.135709,0.666471,0.713515,-0.108499,0.790821,0.691586,-0.180173,0.882899,0.65476,-0.225761,0.95596,0.62404,-0.256753,0.602637,0.69976,-0.145208,0.720367,0.922419,-0.222286,0.716704,1.047557,-0.23146,0.696616,1.111527,-0.231986,0.522838,0.745864,-0.179167,0.63072,0.992446,-0.243994,0.616282,1.081473,-0.216891,0.592015,1.105603,-0.191845,0.446045,0.821481,-0.213807,0.53598,1.009819,-0.250549,0.539841,1.081814,-0.223731,0.527142,1.098794,-0.199396
1077,35900,True,0.9992,0.9992,0.372307,0.916449,0.0,0.505749,0.903773,-0.003319,0.635588,0.880687,-0.042695,0.735422,0.887876,-0.089332,0.833902,0.893423,-0.137162,0.669267,0.695996,-0.095199,0.789438,0.653505,-0.167103,0.876848,0.604521,-0.213976,0.944026,0.561281,-0.24653,0.605524,0.684503,-0.133161,0.725855,0.887303,-0.213718,0.718577,0.990635,-0.225334,0.69811,1.025913,-0.227194,0.530554,0.732596,-0.169331,0.638665,0.967365,-0.232685,0.599665,1.011215,-0.201682,0.561262,0.984437,-0.175296,0.457758,0.810674,-0.207469,0.551808,0.996246,-0.243974,0.530175,1.029199,-0.215578,0.497376,0.998792,-0.190666
1078,35933,True,0.9987,0.9987,0.382548,0.932831,0.0,0.515054,0.907947,0.000183,0.643758,0.870888,-0.036965,0.743366,0.867627,-0.082716,0.84019,0.866226,-0.129179,0.676057,0.67851,-0.082496,0.786966,0.622865,-0.153264,0.870416,0.566386,-0.199545,0.93336,0.517101,-0.2313,0.612175,0.669176,-0.122006,0.737343,0.859092,-0.204143,0.723593,0.970726,-0.215839,0.696555,1.014456,-0.215486,0.538419,0.719537,-0.160161,0.646344,0.940485,-0.22608,0.600974,0.982949,-0.196665,0.559494,0.956667,-0.169494,0.46752,0.799755,-0.199795,0.566613,0.975482,-0.235816,0.538526,1.004542,-0.207135,0.500813,0.971251,-0.181637
1079,35966,True,0.9974,0.9974,0.389168,0.928943,0.0,0.520727,0.894044,0.001283,0.645571,0.850531,-0.034323,0.745895,0.848081,-0.078778,0.84027,0.847276,-0.123358,0.68252,0.670075,-0.075949,0.790982,0.605599,-0.144036,0.869465,0.544738,-0.188263,0.928214,0.488314,-0.219122,0.619541,0.662652,-0.115478,0.745656,0.843666,-0.199552,0.727472,0.948588,-0.212354,0.697222,0.985017,-0.211331,0.54933,0.712142,-0.15357,0.656787,0.928722,-0.217982,0.609452,0.966021,-0.189226,0.566664,0.93587,-0.162162,0.481564,0.79035,-0.193538,0.579334,0.961894,-0.228724,0.551181,0.989496,-0.201744,0.515544,0.95477,-0.176903
1080,36000,True,0.9981,0.9981,0.39116,0.939196,0.0,0.523849,0.902585,0.003641,0.646383,0.854909,-0.032971,0.744278,0.843619,-0.07914,0.838875,0.836358,-0.125731,0.681031,0.667746,-0.07612,0.789279,0.598222,-0.144684,0.868921,0.531773,-0.190087,0.926927,0.471362,-0.221801,0.617237,0.659951,-0.117738,0.751489,0.830849,-0.20244,0.749443,0.955535,-0.216432,0.727281,1.011985,-0.216064,0.547286,0.709709,-0.157445,0.666526,0.913093,-0.221709,0.627336,0.968848,-0.191546,0.583773,0.953132,-0.163432,0.48175,0.789909,-0.198853,0.585259,0.952855,-0.233876,0.564114,0.990291,-0.205373,0.529667,0.9638,-0.17928
1081,36033,True,0.9984,0.9984,0.39237,0.942876,0.0,0.525775,0.911222,0.001036,0.647813,0.861902,-0.034861,0.744365,0.846882,-0.080019,0.83842,0.835236,-0.125356,0.683031,0.66664,-0.073346,0.793051,0.595454,-0.140646,0.872842,0.530449,-0.185201,0.931838,0.469545,-0.216452,0.619555,0.6565,-0.113698,0.755077,0.825311,-0.199632,0.754123,0.953658,-0.215542,0.730712,1.012146,-0.215453,0.550352,0.704947,-0.152397,0.67168,0.911586,-0.217417,0.63697,0.977559,-0.189091,0.594914,0.968421,-0.161416,0.485702,0.785377,-0.19318,0.590997,0.954726,-0.228862,0.571641,1.000546,-0.201823,0.537541,0.978816,-0.176076
1082,36066,True,0.9984,0.9984,0.39309,0.942229,0.0,0.529154,0.904668,0.003156,0.649697,0.855374,-0.033265,0.745762,0.843925,-0.079529,0.840733,0.835844,-0.125788,0.681755,0.661902,-0.073019,0.792505,0.590107,-0.140419,0.872232,0.523991,-0.185197,0.930574,0.463509,-0.216702,0.617914,0.653125,-0.113865,0.749335,0.817906,-0.196962,0.754709,0.942021,-0.211891,0.736971,0.99801,-0.212681,0.549112,0.70279,-0.15287,0.669165,0.906692,-0.214605,0.638177,0.973161,-0.184839,0.596724,0.963941,-0.157496,0.485256,0.783368,-0.194071,0.587847,0.949798,-0.227314,0.571697,0.995034,-0.199414,0.539041,0.97283,-0.173617
1083,36100,True,0.9983,0.9983,0.391259,0.940072,0.0,0.527965,0.89781,0.003897,0.647904,0.847156,-0.032817,0.74318,0.83604,-0.079472,0.836462,0.828127,-0.126289,0.673169,0.656887,-0.076717,0.783637,0.579972,-0.14411,0.861965,0.512401,-0.188087,0.918976,0.452135,-0.218902,0.607905,0.646769,-0.117401,0.741036,0.812132,-0.198577,0.746557,0.930456,-0.212008,0.729767,0.979052,-0.212704,0.538786,0.697131,-0.155944,0.661302,0.904155,-0.21651,0.630196,0.966219,-0.185987,0.587554,0.95251,-0.158992,0.475265,0.778486,-0.196597,0.580903,0.949881,-0.229909,0.565378,0.994789,-0.20167,0.530293,0.972327,-0.176015
1084,36133,True,0.9974,0.9974,0.374508,0.942378,0.0,0.511891,0.892458,0.003544,0.638845,0.838615,-0.030094,0.734568,0.821803,-0.073071,0.826999,0.816907,-0.116325,0.653422,0.657694,-0.073184,0.760217,0.575433,-0.138795,0.837401,0.503949,-0.183858,0.895912,0.445202,-0.216206,0.588272,0.650187,-0.112145,0.71725,0.790191,-0.1896,0.731781,0.907226,-0.203177,0.722444,0.966263,-0.20558,0.518926,0.7005,-0.149166,0.642309,0.88995,-0.200615,0.611223,0.943719,-0.167834,0.56707,0.933177,-0.142131,0.453971,0.783644,-0.189349,0.560033,0.937089,-0.215938,0.539739,0.968653,-0.187158,0.499597,0.944925,-0.162853
1085,36166,True,0.9979,0.9979,0.362044,0.938437,0.0,0.505017,0.887807,0.005096,0.625678,0.836011,-0.031207,0.72216,0.815188,-0.076537,0.816743,0.805554,-0.122622,0.634225,0.657027,-0.079377,0.734775,0.567202,-0.146304,0.808083,0.491231,-0.191652,0.863123,0.431946,-0.223888,0.568139,0.646821,-0.118201,0.697601,0.781319,-0.193074,0.713536,0.897419,-0.20339,0.703174,0.958557,-0.204464,0.496695,0.695578,-0.154564,0.613138,0.871161,-0.202957,0.590394,0.923362,-0.167136,0.549446,0.915031,-0.140771,0.429637,0.774602,-0.193774,0.520962,0.911552,-0.217995,0.514738,0.939624,-0.18717,0.484414,0.914382,-0.162076
1086,36200,True,0.9984,0.9984,0.359229,0.923287,0.0,0.506766,0.879476,-0.008391,0.61928,0.832987,-0.047904,0.710537,0.816008,-0.093664,0.799437,0.802104,-0.140786,0.614708,0.642226,-0.083412,0.705508,0.550718,-0.142053,0.772476,0.478807,-0.181954,0.821354,0.421851,-0.210906,0.536573,0.637267,-0.114054,0.653734,0.759969,-0.177953,0.667019,0.865698,-0.186558,0.652612,0.914884,-0.189316,0.455069,0.686476,-0.14357,0.565404,0.835793,-0.189189,0.562145,0.894688,-0.158437,0.532648,0.897984,-0.136621,0.382984,0.765332,-0.176035,0.470185,0.877299,-0.20051,0.482693,0.916326,-0.172307,0.463325,0.904429,-0.149712
1087,36233,True,0.999,0.999,0.358054,0.922931,0.0,0.499106,0.873634,-0.017076,0.607755,0.827928,-0.054786,0.692974,0.818892,-0.096958,0.77637,0.794218,-0.141922,0.586863,0.632969,-0.092661,0.662691,0.542359,-0.147433,0.711483,0.466605,-0.184139,0.750093,0.405576,-0.21266,0.49571,0.629702,-0.120998,0.59284,0.759074,-0.181076,0.618415,0.861639,-0.192229,0.620462,0.910685,-0.199166,0.40179,0.689162,-0.148509,0.483497,0.843112,-0.193599,0.491577,0.896607,-0.169966,0.477466,0.895421,-0.155232,0.322285,0.776104,-0.179594,0.369228,0.902223,-0.206941,0.381583,0.941742,-0.184399,0.368545,0.931726,-0.167093
1088,36266,True,0.9989,0.9989,0.363931,0.923907,0.0,0.483899,0.87733,-0.025039,0.592739,0.817356,-0.062996,0.678791,0.797162,-0.103809,0.759496,0.77505,-0.145515,0.554578,0.613702,-0.094372,0.61485,0.528277,-0.160884,0.657279,0.453892,-0.207217,0.689007,0.392444,-0.239667,0.465459,0.599225,-0.117242,0.562864,0.752241,-0.198063,0.591446,0.860746,-0.215327,0.585163,0.923945,-0.218006,0.37866,0.658769,-0.140798,0.477389,0.850887,-0.202637,0.492011,0.912163,-0.180461,0.473112,0.92262,-0.157397,0.306793,0.751547,-0.168574,0.38809,0.903985,-0.207502,0.41527,0.941234,-0.189397,0.409018,0.931012,-0.168717
1089,36300,True,0.9989,0.9989,0.380796,0.942207,0.0,0.48166,0.901479,-0.039596,0.576715,0.825693,-0.081698,0.652599,0.796575,-0.123883,0.732931,0.777621,-0.166983,0.527389,0.618898,-0.106308,0.579557,0.524125,-0.176268,0.617007,0.437908,-0.223267,0.646977,0.365487,-0.257839,0.430429,0.599931,-0.122407,0.511197,0.737469,-0.211875,0.551195,0.870539,-0.229509,0.560949,0.953536,-0.230378,0.344154,0.659448,-0.140615,0.434247,0.847581,-0.210173,0.457139,0.925147,-0.187898,0.451872,0.950685,-0.163007,0.273708,0.755537,-0.164661,0.359854,0.897069,-0.21143,0.403952,0.95459,-0.196385,0.419982,0.970743,-0.176379
1090,36333,True,0.9948,0.9948,0.371294,0.922933,0.0,0.469438,0.893623,-0.04896,0.559646,0.826554,-0.096803,0.636052,0.798454,-0.144758,0.720008,0.782264,-0.193447,0.515862,0.610529,-0.112626,0.547357,0.50468,-0.18771,0.572564,0.420636,-0.23406,0.59768,0.343025,-0.266289,0.41394,0.582822,-0.125482,0.495477,0.749297,-0.221425,0.538781,0.867675,-0.241304,0.560161,0.925646,-0.241591,0.323349,0.6366,-0.141982,0.412033,0.853201,-0.223821,0.450785,0.939308,-0.209743,0.46975,0.96724,-0.186,0.249577,0.726255,-0.164645,0.322662,0.881381,-0.222115,0.373387,0.956686,-0.213321,0.404606,0.983608,-0.19383
1091,36366,True,0.9953,0.9953,0.364949,0.904089,0.0,0.464886,0.876698,-0.047477,0.558973,0.816884,-0.096548,0.635711,0.791734,-0.145517,0.717259,0.775919,-0.195654,0.511477,0.606275,-0.122597,0.540358,0.503724,-0.198873,0.559298,0.418242,-0.246876,0.579578,0.337816,-0.2808,0.407587,0.574077,-0.136212,0.488729,0.747689,-0.226354,0.534886,0.85312,-0.243261,0.555885,0.9036,-0.245521,0.316082,0.629968,-0.152861,0.410646,0.840456,-0.232648,0.453836,0.914649,-0.220403,0.47308,0.939658,-0.200678,0.242852,0.721874,-0.175197,0.323586,0.871292,-0.233231,0.377925,0.942233,-0.226737,0.411452,0.972658,-0.210882
1092,36400,True,0.9955,0.9955,0.352332,0.905497,0.0,0.460742,0.881018,-0.041736,0.556992,0.818513,-0.087909,0.627264,0.778862,-0.135848,0.708563,0.76044,-0.186048,0.508141,0.592075,-0.104282,0.538562,0.477701,-0.172503,0.564226,0.389682,-0.218004,0.58905,0.314208,-0.250247,0.40971,0.571271,-0.118064,0.479695,0.699109,-0.203895,0.528748,0.822336,-0.222545,0.549362,0.903512,-0.223291,0.32452,0.624801,-0.133864,0.40371,0.803467,-0.195844,0.442695,0.888,-0.178781,0.451038,0.93012,-0.15728,0.256038,0.712841,-0.156086,0.327803,0.848619,-0.19194,0.363684,0.913183,-0.177759,0.370943,0.940189,-0.15885
1093,36433,True,0.9982,0.9982,0.361513,0.876376,0.0,0.473331,0.840472,-0.039997,0.565249,0.781487,-0.088242,0.639626,0.758579,-0.13971,0.72478,0.757705,-0.194949,0.516209,0.577897,-0.108773,0.561074,0.487611,-0.179537,0.599449,0.415588,-0.226664,0.633104,0.358405,-0.259581,0.423991,0.572572,-0.127775,0.497719,0.684726,-0.22355,0.546907,0.794109,-0.253141,0.571897,0.877507,-0.261244,0.345555,0.631237,-0.148508,0.429135,0.781171,-0.231401,0.483048,0.868051,-0.233424,0.513964,0.930892,-0.221386,0.285199,0.721194,-0.173339,0.370698,0.831441,-0.230317,0.429958,0.899445,-0.231655,0.472244,0.946135,-0.222549
1094,36466,True,0.9988,0.9988,0.36658,0.847292,0.0,0.480666,0.81699,-0.029401,0.577104,0.7705,-0.071762,0.654317,0.755662,-0.11703,0.733173,0.752333,-0.165615,0.546695,0.574943,-0.103534,0.604955,0.491866,-0.165708,0.65302,0.423648,-0.206529,0.69506,0.372598,-0.2363,0.46105,0.568194,-0.125074,0.550101,0.709515,-0.209645,0.604482,0.820715,-0.23303,0.631586,0.908621,-0.240425,0.385542,0.627774,-0.146785,0.472111,0.791198,-0.211524,0.51952,0.863756,-0.203573,0.542776,0.918236,-0.191375,0.327368,0.71791,-0.172819,0.404297,0.825852,-0.216227,0.448511,0.877899,-0.209575,0.474923,0.911446,-0.198372
1095,36500,True,0.9996,0.9996,0.382546,0.850129,1e-06,0.496417,0.811946,-0.015862,0.598817,0.771924,-0.051795,0.676901,0.764587,-0.092714,0.755755,0.764859,-0.136321,0.586287,0.595241,-0.086832,0.663417,0.513057,-0.148697,0.728073,0.452252,-0.187091,0.782146,0.41018,-0.212112,0.508666,0.584829,-0.111438,0.624621,0.715096,-0.185589,0.65305,0.827384,-0.197008,0.64808,0.907454,-0.194308,0.435023,0.638293,-0.135926,0.545725,0.806157,-0.19509,0.561104,0.87576,-0.17426,0.548709,0.914749,-0.150165,0.372662,0.723098,-0.163223,0.468757,0.839947,-0.197575,0.506648,0.896721,-0.176616,0.518506,0.925474,-0.153228
1096,36533,True,0.9994,0.9994,0.36182,0.871199,1e-06,0.48656,0.841493,-0.002121,0.597442,0.807201,-0.031222,0.676449,0.796859,-0.067482,0.750758,0.778791,-0.10615,0.589442,0.62019,-0.068241,0.68789,0.556654,-0.126163,0.761741,0.503625,-0.165235,0.823574,0.458916,-0.192332,0.522876,0.612488,-0.100883,0.64725,0.726196,-0.173992,0.690603,0.83188,-0.19404,0.70182,0.908098,-0.199057,0.458164,0.661742,-0.13167,0.574311,0.824875,-0.186725,0.584685,0.902086,-0.168321,0.568622,0.938893,-0.147485,0.400658,0.741376,-0.16469,0.499689,0.857542,-0.197778,0.532567,0.915415,-0.178726,0.541249,0.943105,-0.157568
1097,36566,True,0.9993,0.9993,0.36756,0.883327,0.0,0.495448,0.864423,-0.002844,0.609374,0.83007,-0.032892,0.693265,0.817508,-0.070143,0.775705,0.802599,-0.109335,0.629681,0.646459,-0.065481,0.739556,0.598537,-0.123204,0.821333,0.560611,-0.162069,0.885939,0.524634,-0.189107,0.568968,0.63384,-0.098221,0.687162,0.772826,-0.168189,0.707601,0.875382,-0.187095,0.700237,0.924242,-0.192806,0.502462,0.67713,-0.129711,0.613335,0.855778,-0.186754,0.615987,0.932554,-0.170665,0.598031,0.952186,-0.151716,0.438402,0.751486,-0.162715,0.532042,0.886968,-0.196205,0.555356,0.948129,-0.177754,0.555844,0.964394,-0.15749
1098,36600,True,0.9975,0.9975,0.376453,0.893087,0.0,0.5013,0.865953,0.000432,0.618702,0.833287,-0.031535,0.709755,0.833587,-0.07093,0.796478,0.83483,-0.111429,0.658141,0.656086,-0.067621,0.775115,0.626479,-0.126141,0.860193,0.5969,-0.1661,0.926674,0.565048,-0.193345,0.600025,0.643819,-0.10115,0.726917,0.828553,-0.167375,0.707057,0.919011,-0.178761,0.67552,0.942482,-0.180317,0.534217,0.688109,-0.132877,0.656698,0.895325,-0.187373,0.623134,0.947923,-0.162958,0.585531,0.938237,-0.139691,0.469949,0.761644,-0.165645,0.578123,0.918249,-0.193225,0.572728,0.961304,-0.166102,0.550397,0.951614,-0.141258
1099,36633,True,0.9977,0.9977,0.376243,0.901871,0.0,0.506405,0.887435,0.002218,0.627754,0.856385,-0.029757,0.723766,0.857081,-0.07074,0.81566,0.858965,-0.112673,0.669622,0.671632,-0.064219,0.792523,0.659027,-0.123666,0.878351,0.638412,-0.162005,0.947485,0.613896,-0.187984,0.615664,0.655333,-0.100915,0.742757,0.856175,-0.172439,0.719603,0.956622,-0.184656,0.687725,0.985063,-0.184598,0.552949,0.696417,-0.136218,0.670854,0.926372,-0.196446,0.632471,0.999004,-0.172879,0.594383,0.99972,-0.148019,0.49137,0.767645,-0.172679,0.593285,0.95361,-0.204256,0.577897,1.014156,-0.180117,0.551212,1.013577,-0.156279
1100,36666,True,0.9972,0.9972,0.379618,0.907366,0.0,0.508955,0.888638,0.004037,0.633592,0.85864,-0.02523,0.732426,0.865099,-0.063512,0.826434,0.877071,-0.102473,0.680948,0.68412,-0.062701,0.801341,0.6779,-0.122235,0.888535,0.662494,-0.160862,0.96047,0.644835,-0.187081,0.625853,0.66715,-0.099335,0.743174,0.87798,-0.172743,0.716659,0.981764,-0.185439,0.68371,1.016483,-0.185414,0.561261,0.707847,-0.134498,0.672844,0.942453,-0.196069,0.633515,1.00937,-0.173892,0.596551,1.007429,-0.149663,0.498084,0.777604,-0.17052,0.595697,0.961667,-0.202879,0.573591,1.009771,-0.179879,0.542432,0.996579,-0.156945
1101,36700,True,0.9974,0.9974,0.382758,0.917845,0.0,0.512152,0.904811,0.003583,0.637649,0.874482,-0.026452,0.737073,0.878545,-0.065428,0.832707,0.886251,-0.105096,0.688755,0.692996,-0.060605,0.80709,0.693246,-0.120171,0.891596,0.68111,-0.159202,0.962302,0.665407,-0.186217,0.632924,0.672704,-0.098047,0.745998,0.886499,-0.172222,0.709439,0.978429,-0.18542,0.673474,0.997404,-0.186,0.565937,0.711061,-0.134288,0.670989,0.945204,-0.196819,0.620475,0.99632,-0.174301,0.58125,0.976296,-0.150586,0.49908,0.77821,-0.171397,0.592347,0.960491,-0.205995,0.563109,1.002931,-0.182979,0.530396,0.980247,-0.160265
1102,36733,True,0.9914,0.9914,0.37348,0.907274,0.0,0.506577,0.890684,0.001947,0.630422,0.865386,-0.030343,0.728908,0.87839,-0.071915,0.823833,0.891364,-0.11514,0.671999,0.689486,-0.062695,0.791308,0.692836,-0.123362,0.875786,0.683745,-0.164065,0.94684,0.670002,-0.192521,0.617416,0.675215,-0.099738,0.726582,0.878796,-0.170348,0.685329,0.936726,-0.182818,0.649615,0.924302,-0.185323,0.551572,0.715845,-0.135961,0.649292,0.941795,-0.193554,0.594653,0.960942,-0.170192,0.557722,0.920821,-0.148533,0.484111,0.782501,-0.173734,0.56849,0.956887,-0.205065,0.533015,0.974608,-0.182461,0.497987,0.938493,-0.161719
1103,36766,True,0.9867,0.9867,0.356799,0.892921,0.0,0.487105,0.860981,-0.001996,0.615763,0.838358,-0.034703,0.717667,0.867789,-0.07508,0.810904,0.881605,-0.1177,0.634589,0.672299,-0.073023,0.757315,0.686859,-0.131281,0.838671,0.685319,-0.172697,0.910247,0.677428,-0.202941,0.576787,0.673639,-0.108087,0.686767,0.863357,-0.174,0.65399,0.901248,-0.187483,0.626596,0.87753,-0.194771,0.508747,0.721631,-0.141919,0.612004,0.923814,-0.193284,0.56602,0.925555,-0.1704,0.533655,0.878746,-0.152774,0.440409,0.789384,-0.177924,0.532116,0.941179,-0.206832,0.504226,0.94675,-0.185118,0.469873,0.908402,-0.167206
1104,36800,True,0.9937,0.9937,0.351897,0.894175,0.0,0.493606,0.867118,-0.009723,0.617421,0.84773,-0.044685,0.712515,0.86942,-0.08477,0.799196,0.865777,-0.12637,0.607269,0.667967,-0.079254,0.713277,0.676884,-0.137824,0.788607,0.676666,-0.182645,0.852598,0.675385,-0.215689,0.538628,0.668174,-0.108408,0.625069,0.826594,-0.169028,0.612773,0.873653,-0.183286,0.596833,0.868345,-0.194618,0.462628,0.716941,-0.137226,0.551048,0.88688,-0.182574,0.53156,0.899409,-0.159636,0.508264,0.864129,-0.145629,0.39085,0.786043,-0.169176,0.472659,0.915916,-0.197279,0.465549,0.924809,-0.17708,0.442137,0.887701,-0.161873
1105,36833,True,0.9891,0.9891,0.339145,0.91406,0.0,0.466399,0.875893,-0.014442,0.589593,0.84023,-0.043507,0.685422,0.860043,-0.075913,0.767791,0.854265,-0.109692,0.556463,0.644067,-0.071024,0.643243,0.670064,-0.122213,0.707452,0.674201,-0.163249,0.764319,0.675239,-0.194617,0.483684,0.651527,-0.095728,0.573879,0.844457,-0.146383,0.564473,0.869274,-0.162639,0.551608,0.836843,-0.178067,0.403397,0.709588,-0.120922,0.484718,0.90644,-0.161351,0.470178,0.895553,-0.14833,0.454434,0.83841,-0.142315,0.325837,0.782248,-0.149534,0.39548,0.927791,-0.178853,0.39222,0.922283,-0.168394,0.372759,0.870271,-0.160781
1106,36866,True,0.997,0.997,0.339556,0.924923,0.0,0.448905,0.891883,-0.023759,0.559941,0.843273,-0.056738,0.648447,0.850011,-0.090155,0.731358,0.84427,-0.124593,0.515744,0.641146,-0.084896,0.585539,0.667503,-0.146031,0.645845,0.663052,-0.193802,0.699203,0.657476,-0.228866,0.440375,0.628702,-0.104614,0.531,0.838586,-0.167711,0.523565,0.889272,-0.186378,0.503998,0.881906,-0.199033,0.361238,0.686424,-0.12594,0.440255,0.909425,-0.175699,0.432077,0.91448,-0.163669,0.416415,0.870456,-0.154286,0.284987,0.774532,-0.151444,0.350562,0.937218,-0.188129,0.361299,0.936316,-0.181877,0.352362,0.892758,-0.17439
1107,36900,True,0.9971,0.9971,0.333883,0.942319,0.0,0.447768,0.913547,-0.036227,0.549348,0.858164,-0.076419,0.633601,0.845989,-0.116604,0.716427,0.834634,-0.158853,0.507844,0.629769,-0.087427,0.557493,0.652964,-0.158847,0.610685,0.642289,-0.210687,0.664825,0.62924,-0.246983,0.421892,0.612603,-0.105798,0.499826,0.780199,-0.190871,0.529939,0.898776,-0.219273,0.543161,0.963633,-0.231774,0.339762,0.662637,-0.128016,0.409807,0.849239,-0.206591,0.43672,0.931745,-0.211505,0.448502,0.963707,-0.205529,0.268279,0.750123,-0.153911,0.332855,0.892992,-0.211961,0.374714,0.960944,-0.218996,0.403294,0.987159,-0.216522
1108,36933,True,0.9945,0.9945,0.317052,0.919674,0.0,0.438402,0.895124,-0.032851,0.541127,0.838296,-0.069486,0.626866,0.824099,-0.107718,0.710906,0.812324,-0.148014,0.495772,0.621038,-0.075087,0.553011,0.635718,-0.138827,0.600336,0.615578,-0.186337,0.65083,0.592048,-0.221084,0.413456,0.599361,-0.093885,0.495609,0.780767,-0.173008,0.521156,0.886541,-0.200714,0.534895,0.935653,-0.21348,0.331489,0.645054,-0.116443,0.408348,0.84201,-0.186571,0.431088,0.916829,-0.189815,0.442056,0.937743,-0.184521,0.260903,0.728086,-0.143403,0.324476,0.87831,-0.194673,0.352046,0.938759,-0.200172,0.366643,0.951452,-0.197561
1109,36966,True,0.9975,0.9975,0.308903,0.915344,0.0,0.434259,0.879555,-0.032379,0.53698,0.817362,-0.070322,0.622521,0.796588,-0.109641,0.70466,0.78124,-0.149005,0.499203,0.60198,-0.079613,0.552821,0.608643,-0.148473,0.602007,0.592692,-0.19802,0.65283,0.572187,-0.233518,0.414422,0.582709,-0.098719,0.494927,0.773905,-0.180657,0.52657,0.885784,-0.204301,0.541676,0.935319,-0.213297,0.332204,0.63465,-0.121978,0.417185,0.854472,-0.190446,0.435884,0.920344,-0.184,0.435507,0.9223,-0.171967,0.263979,0.724614,-0.150376,0.339175,0.89096,-0.198504,0.357593,0.934936,-0.198227,0.353448,0.922225,-0.190818
1110,37000,True,0.9988,0.9988,0.311972,0.915133,0.0,0.435539,0.877647,-0.030938,0.536562,0.809835,-0.067351,0.618944,0.782495,-0.105214,0.699945,0.767267,-0.143687,0.491852,0.592192,-0.076283,0.548604,0.598748,-0.141756,0.598472,0.584959,-0.188297,0.649011,0.566816,-0.221333,0.407535,0.576443,-0.094969,0.494442,0.758341,-0.1715,0.518173,0.864046,-0.19428,0.526267,0.905019,-0.203878,0.328017,0.630809,-0.117481,0.416427,0.832846,-0.187326,0.439246,0.90773,-0.18518,0.446021,0.922121,-0.175515,0.263913,0.720458,-0.143946,0.341704,0.875108,-0.192428,0.371009,0.928214,-0.193224,0.381375,0.931048,-0.186697
1111,37033,True,0.9985,0.9985,0.307718,0.90469,0.0,0.429825,0.862248,-0.029873,0.531922,0.797188,-0.066228,0.615704,0.778,-0.10465,0.697048,0.773443,-0.144079,0.486231,0.580363,-0.075742,0.542575,0.599734,-0.140307,0.590192,0.590711,-0.186014,0.640635,0.574844,-0.218819,0.401616,0.568989,-0.096489,0.487836,0.75643,-0.1769,0.520318,0.86495,-0.203203,0.538697,0.912079,-0.213855,0.323457,0.625177,-0.120683,0.410787,0.826431,-0.193411,0.441724,0.905142,-0.195678,0.458388,0.928353,-0.187578,0.260331,0.715257,-0.14884,0.338962,0.865767,-0.200126,0.377239,0.926708,-0.204415,0.402018,0.942925,-0.199409
1112,37066,True,0.9977,0.9977,0.305319,0.911609,0.0,0.427719,0.865785,-0.028732,0.530898,0.797019,-0.062833,0.614596,0.774914,-0.098993,0.694214,0.768364,-0.136268,0.481901,0.581321,-0.073362,0.538058,0.596493,-0.134958,0.584927,0.587979,-0.178581,0.634279,0.575404,-0.209699,0.396254,0.569544,-0.092868,0.483691,0.76016,-0.170799,0.517065,0.867328,-0.196176,0.53598,0.91833,-0.206022,0.317684,0.626192,-0.115693,0.405402,0.829346,-0.18495,0.436234,0.904151,-0.189226,0.453588,0.928191,-0.182946,0.254791,0.716878,-0.142384,0.333697,0.869609,-0.191885,0.370478,0.925936,-0.198632,0.394205,0.9388,-0.195479
1113,37100,True,0.9953,0.9953,0.310876,0.916971,0.0,0.430482,0.871451,-0.030219,0.532058,0.802569,-0.065172,0.615304,0.780463,-0.101584,0.69314,0.770676,-0.138959,0.473145,0.582043,-0.0706,0.523292,0.600237,-0.132197,0.569551,0.593712,-0.177208,0.618411,0.582703,-0.209108,0.388759,0.570775,-0.088835,0.479697,0.757915,-0.163555,0.515586,0.867544,-0.187607,0.537068,0.919368,-0.1971,0.311299,0.626584,-0.110763,0.401673,0.83046,-0.176069,0.430351,0.903629,-0.178041,0.445412,0.922311,-0.171453,0.248558,0.715192,-0.137046,0.325647,0.872261,-0.183377,0.360169,0.928163,-0.188094,0.380407,0.936261,-0.18422
1114,37133,True,0.9956,0.9956,0.308077,0.915796,0.0,0.433998,0.874051,-0.02824,0.53586,0.807815,-0.062834,0.616578,0.785278,-0.099731,0.697195,0.774442,-0.137046,0.476842,0.593959,-0.066752,0.521873,0.605615,-0.12937,0.563636,0.599335,-0.174861,0.608145,0.588166,-0.206609,0.389385,0.579739,-0.085595,0.481538,0.768783,-0.160907,0.515326,0.879972,-0.184375,0.532155,0.930498,-0.192513,0.309821,0.634753,-0.108186,0.403014,0.847087,-0.17266,0.428844,0.917714,-0.172011,0.437414,0.92834,-0.163226,0.245999,0.721929,-0.135219,0.32433,0.882418,-0.18003,0.35595,0.938391,-0.181669,0.36932,0.943178,-0.175286
1115,37166,True,0.9918,0.9918,0.321815,0.920437,0.0,0.444173,0.881382,-0.03019,0.545077,0.815963,-0.064976,0.627284,0.797338,-0.102141,0.711581,0.796451,-0.141361,0.477181,0.598816,-0.067596,0.522266,0.609546,-0.126851,0.567752,0.602552,-0.171009,0.617638,0.596496,-0.202334,0.393673,0.592391,-0.085539,0.484836,0.777284,-0.160453,0.523708,0.886083,-0.188981,0.549153,0.944203,-0.201931,0.316691,0.648035,-0.106874,0.407293,0.847318,-0.175824,0.443775,0.923133,-0.187078,0.46738,0.95215,-0.186209,0.253835,0.73385,-0.131808,0.329358,0.879836,-0.181747,0.36803,0.94257,-0.191065,0.39523,0.966782,-0.190696
1116,37200,True,0.9878,0.9878,0.328279,0.900091,0.0,0.4468,0.866553,-0.029074,0.547926,0.815377,-0.066116,0.638315,0.816119,-0.105826,0.728037,0.821635,-0.14694,0.491487,0.605891,-0.068712,0.546442,0.626184,-0.129778,0.599857,0.622187,-0.175618,0.658138,0.625045,-0.20777,0.409953,0.605247,-0.087937,0.511303,0.79062,-0.162832,0.547113,0.897583,-0.188431,0.568057,0.955788,-0.19884,0.336171,0.666824,-0.110577,0.435231,0.87451,-0.174771,0.467379,0.940217,-0.17911,0.483743,0.95851,-0.173753,0.275867,0.757027,-0.137223,0.352694,0.912661,-0.179559,0.382314,0.954279,-0.182707,0.396361,0.950556,-0.178998
1117,37233,True,0.9965,0.9965,0.31945,0.909203,0.0,0.44923,0.879667,-0.016957,0.560815,0.836757,-0.048263,0.653614,0.839604,-0.084255,0.739016,0.835602,-0.122199,0.521445,0.62761,-0.057658,0.590146,0.661602,-0.113377,0.649479,0.674294,-0.15636,0.71148,0.691726,-0.187164,0.44708,0.62775,-0.081406,0.553172,0.826187,-0.144604,0.576741,0.932105,-0.164879,0.587769,0.98546,-0.174616,0.373142,0.686027,-0.107504,0.473482,0.894799,-0.161819,0.479061,0.949955,-0.157554,0.472175,0.954058,-0.148849,0.307083,0.771148,-0.136953,0.388216,0.925804,-0.173251,0.404397,0.957628,-0.16895,0.401339,0.944318,-0.160238
1118,37266,True,0.9992,0.9992,0.335156,0.903566,0.0,0.457654,0.88431,-0.026575,0.570049,0.852705,-0.062905,0.66566,0.861559,-0.101699,0.750882,0.867256,-0.142105,0.553911,0.652209,-0.075811,0.634538,0.722245,-0.139264,0.704382,0.760567,-0.186284,0.766181,0.79908,-0.218475,0.477349,0.654891,-0.096664,0.571307,0.916442,-0.177467,0.582051,1.066765,-0.200646,0.579907,1.149574,-0.20677,0.399017,0.712614,-0.119779,0.491397,0.976659,-0.187732,0.502473,1.069066,-0.17784,0.499827,1.103221,-0.159682,0.327026,0.796716,-0.146843,0.405426,0.983655,-0.190227,0.428652,1.05002,-0.179487,0.433968,1.068342,-0.162394
1119,37300,True,0.9989,0.9989,0.339945,0.867409,0.0,0.459944,0.842917,-0.020449,0.56756,0.832805,-0.052651,0.652371,0.867092,-0.087958,0.7224,0.917766,-0.124223,0.572158,0.663264,-0.071509,0.634672,0.783704,-0.127116,0.683989,0.859651,-0.16521,0.725502,0.925228,-0.189779,0.491843,0.678523,-0.093242,0.551581,0.903336,-0.156783,0.569699,1.025684,-0.175477,0.577867,1.098595,-0.182904,0.410534,0.727939,-0.116131,0.471908,0.965313,-0.172506,0.487972,1.065694,-0.163724,0.489941,1.116575,-0.147952,0.335579,0.795275,-0.142311,0.391232,0.968228,-0.173996,0.412295,1.039173,-0.160066,0.419165,1.071681,-0.142673
1120,37333,True,0.9971,0.9971,0.345811,0.833596,1e-06,0.462407,0.845163,-0.036979,0.571491,0.863143,-0.07866,0.654367,0.905878,-0.118525,0.725635,0.922098,-0.158864,0.578659,0.692238,-0.110048,0.625685,0.860155,-0.176567,0.66257,0.935201,-0.219316,0.695734,0.975306,-0.247431,0.495422,0.699557,-0.126529,0.543769,0.950339,-0.184037,0.551636,0.997738,-0.197987,0.556383,0.986064,-0.211222,0.410324,0.738839,-0.14526,0.453488,0.981703,-0.194337,0.460178,1.018475,-0.178642,0.461568,1.003328,-0.167601,0.327519,0.791468,-0.169394,0.369591,0.982308,-0.206328,0.388557,1.025794,-0.196586,0.395574,1.026571,-0.186382
1121,37366,True,0.9902,0.9902,0.330224,0.823034,0.0,0.436749,0.843277,-0.035163,0.549868,0.878696,-0.07183,0.636088,0.919786,-0.104655,0.70032,0.895187,-0.13855,0.563589,0.719616,-0.113737,0.596096,0.917955,-0.169361,0.60771,0.980634,-0.198066,0.616609,0.991678,-0.215868,0.481376,0.719919,-0.127895,0.52093,0.970579,-0.170624,0.518336,1.011124,-0.175222,0.513579,0.994085,-0.18496,0.394828,0.746853,-0.142924,0.425738,0.986391,-0.182695,0.424803,1.033274,-0.166912,0.421051,1.026741,-0.159118,0.309215,0.784688,-0.162132,0.334929,0.97792,-0.195461,0.342322,1.034811,-0.186913,0.339882,1.045572,-0.179901
1122,37400,True,0.9987,0.9987,0.325748,0.791112,1e-06,0.425377,0.796946,-0.031925,0.538339,0.849023,-0.080459,0.624876,0.931887,-0.125995,0.704061,0.952196,-0.177624,0.525025,0.716311,-0.148519,0.597299,0.870501,-0.218637,0.664474,0.956345,-0.26506,0.715656,1.02375,-0.297529,0.442764,0.71754,-0.171754,0.498526,0.959836,-0.235199,0.517257,1.059814,-0.243703,0.521931,1.103582,-0.256168,0.356055,0.756595,-0.194275,0.400729,0.990739,-0.245762,0.414947,1.076885,-0.220578,0.415645,1.104092,-0.207011,0.276869,0.810214,-0.22082,0.313069,0.983282,-0.258157,0.330351,1.060773,-0.240284,0.332493,1.089039,-0.228441
1123,37433,True,0.9971,0.9971,0.303851,0.789894,1e-06,0.410668,0.790554,-0.039394,0.516812,0.827593,-0.088039,0.597889,0.89689,-0.130944,0.670043,0.905558,-0.176333,0.489887,0.686292,-0.15828,0.567331,0.829338,-0.226731,0.634815,0.900818,-0.268921,0.692969,0.955539,-0.298723,0.405205,0.692365,-0.174753,0.463402,0.952178,-0.243326,0.47288,1.06249,-0.246997,0.474766,1.123943,-0.252747,0.320061,0.740342,-0.19051,0.373363,0.999774,-0.24681,0.39384,1.082191,-0.22015,0.399983,1.108964,-0.202632,0.244775,0.805658,-0.210497,0.294372,0.998831,-0.251934,0.314941,1.060806,-0.235522,0.318141,1.076411,-0.22281
1124,37466,True,0.9982,0.9982,0.289331,0.826999,1e-06,0.401424,0.825658,-0.048026,0.511661,0.824266,-0.092003,0.593304,0.865541,-0.130091,0.662434,0.875136,-0.168321,0.478278,0.645942,-0.136198,0.544961,0.736497,-0.20207,0.602298,0.797172,-0.243903,0.652007,0.849507,-0.273632,0.395491,0.646309,-0.146136,0.45137,0.902542,-0.212559,0.475153,1.00644,-0.222941,0.491173,1.055742,-0.232462,0.30772,0.700721,-0.158142,0.357303,0.973905,-0.215196,0.395806,1.044294,-0.197888,0.420564,1.060527,-0.184993,0.229069,0.78055,-0.17541,0.277231,0.976,-0.221277,0.311776,1.023342,-0.213793,0.329335,1.026149,-0.204691
1125,37500,True,0.9989,0.9989,0.3192,0.903714,1e-06,0.420836,0.883368,-0.048161,0.51753,0.839544,-0.092535,0.600951,0.840387,-0.131266,0.667878,0.823083,-0.167026,0.475396,0.630183,-0.108498,0.480602,0.647132,-0.175262,0.511308,0.653302,-0.223917,0.548486,0.666929,-0.259683,0.387554,0.616103,-0.11864,0.448754,0.830792,-0.201846,0.476888,0.952996,-0.228137,0.495873,1.024186,-0.240267,0.304327,0.666867,-0.131339,0.367604,0.929553,-0.193158,0.398822,0.992598,-0.180642,0.41395,0.999213,-0.167319,0.233164,0.753894,-0.150468,0.280166,0.943082,-0.194603,0.31341,0.979649,-0.190281,0.33087,0.962154,-0.181523
1126,37533,True,0.9862,0.9862,0.325582,0.904992,0.0,0.429987,0.880666,-0.036264,0.518162,0.831572,-0.077204,0.602936,0.824139,-0.118358,0.688058,0.821937,-0.159212,0.474311,0.621378,-0.085451,0.503163,0.656602,-0.147489,0.535221,0.645432,-0.193639,0.579779,0.632178,-0.227888,0.387152,0.600837,-0.100544,0.461752,0.844824,-0.182388,0.496347,0.968334,-0.206173,0.526713,1.037746,-0.214364,0.305295,0.650455,-0.118556,0.387483,0.906853,-0.179892,0.407021,0.962351,-0.174452,0.418325,0.966684,-0.165456,0.235751,0.735365,-0.142572,0.294678,0.925021,-0.189523,0.313287,0.963144,-0.194144,0.318864,0.946939,-0.190727
1127,37566,True,0.9856,0.9856,0.338002,0.896369,0.0,0.438664,0.881043,-0.03921,0.525352,0.834073,-0.081275,0.610857,0.833408,-0.123878,0.69818,0.830789,-0.166065,0.473387,0.625735,-0.085788,0.505763,0.661626,-0.151479,0.544216,0.654423,-0.199503,0.593907,0.645943,-0.233297,0.389447,0.610173,-0.100032,0.479178,0.855421,-0.181486,0.507115,0.972828,-0.202811,0.527138,1.026821,-0.208473,0.310593,0.661683,-0.118257,0.398092,0.914388,-0.180035,0.405002,0.954747,-0.170727,0.404133,0.936879,-0.157585,0.240688,0.74309,-0.142927,0.300814,0.928365,-0.188518,0.313253,0.956571,-0.188761,0.310519,0.930333,-0.181168
1128,37600,True,0.9627,0.9627,0.37643,0.864979,0.0,0.463838,0.859246,-0.047739,0.54006,0.837705,-0.090274,0.61138,0.851191,-0.132093,0.690576,0.846334,-0.173237,0.499525,0.633871,-0.098216,0.560192,0.740394,-0.170809,0.6083,0.774385,-0.221794,0.651863,0.787957,-0.253485,0.408297,0.628741,-0.105178,0.471215,0.884981,-0.160948,0.472793,0.912162,-0.172766,0.46008,0.873704,-0.182264,0.322459,0.683286,-0.117999,0.382298,0.947246,-0.16157,0.386254,0.948663,-0.143423,0.379871,0.887605,-0.12914,0.246614,0.755162,-0.13912,0.292536,0.954622,-0.175221,0.304093,0.960225,-0.168629,0.296742,0.909314,-0.157231
1129,37633,True,0.9605,0.9605,0.358349,0.90235,-0.0,0.447516,0.894923,-0.047078,0.530443,0.878256,-0.090452,0.612414,0.881565,-0.134768,0.695114,0.878317,-0.179769,0.502323,0.670017,-0.093264,0.553631,0.806154,-0.166132,0.593598,0.877191,-0.216843,0.630338,0.918492,-0.246666,0.406504,0.672758,-0.102136,0.469592,0.93783,-0.164659,0.466257,1.008098,-0.184876,0.44903,1.005941,-0.198404,0.314987,0.723103,-0.115591,0.37426,0.993689,-0.16901,0.370484,1.055732,-0.161068,0.353504,1.048994,-0.150378,0.233093,0.788742,-0.135692,0.277033,0.991226,-0.169054,0.287339,1.045598,-0.159179,0.274288,1.042525,-0.145594
1130,37666,True,0.97,0.97,0.363095,0.87492,-0.0,0.454835,0.869354,-0.048978,0.530393,0.879372,-0.09934,0.606611,0.909316,-0.149212,0.691915,0.942702,-0.200159,0.504175,0.689136,-0.120461,0.550486,0.878174,-0.195633,0.581292,0.986647,-0.243204,0.604116,1.050409,-0.269501,0.401394,0.701508,-0.129595,0.457872,0.969316,-0.190442,0.487909,1.064865,-0.203379,0.502848,1.097028,-0.214081,0.306389,0.750705,-0.141961,0.367447,1.003018,-0.188891,0.395368,1.061832,-0.178564,0.403536,1.063906,-0.170463,0.228324,0.812674,-0.160849,0.262099,0.991475,-0.187862,0.281976,1.031734,-0.177594,0.281703,1.029168,-0.167867
1131,37700,True,0.7303,0.7303,0.351151,0.752477,-0.0,0.415973,0.80497,-0.063705,0.470311,0.853407,-0.120043,0.53431,0.907973,-0.1707,0.637628,0.961138,-0.223331,0.388957,0.747706,-0.15454,0.395794,0.958984,-0.221637,0.419806,1.039491,-0.261254,0.439526,1.046727,-0.286772,0.339842,0.751161,-0.153647,0.391006,0.999297,-0.204804,0.425279,1.060646,-0.217251,0.452167,1.045523,-0.23524,0.307884,0.773673,-0.152517,0.373009,1.002416,-0.208692,0.420222,1.057688,-0.205376,0.451877,1.054181,-0.204057,0.279103,0.80507,-0.156958,0.35609,0.968451,-0.199277,0.410519,1.023378,-0.19268,0.449118,1.040215,-0.18746
1132,37733,False,0.0,0.0,0.0,0.0,0.0,0.0,0.0,0.0,0.0,0.0,0.0,0.0,0.0,0.0,0.0,0.0,0.0,0.0,0.0,0.0,0.0,0.0,0.0,0.0,0.0,0.0,0.0,0.0,0.0,0.0,0.0,0.0,0.0,0.0,0.0,0.0,0.0,0.0,0.0,0.0,0.0,0.0,0.0,0.0,0.0,0.0,0.0,0.0,0.0,0.0,0.0,0.0,0.0,0.0,0.0,0.0,0.0,0.0,0.0,0.0,0.0,0.0,0.0,0.0,0.0
1133,37766,True,0.9997,0.9997,0.293226,0.744172,1e-06,0.389243,0.771211,-0.036226,0.48914,0.832053,-0.084607,0.558484,0.914473,-0.127245,0.62636,0.960058,-0.174106,0.482815,0.688113,-0.149542,0.530257,0.83974,-0.223992,0.560607,0.943893,-0.272771,0.580079,1.018241,-0.305082,0.4041,0.686976,-0.168611,0.44972,0.903778,-0.238555,0.470972,1.040402,-0.259851,0.479524,1.127558,-0.278564,0.320768,0.721717,-0.186384,0.364378,0.928687,-0.245312,0.378304,1.037967,-0.237004,0.379714,1.091285,-0.231707,0.245766,0.770911,-0.206401,0.278306,0.925733,-0.24831,0.295929,1.007664,-0.23962,0.298229,1.051152,-0.232834
1134,37800,True,0.9992,0.9992,0.266464,0.752911,1e-06,0.379237,0.777388,-0.052728,0.477813,0.824736,-0.107661,0.553787,0.891285,-0.154181,0.628208,0.906352,-0.197715,0.433341,0.647168,-0.163718,0.449696,0.831753,-0.230124,0.443405,0.933908,-0.259705,0.437661,0.968536,-0.27498,0.33815,0.66536,-0.170665,0.371555,0.909336,-0.220405,0.384941,1.031296,-0.214134,0.393573,1.092484,-0.214891,0.255008,0.719047,-0.178677,0.297668,0.954669,-0.222449,0.322374,1.051517,-0.186957,0.326601,1.084684,-0.162684,0.187513,0.784505,-0.192151,0.233731,0.961575,-0.228569,0.263527,1.024969,-0.207291,0.268514,1.043861,-0.188108
1135,37833,True,0.9993,0.9993,0.272563,0.805418,0.0,0.381104,0.803505,-0.050915,0.479646,0.803009,-0.095641,0.565319,0.837499,-0.13368,0.639526,0.848363,-0.166689,0.436841,0.621214,-0.128347,0.424468,0.730025,-0.188544,0.419985,0.813416,-0.220485,0.410945,0.850788,-0.240202,0.337355,0.628213,-0.13582,0.345229,0.841762,-0.196031,0.381423,0.981853,-0.209321,0.400117,1.06021,-0.220571,0.249394,0.679158,-0.144582,0.272575,0.913595,-0.196897,0.308773,1.01568,-0.184281,0.320574,1.054299,-0.174268,0.177535,0.748505,-0.15856,0.204154,0.925863,-0.194843,0.2349,0.992434,-0.185077,0.245895,1.01348,-0.174949
1136,37866,True,0.9918,0.9918,0.295135,0.8749,0.0,0.389671,0.862157,-0.046247,0.47157,0.819368,-0.092776,0.560456,0.822896,-0.136004,0.6448,0.819425,-0.176552,0.41228,0.638147,-0.12194,0.425523,0.632792,-0.189047,0.444185,0.623923,-0.235492,0.464631,0.620653,-0.269063,0.318181,0.606042,-0.132868,0.37978,0.875883,-0.215591,0.427133,0.992362,-0.238335,0.460073,1.058421,-0.249229,0.232721,0.654636,-0.144941,0.30982,0.940637,-0.20571,0.355442,1.005811,-0.191282,0.383686,1.024904,-0.178073,0.165401,0.738069,-0.163863,0.215414,0.930837,-0.213054,0.246455,0.970421,-0.209315,0.264096,0.966662,-0.199712
1137,37900,True,0.9895,0.9895,0.317701,0.85871,0.0,0.399722,0.864509,-0.061103,0.484923,0.83779,-0.112643,0.570087,0.832769,-0.162,0.650238,0.828305,-0.206374,0.427276,0.62767,-0.124124,0.43251,0.643879,-0.200095,0.434637,0.630534,-0.244524,0.441923,0.609867,-0.270395,0.318601,0.590231,-0.124111,0.365352,0.911945,-0.197237,0.417615,0.950289,-0.200209,0.446219,0.935693,-0.19392,0.231646,0.641784,-0.130157,0.298103,0.954988,-0.181288,0.347335,0.967899,-0.141098,0.370816,0.939422,-0.103404,0.163113,0.722738,-0.14708,0.221544,0.942164,-0.190377,0.25244,0.960839,-0.175538,0.262269,0.933843,-0.149342
1138,37933,True,0.9775,0.9775,0.311971,0.869428,-1e-06,0.399826,0.867618,-0.067862,0.484482,0.857227,-0.126222,0.573866,0.858786,-0.180274,0.658976,0.843916,-0.232846,0.421379,0.617824,-0.13276,0.434511,0.846977,-0.215962,0.443164,0.9802,-0.267447,0.453635,1.046164,-0.294101,0.319129,0.634079,-0.133017,0.354528,0.917205,-0.196958,0.379154,1.022791,-0.211676,0.393707,1.0595,-0.221349,0.234399,0.688744,-0.138456,0.281612,0.948721,-0.190992,0.311185,1.021657,-0.182327,0.324651,1.032592,-0.172485,0.162614,0.760504,-0.15207,0.199185,0.937817,-0.185693,0.22907,1.001402,-0.17683,0.240469,1.014013,-0.16478
1139,37966,True,0.9898,0.9898,0.315621,0.889345,-1e-06,0.409111,0.887255,-0.058101,0.496503,0.892111,-0.116213,0.577941,0.905052,-0.173815,0.663787,0.903654,-0.231569,0.439509,0.659078,-0.131955,0.460036,0.858847,-0.221505,0.473791,0.988034,-0.276842,0.484294,1.054523,-0.305507,0.332274,0.671574,-0.139035,0.363566,0.932605,-0.212605,0.386777,1.052828,-0.228816,0.399775,1.104008,-0.238024,0.240577,0.721542,-0.150441,0.280604,0.973367,-0.209085,0.307624,1.069584,-0.19938,0.318536,1.10606,-0.187975,0.166214,0.788797,-0.169139,0.196696,0.978867,-0.201426,0.223781,1.057321,-0.189523,0.235062,1.085775,-0.175988
1140,38000,True,0.9589,0.9589,0.309225,0.828494,-1e-06,0.407947,0.849278,-0.067974,0.498678,0.893481,-0.134771,0.575675,0.933687,-0.196303,0.64898,0.950632,-0.257263,0.438112,0.69786,-0.164633,0.472167,0.934258,-0.252868,0.491314,1.05648,-0.306284,0.496607,1.106308,-0.335027,0.329465,0.713622,-0.166294,0.375461,0.993848,-0.232014,0.404922,1.071275,-0.243548,0.414792,1.079919,-0.256819,0.236575,0.758994,-0.170647,0.290747,1.014981,-0.21662,0.32377,1.06541,-0.196339,0.332318,1.064023,-0.184962,0.161127,0.814919,-0.184032,0.197211,1.002788,-0.207995,0.224856,1.039906,-0.189298,0.229189,1.035529,-0.176078
1141,38033,True,0.9096,0.9096,0.291323,0.78319,-0.0,0.399199,0.802839,-0.055021,0.495297,0.867071,-0.115572,0.573063,0.943138,-0.174547,0.636441,0.99277,-0.237831,0.427925,0.704607,-0.155942,0.465302,0.938092,-0.229888,0.487818,1.033077,-0.27568,0.499174,1.052819,-0.30518,0.321014,0.734397,-0.166355,0.377722,1.011153,-0.220248,0.400494,1.07231,-0.230343,0.407441,1.059221,-0.248815,0.227831,0.782689,-0.176973,0.287575,1.028298,-0.221295,0.314466,1.075023,-0.204772,0.319099,1.065433,-0.199458,0.152241,0.833822,-0.194911,0.197347,1.020004,-0.222387,0.225512,1.062408,-0.205189,0.232051,1.061502,-0.196131
1142,38066,True,0.9746,0.9746,0.286344,0.79312,0.0,0.390477,0.827067,-0.043295,0.483455,0.885411,-0.090029,0.564786,0.949222,-0.135795,0.63984,0.986642,-0.187416,0.437789,0.723277,-0.129582,0.471031,0.9444,-0.202549,0.493622,1.052425,-0.251929,0.511871,1.105084,-0.283796,0.33564,0.738625,-0.14618,0.369678,1.005147,-0.200783,0.40038,1.12081,-0.215673,0.422926,1.171224,-0.236303,0.24105,0.777292,-0.164549,0.27282,1.021818,-0.218428,0.308181,1.119107,-0.208686,0.330386,1.162196,-0.206057,0.162574,0.823555,-0.187285,0.175222,1.013353,-0.222777,0.209137,1.091535,-0.210625,0.232447,1.129313,-0.204465
1143,38100,True,0.9836,0.9836,0.284329,0.794398,1e-06,0.390994,0.817619,-0.053845,0.493212,0.855418,-0.100064,0.576217,0.89767,-0.141552,0.651245,0.902743,-0.185525,0.458498,0.687978,-0.138625,0.482826,0.858885,-0.214834,0.51346,0.936888,-0.262652,0.540977,0.977519,-0.293255,0.358551,0.689971,-0.149607,0.37833,0.952993,-0.228268,0.395178,1.106643,-0.246708,0.404007,1.194273,-0.259771,0.263559,0.726198,-0.16316,0.281054,0.982027,-0.238935,0.297402,1.11294,-0.229229,0.303142,1.180218,-0.216299,0.184231,0.780844,-0.181409,0.196434,0.969472,-0.232763,0.213782,1.04969,-0.226352,0.219031,1.083608,-0.218017
1144,38133,True,0.9801,0.9801,0.292923,0.84271,0.0,0.394952,0.836129,-0.052102,0.490946,0.818432,-0.089455,0.572028,0.835213,-0.121435,0.634865,0.820363,-0.14797,0.449783,0.651145,-0.108992,0.461803,0.771221,-0.169228,0.475633,0.811886,-0.203168,0.486945,0.830938,-0.224492,0.362307,0.656721,-0.114554,0.386542,0.915852,-0.169491,0.390132,0.905982,-0.177994,0.388857,0.852661,-0.187023,0.278688,0.702255,-0.124876,0.305442,0.960715,-0.169434,0.314315,0.922424,-0.15164,0.321106,0.852906,-0.140177,0.2029,0.76233,-0.142999,0.226106,0.966619,-0.185905,0.236145,0.935664,-0.18621,0.23746,0.868225,-0.181495
1145,38166,True,0.9631,0.9631,0.296576,0.900099,0.0,0.402424,0.872693,-0.036613,0.495551,0.822941,-0.070829,0.58669,0.825039,-0.104656,0.669277,0.824198,-0.134492,0.430161,0.61212,-0.076877,0.447757,0.658589,-0.128344,0.46985,0.678239,-0.163059,0.495443,0.688823,-0.188053,0.346374,0.607669,-0.088282,0.399469,0.841,-0.144477,0.412789,0.877612,-0.16317,0.417596,0.859852,-0.175889,0.271487,0.661948,-0.103271,0.333682,0.926916,-0.14824,0.353295,0.943271,-0.143928,0.364104,0.903332,-0.139709,0.205503,0.738765,-0.124378,0.252927,0.945012,-0.159036,0.261241,0.956132,-0.161028,0.258473,0.912674,-0.15818
1146,38200,True,0.986,0.986,0.303766,0.893357,0.0,0.397623,0.863394,-0.038667,0.48893,0.810679,-0.076784,0.57778,0.797362,-0.115778,0.666936,0.793429,-0.15575,0.450283,0.618896,-0.094709,0.505657,0.621536,-0.150987,0.546532,0.582844,-0.189857,0.596323,0.543338,-0.218542,0.361963,0.59737,-0.106471,0.442005,0.835518,-0.180791,0.485032,0.937789,-0.198028,0.518486,1.001378,-0.201647,0.279711,0.651565,-0.120621,0.367056,0.900001,-0.182365,0.403246,0.956665,-0.175871,0.42445,0.980261,-0.162845,0.213055,0.737111,-0.140558,0.274072,0.907114,-0.189618,0.295235,0.949247,-0.193596,0.302168,0.957432,-0.186945
1147,38233,True,0.991,0.991,0.322292,0.880388,0.0,0.411485,0.866039,-0.049689,0.497873,0.820101,-0.097302,0.584994,0.81285,-0.143826,0.677414,0.813448,-0.192263,0.463006,0.632155,-0.11449,0.513661,0.634664,-0.185149,0.559864,0.589869,-0.23437,0.613258,0.547547,-0.269506,0.374714,0.604926,-0.126539,0.450548,0.840866,-0.220533,0.496835,0.971355,-0.245531,0.532299,1.053326,-0.250634,0.291748,0.654467,-0.141491,0.362004,0.890383,-0.214615,0.392954,0.957189,-0.208829,0.413787,0.983684,-0.194924,0.223096,0.738794,-0.163092,0.265107,0.901261,-0.21533,0.29063,0.949336,-0.216756,0.30634,0.960621,-0.208599
1148,38266,True,0.9844,0.9844,0.332923,0.874536,0.0,0.421112,0.865658,-0.051921,0.502283,0.828777,-0.098232,0.586196,0.834394,-0.143242,0.674257,0.834689,-0.188789,0.466139,0.641835,-0.111217,0.52223,0.662976,-0.180611,0.571037,0.620308,-0.229848,0.624,0.572673,-0.265014,0.375646,0.611638,-0.118952,0.447195,0.874308,-0.194016,0.475776,0.950614,-0.208119,0.488627,0.967662,-0.212409,0.292105,0.661135,-0.131308,0.36826,0.93341,-0.189003,0.385166,0.956726,-0.167907,0.385822,0.926917,-0.14795,0.221491,0.741103,-0.152127,0.275901,0.938035,-0.198335,0.290017,0.961805,-0.192771,0.283476,0.933841,-0.18002
1149,38300,True,0.985,0.985,0.33321,0.900429,0.0,0.422043,0.89162,-0.049779,0.507738,0.852605,-0.094918,0.595136,0.855789,-0.140315,0.683744,0.85501,-0.185243,0.469352,0.653061,-0.105406,0.520837,0.666619,-0.179268,0.566796,0.632194,-0.230281,0.61893,0.589615,-0.265258,0.374943,0.614547,-0.114134,0.443204,0.887446,-0.192655,0.472888,0.957868,-0.208212,0.487349,0.958472,-0.212274,0.288509,0.662881,-0.12838,0.364091,0.956459,-0.19317,0.399616,1.00297,-0.17392,0.417598,0.988653,-0.15166,0.217021,0.744373,-0.150665,0.272802,0.953221,-0.199942,0.294043,0.984663,-0.194681,0.296028,0.960754,-0.180279
1150,38333,True,0.9778,0.9778,0.33633,0.888783,0.0,0.423798,0.883048,-0.049932,0.5082,0.849705,-0.094073,0.593412,0.852115,-0.137854,0.676859,0.844962,-0.180537,0.456214,0.63995,-0.104535,0.491703,0.649423,-0.17313,0.529674,0.613992,-0.220466,0.575905,0.577599,-0.252602,0.363171,0.607963,-0.111013,0.429589,0.89715,-0.187566,0.465382,0.973169,-0.201813,0.486356,0.985484,-0.204097,0.278909,0.65821,-0.122333,0.35309,0.955706,-0.187367,0.389326,1.003533,-0.168575,0.408924,0.996728,-0.145261,0.20877,0.737551,-0.141159,0.262461,0.951257,-0.19266,0.285715,0.988576,-0.187697,0.290944,0.971179,-0.171814
1151,38366,True,0.9792,0.9792,0.322823,0.881529,0.0,0.411864,0.865512,-0.045616,0.494636,0.825589,-0.091581,0.582006,0.824796,-0.138824,0.671556,0.82475,-0.186125,0.443802,0.634534,-0.109837,0.474375,0.618997,-0.178083,0.505818,0.570882,-0.225274,0.547011,0.519023,-0.259687,0.348415,0.602234,-0.120348,0.415315,0.869079,-0.198093,0.457989,0.946884,-0.212712,0.487565,0.959965,-0.216983,0.262785,0.65232,-0.134576,0.33822,0.936911,-0.196812,0.379631,0.989501,-0.176997,0.404413,0.986249,-0.155745,0.193379,0.731472,-0.156463,0.245474,0.934672,-0.205309,0.267569,0.979045,-0.199439,0.271741,0.968772,-0.185112
1152,38400,True,0.9868,0.9868,0.307818,0.876731,0.0,0.400345,0.855182,-0.043143,0.487151,0.813382,-0.086951,0.573112,0.805107,-0.13257,0.663325,0.806177,-0.17978,0.431302,0.61725,-0.106042,0.464534,0.585663,-0.168715,0.485073,0.530723,-0.210671,0.513022,0.472386,-0.241891,0.332419,0.588157,-0.119336,0.402984,0.825501,-0.197617,0.457173,0.92066,-0.214921,0.496672,0.96099,-0.219931,0.24556,0.642617,-0.13538,0.324933,0.900105,-0.203139,0.381428,0.9685,-0.19544,0.419448,0.995498,-0.180766,0.177457,0.729565,-0.157726,0.236221,0.911898,-0.210408,0.273571,0.971387,-0.21189,0.296594,0.991303,-0.202622
1153,38433,True,0.9902,0.9902,0.314885,0.879789,0.0,0.406722,0.859546,-0.053338,0.492669,0.811287,-0.102742,0.571384,0.791953,-0.151439,0.659942,0.792388,-0.199908,0.428479,0.615417,-0.121179,0.451915,0.571181,-0.194536,0.45618,0.51734,-0.240826,0.466274,0.455555,-0.273183,0.321862,0.582872,-0.130517,0.384902,0.821785,-0.212769,0.437863,0.907253,-0.225774,0.476573,0.929942,-0.226891,0.230928,0.63492,-0.14434,0.31046,0.893648,-0.215673,0.371501,0.949886,-0.201733,0.415865,0.957264,-0.181981,0.161965,0.718557,-0.165774,0.223998,0.905951,-0.221629,0.2622,0.963395,-0.220404,0.289322,0.975387,-0.207456
1154,38466,True,0.9912,0.9912,0.294335,0.895252,-0.0,0.388996,0.870562,-0.048953,0.477792,0.816878,-0.09521,0.555843,0.794889,-0.142864,0.645247,0.784404,-0.190883,0.413484,0.614945,-0.09868,0.434429,0.584436,-0.16347,0.436235,0.542936,-0.206353,0.446113,0.490576,-0.237966,0.307985,0.584554,-0.110037,0.373973,0.812445,-0.18993,0.42693,0.91077,-0.209343,0.467129,0.939607,-0.214,0.22009,0.637867,-0.125481,0.299141,0.885335,-0.194902,0.353645,0.955803,-0.187977,0.392047,0.966767,-0.17303,0.153608,0.722329,-0.147954,0.211287,0.905312,-0.202482,0.24316,0.969383,-0.205121,0.261341,0.981568,-0.195749
1155,38500,True,0.9823,0.9823,0.276498,0.889442,-0.0,0.375149,0.870525,-0.053747,0.463502,0.824776,-0.099278,0.55303,0.809854,-0.145151,0.638574,0.798669,-0.188244,0.400676,0.598294,-0.090902,0.416393,0.636345,-0.152589,0.424837,0.657643,-0.189102,0.439265,0.664927,-0.211324,0.303317,0.592517,-0.096743,0.356193,0.863395,-0.164388,0.403947,0.9403,-0.180072,0.438485,0.949407,-0.1847,0.218735,0.64901,-0.108401,0.289486,0.918935,-0.160251,0.332656,0.962023,-0.148771,0.357287,0.945637,-0.134716,0.148759,0.727,-0.128381,0.206417,0.915491,-0.168168,0.229001,0.960665,-0.16456,0.233307,0.952137,-0.152555
1156,38533,True,0.9897,0.9897,0.296337,0.852972,-0.0,0.385513,0.857118,-0.064012,0.463792,0.849495,-0.118561,0.544611,0.858115,-0.168298,0.628793,0.854551,-0.213814,0.410596,0.611866,-0.124121,0.424777,0.80934,-0.188045,0.436,0.894842,-0.222646,0.446771,0.906276,-0.245018,0.308501,0.622065,-0.126427,0.346331,0.907857,-0.179158,0.371008,0.965373,-0.187366,0.383626,0.947951,-0.197783,0.221506,0.672502,-0.133277,0.273841,0.940147,-0.17422,0.301804,0.969191,-0.158813,0.311794,0.931105,-0.151228,0.149059,0.740068,-0.149012,0.192438,0.93429,-0.180076,0.21355,0.963507,-0.172861,0.213558,0.933984,-0.165817
1157,38566,True,0.9918,0.9918,0.307962,0.890531,-1e-06,0.395089,0.889886,-0.059557,0.472198,0.884841,-0.112103,0.544465,0.896407,-0.161984,0.628815,0.903706,-0.208215,0.418965,0.636948,-0.113941,0.440621,0.815724,-0.190078,0.449607,0.923739,-0.235151,0.456392,0.97379,-0.259472,0.314743,0.64118,-0.116803,0.349246,0.910292,-0.175183,0.374586,0.992739,-0.186519,0.389915,1.002944,-0.195417,0.2258,0.689143,-0.125453,0.269532,0.951938,-0.168864,0.302361,0.999153,-0.157516,0.318764,0.981911,-0.149582,0.152224,0.753461,-0.142616,0.189196,0.947106,-0.16919,0.215759,0.993096,-0.16027,0.223423,0.979559,-0.150832
1158,38600,True,0.9932,0.9932,0.311813,0.874889,-1e-06,0.404189,0.886156,-0.076026,0.486866,0.889281,-0.139638,0.556845,0.909553,-0.196768,0.632762,0.927308,-0.250446,0.427322,0.647272,-0.14672,0.452239,0.85981,-0.233219,0.465112,0.975644,-0.28061,0.474445,1.010778,-0.306048,0.321459,0.656876,-0.144614,0.359829,0.943154,-0.213549,0.381235,1.042979,-0.223816,0.391376,1.046942,-0.23158,0.232553,0.706796,-0.148458,0.276943,0.974768,-0.203626,0.309726,1.036488,-0.190499,0.323908,1.01714,-0.180317,0.159458,0.771118,-0.161421,0.19418,0.967449,-0.194808,0.222389,1.025941,-0.184498,0.230949,1.017787,-0.173904
1159,38633,True,0.994,0.994,0.31963,0.865329,-0.0,0.412077,0.879759,-0.071248,0.495811,0.878129,-0.125545,0.571122,0.897283,-0.171998,0.648988,0.905626,-0.213985,0.433859,0.641826,-0.129791,0.462505,0.856223,-0.19758,0.472507,0.873966,-0.235201,0.476761,0.833287,-0.25939,0.334336,0.65738,-0.126027,0.380867,0.929334,-0.171883,0.393998,0.91223,-0.176878,0.391465,0.833123,-0.187624,0.249952,0.711698,-0.127873,0.294428,0.967307,-0.160207,0.314265,0.94388,-0.138131,0.314076,0.860829,-0.127367,0.178973,0.781213,-0.14073,0.215742,0.968099,-0.167377,0.227556,0.959971,-0.158958,0.214914,0.903009,-0.151869
1160,38666,True,0.9868,0.9868,0.349999,0.8447,0.0,0.439727,0.856762,-0.078862,0.519815,0.859538,-0.140322,0.589529,0.880647,-0.195575,0.646727,0.882014,-0.249139,0.451928,0.629394,-0.139507,0.50212,0.78069,-0.223245,0.545032,0.799376,-0.28007,0.583865,0.784301,-0.31573,0.353173,0.639257,-0.134964,0.418481,0.89371,-0.192805,0.428205,0.891321,-0.204701,0.423368,0.832482,-0.21825,0.268428,0.699164,-0.138231,0.329879,0.943333,-0.181493,0.341547,0.919567,-0.164641,0.34141,0.842323,-0.154848,0.200277,0.773752,-0.15301,0.242399,0.956322,-0.188272,0.247982,0.945473,-0.183359,0.233582,0.888845,-0.176772
1161,38700,True,0.9859,0.9859,0.3702,0.900306,-0.0,0.458562,0.888472,-0.066094,0.531846,0.866841,-0.120846,0.606077,0.86858,-0.172544,0.686416,0.852778,-0.224615,0.471761,0.643432,-0.122866,0.537811,0.759121,-0.200811,0.592894,0.790404,-0.25667,0.642678,0.801057,-0.292347,0.379321,0.65082,-0.124166,0.459522,0.884307,-0.187857,0.482,0.942212,-0.208321,0.488082,0.945564,-0.225287,0.297581,0.714464,-0.13147,0.372998,0.95718,-0.182814,0.38658,0.995057,-0.178891,0.38299,0.978643,-0.175236,0.231595,0.797704,-0.147822,0.27904,0.961773,-0.183777,0.286813,0.99325,-0.182111,0.272046,0.983171,-0.17785
1162,38733,True,0.9751,0.9751,0.381681,0.8849,-0.0,0.468466,0.875907,-0.061028,0.541676,0.861066,-0.11252,0.622618,0.875436,-0.163046,0.69797,0.864003,-0.214173,0.493026,0.642716,-0.109654,0.569283,0.785144,-0.192384,0.626082,0.838406,-0.252411,0.676896,0.86227,-0.288875,0.399784,0.653549,-0.114269,0.474988,0.905953,-0.186893,0.490014,0.979609,-0.21246,0.490684,0.978934,-0.228922,0.314689,0.716745,-0.125,0.385492,0.975933,-0.185961,0.397035,1.044091,-0.180797,0.393164,1.039773,-0.170321,0.243602,0.796564,-0.144048,0.285919,0.974694,-0.183012,0.305299,1.022019,-0.176244,0.304545,1.019384,-0.164695
1163,38766,True,0.9866,0.9866,0.367482,0.893365,-0.0,0.461387,0.889574,-0.059732,0.54137,0.882321,-0.109526,0.616428,0.909427,-0.156147,0.690501,0.903507,-0.201592,0.495269,0.65538,-0.121135,0.562579,0.822435,-0.199104,0.597807,0.867445,-0.251401,0.623494,0.870911,-0.283345,0.398684,0.667752,-0.124145,0.476479,0.928968,-0.178561,0.479677,0.942064,-0.189748,0.464427,0.895134,-0.202602,0.310359,0.729112,-0.132854,0.379193,0.984247,-0.172037,0.383496,0.981292,-0.149985,0.370495,0.923336,-0.136441,0.232936,0.806664,-0.151557,0.285022,0.994966,-0.183792,0.295336,1.001672,-0.172881,0.280442,0.95867,-0.160899
1164,38800,True,0.9905,0.9905,0.360798,0.86451,0.0,0.460186,0.887167,-0.070458,0.541043,0.901399,-0.125202,0.609307,0.929266,-0.173826,0.67304,0.917138,-0.219739,0.470375,0.669939,-0.137186,0.506436,0.808854,-0.213321,0.542099,0.849021,-0.26159,0.574002,0.852732,-0.291062,0.373688,0.678965,-0.135118,0.431154,0.933003,-0.190806,0.444679,0.938956,-0.200904,0.441266,0.886388,-0.212622,0.289048,0.736459,-0.139024,0.347071,0.980283,-0.181369,0.363668,0.965511,-0.161052,0.364399,0.900379,-0.148782,0.217286,0.809037,-0.15324,0.258005,0.992571,-0.192095,0.271334,0.984213,-0.186901,0.264716,0.930355,-0.178497
1165,38833,True,0.9963,0.9963,0.330347,0.864334,-0.0,0.425247,0.885182,-0.085868,0.503943,0.898578,-0.154473,0.576939,0.929132,-0.212649,0.656334,0.939252,-0.265839,0.432363,0.67665,-0.168926,0.449967,0.87478,-0.255837,0.468865,0.933283,-0.304097,0.471577,0.914452,-0.334379,0.329704,0.697154,-0.16452,0.360078,0.958849,-0.230786,0.390181,0.988552,-0.242206,0.394984,0.932632,-0.257798,0.244377,0.75218,-0.166265,0.281687,1.005399,-0.214586,0.317749,1.019158,-0.195889,0.32641,0.959525,-0.188842,0.178752,0.819867,-0.17946,0.208853,1.00869,-0.214321,0.235838,1.029372,-0.20737,0.24002,0.995869,-0.203502
1166,38866,True,0.989,0.989,0.302556,0.867489,-0.0,0.38844,0.8736,-0.071598,0.466933,0.87843,-0.130496,0.543797,0.906534,-0.183779,0.618003,0.924471,-0.233302,0.398491,0.650679,-0.137794,0.411129,0.84693,-0.219684,0.42596,0.96494,-0.265575,0.437273,1.007649,-0.289475,0.297603,0.665202,-0.134962,0.318357,0.923151,-0.189917,0.349782,0.98119,-0.197887,0.370688,0.964319,-0.207797,0.215816,0.71478,-0.138233,0.247045,0.965648,-0.178655,0.285366,1.002457,-0.162241,0.309382,0.976016,-0.152764,0.15111,0.777546,-0.151614,0.17717,0.9647,-0.179715,0.214643,1.009932,-0.168761,0.238406,1.003116,-0.157744
1167,38900,True,0.992,0.992,0.271607,0.915094,-0.0,0.360581,0.907925,-0.066608,0.44198,0.876145,-0.11883,0.528946,0.882965,-0.168186,0.610849,0.877325,-0.214585,0.376477,0.637088,-0.108306,0.388676,0.728669,-0.187847,0.391927,0.79525,-0.23662,0.397057,0.816277,-0.26534,0.279753,0.637051,-0.108384,0.302095,0.877309,-0.184507,0.345967,0.988924,-0.203208,0.381057,1.011282,-0.210324,0.196038,0.689917,-0.115809,0.23257,0.942243,-0.17805,0.278351,1.019073,-0.171548,0.309798,1.019841,-0.160363,0.128638,0.761429,-0.131792,0.159821,0.955607,-0.178711,0.206246,1.026432,-0.178514,0.237829,1.031315,-0.169267
1168,38933,True,0.9884,0.9884,0.255711,0.902421,-0.0,0.348338,0.88482,-0.04916,0.437058,0.840923,-0.096861,0.521114,0.82543,-0.14551,0.603907,0.816717,-0.192832,0.378481,0.638244,-0.11024,0.379168,0.601133,-0.180953,0.364032,0.586787,-0.223598,0.350321,0.583723,-0.24919,0.275654,0.596558,-0.116192,0.306571,0.845067,-0.202094,0.355673,0.967638,-0.21728,0.393678,1.041973,-0.212998,0.186187,0.637011,-0.12551,0.24121,0.909407,-0.189161,0.28741,0.999559,-0.169415,0.316509,1.048713,-0.142126,0.115216,0.710296,-0.142569,0.162092,0.92051,-0.192785,0.200265,0.99313,-0.18804,0.221813,1.017964,-0.168931
1169,38966,True,0.9902,0.9902,0.278263,0.877851,-0.0,0.356936,0.877654,-0.052366,0.439415,0.82712,-0.100141,0.513459,0.796563,-0.146552,0.592769,0.791797,-0.190274,0.386525,0.639608,-0.126673,0.392602,0.547754,-0.20922,0.37224,0.475771,-0.260693,0.354842,0.419625,-0.290977,0.28047,0.580322,-0.129625,0.310217,0.811218,-0.211289,0.364134,0.891923,-0.214727,0.404632,0.942272,-0.204392,0.190272,0.622605,-0.137064,0.242501,0.876187,-0.20738,0.290523,0.929549,-0.179405,0.321662,0.952085,-0.144955,0.12254,0.699431,-0.15192,0.162963,0.879931,-0.207577,0.197779,0.935266,-0.197087,0.220714,0.95211,-0.172988
1170,39000,True,0.9916,0.9916,0.287988,0.86043,0.0,0.367303,0.856324,-0.052885,0.452898,0.80503,-0.102018,0.528184,0.778094,-0.150667,0.607479,0.763914,-0.198402,0.387468,0.611957,-0.128618,0.39207,0.501954,-0.205134,0.376986,0.417769,-0.249473,0.366182,0.341122,-0.277612,0.281037,0.564419,-0.133837,0.323201,0.785111,-0.219121,0.377144,0.881499,-0.223841,0.41856,0.938136,-0.213187,0.195413,0.615211,-0.14277,0.262192,0.854339,-0.218839,0.322724,0.919145,-0.196852,0.363256,0.951013,-0.165395,0.133403,0.698922,-0.158405,0.186485,0.881063,-0.217934,0.234372,0.945887,-0.211175,0.268183,0.971489,-0.189274
1171,39033,True,0.9892,0.9892,0.299267,0.864077,0.0,0.381075,0.852512,-0.053779,0.460197,0.805656,-0.105474,0.536434,0.779392,-0.157621,0.622229,0.760574,-0.210917,0.395847,0.605425,-0.131528,0.404931,0.494484,-0.208998,0.39835,0.4054,-0.256993,0.394165,0.320173,-0.289418,0.291312,0.562127,-0.137239,0.332861,0.78667,-0.226503,0.391252,0.895674,-0.236493,0.436607,0.955999,-0.231004,0.204598,0.614035,-0.14629,0.26415,0.846954,-0.223296,0.327728,0.918863,-0.205169,0.374491,0.959991,-0.178197,0.141836,0.699105,-0.162257,0.191306,0.868066,-0.222043,0.242495,0.937465,-0.217975,0.28169,0.972319,-0.199767
1172,39066,True,0.9896,0.9896,0.298311,0.902379,-0.0,0.385284,0.880371,-0.053082,0.471872,0.828099,-0.104221,0.551774,0.797483,-0.15611,0.637313,0.783736,-0.209562,0.410497,0.629181,-0.127614,0.417787,0.52904,-0.203752,0.408655,0.445004,-0.252612,0.403955,0.365341,-0.285073,0.303397,0.587413,-0.132883,0.348264,0.804712,-0.224432,0.400285,0.923612,-0.239634,0.440876,0.990442,-0.236763,0.214722,0.633896,-0.140876,0.277246,0.860562,-0.219566,0.336934,0.948266,-0.20928,0.38226,1.004341,-0.186541,0.149731,0.71157,-0.15504,0.201793,0.870909,-0.210778,0.248501,0.945361,-0.207738,0.284142,0.987105,-0.191285
1173,39100,True,0.992,0.992,0.295256,0.896494,-1e-06,0.381449,0.883471,-0.069684,0.462472,0.84757,-0.128919,0.554363,0.845035,-0.185718,0.64835,0.847079,-0.238946,0.400668,0.603378,-0.117006,0.408432,0.702417,-0.202339,0.411368,0.770907,-0.255412,0.418027,0.802018,-0.284914,0.302618,0.611804,-0.119161,0.336632,0.866859,-0.200908,0.364596,0.964005,-0.222716,0.382292,0.979026,-0.231409,0.219375,0.665906,-0.128795,0.268837,0.92527,-0.192295,0.299001,0.998675,-0.184416,0.311704,1.001128,-0.171416,0.1506,0.73682,-0.147694,0.193096,0.927308,-0.186107,0.221694,0.990836,-0.179439,0.232556,0.992139,-0.166939
1174,39133,True,0.992,0.992,0.306661,0.909747,-1e-06,0.39871,0.91124,-0.069184,0.487426,0.909572,-0.129664,0.572858,0.930055,-0.186499,0.656671,0.929756,-0.242376,0.426045,0.660796,-0.136842,0.434256,0.851297,-0.217323,0.438732,0.960457,-0.263813,0.444377,0.998716,-0.290281,0.320453,0.667222,-0.138655,0.341447,0.910311,-0.21284,0.353645,1.024146,-0.230376,0.359556,1.06337,-0.239706,0.230732,0.713647,-0.144779,0.257626,0.950193,-0.207447,0.280642,1.044407,-0.202032,0.291112,1.071028,-0.192975,0.157856,0.780786,-0.158663,0.180952,0.960184,-0.199646,0.209229,1.042745,-0.194339,0.224858,1.067145,-0.184543
1175,39166,True,0.9628,0.9628,0.311487,0.832623,-1e-06,0.411941,0.846396,-0.065065,0.506301,0.890235,-0.130807,0.575,0.948795,-0.194383,0.621878,0.994352,-0.260806,0.431273,0.692806,-0.161328,0.453301,0.920914,-0.25194,0.466768,1.049676,-0.308823,0.471229,1.103425,-0.340907,0.319926,0.708092,-0.165786,0.352583,0.974562,-0.238699,0.371685,1.087483,-0.255446,0.37808,1.126569,-0.269844,0.226344,0.753716,-0.172395,0.262718,1.004144,-0.22809,0.287901,1.094481,-0.215301,0.296051,1.124213,-0.205601,0.15216,0.811929,-0.187166,0.181566,1.005085,-0.21675,0.210994,1.075626,-0.202009,0.223603,1.100508,-0.19043
1176,39200,True,0.9256,0.9256,0.298484,0.714252,-0.0,0.403719,0.748392,-0.055812,0.500869,0.844885,-0.121103,0.565533,0.945519,-0.185907,0.576574,1.026909,-0.256967,0.424699,0.723771,-0.173892,0.46548,0.955908,-0.256275,0.487464,1.07052,-0.306436,0.48956,1.124386,-0.335623,0.317187,0.747628,-0.184258,0.362702,1.007107,-0.247717,0.383258,1.092699,-0.260426,0.387393,1.118231,-0.277394,0.223686,0.786651,-0.19302,0.27127,1.024637,-0.243758,0.295202,1.102583,-0.228255,0.303063,1.129684,-0.219881,0.150572,0.832185,-0.209047,0.18744,1.022614,-0.237193,0.216894,1.086822,-0.216914,0.2301,1.114003,-0.204614
1177,39233,True,0.9935,0.9935,0.321579,0.794641,1e-06,0.408118,0.82138,-0.060885,0.486854,0.891865,-0.12488,0.53764,0.963455,-0.170875,0.594954,1.016454,-0.217669,0.439841,0.746859,-0.235059,0.47735,0.945903,-0.306123,0.489304,1.074605,-0.332855,0.491978,1.163228,-0.344743,0.334676,0.743386,-0.232898,0.36749,1.002693,-0.29808,0.382191,1.113594,-0.294094,0.389267,1.177763,-0.29163,0.243769,0.771459,-0.224111,0.271406,1.029369,-0.271156,0.292391,1.129574,-0.241439,0.304747,1.179445,-0.220729,0.176582,0.818482,-0.217598,0.198561,1.010014,-0.246491,0.215023,1.096041,-0.224775,0.22757,1.141182,-0.209722
1178,39266,True,0.977,0.977,0.295663,0.86994,-0.0,0.38674,0.876649,-0.053698,0.460943,0.895894,-0.10242,0.538162,0.926445,-0.148042,0.620007,0.946161,-0.195318,0.433878,0.69845,-0.121647,0.439788,0.903612,-0.191933,0.446515,0.976378,-0.236987,0.453002,0.992078,-0.264266,0.332913,0.707188,-0.127594,0.355082,0.970768,-0.183321,0.374218,1.058048,-0.196697,0.384474,1.080792,-0.210919,0.241423,0.746376,-0.136519,0.2719,0.994429,-0.188207,0.297003,1.06604,-0.178661,0.30706,1.077269,-0.171844,0.162302,0.79784,-0.151751,0.188508,0.986789,-0.186948,0.218546,1.053394,-0.177258,0.231982,1.074639,-0.167867
1179,39300,True,0.9654,0.9654,0.2972,0.860716,-0.0,0.383422,0.870686,-0.059969,0.4619,0.8758,-0.110837,0.551532,0.89605,-0.1582,0.636891,0.900893,-0.204731,0.409168,0.671618,-0.120016,0.436263,0.829688,-0.185414,0.467269,0.893042,-0.224743,0.499021,0.912507,-0.249157,0.315364,0.673241,-0.121311,0.36016,0.948647,-0.178315,0.383368,1.029601,-0.190393,0.39954,1.036425,-0.201854,0.231705,0.712597,-0.126407,0.287911,0.982601,-0.177856,0.305898,1.044642,-0.167091,0.313745,1.040348,-0.158635,0.161284,0.766598,-0.138888,0.200354,0.972568,-0.178632,0.222212,1.026371,-0.173646,0.22675,1.026349,-0.165716
1180,39333,True,0.9826,0.9826,0.279619,0.868061,0.0,0.375701,0.869844,-0.055858,0.46083,0.842339,-0.101554,0.550489,0.854994,-0.145544,0.633642,0.84834,-0.187295,0.389635,0.64902,-0.109666,0.398908,0.682585,-0.17328,0.404256,0.668684,-0.213115,0.415765,0.642152,-0.239925,0.291974,0.62787,-0.112662,0.338755,0.919127,-0.175468,0.374412,0.956813,-0.181619,0.395703,0.929303,-0.18228,0.208861,0.67783,-0.121227,0.271327,0.9604,-0.167489,0.30163,0.962481,-0.1352,0.317359,0.912539,-0.108394,0.141123,0.750026,-0.139982,0.192186,0.954356,-0.188048,0.217797,0.972902,-0.178942,0.225649,0.938029,-0.16015
1181,39366,True,0.9909,0.9909,0.260339,0.887591,-0.0,0.357815,0.86272,-0.048241,0.440647,0.82042,-0.092287,0.526482,0.815073,-0.137448,0.610922,0.806237,-0.18088,0.367674,0.610642,-0.100057,0.378292,0.614279,-0.160841,0.365857,0.636149,-0.198406,0.354286,0.650423,-0.222379,0.268257,0.600909,-0.1071,0.316051,0.851307,-0.178934,0.371767,0.959849,-0.194403,0.41357,1.011712,-0.197055,0.184178,0.657194,-0.117621,0.253421,0.91503,-0.166965,0.303394,0.983838,-0.14985,0.332586,1.0083,-0.131629,0.117404,0.737587,-0.136365,0.173615,0.931386,-0.175966,0.216458,0.989402,-0.169065,0.240269,1.005179,-0.153694
1182,39400,True,0.991,0.991,0.243126,0.873753,-0.0,0.34078,0.841706,-0.043334,0.419139,0.789783,-0.088556,0.501929,0.786736,-0.135776,0.590366,0.788182,-0.182138,0.348793,0.621972,-0.103887,0.342946,0.58789,-0.177672,0.31939,0.569292,-0.22739,0.296041,0.562315,-0.258627,0.241145,0.601249,-0.114784,0.27913,0.834186,-0.196423,0.346119,0.939545,-0.215652,0.403944,0.999216,-0.219421,0.155381,0.655199,-0.129253,0.225375,0.910459,-0.188357,0.289622,0.972372,-0.172577,0.337072,0.996686,-0.153246,0.093491,0.736324,-0.151652,0.15113,0.921792,-0.198468,0.199799,0.971573,-0.19448,0.233009,0.980118,-0.18059
1183,39433,True,0.9964,0.9964,0.230528,0.879495,-0.0,0.323375,0.861195,-0.062686,0.4056,0.810959,-0.115051,0.492337,0.810793,-0.164869,0.580227,0.80197,-0.210675,0.321268,0.626395,-0.123656,0.30422,0.595161,-0.192753,0.269196,0.582506,-0.234182,0.228797,0.57512,-0.261119,0.223725,0.601415,-0.123862,0.25469,0.88748,-0.197029,0.319046,0.955725,-0.204024,0.363642,0.967802,-0.200946,0.14417,0.655223,-0.129428,0.191048,0.958359,-0.178562,0.25639,0.979264,-0.140964,0.302106,0.95605,-0.107796,0.084622,0.730386,-0.146577,0.12718,0.948714,-0.193282,0.188121,0.973281,-0.178926,0.233072,0.94967,-0.154346
1184,39466,True,0.9871,0.9871,0.222146,0.891188,-0.0,0.312954,0.866224,-0.063278,0.397836,0.827987,-0.114964,0.478194,0.828471,-0.160535,0.553493,0.830437,-0.204594,0.300275,0.602472,-0.122518,0.261819,0.76448,-0.186375,0.243088,0.840795,-0.228812,0.229603,0.874631,-0.255086,0.204862,0.615985,-0.119358,0.195175,0.850137,-0.167663,0.212158,0.912046,-0.182944,0.223844,0.928139,-0.196728,0.130938,0.661109,-0.119306,0.136091,0.902621,-0.15182,0.165482,0.949607,-0.141672,0.18467,0.952442,-0.136881,0.070816,0.726803,-0.128729,0.084487,0.909018,-0.154865,0.125412,0.960392,-0.149676,0.160307,0.963909,-0.142629
1185,39500,True,0.9867,0.9867,0.20991,0.86743,-0.0,0.294886,0.865874,-0.058307,0.381023,0.859329,-0.111792,0.461472,0.890178,-0.160788,0.551713,0.916496,-0.209288,0.297527,0.655158,-0.129432,0.275022,0.871562,-0.19442,0.274833,0.946869,-0.235975,0.284898,0.962147,-0.262126,0.195487,0.665227,-0.12887,0.203142,0.932784,-0.176896,0.230076,0.993993,-0.190588,0.255064,0.998456,-0.205241,0.115552,0.705073,-0.129646,0.138712,0.957584,-0.164622,0.175088,0.998758,-0.157988,0.198633,0.988388,-0.156256,0.051475,0.764464,-0.138676,0.079458,0.955891,-0.162218,0.122553,1.002647,-0.156508,0.153741,0.998587,-0.151038
1186,39533,True,0.9854,0.9854,0.220324,0.837897,-0.0,0.308924,0.843662,-0.069582,0.394138,0.859028,-0.134025,0.458323,0.914364,-0.189856,0.525252,0.98987,-0.246664,0.30784,0.693523,-0.167458,0.290519,0.948248,-0.243618,0.283565,1.016744,-0.290761,0.275237,1.013525,-0.321195,0.198798,0.709528,-0.164017,0.209783,0.973386,-0.212641,0.227256,1.007862,-0.21873,0.231858,0.983263,-0.232385,0.112781,0.751369,-0.161937,0.140743,1.005764,-0.192227,0.165272,1.022546,-0.173926,0.170363,0.980424,-0.169121,0.047726,0.807909,-0.170182,0.081589,1.006235,-0.187722,0.110847,1.035409,-0.175537,0.120122,1.012833,-0.170277
1187,39566,True,0.9828,0.9828,0.201053,0.714135,-0.0,0.299122,0.761069,-0.075106,0.390667,0.831371,-0.146434,0.443606,0.928469,-0.205407,0.477126,1.035516,-0.267047,0.307934,0.734182,-0.204187,0.319155,0.990839,-0.275198,0.322698,1.011071,-0.311742,0.314494,0.972782,-0.337107,0.203221,0.759658,-0.198109,0.230691,1.021565,-0.248652,0.243969,1.019177,-0.246778,0.237575,0.965605,-0.257572,0.117659,0.79748,-0.190428,0.156973,1.043334,-0.22248,0.177675,1.027764,-0.195962,0.1765,0.963252,-0.187321,0.053683,0.841234,-0.192818,0.093426,1.025541,-0.212628,0.116209,1.028187,-0.19672,0.118746,0.986479,-0.191991
1188,39600,True,0.9398,0.9398,0.225074,0.854693,1e-06,0.307612,0.833274,-0.073802,0.400145,0.888317,-0.156104,0.46272,0.963979,-0.212466,0.531288,1.03676,-0.265078,0.340769,0.739387,-0.325374,0.347916,0.996179,-0.38631,0.344287,1.074019,-0.369479,0.340789,1.087639,-0.348962,0.226544,0.74389,-0.314005,0.261391,1.046631,-0.382959,0.277262,1.095883,-0.344577,0.284447,1.085928,-0.316398,0.137875,0.786723,-0.290463,0.17909,1.073577,-0.338996,0.203832,1.083292,-0.273654,0.216279,1.037309,-0.228324,0.076711,0.84891,-0.26904,0.114801,1.060229,-0.300426,0.134584,1.079335,-0.264729,0.139067,1.04694,-0.240555
1189,39633,True,0.963,0.963,0.236827,0.75152,-0.0,0.334564,0.77874,-0.069949,0.420677,0.842627,-0.137936,0.489695,0.920661,-0.196623,0.552717,0.974287,-0.257088,0.341834,0.718388,-0.198389,0.342853,0.979916,-0.280582,0.355121,1.074712,-0.32708,0.355675,1.10009,-0.354672,0.232373,0.742693,-0.195481,0.260774,1.013553,-0.253255,0.285225,1.073714,-0.253943,0.29461,1.076545,-0.263223,0.1464,0.781373,-0.191855,0.18812,1.037125,-0.229793,0.217093,1.07517,-0.200625,0.230315,1.063416,-0.186627,0.082307,0.82963,-0.19818,0.122242,1.028656,-0.220925,0.152008,1.069157,-0.20142,0.165642,1.067685,-0.190063
1190,39666,True,0.9718,0.9718,0.252209,0.830404,-0.0,0.344505,0.832609,-0.061134,0.417132,0.861676,-0.12039,0.49265,0.920246,-0.173521,0.574813,0.95518,-0.227188,0.357068,0.685243,-0.152764,0.337498,0.923255,-0.227724,0.33722,0.998797,-0.276166,0.338759,1.008614,-0.306302,0.248514,0.69901,-0.153775,0.26109,0.976518,-0.202013,0.287872,1.022837,-0.210747,0.306076,1.008208,-0.227183,0.163338,0.740716,-0.156571,0.191513,1.009284,-0.192699,0.222842,1.044016,-0.174044,0.240744,1.022259,-0.167091,0.0964,0.7963,-0.168815,0.128017,1.007263,-0.195457,0.164025,1.052981,-0.182591,0.181459,1.051667,-0.174332
1191,39700,True,0.9896,0.9896,0.241935,0.880942,-0.0,0.332106,0.877439,-0.060486,0.413267,0.868721,-0.115661,0.496826,0.902256,-0.166606,0.581321,0.921331,-0.214563,0.350131,0.650855,-0.132736,0.339822,0.830025,-0.209122,0.321055,0.924814,-0.257426,0.303896,0.973405,-0.285313,0.246368,0.661955,-0.131754,0.260651,0.95075,-0.184808,0.29239,1.000726,-0.192402,0.318947,0.993901,-0.201578,0.163069,0.711328,-0.135046,0.195582,0.990873,-0.165842,0.230331,1.009112,-0.142485,0.25192,0.977426,-0.130143,0.097817,0.777738,-0.149084,0.130368,0.993111,-0.172474,0.17001,1.021884,-0.160422,0.194953,0.999288,-0.149227
1192,39733,True,0.9947,0.9947,0.243112,0.899894,-0.0,0.336439,0.896539,-0.066649,0.418715,0.868358,-0.120417,0.499489,0.872404,-0.168113,0.578483,0.86633,-0.207911,0.34892,0.628159,-0.122851,0.345494,0.765745,-0.191637,0.332919,0.838089,-0.22674,0.316916,0.864397,-0.24595,0.249551,0.628937,-0.118755,0.263371,0.917239,-0.173267,0.303516,0.944306,-0.175372,0.329345,0.910113,-0.176968,0.165735,0.67669,-0.120812,0.197568,0.953984,-0.154819,0.236725,0.953463,-0.123895,0.256059,0.901389,-0.102748,0.096662,0.74508,-0.134294,0.131442,0.951591,-0.164898,0.166021,0.963099,-0.153905,0.181785,0.920485,-0.138794
1193,39766,True,0.9895,0.9895,0.24412,0.879688,-0.0,0.337171,0.866515,-0.055336,0.415481,0.838005,-0.105474,0.495085,0.838689,-0.155798,0.575939,0.834851,-0.201221,0.348538,0.598086,-0.10352,0.363966,0.673909,-0.177942,0.359803,0.743348,-0.220702,0.353198,0.781123,-0.243902,0.248689,0.595953,-0.108405,0.285798,0.87062,-0.180997,0.340204,0.96479,-0.196745,0.381229,0.985464,-0.20196,0.16173,0.64749,-0.119196,0.218433,0.934508,-0.171016,0.273991,1.002271,-0.156749,0.306359,1.007264,-0.141493,0.092676,0.719887,-0.138821,0.140758,0.932393,-0.173505,0.178112,0.983721,-0.166598,0.193441,0.97884,-0.153661
1194,39800,True,0.9943,0.9943,0.236042,0.884395,-0.0,0.331259,0.866737,-0.057141,0.418593,0.827671,-0.106742,0.496484,0.816334,-0.155503,0.577438,0.806993,-0.200508,0.347858,0.598707,-0.10651,0.358847,0.601271,-0.178256,0.355602,0.610919,-0.219526,0.358149,0.621423,-0.242743,0.245733,0.580257,-0.111641,0.309816,0.847319,-0.196274,0.369313,0.943173,-0.213213,0.414751,0.981383,-0.211429,0.161066,0.63493,-0.122612,0.240685,0.90722,-0.18983,0.298406,0.959914,-0.178911,0.3381,0.964839,-0.158256,0.095823,0.715182,-0.141862,0.154856,0.906777,-0.196843,0.184251,0.957346,-0.199357,0.199251,0.958222,-0.185711
1195,39833,True,0.9886,0.9886,0.245735,0.881763,-0.0,0.336452,0.863564,-0.056983,0.422332,0.817352,-0.107205,0.499419,0.79459,-0.157084,0.579627,0.787629,-0.204796,0.358215,0.587539,-0.106078,0.379709,0.572715,-0.178158,0.379607,0.573005,-0.224525,0.381044,0.562657,-0.253546,0.257116,0.566921,-0.113017,0.320686,0.801551,-0.196979,0.376634,0.901972,-0.219875,0.420512,0.938602,-0.225669,0.1708,0.61769,-0.125388,0.248669,0.86818,-0.195104,0.308196,0.943264,-0.191681,0.351602,0.966051,-0.178293,0.103214,0.695278,-0.145378,0.158607,0.874433,-0.196461,0.193753,0.938417,-0.198396,0.217542,0.958155,-0.188166
1196,39866,True,0.9912,0.9912,0.254066,0.877723,0.0,0.349871,0.852901,-0.050332,0.438276,0.802356,-0.098316,0.512546,0.771718,-0.146784,0.580471,0.763874,-0.19609,0.362127,0.582079,-0.104276,0.388066,0.562443,-0.16852,0.398936,0.51892,-0.212374,0.415737,0.467748,-0.2439,0.258983,0.560794,-0.115742,0.335588,0.765582,-0.202831,0.392619,0.874562,-0.227483,0.435699,0.937732,-0.232758,0.174347,0.611289,-0.130248,0.26494,0.836393,-0.199962,0.322173,0.911934,-0.197718,0.36299,0.947063,-0.184775,0.110386,0.694271,-0.151795,0.179823,0.858205,-0.20134,0.217315,0.918739,-0.205321,0.241422,0.941265,-0.197814
1197,39900,True,0.9887,0.9887,0.250503,0.866738,0.0,0.353661,0.837275,-0.048518,0.447191,0.784995,-0.095265,0.526197,0.75404,-0.142572,0.581012,0.74273,-0.191552,0.374211,0.575932,-0.111095,0.400672,0.531038,-0.174592,0.415883,0.476889,-0.216921,0.434876,0.420628,-0.246446,0.273176,0.555712,-0.120916,0.348104,0.740668,-0.205235,0.400905,0.847299,-0.227552,0.439143,0.915859,-0.231766,0.189669,0.604561,-0.132827,0.280854,0.8176,-0.19879,0.332732,0.892992,-0.196068,0.366702,0.93779,-0.1832,0.126935,0.683705,-0.151551,0.203165,0.838969,-0.196165,0.240036,0.90415,-0.198055,0.261271,0.938361,-0.189852
1198,39933,True,0.9815,0.9815,0.257233,0.87498,0.0,0.354958,0.8398,-0.039226,0.44036,0.782475,-0.08033,0.514191,0.750808,-0.124331,0.592053,0.737305,-0.170115,0.383218,0.568898,-0.089216,0.423228,0.512194,-0.142737,0.441973,0.447788,-0.18122,0.46288,0.382523,-0.210908,0.289157,0.544672,-0.101885,0.36128,0.735559,-0.174394,0.414856,0.839137,-0.195012,0.452196,0.901478,-0.20138,0.208529,0.592164,-0.11631,0.285603,0.804471,-0.169263,0.330265,0.871094,-0.163373,0.357427,0.902027,-0.153146,0.145692,0.669189,-0.13755,0.209475,0.828288,-0.172705,0.235096,0.889006,-0.170811,0.244886,0.913763,-0.162464
1199,39966,True,0.9853,0.9853,0.267468,0.879696,0.0,0.3663,0.844614,-0.038012,0.44959,0.785364,-0.080085,0.520821,0.75598,-0.125199,0.602657,0.745032,-0.171872,0.401231,0.564963,-0.084774,0.445805,0.488621,-0.143979,0.47391,0.420192,-0.184763,0.502711,0.356915,-0.214899,0.310173,0.540298,-0.098317,0.380247,0.687297,-0.174856,0.430354,0.801813,-0.193698,0.461758,0.873143,-0.196338,0.231241,0.588799,-0.11465,0.310086,0.778528,-0.174063,0.35518,0.854085,-0.165584,0.379335,0.888874,-0.15082,0.168948,0.668725,-0.137011,0.241184,0.811822,-0.175019,0.282934,0.875712,-0.169755,0.305146,0.902177,-0.157622
1200,40000,True,0.997,0.997,0.273275,0.866597,0.0,0.377926,0.836668,-0.03592,0.464433,0.782822,-0.080015,0.535998,0.759259,-0.127159,0.611864,0.745066,-0.175015,0.41923,0.554527,-0.087644,0.475323,0.476093,-0.150199,0.512335,0.405449,-0.192623,0.545666,0.34645,-0.222955,0.329796,0.540044,-0.103675,0.407487,0.683532,-0.190903,0.466874,0.805164,-0.214173,0.502102,0.892847,-0.216057,0.25548,0.594339,-0.121568,0.344442,0.76906,-0.185331,0.389553,0.844912,-0.174184,0.408682,0.888398,-0.155629,0.199005,0.68,-0.145243,0.284388,0.812268,-0.185949,0.335014,0.870878,-0.177807,0.363851,0.897931,-0.161883
1201,40033,True,0.9988,0.9988,0.310391,0.852955,1e-06,0.409945,0.82256,-0.040241,0.495388,0.771396,-0.087434,0.564886,0.749577,-0.136516,0.639582,0.749643,-0.187083,0.454174,0.554473,-0.107178,0.506043,0.473421,-0.177262,0.547419,0.40129,-0.224915,0.585515,0.343425,-0.258303,0.363307,0.544002,-0.123723,0.448608,0.693868,-0.217914,0.510678,0.810247,-0.244491,0.54731,0.898343,-0.249716,0.288122,0.602436,-0.14182,0.38627,0.785556,-0.213004,0.441039,0.861264,-0.204405,0.469584,0.913511,-0.187203,0.230435,0.69245,-0.165853,0.320085,0.819024,-0.212196,0.370921,0.874938,-0.205667,0.402012,0.907342,-0.191026
1202,40066,True,0.9964,0.9964,0.33165,0.831828,0.0,0.430689,0.812621,-0.040088,0.521609,0.772039,-0.084615,0.598927,0.762909,-0.13181,0.674066,0.773187,-0.182118,0.487373,0.564066,-0.096816,0.551697,0.478686,-0.16766,0.599909,0.415606,-0.216814,0.639676,0.360496,-0.250338,0.402214,0.555512,-0.113678,0.457379,0.626792,-0.197969,0.480428,0.690425,-0.225491,0.483451,0.724213,-0.235974,0.326876,0.607823,-0.133877,0.390717,0.744453,-0.203199,0.421347,0.797526,-0.202886,0.427311,0.813681,-0.19356,0.268341,0.691997,-0.159101,0.327398,0.786612,-0.201885,0.349941,0.822949,-0.198322,0.351063,0.824561,-0.189532
1203,40100,True,0.9974,0.9974,0.347206,0.832272,1e-06,0.454223,0.809436,-0.034641,0.549775,0.768918,-0.075489,0.62596,0.760783,-0.118754,0.697512,0.762027,-0.165039,0.518325,0.564987,-0.098564,0.587844,0.475973,-0.161645,0.641719,0.411299,-0.203306,0.685778,0.356962,-0.232632,0.432685,0.562065,-0.117817,0.4931,0.630104,-0.198247,0.540599,0.706511,-0.224541,0.567129,0.764268,-0.235498,0.358561,0.618703,-0.1386,0.430689,0.753884,-0.210068,0.488792,0.82775,-0.212512,0.523119,0.878266,-0.204678,0.301768,0.706817,-0.162939,0.378121,0.793524,-0.209384,0.42616,0.841412,-0.207027,0.456892,0.870311,-0.198878
1204,40133,True,0.999,0.999,0.367534,0.82506,1e-06,0.473213,0.798806,-0.027289,0.573099,0.764498,-0.067839,0.647185,0.767867,-0.111355,0.7191,0.782654,-0.156658,0.551456,0.565736,-0.095073,0.622873,0.480124,-0.156481,0.684887,0.420368,-0.197084,0.739508,0.377142,-0.225986,0.47149,0.563783,-0.116567,0.570605,0.689804,-0.197464,0.617564,0.80934,-0.21628,0.632927,0.897479,-0.219088,0.400159,0.623581,-0.138416,0.501027,0.796319,-0.192838,0.528335,0.859843,-0.173415,0.52456,0.892589,-0.153795,0.342891,0.712097,-0.165547,0.433549,0.83695,-0.197755,0.468958,0.880151,-0.180872,0.477269,0.892684,-0.162617
1205,40166,True,0.9996,0.9996,0.382475,0.851082,1e-06,0.490132,0.819953,-0.014358,0.593201,0.784116,-0.051223,0.66531,0.779709,-0.093088,0.737781,0.779909,-0.137679,0.582127,0.587233,-0.090842,0.663031,0.503677,-0.152926,0.725925,0.436662,-0.19417,0.780001,0.384957,-0.223356,0.502962,0.578237,-0.118335,0.622685,0.703719,-0.194605,0.671285,0.817867,-0.211412,0.686789,0.895844,-0.214882,0.429124,0.634835,-0.144488,0.546491,0.804542,-0.20072,0.568025,0.879058,-0.17918,0.558232,0.9137,-0.157962,0.36759,0.723436,-0.173901,0.470792,0.8482,-0.207148,0.51142,0.904055,-0.185796,0.523009,0.925405,-0.164125
1206,40200,True,0.9995,0.9995,0.384555,0.864694,1e-06,0.502039,0.831647,-0.013065,0.608852,0.795996,-0.050204,0.687592,0.79147,-0.092741,0.761294,0.783357,-0.137912,0.595082,0.593753,-0.089734,0.686874,0.516534,-0.154218,0.756914,0.448883,-0.195957,0.81518,0.395649,-0.224283,0.520958,0.588091,-0.118227,0.649332,0.719934,-0.197938,0.689116,0.83728,-0.215221,0.695113,0.917006,-0.217656,0.449933,0.646869,-0.145232,0.571162,0.814544,-0.207916,0.588696,0.895563,-0.188123,0.575564,0.933606,-0.165564,0.389898,0.736344,-0.174614,0.491153,0.858318,-0.211544,0.52725,0.919391,-0.190472,0.534338,0.944893,-0.16771
1207,40233,True,0.9995,0.9995,0.388047,0.879587,1e-06,0.508852,0.844367,-0.009232,0.617058,0.810064,-0.049173,0.695986,0.805325,-0.09528,0.776876,0.801158,-0.143618,0.610227,0.609539,-0.091527,0.70934,0.528293,-0.160545,0.784066,0.46101,-0.206005,0.844483,0.403215,-0.237093,0.539444,0.601606,-0.123771,0.670822,0.724994,-0.203326,0.710698,0.841592,-0.219027,0.71458,0.915018,-0.222162,0.470182,0.657133,-0.154721,0.599216,0.825523,-0.216369,0.611081,0.906631,-0.191962,0.5909,0.938228,-0.167911,0.410602,0.745025,-0.188099,0.518906,0.864698,-0.223222,0.544815,0.928317,-0.197781,0.540551,0.951381,-0.173139
1208,40266,True,0.9995,0.9995,0.384065,0.906545,1e-06,0.512847,0.872593,-0.005927,0.625774,0.830582,-0.045096,0.710491,0.820542,-0.091734,0.795094,0.807986,-0.139699,0.618855,0.625972,-0.084938,0.727155,0.541346,-0.152851,0.806743,0.475005,-0.196564,0.869402,0.418224,-0.22641,0.551748,0.618469,-0.120351,0.692904,0.738628,-0.202985,0.730293,0.859942,-0.219252,0.732476,0.934625,-0.220641,0.485573,0.671893,-0.154372,0.623533,0.840412,-0.217252,0.629474,0.928106,-0.190912,0.606123,0.959198,-0.164153,0.429195,0.758748,-0.190863,0.546915,0.885647,-0.225901,0.566848,0.950056,-0.199389,0.556422,0.968292,-0.173121
1209,40300,True,0.9994,0.9994,0.386192,0.927757,1e-06,0.519908,0.888762,-0.004374,0.634629,0.840678,-0.043103,0.724611,0.82921,-0.089959,0.81621,0.822851,-0.137992,0.636308,0.630376,-0.080395,0.747258,0.545011,-0.146434,0.830312,0.476424,-0.190529,0.89263,0.417962,-0.221624,0.568739,0.623174,-0.117977,0.711126,0.754197,-0.201282,0.745326,0.879757,-0.220137,0.744468,0.953718,-0.222887,0.501696,0.679927,-0.153632,0.640046,0.855179,-0.217406,0.641587,0.946785,-0.190892,0.614788,0.97856,-0.163548,0.44301,0.77032,-0.191857,0.560472,0.910729,-0.228455,0.586761,0.981161,-0.201876,0.583393,1.003187,-0.174525
1210,40333,True,0.9993,0.9993,0.390877,0.93631,1e-06,0.527991,0.893364,-0.001922,0.647673,0.840715,-0.040137,0.740694,0.828969,-0.087754,0.833351,0.830751,-0.136325,0.656721,0.632043,-0.074243,0.767194,0.551084,-0.141134,0.851231,0.483454,-0.185922,0.914081,0.426021,-0.216928,0.590318,0.624633,-0.112543,0.731893,0.766108,-0.196431,0.75457,0.893456,-0.212769,0.745286,0.963707,-0.212718,0.522998,0.680469,-0.149299,0.659668,0.865794,-0.21341,0.645922,0.951293,-0.185448,0.608277,0.972442,-0.156347,0.46327,0.770557,-0.188605,0.582164,0.923589,-0.223416,0.59488,0.992368,-0.195405,0.579226,1.007381,-0.167052
1211,40366,True,0.9992,0.9992,0.39774,0.944153,1e-06,0.529852,0.897628,-0.003468,0.652216,0.845073,-0.044372,0.749808,0.842032,-0.094867,0.845546,0.843556,-0.146099,0.666929,0.633135,-0.080158,0.783251,0.555104,-0.150186,0.871615,0.491573,-0.19769,0.936137,0.436653,-0.230278,0.600381,0.629546,-0.119512,0.746533,0.777713,-0.205896,0.769921,0.903326,-0.223189,0.761375,0.968194,-0.224217,0.533208,0.688607,-0.157513,0.674811,0.88236,-0.223272,0.658883,0.963705,-0.194455,0.618789,0.974989,-0.165498,0.473965,0.780894,-0.198277,0.598747,0.94294,-0.234012,0.601075,1.006858,-0.204914,0.574818,1.01078,-0.17651
1212,40400,True,0.9989,0.9989,0.406444,0.953104,1e-06,0.537992,0.898927,-0.004239,0.660587,0.845263,-0.046911,0.757923,0.850744,-0.099032,0.853176,0.85921,-0.15233,0.67981,0.633458,-0.085969,0.799316,0.562004,-0.158127,0.888896,0.49983,-0.207994,0.955709,0.445177,-0.242519,0.610909,0.635271,-0.126239,0.760997,0.803666,-0.21359,0.776886,0.925654,-0.230668,0.764296,0.98093,-0.232644,0.541266,0.699896,-0.165242,0.687308,0.901704,-0.231473,0.670263,0.970303,-0.203925,0.631265,0.967956,-0.177105,0.479403,0.796078,-0.207062,0.609254,0.961367,-0.242631,0.602575,1.014801,-0.2141,0.568298,1.006535,-0.187274
1213,40433,True,0.999,0.999,0.40974,0.95978,1e-06,0.548595,0.909907,-0.004537,0.670656,0.858902,-0.047852,0.767482,0.865298,-0.101042,0.863999,0.873069,-0.154976,0.692443,0.641283,-0.085484,0.80879,0.570446,-0.159538,0.898987,0.507178,-0.210366,0.967959,0.453152,-0.245661,0.619889,0.641483,-0.127626,0.769354,0.812598,-0.221351,0.783397,0.950261,-0.240511,0.769671,1.020053,-0.242009,0.547118,0.706385,-0.168543,0.690407,0.914463,-0.23905,0.667602,0.992948,-0.210138,0.625359,0.996136,-0.181025,0.483324,0.80301,-0.212603,0.609898,0.970067,-0.250531,0.597537,1.025574,-0.221446,0.559445,1.016062,-0.193598
1214,40466,True,0.9988,0.9988,0.41338,0.969269,0.0,0.553363,0.921176,-0.005592,0.678047,0.868388,-0.049072,0.77449,0.875172,-0.10208,0.871291,0.887193,-0.15583,0.701837,0.651075,-0.086965,0.816518,0.579558,-0.161211,0.904919,0.515887,-0.212394,0.971912,0.460056,-0.248351,0.627188,0.648823,-0.128286,0.772872,0.829428,-0.219267,0.773789,0.949445,-0.237046,0.752474,0.995296,-0.239501,0.551523,0.712235,-0.168719,0.691414,0.928703,-0.238396,0.657864,0.989186,-0.210592,0.612756,0.974097,-0.183824,0.484396,0.808729,-0.212271,0.610277,0.983148,-0.25064,0.587972,1.028705,-0.222922,0.544821,1.007505,-0.19718
1215,40500,True,0.9984,0.9984,0.413874,0.963416,0.0,0.55327,0.914999,-0.006568,0.680177,0.865959,-0.048869,0.778205,0.874423,-0.099722,0.874108,0.886699,-0.150922,0.704062,0.65127,-0.089941,0.820892,0.580761,-0.163371,0.909967,0.513464,-0.213978,0.977293,0.45576,-0.250156,0.629207,0.649022,-0.129888,0.770932,0.844277,-0.22139,0.768434,0.974023,-0.237427,0.748113,1.032409,-0.238747,0.552557,0.714076,-0.168668,0.682018,0.938778,-0.235116,0.639109,0.979443,-0.204831,0.59185,0.951881,-0.178176,0.483367,0.811264,-0.210971,0.60175,0.986672,-0.247448,0.570422,1.016666,-0.218678,0.52212,0.986465,-0.193206
1216,40533,True,0.9973,0.9973,0.402539,0.968361,0.0,0.538288,0.912546,-0.010667,0.669226,0.862885,-0.051782,0.768266,0.874643,-0.100002,0.863359,0.883334,-0.14822,0.691472,0.659901,-0.095251,0.813304,0.589671,-0.163707,0.900953,0.523095,-0.212395,0.967849,0.466125,-0.249026,0.613104,0.66139,-0.132037,0.747495,0.843316,-0.211596,0.761636,0.938244,-0.228184,0.760278,0.974396,-0.236858,0.532767,0.727408,-0.167465,0.660992,0.950845,-0.221865,0.622085,0.973792,-0.190865,0.578511,0.93947,-0.170043,0.459364,0.827463,-0.207723,0.573405,1.000982,-0.240792,0.54274,1.018593,-0.214451,0.496661,0.983846,-0.193509
1217,40566,True,0.9922,0.9922,0.391366,0.953785,0.0,0.533207,0.897939,-0.015309,0.666621,0.863425,-0.060004,0.765149,0.89119,-0.109245,0.85842,0.905023,-0.16035,0.66672,0.666572,-0.11146,0.799177,0.630748,-0.183753,0.884953,0.578217,-0.237515,0.954043,0.528929,-0.277653,0.59036,0.676996,-0.143239,0.70893,0.86704,-0.216458,0.716245,0.927971,-0.232194,0.710971,0.931019,-0.244743,0.509192,0.749154,-0.173399,0.631218,0.957066,-0.225046,0.609093,0.978874,-0.194794,0.574292,0.949103,-0.175756,0.433653,0.848904,-0.207829,0.534379,1.00653,-0.240112,0.524142,1.022917,-0.213885,0.491641,0.992077,-0.193248
1218,40600,True,0.9548,0.9548,0.359269,0.947238,1e-06,0.485989,0.892366,-0.013847,0.632636,0.86644,-0.039897,0.751281,0.924051,-0.070171,0.848434,0.953438,-0.101959,0.640236,0.694952,-0.051038,0.798845,0.702007,-0.095727,0.89474,0.725356,-0.130584,0.957774,0.750038,-0.153877,0.590193,0.744495,-0.069005,0.730023,0.870296,-0.104357,0.786561,0.935173,-0.122449,0.818354,0.963638,-0.138987,0.537256,0.823616,-0.087968,0.658739,0.984986,-0.116924,0.678465,1.04326,-0.108378,0.675231,1.054679,-0.103092,0.490186,0.910767,-0.109306,0.589527,1.033458,-0.12318,0.609929,1.078844,-0.105337,0.609864,1.088774,-0.090784
1219,40633,True,0.9096,0.9096,0.30833,0.879565,1e-06,0.418379,0.817471,-0.040684,0.579514,0.849794,-0.093199,0.705542,0.97129,-0.143918,0.801773,1.075907,-0.20075,0.599225,0.766423,-0.141309,0.726786,0.963106,-0.221178,0.803075,1.079978,-0.273627,0.854444,1.15395,-0.308787,0.533046,0.790207,-0.159897,0.663867,1.052723,-0.224887,0.730374,1.179003,-0.248904,0.779055,1.247566,-0.27487,0.46762,0.844376,-0.180226,0.580558,1.118891,-0.239828,0.635652,1.226923,-0.245615,0.675331,1.272648,-0.252502,0.406652,0.911901,-0.203572,0.486959,1.120304,-0.247265,0.534036,1.208629,-0.249987,0.569416,1.252416,-0.253743
1220,40666,True,0.9883,0.9883,0.316449,0.867786,1e-06,0.442275,0.831024,-0.017729,0.576499,0.883386,-0.065045,0.668891,0.991886,-0.111156,0.725469,1.088925,-0.16017,0.61795,0.791246,-0.143188,0.708515,0.994556,-0.219875,0.724376,1.130719,-0.264069,0.725484,1.205664,-0.290834,0.540915,0.81739,-0.169336,0.617184,1.078918,-0.228949,0.648185,1.203131,-0.241199,0.670014,1.271361,-0.257221,0.455275,0.868718,-0.193249,0.519661,1.127617,-0.240344,0.551056,1.220846,-0.230452,0.568254,1.26094,-0.227262,0.372765,0.929533,-0.218267,0.424677,1.126423,-0.246391,0.46313,1.20526,-0.234717,0.490015,1.241596,-0.228233
1221,40700,True,0.9861,0.9861,0.311238,0.872929,1e-06,0.42703,0.826491,-0.015078,0.558518,0.874651,-0.060201,0.642045,0.974436,-0.104211,0.699908,1.050204,-0.151639,0.615798,0.8122,-0.135057,0.70607,1.021498,-0.20418,0.718953,1.149967,-0.24324,0.72254,1.226446,-0.267411,0.5417,0.841044,-0.160874,0.625214,1.0932,-0.215867,0.655701,1.218727,-0.229289,0.682493,1.294085,-0.245624,0.460815,0.889588,-0.183706,0.534703,1.139391,-0.223742,0.565287,1.233901,-0.215678,0.58904,1.272739,-0.21488,0.382919,0.945687,-0.207254,0.443837,1.136539,-0.228982,0.479121,1.214995,-0.217539,0.506927,1.252416,-0.211881
1222,40733,True,0.9874,0.9874,0.303017,0.862069,1e-06,0.4228,0.827159,-0.017178,0.557066,0.892704,-0.062993,0.64306,1.008041,-0.10621,0.702932,1.097545,-0.153415,0.609712,0.816739,-0.145604,0.697507,1.027123,-0.218471,0.730443,1.158085,-0.261403,0.750165,1.251401,-0.288389,0.53333,0.844201,-0.171226,0.61634,1.098323,-0.234617,0.662405,1.232851,-0.252986,0.69868,1.326311,-0.271303,0.450256,0.892959,-0.193143,0.520887,1.152443,-0.240567,0.555451,1.24367,-0.235597,0.584477,1.287382,-0.235512,0.369664,0.950743,-0.215629,0.424033,1.152063,-0.242702,0.459254,1.227247,-0.234191,0.489808,1.264904,-0.229991
1223,40766,True,0.9847,0.9847,0.296589,0.842084,1e-06,0.41394,0.814374,-0.01707,0.546251,0.861052,-0.05432,0.640823,0.945011,-0.088753,0.710494,1.009466,-0.12203,0.590225,0.789899,-0.133027,0.677688,0.99021,-0.186935,0.669177,1.079016,-0.207001,0.659264,1.111418,-0.219394,0.514152,0.819816,-0.154544,0.578257,1.073597,-0.197465,0.574963,1.138096,-0.193337,0.575215,1.149861,-0.199416,0.431384,0.867768,-0.173424,0.471824,1.109764,-0.197812,0.466782,1.127387,-0.176794,0.468803,1.09847,-0.172839,0.353779,0.92104,-0.194694,0.378524,1.097662,-0.206853,0.375764,1.103209,-0.192673,0.37788,1.070468,-0.188611
1224,40800,True,0.9965,0.9965,0.296104,0.832547,1e-06,0.414258,0.799402,-0.019519,0.537858,0.844366,-0.066974,0.617441,0.943721,-0.111815,0.676668,1.026141,-0.161481,0.584219,0.763581,-0.150454,0.671041,0.926643,-0.216315,0.734152,1.015015,-0.255964,0.783177,1.083498,-0.284704,0.506419,0.778722,-0.17653,0.574295,1.033403,-0.237482,0.577454,1.133212,-0.243215,0.581014,1.191071,-0.252687,0.412569,0.830537,-0.19877,0.467165,1.086032,-0.241219,0.470953,1.13794,-0.221545,0.473712,1.145112,-0.214092,0.322495,0.89654,-0.223186,0.362041,1.088648,-0.250147,0.379339,1.123022,-0.23822,0.393352,1.117807,-0.233193
1225,40833,True,0.998,0.998,0.31955,0.871175,1e-06,0.443731,0.875246,-0.029919,0.575042,0.913373,-0.075794,0.669885,0.961982,-0.117839,0.759835,0.980215,-0.162415,0.572034,0.743803,-0.153175,0.661301,0.803778,-0.224088,0.741972,0.837294,-0.265395,0.807053,0.871066,-0.294245,0.492289,0.74338,-0.17509,0.563672,0.980933,-0.244445,0.562383,1.094188,-0.248889,0.555776,1.157844,-0.253514,0.398445,0.793161,-0.195306,0.462007,1.034086,-0.259779,0.466636,1.130011,-0.240322,0.460664,1.175741,-0.22518,0.310292,0.860002,-0.217122,0.367581,1.057352,-0.266137,0.388601,1.140276,-0.256898,0.395188,1.184257,-0.247816
1226,40866,True,0.9993,0.9993,0.30389,0.922412,1e-06,0.431211,0.896866,-0.02445,0.558249,0.895908,-0.067745,0.651394,0.924241,-0.107578,0.729326,0.922096,-0.148073,0.533525,0.696083,-0.145128,0.574333,0.729557,-0.20664,0.614375,0.763113,-0.235691,0.643162,0.779816,-0.255712,0.450462,0.695461,-0.169478,0.549516,0.933523,-0.239522,0.553428,1.07831,-0.243535,0.540034,1.155972,-0.244095,0.36185,0.756985,-0.190756,0.447962,1.000826,-0.255268,0.457129,1.117404,-0.233537,0.444936,1.166132,-0.214031,0.280321,0.840543,-0.213182,0.353532,1.024923,-0.259258,0.372753,1.10998,-0.243838,0.369441,1.143058,-0.22849
1227,40900,True,0.9997,0.9997,0.331435,0.958632,1e-06,0.44305,0.921555,-0.032502,0.55935,0.877065,-0.074685,0.656496,0.882492,-0.115676,0.741359,0.879847,-0.156865,0.512352,0.669454,-0.115679,0.543241,0.661418,-0.179511,0.590213,0.634109,-0.222369,0.624305,0.611281,-0.254741,0.428422,0.655528,-0.135387,0.525815,0.869102,-0.211473,0.572649,1.014081,-0.228012,0.593686,1.106685,-0.235984,0.344644,0.717113,-0.15504,0.442242,0.980767,-0.223003,0.469903,1.095798,-0.202772,0.473993,1.15477,-0.182211,0.27117,0.815781,-0.178756,0.354331,1.002287,-0.225849,0.38296,1.08495,-0.210436,0.386413,1.123706,-0.193014
1228,40933,True,0.9963,0.9963,0.355603,0.976416,1e-06,0.460408,0.930166,-0.036859,0.554842,0.859622,-0.084534,0.643751,0.836462,-0.133135,0.735163,0.808523,-0.181281,0.508084,0.641762,-0.106477,0.565427,0.574161,-0.18259,0.617812,0.482225,-0.240107,0.66283,0.407859,-0.284212,0.42149,0.618022,-0.126175,0.533691,0.837289,-0.230714,0.583323,0.978839,-0.257353,0.605556,1.069495,-0.263058,0.340843,0.679042,-0.147567,0.453328,0.936895,-0.213584,0.456667,0.969803,-0.187393,0.436187,0.950908,-0.164244,0.269783,0.781633,-0.176695,0.357317,0.97857,-0.22282,0.369435,0.992945,-0.210592,0.351339,0.951754,-0.194525
1229,40966,True,0.9966,0.9966,0.366204,0.918587,1e-06,0.463956,0.879518,-0.048312,0.552714,0.813667,-0.102056,0.637586,0.793452,-0.154629,0.732931,0.781591,-0.206023,0.518087,0.60716,-0.130086,0.571063,0.517199,-0.214541,0.609307,0.421239,-0.271448,0.64911,0.338899,-0.312359,0.420085,0.582827,-0.143634,0.515138,0.792757,-0.247623,0.575298,0.90953,-0.26365,0.608956,0.991379,-0.260493,0.333087,0.649452,-0.160402,0.431862,0.900804,-0.225201,0.434622,0.91644,-0.189675,0.410704,0.890924,-0.158166,0.260503,0.756055,-0.186499,0.339365,0.942276,-0.234504,0.347712,0.952206,-0.220274,0.32649,0.911783,-0.199429
1230,41000,True,0.9976,0.9976,0.372034,0.906098,1e-06,0.474843,0.866015,-0.060257,0.565279,0.81136,-0.135096,0.64216,0.786531,-0.206495,0.738696,0.774766,-0.278359,0.525295,0.601929,-0.196405,0.566244,0.487459,-0.314494,0.596967,0.384354,-0.387899,0.628472,0.294411,-0.436096,0.419974,0.577489,-0.211233,0.515628,0.781133,-0.34621,0.579677,0.897187,-0.364663,0.609905,0.976615,-0.359933,0.329252,0.645597,-0.22892,0.425288,0.883787,-0.326731,0.450085,0.92123,-0.29411,0.441693,0.919024,-0.258276,0.258343,0.752776,-0.254433,0.33779,0.922437,-0.324676,0.358685,0.945925,-0.312459,0.348548,0.921824,-0.289751
1231,41033,True,0.9982,0.9982,0.37773,0.916635,1e-06,0.479676,0.886966,-0.056552,0.56796,0.826875,-0.11901,0.6465,0.800842,-0.179934,0.733806,0.78458,-0.24013,0.52849,0.595739,-0.146424,0.57083,0.493888,-0.241187,0.603917,0.392278,-0.30256,0.637318,0.305663,-0.345706,0.424009,0.571769,-0.161856,0.517396,0.769883,-0.290029,0.58137,0.909983,-0.318704,0.614765,1.011661,-0.317555,0.335679,0.639798,-0.180252,0.429093,0.888144,-0.266117,0.442308,0.929928,-0.242856,0.425587,0.921763,-0.213467,0.263412,0.748979,-0.207268,0.343586,0.931693,-0.265249,0.356981,0.95888,-0.255296,0.339056,0.929851,-0.235602
1232,41066,True,0.9973,0.9973,0.377368,0.922354,0.0,0.481961,0.889992,-0.051068,0.570049,0.833682,-0.109636,0.650742,0.81435,-0.167192,0.739209,0.802274,-0.223458,0.541963,0.610107,-0.139825,0.590433,0.523979,-0.233827,0.629479,0.426429,-0.29672,0.668977,0.345621,-0.339764,0.436097,0.580529,-0.155445,0.538414,0.818025,-0.27875,0.598947,0.96418,-0.303203,0.631406,1.07031,-0.297743,0.346712,0.650491,-0.173723,0.447533,0.917364,-0.24975,0.451456,0.934822,-0.219999,0.428025,0.910286,-0.187096,0.273175,0.761701,-0.20124,0.35521,0.953262,-0.253092,0.358047,0.96381,-0.238754,0.332905,0.922112,-0.214995
1233,41100,True,0.9991,0.9991,0.373983,0.929554,0.0,0.478965,0.893801,-0.045645,0.570755,0.835268,-0.104187,0.652261,0.81248,-0.161858,0.739344,0.800811,-0.219646,0.538776,0.621404,-0.146215,0.592101,0.531761,-0.238975,0.634724,0.438319,-0.300426,0.674187,0.359476,-0.342873,0.436765,0.591225,-0.164462,0.542174,0.802144,-0.28436,0.604349,0.951926,-0.308775,0.630994,1.06394,-0.30663,0.346486,0.655655,-0.183899,0.442933,0.890664,-0.262977,0.454658,0.924582,-0.238462,0.432661,0.921662,-0.210756,0.271432,0.764535,-0.210381,0.354258,0.928089,-0.262646,0.366661,0.949396,-0.247897,0.34504,0.929768,-0.226226
1234,41133,True,0.9979,0.9979,0.367229,0.917629,0.0,0.476781,0.879347,-0.041112,0.573837,0.819933,-0.093168,0.654512,0.798352,-0.145467,0.738401,0.784497,-0.198966,0.539235,0.614134,-0.136824,0.592275,0.52977,-0.221293,0.635402,0.447028,-0.278409,0.678983,0.373962,-0.319214,0.437134,0.587088,-0.15365,0.526267,0.792556,-0.253078,0.583948,0.905239,-0.273334,0.611993,0.984532,-0.277602,0.346829,0.649986,-0.171855,0.435944,0.876761,-0.239342,0.451039,0.9104,-0.217417,0.434199,0.910025,-0.197092,0.274412,0.75322,-0.197093,0.354746,0.915096,-0.246181,0.369681,0.936892,-0.237462,0.351824,0.918772,-0.223178
1235,41166,True,0.9978,0.9978,0.371505,0.902583,1e-06,0.476302,0.860868,-0.043697,0.570931,0.801736,-0.093709,0.649365,0.791219,-0.144059,0.733093,0.788605,-0.19584,0.533139,0.596291,-0.126903,0.585554,0.52506,-0.208215,0.629624,0.451592,-0.263239,0.671716,0.383468,-0.303063,0.42742,0.5756,-0.143971,0.512069,0.761108,-0.241276,0.569359,0.880131,-0.262217,0.596091,0.955942,-0.266697,0.337651,0.642785,-0.163313,0.435534,0.862651,-0.237341,0.474892,0.930245,-0.217887,0.480413,0.956723,-0.195714,0.270179,0.747726,-0.189543,0.361273,0.905408,-0.242286,0.403806,0.955409,-0.233535,0.417167,0.96517,-0.217816
1236,41200,True,0.9962,0.9962,0.353936,0.894391,0.0,0.458722,0.849328,-0.049772,0.555865,0.785127,-0.101788,0.638611,0.768365,-0.152727,0.72301,0.763952,-0.205759,0.518748,0.584172,-0.129818,0.571146,0.536397,-0.215733,0.61741,0.472952,-0.274364,0.665481,0.412315,-0.315111,0.418441,0.571993,-0.144346,0.507949,0.752892,-0.243684,0.561353,0.86816,-0.267908,0.588106,0.934142,-0.274702,0.332339,0.637402,-0.16217,0.432278,0.847661,-0.243589,0.471705,0.921416,-0.23239,0.482076,0.948444,-0.213775,0.265991,0.739063,-0.186465,0.355671,0.887986,-0.24302,0.395714,0.942437,-0.238294,0.410519,0.955513,-0.225157
1237,41233,True,0.9967,0.9967,0.352275,0.880727,0.0,0.452215,0.842102,-0.043781,0.546309,0.784337,-0.091113,0.625575,0.771429,-0.138227,0.704565,0.777158,-0.186885,0.507425,0.580243,-0.118161,0.561567,0.537709,-0.195594,0.606534,0.484335,-0.247828,0.650895,0.432547,-0.284709,0.410812,0.56429,-0.133694,0.499475,0.75074,-0.226612,0.545912,0.863521,-0.24844,0.567321,0.924722,-0.254267,0.326558,0.625512,-0.15205,0.423405,0.840866,-0.229107,0.458671,0.911593,-0.219429,0.467358,0.936033,-0.202507,0.261326,0.722437,-0.176206,0.348629,0.875111,-0.230818,0.387154,0.929997,-0.227891,0.401299,0.944626,-0.21639
1238,41266,True,0.996,0.996,0.337837,0.87392,0.0,0.442192,0.835814,-0.04199,0.538466,0.778472,-0.086811,0.621683,0.767923,-0.131901,0.705255,0.773307,-0.178689,0.495461,0.577567,-0.106027,0.548895,0.555293,-0.179728,0.596097,0.511315,-0.230946,0.645406,0.467171,-0.266616,0.401518,0.564184,-0.120933,0.491982,0.756444,-0.210027,0.537612,0.863894,-0.233122,0.559547,0.921035,-0.238964,0.319893,0.623546,-0.138927,0.414548,0.841478,-0.21214,0.450433,0.906977,-0.205575,0.462183,0.927571,-0.190217,0.256007,0.716699,-0.162773,0.339691,0.87629,-0.214063,0.378191,0.931461,-0.212638,0.395841,0.946168,-0.201955
1239,41300,True,0.9965,0.9965,0.334637,0.874544,0.0,0.444001,0.834852,-0.038548,0.540728,0.776189,-0.080127,0.62299,0.769329,-0.121793,0.700734,0.783601,-0.164165,0.488452,0.566393,-0.092588,0.524216,0.564137,-0.163242,0.571217,0.54532,-0.212759,0.622761,0.525906,-0.245952,0.398273,0.562785,-0.108476,0.483247,0.761282,-0.193068,0.526918,0.87378,-0.216056,0.551336,0.932418,-0.222046,0.318858,0.626675,-0.12789,0.410345,0.840661,-0.200023,0.444828,0.911189,-0.196334,0.458737,0.934784,-0.182413,0.257316,0.722332,-0.152443,0.337653,0.8785,-0.201185,0.375337,0.933697,-0.199954,0.395541,0.947425,-0.189473
1240,41333,True,0.9911,0.9911,0.312107,0.924795,-0.0,0.43218,0.889722,-0.029076,0.531992,0.826147,-0.064183,0.617124,0.805078,-0.102339,0.702346,0.806191,-0.139584,0.476183,0.586778,-0.053738,0.497705,0.587554,-0.111087,0.525675,0.59085,-0.153911,0.554346,0.599868,-0.182551,0.396978,0.58813,-0.070506,0.480633,0.768589,-0.140968,0.512251,0.882743,-0.165178,0.522851,0.946832,-0.172542,0.321591,0.647227,-0.091368,0.406415,0.850775,-0.147927,0.420327,0.917755,-0.146755,0.413404,0.928032,-0.136937,0.257148,0.734948,-0.116858,0.326968,0.892644,-0.149976,0.34302,0.934809,-0.146638,0.335377,0.923396,-0.137165
1241,41366,True,0.9864,0.9864,0.328116,0.898925,-0.0,0.435793,0.86881,-0.034822,0.528577,0.837611,-0.073283,0.613149,0.844512,-0.114514,0.695958,0.855985,-0.154189,0.500854,0.611839,-0.066816,0.559721,0.725548,-0.137398,0.60556,0.80346,-0.18743,0.643921,0.860405,-0.216121,0.414584,0.624486,-0.081227,0.481538,0.844625,-0.144356,0.488578,0.916137,-0.164014,0.479293,0.926564,-0.172564,0.329924,0.679406,-0.10136,0.395255,0.911602,-0.152716,0.400271,0.948957,-0.145502,0.389832,0.921493,-0.133298,0.255505,0.751299,-0.127059,0.307862,0.934446,-0.156127,0.321237,0.963901,-0.146199,0.314582,0.933519,-0.13204
1242,41400,True,0.9585,0.9585,0.319309,0.958256,-0.0,0.423582,0.918743,-0.029519,0.522559,0.88765,-0.065267,0.60372,0.900833,-0.105027,0.681595,0.924378,-0.145809,0.518148,0.662843,-0.072786,0.60256,0.863299,-0.146926,0.642079,0.999369,-0.194185,0.6699,1.086149,-0.217294,0.419998,0.670059,-0.088752,0.500759,0.963558,-0.155326,0.5208,1.124839,-0.16733,0.525277,1.201404,-0.16711,0.325042,0.719248,-0.108818,0.405735,1.00292,-0.169773,0.415904,1.125064,-0.154436,0.410808,1.175591,-0.130065,0.243049,0.790494,-0.133121,0.309669,0.998419,-0.170631,0.329736,1.086725,-0.155189,0.332128,1.120173,-0.131401
1243,41433,True,0.9888,0.9888,0.395462,0.770216,-1e-06,0.296361,0.842946,-0.085744,0.222175,0.914972,-0.163868,0.204805,0.981263,-0.233421,0.228695,1.057308,-0.302439,0.27052,0.782501,-0.182027,0.287945,1.013695,-0.261616,0.310557,1.148343,-0.301729,0.332078,1.217545,-0.322214,0.360465,0.747243,-0.173119,0.405447,1.026935,-0.247935,0.41943,1.178889,-0.264864,0.43148,1.250166,-0.273496,0.451406,0.734204,-0.165557,0.499082,0.985701,-0.243446,0.516784,1.118777,-0.24552,0.528993,1.194172,-0.234581,0.528314,0.737154,-0.163948,0.589524,0.90057,-0.214583,0.613452,1.006062,-0.208832,0.635292,1.07376,-0.196257
1244,41466,True,0.9973,0.9973,0.290564,0.720096,-1e-06,0.402822,0.741882,-0.069316,0.512593,0.819479,-0.148872,0.593299,0.880779,-0.214604,0.633477,0.89287,-0.283086,0.530033,0.697406,-0.254683,0.584166,0.886449,-0.324712,0.568557,1.016716,-0.349176,0.551452,1.089282,-0.366567,0.436843,0.714237,-0.25137,0.484003,0.984231,-0.308792,0.465617,1.105048,-0.308608,0.444349,1.146609,-0.321937,0.339761,0.766129,-0.239878,0.380704,1.023416,-0.273375,0.357345,1.101193,-0.251999,0.329663,1.118504,-0.25196,0.248794,0.835565,-0.234556,0.285344,1.046912,-0.265981,0.281778,1.107249,-0.252992,0.272052,1.114938,-0.249305
1245,41500,True,0.9985,0.9985,0.279986,0.778158,1e-06,0.405984,0.779171,-0.041855,0.514482,0.84143,-0.105739,0.578846,0.935994,-0.161295,0.648846,0.981427,-0.218864,0.512888,0.712714,-0.200822,0.59431,0.890066,-0.278276,0.662552,0.971555,-0.319213,0.713746,1.028799,-0.345346,0.418237,0.72334,-0.216995,0.498025,1.007417,-0.283977,0.510929,1.063107,-0.273858,0.517634,1.07965,-0.269954,0.319926,0.772208,-0.230581,0.401594,1.037354,-0.282452,0.428079,1.072627,-0.245027,0.442945,1.067535,-0.221849,0.236238,0.836828,-0.247669,0.306646,1.050706,-0.283426,0.348798,1.07499,-0.26202,0.370819,1.055449,-0.247907
1246,41533,True,0.9972,0.9972,0.286377,0.798304,1e-06,0.407221,0.778793,-0.03739,0.522059,0.814076,-0.093395,0.607216,0.880278,-0.143674,0.69051,0.886902,-0.198089,0.499996,0.677921,-0.173068,0.581998,0.850138,-0.241772,0.648509,0.937073,-0.276916,0.6997,1.007444,-0.299391,0.405971,0.698793,-0.190318,0.493733,0.961498,-0.25001,0.509237,1.069123,-0.242818,0.521253,1.133142,-0.242755,0.313423,0.762119,-0.20612,0.399378,1.012073,-0.258103,0.42362,1.091598,-0.227009,0.43381,1.126915,-0.2077,0.237627,0.840779,-0.225062,0.310849,1.033382,-0.264155,0.346903,1.09167,-0.247981,0.361871,1.111471,-0.236367
1247,41566,True,0.998,0.998,0.2797,0.832827,1e-06,0.392579,0.810266,-0.033567,0.508685,0.81514,-0.079067,0.59271,0.871173,-0.121127,0.665345,0.896107,-0.166379,0.489772,0.642809,-0.13368,0.566496,0.784108,-0.198264,0.634444,0.851927,-0.24088,0.69357,0.908167,-0.271317,0.409501,0.661089,-0.15125,0.488093,0.923428,-0.209699,0.502004,1.014383,-0.214804,0.512881,1.054564,-0.223635,0.325399,0.721535,-0.169187,0.399293,0.984954,-0.220743,0.419407,1.050524,-0.200499,0.433866,1.064668,-0.188536,0.248427,0.799979,-0.19099,0.313078,0.999619,-0.230093,0.336454,1.056223,-0.218022,0.345675,1.068437,-0.208687
1248,41600,True,0.9997,0.9997,0.303886,0.894822,1e-06,0.412208,0.871486,-0.040011,0.518998,0.839044,-0.083016,0.607796,0.849992,-0.122005,0.685761,0.830867,-0.15992,0.488445,0.6269,-0.107584,0.544081,0.683221,-0.176354,0.609455,0.718999,-0.226809,0.666818,0.756938,-0.262291,0.408774,0.626084,-0.122955,0.492062,0.862031,-0.20176,0.499775,0.97157,-0.221677,0.495027,1.026255,-0.230747,0.325321,0.682794,-0.141209,0.394385,0.938323,-0.201133,0.406071,0.974529,-0.186243,0.405824,0.95539,-0.17214,0.248682,0.767731,-0.164859,0.306483,0.95231,-0.205008,0.326622,0.968613,-0.196394,0.328339,0.933404,-0.18617
1249,41633,True,0.9973,0.9973,0.309064,0.921515,0.0,0.418425,0.889899,-0.036483,0.516683,0.837079,-0.077546,0.605706,0.832321,-0.117923,0.686763,0.822067,-0.157612,0.471395,0.600387,-0.085577,0.521691,0.639102,-0.156919,0.57992,0.654584,-0.211198,0.640623,0.671662,-0.248918,0.389464,0.598066,-0.102073,0.475054,0.819179,-0.182582,0.504652,0.927753,-0.207351,0.52276,0.979952,-0.219731,0.309068,0.65864,-0.123166,0.392872,0.902127,-0.186289,0.4058,0.951037,-0.181285,0.404273,0.942008,-0.173163,0.241076,0.752125,-0.150033,0.308919,0.939106,-0.193214,0.325486,0.961347,-0.194683,0.322103,0.927292,-0.190825
1250,41666,True,0.9937,0.9937,0.297948,0.918415,0.0,0.418376,0.881545,-0.027448,0.518703,0.820223,-0.064342,0.606232,0.804949,-0.103859,0.69536,0.808425,-0.14338,0.462553,0.599041,-0.068012,0.495353,0.615395,-0.131194,0.536974,0.616192,-0.178698,0.584283,0.617553,-0.212089,0.379486,0.594303,-0.087503,0.469714,0.797159,-0.163857,0.508979,0.905586,-0.188466,0.533593,0.959362,-0.198517,0.302421,0.652188,-0.110432,0.394449,0.875277,-0.170152,0.411691,0.932187,-0.167642,0.412809,0.931751,-0.159788,0.238032,0.739993,-0.138317,0.316868,0.910824,-0.177453,0.335981,0.946098,-0.177554,0.334035,0.926118,-0.171833
1251,41700,True,0.9959,0.9959,0.311307,0.910619,1e-06,0.426109,0.873568,-0.038713,0.525847,0.812959,-0.081213,0.61248,0.797578,-0.124373,0.698568,0.796034,-0.1697,0.479182,0.605268,-0.09571,0.548993,0.607748,-0.165079,0.610669,0.574704,-0.217853,0.671713,0.541965,-0.256086,0.389288,0.59065,-0.11096,0.476378,0.800996,-0.193302,0.52412,0.903404,-0.219182,0.551972,0.955539,-0.231134,0.306875,0.6461,-0.129317,0.398148,0.871274,-0.191822,0.425487,0.927078,-0.186882,0.430748,0.936298,-0.178289,0.239496,0.736034,-0.154038,0.322059,0.905525,-0.196891,0.348733,0.947773,-0.196709,0.352066,0.944808,-0.190746
1252,41733,True,0.9967,0.9967,0.312146,0.899824,0.0,0.426082,0.859761,-0.036154,0.530585,0.802986,-0.07764,0.622987,0.796584,-0.119533,0.713361,0.799478,-0.162817,0.477497,0.597156,-0.089903,0.525192,0.617093,-0.158604,0.576918,0.601769,-0.209492,0.633997,0.586628,-0.245283,0.391311,0.592979,-0.107538,0.48251,0.802867,-0.189526,0.526342,0.914102,-0.215703,0.553578,0.977018,-0.226282,0.313168,0.654004,-0.128182,0.40323,0.880309,-0.193636,0.424653,0.934241,-0.190373,0.430131,0.940781,-0.180798,0.247835,0.745336,-0.154337,0.323275,0.912043,-0.199217,0.347098,0.953363,-0.198414,0.352563,0.949014,-0.190913
1253,41766,True,0.9966,0.9966,0.328644,0.911385,0.0,0.439211,0.878406,-0.034736,0.538351,0.82714,-0.075432,0.631105,0.828307,-0.116036,0.72005,0.828203,-0.15767,0.494139,0.623683,-0.088786,0.557375,0.649745,-0.152716,0.622082,0.629057,-0.202979,0.688805,0.611689,-0.239225,0.408028,0.613496,-0.106196,0.511357,0.861587,-0.190872,0.552738,1.008361,-0.214217,0.57442,1.099054,-0.218668,0.327428,0.67335,-0.125742,0.424723,0.924683,-0.182945,0.440212,0.961947,-0.170913,0.435106,0.955018,-0.155715,0.256889,0.766788,-0.151772,0.334098,0.942542,-0.188564,0.355407,0.968687,-0.18011,0.351779,0.950926,-0.166882
1254,41800,True,0.9957,0.9957,0.33985,0.942389,0.0,0.440534,0.913183,-0.033661,0.543425,0.857556,-0.07177,0.636377,0.864361,-0.112889,0.724015,0.87478,-0.155902,0.504003,0.646492,-0.080402,0.572032,0.680837,-0.147825,0.637633,0.664848,-0.200275,0.705682,0.645111,-0.237121,0.415698,0.634247,-0.099946,0.518927,0.89877,-0.183132,0.531353,1.006479,-0.209038,0.526365,1.042189,-0.217495,0.331249,0.693114,-0.122687,0.430874,0.979077,-0.191743,0.429244,1.034269,-0.182376,0.41225,1.02161,-0.164649,0.25417,0.785345,-0.151048,0.338424,0.982974,-0.196217,0.349013,1.024838,-0.18673,0.334237,1.009285,-0.170066
1255,41833,True,0.9936,0.9936,0.345422,0.929293,0.0,0.446886,0.906649,-0.042513,0.548207,0.857038,-0.088474,0.647404,0.865907,-0.136041,0.73931,0.864167,-0.184972,0.513337,0.64627,-0.096565,0.577979,0.699307,-0.169622,0.642504,0.686392,-0.228559,0.709744,0.668102,-0.272028,0.422514,0.631998,-0.114491,0.525492,0.923553,-0.201302,0.54466,1.023619,-0.23131,0.548165,1.047177,-0.246387,0.335498,0.691284,-0.136112,0.431977,0.988637,-0.202725,0.419215,1.022986,-0.193348,0.393547,0.988609,-0.181663,0.25494,0.785143,-0.165152,0.334245,1.009382,-0.215266,0.338667,1.044046,-0.212265,0.316816,1.014041,-0.20291
1256,41866,True,0.9931,0.9931,0.341212,0.92927,0.0,0.441169,0.903278,-0.036279,0.539285,0.853037,-0.078818,0.633792,0.862109,-0.123532,0.722512,0.862325,-0.169676,0.505016,0.641123,-0.090719,0.569467,0.690927,-0.162559,0.637805,0.677849,-0.219313,0.708388,0.6623,-0.259994,0.416413,0.629603,-0.110387,0.514475,0.905242,-0.195704,0.522532,0.997672,-0.223661,0.510817,1.021606,-0.236605,0.330316,0.689252,-0.133357,0.425223,0.978821,-0.201104,0.415755,1.015142,-0.191657,0.390251,0.984738,-0.178216,0.251901,0.783402,-0.162704,0.331007,1.003847,-0.212082,0.338038,1.035392,-0.209127,0.318998,1.003708,-0.198821
1257,41900,True,0.9932,0.9932,0.331033,0.939988,0.0,0.438344,0.911072,-0.033249,0.533746,0.850669,-0.072892,0.625925,0.845222,-0.11465,0.715498,0.830161,-0.157215,0.484958,0.627606,-0.080527,0.53538,0.666016,-0.14815,0.594263,0.652413,-0.199777,0.661172,0.642738,-0.235814,0.399895,0.618664,-0.100551,0.50254,0.861757,-0.18408,0.521401,0.963359,-0.211688,0.525021,1.007782,-0.222603,0.317756,0.679725,-0.124004,0.415539,0.941527,-0.196897,0.426805,1.005408,-0.192447,0.42377,1.007903,-0.178839,0.243485,0.775045,-0.15228,0.318263,0.956023,-0.203418,0.336171,0.988316,-0.202099,0.33318,0.967196,-0.191864
1258,41933,True,0.9925,0.9925,0.320871,0.900153,0.0,0.429595,0.87141,-0.030598,0.525356,0.818986,-0.069177,0.613906,0.817363,-0.110335,0.70173,0.817517,-0.152338,0.460122,0.609292,-0.07785,0.500771,0.628246,-0.140241,0.550391,0.622896,-0.187556,0.607879,0.618422,-0.222051,0.376161,0.605543,-0.097463,0.474616,0.827099,-0.170883,0.509226,0.925406,-0.192014,0.52965,0.968285,-0.202598,0.29779,0.668494,-0.120826,0.39764,0.90304,-0.179149,0.413887,0.94651,-0.172407,0.41322,0.936628,-0.164218,0.233043,0.762095,-0.149676,0.309592,0.938456,-0.192128,0.326405,0.965934,-0.192683,0.321116,0.939571,-0.188385
1259,41966,True,0.9913,0.9913,0.304989,0.893457,0.0,0.416573,0.865311,-0.0348,0.51377,0.811633,-0.074284,0.602943,0.801488,-0.115376,0.690762,0.792029,-0.157189,0.441177,0.597747,-0.074416,0.477909,0.618582,-0.132817,0.523223,0.618762,-0.178361,0.577035,0.621321,-0.211799,0.354927,0.597445,-0.091208,0.450515,0.808637,-0.163958,0.492443,0.915846,-0.186706,0.519606,0.971349,-0.196848,0.276719,0.659975,-0.111873,0.373202,0.882113,-0.168938,0.394715,0.933297,-0.164462,0.400142,0.932811,-0.156758,0.213925,0.749366,-0.138351,0.288148,0.916882,-0.178782,0.313851,0.955252,-0.179025,0.318806,0.943018,-0.173814
1260,42000,True,0.9882,0.9882,0.292275,0.90453,0.0,0.402704,0.864623,-0.039474,0.49504,0.803747,-0.079506,0.586202,0.797749,-0.121166,0.673406,0.794724,-0.162002,0.425638,0.588651,-0.070754,0.453597,0.61579,-0.13269,0.4945,0.61695,-0.180248,0.546867,0.61676,-0.213819,0.33573,0.589369,-0.084269,0.426348,0.809008,-0.157288,0.471166,0.907317,-0.180675,0.503476,0.954333,-0.190677,0.255294,0.651266,-0.103229,0.350936,0.887099,-0.16024,0.369649,0.926446,-0.157915,0.373907,0.910618,-0.150806,0.190167,0.737798,-0.129027,0.265413,0.917074,-0.168933,0.282722,0.948617,-0.172148,0.279943,0.924451,-0.168359
1261,42033,True,0.9813,0.9813,0.288183,0.890598,0.0,0.393575,0.860007,-0.048855,0.48385,0.810932,-0.094636,0.572764,0.803881,-0.141525,0.659538,0.804475,-0.188231,0.424203,0.583729,-0.084328,0.45011,0.61455,-0.150998,0.481282,0.622032,-0.19997,0.521102,0.624483,-0.232418,0.328351,0.583264,-0.093254,0.408339,0.819549,-0.166662,0.457259,0.906872,-0.192671,0.495559,0.943509,-0.204773,0.244193,0.644754,-0.107767,0.330662,0.89186,-0.166123,0.373233,0.933282,-0.169478,0.404546,0.930596,-0.165219,0.175834,0.729232,-0.129516,0.243387,0.91036,-0.170537,0.276121,0.949327,-0.175903,0.295899,0.943046,-0.172359
1262,42066,True,0.9837,0.9837,0.282423,0.885143,0.0,0.383713,0.848848,-0.053723,0.469458,0.801447,-0.102885,0.558007,0.801047,-0.151912,0.640452,0.808864,-0.199964,0.40693,0.581241,-0.097126,0.428794,0.624526,-0.166217,0.457062,0.633548,-0.214506,0.490499,0.635368,-0.245944,0.305435,0.583795,-0.104684,0.381344,0.825355,-0.181995,0.433869,0.911112,-0.207281,0.473516,0.946356,-0.217879,0.220725,0.646661,-0.117583,0.311762,0.897252,-0.177837,0.362699,0.935721,-0.179289,0.400106,0.929713,-0.17309,0.15446,0.732256,-0.138297,0.228443,0.917076,-0.179423,0.268237,0.954386,-0.183349,0.295157,0.94644,-0.178649
1263,42100,True,0.9913,0.9913,0.281568,0.873031,0.0,0.375687,0.851116,-0.062932,0.455679,0.815672,-0.12172,0.548425,0.818289,-0.180357,0.632789,0.821572,-0.235488,0.392286,0.571197,-0.109222,0.410363,0.618942,-0.1851,0.428774,0.641501,-0.234632,0.451134,0.653353,-0.265725,0.2917,0.575988,-0.116386,0.373024,0.852796,-0.203349,0.431486,0.943098,-0.226426,0.473789,0.973703,-0.233111,0.208308,0.641146,-0.130433,0.305131,0.9197,-0.19454,0.358256,0.961797,-0.18747,0.38935,0.95289,-0.174356,0.144723,0.730664,-0.153997,0.222161,0.933764,-0.198095,0.252353,0.970464,-0.19848,0.26081,0.954141,-0.189549
1264,42133,True,0.9885,0.9885,0.290133,0.89007,-0.0,0.379143,0.866128,-0.057953,0.45845,0.827951,-0.114372,0.554916,0.839314,-0.171958,0.646594,0.841399,-0.226002,0.394848,0.578015,-0.101442,0.407085,0.623975,-0.177754,0.425083,0.64518,-0.228753,0.452474,0.658416,-0.260697,0.294538,0.577871,-0.109996,0.383554,0.862784,-0.202716,0.444722,0.964478,-0.227763,0.488107,1.012781,-0.232047,0.212123,0.644215,-0.124901,0.317817,0.9269,-0.187652,0.361857,0.970453,-0.174469,0.382204,0.964079,-0.155275,0.148473,0.737864,-0.149436,0.23059,0.942882,-0.19297,0.255949,0.977307,-0.189883,0.256436,0.956519,-0.176274
1265,42166,True,0.9783,0.9783,0.301347,0.891906,0.0,0.396697,0.867079,-0.064118,0.47702,0.831907,-0.122307,0.569813,0.844087,-0.180894,0.661371,0.841196,-0.239109,0.406695,0.591358,-0.112529,0.433693,0.647131,-0.197654,0.472598,0.655198,-0.260472,0.522569,0.652823,-0.301087,0.304808,0.596749,-0.118397,0.403985,0.86617,-0.212966,0.465145,0.956489,-0.242529,0.507325,0.992084,-0.252988,0.22119,0.667835,-0.131153,0.326652,0.936982,-0.198053,0.370053,0.982288,-0.190146,0.391907,0.979151,-0.175449,0.155165,0.762212,-0.154057,0.238943,0.968065,-0.20036,0.28129,1.008115,-0.199479,0.299022,0.998179,-0.188573
1266,42200,True,0.9787,0.9787,0.329069,0.915963,-0.0,0.416168,0.887628,-0.057608,0.493136,0.844573,-0.110114,0.579489,0.842277,-0.164166,0.657802,0.82974,-0.218239,0.42323,0.612717,-0.103308,0.481426,0.647215,-0.180925,0.536734,0.670893,-0.238973,0.591799,0.69134,-0.275808,0.327606,0.625169,-0.109673,0.437179,0.871245,-0.186941,0.46934,0.958059,-0.215023,0.480783,0.984469,-0.231449,0.246305,0.697105,-0.122087,0.354243,0.945375,-0.180266,0.369964,0.998177,-0.177812,0.3661,0.994188,-0.172179,0.179092,0.78886,-0.143139,0.262003,0.974215,-0.180647,0.282537,1.015502,-0.177417,0.27538,1.007397,-0.169461
1267,42233,True,0.9712,0.9712,0.343606,0.927145,-0.0,0.431792,0.901142,-0.064417,0.508115,0.853884,-0.118809,0.595916,0.848871,-0.171755,0.684053,0.837005,-0.223366,0.457174,0.62727,-0.114852,0.535795,0.712253,-0.197953,0.597904,0.749533,-0.256498,0.65274,0.768275,-0.293246,0.362594,0.638945,-0.118632,0.472984,0.914641,-0.189981,0.483203,0.992178,-0.208945,0.470491,0.98789,-0.222345,0.278657,0.714279,-0.129913,0.380901,0.974174,-0.183907,0.383842,1.010668,-0.169048,0.367474,0.973112,-0.157358,0.203618,0.808277,-0.151145,0.277765,0.992463,-0.188416,0.297498,1.029962,-0.178235,0.290233,1.009671,-0.165763
1268,42266,True,0.9849,0.9849,0.363009,0.901492,-0.0,0.453871,0.905986,-0.067769,0.535112,0.890889,-0.123712,0.613236,0.894765,-0.177359,0.68636,0.872711,-0.231556,0.484195,0.644594,-0.126825,0.557282,0.795369,-0.218362,0.604965,0.850941,-0.281951,0.644683,0.866561,-0.32012,0.379684,0.653986,-0.131137,0.472613,0.942092,-0.214525,0.473827,1.02419,-0.241359,0.453618,1.018202,-0.257871,0.287072,0.72127,-0.141445,0.369285,1.00804,-0.213093,0.370459,1.089608,-0.205171,0.354,1.088694,-0.191532,0.209894,0.809529,-0.160201,0.272126,1.012468,-0.207868,0.28886,1.073503,-0.20024,0.278016,1.074634,-0.186125
1269,42300,True,0.9886,0.9886,0.344928,0.902026,-0.0,0.446087,0.906936,-0.060632,0.531908,0.901196,-0.110668,0.610213,0.921921,-0.15748,0.688228,0.918062,-0.201877,0.47819,0.652458,-0.121461,0.530883,0.825431,-0.196333,0.553083,0.856034,-0.243158,0.570381,0.838921,-0.273264,0.376259,0.659459,-0.12595,0.455692,0.955884,-0.183041,0.460578,0.970367,-0.19377,0.446292,0.90995,-0.205584,0.285613,0.722649,-0.135691,0.36338,1.006141,-0.179396,0.375019,1.012002,-0.156203,0.366433,0.950603,-0.141298,0.206902,0.805084,-0.155632,0.26765,1.021791,-0.19425,0.278823,1.042625,-0.185517,0.261968,1.004151,-0.173799
1270,42333,True,0.9901,0.9901,0.339273,0.886786,-0.0,0.439616,0.884907,-0.061923,0.522502,0.887795,-0.115628,0.598657,0.91567,-0.166739,0.679128,0.936044,-0.216321,0.460379,0.664178,-0.126999,0.506661,0.834403,-0.204431,0.539417,0.910033,-0.252626,0.564119,0.939934,-0.281878,0.354155,0.676465,-0.131527,0.415295,0.966429,-0.197125,0.438537,1.038442,-0.211547,0.443939,1.037837,-0.223901,0.261299,0.733894,-0.141014,0.329844,1.015027,-0.193147,0.363588,1.062216,-0.181351,0.375577,1.046049,-0.172622,0.18615,0.807884,-0.159147,0.236794,1.019877,-0.197748,0.261826,1.064232,-0.191235,0.263472,1.054723,-0.182161
1271,42366,True,0.9896,0.9896,0.329456,0.866793,-1e-06,0.426043,0.876201,-0.067947,0.518446,0.899869,-0.128523,0.590889,0.932044,-0.185834,0.644944,0.951946,-0.243895,0.441048,0.672553,-0.149227,0.470423,0.895138,-0.24433,0.492863,1.028886,-0.302658,0.505027,1.090909,-0.332709,0.330594,0.694515,-0.153092,0.380246,0.951146,-0.231636,0.400781,1.074891,-0.249201,0.405685,1.129348,-0.259538,0.237244,0.745794,-0.161107,0.289233,0.989269,-0.226353,0.314029,1.096476,-0.214054,0.320217,1.144172,-0.199801,0.164578,0.812757,-0.177308,0.204881,1.000461,-0.218049,0.229402,1.087894,-0.205781,0.235007,1.128855,-0.190758
1272,42400,True,0.9927,0.9927,0.30772,0.855339,-1e-06,0.408339,0.886423,-0.080381,0.508052,0.922108,-0.152254,0.58456,0.966537,-0.216669,0.633069,0.990253,-0.277752,0.435498,0.684254,-0.175211,0.463065,0.919525,-0.271598,0.483567,1.046566,-0.324978,0.491586,1.084141,-0.354095,0.324395,0.695751,-0.174202,0.361894,0.976102,-0.245049,0.387008,1.053461,-0.251664,0.394166,1.042413,-0.260252,0.230028,0.743896,-0.178593,0.278952,1.011733,-0.225105,0.308554,1.054665,-0.19821,0.315668,1.021501,-0.183888,0.156207,0.807977,-0.194493,0.19854,1.016648,-0.220222,0.227612,1.059809,-0.202301,0.23211,1.04387,-0.189798
1273,42433,True,0.9593,0.9593,0.303541,0.871943,-0.0,0.405191,0.874871,-0.059951,0.504112,0.90925,-0.123319,0.583663,0.962204,-0.185476,0.640385,1.025355,-0.250029,0.43119,0.691215,-0.147869,0.480463,0.939115,-0.23725,0.502134,1.077783,-0.2944,0.508236,1.143008,-0.325555,0.320074,0.716289,-0.156141,0.386486,0.989463,-0.227448,0.408434,1.105291,-0.245731,0.410131,1.153398,-0.259941,0.224868,0.768146,-0.16662,0.292064,1.015808,-0.219712,0.316005,1.101822,-0.208665,0.31614,1.131285,-0.198946,0.147054,0.83251,-0.184879,0.19943,1.020393,-0.209914,0.227794,1.088002,-0.193047,0.233573,1.113864,-0.179324
1274,42466,True,0.9602,0.9602,0.311213,0.863931,-0.0,0.41585,0.876106,-0.059505,0.514954,0.910014,-0.122675,0.594054,0.962746,-0.185016,0.657796,1.010442,-0.250065,0.434606,0.703672,-0.142594,0.491932,0.945771,-0.23387,0.516772,1.068522,-0.297736,0.526817,1.113327,-0.335196,0.323271,0.734191,-0.152687,0.401738,1.012486,-0.216006,0.416263,1.092837,-0.235779,0.407784,1.095243,-0.25722,0.229994,0.792007,-0.166089,0.308914,1.042115,-0.214257,0.323821,1.097357,-0.204262,0.313028,1.087953,-0.200864,0.154169,0.859298,-0.187681,0.2151,1.049241,-0.210727,0.232369,1.100103,-0.192931,0.222484,1.102928,-0.182
1275,42500,True,0.8929,0.8929,0.328186,0.820255,-0.0,0.439458,0.839853,-0.058023,0.537335,0.890411,-0.120539,0.615643,0.950539,-0.182639,0.68217,0.976969,-0.2486,0.455005,0.711268,-0.145302,0.520027,0.924337,-0.227529,0.547867,1.028827,-0.28399,0.555294,1.066395,-0.318584,0.347462,0.748589,-0.155333,0.431646,1.004029,-0.213446,0.447,1.074016,-0.230734,0.43931,1.07132,-0.252671,0.254082,0.804078,-0.167387,0.335595,1.033501,-0.215352,0.350019,1.087075,-0.203529,0.33822,1.080594,-0.199606,0.17729,0.861201,-0.18696,0.237658,1.035073,-0.213993,0.254202,1.082194,-0.195128,0.243129,1.084352,-0.183565
1276,42533,True,0.9434,0.9434,0.332934,0.873007,-0.0,0.438708,0.875839,-0.046175,0.529583,0.897644,-0.098206,0.606742,0.948422,-0.152358,0.676875,1.006559,-0.209354,0.482868,0.695948,-0.111394,0.53855,0.929574,-0.195958,0.560287,1.06028,-0.254631,0.572065,1.118249,-0.287994,0.374899,0.723457,-0.127198,0.449186,1.008215,-0.192607,0.478269,1.11929,-0.211639,0.491031,1.146966,-0.227819,0.276389,0.776312,-0.147068,0.355439,1.033546,-0.203951,0.385613,1.115692,-0.196698,0.391478,1.126175,-0.188855,0.193486,0.836716,-0.172796,0.255064,1.023364,-0.202391,0.282512,1.082322,-0.186611,0.285821,1.089439,-0.173376
1277,42566,True,0.9696,0.9696,0.334906,0.879502,-0.0,0.438473,0.876423,-0.042326,0.525662,0.89477,-0.090762,0.607487,0.920377,-0.139443,0.689787,0.932327,-0.189201,0.48401,0.685314,-0.112162,0.545873,0.926045,-0.188423,0.571459,1.037958,-0.243833,0.584857,1.088493,-0.27748,0.375061,0.709729,-0.126974,0.457167,1.010241,-0.175894,0.472353,1.063052,-0.191301,0.465326,1.042632,-0.212227,0.279024,0.765776,-0.144703,0.362365,1.040728,-0.182394,0.380802,1.07704,-0.167001,0.373578,1.051108,-0.161592,0.199242,0.830503,-0.169259,0.261574,1.035002,-0.191259,0.278069,1.068069,-0.172927,0.264168,1.048979,-0.160429
1278,42600,True,0.978,0.978,0.331282,0.879997,-0.0,0.431057,0.871609,-0.043559,0.515515,0.878342,-0.090181,0.59632,0.903343,-0.13638,0.680711,0.914118,-0.182952,0.471353,0.660574,-0.113826,0.527265,0.83528,-0.186388,0.575857,0.920027,-0.234558,0.617863,0.967865,-0.262992,0.368454,0.67578,-0.124731,0.443815,0.970384,-0.182707,0.462414,1.052499,-0.192414,0.463453,1.065169,-0.201827,0.275697,0.733045,-0.13851,0.35163,1.012412,-0.183227,0.36594,1.052529,-0.162469,0.361255,1.030682,-0.147898,0.198753,0.802812,-0.159366,0.257425,1.012538,-0.188976,0.273513,1.049819,-0.173136,0.262735,1.032587,-0.157382
1279,42633,True,0.965,0.965,0.336821,0.878591,0.0,0.430003,0.883753,-0.055808,0.508295,0.880203,-0.106091,0.585599,0.900947,-0.155324,0.665623,0.897082,-0.203281,0.462178,0.643209,-0.118572,0.524703,0.774646,-0.196177,0.574491,0.837607,-0.246104,0.616092,0.869138,-0.275825,0.36189,0.644548,-0.124686,0.436878,0.943783,-0.191202,0.453448,1.008303,-0.20477,0.45136,0.998885,-0.214203,0.269719,0.701847,-0.135753,0.348488,1.001702,-0.193496,0.366634,1.056292,-0.175571,0.36517,1.041281,-0.157946,0.192196,0.776155,-0.154841,0.255663,1.006664,-0.200073,0.275623,1.057404,-0.190916,0.267247,1.04588,-0.175244
1280,42666,True,0.9771,0.9771,0.324806,0.884607,0.0,0.4175,0.889421,-0.063687,0.496842,0.870368,-0.119776,0.581186,0.889542,-0.174787,0.657676,0.882484,-0.227007,0.434949,0.63896,-0.120942,0.462067,0.687801,-0.200035,0.501575,0.703809,-0.250118,0.548614,0.70937,-0.281443,0.340506,0.626662,-0.124082,0.416042,0.930473,-0.19773,0.434146,0.988969,-0.207864,0.438129,0.964194,-0.210994,0.25665,0.685309,-0.134469,0.336278,0.988371,-0.193568,0.349362,1.012671,-0.167663,0.348744,0.967997,-0.143545,0.184427,0.767051,-0.155054,0.244029,0.997897,-0.207671,0.260462,1.028597,-0.201211,0.253422,0.994532,-0.184463
1281,42700,True,0.9801,0.9801,0.311626,0.89476,0.0,0.404352,0.896346,-0.070636,0.484369,0.870816,-0.132496,0.57886,0.884466,-0.193186,0.671887,0.885798,-0.251556,0.422007,0.640391,-0.126241,0.439751,0.686106,-0.213021,0.468786,0.684608,-0.271058,0.508712,0.668505,-0.308957,0.323909,0.619593,-0.12909,0.397404,0.925848,-0.216858,0.432851,0.993355,-0.233833,0.452632,0.977746,-0.238474,0.23911,0.675554,-0.140293,0.321493,0.989472,-0.211217,0.352575,1.025181,-0.191419,0.366649,0.98909,-0.168239,0.170867,0.758781,-0.162208,0.232351,0.990242,-0.221936,0.255989,1.031269,-0.220467,0.256789,1.006255,-0.206175
1282,42733,True,0.9818,0.9818,0.305452,0.897261,-0.0,0.395081,0.900914,-0.081983,0.477769,0.880999,-0.148777,0.570832,0.891279,-0.212477,0.661735,0.897214,-0.273712,0.421459,0.636196,-0.141087,0.431065,0.700852,-0.226473,0.448002,0.723885,-0.277956,0.469328,0.727837,-0.310128,0.320488,0.626267,-0.139597,0.365851,0.934112,-0.232525,0.392116,1.030209,-0.254357,0.404469,1.033402,-0.261859,0.23322,0.682377,-0.14537,0.285485,0.996135,-0.221076,0.315847,1.073475,-0.208478,0.330505,1.073848,-0.189764,0.161251,0.762505,-0.161851,0.202849,0.990881,-0.220544,0.233167,1.060802,-0.219574,0.245205,1.065949,-0.206597
1283,42766,True,0.9862,0.9862,0.30253,0.89835,-1e-06,0.39706,0.894964,-0.066129,0.483503,0.88468,-0.124765,0.574064,0.910328,-0.180552,0.662075,0.920247,-0.235969,0.423505,0.639225,-0.135201,0.430197,0.794418,-0.21335,0.432862,0.89104,-0.260568,0.437146,0.932721,-0.287761,0.320017,0.653849,-0.136929,0.346214,0.917911,-0.203997,0.361523,1.021701,-0.22012,0.370484,1.053116,-0.230762,0.231197,0.709634,-0.142776,0.268996,0.964019,-0.194926,0.293971,1.041465,-0.18488,0.305066,1.056369,-0.175466,0.156076,0.7822,-0.157153,0.189976,0.977011,-0.192551,0.22024,1.048834,-0.184621,0.236006,1.065571,-0.173242
1284,42800,True,0.9739,0.9739,0.313107,0.892189,-1e-06,0.408685,0.897004,-0.066732,0.500008,0.90729,-0.126482,0.580143,0.933473,-0.182825,0.660365,0.949209,-0.241233,0.429346,0.688102,-0.145878,0.443917,0.909818,-0.237875,0.456293,1.033227,-0.299936,0.465906,1.098029,-0.333127,0.318963,0.704831,-0.146394,0.345009,0.962582,-0.216358,0.36344,1.07463,-0.234338,0.37221,1.131678,-0.247211,0.225839,0.754726,-0.150668,0.257783,0.996048,-0.204632,0.279425,1.090171,-0.192823,0.286349,1.138666,-0.181233,0.152014,0.820396,-0.163558,0.180777,1.005141,-0.194517,0.202211,1.081796,-0.181438,0.207602,1.120827,-0.167432
1285,42833,True,0.9371,0.9371,0.295019,0.720039,-0.0,0.401235,0.75687,-0.05994,0.498607,0.852055,-0.128325,0.564152,0.952206,-0.193647,0.596607,1.035471,-0.265174,0.424329,0.726192,-0.180895,0.460913,0.986141,-0.260776,0.474993,1.0645,-0.312342,0.473754,1.073935,-0.346552,0.313556,0.755687,-0.189257,0.359229,1.042736,-0.244582,0.374238,1.090124,-0.253067,0.372204,1.07129,-0.272479,0.218445,0.803472,-0.196375,0.270523,1.066571,-0.23665,0.291989,1.101783,-0.216092,0.295522,1.079711,-0.210875,0.143507,0.857854,-0.212405,0.186042,1.068732,-0.234395,0.209857,1.104994,-0.213896,0.214389,1.096545,-0.205747
1286,42866,True,0.9956,0.9956,0.334466,0.866238,1e-06,0.427828,0.874113,-0.052902,0.488752,0.936051,-0.115146,0.495373,1.031078,-0.162659,0.492797,1.111485,-0.209002,0.4317,0.773994,-0.213872,0.448639,1.00036,-0.269141,0.458466,1.1167,-0.279233,0.463866,1.183073,-0.28051,0.320552,0.766294,-0.214985,0.349087,1.048151,-0.270444,0.367524,1.134495,-0.252159,0.375742,1.168801,-0.238752,0.231129,0.798683,-0.20982,0.262847,1.068985,-0.247262,0.283154,1.150347,-0.206877,0.294367,1.179001,-0.179144,0.168102,0.856095,-0.20767,0.189287,1.050564,-0.227294,0.2063,1.121265,-0.19975,0.220048,1.149525,-0.181877
1287,42900,True,0.8434,0.8434,0.282404,0.693858,0.0,0.387189,0.743084,-0.054431,0.467857,0.856337,-0.120127,0.49859,0.974081,-0.178513,0.473673,1.048498,-0.243438,0.416672,0.779973,-0.186237,0.448027,0.993698,-0.259215,0.4453,0.997855,-0.303225,0.436639,0.958846,-0.332995,0.324575,0.796981,-0.188998,0.36281,1.030327,-0.239357,0.361128,1.003189,-0.243035,0.351692,0.937461,-0.257058,0.239665,0.830488,-0.188519,0.280824,1.038988,-0.227067,0.289318,1.008443,-0.202577,0.290635,0.941584,-0.191435,0.172136,0.865705,-0.194979,0.204715,1.023642,-0.226537,0.215767,1.01102,-0.213636,0.218634,0.96461,-0.206337
1288,42933,True,0.9974,0.9974,0.340947,0.884487,1e-06,0.417327,0.877326,-0.060617,0.477952,0.902494,-0.128696,0.505953,0.957247,-0.18056,0.528076,0.998816,-0.232677,0.428801,0.732423,-0.228067,0.470173,0.925428,-0.289619,0.491507,1.038408,-0.30546,0.497024,1.109965,-0.310023,0.328126,0.736299,-0.225463,0.376556,0.990125,-0.286035,0.401214,1.083672,-0.273463,0.405692,1.132783,-0.263015,0.242708,0.780234,-0.216425,0.286265,1.033641,-0.263369,0.313801,1.101032,-0.226517,0.319081,1.118031,-0.197965,0.178754,0.847584,-0.209945,0.211315,1.030171,-0.237556,0.229804,1.082958,-0.211505,0.232151,1.094965,-0.192431
1289,42966,True,0.9809,0.9809,0.312482,0.910472,-0.0,0.395694,0.905787,-0.069068,0.469499,0.900128,-0.128523,0.545554,0.925626,-0.18306,0.628518,0.947737,-0.236204,0.430803,0.686993,-0.13201,0.474407,0.902764,-0.222345,0.479227,1.002663,-0.279209,0.479239,1.029253,-0.310739,0.334544,0.703764,-0.131033,0.382086,0.956141,-0.194627,0.382922,1.008325,-0.21086,0.368899,0.983057,-0.225644,0.251285,0.759657,-0.13661,0.299552,0.990514,-0.186504,0.300906,1.023314,-0.177901,0.284064,0.988323,-0.172207,0.180754,0.829467,-0.151046,0.212601,0.986547,-0.179728,0.220389,1.02882,-0.171615,0.210195,1.018795,-0.164219
1290,43000,True,0.9815,0.9815,0.310932,0.887971,-0.0,0.393447,0.882144,-0.056583,0.47006,0.869148,-0.106645,0.555591,0.881207,-0.155219,0.644816,0.887418,-0.203781,0.430952,0.646909,-0.112109,0.454216,0.825032,-0.188092,0.472317,0.909785,-0.235242,0.492541,0.943406,-0.262314,0.33318,0.655733,-0.116438,0.375956,0.91948,-0.181208,0.388146,1.024446,-0.195962,0.393342,1.056456,-0.205344,0.244137,0.704019,-0.125478,0.294708,0.964859,-0.182932,0.305932,1.054244,-0.172815,0.304611,1.073588,-0.160921,0.166675,0.770339,-0.141492,0.209142,0.96751,-0.178891,0.231059,1.04362,-0.170223,0.233227,1.061203,-0.157875
1291,43033,True,0.9842,0.9842,0.312625,0.849036,0.0,0.397709,0.848738,-0.062403,0.474424,0.832752,-0.11691,0.566795,0.860018,-0.168083,0.655885,0.870937,-0.214617,0.412327,0.605038,-0.118985,0.432751,0.711447,-0.191045,0.452034,0.740816,-0.233494,0.469555,0.74098,-0.258807,0.317623,0.613797,-0.119196,0.378778,0.903713,-0.174268,0.403792,0.926397,-0.175834,0.412322,0.882439,-0.177353,0.235769,0.674678,-0.126265,0.306647,0.957003,-0.165025,0.324911,0.948184,-0.133519,0.326131,0.883616,-0.110843,0.165474,0.753047,-0.144298,0.221674,0.970628,-0.180348,0.23845,0.976013,-0.16944,0.231478,0.923989,-0.153763
1292,43066,True,0.9819,0.9819,0.306531,0.87782,0.0,0.392485,0.873324,-0.064062,0.476116,0.836525,-0.120111,0.569854,0.836548,-0.175394,0.663445,0.837239,-0.228837,0.423601,0.628797,-0.118638,0.444238,0.634696,-0.196723,0.463634,0.616489,-0.248681,0.491076,0.593509,-0.281871,0.322541,0.600224,-0.120894,0.393919,0.876153,-0.21114,0.450413,0.969701,-0.229164,0.486421,1.001459,-0.22955,0.23502,0.652701,-0.129403,0.319218,0.935977,-0.198463,0.36532,0.996276,-0.18134,0.387027,1.002894,-0.157082,0.165508,0.735438,-0.147172,0.225445,0.940229,-0.197332,0.249691,0.98454,-0.193768,0.249086,0.977925,-0.178179
1293,43100,True,0.9778,0.9778,0.308147,0.866488,0.0,0.395723,0.854013,-0.059578,0.482443,0.818835,-0.113694,0.578375,0.826991,-0.167809,0.672889,0.837219,-0.22155,0.424477,0.619762,-0.12295,0.460458,0.629776,-0.199878,0.482583,0.584481,-0.253755,0.511049,0.525469,-0.292345,0.32356,0.589613,-0.128342,0.398257,0.875918,-0.211459,0.438994,0.941462,-0.227306,0.46035,0.938363,-0.231991,0.236528,0.643494,-0.1392,0.322627,0.938825,-0.205329,0.35885,0.976971,-0.185585,0.37177,0.956863,-0.16333,0.168478,0.728217,-0.159507,0.23421,0.944173,-0.213588,0.256578,0.979989,-0.211426,0.253677,0.960309,-0.19858
1294,43133,True,0.9844,0.9844,0.306478,0.892932,0.0,0.395077,0.878917,-0.058413,0.483232,0.840569,-0.112632,0.579292,0.845684,-0.166307,0.670235,0.8415,-0.219468,0.427393,0.641107,-0.12876,0.461952,0.643024,-0.207984,0.484882,0.595307,-0.262547,0.515741,0.534637,-0.301889,0.324709,0.609355,-0.135282,0.395497,0.896412,-0.223612,0.436674,0.970258,-0.239781,0.460878,0.97537,-0.244051,0.237032,0.662661,-0.146942,0.321714,0.959026,-0.212778,0.353321,0.994903,-0.189634,0.362867,0.97176,-0.16637,0.167497,0.748583,-0.168412,0.233563,0.96549,-0.223154,0.253152,0.996033,-0.221047,0.248642,0.966979,-0.208702
1295,43166,True,0.9793,0.9793,0.310323,0.915524,-0.0,0.396571,0.910582,-0.059615,0.483291,0.873679,-0.115553,0.580453,0.877776,-0.170127,0.676026,0.874831,-0.225337,0.430605,0.673227,-0.13779,0.458675,0.667968,-0.218202,0.481175,0.629724,-0.272758,0.511379,0.5777,-0.312193,0.329593,0.63418,-0.142702,0.389272,0.919566,-0.231448,0.405888,1.000671,-0.250655,0.409274,0.99746,-0.259474,0.239985,0.680256,-0.151688,0.311324,0.983656,-0.2256,0.325432,1.048909,-0.212221,0.32447,1.042678,-0.195382,0.167115,0.75998,-0.168764,0.221815,0.98348,-0.229815,0.238189,1.040866,-0.232012,0.233298,1.034272,-0.223246
1296,43200,True,0.9833,0.9833,0.304948,0.921592,0.0,0.395319,0.919563,-0.065476,0.482196,0.88775,-0.127147,0.579936,0.89748,-0.1877,0.680475,0.909629,-0.249869,0.433024,0.687145,-0.145568,0.460336,0.684758,-0.227417,0.482871,0.648831,-0.283578,0.513413,0.59737,-0.325313,0.329355,0.651192,-0.151845,0.392271,0.935025,-0.2478,0.407549,1.036594,-0.271266,0.409324,1.048557,-0.281859,0.237535,0.699468,-0.16191,0.310138,1.003316,-0.240579,0.321842,1.086576,-0.227969,0.317591,1.092628,-0.210975,0.162876,0.781568,-0.180675,0.215009,1.005029,-0.241587,0.229411,1.074201,-0.241372,0.221426,1.076417,-0.231481
1297,43233,True,0.9814,0.9814,0.301106,0.90706,0.0,0.392328,0.905757,-0.055792,0.4805,0.878145,-0.109844,0.577161,0.894157,-0.164914,0.671888,0.904356,-0.221923,0.432131,0.686068,-0.132295,0.46055,0.68914,-0.208514,0.485319,0.652303,-0.260083,0.519333,0.602081,-0.298568,0.329241,0.648575,-0.141386,0.392964,0.944583,-0.231804,0.408988,1.042525,-0.252527,0.411902,1.050205,-0.261349,0.238055,0.695624,-0.153764,0.308826,1.009445,-0.230419,0.317576,1.08799,-0.217448,0.312766,1.089131,-0.199685,0.163213,0.775598,-0.173997,0.214513,1.006223,-0.236379,0.227555,1.074174,-0.237578,0.219996,1.076093,-0.22774
1298,43266,True,0.9659,0.9659,0.283388,0.907232,-0.0,0.383056,0.905936,-0.051088,0.477069,0.873278,-0.101776,0.574306,0.876796,-0.153095,0.668782,0.873961,-0.205806,0.416186,0.677791,-0.122026,0.44174,0.681532,-0.196076,0.468016,0.642666,-0.2472,0.504379,0.596866,-0.284441,0.319667,0.644657,-0.131873,0.388563,0.933627,-0.218977,0.397821,1.02825,-0.239067,0.397398,1.03226,-0.246988,0.231796,0.693337,-0.145,0.312208,1.004264,-0.22412,0.318266,1.088762,-0.212512,0.313036,1.094381,-0.193749,0.15847,0.7724,-0.16482,0.215912,0.999373,-0.229024,0.225066,1.066428,-0.22982,0.213544,1.06638,-0.218698
1299,43300,True,0.9692,0.9692,0.278606,0.904873,0.0,0.38293,0.902637,-0.052767,0.47461,0.867874,-0.102606,0.569461,0.866476,-0.152191,0.658451,0.851752,-0.201933,0.395334,0.66222,-0.114357,0.410988,0.676536,-0.186363,0.433115,0.645307,-0.2392,0.463276,0.610424,-0.277607,0.297083,0.633791,-0.123158,0.365619,0.911538,-0.202682,0.384856,0.972621,-0.226509,0.38989,0.959345,-0.239873,0.211558,0.68506,-0.135957,0.29642,0.989151,-0.202029,0.315848,1.047548,-0.190154,0.320799,1.039913,-0.175526,0.141602,0.768241,-0.156831,0.209286,0.987911,-0.213723,0.224045,1.032979,-0.214928,0.217139,1.019313,-0.206005
1300,43333,True,0.9785,0.9785,0.268018,0.889255,0.0,0.365872,0.887505,-0.053876,0.45669,0.853052,-0.100238,0.539442,0.857597,-0.145337,0.624533,0.845639,-0.188759,0.382137,0.662727,-0.113373,0.391087,0.680097,-0.187746,0.404478,0.651723,-0.240358,0.429627,0.623052,-0.275415,0.279581,0.629261,-0.11749,0.338181,0.929668,-0.185249,0.36199,0.954677,-0.194922,0.37115,0.922611,-0.198045,0.192574,0.680107,-0.127341,0.257997,0.986187,-0.178519,0.278943,0.976992,-0.147022,0.287709,0.919372,-0.120155,0.119595,0.758956,-0.147627,0.177109,0.986947,-0.20121,0.201139,0.996011,-0.194281,0.205085,0.950279,-0.176089
1301,43366,True,0.9862,0.9862,0.25579,0.90689,-0.0,0.351689,0.895135,-0.052512,0.435629,0.85249,-0.099874,0.51478,0.850327,-0.145711,0.602918,0.834701,-0.188641,0.367896,0.660765,-0.113865,0.371317,0.679319,-0.191913,0.368672,0.660676,-0.245391,0.372979,0.638478,-0.280245,0.261859,0.623794,-0.118251,0.312793,0.922593,-0.190604,0.356265,0.976491,-0.197996,0.384605,0.968144,-0.197284,0.172212,0.671016,-0.128587,0.238537,0.983279,-0.178334,0.273667,0.991067,-0.142021,0.294439,0.943334,-0.111498,0.100087,0.749426,-0.149653,0.157118,0.980952,-0.196463,0.189251,0.999874,-0.184748,0.2012,0.958012,-0.163745
1302,43400,True,0.988,0.988,0.24471,0.904249,-0.0,0.341562,0.895384,-0.065133,0.429111,0.856644,-0.122367,0.513617,0.850772,-0.175983,0.60509,0.840367,-0.22708,0.371343,0.659017,-0.1381,0.372959,0.675494,-0.226755,0.362287,0.656967,-0.285298,0.353838,0.632617,-0.323878,0.259172,0.618384,-0.140092,0.300762,0.906221,-0.231258,0.355356,0.990409,-0.245227,0.396043,1.003337,-0.24565,0.164919,0.66185,-0.148198,0.229522,0.973802,-0.214304,0.282548,1.018174,-0.186086,0.318953,1.002478,-0.157516,0.092384,0.738541,-0.167098,0.148774,0.967767,-0.222258,0.192253,1.014325,-0.216031,0.217607,0.999116,-0.198321
1303,43433,True,0.9867,0.9867,0.251305,0.881114,-0.0,0.348316,0.884172,-0.065478,0.43497,0.856678,-0.121523,0.514303,0.860286,-0.174221,0.600935,0.853029,-0.223722,0.370348,0.659999,-0.138175,0.378785,0.679803,-0.222606,0.37415,0.662276,-0.275657,0.371753,0.633657,-0.30944,0.261643,0.620898,-0.138555,0.298193,0.918369,-0.215918,0.343872,0.964375,-0.220001,0.374095,0.943222,-0.216636,0.169788,0.664339,-0.145613,0.226402,0.97327,-0.201975,0.27186,0.986345,-0.163502,0.299621,0.946421,-0.129154,0.098126,0.735819,-0.16439,0.148204,0.960365,-0.216702,0.183261,0.984902,-0.20598,0.198136,0.953893,-0.184058
1304,43466,True,0.9823,0.9823,0.260926,0.890242,-0.0,0.351262,0.87712,-0.064786,0.429385,0.855287,-0.122915,0.516066,0.865847,-0.179993,0.604408,0.866549,-0.234746,0.358268,0.614622,-0.125626,0.394381,0.694889,-0.206999,0.413594,0.738365,-0.257378,0.426606,0.753021,-0.28726,0.258028,0.624893,-0.129939,0.336276,0.905876,-0.204696,0.366724,0.977802,-0.220075,0.37713,0.977363,-0.228591,0.173884,0.68854,-0.140814,0.261028,0.968897,-0.199825,0.290224,1.019026,-0.186738,0.297117,1.00791,-0.173156,0.105905,0.770956,-0.161221,0.177381,0.977988,-0.205282,0.205769,1.027106,-0.201248,0.208778,1.021981,-0.190541
1305,43500,True,0.9938,0.9938,0.278854,0.897593,-1e-06,0.372831,0.89553,-0.071767,0.45969,0.886526,-0.135102,0.543161,0.902745,-0.19413,0.632355,0.904662,-0.250215,0.399997,0.637621,-0.143973,0.440147,0.831272,-0.235443,0.472194,0.944892,-0.289741,0.493914,0.982739,-0.321197,0.297297,0.654169,-0.146786,0.352679,0.920194,-0.221849,0.373907,1.025267,-0.236436,0.378841,1.040431,-0.246955,0.206681,0.714452,-0.155746,0.265876,0.972457,-0.214222,0.289477,1.045831,-0.199884,0.29298,1.040358,-0.188963,0.131451,0.790118,-0.174241,0.175544,0.980462,-0.210075,0.201967,1.043981,-0.19938,0.204873,1.041341,-0.189068
1306,43533,True,0.975,0.975,0.28772,0.809656,-0.0,0.382521,0.816295,-0.065446,0.466281,0.86076,-0.132961,0.543904,0.916946,-0.196543,0.632635,0.952537,-0.261223,0.408845,0.66869,-0.172344,0.451757,0.892358,-0.268148,0.475002,1.01365,-0.326528,0.483939,1.076833,-0.35777,0.298214,0.694119,-0.176886,0.352204,0.973339,-0.252107,0.381167,1.077125,-0.265801,0.39048,1.114987,-0.278163,0.205444,0.746177,-0.183678,0.265859,1.011511,-0.240155,0.294733,1.092187,-0.224292,0.300685,1.1149,-0.212697,0.133016,0.808739,-0.198728,0.180189,1.008473,-0.228849,0.203934,1.075772,-0.211827,0.204973,1.097389,-0.198175
1307,43566,True,0.9779,0.9779,0.286823,0.82961,-0.0,0.383377,0.846906,-0.064025,0.469672,0.885235,-0.12442,0.537631,0.932349,-0.180916,0.596155,0.970989,-0.239235,0.396511,0.700527,-0.152795,0.423675,0.918322,-0.232203,0.448339,1.012979,-0.283233,0.465622,1.038683,-0.314309,0.286722,0.723113,-0.156768,0.330981,0.995196,-0.217052,0.353692,1.059442,-0.230791,0.362121,1.054042,-0.247321,0.19482,0.769499,-0.163054,0.244837,1.024945,-0.211905,0.271728,1.070138,-0.200773,0.281305,1.05448,-0.195866,0.122182,0.824186,-0.177588,0.161555,1.022364,-0.208467,0.188523,1.06903,-0.196045,0.197694,1.0663,-0.187304
1308,43600,True,0.9868,0.9868,0.265279,0.789421,-0.0,0.364178,0.833762,-0.077771,0.456017,0.901153,-0.153251,0.532816,0.971229,-0.219914,0.595756,1.012925,-0.286952,0.380193,0.719883,-0.192928,0.398974,0.96703,-0.275755,0.415881,1.037252,-0.323667,0.420862,1.032341,-0.353994,0.271173,0.742045,-0.19231,0.311416,1.024395,-0.250232,0.331865,1.046587,-0.253544,0.333183,0.999195,-0.266157,0.181793,0.785947,-0.193251,0.22705,1.045758,-0.230619,0.252446,1.048812,-0.199295,0.258404,0.990782,-0.185889,0.11209,0.839521,-0.205662,0.150026,1.036342,-0.228838,0.176436,1.048714,-0.20685,0.183422,1.011944,-0.194181
1309,43633,True,0.9731,0.9731,0.247578,0.829617,-0.0,0.346071,0.849894,-0.067374,0.433656,0.900875,-0.131324,0.514235,0.969855,-0.190064,0.574479,1.004159,-0.248982,0.360509,0.703092,-0.163143,0.363461,0.927774,-0.244048,0.374612,1.032588,-0.294809,0.379209,1.070191,-0.325942,0.245831,0.723875,-0.166657,0.274785,1.008043,-0.231717,0.299029,1.088953,-0.247551,0.309511,1.100777,-0.264988,0.153983,0.76801,-0.17193,0.197319,1.037245,-0.221177,0.223927,1.087968,-0.205775,0.233098,1.074862,-0.198388,0.082889,0.82389,-0.186391,0.125082,1.038151,-0.22094,0.158763,1.0899,-0.208516,0.173653,1.088849,-0.19908
1310,43666,True,0.9897,0.9897,0.234745,0.899454,-0.0,0.32806,0.909855,-0.066878,0.419894,0.924208,-0.129336,0.502865,0.9708,-0.185183,0.580262,1.012747,-0.23998,0.347774,0.692693,-0.153186,0.334513,0.942679,-0.226957,0.324363,1.02838,-0.270666,0.317503,1.037029,-0.298341,0.234966,0.705623,-0.153692,0.249576,0.989136,-0.203374,0.264633,1.029199,-0.208614,0.272664,1.002797,-0.220452,0.143964,0.748824,-0.156731,0.172715,1.023033,-0.188025,0.192402,1.039814,-0.164785,0.197548,0.990452,-0.155885,0.073005,0.807627,-0.170493,0.106684,1.021381,-0.190699,0.133656,1.051217,-0.17538,0.143452,1.021132,-0.165817
1311,43700,True,0.9855,0.9855,0.226274,0.909034,-0.0,0.320815,0.916164,-0.062559,0.41099,0.908799,-0.117001,0.494275,0.934795,-0.16651,0.57439,0.961596,-0.213043,0.338369,0.671886,-0.134071,0.328,0.866027,-0.200719,0.30004,0.945305,-0.238958,0.268508,0.96924,-0.261273,0.230249,0.679708,-0.132119,0.240731,0.965504,-0.172856,0.269276,0.995136,-0.172752,0.290205,0.971901,-0.179119,0.142163,0.724847,-0.13381,0.165147,0.99946,-0.156542,0.200052,1.009896,-0.125998,0.221567,0.973564,-0.109712,0.072507,0.786624,-0.147002,0.102937,0.998896,-0.165548,0.140313,1.02734,-0.147972,0.162244,1.00957,-0.132652
1312,43733,True,0.9914,0.9914,0.23063,0.90205,-0.0,0.325629,0.896352,-0.063763,0.411864,0.885635,-0.116943,0.49778,0.921294,-0.164679,0.58407,0.949268,-0.208303,0.334914,0.661644,-0.130775,0.325985,0.851112,-0.196256,0.309022,0.91841,-0.2333,0.289444,0.934689,-0.256715,0.231,0.668132,-0.12909,0.239224,0.958031,-0.176946,0.278215,0.986029,-0.182861,0.306825,0.957516,-0.192467,0.146287,0.713883,-0.131459,0.171685,0.994362,-0.161901,0.213857,1.00344,-0.141722,0.240081,0.96165,-0.131839,0.081351,0.779741,-0.14485,0.112205,0.998425,-0.172423,0.159362,1.027851,-0.165945,0.193945,1.008411,-0.158427
1313,43766,True,0.993,0.993,0.24454,0.880433,-0.0,0.336672,0.874863,-0.080429,0.42264,0.867024,-0.146707,0.51885,0.909,-0.208086,0.604098,0.947587,-0.266272,0.340327,0.643888,-0.144522,0.354671,0.758228,-0.225887,0.36317,0.797123,-0.275186,0.36816,0.795248,-0.305873,0.242215,0.661124,-0.141087,0.283494,0.938986,-0.208888,0.314383,0.978054,-0.221577,0.328723,0.945453,-0.231729,0.163642,0.719652,-0.144851,0.216816,0.999791,-0.191602,0.248626,1.01372,-0.175216,0.260969,0.965871,-0.1642,0.104579,0.791141,-0.161137,0.146948,1.009876,-0.195901,0.181967,1.037306,-0.191126,0.201706,1.010596,-0.18329
1314,43800,True,0.9905,0.9905,0.277922,0.894435,0.0,0.36795,0.88944,-0.072804,0.451926,0.860168,-0.133543,0.534696,0.882228,-0.192058,0.608138,0.904411,-0.249984,0.38066,0.657683,-0.141721,0.404491,0.692746,-0.227708,0.425614,0.691637,-0.28304,0.447153,0.679574,-0.318187,0.278989,0.654521,-0.142682,0.335524,0.931816,-0.224516,0.373136,0.9981,-0.239089,0.393635,0.993676,-0.245183,0.193164,0.716141,-0.150817,0.258835,1.001498,-0.210929,0.295878,1.029439,-0.191995,0.314216,0.995936,-0.174477,0.124922,0.794591,-0.170419,0.173825,1.011588,-0.217635,0.20618,1.05234,-0.21301,0.219657,1.035278,-0.201488
1315,43833,True,0.9935,0.9935,0.301602,0.898136,-0.0,0.391087,0.902318,-0.077058,0.472792,0.88789,-0.144468,0.549518,0.901522,-0.208757,0.617815,0.908924,-0.272149,0.412447,0.65387,-0.159347,0.437357,0.718362,-0.255654,0.467457,0.747132,-0.314615,0.495421,0.760108,-0.349614,0.303333,0.643906,-0.160929,0.368429,0.927039,-0.25451,0.396691,1.020706,-0.271826,0.406433,1.046056,-0.277798,0.210908,0.702147,-0.169346,0.280949,0.993264,-0.241631,0.309254,1.056836,-0.225567,0.319561,1.056091,-0.207574,0.137438,0.78534,-0.188339,0.190756,1.003419,-0.240731,0.218441,1.065711,-0.236996,0.225821,1.066924,-0.225429
1316,43866,True,0.9905,0.9905,0.298467,0.886405,-0.0,0.387908,0.897898,-0.078128,0.472689,0.886859,-0.144774,0.552824,0.900307,-0.207625,0.621315,0.903697,-0.268783,0.414863,0.663771,-0.164844,0.442756,0.7055,-0.257552,0.473841,0.731968,-0.311973,0.502826,0.749896,-0.344001,0.306541,0.645869,-0.164043,0.365976,0.944331,-0.255978,0.389143,1.043341,-0.271968,0.395207,1.067989,-0.27721,0.214922,0.699549,-0.169229,0.284161,1.006347,-0.239955,0.312324,1.073427,-0.221883,0.321054,1.074258,-0.202527,0.142449,0.777827,-0.184817,0.192114,1.000054,-0.238291,0.214256,1.06466,-0.233343,0.215484,1.069155,-0.219886
1317,43900,True,0.9885,0.9885,0.286003,0.878478,-0.0,0.377351,0.882586,-0.074979,0.460297,0.87203,-0.139849,0.544109,0.886231,-0.202379,0.620398,0.891784,-0.263554,0.402582,0.642437,-0.149168,0.442202,0.707923,-0.242409,0.472243,0.732147,-0.301395,0.495794,0.738527,-0.337057,0.297188,0.62631,-0.150152,0.355977,0.917496,-0.242234,0.394959,1.014241,-0.260226,0.415271,1.038898,-0.265909,0.206365,0.679625,-0.158197,0.275809,0.98465,-0.227998,0.312551,1.053078,-0.211109,0.327143,1.057295,-0.191238,0.136453,0.758182,-0.177012,0.190604,0.979437,-0.228935,0.215947,1.039355,-0.225671,0.216589,1.0426,-0.213229
1318,43933,True,0.9878,0.9878,0.274189,0.885841,0.0,0.367283,0.882034,-0.063851,0.447814,0.863916,-0.120139,0.529148,0.878328,-0.176161,0.609437,0.876572,-0.231408,0.379441,0.628301,-0.120154,0.401266,0.6796,-0.202554,0.423278,0.690217,-0.257787,0.446004,0.682819,-0.292964,0.277549,0.614568,-0.125255,0.336455,0.894745,-0.20853,0.377875,0.975203,-0.22861,0.404482,0.982657,-0.236025,0.19028,0.669812,-0.136965,0.259565,0.96334,-0.201349,0.302319,1.012852,-0.186163,0.328056,0.997519,-0.16776,0.119862,0.749613,-0.158585,0.176009,0.970176,-0.210562,0.213224,1.023278,-0.207176,0.230193,1.015745,-0.193362
1319,43966,True,0.9923,0.9923,0.245172,0.899771,0.0,0.338966,0.885721,-0.061227,0.42406,0.85683,-0.116459,0.512042,0.864055,-0.172589,0.598343,0.864216,-0.228277,0.358059,0.630081,-0.110746,0.367765,0.634575,-0.191342,0.393215,0.642745,-0.24644,0.428948,0.652316,-0.280949,0.257899,0.605731,-0.115993,0.31169,0.860361,-0.207065,0.366463,0.968539,-0.235203,0.409728,1.013607,-0.243848,0.171435,0.65613,-0.127307,0.241664,0.935214,-0.201852,0.302801,1.013755,-0.200295,0.347062,1.038249,-0.186665,0.103837,0.733739,-0.146704,0.157943,0.941423,-0.204492,0.201002,1.01105,-0.208827,0.226941,1.027477,-0.198566
1320,44000,True,0.9873,0.9873,0.240051,0.886482,-0.0,0.332583,0.872104,-0.055409,0.415605,0.844738,-0.106141,0.502151,0.854575,-0.157726,0.587155,0.850427,-0.209712,0.350975,0.637209,-0.10955,0.36354,0.649118,-0.18323,0.378867,0.63559,-0.23497,0.404167,0.621295,-0.269842,0.248479,0.605702,-0.115777,0.301815,0.862181,-0.202148,0.358568,0.960283,-0.227746,0.404153,1.001329,-0.235744,0.160502,0.650204,-0.126407,0.231656,0.927864,-0.19541,0.287571,0.998514,-0.19035,0.328047,1.017048,-0.175785,0.093156,0.725296,-0.145071,0.149746,0.934425,-0.20003,0.187847,0.997918,-0.203553,0.208945,1.009811,-0.193781
1321,44033,True,0.9912,0.9912,0.234375,0.876771,-0.0,0.327132,0.867704,-0.060171,0.41231,0.832862,-0.108143,0.496014,0.850007,-0.153904,0.580552,0.850293,-0.195305,0.352397,0.640014,-0.117276,0.35535,0.647281,-0.197371,0.343796,0.650407,-0.24492,0.331552,0.651594,-0.271731,0.25367,0.602094,-0.116286,0.270401,0.896737,-0.193619,0.308678,0.953972,-0.20025,0.335781,0.946996,-0.194633,0.164621,0.643786,-0.122502,0.198662,0.956261,-0.177466,0.246766,0.977696,-0.144829,0.278897,0.942211,-0.11199,0.090549,0.712936,-0.139479,0.126439,0.940618,-0.188267,0.164628,0.970575,-0.177811,0.18544,0.941055,-0.154612
1322,44066,True,0.9957,0.9957,0.212905,0.863686,-0.0,0.310606,0.859247,-0.067672,0.394217,0.843697,-0.12262,0.47892,0.867097,-0.169432,0.563998,0.87581,-0.209366,0.329955,0.605596,-0.135979,0.313356,0.766926,-0.200836,0.296069,0.832514,-0.234342,0.27539,0.847054,-0.255224,0.230277,0.613707,-0.133238,0.233486,0.893923,-0.181102,0.262945,0.902171,-0.183746,0.279609,0.857698,-0.189667,0.147341,0.665619,-0.135119,0.168751,0.941842,-0.165105,0.206518,0.926641,-0.136097,0.227797,0.863361,-0.119109,0.07997,0.738207,-0.148366,0.106079,0.944633,-0.179916,0.1433,0.945273,-0.169982,0.167997,0.893292,-0.157524
1323,44100,True,0.9813,0.9813,0.215922,0.870738,-1e-06,0.300233,0.861269,-0.053432,0.379527,0.859745,-0.107588,0.461051,0.889869,-0.16143,0.555055,0.923807,-0.217681,0.322985,0.636684,-0.124222,0.321134,0.825882,-0.202606,0.319613,0.937041,-0.254892,0.32062,0.998611,-0.283489,0.219388,0.653321,-0.129366,0.23971,0.908579,-0.195379,0.252801,1.032945,-0.21426,0.262306,1.104496,-0.224977,0.133758,0.701094,-0.136459,0.16209,0.948565,-0.186817,0.184412,1.052941,-0.178272,0.196303,1.112916,-0.166948,0.063527,0.764713,-0.151045,0.095279,0.952659,-0.180729,0.129619,1.035623,-0.169936,0.151192,1.079178,-0.155814
1324,44133,True,0.9908,0.9908,0.225478,0.782583,-0.0,0.318812,0.793038,-0.06814,0.403636,0.833077,-0.137055,0.477006,0.909536,-0.198404,0.552179,0.985553,-0.261577,0.334104,0.677528,-0.181894,0.324018,0.931224,-0.265653,0.312276,1.030181,-0.317633,0.300263,1.05884,-0.350147,0.219674,0.698929,-0.181643,0.237862,0.969956,-0.237124,0.252832,1.033642,-0.242547,0.256877,1.03185,-0.256401,0.128733,0.745195,-0.182205,0.165191,1.005177,-0.21506,0.18838,1.036683,-0.190982,0.194786,1.008326,-0.183481,0.060433,0.803444,-0.193298,0.098099,1.007082,-0.210405,0.12819,1.04592,-0.19252,0.139493,1.036006,-0.184391
1325,44166,True,0.9956,0.9956,0.221262,0.734189,-0.0,0.316087,0.781689,-0.074676,0.411177,0.857601,-0.148319,0.47481,0.950146,-0.209892,0.51396,1.030669,-0.272328,0.328991,0.73711,-0.221261,0.326519,1.000428,-0.295453,0.337234,1.027978,-0.326957,0.33458,0.984515,-0.34828,0.215622,0.75417,-0.218047,0.238177,1.042422,-0.271199,0.259957,1.045063,-0.261476,0.26102,0.980068,-0.266823,0.125933,0.789006,-0.212857,0.162026,1.058768,-0.243994,0.189692,1.046276,-0.204258,0.1952,0.973587,-0.187779,0.059261,0.834711,-0.219,0.097857,1.041175,-0.240408,0.128876,1.041794,-0.220042,0.138005,0.993244,-0.211393
1326,44200,True,0.9651,0.9651,0.2214,0.920529,-0.0,0.308135,0.891468,-0.074257,0.408565,0.924471,-0.152144,0.469087,1.001823,-0.209074,0.473855,1.092237,-0.259407,0.343352,0.753254,-0.295883,0.3458,1.019561,-0.36375,0.345431,1.008546,-0.352667,0.338641,0.940757,-0.334507,0.226889,0.75003,-0.283603,0.256447,1.068278,-0.361347,0.267661,1.025029,-0.32871,0.261069,0.935625,-0.30085,0.131245,0.79221,-0.263032,0.174051,1.070623,-0.320039,0.184269,1.017128,-0.26035,0.176563,0.930547,-0.216509,0.060943,0.852657,-0.245093,0.102645,1.057835,-0.280177,0.113767,1.015288,-0.24563,0.105851,0.933567,-0.222682
1327,44233,True,0.9511,0.9511,0.227214,0.668852,0.0,0.334198,0.737562,-0.067488,0.424945,0.863348,-0.140848,0.476264,0.995063,-0.202873,0.473024,1.088247,-0.269639,0.343921,0.750867,-0.221528,0.353008,1.019841,-0.303515,0.372286,1.03873,-0.350246,0.376615,1.000641,-0.379834,0.232443,0.776259,-0.220651,0.265569,1.060218,-0.273618,0.289037,1.045773,-0.267994,0.2931,0.979725,-0.276972,0.137786,0.806616,-0.216806,0.182523,1.065124,-0.251488,0.21128,1.041447,-0.212651,0.222141,0.971174,-0.193851,0.068375,0.840988,-0.223158,0.111645,1.034196,-0.251795,0.140862,1.026505,-0.229746,0.150621,0.976124,-0.21731
1328,44266,True,0.984,0.984,0.240472,0.913876,1e-06,0.325298,0.902769,-0.064752,0.413146,0.912057,-0.139748,0.4987,0.949432,-0.196691,0.593593,0.983666,-0.254704,0.358576,0.699583,-0.253936,0.361348,0.909686,-0.329042,0.344365,1.01839,-0.356007,0.319155,1.071259,-0.367051,0.244133,0.695956,-0.249937,0.276634,1.001675,-0.330907,0.280906,1.049272,-0.32858,0.271133,1.026278,-0.321787,0.151652,0.747334,-0.236889,0.199437,1.036862,-0.297311,0.216276,1.041564,-0.253155,0.213615,0.983761,-0.215809,0.086737,0.824859,-0.226196,0.134347,1.026978,-0.255785,0.150308,1.03361,-0.219381,0.144574,0.990361,-0.193217
1329,44300,True,0.9843,0.9843,0.219177,0.89915,-0.0,0.310906,0.887313,-0.054562,0.39536,0.877475,-0.107487,0.482916,0.903368,-0.160535,0.571103,0.915213,-0.213048,0.330595,0.667666,-0.123399,0.353163,0.776495,-0.199376,0.359668,0.846205,-0.246318,0.361688,0.888678,-0.273587,0.229786,0.677713,-0.128344,0.270497,0.945849,-0.191946,0.289476,1.021267,-0.205216,0.29881,1.03601,-0.214908,0.145179,0.729944,-0.137498,0.192781,1.003955,-0.181528,0.215361,1.049404,-0.165545,0.225841,1.038039,-0.154894,0.076897,0.797917,-0.155968,0.121125,1.016505,-0.18985,0.156298,1.068144,-0.182497,0.176914,1.06514,-0.172307
1330,44333,True,0.9896,0.9896,0.208462,0.887763,-0.0,0.310023,0.878157,-0.055698,0.393843,0.855367,-0.103353,0.472699,0.865119,-0.147399,0.55688,0.861559,-0.188104,0.321433,0.642643,-0.118144,0.33001,0.76422,-0.179974,0.335292,0.802434,-0.214153,0.337404,0.800003,-0.23651,0.222389,0.642959,-0.120254,0.243719,0.920137,-0.172177,0.274195,0.957373,-0.179387,0.293073,0.925871,-0.187952,0.138396,0.690278,-0.126324,0.172172,0.970496,-0.161652,0.206815,0.983518,-0.140539,0.226061,0.934932,-0.129371,0.070296,0.757186,-0.141918,0.102924,0.96471,-0.173552,0.1375,0.985585,-0.165908,0.155675,0.947772,-0.157109
1331,44366,True,0.9898,0.9898,0.198777,0.860368,-0.0,0.297368,0.849036,-0.05497,0.380376,0.810045,-0.101734,0.46575,0.831932,-0.14564,0.552212,0.840137,-0.185169,0.301676,0.647253,-0.130013,0.311383,0.640918,-0.203102,0.30005,0.638709,-0.243468,0.280815,0.635063,-0.268141,0.200181,0.619338,-0.132512,0.233712,0.903105,-0.204119,0.284718,0.961197,-0.202763,0.316138,0.963574,-0.194961,0.116119,0.67158,-0.139986,0.166802,0.968118,-0.184901,0.211788,0.969658,-0.139756,0.239371,0.925346,-0.103495,0.052929,0.748146,-0.158972,0.099419,0.965704,-0.205736,0.143028,0.972749,-0.191835,0.169211,0.927862,-0.168793
1332,44400,True,0.9955,0.9955,0.184412,0.859788,-0.0,0.283557,0.840828,-0.053193,0.37107,0.79557,-0.105721,0.455182,0.803388,-0.156124,0.530173,0.798904,-0.205203,0.288973,0.639758,-0.139805,0.26397,0.590018,-0.223384,0.213931,0.564116,-0.279509,0.156171,0.545787,-0.314917,0.18295,0.616022,-0.143851,0.201209,0.875837,-0.225498,0.260565,0.969055,-0.235553,0.311058,1.003663,-0.236108,0.098381,0.665957,-0.151433,0.144112,0.956366,-0.204235,0.208352,1.007486,-0.168131,0.257632,1.020693,-0.137598,0.035459,0.737355,-0.169405,0.074479,0.946808,-0.216152,0.133313,0.991773,-0.202183,0.181422,0.99114,-0.180399
1333,44433,True,0.9977,0.9977,0.172529,0.848651,-0.0,0.266818,0.811158,-0.050741,0.349911,0.765709,-0.103426,0.436566,0.783909,-0.155031,0.512507,0.781788,-0.20475,0.261488,0.612945,-0.130064,0.20247,0.549809,-0.2063,0.13273,0.515981,-0.261262,0.066629,0.494175,-0.299047,0.153692,0.601564,-0.137227,0.163946,0.857795,-0.219258,0.237309,0.954903,-0.235249,0.303448,0.994888,-0.239499,0.072968,0.66291,-0.146997,0.117693,0.945028,-0.198053,0.191988,0.986139,-0.164604,0.252319,0.990471,-0.136595,0.017724,0.740966,-0.167352,0.055255,0.946662,-0.216058,0.123629,0.985356,-0.203683,0.18364,0.976426,-0.182633
1334,44466,True,0.997,0.997,0.158803,0.854694,-0.0,0.243268,0.821332,-0.06264,0.319714,0.773359,-0.123007,0.405035,0.781648,-0.178279,0.490017,0.779018,-0.230681,0.219632,0.611332,-0.151249,0.116291,0.520174,-0.237579,0.009384,0.480613,-0.300451,-0.089706,0.453631,-0.342485,0.1186,0.606903,-0.148628,0.111488,0.85212,-0.224163,0.160722,0.934796,-0.230283,0.201804,0.944331,-0.231711,0.046225,0.678441,-0.150299,0.077122,0.942176,-0.199538,0.152125,0.972195,-0.163161,0.212245,0.965926,-0.134646,-0.000923,0.759633,-0.162605,0.021572,0.948156,-0.208852,0.093702,0.980188,-0.190503,0.154995,0.96777,-0.166124
1335,44500,True,0.9401,0.9401,0.116484,0.841048,-0.0,0.213311,0.825831,-0.077053,0.293086,0.788614,-0.134239,0.367281,0.798042,-0.185705,0.447405,0.799631,-0.233668,0.195623,0.623303,-0.143046,0.165542,0.588555,-0.216978,0.152163,0.614322,-0.25143,0.144779,0.662062,-0.26746,0.09284,0.626613,-0.135537,0.085599,0.864364,-0.222861,0.13767,0.978152,-0.239372,0.174738,1.023801,-0.237268,0.017262,0.690138,-0.132167,0.052835,0.957122,-0.205112,0.126175,1.027013,-0.194616,0.178478,1.037211,-0.17219,-0.034457,0.766827,-0.136585,-0.000439,0.968414,-0.191923,0.068497,1.026355,-0.184418,0.122217,1.032267,-0.163264
1336,44533,True,0.9574,0.9574,0.090168,0.872713,-0.0,0.181635,0.874513,-0.066341,0.270492,0.846931,-0.123192,0.358354,0.856717,-0.17681,0.443668,0.87252,-0.231237,0.192643,0.657466,-0.130313,0.201314,0.722731,-0.212035,0.194237,0.767544,-0.267182,0.188038,0.796528,-0.298629,0.090925,0.647478,-0.127836,0.113286,0.869767,-0.192996,0.117721,0.94479,-0.216466,0.111004,0.968759,-0.232351,0.007806,0.688588,-0.12982,0.033713,0.910528,-0.178786,0.039225,0.964408,-0.176899,0.031115,0.971367,-0.173271,-0.057577,0.751119,-0.140212,-0.039691,0.906652,-0.174035,-0.03377,0.967323,-0.16992,-0.042109,0.985351,-0.161471
1337,44566,True,0.9346,0.9346,0.12299,0.740562,-0.0,0.208837,0.787968,-0.073837,0.293001,0.840635,-0.138783,0.364471,0.925439,-0.19374,0.436314,1.006622,-0.249067,0.227185,0.705538,-0.184506,0.215542,0.929586,-0.264744,0.24431,0.981924,-0.311905,0.276943,0.982184,-0.341975,0.134128,0.694677,-0.176637,0.121365,0.966775,-0.232905,0.136982,0.984821,-0.239954,0.147695,0.941114,-0.253467,0.052091,0.709305,-0.169566,0.049151,0.968243,-0.20884,0.065764,0.976942,-0.192811,0.076259,0.929882,-0.187835,-0.015464,0.737574,-0.17218,-0.015955,0.943109,-0.206488,-0.000281,0.959365,-0.203452,0.008329,0.923643,-0.2026
1338,44600,True,0.7752,0.7752,0.137374,0.730076,-0.0,0.22535,0.766858,-0.063273,0.29267,0.841976,-0.11897,0.343272,0.95382,-0.16979,0.377685,1.05904,-0.229525,0.173213,0.767426,-0.145733,0.122815,0.94774,-0.213908,0.134199,1.035509,-0.273775,0.159157,1.095206,-0.313104,0.081029,0.813609,-0.143766,0.075773,1.004211,-0.191542,0.100215,1.104144,-0.219775,0.125917,1.168977,-0.249242,0.013439,0.852273,-0.139659,0.003676,1.028298,-0.189281,0.019134,1.115567,-0.193118,0.035748,1.170835,-0.19414,-0.037831,0.880073,-0.141641,-0.051144,0.993722,-0.17012,-0.045968,1.056676,-0.156248,-0.038991,1.104589,-0.147375
1339,44633,True,0.9888,0.9888,0.145189,0.743742,-0.0,0.227958,0.77714,-0.075397,0.286595,0.879226,-0.143114,0.314161,0.998981,-0.192382,0.330274,1.097697,-0.240951,0.212048,0.793403,-0.227323,0.199129,1.030641,-0.286856,0.214628,1.116647,-0.297036,0.221696,1.147759,-0.298129,0.123046,0.797996,-0.208953,0.127684,1.063171,-0.258353,0.151691,1.10516,-0.251144,0.155809,1.085092,-0.249341,0.048906,0.819937,-0.186218,0.063255,1.063735,-0.225324,0.093882,1.073901,-0.20513,0.102329,1.032172,-0.192853,-0.011729,0.858473,-0.166295,-0.003287,1.045581,-0.197055,0.024741,1.057072,-0.184833,0.042299,1.020302,-0.175742
1340,44666,True,0.9898,0.9898,0.159149,0.733375,-0.0,0.248123,0.770483,-0.078908,0.303949,0.887597,-0.14192,0.318821,1.015689,-0.18351,0.326652,1.11492,-0.22135,0.218324,0.79644,-0.231849,0.212348,1.05257,-0.281329,0.232477,1.132842,-0.276157,0.242788,1.151346,-0.265724,0.127844,0.788194,-0.209175,0.131674,1.06626,-0.258047,0.158256,1.129014,-0.244515,0.164415,1.136495,-0.236136,0.053039,0.802284,-0.182029,0.059114,1.063096,-0.224236,0.090246,1.098399,-0.200033,0.101466,1.080914,-0.182136,-0.006309,0.836322,-0.157291,-0.002948,1.037023,-0.191406,0.016853,1.070117,-0.18105,0.029301,1.049367,-0.17192
1341,44700,True,0.9886,0.9886,0.148053,0.75422,-0.0,0.232681,0.779778,-0.078294,0.306638,0.856726,-0.155851,0.364108,0.942126,-0.212652,0.423103,1.017719,-0.271807,0.239074,0.739473,-0.267828,0.214114,0.960945,-0.33886,0.206893,1.0655,-0.355887,0.200612,1.123726,-0.359281,0.145135,0.735873,-0.251001,0.141137,1.008377,-0.305863,0.150023,1.088188,-0.29581,0.14524,1.107253,-0.291432,0.065278,0.761884,-0.227647,0.082758,1.021474,-0.269988,0.106939,1.066904,-0.245061,0.114119,1.05717,-0.228659,0.002434,0.809548,-0.207389,0.024102,1.007198,-0.23915,0.044706,1.052626,-0.225043,0.054353,1.049888,-0.214892
1342,44733,True,0.9546,0.9546,0.133509,0.90422,-0.0,0.21756,0.901468,-0.063745,0.302867,0.891133,-0.116934,0.38717,0.918401,-0.16788,0.468562,0.939572,-0.22094,0.274097,0.704331,-0.124127,0.323352,0.85793,-0.213791,0.382651,0.925714,-0.282177,0.436896,0.975364,-0.320988,0.187003,0.686078,-0.12077,0.196039,0.924456,-0.187579,0.167953,0.990621,-0.214287,0.135958,1.012842,-0.231196,0.100891,0.713851,-0.122308,0.104952,0.95156,-0.172035,0.09766,1.007603,-0.168428,0.084372,1.014727,-0.160666,0.027609,0.761543,-0.132518,0.029354,0.949678,-0.161692,0.032372,1.004902,-0.153644,0.026922,1.012571,-0.141373
1343,44766,True,0.9769,0.9769,0.140102,0.891532,-0.0,0.232011,0.871056,-0.04868,0.307274,0.856119,-0.095653,0.381417,0.877402,-0.13887,0.464988,0.889655,-0.182751,0.256105,0.64275,-0.108312,0.2439,0.818694,-0.167893,0.238756,0.886855,-0.210399,0.236319,0.912717,-0.238099,0.164009,0.647608,-0.110129,0.170581,0.855048,-0.150876,0.164168,0.906169,-0.166311,0.149337,0.918985,-0.183707,0.086244,0.682141,-0.113845,0.104732,0.874897,-0.150016,0.110062,0.915132,-0.147211,0.107668,0.914436,-0.148005,0.020006,0.735925,-0.12328,0.043613,0.886344,-0.151153,0.062156,0.933397,-0.148204,0.072118,0.940271,-0.144708
1344,44800,True,0.9821,0.9821,0.147475,0.852497,-0.0,0.23334,0.850241,-0.06604,0.31058,0.826264,-0.116007,0.386116,0.837473,-0.15963,0.469826,0.856603,-0.203429,0.239895,0.618571,-0.121898,0.211654,0.723485,-0.187557,0.193912,0.769268,-0.227581,0.176289,0.772007,-0.253001,0.148999,0.628499,-0.119619,0.126472,0.795065,-0.177637,0.130945,0.864054,-0.194216,0.129893,0.880394,-0.205433,0.073573,0.669896,-0.121391,0.056043,0.853741,-0.172954,0.08388,0.916715,-0.169279,0.104511,0.924654,-0.163273,0.012684,0.725281,-0.130501,0.005943,0.871816,-0.172019,0.039295,0.935874,-0.171606,0.07061,0.94966,-0.165676
1345,44833,True,0.9971,0.9971,0.139654,0.836815,-0.0,0.235356,0.827886,-0.0562,0.321516,0.798236,-0.099125,0.400699,0.831273,-0.139354,0.474703,0.842055,-0.17598,0.248662,0.620739,-0.117096,0.224778,0.629941,-0.181841,0.185034,0.642938,-0.214323,0.149815,0.657748,-0.233714,0.150326,0.602566,-0.116841,0.135927,0.88092,-0.184221,0.197791,0.954385,-0.187037,0.247842,0.954528,-0.182699,0.064658,0.652665,-0.121601,0.071261,0.948789,-0.172481,0.139309,0.984987,-0.142822,0.191253,0.961333,-0.115392,-0.003364,0.723326,-0.135802,0.011333,0.943094,-0.187238,0.079271,0.980433,-0.180402,0.136055,0.959302,-0.162304
1346,44866,True,0.9906,0.9906,0.153514,0.855303,-0.0,0.251722,0.836966,-0.049013,0.33114,0.794646,-0.094852,0.408739,0.813571,-0.139694,0.493404,0.822584,-0.180989,0.257803,0.625778,-0.11889,0.253848,0.597744,-0.187017,0.221626,0.585178,-0.227436,0.184877,0.578014,-0.253634,0.155508,0.595499,-0.123413,0.177525,0.867462,-0.191203,0.232459,0.935612,-0.192595,0.273254,0.947521,-0.187046,0.070916,0.645689,-0.132257,0.117034,0.938374,-0.174173,0.168611,0.952854,-0.134058,0.204253,0.921622,-0.101133,0.006851,0.721713,-0.151819,0.051623,0.936818,-0.191856,0.099005,0.948363,-0.178194,0.12913,0.907197,-0.156461
1347,44900,True,0.9931,0.9931,0.181133,0.885164,-0.0,0.276297,0.863897,-0.049522,0.363252,0.802541,-0.095333,0.441065,0.801022,-0.141619,0.520226,0.806678,-0.186176,0.274487,0.623439,-0.107404,0.260146,0.572877,-0.182177,0.234795,0.543475,-0.230976,0.214027,0.514219,-0.262591,0.165222,0.590226,-0.114922,0.209512,0.834795,-0.204267,0.280145,0.936723,-0.22396,0.340489,0.97782,-0.224418,0.077759,0.637387,-0.126717,0.150047,0.902663,-0.193259,0.221146,0.969445,-0.176487,0.277459,0.986256,-0.152496,0.014379,0.714449,-0.147181,0.072484,0.904025,-0.201703,0.128144,0.957792,-0.200757,0.169704,0.959905,-0.185598
1348,44933,True,0.9915,0.9915,0.191087,0.878188,-0.0,0.286925,0.853083,-0.044903,0.372568,0.789817,-0.087656,0.449033,0.781611,-0.132814,0.525442,0.782059,-0.176555,0.296127,0.613648,-0.098614,0.291324,0.542941,-0.168591,0.268814,0.501227,-0.213276,0.24763,0.473485,-0.241459,0.190817,0.577629,-0.106558,0.22344,0.805892,-0.186516,0.288153,0.906973,-0.201675,0.345035,0.951688,-0.200761,0.104015,0.622911,-0.11853,0.163223,0.878104,-0.179032,0.228871,0.945617,-0.162321,0.281793,0.967131,-0.139695,0.037271,0.696859,-0.138671,0.085501,0.882127,-0.182953,0.142411,0.938855,-0.177646,0.187844,0.950945,-0.161643
1349,44966,True,0.9919,0.9919,0.208682,0.869348,-0.0,0.298675,0.84882,-0.042436,0.386142,0.784456,-0.084198,0.463663,0.772381,-0.127581,0.543014,0.776017,-0.169771,0.316728,0.614343,-0.106908,0.319587,0.526921,-0.175091,0.299928,0.466264,-0.218944,0.284227,0.42577,-0.247239,0.209991,0.567343,-0.115116,0.256666,0.80052,-0.191225,0.311743,0.888298,-0.201039,0.356012,0.938753,-0.197054,0.121797,0.610388,-0.126591,0.194855,0.870066,-0.181923,0.247056,0.923395,-0.15843,0.283248,0.944236,-0.132501,0.053563,0.686248,-0.14624,0.111667,0.877364,-0.187798,0.157951,0.930146,-0.178332,0.188388,0.943822,-0.159536
1350,45000,True,0.9913,0.9913,0.226694,0.87373,-0.0,0.317005,0.857631,-0.053296,0.40209,0.800243,-0.101649,0.471493,0.781095,-0.149284,0.549115,0.768454,-0.197387,0.332972,0.610918,-0.126345,0.342075,0.529273,-0.199735,0.33094,0.463622,-0.246422,0.32253,0.401803,-0.277876,0.224523,0.568869,-0.132907,0.276614,0.784375,-0.217844,0.333587,0.889805,-0.232036,0.377671,0.944222,-0.230999,0.135462,0.612665,-0.142383,0.208797,0.849651,-0.210157,0.268221,0.92581,-0.192918,0.311074,0.961954,-0.169767,0.067663,0.690584,-0.159797,0.127688,0.862528,-0.212277,0.177941,0.931047,-0.207096,0.213706,0.960604,-0.190218
1351,45033,True,0.9947,0.9947,0.23369,0.869177,0.0,0.325265,0.847179,-0.051298,0.409455,0.796722,-0.100743,0.480576,0.781871,-0.150888,0.562295,0.777539,-0.20215,0.345642,0.600259,-0.122128,0.35786,0.520466,-0.192937,0.350561,0.450946,-0.237429,0.347118,0.379627,-0.269317,0.237509,0.561304,-0.131366,0.289822,0.776445,-0.217735,0.345209,0.88565,-0.233186,0.38768,0.938762,-0.232732,0.148059,0.609687,-0.143339,0.219726,0.849713,-0.212687,0.280942,0.927256,-0.197414,0.32461,0.961858,-0.175365,0.080612,0.69209,-0.162969,0.136129,0.873381,-0.216472,0.184534,0.942606,-0.213567,0.218484,0.969621,-0.198559
1352,45066,True,0.9927,0.9927,0.243808,0.868194,0.0,0.330035,0.849736,-0.049385,0.413589,0.801026,-0.097303,0.485146,0.78581,-0.145955,0.568913,0.779528,-0.195089,0.355998,0.604814,-0.122841,0.370417,0.520644,-0.197164,0.364714,0.448406,-0.242817,0.365537,0.372183,-0.274178,0.247178,0.557616,-0.131804,0.303402,0.785482,-0.215949,0.354853,0.885525,-0.225928,0.392049,0.928269,-0.221644,0.156296,0.606009,-0.144059,0.232265,0.852637,-0.215806,0.28773,0.921816,-0.196731,0.324311,0.946178,-0.170675,0.088545,0.69155,-0.163501,0.147855,0.873565,-0.220761,0.190949,0.941169,-0.216223,0.217877,0.966946,-0.198226
1353,45100,True,0.99,0.99,0.251329,0.861721,0.0,0.332704,0.847178,-0.049027,0.416232,0.794949,-0.095899,0.489793,0.780302,-0.143439,0.572705,0.777505,-0.190691,0.359668,0.602126,-0.123757,0.374837,0.512567,-0.201094,0.369383,0.436595,-0.247968,0.371165,0.357578,-0.278897,0.2505,0.55037,-0.13136,0.309092,0.792316,-0.213453,0.35994,0.877825,-0.219127,0.395268,0.90852,-0.21238,0.159085,0.600542,-0.142931,0.236297,0.85588,-0.21769,0.289469,0.912734,-0.197469,0.324775,0.926155,-0.16948,0.091847,0.685935,-0.161306,0.152524,0.872148,-0.221958,0.20126,0.934239,-0.21766,0.235246,0.954318,-0.198739
1354,45133,True,0.9884,0.9884,0.248217,0.864319,0.0,0.330923,0.849974,-0.049951,0.415574,0.795011,-0.09775,0.490489,0.77308,-0.146082,0.578019,0.76787,-0.19424,0.362189,0.603718,-0.12576,0.376303,0.507229,-0.203976,0.371294,0.423631,-0.252121,0.372595,0.337939,-0.283961,0.253141,0.549688,-0.132405,0.309507,0.789823,-0.215325,0.360207,0.877777,-0.219597,0.394769,0.914449,-0.210941,0.16126,0.596755,-0.143059,0.235835,0.85337,-0.215493,0.288474,0.908729,-0.192236,0.323144,0.926301,-0.161916,0.092499,0.678962,-0.160978,0.151223,0.866638,-0.217896,0.196283,0.926939,-0.211554,0.226313,0.946922,-0.1912
1355,45166,True,0.9839,0.9839,0.258391,0.854237,0.0,0.334053,0.856477,-0.051756,0.424388,0.799692,-0.097077,0.496387,0.771744,-0.142116,0.574872,0.760696,-0.185119,0.368127,0.608958,-0.124619,0.376121,0.496287,-0.203089,0.366612,0.406292,-0.249975,0.366502,0.322549,-0.278338,0.257337,0.550178,-0.127584,0.30538,0.790248,-0.202779,0.35751,0.857814,-0.198951,0.393431,0.890665,-0.185255,0.16521,0.59807,-0.135632,0.234118,0.852126,-0.207214,0.287595,0.894641,-0.177004,0.321333,0.909538,-0.140351,0.096662,0.67992,-0.150984,0.147451,0.855965,-0.207424,0.195936,0.91042,-0.195526,0.231446,0.933058,-0.169704
1356,45200,True,0.987,0.987,0.256376,0.8583,0.0,0.339193,0.853942,-0.062064,0.423724,0.802629,-0.116657,0.499685,0.773177,-0.170705,0.583255,0.755589,-0.224684,0.365925,0.594785,-0.135499,0.374771,0.48769,-0.220799,0.364844,0.399397,-0.272729,0.361435,0.313123,-0.305214,0.252753,0.550861,-0.139817,0.308187,0.767668,-0.229915,0.362345,0.855816,-0.237221,0.399511,0.899519,-0.228722,0.159793,0.606211,-0.149664,0.236466,0.839298,-0.232843,0.295988,0.896832,-0.212237,0.336875,0.919445,-0.180551,0.091807,0.69452,-0.167193,0.154926,0.860253,-0.230327,0.208009,0.924006,-0.223099,0.247002,0.951936,-0.200431
1357,45233,True,0.9911,0.9911,0.258659,0.859547,0.0,0.344185,0.854957,-0.062783,0.435069,0.805601,-0.118568,0.511736,0.778464,-0.17413,0.582997,0.761292,-0.229589,0.367716,0.590956,-0.136096,0.377801,0.487757,-0.221513,0.36811,0.403461,-0.273946,0.364451,0.316531,-0.307296,0.251815,0.547467,-0.141461,0.313627,0.781618,-0.230788,0.36908,0.868257,-0.238448,0.406638,0.906212,-0.231078,0.15848,0.606536,-0.152542,0.240665,0.854359,-0.233825,0.298803,0.904643,-0.212075,0.336972,0.916155,-0.181015,0.092056,0.699138,-0.171745,0.158197,0.873439,-0.233125,0.209715,0.934555,-0.224631,0.246279,0.957459,-0.201831
1358,45266,True,0.9938,0.9938,0.259066,0.863732,0.0,0.351973,0.852305,-0.059297,0.44604,0.806044,-0.11319,0.519522,0.775021,-0.167471,0.573923,0.766235,-0.223469,0.371312,0.594038,-0.134888,0.382432,0.496927,-0.21422,0.373408,0.415184,-0.264605,0.370898,0.329219,-0.298265,0.255287,0.550574,-0.142037,0.316843,0.775758,-0.230086,0.371082,0.873462,-0.242534,0.411772,0.921625,-0.239482,0.160684,0.606085,-0.153139,0.240645,0.842024,-0.231088,0.300994,0.907901,-0.215312,0.347005,0.939008,-0.18993,0.093338,0.695795,-0.171948,0.152231,0.864851,-0.231494,0.202753,0.934581,-0.226858,0.244381,0.972174,-0.208366
1359,45300,True,0.9923,0.9923,0.268436,0.875731,0.0,0.357661,0.862893,-0.059303,0.449715,0.812091,-0.113646,0.52039,0.779441,-0.168247,0.579982,0.770151,-0.223938,0.376988,0.602199,-0.137633,0.38848,0.502941,-0.219839,0.381657,0.421159,-0.270749,0.382889,0.334988,-0.304147,0.259292,0.558731,-0.144705,0.323034,0.785506,-0.23265,0.378942,0.877087,-0.242537,0.420215,0.919593,-0.238172,0.164831,0.615529,-0.156047,0.246644,0.85418,-0.23634,0.307421,0.915203,-0.218909,0.35233,0.939339,-0.192052,0.097751,0.705439,-0.17492,0.157915,0.876009,-0.236214,0.209249,0.943722,-0.230963,0.250765,0.976644,-0.211761
1360,45333,True,0.9932,0.9932,0.264851,0.881052,0.0,0.358826,0.860898,-0.061667,0.448908,0.813057,-0.119401,0.521393,0.784226,-0.17762,0.582842,0.775572,-0.237457,0.375541,0.591609,-0.134592,0.392039,0.500081,-0.216629,0.392533,0.417538,-0.268842,0.396908,0.327755,-0.304925,0.261984,0.557377,-0.14304,0.329913,0.770674,-0.235244,0.389529,0.879562,-0.250141,0.430892,0.924427,-0.249302,0.169953,0.61365,-0.156007,0.254766,0.852547,-0.234899,0.318825,0.929265,-0.218437,0.363458,0.957351,-0.193744,0.103571,0.702582,-0.177407,0.170134,0.882876,-0.234116,0.217416,0.959402,-0.228236,0.247991,0.991892,-0.210518
1361,45366,True,0.9932,0.9932,0.264656,0.874454,0.0,0.355645,0.847556,-0.052754,0.441406,0.800404,-0.105465,0.517332,0.781327,-0.160008,0.597224,0.774557,-0.216701,0.380956,0.591625,-0.126929,0.401143,0.498717,-0.203767,0.403584,0.415919,-0.252876,0.409884,0.330202,-0.286929,0.271655,0.556073,-0.137346,0.337641,0.768971,-0.224309,0.391901,0.870604,-0.238157,0.429595,0.917645,-0.237929,0.180489,0.611313,-0.151438,0.261752,0.849562,-0.227853,0.322587,0.922498,-0.215234,0.365071,0.956241,-0.193862,0.112618,0.698738,-0.172739,0.176096,0.878423,-0.227963,0.222319,0.952887,-0.224284,0.25355,0.988931,-0.209057
1362,45400,True,0.9935,0.9935,0.27413,0.884519,0.0,0.362652,0.861032,-0.052001,0.447334,0.812287,-0.101825,0.524518,0.792809,-0.153353,0.605246,0.782923,-0.207509,0.38533,0.60126,-0.119154,0.409248,0.506484,-0.189288,0.415144,0.421906,-0.235603,0.425521,0.338857,-0.268458,0.278245,0.568232,-0.129221,0.346266,0.764143,-0.21525,0.398243,0.87063,-0.233621,0.436025,0.929967,-0.236356,0.188359,0.619125,-0.142341,0.266426,0.840412,-0.215643,0.323618,0.918055,-0.207205,0.365271,0.961888,-0.189467,0.119396,0.701583,-0.162557,0.178337,0.857548,-0.21471,0.224173,0.932729,-0.211931,0.258536,0.977084,-0.198258
1363,45433,True,0.9933,0.9933,0.273809,0.884692,0.0,0.362073,0.858144,-0.052494,0.447001,0.808528,-0.102794,0.52624,0.791544,-0.154934,0.611761,0.786646,-0.20916,0.391131,0.601471,-0.118687,0.418399,0.512968,-0.192615,0.426565,0.432608,-0.240246,0.438948,0.350588,-0.273115,0.283489,0.568411,-0.128728,0.351943,0.776505,-0.2168,0.402559,0.882144,-0.232448,0.438645,0.932076,-0.231877,0.192989,0.620973,-0.14275,0.27399,0.855968,-0.218465,0.331746,0.929224,-0.206741,0.373019,0.960886,-0.18528,0.123789,0.704654,-0.164006,0.184381,0.877489,-0.217695,0.226544,0.95506,-0.213152,0.256132,0.992258,-0.196943
1364,45466,True,0.9905,0.9905,0.271446,0.88734,0.0,0.35997,0.861092,-0.051347,0.447466,0.811013,-0.100304,0.528233,0.798787,-0.151053,0.613866,0.798061,-0.203617,0.393717,0.602583,-0.117701,0.427497,0.518584,-0.190055,0.439028,0.443256,-0.235999,0.455691,0.363963,-0.268447,0.287723,0.569329,-0.128115,0.359788,0.783817,-0.214809,0.407559,0.885612,-0.231204,0.441751,0.928716,-0.232529,0.1978,0.623149,-0.142264,0.283055,0.858689,-0.220001,0.340096,0.931737,-0.211066,0.380711,0.962318,-0.191884,0.129058,0.708765,-0.16316,0.198014,0.877505,-0.221033,0.251948,0.951736,-0.219476,0.293052,0.987417,-0.20536
1365,45500,True,0.9923,0.9923,0.273201,0.873105,0.0,0.361469,0.850607,-0.055799,0.446312,0.807365,-0.108482,0.527966,0.803897,-0.162069,0.612748,0.803797,-0.218095,0.395336,0.5981,-0.126614,0.429863,0.520037,-0.201878,0.444813,0.44353,-0.251273,0.463117,0.365496,-0.285944,0.290698,0.569932,-0.136588,0.366068,0.771944,-0.229967,0.415267,0.87411,-0.252296,0.449793,0.92522,-0.257295,0.200765,0.623468,-0.150096,0.285297,0.847649,-0.233336,0.342165,0.924231,-0.230865,0.382562,0.96372,-0.215727,0.131062,0.70743,-0.170289,0.198801,0.866637,-0.231077,0.253801,0.940733,-0.233154,0.297138,0.98221,-0.222585
1366,45533,True,0.9923,0.9923,0.273926,0.878609,0.0,0.361811,0.853363,-0.054498,0.446167,0.80886,-0.107415,0.528435,0.80391,-0.161504,0.616312,0.805691,-0.218427,0.396132,0.600675,-0.127473,0.433541,0.524063,-0.201958,0.44992,0.447504,-0.251022,0.469766,0.370505,-0.285757,0.290725,0.573583,-0.138104,0.369119,0.77167,-0.230918,0.419612,0.87551,-0.253566,0.454817,0.932131,-0.259095,0.200647,0.627872,-0.151798,0.288695,0.84733,-0.233453,0.346506,0.924627,-0.231221,0.38716,0.969315,-0.216852,0.130997,0.713917,-0.172086,0.204817,0.868416,-0.231911,0.264947,0.941898,-0.234197,0.312054,0.987058,-0.224143
1367,45566,True,0.9891,0.9891,0.275928,0.878328,0.0,0.364125,0.856388,-0.055048,0.449621,0.811175,-0.10853,0.52979,0.80558,-0.162537,0.616837,0.806307,-0.219224,0.401461,0.600947,-0.131406,0.435915,0.525041,-0.209435,0.452513,0.448768,-0.26066,0.473688,0.370214,-0.296668,0.296057,0.57176,-0.141486,0.371187,0.772318,-0.237737,0.419854,0.877589,-0.260328,0.453592,0.932113,-0.265268,0.206047,0.624773,-0.154794,0.290762,0.847995,-0.23827,0.346483,0.9239,-0.234657,0.385179,0.964693,-0.219126,0.135595,0.709965,-0.1748,0.206783,0.867347,-0.236738,0.264781,0.941254,-0.239474,0.310443,0.983085,-0.229376
1368,45600,True,0.9925,0.9925,0.281524,0.875875,0.0,0.366937,0.853406,-0.055482,0.451847,0.811039,-0.110819,0.53081,0.806488,-0.166462,0.616585,0.807712,-0.224571,0.402879,0.598081,-0.136081,0.437306,0.524513,-0.218477,0.454404,0.447741,-0.272021,0.4746,0.369367,-0.309024,0.296185,0.570247,-0.147099,0.374498,0.768848,-0.246832,0.424771,0.877628,-0.26898,0.457361,0.93391,-0.273188,0.205531,0.625407,-0.161531,0.294142,0.846372,-0.250291,0.350275,0.926895,-0.246055,0.387329,0.968851,-0.228946,0.135608,0.713805,-0.182299,0.207905,0.868429,-0.247298,0.266074,0.943121,-0.249409,0.3105,0.984649,-0.238474
1369,45633,True,0.9898,0.9898,0.279832,0.88001,0.0,0.366485,0.860779,-0.059147,0.453282,0.816487,-0.117228,0.532067,0.804916,-0.174777,0.619241,0.80652,-0.234606,0.405596,0.603398,-0.141942,0.439846,0.526245,-0.22762,0.457899,0.448835,-0.283365,0.48013,0.369301,-0.321724,0.298397,0.572234,-0.151642,0.376457,0.7713,-0.253694,0.423323,0.878296,-0.275397,0.453969,0.931525,-0.279153,0.207864,0.62464,-0.165184,0.296591,0.845683,-0.253666,0.351508,0.922433,-0.247064,0.389276,0.962106,-0.22888,0.138428,0.710527,-0.185769,0.212044,0.866522,-0.250851,0.267417,0.940589,-0.252478,0.309763,0.979684,-0.241202
1370,45666,True,0.9904,0.9904,0.282589,0.876022,0.0,0.366845,0.85766,-0.059124,0.451736,0.815511,-0.117629,0.53014,0.808188,-0.17556,0.617497,0.809588,-0.235682,0.406626,0.603648,-0.143476,0.438681,0.526188,-0.230546,0.456769,0.448519,-0.286624,0.478459,0.369211,-0.324874,0.300583,0.571541,-0.153295,0.375572,0.772232,-0.257467,0.423419,0.878534,-0.279975,0.454821,0.929745,-0.28418,0.209349,0.622517,-0.167037,0.292555,0.844228,-0.259998,0.347532,0.924865,-0.256039,0.385838,0.965079,-0.23879,0.139136,0.706898,-0.187297,0.207044,0.861821,-0.255529,0.261028,0.938896,-0.25883,0.302682,0.979698,-0.248622
1371,45700,True,0.9915,0.9915,0.281631,0.873898,0.0,0.365767,0.855702,-0.059952,0.451559,0.812967,-0.118341,0.530678,0.805462,-0.176174,0.617408,0.807797,-0.236326,0.403375,0.601223,-0.144437,0.438506,0.525083,-0.231777,0.45879,0.448879,-0.287884,0.48287,0.370904,-0.325898,0.296978,0.571078,-0.153745,0.375725,0.773773,-0.256949,0.424185,0.880537,-0.278288,0.455237,0.931609,-0.281672,0.206551,0.624349,-0.167045,0.29348,0.84625,-0.258809,0.349248,0.927463,-0.252614,0.387131,0.96979,-0.23371,0.137824,0.711084,-0.187128,0.210123,0.8659,-0.254954,0.266395,0.943945,-0.256651,0.308752,0.987364,-0.24475
1372,45733,True,0.9896,0.9896,0.283538,0.873483,0.0,0.367567,0.857955,-0.060661,0.452435,0.815476,-0.118625,0.53111,0.805423,-0.175912,0.618873,0.806161,-0.235781,0.406391,0.607135,-0.144422,0.440129,0.528064,-0.230412,0.458483,0.449804,-0.286013,0.480975,0.36976,-0.323685,0.299922,0.572919,-0.152156,0.373933,0.774688,-0.253725,0.421754,0.882318,-0.274336,0.453481,0.936245,-0.276982,0.209061,0.621688,-0.163687,0.289145,0.843969,-0.251968,0.344782,0.925985,-0.244446,0.384338,0.972182,-0.224888,0.139154,0.703784,-0.182369,0.205372,0.860327,-0.247668,0.259825,0.940258,-0.248683,0.301761,0.987211,-0.236196
1373,45766,True,0.9907,0.9907,0.283594,0.871411,0.0,0.368372,0.856194,-0.06265,0.453548,0.815205,-0.122698,0.532208,0.806514,-0.181534,0.617972,0.807928,-0.242874,0.406635,0.606732,-0.150425,0.440778,0.528676,-0.239804,0.459798,0.450635,-0.297318,0.482572,0.370397,-0.335967,0.300382,0.572547,-0.158131,0.374307,0.774976,-0.261889,0.421853,0.879629,-0.282526,0.45347,0.93079,-0.2853,0.209401,0.622111,-0.169918,0.290166,0.845367,-0.261373,0.346736,0.925146,-0.254354,0.387679,0.968916,-0.234889,0.139852,0.705054,-0.188853,0.206797,0.862368,-0.256786,0.26243,0.941894,-0.258443,0.306536,0.987927,-0.246327
1374,45800,True,0.9897,0.9897,0.28519,0.880106,0.0,0.369802,0.863011,-0.061038,0.455221,0.818967,-0.119619,0.533249,0.808172,-0.177366,0.61926,0.809218,-0.237541,0.406947,0.606783,-0.144894,0.442348,0.528497,-0.232182,0.462457,0.451535,-0.288195,0.486159,0.372574,-0.326078,0.300454,0.573571,-0.153224,0.377328,0.771898,-0.255049,0.42584,0.879295,-0.275791,0.457054,0.93128,-0.278875,0.209637,0.624205,-0.165592,0.293609,0.845529,-0.255637,0.349151,0.927424,-0.248802,0.387614,0.969956,-0.229707,0.140107,0.70834,-0.184946,0.210163,0.86287,-0.251409,0.267125,0.941553,-0.252559,0.31073,0.985885,-0.240333
1375,45833,True,0.9874,0.9874,0.282656,0.881947,0.0,0.368637,0.865126,-0.05812,0.454259,0.8217,-0.115231,0.53174,0.808474,-0.172227,0.619004,0.80919,-0.231928,0.409431,0.61025,-0.139601,0.445172,0.528215,-0.225753,0.467287,0.449022,-0.28195,0.492236,0.368574,-0.320126,0.304135,0.574143,-0.148484,0.378715,0.766666,-0.249218,0.426968,0.876792,-0.270226,0.457865,0.932554,-0.273138,0.213905,0.622096,-0.161217,0.296507,0.841525,-0.249232,0.352393,0.924509,-0.243074,0.390842,0.969253,-0.224376,0.143737,0.704424,-0.180709,0.210939,0.861256,-0.244732,0.265464,0.938433,-0.246217,0.306784,0.98137,-0.234486
1376,45866,True,0.9888,0.9888,0.287965,0.889038,0.0,0.377047,0.866597,-0.05338,0.461074,0.820701,-0.10585,0.540616,0.811992,-0.159067,0.628233,0.811958,-0.214864,0.412698,0.607452,-0.127062,0.449393,0.526751,-0.204064,0.472626,0.447972,-0.254261,0.499905,0.370735,-0.289445,0.307947,0.576561,-0.137444,0.383625,0.765643,-0.232726,0.433881,0.877009,-0.254125,0.468185,0.939001,-0.257854,0.217892,0.62697,-0.151061,0.304855,0.84185,-0.233495,0.357694,0.922263,-0.228099,0.392732,0.966384,-0.211429,0.147099,0.710764,-0.171275,0.219346,0.865318,-0.232603,0.278833,0.940587,-0.234462,0.324327,0.983136,-0.223646
1377,45900,True,0.988,0.988,0.287613,0.887478,0.0,0.376575,0.86687,-0.053952,0.461215,0.823395,-0.107223,0.54344,0.816712,-0.161383,0.634377,0.818431,-0.217878,0.417571,0.607238,-0.123829,0.454178,0.52779,-0.200233,0.476303,0.450242,-0.25032,0.503546,0.37299,-0.285587,0.314579,0.575516,-0.134785,0.391196,0.76592,-0.231409,0.440575,0.87845,-0.254076,0.475552,0.938522,-0.257954,0.224571,0.625508,-0.149291,0.308433,0.843521,-0.232561,0.361695,0.924132,-0.228335,0.398883,0.964879,-0.211932,0.153474,0.707783,-0.170372,0.218403,0.865548,-0.230037,0.270228,0.940415,-0.231352,0.309101,0.979138,-0.22052
1378,45933,True,0.9928,0.9928,0.288652,0.884657,0.0,0.377635,0.862971,-0.054718,0.464638,0.819484,-0.109937,0.548428,0.817204,-0.165702,0.641097,0.823449,-0.224446,0.419355,0.604889,-0.13289,0.460145,0.531014,-0.213695,0.483902,0.452114,-0.26781,0.511892,0.374986,-0.305939,0.316059,0.577499,-0.144923,0.398546,0.773231,-0.2449,0.447972,0.881173,-0.268195,0.480218,0.942981,-0.272982,0.227172,0.632698,-0.160372,0.316238,0.848659,-0.245042,0.365659,0.921226,-0.240089,0.396453,0.958843,-0.224145,0.157758,0.720884,-0.182597,0.231517,0.878448,-0.245567,0.286523,0.950532,-0.247776,0.328183,0.987904,-0.237647
1379,45966,True,0.9924,0.9924,0.297002,0.8894,0.0,0.385948,0.870738,-0.05398,0.472238,0.827313,-0.107877,0.556212,0.82306,-0.162589,0.649707,0.829351,-0.21967,0.427018,0.606621,-0.125299,0.469115,0.532614,-0.203035,0.493797,0.454253,-0.256039,0.521947,0.378707,-0.293843,0.323089,0.578333,-0.136761,0.405993,0.778174,-0.232339,0.457292,0.885656,-0.254273,0.489434,0.945904,-0.258912,0.233641,0.633916,-0.151862,0.324601,0.854973,-0.231118,0.372897,0.927658,-0.22306,0.400172,0.963321,-0.206153,0.163645,0.724054,-0.174046,0.238281,0.885971,-0.232335,0.289417,0.956289,-0.231447,0.323381,0.989438,-0.219688
1380,46000,True,0.9917,0.9917,0.303427,0.883023,0.0,0.39078,0.868135,-0.054142,0.475261,0.830365,-0.10762,0.560941,0.829561,-0.162107,0.655565,0.835243,-0.219375,0.429296,0.611909,-0.122467,0.47526,0.537289,-0.19403,0.505966,0.457506,-0.244303,0.541922,0.383801,-0.281514,0.328275,0.581723,-0.132956,0.415973,0.789258,-0.221741,0.466705,0.890896,-0.243768,0.498466,0.945967,-0.25095,0.24019,0.63575,-0.146752,0.332378,0.860416,-0.217921,0.37654,0.925754,-0.210298,0.400681,0.954704,-0.196787,0.170329,0.723179,-0.167961,0.240923,0.886409,-0.220651,0.288841,0.95091,-0.219797,0.319475,0.980511,-0.210075
1381,46033,True,0.9905,0.9905,0.323986,0.903589,0.0,0.41028,0.883027,-0.055026,0.492692,0.840917,-0.109539,0.571557,0.835075,-0.164255,0.662083,0.838629,-0.221161,0.441636,0.611685,-0.124282,0.489795,0.544327,-0.198534,0.519389,0.466983,-0.250908,0.553638,0.393215,-0.288958,0.336625,0.585401,-0.13402,0.429507,0.788574,-0.224678,0.484006,0.896612,-0.248567,0.518704,0.957589,-0.256668,0.247904,0.640914,-0.146741,0.345453,0.867003,-0.216957,0.394306,0.939303,-0.208714,0.420821,0.976531,-0.194824,0.178303,0.731429,-0.167199,0.252834,0.892704,-0.217213,0.297899,0.956105,-0.215504,0.322662,0.983952,-0.205329
1382,46066,True,0.99,0.99,0.337891,0.929137,0.0,0.421296,0.90402,-0.058968,0.501758,0.853679,-0.116103,0.581789,0.843251,-0.173557,0.677842,0.843747,-0.232768,0.453655,0.619457,-0.121818,0.501024,0.55383,-0.203358,0.534824,0.473092,-0.259978,0.573719,0.397187,-0.299454,0.346724,0.592231,-0.13111,0.439486,0.783806,-0.23012,0.499396,0.907336,-0.255589,0.53878,0.976783,-0.260912,0.256983,0.64617,-0.144601,0.356028,0.875318,-0.222971,0.403644,0.964066,-0.212847,0.429424,1.008412,-0.193864,0.186353,0.736628,-0.166306,0.26245,0.904161,-0.220212,0.308138,0.984013,-0.21586,0.331239,1.0212,-0.201435
1383,46100,True,0.9882,0.9882,0.332367,0.934825,0.0,0.416949,0.913991,-0.063225,0.501137,0.868163,-0.125765,0.58259,0.854833,-0.188521,0.6774,0.85382,-0.253886,0.466387,0.627785,-0.135726,0.518466,0.560012,-0.223799,0.553317,0.481001,-0.28357,0.590242,0.405052,-0.3242,0.359597,0.595074,-0.144085,0.448205,0.800825,-0.253311,0.502346,0.936822,-0.279329,0.536644,1.016951,-0.282271,0.266878,0.646158,-0.156769,0.358811,0.878501,-0.246441,0.412217,0.983607,-0.236165,0.444558,1.047194,-0.213129,0.193565,0.734176,-0.17717,0.264421,0.907584,-0.238642,0.313139,0.998877,-0.234932,0.34188,1.048373,-0.218302
1384,46133,True,0.9899,0.9899,0.351709,0.952449,0.0,0.436277,0.927326,-0.057471,0.513059,0.877572,-0.117106,0.588491,0.862024,-0.177627,0.683788,0.860786,-0.241115,0.476126,0.641418,-0.132033,0.526758,0.57224,-0.218027,0.566837,0.485465,-0.277721,0.607315,0.406934,-0.3181,0.370018,0.607635,-0.142284,0.464688,0.810751,-0.253645,0.520108,0.963401,-0.281411,0.552847,1.065438,-0.283186,0.278397,0.657436,-0.155411,0.375476,0.895094,-0.243987,0.423893,1.006487,-0.234281,0.448663,1.079444,-0.210294,0.204062,0.74468,-0.175606,0.281064,0.915958,-0.231794,0.327459,1.001255,-0.225163,0.350889,1.050187,-0.206704
1385,46166,True,0.9923,0.9923,0.347643,0.951813,0.0,0.435836,0.927046,-0.059069,0.513579,0.881312,-0.121316,0.590772,0.867859,-0.184386,0.687641,0.865096,-0.250054,0.483013,0.638581,-0.131791,0.535778,0.575806,-0.220781,0.579783,0.495621,-0.282874,0.625421,0.42478,-0.324511,0.376111,0.607059,-0.142374,0.472008,0.820703,-0.259449,0.524601,0.977327,-0.288833,0.554054,1.08083,-0.289998,0.282965,0.660546,-0.156671,0.382168,0.901322,-0.248947,0.431571,1.009049,-0.240449,0.456236,1.075746,-0.216175,0.208159,0.75272,-0.178044,0.285413,0.928145,-0.236486,0.325345,1.004876,-0.232157,0.34168,1.040695,-0.21482
1386,46200,True,0.9915,0.9915,0.351578,0.949069,0.0,0.438085,0.932958,-0.057796,0.517871,0.888448,-0.118589,0.593672,0.870222,-0.180085,0.69143,0.872277,-0.244178,0.486281,0.649206,-0.132189,0.540157,0.586977,-0.218908,0.584893,0.507139,-0.279119,0.62927,0.437807,-0.31981,0.382477,0.613711,-0.142567,0.472839,0.831945,-0.255511,0.5183,0.973867,-0.284927,0.541476,1.062526,-0.288551,0.290806,0.661542,-0.156361,0.38455,0.912451,-0.247247,0.426811,1.008465,-0.242092,0.445189,1.059931,-0.222048,0.21722,0.746725,-0.176751,0.291459,0.929193,-0.23474,0.324493,1.000951,-0.232486,0.334012,1.027555,-0.218332
1387,46233,True,0.9926,0.9926,0.352474,0.956847,0.0,0.44192,0.937312,-0.051143,0.522562,0.889331,-0.10708,0.596266,0.871004,-0.164131,0.690625,0.87436,-0.223444,0.490221,0.648567,-0.119274,0.546012,0.584882,-0.199197,0.59033,0.503602,-0.255299,0.635589,0.4343,-0.294008,0.38677,0.612696,-0.131448,0.481377,0.836227,-0.239979,0.526284,0.984872,-0.26738,0.549896,1.079261,-0.269098,0.295308,0.661234,-0.146495,0.394138,0.915123,-0.229963,0.424377,1.003877,-0.22141,0.431021,1.04702,-0.200459,0.220582,0.748826,-0.16807,0.298074,0.933551,-0.221337,0.324737,1.000628,-0.216455,0.326836,1.019717,-0.200658
1388,46266,True,0.9933,0.9933,0.354577,0.963954,0.0,0.445349,0.939575,-0.051806,0.524569,0.890411,-0.109459,0.597125,0.871661,-0.167443,0.689874,0.870129,-0.227673,0.49334,0.644507,-0.125801,0.548809,0.583667,-0.210583,0.59367,0.500232,-0.269986,0.637947,0.42841,-0.310472,0.389398,0.608659,-0.138385,0.486695,0.823317,-0.250153,0.536783,0.977727,-0.277072,0.563053,1.081357,-0.277918,0.297845,0.658546,-0.153832,0.398972,0.909413,-0.240562,0.433391,1.008512,-0.229808,0.44262,1.064968,-0.206347,0.223599,0.74852,-0.175922,0.30275,0.930687,-0.232578,0.332555,1.003461,-0.227329,0.33735,1.031121,-0.210276
1389,46300,True,0.9945,0.9945,0.357822,0.959073,0.0,0.44714,0.933443,-0.050441,0.525411,0.885549,-0.107727,0.597604,0.869065,-0.165689,0.689643,0.86839,-0.225318,0.497033,0.644455,-0.125113,0.552338,0.579704,-0.210165,0.596746,0.49531,-0.269161,0.640306,0.423007,-0.309336,0.393836,0.608751,-0.138793,0.490315,0.821331,-0.25063,0.543643,0.967821,-0.276686,0.571983,1.066744,-0.276551,0.303484,0.660252,-0.155528,0.402981,0.909556,-0.239919,0.437142,0.994696,-0.227481,0.445276,1.037736,-0.203332,0.230306,0.751864,-0.179156,0.308469,0.932806,-0.23508,0.335826,0.993244,-0.230237,0.337372,1.007646,-0.213408
1390,46333,True,0.9934,0.9934,0.360381,0.970089,0.0,0.448436,0.943162,-0.048113,0.530528,0.890298,-0.102808,0.603729,0.869353,-0.159298,0.696251,0.872084,-0.217837,0.502348,0.650622,-0.120321,0.555908,0.57733,-0.204416,0.599705,0.492778,-0.261008,0.643213,0.421142,-0.298881,0.397398,0.610855,-0.133881,0.493532,0.824127,-0.246165,0.540382,0.984273,-0.270418,0.562931,1.09184,-0.267455,0.305577,0.660407,-0.150082,0.401213,0.916918,-0.238139,0.431564,1.030458,-0.223094,0.438596,1.096236,-0.194086,0.231671,0.751308,-0.172642,0.309346,0.93604,-0.228593,0.338483,1.014123,-0.220055,0.341504,1.043405,-0.198962
1391,46366,True,0.9948,0.9948,0.357037,0.970205,0.0,0.450158,0.945236,-0.050157,0.532918,0.893717,-0.107338,0.604899,0.872703,-0.165167,0.696084,0.869947,-0.22475,0.503587,0.648839,-0.124478,0.559741,0.581955,-0.210498,0.604727,0.498356,-0.269848,0.648674,0.42696,-0.310379,0.399354,0.611771,-0.13862,0.496462,0.826177,-0.254496,0.544673,0.98426,-0.282711,0.568136,1.088412,-0.282954,0.307712,0.661852,-0.15565,0.408268,0.920036,-0.242889,0.437517,1.01484,-0.231869,0.441084,1.060317,-0.207987,0.233416,0.753656,-0.179398,0.315055,0.942192,-0.235008,0.339952,1.007545,-0.229909,0.337918,1.02085,-0.213114
1392,46400,True,0.9961,0.9961,0.351905,0.966571,0.0,0.447437,0.937701,-0.045336,0.531526,0.886205,-0.100775,0.605365,0.869901,-0.157517,0.696528,0.871832,-0.216061,0.504952,0.646193,-0.123627,0.561135,0.582467,-0.209574,0.607396,0.499757,-0.269116,0.652333,0.428142,-0.310226,0.400222,0.610068,-0.140366,0.499643,0.826368,-0.255122,0.55071,0.986703,-0.282187,0.57653,1.090139,-0.28245,0.307788,0.661131,-0.159343,0.41046,0.92556,-0.244878,0.438673,1.024122,-0.230455,0.440276,1.069522,-0.204923,0.232444,0.753505,-0.184841,0.315865,0.944086,-0.238888,0.343061,1.011373,-0.23056,0.341672,1.024253,-0.211892
1393,46433,True,0.9945,0.9945,0.354848,0.966921,0.0,0.449621,0.940114,-0.042837,0.532431,0.890202,-0.09577,0.606165,0.876382,-0.150429,0.695541,0.876076,-0.20712,0.506615,0.649883,-0.118988,0.564124,0.586253,-0.201765,0.611208,0.502714,-0.259466,0.656058,0.430635,-0.299442,0.403533,0.612318,-0.135605,0.49908,0.829255,-0.24654,0.548151,0.992955,-0.272184,0.571036,1.102047,-0.271746,0.311588,0.663367,-0.154011,0.409344,0.926855,-0.237033,0.437175,1.02993,-0.22165,0.437902,1.084242,-0.195484,0.235591,0.756557,-0.178733,0.317594,0.948097,-0.232381,0.347627,1.022359,-0.223381,0.349169,1.047032,-0.203662
1394,46466,True,0.9948,0.9948,0.358576,0.964607,0.0,0.450691,0.940795,-0.045259,0.532943,0.89352,-0.099535,0.607259,0.880746,-0.155285,0.698049,0.881782,-0.212894,0.506765,0.652514,-0.121156,0.564312,0.590008,-0.205725,0.611594,0.507254,-0.264188,0.656227,0.436232,-0.304357,0.404291,0.613705,-0.136709,0.499838,0.835353,-0.249437,0.546969,0.999036,-0.274751,0.567428,1.107624,-0.273554,0.312845,0.663911,-0.154595,0.41018,0.929743,-0.240558,0.43913,1.03018,-0.225898,0.440823,1.082611,-0.199328,0.237365,0.756614,-0.178799,0.318741,0.950067,-0.235632,0.349439,1.023959,-0.228268,0.352461,1.048535,-0.208995
1395,46500,True,0.9951,0.9951,0.35157,0.961659,0.0,0.446357,0.939964,-0.044593,0.531352,0.89378,-0.098548,0.606987,0.88013,-0.154411,0.698711,0.882622,-0.212098,0.506657,0.656673,-0.119307,0.56411,0.592283,-0.203825,0.611616,0.509232,-0.26165,0.656283,0.438609,-0.301021,0.404696,0.616367,-0.13522,0.501662,0.83901,-0.24985,0.547776,1.006306,-0.275164,0.567237,1.117417,-0.272595,0.313339,0.664662,-0.153427,0.411956,0.933915,-0.241258,0.439509,1.039235,-0.226138,0.440537,1.094504,-0.19769,0.238127,0.755288,-0.17779,0.319157,0.950801,-0.234436,0.346616,1.025056,-0.22622,0.346641,1.048335,-0.205663
1396,46533,True,0.9959,0.9959,0.354742,0.965055,0.0,0.447961,0.942307,-0.04822,0.531372,0.895754,-0.106796,0.605694,0.880465,-0.165761,0.695514,0.877325,-0.226768,0.509842,0.655199,-0.135517,0.564528,0.594287,-0.2301,0.613411,0.510501,-0.294832,0.658382,0.440131,-0.33825,0.406305,0.614864,-0.151971,0.502635,0.836011,-0.274328,0.548351,1.008584,-0.300477,0.566994,1.12321,-0.29849,0.313014,0.666328,-0.171005,0.410692,0.933073,-0.267195,0.440271,1.04314,-0.251233,0.443015,1.102338,-0.221573,0.236332,0.761528,-0.195995,0.31749,0.952157,-0.259302,0.347493,1.027084,-0.251034,0.350546,1.051989,-0.230206
1397,46566,True,0.9962,0.9962,0.352462,0.958224,0.0,0.444666,0.936886,-0.04785,0.528133,0.891045,-0.104573,0.603696,0.879241,-0.162331,0.693843,0.877167,-0.222505,0.506474,0.651436,-0.1304,0.56337,0.590632,-0.219803,0.611432,0.509135,-0.281395,0.655553,0.44066,-0.32337,0.403715,0.611885,-0.146841,0.501768,0.831925,-0.264384,0.54893,0.994203,-0.291723,0.569979,1.102399,-0.29254,0.310947,0.662446,-0.165806,0.408331,0.926123,-0.260357,0.439838,1.039937,-0.247641,0.44633,1.105035,-0.221175,0.235328,0.75622,-0.190682,0.314002,0.942423,-0.255202,0.34551,1.023891,-0.249517,0.352671,1.05825,-0.230829
1398,46600,True,0.9949,0.9949,0.356471,0.961537,0.0,0.448009,0.936946,-0.047747,0.530183,0.889902,-0.105394,0.603133,0.876088,-0.16372,0.69353,0.875746,-0.224304,0.509341,0.650872,-0.132348,0.563686,0.590246,-0.223898,0.61056,0.506769,-0.28725,0.654417,0.43544,-0.330561,0.40495,0.611561,-0.148932,0.498626,0.828199,-0.266898,0.546033,0.991103,-0.293343,0.566834,1.098437,-0.293386,0.311345,0.663452,-0.168065,0.405556,0.925717,-0.260237,0.436008,1.031413,-0.245253,0.440477,1.087351,-0.217983,0.23469,0.758879,-0.193425,0.313434,0.946928,-0.254752,0.34427,1.020863,-0.247554,0.349174,1.044896,-0.228463
1399,46633,True,0.9956,0.9956,0.356791,0.963199,0.0,0.44801,0.940203,-0.048119,0.530017,0.892737,-0.105738,0.60215,0.876937,-0.163911,0.692288,0.874857,-0.224346,0.508939,0.653609,-0.132909,0.56299,0.589259,-0.224372,0.608794,0.504641,-0.28738,0.652083,0.433533,-0.329858,0.405119,0.613185,-0.148466,0.498156,0.832043,-0.267398,0.544191,0.996344,-0.293407,0.56409,1.106603,-0.292166,0.311915,0.66393,-0.166546,0.404439,0.922502,-0.259383,0.433677,1.026855,-0.244979,0.437413,1.084628,-0.217405,0.235512,0.757912,-0.190736,0.312685,0.940528,-0.252607,0.341556,1.014039,-0.245753,0.345078,1.040475,-0.226276
1400,46666,True,0.9957,0.9957,0.356184,0.969015,0.0,0.447905,0.943153,-0.049122,0.530512,0.893138,-0.107337,0.603798,0.876426,-0.165882,0.694709,0.873427,-0.226576,0.508441,0.651401,-0.133949,0.561882,0.587993,-0.227615,0.608219,0.503492,-0.291909,0.651491,0.432151,-0.335078,0.403177,0.611407,-0.149485,0.498814,0.830238,-0.271038,0.545851,1.000527,-0.297289,0.566099,1.114405,-0.295329,0.309741,0.663651,-0.167773,0.406924,0.923826,-0.26323,0.4387,1.034738,-0.247949,0.4442,1.097115,-0.218749,0.234107,0.759849,-0.192211,0.315025,0.94443,-0.255679,0.346419,1.022381,-0.248184,0.351916,1.052529,-0.227568
1401,46700,True,0.9955,0.9955,0.353375,0.959522,0.0,0.447196,0.936394,-0.049525,0.529615,0.888263,-0.107879,0.6035,0.874737,-0.166606,0.694626,0.872171,-0.227356,0.508387,0.648559,-0.133622,0.563156,0.58558,-0.225205,0.608433,0.501702,-0.288924,0.651608,0.430642,-0.332595,0.403129,0.608917,-0.149401,0.501641,0.831691,-0.270091,0.553447,0.994433,-0.298917,0.579235,1.1026,-0.29991,0.309588,0.660132,-0.167739,0.409207,0.922864,-0.260187,0.440235,1.024549,-0.246708,0.4444,1.077793,-0.22073,0.233096,0.754277,-0.192567,0.315799,0.940867,-0.25509,0.344909,1.013253,-0.249142,0.347663,1.036212,-0.230701
1402,46733,True,0.995,0.995,0.358888,0.957054,0.0,0.451244,0.933755,-0.047508,0.53185,0.887789,-0.10388,0.604826,0.87574,-0.161049,0.694618,0.876436,-0.220042,0.506015,0.644733,-0.125601,0.562271,0.587247,-0.212832,0.609827,0.504605,-0.273643,0.6546,0.433689,-0.315265,0.40237,0.607874,-0.141223,0.500636,0.827871,-0.256535,0.550143,0.993221,-0.283045,0.571498,1.104498,-0.282244,0.311268,0.660825,-0.15923,0.411546,0.924239,-0.246876,0.442682,1.024708,-0.231717,0.445219,1.077659,-0.204522,0.236641,0.7559,-0.183715,0.319701,0.946272,-0.240948,0.349816,1.016871,-0.232704,0.352057,1.038469,-0.212869
1403,46766,True,0.9955,0.9955,0.349771,0.969768,0.0,0.44578,0.942491,-0.047283,0.53054,0.891459,-0.103208,0.606635,0.875578,-0.160641,0.698484,0.874522,-0.220742,0.502861,0.646702,-0.123508,0.559793,0.585266,-0.211219,0.608808,0.504533,-0.271445,0.655798,0.43531,-0.31209,0.399523,0.612131,-0.139905,0.502301,0.826148,-0.258663,0.549817,0.999854,-0.286676,0.570744,1.115967,-0.28549,0.308281,0.665571,-0.158801,0.411683,0.923204,-0.253229,0.446132,1.043817,-0.241088,0.454538,1.115297,-0.213043,0.233992,0.761072,-0.183621,0.31889,0.945994,-0.24488,0.353306,1.031479,-0.237748,0.360825,1.069678,-0.217164
1404,46800,True,0.9958,0.9958,0.355651,0.975868,0.0,0.447594,0.950251,-0.048672,0.532149,0.897931,-0.1057,0.605615,0.878781,-0.16338,0.695298,0.873504,-0.223422,0.508973,0.650054,-0.13143,0.564368,0.586947,-0.222959,0.611754,0.504527,-0.285746,0.657061,0.434074,-0.328047,0.404138,0.609575,-0.147013,0.501454,0.828364,-0.265995,0.547571,0.992428,-0.293638,0.56865,1.099771,-0.293935,0.309857,0.659343,-0.165193,0.407275,0.927085,-0.260714,0.437558,1.045075,-0.247917,0.442907,1.109718,-0.220703,0.232469,0.752434,-0.18935,0.314205,0.943559,-0.25342,0.344054,1.028445,-0.247147,0.347424,1.060393,-0.227634
1405,46833,True,0.9966,0.9966,0.355543,0.965386,0.0,0.446922,0.943624,-0.049517,0.531335,0.89377,-0.106321,0.607063,0.877325,-0.163809,0.697867,0.874492,-0.223526,0.507038,0.650573,-0.130096,0.562584,0.590761,-0.218649,0.610855,0.509692,-0.279863,0.658252,0.439536,-0.321365,0.403329,0.611063,-0.144884,0.504434,0.836831,-0.262034,0.550723,0.998056,-0.290197,0.571962,1.10167,-0.290889,0.309873,0.660152,-0.162004,0.408724,0.930911,-0.253549,0.433726,1.042772,-0.240498,0.433396,1.100239,-0.213889,0.232353,0.75087,-0.185467,0.313583,0.944804,-0.245483,0.339629,1.022846,-0.238319,0.337874,1.046934,-0.218853
1406,46866,True,0.9955,0.9955,0.351962,0.975999,0.0,0.447403,0.951416,-0.047528,0.53363,0.89904,-0.102248,0.609135,0.88056,-0.158371,0.699068,0.876112,-0.216775,0.509666,0.654227,-0.125123,0.565342,0.590937,-0.212624,0.613257,0.50963,-0.27172,0.659628,0.439,-0.311257,0.405708,0.613368,-0.140546,0.502405,0.833753,-0.258212,0.547083,1.005873,-0.28462,0.567103,1.119155,-0.282459,0.311966,0.661598,-0.158278,0.408708,0.935044,-0.251495,0.431824,1.064501,-0.23587,0.431044,1.137846,-0.205285,0.234444,0.751794,-0.182243,0.315006,0.946523,-0.243046,0.338472,1.034362,-0.234439,0.33492,1.068233,-0.212374
1407,46900,True,0.9965,0.9965,0.34302,0.976261,0.0,0.44089,0.948853,-0.046097,0.529045,0.89379,-0.101215,0.605486,0.874984,-0.157696,0.693715,0.870003,-0.216392,0.507727,0.653503,-0.127725,0.565055,0.58659,-0.217316,0.613863,0.502939,-0.278214,0.659072,0.431983,-0.318806,0.405275,0.613396,-0.144183,0.504254,0.833434,-0.263858,0.549148,1.004064,-0.290618,0.567448,1.119132,-0.288454,0.311866,0.661488,-0.162804,0.411848,0.933535,-0.255989,0.43566,1.053103,-0.239726,0.433708,1.118837,-0.20922,0.233226,0.752429,-0.18756,0.317798,0.944892,-0.248236,0.342181,1.025154,-0.238694,0.338769,1.052528,-0.216197
1408,46933,True,0.9972,0.9972,0.355221,0.96159,0.0,0.446088,0.937949,-0.048367,0.531436,0.890238,-0.107665,0.604552,0.874555,-0.16744,0.690777,0.870227,-0.229714,0.508145,0.648746,-0.140569,0.564058,0.586856,-0.237762,0.611857,0.504479,-0.305173,0.656959,0.434958,-0.350591,0.405032,0.609505,-0.157831,0.503599,0.823103,-0.279487,0.553603,0.980886,-0.307407,0.57649,1.086765,-0.308589,0.31231,0.66031,-0.177513,0.408298,0.921393,-0.270958,0.433905,1.021418,-0.254405,0.433295,1.069659,-0.226655,0.23472,0.754389,-0.20363,0.315837,0.941356,-0.266467,0.341237,1.009739,-0.258343,0.340404,1.027268,-0.238691
1409,46966,True,0.9956,0.9956,0.358699,0.95801,0.0,0.449297,0.936375,-0.047322,0.53207,0.89065,-0.103502,0.607247,0.87773,-0.160765,0.696637,0.878258,-0.21999,0.506311,0.648879,-0.126573,0.563577,0.58587,-0.213533,0.611785,0.504795,-0.273056,0.657271,0.436053,-0.313235,0.403727,0.610404,-0.141854,0.501729,0.827721,-0.257556,0.547647,0.991556,-0.282948,0.566219,1.102417,-0.280896,0.311834,0.66089,-0.159546,0.410185,0.924389,-0.248395,0.436638,1.029396,-0.232577,0.435799,1.085221,-0.204015,0.236226,0.75398,-0.18352,0.318007,0.941621,-0.241446,0.34407,1.013157,-0.232934,0.341698,1.034781,-0.212384
1410,47000,True,0.9956,0.9956,0.356198,0.970458,0.0,0.449914,0.945117,-0.048274,0.534782,0.895702,-0.105184,0.609065,0.878736,-0.163357,0.699355,0.876905,-0.223926,0.508651,0.649015,-0.127863,0.564382,0.584878,-0.217097,0.612103,0.503408,-0.277439,0.658366,0.432703,-0.317535,0.404592,0.610954,-0.143167,0.503597,0.828751,-0.262749,0.547584,1.004249,-0.288665,0.564953,1.122001,-0.285223,0.31213,0.662494,-0.160901,0.411513,0.928661,-0.25457,0.437649,1.051601,-0.238607,0.437936,1.122509,-0.207353,0.236099,0.75613,-0.184821,0.31809,0.942936,-0.244652,0.344614,1.024411,-0.235396,0.343242,1.05604,-0.212853
1411,47033,True,0.9953,0.9953,0.358682,0.976352,0.0,0.451968,0.949783,-0.046523,0.536445,0.897252,-0.101368,0.610518,0.878259,-0.157511,0.699187,0.872224,-0.215949,0.508776,0.650198,-0.125104,0.566527,0.584409,-0.212328,0.61493,0.50159,-0.27202,0.661278,0.43085,-0.312289,0.404857,0.610354,-0.140686,0.503947,0.824124,-0.255768,0.549465,0.987594,-0.281808,0.568837,1.098418,-0.280798,0.312127,0.660323,-0.158699,0.412378,0.924733,-0.248835,0.438041,1.0389,-0.234768,0.438174,1.102984,-0.207213,0.235769,0.753611,-0.18284,0.319581,0.942481,-0.242302,0.345202,1.021315,-0.235315,0.343282,1.049824,-0.215636
1412,47066,True,0.9968,0.9968,0.359149,0.969779,0.0,0.453891,0.947702,-0.048858,0.538478,0.897889,-0.104531,0.612849,0.878137,-0.160803,0.700466,0.869729,-0.218488,0.509326,0.64959,-0.124647,0.565952,0.585882,-0.209913,0.613002,0.502689,-0.269,0.659224,0.431027,-0.309529,0.406835,0.610241,-0.139674,0.505814,0.827589,-0.254131,0.552972,0.979737,-0.281909,0.575656,1.080498,-0.282683,0.314907,0.659232,-0.157381,0.412698,0.92527,-0.24265,0.429911,1.018344,-0.228696,0.423363,1.058597,-0.203565,0.238577,0.750688,-0.181971,0.318203,0.941824,-0.237289,0.335645,1.004241,-0.230447,0.325715,1.011963,-0.212563
1413,47100,True,0.997,0.997,0.363549,0.96748,0.0,0.455871,0.94508,-0.048975,0.539553,0.895466,-0.104622,0.614347,0.878138,-0.161008,0.70227,0.87141,-0.219043,0.510477,0.645764,-0.122332,0.568509,0.580513,-0.205823,0.617208,0.497792,-0.264048,0.664316,0.426941,-0.304389,0.408013,0.608332,-0.137345,0.510042,0.824723,-0.250089,0.557761,0.978267,-0.27856,0.579385,1.079491,-0.280442,0.316314,0.658412,-0.155017,0.41647,0.924939,-0.23906,0.434991,1.01843,-0.2268,0.428359,1.058454,-0.203633,0.239698,0.750746,-0.179571,0.321653,0.94467,-0.233868,0.341891,1.011791,-0.22742,0.333399,1.023863,-0.21046
1414,47133,True,0.9957,0.9957,0.366166,0.971907,0.0,0.460136,0.945453,-0.048436,0.544842,0.894422,-0.104442,0.620538,0.876781,-0.161214,0.709685,0.876343,-0.21943,0.512971,0.645099,-0.121917,0.571478,0.584461,-0.206767,0.62091,0.502561,-0.265937,0.669045,0.430354,-0.306891,0.409575,0.609353,-0.137053,0.513346,0.826196,-0.250286,0.561594,0.986609,-0.277453,0.584225,1.089772,-0.277628,0.318893,0.660413,-0.154797,0.424384,0.934168,-0.237027,0.443303,1.03102,-0.221076,0.436541,1.070477,-0.194889,0.243938,0.752783,-0.179803,0.328057,0.952556,-0.230343,0.34774,1.017254,-0.220887,0.338034,1.023282,-0.201801
1415,47166,True,0.9968,0.9968,0.364079,0.978169,0.0,0.45989,0.952656,-0.048698,0.545882,0.898085,-0.103016,0.620769,0.880307,-0.158086,0.710645,0.877055,-0.214238,0.512958,0.64749,-0.113673,0.575945,0.586588,-0.193783,0.62499,0.50537,-0.250585,0.672994,0.433499,-0.290737,0.411395,0.613778,-0.128685,0.516704,0.829201,-0.239441,0.566537,0.98402,-0.268621,0.591058,1.082229,-0.270624,0.320946,0.664756,-0.146653,0.425689,0.933303,-0.225359,0.440086,1.017405,-0.211784,0.428918,1.041432,-0.188886,0.244473,0.756599,-0.172129,0.328613,0.954559,-0.22081,0.346321,1.014151,-0.212411,0.33412,1.012658,-0.195087
1416,47200,True,0.9969,0.9969,0.358272,0.978308,0.0,0.456584,0.94893,-0.043623,0.544553,0.897128,-0.096396,0.621952,0.881381,-0.150359,0.710079,0.874285,-0.205551,0.51506,0.650314,-0.113119,0.577391,0.588632,-0.193698,0.627711,0.505017,-0.250987,0.675323,0.43346,-0.291246,0.4161,0.615509,-0.129989,0.522937,0.826844,-0.237059,0.569387,0.977203,-0.262865,0.588266,1.07225,-0.2639,0.326523,0.666717,-0.14947,0.431928,0.925934,-0.224351,0.438298,1.001534,-0.20739,0.418411,1.019034,-0.183878,0.249171,0.759819,-0.176169,0.336793,0.954379,-0.222867,0.352882,1.010514,-0.212465,0.337533,1.007473,-0.194379
1417,47233,True,0.9965,0.9965,0.366086,0.985292,0.0,0.460122,0.952367,-0.044078,0.547209,0.895532,-0.097738,0.621934,0.876609,-0.152136,0.707036,0.870434,-0.208128,0.517197,0.645565,-0.119347,0.578207,0.583637,-0.204868,0.629105,0.500535,-0.2652,0.67656,0.431311,-0.307076,0.417467,0.610588,-0.136876,0.521803,0.819214,-0.248281,0.568639,0.973289,-0.27449,0.586479,1.074274,-0.275345,0.328056,0.663245,-0.157023,0.430879,0.924132,-0.237153,0.439017,1.00513,-0.219802,0.420642,1.028812,-0.194919,0.250967,0.759327,-0.184227,0.338782,0.956245,-0.236208,0.35509,1.017578,-0.226798,0.340731,1.019952,-0.208388
1418,47266,True,0.9978,0.9978,0.366355,0.97043,0.0,0.463356,0.941289,-0.046335,0.549963,0.891191,-0.101444,0.625878,0.878285,-0.157015,0.711568,0.870343,-0.213835,0.520516,0.644133,-0.123752,0.581523,0.580423,-0.210918,0.631443,0.496116,-0.271369,0.677426,0.423798,-0.313329,0.418574,0.607524,-0.140876,0.525854,0.824133,-0.25488,0.574181,0.977034,-0.281215,0.593133,1.073867,-0.281328,0.327637,0.660804,-0.160744,0.434774,0.930732,-0.243701,0.448297,1.011313,-0.225157,0.433804,1.030971,-0.198487,0.250451,0.757297,-0.187778,0.340504,0.962553,-0.242874,0.36447,1.026851,-0.232818,0.356569,1.02937,-0.21279
1419,47300,True,0.9978,0.9978,0.364099,0.97197,0.0,0.461422,0.943799,-0.044783,0.549385,0.891283,-0.098502,0.626084,0.877112,-0.153364,0.712231,0.870988,-0.209404,0.519479,0.64199,-0.116764,0.581847,0.574496,-0.198615,0.631683,0.490322,-0.256364,0.678077,0.417865,-0.297528,0.418606,0.606584,-0.134233,0.524951,0.820871,-0.244408,0.574532,0.973664,-0.271652,0.595326,1.072328,-0.273362,0.328705,0.660799,-0.154215,0.43571,0.929036,-0.23186,0.446039,1.003766,-0.215475,0.427982,1.019452,-0.192169,0.251802,0.758526,-0.181478,0.342652,0.962288,-0.232163,0.364057,1.021896,-0.223063,0.35267,1.020949,-0.205305
1420,47333,True,0.9978,0.9978,0.368038,0.963669,0.0,0.464571,0.938475,-0.047018,0.551214,0.888425,-0.102131,0.626917,0.875775,-0.157914,0.712869,0.871038,-0.214899,0.521591,0.640127,-0.121184,0.582812,0.572128,-0.205209,0.632208,0.488578,-0.263873,0.678674,0.417242,-0.305118,0.419896,0.604204,-0.137951,0.5258,0.817143,-0.249774,0.575393,0.966557,-0.277272,0.595924,1.064809,-0.278735,0.329227,0.658129,-0.157391,0.434022,0.923885,-0.237602,0.446896,0.996136,-0.221907,0.431453,1.011961,-0.198304,0.251608,0.75576,-0.184111,0.340478,0.958972,-0.237579,0.364962,1.018384,-0.229473,0.357386,1.018747,-0.211784
1421,47366,True,0.9974,0.9974,0.367112,0.964465,0.0,0.464283,0.938433,-0.045772,0.551076,0.889172,-0.1005,0.626688,0.876464,-0.156245,0.71355,0.874124,-0.213229,0.51979,0.643042,-0.120182,0.580836,0.572385,-0.203718,0.630555,0.489086,-0.261511,0.677509,0.416902,-0.302002,0.418888,0.605561,-0.137003,0.529013,0.816916,-0.246505,0.576771,0.967627,-0.272056,0.594816,1.066324,-0.272583,0.328931,0.658988,-0.156413,0.437059,0.926902,-0.236133,0.449649,1.005168,-0.219546,0.433572,1.026695,-0.195052,0.252154,0.756042,-0.182865,0.342574,0.959103,-0.235827,0.366649,1.022535,-0.226705,0.358063,1.027567,-0.208104
1422,47400,True,0.9974,0.9974,0.36813,0.961742,0.0,0.463259,0.934815,-0.044659,0.549453,0.885926,-0.098489,0.625654,0.874783,-0.153743,0.713202,0.8743,-0.210262,0.519165,0.641959,-0.117876,0.58136,0.569211,-0.199583,0.631189,0.485598,-0.255874,0.677721,0.413907,-0.295474,0.417466,0.605449,-0.135027,0.529603,0.815483,-0.242303,0.57725,0.963132,-0.267302,0.59437,1.059345,-0.268133,0.327358,0.659835,-0.154663,0.438851,0.926079,-0.23347,0.453529,1.006991,-0.216704,0.438258,1.031061,-0.192219,0.251468,0.757464,-0.18118,0.344093,0.956867,-0.23322,0.367749,1.020356,-0.22358,0.357624,1.026343,-0.204798
1423,47433,True,0.9971,0.9971,0.36736,0.962385,0.0,0.462566,0.93316,-0.0446,0.548741,0.883009,-0.09927,0.62532,0.87115,-0.155756,0.714945,0.874914,-0.214123,0.518378,0.64198,-0.119828,0.581017,0.568004,-0.202477,0.630575,0.485383,-0.259419,0.677235,0.412802,-0.299706,0.415849,0.606173,-0.137188,0.529136,0.813653,-0.246234,0.574687,0.965642,-0.272293,0.590487,1.064249,-0.273771,0.325383,0.659912,-0.156815,0.436954,0.921058,-0.237749,0.457932,1.013101,-0.222324,0.449149,1.050172,-0.198107,0.250793,0.756708,-0.183103,0.343141,0.951013,-0.236157,0.371721,1.020599,-0.227213,0.367494,1.035173,-0.208789
1424,47466,True,0.997,0.997,0.370954,0.972432,0.0,0.464697,0.943498,-0.045181,0.550799,0.889674,-0.09942,0.625384,0.872477,-0.155107,0.714724,0.873829,-0.212535,0.519002,0.644538,-0.118267,0.580979,0.5701,-0.200525,0.629749,0.486198,-0.257089,0.676001,0.412334,-0.296844,0.416337,0.607886,-0.134714,0.528363,0.813694,-0.243889,0.573435,0.968883,-0.269755,0.589105,1.068687,-0.270425,0.325393,0.659862,-0.15346,0.434841,0.919878,-0.234942,0.453564,1.015707,-0.219384,0.443061,1.054036,-0.194391,0.250084,0.754802,-0.178793,0.340476,0.946468,-0.23153,0.366172,1.017403,-0.222052,0.358846,1.031211,-0.202917
1425,47500,True,0.9973,0.9973,0.369445,0.962782,0.0,0.463893,0.933873,-0.046437,0.549969,0.883588,-0.101259,0.625691,0.870127,-0.15735,0.715701,0.872465,-0.214873,0.520389,0.641343,-0.118341,0.582951,0.570535,-0.199499,0.630455,0.487026,-0.255917,0.675409,0.413051,-0.296216,0.416904,0.606167,-0.134642,0.527371,0.816061,-0.241698,0.576213,0.961108,-0.267528,0.595668,1.051909,-0.269317,0.326563,0.659795,-0.153516,0.43589,0.923391,-0.230773,0.453235,1.003589,-0.214578,0.440754,1.025913,-0.191174,0.251707,0.755417,-0.179698,0.34287,0.953252,-0.230636,0.367972,1.017694,-0.221797,0.359791,1.023538,-0.20403
1426,47533,True,0.997,0.997,0.371383,0.961065,0.0,0.463664,0.931496,-0.045511,0.549573,0.880875,-0.099806,0.62451,0.868681,-0.155554,0.71436,0.874047,-0.212806,0.520872,0.639992,-0.118054,0.583476,0.566478,-0.19927,0.631965,0.483171,-0.255328,0.676251,0.409937,-0.295167,0.418032,0.604468,-0.134607,0.530163,0.814324,-0.239903,0.576931,0.957586,-0.264477,0.59201,1.046281,-0.265967,0.327862,0.658569,-0.153755,0.438308,0.922178,-0.231325,0.454562,1.001274,-0.21518,0.440046,1.022087,-0.191845,0.252557,0.754958,-0.179942,0.345977,0.953632,-0.231553,0.372054,1.020198,-0.222347,0.363674,1.028365,-0.204264
1427,47566,True,0.997,0.997,0.370089,0.961347,0.0,0.463979,0.93336,-0.045609,0.550068,0.883573,-0.100297,0.625306,0.871828,-0.156273,0.716744,0.874357,-0.213766,0.519023,0.641508,-0.119227,0.582558,0.569145,-0.202069,0.631804,0.486517,-0.258625,0.677698,0.41257,-0.298322,0.416077,0.604266,-0.135762,0.529778,0.810074,-0.241512,0.574952,0.955197,-0.265597,0.589418,1.044382,-0.266244,0.325603,0.657617,-0.154848,0.436863,0.922083,-0.234688,0.454884,1.011783,-0.217194,0.442468,1.041069,-0.191483,0.250598,0.752995,-0.180714,0.342443,0.950943,-0.232523,0.368189,1.021693,-0.221154,0.359578,1.03351,-0.200862
1428,47600,True,0.9964,0.9964,0.359249,0.970748,0.0,0.45551,0.939202,-0.043089,0.543923,0.886596,-0.096332,0.621643,0.871148,-0.151709,0.715359,0.872825,-0.20857,0.520206,0.645724,-0.11424,0.583923,0.569498,-0.19534,0.633395,0.486977,-0.250282,0.677946,0.413059,-0.289022,0.418248,0.606585,-0.131743,0.532287,0.811562,-0.234838,0.572894,0.954002,-0.25778,0.582051,1.037888,-0.258428,0.32779,0.659326,-0.151948,0.440803,0.92427,-0.231389,0.455388,1.013198,-0.215311,0.440138,1.039514,-0.190918,0.252483,0.754608,-0.178522,0.346959,0.951509,-0.230165,0.368614,1.023793,-0.219779,0.355959,1.035414,-0.200582
1429,47633,True,0.9965,0.9965,0.370784,0.959088,0.0,0.461191,0.927846,-0.042873,0.547348,0.876456,-0.095607,0.623616,0.868896,-0.150151,0.71146,0.871119,-0.205889,0.521814,0.636508,-0.115536,0.582417,0.563462,-0.198493,0.632679,0.480913,-0.254914,0.677116,0.411095,-0.294241,0.42012,0.602048,-0.133767,0.531945,0.807068,-0.240466,0.571321,0.948946,-0.264031,0.577945,1.032939,-0.263971,0.329985,0.657392,-0.154751,0.440845,0.923754,-0.236317,0.448477,1.007485,-0.217549,0.426165,1.024644,-0.190498,0.253725,0.754699,-0.182209,0.347832,0.951254,-0.237058,0.367195,1.017629,-0.225876,0.351762,1.021047,-0.205117
1430,47666,True,0.9971,0.9971,0.363575,0.963719,0.0,0.458353,0.932592,-0.044441,0.545381,0.881809,-0.099073,0.624334,0.872527,-0.155984,0.718649,0.876825,-0.214323,0.518361,0.638736,-0.114882,0.582602,0.565064,-0.197363,0.633405,0.482996,-0.252821,0.678413,0.410576,-0.291611,0.416245,0.602041,-0.133455,0.534502,0.804766,-0.239575,0.575294,0.952638,-0.263011,0.584222,1.04081,-0.262863,0.326202,0.65726,-0.155028,0.443558,0.922324,-0.239254,0.458854,1.022354,-0.222211,0.444237,1.057968,-0.195286,0.252164,0.75417,-0.182937,0.349081,0.949683,-0.237361,0.374288,1.027602,-0.225267,0.365064,1.045532,-0.203872
1431,47700,True,0.9969,0.9969,0.366063,0.962715,0.0,0.460044,0.931138,-0.043773,0.545483,0.880841,-0.097938,0.621939,0.87089,-0.154212,0.712856,0.876053,-0.211882,0.520943,0.636889,-0.114397,0.583368,0.563901,-0.196333,0.633879,0.482788,-0.252232,0.679076,0.412252,-0.291563,0.41974,0.602258,-0.133056,0.534166,0.803498,-0.238367,0.57519,0.946898,-0.262815,0.584921,1.03386,-0.264127,0.329883,0.657945,-0.154616,0.442667,0.920055,-0.235729,0.454645,1.007238,-0.220338,0.436912,1.031323,-0.196373,0.254733,0.75561,-0.182626,0.348937,0.952084,-0.235747,0.37063,1.022971,-0.225646,0.357903,1.032853,-0.206761
1432,47733,True,0.9965,0.9965,0.368104,0.95204,0.0,0.460707,0.923611,-0.044819,0.545279,0.874554,-0.099367,0.622226,0.867524,-0.155956,0.715222,0.875256,-0.213874,0.520853,0.635329,-0.114784,0.584543,0.563604,-0.196838,0.635951,0.483181,-0.25217,0.680353,0.4123,-0.291002,0.419617,0.601851,-0.132977,0.534683,0.802367,-0.237599,0.575618,0.94502,-0.260577,0.584801,1.027837,-0.260819,0.33044,0.657639,-0.154267,0.443749,0.921416,-0.236342,0.457064,1.009995,-0.219018,0.439862,1.032692,-0.192964,0.25602,0.753998,-0.182059,0.350421,0.950555,-0.235698,0.373852,1.021973,-0.223987,0.361846,1.031531,-0.203483
1433,47766,True,0.997,0.997,0.369309,0.95051,0.0,0.462786,0.922182,-0.045169,0.547055,0.876384,-0.100087,0.624308,0.870828,-0.157098,0.717052,0.875169,-0.215186,0.52073,0.636479,-0.114749,0.584805,0.563621,-0.195834,0.636451,0.482751,-0.249874,0.680401,0.41105,-0.287853,0.418802,0.602377,-0.132946,0.535533,0.804604,-0.235864,0.579548,0.947961,-0.257394,0.590973,1.029576,-0.256915,0.32944,0.659139,-0.154332,0.44367,0.92211,-0.235593,0.459203,1.009281,-0.217217,0.443349,1.029629,-0.190689,0.255445,0.755289,-0.182184,0.348479,0.949918,-0.235048,0.374027,1.019603,-0.222172,0.363315,1.027801,-0.20093
1434,47800,True,0.9968,0.9968,0.363377,0.956666,1e-06,0.458552,0.925717,-0.045337,0.545455,0.87614,-0.100259,0.624432,0.86957,-0.157625,0.718761,0.877374,-0.216179,0.520436,0.636625,-0.113563,0.584886,0.561362,-0.19455,0.636782,0.481243,-0.248381,0.681526,0.411304,-0.286276,0.418297,0.603214,-0.132061,0.538464,0.804941,-0.236423,0.582793,0.950955,-0.25916,0.594565,1.034618,-0.259052,0.329195,0.659598,-0.153724,0.44856,0.925215,-0.235504,0.464064,1.02295,-0.216703,0.448483,1.053396,-0.189356,0.255843,0.755578,-0.182091,0.3533,0.951793,-0.234852,0.378029,1.027888,-0.221384,0.366967,1.042645,-0.199338
1435,47833,True,0.9969,0.9969,0.368584,0.952953,0.0,0.46141,0.924756,-0.045163,0.546747,0.877152,-0.100657,0.623713,0.871068,-0.158318,0.715573,0.877676,-0.217022,0.520839,0.635952,-0.115634,0.585101,0.561036,-0.19836,0.637723,0.479338,-0.254096,0.683126,0.409175,-0.29343,0.420135,0.601857,-0.134149,0.53869,0.804453,-0.23817,0.580311,0.942882,-0.26031,0.589434,1.020166,-0.260886,0.331428,0.658281,-0.156079,0.446491,0.920441,-0.236073,0.455371,0.99966,-0.216891,0.434528,1.010774,-0.191073,0.257449,0.755581,-0.184829,0.351057,0.948045,-0.23791,0.370957,1.009933,-0.226089,0.35506,1.008805,-0.206245
1436,47866,True,0.9972,0.9972,0.368955,0.953737,1e-06,0.463308,0.923919,-0.046351,0.548215,0.875434,-0.102554,0.625146,0.868439,-0.16054,0.718025,0.873468,-0.219318,0.521743,0.636827,-0.116688,0.584878,0.561551,-0.200816,0.636955,0.480156,-0.256964,0.682171,0.408656,-0.296035,0.42064,0.601335,-0.134463,0.539358,0.804686,-0.237691,0.581085,0.942433,-0.258341,0.5909,1.016025,-0.257643,0.331424,0.657118,-0.155998,0.447011,0.920208,-0.236902,0.457502,0.996782,-0.217293,0.438242,1.003904,-0.190711,0.256803,0.752868,-0.184264,0.35037,0.948314,-0.237623,0.371247,1.011908,-0.224613,0.356341,1.011105,-0.203505
1437,47900,True,0.9971,0.9971,0.368462,0.955353,1e-06,0.4621,0.925177,-0.045417,0.547499,0.876079,-0.10136,0.624357,0.869476,-0.159496,0.718064,0.87631,-0.218578,0.52101,0.636642,-0.115161,0.584629,0.561009,-0.198942,0.636733,0.479312,-0.255078,0.681618,0.407817,-0.294383,0.419481,0.601206,-0.133631,0.540891,0.804723,-0.236288,0.581476,0.940279,-0.257226,0.588902,1.010713,-0.257247,0.330205,0.657616,-0.155839,0.447671,0.919837,-0.236823,0.457386,0.997398,-0.217568,0.436647,1.004036,-0.191457,0.255592,0.754518,-0.184693,0.351341,0.948671,-0.238314,0.373249,1.013545,-0.22529,0.358592,1.013896,-0.204357
1438,47933,True,0.9971,0.9971,0.36572,0.948717,1e-06,0.460759,0.919088,-0.045016,0.546448,0.871988,-0.100139,0.624035,0.868439,-0.157487,0.718331,0.875886,-0.215645,0.521501,0.636476,-0.114138,0.585343,0.562145,-0.197226,0.637527,0.480858,-0.25318,0.682768,0.409245,-0.292379,0.419809,0.600783,-0.132309,0.537802,0.806186,-0.233872,0.580811,0.938299,-0.254719,0.591049,1.00823,-0.254614,0.330487,0.656945,-0.154166,0.44547,0.921404,-0.23305,0.456542,0.992212,-0.213559,0.436296,0.99425,-0.187632,0.25583,0.752954,-0.182865,0.351254,0.952089,-0.235187,0.37385,1.013899,-0.222109,0.359641,1.011482,-0.201156
1439,47966,True,0.9967,0.9967,0.37203,0.945892,1e-06,0.464529,0.917945,-0.046231,0.549149,0.871886,-0.101925,0.623989,0.867399,-0.159519,0.716253,0.874772,-0.217996,0.52396,0.634167,-0.115606,0.585563,0.561558,-0.200979,0.638262,0.48064,-0.259049,0.684045,0.409956,-0.299407,0.422195,0.599906,-0.133423,0.536184,0.799357,-0.23664,0.578183,0.929042,-0.258261,0.586912,0.998708,-0.258351,0.333478,0.656924,-0.155165,0.443925,0.917784,-0.233965,0.454641,0.984383,-0.213438,0.434033,0.982821,-0.186565,0.25919,0.753769,-0.184091,0.351083,0.948162,-0.236697,0.372066,1.002921,-0.223978,0.356583,0.993933,-0.203057
1440,48000,True,0.9972,0.9972,0.366952,0.931753,1e-06,0.46011,0.902588,-0.045169,0.546427,0.859219,-0.099849,0.625092,0.861755,-0.156769,0.718654,0.873649,-0.214479,0.523186,0.629576,-0.115185,0.584952,0.557473,-0.19786,0.637116,0.477512,-0.253075,0.682565,0.407517,-0.291295,0.422503,0.597608,-0.132882,0.539475,0.809329,-0.232739,0.581893,0.934028,-0.251955,0.590759,1.000056,-0.250611,0.334022,0.656693,-0.154364,0.448755,0.924689,-0.232439,0.460016,0.985727,-0.211266,0.439521,0.982261,-0.183475,0.26009,0.753848,-0.182788,0.355686,0.953481,-0.235797,0.380073,1.007161,-0.222617,0.367834,0.99945,-0.20068
1441,48033,True,0.9974,0.9974,0.370605,0.937977,1e-06,0.462052,0.906155,-0.043962,0.548059,0.859467,-0.098289,0.625434,0.860615,-0.154832,0.717764,0.874792,-0.212571,0.523854,0.62816,-0.116468,0.58537,0.554949,-0.199485,0.638647,0.477686,-0.255265,0.685237,0.412322,-0.294119,0.423698,0.597751,-0.135052,0.541378,0.806831,-0.23628,0.579638,0.932337,-0.256678,0.584085,0.997718,-0.257004,0.334579,0.657173,-0.157252,0.448596,0.916462,-0.23717,0.457273,0.97985,-0.217758,0.435091,0.977709,-0.191685,0.259466,0.755285,-0.185948,0.353452,0.944682,-0.241152,0.376184,0.997712,-0.229758,0.363198,0.990046,-0.209559
1442,48066,True,0.9971,0.9971,0.37694,0.946298,1e-06,0.468417,0.914058,-0.046459,0.553315,0.864449,-0.102073,0.628151,0.861613,-0.15981,0.719375,0.873322,-0.218348,0.529145,0.629935,-0.116894,0.586828,0.552791,-0.201374,0.638421,0.473757,-0.25687,0.684499,0.405927,-0.294818,0.425856,0.597354,-0.133932,0.543918,0.812146,-0.2327,0.583298,0.936751,-0.250088,0.590473,0.992582,-0.248883,0.33513,0.65707,-0.155424,0.450849,0.920173,-0.235797,0.459641,0.984087,-0.215604,0.438395,0.976758,-0.189169,0.259401,0.755377,-0.183551,0.353748,0.946559,-0.23885,0.376367,1.004226,-0.22623,0.362835,0.997856,-0.205185
1443,48100,True,0.997,0.997,0.366268,0.947733,0.0,0.462034,0.919504,-0.045325,0.551104,0.871424,-0.100259,0.628175,0.86493,-0.157545,0.722702,0.874885,-0.216087,0.526512,0.637579,-0.116056,0.587236,0.559204,-0.199837,0.638174,0.478685,-0.255467,0.683981,0.407102,-0.294209,0.425633,0.601265,-0.133924,0.54533,0.812147,-0.236259,0.580709,0.9437,-0.257684,0.584141,1.007833,-0.258386,0.336232,0.656303,-0.155465,0.451187,0.921605,-0.238017,0.458175,0.997849,-0.221183,0.437138,1.003849,-0.196317,0.260541,0.751185,-0.183324,0.355158,0.946684,-0.238933,0.37725,1.013297,-0.227576,0.3649,1.016684,-0.207439
1444,48133,True,0.9971,0.9971,0.369325,0.949011,1e-06,0.462957,0.917984,-0.043879,0.549135,0.868181,-0.097718,0.625598,0.865243,-0.154198,0.715932,0.874624,-0.2122,0.524413,0.632944,-0.113906,0.586847,0.553747,-0.195484,0.641344,0.474596,-0.250179,0.688587,0.408148,-0.288082,0.424416,0.601302,-0.132033,0.544093,0.808441,-0.231164,0.579612,0.933974,-0.251292,0.581344,0.996783,-0.251734,0.335278,0.658939,-0.153756,0.449818,0.913376,-0.232596,0.455473,0.979593,-0.21345,0.431654,0.978522,-0.187888,0.259221,0.755678,-0.181955,0.354358,0.940741,-0.236851,0.377796,0.99865,-0.224787,0.366108,0.996619,-0.204011
1445,48166,True,0.997,0.997,0.371671,0.931106,1e-06,0.464805,0.904489,-0.046691,0.551551,0.859301,-0.102189,0.627477,0.859735,-0.159608,0.719217,0.874001,-0.217652,0.528312,0.626094,-0.117303,0.589581,0.54916,-0.200577,0.641656,0.470796,-0.255443,0.68851,0.40463,-0.293315,0.427849,0.59619,-0.134521,0.541623,0.806124,-0.234221,0.583589,0.928507,-0.252209,0.593966,0.991441,-0.250913,0.338489,0.655646,-0.155986,0.451031,0.917,-0.233591,0.45903,0.97263,-0.211795,0.437416,0.963788,-0.184722,0.263524,0.753495,-0.184569,0.356441,0.944484,-0.237903,0.375986,0.992772,-0.22532,0.36001,0.97927,-0.204517
1446,48200,True,0.997,0.997,0.363327,0.938714,1e-06,0.459634,0.909205,-0.045081,0.54874,0.861272,-0.100134,0.626594,0.859967,-0.157326,0.72058,0.873408,-0.215589,0.525761,0.630514,-0.116465,0.589308,0.552504,-0.19934,0.643036,0.474435,-0.254379,0.690559,0.408291,-0.292778,0.426162,0.599935,-0.134618,0.543056,0.807725,-0.234576,0.580716,0.931542,-0.253865,0.587042,0.991355,-0.254124,0.337414,0.658929,-0.156743,0.450078,0.911618,-0.236202,0.458411,0.97411,-0.216068,0.43823,0.969735,-0.190261,0.262772,0.756045,-0.185503,0.354971,0.938494,-0.240549,0.37658,0.992181,-0.228278,0.364332,0.985105,-0.207923
1447,48233,True,0.9972,0.9972,0.358607,0.961346,1e-06,0.45486,0.93262,-0.042056,0.546814,0.877075,-0.094973,0.625533,0.867862,-0.150497,0.719715,0.876142,-0.207464,0.525235,0.641161,-0.11105,0.590111,0.557468,-0.191818,0.644507,0.477291,-0.245215,0.69239,0.411705,-0.28227,0.427235,0.606927,-0.129627,0.546025,0.807012,-0.228542,0.583408,0.937317,-0.24802,0.589749,1.003839,-0.248132,0.338256,0.660631,-0.151712,0.45092,0.909649,-0.231026,0.457036,0.99025,-0.211391,0.436355,1.00234,-0.185462,0.261781,0.754785,-0.179946,0.353279,0.932204,-0.233357,0.375005,1.000262,-0.219268,0.364312,1.007539,-0.197592
1448,48266,True,0.9971,0.9971,0.368679,0.94819,1e-06,0.462194,0.914995,-0.042025,0.550474,0.86463,-0.094283,0.630275,0.864048,-0.148636,0.720496,0.87579,-0.204351,0.528018,0.630902,-0.11331,0.592688,0.556908,-0.191585,0.646431,0.480787,-0.244537,0.692831,0.41767,-0.282228,0.429747,0.601894,-0.132098,0.543613,0.801711,-0.231265,0.582211,0.93407,-0.252585,0.588924,1.007736,-0.254222,0.340585,0.658289,-0.1538,0.452311,0.911212,-0.229495,0.458885,0.981847,-0.211308,0.436867,0.987305,-0.187855,0.263777,0.754671,-0.182002,0.356683,0.93762,-0.233605,0.379757,0.997329,-0.221987,0.368866,0.998052,-0.202999
1449,48300,True,0.9975,0.9975,0.366081,0.939242,1e-06,0.46246,0.912389,-0.047154,0.550669,0.866611,-0.104604,0.627794,0.864906,-0.163797,0.720791,0.875109,-0.223816,0.530875,0.633648,-0.122195,0.593217,0.55693,-0.207962,0.647541,0.48013,-0.264347,0.694964,0.415313,-0.303272,0.42988,0.600408,-0.139628,0.547259,0.813943,-0.240949,0.585403,0.939592,-0.259314,0.592179,0.997566,-0.258861,0.339809,0.657266,-0.161229,0.452806,0.918139,-0.240953,0.460253,0.976632,-0.219419,0.438155,0.965168,-0.193019,0.263243,0.752112,-0.189742,0.356423,0.942489,-0.244801,0.376192,0.993162,-0.232118,0.360596,0.979767,-0.211639
1450,48333,True,0.9976,0.9976,0.361387,0.951486,1e-06,0.458869,0.923947,-0.044118,0.548942,0.874308,-0.099363,0.626963,0.869418,-0.156483,0.719631,0.877418,-0.214941,0.52758,0.636916,-0.118994,0.59084,0.560278,-0.203848,0.645579,0.481754,-0.260666,0.694265,0.415701,-0.299973,0.428822,0.602418,-0.137317,0.547329,0.813428,-0.23902,0.584482,0.944429,-0.258909,0.590277,1.009861,-0.259318,0.339071,0.658004,-0.159196,0.45131,0.913021,-0.240105,0.456806,0.982545,-0.220136,0.435066,0.983509,-0.194312,0.262083,0.754202,-0.187431,0.353472,0.938778,-0.24368,0.375088,1.000175,-0.23102,0.364036,1.00034,-0.210126
1451,48366,True,0.9974,0.9974,0.369001,0.943665,1e-06,0.463607,0.912881,-0.042937,0.552267,0.864818,-0.09626,0.630661,0.864838,-0.151637,0.720146,0.874958,-0.208428,0.529693,0.633231,-0.117117,0.591835,0.5579,-0.198442,0.645659,0.480083,-0.253375,0.69217,0.414362,-0.29196,0.429785,0.601371,-0.135702,0.543863,0.812721,-0.235569,0.581968,0.941383,-0.255183,0.586972,1.008269,-0.255464,0.339902,0.658597,-0.157484,0.45043,0.914234,-0.234697,0.455425,0.974153,-0.213424,0.431612,0.968688,-0.187386,0.262703,0.75537,-0.1859,0.354645,0.939898,-0.240463,0.379108,0.994446,-0.227639,0.369846,0.990716,-0.206658
1452,48400,True,0.9975,0.9975,0.365276,0.93539,1e-06,0.462397,0.909392,-0.048373,0.550486,0.866312,-0.106919,0.627801,0.866703,-0.167086,0.721214,0.876735,-0.228078,0.529484,0.631557,-0.125678,0.591386,0.557922,-0.214967,0.645882,0.481539,-0.273529,0.694155,0.415845,-0.313064,0.427494,0.599267,-0.143296,0.543728,0.811441,-0.248018,0.583713,0.934794,-0.266397,0.590105,0.995605,-0.264266,0.337325,0.659121,-0.165282,0.449466,0.91836,-0.249433,0.460301,0.975667,-0.226407,0.438582,0.966943,-0.196495,0.26165,0.75605,-0.194133,0.355671,0.945263,-0.253092,0.37838,0.99354,-0.240018,0.364443,0.980475,-0.217335
1453,48433,True,0.9972,0.9972,0.367465,0.94253,1e-06,0.462959,0.913606,-0.045129,0.550916,0.866882,-0.101087,0.628545,0.866359,-0.158826,0.721241,0.878666,-0.217988,0.526958,0.633258,-0.122626,0.590993,0.55849,-0.20837,0.645935,0.480874,-0.265242,0.694376,0.415308,-0.304533,0.426805,0.601517,-0.141256,0.545103,0.808178,-0.244749,0.583388,0.936207,-0.264829,0.588916,1.003881,-0.264881,0.33742,0.659338,-0.163397,0.452282,0.916849,-0.24572,0.460816,0.985566,-0.225423,0.440307,0.988484,-0.198585,0.262041,0.75639,-0.19203,0.356061,0.942941,-0.249079,0.38035,1.001197,-0.236764,0.37131,1.000655,-0.215791
1454,48466,True,0.9972,0.9972,0.367267,0.934488,1e-06,0.46247,0.906143,-0.047127,0.549324,0.861659,-0.104746,0.626915,0.862886,-0.164256,0.721455,0.875733,-0.224644,0.529411,0.627614,-0.123276,0.592642,0.553775,-0.210713,0.646602,0.478231,-0.268325,0.694049,0.41352,-0.307886,0.428337,0.598077,-0.141876,0.547773,0.811205,-0.246667,0.586372,0.935029,-0.266661,0.591579,0.996357,-0.266219,0.338787,0.658879,-0.164601,0.454795,0.920312,-0.248101,0.464233,0.981817,-0.226669,0.441988,0.976855,-0.198446,0.263532,0.757312,-0.194169,0.358561,0.945729,-0.252876,0.379699,0.996037,-0.241095,0.365045,0.985316,-0.21982
1455,48500,True,0.9972,0.9972,0.369748,0.947324,1e-06,0.464125,0.918766,-0.044877,0.55238,0.868457,-0.100284,0.629603,0.864866,-0.15749,0.722799,0.876286,-0.215729,0.528592,0.633309,-0.118481,0.591734,0.557624,-0.203394,0.646171,0.480355,-0.259472,0.694618,0.415527,-0.297888,0.4287,0.60198,-0.136532,0.546097,0.810153,-0.238224,0.583202,0.936879,-0.257176,0.588853,1.000548,-0.25645,0.338873,0.659606,-0.158449,0.452341,0.915438,-0.240223,0.459723,0.981444,-0.219526,0.438059,0.980306,-0.192292,0.262729,0.756339,-0.18675,0.355286,0.939779,-0.243338,0.37625,0.994685,-0.230756,0.362979,0.988513,-0.20954
1456,48533,True,0.9968,0.9968,0.365356,0.934696,1e-06,0.46094,0.907617,-0.047744,0.54813,0.862804,-0.105016,0.626217,0.864147,-0.164037,0.720511,0.876219,-0.223708,0.527611,0.628148,-0.120379,0.592508,0.554359,-0.206497,0.646123,0.477788,-0.263113,0.693478,0.413256,-0.301815,0.428337,0.599424,-0.138536,0.545961,0.804828,-0.243005,0.587042,0.928763,-0.262661,0.595406,0.995223,-0.261106,0.339244,0.659232,-0.16102,0.453387,0.91453,-0.243622,0.462196,0.974406,-0.221437,0.440651,0.970789,-0.192264,0.264272,0.757218,-0.190502,0.358671,0.942202,-0.248591,0.378887,0.991059,-0.236486,0.364025,0.979428,-0.21462
1457,48566,True,0.9976,0.9976,0.363913,0.946478,1e-06,0.460771,0.919778,-0.041959,0.551276,0.869685,-0.095693,0.629559,0.866771,-0.151764,0.722489,0.87614,-0.208989,0.526523,0.636514,-0.116083,0.590189,0.558565,-0.200557,0.644261,0.480007,-0.256386,0.693005,0.412915,-0.294864,0.428184,0.602137,-0.135358,0.545244,0.806896,-0.237283,0.581189,0.935464,-0.256533,0.586105,1.000163,-0.255893,0.33883,0.65759,-0.158143,0.450696,0.911141,-0.2398,0.456597,0.982815,-0.21833,0.434596,0.985452,-0.190443,0.262962,0.752346,-0.187063,0.353739,0.935649,-0.243389,0.372273,0.993236,-0.230245,0.357388,0.988155,-0.208572
1458,48600,True,0.9973,0.9973,0.365849,0.942714,1e-06,0.462407,0.913562,-0.042492,0.551848,0.865083,-0.096126,0.630156,0.864074,-0.152065,0.720586,0.874134,-0.209379,0.526755,0.631366,-0.117315,0.590831,0.554297,-0.200774,0.646231,0.476753,-0.256754,0.694365,0.410943,-0.295708,0.427531,0.599175,-0.136723,0.54492,0.804369,-0.239312,0.581084,0.931829,-0.260282,0.583329,0.998846,-0.260876,0.33815,0.65613,-0.159385,0.451223,0.910814,-0.239522,0.457747,0.978205,-0.218748,0.434679,0.979283,-0.19191,0.26224,0.752745,-0.188462,0.355209,0.93644,-0.244196,0.376001,0.991815,-0.231653,0.362565,0.987127,-0.210568
1459,48633,True,0.9973,0.9973,0.360395,0.934979,1e-06,0.459106,0.909395,-0.04449,0.549045,0.865004,-0.099418,0.626526,0.864185,-0.156314,0.719823,0.874082,-0.214028,0.530017,0.632696,-0.119198,0.591884,0.556678,-0.204824,0.645876,0.479448,-0.261261,0.693606,0.41265,-0.299911,0.430944,0.598727,-0.137636,0.544132,0.806745,-0.239518,0.583266,0.931622,-0.257682,0.589439,0.996343,-0.255973,0.341238,0.65593,-0.159998,0.451096,0.912774,-0.240862,0.457465,0.972415,-0.217886,0.433886,0.966892,-0.188833,0.264985,0.751964,-0.188987,0.35655,0.937575,-0.245777,0.374982,0.987088,-0.232849,0.358822,0.975464,-0.210787
1460,48666,True,0.9985,0.9985,0.362792,0.949817,1e-06,0.459378,0.919837,-0.039964,0.550742,0.870138,-0.093282,0.629265,0.869628,-0.149119,0.720748,0.880382,-0.206896,0.525475,0.632968,-0.117382,0.590672,0.559844,-0.202222,0.645823,0.480089,-0.260115,0.693821,0.41269,-0.300289,0.427054,0.600259,-0.137833,0.546301,0.808043,-0.23843,0.581244,0.935744,-0.258252,0.582,1.001267,-0.259115,0.336913,0.658551,-0.161365,0.45067,0.908989,-0.24316,0.458479,0.982067,-0.221914,0.435738,0.988546,-0.194708,0.25951,0.757507,-0.190674,0.354119,0.939125,-0.247357,0.381626,1.004123,-0.232458,0.374345,1.01121,-0.209776
1461,48700,True,0.9973,0.9973,0.364748,0.939982,0.0,0.46028,0.910628,-0.042981,0.549755,0.863412,-0.096136,0.628735,0.865683,-0.152079,0.720165,0.877726,-0.209553,0.529119,0.629344,-0.113858,0.593013,0.555151,-0.195595,0.648173,0.480164,-0.250252,0.696585,0.416734,-0.288068,0.429153,0.600086,-0.133404,0.549184,0.806986,-0.235495,0.584309,0.936757,-0.257254,0.585428,1.005958,-0.257408,0.339622,0.659565,-0.156227,0.456017,0.916838,-0.237829,0.463395,0.988166,-0.218289,0.439502,0.99368,-0.190582,0.262767,0.757124,-0.185357,0.358577,0.941558,-0.241838,0.382815,0.999529,-0.229084,0.371774,0.999105,-0.206703
1462,48733,True,0.998,0.998,0.361498,0.951611,1e-06,0.459485,0.923027,-0.043327,0.549533,0.87391,-0.099045,0.626261,0.869149,-0.156927,0.719532,0.877469,-0.216169,0.527621,0.634869,-0.119896,0.591448,0.558374,-0.206784,0.647036,0.480817,-0.264739,0.696233,0.415566,-0.30447,0.42877,0.602193,-0.139335,0.546861,0.805732,-0.241463,0.584102,0.934331,-0.260569,0.589344,1.000493,-0.260417,0.339256,0.659624,-0.162526,0.451208,0.910339,-0.244437,0.457127,0.978819,-0.22349,0.435246,0.980412,-0.196736,0.262958,0.757041,-0.191977,0.355576,0.939456,-0.248246,0.377344,1.000011,-0.234607,0.366148,0.999931,-0.213131
1463,48766,True,0.9973,0.9973,0.363922,0.94274,1e-06,0.461015,0.909947,-0.040997,0.550925,0.861421,-0.093324,0.630137,0.861911,-0.148355,0.721303,0.872994,-0.205078,0.527654,0.629276,-0.113656,0.591999,0.555381,-0.194785,0.647194,0.479717,-0.249283,0.694828,0.41611,-0.287283,0.428558,0.599677,-0.133742,0.545705,0.802768,-0.234269,0.583456,0.931877,-0.255066,0.587276,1.000849,-0.255668,0.33919,0.658198,-0.15693,0.453261,0.911246,-0.236909,0.461364,0.986344,-0.216847,0.439896,0.995455,-0.190062,0.263262,0.756071,-0.186299,0.356632,0.937647,-0.241801,0.38312,1.001159,-0.228533,0.376373,1.00699,-0.206614
1464,48800,True,0.9977,0.9977,0.364556,0.93517,1e-06,0.460139,0.910415,-0.046707,0.549181,0.867176,-0.104425,0.625858,0.866596,-0.16363,0.717848,0.876105,-0.224133,0.5287,0.632991,-0.127468,0.593026,0.556837,-0.216582,0.647612,0.480036,-0.275779,0.695008,0.414134,-0.315991,0.428718,0.600031,-0.145695,0.54383,0.804839,-0.251177,0.58106,0.928105,-0.271199,0.584936,0.992965,-0.2707,0.338981,0.657704,-0.167636,0.448051,0.90739,-0.252414,0.457243,0.967677,-0.2313,0.435122,0.965766,-0.203257,0.2628,0.753476,-0.195997,0.354703,0.936665,-0.255655,0.379358,0.990764,-0.243156,0.369052,0.987278,-0.221405
1465,48833,True,0.9977,0.9977,0.362636,0.944447,1e-06,0.459029,0.916479,-0.044016,0.549519,0.867413,-0.09874,0.6283,0.866297,-0.155529,0.720661,0.876352,-0.213966,0.52645,0.631096,-0.118284,0.592403,0.554065,-0.201479,0.647589,0.477292,-0.257264,0.695659,0.414453,-0.295835,0.428119,0.60064,-0.137309,0.542806,0.799871,-0.240605,0.583286,0.9301,-0.262366,0.591516,1.003821,-0.263039,0.339052,0.657285,-0.159657,0.449281,0.905873,-0.241439,0.457834,0.98131,-0.222238,0.437367,0.993633,-0.195826,0.26327,0.752822,-0.18836,0.354325,0.93434,-0.244888,0.378808,1.000166,-0.232295,0.370466,1.008456,-0.210896
1466,48866,True,0.9978,0.9978,0.360708,0.943159,1e-06,0.457446,0.91602,-0.044753,0.547279,0.869812,-0.10073,0.624363,0.866982,-0.158562,0.717911,0.877243,-0.217732,0.52746,0.63501,-0.122011,0.592307,0.557356,-0.208532,0.647253,0.47902,-0.266393,0.694772,0.412849,-0.305895,0.428479,0.601645,-0.140302,0.544012,0.807154,-0.242904,0.581305,0.931238,-0.262425,0.585611,0.997005,-0.261969,0.338876,0.658273,-0.162224,0.447602,0.908348,-0.244241,0.45369,0.969486,-0.223756,0.43043,0.967556,-0.196834,0.262579,0.75386,-0.190486,0.354503,0.937919,-0.247639,0.377516,0.995911,-0.234543,0.366425,0.995388,-0.212829
1467,48900,True,0.998,0.998,0.36152,0.951245,1e-06,0.458011,0.920943,-0.042555,0.548408,0.870232,-0.096511,0.626565,0.869454,-0.152758,0.719186,0.88,-0.210669,0.525776,0.632902,-0.117113,0.591971,0.557631,-0.200692,0.647137,0.481094,-0.256271,0.695116,0.418693,-0.294222,0.42689,0.602383,-0.13697,0.544272,0.801305,-0.241091,0.585041,0.932395,-0.262354,0.59172,1.008247,-0.261629,0.337296,0.659439,-0.160016,0.450539,0.908197,-0.243679,0.46087,0.988603,-0.222917,0.440997,1.007375,-0.193868,0.260755,0.755381,-0.189256,0.355103,0.936113,-0.24757,0.38429,1.006054,-0.233921,0.380778,1.020196,-0.210343
1468,48933,True,0.9976,0.9976,0.360491,0.947633,1e-06,0.455261,0.917578,-0.043709,0.544937,0.868639,-0.098509,0.624267,0.867637,-0.155407,0.718408,0.879692,-0.21342,0.527463,0.633971,-0.118052,0.59448,0.5588,-0.200306,0.650123,0.483239,-0.254658,0.698679,0.421707,-0.292448,0.428331,0.603537,-0.137595,0.546038,0.807668,-0.242364,0.587628,0.942016,-0.264232,0.59696,1.020296,-0.264079,0.338917,0.660951,-0.160227,0.453347,0.919552,-0.24236,0.461439,0.995936,-0.222285,0.439866,1.009612,-0.194612,0.262677,0.757634,-0.189354,0.35847,0.9435,-0.245725,0.382994,1.006109,-0.233024,0.373824,1.011038,-0.211108
1469,48966,True,0.9978,0.9978,0.360724,0.957284,1e-06,0.457234,0.927062,-0.043193,0.548117,0.875769,-0.097875,0.627233,0.871668,-0.154719,0.721883,0.883583,-0.212997,0.52687,0.637862,-0.116657,0.593861,0.561364,-0.19926,0.649393,0.484596,-0.253528,0.697932,0.423582,-0.290785,0.428352,0.606758,-0.136034,0.54508,0.803312,-0.239639,0.586573,0.940099,-0.25999,0.595568,1.020416,-0.258767,0.338723,0.662683,-0.158701,0.452528,0.913652,-0.241434,0.461847,1.000804,-0.220887,0.442291,1.024081,-0.192382,0.262701,0.758496,-0.187609,0.356707,0.938928,-0.24386,0.382335,1.010965,-0.230124,0.375366,1.0249,-0.207236
1470,49000,True,0.9978,0.9978,0.358306,0.949246,1e-06,0.455034,0.915453,-0.038472,0.545852,0.864984,-0.089334,0.626918,0.864646,-0.143379,0.719802,0.87664,-0.198987,0.525839,0.631988,-0.10975,0.594099,0.555851,-0.186875,0.650328,0.481011,-0.238161,0.698581,0.420662,-0.274219,0.42812,0.603655,-0.130709,0.545769,0.806432,-0.231941,0.586995,0.942791,-0.253248,0.594588,1.025032,-0.252991,0.339052,0.661456,-0.154228,0.453748,0.915048,-0.232757,0.460337,0.993993,-0.212756,0.437866,1.011966,-0.185736,0.263177,0.759126,-0.183825,0.358715,0.940858,-0.23758,0.385263,1.007046,-0.224203,0.378697,1.018003,-0.202047
1471,49033,True,0.9978,0.9978,0.360515,0.948862,1e-06,0.456981,0.917243,-0.039958,0.546914,0.867426,-0.092471,0.626052,0.866001,-0.147385,0.719192,0.877649,-0.203502,0.524957,0.634275,-0.113967,0.591578,0.558898,-0.19541,0.648633,0.482549,-0.249669,0.698441,0.420977,-0.287087,0.428239,0.604007,-0.134018,0.544407,0.803913,-0.235037,0.5843,0.934031,-0.254075,0.590347,1.009598,-0.252664,0.339662,0.660654,-0.157164,0.451337,0.907933,-0.235608,0.457356,0.97686,-0.213225,0.433427,0.98463,-0.184993,0.264227,0.757307,-0.186537,0.356758,0.93727,-0.240565,0.37752,0.995418,-0.226585,0.364527,0.996097,-0.204195
1472,49066,True,0.9973,0.9973,0.366725,0.938297,1e-06,0.460642,0.907659,-0.041655,0.550312,0.860727,-0.093602,0.628661,0.861324,-0.14765,0.719397,0.873685,-0.203075,0.528796,0.627745,-0.113706,0.595408,0.555076,-0.193394,0.651213,0.480624,-0.246246,0.699578,0.419496,-0.282696,0.429981,0.599557,-0.132671,0.540834,0.796316,-0.232841,0.582371,0.925838,-0.251952,0.59,1.004346,-0.250098,0.340602,0.657755,-0.154753,0.447131,0.906044,-0.232194,0.456335,0.974811,-0.210236,0.434895,0.985125,-0.181724,0.264843,0.754853,-0.183285,0.353804,0.935602,-0.236855,0.377848,0.992985,-0.223626,0.368331,0.994854,-0.201275
1473,49100,True,0.9974,0.9974,0.359194,0.942595,1e-06,0.456103,0.914749,-0.043769,0.547881,0.866254,-0.097895,0.626007,0.863048,-0.153924,0.718294,0.870393,-0.211134,0.529992,0.629904,-0.116539,0.597071,0.5546,-0.19816,0.652197,0.478951,-0.252458,0.700976,0.41712,-0.290261,0.431952,0.600139,-0.13533,0.544348,0.800039,-0.238329,0.588327,0.929198,-0.259719,0.599777,1.006787,-0.259736,0.343002,0.657547,-0.157474,0.450334,0.906721,-0.237128,0.457771,0.975294,-0.217008,0.4358,0.98471,-0.19028,0.267399,0.754361,-0.186143,0.357377,0.935712,-0.24147,0.377153,0.993439,-0.229565,0.363957,0.993952,-0.208695
1474,49133,True,0.9988,0.9988,0.364281,0.949242,1e-06,0.458401,0.914633,-0.038388,0.5485,0.862803,-0.090345,0.626477,0.861295,-0.144759,0.717591,0.871236,-0.201055,0.524452,0.626897,-0.115176,0.592363,0.556127,-0.198437,0.648741,0.478774,-0.255329,0.698687,0.415954,-0.2946,0.427494,0.598504,-0.13613,0.540759,0.793961,-0.239061,0.582675,0.924862,-0.260144,0.590469,1.006167,-0.26024,0.33859,0.657627,-0.15984,0.445297,0.895946,-0.24051,0.453296,0.968495,-0.219649,0.430198,0.983568,-0.192303,0.262908,0.757531,-0.189402,0.353167,0.933539,-0.245374,0.378733,0.995911,-0.231901,0.370242,1.003798,-0.209836
1475,49166,True,0.9971,0.9971,0.363205,0.926601,1e-06,0.459476,0.896928,-0.045625,0.549305,0.85329,-0.101372,0.62759,0.856981,-0.158906,0.721198,0.871465,-0.217806,0.531229,0.623742,-0.123222,0.596655,0.552109,-0.209047,0.650833,0.477135,-0.265843,0.698885,0.413952,-0.305084,0.431234,0.596488,-0.142809,0.541718,0.788693,-0.251442,0.587632,0.921607,-0.274418,0.601175,1.005506,-0.27396,0.342171,0.655321,-0.165625,0.453235,0.909577,-0.249723,0.468099,0.991205,-0.228176,0.451867,1.014459,-0.198334,0.267426,0.752565,-0.195364,0.360166,0.939013,-0.253121,0.38806,1.003215,-0.240468,0.382929,1.01148,-0.217781
1476,49200,True,0.9971,0.9971,0.352717,0.920292,1e-06,0.452813,0.89237,-0.040251,0.546417,0.847841,-0.092584,0.626997,0.852399,-0.146886,0.717886,0.865186,-0.202882,0.524455,0.624212,-0.120203,0.593824,0.55273,-0.202541,0.648981,0.474742,-0.258003,0.697409,0.409132,-0.297275,0.42848,0.595309,-0.140477,0.537147,0.791224,-0.241516,0.582698,0.913314,-0.262628,0.59477,0.986384,-0.264585,0.340634,0.652924,-0.163226,0.443122,0.890556,-0.239071,0.453517,0.948556,-0.216798,0.432398,0.951582,-0.190984,0.265789,0.749613,-0.192563,0.351526,0.923263,-0.247114,0.372695,0.967462,-0.235639,0.360779,0.95895,-0.216275
1477,49233,True,0.9978,0.9978,0.35349,0.894073,0.0,0.455198,0.863663,-0.028265,0.550271,0.819221,-0.068486,0.631214,0.820299,-0.113636,0.709777,0.833411,-0.1609,0.523542,0.604556,-0.083984,0.594045,0.522185,-0.149896,0.645015,0.44778,-0.19423,0.686799,0.382075,-0.226948,0.433405,0.587887,-0.106545,0.499245,0.690047,-0.191714,0.538103,0.812043,-0.21294,0.550028,0.88384,-0.21764,0.347583,0.641557,-0.131074,0.419756,0.822182,-0.197636,0.435473,0.896775,-0.185265,0.417469,0.90727,-0.168204,0.275812,0.729515,-0.160032,0.336195,0.873001,-0.198755,0.343878,0.919169,-0.187828,0.315313,0.905195,-0.174265
1478,49266,True,0.9982,0.9982,0.343604,0.87825,0.0,0.449208,0.843022,-0.020634,0.527507,0.792237,-0.055342,0.580492,0.760798,-0.096684,0.616791,0.727133,-0.139644,0.501043,0.570647,-0.05464,0.565997,0.475388,-0.108261,0.621069,0.406123,-0.14517,0.667098,0.352725,-0.170065,0.42526,0.555243,-0.074081,0.506508,0.607448,-0.130419,0.516613,0.707907,-0.141764,0.501964,0.751958,-0.144566,0.356734,0.592624,-0.096596,0.438787,0.682185,-0.143673,0.445591,0.753999,-0.128805,0.423203,0.770777,-0.114584,0.298765,0.659562,-0.122582,0.370287,0.740803,-0.147203,0.385764,0.789961,-0.131056,0.370175,0.797363,-0.116212
1479,49300,True,0.9985,0.9985,0.374407,0.832727,1e-06,0.458425,0.77538,-0.021755,0.536981,0.667344,-0.0479,0.587437,0.5869,-0.077392,0.623688,0.522166,-0.108061,0.473068,0.475571,-0.04671,0.533757,0.375278,-0.101755,0.602914,0.324569,-0.140869,0.662635,0.296288,-0.164834,0.401893,0.472528,-0.063449,0.500785,0.444658,-0.126789,0.54814,0.538376,-0.144696,0.559586,0.617483,-0.148129,0.342314,0.514385,-0.083986,0.448828,0.521257,-0.137827,0.491367,0.596701,-0.127668,0.500598,0.650624,-0.112129,0.293571,0.587041,-0.106992,0.381971,0.577325,-0.139747,0.431133,0.615327,-0.128676,0.453144,0.642852,-0.114838
1480,49333,True,0.994,0.994,0.362017,0.806059,1e-06,0.448742,0.704809,-0.01188,0.51051,0.585362,-0.029262,0.558895,0.502503,-0.054413,0.597234,0.435822,-0.080078,0.433674,0.43199,0.007812,0.498078,0.350326,-0.03197,0.560949,0.299525,-0.066148,0.609573,0.260837,-0.088185,0.380806,0.436802,-0.011466,0.467049,0.354998,-0.064131,0.537472,0.419529,-0.091823,0.569343,0.480993,-0.101006,0.333292,0.4632,-0.035638,0.42442,0.391692,-0.088729,0.489952,0.464274,-0.091362,0.515534,0.530272,-0.080418,0.287842,0.513287,-0.061416,0.370771,0.455259,-0.098379,0.426997,0.500175,-0.094965,0.450607,0.548335,-0.083664
1481,49366,True,0.9944,0.9944,0.347548,0.79439,0.0,0.427971,0.682201,0.000377,0.460018,0.562198,0.002148,0.485908,0.472783,-0.006303,0.502788,0.412332,-0.013728,0.390186,0.457612,0.047848,0.423364,0.372676,0.021558,0.477125,0.365015,-0.009149,0.521472,0.375302,-0.02847,0.362431,0.459066,0.029761,0.407549,0.363695,0.001416,0.466927,0.358972,-0.02679,0.513477,0.376586,-0.042677,0.325675,0.468709,0.004658,0.381047,0.37181,-0.032144,0.440212,0.390805,-0.049641,0.478186,0.430668,-0.054002,0.282745,0.489606,-0.021635,0.343786,0.416717,-0.052317,0.384998,0.455902,-0.056783,0.408674,0.512051,-0.053881
1482,49400,True,0.9937,0.9937,0.34617,0.751217,-0.0,0.421092,0.641681,0.002842,0.443442,0.548322,-0.004671,0.460655,0.471418,-0.024603,0.480279,0.398067,-0.03987,0.375544,0.442126,0.038279,0.407667,0.347611,0.001884,0.43869,0.408014,-0.024171,0.433558,0.470357,-0.033573,0.34983,0.442781,0.017584,0.399085,0.342432,-0.020937,0.430617,0.424382,-0.041106,0.419728,0.492369,-0.04421,0.315314,0.44816,-0.009619,0.377355,0.359823,-0.051742,0.402886,0.453271,-0.049904,0.384417,0.524118,-0.034319,0.271414,0.464608,-0.037011,0.340743,0.39862,-0.063161,0.370733,0.46049,-0.051723,0.359446,0.515696,-0.033751
1483,49433,True,0.9938,0.9938,0.341211,0.725115,-0.0,0.412207,0.627833,0.003964,0.436318,0.544854,-0.001178,0.451483,0.477734,-0.018788,0.463284,0.413711,-0.033672,0.357292,0.442269,0.039925,0.377725,0.361613,0.006746,0.420654,0.389365,-0.017706,0.439556,0.435817,-0.026809,0.33588,0.443382,0.019618,0.378106,0.354085,-0.021945,0.419537,0.420462,-0.04445,0.423256,0.486458,-0.047779,0.306571,0.446242,-0.006611,0.362524,0.365848,-0.053261,0.395343,0.451245,-0.056743,0.386748,0.522371,-0.042629,0.268281,0.458569,-0.032525,0.329335,0.393263,-0.061862,0.363738,0.449143,-0.054157,0.360785,0.505874,-0.037806
1484,49466,True,0.9938,0.9938,0.344031,0.705839,-0.0,0.412312,0.628328,0.004613,0.435617,0.550222,0.002213,0.451357,0.483741,-0.011507,0.465493,0.421987,-0.022109,0.370069,0.457649,0.039707,0.388009,0.380412,0.011181,0.422103,0.413748,-0.009226,0.429753,0.464662,-0.015872,0.350173,0.452385,0.022298,0.384421,0.366904,-0.012953,0.417546,0.432433,-0.031271,0.415065,0.498378,-0.032739,0.321823,0.44995,-0.000817,0.368679,0.376649,-0.041027,0.396167,0.456729,-0.044259,0.385243,0.526237,-0.031807,0.284372,0.455939,-0.023572,0.336432,0.399339,-0.049257,0.368,0.448807,-0.043997,0.366206,0.502515,-0.03082
1485,49500,True,0.994,0.994,0.355578,0.700483,-0.0,0.420532,0.631549,0.001046,0.446279,0.566875,-0.001862,0.461101,0.506435,-0.014766,0.470224,0.452107,-0.024712,0.388968,0.477782,0.034628,0.407165,0.410429,0.009916,0.438235,0.443073,-0.009705,0.452259,0.490859,-0.017081,0.371685,0.469694,0.020517,0.402331,0.395538,-0.008658,0.436188,0.445122,-0.026206,0.445474,0.504302,-0.03006,0.347369,0.462685,0.000733,0.390209,0.39541,-0.033023,0.41859,0.461087,-0.039047,0.41895,0.529321,-0.031602,0.316401,0.463247,-0.019435,0.363065,0.410741,-0.041759,0.389714,0.454611,-0.040147,0.392798,0.509776,-0.031682
1486,49533,True,0.9957,0.9957,0.372989,0.698549,-0.0,0.434466,0.636565,0.004677,0.453506,0.57884,0.002311,0.466933,0.524506,-0.010523,0.475258,0.473835,-0.020368,0.400249,0.493603,0.035618,0.420655,0.433133,0.010368,0.445401,0.471722,-0.009686,0.449595,0.523253,-0.016578,0.385746,0.486411,0.020766,0.424466,0.424643,-0.006645,0.44867,0.482614,-0.02248,0.445989,0.543232,-0.025186,0.365081,0.478617,0.000481,0.414636,0.422011,-0.031665,0.435121,0.48897,-0.037378,0.427778,0.555088,-0.029894,0.338645,0.477106,-0.019766,0.389994,0.433695,-0.040952,0.415887,0.476818,-0.039619,0.417968,0.528438,-0.031327
1487,49566,True,0.9955,0.9955,0.392508,0.696343,-0.0,0.44752,0.643912,0.003415,0.46593,0.591086,0.001322,0.480178,0.540337,-0.010438,0.489203,0.495887,-0.019333,0.419944,0.511672,0.032372,0.437481,0.456674,0.010301,0.45883,0.495933,-0.00714,0.46082,0.544001,-0.013216,0.405683,0.502641,0.018879,0.438533,0.447214,-0.006341,0.45957,0.501577,-0.021098,0.456816,0.557239,-0.023861,0.38604,0.493073,0.000349,0.431603,0.441718,-0.029772,0.450791,0.50447,-0.036272,0.445526,0.567204,-0.030141,0.36144,0.488422,-0.018241,0.413556,0.451681,-0.038234,0.440968,0.488597,-0.038567,0.446196,0.534255,-0.032132
1488,49600,True,0.9961,0.9961,0.398996,0.695334,-0.0,0.453694,0.651011,0.004041,0.473026,0.602886,0.003043,0.487373,0.556715,-0.007257,0.493032,0.516787,-0.014674,0.426634,0.523995,0.033229,0.446249,0.474074,0.012531,0.467727,0.507457,-0.004582,0.46908,0.552217,-0.010514,0.414373,0.512775,0.019854,0.452541,0.46511,-0.00358,0.472388,0.513284,-0.018173,0.466968,0.563877,-0.021376,0.396693,0.500712,0.001579,0.44757,0.457834,-0.027186,0.463025,0.515871,-0.034499,0.452802,0.573673,-0.029374,0.373701,0.493194,-0.016702,0.428329,0.459627,-0.035838,0.45342,0.494061,-0.036389,0.45615,0.538193,-0.030335
1489,49633,True,0.9951,0.9951,0.403938,0.697478,-0.0,0.457267,0.657865,0.00508,0.474861,0.607248,0.005883,0.489585,0.561643,-0.002114,0.497614,0.519044,-0.006848,0.423071,0.525494,0.035014,0.445797,0.476134,0.017761,0.466013,0.514327,0.00373,0.463932,0.557883,-0.001007,0.413235,0.513891,0.021916,0.455279,0.468638,0.001162,0.473646,0.522575,-0.011132,0.463925,0.57299,-0.013118,0.3991,0.501605,0.004218,0.45503,0.461539,-0.022907,0.468017,0.524578,-0.028032,0.453846,0.580899,-0.021875,0.380811,0.493946,-0.013354,0.442092,0.467593,-0.032795,0.461697,0.509798,-0.032692,0.456064,0.554756,-0.026222
1490,49666,True,0.9977,0.9977,0.404842,0.69842,-0.0,0.454179,0.653376,0.004829,0.471277,0.604265,0.00394,0.486568,0.560873,-0.005572,0.494825,0.520839,-0.011475,0.423163,0.525831,0.030441,0.450837,0.48273,0.011059,0.469643,0.525289,-0.00372,0.465514,0.570747,-0.008692,0.412225,0.51624,0.017054,0.458855,0.475869,-0.004908,0.473632,0.531655,-0.015761,0.460028,0.582283,-0.016885,0.397073,0.504915,-0.000819,0.455688,0.468054,-0.027011,0.464961,0.530584,-0.029472,0.447814,0.585657,-0.022075,0.377401,0.497176,-0.018812,0.438964,0.469488,-0.035613,0.455498,0.509446,-0.033219,0.447557,0.551631,-0.02568
1491,49700,True,0.9977,0.9977,0.399493,0.696837,-0.0,0.448148,0.652312,0.002479,0.463271,0.604465,0.00045,0.477227,0.559411,-0.009449,0.483833,0.515631,-0.015544,0.414632,0.52302,0.029797,0.448638,0.483625,0.010562,0.462385,0.529471,-0.004346,0.454956,0.573469,-0.009887,0.403361,0.512636,0.017932,0.453668,0.475285,-0.003406,0.464997,0.532768,-0.013338,0.451063,0.581784,-0.013969,0.388694,0.501782,0.001339,0.451977,0.467588,-0.023849,0.457832,0.529877,-0.02571,0.44022,0.582832,-0.01826,0.370939,0.495162,-0.01562,0.437559,0.473635,-0.032149,0.450689,0.515494,-0.030286,0.440369,0.556202,-0.023241
1492,49733,True,0.9977,0.9977,0.390414,0.693184,-0.0,0.441559,0.644883,0.003979,0.457984,0.596177,0.001535,0.472496,0.551518,-0.009123,0.481801,0.511656,-0.015719,0.397969,0.513899,0.029391,0.44174,0.481482,0.007023,0.453101,0.52963,-0.010035,0.443113,0.572833,-0.016694,0.387031,0.506503,0.016315,0.449868,0.477149,-0.008329,0.456573,0.538214,-0.018075,0.439554,0.583819,-0.017834,0.375459,0.497422,-0.001402,0.446949,0.472109,-0.027586,0.448633,0.534383,-0.02756,0.428803,0.582196,-0.018411,0.362182,0.492059,-0.019546,0.432754,0.471044,-0.033764,0.441955,0.51021,-0.029352,0.429542,0.545697,-0.020542
1493,49766,True,0.9975,0.9975,0.38431,0.683848,-0.0,0.43431,0.640542,0.006033,0.450426,0.594184,0.006449,0.465736,0.549631,-0.001901,0.477226,0.508543,-0.006674,0.394002,0.521709,0.038549,0.431749,0.489476,0.020524,0.442986,0.52754,0.00598,0.435076,0.56835,0.001429,0.383601,0.510347,0.026013,0.442741,0.480299,0.004579,0.448862,0.535064,-0.00589,0.432252,0.578129,-0.005779,0.370893,0.497022,0.00878,0.440447,0.471366,-0.015608,0.441507,0.529781,-0.018938,0.42063,0.576885,-0.011478,0.354683,0.486218,-0.008513,0.419324,0.460153,-0.021472,0.432156,0.493092,-0.01866,0.424859,0.526961,-0.010583
1494,49800,True,0.9981,0.9981,0.379023,0.688475,-0.0,0.42876,0.639692,0.008584,0.442006,0.592053,0.007449,0.456205,0.549095,-0.002306,0.467028,0.508806,-0.008495,0.371856,0.508365,0.033715,0.424356,0.483642,0.012716,0.437544,0.528577,-0.004316,0.426653,0.570187,-0.011204,0.363094,0.500297,0.019034,0.435707,0.479543,-0.002668,0.444866,0.538842,-0.012395,0.427107,0.58251,-0.01317,0.356484,0.491589,0.000276,0.436377,0.473572,-0.023795,0.43919,0.535948,-0.024722,0.417033,0.58218,-0.017027,0.349525,0.485534,-0.018393,0.424177,0.470165,-0.030477,0.433782,0.511554,-0.025609,0.418676,0.547102,-0.017001
1495,49833,True,0.9979,0.9979,0.378027,0.685228,-0.0,0.425381,0.636175,0.018562,0.437504,0.588006,0.024148,0.451266,0.548687,0.019163,0.461867,0.514145,0.016369,0.373932,0.516449,0.04635,0.42098,0.494259,0.033209,0.43506,0.535626,0.020994,0.427321,0.576177,0.016553,0.364932,0.507252,0.028594,0.429576,0.487878,0.01414,0.439942,0.544229,0.005507,0.424298,0.587122,0.004403,0.357222,0.496886,0.007757,0.429091,0.47881,-0.010897,0.433102,0.539481,-0.01419,0.412589,0.586453,-0.009285,0.347472,0.488437,-0.012037,0.417428,0.469443,-0.020843,0.428921,0.510141,-0.017352,0.417007,0.54836,-0.010593
1496,49866,True,0.9949,0.9949,0.376681,0.686189,-0.0,0.42107,0.639499,0.016823,0.431974,0.592438,0.018803,0.44649,0.552999,0.011291,0.457833,0.515711,0.006141,0.358085,0.511206,0.036999,0.414747,0.489018,0.021076,0.428679,0.5342,0.006677,0.416026,0.571001,-0.000412,0.350453,0.503959,0.019168,0.421164,0.483423,0.002899,0.434061,0.540715,-0.005923,0.417586,0.581799,-0.008136,0.347409,0.496429,-0.001231,0.424569,0.478214,-0.019738,0.430566,0.540031,-0.020465,0.408797,0.583571,-0.015119,0.345871,0.49065,-0.02085,0.418576,0.477834,-0.029031,0.428866,0.520757,-0.024321,0.413131,0.556059,-0.017692
1497,49900,True,0.9954,0.9954,0.378083,0.683048,-0.0,0.421823,0.633633,0.019031,0.431565,0.588421,0.021616,0.446569,0.551292,0.01504,0.456409,0.515217,0.010672,0.351111,0.509046,0.039331,0.410171,0.489257,0.026212,0.428009,0.53335,0.011171,0.418938,0.570404,0.002437,0.345014,0.502377,0.021215,0.415112,0.484405,0.008996,0.433322,0.537757,-0.000678,0.421311,0.579608,-0.004994,0.344886,0.497504,0.001214,0.419771,0.477982,-0.012548,0.431834,0.535573,-0.012994,0.414419,0.580316,-0.00926,0.346836,0.494769,-0.018035,0.416512,0.480869,-0.02319,0.428619,0.520602,-0.017888,0.414343,0.556338,-0.011821
1498,49933,True,0.9964,0.9964,0.378437,0.686874,-0.0,0.419771,0.637145,0.018269,0.429827,0.593351,0.020406,0.445678,0.560534,0.014705,0.455222,0.526851,0.011322,0.344445,0.509477,0.035585,0.408681,0.49456,0.023635,0.426286,0.539324,0.008179,0.419348,0.577298,-0.001551,0.340013,0.504421,0.018635,0.414411,0.489819,0.008118,0.432392,0.541659,-0.001511,0.424954,0.583975,-0.006348,0.343677,0.502656,0.00039,0.420754,0.487888,-0.009708,0.433228,0.539614,-0.009687,0.420805,0.582339,-0.006792,0.351398,0.504043,-0.017364,0.417283,0.495224,-0.019999,0.429119,0.531824,-0.014812,0.418981,0.564406,-0.009386
1499,49966,True,0.9959,0.9959,0.375988,0.694909,-0.0,0.420381,0.643212,0.019909,0.431572,0.600145,0.023297,0.44659,0.567143,0.018432,0.457335,0.534754,0.015323,0.352373,0.516728,0.038313,0.414742,0.507471,0.02844,0.432229,0.550466,0.013154,0.424133,0.586967,0.003048,0.347922,0.512249,0.020527,0.42033,0.503272,0.01317,0.437876,0.552246,0.003449,0.428647,0.592577,-0.002376,0.350226,0.511265,0.001656,0.424293,0.501421,-0.006408,0.436815,0.550738,-0.006798,0.423521,0.592163,-0.004765,0.35551,0.514062,-0.016596,0.418486,0.503633,-0.018217,0.430822,0.538211,-0.012404,0.420767,0.570866,-0.00672
1500,50000,True,0.9943,0.9943,0.375167,0.705007,-0.0,0.418087,0.657021,0.013951,0.428528,0.609321,0.015746,0.443487,0.576416,0.010813,0.454091,0.544419,0.008419,0.352446,0.525706,0.031729,0.417123,0.512502,0.019166,0.430812,0.556293,0.003708,0.420076,0.591167,-0.006049,0.347833,0.521323,0.016986,0.420109,0.507103,0.005672,0.435615,0.557455,-0.002128,0.426847,0.598099,-0.005269,0.350325,0.520591,0.000378,0.424221,0.506343,-0.009461,0.434767,0.555784,-0.007347,0.421855,0.595951,-0.003073,0.357978,0.52391,-0.016311,0.420616,0.511272,-0.018941,0.428901,0.547636,-0.012931,0.416297,0.579228,-0.007046
1501,50033,True,0.9969,0.9969,0.370123,0.725534,-0.0,0.414475,0.675585,0.01457,0.425304,0.6268,0.01648,0.44058,0.591671,0.011564,0.452932,0.561439,0.008985,0.350809,0.539352,0.033037,0.419859,0.528959,0.020537,0.431505,0.574166,0.004266,0.420322,0.613284,-0.005743,0.347665,0.535537,0.01792,0.421463,0.523512,0.006953,0.433606,0.575387,-0.002005,0.424155,0.619374,-0.005545,0.351713,0.537178,0.001178,0.42341,0.523609,-0.008296,0.431986,0.574198,-0.007234,0.419142,0.61564,-0.003208,0.360532,0.543431,-0.015481,0.418779,0.527832,-0.017578,0.427604,0.564988,-0.01106,0.41706,0.598152,-0.004384
1502,50066,True,0.9971,0.9971,0.368323,0.749374,-0.0,0.407905,0.707577,0.012427,0.418758,0.654996,0.012777,0.433907,0.615622,0.006534,0.448772,0.583911,0.002367,0.345573,0.558433,0.026814,0.410906,0.537068,0.009973,0.435109,0.576124,-0.007532,0.435569,0.623068,-0.016087,0.34451,0.556079,0.012811,0.417293,0.53843,0.000768,0.435651,0.587146,-0.007526,0.428993,0.635859,-0.010152,0.352082,0.560594,-0.003103,0.420776,0.544541,-0.014802,0.43222,0.594855,-0.013579,0.422157,0.641188,-0.008492,0.364137,0.570648,-0.01893,0.420036,0.550755,-0.023963,0.433967,0.585825,-0.017635,0.428183,0.621775,-0.009801
1503,50100,True,0.9938,0.9938,0.356304,0.790376,-0.0,0.399143,0.746854,0.007477,0.412403,0.687735,0.005553,0.429323,0.645645,-0.001499,0.445936,0.610656,-0.005822,0.342943,0.586734,0.019465,0.421313,0.576225,0.002751,0.432106,0.625479,-0.014208,0.417267,0.666534,-0.02436,0.341652,0.584502,0.006425,0.424736,0.572554,-0.007495,0.432566,0.627346,-0.01436,0.417376,0.669959,-0.016436,0.349215,0.590694,-0.00855,0.426232,0.578078,-0.018241,0.43274,0.629262,-0.013872,0.418263,0.667711,-0.008253,0.362441,0.603449,-0.024328,0.421907,0.589091,-0.026133,0.43063,0.625629,-0.018026,0.421254,0.654635,-0.010414
1504,50133,True,0.9966,0.9966,0.348977,0.821131,-0.0,0.396769,0.780627,0.006335,0.411112,0.717731,0.004938,0.427641,0.675334,-0.001434,0.445842,0.640225,-0.004793,0.343947,0.614802,0.019827,0.418018,0.604964,0.004326,0.430616,0.650882,-0.011435,0.419471,0.686472,-0.021163,0.341422,0.615047,0.007261,0.42294,0.600239,-0.005281,0.433637,0.649856,-0.010852,0.423379,0.688056,-0.012507,0.346761,0.624761,-0.007676,0.423829,0.608831,-0.017133,0.434116,0.653953,-0.012286,0.424055,0.689275,-0.006587,0.357475,0.642318,-0.023544,0.417362,0.622155,-0.026189,0.431154,0.652308,-0.018585,0.427469,0.677821,-0.01145
1505,50166,True,0.9947,0.9947,0.336752,0.859834,-0.0,0.392658,0.819829,0.005109,0.410979,0.752881,0.002698,0.4314,0.707849,-0.004969,0.452623,0.670204,-0.009141,0.345509,0.643782,0.019094,0.421243,0.632165,0.000158,0.425,0.68347,-0.016813,0.405686,0.714958,-0.027533,0.341177,0.645215,0.005466,0.427792,0.634004,-0.011442,0.428626,0.688301,-0.018024,0.408659,0.718592,-0.0201,0.344466,0.657338,-0.011056,0.428126,0.647061,-0.023316,0.428507,0.696934,-0.017988,0.408805,0.725303,-0.012365,0.353475,0.678792,-0.028736,0.420148,0.665749,-0.032885,0.425142,0.701179,-0.026018,0.412617,0.722893,-0.019925
1506,50200,True,0.9875,0.9875,0.323845,0.905387,-0.0,0.384754,0.859925,0.007021,0.408525,0.796266,0.003751,0.432223,0.753626,-0.005525,0.453153,0.718052,-0.011403,0.346716,0.686636,0.017726,0.425891,0.675032,-0.002339,0.427428,0.724896,-0.019729,0.406497,0.754106,-0.030693,0.342495,0.689899,0.002143,0.43216,0.676788,-0.016232,0.431614,0.728961,-0.023413,0.410393,0.757854,-0.025851,0.345221,0.703947,-0.01599,0.43075,0.691782,-0.028795,0.430698,0.739528,-0.02309,0.410372,0.765275,-0.017417,0.354021,0.728386,-0.03504,0.421952,0.711837,-0.039407,0.425732,0.746451,-0.03169,0.411562,0.767595,-0.025113
1507,50233,True,0.9797,0.9797,0.316773,0.950601,-0.0,0.36911,0.909768,0.003908,0.397592,0.843634,-0.000966,0.421977,0.792172,-0.01049,0.441937,0.754983,-0.017597,0.356139,0.740731,0.005784,0.416115,0.720327,-0.015184,0.425263,0.772311,-0.031959,0.410895,0.804976,-0.041635,0.345554,0.746998,-0.006702,0.416892,0.735629,-0.023573,0.423342,0.788032,-0.031297,0.404943,0.81777,-0.035381,0.341564,0.765955,-0.020868,0.412895,0.760312,-0.033145,0.418519,0.804118,-0.02719,0.401659,0.829854,-0.022128,0.339821,0.793357,-0.03576,0.402063,0.785833,-0.039174,0.410326,0.819298,-0.029973,0.400428,0.841958,-0.022562
1508,50266,True,0.5825,0.5825,0.315707,0.960579,-0.0,0.377442,0.924009,-0.000222,0.424854,0.877969,-0.002054,0.458742,0.850031,-0.007047,0.484276,0.847458,-0.01098,0.394902,0.787102,0.013694,0.43181,0.795005,0.00319,0.428392,0.832061,-0.010797,0.413626,0.854621,-0.020169,0.367372,0.782205,0.008495,0.408963,0.796377,0.00105,0.406909,0.832945,-0.009187,0.392535,0.855405,-0.015823,0.344066,0.788775,0.002101,0.382886,0.801157,-0.003023,0.382962,0.832742,-0.004992,0.371292,0.852641,-0.005269,0.32457,0.801173,-0.004848,0.354656,0.806726,-0.003753,0.356142,0.83315,0.002275,0.35031,0.850396,0.007702
1509,50300,False,0.0,0.0,0.0,0.0,0.0,0.0,0.0,0.0,0.0,0.0,0.0,0.0,0.0,0.0,0.0,0.0,0.0,0.0,0.0,0.0,0.0,0.0,0.0,0.0,0.0,0.0,0.0,0.0,0.0,0.0,0.0,0.0,0.0,0.0,0.0,0.0,0.0,0.0,0.0,0.0,0.0,0.0,0.0,0.0,0.0,0.0,0.0,0.0,0.0,0.0,0.0,0.0,0.0,0.0,0.0,0.0,0.0,0.0,0.0,0.0,0.0,0.0,0.0,0.0,0.0
1510,50333,False,0.0,0.0,0.0,0.0,0.0,0.0,0.0,0.0,0.0,0.0,0.0,0.0,0.0,0.0,0.0,0.0,0.0,0.0,0.0,0.0,0.0,0.0,0.0,0.0,0.0,0.0,0.0,0.0,0.0,0.0,0.0,0.0,0.0,0.0,0.0,0.0,0.0,0.0,0.0,0.0,0.0,0.0,0.0,0.0,0.0,0.0,0.0,0.0,0.0,0.0,0.0,0.0,0.0,0.0,0.0,0.0,0.0,0.0,0.0,0.0,0.0,0.0,0.0,0.0,0.0
1511,50366,False,0.0,0.0,0.0,0.0,0.0,0.0,0.0,0.0,0.0,0.0,0.0,0.0,0.0,0.0,0.0,0.0,0.0,0.0,0.0,0.0,0.0,0.0,0.0,0.0,0.0,0.0,0.0,0.0,0.0,0.0,0.0,0.0,0.0,0.0,0.0,0.0,0.0,0.0,0.0,0.0,0.0,0.0,0.0,0.0,0.0,0.0,0.0,0.0,0.0,0.0,0.0,0.0,0.0,0.0,0.0,0.0,0.0,0.0,0.0,0.0,0.0,0.0,0.0,0.0,0.0
1512,50400,False,0.0,0.0,0.0,0.0,0.0,0.0,0.0,0.0,0.0,0.0,0.0,0.0,0.0,0.0,0.0,0.0,0.0,0.0,0.0,0.0,0.0,0.0,0.0,0.0,0.0,0.0,0.0,0.0,0.0,0.0,0.0,0.0,0.0,0.0,0.0,0.0,0.0,0.0,0.0,0.0,0.0,0.0,0.0,0.0,0.0,0.0,0.0,0.0,0.0,0.0,0.0,0.0,0.0,0.0,0.0,0.0,0.0,0.0,0.0,0.0,0.0,0.0,0.0,0.0,0.0
1513,50433,False,0.0,0.0,0.0,0.0,0.0,0.0,0.0,0.0,0.0,0.0,0.0,0.0,0.0,0.0,0.0,0.0,0.0,0.0,0.0,0.0,0.0,0.0,0.0,0.0,0.0,0.0,0.0,0.0,0.0,0.0,0.0,0.0,0.0,0.0,0.0,0.0,0.0,0.0,0.0,0.0,0.0,0.0,0.0,0.0,0.0,0.0,0.0,0.0,0.0,0.0,0.0,0.0,0.0,0.0,0.0,0.0,0.0,0.0,0.0,0.0,0.0,0.0,0.0,0.0,0.0
1514,50466,False,0.0,0.0,0.0,0.0,0.0,0.0,0.0,0.0,0.0,0.0,0.0,0.0,0.0,0.0,0.0,0.0,0.0,0.0,0.0,0.0,0.0,0.0,0.0,0.0,0.0,0.0,0.0,0.0,0.0,0.0,0.0,0.0,0.0,0.0,0.0,0.0,0.0,0.0,0.0,0.0,0.0,0.0,0.0,0.0,0.0,0.0,0.0,0.0,0.0,0.0,0.0,0.0,0.0,0.0,0.0,0.0,0.0,0.0,0.0,0.0,0.0,0.0,0.0,0.0,0.0
1515,50500,False,0.0,0.0,0.0,0.0,0.0,0.0,0.0,0.0,0.0,0.0,0.0,0.0,0.0,0.0,0.0,0.0,0.0,0.0,0.0,0.0,0.0,0.0,0.0,0.0,0.0,0.0,0.0,0.0,0.0,0.0,0.0,0.0,0.0,0.0,0.0,0.0,0.0,0.0,0.0,0.0,0.0,0.0,0.0,0.0,0.0,0.0,0.0,0.0,0.0,0.0,0.0,0.0,0.0,0.0,0.0,0.0,0.0,0.0,0.0,0.0,0.0,0.0,0.0,0.0,0.0
1516,50533,False,0.0,0.0,0.0,0.0,0.0,0.0,0.0,0.0,0.0,0.0,0.0,0.0,0.0,0.0,0.0,0.0,0.0,0.0,0.0,0.0,0.0,0.0,0.0,0.0,0.0,0.0,0.0,0.0,0.0,0.0,0.0,0.0,0.0,0.0,0.0,0.0,0.0,0.0,0.0,0.0,0.0,0.0,0.0,0.0,0.0,0.0,0.0,0.0,0.0,0.0,0.0,0.0,0.0,0.0,0.0,0.0,0.0,0.0,0.0,0.0,0.0,0.0,0.0,0.0,0.0
1517,50566,False,0.0,0.0,0.0,0.0,0.0,0.0,0.0,0.0,0.0,0.0,0.0,0.0,0.0,0.0,0.0,0.0,0.0,0.0,0.0,0.0,0.0,0.0,0.0,0.0,0.0,0.0,0.0,0.0,0.0,0.0,0.0,0.0,0.0,0.0,0.0,0.0,0.0,0.0,0.0,0.0,0.0,0.0,0.0,0.0,0.0,0.0,0.0,0.0,0.0,0.0,0.0,0.0,0.0,0.0,0.0,0.0,0.0,0.0,0.0,0.0,0.0,0.0,0.0,0.0,0.0
1518,50600,False,0.0,0.0,0.0,0.0,0.0,0.0,0.0,0.0,0.0,0.0,0.0,0.0,0.0,0.0,0.0,0.0,0.0,0.0,0.0,0.0,0.0,0.0,0.0,0.0,0.0,0.0,0.0,0.0,0.0,0.0,0.0,0.0,0.0,0.0,0.0,0.0,0.0,0.0,0.0,0.0,0.0,0.0,0.0,0.0,0.0,0.0,0.0,0.0,0.0,0.0,0.0,0.0,0.0,0.0,0.0,0.0,0.0,0.0,0.0,0.0,0.0,0.0,0.0,0.0,0.0
1519,50633,False,0.0,0.0,0.0,0.0,0.0,0.0,0.0,0.0,0.0,0.0,0.0,0.0,0.0,0.0,0.0,0.0,0.0,0.0,0.0,0.0,0.0,0.0,0.0,0.0,0.0,0.0,0.0,0.0,0.0,0.0,0.0,0.0,0.0,0.0,0.0,0.0,0.0,0.0,0.0,0.0,0.0,0.0,0.0,0.0,0.0,0.0,0.0,0.0,0.0,0.0,0.0,0.0,0.0,0.0,0.0,0.0,0.0,0.0,0.0,0.0,0.0,0.0,0.0,0.0,0.0
1520,50666,False,0.0,0.0,0.0,0.0,0.0,0.0,0.0,0.0,0.0,0.0,0.0,0.0,0.0,0.0,0.0,0.0,0.0,0.0,0.0,0.0,0.0,0.0,0.0,0.0,0.0,0.0,0.0,0.0,0.0,0.0,0.0,0.0,0.0,0.0,0.0,0.0,0.0,0.0,0.0,0.0,0.0,0.0,0.0,0.0,0.0,0.0,0.0,0.0,0.0,0.0,0.0,0.0,0.0,0.0,0.0,0.0,0.0,0.0,0.0,0.0,0.0,0.0,0.0,0.0,0.0
1521,50700,False,0.0,0.0,0.0,0.0,0.0,0.0,0.0,0.0,0.0,0.0,0.0,0.0,0.0,0.0,0.0,0.0,0.0,0.0,0.0,0.0,0.0,0.0,0.0,0.0,0.0,0.0,0.0,0.0,0.0,0.0,0.0,0.0,0.0,0.0,0.0,0.0,0.0,0.0,0.0,0.0,0.0,0.0,0.0,0.0,0.0,0.0,0.0,0.0,0.0,0.0,0.0,0.0,0.0,0.0,0.0,0.0,0.0,0.0,0.0,0.0,0.0,0.0,0.0,0.0,0.0
1522,50733,False,0.0,0.0,0.0,0.0,0.0,0.0,0.0,0.0,0.0,0.0,0.0,0.0,0.0,0.0,0.0,0.0,0.0,0.0,0.0,0.0,0.0,0.0,0.0,0.0,0.0,0.0,0.0,0.0,0.0,0.0,0.0,0.0,0.0,0.0,0.0,0.0,0.0,0.0,0.0,0.0,0.0,0.0,0.0,0.0,0.0,0.0,0.0,0.0,0.0,0.0,0.0,0.0,0.0,0.0,0.0,0.0,0.0,0.0,0.0,0.0,0.0,0.0,0.0,0.0,0.0
1523,50766,False,0.0,0.0,0.0,0.0,0.0,0.0,0.0,0.0,0.0,0.0,0.0,0.0,0.0,0.0,0.0,0.0,0.0,0.0,0.0,0.0,0.0,0.0,0.0,0.0,0.0,0.0,0.0,0.0,0.0,0.0,0.0,0.0,0.0,0.0,0.0,0.0,0.0,0.0,0.0,0.0,0.0,0.0,0.0,0.0,0.0,0.0,0.0,0.0,0.0,0.0,0.0,0.0,0.0,0.0,0.0,0.0,0.0,0.0,0.0,0.0,0.0,0.0,0.0,0.0,0.0
1524,50800,False,0.0,0.0,0.0,0.0,0.0,0.0,0.0,0.0,0.0,0.0,0.0,0.0,0.0,0.0,0.0,0.0,0.0,0.0,0.0,0.0,0.0,0.0,0.0,0.0,0.0,0.0,0.0,0.0,0.0,0.0,0.0,0.0,0.0,0.0,0.0,0.0,0.0,0.0,0.0,0.0,0.0,0.0,0.0,0.0,0.0,0.0,0.0,0.0,0.0,0.0,0.0,0.0,0.0,0.0,0.0,0.0,0.0,0.0,0.0,0.0,0.0,0.0,0.0,0.0,0.0
1525,50833,False,0.0,0.0,0.0,0.0,0.0,0.0,0.0,0.0,0.0,0.0,0.0,0.0,0.0,0.0,0.0,0.0,0.0,0.0,0.0,0.0,0.0,0.0,0.0,0.0,0.0,0.0,0.0,0.0,0.0,0.0,0.0,0.0,0.0,0.0,0.0,0.0,0.0,0.0,0.0,0.0,0.0,0.0,0.0,0.0,0.0,0.0,0.0,0.0,0.0,0.0,0.0,0.0,0.0,0.0,0.0,0.0,0.0,0.0,0.0,0.0,0.0,0.0,0.0,0.0,0.0
1526,50866,False,0.0,0.0,0.0,0.0,0.0,0.0,0.0,0.0,0.0,0.0,0.0,0.0,0.0,0.0,0.0,0.0,0.0,0.0,0.0,0.0,0.0,0.0,0.0,0.0,0.0,0.0,0.0,0.0,0.0,0.0,0.0,0.0,0.0,0.0,0.0,0.0,0.0,0.0,0.0,0.0,0.0,0.0,0.0,0.0,0.0,0.0,0.0,0.0,0.0,0.0,0.0,0.0,0.0,0.0,0.0,0.0,0.0,0.0,0.0,0.0,0.0,0.0,0.0,0.0,0.0
1527,50900,False,0.0,0.0,0.0,0.0,0.0,0.0,0.0,0.0,0.0,0.0,0.0,0.0,0.0,0.0,0.0,0.0,0.0,0.0,0.0,0.0,0.0,0.0,0.0,0.0,0.0,0.0,0.0,0.0,0.0,0.0,0.0,0.0,0.0,0.0,0.0,0.0,0.0,0.0,0.0,0.0,0.0,0.0,0.0,0.0,0.0,0.0,0.0,0.0,0.0,0.0,0.0,0.0,0.0,0.0,0.0,0.0,0.0,0.0,0.0,0.0,0.0,0.0,0.0,0.0,0.0
1528,50933,False,0.0,0.0,0.0,0.0,0.0,0.0,0.0,0.0,0.0,0.0,0.0,0.0,0.0,0.0,0.0,0.0,0.0,0.0,0.0,0.0,0.0,0.0,0.0,0.0,0.0,0.0,0.0,0.0,0.0,0.0,0.0,0.0,0.0,0.0,0.0,0.0,0.0,0.0,0.0,0.0,0.0,0.0,0.0,0.0,0.0,0.0,0.0,0.0,0.0,0.0,0.0,0.0,0.0,0.0,0.0,0.0,0.0,0.0,0.0,0.0,0.0,0.0,0.0,0.0,0.0
1529,50966,False,0.0,0.0,0.0,0.0,0.0,0.0,0.0,0.0,0.0,0.0,0.0,0.0,0.0,0.0,0.0,0.0,0.0,0.0,0.0,0.0,0.0,0.0,0.0,0.0,0.0,0.0,0.0,0.0,0.0,0.0,0.0,0.0,0.0,0.0,0.0,0.0,0.0,0.0,0.0,0.0,0.0,0.0,0.0,0.0,0.0,0.0,0.0,0.0,0.0,0.0,0.0,0.0,0.0,0.0,0.0,0.0,0.0,0.0,0.0,0.0,0.0,0.0,0.0,0.0,0.0
1530,51000,False,0.0,0.0,0.0,0.0,0.0,0.0,0.0,0.0,0.0,0.0,0.0,0.0,0.0,0.0,0.0,0.0,0.0,0.0,0.0,0.0,0.0,0.0,0.0,0.0,0.0,0.0,0.0,0.0,0.0,0.0,0.0,0.0,0.0,0.0,0.0,0.0,0.0,0.0,0.0,0.0,0.0,0.0,0.0,0.0,0.0,0.0,0.0,0.0,0.0,0.0,0.0,0.0,0.0,0.0,0.0,0.0,0.0,0.0,0.0,0.0,0.0,0.0,0.0,0.0,0.0
1531,51033,False,0.0,0.0,0.0,0.0,0.0,0.0,0.0,0.0,0.0,0.0,0.0,0.0,0.0,0.0,0.0,0.0,0.0,0.0,0.0,0.0,0.0,0.0,0.0,0.0,0.0,0.0,0.0,0.0,0.0,0.0,0.0,0.0,0.0,0.0,0.0,0.0,0.0,0.0,0.0,0.0,0.0,0.0,0.0,0.0,0.0,0.0,0.0,0.0,0.0,0.0,0.0,0.0,0.0,0.0,0.0,0.0,0.0,0.0,0.0,0.0,0.0,0.0,0.0,0.0,0.0
1532,51066,False,0.0,0.0,0.0,0.0,0.0,0.0,0.0,0.0,0.0,0.0,0.0,0.0,0.0,0.0,0.0,0.0,0.0,0.0,0.0,0.0,0.0,0.0,0.0,0.0,0.0,0.0,0.0,0.0,0.0,0.0,0.0,0.0,0.0,0.0,0.0,0.0,0.0,0.0,0.0,0.0,0.0,0.0,0.0,0.0,0.0,0.0,0.0,0.0,0.0,0.0,0.0,0.0,0.0,0.0,0.0,0.0,0.0,0.0,0.0,0.0,0.0,0.0,0.0,0.0,0.0
1533,51100,False,0.0,0.0,0.0,0.0,0.0,0.0,0.0,0.0,0.0,0.0,0.0,0.0,0.0,0.0,0.0,0.0,0.0,0.0,0.0,0.0,0.0,0.0,0.0,0.0,0.0,0.0,0.0,0.0,0.0,0.0,0.0,0.0,0.0,0.0,0.0,0.0,0.0,0.0,0.0,0.0,0.0,0.0,0.0,0.0,0.0,0.0,0.0,0.0,0.0,0.0,0.0,0.0,0.0,0.0,0.0,0.0,0.0,0.0,0.0,0.0,0.0,0.0,0.0,0.0,0.0
1534,51133,False,0.0,0.0,0.0,0.0,0.0,0.0,0.0,0.0,0.0,0.0,0.0,0.0,0.0,0.0,0.0,0.0,0.0,0.0,0.0,0.0,0.0,0.0,0.0,0.0,0.0,0.0,0.0,0.0,0.0,0.0,0.0,0.0,0.0,0.0,0.0,0.0,0.0,0.0,0.0,0.0,0.0,0.0,0.0,0.0,0.0,0.0,0.0,0.0,0.0,0.0,0.0,0.0,0.0,0.0,0.0,0.0,0.0,0.0,0.0,0.0,0.0,0.0,0.0,0.0,0.0
1535,51166,False,0.0,0.0,0.0,0.0,0.0,0.0,0.0,0.0,0.0,0.0,0.0,0.0,0.0,0.0,0.0,0.0,0.0,0.0,0.0,0.0,0.0,0.0,0.0,0.0,0.0,0.0,0.0,0.0,0.0,0.0,0.0,0.0,0.0,0.0,0.0,0.0,0.0,0.0,0.0,0.0,0.0,0.0,0.0,0.0,0.0,0.0,0.0,0.0,0.0,0.0,0.0,0.0,0.0,0.0,0.0,0.0,0.0,0.0,0.0,0.0,0.0,0.0,0.0,0.0,0.0
1536,51200,False,0.0,0.0,0.0,0.0,0.0,0.0,0.0,0.0,0.0,0.0,0.0,0.0,0.0,0.0,0.0,0.0,0.0,0.0,0.0,0.0,0.0,0.0,0.0,0.0,0.0,0.0,0.0,0.0,0.0,0.0,0.0,0.0,0.0,0.0,0.0,0.0,0.0,0.0,0.0,0.0,0.0,0.0,0.0,0.0,0.0,0.0,0.0,0.0,0.0,0.0,0.0,0.0,0.0,0.0,0.0,0.0,0.0,0.0,0.0,0.0,0.0,0.0,0.0,0.0,0.0
1537,51233,False,0.0,0.0,0.0,0.0,0.0,0.0,0.0,0.0,0.0,0.0,0.0,0.0,0.0,0.0,0.0,0.0,0.0,0.0,0.0,0.0,0.0,0.0,0.0,0.0,0.0,0.0,0.0,0.0,0.0,0.0,0.0,0.0,0.0,0.0,0.0,0.0,0.0,0.0,0.0,0.0,0.0,0.0,0.0,0.0,0.0,0.0,0.0,0.0,0.0,0.0,0.0,0.0,0.0,0.0,0.0,0.0,0.0,0.0,0.0,0.0,0.0,0.0,0.0,0.0,0.0
1538,51266,False,0.0,0.0,0.0,0.0,0.0,0.0,0.0,0.0,0.0,0.0,0.0,0.0,0.0,0.0,0.0,0.0,0.0,0.0,0.0,0.0,0.0,0.0,0.0,0.0,0.0,0.0,0.0,0.0,0.0,0.0,0.0,0.0,0.0,0.0,0.0,0.0,0.0,0.0,0.0,0.0,0.0,0.0,0.0,0.0,0.0,0.0,0.0,0.0,0.0,0.0,0.0,0.0,0.0,0.0,0.0,0.0,0.0,0.0,0.0,0.0,0.0,0.0,0.0,0.0,0.0
1539,51300,False,0.0,0.0,0.0,0.0,0.0,0.0,0.0,0.0,0.0,0.0,0.0,0.0,0.0,0.0,0.0,0.0,0.0,0.0,0.0,0.0,0.0,0.0,0.0,0.0,0.0,0.0,0.0,0.0,0.0,0.0,0.0,0.0,0.0,0.0,0.0,0.0,0.0,0.0,0.0,0.0,0.0,0.0,0.0,0.0,0.0,0.0,0.0,0.0,0.0,0.0,0.0,0.0,0.0,0.0,0.0,0.0,0.0,0.0,0.0,0.0,0.0,0.0,0.0,0.0,0.0
1540,51333,False,0.0,0.0,0.0,0.0,0.0,0.0,0.0,0.0,0.0,0.0,0.0,0.0,0.0,0.0,0.0,0.0,0.0,0.0,0.0,0.0,0.0,0.0,0.0,0.0,0.0,0.0,0.0,0.0,0.0,0.0,0.0,0.0,0.0,0.0,0.0,0.0,0.0,0.0,0.0,0.0,0.0,0.0,0.0,0.0,0.0,0.0,0.0,0.0,0.0,0.0,0.0,0.0,0.0,0.0,0.0,0.0,0.0,0.0,0.0,0.0,0.0,0.0,0.0,0.0,0.0
1541,51366,False,0.0,0.0,0.0,0.0,0.0,0.0,0.0,0.0,0.0,0.0,0.0,0.0,0.0,0.0,0.0,0.0,0.0,0.0,0.0,0.0,0.0,0.0,0.0,0.0,0.0,0.0,0.0,0.0,0.0,0.0,0.0,0.0,0.0,0.0,0.0,0.0,0.0,0.0,0.0,0.0,0.0,0.0,0.0,0.0,0.0,0.0,0.0,0.0,0.0,0.0,0.0,0.0,0.0,0.0,0.0,0.0,0.0,0.0,0.0,0.0,0.0,0.0,0.0,0.0,0.0
1542,51400,False,0.0,0.0,0.0,0.0,0.0,0.0,0.0,0.0,0.0,0.0,0.0,0.0,0.0,0.0,0.0,0.0,0.0,0.0,0.0,0.0,0.0,0.0,0.0,0.0,0.0,0.0,0.0,0.0,0.0,0.0,0.0,0.0,0.0,0.0,0.0,0.0,0.0,0.0,0.0,0.0,0.0,0.0,0.0,0.0,0.0,0.0,0.0,0.0,0.0,0.0,0.0,0.0,0.0,0.0,0.0,0.0,0.0,0.0,0.0,0.0,0.0,0.0,0.0,0.0,0.0
1543,51433,False,0.0,0.0,0.0,0.0,0.0,0.0,0.0,0.0,0.0,0.0,0.0,0.0,0.0,0.0,0.0,0.0,0.0,0.0,0.0,0.0,0.0,0.0,0.0,0.0,0.0,0.0,0.0,0.0,0.0,0.0,0.0,0.0,0.0,0.0,0.0,0.0,0.0,0.0,0.0,0.0,0.0,0.0,0.0,0.0,0.0,0.0,0.0,0.0,0.0,0.0,0.0,0.0,0.0,0.0,0.0,0.0,0.0,0.0,0.0,0.0,0.0,0.0,0.0,0.0,0.0
1544,51466,False,0.0,0.0,0.0,0.0,0.0,0.0,0.0,0.0,0.0,0.0,0.0,0.0,0.0,0.0,0.0,0.0,0.0,0.0,0.0,0.0,0.0,0.0,0.0,0.0,0.0,0.0,0.0,0.0,0.0,0.0,0.0,0.0,0.0,0.0,0.0,0.0,0.0,0.0,0.0,0.0,0.0,0.0,0.0,0.0,0.0,0.0,0.0,0.0,0.0,0.0,0.0,0.0,0.0,0.0,0.0,0.0,0.0,0.0,0.0,0.0,0.0,0.0,0.0,0.0,0.0
1545,51500,False,0.0,0.0,0.0,0.0,0.0,0.0,0.0,0.0,0.0,0.0,0.0,0.0,0.0,0.0,0.0,0.0,0.0,0.0,0.0,0.0,0.0,0.0,0.0,0.0,0.0,0.0,0.0,0.0,0.0,0.0,0.0,0.0,0.0,0.0,0.0,0.0,0.0,0.0,0.0,0.0,0.0,0.0,0.0,0.0,0.0,0.0,0.0,0.0,0.0,0.0,0.0,0.0,0.0,0.0,0.0,0.0,0.0,0.0,0.0,0.0,0.0,0.0,0.0,0.0,0.0
1546,51533,False,0.0,0.0,0.0,0.0,0.0,0.0,0.0,0.0,0.0,0.0,0.0,0.0,0.0,0.0,0.0,0.0,0.0,0.0,0.0,0.0,0.0,0.0,0.0,0.0,0.0,0.0,0.0,0.0,0.0,0.0,0.0,0.0,0.0,0.0,0.0,0.0,0.0,0.0,0.0,0.0,0.0,0.0,0.0,0.0,0.0,0.0,0.0,0.0,0.0,0.0,0.0,0.0,0.0,0.0,0.0,0.0,0.0,0.0,0.0,0.0,0.0,0.0,0.0,0.0,0.0
1547,51566,False,0.0,0.0,0.0,0.0,0.0,0.0,0.0,0.0,0.0,0.0,0.0,0.0,0.0,0.0,0.0,0.0,0.0,0.0,0.0,0.0,0.0,0.0,0.0,0.0,0.0,0.0,0.0,0.0,0.0,0.0,0.0,0.0,0.0,0.0,0.0,0.0,0.0,0.0,0.0,0.0,0.0,0.0,0.0,0.0,0.0,0.0,0.0,0.0,0.0,0.0,0.0,0.0,0.0,0.0,0.0,0.0,0.0,0.0,0.0,0.0,0.0,0.0,0.0,0.0,0.0
1548,51600,False,0.0,0.0,0.0,0.0,0.0,0.0,0.0,0.0,0.0,0.0,0.0,0.0,0.0,0.0,0.0,0.0,0.0,0.0,0.0,0.0,0.0,0.0,0.0,0.0,0.0,0.0,0.0,0.0,0.0,0.0,0.0,0.0,0.0,0.0,0.0,0.0,0.0,0.0,0.0,0.0,0.0,0.0,0.0,0.0,0.0,0.0,0.0,0.0,0.0,0.0,0.0,0.0,0.0,0.0,0.0,0.0,0.0,0.0,0.0,0.0,0.0,0.0,0.0,0.0,0.0
1549,51633,False,0.0,0.0,0.0,0.0,0.0,0.0,0.0,0.0,0.0,0.0,0.0,0.0,0.0,0.0,0.0,0.0,0.0,0.0,0.0,0.0,0.0,0.0,0.0,0.0,0.0,0.0,0.0,0.0,0.0,0.0,0.0,0.0,0.0,0.0,0.0,0.0,0.0,0.0,0.0,0.0,0.0,0.0,0.0,0.0,0.0,0.0,0.0,0.0,0.0,0.0,0.0,0.0,0.0,0.0,0.0,0.0,0.0,0.0,0.0,0.0,0.0,0.0,0.0,0.0,0.0
1550,51666,False,0.0,0.0,0.0,0.0,0.0,0.0,0.0,0.0,0.0,0.0,0.0,0.0,0.0,0.0,0.0,0.0,0.0,0.0,0.0,0.0,0.0,0.0,0.0,0.0,0.0,0.0,0.0,0.0,0.0,0.0,0.0,0.0,0.0,0.0,0.0,0.0,0.0,0.0,0.0,0.0,0.0,0.0,0.0,0.0,0.0,0.0,0.0,0.0,0.0,0.0,0.0,0.0,0.0,0.0,0.0,0.0,0.0,0.0,0.0,0.0,0.0,0.0,0.0,0.0,0.0
1551,51699,False,0.0,0.0,0.0,0.0,0.0,0.0,0.0,0.0,0.0,0.0,0.0,0.0,0.0,0.0,0.0,0.0,0.0,0.0,0.0,0.0,0.0,0.0,0.0,0.0,0.0,0.0,0.0,0.0,0.0,0.0,0.0,0.0,0.0,0.0,0.0,0.0,0.0,0.0,0.0,0.0,0.0,0.0,0.0,0.0,0.0,0.0,0.0,0.0,0.0,0.0,0.0,0.0,0.0,0.0,0.0,0.0,0.0,0.0,0.0,0.0,0.0,0.0,0.0,0.0,0.0
1552,51733,False,0.0,0.0,0.0,0.0,0.0,0.0,0.0,0.0,0.0,0.0,0.0,0.0,0.0,0.0,0.0,0.0,0.0,0.0,0.0,0.0,0.0,0.0,0.0,0.0,0.0,0.0,0.0,0.0,0.0,0.0,0.0,0.0,0.0,0.0,0.0,0.0,0.0,0.0,0.0,0.0,0.0,0.0,0.0,0.0,0.0,0.0,0.0,0.0,0.0,0.0,0.0,0.0,0.0,0.0,0.0,0.0,0.0,0.0,0.0,0.0,0.0,0.0,0.0,0.0,0.0
1553,51766,False,0.0,0.0,0.0,0.0,0.0,0.0,0.0,0.0,0.0,0.0,0.0,0.0,0.0,0.0,0.0,0.0,0.0,0.0,0.0,0.0,0.0,0.0,0.0,0.0,0.0,0.0,0.0,0.0,0.0,0.0,0.0,0.0,0.0,0.0,0.0,0.0,0.0,0.0,0.0,0.0,0.0,0.0,0.0,0.0,0.0,0.0,0.0,0.0,0.0,0.0,0.0,0.0,0.0,0.0,0.0,0.0,0.0,0.0,0.0,0.0,0.0,0.0,0.0,0.0,0.0
1554,51800,False,0.0,0.0,0.0,0.0,0.0,0.0,0.0,0.0,0.0,0.0,0.0,0.0,0.0,0.0,0.0,0.0,0.0,0.0,0.0,0.0,0.0,0.0,0.0,0.0,0.0,0.0,0.0,0.0,0.0,0.0,0.0,0.0,0.0,0.0,0.0,0.0,0.0,0.0,0.0,0.0,0.0,0.0,0.0,0.0,0.0,0.0,0.0,0.0,0.0,0.0,0.0,0.0,0.0,0.0,0.0,0.0,0.0,0.0,0.0,0.0,0.0,0.0,0.0,0.0,0.0
