frame_index,timestamp_ms,hand_detected,detection_confidence,tracking_confidence,l0_x,l0_y,l0_z,l1_x,l1_y,l1_z,l2_x,l2_y,l2_z,l3_x,l3_y,l3_z,l4_x,l4_y,l4_z,l5_x,l5_y,l5_z,l6_x,l6_y,l6_z,l7_x,l7_y,l7_z,l8_x,l8_y,l8_z,l9_x,l9_y,l9_z,l10_x,l10_y,l10_z,l11_x,l11_y,l11_z,l12_x,l12_y,l12_z,l13_x,l13_y,l13_z,l14_x,l14_y,l14_z,l15_x,l15_y,l15_z,l16_x,l16_y,l16_z,l17_x,l17_y,l17_z,l18_x,l18_y,l18_z,l19_x,l19_y,l19_z,l20_x,l20_y,l20_z
0,0,False,0.0,0.0,0.0,0.0,0.0,0.0,0.0,0.0,0.0,0.0,0.0,0.0,0.0,0.0,0.0,0.0,0.0,0.0,0.0,0.0,0.0,0.0,0.0,0.0,0.0,0.0,0.0,0.0,0.0,0.0,0.0,0.0,0.0,0.0,0.0,0.0,0.0,0.0,0.0,0.0,0.0,0.0,0.0,0.0,0.0,0.0,0.0,0.0,0.0,0.0,0.0,0.0,0.0,0.0,0.0,0.0,0.0,0.0,0.0,0.0,0.0,0.0,0.0,0.0,0.0
1,33,False,0.0,0.0,0.0,0.0,0.0,0.0,0.0,0.0,0.0,0.0,0.0,0.0,0.0,0.0,0.0,0.0,0.0,0.0,0.0,0.0,0.0,0.0,0.0,0.0,0.0,0.0,0.0,0.0,0.0,0.0,0.0,0.0,0.0,0.0,0.0,0.0,0.0,0.0,0.0,0.0,0.0,0.0,0.0,0.0,0.0,0.0,0.0,0.0,0.0,0.0,0.0,0.0,0.0,0.0,0.0,0.0,0.0,0.0,0.0,0.0,0.0,0.0,0.0,0.0,0.0
2,66,False,0.0,0.0,0.0,0.0,0.0,0.0,0.0,0.0,0.0,0.0,0.0,0.0,0.0,0.0,0.0,0.0,0.0,0.0,0.0,0.0,0.0,0.0,0.0,0.0,0.0,0.0,0.0,0.0,0.0,0.0,0.0,0.0,0.0,0.0,0.0,0.0,0.0,0.0,0.0,0.0,0.0,0.0,0.0,0.0,0.0,0.0,0.0,0.0,0.0,0.0,0.0,0.0,0.0,0.0,0.0,0.0,0.0,0.0,0.0,0.0,0.0,0.0,0.0,0.0,0.0
3,100,False,0.0,0.0,0.0,0.0,0.0,0.0,0.0,0.0,0.0,0.0,0.0,0.0,0.0,0.0,0.0,0.0,0.0,0.0,0.0,0.0,0.0,0.0,0.0,0.0,0.0,0.0,0.0,0.0,0.0,0.0,0.0,0.0,0.0,0.0,0.0,0.0,0.0,0.0,0.0,0.0,0.0,0.0,0.0,0.0,0.0,0.0,0.0,0.0,0.0,0.0,0.0,0.0,0.0,0.0,0.0,0.0,0.0,0.0,0.0,0.0,0.0,0.0,0.0,0.0,0.0
4,133,False,0.0,0.0,0.0,0.0,0.0,0.0,0.0,0.0,0.0,0.0,0.0,0.0,0.0,0.0,0.0,0.0,0.0,0.0,0.0,0.0,0.0,0.0,0.0,0.0,0.0,0.0,0.0,0.0,0.0,0.0,0.0,0.0,0.0,0.0,0.0,0.0,0.0,0.0,0.0,0.0,0.0,0.0,0.0,0.0,0.0,0.0,0.0,0.0,0.0,0.0,0.0,0.0,0.0,0.0,0.0,0.0,0.0,0.0,0.0,0.0,0.0,0.0,0.0,0.0,0.0
5,166,False,0.0,0.0,0.0,0.0,0.0,0.0,0.0,0.0,0.0,0.0,0.0,0.0,0.0,0.0,0.0,0.0,0.0,0.0,0.0,0.0,0.0,0.0,0.0,0.0,0.0,0.0,0.0,0.0,0.0,0.0,0.0,0.0,0.0,0.0,0.0,0.0,0.0,0.0,0.0,0.0,0.0,0.0,0.0,0.0,0.0,0.0,0.0,0.0,0.0,0.0,0.0,0.0,0.0,0.0,0.0,0.0,0.0,0.0,0.0,0.0,0.0,0.0,0.0,0.0,0.0
6,200,False,0.0,0.0,0.0,0.0,0.0,0.0,0.0,0.0,0.0,0.0,0.0,0.0,0.0,0.0,0.0,0.0,0.0,0.0,0.0,0.0,0.0,0.0,0.0,0.0,0.0,0.0,0.0,0.0,0.0,0.0,0.0,0.0,0.0,0.0,0.0,0.0,0.0,0.0,0.0,0.0,0.0,0.0,0.0,0.0,0.0,0.0,0.0,0.0,0.0,0.0,0.0,0.0,0.0,0.0,0.0,0.0,0.0,0.0,0.0,0.0,0.0,0.0,0.0,0.0,0.0
7,233,False,0.0,0.0,0.0,0.0,0.0,0.0,0.0,0.0,0.0,0.0,0.0,0.0,0.0,0.0,0.0,0.0,0.0,0.0,0.0,0.0,0.0,0.0,0.0,0.0,0.0,0.0,0.0,0.0,0.0,0.0,0.0,0.0,0.0,0.0,0.0,0.0,0.0,0.0,0.0,0.0,0.0,0.0,0.0,0.0,0.0,0.0,0.0,0.0,0.0,0.0,0.0,0.0,0.0,0.0,0.0,0.0,0.0,0.0,0.0,0.0,0.0,0.0,0.0,0.0,0.0
8,266,False,0.0,0.0,0.0,0.0,0.0,0.0,0.0,0.0,0.0,0.0,0.0,0.0,0.0,0.0,0.0,0.0,0.0,0.0,0.0,0.0,0.0,0.0,0.0,0.0,0.0,0.0,0.0,0.0,0.0,0.0,0.0,0.0,0.0,0.0,0.0,0.0,0.0,0.0,0.0,0.0,0.0,0.0,0.0,0.0,0.0,0.0,0.0,0.0,0.0,0.0,0.0,0.0,0.0,0.0,0.0,0.0,0.0,0.0,0.0,0.0,0.0,0.0,0.0,0.0,0.0
9,300,False,0.0,0.0,0.0,0.0,0.0,0.0,0.0,0.0,0.0,0.0,0.0,0.0,0.0,0.0,0.0,0.0,0.0,0.0,0.0,0.0,0.0,0.0,0.0,0.0,0.0,0.0,0.0,0.0,0.0,0.0,0.0,0.0,0.0,0.0,0.0,0.0,0.0,0.0,0.0,0.0,0.0,0.0,0.0,0.0,0.0,0.0,0.0,0.0,0.0,0.0,0.0,0.0,0.0,0.0,0.0,0.0,0.0,0.0,0.0,0.0,0.0,0.0,0.0,0.0,0.0
10,333,False,0.0,0.0,0.0,0.0,0.0,0.0,0.0,0.0,0.0,0.0,0.0,0.0,0.0,0.0,0.0,0.0,0.0,0.0,0.0,0.0,0.0,0.0,0.0,0.0,0.0,0.0,0.0,0.0,0.0,0.0,0.0,0.0,0.0,0.0,0.0,0.0,0.0,0.0,0.0,0.0,0.0,0.0,0.0,0.0,0.0,0.0,0.0,0.0,0.0,0.0,0.0,0.0,0.0,0.0,0.0,0.0,0.0,0.0,0.0,0.0,0.0,0.0,0.0,0.0,0.0
11,366,False,0.0,0.0,0.0,0.0,0.0,0.0,0.0,0.0,0.0,0.0,0.0,0.0,0.0,0.0,0.0,0.0,0.0,0.0,0.0,0.0,0.0,0.0,0.0,0.0,0.0,0.0,0.0,0.0,0.0,0.0,0.0,0.0,0.0,0.0,0.0,0.0,0.0,0.0,0.0,0.0,0.0,0.0,0.0,0.0,0.0,0.0,0.0,0.0,0.0,0.0,0.0,0.0,0.0,0.0,0.0,0.0,0.0,0.0,0.0,0.0,0.0,0.0,0.0,0.0,0.0
12,400,False,0.0,0.0,0.0,0.0,0.0,0.0,0.0,0.0,0.0,0.0,0.0,0.0,0.0,0.0,0.0,0.0,0.0,0.0,0.0,0.0,0.0,0.0,0.0,0.0,0.0,0.0,0.0,0.0,0.0,0.0,0.0,0.0,0.0,0.0,0.0,0.0,0.0,0.0,0.0,0.0,0.0,0.0,0.0,0.0,0.0,0.0,0.0,0.0,0.0,0.0,0.0,0.0,0.0,0.0,0.0,0.0,0.0,0.0,0.0,0.0,0.0,0.0,0.0,0.0,0.0
13,433,False,0.0,0.0,0.0,0.0,0.0,0.0,0.0,0.0,0.0,0.0,0.0,0.0,0.0,0.0,0.0,0.0,0.0,0.0,0.0,0.0,0.0,0.0,0.0,0.0,0.0,0.0,0.0,0.0,0.0,0.0,0.0,0.0,0.0,0.0,0.0,0.0,0.0,0.0,0.0,0.0,0.0,0.0,0.0,0.0,0.0,0.0,0.0,0.0,0.0,0.0,0.0,0.0,0.0,0.0,0.0,0.0,0.0,0.0,0.0,0.0,0.0,0.0,0.0,0.0,0.0
14,466,False,0.0,0.0,0.0,0.0,0.0,0.0,0.0,0.0,0.0,0.0,0.0,0.0,0.0,0.0,0.0,0.0,0.0,0.0,0.0,0.0,0.0,0.0,0.0,0.0,0.0,0.0,0.0,0.0,0.0,0.0,0.0,0.0,0.0,0.0,0.0,0.0,0.0,0.0,0.0,0.0,0.0,0.0,0.0,0.0,0.0,0.0,0.0,0.0,0.0,0.0,0.0,0.0,0.0,0.0,0.0,0.0,0.0,0.0,0.0,0.0,0.0,0.0,0.0,0.0,0.0
15,500,False,0.0,0.0,0.0,0.0,0.0,0.0,0.0,0.0,0.0,0.0,0.0,0.0,0.0,0.0,0.0,0.0,0.0,0.0,0.0,0.0,0.0,0.0,0.0,0.0,0.0,0.0,0.0,0.0,0.0,0.0,0.0,0.0,0.0,0.0,0.0,0.0,0.0,0.0,0.0,0.0,0.0,0.0,0.0,0.0,0.0,0.0,0.0,0.0,0.0,0.0,0.0,0.0,0.0,0.0,0.0,0.0,0.0,0.0,0.0,0.0,0.0,0.0,0.0,0.0,0.0
16,533,False,0.0,0.0,0.0,0.0,0.0,0.0,0.0,0.0,0.0,0.0,0.0,0.0,0.0,0.0,0.0,0.0,0.0,0.0,0.0,0.0,0.0,0.0,0.0,0.0,0.0,0.0,0.0,0.0,0.0,0.0,0.0,0.0,0.0,0.0,0.0,0.0,0.0,0.0,0.0,0.0,0.0,0.0,0.0,0.0,0.0,0.0,0.0,0.0,0.0,0.0,0.0,0.0,0.0,0.0,0.0,0.0,0.0,0.0,0.0,0.0,0.0,0.0,0.0,0.0,0.0
17,566,False,0.0,0.0,0.0,0.0,0.0,0.0,0.0,0.0,0.0,0.0,0.0,0.0,0.0,0.0,0.0,0.0,0.0,0.0,0.0,0.0,0.0,0.0,0.0,0.0,0.0,0.0,0.0,0.0,0.0,0.0,0.0,0.0,0.0,0.0,0.0,0.0,0.0,0.0,0.0,0.0,0.0,0.0,0.0,0.0,0.0,0.0,0.0,0.0,0.0,0.0,0.0,0.0,0.0,0.0,0.0,0.0,0.0,0.0,0.0,0.0,0.0,0.0,0.0,0.0,0.0
18,600,False,0.0,0.0,0.0,0.0,0.0,0.0,0.0,0.0,0.0,0.0,0.0,0.0,0.0,0.0,0.0,0.0,0.0,0.0,0.0,0.0,0.0,0.0,0.0,0.0,0.0,0.0,0.0,0.0,0.0,0.0,0.0,0.0,0.0,0.0,0.0,0.0,0.0,0.0,0.0,0.0,0.0,0.0,0.0,0.0,0.0,0.0,0.0,0.0,0.0,0.0,0.0,0.0,0.0,0.0,0.0,0.0,0.0,0.0,0.0,0.0,0.0,0.0,0.0,0.0,0.0
19,633,False,0.0,0.0,0.0,0.0,0.0,0.0,0.0,0.0,0.0,0.0,0.0,0.0,0.0,0.0,0.0,0.0,0.0,0.0,0.0,0.0,0.0,0.0,0.0,0.0,0.0,0.0,0.0,0.0,0.0,0.0,0.0,0.0,0.0,0.0,0.0,0.0,0.0,0.0,0.0,0.0,0.0,0.0,0.0,0.0,0.0,0.0,0.0,0.0,0.0,0.0,0.0,0.0,0.0,0.0,0.0,0.0,0.0,0.0,0.0,0.0,0.0,0.0,0.0,0.0,0.0
20,666,False,0.0,0.0,0.0,0.0,0.0,0.0,0.0,0.0,0.0,0.0,0.0,0.0,0.0,0.0,0.0,0.0,0.0,0.0,0.0,0.0,0.0,0.0,0.0,0.0,0.0,0.0,0.0,0.0,0.0,0.0,0.0,0.0,0.0,0.0,0.0,0.0,0.0,0.0,0.0,0.0,0.0,0.0,0.0,0.0,0.0,0.0,0.0,0.0,0.0,0.0,0.0,0.0,0.0,0.0,0.0,0.0,0.0,0.0,0.0,0.0,0.0,0.0,0.0,0.0,0.0
21,700,False,0.0,0.0,0.0,0.0,0.0,0.0,0.0,0.0,0.0,0.0,0.0,0.0,0.0,0.0,0.0,0.0,0.0,0.0,0.0,0.0,0.0,0.0,0.0,0.0,0.0,0.0,0.0,0.0,0.0,0.0,0.0,0.0,0.0,0.0,0.0,0.0,0.0,0.0,0.0,0.0,0.0,0.0,0.0,0.0,0.0,0.0,0.0,0.0,0.0,0.0,0.0,0.0,0.0,0.0,0.0,0.0,0.0,0.0,0.0,0.0,0.0,0.0,0.0,0.0,0.0
22,733,False,0.0,0.0,0.0,0.0,0.0,0.0,0.0,0.0,0.0,0.0,0.0,0.0,0.0,0.0,0.0,0.0,0.0,0.0,0.0,0.0,0.0,0.0,0.0,0.0,0.0,0.0,0.0,0.0,0.0,0.0,0.0,0.0,0.0,0.0,0.0,0.0,0.0,0.0,0.0,0.0,0.0,0.0,0.0,0.0,0.0,0.0,0.0,0.0,0.0,0.0,0.0,0.0,0.0,0.0,0.0,0.0,0.0,0.0,0.0,0.0,0.0,0.0,0.0,0.0,0.0
23,766,False,0.0,0.0,0.0,0.0,0.0,0.0,0.0,0.0,0.0,0.0,0.0,0.0,0.0,0.0,0.0,0.0,0.0,0.0,0.0,0.0,0.0,0.0,0.0,0.0,0.0,0.0,0.0,0.0,0.0,0.0,0.0,0.0,0.0,0.0,0.0,0.0,0.0,0.0,0.0,0.0,0.0,0.0,0.0,0.0,0.0,0.0,0.0,0.0,0.0,0.0,0.0,0.0,0.0,0.0,0.0,0.0,0.0,0.0,0.0,0.0,0.0,0.0,0.0,0.0,0.0
24,800,False,0.0,0.0,0.0,0.0,0.0,0.0,0.0,0.0,0.0,0.0,0.0,0.0,0.0,0.0,0.0,0.0,0.0,0.0,0.0,0.0,0.0,0.0,0.0,0.0,0.0,0.0,0.0,0.0,0.0,0.0,0.0,0.0,0.0,0.0,0.0,0.0,0.0,0.0,0.0,0.0,0.0,0.0,0.0,0.0,0.0,0.0,0.0,0.0,0.0,0.0,0.0,0.0,0.0,0.0,0.0,0.0,0.0,0.0,0.0,0.0,0.0,0.0,0.0,0.0,0.0
25,833,False,0.0,0.0,0.0,0.0,0.0,0.0,0.0,0.0,0.0,0.0,0.0,0.0,0.0,0.0,0.0,0.0,0.0,0.0,0.0,0.0,0.0,0.0,0.0,0.0,0.0,0.0,0.0,0.0,0.0,0.0,0.0,0.0,0.0,0.0,0.0,0.0,0.0,0.0,0.0,0.0,0.0,0.0,0.0,0.0,0.0,0.0,0.0,0.0,0.0,0.0,0.0,0.0,0.0,0.0,0.0,0.0,0.0,0.0,0.0,0.0,0.0,0.0,0.0,0.0,0.0
26,866,False,0.0,0.0,0.0,0.0,0.0,0.0,0.0,0.0,0.0,0.0,0.0,0.0,0.0,0.0,0.0,0.0,0.0,0.0,0.0,0.0,0.0,0.0,0.0,0.0,0.0,0.0,0.0,0.0,0.0,0.0,0.0,0.0,0.0,0.0,0.0,0.0,0.0,0.0,0.0,0.0,0.0,0.0,0.0,0.0,0.0,0.0,0.0,0.0,0.0,0.0,0.0,0.0,0.0,0.0,0.0,0.0,0.0,0.0,0.0,0.0,0.0,0.0,0.0,0.0,0.0
27,900,False,0.0,0.0,0.0,0.0,0.0,0.0,0.0,0.0,0.0,0.0,0.0,0.0,0.0,0.0,0.0,0.0,0.0,0.0,0.0,0.0,0.0,0.0,0.0,0.0,0.0,0.0,0.0,0.0,0.0,0.0,0.0,0.0,0.0,0.0,0.0,0.0,0.0,0.0,0.0,0.0,0.0,0.0,0.0,0.0,0.0,0.0,0.0,0.0,0.0,0.0,0.0,0.0,0.0,0.0,0.0,0.0,0.0,0.0,0.0,0.0,0.0,0.0,0.0,0.0,0.0
28,933,False,0.0,0.0,0.0,0.0,0.0,0.0,0.0,0.0,0.0,0.0,0.0,0.0,0.0,0.0,0.0,0.0,0.0,0.0,0.0,0.0,0.0,0.0,0.0,0.0,0.0,0.0,0.0,0.0,0.0,0.0,0.0,0.0,0.0,0.0,0.0,0.0,0.0,0.0,0.0,0.0,0.0,0.0,0.0,0.0,0.0,0.0,0.0,0.0,0.0,0.0,0.0,0.0,0.0,0.0,0.0,0.0,0.0,0.0,0.0,0.0,0.0,0.0,0.0,0.0,0.0
29,966,False,0.0,0.0,0.0,0.0,0.0,0.0,0.0,0.0,0.0,0.0,0.0,0.0,0.0,0.0,0.0,0.0,0.0,0.0,0.0,0.0,0.0,0.0,0.0,0.0,0.0,0.0,0.0,0.0,0.0,0.0,0.0,0.0,0.0,0.0,0.0,0.0,0.0,0.0,0.0,0.0,0.0,0.0,0.0,0.0,0.0,0.0,0.0,0.0,0.0,0.0,0.0,0.0,0.0,0.0,0.0,0.0,0.0,0.0,0.0,0.0,0.0,0.0,0.0,0.0,0.0
30,1000,False,0.0,0.0,0.0,0.0,0.0,0.0,0.0,0.0,0.0,0.0,0.0,0.0,0.0,0.0,0.0,0.0,0.0,0.0,0.0,0.0,0.0,0.0,0.0,0.0,0.0,0.0,0.0,0.0,0.0,0.0,0.0,0.0,0.0,0.0,0.0,0.0,0.0,0.0,0.0,0.0,0.0,0.0,0.0,0.0,0.0,0.0,0.0,0.0,0.0,0.0,0.0,0.0,0.0,0.0,0.0,0.0,0.0,0.0,0.0,0.0,0.0,0.0,0.0,0.0,0.0
31,1033,False,0.0,0.0,0.0,0.0,0.0,0.0,0.0,0.0,0.0,0.0,0.0,0.0,0.0,0.0,0.0,0.0,0.0,0.0,0.0,0.0,0.0,0.0,0.0,0.0,0.0,0.0,0.0,0.0,0.0,0.0,0.0,0.0,0.0,0.0,0.0,0.0,0.0,0.0,0.0,0.0,0.0,0.0,0.0,0.0,0.0,0.0,0.0,0.0,0.0,0.0,0.0,0.0,0.0,0.0,0.0,0.0,0.0,0.0,0.0,0.0,0.0,0.0,0.0,0.0,0.0
32,1066,False,0.0,0.0,0.0,0.0,0.0,0.0,0.0,0.0,0.0,0.0,0.0,0.0,0.0,0.0,0.0,0.0,0.0,0.0,0.0,0.0,0.0,0.0,0.0,0.0,0.0,0.0,0.0,0.0,0.0,0.0,0.0,0.0,0.0,0.0,0.0,0.0,0.0,0.0,0.0,0.0,0.0,0.0,0.0,0.0,0.0,0.0,0.0,0.0,0.0,0.0,0.0,0.0,0.0,0.0,0.0,0.0,0.0,0.0,0.0,0.0,0.0,0.0,0.0,0.0,0.0
33,1100,False,0.0,0.0,0.0,0.0,0.0,0.0,0.0,0.0,0.0,0.0,0.0,0.0,0.0,0.0,0.0,0.0,0.0,0.0,0.0,0.0,0.0,0.0,0.0,0.0,0.0,0.0,0.0,0.0,0.0,0.0,0.0,0.0,0.0,0.0,0.0,0.0,0.0,0.0,0.0,0.0,0.0,0.0,0.0,0.0,0.0,0.0,0.0,0.0,0.0,0.0,0.0,0.0,0.0,0.0,0.0,0.0,0.0,0.0,0.0,0.0,0.0,0.0,0.0,0.0,0.0
34,1133,False,0.0,0.0,0.0,0.0,0.0,0.0,0.0,0.0,0.0,0.0,0.0,0.0,0.0,0.0,0.0,0.0,0.0,0.0,0.0,0.0,0.0,0.0,0.0,0.0,0.0,0.0,0.0,0.0,0.0,0.0,0.0,0.0,0.0,0.0,0.0,0.0,0.0,0.0,0.0,0.0,0.0,0.0,0.0,0.0,0.0,0.0,0.0,0.0,0.0,0.0,0.0,0.0,0.0,0.0,0.0,0.0,0.0,0.0,0.0,0.0,0.0,0.0,0.0,0.0,0.0
35,1166,False,0.0,0.0,0.0,0.0,0.0,0.0,0.0,0.0,0.0,0.0,0.0,0.0,0.0,0.0,0.0,0.0,0.0,0.0,0.0,0.0,0.0,0.0,0.0,0.0,0.0,0.0,0.0,0.0,0.0,0.0,0.0,0.0,0.0,0.0,0.0,0.0,0.0,0.0,0.0,0.0,0.0,0.0,0.0,0.0,0.0,0.0,0.0,0.0,0.0,0.0,0.0,0.0,0.0,0.0,0.0,0.0,0.0,0.0,0.0,0.0,0.0,0.0,0.0,0.0,0.0
36,1200,False,0.0,0.0,0.0,0.0,0.0,0.0,0.0,0.0,0.0,0.0,0.0,0.0,0.0,0.0,0.0,0.0,0.0,0.0,0.0,0.0,0.0,0.0,0.0,0.0,0.0,0.0,0.0,0.0,0.0,0.0,0.0,0.0,0.0,0.0,0.0,0.0,0.0,0.0,0.0,0.0,0.0,0.0,0.0,0.0,0.0,0.0,0.0,0.0,0.0,0.0,0.0,0.0,0.0,0.0,0.0,0.0,0.0,0.0,0.0,0.0,0.0,0.0,0.0,0.0,0.0
37,1233,False,0.0,0.0,0.0,0.0,0.0,0.0,0.0,0.0,0.0,0.0,0.0,0.0,0.0,0.0,0.0,0.0,0.0,0.0,0.0,0.0,0.0,0.0,0.0,0.0,0.0,0.0,0.0,0.0,0.0,0.0,0.0,0.0,0.0,0.0,0.0,0.0,0.0,0.0,0.0,0.0,0.0,0.0,0.0,0.0,0.0,0.0,0.0,0.0,0.0,0.0,0.0,0.0,0.0,0.0,0.0,0.0,0.0,0.0,0.0,0.0,0.0,0.0,0.0,0.0,0.0
38,1266,False,0.0,0.0,0.0,0.0,0.0,0.0,0.0,0.0,0.0,0.0,0.0,0.0,0.0,0.0,0.0,0.0,0.0,0.0,0.0,0.0,0.0,0.0,0.0,0.0,0.0,0.0,0.0,0.0,0.0,0.0,0.0,0.0,0.0,0.0,0.0,0.0,0.0,0.0,0.0,0.0,0.0,0.0,0.0,0.0,0.0,0.0,0.0,0.0,0.0,0.0,0.0,0.0,0.0,0.0,0.0,0.0,0.0,0.0,0.0,0.0,0.0,0.0,0.0,0.0,0.0
39,1300,False,0.0,0.0,0.0,0.0,0.0,0.0,0.0,0.0,0.0,0.0,0.0,0.0,0.0,0.0,0.0,0.0,0.0,0.0,0.0,0.0,0.0,0.0,0.0,0.0,0.0,0.0,0.0,0.0,0.0,0.0,0.0,0.0,0.0,0.0,0.0,0.0,0.0,0.0,0.0,0.0,0.0,0.0,0.0,0.0,0.0,0.0,0.0,0.0,0.0,0.0,0.0,0.0,0.0,0.0,0.0,0.0,0.0,0.0,0.0,0.0,0.0,0.0,0.0,0.0,0.0
40,1333,False,0.0,0.0,0.0,0.0,0.0,0.0,0.0,0.0,0.0,0.0,0.0,0.0,0.0,0.0,0.0,0.0,0.0,0.0,0.0,0.0,0.0,0.0,0.0,0.0,0.0,0.0,0.0,0.0,0.0,0.0,0.0,0.0,0.0,0.0,0.0,0.0,0.0,0.0,0.0,0.0,0.0,0.0,0.0,0.0,0.0,0.0,0.0,0.0,0.0,0.0,0.0,0.0,0.0,0.0,0.0,0.0,0.0,0.0,0.0,0.0,0.0,0.0,0.0,0.0,0.0
41,1366,False,0.0,0.0,0.0,0.0,0.0,0.0,0.0,0.0,0.0,0.0,0.0,0.0,0.0,0.0,0.0,0.0,0.0,0.0,0.0,0.0,0.0,0.0,0.0,0.0,0.0,0.0,0.0,0.0,0.0,0.0,0.0,0.0,0.0,0.0,0.0,0.0,0.0,0.0,0.0,0.0,0.0,0.0,0.0,0.0,0.0,0.0,0.0,0.0,0.0,0.0,0.0,0.0,0.0,0.0,0.0,0.0,0.0,0.0,0.0,0.0,0.0,0.0,0.0,0.0,0.0
42,1400,False,0.0,0.0,0.0,0.0,0.0,0.0,0.0,0.0,0.0,0.0,0.0,0.0,0.0,0.0,0.0,0.0,0.0,0.0,0.0,0.0,0.0,0.0,0.0,0.0,0.0,0.0,0.0,0.0,0.0,0.0,0.0,0.0,0.0,0.0,0.0,0.0,0.0,0.0,0.0,0.0,0.0,0.0,0.0,0.0,0.0,0.0,0.0,0.0,0.0,0.0,0.0,0.0,0.0,0.0,0.0,0.0,0.0,0.0,0.0,0.0,0.0,0.0,0.0,0.0,0.0
43,1433,False,0.0,0.0,0.0,0.0,0.0,0.0,0.0,0.0,0.0,0.0,0.0,0.0,0.0,0.0,0.0,0.0,0.0,0.0,0.0,0.0,0.0,0.0,0.0,0.0,0.0,0.0,0.0,0.0,0.0,0.0,0.0,0.0,0.0,0.0,0.0,0.0,0.0,0.0,0.0,0.0,0.0,0.0,0.0,0.0,0.0,0.0,0.0,0.0,0.0,0.0,0.0,0.0,0.0,0.0,0.0,0.0,0.0,0.0,0.0,0.0,0.0,0.0,0.0,0.0,0.0
44,1466,False,0.0,0.0,0.0,0.0,0.0,0.0,0.0,0.0,0.0,0.0,0.0,0.0,0.0,0.0,0.0,0.0,0.0,0.0,0.0,0.0,0.0,0.0,0.0,0.0,0.0,0.0,0.0,0.0,0.0,0.0,0.0,0.0,0.0,0.0,0.0,0.0,0.0,0.0,0.0,0.0,0.0,0.0,0.0,0.0,0.0,0.0,0.0,0.0,0.0,0.0,0.0,0.0,0.0,0.0,0.0,0.0,0.0,0.0,0.0,0.0,0.0,0.0,0.0,0.0,0.0
45,1500,True,0.9786,0.9786,0.286068,1.033634,0.0,0.33452,0.99867,-0.006202,0.393606,0.971816,-0.019273,0.444374,0.962783,-0.033066,0.483157,0.963266,-0.045616,0.366773,0.909432,-0.03638,0.378159,0.829921,-0.065289,0.385361,0.773062,-0.088804,0.389481,0.725362,-0.103204,0.349424,0.931017,-0.045085,0.403559,0.935108,-0.061472,0.43753,0.959983,-0.068095,0.454861,0.977704,-0.07472,0.333553,0.975172,-0.053536,0.391528,0.995384,-0.064917,0.412577,1.025391,-0.054262,0.418043,1.039856,-0.047109,0.324443,1.023671,-0.063334,0.372844,1.039218,-0.069333,0.395808,1.06175,-0.05642,0.407166,1.076726,-0.046326
46,1533,True,0.9991,0.9991,0.329495,1.075118,0.0,0.38769,1.032074,-3e-05,0.426199,0.990134,-0.014666,0.452599,0.963731,-0.032442,0.479378,0.94981,-0.050066,0.388008,0.892186,-0.03199,0.388987,0.815273,-0.064115,0.387678,0.75459,-0.090104,0.384813,0.706807,-0.107613,0.357312,0.895883,-0.046564,0.426573,0.92187,-0.079113,0.443348,0.974619,-0.089446,0.440123,1.011711,-0.093286,0.333608,0.923077,-0.060504,0.409752,0.961975,-0.084766,0.424132,1.008223,-0.073078,0.418729,1.03404,-0.061591,0.317255,0.960043,-0.075193,0.373156,0.973504,-0.088537,0.393251,1.000929,-0.074723,0.397651,1.018515,-0.061555
47,1566,True,0.999,0.999,0.337473,1.070359,0.0,0.386853,1.027736,-0.004796,0.422788,0.978156,-0.022517,0.451055,0.951704,-0.043648,0.483686,0.936935,-0.064869,0.380977,0.874706,-0.035304,0.386149,0.79836,-0.062888,0.385368,0.739621,-0.081359,0.382622,0.690747,-0.094819,0.348512,0.884915,-0.049732,0.433433,0.911997,-0.084875,0.45104,0.976606,-0.090172,0.445699,1.013493,-0.088979,0.326184,0.922419,-0.063597,0.413438,0.957316,-0.092818,0.424255,1.008462,-0.077761,0.416021,1.033908,-0.062749,0.312352,0.970043,-0.078669,0.380487,0.98344,-0.094432,0.392323,1.016176,-0.078274,0.384913,1.034612,-0.062926
48,1600,True,0.9986,0.9986,0.339231,1.074473,0.0,0.392144,1.029832,-0.006366,0.427092,0.975147,-0.023345,0.453232,0.943327,-0.044405,0.485473,0.918004,-0.065411,0.382851,0.863974,-0.02938,0.38818,0.787489,-0.058003,0.387754,0.72844,-0.076151,0.38587,0.676535,-0.089013,0.350731,0.872198,-0.043366,0.435993,0.89737,-0.083659,0.452681,0.969925,-0.090749,0.445837,1.012038,-0.088268,0.328141,0.907931,-0.057601,0.416832,0.942259,-0.093939,0.429174,1.003313,-0.081348,0.421064,1.035971,-0.064838,0.313491,0.955661,-0.073054,0.379949,0.96882,-0.095345,0.394932,1.007309,-0.082795,0.389749,1.031179,-0.067601
49,1633,True,0.9981,0.9981,0.360745,1.07193,0.0,0.404233,1.023004,-0.003435,0.43395,0.961753,-0.020414,0.459719,0.925846,-0.042189,0.491485,0.899701,-0.064176,0.384342,0.850794,-0.02768,0.386971,0.770286,-0.056523,0.386317,0.711724,-0.074678,0.384196,0.660271,-0.087066,0.352899,0.861251,-0.04328,0.43682,0.877907,-0.084034,0.456461,0.952602,-0.089511,0.450086,0.99558,-0.085107,0.331119,0.896897,-0.058931,0.417015,0.91611,-0.097002,0.43441,0.981408,-0.083241,0.429037,1.018483,-0.064683,0.316858,0.944985,-0.075255,0.382114,0.946481,-0.099317,0.403754,0.990959,-0.085344,0.403527,1.022396,-0.067992
50,1666,True,0.9973,0.9973,0.353915,1.06248,-0.0,0.402563,1.011372,-0.003118,0.436363,0.949248,-0.018394,0.464134,0.912791,-0.038696,0.492872,0.886979,-0.059587,0.387551,0.835018,-0.025587,0.390061,0.753604,-0.052274,0.389054,0.696636,-0.069185,0.38637,0.644088,-0.081263,0.355619,0.846727,-0.04097,0.438722,0.858863,-0.080113,0.460988,0.932968,-0.086659,0.454701,0.979149,-0.083642,0.333606,0.883549,-0.056267,0.418406,0.89695,-0.092102,0.438129,0.959092,-0.080252,0.432618,0.996539,-0.06371,0.318593,0.931568,-0.072358,0.382125,0.92705,-0.095111,0.405248,0.964678,-0.083159,0.405443,0.993137,-0.067778
51,1700,True,0.9972,0.9972,0.367151,1.05997,-0.0,0.413576,1.005529,-0.00357,0.444647,0.936366,-0.017189,0.471486,0.895166,-0.035322,0.496434,0.86867,-0.053255,0.390885,0.824276,-0.022381,0.391339,0.742509,-0.047818,0.388613,0.684187,-0.064753,0.384969,0.633247,-0.076867,0.359721,0.837065,-0.037401,0.439952,0.845863,-0.075156,0.461801,0.918224,-0.081134,0.457293,0.965812,-0.077738,0.337844,0.872134,-0.052795,0.41961,0.882679,-0.086348,0.439236,0.943281,-0.073845,0.435657,0.981476,-0.057346,0.323256,0.918535,-0.069359,0.383991,0.910535,-0.089712,0.406495,0.94814,-0.076805,0.407327,0.978341,-0.061255
52,1733,True,0.9958,0.9958,0.358201,1.055558,-0.0,0.413395,0.99501,-0.004667,0.444258,0.92775,-0.018751,0.467143,0.881292,-0.038152,0.491939,0.84762,-0.05718,0.390683,0.813629,-0.015895,0.393928,0.73063,-0.040636,0.390567,0.671587,-0.057441,0.385324,0.618775,-0.069662,0.358956,0.823745,-0.030065,0.438103,0.830168,-0.068154,0.460323,0.900689,-0.075706,0.456834,0.946733,-0.073139,0.337992,0.856066,-0.045069,0.419907,0.867512,-0.079059,0.437849,0.927638,-0.067154,0.434192,0.966534,-0.050649,0.323788,0.899493,-0.061518,0.385303,0.895965,-0.081493,0.406685,0.93389,-0.069169,0.407948,0.962619,-0.053801
53,1766,True,0.996,0.996,0.358039,1.045203,-0.0,0.412844,0.980551,-0.004077,0.443002,0.911487,-0.018548,0.465016,0.866076,-0.038403,0.490158,0.831034,-0.057787,0.388824,0.798111,-0.015358,0.394717,0.715784,-0.040016,0.39079,0.656411,-0.056851,0.38449,0.604068,-0.069129,0.357717,0.808871,-0.029886,0.437368,0.814227,-0.068217,0.459834,0.884574,-0.07607,0.457386,0.929925,-0.073787,0.337035,0.841237,-0.045137,0.41852,0.848383,-0.079815,0.437085,0.910635,-0.067628,0.434104,0.951621,-0.050916,0.323807,0.884223,-0.06171,0.385127,0.876543,-0.083011,0.406998,0.916845,-0.070584,0.40831,0.947741,-0.054945
54,1800,True,0.996,0.996,0.353386,1.035259,-0.0,0.410574,0.96761,-0.002979,0.442012,0.897177,-0.016669,0.464037,0.849251,-0.036471,0.487378,0.81445,-0.05595,0.387167,0.786701,-0.012188,0.393608,0.704638,-0.036308,0.390574,0.644517,-0.052601,0.385053,0.592553,-0.064369,0.356507,0.796681,-0.027292,0.436896,0.799128,-0.066717,0.460342,0.868812,-0.07487,0.458992,0.917284,-0.072023,0.336345,0.827748,-0.04321,0.418475,0.833032,-0.078362,0.436837,0.895624,-0.066617,0.434489,0.940008,-0.049499,0.323544,0.868976,-0.060487,0.385319,0.860977,-0.081915,0.406311,0.9006,-0.070367,0.407699,0.932968,-0.055022
55,1833,True,0.9965,0.9965,0.349221,1.020489,-0.0,0.407808,0.953844,-0.002689,0.439513,0.884419,-0.016125,0.460122,0.837517,-0.035668,0.484895,0.800152,-0.054849,0.387589,0.774328,-0.012678,0.393141,0.692739,-0.036201,0.388903,0.633097,-0.05179,0.382538,0.580566,-0.063169,0.357161,0.783876,-0.027539,0.437127,0.786563,-0.066066,0.459029,0.856767,-0.073993,0.456674,0.904017,-0.071433,0.336561,0.813964,-0.043055,0.417693,0.818959,-0.078413,0.434765,0.882577,-0.066822,0.430999,0.926718,-0.049956,0.322843,0.854081,-0.05971,0.38449,0.843729,-0.081854,0.404531,0.884762,-0.070372,0.404202,0.918773,-0.055126
56,1866,True,0.997,0.997,0.347924,1.005683,-0.0,0.404694,0.942065,-0.003514,0.43717,0.87552,-0.017379,0.458859,0.830308,-0.036962,0.479622,0.786137,-0.056087,0.387326,0.766047,-0.01577,0.391355,0.684013,-0.039859,0.386456,0.623441,-0.055005,0.379951,0.571059,-0.065647,0.357333,0.774797,-0.030308,0.435616,0.774344,-0.068415,0.458672,0.8431,-0.075884,0.457758,0.890148,-0.073119,0.335944,0.803285,-0.045482,0.416041,0.806816,-0.080753,0.433634,0.86975,-0.06918,0.429983,0.913174,-0.052449,0.321299,0.84133,-0.061729,0.381486,0.829751,-0.084242,0.401568,0.870453,-0.072752,0.400918,0.904644,-0.057478
57,1900,True,0.9974,0.9974,0.349229,0.991935,-0.0,0.403845,0.931444,-0.003855,0.436502,0.863923,-0.017196,0.458191,0.818788,-0.035835,0.475112,0.774988,-0.054062,0.382981,0.754524,-0.015774,0.384783,0.67356,-0.038526,0.381132,0.614185,-0.052748,0.37677,0.563161,-0.06276,0.353853,0.763421,-0.029796,0.432245,0.760997,-0.066788,0.4558,0.829818,-0.074268,0.454243,0.876262,-0.071524,0.333207,0.791832,-0.044301,0.413284,0.792853,-0.079454,0.43123,0.855595,-0.068921,0.426505,0.897757,-0.052885,0.319208,0.829902,-0.059622,0.379852,0.816428,-0.082907,0.399723,0.859069,-0.071942,0.398192,0.894162,-0.056927
58,1933,True,0.9972,0.9972,0.348325,0.983139,-0.0,0.401428,0.923606,-0.004199,0.434144,0.855518,-0.016452,0.455899,0.810707,-0.034087,0.472645,0.768548,-0.051117,0.381727,0.747312,-0.013704,0.383299,0.665022,-0.036197,0.37903,0.60665,-0.049916,0.37505,0.556655,-0.059359,0.352626,0.755914,-0.02708,0.428287,0.75198,-0.064513,0.451199,0.819683,-0.072008,0.450774,0.866671,-0.068889,0.331042,0.783513,-0.04124,0.4094,0.783156,-0.076534,0.426779,0.845306,-0.066363,0.42284,0.888342,-0.050243,0.315448,0.821186,-0.056325,0.375537,0.807184,-0.079466,0.395295,0.848173,-0.069255,0.394409,0.882344,-0.054647
59,1966,True,0.9973,0.9973,0.343162,0.978642,-0.0,0.396973,0.917866,-0.004064,0.430782,0.850826,-0.016329,0.452597,0.805481,-0.034056,0.468342,0.761026,-0.051206,0.376184,0.743685,-0.013135,0.376963,0.660953,-0.036085,0.373304,0.602591,-0.050221,0.3705,0.552348,-0.059836,0.34736,0.751453,-0.026592,0.423981,0.744658,-0.064353,0.44708,0.811772,-0.072258,0.446481,0.859176,-0.069296,0.326116,0.778096,-0.040905,0.405687,0.777034,-0.076656,0.422975,0.839359,-0.066944,0.418962,0.88276,-0.050851,0.310718,0.814706,-0.056076,0.370434,0.800707,-0.079321,0.390962,0.841211,-0.069333,0.391357,0.875363,-0.054746
60,2000,True,0.9973,0.9973,0.339937,0.975018,-0.0,0.394018,0.913993,-0.003467,0.427356,0.846853,-0.01503,0.44912,0.801325,-0.032206,0.464232,0.758425,-0.04871,0.373338,0.739956,-0.01107,0.374807,0.658253,-0.033555,0.371884,0.600196,-0.047681,0.36902,0.550811,-0.057345,0.345115,0.747317,-0.024735,0.420228,0.742047,-0.061918,0.442588,0.809063,-0.069595,0.441521,0.856315,-0.066562,0.324567,0.773208,-0.039347,0.4021,0.773482,-0.074015,0.417522,0.835165,-0.063851,0.412466,0.877929,-0.047742,0.309674,0.808924,-0.054941,0.368619,0.79686,-0.077057,0.386718,0.837097,-0.066691,0.385109,0.870341,-0.052108
61,2033,True,0.9969,0.9969,0.335653,0.973018,-0.0,0.391332,0.911574,-0.003516,0.425204,0.845656,-0.015376,0.447044,0.800463,-0.032844,0.462727,0.75712,-0.049572,0.370773,0.73819,-0.010983,0.372736,0.657619,-0.033938,0.370439,0.599909,-0.048591,0.36826,0.549828,-0.058785,0.342566,0.745153,-0.024766,0.418105,0.741832,-0.062206,0.438548,0.80919,-0.070321,0.435764,0.855574,-0.0678,0.322178,0.771143,-0.039534,0.400338,0.774581,-0.074575,0.414301,0.836292,-0.06458,0.407959,0.877591,-0.048655,0.307538,0.807282,-0.055285,0.367451,0.797187,-0.077509,0.384244,0.837134,-0.067233,0.381027,0.868964,-0.052839
62,2066,True,0.9974,0.9974,0.334554,0.973976,-0.0,0.390532,0.913545,-0.004131,0.424597,0.848334,-0.016163,0.445865,0.802787,-0.033676,0.460635,0.758957,-0.050499,0.370075,0.742561,-0.011791,0.371613,0.660359,-0.035198,0.369517,0.60275,-0.050071,0.367452,0.552405,-0.060377,0.342083,0.750146,-0.025427,0.416378,0.742104,-0.062694,0.43679,0.808668,-0.070729,0.433278,0.854151,-0.068378,0.321727,0.775266,-0.040149,0.398608,0.773392,-0.075055,0.412307,0.835079,-0.064693,0.405069,0.875785,-0.048738,0.307008,0.810211,-0.055872,0.366386,0.796451,-0.077844,0.382816,0.836778,-0.067028,0.378458,0.868818,-0.052494
63,2100,True,0.9977,0.9977,0.33332,0.975191,-0.0,0.387992,0.916012,-0.004757,0.421647,0.852194,-0.017285,0.442788,0.807205,-0.035177,0.457193,0.763967,-0.052295,0.367863,0.743972,-0.011138,0.36947,0.662818,-0.034428,0.367991,0.606186,-0.049631,0.366747,0.556459,-0.060271,0.33952,0.75155,-0.024532,0.412869,0.745024,-0.061369,0.431158,0.811752,-0.069899,0.425988,0.855862,-0.068133,0.318751,0.776936,-0.039101,0.394405,0.77558,-0.074039,0.406973,0.836586,-0.064349,0.399098,0.875981,-0.048981,0.303354,0.812398,-0.054656,0.362806,0.799914,-0.076854,0.379124,0.840688,-0.066391,0.374943,0.87212,-0.052141
64,2133,True,0.9977,0.9977,0.331506,0.977433,-0.0,0.386635,0.918513,-0.005189,0.419866,0.856445,-0.018598,0.440504,0.812269,-0.037231,0.45488,0.768814,-0.055217,0.364523,0.746506,-0.012746,0.367954,0.666703,-0.036622,0.367302,0.61061,-0.052198,0.365964,0.56103,-0.063141,0.335735,0.754266,-0.026453,0.410217,0.747196,-0.063002,0.427807,0.813924,-0.071418,0.42128,0.856121,-0.069839,0.314832,0.780674,-0.041291,0.390567,0.779818,-0.076179,0.403317,0.839993,-0.066452,0.395317,0.877066,-0.051361,0.299697,0.817463,-0.05713,0.358324,0.806354,-0.079077,0.375561,0.846699,-0.06824,0.372162,0.87698,-0.053953
65,2166,True,0.9975,0.9975,0.331186,0.980068,-0.0,0.385333,0.920928,-0.006077,0.417811,0.859953,-0.019976,0.438468,0.816481,-0.038893,0.452677,0.772088,-0.057174,0.361716,0.750228,-0.014215,0.36603,0.671079,-0.038533,0.364799,0.615519,-0.054642,0.362176,0.566404,-0.065928,0.33285,0.758175,-0.027655,0.40683,0.753229,-0.064325,0.425254,0.818186,-0.073295,0.419346,0.859381,-0.072364,0.311849,0.785509,-0.042266,0.387431,0.785912,-0.077083,0.400594,0.844816,-0.067626,0.392912,0.881283,-0.052913,0.29676,0.823283,-0.058018,0.353971,0.811571,-0.080106,0.372035,0.850719,-0.069472,0.369927,0.88128,-0.055363
66,2200,True,0.9969,0.9969,0.329164,0.982456,-0.0,0.383241,0.923394,-0.006492,0.414992,0.862726,-0.020732,0.434828,0.819563,-0.040045,0.45059,0.776366,-0.058718,0.358406,0.754334,-0.013771,0.360357,0.67558,-0.038547,0.358832,0.619429,-0.055116,0.356199,0.569772,-0.066683,0.330021,0.761792,-0.026928,0.404351,0.75827,-0.064351,0.421263,0.823492,-0.073806,0.413691,0.863837,-0.072894,0.309497,0.788623,-0.041321,0.385674,0.791297,-0.07696,0.397424,0.849948,-0.067922,0.388275,0.885295,-0.053125,0.294069,0.825905,-0.05687,0.351623,0.816161,-0.079507,0.369663,0.855065,-0.06921,0.367648,0.884594,-0.055049
67,2233,True,0.9973,0.9973,0.325923,0.985557,-0.0,0.379497,0.927108,-0.006151,0.411227,0.865736,-0.020152,0.431078,0.822192,-0.039282,0.447372,0.779274,-0.057872,0.355719,0.758979,-0.01329,0.358842,0.679449,-0.037618,0.357384,0.623726,-0.053454,0.35423,0.574691,-0.064437,0.327139,0.767079,-0.026528,0.401041,0.761185,-0.063949,0.418027,0.827487,-0.072679,0.411012,0.868526,-0.071009,0.306584,0.793762,-0.041011,0.382963,0.7941,-0.076507,0.3945,0.853488,-0.067076,0.385914,0.889212,-0.051959,0.291643,0.830542,-0.056603,0.349345,0.820552,-0.078843,0.367134,0.859878,-0.068432,0.365571,0.889146,-0.054271
68,2266,True,0.9971,0.9971,0.324582,0.988665,-0.0,0.377904,0.929558,-0.005693,0.408842,0.867617,-0.019204,0.428325,0.824173,-0.037713,0.445723,0.78259,-0.055702,0.353626,0.762122,-0.01314,0.355883,0.683843,-0.03737,0.354151,0.628287,-0.053396,0.350995,0.579639,-0.064597,0.325528,0.770393,-0.026432,0.398518,0.765521,-0.063098,0.415393,0.831583,-0.071579,0.408549,0.872502,-0.070089,0.305295,0.797678,-0.040947,0.380162,0.798169,-0.075604,0.391631,0.856409,-0.065956,0.383171,0.891603,-0.051073,0.290445,0.835082,-0.056592,0.346144,0.824987,-0.078225,0.363939,0.862747,-0.067636,0.362565,0.891335,-0.05361
69,2300,True,0.9973,0.9973,0.324153,0.991929,-0.0,0.378435,0.931395,-0.005391,0.408659,0.869964,-0.019001,0.428268,0.82659,-0.037614,0.445793,0.785213,-0.055598,0.352253,0.766079,-0.013772,0.354125,0.688532,-0.038428,0.352295,0.633059,-0.054744,0.348534,0.584313,-0.066168,0.32437,0.774817,-0.027484,0.398745,0.769708,-0.064276,0.415669,0.835358,-0.072619,0.407919,0.875596,-0.07108,0.304881,0.802298,-0.042395,0.38152,0.803781,-0.076693,0.392559,0.861758,-0.06651,0.382888,0.895824,-0.05141,0.291365,0.840151,-0.058503,0.348251,0.830541,-0.079294,0.365181,0.867804,-0.068002,0.361968,0.895745,-0.053702
70,2333,True,0.9975,0.9975,0.324046,0.994914,-0.0,0.37747,0.934456,-0.005864,0.407842,0.873052,-0.020032,0.427387,0.829926,-0.039064,0.444032,0.787328,-0.057465,0.351213,0.769969,-0.015071,0.353102,0.692852,-0.040272,0.350962,0.637278,-0.056865,0.347087,0.588338,-0.068371,0.323163,0.778695,-0.028567,0.398591,0.773084,-0.065729,0.415357,0.83882,-0.074097,0.407514,0.879349,-0.072419,0.303894,0.806176,-0.043217,0.381486,0.807397,-0.077769,0.392422,0.865696,-0.06748,0.382905,0.899891,-0.052175,0.290982,0.843769,-0.05908,0.348753,0.834668,-0.080211,0.365586,0.872535,-0.06897,0.362614,0.900604,-0.054552
71,2366,True,0.9977,0.9977,0.323192,0.997245,-0.0,0.376827,0.936771,-0.005199,0.407203,0.875615,-0.019156,0.426945,0.832069,-0.038093,0.443823,0.791118,-0.056539,0.348954,0.773995,-0.015117,0.351455,0.696491,-0.039792,0.349966,0.641176,-0.055976,0.34667,0.592499,-0.067199,0.320746,0.783549,-0.028742,0.396902,0.777026,-0.065108,0.414457,0.842016,-0.073071,0.407418,0.883069,-0.071246,0.302085,0.811635,-0.043355,0.380356,0.812802,-0.077154,0.39167,0.870677,-0.066885,0.382834,0.905657,-0.051725,0.290471,0.849223,-0.059124,0.348556,0.840507,-0.079759,0.36563,0.878581,-0.068568,0.363293,0.907497,-0.054266
72,2400,True,0.9972,0.9972,0.322312,0.99766,-0.0,0.377618,0.93798,-0.004538,0.40862,0.876153,-0.01777,0.429234,0.832498,-0.036212,0.444427,0.794912,-0.054285,0.34969,0.774547,-0.014354,0.352743,0.697684,-0.038948,0.350706,0.64284,-0.054916,0.346457,0.594264,-0.066127,0.321342,0.784205,-0.028248,0.397243,0.779373,-0.065213,0.414759,0.845957,-0.072531,0.407932,0.886243,-0.070054,0.302639,0.812899,-0.043202,0.381194,0.814697,-0.077308,0.393063,0.873439,-0.06637,0.384821,0.907978,-0.05066,0.291496,0.851232,-0.059358,0.349369,0.842799,-0.079916,0.366223,0.880533,-0.068636,0.363951,0.908211,-0.054367
73,2433,True,0.9972,0.9972,0.323252,0.999007,-0.0,0.378307,0.938687,-0.005101,0.408423,0.877531,-0.019207,0.428753,0.834377,-0.038409,0.444859,0.79663,-0.057154,0.349282,0.777705,-0.015578,0.353013,0.699992,-0.040926,0.351555,0.645054,-0.057482,0.347519,0.596104,-0.069149,0.321004,0.787605,-0.029546,0.397463,0.781277,-0.06673,0.414797,0.847538,-0.07438,0.40683,0.88663,-0.072456,0.302473,0.815887,-0.044638,0.381888,0.815738,-0.079037,0.393636,0.874531,-0.068217,0.384293,0.908078,-0.052833,0.291661,0.853484,-0.060957,0.350633,0.844338,-0.081726,0.36752,0.881774,-0.070531,0.364402,0.908587,-0.056531
74,2466,True,0.9974,0.9974,0.322624,0.998111,-0.0,0.377785,0.938183,-0.004305,0.408538,0.877355,-0.017785,0.428839,0.834682,-0.03655,0.444957,0.796751,-0.054872,0.349365,0.776323,-0.014719,0.353256,0.698227,-0.039425,0.351849,0.643179,-0.055374,0.347787,0.59461,-0.066523,0.32086,0.785904,-0.028714,0.397787,0.782992,-0.06541,0.414564,0.849887,-0.072693,0.406052,0.889304,-0.070404,0.302126,0.81452,-0.043725,0.382026,0.817227,-0.077489,0.393299,0.875962,-0.066496,0.383632,0.909527,-0.050976,0.290967,0.852883,-0.059921,0.350457,0.845223,-0.080189,0.367314,0.881998,-0.068833,0.364462,0.908459,-0.0546
75,2500,True,0.9971,0.9971,0.321154,0.99788,-0.0,0.377,0.937387,-0.004232,0.407968,0.876517,-0.017725,0.428283,0.833935,-0.036484,0.445023,0.794906,-0.05478,0.349337,0.776134,-0.014821,0.353342,0.698926,-0.039739,0.351725,0.644154,-0.055752,0.34743,0.595609,-0.066957,0.321004,0.785615,-0.028937,0.398048,0.781521,-0.065711,0.415503,0.848062,-0.072866,0.407769,0.887562,-0.070482,0.302532,0.814153,-0.044091,0.382445,0.816293,-0.077873,0.393734,0.874904,-0.066657,0.384147,0.908547,-0.050982,0.291805,0.852431,-0.060436,0.351455,0.844672,-0.080604,0.367673,0.881468,-0.069111,0.363894,0.907824,-0.054853
76,2533,True,0.9979,0.9979,0.322406,0.996428,-0.0,0.377004,0.93479,-0.003086,0.407054,0.872945,-0.015811,0.427505,0.830111,-0.03386,0.444258,0.791548,-0.051432,0.347511,0.775177,-0.014278,0.351619,0.696552,-0.038196,0.350956,0.640652,-0.05351,0.347853,0.591664,-0.064205,0.319546,0.785219,-0.028644,0.397175,0.780279,-0.06424,0.415988,0.845527,-0.071074,0.409407,0.885719,-0.068729,0.301344,0.813358,-0.04383,0.381609,0.814592,-0.076535,0.393744,0.872691,-0.065299,0.384616,0.907455,-0.049875,0.290816,0.85067,-0.060092,0.350698,0.841451,-0.079544,0.36757,0.878377,-0.067809,0.364312,0.905743,-0.053496
77,2566,True,0.9979,0.9979,0.320615,0.994943,-0.0,0.375411,0.933609,-0.004005,0.406113,0.873199,-0.017639,0.426462,0.831076,-0.036549,0.443541,0.790034,-0.054923,0.345923,0.772816,-0.014548,0.349417,0.695649,-0.038981,0.348162,0.640471,-0.05495,0.344476,0.59178,-0.066147,0.3182,0.782555,-0.028746,0.396197,0.778201,-0.06471,0.414535,0.842601,-0.072413,0.406903,0.881886,-0.070731,0.300467,0.811245,-0.043816,0.380411,0.81262,-0.076965,0.392286,0.870219,-0.066243,0.382503,0.904033,-0.051148,0.290144,0.849431,-0.059997,0.35038,0.841018,-0.079892,0.366609,0.878069,-0.068338,0.362078,0.905041,-0.054073
78,2600,True,0.9977,0.9977,0.320776,0.992567,-0.0,0.376143,0.932235,-0.003617,0.406859,0.870422,-0.016301,0.427732,0.828382,-0.034197,0.443012,0.786772,-0.051621,0.34653,0.770029,-0.014761,0.349986,0.692994,-0.039303,0.348101,0.637247,-0.054979,0.343585,0.58839,-0.065872,0.318818,0.779939,-0.029002,0.396793,0.775206,-0.065818,0.415416,0.841393,-0.073037,0.408333,0.881085,-0.070502,0.300795,0.808708,-0.044119,0.380726,0.810319,-0.078142,0.392902,0.868848,-0.067214,0.383547,0.902749,-0.051527,0.290372,0.847238,-0.060308,0.349896,0.838421,-0.081065,0.366259,0.875557,-0.069777,0.362095,0.902521,-0.055418
79,2633,True,0.9977,0.9977,0.320816,0.99197,-0.0,0.376286,0.930329,-0.002712,0.406512,0.868032,-0.015079,0.427272,0.82542,-0.032852,0.444328,0.785084,-0.05018,0.346258,0.768805,-0.013504,0.350482,0.69215,-0.037692,0.349059,0.636941,-0.053119,0.344863,0.588321,-0.06394,0.318801,0.778744,-0.028206,0.396994,0.772454,-0.064741,0.415446,0.839112,-0.071787,0.40795,0.879169,-0.069211,0.301005,0.807089,-0.043762,0.381272,0.806869,-0.077754,0.393648,0.866003,-0.06674,0.384221,0.900698,-0.051007,0.290611,0.845136,-0.060279,0.350627,0.83504,-0.081069,0.36724,0.87255,-0.069752,0.363059,0.900026,-0.055421
80,2666,True,0.9979,0.9979,0.322928,0.990632,-0.0,0.377528,0.929474,-0.002456,0.40784,0.86677,-0.014722,0.428765,0.823789,-0.032506,0.444363,0.782528,-0.049834,0.347093,0.767912,-0.0135,0.350416,0.690004,-0.037933,0.348996,0.634067,-0.053227,0.344878,0.585306,-0.063794,0.31996,0.778358,-0.028408,0.398842,0.770131,-0.065512,0.417575,0.836821,-0.072347,0.409795,0.87672,-0.069303,0.302402,0.806476,-0.044173,0.383368,0.805002,-0.078301,0.395776,0.8636,-0.06697,0.38565,0.897703,-0.050892,0.292018,0.844163,-0.060891,0.353241,0.832902,-0.081671,0.369236,0.870273,-0.070086,0.363443,0.897424,-0.055487
81,2700,True,0.9981,0.9981,0.324438,0.989479,-0.0,0.379114,0.9268,-0.001577,0.408877,0.863823,-0.013828,0.429645,0.820231,-0.031839,0.44625,0.779992,-0.049423,0.347106,0.765321,-0.012272,0.351126,0.688298,-0.035986,0.349874,0.6326,-0.051081,0.345969,0.584372,-0.061661,0.320024,0.776345,-0.027714,0.399637,0.768062,-0.063899,0.418028,0.83303,-0.070943,0.410047,0.872098,-0.068342,0.303126,0.804987,-0.043876,0.384639,0.803378,-0.076946,0.396906,0.860589,-0.065758,0.38684,0.894574,-0.050131,0.293514,0.843086,-0.060994,0.355519,0.831828,-0.080855,0.372017,0.867937,-0.069154,0.366909,0.894693,-0.054689
82,2733,True,0.9977,0.9977,0.326171,0.988496,-0.0,0.381038,0.926259,-0.002058,0.410495,0.862912,-0.014489,0.430666,0.819656,-0.032586,0.448769,0.7792,-0.050159,0.349378,0.764178,-0.012373,0.352818,0.686479,-0.035887,0.351369,0.630988,-0.050629,0.347019,0.582747,-0.060993,0.322818,0.774487,-0.027584,0.402248,0.766353,-0.06358,0.420326,0.83136,-0.070716,0.411721,0.86906,-0.068251,0.3063,0.802421,-0.043509,0.388084,0.802302,-0.076735,0.399208,0.860191,-0.065782,0.387746,0.892588,-0.050333,0.296899,0.839539,-0.060345,0.359108,0.82969,-0.079922,0.374143,0.866815,-0.06802,0.367217,0.892935,-0.053526
83,2766,True,0.9979,0.9979,0.328141,0.989133,-0.0,0.383039,0.925962,-0.001569,0.41239,0.862283,-0.013738,0.432628,0.818356,-0.031674,0.450067,0.777774,-0.049067,0.350201,0.764238,-0.011752,0.354264,0.685758,-0.035477,0.3539,0.62971,-0.050323,0.350422,0.580878,-0.060689,0.324035,0.774474,-0.027067,0.404875,0.765869,-0.063065,0.422284,0.830816,-0.070085,0.412584,0.868272,-0.067602,0.308108,0.801966,-0.0431,0.391409,0.801677,-0.076553,0.401143,0.859934,-0.065655,0.388504,0.891948,-0.050246,0.299239,0.838552,-0.059959,0.363686,0.829476,-0.079585,0.377216,0.867978,-0.067708,0.368566,0.893964,-0.053287
84,2800,True,0.9978,0.9978,0.332327,0.987504,-0.0,0.386028,0.923744,-0.001891,0.414292,0.859708,-0.014583,0.433795,0.815657,-0.032966,0.452018,0.775893,-0.050613,0.351967,0.76242,-0.012221,0.356334,0.68344,-0.035785,0.356276,0.627393,-0.050735,0.35375,0.578781,-0.061281,0.325953,0.773209,-0.027203,0.406614,0.764059,-0.063309,0.424673,0.826816,-0.070799,0.416815,0.865109,-0.068848,0.310545,0.800584,-0.042826,0.394126,0.798635,-0.075647,0.40412,0.85543,-0.064678,0.392701,0.888363,-0.049557,0.302387,0.836585,-0.059351,0.368871,0.825963,-0.078416,0.382086,0.864341,-0.066583,0.373959,0.890406,-0.052413
85,2833,True,0.9974,0.9974,0.335078,0.985446,-0.0,0.389065,0.921455,-0.002922,0.417539,0.857975,-0.016249,0.437467,0.813481,-0.035095,0.455699,0.77309,-0.05312,0.355444,0.759467,-0.013794,0.359463,0.680332,-0.037932,0.358934,0.624328,-0.052971,0.355762,0.575735,-0.063435,0.329092,0.769978,-0.028466,0.409983,0.762921,-0.065023,0.427853,0.827099,-0.072195,0.420023,0.865317,-0.069804,0.313531,0.797773,-0.04388,0.397669,0.799193,-0.077089,0.407647,0.856617,-0.065904,0.396312,0.889185,-0.050434,0.305418,0.834503,-0.060357,0.371676,0.826106,-0.079482,0.385147,0.863693,-0.067574,0.377283,0.889287,-0.053199
86,2866,True,0.9975,0.9975,0.336136,0.984186,-0.0,0.39062,0.920276,-0.001945,0.419166,0.855782,-0.014974,0.438971,0.811043,-0.033662,0.459139,0.771702,-0.051522,0.35827,0.757277,-0.012776,0.362037,0.678349,-0.036249,0.361586,0.623156,-0.050905,0.358875,0.575341,-0.061275,0.332425,0.767795,-0.027954,0.413685,0.761391,-0.063708,0.430341,0.82486,-0.071006,0.421275,0.861504,-0.069126,0.317112,0.795934,-0.043731,0.40167,0.797489,-0.076507,0.410427,0.854399,-0.065681,0.39783,0.885081,-0.050896,0.309082,0.832787,-0.060403,0.376154,0.825086,-0.07913,0.387887,0.862769,-0.067255,0.378061,0.887046,-0.053292
87,2900,True,0.9978,0.9978,0.338464,0.982071,-0.0,0.393652,0.918531,-0.001187,0.422538,0.853813,-0.013432,0.442322,0.809261,-0.031493,0.462186,0.770686,-0.048819,0.36361,0.753413,-0.011976,0.369909,0.675822,-0.034552,0.36853,0.620836,-0.049,0.364411,0.57258,-0.059481,0.336969,0.763851,-0.027406,0.418018,0.76158,-0.06238,0.434431,0.824372,-0.069813,0.425622,0.860778,-0.06834,0.320763,0.792674,-0.043294,0.4048,0.79625,-0.075702,0.413857,0.853294,-0.06508,0.40164,0.885023,-0.050547,0.311614,0.830329,-0.060042,0.378275,0.822141,-0.07908,0.390974,0.860083,-0.067342,0.382347,0.885815,-0.053393
88,2933,True,0.9978,0.9978,0.339893,0.982805,-0.0,0.396132,0.917808,-0.000202,0.424714,0.852731,-0.012097,0.445197,0.808125,-0.03005,0.46557,0.769804,-0.047401,0.364966,0.754244,-0.01027,0.372287,0.67711,-0.032629,0.371763,0.622239,-0.046958,0.368232,0.573517,-0.057445,0.338704,0.765034,-0.026312,0.420467,0.758121,-0.061121,0.436591,0.821414,-0.068406,0.426936,0.857652,-0.06676,0.323144,0.793019,-0.042858,0.407951,0.794031,-0.075181,0.416795,0.851476,-0.064544,0.404001,0.882596,-0.04998,0.314948,0.829507,-0.060192,0.381793,0.821245,-0.078812,0.394408,0.859908,-0.066922,0.385204,0.885422,-0.053061
89,2966,True,0.9979,0.9979,0.342106,0.981639,-0.0,0.398018,0.916911,-0.000807,0.427308,0.852491,-0.012939,0.447545,0.808438,-0.030995,0.467115,0.768849,-0.048373,0.368698,0.75371,-0.011298,0.376003,0.676325,-0.033652,0.37508,0.621149,-0.048149,0.371163,0.572023,-0.058868,0.341733,0.763871,-0.027014,0.423114,0.758689,-0.061363,0.439612,0.820617,-0.068791,0.430683,0.85573,-0.067747,0.325526,0.791794,-0.043219,0.409254,0.793184,-0.075008,0.418166,0.849548,-0.064209,0.405746,0.880698,-0.049945,0.316644,0.828358,-0.060319,0.382605,0.818321,-0.07913,0.395659,0.855779,-0.067334,0.387214,0.881383,-0.053628
90,3000,True,0.9979,0.9979,0.344471,0.97991,-0.0,0.399559,0.915941,-0.00076,0.428359,0.850975,-0.012786,0.447989,0.806558,-0.030672,0.468696,0.768223,-0.047938,0.373974,0.750726,-0.011578,0.381626,0.673486,-0.033513,0.379398,0.619328,-0.047641,0.374375,0.570722,-0.058154,0.346353,0.761016,-0.027187,0.425108,0.759973,-0.06098,0.441215,0.822425,-0.068037,0.433337,0.857201,-0.066921,0.328956,0.789594,-0.043211,0.41091,0.793657,-0.074705,0.419479,0.850887,-0.063611,0.407604,0.882199,-0.049278,0.318786,0.827008,-0.06011,0.383742,0.818701,-0.078712,0.39638,0.856693,-0.066664,0.388003,0.882199,-0.052813
91,3033,True,0.998,0.998,0.34415,0.979318,-0.0,0.400161,0.914398,-1.5e-05,0.429574,0.849503,-0.011877,0.449734,0.805425,-0.029696,0.469268,0.766659,-0.046845,0.375286,0.750129,-0.011247,0.383123,0.673037,-0.033077,0.381269,0.619051,-0.04708,0.376508,0.570797,-0.057565,0.347913,0.760265,-0.027197,0.426416,0.758508,-0.060666,0.442322,0.820221,-0.067585,0.434231,0.854389,-0.066616,0.330518,0.78843,-0.043511,0.412888,0.792008,-0.074549,0.421323,0.848724,-0.063263,0.409179,0.879365,-0.049154,0.320456,0.825525,-0.06065,0.386569,0.818541,-0.078909,0.398612,0.856591,-0.066826,0.389474,0.881343,-0.053219
92,3066,True,0.9981,0.9981,0.345968,0.979276,-0.0,0.400678,0.913274,0.000258,0.429764,0.848336,-0.011163,0.449692,0.804686,-0.028634,0.469363,0.765724,-0.045414,0.37459,0.750446,-0.009562,0.383366,0.674481,-0.03079,0.382653,0.619707,-0.044507,0.379222,0.571218,-0.054672,0.347757,0.760345,-0.025435,0.426428,0.75782,-0.058267,0.443578,0.818789,-0.065191,0.436855,0.854277,-0.064078,0.330944,0.788042,-0.041719,0.412748,0.790622,-0.072262,0.421717,0.846935,-0.061285,0.410579,0.879147,-0.047158,0.321281,0.824605,-0.058835,0.386158,0.816309,-0.076645,0.398646,0.854075,-0.064686,0.390537,0.880252,-0.051069
93,3100,True,0.9979,0.9979,0.345994,0.97708,-0.0,0.400683,0.913212,-0.001054,0.430103,0.847861,-0.012755,0.44987,0.804091,-0.030131,0.470232,0.765401,-0.046746,0.37523,0.748855,-0.011046,0.384345,0.672744,-0.032235,0.382902,0.618328,-0.046059,0.37904,0.569898,-0.056412,0.34843,0.758198,-0.026282,0.427159,0.758217,-0.059549,0.444453,0.819979,-0.066612,0.438493,0.856281,-0.065603,0.331587,0.785939,-0.041957,0.413012,0.788678,-0.072654,0.422551,0.845387,-0.061422,0.412503,0.878405,-0.047191,0.321984,0.822667,-0.058596,0.386055,0.811957,-0.076845,0.399185,0.850175,-0.064769,0.392658,0.877515,-0.050985
94,3133,True,0.9981,0.9981,0.346602,0.975708,-0.0,0.40171,0.912341,-0.00098,0.43094,0.847087,-0.012633,0.45035,0.803655,-0.029936,0.470534,0.76466,-0.046474,0.376413,0.747372,-0.011172,0.385762,0.671827,-0.032412,0.384393,0.617283,-0.046201,0.380125,0.568666,-0.05654,0.349148,0.756665,-0.026412,0.427728,0.756632,-0.059403,0.444637,0.818846,-0.066186,0.438178,0.855111,-0.065052,0.332159,0.784382,-0.042086,0.413308,0.787747,-0.072509,0.422508,0.844354,-0.061151,0.412054,0.877011,-0.046969,0.322675,0.821039,-0.058726,0.387212,0.811325,-0.076763,0.399995,0.849884,-0.064653,0.392868,0.876974,-0.050944
95,3166,True,0.998,0.998,0.346218,0.974338,-0.0,0.401597,0.910784,-0.001147,0.431653,0.845648,-0.012704,0.451595,0.801643,-0.029841,0.470711,0.762417,-0.046317,0.378276,0.746521,-0.01119,0.387173,0.670516,-0.032398,0.385573,0.61623,-0.046091,0.381025,0.567572,-0.056245,0.350707,0.755026,-0.026064,0.428301,0.753794,-0.058849,0.446091,0.816186,-0.065497,0.440545,0.853292,-0.064114,0.333045,0.781929,-0.04137,0.41365,0.785481,-0.071714,0.423555,0.842791,-0.0604,0.413875,0.876552,-0.04606,0.322898,0.81808,-0.057637,0.386739,0.809842,-0.075632,0.400143,0.848906,-0.06363,0.39384,0.876497,-0.049836
96,3200,True,0.9975,0.9975,0.344555,0.973585,-0.0,0.401043,0.909683,-0.000366,0.431163,0.843807,-0.011034,0.450875,0.800589,-0.027509,0.469822,0.762539,-0.043348,0.377448,0.743835,-0.00854,0.386291,0.669338,-0.029094,0.385404,0.615468,-0.042415,0.381972,0.566917,-0.052326,0.350731,0.752076,-0.023399,0.428751,0.751891,-0.056508,0.445012,0.816326,-0.063427,0.438245,0.853967,-0.061754,0.333939,0.77828,-0.038711,0.414614,0.782717,-0.069873,0.424053,0.841665,-0.059072,0.414259,0.876061,-0.044478,0.324394,0.813634,-0.054811,0.388363,0.806115,-0.073481,0.401129,0.847224,-0.061857,0.394707,0.875711,-0.047993
97,3233,True,0.9975,0.9975,0.343863,0.972137,-0.0,0.400429,0.908641,-0.00048,0.430528,0.84351,-0.011486,0.44991,0.80066,-0.028224,0.468314,0.760758,-0.04435,0.375054,0.743058,-0.008988,0.383412,0.668502,-0.029746,0.38382,0.61399,-0.043376,0.381632,0.565309,-0.053456,0.349292,0.751348,-0.02376,0.428417,0.749868,-0.057124,0.44548,0.813933,-0.064459,0.438403,0.851731,-0.063052,0.333487,0.777578,-0.038928,0.414354,0.7804,-0.070447,0.424579,0.838932,-0.05998,0.414696,0.873433,-0.045483,0.324652,0.812581,-0.054782,0.388428,0.80386,-0.073926,0.401475,0.845152,-0.06244,0.394818,0.873989,-0.048557
98,3266,True,0.9975,0.9975,0.34384,0.971381,-0.0,0.399852,0.907774,0.000154,0.430061,0.841997,-0.010428,0.449398,0.799017,-0.026881,0.467949,0.759404,-0.042793,0.374873,0.742044,-0.007879,0.383045,0.667389,-0.027988,0.383692,0.613164,-0.041254,0.38167,0.564859,-0.051121,0.349114,0.750647,-0.022832,0.427022,0.747614,-0.055498,0.444806,0.810217,-0.062917,0.438114,0.848035,-0.061696,0.333359,0.776977,-0.038122,0.413227,0.778719,-0.069201,0.424098,0.836931,-0.059027,0.414424,0.87177,-0.044802,0.324729,0.812018,-0.054024,0.38816,0.802623,-0.073,0.401433,0.843905,-0.061687,0.394517,0.873074,-0.047971
99,3300,True,0.9973,0.9973,0.343263,0.969349,-0.0,0.398942,0.906499,-7e-05,0.429212,0.840495,-0.010854,0.448634,0.797744,-0.027394,0.467127,0.758333,-0.043357,0.373921,0.739609,-0.008676,0.381646,0.66525,-0.028917,0.38245,0.61131,-0.04223,0.38099,0.563581,-0.052153,0.348206,0.748242,-0.023672,0.426291,0.746138,-0.056241,0.44404,0.808805,-0.063583,0.437209,0.846154,-0.062466,0.332321,0.775131,-0.03901,0.412254,0.777032,-0.070163,0.423274,0.834962,-0.060019,0.41347,0.868771,-0.045962,0.323607,0.810943,-0.054951,0.387045,0.80125,-0.074054,0.400417,0.841766,-0.062764,0.393317,0.869958,-0.04917
100,3333,True,0.9975,0.9975,0.342419,0.968707,-0.0,0.397981,0.905244,0.000183,0.428386,0.839597,-0.010604,0.448237,0.797074,-0.027255,0.466779,0.756843,-0.043393,0.373856,0.739107,-0.008195,0.381704,0.664447,-0.028625,0.382285,0.610368,-0.041885,0.380525,0.562536,-0.051644,0.348168,0.747965,-0.023627,0.425903,0.743616,-0.056458,0.443385,0.807019,-0.063816,0.436536,0.844785,-0.062439,0.332277,0.774867,-0.039452,0.412091,0.775531,-0.071207,0.422923,0.834496,-0.061104,0.413193,0.86871,-0.046711,0.323621,0.810774,-0.055817,0.385725,0.799073,-0.07527,0.399514,0.839949,-0.063747,0.39317,0.868952,-0.049779
101,3366,True,0.9976,0.9976,0.341287,0.968302,-0.0,0.396733,0.905088,8.1e-05,0.427065,0.839405,-0.01075,0.447219,0.797023,-0.027333,0.465379,0.756947,-0.043431,0.372562,0.737859,-0.0087,0.381089,0.663422,-0.029105,0.381774,0.608982,-0.042523,0.379562,0.561054,-0.052456,0.3471,0.747272,-0.024191,0.425065,0.743214,-0.056567,0.442632,0.806748,-0.063739,0.435499,0.844151,-0.062476,0.331424,0.775017,-0.040065,0.41102,0.774719,-0.071616,0.422016,0.833477,-0.061418,0.412085,0.867471,-0.04712,0.322959,0.811968,-0.056479,0.384456,0.798721,-0.076105,0.398608,0.839181,-0.064531,0.392443,0.868457,-0.050558
102,3400,True,0.9977,0.9977,0.341155,0.968077,-0.0,0.39629,0.9044,-0.000118,0.426339,0.839327,-0.011239,0.44614,0.797003,-0.028055,0.46399,0.756189,-0.044315,0.370808,0.738289,-0.00882,0.379448,0.663723,-0.029464,0.380575,0.609259,-0.043068,0.378824,0.561342,-0.053095,0.34534,0.747537,-0.024196,0.423498,0.742546,-0.056445,0.441028,0.805335,-0.06372,0.433719,0.84226,-0.062682,0.329643,0.77482,-0.039982,0.409513,0.773968,-0.071466,0.420314,0.83242,-0.061379,0.410294,0.866013,-0.047238,0.321159,0.811261,-0.056304,0.382821,0.797986,-0.075787,0.396921,0.838443,-0.064178,0.390685,0.867597,-0.050252
103,3433,True,0.9975,0.9975,0.340126,0.969038,-0.0,0.394878,0.904536,-0.00043,0.425293,0.839496,-0.011597,0.445317,0.79596,-0.028543,0.464395,0.756321,-0.044921,0.371184,0.740007,-0.008913,0.379994,0.664895,-0.029516,0.380773,0.610444,-0.042938,0.378891,0.562135,-0.052882,0.345357,0.748549,-0.024049,0.422943,0.744249,-0.056317,0.440462,0.806414,-0.063276,0.433956,0.843629,-0.062048,0.329211,0.775021,-0.039672,0.408561,0.775612,-0.070797,0.41902,0.833221,-0.060539,0.409361,0.867293,-0.046401,0.320094,0.81044,-0.055989,0.381954,0.798267,-0.075276,0.396152,0.838049,-0.063962,0.390365,0.867316,-0.050283
104,3466,True,0.9977,0.9977,0.340396,0.968097,-0.0,0.394915,0.904406,-0.000478,0.425282,0.839013,-0.011581,0.44544,0.796117,-0.028303,0.462675,0.7568,-0.044467,0.370282,0.739418,-0.010176,0.37891,0.664184,-0.031,0.379726,0.609644,-0.044459,0.377712,0.561325,-0.054377,0.344352,0.748433,-0.025284,0.422226,0.743239,-0.057699,0.439911,0.805856,-0.064366,0.433062,0.843211,-0.062889,0.32803,0.775151,-0.040822,0.407912,0.775077,-0.072038,0.418627,0.833084,-0.061581,0.408576,0.867031,-0.047336,0.318987,0.810993,-0.05703,0.381548,0.799364,-0.076474,0.395633,0.839504,-0.06511,0.389047,0.868646,-0.051429
105,3500,True,0.9974,0.9974,0.338722,0.968423,-0.0,0.393923,0.904027,-0.000351,0.424654,0.839482,-0.011438,0.444787,0.796834,-0.028313,0.462734,0.756619,-0.044611,0.369551,0.740502,-0.008634,0.377907,0.665637,-0.029441,0.37867,0.611193,-0.043118,0.376516,0.562806,-0.053218,0.343707,0.748785,-0.023802,0.421741,0.744484,-0.056543,0.439632,0.807273,-0.06377,0.432655,0.84482,-0.062551,0.32747,0.77493,-0.039482,0.407147,0.774868,-0.071035,0.418536,0.832714,-0.060888,0.409,0.866768,-0.046665,0.318226,0.810104,-0.05581,0.380384,0.79822,-0.075366,0.3947,0.838391,-0.06403,0.388344,0.86765,-0.050248
106,3533,True,0.9978,0.9978,0.339131,0.966826,-0.0,0.393391,0.904636,-0.00085,0.423875,0.840022,-0.012351,0.443916,0.797857,-0.029415,0.461659,0.758283,-0.045869,0.369557,0.739176,-0.010229,0.377028,0.664232,-0.031159,0.377761,0.610036,-0.044834,0.376014,0.562494,-0.054883,0.343217,0.748154,-0.0253,0.420735,0.743127,-0.057679,0.438172,0.805404,-0.064721,0.430823,0.842085,-0.063552,0.326423,0.774932,-0.040841,0.405831,0.775045,-0.072056,0.416741,0.832665,-0.061789,0.406603,0.86559,-0.047736,0.316876,0.810961,-0.057054,0.378949,0.798697,-0.076427,0.393411,0.838639,-0.06486,0.387006,0.867346,-0.051059
107,3566,True,0.9975,0.9975,0.338215,0.967474,-0.0,0.39265,0.903926,-0.000409,0.423065,0.83944,-0.011672,0.443211,0.796742,-0.028763,0.461406,0.757355,-0.045327,0.368639,0.740767,-0.008973,0.376604,0.665924,-0.030318,0.376976,0.611593,-0.044194,0.374695,0.563175,-0.054356,0.342399,0.749174,-0.024167,0.419881,0.744209,-0.057681,0.43688,0.808112,-0.06477,0.429512,0.845954,-0.063149,0.325683,0.775128,-0.03992,0.405287,0.775139,-0.071967,0.416031,0.83356,-0.061555,0.406273,0.867758,-0.046943,0.315961,0.810125,-0.056358,0.377924,0.798874,-0.076228,0.392206,0.83917,-0.064927,0.386169,0.868259,-0.051049
108,3600,True,0.9978,0.9978,0.337817,0.964348,-0.0,0.391485,0.901941,-0.000324,0.422174,0.83824,-0.011882,0.44274,0.796753,-0.029123,0.45902,0.756749,-0.045725,0.366354,0.736863,-0.010061,0.374253,0.66263,-0.03093,0.374975,0.608848,-0.044624,0.372832,0.561775,-0.054619,0.340232,0.745948,-0.025354,0.417872,0.742237,-0.05773,0.436116,0.804227,-0.064746,0.429331,0.841617,-0.063507,0.323851,0.772914,-0.041052,0.403184,0.77272,-0.07202,0.415046,0.830281,-0.061697,0.405551,0.864128,-0.047594,0.315212,0.808811,-0.057409,0.377731,0.796985,-0.076671,0.391797,0.836543,-0.065282,0.384682,0.865003,-0.051549
109,3633,True,0.9971,0.9971,0.337307,0.957404,-0.0,0.390213,0.895371,0.000153,0.420014,0.83073,-0.010185,0.440147,0.788744,-0.026285,0.455636,0.749476,-0.041684,0.363688,0.730347,-0.008235,0.368422,0.656394,-0.028641,0.368743,0.603072,-0.041873,0.368276,0.556853,-0.051382,0.338736,0.739083,-0.023064,0.415013,0.737247,-0.056028,0.43207,0.800587,-0.062826,0.425536,0.839554,-0.060878,0.322409,0.766079,-0.038415,0.399901,0.76802,-0.070041,0.410748,0.824818,-0.060459,0.401218,0.859174,-0.046306,0.312598,0.801903,-0.054324,0.372931,0.790996,-0.074272,0.386985,0.82863,-0.063921,0.380482,0.856483,-0.050553
110,3666,True,0.9972,0.9972,0.337139,0.947349,-0.0,0.387086,0.885963,-0.000177,0.415899,0.82089,-0.010429,0.435277,0.778742,-0.0264,0.450279,0.738074,-0.041845,0.358866,0.724225,-0.008494,0.360141,0.647596,-0.028747,0.358876,0.594241,-0.041297,0.357686,0.547157,-0.050055,0.333599,0.733752,-0.022994,0.40832,0.723225,-0.056496,0.427747,0.788275,-0.063216,0.422222,0.829636,-0.060509,0.317034,0.759265,-0.037987,0.393827,0.754647,-0.070639,0.406593,0.814426,-0.061286,0.397719,0.851115,-0.046492,0.307025,0.792802,-0.053355,0.36527,0.77542,-0.074018,0.381058,0.81575,-0.063515,0.37621,0.846945,-0.049624
111,3699,True,0.9959,0.9959,0.339187,0.931709,-0.0,0.387207,0.871198,-0.002718,0.415058,0.808085,-0.014324,0.43328,0.765331,-0.031182,0.442481,0.72242,-0.047375,0.353981,0.710793,-0.010493,0.35436,0.634506,-0.032374,0.350718,0.58131,-0.045868,0.347761,0.533853,-0.054968,0.328125,0.71886,-0.023501,0.402231,0.708814,-0.059226,0.421195,0.77409,-0.066169,0.416124,0.815115,-0.062815,0.311026,0.742967,-0.037309,0.387701,0.738148,-0.071434,0.400319,0.798059,-0.061737,0.39262,0.834335,-0.046042,0.300506,0.775777,-0.051729,0.358759,0.759579,-0.073024,0.374343,0.800844,-0.062519,0.370984,0.831625,-0.048156
112,3733,True,0.9945,0.9945,0.340609,0.914703,0.0,0.388585,0.852477,-0.003839,0.416507,0.788718,-0.015118,0.433782,0.745639,-0.031329,0.439162,0.702237,-0.046755,0.351571,0.695728,-0.010749,0.351059,0.619906,-0.032393,0.345159,0.567244,-0.045508,0.338872,0.519847,-0.054393,0.325421,0.704414,-0.022935,0.396979,0.689008,-0.058755,0.418848,0.752662,-0.065499,0.416025,0.793723,-0.061825,0.30826,0.728595,-0.036076,0.382341,0.719877,-0.069802,0.397656,0.778111,-0.060009,0.391867,0.814208,-0.044227,0.298359,0.761177,-0.049996,0.353893,0.742669,-0.070689,0.370807,0.781172,-0.06035,0.368472,0.810979,-0.046189
113,3766,True,0.9949,0.9949,0.346551,0.895957,0.0,0.391413,0.834294,-0.004896,0.418338,0.769548,-0.016173,0.435509,0.725196,-0.032076,0.436367,0.682002,-0.04726,0.351129,0.677512,-0.011649,0.349163,0.601658,-0.033164,0.341525,0.549433,-0.046436,0.333562,0.502719,-0.055406,0.324124,0.68766,-0.023113,0.394475,0.671305,-0.058479,0.417473,0.733791,-0.065206,0.415331,0.774649,-0.06177,0.306163,0.71346,-0.035609,0.378423,0.702199,-0.068842,0.394616,0.758754,-0.059237,0.389249,0.794677,-0.043865,0.295236,0.748022,-0.048992,0.349463,0.725985,-0.069791,0.367547,0.76292,-0.059715,0.36596,0.793201,-0.045786
114,3800,True,0.9955,0.9955,0.350689,0.878252,0.0,0.395263,0.819784,-0.008342,0.422168,0.755936,-0.021575,0.439437,0.710492,-0.039089,0.438854,0.666674,-0.056043,0.353784,0.663546,-0.016163,0.347335,0.584494,-0.039661,0.337172,0.53166,-0.054125,0.326052,0.484973,-0.063689,0.326057,0.675399,-0.026768,0.394233,0.654642,-0.064691,0.418541,0.71787,-0.071809,0.416674,0.760661,-0.068029,0.306742,0.702093,-0.03871,0.3771,0.68584,-0.074032,0.395801,0.742855,-0.063829,0.39137,0.781428,-0.047412,0.293657,0.73677,-0.051856,0.346407,0.709405,-0.074619,0.367429,0.745386,-0.064245,0.367621,0.777313,-0.049482
115,3833,True,0.9975,0.9975,0.359775,0.872021,-0.0,0.4037,0.811517,-0.008409,0.430227,0.747738,-0.021875,0.446521,0.701649,-0.039769,0.441279,0.657754,-0.057098,0.355819,0.653176,-0.015739,0.347287,0.575514,-0.040088,0.337306,0.521433,-0.055784,0.327173,0.474159,-0.066144,0.328422,0.666049,-0.026427,0.398831,0.647937,-0.064622,0.423642,0.712195,-0.072331,0.422732,0.755481,-0.069077,0.310712,0.695309,-0.038547,0.384122,0.68072,-0.073722,0.402404,0.738765,-0.063496,0.398523,0.77784,-0.047238,0.300153,0.733258,-0.052035,0.355302,0.708645,-0.074341,0.374815,0.744363,-0.064139,0.373983,0.775471,-0.049648
116,3866,True,0.9971,0.9971,0.372336,0.875118,-0.0,0.417963,0.811289,-0.007762,0.445325,0.747413,-0.023545,0.463211,0.700573,-0.04391,0.455822,0.659675,-0.064115,0.366479,0.649926,-0.022561,0.359242,0.570501,-0.049338,0.349905,0.514793,-0.067212,0.339045,0.465965,-0.079413,0.338024,0.664711,-0.03548,0.417093,0.65474,-0.074183,0.43919,0.718927,-0.082717,0.433187,0.759111,-0.081371,0.322228,0.699081,-0.04925,0.404095,0.690101,-0.083834,0.420307,0.744998,-0.073056,0.413453,0.778032,-0.058062,0.314984,0.742198,-0.064521,0.373885,0.720524,-0.085811,0.39266,0.754397,-0.074326,0.391391,0.782311,-0.059844
117,3900,True,0.9961,0.9961,0.390189,0.890287,-0.0,0.443916,0.824164,-0.010057,0.471731,0.764099,-0.027983,0.486853,0.724325,-0.050356,0.488355,0.693142,-0.072428,0.401046,0.657154,-0.025773,0.397962,0.58209,-0.051733,0.390844,0.5282,-0.069504,0.383327,0.479687,-0.082416,0.370131,0.670539,-0.037437,0.449771,0.685145,-0.073445,0.47,0.74375,-0.08269,0.465372,0.775783,-0.083663,0.352664,0.708161,-0.049774,0.434563,0.719463,-0.081737,0.447923,0.768688,-0.073901,0.439238,0.794317,-0.062825,0.343796,0.754722,-0.063907,0.407014,0.755109,-0.082165,0.423511,0.789151,-0.072108,0.420429,0.81051,-0.060013
118,3933,True,0.9983,0.9983,0.404305,0.925097,-0.0,0.467051,0.849664,-0.002351,0.496498,0.786422,-0.022258,0.515323,0.749302,-0.047584,0.534774,0.741141,-0.073075,0.444407,0.688365,-0.028419,0.450701,0.619137,-0.052471,0.451111,0.569146,-0.068219,0.453719,0.525533,-0.081701,0.416674,0.706355,-0.046181,0.501046,0.72257,-0.07724,0.52879,0.769008,-0.082732,0.533778,0.787041,-0.084765,0.402475,0.749986,-0.063603,0.489021,0.775031,-0.086211,0.495815,0.815543,-0.074498,0.482581,0.831788,-0.066062,0.399095,0.80121,-0.083158,0.466381,0.814556,-0.09532,0.474259,0.841949,-0.084881,0.461393,0.853003,-0.076527
119,3966,True,0.9932,0.9932,0.410819,0.971259,-0.0,0.482336,0.898378,-0.000184,0.531584,0.836506,-0.015999,0.568482,0.809854,-0.037816,0.595247,0.812541,-0.059891,0.490212,0.736854,-0.017513,0.521759,0.683201,-0.039819,0.535455,0.641668,-0.056649,0.54444,0.607279,-0.070966,0.468814,0.758952,-0.035249,0.567462,0.809797,-0.063496,0.56478,0.85368,-0.071301,0.541828,0.858071,-0.076214,0.456184,0.807617,-0.053019,0.549047,0.859441,-0.077081,0.53861,0.888536,-0.071429,0.513278,0.884441,-0.066832,0.45078,0.862848,-0.072164,0.524264,0.899753,-0.084869,0.51859,0.919185,-0.077228,0.495287,0.915854,-0.071111
120,4000,True,0.955,0.955,0.435506,0.993669,-0.0,0.49489,0.913566,-0.000195,0.550761,0.854744,-0.013149,0.591338,0.846813,-0.032353,0.61288,0.864031,-0.051993,0.547019,0.781448,-0.016001,0.605334,0.76229,-0.04033,0.637116,0.749597,-0.057631,0.663759,0.739735,-0.070466,0.529266,0.811119,-0.033943,0.627164,0.892322,-0.061785,0.603077,0.921331,-0.068364,0.577143,0.908325,-0.071422,0.514838,0.862403,-0.052795,0.604772,0.945254,-0.076464,0.575096,0.955976,-0.072658,0.551043,0.933175,-0.068466,0.504126,0.920342,-0.07324,0.579885,0.976851,-0.085914,0.557747,0.982978,-0.079624,0.531346,0.968467,-0.073984
121,4033,True,0.9898,0.9898,0.448199,1.006456,0.0,0.499005,0.946581,0.004448,0.559673,0.903336,-0.00394,0.6095,0.901244,-0.018611,0.645965,0.911863,-0.033573,0.586871,0.843017,-0.010737,0.657565,0.832254,-0.028939,0.700201,0.826425,-0.041636,0.736333,0.823475,-0.050654,0.576294,0.865107,-0.026561,0.647145,0.94792,-0.049236,0.649592,0.98394,-0.057946,0.646755,0.992909,-0.062468,0.564842,0.907738,-0.041804,0.628315,0.998476,-0.061229,0.611886,1.029625,-0.058431,0.593621,1.034531,-0.053697,0.554662,0.958426,-0.05763,0.608632,1.022017,-0.066644,0.596256,1.046828,-0.059114,0.5791,1.054318,-0.051032
122,4066,True,0.9914,0.9914,0.455921,1.00403,0.0,0.512503,0.949157,0.007253,0.580778,0.922081,-0.000944,0.632903,0.938742,-0.014527,0.66983,0.971993,-0.029421,0.610022,0.864618,-0.015271,0.681791,0.866675,-0.030871,0.725235,0.864216,-0.040269,0.760755,0.864572,-0.047119,0.599055,0.889824,-0.031901,0.671832,0.990882,-0.05519,0.662744,1.047789,-0.060742,0.648966,1.071915,-0.060882,0.583181,0.935453,-0.046711,0.642304,1.025623,-0.067157,0.632321,1.073093,-0.062342,0.617621,1.093927,-0.054469,0.564792,0.983325,-0.061075,0.607112,1.04274,-0.069893,0.602631,1.079503,-0.060615,0.593348,1.098997,-0.050532
123,4100,True,0.9943,0.9943,0.470112,0.998069,0.0,0.523201,0.942703,0.004645,0.590574,0.914987,-0.004874,0.64118,0.932993,-0.017964,0.673324,0.969662,-0.030971,0.614619,0.865685,-0.020084,0.690205,0.864901,-0.034945,0.732724,0.862843,-0.042896,0.767206,0.858862,-0.049359,0.607985,0.899068,-0.035301,0.680224,0.986933,-0.05684,0.65304,1.016294,-0.057346,0.625882,1.008894,-0.054577,0.595798,0.947594,-0.048757,0.654591,1.027596,-0.061813,0.627379,1.043469,-0.048736,0.602608,1.028674,-0.038443,0.580339,0.996093,-0.062671,0.62118,1.05421,-0.063636,0.60068,1.06726,-0.0491,0.581115,1.055506,-0.038019
124,4133,True,0.9949,0.9949,0.48023,0.990099,0.0,0.531738,0.932935,0.002539,0.598556,0.907344,-0.009699,0.655622,0.928955,-0.025535,0.691234,0.963189,-0.040448,0.612071,0.846745,-0.02077,0.687519,0.842487,-0.035693,0.729771,0.835945,-0.044584,0.76409,0.828838,-0.052147,0.606714,0.878569,-0.03592,0.675817,0.955992,-0.05603,0.652826,0.981857,-0.057195,0.629588,0.974667,-0.056769,0.598173,0.925719,-0.049707,0.660595,0.996037,-0.061314,0.636137,1.010576,-0.046122,0.613813,1.000193,-0.036045,0.587886,0.973812,-0.064545,0.640518,1.022869,-0.0646,0.620962,1.033294,-0.048505,0.599961,1.024974,-0.037574
125,4166,True,0.9858,0.9858,0.489943,0.971388,0.0,0.541907,0.923155,0.001433,0.607057,0.895371,-0.013454,0.66377,0.90961,-0.032224,0.6947,0.935923,-0.050333,0.606556,0.819789,-0.025267,0.675863,0.805632,-0.045816,0.716239,0.791476,-0.057548,0.750835,0.779155,-0.066543,0.595629,0.841107,-0.041484,0.675213,0.915631,-0.068848,0.650094,0.942487,-0.069004,0.624898,0.935021,-0.066029,0.584836,0.879088,-0.056934,0.657049,0.950929,-0.074806,0.631683,0.963703,-0.059116,0.609909,0.948874,-0.047078,0.575639,0.923266,-0.073602,0.637192,0.976127,-0.07778,0.618126,0.985441,-0.062994,0.596214,0.971476,-0.052621
126,4200,True,0.9926,0.9926,0.492933,0.94996,0.0,0.551169,0.910039,0.002158,0.607551,0.875552,-0.014333,0.658601,0.875906,-0.035443,0.684691,0.894544,-0.056261,0.595997,0.783981,-0.022878,0.659511,0.762845,-0.044047,0.696623,0.741598,-0.057083,0.728054,0.722934,-0.067311,0.583286,0.800058,-0.040084,0.665101,0.870169,-0.067139,0.643757,0.905139,-0.06768,0.620474,0.899263,-0.065498,0.572689,0.836265,-0.05676,0.649418,0.902988,-0.076146,0.627149,0.924648,-0.061546,0.605277,0.912781,-0.050209,0.564806,0.880751,-0.074458,0.627271,0.929773,-0.080456,0.611158,0.947575,-0.066412,0.589999,0.93907,-0.056328
127,4233,True,0.9954,0.9954,0.495091,0.92867,0.0,0.570374,0.901251,0.001691,0.616579,0.864235,-0.013143,0.654136,0.847046,-0.033633,0.674533,0.854059,-0.053516,0.589251,0.75065,-0.012507,0.642738,0.720415,-0.033112,0.676217,0.692976,-0.047816,0.70351,0.669439,-0.059452,0.572231,0.76019,-0.029721,0.654114,0.828863,-0.05918,0.636733,0.871848,-0.062871,0.613293,0.872849,-0.061726,0.559627,0.792714,-0.047233,0.636566,0.860517,-0.069988,0.617508,0.889767,-0.057661,0.595057,0.885546,-0.046453,0.551291,0.834636,-0.06605,0.613181,0.882613,-0.075768,0.601866,0.905347,-0.063703,0.582176,0.902366,-0.053755
128,4266,True,0.9951,0.9951,0.48603,0.905746,0.0,0.560779,0.875926,0.003094,0.604909,0.838513,-0.011233,0.641341,0.820237,-0.031689,0.663292,0.821334,-0.052118,0.580117,0.727684,-0.014017,0.627261,0.688522,-0.03567,0.657113,0.654536,-0.050509,0.68157,0.624986,-0.062205,0.559692,0.73371,-0.032089,0.641964,0.797147,-0.063092,0.626261,0.846518,-0.067282,0.602303,0.852254,-0.066134,0.544558,0.764339,-0.050174,0.623675,0.826706,-0.075457,0.607716,0.862582,-0.063248,0.585528,0.863623,-0.051448,0.533654,0.804793,-0.069294,0.59729,0.848885,-0.0821,0.588553,0.874486,-0.070595,0.569619,0.874605,-0.060134
129,4300,True,0.997,0.997,0.473638,0.893065,0.0,0.547124,0.861047,0.002488,0.59097,0.824987,-0.012192,0.626268,0.805764,-0.032875,0.652682,0.806031,-0.053729,0.564491,0.712787,-0.015398,0.609221,0.670081,-0.037775,0.636829,0.631462,-0.052923,0.658118,0.596745,-0.064701,0.54164,0.718998,-0.033913,0.626586,0.773638,-0.066476,0.616403,0.830374,-0.071152,0.593776,0.846076,-0.069614,0.523949,0.749239,-0.052454,0.605866,0.804929,-0.080313,0.592655,0.84735,-0.068181,0.570648,0.856218,-0.055126,0.510471,0.78992,-0.071846,0.575051,0.826521,-0.085766,0.569183,0.855963,-0.073573,0.550828,0.86212,-0.06208
130,4333,True,0.9983,0.9983,0.45363,0.889273,0.0,0.531235,0.857519,-0.001815,0.577408,0.821611,-0.019212,0.614664,0.799522,-0.042014,0.630705,0.798862,-0.064819,0.548078,0.705928,-0.019028,0.590258,0.666231,-0.043368,0.614243,0.626284,-0.06022,0.631599,0.589663,-0.073496,0.522646,0.712335,-0.036536,0.604135,0.769112,-0.070612,0.594161,0.82277,-0.07682,0.572494,0.833326,-0.076387,0.50299,0.743372,-0.05453,0.58127,0.80425,-0.083327,0.568825,0.843536,-0.073371,0.547191,0.847686,-0.062,0.489102,0.785837,-0.073981,0.550321,0.830194,-0.088826,0.546186,0.857044,-0.079105,0.528945,0.85973,-0.069431
131,4366,True,0.9976,0.9976,0.427453,0.897846,0.0,0.50149,0.861382,0.002409,0.548331,0.821906,-0.012194,0.584044,0.804158,-0.032424,0.606098,0.812178,-0.053206,0.525477,0.714802,-0.018737,0.561227,0.673756,-0.041907,0.581246,0.636411,-0.058031,0.5975,0.603058,-0.070588,0.498448,0.722247,-0.036834,0.577378,0.782863,-0.068271,0.570102,0.835744,-0.073588,0.550901,0.849631,-0.073128,0.476105,0.755675,-0.05463,0.553064,0.823442,-0.079004,0.53905,0.855979,-0.06902,0.516271,0.855775,-0.058807,0.45823,0.799998,-0.073519,0.518428,0.848642,-0.084319,0.51103,0.870777,-0.073775,0.492589,0.867378,-0.064268
132,4400,True,0.9963,0.9963,0.400134,0.921262,0.0,0.47437,0.866292,0.001308,0.528927,0.815299,-0.013359,0.568741,0.799834,-0.032956,0.587409,0.828431,-0.053212,0.494931,0.729727,-0.021866,0.524338,0.699275,-0.043561,0.540379,0.666776,-0.058459,0.553788,0.640339,-0.07084,0.466019,0.743451,-0.039589,0.54443,0.805881,-0.067752,0.544454,0.857333,-0.070391,0.532648,0.872725,-0.069878,0.440936,0.782825,-0.057194,0.518147,0.852007,-0.079425,0.510411,0.881481,-0.069824,0.492634,0.881072,-0.061332,0.421029,0.833238,-0.076088,0.485288,0.883915,-0.086143,0.483292,0.901247,-0.077079,0.466862,0.895325,-0.069978
133,4433,True,0.9943,0.9943,0.372172,0.947974,0.0,0.443648,0.89707,0.001445,0.495502,0.850778,-0.010437,0.531275,0.841222,-0.026802,0.553805,0.857602,-0.043609,0.465106,0.763609,-0.021099,0.486089,0.738732,-0.040176,0.497743,0.712717,-0.0526,0.507235,0.693164,-0.063547,0.43326,0.774162,-0.037774,0.507423,0.849671,-0.063243,0.50811,0.896729,-0.067104,0.49925,0.910344,-0.068922,0.405445,0.812919,-0.054029,0.476953,0.899364,-0.074321,0.462992,0.921643,-0.066993,0.444093,0.913266,-0.06185,0.382553,0.86272,-0.071461,0.436242,0.926829,-0.083344,0.426011,0.937867,-0.077301,0.407021,0.921597,-0.072859
134,4466,True,0.9985,0.9985,0.368313,0.970926,-0.0,0.431846,0.921849,-0.00013,0.483053,0.879674,-0.012892,0.510301,0.883287,-0.028855,0.508266,0.916594,-0.045029,0.438414,0.800944,-0.031501,0.444085,0.776927,-0.053778,0.450025,0.76527,-0.068091,0.447208,0.7613,-0.078671,0.399576,0.809919,-0.046669,0.467359,0.9044,-0.069264,0.46468,0.934453,-0.072265,0.445362,0.92661,-0.074909,0.366343,0.85268,-0.061076,0.434307,0.952449,-0.081188,0.431818,0.95969,-0.075411,0.41533,0.934695,-0.071725,0.340349,0.905154,-0.076249,0.392791,0.975802,-0.091155,0.39444,0.977359,-0.085748,0.379581,0.954558,-0.081164
135,4500,True,0.9926,0.9926,0.362583,0.977275,-0.0,0.413221,0.951683,-0.008293,0.457429,0.919622,-0.019985,0.484434,0.928772,-0.033567,0.487687,0.957094,-0.046849,0.405964,0.848079,-0.031575,0.413545,0.826621,-0.053682,0.416356,0.826993,-0.066379,0.411668,0.839427,-0.073564,0.368095,0.856542,-0.041193,0.422313,0.950305,-0.062604,0.41892,0.972466,-0.066533,0.402836,0.966769,-0.068463,0.336677,0.896189,-0.051306,0.396912,0.997021,-0.07203,0.394616,1.008761,-0.067356,0.384869,0.994548,-0.062232,0.313186,0.944155,-0.062951,0.362912,1.011736,-0.079807,0.360958,1.026323,-0.074282,0.349278,1.022968,-0.067275
136,4533,True,0.9948,0.9948,0.350785,1.006729,-0.0,0.394199,0.980873,-0.01563,0.433533,0.943761,-0.032357,0.464885,0.954598,-0.049879,0.470572,0.988301,-0.066628,0.393214,0.879304,-0.044137,0.398736,0.849473,-0.074353,0.388981,0.853703,-0.094514,0.374663,0.870797,-0.10659,0.346349,0.885126,-0.050395,0.404713,0.984731,-0.080321,0.427565,1.020562,-0.086838,0.430761,1.032398,-0.089361,0.30968,0.926164,-0.057649,0.371672,1.024539,-0.079515,0.384107,1.038533,-0.068875,0.379153,1.029147,-0.059355,0.284651,0.975662,-0.06774,0.329085,1.042099,-0.084812,0.335455,1.058744,-0.075799,0.32536,1.057112,-0.065405
137,4566,True,0.9952,0.9952,0.348736,1.00875,-0.0,0.392714,0.986377,-0.01414,0.433176,0.952406,-0.031949,0.465086,0.953923,-0.050616,0.467093,0.983072,-0.067851,0.388524,0.89063,-0.049987,0.397749,0.863689,-0.078291,0.385786,0.869849,-0.095312,0.369986,0.88888,-0.106461,0.343054,0.894551,-0.056588,0.407026,0.993517,-0.085108,0.432252,1.022362,-0.088172,0.438503,1.032948,-0.089921,0.308703,0.932182,-0.063591,0.377757,1.031591,-0.07976,0.3872,1.032886,-0.066155,0.378244,1.01751,-0.057798,0.286492,0.978796,-0.07405,0.337446,1.050278,-0.088832,0.338373,1.054396,-0.08281,0.321308,1.041683,-0.076586
138,4600,True,0.9926,0.9926,0.356404,1.004621,-0.0,0.401347,0.9783,-0.012765,0.442715,0.94053,-0.029564,0.475037,0.945121,-0.047805,0.481789,0.982226,-0.065771,0.398189,0.887218,-0.044648,0.405376,0.864497,-0.072284,0.399417,0.863592,-0.08876,0.391337,0.875193,-0.099659,0.354634,0.893679,-0.052663,0.420007,0.983487,-0.083258,0.438701,1.011902,-0.089257,0.439779,1.014878,-0.092401,0.321126,0.93148,-0.061167,0.39002,1.02288,-0.084084,0.392509,1.034729,-0.076021,0.380454,1.021147,-0.069382,0.297886,0.977276,-0.072221,0.341775,1.040678,-0.092313,0.341317,1.050714,-0.089662,0.325735,1.043205,-0.084972
139,4633,True,0.9921,0.9921,0.359098,0.992976,0.0,0.409721,0.957308,-0.010314,0.456031,0.919965,-0.026611,0.491966,0.923599,-0.045841,0.500556,0.954861,-0.064139,0.414469,0.860228,-0.029527,0.426469,0.847242,-0.056003,0.425561,0.837478,-0.07193,0.423184,0.838198,-0.081817,0.375096,0.870366,-0.039143,0.451013,0.954852,-0.064843,0.449508,0.977908,-0.067727,0.433731,0.965803,-0.067648,0.347155,0.909048,-0.050432,0.423677,0.999663,-0.071906,0.415854,1.004642,-0.062128,0.397928,0.983225,-0.052813,0.326968,0.955432,-0.064366,0.388357,1.021106,-0.081704,0.384865,1.024007,-0.076685,0.366473,1.009234,-0.069468
140,4666,True,0.9903,0.9903,0.366486,0.979763,0.0,0.4217,0.941856,-0.004041,0.473007,0.902377,-0.016049,0.511062,0.901671,-0.031029,0.526568,0.925143,-0.046794,0.43802,0.830358,-0.023409,0.454251,0.826079,-0.045355,0.461878,0.809886,-0.061566,0.47228,0.798655,-0.073819,0.407754,0.842419,-0.035624,0.480669,0.923942,-0.060361,0.463766,0.944687,-0.066599,0.444959,0.936417,-0.069953,0.382178,0.880864,-0.048474,0.454744,0.966901,-0.070329,0.433346,0.969251,-0.068979,0.416385,0.949721,-0.06663,0.361229,0.927729,-0.062636,0.420291,0.990574,-0.079054,0.403249,0.988019,-0.078854,0.382889,0.971432,-0.077084
141,4700,True,0.9955,0.9955,0.388296,0.963368,0.0,0.446123,0.92421,-0.001428,0.496505,0.885356,-0.014059,0.532207,0.881132,-0.029685,0.549604,0.904685,-0.046289,0.461973,0.811401,-0.02345,0.484513,0.800909,-0.045338,0.503165,0.778722,-0.060744,0.521765,0.761196,-0.071991,0.43654,0.822128,-0.035574,0.50937,0.893263,-0.05985,0.495788,0.923616,-0.063566,0.477203,0.923643,-0.063669,0.415355,0.857554,-0.047592,0.48694,0.93524,-0.068342,0.47036,0.948358,-0.063685,0.453011,0.937491,-0.058135,0.39744,0.90421,-0.060309,0.4563,0.959297,-0.071903,0.444502,0.964945,-0.066574,0.424914,0.955078,-0.061226
142,4733,True,0.9987,0.9987,0.400641,0.942114,0.0,0.460369,0.900252,0.000364,0.51304,0.858995,-0.010937,0.552214,0.854795,-0.025447,0.575058,0.876814,-0.040809,0.487065,0.781342,-0.017771,0.520331,0.771316,-0.038661,0.547616,0.749977,-0.053495,0.572234,0.732227,-0.06368,0.465355,0.79389,-0.030679,0.54409,0.865151,-0.054571,0.534566,0.906487,-0.057042,0.516169,0.91466,-0.054929,0.445777,0.829376,-0.043757,0.52377,0.903677,-0.066532,0.51134,0.926776,-0.061486,0.494034,0.922022,-0.053506,0.430165,0.876895,-0.057079,0.494429,0.926461,-0.067198,0.488906,0.940925,-0.058766,0.47079,0.938474,-0.050286
143,4766,True,0.9965,0.9965,0.423296,0.91931,0.0,0.484968,0.875477,0.003983,0.54011,0.834705,-0.008188,0.581319,0.831815,-0.02509,0.599169,0.859269,-0.043155,0.516221,0.757763,-0.017129,0.55517,0.74116,-0.038189,0.585805,0.721463,-0.052405,0.612101,0.705352,-0.062786,0.495111,0.771396,-0.033226,0.574826,0.839606,-0.060105,0.56313,0.880396,-0.06331,0.543964,0.884776,-0.061686,0.476483,0.807368,-0.048933,0.553194,0.879548,-0.071575,0.538131,0.900868,-0.064909,0.519913,0.892197,-0.056543,0.461445,0.854041,-0.064836,0.524563,0.902729,-0.074245,0.515631,0.913871,-0.065615,0.496286,0.905736,-0.05768
144,4800,True,0.9972,0.9972,0.443758,0.902961,0.0,0.507528,0.875356,0.00131,0.558276,0.840854,-0.012924,0.599875,0.834882,-0.031673,0.625262,0.853943,-0.050973,0.542046,0.744439,-0.020773,0.589021,0.722468,-0.042602,0.621691,0.701487,-0.056819,0.6495,0.685557,-0.067298,0.521382,0.755312,-0.036217,0.599068,0.824859,-0.064126,0.586339,0.866668,-0.067079,0.56873,0.869545,-0.065869,0.503101,0.78923,-0.051421,0.57892,0.860504,-0.075202,0.565217,0.887366,-0.066251,0.548076,0.882905,-0.056949,0.488317,0.83363,-0.067195,0.551909,0.882359,-0.079097,0.544583,0.900374,-0.069836,0.527862,0.896201,-0.061334
145,4833,True,0.9953,0.9953,0.455449,0.892066,0.0,0.520298,0.85752,0.00262,0.573996,0.823881,-0.012638,0.616695,0.82135,-0.033098,0.637495,0.844374,-0.054362,0.559157,0.731467,-0.020944,0.609,0.713929,-0.043867,0.643864,0.696193,-0.058797,0.672673,0.683241,-0.06993,0.537698,0.74317,-0.038385,0.614735,0.823652,-0.066828,0.597793,0.862927,-0.069454,0.57739,0.861225,-0.068567,0.517944,0.77851,-0.055574,0.591634,0.854168,-0.080433,0.574702,0.879208,-0.070333,0.556216,0.871984,-0.060479,0.50129,0.822726,-0.073293,0.563857,0.873162,-0.085556,0.556101,0.890415,-0.074943,0.540188,0.883999,-0.065651
146,4866,True,0.9943,0.9943,0.459012,0.879858,0.0,0.526551,0.849207,0.000887,0.57966,0.82085,-0.014667,0.620128,0.823961,-0.035052,0.642224,0.847828,-0.056144,0.569914,0.724945,-0.02067,0.618396,0.710796,-0.04449,0.652585,0.694982,-0.061349,0.681241,0.683326,-0.073672,0.547787,0.735408,-0.037095,0.620398,0.823293,-0.06664,0.606244,0.86188,-0.071546,0.588165,0.862539,-0.072011,0.525866,0.769907,-0.053521,0.596167,0.8554,-0.07876,0.581607,0.880104,-0.070891,0.564688,0.874221,-0.062076,0.506299,0.813812,-0.070719,0.566581,0.873885,-0.082835,0.560667,0.891436,-0.073188,0.546054,0.885805,-0.064222
147,4900,True,0.9964,0.9964,0.450943,0.883284,0.0,0.523653,0.846577,0.000508,0.580939,0.812403,-0.016541,0.62307,0.813608,-0.038542,0.638213,0.845036,-0.061131,0.56247,0.722005,-0.020306,0.607221,0.71177,-0.044687,0.640209,0.698493,-0.061938,0.668432,0.688943,-0.074864,0.537921,0.732362,-0.037557,0.61014,0.822106,-0.066836,0.594958,0.865061,-0.070133,0.576535,0.865647,-0.069512,0.512971,0.766786,-0.055126,0.583336,0.853229,-0.080111,0.566871,0.8772,-0.070372,0.547314,0.868125,-0.060331,0.491404,0.811694,-0.073724,0.553697,0.873365,-0.085233,0.548728,0.891069,-0.074711,0.532266,0.884218,-0.065356
148,4933,True,0.9949,0.9949,0.425871,0.885754,0.0,0.502951,0.846556,-0.00049,0.562709,0.807042,-0.014646,0.602288,0.805474,-0.033241,0.612405,0.839047,-0.051987,0.53513,0.722981,-0.017711,0.576472,0.711992,-0.040309,0.605092,0.69809,-0.056095,0.63093,0.686146,-0.068249,0.508975,0.733504,-0.033612,0.58492,0.824428,-0.06543,0.566024,0.863891,-0.070966,0.543113,0.861156,-0.070257,0.483833,0.767209,-0.049861,0.556012,0.860973,-0.0762,0.537658,0.8821,-0.070535,0.518237,0.869436,-0.061895,0.46212,0.811074,-0.067047,0.523119,0.879434,-0.078604,0.515191,0.892628,-0.071571,0.498579,0.880196,-0.064377
149,4966,True,0.9936,0.9936,0.403847,0.897755,0.0,0.478265,0.854401,-0.002335,0.537205,0.810379,-0.016038,0.57549,0.799849,-0.032584,0.588778,0.824311,-0.04922,0.502957,0.722635,-0.026051,0.536489,0.713329,-0.050185,0.557477,0.695662,-0.066837,0.574846,0.680676,-0.079761,0.472569,0.73154,-0.040798,0.550481,0.818078,-0.070853,0.538539,0.85743,-0.074622,0.520848,0.856784,-0.07454,0.44508,0.766125,-0.055717,0.517131,0.862193,-0.080366,0.501327,0.878257,-0.073485,0.484502,0.860648,-0.06633,0.422188,0.812734,-0.07183,0.479229,0.885846,-0.084379,0.470232,0.892075,-0.078555,0.45419,0.871949,-0.073391
150,5000,True,0.9976,0.9976,0.389012,0.910753,0.0,0.457965,0.864144,-0.003201,0.506253,0.820041,-0.015704,0.536011,0.805362,-0.031148,0.557734,0.813841,-0.046012,0.471424,0.728876,-0.021292,0.485362,0.708963,-0.042844,0.496709,0.688335,-0.059294,0.506643,0.67469,-0.072351,0.436627,0.734866,-0.034063,0.494682,0.807913,-0.055998,0.510571,0.839887,-0.061756,0.517952,0.848853,-0.066714,0.404456,0.768499,-0.047602,0.4654,0.859574,-0.065082,0.464633,0.874125,-0.05908,0.455716,0.863788,-0.055772,0.379314,0.814673,-0.063084,0.426947,0.886838,-0.075927,0.427266,0.89417,-0.07295,0.416519,0.876249,-0.070324
151,5033,True,0.9971,0.9971,0.376353,0.910522,0.0,0.433766,0.857205,-0.005665,0.47611,0.806931,-0.018684,0.502961,0.797324,-0.033596,0.518029,0.824944,-0.048245,0.440634,0.73254,-0.03087,0.449911,0.708253,-0.054705,0.446561,0.687883,-0.072515,0.440667,0.666968,-0.08672,0.396774,0.737442,-0.042546,0.45351,0.811682,-0.066206,0.473636,0.850749,-0.072874,0.480445,0.865251,-0.077975,0.360729,0.776007,-0.054425,0.424512,0.872735,-0.072585,0.439636,0.892109,-0.067893,0.440303,0.887236,-0.064924,0.334582,0.826392,-0.068271,0.384161,0.898112,-0.079512,0.395855,0.911374,-0.074861,0.391491,0.901695,-0.070994
152,5066,True,0.9981,0.9981,0.371133,0.898386,0.0,0.420266,0.850068,-0.007647,0.459204,0.803941,-0.024859,0.482244,0.797531,-0.044066,0.491811,0.821523,-0.063361,0.413194,0.722464,-0.038487,0.4086,0.693642,-0.068572,0.398382,0.678162,-0.090816,0.38654,0.661784,-0.10696,0.364071,0.731792,-0.050601,0.426731,0.813279,-0.079937,0.453646,0.853417,-0.087893,0.463074,0.86582,-0.092792,0.328545,0.778206,-0.063065,0.397108,0.8724,-0.084982,0.419531,0.890769,-0.077473,0.423081,0.884905,-0.071823,0.30537,0.832436,-0.07774,0.358323,0.89983,-0.091605,0.375807,0.914844,-0.084201,0.37423,0.90749,-0.077302
153,5100,True,0.9982,0.9982,0.358699,0.900083,0.0,0.404778,0.853683,-0.010728,0.445121,0.803015,-0.028452,0.468274,0.790472,-0.048555,0.479277,0.809397,-0.067297,0.400132,0.715665,-0.037491,0.387038,0.687185,-0.070694,0.371283,0.671961,-0.091647,0.353211,0.651923,-0.105526,0.345066,0.724221,-0.048231,0.408027,0.818004,-0.081592,0.431865,0.848144,-0.087144,0.432035,0.84567,-0.087589,0.309613,0.773857,-0.060528,0.38066,0.876718,-0.088778,0.402806,0.892091,-0.078472,0.398958,0.879181,-0.067256,0.288431,0.830018,-0.075311,0.342841,0.904751,-0.095239,0.360937,0.916891,-0.088676,0.354807,0.904923,-0.079083
154,5133,True,0.9982,0.9982,0.360089,0.891252,-0.0,0.402987,0.850865,-0.013031,0.444424,0.800161,-0.0316,0.463426,0.785575,-0.052151,0.467336,0.804305,-0.071671,0.395603,0.717995,-0.043038,0.373854,0.68441,-0.077562,0.352467,0.666996,-0.099567,0.332315,0.645965,-0.113575,0.337546,0.724847,-0.052602,0.399029,0.824029,-0.085765,0.423506,0.850649,-0.090961,0.425654,0.846963,-0.091315,0.301193,0.773956,-0.063717,0.370602,0.874616,-0.091979,0.394127,0.889442,-0.081694,0.393651,0.878148,-0.070479,0.279071,0.83007,-0.077468,0.330004,0.898705,-0.096192,0.348402,0.912405,-0.088753,0.346143,0.903684,-0.078696
155,5166,True,0.9968,0.9968,0.356421,0.890962,-0.0,0.401735,0.848156,-0.014041,0.443448,0.793715,-0.032106,0.464326,0.780702,-0.051991,0.466392,0.80635,-0.070876,0.390082,0.718078,-0.04219,0.370762,0.68808,-0.07515,0.35027,0.667684,-0.096297,0.332355,0.646471,-0.109695,0.333424,0.725957,-0.050361,0.397145,0.827943,-0.082185,0.421786,0.848675,-0.086579,0.424618,0.845713,-0.086169,0.298743,0.775215,-0.060185,0.369549,0.878094,-0.087243,0.391257,0.887732,-0.077524,0.390708,0.876028,-0.066195,0.278374,0.830947,-0.072851,0.329011,0.901694,-0.090671,0.345458,0.912503,-0.084429,0.342951,0.903857,-0.075014
156,5200,True,0.9981,0.9981,0.359605,0.892949,0.0,0.401561,0.851043,-0.013731,0.443724,0.793624,-0.032184,0.463436,0.780932,-0.052494,0.469859,0.806473,-0.071435,0.390014,0.719585,-0.042775,0.367688,0.68292,-0.076404,0.345338,0.658892,-0.098065,0.326554,0.638472,-0.111549,0.33178,0.727497,-0.051087,0.398415,0.828056,-0.082591,0.422207,0.845753,-0.086222,0.424326,0.845137,-0.08523,0.298009,0.777322,-0.061048,0.372159,0.879382,-0.087592,0.393665,0.887238,-0.076533,0.392422,0.877968,-0.064378,0.278926,0.83332,-0.073992,0.33446,0.904966,-0.090851,0.352706,0.915773,-0.083242,0.351081,0.907987,-0.072922
157,5233,True,0.9983,0.9983,0.362081,0.895706,-0.0,0.403361,0.852341,-0.014577,0.443374,0.801073,-0.035845,0.467405,0.786148,-0.059011,0.47479,0.804185,-0.08104,0.389094,0.716447,-0.047511,0.370545,0.681696,-0.083603,0.348998,0.65946,-0.106613,0.328312,0.635806,-0.1213,0.332348,0.727794,-0.056633,0.406438,0.830209,-0.09112,0.430567,0.85787,-0.096181,0.429679,0.854478,-0.096456,0.299298,0.780007,-0.067155,0.381167,0.884908,-0.095824,0.401738,0.895446,-0.08512,0.398117,0.881264,-0.073593,0.280957,0.83941,-0.080514,0.338867,0.910525,-0.098643,0.358973,0.92072,-0.090534,0.357747,0.911733,-0.079987
158,5266,True,0.998,0.998,0.362107,0.904763,-0.0,0.405806,0.853669,-0.013158,0.443974,0.799637,-0.034249,0.470924,0.784866,-0.058079,0.483141,0.806879,-0.081058,0.391963,0.716631,-0.0448,0.376372,0.685655,-0.07953,0.356662,0.664526,-0.102708,0.336566,0.639802,-0.118948,0.335438,0.730142,-0.055712,0.414158,0.831962,-0.091867,0.439271,0.860205,-0.099562,0.437587,0.855259,-0.102043,0.303595,0.783906,-0.067875,0.389039,0.888856,-0.096311,0.409178,0.899003,-0.0876,0.402324,0.883336,-0.078286,0.286495,0.844309,-0.08304,0.348488,0.915992,-0.102287,0.367042,0.924883,-0.096671,0.361505,0.914003,-0.088458
159,5300,True,0.998,0.998,0.370949,0.901849,-0.0,0.413859,0.853027,-0.012555,0.453152,0.795235,-0.03291,0.478291,0.784135,-0.055998,0.49002,0.814438,-0.078087,0.400737,0.71719,-0.045309,0.385017,0.688379,-0.08113,0.365209,0.667295,-0.1038,0.344955,0.640016,-0.119607,0.341623,0.728841,-0.056848,0.421756,0.832741,-0.09405,0.444557,0.864282,-0.099395,0.438472,0.857934,-0.099237,0.309321,0.783167,-0.069684,0.397292,0.891436,-0.099454,0.415679,0.903603,-0.087146,0.40449,0.886156,-0.074501,0.291331,0.84403,-0.08558,0.356879,0.920161,-0.106305,0.375131,0.930371,-0.098879,0.36682,0.918165,-0.088592
160,5333,True,0.9983,0.9983,0.374174,0.906749,-0.0,0.418184,0.855162,-0.012462,0.457481,0.793277,-0.033132,0.484421,0.78148,-0.056771,0.499687,0.81353,-0.079173,0.40642,0.716692,-0.045029,0.393592,0.685082,-0.081325,0.376164,0.662857,-0.103512,0.35693,0.636468,-0.119242,0.347223,0.729669,-0.057561,0.42927,0.831312,-0.097282,0.454427,0.863242,-0.103119,0.448494,0.855457,-0.102853,0.314933,0.784977,-0.071509,0.406414,0.894455,-0.102912,0.425775,0.907006,-0.090069,0.413921,0.887377,-0.076874,0.297378,0.846365,-0.088617,0.365981,0.923601,-0.11035,0.383681,0.935409,-0.102701,0.373437,0.921921,-0.092204
161,5366,True,0.998,0.998,0.383242,0.908904,0.0,0.427069,0.853684,-0.012741,0.463905,0.794031,-0.034007,0.491076,0.780189,-0.057908,0.510421,0.808885,-0.081444,0.414666,0.71878,-0.049073,0.403318,0.687102,-0.086095,0.386679,0.663156,-0.110286,0.367019,0.63421,-0.128016,0.355741,0.735058,-0.061894,0.435653,0.825421,-0.10298,0.465506,0.856285,-0.111317,0.466129,0.854494,-0.113491,0.321768,0.791444,-0.07562,0.413037,0.892418,-0.107743,0.435877,0.90705,-0.097488,0.428283,0.894078,-0.08644,0.302556,0.85317,-0.092328,0.37232,0.922602,-0.113971,0.391872,0.933825,-0.107086,0.382821,0.922597,-0.097803
162,5400,True,0.9977,0.9977,0.388777,0.915211,0.0,0.43353,0.857995,-0.011767,0.471528,0.793779,-0.031854,0.498758,0.779078,-0.054765,0.517846,0.810863,-0.077388,0.420841,0.725201,-0.047544,0.409833,0.690585,-0.083046,0.393151,0.665012,-0.106469,0.373548,0.63574,-0.12383,0.362418,0.74127,-0.060376,0.445559,0.830923,-0.100144,0.473355,0.860847,-0.108587,0.471152,0.859554,-0.111088,0.328673,0.796959,-0.073893,0.421271,0.896624,-0.104203,0.442056,0.909593,-0.094576,0.432694,0.896668,-0.084379,0.309454,0.85794,-0.090364,0.380422,0.926942,-0.110385,0.398441,0.936339,-0.103831,0.388056,0.925068,-0.095184
163,5433,True,0.9977,0.9977,0.39312,0.920745,0.0,0.438114,0.860567,-0.011668,0.476566,0.796882,-0.032511,0.506657,0.780129,-0.056269,0.527657,0.808104,-0.079801,0.426902,0.726471,-0.049425,0.417259,0.691202,-0.086089,0.40123,0.666069,-0.109899,0.381481,0.637037,-0.12706,0.369461,0.744754,-0.062472,0.456019,0.831704,-0.101925,0.483412,0.86126,-0.109023,0.479783,0.860411,-0.110546,0.336093,0.802231,-0.076237,0.431186,0.899044,-0.106782,0.452174,0.909718,-0.095745,0.442565,0.897102,-0.084328,0.316786,0.864955,-0.092948,0.390536,0.931614,-0.113689,0.408653,0.939983,-0.106371,0.39824,0.929722,-0.096682
164,5466,True,0.9978,0.9978,0.402106,0.927785,0.0,0.445595,0.867387,-0.011702,0.482087,0.806814,-0.034375,0.510814,0.785959,-0.060044,0.534763,0.805413,-0.08581,0.432502,0.729676,-0.052496,0.423685,0.691382,-0.091416,0.408256,0.665302,-0.116115,0.389046,0.636074,-0.133344,0.37524,0.749501,-0.065877,0.464575,0.828351,-0.107475,0.491811,0.866186,-0.11428,0.488118,0.871245,-0.115278,0.341652,0.806616,-0.079874,0.438699,0.896081,-0.113708,0.461248,0.914641,-0.10336,0.453128,0.908642,-0.091918,0.321377,0.869883,-0.096368,0.396457,0.931632,-0.118174,0.417149,0.944698,-0.110289,0.408818,0.938945,-0.100276
165,5500,True,0.9976,0.9976,0.408832,0.931171,0.0,0.45473,0.869187,-0.012574,0.493151,0.804374,-0.0353,0.521891,0.786289,-0.061188,0.541974,0.810197,-0.086739,0.438835,0.731996,-0.05046,0.42982,0.693364,-0.090219,0.413464,0.665838,-0.114427,0.392779,0.635541,-0.131116,0.382605,0.751011,-0.063922,0.474463,0.833067,-0.106317,0.502015,0.872338,-0.111935,0.49525,0.871683,-0.11111,0.349844,0.808037,-0.07846,0.448564,0.903755,-0.113242,0.468808,0.921012,-0.09987,0.456524,0.907581,-0.085507,0.329508,0.871746,-0.095857,0.40429,0.937136,-0.119444,0.423426,0.951155,-0.110385,0.411941,0.944079,-0.09842
166,5533,True,0.9976,0.9976,0.416819,0.931064,0.0,0.461154,0.866828,-0.011088,0.498484,0.801772,-0.03227,0.528248,0.782881,-0.056858,0.550031,0.807515,-0.081526,0.443709,0.727415,-0.046702,0.435208,0.692406,-0.083186,0.421183,0.665897,-0.106662,0.40221,0.635166,-0.123506,0.387319,0.748664,-0.060558,0.481261,0.831441,-0.100044,0.510339,0.869181,-0.106693,0.504743,0.872223,-0.107522,0.355404,0.808224,-0.075218,0.454375,0.900099,-0.107645,0.477121,0.915083,-0.097351,0.466656,0.903702,-0.086092,0.336118,0.873121,-0.092513,0.413499,0.936409,-0.114128,0.433623,0.948949,-0.106297,0.422975,0.942501,-0.096209
167,5566,True,0.9982,0.9982,0.424135,0.940505,0.0,0.46966,0.871567,-0.009311,0.507579,0.800047,-0.029837,0.536425,0.776877,-0.054462,0.556793,0.804586,-0.079026,0.450524,0.726748,-0.041401,0.442224,0.690011,-0.07684,0.429306,0.661236,-0.098415,0.410978,0.628916,-0.113596,0.394724,0.748057,-0.055892,0.489953,0.827904,-0.093779,0.517387,0.870873,-0.097367,0.506625,0.871502,-0.095365,0.363588,0.806968,-0.071431,0.463475,0.89547,-0.103118,0.483881,0.912703,-0.090215,0.467744,0.898903,-0.076785,0.344567,0.871673,-0.089392,0.421334,0.931534,-0.109351,0.440003,0.945281,-0.09888,0.425898,0.939107,-0.086652
168,5600,True,0.9983,0.9983,0.433931,0.932552,0.0,0.481752,0.86304,-0.010452,0.520019,0.792198,-0.032413,0.547204,0.768579,-0.058151,0.565537,0.800632,-0.084771,0.457965,0.721927,-0.044501,0.449841,0.682499,-0.080891,0.437983,0.652124,-0.10339,0.421535,0.619388,-0.118911,0.404929,0.745325,-0.058678,0.499086,0.812887,-0.097663,0.525278,0.862446,-0.102151,0.515247,0.871403,-0.100777,0.37346,0.802689,-0.073745,0.472494,0.88254,-0.106051,0.492705,0.905586,-0.09588,0.479879,0.897683,-0.084349,0.35379,0.867238,-0.090942,0.428507,0.921645,-0.108812,0.445443,0.936241,-0.098972,0.43227,0.931033,-0.088123
169,5633,True,0.9984,0.9984,0.443106,0.929111,0.0,0.490881,0.856247,-0.009219,0.528191,0.787028,-0.030151,0.555905,0.758443,-0.055043,0.57563,0.785633,-0.081049,0.464673,0.713224,-0.041915,0.458312,0.671338,-0.075101,0.447049,0.638968,-0.095923,0.431508,0.603154,-0.110855,0.413057,0.73635,-0.056475,0.509379,0.799945,-0.092358,0.535767,0.850575,-0.097123,0.525992,0.86229,-0.096671,0.382157,0.794621,-0.071538,0.483302,0.871617,-0.102561,0.503565,0.896224,-0.094699,0.491137,0.890547,-0.084951,0.362767,0.86053,-0.088333,0.433981,0.909613,-0.104977,0.450731,0.922652,-0.095659,0.439538,0.919286,-0.085452
170,5666,True,0.9986,0.9986,0.453124,0.917721,0.0,0.500954,0.848409,-0.009596,0.539006,0.780731,-0.030858,0.566319,0.751653,-0.055993,0.584578,0.772482,-0.08208,0.474011,0.701486,-0.042311,0.467951,0.658588,-0.075947,0.45929,0.624392,-0.097664,0.446874,0.58657,-0.113692,0.423487,0.724566,-0.057335,0.518759,0.787296,-0.095556,0.544538,0.837669,-0.10344,0.535885,0.849509,-0.105447,0.392962,0.782627,-0.072756,0.496459,0.859452,-0.106285,0.516133,0.887055,-0.100286,0.503977,0.883089,-0.091884,0.373482,0.848726,-0.089815,0.445779,0.89682,-0.108745,0.462789,0.91236,-0.100721,0.452286,0.909569,-0.091609
171,5700,True,0.999,0.999,0.458963,0.908633,0.0,0.510247,0.840922,-0.01233,0.551109,0.774614,-0.036099,0.5786,0.741455,-0.063089,0.591104,0.759437,-0.090894,0.481935,0.690292,-0.047152,0.476909,0.647838,-0.083274,0.471892,0.611577,-0.106091,0.464626,0.572224,-0.12276,0.432498,0.710774,-0.061524,0.531192,0.774316,-0.103013,0.554075,0.832749,-0.110712,0.542215,0.845855,-0.112153,0.4021,0.766893,-0.076468,0.508234,0.842435,-0.11216,0.523924,0.875192,-0.105027,0.508647,0.87189,-0.096023,0.383188,0.833195,-0.093269,0.458109,0.881067,-0.114181,0.474867,0.899218,-0.10649,0.464053,0.896979,-0.097591
172,5733,True,0.9993,0.9993,0.463409,0.89582,0.0,0.51938,0.828016,-0.011933,0.561822,0.763446,-0.036208,0.589699,0.728623,-0.06416,0.599502,0.743145,-0.093293,0.489686,0.675241,-0.04804,0.487305,0.627271,-0.085338,0.48648,0.5866,-0.107932,0.482561,0.545254,-0.123788,0.441281,0.695983,-0.062763,0.54027,0.753063,-0.105335,0.561994,0.815482,-0.111613,0.547921,0.833321,-0.111027,0.412389,0.751803,-0.078007,0.517755,0.820489,-0.11542,0.533863,0.855753,-0.10681,0.517286,0.857507,-0.095534,0.394506,0.816964,-0.094974,0.471264,0.861101,-0.116854,0.487646,0.879063,-0.108481,0.474871,0.878265,-0.098208
173,5766,True,0.9995,0.9995,0.469256,0.885156,0.0,0.529005,0.818168,-0.011998,0.570325,0.758733,-0.038397,0.596755,0.719128,-0.069262,0.602914,0.726145,-0.101419,0.500362,0.659776,-0.045856,0.499237,0.604907,-0.084936,0.497832,0.557853,-0.107042,0.494121,0.51289,-0.121488,0.452286,0.675599,-0.061044,0.546776,0.727178,-0.104402,0.565781,0.796734,-0.107526,0.549732,0.815634,-0.103265,0.422878,0.726983,-0.077321,0.524144,0.792956,-0.117375,0.538261,0.835932,-0.106215,0.520359,0.841686,-0.091776,0.404208,0.79024,-0.095208,0.479418,0.832757,-0.117516,0.49671,0.85627,-0.106531,0.484986,0.859463,-0.093589
174,5800,True,0.9997,0.9997,0.47088,0.871332,0.0,0.534163,0.807764,-0.010356,0.574472,0.75053,-0.035206,0.599436,0.711726,-0.064934,0.605179,0.710137,-0.096131,0.504835,0.641281,-0.041781,0.506529,0.581102,-0.080034,0.50842,0.530613,-0.102626,0.507242,0.483234,-0.117494,0.45964,0.655597,-0.058033,0.551451,0.702533,-0.101543,0.573013,0.775519,-0.106059,0.560179,0.799501,-0.102725,0.430921,0.70614,-0.075394,0.529474,0.763758,-0.116736,0.545128,0.812496,-0.106435,0.528681,0.824072,-0.09216,0.413115,0.769549,-0.094069,0.487899,0.805327,-0.117104,0.504963,0.83374,-0.105644,0.493416,0.841859,-0.092268
175,5833,True,0.9996,0.9996,0.470462,0.856759,0.0,0.536149,0.791547,-0.006885,0.577201,0.73191,-0.030539,0.601514,0.69291,-0.059532,0.606869,0.692925,-0.090399,0.508077,0.621628,-0.040344,0.51447,0.558051,-0.076881,0.517314,0.504906,-0.098946,0.516703,0.456291,-0.114085,0.465269,0.637058,-0.0589,0.558281,0.676138,-0.101977,0.580898,0.751897,-0.106432,0.570222,0.780357,-0.10328,0.437278,0.686865,-0.07802,0.535409,0.733272,-0.119156,0.553255,0.786789,-0.107901,0.540061,0.80329,-0.093038,0.420023,0.749559,-0.098149,0.493979,0.774291,-0.120949,0.513383,0.805593,-0.107905,0.505788,0.818162,-0.093556
176,5866,True,0.9994,0.9994,0.471266,0.842517,0.0,0.537387,0.779104,-0.005826,0.576758,0.721763,-0.028297,0.600896,0.685467,-0.056358,0.609547,0.672172,-0.085846,0.51087,0.605337,-0.037082,0.520612,0.535251,-0.071708,0.524894,0.480149,-0.093204,0.525457,0.429743,-0.108345,0.469596,0.619522,-0.055872,0.562325,0.655392,-0.099435,0.582185,0.732824,-0.106369,0.57068,0.763963,-0.10466,0.441857,0.667189,-0.074911,0.538833,0.709018,-0.115821,0.556566,0.766186,-0.10507,0.544781,0.785471,-0.09035,0.424202,0.727699,-0.094904,0.496661,0.750673,-0.117966,0.51656,0.782295,-0.105199,0.510535,0.794868,-0.090733
177,5900,True,0.9993,0.9993,0.468544,0.831076,0.0,0.536375,0.767103,-0.005151,0.575223,0.709034,-0.026429,0.600177,0.671958,-0.05329,0.614927,0.649985,-0.081314,0.513763,0.589466,-0.035748,0.525259,0.514835,-0.069335,0.528652,0.457612,-0.089952,0.528218,0.405033,-0.104634,0.473059,0.602368,-0.055005,0.565578,0.633656,-0.098404,0.583758,0.713017,-0.105404,0.571713,0.746012,-0.103429,0.444967,0.648562,-0.074414,0.540598,0.687554,-0.115711,0.55737,0.747358,-0.10465,0.545604,0.768533,-0.089376,0.426085,0.707682,-0.094708,0.494488,0.728732,-0.118557,0.516986,0.761403,-0.10556,0.515057,0.776165,-0.090551
178,5933,True,0.9993,0.9993,0.464965,0.823152,0.0,0.536112,0.759088,-0.003681,0.57513,0.697698,-0.024504,0.60187,0.658753,-0.0513,0.616216,0.639788,-0.079196,0.51216,0.575189,-0.034269,0.525833,0.498078,-0.067192,0.530847,0.440011,-0.087226,0.530864,0.38727,-0.101541,0.472105,0.589091,-0.054834,0.566543,0.616592,-0.097344,0.583965,0.69908,-0.10292,0.570481,0.731452,-0.099997,0.444428,0.635006,-0.075527,0.543244,0.67063,-0.117059,0.557854,0.735307,-0.10478,0.543656,0.75793,-0.088451,0.425967,0.693484,-0.09704,0.497753,0.71051,-0.121085,0.521828,0.747161,-0.106882,0.520636,0.765851,-0.090904
179,5966,True,0.9992,0.9992,0.460761,0.815889,0.0,0.532797,0.753177,-0.001663,0.5738,0.690229,-0.022169,0.60324,0.651405,-0.049321,0.617503,0.632162,-0.077623,0.510741,0.563935,-0.031178,0.523472,0.484589,-0.062881,0.529158,0.424379,-0.082498,0.529713,0.370831,-0.096784,0.471715,0.5788,-0.052849,0.566436,0.603626,-0.094908,0.583889,0.686095,-0.10091,0.570089,0.718478,-0.098432,0.444226,0.624233,-0.074441,0.542386,0.656188,-0.114934,0.556804,0.721898,-0.101922,0.542679,0.746158,-0.085347,0.425739,0.681595,-0.096788,0.497238,0.693803,-0.120224,0.520626,0.731973,-0.105392,0.518675,0.752675,-0.089041
180,6000,True,0.9989,0.9989,0.457176,0.809795,0.0,0.530014,0.745428,-0.001877,0.5712,0.683945,-0.023012,0.600636,0.647063,-0.050804,0.620571,0.626389,-0.079337,0.510642,0.554651,-0.030554,0.523355,0.474948,-0.062093,0.528307,0.414441,-0.081625,0.528457,0.360454,-0.095927,0.471852,0.568173,-0.051792,0.566313,0.595612,-0.092825,0.581638,0.676905,-0.098665,0.566875,0.708093,-0.096606,0.444187,0.612767,-0.073052,0.541952,0.646671,-0.112577,0.555331,0.711584,-0.099463,0.540466,0.735369,-0.083273,0.425901,0.669468,-0.095117,0.498233,0.682425,-0.117761,0.51994,0.721299,-0.102826,0.515752,0.742239,-0.086661
181,6033,True,0.999,0.999,0.454043,0.804651,0.0,0.526525,0.739046,-0.001815,0.565933,0.678963,-0.022101,0.592963,0.642092,-0.048965,0.615641,0.613395,-0.075955,0.508669,0.547292,-0.027395,0.521628,0.467351,-0.057809,0.527218,0.406738,-0.077186,0.52905,0.352621,-0.091407,0.470211,0.560068,-0.048172,0.563796,0.586903,-0.088133,0.577417,0.665071,-0.095291,0.563369,0.69683,-0.094427,0.443026,0.603181,-0.06907,0.541196,0.637073,-0.107105,0.552289,0.701097,-0.09469,0.537238,0.725668,-0.079288,0.4251,0.658494,-0.090911,0.499051,0.672253,-0.112916,0.519735,0.711599,-0.098828,0.515522,0.73235,-0.083288
182,6066,True,0.9991,0.9991,0.450642,0.80269,0.0,0.522754,0.737238,-0.0032,0.562299,0.678374,-0.024157,0.588428,0.641984,-0.051369,0.607615,0.607153,-0.078545,0.505427,0.541715,-0.029849,0.518907,0.462694,-0.06124,0.524429,0.400629,-0.081846,0.525647,0.344988,-0.096885,0.466094,0.55555,-0.050422,0.55997,0.583089,-0.091021,0.574795,0.660632,-0.099081,0.561805,0.693371,-0.099055,0.438466,0.600114,-0.071182,0.537604,0.631726,-0.109664,0.549558,0.695184,-0.09757,0.534679,0.720618,-0.082565,0.420591,0.657171,-0.09303,0.496241,0.667309,-0.115929,0.517075,0.705681,-0.102171,0.512307,0.72724,-0.086823
183,6100,True,0.999,0.999,0.448529,0.799188,0.0,0.520804,0.733607,-0.003122,0.561012,0.676405,-0.024697,0.5887,0.641411,-0.05262,0.604334,0.603903,-0.080671,0.502939,0.541434,-0.03246,0.515944,0.461595,-0.064821,0.521261,0.399307,-0.085752,0.522144,0.343855,-0.100808,0.464127,0.554417,-0.053331,0.557574,0.58068,-0.09474,0.574312,0.658039,-0.102459,0.563165,0.691891,-0.102074,0.436978,0.598194,-0.074309,0.535391,0.628196,-0.112877,0.548309,0.691575,-0.100185,0.53491,0.717989,-0.084839,0.420012,0.654503,-0.096445,0.493001,0.663655,-0.119583,0.514821,0.700701,-0.105852,0.512279,0.722722,-0.090526
184,6133,True,0.9989,0.9989,0.445247,0.800929,0.0,0.516991,0.735257,-0.005092,0.557386,0.676781,-0.027081,0.583863,0.640294,-0.054831,0.602763,0.607157,-0.082533,0.498412,0.542722,-0.033188,0.511031,0.463477,-0.065546,0.516847,0.402002,-0.08675,0.518767,0.346489,-0.102085,0.460955,0.555772,-0.053126,0.554257,0.578939,-0.094733,0.569507,0.653859,-0.103535,0.557344,0.687462,-0.10384,0.434389,0.599163,-0.073241,0.532207,0.628036,-0.112118,0.54404,0.690105,-0.100645,0.530653,0.716187,-0.085837,0.417287,0.655242,-0.094556,0.491055,0.664591,-0.117354,0.512451,0.701105,-0.104083,0.509956,0.722756,-0.08906
185,6166,True,0.9991,0.9991,0.444134,0.802945,0.0,0.515737,0.735673,-0.00596,0.555619,0.677398,-0.028383,0.580713,0.641099,-0.056319,0.597598,0.61169,-0.084114,0.49347,0.545602,-0.033478,0.505998,0.466765,-0.065657,0.511832,0.4067,-0.086877,0.514319,0.352531,-0.102236,0.456888,0.560518,-0.052958,0.549195,0.581921,-0.094206,0.564113,0.653845,-0.103302,0.552289,0.68524,-0.104032,0.431372,0.604694,-0.072674,0.528425,0.632318,-0.111151,0.54019,0.692209,-0.100252,0.527719,0.716708,-0.086021,0.415671,0.660849,-0.093649,0.489249,0.670092,-0.115864,0.510466,0.707407,-0.102552,0.508386,0.729585,-0.087723
186,6200,True,0.9991,0.9991,0.442115,0.80839,0.0,0.512618,0.740668,-0.003715,0.552405,0.68114,-0.024115,0.577781,0.643651,-0.050017,0.591762,0.612891,-0.076052,0.486999,0.553168,-0.033565,0.500502,0.472856,-0.064123,0.50538,0.413199,-0.084562,0.507043,0.358638,-0.099804,0.451329,0.568994,-0.053578,0.545191,0.587548,-0.093475,0.56124,0.65827,-0.102751,0.549361,0.690189,-0.104336,0.426934,0.614041,-0.073245,0.524353,0.636328,-0.110342,0.536501,0.696154,-0.099274,0.524168,0.721655,-0.085558,0.412625,0.671053,-0.093948,0.483338,0.672959,-0.115952,0.505669,0.708574,-0.102753,0.506428,0.732001,-0.088248
187,6233,True,0.9991,0.9991,0.439764,0.813278,0.0,0.508411,0.744213,-0.002992,0.546866,0.684449,-0.022868,0.571443,0.646108,-0.048369,0.587214,0.61586,-0.073907,0.482911,0.557756,-0.030981,0.497309,0.47945,-0.061105,0.501688,0.421347,-0.081167,0.502332,0.367737,-0.096009,0.447679,0.573717,-0.050982,0.540228,0.59065,-0.089478,0.556033,0.659708,-0.098373,0.543295,0.68935,-0.0998,0.424021,0.618272,-0.070733,0.520522,0.641598,-0.107794,0.533561,0.70129,-0.09748,0.521368,0.725863,-0.084044,0.410032,0.6742,-0.091302,0.482009,0.679555,-0.112622,0.504321,0.717307,-0.099106,0.503592,0.74091,-0.084375
188,6266,True,0.9991,0.9991,0.435607,0.8168,0.0,0.504335,0.747365,-0.003956,0.543037,0.688472,-0.024706,0.567673,0.649755,-0.051169,0.580621,0.619561,-0.077589,0.479364,0.563219,-0.031256,0.492458,0.485327,-0.062895,0.496837,0.426549,-0.083825,0.497614,0.373435,-0.098962,0.443344,0.578392,-0.051027,0.534567,0.593823,-0.091342,0.552367,0.663722,-0.100147,0.541099,0.69541,-0.100771,0.419335,0.622224,-0.070848,0.51495,0.645193,-0.108883,0.528475,0.704442,-0.098444,0.516213,0.729697,-0.084471,0.405283,0.677854,-0.091668,0.47833,0.685824,-0.113474,0.50044,0.721993,-0.100468,0.49841,0.74378,-0.08589
189,6300,True,0.9992,0.9992,0.429201,0.822306,0.0,0.497449,0.752134,-0.002448,0.535311,0.690873,-0.022837,0.560801,0.651832,-0.049288,0.580745,0.624238,-0.075968,0.472468,0.571172,-0.030312,0.486849,0.49307,-0.060754,0.492129,0.434201,-0.080575,0.494014,0.381086,-0.095241,0.43785,0.58661,-0.050902,0.531127,0.599252,-0.090983,0.548713,0.668938,-0.09923,0.537363,0.70074,-0.099545,0.415043,0.62985,-0.071344,0.511799,0.649443,-0.108967,0.525832,0.708585,-0.097883,0.514013,0.734802,-0.083708,0.401836,0.684732,-0.092707,0.473225,0.688993,-0.114475,0.496112,0.725272,-0.101326,0.495634,0.748789,-0.086828
190,6333,True,0.9991,0.9991,0.422829,0.826174,0.0,0.490845,0.756789,-0.002672,0.529055,0.6978,-0.02251,0.554621,0.660654,-0.048301,0.574491,0.630144,-0.074162,0.466933,0.5775,-0.028993,0.481873,0.500693,-0.058859,0.488666,0.442768,-0.078576,0.491752,0.390165,-0.093129,0.432977,0.592181,-0.048949,0.524981,0.604389,-0.088458,0.541344,0.671132,-0.097662,0.529538,0.702589,-0.098711,0.410915,0.634831,-0.068795,0.506868,0.655725,-0.105941,0.520467,0.71287,-0.096159,0.509093,0.738374,-0.082837,0.398649,0.688919,-0.08953,0.469866,0.695014,-0.111291,0.492106,0.729892,-0.099304,0.491603,0.751915,-0.085625
191,6366,True,0.9991,0.9991,0.418608,0.829839,0.0,0.484899,0.76196,-0.003451,0.522267,0.702281,-0.024005,0.548128,0.664589,-0.050434,0.572536,0.63885,-0.076907,0.460132,0.581891,-0.028359,0.475106,0.50457,-0.058276,0.483055,0.446651,-0.077965,0.487419,0.395115,-0.092346,0.426342,0.598466,-0.047988,0.519444,0.611019,-0.08751,0.536896,0.679218,-0.0961,0.525755,0.711674,-0.096437,0.404539,0.64172,-0.067716,0.501279,0.661621,-0.10442,0.513869,0.718698,-0.093927,0.501214,0.743741,-0.080052,0.392077,0.695476,-0.088417,0.466175,0.700384,-0.108898,0.486237,0.736016,-0.095761,0.482182,0.757328,-0.081416
192,6400,True,0.999,0.999,0.412573,0.832928,0.0,0.480664,0.764106,-0.003904,0.519102,0.703412,-0.024151,0.54508,0.663897,-0.050234,0.56525,0.64275,-0.076798,0.456114,0.587608,-0.029984,0.471334,0.509668,-0.059566,0.479006,0.451565,-0.079135,0.483704,0.399064,-0.093671,0.4224,0.60368,-0.049257,0.515132,0.616547,-0.089663,0.533087,0.684569,-0.098817,0.523507,0.719665,-0.099363,0.400605,0.646838,-0.068471,0.495763,0.664981,-0.105247,0.510674,0.720535,-0.095619,0.501645,0.748538,-0.082294,0.388295,0.700655,-0.088792,0.457424,0.704003,-0.109688,0.48051,0.736504,-0.098103,0.482502,0.759403,-0.084898
193,6433,True,0.9991,0.9991,0.407929,0.836673,0.0,0.477031,0.768848,-0.002484,0.51597,0.706264,-0.022352,0.542952,0.667395,-0.04828,0.567252,0.644998,-0.074741,0.451146,0.589257,-0.028065,0.468101,0.514959,-0.05735,0.475296,0.458202,-0.076988,0.479285,0.406251,-0.091928,0.417933,0.606091,-0.048459,0.512771,0.619425,-0.088298,0.529588,0.688077,-0.097527,0.518029,0.719373,-0.098505,0.396334,0.650633,-0.068732,0.492901,0.668381,-0.106111,0.507995,0.724802,-0.0963,0.497575,0.749924,-0.083016,0.384092,0.70582,-0.089838,0.454486,0.707881,-0.111325,0.477301,0.741527,-0.099046,0.477291,0.763717,-0.085486
194,6466,True,0.9991,0.9991,0.405248,0.839674,0.0,0.474932,0.772557,-0.004537,0.513424,0.711537,-0.025079,0.538322,0.67181,-0.051361,0.559353,0.648016,-0.07793,0.447368,0.591932,-0.028058,0.464206,0.518247,-0.057111,0.470541,0.461744,-0.076866,0.473378,0.410699,-0.091824,0.413786,0.610118,-0.047396,0.507849,0.625682,-0.087472,0.523461,0.692906,-0.097379,0.510808,0.72246,-0.098717,0.392284,0.655243,-0.066845,0.489069,0.674191,-0.104035,0.502619,0.729146,-0.094743,0.490803,0.752803,-0.081797,0.380443,0.710549,-0.087349,0.45266,0.713526,-0.108612,0.474217,0.746812,-0.096657,0.472768,0.767889,-0.083262
195,6500,True,0.999,0.999,0.402035,0.844479,0.0,0.471184,0.775042,-0.002327,0.510543,0.712846,-0.022035,0.536472,0.673043,-0.048032,0.551306,0.650791,-0.074759,0.44455,0.597586,-0.027501,0.461323,0.524439,-0.056771,0.467539,0.468808,-0.076154,0.469973,0.418134,-0.090834,0.411022,0.61586,-0.048297,0.5043,0.627752,-0.089089,0.520442,0.696434,-0.09862,0.507971,0.726805,-0.099423,0.389038,0.660812,-0.06906,0.485012,0.677772,-0.107111,0.499373,0.733521,-0.0976,0.487972,0.757336,-0.084268,0.3767,0.716444,-0.090636,0.446059,0.717135,-0.112504,0.469117,0.748592,-0.100651,0.469909,0.768866,-0.087324
196,6533,True,0.999,0.999,0.399316,0.846702,0.0,0.467027,0.777866,-0.002826,0.504558,0.714769,-0.021711,0.528684,0.675238,-0.046491,0.55194,0.655696,-0.071793,0.44106,0.599806,-0.025456,0.458072,0.526806,-0.052919,0.464244,0.471666,-0.071879,0.466997,0.421373,-0.086567,0.408303,0.619507,-0.045057,0.500526,0.632627,-0.08467,0.516924,0.697976,-0.095161,0.505591,0.728958,-0.096926,0.38725,0.664632,-0.06451,0.48129,0.681103,-0.100709,0.495428,0.734879,-0.09168,0.485332,0.760003,-0.079013,0.37497,0.71937,-0.084887,0.44533,0.720694,-0.105617,0.466634,0.753757,-0.093905,0.465929,0.775211,-0.080733
197,6566,True,0.9988,0.9988,0.397638,0.84862,0.0,0.465415,0.778851,-0.002812,0.503096,0.716073,-0.021087,0.526945,0.676664,-0.045256,0.550244,0.654574,-0.069771,0.43802,0.602073,-0.023351,0.454492,0.531057,-0.050198,0.46147,0.477208,-0.068836,0.46584,0.428029,-0.083276,0.405398,0.621067,-0.042465,0.496965,0.634874,-0.08116,0.512397,0.698845,-0.091798,0.500552,0.728232,-0.093895,0.38458,0.665453,-0.06158,0.478884,0.683809,-0.097163,0.49151,0.736238,-0.088831,0.480253,0.759313,-0.076831,0.372236,0.719811,-0.081629,0.443481,0.722832,-0.102192,0.464276,0.755136,-0.091213,0.46309,0.775193,-0.078672
198,6600,True,0.9989,0.9989,0.394752,0.849199,0.0,0.462505,0.778813,-0.003198,0.499686,0.716553,-0.021268,0.523214,0.677066,-0.045145,0.546449,0.652872,-0.069333,0.434975,0.602469,-0.022798,0.45257,0.532194,-0.049309,0.460122,0.478321,-0.067728,0.4646,0.429234,-0.081895,0.402362,0.621364,-0.041448,0.494335,0.635839,-0.079605,0.508982,0.700476,-0.09006,0.496578,0.730701,-0.091919,0.381887,0.665902,-0.060189,0.477287,0.684593,-0.095568,0.489661,0.737115,-0.087489,0.478376,0.760742,-0.075516,0.36998,0.720326,-0.079886,0.441795,0.723155,-0.100436,0.462836,0.754774,-0.089689,0.462151,0.774539,-0.077176
199,6633,True,0.999,0.999,0.391451,0.849114,0.0,0.45988,0.777963,-0.002649,0.497256,0.716015,-0.021503,0.52238,0.676708,-0.046432,0.545961,0.651044,-0.071858,0.432614,0.603883,-0.02473,0.450885,0.532525,-0.052362,0.459233,0.477774,-0.070864,0.464047,0.428002,-0.084978,0.399635,0.622416,-0.044172,0.493489,0.63536,-0.08358,0.509021,0.702323,-0.093365,0.496896,0.733748,-0.094407,0.379345,0.666831,-0.063675,0.47599,0.684737,-0.100073,0.490093,0.738704,-0.091198,0.479513,0.763238,-0.078444,0.368221,0.721189,-0.08412,0.438777,0.723817,-0.105407,0.461282,0.753828,-0.094748,0.462089,0.772422,-0.082239
200,6666,True,0.9989,0.9989,0.390288,0.846316,0.0,0.458186,0.775986,-0.001431,0.495899,0.71437,-0.019536,0.521763,0.676349,-0.043923,0.547963,0.649651,-0.068719,0.431835,0.602086,-0.022759,0.450221,0.530807,-0.049594,0.459225,0.476448,-0.067411,0.464774,0.427313,-0.08103,0.39926,0.619639,-0.042141,0.492104,0.633818,-0.080546,0.508114,0.700087,-0.089848,0.496666,0.73166,-0.090734,0.379331,0.663337,-0.061517,0.474628,0.682866,-0.097047,0.488658,0.73664,-0.088061,0.478064,0.761184,-0.075403,0.368458,0.716787,-0.081728,0.439487,0.721764,-0.102705,0.460874,0.752116,-0.092287,0.459669,0.769877,-0.080009
201,6700,True,0.9988,0.9988,0.387949,0.8448,0.0,0.456053,0.774641,-0.000729,0.493677,0.712752,-0.018709,0.519535,0.674429,-0.043178,0.544143,0.649256,-0.068158,0.430499,0.600229,-0.021575,0.449443,0.52875,-0.048223,0.458685,0.473639,-0.066194,0.463774,0.423956,-0.079968,0.398378,0.617822,-0.041445,0.491833,0.631572,-0.079822,0.508273,0.698475,-0.089444,0.496273,0.730105,-0.090428,0.378698,0.661101,-0.061227,0.474434,0.679854,-0.096606,0.489022,0.734214,-0.08749,0.478025,0.758966,-0.074689,0.367663,0.713941,-0.081805,0.439219,0.718752,-0.102512,0.460579,0.750264,-0.091591,0.458698,0.768981,-0.078948
202,6733,True,0.9988,0.9988,0.388345,0.844066,0.0,0.458394,0.772899,-0.001394,0.496005,0.711401,-0.019461,0.52096,0.671093,-0.044257,0.540961,0.646617,-0.069392,0.43002,0.597185,-0.019235,0.449609,0.526939,-0.045988,0.458871,0.471384,-0.064116,0.464192,0.421344,-0.077967,0.397996,0.613963,-0.038807,0.490832,0.630162,-0.077925,0.505547,0.699052,-0.087504,0.493078,0.730854,-0.087917,0.378675,0.656545,-0.058642,0.473946,0.678224,-0.094561,0.486911,0.733761,-0.085293,0.475592,0.759031,-0.071942,0.36796,0.709118,-0.079478,0.439541,0.71622,-0.10049,0.458837,0.748881,-0.089857,0.455655,0.767965,-0.077177
203,6766,True,0.9989,0.9989,0.389001,0.84267,0.0,0.45735,0.772574,-0.000575,0.494533,0.711475,-0.017843,0.518655,0.672152,-0.041779,0.539064,0.645337,-0.066133,0.431279,0.596387,-0.019723,0.449865,0.524219,-0.04607,0.458966,0.468901,-0.064014,0.464518,0.418794,-0.077613,0.399009,0.612898,-0.039289,0.490835,0.629045,-0.077612,0.506156,0.696833,-0.087311,0.494491,0.730153,-0.088116,0.379128,0.655382,-0.0589,0.473904,0.676131,-0.094168,0.487316,0.731216,-0.085206,0.476979,0.757899,-0.072241,0.367773,0.707848,-0.079362,0.438561,0.712275,-0.100195,0.458263,0.745056,-0.089526,0.456267,0.765561,-0.076782
204,6800,True,0.999,0.999,0.388228,0.843964,0.0,0.455898,0.775667,-0.002034,0.492441,0.71445,-0.020413,0.51739,0.674341,-0.045036,0.539186,0.643429,-0.069845,0.430779,0.597291,-0.023974,0.448548,0.525663,-0.051924,0.458716,0.469584,-0.069991,0.465904,0.419504,-0.083482,0.398351,0.613066,-0.043455,0.491862,0.628417,-0.083259,0.507279,0.698891,-0.091989,0.496111,0.732617,-0.091776,0.378245,0.655387,-0.063122,0.474014,0.676762,-0.099969,0.486748,0.733222,-0.090404,0.475384,0.758661,-0.076752,0.367093,0.708737,-0.083707,0.437297,0.714679,-0.105518,0.457915,0.744584,-0.095234,0.456483,0.76175,-0.082713
205,6833,True,0.999,0.999,0.390194,0.845649,0.0,0.458868,0.778911,-0.000291,0.49827,0.719066,-0.016685,0.52401,0.680694,-0.039567,0.536899,0.650358,-0.062596,0.432974,0.600668,-0.020997,0.451386,0.529285,-0.047879,0.463009,0.474493,-0.065755,0.472561,0.425791,-0.079117,0.40084,0.61513,-0.040515,0.492231,0.633921,-0.078364,0.508723,0.702352,-0.087271,0.499953,0.735655,-0.087979,0.380462,0.65709,-0.060077,0.473581,0.680511,-0.095048,0.486304,0.735826,-0.085963,0.47683,0.760963,-0.073343,0.369227,0.710464,-0.080494,0.437921,0.716877,-0.101492,0.457106,0.746812,-0.091491,0.455468,0.764419,-0.079483
206,6866,True,0.9991,0.9991,0.3921,0.847668,0.0,0.461261,0.783197,-0.000967,0.500546,0.724146,-0.018451,0.527829,0.687192,-0.042329,0.542176,0.656236,-0.066448,0.437632,0.602621,-0.023391,0.458491,0.530513,-0.051914,0.471897,0.476043,-0.070961,0.482744,0.428034,-0.08477,0.406625,0.617817,-0.042956,0.501343,0.63785,-0.081281,0.513923,0.706198,-0.089992,0.501815,0.736648,-0.090625,0.387126,0.660017,-0.062617,0.48277,0.684402,-0.097852,0.492502,0.739662,-0.088266,0.480437,0.76248,-0.075499,0.37659,0.712763,-0.083219,0.448573,0.720732,-0.104285,0.464856,0.754105,-0.093306,0.459716,0.772748,-0.08059
207,6899,True,0.9991,0.9991,0.396748,0.845334,0.0,0.466699,0.779457,-0.000602,0.503643,0.722795,-0.018358,0.529971,0.686567,-0.042401,0.548079,0.652014,-0.066234,0.443064,0.602897,-0.023067,0.46706,0.528489,-0.052361,0.481674,0.47336,-0.071737,0.49395,0.425319,-0.085535,0.413075,0.618358,-0.042582,0.510549,0.635839,-0.081405,0.524558,0.704487,-0.08965,0.513857,0.736875,-0.089939,0.394197,0.658482,-0.062436,0.492276,0.679132,-0.09788,0.501453,0.734268,-0.087541,0.488317,0.757978,-0.074327,0.3843,0.709355,-0.083207,0.458947,0.713497,-0.104355,0.472389,0.747753,-0.092946,0.462695,0.767111,-0.080079
208,6933,True,0.9985,0.9985,0.406004,0.827093,0.0,0.476265,0.764227,-0.000755,0.514479,0.703923,-0.018518,0.541945,0.667073,-0.042468,0.5614,0.639455,-0.066401,0.454061,0.582064,-0.021168,0.475482,0.505632,-0.048353,0.489478,0.450366,-0.065966,0.50114,0.402992,-0.078381,0.423957,0.593442,-0.039438,0.516948,0.612057,-0.076456,0.53011,0.68585,-0.082673,0.51883,0.722634,-0.080908,0.404942,0.629953,-0.057914,0.498316,0.650085,-0.091738,0.508889,0.711189,-0.078896,0.497406,0.742072,-0.063623,0.394432,0.678296,-0.077335,0.466172,0.683858,-0.097069,0.481679,0.725347,-0.083498,0.475703,0.75027,-0.068685
209,6966,True,0.9979,0.9979,0.412849,0.80828,0.0,0.482954,0.750881,-0.006908,0.523493,0.690247,-0.026167,0.549907,0.650254,-0.050622,0.557226,0.612585,-0.07468,0.458668,0.559803,-0.02245,0.477943,0.4809,-0.050744,0.491541,0.4217,-0.069047,0.503458,0.370897,-0.081564,0.428126,0.571739,-0.038395,0.522586,0.581141,-0.07847,0.536485,0.657963,-0.086377,0.525215,0.698335,-0.084131,0.40793,0.60708,-0.055253,0.501687,0.620383,-0.091786,0.509835,0.684461,-0.079604,0.495707,0.717642,-0.063155,0.396458,0.654789,-0.073522,0.46651,0.653547,-0.095482,0.482213,0.694706,-0.082536,0.475996,0.721401,-0.067063
210,7000,True,0.9977,0.9977,0.41235,0.789401,0.0,0.482507,0.733161,-0.005053,0.524444,0.667966,-0.022551,0.551671,0.625386,-0.045619,0.565076,0.594041,-0.068937,0.459925,0.539012,-0.022768,0.48222,0.455055,-0.051492,0.495816,0.394415,-0.06999,0.507487,0.340331,-0.082744,0.428423,0.549682,-0.039438,0.525784,0.556979,-0.080038,0.543048,0.6358,-0.08755,0.533632,0.6796,-0.084967,0.407533,0.584685,-0.0568,0.503777,0.596028,-0.094445,0.514418,0.663465,-0.08264,0.501581,0.699535,-0.066087,0.39527,0.632251,-0.075265,0.466913,0.626967,-0.097511,0.485096,0.670428,-0.084192,0.48144,0.700397,-0.068364
211,7033,True,0.998,0.998,0.412248,0.776738,0.0,0.486406,0.716843,-0.003722,0.532193,0.652098,-0.020842,0.55842,0.610489,-0.04411,0.569209,0.57974,-0.067683,0.465269,0.521543,-0.020914,0.486565,0.437518,-0.049436,0.5014,0.377055,-0.068964,0.513189,0.323996,-0.082746,0.431137,0.531968,-0.03875,0.525439,0.555868,-0.078474,0.536594,0.630613,-0.088479,0.520828,0.66797,-0.088755,0.408635,0.569384,-0.057054,0.504553,0.596751,-0.093024,0.509688,0.659118,-0.083116,0.493178,0.68736,-0.06905,0.394764,0.61894,-0.076552,0.466109,0.626171,-0.097194,0.480573,0.668014,-0.08431,0.47489,0.693285,-0.069346
212,7066,True,0.9982,0.9982,0.410717,0.78407,0.0,0.488699,0.726059,-0.009009,0.532889,0.668211,-0.032494,0.559209,0.625466,-0.061691,0.564523,0.592131,-0.090832,0.475284,0.528049,-0.033774,0.493232,0.446122,-0.068966,0.509627,0.384616,-0.09114,0.521876,0.332331,-0.106231,0.437888,0.535468,-0.051657,0.52894,0.564291,-0.096282,0.543515,0.644479,-0.104103,0.530924,0.681564,-0.102378,0.411563,0.574824,-0.070584,0.50579,0.612064,-0.111075,0.513496,0.677219,-0.098621,0.498321,0.704488,-0.082445,0.394567,0.62767,-0.091317,0.465535,0.646247,-0.114187,0.4802,0.686818,-0.100901,0.472707,0.708185,-0.085716
213,7100,True,0.9985,0.9985,0.410707,0.812684,-0.0,0.487417,0.754405,-0.003983,0.53108,0.701548,-0.028532,0.559951,0.669154,-0.060184,0.578464,0.645961,-0.092276,0.488324,0.562213,-0.033863,0.511422,0.482232,-0.067717,0.530132,0.424183,-0.08812,0.545434,0.377431,-0.102683,0.448206,0.572565,-0.054662,0.53626,0.612652,-0.095591,0.547653,0.689933,-0.10154,0.535624,0.716644,-0.100942,0.419359,0.615276,-0.075906,0.509291,0.664335,-0.111828,0.514724,0.722083,-0.098623,0.496482,0.737397,-0.085214,0.398902,0.670099,-0.098696,0.469416,0.701979,-0.118601,0.479583,0.737906,-0.105044,0.464941,0.746806,-0.091932
214,7133,True,0.9961,0.9961,0.391822,0.861188,-0.0,0.478625,0.809164,-0.006344,0.535998,0.769682,-0.035672,0.580965,0.762271,-0.07184,0.610698,0.768863,-0.108841,0.497446,0.616119,-0.037132,0.533906,0.566197,-0.075297,0.55718,0.521346,-0.101326,0.573193,0.482578,-0.120842,0.458903,0.625666,-0.059237,0.550382,0.697278,-0.103729,0.552737,0.773552,-0.112438,0.530398,0.791185,-0.114797,0.428669,0.673707,-0.082084,0.518767,0.751106,-0.120982,0.518086,0.807334,-0.109145,0.493476,0.811886,-0.097034,0.405976,0.73527,-0.106789,0.474792,0.79306,-0.127641,0.477554,0.82464,-0.114773,0.457121,0.821141,-0.103094
215,7166,True,0.9978,0.9978,0.384725,0.906997,-0.0,0.469828,0.837052,-0.0025,0.544268,0.776202,-0.022149,0.596889,0.768441,-0.04501,0.61403,0.812984,-0.068033,0.500814,0.683744,-0.047875,0.536876,0.667595,-0.080734,0.568871,0.65689,-0.101541,0.592254,0.650921,-0.116778,0.461761,0.703248,-0.067551,0.557822,0.813458,-0.104405,0.559071,0.870572,-0.10958,0.539268,0.87699,-0.11187,0.428164,0.760525,-0.086076,0.523339,0.874781,-0.118867,0.51903,0.904173,-0.113801,0.497201,0.886433,-0.108175,0.405075,0.829142,-0.10516,0.483071,0.912173,-0.122815,0.483874,0.928221,-0.11455,0.463135,0.911158,-0.107751
216,7200,True,0.9965,0.9965,0.384489,0.945635,-0.0,0.47069,0.89067,-0.008049,0.549245,0.844743,-0.026245,0.600449,0.853785,-0.046673,0.615178,0.89572,-0.067258,0.514603,0.738031,-0.047562,0.555923,0.754366,-0.084523,0.588563,0.762389,-0.108818,0.617363,0.771371,-0.125378,0.47357,0.758153,-0.064995,0.565066,0.892812,-0.103373,0.548774,0.925842,-0.111877,0.526287,0.912225,-0.116327,0.435829,0.813869,-0.082993,0.525892,0.953918,-0.116852,0.50823,0.959341,-0.115995,0.489934,0.924855,-0.112578,0.404971,0.882327,-0.102578,0.482972,0.982887,-0.123674,0.474074,0.980131,-0.121174,0.45379,0.95099,-0.117499
217,7233,True,0.9961,0.9961,0.388708,0.947054,0.0,0.471853,0.898171,-0.011686,0.550769,0.860476,-0.032973,0.606058,0.87174,-0.055157,0.624216,0.912642,-0.076495,0.520586,0.754325,-0.047407,0.566066,0.777575,-0.079037,0.601782,0.782356,-0.099519,0.631559,0.791506,-0.11432,0.484343,0.778602,-0.062971,0.578483,0.914852,-0.096315,0.558466,0.94048,-0.100231,0.537047,0.922083,-0.101919,0.450635,0.832146,-0.079374,0.542713,0.969508,-0.106641,0.517939,0.967107,-0.100091,0.495814,0.932433,-0.094784,0.422308,0.900193,-0.098293,0.496409,1.001871,-0.114204,0.478883,0.996443,-0.108223,0.452539,0.967326,-0.103241
218,7266,True,0.998,0.998,0.414862,0.941213,0.0,0.49035,0.895884,-0.007044,0.564295,0.857052,-0.027657,0.621405,0.863576,-0.050308,0.645898,0.898976,-0.073491,0.538272,0.754018,-0.046462,0.584419,0.764184,-0.078808,0.62274,0.766221,-0.098565,0.653651,0.770081,-0.111663,0.501009,0.772264,-0.063609,0.597159,0.897598,-0.096548,0.576022,0.935308,-0.096896,0.550334,0.920018,-0.09479,0.466709,0.821332,-0.080919,0.561112,0.94878,-0.110691,0.537935,0.964297,-0.099914,0.513361,0.937607,-0.089541,0.435964,0.885039,-0.099426,0.514805,0.976748,-0.114191,0.503031,0.983767,-0.102336,0.477787,0.961056,-0.092108
219,7300,True,0.9996,0.9996,0.440453,0.930579,0.0,0.514843,0.886865,-0.007921,0.580004,0.842606,-0.031106,0.629341,0.837272,-0.055411,0.651892,0.869012,-0.08006,0.55565,0.732361,-0.052086,0.607383,0.72287,-0.090734,0.651033,0.707014,-0.113925,0.686705,0.695592,-0.128117,0.519877,0.744555,-0.068883,0.618964,0.851155,-0.107759,0.603685,0.912017,-0.106525,0.578967,0.916476,-0.100598,0.487047,0.790596,-0.086137,0.586807,0.903874,-0.122558,0.57123,0.94141,-0.109554,0.546392,0.927699,-0.094732,0.460209,0.855888,-0.104163,0.544508,0.935816,-0.121741,0.542012,0.959393,-0.106756,0.518516,0.94783,-0.092704
220,7333,True,0.9997,0.9997,0.451878,0.904949,0.0,0.528871,0.864189,-0.001122,0.590607,0.818617,-0.023641,0.641764,0.802705,-0.049791,0.672655,0.820589,-0.077025,0.569685,0.703442,-0.046043,0.623862,0.668393,-0.087311,0.668246,0.631724,-0.11321,0.702905,0.603474,-0.129174,0.536271,0.712448,-0.066253,0.638628,0.808055,-0.106551,0.628142,0.874987,-0.105784,0.60392,0.886089,-0.100566,0.503753,0.755803,-0.086676,0.606627,0.85392,-0.126586,0.594702,0.898394,-0.11211,0.570086,0.893032,-0.096058,0.477428,0.817456,-0.1071,0.562918,0.882403,-0.127461,0.566114,0.914496,-0.110169,0.546369,0.913201,-0.094042
221,7366,True,0.9985,0.9985,0.459953,0.879427,0.0,0.544159,0.834121,-0.00039,0.603964,0.78664,-0.022783,0.65188,0.767292,-0.05034,0.67821,0.781803,-0.078733,0.580237,0.668595,-0.036415,0.640661,0.629211,-0.070449,0.681301,0.589269,-0.092635,0.712974,0.555394,-0.108786,0.545604,0.677238,-0.057454,0.646643,0.764086,-0.096003,0.638267,0.830761,-0.097757,0.615989,0.842167,-0.09536,0.514166,0.718996,-0.07834,0.61426,0.806263,-0.112954,0.604929,0.854305,-0.09705,0.58074,0.853305,-0.082079,0.487934,0.775883,-0.100064,0.56972,0.836616,-0.118127,0.571026,0.868697,-0.101871,0.55035,0.86549,-0.087438
222,7399,True,0.9984,0.9984,0.470872,0.844164,0.0,0.560216,0.806121,-0.001081,0.618777,0.760827,-0.02679,0.662303,0.73464,-0.058473,0.677338,0.742937,-0.090784,0.58233,0.630019,-0.041206,0.635701,0.569487,-0.078802,0.673786,0.522328,-0.100709,0.703941,0.484222,-0.116152,0.545399,0.63732,-0.063526,0.646972,0.710007,-0.107875,0.638482,0.784689,-0.108828,0.616261,0.796055,-0.103923,0.514895,0.677153,-0.085694,0.613357,0.756185,-0.124284,0.604442,0.809652,-0.106079,0.580866,0.807774,-0.08844,0.491404,0.731417,-0.108727,0.566759,0.788837,-0.128431,0.566607,0.822348,-0.111156,0.546227,0.817198,-0.095672
223,7433,True,0.9987,0.9987,0.473033,0.817074,0.0,0.562884,0.77478,-0.006694,0.615125,0.729398,-0.033572,0.651244,0.699403,-0.065134,0.667791,0.692216,-0.097156,0.580338,0.592674,-0.047118,0.622297,0.520234,-0.08564,0.652628,0.464213,-0.108892,0.676134,0.417344,-0.125376,0.538117,0.599414,-0.067815,0.633964,0.659605,-0.116114,0.63505,0.743523,-0.120955,0.617594,0.772849,-0.117781,0.503862,0.640051,-0.088596,0.600803,0.711017,-0.130153,0.604109,0.771014,-0.11361,0.586363,0.784434,-0.096132,0.477977,0.695598,-0.110771,0.552354,0.743576,-0.133537,0.561959,0.778232,-0.117796,0.548414,0.780611,-0.10245
224,7466,True,0.9981,0.9981,0.471266,0.792564,0.0,0.548875,0.742244,-0.010408,0.596303,0.695421,-0.038612,0.629703,0.666099,-0.070906,0.64126,0.655812,-0.102684,0.570611,0.556973,-0.047733,0.602687,0.47867,-0.086562,0.622604,0.417837,-0.10997,0.635891,0.364791,-0.126624,0.525032,0.563221,-0.06667,0.608268,0.613879,-0.114102,0.611758,0.698487,-0.118796,0.597205,0.722549,-0.115952,0.488751,0.601763,-0.086212,0.57763,0.668475,-0.128054,0.581591,0.730139,-0.111645,0.564253,0.740484,-0.094184,0.461012,0.656144,-0.107576,0.532519,0.700894,-0.130228,0.543424,0.738186,-0.114351,0.529548,0.740793,-0.098815
225,7500,True,0.9983,0.9983,0.445909,0.783149,0.0,0.525219,0.728087,-0.008364,0.568247,0.675998,-0.035211,0.596679,0.640494,-0.066846,0.619158,0.620706,-0.09881,0.529383,0.537247,-0.046127,0.558811,0.45214,-0.084579,0.577352,0.387407,-0.10834,0.591058,0.329811,-0.125333,0.485075,0.547456,-0.065782,0.57668,0.590646,-0.11273,0.582213,0.673514,-0.119008,0.565863,0.700205,-0.11775,0.450935,0.589239,-0.085705,0.544314,0.643377,-0.127554,0.549541,0.704652,-0.111695,0.5323,0.718714,-0.094909,0.425527,0.643988,-0.107079,0.496148,0.67651,-0.128789,0.510291,0.715319,-0.111646,0.499888,0.725108,-0.095432
226,7533,True,0.9981,0.9981,0.425139,0.784315,0.0,0.502449,0.733268,-0.013394,0.544475,0.679443,-0.040654,0.568991,0.640219,-0.072376,0.572781,0.600683,-0.104014,0.4907,0.529397,-0.046387,0.509631,0.434216,-0.084139,0.525332,0.36607,-0.108029,0.536573,0.309777,-0.124505,0.446236,0.539539,-0.063567,0.536375,0.572583,-0.108602,0.546826,0.651388,-0.116069,0.531438,0.677693,-0.115721,0.41311,0.581512,-0.08154,0.505335,0.622371,-0.122476,0.511134,0.685292,-0.108107,0.492477,0.701571,-0.092429,0.38927,0.636814,-0.101535,0.459046,0.661178,-0.125008,0.474545,0.700475,-0.109415,0.465197,0.713677,-0.093418
227,7566,True,0.9983,0.9983,0.39814,0.796989,0.0,0.469236,0.731846,-0.014036,0.505397,0.67547,-0.042246,0.526829,0.635882,-0.074621,0.53573,0.59485,-0.106396,0.453965,0.532766,-0.048197,0.460621,0.438957,-0.086991,0.464966,0.368754,-0.11077,0.466117,0.311434,-0.127058,0.405458,0.545022,-0.064603,0.488785,0.569221,-0.106975,0.505945,0.644423,-0.112482,0.496968,0.671038,-0.111659,0.370352,0.58995,-0.082013,0.461403,0.632305,-0.121821,0.471792,0.690908,-0.107257,0.454785,0.707446,-0.092111,0.344781,0.648767,-0.101493,0.41608,0.676328,-0.125074,0.435967,0.714714,-0.10961,0.427666,0.728416,-0.093835
228,7600,True,0.999,0.999,0.384027,0.806897,0.0,0.448653,0.735902,-0.023222,0.482194,0.681581,-0.057404,0.502762,0.642924,-0.09451,0.504249,0.60826,-0.130604,0.421443,0.543177,-0.059509,0.415152,0.455057,-0.102204,0.408443,0.390246,-0.128069,0.400237,0.334479,-0.14597,0.368141,0.559485,-0.073378,0.441919,0.585665,-0.121636,0.464806,0.660627,-0.129633,0.462405,0.682471,-0.129541,0.330759,0.606793,-0.088823,0.419155,0.660113,-0.132532,0.437003,0.717718,-0.118484,0.427124,0.730672,-0.102994,0.306038,0.666712,-0.107451,0.371284,0.700069,-0.133468,0.395976,0.739175,-0.119006,0.393987,0.752536,-0.103554
229,7633,True,0.9989,0.9989,0.373068,0.820228,0.0,0.429768,0.750457,-0.022479,0.469191,0.691188,-0.05464,0.489603,0.647981,-0.089306,0.475476,0.640918,-0.12386,0.392056,0.562819,-0.059652,0.378505,0.482582,-0.100353,0.366053,0.423859,-0.125159,0.354201,0.37206,-0.142994,0.337078,0.586202,-0.073718,0.409693,0.616882,-0.124009,0.442595,0.685034,-0.133913,0.448205,0.711011,-0.134679,0.300693,0.642706,-0.088623,0.387337,0.70214,-0.130027,0.409329,0.751887,-0.117057,0.404249,0.76548,-0.102485,0.280077,0.709601,-0.106795,0.342223,0.747669,-0.128078,0.365336,0.777864,-0.11375,0.361239,0.785395,-0.099472
230,7666,True,0.999,0.999,0.365152,0.857276,-0.0,0.414733,0.787709,-0.023862,0.453593,0.724535,-0.053786,0.476901,0.68048,-0.085509,0.461958,0.678352,-0.117012,0.37617,0.603233,-0.057765,0.360224,0.532093,-0.098627,0.341499,0.482811,-0.123015,0.321925,0.436342,-0.140252,0.317064,0.626039,-0.069373,0.385815,0.669277,-0.119168,0.420896,0.738955,-0.128247,0.426143,0.761689,-0.128066,0.279362,0.683329,-0.082416,0.367981,0.753707,-0.123976,0.392934,0.800475,-0.112269,0.389024,0.8085,-0.098122,0.257856,0.751407,-0.098854,0.322271,0.800117,-0.12152,0.350916,0.828858,-0.109688,0.350928,0.832245,-0.096573
231,7700,True,0.9985,0.9985,0.369217,0.880941,-0.0,0.419592,0.818069,-0.022941,0.461923,0.75375,-0.050651,0.482101,0.716961,-0.080566,0.464469,0.724346,-0.109953,0.382617,0.639519,-0.051045,0.370041,0.587285,-0.090442,0.355454,0.549327,-0.11391,0.339691,0.509119,-0.130441,0.322615,0.659,-0.061587,0.394356,0.72938,-0.106969,0.425729,0.787847,-0.115794,0.424866,0.796837,-0.116051,0.28519,0.716609,-0.074085,0.371859,0.807927,-0.113536,0.396077,0.842239,-0.104545,0.389549,0.833689,-0.092342,0.262845,0.785416,-0.089775,0.327771,0.849836,-0.113198,0.356274,0.870391,-0.104622,0.355577,0.863396,-0.093321
232,7733,True,0.9986,0.9986,0.380358,0.906441,-0.0,0.431943,0.847474,-0.019404,0.475082,0.786347,-0.046568,0.499052,0.747833,-0.07658,0.498983,0.753358,-0.106333,0.409011,0.682992,-0.054318,0.40166,0.632686,-0.096013,0.398066,0.596753,-0.120978,0.393381,0.556917,-0.138037,0.350451,0.696266,-0.065818,0.427851,0.764895,-0.113834,0.453545,0.823628,-0.123039,0.448057,0.839308,-0.123249,0.314627,0.749263,-0.078634,0.405894,0.837568,-0.120141,0.425515,0.874376,-0.112566,0.414713,0.873601,-0.100685,0.293969,0.813628,-0.093912,0.361237,0.874132,-0.118709,0.381137,0.894726,-0.111716,0.370971,0.891462,-0.101313
233,7766,True,0.9979,0.9979,0.393064,0.923696,-0.0,0.448637,0.856671,-0.010619,0.492516,0.79484,-0.032312,0.521838,0.767413,-0.05867,0.545131,0.774743,-0.085516,0.441868,0.699039,-0.038061,0.453201,0.653791,-0.073719,0.463478,0.619413,-0.095465,0.47387,0.581275,-0.110701,0.390192,0.712626,-0.052035,0.481386,0.785645,-0.094282,0.497742,0.842911,-0.102945,0.485929,0.855244,-0.102993,0.35767,0.764783,-0.067098,0.456455,0.855554,-0.104025,0.465937,0.886389,-0.09836,0.448102,0.878659,-0.087922,0.33576,0.826707,-0.08397,0.410621,0.891598,-0.106668,0.422429,0.909962,-0.101253,0.405602,0.901747,-0.092001
234,7800,True,0.9996,0.9996,0.407285,0.927099,0.0,0.474507,0.861408,-0.004338,0.523606,0.804409,-0.02353,0.55852,0.774508,-0.048113,0.572037,0.778691,-0.07404,0.469946,0.695079,-0.031569,0.494218,0.652359,-0.064935,0.519923,0.620855,-0.086507,0.544223,0.589746,-0.101676,0.426457,0.706504,-0.049274,0.522957,0.782686,-0.088592,0.536605,0.84569,-0.09795,0.526004,0.861487,-0.09993,0.394887,0.757599,-0.067519,0.496838,0.848604,-0.103674,0.504183,0.889614,-0.099161,0.48805,0.889966,-0.090701,0.373672,0.823518,-0.086744,0.44933,0.883295,-0.108344,0.461777,0.908854,-0.101394,0.449035,0.906584,-0.092169
235,7833,True,0.9994,0.9994,0.418979,0.922454,0.0,0.494861,0.864514,-0.002376,0.547606,0.809642,-0.020796,0.582117,0.782338,-0.044804,0.594605,0.786032,-0.070776,0.493006,0.692892,-0.029242,0.52087,0.646302,-0.062206,0.55188,0.612648,-0.08396,0.5776,0.582375,-0.099039,0.451216,0.705711,-0.048714,0.540717,0.773649,-0.087268,0.556542,0.846721,-0.094906,0.545677,0.869087,-0.095294,0.419837,0.756248,-0.06856,0.513891,0.838806,-0.104037,0.523936,0.888251,-0.096591,0.508891,0.893382,-0.08576,0.397704,0.818907,-0.089169,0.470273,0.874803,-0.107261,0.484836,0.904403,-0.095608,0.474302,0.905288,-0.083427
236,7866,True,0.9997,0.9997,0.419969,0.91481,0.0,0.498296,0.860836,-0.00365,0.552588,0.808252,-0.025393,0.587039,0.776972,-0.052404,0.592295,0.774025,-0.080916,0.495813,0.682733,-0.03589,0.52124,0.632704,-0.07052,0.550845,0.593696,-0.093282,0.574366,0.560343,-0.109067,0.451713,0.694685,-0.055806,0.541384,0.765493,-0.095825,0.553518,0.837618,-0.103098,0.540296,0.856118,-0.103475,0.418616,0.745272,-0.075731,0.512707,0.827069,-0.113517,0.521406,0.877347,-0.103785,0.504397,0.882633,-0.091277,0.395827,0.807614,-0.096435,0.471307,0.863275,-0.117206,0.486703,0.894345,-0.104386,0.474843,0.896178,-0.090928
237,7899,True,0.9994,0.9994,0.414267,0.91256,0.0,0.488443,0.853454,-0.007757,0.537759,0.800156,-0.032688,0.574029,0.766257,-0.062309,0.573604,0.768511,-0.092832,0.479032,0.676652,-0.038106,0.502715,0.625063,-0.07284,0.521145,0.579846,-0.094048,0.534822,0.541291,-0.109049,0.433714,0.685662,-0.057093,0.520033,0.747127,-0.097406,0.528464,0.822842,-0.101172,0.514032,0.840602,-0.098554,0.400378,0.732508,-0.07696,0.492074,0.807862,-0.114872,0.499907,0.857824,-0.104201,0.483313,0.860969,-0.091273,0.377675,0.793647,-0.098166,0.447728,0.847024,-0.118884,0.461057,0.87612,-0.107395,0.448498,0.876544,-0.095423
238,7933,True,0.9987,0.9987,0.403883,0.905991,0.0,0.468293,0.846535,-0.010744,0.510146,0.794864,-0.033925,0.537497,0.758715,-0.060591,0.53951,0.746928,-0.087143,0.454341,0.676363,-0.0425,0.466765,0.620004,-0.077025,0.476347,0.574301,-0.098365,0.482088,0.531145,-0.11428,0.405425,0.686014,-0.058445,0.481318,0.739521,-0.098508,0.494415,0.804115,-0.105462,0.483019,0.81606,-0.106969,0.371279,0.732572,-0.075043,0.45677,0.807531,-0.111369,0.468022,0.851346,-0.102024,0.452915,0.851791,-0.091873,0.348325,0.792821,-0.093384,0.413602,0.84846,-0.115768,0.426909,0.872345,-0.107795,0.413818,0.867296,-0.099008
239,7966,True,0.9989,0.9989,0.384437,0.915483,0.0,0.440475,0.858618,-0.015485,0.478778,0.80691,-0.035725,0.503342,0.770984,-0.057998,0.509954,0.749251,-0.078789,0.419891,0.697204,-0.04199,0.425484,0.635737,-0.072401,0.426181,0.589633,-0.091787,0.426647,0.54377,-0.107189,0.369451,0.707239,-0.053568,0.433,0.753824,-0.08899,0.453441,0.781881,-0.10156,0.456838,0.777249,-0.109372,0.333125,0.75309,-0.065726,0.415178,0.837242,-0.096041,0.429687,0.864323,-0.091122,0.423628,0.858239,-0.085963,0.309781,0.812242,-0.080539,0.369553,0.872739,-0.101212,0.383161,0.889064,-0.096735,0.372996,0.879761,-0.091127
240,8000,True,0.9995,0.9995,0.362343,0.929743,0.0,0.415738,0.878873,-0.01935,0.454688,0.826169,-0.040602,0.480552,0.789366,-0.062304,0.484141,0.770957,-0.082819,0.398799,0.721954,-0.047363,0.393656,0.672728,-0.0802,0.383658,0.638524,-0.100904,0.372816,0.602023,-0.116319,0.342878,0.735065,-0.057203,0.392961,0.77323,-0.095295,0.417585,0.805443,-0.10758,0.427562,0.812157,-0.112582,0.302916,0.784078,-0.067941,0.378208,0.872406,-0.100005,0.402098,0.896746,-0.095639,0.406735,0.893502,-0.088779,0.27806,0.847893,-0.08139,0.333066,0.912393,-0.100688,0.351342,0.92831,-0.094992,0.348785,0.921355,-0.08773
241,8033,True,0.9994,0.9994,0.353243,0.952146,0.0,0.404002,0.904794,-0.019618,0.443562,0.848132,-0.041658,0.46855,0.821501,-0.064757,0.474403,0.810906,-0.086633,0.379631,0.747346,-0.047738,0.366984,0.720278,-0.085734,0.355184,0.703072,-0.111941,0.341868,0.680497,-0.129593,0.321434,0.761501,-0.056779,0.391323,0.85827,-0.095261,0.417319,0.89064,-0.10709,0.419916,0.882734,-0.112754,0.28212,0.816945,-0.067798,0.36171,0.923493,-0.101409,0.386075,0.940304,-0.096164,0.388352,0.921759,-0.088986,0.258674,0.883947,-0.081763,0.315209,0.958646,-0.103885,0.337652,0.973248,-0.097818,0.339759,0.96151,-0.089318
242,8066,True,0.9963,0.9963,0.365174,0.956485,-0.0,0.410034,0.915658,-0.025788,0.450062,0.869357,-0.053185,0.47442,0.853259,-0.080491,0.475757,0.864936,-0.105762,0.386095,0.773544,-0.06319,0.381423,0.764138,-0.108364,0.372781,0.76098,-0.137693,0.366626,0.756523,-0.156002,0.323656,0.788448,-0.069631,0.398151,0.909725,-0.112225,0.42712,0.93594,-0.119492,0.435122,0.927837,-0.120927,0.283642,0.843141,-0.078826,0.371815,0.969245,-0.11117,0.397061,0.971981,-0.099283,0.399728,0.943924,-0.087298,0.260071,0.908177,-0.09258,0.32436,0.995322,-0.116157,0.345694,0.999861,-0.110138,0.345071,0.978005,-0.100387
243,8100,True,0.9885,0.9885,0.374555,0.964608,-0.0,0.423902,0.924723,-0.02231,0.467841,0.883042,-0.045258,0.498857,0.877198,-0.068793,0.500017,0.909942,-0.090194,0.404597,0.798136,-0.054703,0.406471,0.778017,-0.091679,0.402169,0.786109,-0.114451,0.406343,0.813467,-0.126705,0.345578,0.816197,-0.059716,0.427934,0.931231,-0.092786,0.456485,0.949172,-0.097114,0.468761,0.954249,-0.097402,0.308215,0.872909,-0.066997,0.399928,0.989265,-0.087268,0.414289,0.980467,-0.074749,0.412672,0.960823,-0.064117,0.286028,0.938775,-0.078916,0.353427,1.024253,-0.096752,0.361206,1.02364,-0.092361,0.350423,1.006137,-0.08411
244,8133,True,0.9948,0.9948,0.408367,0.971847,-0.0,0.462039,0.933515,-0.021128,0.505817,0.89334,-0.045,0.539399,0.88972,-0.070532,0.533132,0.91965,-0.094035,0.434311,0.799106,-0.050586,0.438594,0.787812,-0.084194,0.453243,0.800851,-0.104892,0.472595,0.825321,-0.117419,0.384333,0.825761,-0.058347,0.479384,0.939035,-0.090719,0.504941,0.965088,-0.098007,0.511479,0.959415,-0.103077,0.350185,0.88489,-0.068222,0.448268,0.996221,-0.086695,0.445513,1.00146,-0.076876,0.428944,0.980704,-0.071774,0.329794,0.950296,-0.082805,0.39823,1.035398,-0.098669,0.391194,1.04708,-0.094173,0.366423,1.036109,-0.08886
245,8166,True,0.987,0.987,0.417638,0.959624,0.0,0.471063,0.917056,-0.020788,0.517456,0.879804,-0.04423,0.558828,0.885638,-0.070094,0.575572,0.921183,-0.094705,0.464588,0.779865,-0.040368,0.498457,0.792644,-0.078261,0.531399,0.796168,-0.104001,0.56747,0.807374,-0.118939,0.422024,0.806219,-0.048503,0.527418,0.925256,-0.081134,0.531787,0.950353,-0.088337,0.52305,0.938312,-0.09214,0.391141,0.865648,-0.060247,0.49406,0.980089,-0.084027,0.475504,0.985943,-0.076545,0.452363,0.962607,-0.069474,0.368645,0.933268,-0.076635,0.447205,1.01905,-0.095942,0.433676,1.022768,-0.093617,0.407395,1.006944,-0.087916
246,8200,True,0.9967,0.9967,0.400468,0.97456,0.0,0.468101,0.914577,-0.011861,0.530543,0.860723,-0.029457,0.585269,0.866412,-0.050992,0.614831,0.900633,-0.07294,0.496712,0.765913,-0.025144,0.556115,0.777002,-0.059726,0.594539,0.775064,-0.087224,0.632202,0.770704,-0.106372,0.461918,0.794002,-0.038975,0.566761,0.903115,-0.073893,0.545534,0.932744,-0.086904,0.520917,0.920489,-0.094587,0.433351,0.85175,-0.055683,0.537887,0.958034,-0.08298,0.504737,0.963619,-0.081953,0.476318,0.93889,-0.078886,0.409474,0.918079,-0.075761,0.501603,0.991434,-0.094603,0.479932,0.992716,-0.093423,0.451928,0.974956,-0.089783
247,8233,True,0.9994,0.9994,0.408743,0.945743,0.0,0.474734,0.888321,-0.006179,0.540896,0.838843,-0.028448,0.597134,0.838201,-0.05265,0.623274,0.872516,-0.078087,0.512341,0.747359,-0.047227,0.57582,0.74406,-0.081467,0.622752,0.736051,-0.102821,0.659983,0.729303,-0.117077,0.481178,0.772186,-0.064802,0.59013,0.863739,-0.101973,0.583326,0.926554,-0.104443,0.559585,0.935329,-0.102271,0.455037,0.825382,-0.082151,0.562859,0.920129,-0.115513,0.555795,0.960636,-0.10493,0.531993,0.952798,-0.092767,0.436378,0.891525,-0.100223,0.524932,0.95347,-0.11551,0.527923,0.978217,-0.101378,0.506167,0.971765,-0.088659
248,8266,True,0.9993,0.9993,0.427384,0.938876,0.0,0.488042,0.881509,-0.001865,0.54559,0.827562,-0.025848,0.597781,0.810638,-0.053069,0.630827,0.825085,-0.081408,0.515214,0.727012,-0.046613,0.575905,0.70436,-0.085126,0.624346,0.685409,-0.108855,0.662932,0.672995,-0.123446,0.48687,0.749482,-0.065801,0.598008,0.824113,-0.107263,0.597836,0.894873,-0.108351,0.578173,0.913588,-0.103823,0.463075,0.799265,-0.084574,0.57086,0.875942,-0.121847,0.567431,0.924673,-0.107138,0.544085,0.925758,-0.090937,0.445292,0.86188,-0.103355,0.534549,0.91214,-0.121356,0.541544,0.943304,-0.105066,0.522913,0.941903,-0.089873
249,8300,True,0.9993,0.9993,0.425808,0.927215,0.0,0.494913,0.869136,-0.001375,0.546782,0.815781,-0.023955,0.590006,0.789219,-0.050737,0.622128,0.792041,-0.078602,0.509471,0.706652,-0.040095,0.565654,0.671302,-0.077105,0.610564,0.642362,-0.101896,0.646464,0.619527,-0.118295,0.480151,0.725672,-0.059646,0.586877,0.789303,-0.100052,0.59075,0.859013,-0.103531,0.573455,0.879408,-0.101667,0.458293,0.776237,-0.078983,0.563375,0.838753,-0.115875,0.562898,0.887599,-0.101792,0.540431,0.893963,-0.086766,0.443433,0.838224,-0.098609,0.530187,0.875305,-0.117776,0.53635,0.906526,-0.101975,0.516902,0.908752,-0.087155
250,8333,True,0.9993,0.9993,0.419661,0.922762,0.0,0.498245,0.863641,0.000576,0.549998,0.812397,-0.022343,0.591833,0.781829,-0.050866,0.612071,0.773822,-0.080614,0.493693,0.689402,-0.03276,0.54746,0.64835,-0.066248,0.588428,0.612778,-0.089055,0.618424,0.58274,-0.104991,0.463465,0.705703,-0.054855,0.571112,0.757309,-0.092996,0.578654,0.830769,-0.097504,0.560185,0.85375,-0.096585,0.4426,0.755014,-0.076702,0.549619,0.805885,-0.111773,0.552907,0.86002,-0.097341,0.530512,0.871746,-0.082578,0.429429,0.817287,-0.099019,0.51567,0.846352,-0.117966,0.527768,0.878804,-0.10226,0.511359,0.885664,-0.0876
251,8366,True,0.9994,0.9994,0.410871,0.91672,0.0,0.484494,0.853573,0.002094,0.528718,0.796032,-0.019944,0.56523,0.762208,-0.048554,0.597726,0.752294,-0.078298,0.473378,0.673377,-0.024588,0.515132,0.620819,-0.054834,0.551052,0.581357,-0.074311,0.580381,0.553327,-0.087556,0.443823,0.696323,-0.047021,0.546875,0.722284,-0.08491,0.562892,0.793914,-0.08985,0.552311,0.823044,-0.087689,0.426216,0.745824,-0.069575,0.530384,0.778532,-0.103752,0.539093,0.83426,-0.090841,0.522335,0.854314,-0.076069,0.416488,0.806199,-0.092563,0.500823,0.823914,-0.110452,0.515128,0.858348,-0.096338,0.502989,0.87044,-0.082325
252,8400,True,0.9989,0.9989,0.398408,0.923228,0.0,0.472738,0.853707,0.000297,0.512281,0.78755,-0.018349,0.541563,0.744844,-0.042494,0.573117,0.725292,-0.067459,0.449652,0.67446,-0.025846,0.492055,0.614405,-0.056121,0.52231,0.570019,-0.076434,0.546538,0.531195,-0.090812,0.420663,0.695856,-0.046791,0.525989,0.717108,-0.085721,0.537136,0.787799,-0.09283,0.520038,0.816132,-0.092304,0.403945,0.743855,-0.06782,0.507395,0.769705,-0.10406,0.516752,0.826376,-0.093347,0.500235,0.847092,-0.079501,0.395608,0.802121,-0.089326,0.476299,0.81221,-0.108916,0.492318,0.84707,-0.095893,0.481098,0.862949,-0.082362
253,8433,True,0.999,0.999,0.38826,0.929836,0.0,0.458112,0.855483,-0.000433,0.493417,0.787585,-0.01896,0.519327,0.744847,-0.042919,0.5487,0.718719,-0.067233,0.431479,0.674595,-0.025694,0.468106,0.612376,-0.055769,0.494279,0.566566,-0.076006,0.514913,0.526178,-0.090554,0.401319,0.698844,-0.046775,0.505103,0.715071,-0.087415,0.519681,0.78565,-0.096211,0.505315,0.816246,-0.096459,0.384141,0.748172,-0.067958,0.486793,0.769733,-0.105157,0.499746,0.825289,-0.094567,0.48547,0.847531,-0.080442,0.375716,0.807415,-0.089767,0.45486,0.81164,-0.109872,0.473659,0.844104,-0.096778,0.464838,0.86053,-0.082905
254,8466,True,0.9989,0.9989,0.380435,0.935731,0.0,0.447035,0.855457,0.000553,0.481076,0.784222,-0.016954,0.5046,0.740151,-0.040016,0.533704,0.710013,-0.06338,0.414609,0.676326,-0.024122,0.44739,0.614528,-0.053822,0.47254,0.568587,-0.07392,0.493612,0.528172,-0.088268,0.385324,0.703472,-0.045168,0.490592,0.71829,-0.084442,0.508266,0.786849,-0.093374,0.495429,0.81532,-0.094238,0.368828,0.755123,-0.066247,0.472671,0.771432,-0.10353,0.487883,0.826495,-0.093814,0.473596,0.847769,-0.080374,0.361172,0.816297,-0.087689,0.438427,0.816137,-0.108463,0.460357,0.845525,-0.09591,0.45349,0.861026,-0.082348
255,8500,True,0.9989,0.9989,0.374055,0.943905,0.0,0.438859,0.860797,0.001397,0.471953,0.785961,-0.016477,0.494838,0.738423,-0.040358,0.522925,0.714192,-0.064917,0.403089,0.683156,-0.024449,0.436326,0.621018,-0.053934,0.460911,0.576991,-0.073214,0.481843,0.538218,-0.08739,0.373506,0.710951,-0.046504,0.477169,0.721938,-0.085351,0.497191,0.792127,-0.092322,0.486343,0.821275,-0.092188,0.356395,0.763258,-0.068723,0.459814,0.775791,-0.105898,0.476125,0.829843,-0.095432,0.462105,0.850175,-0.082076,0.348973,0.824879,-0.091316,0.424293,0.820355,-0.112272,0.44673,0.84822,-0.099933,0.440501,0.86374,-0.08702
256,8533,True,0.9991,0.9991,0.37,0.948161,0.0,0.433639,0.864276,0.000294,0.466131,0.78873,-0.018901,0.48822,0.741045,-0.04408,0.516339,0.723351,-0.070046,0.396832,0.686929,-0.026266,0.424038,0.625263,-0.05595,0.445488,0.579735,-0.075221,0.464621,0.540956,-0.0896,0.36575,0.71525,-0.047911,0.467329,0.724773,-0.086761,0.48795,0.791969,-0.093306,0.47771,0.819743,-0.092988,0.348167,0.768552,-0.06974,0.450666,0.781396,-0.106634,0.467129,0.832739,-0.096332,0.45351,0.852207,-0.083393,0.340808,0.830624,-0.092095,0.417708,0.829635,-0.113244,0.439664,0.856128,-0.101644,0.432698,0.86971,-0.089388
257,8566,True,0.9991,0.9991,0.370387,0.949831,0.0,0.43305,0.865885,-0.00119,0.465853,0.791288,-0.021359,0.486058,0.743942,-0.047459,0.509692,0.727097,-0.074444,0.392942,0.691141,-0.02845,0.41929,0.629689,-0.058832,0.439816,0.583585,-0.078328,0.457974,0.543967,-0.092869,0.360767,0.718989,-0.049225,0.460644,0.730341,-0.088661,0.482814,0.797236,-0.095062,0.474303,0.825459,-0.094762,0.343047,0.772589,-0.070263,0.444233,0.786729,-0.107508,0.462415,0.836894,-0.097219,0.450464,0.85684,-0.084488,0.336209,0.834899,-0.091969,0.412212,0.834204,-0.11381,0.43412,0.860413,-0.102904,0.427381,0.874439,-0.091183
258,8600,True,0.9993,0.9993,0.374062,0.951111,0.0,0.43534,0.86808,-0.000549,0.46791,0.791877,-0.020607,0.487063,0.744841,-0.04691,0.506985,0.735172,-0.074579,0.392207,0.698011,-0.029547,0.415339,0.633957,-0.059577,0.436342,0.589027,-0.078836,0.455393,0.550787,-0.093397,0.358882,0.726309,-0.051177,0.457702,0.737322,-0.090148,0.480087,0.804496,-0.096895,0.469961,0.831384,-0.097307,0.340395,0.781139,-0.07281,0.441764,0.792554,-0.109515,0.460613,0.84286,-0.099303,0.447915,0.862188,-0.087164,0.3329,0.844933,-0.095079,0.405348,0.840335,-0.117249,0.428843,0.863944,-0.106436,0.424672,0.876986,-0.094968
259,8633,True,0.9991,0.9991,0.372766,0.952868,0.0,0.434162,0.869822,0.000745,0.467564,0.793678,-0.017419,0.487276,0.747162,-0.042153,0.504307,0.739506,-0.068232,0.392515,0.700752,-0.024757,0.413794,0.638999,-0.053249,0.433947,0.595022,-0.071805,0.451813,0.556806,-0.085939,0.358882,0.72766,-0.045911,0.454308,0.73965,-0.084025,0.478313,0.805733,-0.091206,0.469425,0.834028,-0.091582,0.34032,0.781171,-0.066999,0.439422,0.797097,-0.102404,0.458697,0.84677,-0.093042,0.446593,0.866162,-0.081314,0.332843,0.843576,-0.08865,0.409295,0.845817,-0.109075,0.430783,0.871253,-0.098613,0.422925,0.883404,-0.087423
260,8666,True,0.9991,0.9991,0.372923,0.954441,0.0,0.43302,0.871886,-0.000861,0.466143,0.795743,-0.020553,0.486402,0.749111,-0.046336,0.50225,0.744421,-0.073417,0.390802,0.704151,-0.028505,0.412183,0.642491,-0.058633,0.432493,0.598183,-0.078096,0.450364,0.560092,-0.092685,0.357206,0.731712,-0.049479,0.453345,0.744099,-0.088593,0.477441,0.811221,-0.095245,0.468652,0.839774,-0.095184,0.338317,0.785819,-0.070509,0.437437,0.801632,-0.106824,0.456603,0.851204,-0.096829,0.443954,0.870061,-0.084615,0.330647,0.848456,-0.092232,0.406769,0.850284,-0.112941,0.428424,0.875487,-0.101849,0.420144,0.887881,-0.090283
261,8700,True,0.999,0.999,0.371694,0.955009,0.0,0.431201,0.874297,-0.000866,0.46379,0.800269,-0.019501,0.483889,0.755398,-0.044056,0.501024,0.744887,-0.069798,0.390108,0.705261,-0.027063,0.411748,0.644811,-0.056766,0.431845,0.601595,-0.076185,0.449503,0.56365,-0.090577,0.356801,0.731832,-0.04715,0.452379,0.747486,-0.08607,0.476103,0.814596,-0.093582,0.467558,0.843913,-0.094018,0.337692,0.7852,-0.067284,0.43617,0.804601,-0.103864,0.454553,0.854898,-0.094995,0.44219,0.873993,-0.083252,0.329462,0.847352,-0.087967,0.40567,0.85259,-0.109058,0.426838,0.878955,-0.098643,0.41853,0.891299,-0.087228
262,8733,True,0.999,0.999,0.370089,0.95582,0.0,0.429909,0.874101,-0.001057,0.46304,0.799743,-0.019985,0.483186,0.755012,-0.044821,0.499307,0.747956,-0.070864,0.389579,0.706357,-0.026757,0.41069,0.64711,-0.055939,0.43039,0.604254,-0.07506,0.447571,0.567109,-0.089345,0.356252,0.73319,-0.046829,0.45076,0.748579,-0.084929,0.47458,0.815173,-0.092137,0.46632,0.844076,-0.092496,0.337146,0.786658,-0.06697,0.434819,0.806013,-0.102652,0.453669,0.855978,-0.093538,0.441813,0.875184,-0.081815,0.328994,0.849145,-0.087742,0.403796,0.854883,-0.108217,0.424771,0.879902,-0.097816,0.41665,0.891137,-0.086574
263,8766,True,0.9989,0.9989,0.36825,0.956342,0.0,0.428928,0.872066,-0.001167,0.462403,0.796417,-0.020515,0.482316,0.751277,-0.045894,0.497889,0.750538,-0.07251,0.386144,0.705993,-0.02522,0.408685,0.648023,-0.053944,0.428497,0.604082,-0.072848,0.445892,0.566755,-0.087098,0.353657,0.733721,-0.045433,0.449354,0.747945,-0.082957,0.472583,0.813839,-0.089552,0.463816,0.840761,-0.089494,0.335357,0.787039,-0.065898,0.433824,0.805856,-0.101058,0.45191,0.854466,-0.092023,0.439243,0.872137,-0.080499,0.32779,0.849288,-0.087087,0.403349,0.855439,-0.107008,0.423838,0.879482,-0.096785,0.414949,0.88965,-0.085922
264,8800,True,0.9991,0.9991,0.366053,0.954249,0.0,0.427218,0.872362,-0.000537,0.461416,0.798745,-0.019869,0.481636,0.754118,-0.045204,0.495178,0.749338,-0.071828,0.384709,0.706593,-0.026779,0.407247,0.64645,-0.056461,0.427977,0.602694,-0.075784,0.44579,0.565918,-0.09001,0.352263,0.733773,-0.04736,0.448387,0.747166,-0.085341,0.470705,0.813133,-0.09193,0.460652,0.84007,-0.09191,0.333743,0.786895,-0.068086,0.432215,0.805514,-0.104251,0.450202,0.854969,-0.095209,0.437274,0.872378,-0.083497,0.326289,0.848411,-0.089301,0.401521,0.853468,-0.10965,0.422456,0.879212,-0.098676,0.414034,0.89086,-0.087127
265,8833,True,0.9991,0.9991,0.362934,0.951765,0.0,0.422541,0.866473,-0.002864,0.455551,0.794569,-0.023611,0.475742,0.753022,-0.04979,0.496017,0.749363,-0.0769,0.380477,0.70301,-0.028068,0.403979,0.643919,-0.057541,0.422676,0.600244,-0.076698,0.439171,0.561867,-0.090902,0.347591,0.730576,-0.047374,0.444853,0.745044,-0.084573,0.465868,0.80943,-0.090863,0.455698,0.833302,-0.090818,0.328929,0.783802,-0.067019,0.429494,0.803562,-0.102282,0.446076,0.851566,-0.093479,0.432511,0.867111,-0.082127,0.321914,0.845461,-0.087396,0.398807,0.851925,-0.106945,0.419692,0.877743,-0.096112,0.411921,0.888716,-0.084713
266,8866,True,0.9989,0.9989,0.361228,0.942734,0.0,0.419383,0.861061,-0.004958,0.451071,0.792531,-0.02645,0.470788,0.749631,-0.053257,0.484765,0.742599,-0.08084,0.375745,0.696786,-0.029391,0.3932,0.638053,-0.060383,0.407895,0.593651,-0.079419,0.420461,0.554687,-0.092839,0.340096,0.721651,-0.047666,0.434795,0.740265,-0.085912,0.455291,0.807834,-0.091125,0.444153,0.831634,-0.089397,0.319834,0.773931,-0.066714,0.419753,0.800543,-0.104483,0.436846,0.8504,-0.095695,0.423902,0.864899,-0.083159,0.311408,0.835412,-0.086506,0.388297,0.847595,-0.107535,0.411078,0.874804,-0.096579,0.40561,0.885396,-0.084313
267,8900,True,0.9988,0.9988,0.358632,0.926279,0.0,0.410057,0.845589,-0.007446,0.437327,0.775635,-0.029349,0.454877,0.733916,-0.05548,0.469437,0.73027,-0.082403,0.362764,0.688926,-0.035684,0.373744,0.625296,-0.068062,0.383321,0.579245,-0.087951,0.390561,0.537264,-0.102167,0.325059,0.71327,-0.052789,0.417939,0.727501,-0.092557,0.444421,0.7948,-0.098009,0.437409,0.820429,-0.096811,0.303602,0.764886,-0.070543,0.402985,0.787776,-0.108163,0.424277,0.836951,-0.098194,0.413526,0.852533,-0.085528,0.294147,0.827015,-0.089473,0.364495,0.836377,-0.111165,0.389981,0.859583,-0.100473,0.387822,0.868733,-0.0887
268,8933,True,0.999,0.999,0.353641,0.903495,0.0,0.403891,0.827341,-0.008374,0.431739,0.761851,-0.02849,0.44863,0.721222,-0.052341,0.445276,0.701065,-0.076572,0.351575,0.669343,-0.03494,0.351447,0.604065,-0.066716,0.351042,0.556115,-0.086685,0.347837,0.511379,-0.10089,0.311877,0.69239,-0.050069,0.396959,0.704249,-0.089566,0.42786,0.769764,-0.096957,0.423303,0.799786,-0.096886,0.289673,0.743501,-0.065679,0.382484,0.766114,-0.102427,0.40784,0.814002,-0.092786,0.398858,0.832792,-0.080325,0.280212,0.80558,-0.08247,0.35042,0.816966,-0.10493,0.376907,0.842192,-0.094462,0.372061,0.854234,-0.08213
269,8966,True,0.999,0.999,0.349399,0.880827,0.0,0.397985,0.805031,-0.01145,0.424734,0.73749,-0.032059,0.439642,0.694816,-0.055776,0.432157,0.673866,-0.080181,0.336008,0.646212,-0.036058,0.331571,0.580648,-0.068601,0.324666,0.530503,-0.089975,0.315243,0.485346,-0.104977,0.295208,0.669977,-0.050495,0.377345,0.672849,-0.092472,0.414413,0.739108,-0.101178,0.416335,0.776476,-0.100711,0.272139,0.72176,-0.065785,0.360936,0.733397,-0.104998,0.391304,0.783251,-0.095851,0.3882,0.809552,-0.08244,0.261616,0.784967,-0.082555,0.326881,0.785684,-0.107286,0.35843,0.811588,-0.097093,0.362228,0.828788,-0.084039
270,9000,True,0.9993,0.9993,0.355333,0.845617,0.0,0.397918,0.774513,-0.018918,0.422955,0.704324,-0.043737,0.433753,0.656259,-0.070862,0.421562,0.642153,-0.098533,0.331999,0.613381,-0.042296,0.319297,0.545844,-0.078513,0.30752,0.494229,-0.101223,0.294121,0.449463,-0.116184,0.288835,0.640208,-0.053285,0.363911,0.635789,-0.098809,0.408665,0.701233,-0.105536,0.418381,0.740408,-0.101959,0.264039,0.692443,-0.066202,0.345637,0.697668,-0.107994,0.383131,0.747604,-0.096364,0.388085,0.777039,-0.079744,0.251996,0.755046,-0.081406,0.313138,0.749583,-0.106659,0.346604,0.77635,-0.095168,0.351842,0.796214,-0.080477
271,9033,True,0.9989,0.9989,0.36352,0.812304,0.0,0.404725,0.742824,-0.020237,0.429631,0.670465,-0.046,0.436676,0.620258,-0.074037,0.419047,0.6078,-0.102935,0.332183,0.582388,-0.04657,0.312469,0.509879,-0.08591,0.2967,0.456175,-0.110793,0.279835,0.410117,-0.1269,0.287897,0.612085,-0.057523,0.361488,0.599186,-0.108,0.407127,0.665453,-0.116826,0.415554,0.708835,-0.11344,0.263285,0.667446,-0.070299,0.343824,0.663169,-0.116768,0.383026,0.711706,-0.106274,0.388491,0.742144,-0.088894,0.251931,0.733958,-0.085031,0.307935,0.717993,-0.113359,0.344873,0.741044,-0.101626,0.353933,0.760962,-0.085739
272,9066,True,0.998,0.998,0.372064,0.786046,0.0,0.411926,0.717453,-0.018728,0.438594,0.645461,-0.043334,0.448591,0.59542,-0.070489,0.430476,0.576814,-0.098159,0.340333,0.550647,-0.044679,0.321692,0.47215,-0.082652,0.30584,0.415994,-0.10646,0.289064,0.365056,-0.12138,0.296159,0.577756,-0.054843,0.372006,0.560603,-0.103497,0.417111,0.621737,-0.112242,0.429043,0.666665,-0.10884,0.272091,0.62964,-0.066481,0.355633,0.620474,-0.111764,0.394585,0.667968,-0.102452,0.403615,0.701707,-0.085714,0.260947,0.691976,-0.079863,0.321853,0.671441,-0.107393,0.359389,0.69868,-0.096026,0.371245,0.722762,-0.080097
273,9100,True,0.9984,0.9984,0.383918,0.776097,0.0,0.430347,0.703592,-0.019234,0.459101,0.629284,-0.045203,0.471864,0.576262,-0.074621,0.456437,0.544972,-0.104818,0.362943,0.519156,-0.041483,0.350765,0.434157,-0.079819,0.337927,0.371197,-0.103511,0.322913,0.3154,-0.118104,0.319818,0.543722,-0.052356,0.401722,0.525339,-0.100833,0.440525,0.597092,-0.10924,0.443145,0.64284,-0.105311,0.296213,0.592362,-0.065057,0.383191,0.578435,-0.11267,0.417477,0.63678,-0.102672,0.420532,0.674902,-0.084632,0.283966,0.651704,-0.079449,0.347312,0.625126,-0.108861,0.383992,0.661506,-0.096143,0.394605,0.691501,-0.07831
274,9133,True,0.9978,0.9978,0.40812,0.763602,0.0,0.459065,0.686604,-0.020509,0.487742,0.611059,-0.048095,0.500455,0.559625,-0.079597,0.491213,0.526061,-0.111504,0.391043,0.494887,-0.042069,0.391359,0.407058,-0.080173,0.385527,0.342031,-0.104818,0.375779,0.285154,-0.120988,0.349316,0.518453,-0.05415,0.444586,0.505721,-0.103055,0.477263,0.577897,-0.11299,0.474535,0.62118,-0.111205,0.327144,0.567428,-0.068121,0.425888,0.555041,-0.114674,0.453831,0.616911,-0.104127,0.451631,0.655604,-0.08695,0.315303,0.627599,-0.084414,0.387809,0.603056,-0.113471,0.420386,0.639796,-0.101248,0.427545,0.66844,-0.084524
275,9166,True,0.9967,0.9967,0.421569,0.771106,-0.0,0.489285,0.691006,-0.019373,0.524254,0.61856,-0.045019,0.53961,0.563779,-0.075275,0.534692,0.516234,-0.105127,0.434342,0.485755,-0.033795,0.44161,0.394574,-0.069413,0.442982,0.326619,-0.093071,0.440253,0.266567,-0.109236,0.392229,0.500567,-0.046661,0.489716,0.499326,-0.095129,0.515037,0.576038,-0.106897,0.507846,0.623443,-0.10617,0.369688,0.544043,-0.061786,0.473072,0.549151,-0.105806,0.492511,0.613438,-0.097386,0.485241,0.650537,-0.08224,0.358249,0.600664,-0.079639,0.440368,0.594287,-0.106358,0.466241,0.633481,-0.096486,0.467848,0.658144,-0.081789
276,9200,True,0.9962,0.9962,0.436047,0.775425,-0.0,0.517312,0.704012,-0.013942,0.563555,0.633746,-0.037616,0.591356,0.582256,-0.066868,0.596527,0.536032,-0.09545,0.48157,0.492288,-0.0327,0.493467,0.394019,-0.065978,0.503162,0.32605,-0.086769,0.507891,0.268123,-0.100796,0.441857,0.503383,-0.047289,0.543111,0.512744,-0.092118,0.564796,0.589261,-0.101732,0.552741,0.631213,-0.100866,0.418118,0.543343,-0.063293,0.523822,0.561093,-0.102431,0.537097,0.624762,-0.091913,0.522691,0.656841,-0.077261,0.404556,0.595834,-0.08177,0.488577,0.601531,-0.10344,0.506652,0.64299,-0.091457,0.499166,0.666578,-0.076942
277,9233,True,0.9975,0.9975,0.453397,0.777011,0.0,0.540023,0.705378,-0.005602,0.590346,0.640064,-0.028803,0.619546,0.592839,-0.058933,0.625587,0.563707,-0.089319,0.520054,0.495938,-0.031834,0.544924,0.41054,-0.06745,0.565036,0.350236,-0.089569,0.581653,0.297848,-0.104469,0.479621,0.510134,-0.051225,0.582164,0.534143,-0.098271,0.597532,0.614752,-0.106213,0.584704,0.654443,-0.104037,0.454328,0.553891,-0.071313,0.560344,0.587443,-0.11311,0.571815,0.652471,-0.101267,0.558241,0.682889,-0.085005,0.441007,0.609716,-0.092885,0.52672,0.629255,-0.115136,0.542434,0.671192,-0.10205,0.532171,0.691923,-0.087011
278,9266,True,0.9979,0.9979,0.460845,0.808158,-0.0,0.549809,0.743566,-0.002201,0.596766,0.685717,-0.021182,0.630086,0.645756,-0.048077,0.647279,0.610595,-0.074779,0.547688,0.532904,-0.022424,0.591881,0.458964,-0.05647,0.615975,0.400916,-0.079464,0.635461,0.346611,-0.096126,0.51091,0.538112,-0.043098,0.612927,0.584264,-0.088705,0.617873,0.666943,-0.098649,0.602878,0.701064,-0.098966,0.485593,0.577267,-0.064643,0.588257,0.627993,-0.105631,0.590509,0.695134,-0.095298,0.573929,0.722565,-0.081082,0.469331,0.631918,-0.087686,0.55087,0.66541,-0.110963,0.557599,0.708936,-0.100137,0.543258,0.72678,-0.087267
279,9300,True,0.9982,0.9982,0.456351,0.842437,-0.0,0.552702,0.785764,-0.002296,0.602113,0.730468,-0.022068,0.636251,0.68669,-0.049421,0.653337,0.661075,-0.0763,0.557667,0.57581,-0.022305,0.609699,0.508987,-0.057222,0.644625,0.457975,-0.0805,0.674274,0.41225,-0.097098,0.522651,0.578862,-0.043489,0.624418,0.629061,-0.090779,0.628531,0.716752,-0.099508,0.613811,0.758114,-0.097873,0.498319,0.6158,-0.06599,0.60178,0.675834,-0.108149,0.602456,0.743878,-0.09736,0.585897,0.772534,-0.08199,0.483175,0.669455,-0.090067,0.564555,0.708691,-0.112295,0.568469,0.75111,-0.101201,0.552939,0.768514,-0.088429
280,9333,True,0.9978,0.9978,0.438001,0.870196,0.0,0.537759,0.820265,-0.003491,0.597303,0.774155,-0.027424,0.638065,0.741225,-0.058544,0.652241,0.722506,-0.089354,0.553225,0.612729,-0.026732,0.622888,0.564201,-0.06026,0.668231,0.530938,-0.083327,0.705916,0.502064,-0.100207,0.520267,0.621351,-0.048293,0.626933,0.684293,-0.090252,0.626487,0.760422,-0.099268,0.608851,0.784683,-0.101011,0.496774,0.664069,-0.070656,0.598868,0.73288,-0.106993,0.595813,0.791144,-0.096798,0.576479,0.805273,-0.085178,0.482647,0.721596,-0.094698,0.562055,0.769405,-0.113082,0.563215,0.807063,-0.101594,0.545102,0.815075,-0.090499
281,9366,True,0.997,0.997,0.420338,0.900721,-0.0,0.52051,0.860666,0.001395,0.581385,0.814766,-0.018476,0.624344,0.787399,-0.04619,0.650134,0.780064,-0.074086,0.549329,0.659961,-0.022912,0.61957,0.620334,-0.053028,0.665073,0.593325,-0.074627,0.702106,0.56776,-0.091634,0.517983,0.666623,-0.045721,0.616935,0.746652,-0.085447,0.609081,0.815587,-0.095062,0.586101,0.833626,-0.098515,0.493006,0.70848,-0.068482,0.588901,0.791278,-0.101705,0.578972,0.844049,-0.09128,0.555694,0.851825,-0.08098,0.475725,0.765419,-0.092692,0.55117,0.826508,-0.109623,0.547167,0.860621,-0.098544,0.526347,0.862182,-0.088585
282,9400,True,0.9954,0.9954,0.394841,0.933284,0.0,0.488561,0.87342,-6.4e-05,0.557017,0.818537,-0.019658,0.607149,0.807667,-0.046484,0.631096,0.835346,-0.073496,0.531387,0.693478,-0.023394,0.602966,0.671937,-0.05393,0.648099,0.65398,-0.076384,0.687112,0.637077,-0.094354,0.497911,0.706075,-0.046033,0.599035,0.804913,-0.086986,0.580494,0.862419,-0.096744,0.552952,0.867998,-0.100367,0.46738,0.751095,-0.069025,0.566182,0.850405,-0.103003,0.545858,0.889373,-0.094785,0.519571,0.883482,-0.085623,0.442224,0.809573,-0.093562,0.524027,0.880483,-0.110529,0.514127,0.907238,-0.100688,0.490446,0.900358,-0.091875
283,9433,True,0.9956,0.9956,0.36843,0.956742,0.0,0.459416,0.883686,-0.002479,0.533241,0.829417,-0.023268,0.586041,0.831397,-0.049939,0.603455,0.873491,-0.076687,0.50413,0.716459,-0.027249,0.568866,0.71909,-0.059682,0.614169,0.715461,-0.082553,0.654045,0.715052,-0.099311,0.467437,0.737094,-0.048165,0.566789,0.847358,-0.088793,0.55759,0.910952,-0.096875,0.538671,0.923301,-0.098476,0.432837,0.786736,-0.0699,0.527234,0.896832,-0.103698,0.515055,0.934929,-0.097985,0.492974,0.927056,-0.089314,0.404821,0.848197,-0.093083,0.482988,0.92742,-0.107313,0.479526,0.950516,-0.098355,0.458689,0.938317,-0.090254
284,9466,True,0.9935,0.9935,0.349954,0.973018,0.0,0.438098,0.89905,-0.007029,0.508767,0.837359,-0.027203,0.55635,0.824628,-0.051227,0.579386,0.839437,-0.075769,0.463993,0.735192,-0.033797,0.512164,0.755715,-0.066901,0.554017,0.760875,-0.090924,0.59048,0.76725,-0.108715,0.424934,0.762928,-0.052383,0.518485,0.882149,-0.09123,0.502735,0.927448,-0.101149,0.477106,0.918453,-0.106038,0.388914,0.818751,-0.071862,0.477173,0.937603,-0.106082,0.460345,0.958679,-0.1017,0.435256,0.931934,-0.095937,0.356453,0.884646,-0.092833,0.425997,0.972213,-0.112289,0.416286,0.983469,-0.106753,0.391608,0.955487,-0.101482
285,9500,True,0.9933,0.9933,0.336916,0.982597,0.0,0.408505,0.925084,-0.010095,0.471484,0.872781,-0.029658,0.510193,0.875412,-0.051935,0.512781,0.905146,-0.074318,0.42174,0.763628,-0.034315,0.454947,0.770954,-0.063903,0.48993,0.780588,-0.086514,0.523015,0.796157,-0.103542,0.377591,0.783517,-0.049398,0.462772,0.906446,-0.080314,0.45073,0.935193,-0.088327,0.433415,0.920322,-0.094483,0.339555,0.836803,-0.065858,0.423123,0.961156,-0.089931,0.408469,0.961238,-0.084361,0.391834,0.927755,-0.080912,0.308255,0.901077,-0.085082,0.374868,0.990324,-0.100334,0.365037,0.985615,-0.095396,0.345292,0.956017,-0.091436
286,9533,True,0.9925,0.9925,0.337106,0.967672,0.0,0.393973,0.918687,-0.020026,0.445017,0.864462,-0.038532,0.477188,0.863878,-0.056829,0.473545,0.90217,-0.073542,0.383908,0.775088,-0.038482,0.391697,0.772146,-0.067393,0.412892,0.777438,-0.088789,0.435906,0.791797,-0.104492,0.3332,0.792454,-0.047167,0.412712,0.909568,-0.079,0.41807,0.931476,-0.089064,0.411271,0.924345,-0.094535,0.294728,0.847091,-0.058124,0.380162,0.97405,-0.08269,0.382544,0.969907,-0.077808,0.376138,0.938517,-0.07303,0.266165,0.911361,-0.072803,0.330416,1.00577,-0.092007,0.331856,1.003639,-0.089513,0.323471,0.975204,-0.084981
287,9566,True,0.9983,0.9983,0.307007,0.959717,0.0,0.366447,0.910976,-0.014532,0.415208,0.858372,-0.033249,0.444989,0.84305,-0.054782,0.441777,0.866764,-0.075571,0.357598,0.770999,-0.033089,0.357006,0.760629,-0.065451,0.365652,0.751604,-0.084843,0.376025,0.738432,-0.097404,0.2988,0.785495,-0.045952,0.37223,0.880266,-0.082364,0.389541,0.920062,-0.090171,0.382507,0.907682,-0.08984,0.257433,0.837562,-0.061032,0.34322,0.950442,-0.095324,0.36525,0.966097,-0.08681,0.360082,0.935629,-0.074004,0.228835,0.897186,-0.078641,0.291157,0.978124,-0.101493,0.312012,0.993658,-0.093581,0.308288,0.978713,-0.08145
288,9600,True,0.9977,0.9977,0.305416,0.962886,0.0,0.360887,0.909558,-0.01653,0.404943,0.851807,-0.036336,0.42874,0.819078,-0.057629,0.42009,0.822849,-0.078477,0.33733,0.748667,-0.037522,0.338301,0.729763,-0.071415,0.341592,0.71564,-0.091493,0.343372,0.696625,-0.104437,0.282362,0.763984,-0.049167,0.344337,0.829747,-0.088262,0.369764,0.882431,-0.097644,0.373287,0.887124,-0.098105,0.241744,0.812773,-0.062622,0.31955,0.905588,-0.101359,0.344026,0.936657,-0.097282,0.346254,0.920576,-0.087061,0.214879,0.871942,-0.077872,0.271541,0.938298,-0.1017,0.295507,0.96352,-0.095092,0.297606,0.95638,-0.084659
289,9633,True,0.9987,0.9987,0.311763,0.938524,0.0,0.364588,0.884423,-0.021008,0.402379,0.82859,-0.043339,0.42184,0.795239,-0.066388,0.417424,0.783723,-0.088198,0.332253,0.712674,-0.039829,0.331369,0.69505,-0.072893,0.328421,0.676868,-0.095193,0.325641,0.653157,-0.110787,0.277502,0.729449,-0.048776,0.338301,0.798825,-0.087418,0.369469,0.841671,-0.099701,0.379574,0.846864,-0.10332,0.239237,0.781093,-0.05972,0.317315,0.870199,-0.093944,0.341556,0.896867,-0.090512,0.343299,0.886085,-0.082633,0.21628,0.845405,-0.073532,0.275827,0.909915,-0.094866,0.300312,0.927424,-0.090317,0.301696,0.917345,-0.082239
290,9666,True,0.9987,0.9987,0.313893,0.922944,0.0,0.363928,0.863285,-0.02094,0.400398,0.803242,-0.044629,0.4207,0.764345,-0.069864,0.41477,0.758367,-0.094405,0.329457,0.692668,-0.037913,0.330807,0.665882,-0.072188,0.331578,0.63987,-0.093836,0.331872,0.612882,-0.108179,0.276841,0.71065,-0.046928,0.345322,0.76747,-0.087903,0.377614,0.820034,-0.097643,0.384406,0.836245,-0.097644,0.240863,0.761212,-0.058484,0.323067,0.840718,-0.095537,0.346991,0.874407,-0.090829,0.346041,0.873781,-0.080237,0.218921,0.824319,-0.072731,0.283027,0.88081,-0.094315,0.307709,0.902659,-0.088834,0.306571,0.901131,-0.079335
291,9700,True,0.9983,0.9983,0.318694,0.908132,0.0,0.368359,0.84449,-0.017676,0.404531,0.780441,-0.03943,0.423899,0.741883,-0.063582,0.417535,0.744115,-0.088088,0.332634,0.68275,-0.034998,0.332311,0.64944,-0.068054,0.33681,0.61961,-0.088999,0.342294,0.588728,-0.102628,0.282561,0.70053,-0.045179,0.35268,0.747217,-0.085829,0.383812,0.80396,-0.096223,0.389705,0.826081,-0.096316,0.247694,0.748858,-0.057408,0.329355,0.816496,-0.094674,0.353414,0.855993,-0.091876,0.35266,0.861923,-0.082107,0.225914,0.808787,-0.07177,0.286201,0.85375,-0.091997,0.311152,0.878177,-0.085957,0.312182,0.882396,-0.076268
292,9733,True,0.9988,0.9988,0.323882,0.902764,0.0,0.374797,0.838538,-0.018929,0.410732,0.774936,-0.043844,0.430127,0.735269,-0.071417,0.427417,0.735493,-0.099223,0.338099,0.672937,-0.036316,0.340081,0.639695,-0.07323,0.34792,0.606686,-0.096048,0.355666,0.57347,-0.110451,0.288973,0.692639,-0.047672,0.365386,0.734382,-0.091958,0.393631,0.799891,-0.101556,0.390816,0.823324,-0.099989,0.255677,0.743108,-0.06157,0.342969,0.802784,-0.103356,0.364689,0.84782,-0.098507,0.3564,0.854035,-0.086313,0.235324,0.805589,-0.077489,0.300648,0.843533,-0.100463,0.325322,0.870173,-0.092572,0.322245,0.874867,-0.080956
293,9766,True,0.9992,0.9992,0.333456,0.903319,0.0,0.385039,0.840425,-0.016886,0.422702,0.778568,-0.041763,0.441305,0.7348,-0.069492,0.429285,0.731237,-0.09711,0.347032,0.673133,-0.037353,0.350823,0.63658,-0.075655,0.359693,0.602641,-0.098935,0.367616,0.569221,-0.113564,0.29706,0.690238,-0.049645,0.377324,0.735411,-0.094774,0.399307,0.803557,-0.104283,0.388697,0.822276,-0.103303,0.264538,0.739706,-0.064044,0.35536,0.80316,-0.106737,0.372389,0.84858,-0.100788,0.359252,0.850054,-0.088619,0.244673,0.802416,-0.080152,0.312893,0.845126,-0.104688,0.337153,0.873158,-0.096211,0.332259,0.876287,-0.084245
294,9800,True,0.9993,0.9993,0.33782,0.907348,0.0,0.389412,0.841524,-0.013614,0.428209,0.778849,-0.036164,0.446215,0.736274,-0.062254,0.43255,0.73619,-0.088553,0.352921,0.676817,-0.034457,0.359589,0.639178,-0.070742,0.370778,0.606962,-0.093308,0.381778,0.574193,-0.107793,0.302817,0.69355,-0.047984,0.38543,0.744056,-0.090305,0.407647,0.808982,-0.099936,0.398173,0.826225,-0.100161,0.27123,0.744012,-0.06317,0.362226,0.808403,-0.103615,0.381051,0.852524,-0.097823,0.370867,0.855811,-0.08647,0.253059,0.807191,-0.079895,0.318953,0.848872,-0.103409,0.345142,0.87571,-0.094705,0.345014,0.879896,-0.082762
295,9833,True,0.999,0.999,0.342812,0.907569,0.0,0.393934,0.843293,-0.012328,0.433533,0.779747,-0.033516,0.451497,0.738888,-0.0585,0.438161,0.743375,-0.083892,0.359001,0.680451,-0.033043,0.367318,0.64523,-0.067951,0.379553,0.614804,-0.089566,0.392985,0.58373,-0.103642,0.308761,0.695772,-0.046769,0.392319,0.754679,-0.08883,0.414057,0.818742,-0.098624,0.407172,0.836942,-0.098992,0.276713,0.746086,-0.061979,0.369798,0.817249,-0.101864,0.387873,0.861529,-0.09656,0.379213,0.865716,-0.085703,0.258253,0.809803,-0.078724,0.325747,0.857276,-0.103006,0.350001,0.883758,-0.096096,0.348714,0.886192,-0.085386
296,9866,True,0.999,0.999,0.344376,0.917671,0.0,0.394458,0.853404,-0.011438,0.433274,0.786872,-0.032142,0.452869,0.744006,-0.057064,0.443156,0.751744,-0.082288,0.361235,0.689074,-0.030918,0.370803,0.652281,-0.064981,0.384115,0.622233,-0.085644,0.398753,0.591501,-0.099388,0.311915,0.705423,-0.045082,0.395505,0.761386,-0.087567,0.417238,0.825436,-0.097923,0.409879,0.842054,-0.098949,0.280399,0.755486,-0.060742,0.373465,0.825616,-0.100468,0.392123,0.869885,-0.096794,0.382492,0.87343,-0.087456,0.2627,0.818892,-0.07783,0.329425,0.864895,-0.100995,0.350061,0.890159,-0.095506,0.344285,0.891278,-0.086668
297,9900,True,0.9991,0.9991,0.342999,0.925014,0.0,0.393369,0.861686,-0.009999,0.432736,0.794659,-0.029682,0.453117,0.751975,-0.053971,0.44607,0.761537,-0.078438,0.365122,0.697308,-0.026967,0.374842,0.660253,-0.060094,0.387643,0.629417,-0.079503,0.400961,0.596853,-0.092489,0.31649,0.712996,-0.04182,0.398005,0.769309,-0.084041,0.419255,0.835026,-0.093712,0.410616,0.849928,-0.093972,0.28501,0.76239,-0.05827,0.376379,0.834502,-0.098745,0.394452,0.879788,-0.094784,0.383529,0.881149,-0.084769,0.266521,0.824653,-0.075923,0.332777,0.872506,-0.099188,0.352652,0.899311,-0.093237,0.345324,0.899882,-0.08392
298,9933,True,0.9991,0.9991,0.34261,0.92539,0.0,0.393751,0.866057,-0.008699,0.433321,0.80297,-0.027497,0.454274,0.762316,-0.050883,0.44965,0.766751,-0.074524,0.365184,0.702445,-0.026494,0.375459,0.666284,-0.058658,0.389596,0.635491,-0.077975,0.404426,0.604147,-0.091109,0.318008,0.717012,-0.041296,0.399575,0.777016,-0.082487,0.419946,0.839531,-0.092776,0.412414,0.85478,-0.093837,0.28807,0.765555,-0.05743,0.378785,0.841906,-0.096393,0.39582,0.884266,-0.093002,0.385599,0.885803,-0.083852,0.27036,0.82709,-0.074665,0.337865,0.87908,-0.097635,0.354993,0.904596,-0.092783,0.345547,0.904184,-0.084398
299,9966,True,0.9991,0.9991,0.346277,0.926168,0.0,0.396328,0.866665,-0.010182,0.43394,0.803791,-0.029796,0.455071,0.764722,-0.053657,0.45189,0.770641,-0.077854,0.365277,0.705893,-0.029375,0.376397,0.672213,-0.062432,0.390877,0.642309,-0.082601,0.405032,0.610916,-0.096412,0.317486,0.721573,-0.043639,0.399719,0.781906,-0.085487,0.421307,0.842367,-0.096133,0.414133,0.854888,-0.097801,0.287993,0.77105,-0.059281,0.378289,0.845604,-0.098443,0.396998,0.886202,-0.094846,0.387626,0.886498,-0.085856,0.271154,0.832275,-0.076238,0.338452,0.88145,-0.099663,0.35664,0.90549,-0.094977,0.348087,0.904756,-0.086866
300,10000,True,0.9987,0.9987,0.346902,0.925085,0.0,0.396461,0.86705,-0.01141,0.433966,0.802832,-0.030444,0.454616,0.764757,-0.053188,0.453144,0.769126,-0.076116,0.365721,0.705581,-0.030009,0.376098,0.671449,-0.063027,0.392372,0.643612,-0.083417,0.408761,0.612763,-0.097463,0.317609,0.722431,-0.043253,0.399919,0.784276,-0.085909,0.421306,0.846025,-0.097893,0.41329,0.860012,-0.100531,0.287833,0.773384,-0.057893,0.38022,0.849545,-0.097982,0.398183,0.890861,-0.09588,0.387284,0.89042,-0.087813,0.270572,0.835844,-0.073775,0.337929,0.886146,-0.097746,0.356263,0.910121,-0.093695,0.346848,0.908553,-0.086035
301,10033,True,0.9989,0.9989,0.347209,0.927904,0.0,0.396975,0.867607,-0.010078,0.435241,0.802091,-0.028816,0.456071,0.763696,-0.051663,0.454858,0.771285,-0.07484,0.365894,0.706011,-0.028392,0.378451,0.67279,-0.061332,0.394591,0.644,-0.081627,0.410222,0.61158,-0.095634,0.317668,0.722569,-0.042387,0.403166,0.784543,-0.084214,0.423184,0.846081,-0.095452,0.412942,0.858388,-0.097802,0.288274,0.773317,-0.05779,0.380814,0.848508,-0.097249,0.397837,0.889183,-0.094701,0.385505,0.88754,-0.086559,0.271249,0.835358,-0.074372,0.339143,0.885845,-0.097932,0.356857,0.909949,-0.093756,0.34658,0.908215,-0.086145
302,10066,True,0.999,0.999,0.347002,0.929438,0.0,0.397045,0.868299,-0.009771,0.435036,0.803992,-0.028517,0.456219,0.76627,-0.051328,0.457973,0.770473,-0.07443,0.367803,0.707466,-0.029075,0.380079,0.672222,-0.06244,0.395997,0.642259,-0.082834,0.411529,0.608917,-0.096628,0.319972,0.723399,-0.042969,0.404597,0.783611,-0.084607,0.423786,0.846256,-0.095115,0.412558,0.860264,-0.096657,0.290291,0.773661,-0.058197,0.382927,0.847103,-0.098223,0.399263,0.888257,-0.095184,0.386099,0.88735,-0.086226,0.272361,0.835527,-0.074455,0.339968,0.884046,-0.098191,0.359114,0.908981,-0.092935,0.350388,0.908773,-0.084163
303,10100,True,0.9993,0.9993,0.34781,0.926869,0.0,0.397704,0.867697,-0.009946,0.435394,0.806328,-0.029212,0.457835,0.769489,-0.052407,0.460684,0.76734,-0.075753,0.368728,0.70603,-0.029933,0.380548,0.670741,-0.064546,0.396326,0.639892,-0.085855,0.411191,0.606297,-0.099994,0.321715,0.721105,-0.043815,0.406914,0.782467,-0.085716,0.424677,0.845636,-0.095837,0.412013,0.859241,-0.097102,0.292229,0.771029,-0.059169,0.385653,0.845977,-0.099604,0.400758,0.887697,-0.095404,0.386711,0.886043,-0.085627,0.274429,0.833421,-0.075583,0.342962,0.883258,-0.099491,0.361701,0.909051,-0.093064,0.352415,0.908743,-0.083348
304,10133,True,0.9992,0.9992,0.348252,0.926522,0.0,0.397463,0.866936,-0.009756,0.434433,0.80407,-0.028856,0.456531,0.767475,-0.051753,0.461729,0.769209,-0.07498,0.367977,0.7051,-0.030095,0.379341,0.670254,-0.064384,0.396412,0.639764,-0.085774,0.413193,0.607002,-0.100007,0.321551,0.721127,-0.043889,0.407229,0.780602,-0.085208,0.425286,0.843081,-0.095332,0.41327,0.857156,-0.096711,0.292918,0.771202,-0.059077,0.38635,0.844109,-0.098926,0.401946,0.885441,-0.095168,0.388285,0.884684,-0.085759,0.275883,0.833114,-0.075284,0.345416,0.88108,-0.098692,0.364279,0.906925,-0.092372,0.355063,0.907302,-0.082856
305,10166,True,0.9993,0.9993,0.350669,0.921086,0.0,0.3992,0.864511,-0.011643,0.436911,0.805128,-0.032259,0.459367,0.769044,-0.056554,0.461663,0.770198,-0.081202,0.36966,0.702414,-0.031256,0.382951,0.668773,-0.066261,0.400433,0.639629,-0.088596,0.417713,0.607985,-0.103556,0.322954,0.718668,-0.044767,0.40812,0.779416,-0.087186,0.426509,0.843625,-0.098691,0.415729,0.859068,-0.101087,0.293827,0.768918,-0.059783,0.386716,0.841509,-0.099596,0.40265,0.884396,-0.095891,0.390471,0.885203,-0.086755,0.276804,0.831424,-0.076125,0.345,0.878748,-0.099374,0.363748,0.904648,-0.093102,0.355526,0.905013,-0.083712
306,10200,True,0.9992,0.9992,0.349502,0.923008,0.0,0.398995,0.863632,-0.009854,0.437266,0.799879,-0.029107,0.459868,0.762039,-0.052315,0.460656,0.769838,-0.076274,0.371253,0.702626,-0.030036,0.385333,0.668177,-0.063171,0.402499,0.638498,-0.084476,0.419506,0.607067,-0.09911,0.323946,0.718623,-0.04415,0.410029,0.778778,-0.085276,0.429741,0.841454,-0.09648,0.419902,0.857683,-0.098907,0.294504,0.769349,-0.059419,0.387671,0.840636,-0.098153,0.404135,0.883167,-0.095059,0.392074,0.885636,-0.086516,0.277485,0.832141,-0.075798,0.345199,0.878228,-0.098404,0.363722,0.902917,-0.092592,0.355409,0.903817,-0.083781
307,10233,True,0.9991,0.9991,0.350791,0.924475,0.0,0.400006,0.864852,-0.009977,0.43787,0.80045,-0.028894,0.459657,0.762785,-0.051589,0.463812,0.768945,-0.074962,0.372269,0.704879,-0.030398,0.386012,0.66859,-0.062977,0.403285,0.639123,-0.083619,0.420267,0.608144,-0.097852,0.32531,0.720711,-0.044182,0.410361,0.779426,-0.085104,0.430324,0.842637,-0.096197,0.421157,0.859251,-0.098609,0.29599,0.770448,-0.059066,0.388136,0.841123,-0.097692,0.4053,0.884039,-0.094857,0.394202,0.886564,-0.086652,0.278812,0.831897,-0.075027,0.345064,0.877449,-0.097722,0.36316,0.902629,-0.092348,0.354952,0.903529,-0.083996
308,10266,True,0.9992,0.9992,0.352341,0.924937,0.0,0.401542,0.868171,-0.009431,0.439572,0.806396,-0.028062,0.461728,0.767881,-0.050768,0.464491,0.769282,-0.074213,0.374791,0.706531,-0.029051,0.388397,0.669747,-0.061661,0.405678,0.640716,-0.082845,0.423083,0.609935,-0.09748,0.327859,0.720708,-0.043255,0.412,0.780109,-0.08441,0.43119,0.843446,-0.096577,0.421725,0.861006,-0.099815,0.297884,0.769872,-0.058563,0.38863,0.84046,-0.097125,0.405738,0.884683,-0.094655,0.394705,0.889219,-0.086816,0.279874,0.832108,-0.074933,0.34481,0.877849,-0.09746,0.362813,0.903251,-0.092106,0.354787,0.9048,-0.083839
309,10300,True,0.9993,0.9993,0.351186,0.929394,0.0,0.401206,0.871275,-0.008409,0.439886,0.807916,-0.026057,0.46236,0.7691,-0.047885,0.465843,0.771152,-0.070702,0.375654,0.708571,-0.02773,0.391305,0.672942,-0.059481,0.408467,0.644131,-0.080479,0.425243,0.613356,-0.095208,0.329155,0.721992,-0.042439,0.415229,0.780404,-0.083293,0.434142,0.845071,-0.095724,0.424395,0.865539,-0.099162,0.299205,0.771131,-0.058116,0.390154,0.840229,-0.096643,0.406391,0.886146,-0.094726,0.394624,0.892906,-0.087242,0.281151,0.833985,-0.074693,0.345112,0.878085,-0.097399,0.362739,0.903249,-0.092506,0.354994,0.905198,-0.084637
310,10333,True,0.9993,0.9993,0.354111,0.931868,0.0,0.403893,0.873958,-0.009011,0.441973,0.811264,-0.026646,0.464106,0.772745,-0.048168,0.467609,0.773254,-0.070651,0.37826,0.710641,-0.028677,0.393289,0.676726,-0.060596,0.409581,0.647792,-0.081967,0.425465,0.617153,-0.097,0.331415,0.723822,-0.043069,0.416207,0.783954,-0.084929,0.434707,0.848319,-0.098071,0.425474,0.869988,-0.101696,0.300942,0.772805,-0.058427,0.391498,0.843892,-0.097485,0.407184,0.888952,-0.096528,0.396148,0.894671,-0.089563,0.282615,0.836091,-0.074706,0.346598,0.88133,-0.097996,0.36325,0.905875,-0.094018,0.3552,0.906301,-0.086777
311,10366,True,0.9993,0.9993,0.352803,0.931242,0.0,0.403317,0.874806,-0.008595,0.442637,0.815294,-0.026766,0.465712,0.77739,-0.049132,0.466897,0.776217,-0.072251,0.380471,0.712591,-0.0279,0.395676,0.679729,-0.060475,0.411732,0.651839,-0.081582,0.427192,0.6221,-0.096185,0.334164,0.724417,-0.042743,0.418868,0.787147,-0.084495,0.437611,0.8521,-0.096646,0.428587,0.871163,-0.099519,0.303752,0.772764,-0.05869,0.394223,0.848194,-0.098011,0.410088,0.894269,-0.095472,0.39906,0.898653,-0.087261,0.285673,0.835882,-0.075584,0.349545,0.88519,-0.09882,0.364824,0.911115,-0.093802,0.354911,0.911365,-0.085676
312,10400,True,0.9994,0.9994,0.357728,0.928037,0.0,0.407985,0.867088,-0.008285,0.446791,0.805178,-0.026348,0.470924,0.773407,-0.048479,0.473674,0.786566,-0.071679,0.382336,0.71236,-0.030923,0.39858,0.686215,-0.06312,0.416196,0.661237,-0.084241,0.432612,0.63244,-0.099231,0.332301,0.727632,-0.04538,0.422174,0.796609,-0.084672,0.442085,0.857109,-0.094872,0.432792,0.870523,-0.097306,0.302423,0.779274,-0.060755,0.397552,0.858058,-0.097369,0.414228,0.896337,-0.09347,0.40024,0.896186,-0.085278,0.285015,0.842651,-0.077259,0.355297,0.893961,-0.099973,0.371209,0.916811,-0.094892,0.358129,0.916209,-0.08696
313,10433,True,0.9992,0.9992,0.353468,0.943532,0.0,0.408002,0.880988,-0.009027,0.449046,0.820231,-0.027923,0.472046,0.784355,-0.051144,0.474753,0.787277,-0.074726,0.384346,0.717551,-0.026724,0.403551,0.689016,-0.060438,0.422113,0.663377,-0.082165,0.440037,0.633458,-0.097329,0.336868,0.732879,-0.041993,0.424186,0.795373,-0.08446,0.443635,0.857155,-0.097292,0.434616,0.871559,-0.10083,0.306618,0.783782,-0.058652,0.40009,0.859242,-0.098945,0.416103,0.901474,-0.097356,0.403592,0.901646,-0.089631,0.288926,0.847218,-0.07629,0.357424,0.897556,-0.100332,0.372894,0.921362,-0.096258,0.360764,0.918131,-0.088678
314,10466,True,0.9995,0.9995,0.355553,0.936913,0.0,0.411914,0.872036,-0.005768,0.452194,0.810431,-0.02321,0.480387,0.777492,-0.045692,0.483465,0.783602,-0.069477,0.386585,0.713518,-0.024483,0.408588,0.680824,-0.057647,0.434154,0.653802,-0.079419,0.457067,0.627059,-0.093834,0.342928,0.729411,-0.040062,0.433417,0.789213,-0.078244,0.450075,0.855519,-0.08721,0.43586,0.87332,-0.088124,0.315891,0.780156,-0.056921,0.412276,0.850864,-0.093485,0.424414,0.895748,-0.088113,0.406608,0.899375,-0.077928,0.299981,0.844442,-0.074635,0.371374,0.890457,-0.095185,0.386812,0.91431,-0.087107,0.374434,0.913913,-0.076553
315,10500,True,0.9996,0.9996,0.359784,0.921394,0.0,0.418379,0.85923,-0.005464,0.459345,0.796598,-0.023588,0.48694,0.762,-0.046916,0.492473,0.765434,-0.072115,0.394295,0.698414,-0.02497,0.419898,0.658076,-0.057608,0.448154,0.625745,-0.079018,0.473807,0.598037,-0.092814,0.354161,0.715068,-0.040834,0.446409,0.761029,-0.078546,0.461185,0.826154,-0.086967,0.447125,0.846372,-0.087588,0.327837,0.761782,-0.057966,0.424335,0.81721,-0.093653,0.435254,0.863289,-0.088849,0.419958,0.872743,-0.079279,0.311759,0.821515,-0.075979,0.383795,0.855734,-0.095914,0.397971,0.883366,-0.087954,0.386738,0.890116,-0.07773
316,10533,True,0.9997,0.9997,0.365908,0.891348,0.0,0.424946,0.831235,-0.000979,0.463796,0.771104,-0.017768,0.488422,0.739528,-0.040264,0.49913,0.740829,-0.064428,0.403772,0.666117,-0.020717,0.432527,0.619819,-0.05096,0.461497,0.588356,-0.071434,0.488256,0.561822,-0.085232,0.365934,0.681976,-0.038917,0.456627,0.721896,-0.075677,0.470251,0.790868,-0.084414,0.456378,0.817246,-0.085584,0.340374,0.728407,-0.057761,0.433155,0.772724,-0.09265,0.445276,0.824304,-0.085983,0.431496,0.838721,-0.075419,0.324568,0.787766,-0.076941,0.393315,0.810139,-0.096615,0.410422,0.8432,-0.085981,0.40225,0.85514,-0.073871
317,10566,True,0.9996,0.9996,0.374885,0.85861,0.0,0.436015,0.805558,-0.006401,0.473544,0.750081,-0.025997,0.495958,0.714538,-0.050395,0.499579,0.697972,-0.076247,0.408619,0.629759,-0.028148,0.44219,0.574065,-0.060688,0.470225,0.533417,-0.082863,0.495234,0.497384,-0.097663,0.371216,0.645231,-0.044518,0.463315,0.675516,-0.083746,0.478415,0.745896,-0.093023,0.466321,0.776866,-0.094402,0.346274,0.690537,-0.061873,0.439215,0.721747,-0.098948,0.453502,0.775388,-0.091598,0.441253,0.796891,-0.080475,0.330601,0.749508,-0.080053,0.397749,0.758274,-0.102973,0.418125,0.790787,-0.092991,0.413099,0.807938,-0.080998
318,10600,True,0.9994,0.9994,0.384079,0.828342,0.0,0.443033,0.77708,-0.010002,0.480643,0.720725,-0.028494,0.501998,0.685887,-0.051241,0.50789,0.648945,-0.074449,0.413897,0.58798,-0.021961,0.449287,0.528419,-0.052143,0.476825,0.484827,-0.074176,0.501986,0.444843,-0.08887,0.377806,0.600438,-0.03501,0.467513,0.62109,-0.073306,0.483895,0.690961,-0.084784,0.475719,0.727939,-0.087159,0.353514,0.64096,-0.049712,0.443047,0.665063,-0.08569,0.457835,0.722385,-0.079364,0.449086,0.751794,-0.068334,0.337374,0.696474,-0.065728,0.40684,0.698691,-0.08838,0.426577,0.735765,-0.079361,0.42188,0.759106,-0.067373
319,10633,True,0.9992,0.9992,0.385679,0.798256,0.0,0.445897,0.744908,-0.007858,0.483695,0.682084,-0.023918,0.504909,0.641574,-0.045177,0.510153,0.600027,-0.06679,0.41923,0.551147,-0.016906,0.45635,0.482879,-0.044785,0.485162,0.437939,-0.064923,0.509635,0.397307,-0.078442,0.383293,0.561621,-0.030895,0.473132,0.578324,-0.069612,0.490955,0.648435,-0.081937,0.481857,0.68711,-0.08438,0.358401,0.598823,-0.046415,0.450095,0.618185,-0.083233,0.464878,0.678322,-0.077758,0.454396,0.710195,-0.066697,0.341285,0.651181,-0.063099,0.411643,0.644747,-0.087173,0.432754,0.683196,-0.078869,0.429068,0.710512,-0.066778
320,10666,True,0.9988,0.9988,0.387183,0.775076,0.0,0.451225,0.72044,-0.005972,0.491174,0.654876,-0.022197,0.51261,0.610118,-0.044388,0.512356,0.568637,-0.067159,0.429054,0.526853,-0.017995,0.46357,0.451233,-0.047101,0.491221,0.402003,-0.066408,0.513923,0.3575,-0.079108,0.392265,0.53351,-0.033648,0.482206,0.546973,-0.075168,0.498601,0.626022,-0.085594,0.487416,0.668393,-0.085293,0.366526,0.56587,-0.05056,0.458172,0.584545,-0.089781,0.470614,0.65338,-0.081171,0.457769,0.688855,-0.066766,0.348811,0.613063,-0.06854,0.41799,0.608825,-0.094106,0.436859,0.653088,-0.084102,0.430926,0.681935,-0.070024
321,10700,True,0.9982,0.9982,0.388314,0.764842,0.0,0.454887,0.710856,-0.00597,0.49695,0.646444,-0.023243,0.521667,0.600638,-0.046313,0.530122,0.554437,-0.070142,0.432578,0.511327,-0.020037,0.468149,0.436155,-0.051411,0.497498,0.384509,-0.072762,0.522029,0.337914,-0.086795,0.395341,0.516632,-0.036346,0.488025,0.534457,-0.078286,0.500596,0.6167,-0.088637,0.486247,0.657932,-0.088423,0.369442,0.550512,-0.053861,0.463648,0.574621,-0.094385,0.471756,0.645791,-0.085093,0.456187,0.678225,-0.070033,0.351587,0.599347,-0.072269,0.421907,0.600226,-0.097838,0.440385,0.646124,-0.086173,0.4348,0.672938,-0.070904
322,10733,True,0.9982,0.9982,0.388922,0.771206,0.0,0.456958,0.718019,-0.004844,0.501026,0.654916,-0.022405,0.52761,0.608708,-0.046215,0.533604,0.564178,-0.070826,0.443938,0.513474,-0.021299,0.478408,0.437152,-0.052607,0.506519,0.383233,-0.073602,0.529673,0.335029,-0.087558,0.406032,0.517927,-0.038574,0.499275,0.542469,-0.07945,0.510131,0.624345,-0.088486,0.494837,0.663308,-0.088028,0.378491,0.551968,-0.056932,0.472997,0.581482,-0.095926,0.477956,0.65161,-0.085546,0.460817,0.682737,-0.070608,0.358145,0.601206,-0.076381,0.428963,0.608143,-0.100799,0.444516,0.653374,-0.089001,0.437647,0.679187,-0.074092
323,10766,True,0.999,0.999,0.386173,0.795392,0.0,0.459024,0.741871,-0.003918,0.503902,0.682034,-0.023659,0.532053,0.641636,-0.050277,0.541643,0.603305,-0.077684,0.450902,0.534796,-0.026017,0.483968,0.456445,-0.059047,0.513989,0.403458,-0.079849,0.53877,0.360503,-0.093216,0.411673,0.540661,-0.045317,0.505765,0.569794,-0.086162,0.518939,0.654216,-0.093146,0.505125,0.690588,-0.091335,0.383131,0.578903,-0.065474,0.477107,0.614317,-0.104977,0.486358,0.683429,-0.093839,0.470901,0.712207,-0.078612,0.362639,0.632949,-0.086601,0.429575,0.645088,-0.109445,0.449253,0.687454,-0.095748,0.4456,0.712924,-0.080009
324,10800,True,0.9988,0.9988,0.388168,0.843147,-0.0,0.464228,0.779672,-0.001882,0.509042,0.72006,-0.022398,0.535074,0.681811,-0.050032,0.546682,0.653531,-0.078374,0.458068,0.580896,-0.025155,0.497032,0.517039,-0.055147,0.526514,0.471571,-0.074744,0.551706,0.433743,-0.089419,0.417869,0.590135,-0.045963,0.506673,0.636691,-0.083067,0.518598,0.715881,-0.091285,0.506337,0.745241,-0.09363,0.388039,0.63549,-0.067091,0.477144,0.683831,-0.103088,0.488377,0.745465,-0.093028,0.474287,0.766079,-0.081971,0.365857,0.695845,-0.089133,0.432537,0.719343,-0.111446,0.448033,0.756835,-0.100181,0.438676,0.771167,-0.088676
325,10833,True,0.9972,0.9972,0.382268,0.890709,-0.0,0.46262,0.828503,-0.008168,0.517692,0.777614,-0.035464,0.562004,0.764077,-0.069223,0.587523,0.766264,-0.103848,0.467987,0.635067,-0.030841,0.504481,0.594768,-0.06641,0.536287,0.562243,-0.09068,0.564632,0.53574,-0.108698,0.428217,0.648442,-0.051583,0.516709,0.71375,-0.095475,0.522336,0.794006,-0.106279,0.505155,0.819356,-0.10886,0.397329,0.698244,-0.073572,0.485528,0.774794,-0.111866,0.487217,0.831824,-0.103747,0.465925,0.837099,-0.093278,0.374822,0.761337,-0.097463,0.440792,0.817235,-0.118185,0.444635,0.849631,-0.10805,0.424888,0.846143,-0.097883
326,10866,True,0.9991,0.9991,0.382602,0.933713,-0.0,0.461456,0.865733,-0.00736,0.524192,0.804334,-0.029859,0.569685,0.794342,-0.056424,0.595409,0.819969,-0.084227,0.472355,0.691735,-0.044262,0.508131,0.682433,-0.081568,0.547164,0.681228,-0.107868,0.581652,0.681897,-0.126304,0.428154,0.717617,-0.06313,0.522706,0.820092,-0.108424,0.529372,0.88742,-0.122175,0.512678,0.905148,-0.127683,0.393065,0.777962,-0.081746,0.488551,0.888248,-0.12126,0.487424,0.93062,-0.118923,0.464945,0.922546,-0.11195,0.368159,0.846903,-0.101306,0.445242,0.924005,-0.121213,0.449731,0.949395,-0.112113,0.429939,0.938029,-0.102503
327,10900,True,0.9956,0.9956,0.39804,0.951576,0.0,0.467397,0.896765,-0.014491,0.52922,0.847513,-0.035866,0.571131,0.860994,-0.059317,0.577657,0.907093,-0.083065,0.474924,0.740722,-0.044192,0.522318,0.764124,-0.079648,0.562092,0.777561,-0.107131,0.599317,0.79431,-0.12627,0.42729,0.767103,-0.057535,0.526135,0.906563,-0.091658,0.512249,0.937787,-0.099609,0.490176,0.926068,-0.104933,0.389586,0.829119,-0.072507,0.489463,0.962731,-0.09778,0.472121,0.9611,-0.090539,0.451544,0.928308,-0.084812,0.360248,0.899874,-0.091032,0.442355,0.992941,-0.108819,0.43443,0.986212,-0.103529,0.414914,0.958203,-0.097615
328,10933,True,0.9949,0.9949,0.406014,0.959819,0.0,0.467684,0.90429,-0.01822,0.522346,0.858712,-0.040722,0.566039,0.867772,-0.064983,0.592431,0.901321,-0.089234,0.472979,0.753956,-0.039239,0.527274,0.788834,-0.076054,0.567358,0.799603,-0.104363,0.605979,0.813935,-0.123558,0.429044,0.783512,-0.049764,0.525992,0.91601,-0.084004,0.507992,0.939286,-0.092115,0.486634,0.923205,-0.09707,0.39567,0.845074,-0.063363,0.492862,0.969353,-0.091696,0.471203,0.968772,-0.085472,0.450538,0.941863,-0.079041,0.370005,0.915609,-0.080675,0.44805,1.003814,-0.100384,0.434048,0.999283,-0.096064,0.41251,0.975933,-0.090126
329,10966,True,0.9982,0.9982,0.399714,0.950766,0.0,0.460198,0.893048,-0.017605,0.515145,0.84569,-0.040771,0.56417,0.853729,-0.065993,0.592534,0.893511,-0.091112,0.47761,0.743886,-0.037409,0.531317,0.767243,-0.07358,0.570921,0.779399,-0.101345,0.606488,0.790723,-0.120535,0.433831,0.771226,-0.049057,0.532718,0.89666,-0.083855,0.523955,0.932174,-0.094535,0.505721,0.92211,-0.101202,0.400434,0.832339,-0.063469,0.504101,0.958176,-0.092653,0.490267,0.968567,-0.087194,0.468698,0.943122,-0.081096,0.375443,0.90425,-0.081284,0.455067,0.992851,-0.100041,0.446939,0.994017,-0.094392,0.425365,0.970285,-0.087452
330,11000,True,0.9996,0.9996,0.406574,0.938613,0.0,0.473297,0.875092,-0.009344,0.533057,0.816454,-0.030085,0.579876,0.812995,-0.053605,0.604246,0.849737,-0.078641,0.482423,0.722262,-0.039809,0.535261,0.732108,-0.074966,0.574824,0.731993,-0.100595,0.609085,0.729846,-0.118969,0.441327,0.74671,-0.055377,0.544616,0.845519,-0.09594,0.53918,0.902607,-0.106549,0.516683,0.912571,-0.110827,0.409931,0.803888,-0.071763,0.513258,0.904798,-0.107325,0.507679,0.938926,-0.103844,0.486177,0.93276,-0.097242,0.387846,0.872048,-0.089482,0.469057,0.940641,-0.108693,0.468692,0.956655,-0.102129,0.448092,0.946328,-0.095091
331,11033,True,0.9998,0.9998,0.419958,0.910576,0.0,0.485733,0.854556,-0.00687,0.540919,0.796944,-0.025642,0.583437,0.781746,-0.047764,0.599778,0.803161,-0.071351,0.489036,0.68881,-0.031544,0.536619,0.682136,-0.06591,0.575337,0.670639,-0.090885,0.609958,0.656723,-0.108471,0.448801,0.705695,-0.048369,0.546859,0.7921,-0.088464,0.549918,0.858863,-0.098552,0.533695,0.872599,-0.101403,0.418081,0.758133,-0.06606,0.516949,0.847991,-0.102368,0.518055,0.892332,-0.096055,0.498869,0.88883,-0.086442,0.395765,0.824262,-0.084851,0.472401,0.884465,-0.104379,0.48058,0.90926,-0.094264,0.465018,0.904716,-0.083503
332,11066,True,0.9998,0.9998,0.428916,0.8771,0.0,0.501755,0.823792,-0.004563,0.553936,0.769063,-0.025833,0.587589,0.743172,-0.051094,0.593832,0.754368,-0.078536,0.500749,0.654246,-0.033825,0.540213,0.624423,-0.067691,0.57776,0.597543,-0.090734,0.610082,0.573692,-0.106632,0.460869,0.66272,-0.052394,0.554638,0.727985,-0.091219,0.561266,0.804223,-0.098292,0.542859,0.826431,-0.098352,0.42991,0.708767,-0.071151,0.526574,0.781901,-0.107751,0.531465,0.836651,-0.097388,0.510832,0.844423,-0.08443,0.406373,0.771368,-0.090508,0.476317,0.815627,-0.111325,0.489668,0.84841,-0.097873,0.476343,0.85353,-0.083782
333,11100,True,0.9998,0.9998,0.426231,0.844344,0.0,0.501403,0.793018,-0.003402,0.549442,0.739179,-0.02489,0.580756,0.704125,-0.051121,0.592891,0.697726,-0.07901,0.501251,0.615639,-0.032521,0.548279,0.572911,-0.064481,0.587675,0.535218,-0.085371,0.618072,0.504779,-0.099704,0.4635,0.624433,-0.051238,0.559326,0.677884,-0.08766,0.567083,0.754551,-0.091886,0.54928,0.780587,-0.090284,0.435525,0.669362,-0.070184,0.530793,0.726869,-0.104947,0.54008,0.783901,-0.092289,0.522718,0.80103,-0.078394,0.415831,0.729127,-0.089892,0.486603,0.762111,-0.110219,0.504411,0.799223,-0.09614,0.49577,0.814086,-0.081762
334,11133,True,0.9991,0.9991,0.428419,0.815931,0.0,0.504541,0.768828,-0.005885,0.55021,0.716194,-0.029091,0.578974,0.679253,-0.057177,0.598513,0.663076,-0.086289,0.50457,0.583637,-0.034857,0.555752,0.529263,-0.068415,0.591728,0.487794,-0.090232,0.618973,0.452619,-0.105096,0.465735,0.590109,-0.052686,0.561904,0.635584,-0.091686,0.571116,0.713047,-0.097012,0.556383,0.741403,-0.095785,0.43757,0.630443,-0.070997,0.534009,0.680158,-0.107665,0.543126,0.741974,-0.094546,0.52745,0.763341,-0.079936,0.418031,0.685431,-0.090332,0.490111,0.712906,-0.111869,0.508339,0.753149,-0.097705,0.501382,0.770675,-0.082958
335,11166,True,0.9989,0.9989,0.429598,0.796068,0.0,0.505338,0.746285,-0.007672,0.551496,0.69465,-0.032966,0.580066,0.656184,-0.063244,0.593747,0.638468,-0.094439,0.506301,0.556124,-0.036675,0.554074,0.493107,-0.071293,0.588675,0.449414,-0.093565,0.615719,0.412527,-0.108741,0.46572,0.561458,-0.054928,0.561084,0.600971,-0.096167,0.569645,0.681774,-0.103018,0.553513,0.71107,-0.102195,0.435774,0.599976,-0.073594,0.530889,0.647353,-0.111652,0.539951,0.712812,-0.098521,0.52381,0.735248,-0.083445,0.412951,0.653475,-0.093495,0.484882,0.681495,-0.114857,0.502853,0.723995,-0.099925,0.494902,0.74221,-0.084529
336,11200,True,0.9987,0.9987,0.418267,0.782293,0.0,0.494219,0.72993,-0.011316,0.54168,0.680676,-0.037511,0.571508,0.645361,-0.068196,0.579252,0.611362,-0.099342,0.497163,0.53493,-0.03837,0.54251,0.474028,-0.074463,0.575494,0.429118,-0.098633,0.602189,0.38918,-0.115255,0.454933,0.540786,-0.05582,0.546603,0.588048,-0.0997,0.55161,0.669095,-0.109611,0.534636,0.696281,-0.110686,0.423495,0.580874,-0.074057,0.516394,0.632519,-0.114099,0.523139,0.698065,-0.102764,0.506511,0.718257,-0.08847,0.400174,0.636663,-0.094019,0.469594,0.662627,-0.117686,0.487869,0.702783,-0.104537,0.482374,0.719155,-0.089677
337,11233,True,0.9983,0.9983,0.396228,0.783133,0.0,0.469996,0.728371,-0.009731,0.514436,0.675272,-0.032278,0.543868,0.639466,-0.059463,0.553793,0.602179,-0.086775,0.474473,0.528614,-0.030105,0.514324,0.470911,-0.064697,0.546615,0.426007,-0.087717,0.574858,0.386649,-0.103097,0.433522,0.531739,-0.047149,0.519144,0.575383,-0.08798,0.525678,0.656963,-0.096331,0.512711,0.689362,-0.096284,0.400748,0.570024,-0.065757,0.489227,0.624927,-0.104324,0.493144,0.689229,-0.094781,0.477617,0.709654,-0.081634,0.375925,0.625336,-0.086027,0.442862,0.658093,-0.10814,0.457718,0.698776,-0.097055,0.451297,0.71263,-0.084118
338,11266,True,0.9986,0.9986,0.38058,0.792454,0.0,0.450383,0.733716,-0.00956,0.491611,0.679418,-0.033116,0.519531,0.643933,-0.061538,0.525972,0.603666,-0.090002,0.443078,0.541361,-0.033694,0.475077,0.474987,-0.069242,0.501948,0.427382,-0.092488,0.52441,0.3857,-0.108033,0.400419,0.546106,-0.051395,0.481321,0.583608,-0.091223,0.48827,0.659213,-0.099878,0.473404,0.681191,-0.101038,0.366032,0.584657,-0.07033,0.451187,0.634074,-0.108997,0.456336,0.695179,-0.098965,0.439358,0.707718,-0.086255,0.339283,0.639753,-0.090696,0.404482,0.668182,-0.113429,0.422077,0.709288,-0.100751,0.415642,0.722465,-0.08686
339,11300,True,0.9978,0.9978,0.354218,0.8133,0.0,0.419395,0.749029,-0.014076,0.457615,0.693337,-0.035086,0.482278,0.657703,-0.059714,0.488824,0.622872,-0.084038,0.399995,0.55616,-0.030367,0.425204,0.497505,-0.061497,0.444177,0.455669,-0.084163,0.460905,0.415921,-0.100634,0.355182,0.565949,-0.043207,0.429722,0.609618,-0.076903,0.444536,0.662365,-0.089468,0.437418,0.672819,-0.096553,0.321557,0.609143,-0.057607,0.403399,0.671146,-0.088987,0.41129,0.719075,-0.083955,0.396859,0.726464,-0.077688,0.297474,0.668024,-0.074342,0.362842,0.709163,-0.093795,0.376436,0.74298,-0.086019,0.367092,0.749915,-0.077436
340,11333,True,0.999,0.999,0.333489,0.836819,0.0,0.394372,0.765617,-0.013356,0.436393,0.703244,-0.033143,0.458488,0.663019,-0.055584,0.450112,0.652536,-0.077472,0.374128,0.588221,-0.0351,0.386585,0.538383,-0.06668,0.392088,0.501706,-0.088329,0.395882,0.460763,-0.105237,0.323347,0.600299,-0.049585,0.382061,0.634928,-0.088126,0.410929,0.679064,-0.102945,0.42268,0.693138,-0.110254,0.284176,0.646823,-0.064756,0.360408,0.725372,-0.098765,0.374694,0.767753,-0.094529,0.370051,0.775566,-0.087731,0.258103,0.709178,-0.082285,0.317625,0.768753,-0.102294,0.3363,0.796031,-0.095904,0.332747,0.795832,-0.088621
341,11366,True,0.999,0.999,0.310205,0.866937,0.0,0.363063,0.802232,-0.015935,0.405423,0.737955,-0.034398,0.43051,0.696755,-0.054332,0.417321,0.693984,-0.073599,0.339591,0.635112,-0.03579,0.338318,0.59207,-0.065361,0.33751,0.561316,-0.085467,0.337768,0.531308,-0.099916,0.286775,0.649533,-0.04735,0.333807,0.684905,-0.082955,0.36094,0.712629,-0.097741,0.378529,0.723821,-0.104398,0.24428,0.695182,-0.059995,0.313649,0.77924,-0.090227,0.336937,0.810394,-0.089446,0.346994,0.815574,-0.084888,0.216035,0.754814,-0.075345,0.268074,0.819416,-0.090946,0.285985,0.843195,-0.086327,0.2891,0.843326,-0.080724
342,11400,True,0.9986,0.9986,0.295444,0.899923,0.0,0.347728,0.836741,-0.022698,0.383769,0.776208,-0.044199,0.399659,0.745385,-0.065223,0.391269,0.743555,-0.084128,0.323221,0.680868,-0.047881,0.31336,0.649082,-0.085218,0.303717,0.63213,-0.110625,0.292575,0.618115,-0.126763,0.263267,0.695583,-0.056059,0.296816,0.756782,-0.09625,0.31367,0.773253,-0.113456,0.32179,0.768476,-0.121132,0.218282,0.742875,-0.066006,0.283415,0.844586,-0.098336,0.311335,0.864822,-0.098276,0.327013,0.857035,-0.093479,0.189707,0.804136,-0.079647,0.236177,0.878505,-0.09898,0.2631,0.89594,-0.095883,0.279386,0.88817,-0.089585
343,11433,True,0.9971,0.9971,0.289119,0.927453,-0.0,0.338207,0.877312,-0.02137,0.378163,0.82259,-0.043486,0.401555,0.794573,-0.066784,0.394791,0.788773,-0.087336,0.31672,0.712021,-0.044407,0.313046,0.691095,-0.086059,0.301983,0.690168,-0.113528,0.291059,0.694725,-0.129961,0.256428,0.720066,-0.051906,0.311266,0.826909,-0.09186,0.34203,0.85497,-0.103187,0.355726,0.847009,-0.107163,0.212729,0.769797,-0.062661,0.28078,0.894261,-0.093721,0.306116,0.906981,-0.087483,0.312811,0.883249,-0.0796,0.185093,0.832505,-0.077383,0.234548,0.922126,-0.099023,0.258741,0.933026,-0.095465,0.263523,0.913375,-0.08818
344,11466,True,0.9978,0.9978,0.304841,0.936134,-0.0,0.355886,0.888538,-0.019946,0.397759,0.839179,-0.042308,0.425567,0.822314,-0.066581,0.417616,0.83646,-0.087269,0.337238,0.729888,-0.045989,0.329765,0.708078,-0.086953,0.328844,0.719975,-0.110094,0.331737,0.745469,-0.121523,0.278187,0.740847,-0.053921,0.34437,0.861573,-0.093079,0.372064,0.890398,-0.098885,0.378971,0.888617,-0.097376,0.237683,0.794893,-0.065219,0.315891,0.928251,-0.094541,0.340023,0.93425,-0.082696,0.343649,0.910307,-0.069243,0.212347,0.859394,-0.080699,0.270769,0.95293,-0.101621,0.295636,0.962096,-0.094838,0.300477,0.944199,-0.083143
345,11500,True,0.9948,0.9948,0.319946,0.951213,-0.0,0.383005,0.898145,-0.015813,0.430949,0.842172,-0.035599,0.460784,0.82765,-0.057904,0.455167,0.852249,-0.077513,0.360521,0.744131,-0.036296,0.358286,0.726339,-0.072875,0.375431,0.732723,-0.094355,0.397688,0.753681,-0.104851,0.309209,0.761622,-0.044596,0.391691,0.868814,-0.077102,0.407185,0.894278,-0.082394,0.402445,0.889281,-0.081841,0.275726,0.815771,-0.055861,0.367215,0.93132,-0.079585,0.376886,0.932822,-0.068334,0.368582,0.906776,-0.056407,0.25429,0.878337,-0.071003,0.324388,0.95898,-0.088733,0.33688,0.960989,-0.081992,0.329861,0.939629,-0.071069
346,11533,True,0.9944,0.9944,0.335528,0.926481,0.0,0.402046,0.865008,-0.010967,0.453231,0.814242,-0.028671,0.48882,0.819507,-0.049878,0.505017,0.855641,-0.070643,0.397146,0.722937,-0.029292,0.423127,0.727301,-0.061525,0.45241,0.736563,-0.084086,0.483448,0.742451,-0.098873,0.35242,0.749403,-0.040553,0.442371,0.856977,-0.07331,0.457307,0.889598,-0.083614,0.454124,0.886513,-0.088763,0.320073,0.806585,-0.053777,0.417493,0.915964,-0.079215,0.422252,0.92471,-0.075351,0.408522,0.901614,-0.069675,0.297417,0.867931,-0.069764,0.373417,0.946489,-0.086638,0.378521,0.950554,-0.083159,0.36247,0.929597,-0.077055
347,11566,True,0.9984,0.9984,0.347413,0.930316,0.0,0.416779,0.867228,-0.007143,0.471593,0.808639,-0.024371,0.512317,0.801156,-0.045141,0.535012,0.829367,-0.066398,0.425721,0.713093,-0.030757,0.463205,0.718681,-0.06439,0.494971,0.721399,-0.088015,0.52775,0.722565,-0.10361,0.387229,0.736884,-0.045298,0.485032,0.837369,-0.078895,0.477917,0.881181,-0.086623,0.460263,0.881828,-0.089585,0.356442,0.792845,-0.061577,0.456037,0.897438,-0.091894,0.443895,0.915686,-0.089737,0.424378,0.898711,-0.084586,0.333854,0.859598,-0.079489,0.413772,0.933795,-0.097132,0.408877,0.940098,-0.093553,0.389746,0.923822,-0.088173
348,11600,True,0.9997,0.9997,0.357832,0.917098,0.0,0.420749,0.853062,-0.004184,0.478932,0.796052,-0.02306,0.524826,0.790054,-0.045228,0.543878,0.822123,-0.069088,0.437507,0.707625,-0.038253,0.484148,0.710538,-0.071929,0.521169,0.705602,-0.09606,0.555182,0.700274,-0.11295,0.399462,0.730868,-0.055711,0.499785,0.817354,-0.091934,0.497805,0.87134,-0.099363,0.47851,0.880578,-0.10187,0.369963,0.786331,-0.073327,0.469798,0.873229,-0.10662,0.468031,0.907652,-0.101567,0.447538,0.903637,-0.09405,0.349598,0.852391,-0.091623,0.430892,0.911062,-0.108751,0.437522,0.929447,-0.099697,0.421437,0.924423,-0.091003
349,11633,True,0.9999,0.9999,0.367268,0.906153,0.0,0.432049,0.8462,-0.003151,0.485327,0.79239,-0.023813,0.52774,0.777005,-0.047871,0.54695,0.799058,-0.073767,0.44303,0.696133,-0.041895,0.487986,0.688433,-0.078203,0.528401,0.682002,-0.102461,0.561423,0.674364,-0.118806,0.4034,0.716003,-0.060783,0.504398,0.793827,-0.09989,0.507443,0.859402,-0.105436,0.488038,0.871714,-0.105364,0.373664,0.769962,-0.079622,0.47272,0.853384,-0.117364,0.475731,0.895683,-0.109627,0.453815,0.892777,-0.098661,0.353168,0.834284,-0.098588,0.43192,0.889829,-0.117956,0.44496,0.914402,-0.105916,0.430065,0.91167,-0.094153
350,11666,True,0.9999,0.9999,0.367859,0.900713,0.0,0.432492,0.836017,-0.000674,0.483726,0.779442,-0.02101,0.524792,0.765006,-0.045715,0.542901,0.785653,-0.072044,0.435948,0.682351,-0.034708,0.47829,0.669113,-0.068256,0.518671,0.659763,-0.090158,0.552409,0.650551,-0.105047,0.397024,0.705087,-0.054836,0.499713,0.777543,-0.092089,0.503056,0.845812,-0.097591,0.482363,0.855706,-0.097315,0.370054,0.760378,-0.074843,0.471642,0.83479,-0.111381,0.476197,0.881319,-0.102842,0.452999,0.878785,-0.091271,0.351735,0.824639,-0.094869,0.430208,0.872509,-0.114542,0.444004,0.898222,-0.102331,0.428256,0.894744,-0.089983
351,11700,True,0.9998,0.9998,0.361876,0.902175,0.0,0.433296,0.834157,-0.000937,0.482754,0.771749,-0.019579,0.519531,0.75015,-0.042815,0.532122,0.768055,-0.067627,0.426205,0.673087,-0.028263,0.465131,0.656669,-0.059205,0.504435,0.642887,-0.080308,0.538448,0.629907,-0.094914,0.387874,0.695422,-0.047089,0.489061,0.764905,-0.081872,0.494183,0.833721,-0.088088,0.474827,0.845563,-0.088333,0.362166,0.750979,-0.066015,0.462052,0.822038,-0.101104,0.469363,0.868804,-0.094715,0.447895,0.869625,-0.084631,0.345239,0.815146,-0.085028,0.422876,0.861681,-0.103947,0.438673,0.888323,-0.093172,0.424676,0.888421,-0.081788
352,11733,True,0.9995,0.9995,0.357996,0.903113,0.0,0.428123,0.830272,-0.001789,0.475958,0.763503,-0.019877,0.511808,0.737797,-0.042847,0.522936,0.754867,-0.067125,0.415659,0.666256,-0.022663,0.456099,0.650556,-0.052304,0.494044,0.633585,-0.073246,0.527116,0.617256,-0.088361,0.378884,0.689174,-0.041059,0.47847,0.754356,-0.077141,0.487424,0.824684,-0.084847,0.472121,0.838964,-0.085579,0.354359,0.743378,-0.059891,0.452238,0.812657,-0.094478,0.460937,0.859812,-0.088398,0.441922,0.862066,-0.078419,0.338272,0.806329,-0.079266,0.413941,0.854035,-0.09821,0.429235,0.879648,-0.089172,0.415995,0.878001,-0.078935
353,11766,True,0.9995,0.9995,0.355269,0.902975,0.0,0.423237,0.831962,-0.001436,0.46895,0.766636,-0.019358,0.502018,0.737123,-0.042342,0.513807,0.745803,-0.066496,0.408852,0.663739,-0.021049,0.447116,0.646823,-0.050984,0.482487,0.627696,-0.071705,0.514515,0.609946,-0.086519,0.373112,0.685633,-0.039836,0.468887,0.746895,-0.076531,0.478044,0.817119,-0.08433,0.464387,0.83207,-0.085025,0.348584,0.737701,-0.05929,0.44485,0.80618,-0.094548,0.45298,0.854586,-0.088373,0.43581,0.857234,-0.078352,0.333094,0.800412,-0.079295,0.407714,0.848533,-0.098624,0.421487,0.875733,-0.089833,0.408791,0.873756,-0.079757
354,11800,True,0.9995,0.9995,0.354548,0.904182,0.0,0.421969,0.831165,-0.001878,0.466144,0.763587,-0.019407,0.496409,0.732996,-0.04186,0.50647,0.743852,-0.065518,0.402869,0.662239,-0.020513,0.439672,0.645669,-0.050286,0.474289,0.627059,-0.071149,0.506567,0.609998,-0.085948,0.366925,0.685819,-0.038713,0.462431,0.74525,-0.075233,0.474119,0.814837,-0.083258,0.462116,0.832605,-0.084045,0.342082,0.738346,-0.057692,0.438815,0.804406,-0.092524,0.448546,0.851763,-0.086856,0.432727,0.856716,-0.077111,0.326731,0.802029,-0.077287,0.401756,0.846593,-0.096355,0.418265,0.872135,-0.088018,0.408122,0.871502,-0.078215
355,11833,True,0.9996,0.9996,0.354,0.902306,0.0,0.421188,0.832512,-0.002677,0.465973,0.768533,-0.021173,0.496001,0.738603,-0.044817,0.501778,0.746552,-0.069721,0.402625,0.661339,-0.0208,0.43671,0.643571,-0.051238,0.470691,0.625573,-0.072741,0.502991,0.608592,-0.087879,0.36497,0.686724,-0.039306,0.459507,0.747234,-0.076509,0.471704,0.815774,-0.086313,0.458894,0.831476,-0.088347,0.339476,0.740833,-0.05854,0.436515,0.806625,-0.094029,0.446846,0.853901,-0.088723,0.430454,0.858052,-0.079065,0.323549,0.805116,-0.078412,0.39856,0.848152,-0.097442,0.413714,0.874258,-0.088273,0.401772,0.873466,-0.07767
356,11866,True,0.9995,0.9995,0.352316,0.903376,0.0,0.418222,0.829668,-0.001699,0.462794,0.761093,-0.018828,0.494692,0.734496,-0.041193,0.502876,0.749912,-0.064833,0.400779,0.661063,-0.019419,0.436165,0.643536,-0.049053,0.470761,0.627313,-0.069754,0.502591,0.610864,-0.084494,0.363252,0.687524,-0.038303,0.459711,0.746759,-0.075306,0.473225,0.816744,-0.084651,0.460541,0.833153,-0.08611,0.338423,0.742829,-0.057851,0.437372,0.8088,-0.093171,0.448099,0.855499,-0.088445,0.431001,0.85785,-0.079018,0.323255,0.807363,-0.077931,0.399778,0.849288,-0.096572,0.415192,0.87608,-0.087437,0.402336,0.876366,-0.076932
357,11900,True,0.9995,0.9995,0.352863,0.904583,0.0,0.419472,0.829849,-0.001035,0.464053,0.760531,-0.017654,0.495166,0.733288,-0.039656,0.501829,0.75195,-0.06288,0.401696,0.663129,-0.019023,0.436128,0.643748,-0.048251,0.471008,0.627872,-0.06856,0.503045,0.611977,-0.083158,0.363164,0.68843,-0.038109,0.45829,0.746181,-0.075132,0.472474,0.817103,-0.084181,0.460251,0.834394,-0.085239,0.338003,0.742946,-0.057751,0.435939,0.809484,-0.092564,0.446781,0.856182,-0.087852,0.429425,0.858315,-0.078482,0.322846,0.806533,-0.077932,0.398694,0.849913,-0.096187,0.413781,0.876281,-0.087362,0.400424,0.875878,-0.077183
358,11933,True,0.9995,0.9995,0.35153,0.906473,0.0,0.419707,0.829965,-0.000652,0.464441,0.75948,-0.016837,0.495347,0.732978,-0.03855,0.501783,0.753387,-0.061564,0.401161,0.663881,-0.018028,0.43511,0.644341,-0.046652,0.469764,0.628802,-0.066699,0.501567,0.613096,-0.081176,0.362835,0.689244,-0.037083,0.458558,0.747657,-0.073143,0.472144,0.818186,-0.082154,0.459171,0.834374,-0.083369,0.338022,0.744001,-0.056639,0.436348,0.810901,-0.090808,0.446614,0.857769,-0.08628,0.428537,0.85992,-0.07711,0.323076,0.807497,-0.076697,0.39886,0.851235,-0.094623,0.41365,0.877669,-0.0858,0.399896,0.877588,-0.075615
359,11966,True,0.9994,0.9994,0.352512,0.907296,0.0,0.421129,0.833129,-0.0018,0.465778,0.764701,-0.018847,0.495444,0.736974,-0.041391,0.501686,0.753388,-0.065177,0.402566,0.664466,-0.019067,0.435592,0.644587,-0.04879,0.470053,0.6287,-0.069687,0.502279,0.612849,-0.084619,0.363784,0.689713,-0.037854,0.458447,0.748942,-0.075805,0.471831,0.819402,-0.08593,0.459161,0.836561,-0.087519,0.338461,0.744326,-0.057263,0.435813,0.811168,-0.093128,0.446853,0.858508,-0.088994,0.429839,0.861942,-0.079638,0.323006,0.807966,-0.077244,0.398882,0.85197,-0.096593,0.414134,0.878468,-0.088324,0.401115,0.877998,-0.078163
360,12000,True,0.9994,0.9994,0.3507,0.908781,0.0,0.419759,0.833986,-0.003178,0.463804,0.765807,-0.021406,0.493229,0.7385,-0.044928,0.501589,0.756062,-0.069547,0.402985,0.665992,-0.020455,0.437242,0.645927,-0.051343,0.471551,0.62939,-0.073133,0.503169,0.612838,-0.088557,0.363434,0.689579,-0.038554,0.457667,0.749142,-0.077182,0.47052,0.819287,-0.087256,0.457734,0.836256,-0.088688,0.337644,0.74281,-0.057502,0.434704,0.810877,-0.093762,0.445489,0.857805,-0.089796,0.428257,0.861161,-0.080495,0.322038,0.804759,-0.077184,0.399309,0.852163,-0.096539,0.414066,0.879365,-0.088612,0.400184,0.878895,-0.078735
361,12033,True,0.9996,0.9996,0.346827,0.907951,0.0,0.415985,0.832537,-0.001447,0.46124,0.764394,-0.019291,0.492815,0.738309,-0.042761,0.501776,0.756786,-0.067547,0.403039,0.665391,-0.019992,0.437612,0.646529,-0.050622,0.47194,0.629879,-0.07246,0.503149,0.612903,-0.087997,0.364151,0.689622,-0.03907,0.458857,0.750524,-0.077051,0.471518,0.821806,-0.086743,0.458196,0.839763,-0.088122,0.338541,0.743442,-0.058735,0.435015,0.810886,-0.094217,0.445381,0.858794,-0.089357,0.42717,0.863417,-0.07967,0.322985,0.805759,-0.079019,0.399345,0.852157,-0.097454,0.41403,0.879976,-0.088342,0.399841,0.880821,-0.077813
362,12066,True,0.9996,0.9996,0.346633,0.909925,0.0,0.417858,0.837128,-0.001181,0.463837,0.771813,-0.019892,0.493551,0.741774,-0.044326,0.500865,0.754396,-0.07009,0.403751,0.668357,-0.020961,0.43621,0.646807,-0.051692,0.469964,0.628593,-0.07343,0.500659,0.611922,-0.088851,0.364806,0.690212,-0.040458,0.457717,0.75071,-0.077945,0.468575,0.821724,-0.086903,0.454212,0.839588,-0.088078,0.338425,0.743069,-0.060563,0.434339,0.809672,-0.096496,0.443879,0.857653,-0.091224,0.425766,0.862461,-0.081506,0.32207,0.805811,-0.081162,0.398972,0.852469,-0.100199,0.414326,0.880658,-0.090967,0.401389,0.88127,-0.080498
363,12100,True,0.9996,0.9996,0.347012,0.911058,0.0,0.418847,0.837943,-0.001466,0.464655,0.771915,-0.020215,0.493774,0.740552,-0.044621,0.500054,0.752917,-0.070265,0.403168,0.668941,-0.021429,0.435927,0.646738,-0.05225,0.469547,0.628702,-0.073916,0.500256,0.612012,-0.089365,0.364382,0.690436,-0.040875,0.457705,0.75081,-0.078909,0.468245,0.821545,-0.08805,0.453667,0.838488,-0.08941,0.337842,0.742892,-0.060931,0.433856,0.808449,-0.097262,0.443353,0.856554,-0.091961,0.425517,0.86139,-0.082266,0.321171,0.80575,-0.081534,0.398114,0.851669,-0.101274,0.414976,0.879085,-0.092517,0.403609,0.879064,-0.082321
364,12133,True,0.9995,0.9995,0.345977,0.913876,0.0,0.41851,0.841211,-0.001091,0.464916,0.775754,-0.01976,0.494668,0.743286,-0.04421,0.499892,0.753294,-0.069897,0.402586,0.669936,-0.019976,0.436609,0.649713,-0.051263,0.471086,0.630599,-0.073679,0.502098,0.612243,-0.089653,0.364239,0.692127,-0.039965,0.458714,0.751352,-0.078477,0.469239,0.822286,-0.088167,0.454105,0.838972,-0.089705,0.338415,0.744741,-0.060649,0.434914,0.810155,-0.097462,0.443903,0.858093,-0.09233,0.425148,0.861896,-0.08254,0.322098,0.807475,-0.081872,0.39925,0.853781,-0.101733,0.415462,0.880641,-0.092968,0.403419,0.87972,-0.082723
365,12166,True,0.9995,0.9995,0.348484,0.911352,0.0,0.418264,0.839992,-0.002452,0.465008,0.773764,-0.022167,0.496391,0.743006,-0.047339,0.50446,0.756783,-0.073766,0.404608,0.669679,-0.023476,0.441682,0.646916,-0.056445,0.477455,0.627149,-0.079341,0.510768,0.60967,-0.09549,0.36646,0.69242,-0.043005,0.462035,0.754658,-0.083739,0.471102,0.826589,-0.093127,0.45607,0.844129,-0.094312,0.339852,0.745125,-0.06333,0.438126,0.812549,-0.10188,0.444571,0.860675,-0.096099,0.425562,0.86349,-0.085675,0.322926,0.808468,-0.084228,0.40017,0.854173,-0.105228,0.414334,0.880407,-0.096247,0.40128,0.877413,-0.085728
366,12200,True,0.9994,0.9994,0.354865,0.903758,0.0,0.42203,0.834001,-0.002754,0.468353,0.768358,-0.02351,0.499449,0.737754,-0.049863,0.507697,0.754808,-0.077742,0.408864,0.665972,-0.02451,0.446304,0.635741,-0.056212,0.482501,0.611804,-0.077023,0.515119,0.592581,-0.09149,0.370142,0.687075,-0.043895,0.464957,0.741801,-0.083004,0.473105,0.814681,-0.089718,0.456887,0.831789,-0.088864,0.343282,0.737815,-0.064139,0.440028,0.79969,-0.101682,0.448012,0.849313,-0.094258,0.430639,0.853695,-0.082639,0.326316,0.799456,-0.084988,0.40154,0.838338,-0.105598,0.416663,0.866226,-0.095485,0.40442,0.866636,-0.083967
367,12233,True,0.9996,0.9996,0.359232,0.88085,0.0,0.424848,0.814473,-0.002957,0.468862,0.753423,-0.023622,0.497958,0.72035,-0.049326,0.506489,0.729173,-0.076704,0.410784,0.647387,-0.027589,0.447361,0.608409,-0.058212,0.482004,0.579735,-0.078519,0.511484,0.556911,-0.092708,0.37347,0.667731,-0.046716,0.466738,0.711185,-0.083943,0.478792,0.784791,-0.09024,0.464389,0.806709,-0.089842,0.347619,0.717976,-0.066207,0.440864,0.769096,-0.101119,0.450464,0.820971,-0.092323,0.433471,0.829885,-0.080721,0.331228,0.77878,-0.086252,0.401223,0.80817,-0.104719,0.417947,0.838188,-0.09256,0.407232,0.843617,-0.080116
368,12266,True,0.9995,0.9995,0.364701,0.861089,0.0,0.428307,0.804582,-0.004526,0.465897,0.748612,-0.023998,0.488675,0.713858,-0.048068,0.504795,0.70005,-0.073037,0.41144,0.629056,-0.028296,0.447729,0.57929,-0.06026,0.477858,0.539486,-0.081436,0.503144,0.505584,-0.09569,0.375746,0.641841,-0.04507,0.46703,0.680541,-0.083412,0.480874,0.751608,-0.090637,0.469438,0.780699,-0.090518,0.351086,0.686237,-0.062431,0.443994,0.731953,-0.098738,0.45467,0.786938,-0.08986,0.440915,0.804424,-0.077672,0.335178,0.744069,-0.080469,0.408503,0.770775,-0.101059,0.424935,0.805698,-0.089571,0.41551,0.817291,-0.076845
369,12300,True,0.9993,0.9993,0.367602,0.834351,0.0,0.431482,0.776573,-0.003366,0.467848,0.720735,-0.024218,0.491389,0.684208,-0.050508,0.511563,0.667078,-0.077905,0.410146,0.601302,-0.028816,0.447936,0.540541,-0.061241,0.478434,0.496674,-0.082794,0.503107,0.458858,-0.097491,0.374832,0.615663,-0.046847,0.469806,0.643961,-0.085093,0.484224,0.717236,-0.092115,0.470114,0.747399,-0.092173,0.351629,0.659868,-0.065319,0.44523,0.691621,-0.101169,0.458572,0.748936,-0.090621,0.44377,0.770032,-0.07774,0.336654,0.716119,-0.084426,0.407595,0.731259,-0.105128,0.42518,0.765831,-0.092611,0.414862,0.77944,-0.079319
370,12333,True,0.9992,0.9992,0.376916,0.811292,0.0,0.439728,0.753192,-0.006479,0.479134,0.698548,-0.028687,0.504119,0.663379,-0.056065,0.505074,0.636934,-0.08435,0.41494,0.571214,-0.029886,0.446856,0.504785,-0.062657,0.475245,0.457515,-0.083809,0.498582,0.418144,-0.097528,0.376948,0.584996,-0.046799,0.469783,0.612354,-0.084816,0.485772,0.688541,-0.091139,0.473648,0.720738,-0.090134,0.351666,0.628255,-0.06466,0.444861,0.660461,-0.100779,0.460855,0.719996,-0.089516,0.449383,0.744508,-0.075557,0.335571,0.6848,-0.083599,0.405284,0.693986,-0.105067,0.426899,0.731532,-0.091791,0.421797,0.751776,-0.077206
371,12366,True,0.9992,0.9992,0.382626,0.792512,0.0,0.442042,0.736691,-0.006031,0.48155,0.678124,-0.026785,0.505612,0.640523,-0.052979,0.506253,0.610392,-0.079802,0.424037,0.54857,-0.026811,0.450751,0.476816,-0.05816,0.474359,0.427561,-0.078047,0.494632,0.387168,-0.090989,0.383798,0.561389,-0.043971,0.470855,0.586594,-0.0825,0.489984,0.66164,-0.090056,0.481074,0.696072,-0.089518,0.35566,0.603297,-0.062068,0.44596,0.63326,-0.098685,0.463199,0.693995,-0.088082,0.453206,0.719841,-0.074259,0.336294,0.659264,-0.081215,0.405741,0.667788,-0.102916,0.428356,0.706606,-0.089783,0.424489,0.727175,-0.074987
372,12400,True,0.9991,0.9991,0.379438,0.785997,0.0,0.441407,0.730817,-0.007067,0.482975,0.673548,-0.028279,0.508007,0.632777,-0.054849,0.509354,0.593573,-0.081999,0.427244,0.536608,-0.030145,0.457209,0.463296,-0.063248,0.481267,0.410745,-0.083793,0.500462,0.365432,-0.097011,0.385477,0.545663,-0.047245,0.475048,0.570548,-0.087683,0.491979,0.649244,-0.09474,0.481384,0.684279,-0.093129,0.356314,0.585348,-0.065282,0.450217,0.618121,-0.103989,0.46377,0.682887,-0.093195,0.451575,0.709747,-0.078375,0.336565,0.639741,-0.084415,0.409436,0.651644,-0.107675,0.430991,0.693219,-0.094977,0.427308,0.714782,-0.079773
373,12433,True,0.9987,0.9987,0.3808,0.787644,0.0,0.444589,0.733826,-0.008191,0.48595,0.675373,-0.030128,0.510777,0.633976,-0.05718,0.511416,0.593164,-0.084792,0.43037,0.53318,-0.032857,0.461598,0.459063,-0.067129,0.485321,0.402964,-0.088312,0.503527,0.35512,-0.101887,0.388694,0.542254,-0.049813,0.479285,0.569875,-0.089869,0.494045,0.651187,-0.095433,0.481648,0.685025,-0.093177,0.358987,0.582285,-0.067955,0.453199,0.617446,-0.107998,0.46389,0.684615,-0.096618,0.449134,0.709664,-0.081424,0.338995,0.636942,-0.087186,0.410326,0.647188,-0.111156,0.431233,0.689546,-0.097723,0.427321,0.712399,-0.082246
374,12466,True,0.999,0.999,0.392961,0.798887,0.0,0.457673,0.740105,-0.010605,0.498734,0.68251,-0.035824,0.523386,0.6396,-0.066203,0.519864,0.602472,-0.097182,0.43962,0.540723,-0.039775,0.466142,0.465627,-0.077529,0.488747,0.408622,-0.100524,0.504821,0.359275,-0.115573,0.395095,0.550407,-0.057747,0.486071,0.581709,-0.100817,0.503364,0.665664,-0.106181,0.489747,0.69595,-0.103791,0.363336,0.593521,-0.077086,0.458355,0.633328,-0.119688,0.472948,0.699474,-0.10754,0.457671,0.719955,-0.091949,0.34163,0.652302,-0.097827,0.41206,0.667507,-0.122935,0.435758,0.706339,-0.108953,0.43114,0.725092,-0.093313
375,12500,True,0.9989,0.9989,0.385471,0.828096,0.0,0.457785,0.766975,-0.007476,0.498023,0.704726,-0.031158,0.521589,0.661943,-0.061126,0.529885,0.64209,-0.092069,0.448268,0.571859,-0.037288,0.477474,0.492603,-0.073628,0.498233,0.434686,-0.096198,0.513954,0.383784,-0.112454,0.404441,0.582011,-0.056712,0.493871,0.62517,-0.101225,0.50924,0.707654,-0.108041,0.49744,0.737619,-0.107452,0.373437,0.627501,-0.076921,0.466543,0.677147,-0.118102,0.480334,0.74209,-0.104467,0.466957,0.763924,-0.089269,0.351907,0.688398,-0.098864,0.422724,0.718102,-0.123928,0.441154,0.756595,-0.111025,0.433425,0.770485,-0.096948
376,12533,True,0.9982,0.9982,0.389052,0.877766,-0.0,0.461347,0.807352,-0.005422,0.508836,0.748973,-0.030156,0.537609,0.714412,-0.061313,0.546151,0.7076,-0.093313,0.454817,0.621604,-0.037269,0.490847,0.55472,-0.074641,0.517628,0.502305,-0.099044,0.540284,0.456337,-0.116612,0.412181,0.631746,-0.057645,0.504695,0.689755,-0.102602,0.519231,0.768042,-0.110361,0.507387,0.798472,-0.110735,0.382332,0.67906,-0.07843,0.476668,0.745363,-0.11648,0.485352,0.802305,-0.104219,0.468501,0.816394,-0.091054,0.361936,0.740593,-0.101011,0.432627,0.789414,-0.121448,0.441283,0.821626,-0.109153,0.424885,0.824181,-0.096994
377,12566,True,0.9991,0.9991,0.381957,0.927618,-0.0,0.458605,0.857011,-0.006585,0.518186,0.795763,-0.028608,0.559752,0.778631,-0.056013,0.571202,0.792371,-0.08523,0.461677,0.668496,-0.034714,0.495029,0.636467,-0.067674,0.525854,0.609841,-0.090819,0.554883,0.585563,-0.107785,0.420857,0.691757,-0.054167,0.513761,0.783472,-0.097638,0.523281,0.859973,-0.110775,0.509232,0.887199,-0.114846,0.389713,0.753335,-0.073632,0.48748,0.850579,-0.113891,0.493352,0.902308,-0.111499,0.475402,0.90755,-0.103346,0.368293,0.825074,-0.094054,0.447061,0.891725,-0.115748,0.457259,0.921776,-0.10734,0.442279,0.919656,-0.097211
378,12600,True,0.9969,0.9969,0.407715,0.951674,0.0,0.479793,0.899345,-0.023764,0.539565,0.841863,-0.050393,0.582877,0.825522,-0.077739,0.604984,0.824375,-0.103188,0.476327,0.724873,-0.059941,0.506806,0.730805,-0.101608,0.53536,0.727687,-0.127048,0.56173,0.732502,-0.142618,0.429058,0.753051,-0.07105,0.533238,0.900592,-0.114024,0.520382,0.930876,-0.119475,0.496938,0.918032,-0.119947,0.393435,0.820557,-0.084711,0.497562,0.964394,-0.119987,0.478287,0.962361,-0.105368,0.454269,0.93029,-0.09151,0.36433,0.898813,-0.102736,0.4487,0.99518,-0.130599,0.439682,0.988639,-0.123037,0.417972,0.959547,-0.111971
379,12633,True,0.9965,0.9965,0.424731,0.984764,0.0,0.479577,0.94171,-0.018996,0.530991,0.897835,-0.041974,0.576646,0.905057,-0.067453,0.602248,0.937066,-0.093916,0.495807,0.782221,-0.039343,0.540818,0.801856,-0.077658,0.579534,0.812812,-0.109131,0.614398,0.826549,-0.130889,0.444357,0.804648,-0.052451,0.534421,0.950852,-0.09473,0.543254,1.005434,-0.112465,0.537371,1.019783,-0.122387,0.40351,0.867197,-0.067762,0.501989,1.01649,-0.104052,0.496676,1.052616,-0.102051,0.480425,1.048397,-0.096502,0.373926,0.944865,-0.086332,0.446075,1.042908,-0.110034,0.441765,1.070573,-0.103416,0.423138,1.06721,-0.094696
380,12666,True,0.9921,0.9921,0.418473,0.985742,0.0,0.480926,0.94852,-0.021654,0.535731,0.90099,-0.040676,0.581774,0.886457,-0.060771,0.620289,0.88112,-0.081885,0.499416,0.795501,-0.034949,0.542189,0.8393,-0.06793,0.575988,0.848814,-0.09478,0.609469,0.853261,-0.11398,0.451627,0.818183,-0.042903,0.539853,0.968894,-0.083308,0.540052,1.020135,-0.100576,0.530049,1.027614,-0.109952,0.412995,0.871828,-0.053225,0.500664,1.01726,-0.092389,0.489961,1.051815,-0.094159,0.473676,1.045928,-0.090209,0.383777,0.937784,-0.06623,0.445304,1.03754,-0.09693,0.43827,1.065425,-0.097866,0.420356,1.063037,-0.093181
381,12700,True,0.9983,0.9983,0.414639,0.965262,0.0,0.482564,0.918039,-0.023531,0.543572,0.877631,-0.047998,0.590469,0.898892,-0.073232,0.606402,0.946006,-0.098685,0.494636,0.778655,-0.047372,0.546982,0.806343,-0.085196,0.585013,0.813405,-0.116246,0.620979,0.820351,-0.137891,0.450639,0.805156,-0.056436,0.541873,0.946514,-0.093872,0.534148,0.968387,-0.107468,0.519291,0.949707,-0.115864,0.416273,0.863721,-0.068137,0.511693,0.994648,-0.09982,0.502915,1.00437,-0.096329,0.488405,0.986504,-0.090468,0.391136,0.934423,-0.083875,0.468849,1.02747,-0.107642,0.459913,1.036924,-0.103988,0.439618,1.027204,-0.09705
382,12733,True,0.9969,0.9969,0.424852,0.941716,0.0,0.489864,0.892109,-0.022347,0.55183,0.851692,-0.048717,0.599777,0.864722,-0.075115,0.617096,0.903572,-0.102152,0.506345,0.753958,-0.055626,0.557504,0.773576,-0.095527,0.593004,0.767848,-0.127158,0.626358,0.76224,-0.149631,0.462153,0.778241,-0.065304,0.560389,0.907969,-0.103385,0.538822,0.926368,-0.112729,0.514937,0.90962,-0.119111,0.42836,0.835897,-0.077233,0.530022,0.963029,-0.106014,0.503579,0.953148,-0.098507,0.479791,0.921255,-0.09253,0.402139,0.905395,-0.093256,0.485861,0.992089,-0.113093,0.468137,0.978242,-0.108349,0.44412,0.950189,-0.103252
383,12766,True,0.9999,0.9999,0.422882,0.928695,0.0,0.488336,0.875338,-0.006058,0.550554,0.825995,-0.027674,0.600135,0.826253,-0.051764,0.62585,0.859211,-0.078417,0.508229,0.727706,-0.048112,0.564174,0.725062,-0.083779,0.6075,0.710892,-0.108661,0.643202,0.696884,-0.126353,0.469787,0.748276,-0.065297,0.576552,0.844012,-0.101513,0.570485,0.901787,-0.106559,0.547656,0.910613,-0.108279,0.439395,0.80464,-0.082286,0.545793,0.908057,-0.114011,0.537797,0.942468,-0.103859,0.51538,0.935685,-0.094254,0.417058,0.8748,-0.100331,0.500955,0.94644,-0.11599,0.501986,0.963268,-0.103413,0.481662,0.954115,-0.093007
384,12800,True,0.9999,0.9999,0.432939,0.916133,0.0,0.502333,0.861585,-0.002374,0.560835,0.807169,-0.021353,0.605035,0.790734,-0.043326,0.625051,0.817165,-0.066996,0.519946,0.703882,-0.043184,0.574412,0.68229,-0.079088,0.616351,0.655912,-0.101599,0.651438,0.63249,-0.116504,0.482979,0.716633,-0.06124,0.585167,0.806766,-0.096213,0.57937,0.872218,-0.096146,0.558102,0.881593,-0.092968,0.45199,0.766959,-0.079236,0.55524,0.865408,-0.114889,0.54936,0.906852,-0.104317,0.527629,0.900493,-0.092225,0.429068,0.833434,-0.097257,0.510496,0.899492,-0.11519,0.518153,0.925429,-0.101317,0.501302,0.921839,-0.088596
385,12833,True,0.9997,0.9997,0.435145,0.900943,0.0,0.513981,0.846362,-0.000106,0.573498,0.791498,-0.021456,0.613864,0.765518,-0.047554,0.625744,0.783644,-0.075804,0.527773,0.681789,-0.038937,0.580666,0.644241,-0.073091,0.620817,0.60802,-0.095351,0.651312,0.576375,-0.111249,0.489442,0.691908,-0.05994,0.592723,0.769498,-0.098349,0.594154,0.843819,-0.10122,0.574814,0.860691,-0.098979,0.459457,0.739819,-0.08018,0.561874,0.825757,-0.115433,0.562153,0.873546,-0.103191,0.542319,0.873227,-0.090128,0.438901,0.802792,-0.100663,0.517336,0.859996,-0.118642,0.526359,0.889732,-0.103816,0.511155,0.88782,-0.090161
386,12866,True,0.9994,0.9994,0.442434,0.882025,0.0,0.527634,0.829096,0.000431,0.586595,0.773453,-0.021469,0.624265,0.743982,-0.049242,0.629497,0.757713,-0.079062,0.538288,0.654722,-0.036309,0.589917,0.604582,-0.071038,0.629364,0.565699,-0.093635,0.660178,0.534408,-0.109793,0.499891,0.665392,-0.058677,0.600372,0.735644,-0.100279,0.600913,0.811807,-0.105022,0.581149,0.832752,-0.103303,0.469763,0.712976,-0.080378,0.569761,0.791049,-0.117132,0.567118,0.842597,-0.104214,0.545139,0.846889,-0.090285,0.447682,0.774642,-0.102595,0.525416,0.82743,-0.122361,0.534008,0.858741,-0.107733,0.519377,0.859144,-0.093654
387,12900,True,0.9992,0.9992,0.444423,0.870295,0.0,0.532132,0.813198,-0.001811,0.590748,0.760877,-0.026732,0.628716,0.733774,-0.057587,0.635678,0.748504,-0.089927,0.544654,0.635637,-0.038981,0.596558,0.585089,-0.075521,0.634592,0.543111,-0.099751,0.66471,0.507583,-0.117434,0.504932,0.646143,-0.06176,0.603143,0.722126,-0.105179,0.602047,0.798339,-0.110989,0.582454,0.816499,-0.110376,0.473611,0.693629,-0.084261,0.572785,0.77622,-0.122684,0.570551,0.828397,-0.110626,0.549575,0.8309,-0.097278,0.451301,0.75556,-0.107686,0.529097,0.812043,-0.127415,0.537572,0.841746,-0.113431,0.522859,0.839597,-0.100223
388,12933,True,0.9989,0.9989,0.444407,0.869716,0.0,0.533877,0.813494,-0.009763,0.590519,0.76302,-0.039619,0.625753,0.730779,-0.074495,0.635883,0.741433,-0.11008,0.546458,0.628116,-0.043028,0.596042,0.578976,-0.082133,0.635128,0.538522,-0.107541,0.665959,0.504385,-0.126058,0.50345,0.638968,-0.064081,0.597871,0.709383,-0.110678,0.60063,0.791669,-0.117174,0.584294,0.810393,-0.116436,0.46878,0.68596,-0.085983,0.565984,0.766434,-0.1273,0.567486,0.825033,-0.114013,0.547759,0.830404,-0.09933,0.443257,0.748217,-0.109735,0.521294,0.8068,-0.131257,0.533217,0.841923,-0.11722,0.519426,0.841621,-0.103687
389,12966,True,0.9988,0.9988,0.432828,0.871824,0.0,0.524615,0.819063,-0.015169,0.579545,0.777991,-0.046905,0.611507,0.746815,-0.082637,0.605763,0.745259,-0.117967,0.53277,0.63322,-0.046747,0.577473,0.580704,-0.086137,0.61184,0.538555,-0.112587,0.639698,0.502062,-0.132173,0.48667,0.640294,-0.065205,0.574989,0.711628,-0.112062,0.581377,0.788579,-0.121511,0.569536,0.807901,-0.123396,0.449941,0.684804,-0.084832,0.542296,0.774293,-0.124146,0.545727,0.825512,-0.113112,0.528776,0.827988,-0.101115,0.423441,0.745366,-0.107111,0.494776,0.81128,-0.127351,0.503129,0.84216,-0.115158,0.487601,0.838381,-0.103559
390,13000,True,0.9987,0.9987,0.407766,0.876015,0.0,0.495324,0.812095,-0.010334,0.553598,0.757178,-0.035,0.585756,0.72634,-0.064266,0.578901,0.733698,-0.093781,0.493585,0.629499,-0.039445,0.532962,0.579447,-0.07734,0.56371,0.538775,-0.10367,0.587355,0.501037,-0.12314,0.445534,0.639166,-0.058791,0.538702,0.71623,-0.105434,0.54173,0.785717,-0.11687,0.522175,0.796498,-0.119843,0.409908,0.686637,-0.078927,0.50572,0.781093,-0.118019,0.507356,0.826222,-0.109533,0.485992,0.820142,-0.098907,0.38499,0.749551,-0.101391,0.456849,0.820754,-0.122963,0.46516,0.845817,-0.113414,0.44901,0.836236,-0.103368
391,13033,True,0.9984,0.9984,0.386703,0.879343,0.0,0.456715,0.817289,-0.013442,0.502237,0.760753,-0.038483,0.529215,0.726214,-0.066402,0.535882,0.718306,-0.094367,0.447415,0.629176,-0.047064,0.47501,0.575819,-0.083142,0.50036,0.533455,-0.106553,0.523146,0.496713,-0.123715,0.399134,0.643117,-0.062431,0.482713,0.717153,-0.105876,0.489597,0.784681,-0.115294,0.476261,0.801239,-0.117929,0.362931,0.694075,-0.078341,0.45158,0.785937,-0.115858,0.458113,0.826937,-0.10801,0.442634,0.823479,-0.098565,0.338718,0.758639,-0.096308,0.404849,0.82573,-0.118896,0.416397,0.848071,-0.11141,0.404532,0.838485,-0.102653
392,13066,True,0.9991,0.9991,0.368996,0.882334,0.0,0.430357,0.821616,-0.01724,0.472902,0.767619,-0.038236,0.49768,0.730704,-0.061462,0.497719,0.712509,-0.083284,0.41005,0.640439,-0.04267,0.422362,0.582562,-0.075171,0.431249,0.541449,-0.096435,0.438076,0.498842,-0.112646,0.356221,0.653322,-0.055413,0.416715,0.710556,-0.094066,0.439107,0.744721,-0.109516,0.441692,0.740997,-0.118152,0.31726,0.703923,-0.068939,0.398379,0.797263,-0.103137,0.423516,0.830134,-0.100755,0.425027,0.827114,-0.095456,0.292993,0.768563,-0.085183,0.357292,0.835622,-0.1061,0.379887,0.857357,-0.101012,0.378983,0.853617,-0.094
393,13100,True,0.9988,0.9988,0.360557,0.87263,0.0,0.415858,0.811556,-0.019767,0.45837,0.750188,-0.042585,0.478977,0.707766,-0.067146,0.467127,0.71353,-0.091215,0.384103,0.639514,-0.045239,0.388416,0.588565,-0.078919,0.39331,0.548475,-0.099429,0.395954,0.506377,-0.114301,0.327581,0.655422,-0.056691,0.39933,0.726161,-0.096439,0.429806,0.779168,-0.105404,0.435326,0.785935,-0.107358,0.288038,0.709657,-0.069752,0.372383,0.807129,-0.105682,0.401016,0.840118,-0.100291,0.406391,0.832378,-0.091651,0.264523,0.774314,-0.085589,0.326954,0.840681,-0.105542,0.35311,0.864058,-0.09818,0.357077,0.861185,-0.089048
394,13133,True,0.9979,0.9979,0.357108,0.871693,0.0,0.409102,0.810402,-0.018613,0.451772,0.744958,-0.042448,0.469612,0.7046,-0.068657,0.453737,0.717995,-0.094316,0.378885,0.641353,-0.044919,0.377579,0.592798,-0.082913,0.379554,0.55555,-0.105036,0.380252,0.5123,-0.120336,0.321516,0.655238,-0.056951,0.393954,0.725111,-0.101283,0.423164,0.778263,-0.110774,0.422705,0.776827,-0.111569,0.282849,0.707599,-0.070772,0.372051,0.799267,-0.110667,0.399555,0.834086,-0.103346,0.39827,0.820895,-0.09184,0.259664,0.77059,-0.087166,0.324832,0.833516,-0.110154,0.351904,0.858105,-0.102074,0.353348,0.852502,-0.091126
395,13166,True,0.9985,0.9985,0.37233,0.86704,0.0,0.423436,0.807013,-0.017161,0.464591,0.743643,-0.040558,0.482768,0.705474,-0.067049,0.471992,0.713752,-0.09301,0.389215,0.641418,-0.044452,0.390145,0.594558,-0.082554,0.396066,0.559171,-0.104875,0.401744,0.517522,-0.119961,0.33408,0.656321,-0.056845,0.412515,0.728172,-0.100405,0.436747,0.780476,-0.108968,0.430221,0.783782,-0.109104,0.298678,0.708826,-0.071012,0.389197,0.796234,-0.111071,0.411948,0.829771,-0.103131,0.405746,0.820072,-0.090758,0.277886,0.771602,-0.087551,0.344562,0.828719,-0.111474,0.368596,0.851044,-0.103574,0.366836,0.8469,-0.092125
396,13200,True,0.9983,0.9983,0.384234,0.875992,-0.0,0.437548,0.806908,-0.013419,0.479229,0.744305,-0.035766,0.501833,0.709958,-0.062631,0.505365,0.726627,-0.090269,0.419349,0.6401,-0.032239,0.438251,0.596971,-0.065241,0.451669,0.560526,-0.086684,0.463881,0.521455,-0.101861,0.368961,0.655046,-0.045317,0.452201,0.72085,-0.086447,0.469075,0.78545,-0.097549,0.460222,0.80484,-0.099428,0.336188,0.705393,-0.059938,0.42622,0.782762,-0.097548,0.439634,0.824651,-0.096339,0.429079,0.827551,-0.088812,0.31545,0.766526,-0.076235,0.379307,0.81834,-0.097148,0.392699,0.837841,-0.093057,0.383525,0.833299,-0.085517
397,13233,True,0.9982,0.9982,0.389397,0.883853,0.0,0.452978,0.806889,-0.004248,0.498648,0.740821,-0.021174,0.530689,0.719829,-0.043449,0.545662,0.74892,-0.066863,0.448406,0.64608,-0.022705,0.483033,0.610668,-0.051008,0.510018,0.581625,-0.071581,0.536089,0.551662,-0.087327,0.408969,0.662584,-0.039432,0.503167,0.730522,-0.076219,0.516349,0.790642,-0.088516,0.507188,0.8106,-0.092944,0.380971,0.712686,-0.056669,0.479534,0.790189,-0.089372,0.483543,0.830053,-0.090111,0.46691,0.833846,-0.085608,0.362463,0.77358,-0.074981,0.438504,0.826858,-0.093853,0.447558,0.849244,-0.090845,0.433937,0.847745,-0.085224
398,13266,True,0.9993,0.9993,0.398928,0.893144,0.0,0.474722,0.821333,-0.003341,0.53525,0.763211,-0.021757,0.576314,0.746505,-0.045494,0.585479,0.766578,-0.069868,0.480826,0.657378,-0.023463,0.529256,0.630267,-0.052784,0.567482,0.612972,-0.075329,0.601715,0.595818,-0.091975,0.446641,0.676788,-0.042231,0.545684,0.749785,-0.079218,0.557092,0.807402,-0.093993,0.545457,0.825246,-0.100483,0.421721,0.729123,-0.06116,0.522532,0.811619,-0.092985,0.526671,0.852299,-0.093667,0.509295,0.85459,-0.089278,0.408156,0.792957,-0.081153,0.488602,0.848432,-0.09648,0.496902,0.870918,-0.090046,0.482621,0.868802,-0.082673
399,13299,True,0.9986,0.9986,0.413053,0.904567,0.0,0.492822,0.843164,0.000867,0.554209,0.788341,-0.017996,0.600644,0.77179,-0.042684,0.61286,0.790826,-0.068728,0.517616,0.67899,-0.025641,0.579631,0.657663,-0.056895,0.627319,0.640309,-0.079123,0.666692,0.624568,-0.095196,0.483289,0.692552,-0.046051,0.582086,0.778446,-0.082363,0.577403,0.84649,-0.089578,0.555435,0.858694,-0.09124,0.455275,0.739241,-0.066497,0.552559,0.828907,-0.099173,0.548044,0.872933,-0.092587,0.526162,0.870067,-0.083801,0.435647,0.798534,-0.08757,0.513466,0.860207,-0.103315,0.518686,0.887613,-0.092821,0.50155,0.885092,-0.082731
400,13333,True,0.9985,0.9985,0.418755,0.910379,0.0,0.498097,0.85171,-0.000437,0.559221,0.799355,-0.020767,0.605684,0.790568,-0.046427,0.633209,0.818754,-0.072744,0.533719,0.685261,-0.0307,0.597988,0.674624,-0.066322,0.64816,0.664843,-0.091757,0.690493,0.655881,-0.109877,0.498622,0.700114,-0.051668,0.594578,0.798042,-0.092544,0.587916,0.863165,-0.100688,0.567412,0.872378,-0.102785,0.468465,0.746896,-0.072858,0.564094,0.849942,-0.108332,0.556292,0.892299,-0.100288,0.534275,0.884462,-0.090294,0.44549,0.806872,-0.09498,0.522402,0.880836,-0.11184,0.523167,0.907796,-0.100654,0.504455,0.898469,-0.090179
401,13366,True,0.9981,0.9981,0.4095,0.91322,0.0,0.492839,0.853706,-0.002676,0.563034,0.798608,-0.022273,0.610842,0.792337,-0.046299,0.623628,0.826262,-0.070705,0.530164,0.69226,-0.031936,0.588547,0.687622,-0.06601,0.635162,0.68434,-0.089676,0.676784,0.683834,-0.106429,0.493369,0.710707,-0.051878,0.587467,0.81546,-0.092072,0.57712,0.87489,-0.099753,0.557981,0.879605,-0.100946,0.460091,0.758964,-0.072206,0.552272,0.869949,-0.106319,0.539836,0.904614,-0.100302,0.518572,0.889186,-0.091669,0.434932,0.819988,-0.093695,0.509688,0.901901,-0.109209,0.505594,0.922776,-0.09985,0.484692,0.907258,-0.091113
402,13400,True,0.9971,0.9971,0.398313,0.926451,0.0,0.478929,0.862819,-0.000977,0.547183,0.805577,-0.018257,0.593253,0.797695,-0.039747,0.60566,0.827545,-0.062119,0.509583,0.699777,-0.031872,0.561905,0.702024,-0.062505,0.603711,0.7,-0.084304,0.639771,0.702344,-0.099934,0.470509,0.717228,-0.050933,0.559824,0.823252,-0.086441,0.556076,0.87794,-0.093772,0.540892,0.884717,-0.0963,0.434664,0.766478,-0.069867,0.522163,0.879323,-0.099209,0.514259,0.911205,-0.094136,0.495582,0.897849,-0.0878,0.405245,0.828617,-0.089818,0.476151,0.912903,-0.103679,0.474182,0.931041,-0.095996,0.456261,0.914824,-0.089206
403,13433,True,0.9969,0.9969,0.383901,0.934831,0.0,0.462419,0.865588,-0.00852,0.524199,0.806145,-0.027174,0.561698,0.801961,-0.048431,0.567332,0.832448,-0.069642,0.470264,0.696824,-0.031444,0.507901,0.704254,-0.061764,0.544934,0.705758,-0.084554,0.580214,0.710502,-0.101159,0.425493,0.718245,-0.046109,0.509513,0.827222,-0.081467,0.516823,0.876921,-0.092063,0.510116,0.884904,-0.097127,0.388626,0.771754,-0.061901,0.474821,0.888103,-0.089193,0.481981,0.911659,-0.086556,0.472981,0.895617,-0.082623,0.361744,0.837726,-0.079801,0.430972,0.924075,-0.093787,0.437424,0.937187,-0.0893,0.425462,0.917903,-0.0849
404,13466,True,0.998,0.998,0.372779,0.936166,0.0,0.4398,0.878567,-0.013375,0.488757,0.820572,-0.031462,0.517592,0.804396,-0.050622,0.528725,0.824625,-0.069145,0.425015,0.709798,-0.035124,0.441275,0.703289,-0.06429,0.471134,0.703792,-0.086896,0.503976,0.706745,-0.103762,0.376576,0.732029,-0.046447,0.458137,0.836854,-0.079752,0.467018,0.878026,-0.092339,0.4606,0.883327,-0.099786,0.340475,0.788364,-0.05907,0.42713,0.904767,-0.085771,0.438443,0.91748,-0.084361,0.434113,0.895003,-0.08198,0.315825,0.853243,-0.074089,0.382186,0.934464,-0.090056,0.393228,0.942948,-0.08647,0.387494,0.921243,-0.082192
405,13500,True,0.9977,0.9977,0.350257,0.938746,0.0,0.409374,0.881786,-0.012063,0.454437,0.820185,-0.027174,0.48138,0.799382,-0.044734,0.491388,0.817302,-0.061319,0.389738,0.724677,-0.02597,0.387049,0.710587,-0.052645,0.405525,0.707746,-0.071859,0.42983,0.707469,-0.085422,0.337211,0.739636,-0.037701,0.402535,0.844277,-0.069062,0.426312,0.873431,-0.082763,0.433476,0.866984,-0.089917,0.297195,0.791673,-0.051327,0.371923,0.910688,-0.079397,0.396908,0.924915,-0.081265,0.40491,0.901949,-0.079351,0.269381,0.852761,-0.067126,0.321422,0.934534,-0.085011,0.338345,0.946726,-0.083458,0.338687,0.928369,-0.079007
406,13533,True,0.9968,0.9968,0.330519,0.955399,0.0,0.38833,0.895205,-0.017924,0.43195,0.832836,-0.037171,0.457053,0.797832,-0.058023,0.445638,0.808303,-0.075848,0.37286,0.72677,-0.033649,0.369532,0.706269,-0.068598,0.368316,0.702204,-0.090486,0.369716,0.7069,-0.103498,0.313484,0.733353,-0.042558,0.365543,0.843296,-0.079337,0.39242,0.872539,-0.089809,0.403529,0.86393,-0.091866,0.268892,0.7815,-0.054484,0.338057,0.916058,-0.08461,0.36916,0.92759,-0.080157,0.383555,0.90233,-0.071892,0.239971,0.843544,-0.069999,0.29011,0.939863,-0.090381,0.312697,0.95376,-0.087363,0.319437,0.936059,-0.079366
407,13566,True,0.9968,0.9968,0.318216,0.933567,0.0,0.377053,0.87847,-0.022408,0.419597,0.815189,-0.043872,0.441456,0.786152,-0.066218,0.426264,0.804193,-0.086184,0.355971,0.719286,-0.043337,0.35295,0.700316,-0.083347,0.347165,0.694215,-0.106359,0.342867,0.693451,-0.119095,0.294311,0.729714,-0.051605,0.352436,0.832798,-0.094282,0.382447,0.867031,-0.101507,0.394135,0.861786,-0.099126,0.249437,0.780032,-0.06338,0.322236,0.901029,-0.10032,0.35414,0.914828,-0.091778,0.368122,0.891955,-0.078143,0.22134,0.841306,-0.079078,0.274754,0.929909,-0.105677,0.301602,0.946289,-0.101771,0.311946,0.931661,-0.091174
408,13600,True,0.9956,0.9956,0.314149,0.93478,-0.0,0.369299,0.882996,-0.025844,0.407537,0.825693,-0.049584,0.428513,0.792935,-0.074451,0.42896,0.77165,-0.095826,0.345117,0.708725,-0.040953,0.343167,0.69334,-0.08382,0.337209,0.687631,-0.108202,0.3298,0.683985,-0.120836,0.284962,0.721221,-0.047506,0.347344,0.822074,-0.090908,0.375841,0.858706,-0.098656,0.380956,0.850731,-0.096107,0.242754,0.772741,-0.058606,0.318522,0.890588,-0.098461,0.350862,0.907941,-0.089182,0.359002,0.885341,-0.073893,0.215542,0.836874,-0.073661,0.270304,0.920431,-0.101914,0.296504,0.939181,-0.097174,0.301697,0.927,-0.084851
409,13633,True,0.9959,0.9959,0.318134,0.928637,0.0,0.370562,0.87408,-0.024877,0.407237,0.813186,-0.047622,0.426668,0.780461,-0.071504,0.418609,0.777056,-0.092736,0.340149,0.704674,-0.039821,0.336815,0.688572,-0.080635,0.331456,0.681457,-0.105521,0.32579,0.673331,-0.119921,0.281613,0.721252,-0.047252,0.341238,0.812148,-0.090408,0.374097,0.845556,-0.100861,0.385038,0.837829,-0.101331,0.240094,0.774305,-0.058785,0.314931,0.881524,-0.097038,0.350023,0.899959,-0.091103,0.362664,0.88064,-0.079303,0.215082,0.839279,-0.07421,0.270743,0.912926,-0.099242,0.300095,0.930689,-0.095006,0.309503,0.92088,-0.084877
410,13666,True,0.9938,0.9938,0.31745,0.923634,0.0,0.371052,0.867817,-0.023512,0.408816,0.805514,-0.045613,0.428428,0.771705,-0.069387,0.423968,0.771725,-0.091692,0.341299,0.7054,-0.037879,0.340312,0.693153,-0.075326,0.338339,0.682896,-0.098172,0.337326,0.666109,-0.112497,0.283746,0.720989,-0.045804,0.34856,0.804475,-0.088905,0.378289,0.843187,-0.101144,0.385917,0.838215,-0.103447,0.242991,0.771694,-0.057093,0.31804,0.869843,-0.097292,0.351072,0.896112,-0.095954,0.361423,0.882777,-0.087481,0.216989,0.833449,-0.071566,0.271892,0.903571,-0.097775,0.300651,0.925816,-0.096654,0.30933,0.920461,-0.089688
411,13700,True,0.9961,0.9961,0.316761,0.923486,0.0,0.372192,0.866837,-0.021196,0.412066,0.803763,-0.041848,0.431735,0.771564,-0.064211,0.426474,0.771688,-0.085163,0.341258,0.701164,-0.034336,0.341285,0.690872,-0.069115,0.342278,0.679944,-0.090539,0.344784,0.659807,-0.104475,0.286216,0.718521,-0.043073,0.355766,0.801025,-0.083128,0.383172,0.840402,-0.094603,0.387794,0.835924,-0.097005,0.246987,0.769998,-0.054923,0.327232,0.867063,-0.093058,0.355998,0.891919,-0.091244,0.360971,0.875636,-0.082982,0.221891,0.832845,-0.06967,0.281082,0.901017,-0.094371,0.307137,0.921235,-0.092289,0.311588,0.913398,-0.084993
412,13733,True,0.9971,0.9971,0.319631,0.921776,0.0,0.376783,0.863466,-0.01944,0.416707,0.799827,-0.039944,0.435473,0.768084,-0.06267,0.429188,0.771643,-0.084292,0.347622,0.701939,-0.034501,0.346425,0.688855,-0.07001,0.349441,0.675076,-0.090744,0.354785,0.653505,-0.1037,0.292995,0.718646,-0.044361,0.364097,0.797527,-0.086024,0.389909,0.842674,-0.096203,0.391658,0.842056,-0.096517,0.253951,0.769257,-0.057175,0.335584,0.864249,-0.097735,0.362686,0.893464,-0.09505,0.36542,0.879293,-0.084895,0.228566,0.830532,-0.072479,0.288442,0.896665,-0.097959,0.315388,0.917747,-0.094782,0.320535,0.910458,-0.086126
413,13766,True,0.9979,0.9979,0.32158,0.924059,0.0,0.378183,0.865168,-0.018546,0.419331,0.801084,-0.039647,0.440101,0.769055,-0.063458,0.435624,0.772293,-0.08625,0.350672,0.699767,-0.032996,0.350491,0.685354,-0.07063,0.357794,0.672603,-0.093142,0.367707,0.653987,-0.106911,0.297158,0.71695,-0.044296,0.371796,0.794353,-0.088212,0.395734,0.842335,-0.099773,0.394211,0.843516,-0.100574,0.25893,0.769205,-0.058834,0.343216,0.862883,-0.101908,0.368703,0.893535,-0.100213,0.368083,0.8795,-0.090194,0.234459,0.832705,-0.075589,0.29622,0.897037,-0.102449,0.321497,0.918774,-0.099343,0.32365,0.911946,-0.090506
414,13799,True,0.9981,0.9981,0.325123,0.92187,0.0,0.379668,0.868014,-0.019046,0.420058,0.811153,-0.040732,0.442234,0.780364,-0.06486,0.44141,0.765928,-0.087651,0.352522,0.701447,-0.035531,0.355071,0.686588,-0.07384,0.365594,0.673661,-0.09761,0.378377,0.655135,-0.112464,0.298739,0.718515,-0.046546,0.376025,0.799434,-0.090738,0.400813,0.845307,-0.103808,0.399781,0.845952,-0.10667,0.261135,0.771523,-0.060674,0.346298,0.866162,-0.103806,0.373374,0.895355,-0.102858,0.373555,0.881784,-0.094254,0.237792,0.836168,-0.076988,0.299535,0.899515,-0.105203,0.324083,0.919753,-0.103069,0.325281,0.912747,-0.09508
415,13833,True,0.9981,0.9981,0.325791,0.920699,0.0,0.380223,0.867233,-0.016476,0.421929,0.8108,-0.036834,0.444811,0.780622,-0.060212,0.444364,0.770582,-0.082776,0.353602,0.701081,-0.032675,0.357062,0.686498,-0.068895,0.370404,0.674519,-0.092079,0.385292,0.655909,-0.106978,0.300834,0.719485,-0.044986,0.382149,0.80358,-0.087525,0.405566,0.848768,-0.101745,0.401364,0.849254,-0.1061,0.264378,0.774219,-0.059978,0.35223,0.869841,-0.101851,0.378713,0.898004,-0.102321,0.377501,0.883905,-0.095154,0.241483,0.839536,-0.076815,0.303792,0.901769,-0.103993,0.328083,0.921107,-0.101843,0.329216,0.913622,-0.094205
416,13866,True,0.9982,0.9982,0.325917,0.922728,-0.0,0.380678,0.865734,-0.013171,0.422343,0.805652,-0.03102,0.444247,0.777688,-0.052278,0.447617,0.779173,-0.073381,0.355105,0.703418,-0.028991,0.360806,0.688483,-0.061015,0.37418,0.676577,-0.082284,0.389745,0.657781,-0.096719,0.30318,0.722009,-0.042184,0.387781,0.806628,-0.081073,0.409248,0.851732,-0.095557,0.404734,0.855127,-0.101009,0.267643,0.777299,-0.057321,0.356916,0.872248,-0.096137,0.381338,0.899709,-0.09851,0.37915,0.88684,-0.093472,0.244751,0.841519,-0.073933,0.306111,0.902173,-0.098853,0.328197,0.919976,-0.097302,0.328633,0.912448,-0.090903
417,13900,True,0.9977,0.9977,0.327137,0.921429,0.0,0.38036,0.859877,-0.011477,0.419767,0.79545,-0.028197,0.44358,0.770851,-0.048637,0.453349,0.784524,-0.069112,0.35544,0.700649,-0.026998,0.361949,0.686604,-0.058028,0.379266,0.677424,-0.079125,0.397929,0.661531,-0.093556,0.303331,0.721482,-0.040362,0.387978,0.809055,-0.07846,0.411436,0.851393,-0.093054,0.407622,0.853684,-0.098554,0.268646,0.778346,-0.055473,0.359424,0.876135,-0.092257,0.384127,0.901654,-0.094649,0.380726,0.88859,-0.089671,0.246684,0.842086,-0.072105,0.311611,0.904903,-0.094409,0.333257,0.921466,-0.092192,0.331544,0.914015,-0.085579
418,13933,True,0.9978,0.9978,0.326271,0.925819,0.0,0.380576,0.857737,-0.010014,0.421472,0.786851,-0.025077,0.446777,0.766155,-0.044039,0.459682,0.792431,-0.0631,0.35735,0.702016,-0.022676,0.365688,0.688743,-0.051122,0.383852,0.67867,-0.070845,0.404327,0.663556,-0.08464,0.305197,0.723163,-0.035552,0.391636,0.81099,-0.070175,0.413197,0.852355,-0.083312,0.408113,0.853366,-0.088141,0.271082,0.779547,-0.050185,0.363745,0.878109,-0.083275,0.385943,0.901619,-0.085368,0.380668,0.88617,-0.080822,0.248908,0.841948,-0.06638,0.316108,0.906911,-0.085697,0.334241,0.923396,-0.083137,0.328461,0.914532,-0.076821
419,13966,True,0.9978,0.9978,0.328118,0.928345,0.0,0.383725,0.862149,-0.010668,0.42627,0.791637,-0.025365,0.450179,0.766335,-0.043487,0.456022,0.789699,-0.061776,0.358487,0.705965,-0.024893,0.36874,0.690382,-0.053595,0.38942,0.680752,-0.073594,0.4114,0.666898,-0.087168,0.306173,0.726702,-0.037187,0.392515,0.812485,-0.072087,0.413805,0.852562,-0.0857,0.408515,0.855692,-0.090837,0.271704,0.78274,-0.051074,0.36498,0.879696,-0.084381,0.387314,0.904122,-0.086948,0.382497,0.892212,-0.082507,0.249798,0.84491,-0.066471,0.318429,0.907346,-0.085708,0.33713,0.924043,-0.083278,0.332154,0.91748,-0.076915
420,14000,True,0.9978,0.9978,0.32707,0.933065,0.0,0.383972,0.861528,-0.006472,0.426385,0.790133,-0.020625,0.454242,0.764083,-0.039199,0.462659,0.788576,-0.058232,0.357319,0.702648,-0.02074,0.369202,0.685768,-0.049424,0.395661,0.677162,-0.069455,0.421956,0.667005,-0.082743,0.309617,0.726357,-0.035129,0.403105,0.804956,-0.067403,0.421241,0.849619,-0.079428,0.409578,0.856024,-0.084254,0.277891,0.784099,-0.050984,0.376957,0.873571,-0.082754,0.393523,0.899828,-0.084273,0.381476,0.888984,-0.079775,0.257546,0.848784,-0.067873,0.331043,0.906311,-0.085468,0.347699,0.923595,-0.081228,0.338515,0.918166,-0.074089
421,14033,True,0.9982,0.9982,0.326475,0.932568,0.0,0.384784,0.860372,-0.005324,0.429475,0.788611,-0.018942,0.458745,0.763267,-0.036878,0.46563,0.788871,-0.05572,0.360176,0.701384,-0.021221,0.373929,0.681702,-0.049488,0.402334,0.673837,-0.068828,0.430464,0.663158,-0.081846,0.313694,0.725421,-0.036111,0.409553,0.801515,-0.068989,0.428571,0.851679,-0.081038,0.417428,0.861522,-0.085875,0.282293,0.783771,-0.052192,0.383735,0.871962,-0.085196,0.39999,0.901206,-0.087604,0.388251,0.891612,-0.083497,0.26228,0.849771,-0.068836,0.335517,0.904286,-0.086771,0.350535,0.921972,-0.082593,0.340146,0.916702,-0.075668
422,14066,True,0.9985,0.9985,0.32755,0.92887,0.0,0.384666,0.858425,-0.005397,0.429376,0.787005,-0.01959,0.460696,0.763526,-0.037913,0.47316,0.790817,-0.057321,0.365788,0.698604,-0.023791,0.384175,0.682757,-0.052251,0.412291,0.676076,-0.072017,0.441348,0.66483,-0.085801,0.318568,0.721772,-0.038693,0.413267,0.802224,-0.072914,0.430534,0.853807,-0.084854,0.420538,0.865619,-0.089566,0.286312,0.779762,-0.054576,0.386416,0.870764,-0.087579,0.400852,0.900609,-0.089653,0.388673,0.892736,-0.085558,0.265364,0.845388,-0.071076,0.339017,0.903683,-0.089136,0.351813,0.921524,-0.085494,0.338822,0.91505,-0.079239
423,14100,True,0.9989,0.9989,0.332346,0.928546,0.0,0.391799,0.860032,-0.007586,0.438052,0.791108,-0.023254,0.467098,0.764186,-0.042661,0.471408,0.786663,-0.0626,0.370014,0.6993,-0.026697,0.390365,0.682075,-0.058709,0.419731,0.674532,-0.08055,0.449018,0.66355,-0.095044,0.323088,0.721412,-0.041015,0.420408,0.803634,-0.076136,0.434636,0.85564,-0.086485,0.421545,0.862888,-0.089986,0.291372,0.778736,-0.056909,0.393855,0.873569,-0.090503,0.404589,0.900878,-0.089364,0.389126,0.886834,-0.083077,0.271028,0.844606,-0.073863,0.345927,0.905031,-0.092661,0.355812,0.920442,-0.087482,0.340105,0.91032,-0.079756
424,14133,True,0.9989,0.9989,0.330438,0.930722,0.0,0.389355,0.86121,-0.006414,0.434282,0.790909,-0.021757,0.46499,0.76555,-0.04126,0.472645,0.789929,-0.061598,0.370436,0.697661,-0.02482,0.394109,0.682368,-0.055459,0.42397,0.675595,-0.076225,0.454216,0.665486,-0.090304,0.324269,0.72111,-0.039846,0.419427,0.804565,-0.075015,0.434161,0.857749,-0.085973,0.422879,0.866599,-0.090127,0.291938,0.778898,-0.056292,0.393777,0.871799,-0.090762,0.405271,0.903144,-0.091366,0.391827,0.893114,-0.086243,0.271131,0.84573,-0.073541,0.345033,0.90401,-0.093029,0.355491,0.920906,-0.089235,0.341931,0.911554,-0.082667
425,14166,True,0.9989,0.9989,0.334614,0.928395,0.0,0.392274,0.860931,-0.00693,0.437167,0.792864,-0.022243,0.467277,0.766359,-0.041459,0.474309,0.78742,-0.061293,0.370814,0.698246,-0.02506,0.392574,0.681954,-0.056405,0.422165,0.674933,-0.077624,0.452543,0.66437,-0.091676,0.324688,0.720761,-0.039459,0.421977,0.804165,-0.074198,0.435819,0.856447,-0.084405,0.423819,0.863221,-0.087903,0.292839,0.777616,-0.055484,0.395083,0.873572,-0.089365,0.405978,0.901844,-0.088977,0.392052,0.887871,-0.083166,0.271906,0.843878,-0.07242,0.345458,0.904308,-0.091271,0.356147,0.919965,-0.086582,0.342621,0.909706,-0.079257
426,14200,True,0.999,0.999,0.326318,0.932556,0.0,0.385506,0.862376,-0.005132,0.43068,0.792487,-0.019713,0.462152,0.764048,-0.038526,0.472632,0.782337,-0.058158,0.370757,0.695611,-0.022699,0.393914,0.68168,-0.052128,0.422623,0.672997,-0.072724,0.451095,0.659289,-0.08715,0.324805,0.718423,-0.03823,0.421182,0.801631,-0.072298,0.436599,0.853664,-0.083415,0.424465,0.862853,-0.08787,0.293087,0.776558,-0.05499,0.395463,0.868459,-0.087692,0.406549,0.898084,-0.087503,0.390711,0.888023,-0.082342,0.272694,0.844273,-0.072612,0.348019,0.902936,-0.091345,0.359874,0.919907,-0.087046,0.346269,0.911603,-0.080216
427,14233,True,0.9993,0.9993,0.336554,0.921174,0.0,0.391153,0.85447,-0.005845,0.432604,0.787024,-0.021423,0.460737,0.757016,-0.041051,0.4729,0.769834,-0.062025,0.371776,0.692339,-0.026295,0.391247,0.676414,-0.05768,0.418541,0.663057,-0.078907,0.446474,0.644974,-0.093415,0.325438,0.712205,-0.041184,0.420122,0.79094,-0.077172,0.432398,0.848953,-0.086685,0.417658,0.857162,-0.089313,0.294194,0.767221,-0.05731,0.394132,0.856078,-0.092956,0.40608,0.889082,-0.091576,0.391065,0.87931,-0.084916,0.273233,0.834008,-0.074063,0.34671,0.893067,-0.094739,0.360031,0.911248,-0.089911,0.347183,0.902521,-0.08232
428,14266,True,0.9995,0.9995,0.336052,0.909166,0.0,0.388082,0.842237,-0.006512,0.428488,0.77345,-0.023155,0.457857,0.744086,-0.044195,0.469878,0.762429,-0.066908,0.369351,0.684018,-0.027826,0.387773,0.65867,-0.059516,0.411704,0.639374,-0.08153,0.434917,0.615349,-0.097101,0.321939,0.70435,-0.043212,0.413628,0.775793,-0.08183,0.43096,0.834635,-0.092865,0.419064,0.848911,-0.095935,0.291095,0.759769,-0.059705,0.389784,0.840138,-0.095553,0.405582,0.874078,-0.093475,0.39261,0.869752,-0.086124,0.271903,0.825203,-0.07715,0.345802,0.877304,-0.097123,0.359145,0.89784,-0.091408,0.345277,0.894007,-0.083231
429,14299,True,0.9994,0.9994,0.337295,0.892212,0.0,0.392834,0.825511,-0.010721,0.432249,0.759294,-0.030149,0.45755,0.723571,-0.053442,0.458505,0.736981,-0.078126,0.369567,0.667453,-0.031963,0.384739,0.640519,-0.065378,0.403236,0.615688,-0.08728,0.420249,0.587034,-0.102174,0.31963,0.686621,-0.045476,0.406503,0.752846,-0.084906,0.425424,0.813054,-0.093916,0.415461,0.82589,-0.094651,0.287677,0.73993,-0.060482,0.382886,0.816235,-0.097374,0.399583,0.852249,-0.09272,0.387827,0.849936,-0.082969,0.268771,0.804025,-0.07693,0.340658,0.853912,-0.098436,0.357348,0.874333,-0.092052,0.347216,0.871832,-0.082571
430,14333,True,0.9996,0.9996,0.340707,0.873613,0.0,0.392072,0.809124,-0.013283,0.428528,0.74555,-0.036475,0.450227,0.704479,-0.062888,0.450197,0.706869,-0.090091,0.358022,0.650453,-0.038968,0.371428,0.611091,-0.076884,0.389017,0.579141,-0.099368,0.403893,0.548016,-0.113357,0.309264,0.669305,-0.052631,0.398174,0.716071,-0.094972,0.420324,0.782867,-0.101182,0.410523,0.797657,-0.099188,0.278046,0.720572,-0.068119,0.373176,0.782673,-0.108267,0.393437,0.823309,-0.100236,0.383613,0.822102,-0.087673,0.260382,0.78398,-0.08509,0.329229,0.822001,-0.1077,0.353373,0.845439,-0.098078,0.349669,0.847164,-0.085963
431,14366,True,0.9995,0.9995,0.341709,0.855146,0.0,0.391093,0.793558,-0.015846,0.42695,0.733501,-0.041086,0.44693,0.692082,-0.06895,0.438624,0.681361,-0.097305,0.347448,0.632312,-0.043501,0.356127,0.587016,-0.082643,0.367943,0.546775,-0.106158,0.377845,0.508907,-0.121199,0.299439,0.651683,-0.056116,0.386253,0.689378,-0.100487,0.416682,0.753602,-0.10779,0.412927,0.772177,-0.106606,0.270007,0.702928,-0.070517,0.365333,0.756019,-0.111886,0.388291,0.798493,-0.103135,0.378314,0.804013,-0.090185,0.254363,0.76701,-0.086673,0.325064,0.798848,-0.11215,0.351624,0.824137,-0.103318,0.346641,0.830242,-0.091274
432,14400,True,0.9988,0.9988,0.345244,0.834062,0.0,0.393213,0.772202,-0.018015,0.428717,0.711374,-0.043083,0.447368,0.669723,-0.070438,0.437474,0.663655,-0.09861,0.348026,0.61218,-0.044002,0.352093,0.564312,-0.082659,0.360875,0.523403,-0.106017,0.367969,0.485003,-0.120576,0.300429,0.632688,-0.055062,0.383451,0.664675,-0.10031,0.416354,0.730559,-0.108109,0.415388,0.758393,-0.105953,0.271011,0.68448,-0.068111,0.362027,0.733739,-0.110323,0.387066,0.777591,-0.103475,0.380357,0.788895,-0.090561,0.254976,0.748532,-0.082969,0.32105,0.777685,-0.107992,0.347055,0.802461,-0.100202,0.343651,0.810935,-0.08854
433,14433,True,0.9993,0.9993,0.362158,0.820584,0.0,0.412204,0.762363,-0.020016,0.446494,0.703794,-0.04523,0.462476,0.661112,-0.072512,0.45533,0.642967,-0.099541,0.366316,0.597747,-0.042933,0.370368,0.54823,-0.082132,0.380856,0.50551,-0.10737,0.390903,0.464133,-0.123299,0.317096,0.615364,-0.052725,0.39389,0.649437,-0.095015,0.422659,0.702479,-0.104522,0.421492,0.719465,-0.105001,0.286892,0.664681,-0.06481,0.377375,0.718996,-0.102313,0.397835,0.758434,-0.0947,0.389771,0.765361,-0.08303,0.27025,0.726816,-0.079462,0.338182,0.762164,-0.100775,0.35986,0.787239,-0.091856,0.353731,0.792236,-0.080187
434,14466,True,0.9991,0.9991,0.371044,0.811551,0.0,0.421089,0.750545,-0.012654,0.454887,0.691904,-0.034472,0.473257,0.653864,-0.060201,0.483004,0.633914,-0.086678,0.386354,0.580983,-0.031879,0.401687,0.524845,-0.066456,0.42098,0.481532,-0.089629,0.440667,0.440502,-0.104612,0.344086,0.596889,-0.044015,0.434445,0.627185,-0.082444,0.455331,0.689015,-0.092744,0.448075,0.713684,-0.094959,0.318689,0.643886,-0.057915,0.412227,0.682848,-0.093563,0.428466,0.72691,-0.090024,0.419604,0.739512,-0.081938,0.303697,0.704322,-0.073278,0.364092,0.726429,-0.093315,0.381837,0.747601,-0.086556,0.379295,0.750501,-0.077194
435,14500,True,0.9993,0.9993,0.383746,0.798369,0.0,0.441507,0.732079,-0.007222,0.475778,0.673013,-0.028782,0.498072,0.640233,-0.055543,0.517361,0.627487,-0.083495,0.416018,0.550402,-0.026414,0.442182,0.494822,-0.059262,0.466921,0.453396,-0.081269,0.489479,0.415732,-0.095997,0.377747,0.567796,-0.042442,0.470521,0.594302,-0.080663,0.489834,0.663224,-0.089889,0.480519,0.694417,-0.090801,0.353475,0.614859,-0.05975,0.450067,0.650694,-0.094821,0.464588,0.701153,-0.08943,0.451873,0.719537,-0.079775,0.339123,0.675344,-0.078216,0.414354,0.695513,-0.097642,0.433614,0.727623,-0.088721,0.425656,0.738931,-0.077726
436,14533,True,0.9992,0.9992,0.389567,0.778917,0.0,0.456541,0.716335,-0.003557,0.498996,0.656981,-0.024573,0.527031,0.620174,-0.051242,0.533991,0.601181,-0.078886,0.440017,0.535543,-0.026432,0.467395,0.472348,-0.060796,0.49671,0.427001,-0.082548,0.520539,0.390737,-0.095844,0.40248,0.548909,-0.044849,0.496704,0.566007,-0.082307,0.513874,0.640352,-0.08749,0.499725,0.669854,-0.085202,0.378154,0.591894,-0.064351,0.475684,0.620875,-0.101207,0.489621,0.679145,-0.091162,0.474282,0.699628,-0.077403,0.363638,0.647998,-0.08449,0.441606,0.662515,-0.103869,0.461802,0.701602,-0.089804,0.453364,0.718777,-0.074904
437,14566,True,0.9986,0.9986,0.40497,0.760728,0.0,0.473301,0.696904,-0.003369,0.515115,0.635686,-0.024962,0.539296,0.591504,-0.052711,0.541292,0.571119,-0.081369,0.447806,0.515883,-0.026036,0.478998,0.448056,-0.057701,0.508856,0.401571,-0.076623,0.534316,0.366014,-0.088509,0.412845,0.529853,-0.044662,0.50845,0.549059,-0.083284,0.524922,0.627196,-0.087429,0.513679,0.660625,-0.083657,0.3907,0.570849,-0.064133,0.488855,0.59749,-0.100454,0.500838,0.660922,-0.088152,0.486521,0.686227,-0.072674,0.377297,0.623845,-0.084452,0.452225,0.636498,-0.104222,0.470561,0.675336,-0.0908,0.462881,0.692955,-0.076238
438,14600,True,0.998,0.998,0.406048,0.750694,0.0,0.472861,0.68518,-0.004775,0.512478,0.620646,-0.025343,0.535248,0.575816,-0.051407,0.54846,0.552918,-0.078004,0.450694,0.500067,-0.024445,0.484369,0.435128,-0.055359,0.514692,0.388931,-0.074987,0.540802,0.350432,-0.088062,0.416033,0.512897,-0.04211,0.511243,0.531996,-0.082001,0.530447,0.610235,-0.088356,0.521909,0.650959,-0.08593,0.393811,0.554191,-0.060777,0.490409,0.579099,-0.097931,0.505301,0.643321,-0.087096,0.494651,0.674082,-0.072183,0.380995,0.608467,-0.080467,0.454543,0.617755,-0.101416,0.474497,0.654182,-0.089672,0.468854,0.673811,-0.075975
439,14633,True,0.998,0.998,0.405209,0.748849,0.0,0.47271,0.685709,-0.00329,0.513384,0.623377,-0.022755,0.538104,0.580309,-0.047906,0.550569,0.546775,-0.073466,0.452796,0.494598,-0.022256,0.486403,0.431868,-0.053633,0.516173,0.385319,-0.074204,0.542275,0.345938,-0.087755,0.418929,0.505982,-0.040455,0.515379,0.523473,-0.08056,0.532241,0.600272,-0.088186,0.522104,0.639398,-0.086416,0.397537,0.54581,-0.059567,0.494107,0.572282,-0.097462,0.506402,0.636709,-0.087574,0.493972,0.666304,-0.072909,0.386183,0.598941,-0.079481,0.45985,0.609761,-0.101284,0.47791,0.649723,-0.089655,0.471058,0.671311,-0.075644
440,14666,True,0.9984,0.9984,0.406846,0.756424,0.0,0.478413,0.695403,-0.004798,0.519249,0.634272,-0.025092,0.541913,0.590239,-0.051171,0.554506,0.560449,-0.077612,0.465379,0.50334,-0.025577,0.494371,0.436817,-0.058088,0.522468,0.391792,-0.078874,0.547616,0.354603,-0.092717,0.429505,0.512123,-0.043553,0.518518,0.538866,-0.084189,0.53349,0.618178,-0.091362,0.524152,0.655165,-0.089939,0.40449,0.551506,-0.062566,0.496359,0.585295,-0.101275,0.505915,0.6523,-0.090391,0.493476,0.681173,-0.075618,0.387923,0.60474,-0.082621,0.457594,0.62268,-0.105224,0.474018,0.664219,-0.093469,0.468273,0.683761,-0.079582
441,14700,True,0.9986,0.9986,0.399107,0.780784,0.0,0.476632,0.71814,-0.006683,0.520656,0.658953,-0.027939,0.54498,0.613243,-0.0549,0.546945,0.588045,-0.081974,0.469074,0.52955,-0.025835,0.503833,0.467717,-0.058801,0.535232,0.427478,-0.080159,0.561652,0.393199,-0.094558,0.43172,0.537629,-0.043529,0.518154,0.570905,-0.083904,0.532628,0.649506,-0.091293,0.523186,0.682466,-0.090233,0.40552,0.577277,-0.062592,0.493509,0.620915,-0.100186,0.503892,0.68343,-0.09053,0.490844,0.707514,-0.077098,0.388946,0.630205,-0.08312,0.4577,0.658109,-0.103413,0.472249,0.696395,-0.092373,0.46239,0.712472,-0.079869
442,14733,True,0.9986,0.9986,0.392525,0.81858,0.0,0.469763,0.751353,-0.002262,0.515475,0.69341,-0.022222,0.542932,0.660322,-0.048488,0.560057,0.643819,-0.075576,0.466221,0.564417,-0.025397,0.512197,0.521556,-0.056651,0.547039,0.4895,-0.07861,0.577298,0.462244,-0.094482,0.429631,0.576388,-0.045193,0.518565,0.627788,-0.082027,0.532874,0.698048,-0.091194,0.525152,0.726369,-0.094054,0.402647,0.622951,-0.065471,0.491061,0.680997,-0.097659,0.503288,0.734628,-0.089224,0.49257,0.752096,-0.079502,0.384221,0.682026,-0.087096,0.451434,0.721127,-0.103394,0.466333,0.752856,-0.092568,0.458646,0.761629,-0.082246
443,14766,True,0.997,0.997,0.385972,0.86269,0.0,0.469788,0.799634,-0.008656,0.521179,0.741909,-0.032024,0.548014,0.710541,-0.060489,0.56106,0.708095,-0.088737,0.472602,0.611411,-0.027937,0.509286,0.587276,-0.060871,0.547978,0.569695,-0.081995,0.578792,0.564437,-0.096694,0.436524,0.628019,-0.045526,0.52307,0.699286,-0.087239,0.5281,0.772349,-0.096205,0.509912,0.794186,-0.097234,0.40716,0.676963,-0.064661,0.492706,0.75754,-0.102499,0.495868,0.809385,-0.09549,0.476618,0.81404,-0.085167,0.385641,0.73775,-0.085418,0.451568,0.796021,-0.106092,0.457618,0.824039,-0.097335,0.440657,0.818535,-0.087747
444,14799,True,0.9984,0.9984,0.383048,0.892572,-0.0,0.465077,0.830844,-0.007536,0.52989,0.778313,-0.027789,0.571977,0.777696,-0.051699,0.575162,0.805254,-0.076196,0.48344,0.657038,-0.036076,0.517818,0.664353,-0.070033,0.55348,0.666473,-0.094141,0.586257,0.669021,-0.111193,0.441308,0.678447,-0.052676,0.527581,0.804082,-0.091756,0.523703,0.861286,-0.103396,0.504631,0.867177,-0.108936,0.404903,0.735651,-0.069954,0.493313,0.862261,-0.105345,0.487975,0.890811,-0.104435,0.468259,0.871776,-0.09973,0.377632,0.803975,-0.088457,0.448119,0.890394,-0.109615,0.449183,0.905508,-0.105151,0.432297,0.885471,-0.099053
445,14833,True,0.9945,0.9945,0.399015,0.911882,0.0,0.476496,0.861936,-0.016005,0.54039,0.81314,-0.036733,0.584106,0.815422,-0.060037,0.601466,0.853148,-0.082837,0.490095,0.715271,-0.042808,0.540953,0.753915,-0.07772,0.575258,0.786593,-0.099954,0.600683,0.816254,-0.113992,0.442999,0.744309,-0.055869,0.527491,0.884769,-0.090662,0.512048,0.914451,-0.098223,0.492039,0.899642,-0.102467,0.403568,0.803657,-0.071013,0.488761,0.936538,-0.098178,0.473473,0.939902,-0.092327,0.457357,0.911421,-0.086859,0.372347,0.869225,-0.089605,0.443743,0.962789,-0.106943,0.438995,0.960876,-0.101714,0.424524,0.938235,-0.095681
446,14866,True,0.9963,0.9963,0.394436,0.931514,0.0,0.465013,0.899678,-0.018335,0.525536,0.873656,-0.040853,0.573331,0.886005,-0.064471,0.605983,0.914635,-0.086087,0.492114,0.759168,-0.045355,0.544409,0.819403,-0.081729,0.579005,0.860738,-0.101944,0.603678,0.896193,-0.111771,0.446059,0.784404,-0.05563,0.52524,0.934783,-0.084923,0.505202,0.954827,-0.085218,0.482502,0.932558,-0.083834,0.40677,0.840379,-0.068632,0.489168,0.979518,-0.093755,0.468985,0.979669,-0.080181,0.449807,0.95399,-0.068007,0.373393,0.904233,-0.085302,0.444242,1.008644,-0.102041,0.436587,1.012928,-0.091349,0.421341,0.996194,-0.079379
447,14900,True,0.9973,0.9973,0.379771,0.949181,0.0,0.453735,0.909357,-0.012063,0.520426,0.880228,-0.034478,0.568813,0.900804,-0.059439,0.59152,0.93967,-0.08491,0.49386,0.775587,-0.041486,0.548518,0.822974,-0.075895,0.589868,0.847307,-0.099641,0.627031,0.872661,-0.115199,0.451659,0.798622,-0.054877,0.531363,0.938113,-0.085356,0.507369,0.956135,-0.088237,0.48653,0.932772,-0.089912,0.414123,0.850198,-0.070264,0.494247,0.979857,-0.094573,0.472,0.975458,-0.084315,0.453783,0.946114,-0.075927,0.38244,0.910683,-0.088783,0.450707,1.004855,-0.104035,0.435244,0.997472,-0.096159,0.414121,0.972004,-0.088275
448,14933,True,0.9984,0.9984,0.405578,0.931593,0.0,0.474522,0.892815,-0.025132,0.539833,0.865723,-0.054602,0.587142,0.885274,-0.082469,0.60239,0.923895,-0.109514,0.509865,0.763183,-0.066387,0.56139,0.797016,-0.108666,0.599411,0.813645,-0.136465,0.63309,0.829951,-0.154621,0.468363,0.786108,-0.076834,0.555293,0.920781,-0.117205,0.528669,0.940841,-0.121155,0.50502,0.918928,-0.121803,0.431962,0.837958,-0.089664,0.516743,0.974483,-0.121898,0.492084,0.968824,-0.110929,0.47134,0.932952,-0.101258,0.400728,0.901946,-0.106442,0.472234,1.000487,-0.125665,0.459501,0.99215,-0.117106,0.437248,0.963043,-0.109104
449,14966,True,0.9997,0.9997,0.415571,0.924613,0.0,0.481743,0.882352,-0.014942,0.549372,0.846297,-0.038035,0.600683,0.86051,-0.061072,0.62018,0.899892,-0.084715,0.523561,0.751567,-0.056406,0.583651,0.769997,-0.095452,0.626728,0.776175,-0.121629,0.663132,0.778769,-0.139398,0.484134,0.77077,-0.070746,0.580408,0.887357,-0.11026,0.559698,0.93251,-0.114525,0.5346,0.92897,-0.114811,0.44928,0.821163,-0.086184,0.542199,0.942244,-0.119852,0.522773,0.965215,-0.109996,0.501146,0.945548,-0.099954,0.421212,0.886331,-0.103815,0.498706,0.971701,-0.120657,0.491479,0.981774,-0.109334,0.469279,0.964084,-0.099676
450,15000,True,0.9997,0.9997,0.428157,0.914892,0.0,0.494047,0.869983,-0.007919,0.560745,0.829581,-0.029423,0.612074,0.837747,-0.052271,0.63096,0.875988,-0.076007,0.535954,0.730918,-0.050288,0.60063,0.735968,-0.087178,0.648976,0.736378,-0.109716,0.68982,0.735612,-0.1244,0.499345,0.749297,-0.067145,0.597915,0.855981,-0.105331,0.583873,0.91483,-0.106657,0.561711,0.91712,-0.10399,0.466811,0.79847,-0.084225,0.565718,0.908865,-0.118362,0.553424,0.947727,-0.105442,0.531689,0.935972,-0.092004,0.440451,0.862407,-0.102464,0.522309,0.936165,-0.119149,0.52411,0.959507,-0.10463,0.505614,0.949596,-0.091464
451,15033,True,0.9996,0.9996,0.433971,0.908524,0.0,0.502234,0.863623,-0.001903,0.568146,0.820191,-0.022755,0.620205,0.817185,-0.046929,0.641669,0.847489,-0.072655,0.547002,0.718703,-0.044446,0.613715,0.716466,-0.0816,0.665179,0.713238,-0.105389,0.708376,0.710279,-0.120988,0.512703,0.734615,-0.064056,0.610458,0.839641,-0.104144,0.595989,0.902449,-0.106981,0.572453,0.909548,-0.104877,0.481171,0.780698,-0.083351,0.578478,0.887895,-0.11965,0.566626,0.929125,-0.108335,0.544851,0.921233,-0.095407,0.455851,0.840783,-0.103026,0.537345,0.914082,-0.120541,0.539315,0.941629,-0.106448,0.521621,0.935296,-0.093376
452,15066,True,0.999,0.999,0.431273,0.907497,0.0,0.505204,0.865028,-0.003773,0.571476,0.821427,-0.026338,0.621733,0.818463,-0.052647,0.643974,0.852956,-0.079858,0.550826,0.71327,-0.04094,0.617951,0.707132,-0.079109,0.670913,0.700329,-0.10441,0.714683,0.69575,-0.121217,0.517759,0.724828,-0.060318,0.615089,0.828083,-0.102332,0.599344,0.891183,-0.106754,0.575031,0.898589,-0.105177,0.487081,0.767779,-0.079951,0.583156,0.87355,-0.117492,0.568053,0.915576,-0.106432,0.544433,0.907481,-0.093282,0.462504,0.825427,-0.100393,0.541653,0.900306,-0.118029,0.539683,0.92891,-0.104126,0.520126,0.921147,-0.091227
453,15100,True,0.9981,0.9981,0.42289,0.908636,0.0,0.499633,0.860138,-0.003076,0.566405,0.813377,-0.026171,0.616379,0.808757,-0.053704,0.634635,0.843433,-0.082261,0.544811,0.707805,-0.036222,0.611056,0.700207,-0.071574,0.663586,0.693702,-0.095651,0.707323,0.691131,-0.11239,0.512423,0.719504,-0.056003,0.605832,0.824353,-0.096751,0.590086,0.886092,-0.102094,0.567212,0.892308,-0.101395,0.481266,0.762902,-0.075919,0.573028,0.872142,-0.111028,0.556402,0.912702,-0.100272,0.532382,0.903877,-0.088011,0.456017,0.820563,-0.096931,0.531028,0.900485,-0.113539,0.52754,0.926508,-0.101049,0.508119,0.915671,-0.089546
454,15133,True,0.9971,0.9971,0.413036,0.918367,0.0,0.495985,0.864067,-0.003241,0.56116,0.811957,-0.022982,0.607313,0.805215,-0.04683,0.62062,0.834849,-0.071372,0.529324,0.703067,-0.032725,0.586531,0.698467,-0.065418,0.631757,0.694714,-0.088231,0.671231,0.694663,-0.104197,0.492462,0.716658,-0.051244,0.581157,0.818679,-0.08933,0.570821,0.87602,-0.095902,0.552568,0.880344,-0.096317,0.458613,0.762335,-0.069967,0.544978,0.875524,-0.102492,0.534868,0.913659,-0.095478,0.515531,0.903123,-0.085935,0.431115,0.821149,-0.08983,0.500536,0.907275,-0.104213,0.501313,0.931258,-0.094252,0.486214,0.918441,-0.084814
455,15166,True,0.997,0.997,0.390645,0.931331,0.0,0.47293,0.871354,-0.002695,0.542177,0.812388,-0.018401,0.586602,0.802012,-0.038209,0.596684,0.829785,-0.058581,0.496187,0.708843,-0.02627,0.542961,0.706342,-0.05509,0.583076,0.702649,-0.076135,0.618235,0.703308,-0.091367,0.455489,0.723051,-0.043418,0.540045,0.828707,-0.078525,0.538665,0.882778,-0.087839,0.524112,0.889826,-0.091393,0.420274,0.768696,-0.06088,0.503514,0.88096,-0.088815,0.498358,0.913675,-0.085008,0.480504,0.902058,-0.079578,0.391693,0.827037,-0.07975,0.459874,0.913396,-0.092764,0.45876,0.93375,-0.086434,0.441337,0.918382,-0.08052
456,15200,True,0.998,0.998,0.375164,0.925529,0.0,0.449253,0.868469,-0.007373,0.507634,0.81661,-0.02534,0.543673,0.816641,-0.045894,0.557952,0.84169,-0.066841,0.456999,0.708934,-0.037652,0.484242,0.699774,-0.068237,0.516412,0.702943,-0.09078,0.549559,0.709579,-0.107453,0.410581,0.728289,-0.052782,0.490837,0.83972,-0.089115,0.501402,0.885128,-0.10224,0.497838,0.890941,-0.110023,0.372902,0.781805,-0.068204,0.456482,0.901513,-0.095996,0.466816,0.922083,-0.094644,0.461368,0.905326,-0.092518,0.345948,0.844206,-0.085387,0.411109,0.933209,-0.101094,0.419402,0.94595,-0.097305,0.411325,0.926172,-0.0935
457,15233,True,0.998,0.998,0.367903,0.930229,0.0,0.43445,0.873764,-0.013794,0.483214,0.81255,-0.030618,0.509866,0.804515,-0.048388,0.515854,0.841694,-0.065589,0.420964,0.717828,-0.034312,0.429541,0.707355,-0.06099,0.45488,0.706598,-0.081688,0.486092,0.70803,-0.097687,0.370827,0.735913,-0.04529,0.447159,0.842352,-0.076997,0.460685,0.880949,-0.08893,0.459632,0.883231,-0.095708,0.332088,0.790262,-0.057462,0.413812,0.90735,-0.083647,0.429979,0.920871,-0.082449,0.429905,0.899637,-0.079648,0.30567,0.852965,-0.072078,0.367842,0.934133,-0.088078,0.381291,0.945327,-0.08433,0.377576,0.927576,-0.079513
458,15266,True,0.9971,0.9971,0.342043,0.930165,0.0,0.403625,0.878142,-0.014303,0.451662,0.818763,-0.030764,0.47671,0.799592,-0.04857,0.482042,0.82555,-0.065513,0.396156,0.722535,-0.030681,0.396829,0.708777,-0.055894,0.410606,0.703982,-0.074118,0.430893,0.69905,-0.08807,0.3415,0.733559,-0.04091,0.409605,0.84504,-0.072366,0.43078,0.884929,-0.08312,0.436282,0.888566,-0.088018,0.300123,0.784148,-0.052655,0.375634,0.907193,-0.0793,0.397699,0.922578,-0.077621,0.403085,0.902264,-0.073648,0.271826,0.844109,-0.0669,0.327343,0.930615,-0.084039,0.346488,0.94568,-0.080484,0.348158,0.931458,-0.074766
459,15299,True,0.9963,0.9963,0.332658,0.933299,0.0,0.393268,0.876753,-0.014328,0.438482,0.816115,-0.031525,0.459889,0.794409,-0.051036,0.455532,0.815599,-0.07039,0.37922,0.721823,-0.031809,0.376234,0.715859,-0.060755,0.381467,0.707351,-0.080671,0.392142,0.694622,-0.095021,0.322058,0.734412,-0.043632,0.385255,0.835654,-0.079821,0.410244,0.870349,-0.093434,0.419319,0.867473,-0.099247,0.280248,0.784358,-0.057123,0.351209,0.895813,-0.091059,0.383071,0.917963,-0.093368,0.397436,0.906392,-0.089951,0.252189,0.844694,-0.072775,0.307081,0.921756,-0.095256,0.332656,0.942049,-0.09506,0.343294,0.935164,-0.090704
460,15333,True,0.9966,0.9966,0.324338,0.936483,0.0,0.38236,0.888597,-0.017794,0.427252,0.832219,-0.037141,0.448692,0.80325,-0.058746,0.449389,0.798247,-0.078496,0.370792,0.723027,-0.032466,0.368287,0.711267,-0.06721,0.369177,0.700544,-0.088549,0.371106,0.683998,-0.101914,0.312835,0.734273,-0.042776,0.373995,0.83411,-0.081631,0.39785,0.868741,-0.091821,0.399426,0.858518,-0.092838,0.271371,0.782586,-0.056103,0.344142,0.89842,-0.09216,0.373761,0.917987,-0.087065,0.379282,0.897016,-0.076242,0.243724,0.84134,-0.072355,0.300412,0.921995,-0.096701,0.324154,0.941194,-0.092697,0.327106,0.929962,-0.082959
461,15366,True,0.9964,0.9964,0.326641,0.931279,0.0,0.383275,0.877291,-0.018119,0.425443,0.814436,-0.03783,0.447544,0.787316,-0.06007,0.445635,0.799486,-0.081084,0.365592,0.714588,-0.031707,0.36227,0.705001,-0.06573,0.364008,0.694876,-0.086542,0.367827,0.677386,-0.10001,0.310095,0.728854,-0.042429,0.373805,0.824754,-0.083715,0.399938,0.867895,-0.09394,0.403807,0.866015,-0.093822,0.269625,0.779079,-0.056119,0.345888,0.890556,-0.094653,0.373869,0.915784,-0.090297,0.378416,0.899103,-0.078858,0.243025,0.839899,-0.072582,0.301187,0.916832,-0.097107,0.325037,0.938181,-0.092923,0.327735,0.929837,-0.083023
462,15400,True,0.9976,0.9976,0.328104,0.924081,-0.0,0.383633,0.876033,-0.016503,0.426109,0.819832,-0.034991,0.448082,0.791776,-0.055631,0.448219,0.789752,-0.075282,0.366187,0.715516,-0.035075,0.362994,0.701966,-0.068985,0.369439,0.690164,-0.090618,0.379698,0.671931,-0.104785,0.311825,0.727324,-0.045921,0.380513,0.818985,-0.086897,0.404313,0.860478,-0.099548,0.407073,0.862871,-0.102761,0.272111,0.776527,-0.059031,0.349379,0.883083,-0.097704,0.375736,0.909942,-0.097663,0.380287,0.898662,-0.090514,0.245728,0.837706,-0.074286,0.30186,0.910468,-0.099485,0.323706,0.930792,-0.098124,0.325558,0.923892,-0.091361
463,15433,True,0.9974,0.9974,0.325828,0.923812,0.0,0.381803,0.868514,-0.01172,0.425174,0.807339,-0.028025,0.450189,0.783816,-0.047766,0.456255,0.797093,-0.067386,0.366828,0.71072,-0.027926,0.368269,0.700445,-0.05817,0.3805,0.688521,-0.078071,0.396477,0.670923,-0.091876,0.313883,0.723412,-0.04079,0.389942,0.82124,-0.078989,0.412406,0.862547,-0.092513,0.411838,0.864604,-0.097052,0.275477,0.774419,-0.055443,0.356365,0.882469,-0.092218,0.380706,0.909086,-0.094447,0.381317,0.895536,-0.089395,0.249653,0.83594,-0.071694,0.308229,0.908278,-0.095373,0.329208,0.927411,-0.094715,0.329319,0.919229,-0.089038
464,15466,True,0.9979,0.9979,0.328987,0.922366,0.0,0.386346,0.867119,-0.009616,0.430947,0.809023,-0.024556,0.454365,0.788641,-0.043371,0.460075,0.802327,-0.062309,0.372567,0.711072,-0.024786,0.37769,0.701768,-0.053503,0.390201,0.688641,-0.07279,0.404778,0.669154,-0.086281,0.319343,0.723451,-0.038183,0.396407,0.82383,-0.073783,0.417219,0.865004,-0.086619,0.413922,0.864742,-0.091077,0.28126,0.774342,-0.053173,0.361329,0.883556,-0.088838,0.385632,0.910519,-0.090719,0.384982,0.897234,-0.085451,0.25508,0.835223,-0.069473,0.314522,0.907893,-0.092565,0.334117,0.926983,-0.091211,0.331935,0.918567,-0.084964
465,15500,True,0.9977,0.9977,0.330654,0.92494,0.0,0.388459,0.866133,-0.007385,0.432383,0.804844,-0.020962,0.456611,0.784943,-0.038784,0.46495,0.804933,-0.057151,0.374921,0.711485,-0.021036,0.383199,0.701686,-0.047017,0.397325,0.69013,-0.065545,0.412548,0.672309,-0.079132,0.322797,0.727022,-0.035165,0.401602,0.822887,-0.068301,0.422093,0.864295,-0.081879,0.418263,0.866711,-0.087536,0.286086,0.779878,-0.05046,0.367864,0.88404,-0.083466,0.391114,0.910466,-0.086764,0.388973,0.899353,-0.083229,0.261197,0.840572,-0.06682,0.322829,0.909307,-0.087136,0.34126,0.926846,-0.085647,0.33766,0.919126,-0.080184
466,15533,True,0.9982,0.9982,0.334451,0.927536,0.0,0.389801,0.870313,-0.007892,0.434011,0.80909,-0.022203,0.45982,0.787486,-0.040544,0.468627,0.808157,-0.059351,0.377735,0.715025,-0.024032,0.388957,0.706169,-0.052032,0.405764,0.696917,-0.07101,0.422657,0.679399,-0.084869,0.325475,0.729746,-0.038594,0.404057,0.824115,-0.073112,0.424628,0.866356,-0.086139,0.420783,0.864165,-0.091696,0.28877,0.78264,-0.054544,0.371086,0.887559,-0.088912,0.394282,0.913539,-0.091933,0.39198,0.897156,-0.088526,0.264179,0.843302,-0.071543,0.324366,0.912553,-0.092733,0.341731,0.930262,-0.091421,0.336626,0.920389,-0.08641
467,15566,True,0.9978,0.9978,0.336252,0.929166,0.0,0.392766,0.870036,-0.00882,0.437385,0.805478,-0.023119,0.462164,0.785583,-0.041238,0.467262,0.810817,-0.059922,0.377915,0.716499,-0.024514,0.38882,0.706983,-0.053311,0.408743,0.698615,-0.071961,0.429554,0.684377,-0.084906,0.325708,0.731566,-0.038225,0.407773,0.823176,-0.074245,0.427153,0.870816,-0.086466,0.42069,0.874171,-0.090175,0.289537,0.783907,-0.053463,0.374376,0.887962,-0.089524,0.396035,0.916999,-0.092061,0.391561,0.903037,-0.087069,0.265215,0.844364,-0.069697,0.327292,0.912801,-0.091773,0.34509,0.932954,-0.090259,0.339624,0.92564,-0.084346
468,15600,True,0.9974,0.9974,0.334079,0.933018,0.0,0.392743,0.871723,-0.008115,0.439329,0.803841,-0.021552,0.465796,0.78312,-0.038684,0.47012,0.811358,-0.056545,0.376584,0.71886,-0.023352,0.388104,0.70745,-0.049921,0.409827,0.698848,-0.068404,0.433151,0.685369,-0.081732,0.32637,0.736598,-0.037018,0.409273,0.824148,-0.070563,0.427654,0.867576,-0.084147,0.421051,0.871648,-0.089902,0.290953,0.789924,-0.051841,0.376119,0.888385,-0.085144,0.397576,0.915842,-0.089426,0.394165,0.904999,-0.086635,0.266976,0.850518,-0.06762,0.329436,0.91452,-0.087563,0.346904,0.933344,-0.086523,0.342464,0.927825,-0.081798
469,15633,True,0.9976,0.9976,0.337026,0.930578,0.0,0.394594,0.871414,-0.008548,0.440372,0.805236,-0.023056,0.467304,0.785095,-0.04122,0.474545,0.810429,-0.059769,0.378252,0.715812,-0.025669,0.389819,0.703396,-0.054629,0.413568,0.697193,-0.073279,0.438963,0.68647,-0.086188,0.327858,0.733438,-0.039709,0.413864,0.823615,-0.075833,0.432241,0.871699,-0.08811,0.424634,0.875142,-0.092206,0.292441,0.78813,-0.055153,0.381391,0.890034,-0.091376,0.402035,0.919728,-0.093464,0.396737,0.906919,-0.088322,0.268703,0.85059,-0.071501,0.333099,0.917222,-0.09364,0.350081,0.936873,-0.09154,0.343316,0.929575,-0.085331
470,15666,True,0.9977,0.9977,0.334786,0.932629,0.0,0.394482,0.87231,-0.007166,0.441943,0.805237,-0.020147,0.470557,0.785624,-0.037072,0.476243,0.812952,-0.054577,0.377943,0.718986,-0.022085,0.393554,0.704881,-0.04792,0.418655,0.697959,-0.066454,0.445378,0.687782,-0.079913,0.328927,0.737534,-0.036088,0.413145,0.828247,-0.067253,0.431683,0.865136,-0.080769,0.426506,0.862965,-0.087819,0.294214,0.792092,-0.051299,0.382534,0.891163,-0.081612,0.402816,0.914896,-0.085368,0.398883,0.901246,-0.083645,0.270875,0.853002,-0.067674,0.335746,0.918626,-0.085837,0.350388,0.934874,-0.084544,0.343149,0.925821,-0.080385
471,15700,True,0.9981,0.9981,0.335051,0.929924,0.0,0.394825,0.868763,-0.005886,0.441641,0.8046,-0.019529,0.472801,0.787738,-0.037526,0.484529,0.81406,-0.056285,0.381867,0.714482,-0.023483,0.399903,0.703072,-0.052493,0.427264,0.697676,-0.072196,0.45499,0.68683,-0.085838,0.333502,0.734671,-0.038584,0.422011,0.824575,-0.074361,0.439353,0.872192,-0.087617,0.430002,0.877811,-0.092765,0.299518,0.790529,-0.054696,0.391128,0.889222,-0.089541,0.40781,0.919679,-0.091517,0.397216,0.909944,-0.086606,0.276405,0.853403,-0.07154,0.345504,0.920891,-0.092235,0.359442,0.938092,-0.089747,0.347765,0.928353,-0.083479
472,15733,True,0.9985,0.9985,0.337586,0.928919,0.0,0.397269,0.868493,-0.00676,0.446,0.803801,-0.021647,0.478221,0.789745,-0.040624,0.489909,0.822343,-0.059983,0.387311,0.714784,-0.025483,0.405351,0.703617,-0.056708,0.433269,0.699705,-0.077408,0.462224,0.690992,-0.091511,0.339009,0.734647,-0.040586,0.429797,0.829098,-0.077817,0.440571,0.877659,-0.089425,0.42672,0.879759,-0.093253,0.304779,0.790476,-0.057198,0.400299,0.895096,-0.092456,0.409965,0.91994,-0.092689,0.394264,0.901622,-0.08691,0.280917,0.853748,-0.074791,0.351903,0.925446,-0.09594,0.360026,0.940373,-0.092915,0.342745,0.925417,-0.086422
473,15766,True,0.9986,0.9986,0.338714,0.933156,0.0,0.400583,0.872123,-0.006124,0.45,0.806828,-0.020632,0.482281,0.791518,-0.03921,0.490217,0.821234,-0.05821,0.389613,0.714262,-0.024409,0.411423,0.702918,-0.054115,0.440296,0.697586,-0.073811,0.468959,0.689618,-0.087363,0.342134,0.733365,-0.039379,0.432518,0.829692,-0.074742,0.44389,0.87794,-0.085917,0.430738,0.87926,-0.089975,0.308317,0.789005,-0.055687,0.403256,0.894647,-0.089836,0.413555,0.920932,-0.089931,0.398942,0.903626,-0.084476,0.284956,0.85307,-0.072861,0.354521,0.924499,-0.093735,0.362143,0.939438,-0.090848,0.345429,0.924101,-0.084636
474,15799,True,0.9988,0.9988,0.336319,0.937142,0.0,0.399228,0.874171,-0.004607,0.449124,0.810124,-0.019031,0.482268,0.7934,-0.037823,0.492373,0.820421,-0.057578,0.391799,0.715362,-0.023686,0.416705,0.70255,-0.053941,0.44597,0.696185,-0.07481,0.474831,0.687284,-0.088993,0.34566,0.734472,-0.039244,0.436657,0.827691,-0.073939,0.447637,0.877692,-0.084578,0.43454,0.883331,-0.088058,0.311921,0.789371,-0.055968,0.409172,0.894231,-0.089091,0.418066,0.920816,-0.087701,0.4037,0.905298,-0.080945,0.288474,0.85363,-0.073488,0.361052,0.924242,-0.092584,0.369858,0.93971,-0.087445,0.355431,0.926065,-0.079383
475,15833,True,0.9993,0.9993,0.337276,0.934612,0.0,0.397464,0.871158,-0.002762,0.446784,0.807537,-0.017067,0.480099,0.793732,-0.035701,0.494081,0.822163,-0.055846,0.391841,0.713944,-0.02451,0.416905,0.702134,-0.052929,0.446458,0.697849,-0.072764,0.47559,0.689439,-0.086752,0.34624,0.734214,-0.040716,0.439752,0.827781,-0.074165,0.450066,0.884106,-0.084499,0.436399,0.893825,-0.088174,0.312529,0.789582,-0.057443,0.411282,0.893786,-0.089578,0.420395,0.92371,-0.088394,0.406195,0.910974,-0.082373,0.288566,0.854191,-0.074576,0.361795,0.921915,-0.092376,0.372375,0.940313,-0.086175,0.359272,0.930028,-0.077936
476,15866,True,0.9995,0.9995,0.338294,0.936872,0.0,0.396653,0.875839,-0.003638,0.444341,0.813597,-0.019104,0.477686,0.796094,-0.038985,0.491806,0.820332,-0.060324,0.392432,0.715837,-0.025537,0.416785,0.70471,-0.056068,0.446505,0.698726,-0.077533,0.475169,0.690027,-0.092338,0.346901,0.734032,-0.041821,0.439158,0.828101,-0.077623,0.449699,0.886974,-0.088451,0.435391,0.899852,-0.091787,0.313203,0.787857,-0.05884,0.409989,0.892876,-0.092529,0.417871,0.92471,-0.090752,0.401692,0.913912,-0.083926,0.28891,0.851985,-0.076428,0.36106,0.921317,-0.095354,0.371483,0.941034,-0.08906,0.357456,0.931431,-0.080464
477,15900,True,0.9993,0.9993,0.340054,0.935685,0.0,0.399533,0.875056,-0.002829,0.446928,0.814635,-0.017436,0.479203,0.796769,-0.036675,0.490553,0.817918,-0.057677,0.392588,0.715761,-0.024566,0.41768,0.705198,-0.054628,0.446571,0.69824,-0.076009,0.474327,0.686095,-0.090945,0.346097,0.733384,-0.040897,0.440793,0.826877,-0.074857,0.450561,0.884296,-0.085075,0.435703,0.892945,-0.088709,0.312661,0.787786,-0.057905,0.41085,0.89265,-0.090807,0.419354,0.9232,-0.089041,0.403266,0.911005,-0.082779,0.28885,0.852824,-0.0754,0.361335,0.922986,-0.094328,0.371803,0.941782,-0.088377,0.35734,0.931882,-0.080297
478,15933,True,0.9992,0.9992,0.33806,0.931661,0.0,0.396512,0.870871,-0.004726,0.44359,0.810192,-0.019373,0.476586,0.795102,-0.038207,0.492338,0.817637,-0.058308,0.391152,0.711536,-0.024162,0.415072,0.702616,-0.054197,0.442982,0.695181,-0.075417,0.471641,0.682154,-0.09037,0.345134,0.729938,-0.03961,0.436149,0.826162,-0.074798,0.447625,0.88042,-0.085782,0.435963,0.890125,-0.08962,0.311593,0.784851,-0.056134,0.407496,0.892449,-0.089786,0.417251,0.92121,-0.088601,0.404246,0.908547,-0.082229,0.287748,0.850034,-0.073431,0.358834,0.922078,-0.093042,0.369346,0.939862,-0.088222,0.356642,0.928079,-0.080624
479,15966,True,0.9993,0.9993,0.337445,0.934604,0.0,0.393339,0.87537,-0.004723,0.440327,0.813941,-0.020163,0.473282,0.794343,-0.039773,0.489554,0.814621,-0.060541,0.388732,0.715734,-0.025585,0.412741,0.70381,-0.056851,0.44091,0.695093,-0.07893,0.469029,0.682889,-0.094229,0.343542,0.732384,-0.041255,0.436743,0.8256,-0.077722,0.44709,0.88084,-0.089011,0.433583,0.892077,-0.092836,0.310586,0.785165,-0.057946,0.407339,0.891376,-0.09225,0.414992,0.92097,-0.090703,0.399645,0.90966,-0.084123,0.28675,0.848788,-0.075408,0.35736,0.92017,-0.095222,0.365389,0.939399,-0.090019,0.349546,0.92917,-0.082276
480,16000,True,0.9994,0.9994,0.336159,0.933889,0.0,0.393152,0.877069,-0.005071,0.439493,0.816367,-0.020026,0.471378,0.795038,-0.039202,0.486205,0.811299,-0.059648,0.38779,0.715917,-0.024595,0.411574,0.703603,-0.05612,0.440351,0.694623,-0.078173,0.468407,0.680566,-0.093122,0.34264,0.73207,-0.039985,0.435882,0.823882,-0.075817,0.445862,0.879652,-0.086081,0.431027,0.888384,-0.089018,0.309727,0.784953,-0.056656,0.405618,0.887719,-0.091694,0.414189,0.918304,-0.089652,0.399298,0.906932,-0.082267,0.286116,0.849148,-0.074013,0.358259,0.9177,-0.094312,0.370403,0.938939,-0.088214,0.358074,0.931737,-0.079424
481,16033,True,0.9994,0.9994,0.336033,0.930837,0.0,0.392463,0.875167,-0.005078,0.438307,0.816768,-0.020317,0.470318,0.795224,-0.039825,0.486298,0.80966,-0.060596,0.386928,0.715368,-0.025194,0.409941,0.702341,-0.057312,0.438487,0.693648,-0.079576,0.466361,0.679594,-0.094581,0.341947,0.731675,-0.040657,0.43529,0.822765,-0.07743,0.44535,0.879717,-0.088013,0.430974,0.88929,-0.091027,0.309511,0.784716,-0.057363,0.405367,0.886369,-0.093301,0.414037,0.917967,-0.091439,0.399053,0.908329,-0.084037,0.286333,0.849018,-0.07468,0.357319,0.917537,-0.09568,0.368694,0.938192,-0.089992,0.355817,0.930466,-0.081447
482,16066,True,0.9995,0.9995,0.338743,0.932248,0.0,0.394355,0.87637,-0.005877,0.439643,0.816629,-0.021866,0.470491,0.793413,-0.041829,0.484559,0.80995,-0.062988,0.387543,0.717116,-0.027267,0.410707,0.703853,-0.059895,0.438847,0.693605,-0.082467,0.465989,0.678932,-0.097659,0.341973,0.732009,-0.042237,0.434966,0.823664,-0.079011,0.444113,0.880658,-0.088965,0.428571,0.889961,-0.091645,0.309114,0.78395,-0.058427,0.404427,0.886917,-0.094177,0.411354,0.917495,-0.091526,0.394667,0.905692,-0.083811,0.285739,0.847539,-0.075293,0.355589,0.91637,-0.095985,0.36627,0.936477,-0.089713,0.352318,0.928041,-0.080922
483,16100,True,0.9992,0.9992,0.335757,0.930136,0.0,0.39161,0.873412,-0.005772,0.437969,0.813383,-0.020878,0.470546,0.792388,-0.040124,0.484405,0.810071,-0.060575,0.385638,0.715969,-0.025156,0.408386,0.701235,-0.056713,0.436753,0.6915,-0.07889,0.464605,0.677013,-0.094051,0.339866,0.731478,-0.040245,0.431913,0.821304,-0.076915,0.443058,0.875683,-0.088232,0.429588,0.885325,-0.091716,0.307128,0.784027,-0.056589,0.403755,0.886712,-0.09214,0.412478,0.91651,-0.090922,0.397433,0.905662,-0.083913,0.283929,0.847761,-0.073674,0.355129,0.917116,-0.094912,0.366241,0.936816,-0.089991,0.353153,0.928349,-0.081859
484,16133,True,0.9992,0.9992,0.336246,0.931406,0.0,0.390127,0.872673,-0.005366,0.435252,0.8107,-0.021006,0.466927,0.79103,-0.040808,0.482785,0.812965,-0.061797,0.384154,0.715635,-0.026135,0.407224,0.700017,-0.057167,0.434424,0.689128,-0.079036,0.461599,0.673992,-0.094453,0.337891,0.730199,-0.041355,0.425863,0.822267,-0.077739,0.438129,0.876009,-0.088875,0.426556,0.885555,-0.09275,0.304594,0.781856,-0.057653,0.398467,0.886205,-0.092129,0.408229,0.916248,-0.090485,0.394352,0.905512,-0.083848,0.281244,0.844638,-0.074771,0.350387,0.914956,-0.095133,0.360719,0.93519,-0.090147,0.346864,0.926278,-0.082452
485,16166,True,0.9985,0.9985,0.336825,0.928197,0.0,0.393297,0.869524,-0.006399,0.440078,0.805795,-0.021414,0.468699,0.784508,-0.040156,0.476707,0.810505,-0.05997,0.379994,0.715998,-0.026941,0.39854,0.696549,-0.057004,0.424299,0.685814,-0.077511,0.452021,0.670253,-0.092059,0.332779,0.730642,-0.041465,0.419657,0.815792,-0.077559,0.433472,0.869108,-0.089076,0.424868,0.876702,-0.093419,0.299215,0.781534,-0.05702,0.39361,0.88131,-0.09171,0.406712,0.91339,-0.091897,0.397048,0.903122,-0.086824,0.275935,0.843511,-0.073362,0.344618,0.911388,-0.093831,0.355743,0.932552,-0.09035,0.343556,0.923715,-0.084193
486,16200,True,0.9985,0.9985,0.325504,0.93728,0.0,0.38492,0.871375,-0.006802,0.432315,0.80101,-0.022149,0.460698,0.771364,-0.041591,0.46394,0.796292,-0.062273,0.37044,0.714064,-0.025349,0.384358,0.694019,-0.053867,0.406562,0.68024,-0.072842,0.42983,0.663739,-0.08624,0.322385,0.731729,-0.040618,0.408946,0.807418,-0.076704,0.421629,0.863034,-0.087643,0.410249,0.875485,-0.090492,0.288687,0.78431,-0.057002,0.383774,0.875809,-0.092104,0.398345,0.909276,-0.092832,0.389373,0.903699,-0.087247,0.266435,0.847375,-0.074218,0.33718,0.908328,-0.094184,0.350388,0.92909,-0.090825,0.340788,0.923206,-0.084462
487,16233,True,0.9983,0.9983,0.32648,0.920757,0.0,0.37943,0.858809,-0.009386,0.421335,0.792621,-0.025704,0.447587,0.764585,-0.045171,0.448593,0.786878,-0.065416,0.358427,0.706167,-0.031814,0.367075,0.68359,-0.061217,0.381764,0.666226,-0.080488,0.395535,0.642163,-0.094616,0.307024,0.723532,-0.045648,0.388409,0.800941,-0.080698,0.406857,0.850061,-0.089642,0.399755,0.853698,-0.092303,0.271643,0.776337,-0.060673,0.364968,0.870364,-0.093893,0.382721,0.895857,-0.091377,0.373762,0.881764,-0.085054,0.248459,0.838147,-0.077124,0.318519,0.904718,-0.097606,0.333209,0.923273,-0.093692,0.32194,0.913792,-0.087293
488,16266,True,0.998,0.998,0.313395,0.910119,0.0,0.367266,0.853822,-0.017175,0.407781,0.791981,-0.03824,0.432299,0.758361,-0.061567,0.43296,0.75871,-0.08446,0.340816,0.698105,-0.038021,0.344045,0.668578,-0.073133,0.350812,0.646321,-0.092943,0.355819,0.617975,-0.10561,0.290401,0.714946,-0.049284,0.365957,0.77446,-0.090048,0.391777,0.82776,-0.097367,0.389203,0.831452,-0.096374,0.255146,0.764522,-0.062921,0.339918,0.841241,-0.101797,0.363088,0.875088,-0.0951,0.358388,0.86662,-0.083442,0.232586,0.824397,-0.078668,0.29684,0.879435,-0.102144,0.316732,0.902982,-0.095509,0.310097,0.899709,-0.085317
489,16300,True,0.9984,0.9984,0.315342,0.893005,0.0,0.363405,0.840826,-0.019912,0.397331,0.783322,-0.042433,0.417578,0.745785,-0.066441,0.423248,0.730891,-0.089943,0.329781,0.679087,-0.040116,0.326977,0.640432,-0.07403,0.323308,0.61384,-0.093958,0.315567,0.584952,-0.106843,0.27767,0.696258,-0.049291,0.341382,0.747986,-0.089784,0.371926,0.801135,-0.097968,0.375473,0.813681,-0.096705,0.241072,0.74517,-0.06066,0.31874,0.819844,-0.097431,0.346281,0.851739,-0.090817,0.348023,0.846837,-0.07905,0.218184,0.805211,-0.074419,0.27851,0.859433,-0.095588,0.302523,0.881804,-0.08795,0.301005,0.878487,-0.076808
490,16333,True,0.9991,0.9991,0.31316,0.866717,0.0,0.361924,0.807193,-0.021907,0.399267,0.743232,-0.046379,0.413437,0.700767,-0.072055,0.397133,0.705393,-0.097198,0.32275,0.640581,-0.041214,0.311666,0.600586,-0.076441,0.300187,0.569437,-0.097648,0.285776,0.537323,-0.111872,0.267811,0.660941,-0.050058,0.329788,0.706614,-0.091918,0.365397,0.761924,-0.100224,0.369957,0.774655,-0.098828,0.230834,0.712356,-0.06121,0.30993,0.783434,-0.098931,0.338569,0.81705,-0.09096,0.337208,0.811696,-0.078278,0.20899,0.774356,-0.075083,0.270579,0.824492,-0.096604,0.298985,0.848798,-0.08771,0.298284,0.847503,-0.075716
491,16366,True,0.9992,0.9992,0.327448,0.827869,0.0,0.372406,0.765592,-0.024829,0.403372,0.702726,-0.052827,0.412688,0.660731,-0.082181,0.399336,0.66122,-0.111647,0.320488,0.595068,-0.045058,0.303797,0.552225,-0.081082,0.290396,0.516318,-0.103142,0.276541,0.48221,-0.117716,0.267321,0.620453,-0.05334,0.331903,0.65828,-0.096075,0.374291,0.718994,-0.103046,0.385497,0.746275,-0.099634,0.233053,0.677712,-0.0641,0.313071,0.736786,-0.103212,0.347255,0.775103,-0.093302,0.351098,0.784845,-0.077995,0.214234,0.746262,-0.077763,0.276336,0.786693,-0.099292,0.31054,0.810563,-0.088423,0.314817,0.817269,-0.07432
492,16400,True,0.9988,0.9988,0.341678,0.790423,0.0,0.386602,0.728622,-0.024063,0.421273,0.659742,-0.050054,0.428863,0.609819,-0.077255,0.409456,0.615462,-0.104533,0.334379,0.561946,-0.04712,0.313666,0.504674,-0.086611,0.298752,0.462635,-0.11031,0.28551,0.423,-0.124856,0.279634,0.583715,-0.054068,0.339465,0.60549,-0.103424,0.381394,0.668838,-0.111658,0.395543,0.702565,-0.10643,0.245094,0.63482,-0.063269,0.323111,0.680684,-0.105587,0.358018,0.723196,-0.096163,0.36743,0.74005,-0.079092,0.225663,0.696955,-0.075209,0.285038,0.729497,-0.097987,0.318203,0.755762,-0.088211,0.326535,0.764605,-0.073698
493,16433,True,0.9992,0.9992,0.364957,0.760116,0.0,0.410297,0.701127,-0.024243,0.444966,0.632354,-0.050954,0.451587,0.581204,-0.078816,0.429433,0.576142,-0.107482,0.354131,0.526111,-0.050172,0.338151,0.457546,-0.091704,0.326602,0.4035,-0.117629,0.315009,0.352938,-0.133421,0.300809,0.547886,-0.057112,0.366603,0.565247,-0.106579,0.404034,0.634991,-0.114356,0.412472,0.672843,-0.110072,0.267285,0.598928,-0.066306,0.346819,0.632083,-0.111185,0.377625,0.682,-0.101595,0.382077,0.70529,-0.085069,0.24744,0.660786,-0.077823,0.306793,0.678659,-0.102453,0.340296,0.711463,-0.090663,0.348246,0.72723,-0.075056
494,16466,True,0.9988,0.9988,0.382823,0.743594,0.0,0.430469,0.683446,-0.021989,0.464473,0.61863,-0.050407,0.476111,0.569643,-0.081412,0.459974,0.558487,-0.113044,0.38323,0.500568,-0.049711,0.374224,0.426118,-0.092468,0.370835,0.367135,-0.117754,0.367521,0.313396,-0.132666,0.331953,0.51942,-0.059286,0.406803,0.535179,-0.10878,0.440005,0.611428,-0.114306,0.443713,0.648633,-0.108759,0.299721,0.567613,-0.071148,0.38687,0.597039,-0.11494,0.412807,0.655953,-0.102106,0.41214,0.681869,-0.084229,0.280201,0.628213,-0.085579,0.344439,0.644133,-0.108745,0.372713,0.681963,-0.095193,0.374325,0.697987,-0.078826
495,16500,True,0.9982,0.9982,0.399805,0.74722,0.0,0.452055,0.682942,-0.017046,0.483882,0.618391,-0.042677,0.500859,0.578175,-0.072258,0.511114,0.543109,-0.102703,0.414781,0.490165,-0.041425,0.423869,0.415015,-0.079966,0.428887,0.356518,-0.104998,0.430238,0.301161,-0.121667,0.366921,0.504448,-0.054308,0.452777,0.525463,-0.099914,0.480804,0.601401,-0.108649,0.476643,0.639284,-0.107569,0.336397,0.551699,-0.069014,0.427896,0.582495,-0.112335,0.450516,0.645804,-0.103423,0.443214,0.674375,-0.08919,0.315753,0.6136,-0.085788,0.385207,0.62587,-0.111892,0.412835,0.667412,-0.10099,0.413711,0.688544,-0.086626
496,16533,True,0.9981,0.9981,0.409408,0.765384,0.0,0.475058,0.704524,-0.016935,0.517377,0.642948,-0.042939,0.539247,0.596465,-0.072673,0.543566,0.562178,-0.102703,0.458215,0.492929,-0.040825,0.480426,0.414088,-0.079099,0.498901,0.357402,-0.103422,0.513467,0.303037,-0.119022,0.411007,0.501499,-0.054145,0.502678,0.531128,-0.100816,0.528362,0.611003,-0.111725,0.524179,0.652063,-0.111009,0.379108,0.545776,-0.068904,0.476225,0.590876,-0.112606,0.495478,0.654445,-0.106833,0.485975,0.683864,-0.09368,0.357161,0.606038,-0.085478,0.435833,0.630673,-0.110379,0.462416,0.673673,-0.100155,0.460276,0.696043,-0.08568
497,16566,True,0.998,0.998,0.429089,0.7825,-0.0,0.512654,0.715871,-0.008606,0.567599,0.651748,-0.029433,0.592819,0.609536,-0.055962,0.597973,0.581112,-0.083132,0.50726,0.512417,-0.030703,0.539848,0.439403,-0.066344,0.566559,0.390537,-0.090196,0.587257,0.34488,-0.106687,0.458972,0.517574,-0.048348,0.550267,0.558661,-0.093264,0.56758,0.642555,-0.105796,0.553441,0.681019,-0.10774,0.423495,0.561819,-0.066812,0.515919,0.61734,-0.109623,0.531677,0.681321,-0.104991,0.517156,0.704063,-0.093971,0.39889,0.620057,-0.086435,0.47542,0.658214,-0.111491,0.495594,0.702728,-0.102023,0.486436,0.72092,-0.089287
498,16600,True,0.9985,0.9985,0.435851,0.811781,0.0,0.525658,0.747668,-0.004376,0.581019,0.697009,-0.028767,0.61358,0.66546,-0.060012,0.616224,0.659466,-0.092438,0.537764,0.550466,-0.034779,0.586792,0.494107,-0.07352,0.623744,0.451637,-0.100329,0.652487,0.41213,-0.119338,0.490899,0.554901,-0.056921,0.583368,0.615338,-0.102102,0.595937,0.698228,-0.112848,0.582623,0.728291,-0.115224,0.454998,0.599956,-0.079559,0.550304,0.674831,-0.119342,0.563112,0.7337,-0.111755,0.549403,0.748304,-0.101101,0.430157,0.660311,-0.103666,0.505797,0.712153,-0.123606,0.520388,0.750575,-0.112063,0.508865,0.758754,-0.100449
499,16633,True,0.9992,0.9992,0.428501,0.852947,0.0,0.525671,0.798516,-0.00687,0.588476,0.750767,-0.036873,0.626647,0.724237,-0.073306,0.631001,0.733659,-0.110336,0.551138,0.59254,-0.037604,0.614377,0.569443,-0.077483,0.65888,0.544692,-0.104875,0.695475,0.523953,-0.125244,0.506047,0.59916,-0.061318,0.605213,0.68989,-0.106409,0.609261,0.774789,-0.114861,0.595137,0.792513,-0.11717,0.468284,0.646985,-0.086117,0.566686,0.744739,-0.12599,0.570755,0.80363,-0.11521,0.551772,0.805599,-0.104177,0.441545,0.711606,-0.112814,0.517463,0.780563,-0.133475,0.528521,0.81799,-0.120505,0.514547,0.816887,-0.109183
500,16666,True,0.9975,0.9975,0.400045,0.886793,-0.0,0.497858,0.833372,-0.002059,0.571802,0.780796,-0.024065,0.618209,0.76966,-0.052193,0.631111,0.802166,-0.081238,0.551647,0.649137,-0.0302,0.622093,0.654342,-0.06621,0.674543,0.651226,-0.093004,0.720837,0.648232,-0.11397,0.511129,0.655888,-0.052459,0.601296,0.777219,-0.094739,0.59034,0.84728,-0.105085,0.566367,0.859341,-0.110478,0.472009,0.704053,-0.075288,0.560408,0.828227,-0.112072,0.552156,0.876417,-0.105969,0.529801,0.869929,-0.099104,0.443112,0.768155,-0.099545,0.510969,0.860396,-0.118763,0.509098,0.889074,-0.111066,0.490231,0.874716,-0.104431
501,16700,True,0.9954,0.9954,0.38455,0.923178,0.0,0.478835,0.86949,-0.00707,0.561974,0.823804,-0.03005,0.614864,0.834748,-0.057397,0.620467,0.887645,-0.085097,0.543374,0.704258,-0.03874,0.61169,0.727229,-0.074778,0.661973,0.745137,-0.100655,0.706175,0.763269,-0.120162,0.499713,0.71568,-0.058003,0.583344,0.861276,-0.099545,0.567016,0.918437,-0.108161,0.545517,0.919083,-0.1121,0.455623,0.762359,-0.077993,0.535872,0.909145,-0.11086,0.521489,0.93616,-0.105361,0.502264,0.911754,-0.099206,0.420914,0.822995,-0.100108,0.488005,0.929364,-0.115498,0.482495,0.946331,-0.107443,0.464247,0.922498,-0.100792
502,16733,True,0.9941,0.9941,0.367176,0.956672,0.0,0.457072,0.910001,-0.013405,0.53096,0.876561,-0.040336,0.581479,0.893583,-0.070283,0.590434,0.929732,-0.099071,0.51822,0.745992,-0.050832,0.580521,0.790988,-0.087674,0.619971,0.827594,-0.110076,0.645437,0.860208,-0.125195,0.469771,0.761263,-0.06759,0.543043,0.924425,-0.103384,0.519204,0.954107,-0.107532,0.495429,0.928399,-0.110624,0.42264,0.81031,-0.085706,0.49483,0.964956,-0.114279,0.475163,0.969959,-0.105166,0.457375,0.93055,-0.098689,0.381352,0.871781,-0.106816,0.442509,0.980007,-0.12379,0.432285,0.978862,-0.115136,0.413292,0.945633,-0.107623
503,16766,True,0.997,0.997,0.355915,0.970737,0.0,0.428605,0.935282,-0.00737,0.496272,0.90429,-0.023766,0.547198,0.912577,-0.042711,0.58538,0.922781,-0.062447,0.481576,0.775179,-0.042289,0.525039,0.806848,-0.068756,0.55117,0.82521,-0.086891,0.566894,0.835171,-0.100021,0.431464,0.789226,-0.057423,0.493762,0.940108,-0.08222,0.488037,0.960349,-0.089657,0.471896,0.938675,-0.097267,0.383123,0.841021,-0.072317,0.447664,0.987094,-0.096162,0.442988,1.00161,-0.090606,0.428619,0.981889,-0.087351,0.336514,0.90361,-0.088962,0.392703,1.020775,-0.109972,0.396013,1.045376,-0.104745,0.386797,1.040392,-0.098426
504,16800,True,0.9992,0.9992,0.356215,0.960638,0.0,0.422341,0.938294,-0.02113,0.483305,0.924236,-0.046106,0.524283,0.926508,-0.071583,0.51719,0.929311,-0.098135,0.452326,0.785141,-0.059517,0.470042,0.817227,-0.093697,0.485036,0.854268,-0.11316,0.493291,0.884289,-0.123924,0.389869,0.797403,-0.071732,0.438428,0.956412,-0.106991,0.442771,0.998812,-0.117143,0.435912,1.000134,-0.122538,0.334036,0.844152,-0.08456,0.392356,1.007615,-0.123091,0.403493,1.058367,-0.120763,0.405135,1.071961,-0.11418,0.28723,0.901297,-0.099342,0.329805,1.019084,-0.128557,0.343939,1.080747,-0.120747,0.350714,1.115957,-0.109249
505,16833,True,0.9906,0.9906,0.34911,0.932272,0.0,0.416227,0.906763,-0.023088,0.476584,0.884805,-0.048613,0.51228,0.898458,-0.075561,0.483785,0.929514,-0.099266,0.421885,0.764445,-0.052509,0.440804,0.80114,-0.090519,0.461922,0.834098,-0.10907,0.477583,0.86245,-0.118599,0.362551,0.777447,-0.062497,0.428008,0.949301,-0.096383,0.42982,0.96881,-0.095935,0.421151,0.935981,-0.093822,0.313438,0.826319,-0.075843,0.387115,0.99725,-0.099382,0.3907,0.986137,-0.079861,0.385263,0.935819,-0.0651,0.274415,0.884753,-0.094736,0.331572,1.013013,-0.115344,0.336832,1.004617,-0.107787,0.329183,0.964155,-0.097694
506,16866,True,0.9975,0.9975,0.337488,0.925748,0.0,0.405959,0.889786,-0.017451,0.464422,0.8531,-0.038521,0.495112,0.855184,-0.061263,0.477121,0.882894,-0.080723,0.412189,0.732662,-0.045664,0.410905,0.736517,-0.076853,0.429278,0.762871,-0.08833,0.443332,0.786923,-0.092454,0.347024,0.742559,-0.055623,0.401377,0.891751,-0.086924,0.423079,0.928886,-0.08359,0.421011,0.916305,-0.075879,0.297889,0.795361,-0.067713,0.366337,0.946705,-0.090681,0.386998,0.951933,-0.067926,0.379746,0.914799,-0.047509,0.262819,0.855228,-0.084033,0.316564,0.963779,-0.102598,0.334752,0.97265,-0.088959,0.328014,0.946178,-0.071442
507,16900,True,0.997,0.997,0.324045,0.931939,0.0,0.392611,0.880914,-0.012118,0.44589,0.828568,-0.02993,0.476994,0.808664,-0.050314,0.476744,0.821006,-0.069214,0.394907,0.707162,-0.030145,0.397696,0.697981,-0.05958,0.413938,0.700831,-0.077446,0.432911,0.708323,-0.088601,0.338309,0.711314,-0.041784,0.396204,0.82761,-0.077231,0.419774,0.876791,-0.086619,0.42635,0.885572,-0.088504,0.290163,0.755651,-0.055137,0.35763,0.884379,-0.087269,0.378301,0.913443,-0.084123,0.381254,0.900563,-0.076398,0.255065,0.814459,-0.070455,0.307432,0.904398,-0.091053,0.32539,0.928294,-0.086496,0.324664,0.917967,-0.077807
508,16933,True,0.9976,0.9976,0.332918,0.893515,0.0,0.397309,0.846587,-0.016181,0.448558,0.79358,-0.035481,0.475512,0.771009,-0.057191,0.468495,0.783694,-0.078359,0.393176,0.66593,-0.032051,0.393044,0.657493,-0.063976,0.407346,0.652505,-0.085127,0.428817,0.639991,-0.099848,0.335813,0.672629,-0.044428,0.386586,0.775151,-0.083683,0.411419,0.823619,-0.09657,0.421204,0.825481,-0.099912,0.288564,0.718147,-0.058904,0.354134,0.843009,-0.096031,0.379478,0.876577,-0.094194,0.386946,0.863167,-0.085651,0.254802,0.776866,-0.075689,0.308835,0.866205,-0.097688,0.333805,0.896299,-0.092354,0.340034,0.889627,-0.082859
509,16966,True,0.9983,0.9983,0.341403,0.876526,0.0,0.401589,0.829792,-0.017191,0.451554,0.774535,-0.036945,0.478648,0.747273,-0.059101,0.471062,0.758621,-0.080886,0.398172,0.647487,-0.031355,0.402035,0.634131,-0.064134,0.416641,0.622528,-0.084912,0.437324,0.604702,-0.098691,0.342681,0.650955,-0.042594,0.397872,0.744465,-0.082158,0.418819,0.803757,-0.092293,0.424438,0.815933,-0.09282,0.296351,0.693098,-0.056341,0.361369,0.80822,-0.094342,0.380024,0.848912,-0.090804,0.381572,0.842216,-0.080395,0.261963,0.749857,-0.072415,0.311727,0.830077,-0.094344,0.333406,0.862499,-0.088406,0.336139,0.859536,-0.078196
510,17000,True,0.9983,0.9983,0.346278,0.865934,0.0,0.40616,0.823294,-0.016909,0.453446,0.772741,-0.037936,0.479989,0.745856,-0.061887,0.476534,0.749104,-0.084295,0.402376,0.63931,-0.029667,0.404325,0.627466,-0.068537,0.425171,0.622459,-0.092399,0.451235,0.612081,-0.106528,0.348526,0.644116,-0.041636,0.407034,0.739999,-0.085085,0.426505,0.800087,-0.095985,0.428196,0.806696,-0.096406,0.303602,0.686085,-0.056952,0.372899,0.802799,-0.098286,0.391054,0.846216,-0.093915,0.389198,0.836573,-0.082455,0.270441,0.742453,-0.074697,0.322093,0.825443,-0.098829,0.342087,0.858448,-0.092893,0.341514,0.853035,-0.082188
511,17033,True,0.9983,0.9983,0.345715,0.860385,-0.0,0.409119,0.818804,-0.020684,0.46055,0.779598,-0.046178,0.493208,0.768284,-0.07423,0.492662,0.78325,-0.100422,0.42057,0.642195,-0.038698,0.420164,0.646373,-0.083033,0.438778,0.65209,-0.111854,0.462834,0.652696,-0.129099,0.362004,0.648896,-0.049696,0.419863,0.77835,-0.097236,0.436671,0.834726,-0.110822,0.436528,0.835728,-0.113735,0.315975,0.698076,-0.06431,0.381542,0.836757,-0.105598,0.40029,0.870281,-0.102093,0.400152,0.853451,-0.092164,0.282115,0.759038,-0.082024,0.330627,0.857066,-0.106425,0.349916,0.880234,-0.101867,0.351347,0.865597,-0.092345
512,17066,True,0.995,0.995,0.356483,0.87189,-0.0,0.420691,0.83031,-0.021362,0.471115,0.795164,-0.045018,0.504584,0.802318,-0.070016,0.502868,0.834911,-0.093112,0.433187,0.663313,-0.043825,0.450344,0.699321,-0.085249,0.465492,0.726882,-0.111738,0.480478,0.744625,-0.126992,0.374698,0.678586,-0.052243,0.427772,0.839524,-0.09067,0.442111,0.874002,-0.099707,0.441637,0.858817,-0.102834,0.32716,0.730672,-0.063914,0.387391,0.88748,-0.092692,0.401189,0.89877,-0.082943,0.398486,0.865853,-0.072002,0.290377,0.789065,-0.079765,0.335882,0.896815,-0.098745,0.351408,0.909233,-0.091108,0.350061,0.886907,-0.079885
513,17100,True,0.9944,0.9944,0.356874,0.878855,-0.0,0.422411,0.843934,-0.025267,0.475483,0.820169,-0.053354,0.509974,0.828953,-0.082385,0.511138,0.853656,-0.108677,0.442687,0.692556,-0.052903,0.470405,0.753559,-0.102701,0.491636,0.808375,-0.133802,0.506176,0.844337,-0.149113,0.383684,0.711162,-0.059343,0.440049,0.877778,-0.096998,0.454442,0.906828,-0.102286,0.452786,0.887332,-0.103315,0.335225,0.760432,-0.070041,0.397618,0.91897,-0.095942,0.407515,0.922844,-0.079766,0.400816,0.885743,-0.065009,0.297416,0.814765,-0.08586,0.344595,0.926458,-0.102708,0.35715,0.932674,-0.091401,0.351772,0.905822,-0.077343
514,17133,True,0.9871,0.9871,0.361982,0.895818,-0.0,0.429031,0.852427,-0.021725,0.478297,0.822934,-0.049032,0.512214,0.834235,-0.077735,0.526815,0.872333,-0.10419,0.450266,0.700174,-0.047433,0.478472,0.761696,-0.093854,0.502985,0.811013,-0.123479,0.523015,0.850002,-0.139387,0.3938,0.721652,-0.056433,0.448289,0.884455,-0.095382,0.461719,0.91637,-0.102183,0.46196,0.908326,-0.10455,0.346223,0.773021,-0.069433,0.408957,0.928434,-0.097398,0.42165,0.934488,-0.085779,0.420906,0.905682,-0.074465,0.310193,0.830699,-0.086949,0.361262,0.938536,-0.104356,0.373065,0.945024,-0.096309,0.36967,0.919273,-0.085789
515,17166,True,0.9921,0.9921,0.372176,0.913185,0.0,0.444682,0.859146,-0.015218,0.497626,0.817545,-0.036168,0.522565,0.833657,-0.059164,0.527045,0.882612,-0.081716,0.454672,0.700957,-0.032756,0.488349,0.731358,-0.068695,0.521437,0.763401,-0.094938,0.55507,0.791283,-0.111661,0.402174,0.719855,-0.04219,0.471731,0.864145,-0.075317,0.47874,0.90426,-0.084756,0.475192,0.900226,-0.089917,0.35809,0.772895,-0.05457,0.434154,0.915098,-0.08207,0.443665,0.926219,-0.078821,0.442625,0.900722,-0.073275,0.326382,0.83376,-0.069749,0.387002,0.927923,-0.085928,0.393388,0.932932,-0.081003,0.385399,0.908936,-0.074014
516,17200,True,0.9962,0.9962,0.386053,0.904664,0.0,0.451739,0.855326,-0.0112,0.503572,0.813796,-0.029796,0.537028,0.815574,-0.05162,0.557739,0.84647,-0.0738,0.469235,0.693268,-0.025599,0.509617,0.713625,-0.058262,0.545502,0.733722,-0.08252,0.581489,0.748919,-0.098649,0.421535,0.708428,-0.037524,0.492101,0.832162,-0.073184,0.503897,0.881426,-0.086703,0.50386,0.891895,-0.093285,0.38105,0.758259,-0.051665,0.455228,0.885073,-0.084966,0.469109,0.911526,-0.087752,0.470323,0.90288,-0.084415,0.350966,0.817432,-0.067384,0.408346,0.902619,-0.086262,0.416567,0.916264,-0.084463,0.411122,0.901257,-0.07936
517,17233,True,0.9994,0.9994,0.404644,0.896708,0.0,0.468557,0.852969,-0.009916,0.522193,0.809691,-0.028664,0.561359,0.805309,-0.051059,0.585145,0.823931,-0.074196,0.489424,0.688217,-0.029679,0.537617,0.70193,-0.065865,0.576393,0.711051,-0.092359,0.613236,0.713542,-0.110415,0.444012,0.697915,-0.043599,0.522576,0.821444,-0.085125,0.523494,0.878297,-0.09923,0.510597,0.884853,-0.105222,0.404828,0.745499,-0.059429,0.485045,0.871096,-0.097978,0.488043,0.906387,-0.098444,0.476817,0.895958,-0.092973,0.37418,0.807443,-0.076506,0.438302,0.894083,-0.099068,0.444717,0.915727,-0.095807,0.433791,0.902481,-0.089324
518,17266,True,0.9995,0.9995,0.411572,0.886954,0.0,0.475762,0.840946,-0.005954,0.531652,0.796955,-0.023774,0.572853,0.793706,-0.045786,0.593971,0.81955,-0.069039,0.500524,0.681842,-0.028506,0.552187,0.68986,-0.062946,0.594958,0.695899,-0.088639,0.635567,0.696893,-0.106646,0.456293,0.690355,-0.043598,0.534842,0.816158,-0.080506,0.531044,0.873482,-0.091385,0.514518,0.878038,-0.096508,0.41874,0.738713,-0.060035,0.500053,0.86777,-0.092816,0.499163,0.898502,-0.089624,0.484851,0.884193,-0.083471,0.389245,0.800934,-0.077765,0.454366,0.889377,-0.095693,0.458862,0.909035,-0.08924,0.446008,0.896156,-0.081459
519,17300,True,0.9997,0.9997,0.4083,0.889911,0.0,0.471901,0.845431,-0.007024,0.52809,0.801065,-0.026695,0.567483,0.791524,-0.050414,0.588495,0.814673,-0.075489,0.503489,0.688101,-0.03335,0.551068,0.688551,-0.070181,0.59287,0.690103,-0.096857,0.630462,0.6883,-0.11509,0.456322,0.691725,-0.049108,0.534372,0.813373,-0.088983,0.536691,0.878869,-0.100114,0.52254,0.890369,-0.104513,0.416376,0.736382,-0.065983,0.495542,0.862281,-0.102009,0.498091,0.902452,-0.097802,0.482218,0.895008,-0.090048,0.384794,0.795437,-0.084034,0.44744,0.881822,-0.103078,0.455271,0.906295,-0.095041,0.442603,0.896821,-0.085808
520,17333,True,0.9994,0.9994,0.401355,0.888576,0.0,0.461717,0.840729,-0.007644,0.517371,0.793784,-0.026075,0.555839,0.789288,-0.048008,0.576485,0.81613,-0.070855,0.487854,0.675084,-0.030453,0.531812,0.685062,-0.064002,0.569867,0.688299,-0.088987,0.606706,0.687505,-0.106584,0.441251,0.684579,-0.045681,0.514333,0.807396,-0.083251,0.519623,0.864879,-0.096086,0.511313,0.873031,-0.102424,0.399972,0.731603,-0.062098,0.473718,0.85926,-0.096838,0.480597,0.89721,-0.095987,0.472384,0.890632,-0.090853,0.367197,0.792959,-0.079683,0.426618,0.880658,-0.098226,0.435896,0.904397,-0.092708,0.426659,0.894355,-0.085712
521,17366,True,0.9971,0.9971,0.390002,0.886221,0.0,0.449194,0.840294,-0.014719,0.498493,0.791351,-0.033773,0.529037,0.788782,-0.054212,0.540739,0.820704,-0.074925,0.449407,0.674714,-0.035207,0.482795,0.675104,-0.066683,0.515724,0.67787,-0.09093,0.549613,0.679386,-0.108592,0.400289,0.686022,-0.045435,0.473446,0.805425,-0.080552,0.481711,0.853558,-0.093774,0.47868,0.860253,-0.101839,0.360956,0.735275,-0.057439,0.43779,0.861941,-0.087322,0.447442,0.887346,-0.088126,0.444514,0.874321,-0.086668,0.3327,0.796681,-0.071635,0.389259,0.883599,-0.088569,0.395935,0.901424,-0.086014,0.38787,0.886363,-0.082794
522,17400,True,0.998,0.998,0.353512,0.895599,0.0,0.416535,0.855765,-0.017181,0.462899,0.808228,-0.036044,0.490006,0.789967,-0.056236,0.509955,0.791478,-0.074513,0.418611,0.685249,-0.03373,0.423427,0.66579,-0.066111,0.447238,0.666342,-0.088168,0.47775,0.667371,-0.103339,0.365132,0.689724,-0.043136,0.419753,0.808371,-0.077696,0.438886,0.849705,-0.089436,0.444073,0.84456,-0.094992,0.320039,0.735699,-0.054985,0.382529,0.868801,-0.08473,0.40127,0.888468,-0.080004,0.405611,0.862422,-0.073622,0.286574,0.79377,-0.069686,0.332657,0.885529,-0.090397,0.350448,0.901979,-0.085189,0.352423,0.881736,-0.076946
523,17433,True,0.9984,0.9984,0.331129,0.899181,0.0,0.394548,0.863019,-0.026215,0.442148,0.81562,-0.050303,0.467406,0.786002,-0.073872,0.466359,0.785988,-0.095418,0.395637,0.6868,-0.044502,0.39072,0.670926,-0.079459,0.401969,0.668817,-0.102971,0.419535,0.666109,-0.119472,0.336153,0.688775,-0.052582,0.382387,0.794107,-0.092358,0.406246,0.830426,-0.108672,0.420359,0.82194,-0.116888,0.287542,0.73309,-0.063469,0.347611,0.86453,-0.0983,0.378916,0.890395,-0.098828,0.398042,0.87383,-0.095619,0.25381,0.791877,-0.077916,0.298637,0.883688,-0.100485,0.323132,0.908261,-0.097936,0.335225,0.898018,-0.092455
524,17466,True,0.9969,0.9969,0.323256,0.899578,0.0,0.384957,0.854816,-0.022212,0.431856,0.801748,-0.044538,0.45416,0.775301,-0.067854,0.441077,0.780536,-0.089741,0.372897,0.686244,-0.041709,0.368918,0.673892,-0.077783,0.377483,0.664873,-0.100696,0.390958,0.655653,-0.115678,0.312812,0.691491,-0.051829,0.366238,0.79935,-0.092622,0.392951,0.834482,-0.105991,0.406101,0.824375,-0.110757,0.264676,0.737206,-0.064851,0.329999,0.864256,-0.103161,0.361859,0.888594,-0.102701,0.378821,0.869327,-0.096694,0.232113,0.796276,-0.080992,0.278285,0.88254,-0.10748,0.303632,0.906394,-0.105965,0.315618,0.896522,-0.099511
525,17500,True,0.9964,0.9964,0.314609,0.904096,0.0,0.373652,0.857481,-0.022915,0.420718,0.800322,-0.044944,0.443563,0.770921,-0.068051,0.43281,0.771956,-0.08906,0.361728,0.684235,-0.038252,0.357793,0.674338,-0.074526,0.360869,0.664398,-0.097259,0.366737,0.64804,-0.111854,0.303118,0.688676,-0.047032,0.353537,0.792482,-0.088701,0.377712,0.828137,-0.101632,0.386061,0.814586,-0.104731,0.256713,0.731835,-0.058962,0.323276,0.858583,-0.097144,0.351405,0.88617,-0.094502,0.361714,0.865013,-0.085706,0.224248,0.788159,-0.074295,0.269602,0.875338,-0.099618,0.292992,0.901883,-0.096848,0.300982,0.891564,-0.088703
526,17533,True,0.9964,0.9964,0.318416,0.892756,0.0,0.375522,0.847089,-0.022407,0.422462,0.787619,-0.043418,0.443205,0.756864,-0.065766,0.430811,0.764796,-0.087022,0.360538,0.674228,-0.037813,0.354419,0.662699,-0.072046,0.356415,0.651313,-0.093405,0.362444,0.633409,-0.107157,0.3021,0.681975,-0.04626,0.35268,0.782375,-0.085217,0.379671,0.823254,-0.095408,0.39018,0.819855,-0.097088,0.256266,0.727414,-0.057844,0.318541,0.842971,-0.09342,0.347466,0.871199,-0.089713,0.358922,0.857413,-0.080775,0.224233,0.785807,-0.072787,0.268233,0.863495,-0.0953,0.293556,0.890328,-0.091442,0.302836,0.885773,-0.083039
527,17566,True,0.9953,0.9953,0.318925,0.89269,0.0,0.375717,0.843592,-0.020277,0.420886,0.781874,-0.040285,0.441124,0.751746,-0.062334,0.42701,0.765523,-0.08339,0.358175,0.671919,-0.032618,0.354714,0.656564,-0.065094,0.358353,0.644617,-0.084762,0.367685,0.625927,-0.097752,0.301413,0.681022,-0.042403,0.354367,0.773057,-0.080501,0.380415,0.815434,-0.091192,0.390916,0.811137,-0.093568,0.256973,0.727158,-0.055218,0.321644,0.834896,-0.090457,0.350293,0.86506,-0.088186,0.361762,0.851106,-0.080799,0.226291,0.785896,-0.071143,0.27301,0.860154,-0.09294,0.299435,0.888331,-0.089801,0.310392,0.884358,-0.082754
528,17600,True,0.9964,0.9964,0.319395,0.887355,0.0,0.378377,0.837449,-0.018537,0.424382,0.775117,-0.037807,0.445982,0.743797,-0.05963,0.433419,0.755926,-0.080491,0.360011,0.665705,-0.029425,0.358432,0.651956,-0.063578,0.367716,0.6394,-0.084705,0.382472,0.618904,-0.098468,0.304606,0.674747,-0.040414,0.36158,0.762901,-0.081027,0.386511,0.811779,-0.092832,0.39435,0.812977,-0.095048,0.261186,0.720604,-0.054459,0.329077,0.826137,-0.092389,0.355274,0.860734,-0.090233,0.362779,0.848866,-0.081893,0.231263,0.778892,-0.071292,0.281726,0.854058,-0.094078,0.30753,0.883275,-0.090399,0.315492,0.879076,-0.082496
529,17633,True,0.9975,0.9975,0.322841,0.883678,0.0,0.381548,0.833184,-0.016069,0.428776,0.768997,-0.034274,0.451203,0.736662,-0.055594,0.435564,0.753071,-0.076287,0.364036,0.661434,-0.027611,0.364404,0.644859,-0.061605,0.377251,0.632796,-0.082306,0.394869,0.615126,-0.095285,0.309098,0.670707,-0.039691,0.369294,0.75619,-0.080167,0.393539,0.808882,-0.090788,0.398789,0.815394,-0.091402,0.266049,0.716711,-0.054661,0.337934,0.820533,-0.092735,0.361805,0.856918,-0.089479,0.365447,0.847144,-0.079666,0.236284,0.774909,-0.072096,0.289906,0.848756,-0.094294,0.314534,0.879575,-0.089036,0.319386,0.87727,-0.079618
530,17666,True,0.9981,0.9981,0.325184,0.882826,0.0,0.382564,0.833657,-0.014861,0.430209,0.769328,-0.032391,0.453523,0.736851,-0.053076,0.440813,0.751924,-0.073581,0.365806,0.661965,-0.027951,0.367841,0.642037,-0.060677,0.381289,0.628178,-0.080782,0.399488,0.60948,-0.093593,0.31189,0.669828,-0.040589,0.374983,0.750799,-0.079835,0.397242,0.807346,-0.090558,0.400721,0.817264,-0.091592,0.269227,0.715098,-0.055659,0.342553,0.815349,-0.093367,0.364686,0.856446,-0.091215,0.367376,0.850888,-0.082385,0.239074,0.773005,-0.072894,0.290818,0.844731,-0.094777,0.317657,0.877257,-0.089666,0.326968,0.87781,-0.080651
531,17700,True,0.9981,0.9981,0.326539,0.880849,0.0,0.385437,0.830527,-0.013958,0.434426,0.76368,-0.030336,0.456414,0.732335,-0.049917,0.441947,0.751271,-0.069496,0.365512,0.66053,-0.027142,0.370755,0.640017,-0.059167,0.386321,0.624437,-0.07973,0.406372,0.602396,-0.093353,0.311652,0.669262,-0.040009,0.378819,0.750264,-0.079401,0.40126,0.804482,-0.091524,0.403671,0.814168,-0.093873,0.270034,0.714666,-0.054992,0.346201,0.812527,-0.09211,0.368305,0.852982,-0.090675,0.369637,0.848104,-0.082643,0.241702,0.772499,-0.072068,0.29736,0.841842,-0.09351,0.322951,0.873374,-0.088606,0.329094,0.87412,-0.079971
532,17733,True,0.998,0.998,0.327949,0.879625,0.0,0.386389,0.829825,-0.014618,0.433812,0.766409,-0.03187,0.45665,0.733856,-0.052393,0.442665,0.747593,-0.07297,0.367572,0.658618,-0.0273,0.37381,0.636095,-0.060354,0.390244,0.619423,-0.081588,0.410648,0.597304,-0.095331,0.314425,0.66712,-0.039848,0.380931,0.744406,-0.080132,0.403589,0.801872,-0.091874,0.406054,0.816581,-0.093449,0.272793,0.712756,-0.054701,0.348176,0.808304,-0.092586,0.36969,0.850282,-0.09054,0.370963,0.848627,-0.081541,0.244292,0.771012,-0.071659,0.300381,0.839503,-0.093061,0.325384,0.871534,-0.087647,0.330411,0.873269,-0.078385
533,17766,True,0.9983,0.9983,0.328623,0.877952,0.0,0.385739,0.828436,-0.014765,0.433729,0.766423,-0.032516,0.457487,0.732153,-0.053564,0.443561,0.745238,-0.074671,0.368735,0.655808,-0.028006,0.376456,0.632899,-0.061306,0.393798,0.615788,-0.082524,0.414489,0.593956,-0.096286,0.315223,0.663792,-0.04082,0.381294,0.744192,-0.08153,0.404117,0.801736,-0.093396,0.406161,0.815822,-0.094897,0.273684,0.70993,-0.055903,0.350128,0.810673,-0.094563,0.372389,0.851787,-0.092568,0.37369,0.848743,-0.08328,0.245665,0.768949,-0.073031,0.303104,0.839947,-0.094712,0.327673,0.87214,-0.088952,0.331504,0.873522,-0.079228
534,17800,True,0.9983,0.9983,0.331535,0.876953,0.0,0.388187,0.825895,-0.014125,0.435417,0.763943,-0.03154,0.458147,0.730657,-0.052108,0.44328,0.743957,-0.07286,0.369955,0.653479,-0.028671,0.377526,0.63053,-0.061424,0.394815,0.613734,-0.082819,0.416192,0.592608,-0.096941,0.316131,0.662215,-0.041686,0.381917,0.743559,-0.081716,0.405405,0.799999,-0.094244,0.408518,0.814366,-0.096732,0.274454,0.709255,-0.056705,0.350596,0.808892,-0.094454,0.373548,0.849723,-0.093031,0.375951,0.847825,-0.084695,0.246664,0.769274,-0.073714,0.302738,0.838991,-0.09522,0.328762,0.870629,-0.089793,0.33571,0.872562,-0.080523
535,17833,True,0.9979,0.9979,0.330498,0.878574,0.0,0.386833,0.826578,-0.013609,0.434742,0.76164,-0.030724,0.457095,0.729428,-0.051119,0.443326,0.744036,-0.071411,0.369912,0.654885,-0.028393,0.376514,0.631622,-0.062401,0.394018,0.616418,-0.083715,0.415604,0.5969,-0.097414,0.315832,0.663071,-0.041686,0.384043,0.744713,-0.083793,0.406048,0.804596,-0.095998,0.406334,0.819363,-0.097529,0.274509,0.710016,-0.05715,0.352479,0.810059,-0.097185,0.37458,0.852591,-0.095908,0.375181,0.850057,-0.087018,0.246774,0.769565,-0.074419,0.304562,0.838888,-0.097594,0.329242,0.871614,-0.092793,0.334212,0.872971,-0.083615
536,17866,True,0.998,0.998,0.331752,0.878394,0.0,0.387088,0.825908,-0.013826,0.434578,0.761433,-0.030957,0.456514,0.72815,-0.051231,0.44116,0.744693,-0.071359,0.36795,0.653677,-0.028286,0.37413,0.632136,-0.061858,0.392473,0.617655,-0.083323,0.415387,0.598499,-0.097166,0.313902,0.663471,-0.04129,0.382428,0.746822,-0.082384,0.405837,0.802606,-0.094713,0.407963,0.815865,-0.096631,0.273177,0.711373,-0.056461,0.352141,0.812974,-0.095264,0.375572,0.851841,-0.094211,0.377722,0.848093,-0.085676,0.246484,0.771353,-0.073554,0.305914,0.841098,-0.095811,0.330451,0.872308,-0.091016,0.335169,0.873514,-0.08189
537,17900,True,0.998,0.998,0.332501,0.879327,0.0,0.387078,0.827023,-0.0147,0.433859,0.761533,-0.032268,0.455977,0.728135,-0.052825,0.442423,0.745997,-0.073125,0.368194,0.656292,-0.030317,0.375057,0.632154,-0.065153,0.393291,0.617535,-0.087457,0.415402,0.598983,-0.101782,0.313537,0.6652,-0.042923,0.382154,0.745686,-0.085242,0.405331,0.80268,-0.097708,0.407,0.81787,-0.099717,0.27267,0.712599,-0.057758,0.351121,0.811458,-0.096885,0.373902,0.851793,-0.095599,0.375396,0.849997,-0.087069,0.246088,0.772315,-0.074653,0.30507,0.840432,-0.096941,0.329242,0.871273,-0.092271,0.333245,0.872332,-0.083455
538,17933,True,0.9982,0.9982,0.331733,0.881453,0.0,0.386901,0.828413,-0.014108,0.43365,0.762636,-0.031526,0.455863,0.728078,-0.052052,0.441775,0.744801,-0.072323,0.366531,0.656513,-0.030013,0.373307,0.63196,-0.064759,0.392343,0.618226,-0.087209,0.415616,0.600557,-0.101666,0.311982,0.666015,-0.042893,0.382087,0.746387,-0.084552,0.404359,0.803072,-0.097253,0.404839,0.81719,-0.099901,0.271842,0.714455,-0.057912,0.351622,0.812428,-0.096194,0.373078,0.852809,-0.094803,0.373177,0.85074,-0.086733,0.246302,0.774867,-0.074988,0.305886,0.842092,-0.096597,0.329755,0.872159,-0.091696,0.33343,0.872628,-0.083027
539,17966,True,0.9982,0.9982,0.32969,0.88373,0.0,0.385078,0.830431,-0.013638,0.431826,0.76506,-0.031367,0.454826,0.730038,-0.052473,0.441943,0.742808,-0.073217,0.364762,0.658053,-0.028628,0.372027,0.633848,-0.063976,0.391695,0.6201,-0.086272,0.415066,0.603008,-0.100392,0.311058,0.668264,-0.041958,0.382115,0.745,-0.084372,0.404182,0.804871,-0.096495,0.403228,0.818851,-0.098399,0.271585,0.7168,-0.057603,0.35177,0.810608,-0.097211,0.373073,0.853416,-0.094845,0.371772,0.851883,-0.085762,0.246317,0.777259,-0.075171,0.306018,0.842202,-0.097826,0.329214,0.87296,-0.092526,0.331049,0.873176,-0.083363
540,18000,True,0.9987,0.9987,0.329138,0.888608,-0.0,0.383796,0.832902,-0.013054,0.430441,0.767168,-0.030377,0.453942,0.729991,-0.050823,0.441036,0.742853,-0.071116,0.363445,0.659357,-0.02878,0.371511,0.63728,-0.062868,0.39097,0.62334,-0.085613,0.413255,0.605652,-0.10046,0.309974,0.670926,-0.041924,0.382029,0.752499,-0.082333,0.402892,0.811084,-0.094761,0.400515,0.827066,-0.097538,0.271244,0.721506,-0.05709,0.353999,0.819273,-0.094063,0.373787,0.857646,-0.09211,0.370788,0.854759,-0.084146,0.247294,0.784416,-0.074177,0.309515,0.852016,-0.094685,0.33132,0.879396,-0.089128,0.33129,0.878065,-0.080311
541,18033,True,0.9989,0.9989,0.326829,0.895586,0.0,0.381646,0.840397,-0.014039,0.428623,0.776175,-0.031191,0.452376,0.736818,-0.051182,0.442199,0.746421,-0.070805,0.361941,0.664871,-0.028258,0.368552,0.642024,-0.061544,0.387252,0.630136,-0.083825,0.409088,0.615243,-0.098286,0.308446,0.676467,-0.040865,0.376491,0.754728,-0.079878,0.397397,0.808277,-0.093443,0.397036,0.821123,-0.097334,0.269134,0.726549,-0.055621,0.349544,0.829574,-0.092075,0.372208,0.865213,-0.092598,0.373735,0.860199,-0.086391,0.243888,0.788957,-0.072349,0.303573,0.860098,-0.092511,0.327111,0.8881,-0.088177,0.330866,0.885884,-0.080425
542,18066,True,0.9986,0.9986,0.326469,0.900717,0.0,0.380141,0.842826,-0.012622,0.425805,0.774574,-0.030316,0.449666,0.736785,-0.051695,0.437057,0.752166,-0.072516,0.355853,0.668623,-0.026375,0.360428,0.645274,-0.061385,0.381349,0.63346,-0.083498,0.405259,0.618716,-0.097199,0.303263,0.68222,-0.040182,0.377963,0.761679,-0.080454,0.400314,0.817969,-0.091457,0.397185,0.827415,-0.092811,0.265359,0.733408,-0.056572,0.351734,0.832185,-0.094626,0.373188,0.868299,-0.091802,0.369046,0.86017,-0.082652,0.241398,0.796177,-0.074885,0.304933,0.863082,-0.096349,0.327085,0.891085,-0.090432,0.325881,0.889356,-0.08085
543,18100,True,0.9988,0.9988,0.326325,0.895667,0.0,0.381623,0.839508,-0.015032,0.427756,0.773699,-0.033952,0.450867,0.736378,-0.056018,0.437686,0.750607,-0.077674,0.358966,0.670816,-0.031496,0.366856,0.647734,-0.067156,0.38457,0.630351,-0.089449,0.403826,0.606136,-0.103781,0.304418,0.684278,-0.044525,0.378276,0.760254,-0.086994,0.401201,0.815909,-0.098832,0.397982,0.826202,-0.100374,0.265498,0.735066,-0.059746,0.351422,0.830956,-0.09961,0.373173,0.868635,-0.09622,0.368469,0.862236,-0.085925,0.241245,0.797456,-0.076983,0.304714,0.861975,-0.099276,0.32794,0.888959,-0.092743,0.326364,0.887484,-0.082372
544,18133,True,0.9991,0.9991,0.326853,0.899984,0.0,0.38158,0.838067,-0.015101,0.424858,0.774308,-0.03614,0.449612,0.734256,-0.060789,0.438781,0.740873,-0.085191,0.361054,0.663194,-0.030436,0.367524,0.632647,-0.065412,0.383675,0.610512,-0.087017,0.401655,0.584311,-0.100917,0.308335,0.678391,-0.043028,0.379502,0.749215,-0.0837,0.40233,0.809061,-0.092866,0.399057,0.821973,-0.092546,0.270435,0.729856,-0.058025,0.354689,0.818185,-0.095691,0.374251,0.855457,-0.089266,0.366986,0.850916,-0.077379,0.246653,0.794447,-0.075203,0.311693,0.855916,-0.096392,0.33428,0.880983,-0.088332,0.329488,0.879115,-0.076737
545,18166,True,0.9992,0.9992,0.329552,0.880927,0.0,0.38386,0.824664,-0.015079,0.425871,0.765439,-0.037703,0.450686,0.724353,-0.063147,0.440124,0.717759,-0.088848,0.357334,0.656802,-0.037209,0.362501,0.614522,-0.073386,0.378021,0.585255,-0.094777,0.393665,0.556152,-0.10834,0.306785,0.670263,-0.049652,0.377513,0.720803,-0.090549,0.403329,0.784984,-0.098148,0.400873,0.798206,-0.097418,0.270568,0.718478,-0.064049,0.35157,0.790305,-0.10277,0.372784,0.833243,-0.094566,0.366377,0.832449,-0.082129,0.246704,0.780225,-0.080196,0.305854,0.828068,-0.102427,0.331378,0.855451,-0.092621,0.329121,0.856582,-0.080236
546,18200,True,0.9992,0.9992,0.331572,0.862309,0.0,0.385668,0.801884,-0.015942,0.426543,0.741751,-0.038683,0.448378,0.698447,-0.063795,0.436259,0.690176,-0.089225,0.35134,0.633209,-0.037887,0.358916,0.588431,-0.074383,0.373927,0.554438,-0.097263,0.387655,0.521228,-0.11213,0.301651,0.648493,-0.049964,0.375402,0.68865,-0.093642,0.403461,0.758248,-0.103502,0.40234,0.782745,-0.103422,0.267669,0.696604,-0.063825,0.35027,0.761111,-0.103413,0.371174,0.806965,-0.097345,0.364458,0.812104,-0.085966,0.246943,0.757644,-0.079504,0.307187,0.800279,-0.101976,0.330922,0.82853,-0.093866,0.326385,0.831723,-0.082773
547,18233,True,0.9993,0.9993,0.335844,0.83655,0.0,0.386175,0.774815,-0.015775,0.424897,0.713619,-0.038028,0.444366,0.670871,-0.062873,0.431744,0.662941,-0.088536,0.348704,0.608,-0.036862,0.354796,0.562221,-0.073626,0.367117,0.52242,-0.097238,0.377746,0.484991,-0.112347,0.299468,0.623804,-0.049201,0.373696,0.658642,-0.095226,0.404202,0.730791,-0.106595,0.403926,0.76244,-0.106265,0.266547,0.672664,-0.063205,0.348154,0.729867,-0.104826,0.372245,0.779486,-0.099443,0.367985,0.792114,-0.087191,0.246634,0.73571,-0.078902,0.304351,0.771879,-0.10242,0.331652,0.800374,-0.094203,0.331986,0.808112,-0.082244
548,18266,True,0.9992,0.9992,0.344125,0.810857,0.0,0.389352,0.750655,-0.016266,0.425214,0.686388,-0.038495,0.442098,0.641459,-0.0633,0.426369,0.636433,-0.089241,0.345539,0.583803,-0.036375,0.350748,0.533439,-0.072081,0.362043,0.490301,-0.09528,0.372014,0.451328,-0.110198,0.29748,0.601628,-0.047996,0.370902,0.629273,-0.093969,0.402833,0.703232,-0.104926,0.403578,0.740986,-0.104104,0.266003,0.650734,-0.061313,0.346728,0.695926,-0.102768,0.372928,0.747347,-0.096881,0.37024,0.766525,-0.084245,0.246919,0.714291,-0.076368,0.305711,0.741704,-0.099932,0.334974,0.771621,-0.091611,0.335849,0.784194,-0.079681
549,18300,True,0.9996,0.9996,0.348375,0.78511,0.0,0.393548,0.729326,-0.01646,0.428708,0.665503,-0.0386,0.443766,0.618601,-0.063442,0.42673,0.601639,-0.0895,0.345253,0.561658,-0.03772,0.35107,0.503272,-0.076154,0.366406,0.455667,-0.101572,0.380109,0.413538,-0.116723,0.298533,0.578215,-0.048196,0.37466,0.594775,-0.094717,0.408333,0.669284,-0.104702,0.411,0.716859,-0.102704,0.268276,0.625499,-0.060795,0.349282,0.655145,-0.103409,0.378546,0.708207,-0.09694,0.379737,0.737161,-0.082945,0.250184,0.687095,-0.074928,0.309889,0.698147,-0.099401,0.340979,0.729273,-0.090205,0.344644,0.749849,-0.076843
550,18333,True,0.9994,0.9994,0.354882,0.762736,0.0,0.399308,0.709126,-0.015681,0.432026,0.646394,-0.038374,0.445843,0.600987,-0.063908,0.431873,0.576626,-0.090654,0.353763,0.535436,-0.037304,0.364534,0.468196,-0.075897,0.380286,0.416687,-0.101092,0.393488,0.371888,-0.11587,0.307635,0.551122,-0.047437,0.384389,0.55834,-0.092838,0.415994,0.633377,-0.101463,0.416217,0.679431,-0.098758,0.277563,0.59513,-0.059645,0.358711,0.613768,-0.10255,0.386669,0.670341,-0.094715,0.385612,0.701028,-0.079814,0.25899,0.653375,-0.07309,0.319173,0.653017,-0.098455,0.350407,0.689267,-0.087481,0.353891,0.713123,-0.072548
551,18366,True,0.9986,0.9986,0.358722,0.750246,0.0,0.406553,0.697656,-0.018715,0.439604,0.62987,-0.040909,0.455575,0.580625,-0.065874,0.442451,0.548376,-0.091363,0.3622,0.509615,-0.032359,0.377402,0.436422,-0.068451,0.394233,0.381539,-0.091925,0.408984,0.334575,-0.105661,0.318066,0.52366,-0.040955,0.39562,0.525439,-0.08712,0.426274,0.601361,-0.096848,0.428374,0.649808,-0.093837,0.28903,0.563597,-0.052169,0.371153,0.575419,-0.095705,0.398207,0.635963,-0.088392,0.399154,0.672697,-0.072717,0.270169,0.617775,-0.06524,0.33216,0.610428,-0.092639,0.362055,0.649726,-0.083621,0.366685,0.677778,-0.068944
552,18400,True,0.9974,0.9974,0.362529,0.743744,0.0,0.416394,0.687414,-0.01847,0.45308,0.616789,-0.039211,0.470021,0.563867,-0.06319,0.455391,0.526427,-0.087356,0.375717,0.487247,-0.026739,0.397918,0.414471,-0.059979,0.415229,0.358999,-0.082827,0.430578,0.310272,-0.097024,0.331935,0.496299,-0.035524,0.412681,0.511516,-0.07966,0.43551,0.590443,-0.090524,0.433745,0.637271,-0.089132,0.302975,0.534139,-0.046912,0.386481,0.552994,-0.08756,0.407545,0.618033,-0.079912,0.406802,0.656364,-0.065035,0.283344,0.587849,-0.060629,0.346471,0.586966,-0.086135,0.372976,0.627053,-0.077356,0.378856,0.653993,-0.063225
553,18433,True,0.9974,0.9974,0.37127,0.739635,0.0,0.426568,0.682763,-0.015159,0.467399,0.612706,-0.036818,0.488721,0.560994,-0.062782,0.475214,0.528849,-0.089527,0.390769,0.482945,-0.030626,0.416352,0.407421,-0.066224,0.437975,0.352681,-0.0893,0.456759,0.303638,-0.10342,0.346963,0.491884,-0.042724,0.43165,0.504769,-0.088501,0.452558,0.587907,-0.097499,0.447147,0.632937,-0.094782,0.316725,0.529389,-0.056917,0.403033,0.545408,-0.100035,0.423037,0.617135,-0.089367,0.419306,0.656499,-0.071879,0.295681,0.581988,-0.073061,0.359913,0.577896,-0.099339,0.387201,0.62143,-0.087601,0.392295,0.650556,-0.071267
554,18466,True,0.9972,0.9972,0.37319,0.750819,0.0,0.433675,0.691784,-0.013004,0.474397,0.62715,-0.034821,0.49462,0.580551,-0.061561,0.494466,0.541758,-0.089158,0.410981,0.49329,-0.031411,0.440982,0.422836,-0.067593,0.466998,0.372838,-0.09174,0.489305,0.327828,-0.106916,0.365595,0.499132,-0.045324,0.451236,0.530072,-0.090254,0.468383,0.612777,-0.100606,0.459093,0.654991,-0.099932,0.333915,0.538589,-0.060869,0.418733,0.57353,-0.103623,0.434592,0.642903,-0.094841,0.426524,0.676982,-0.079777,0.310673,0.592882,-0.078091,0.374631,0.606698,-0.104023,0.399036,0.649369,-0.092811,0.401442,0.673982,-0.077409
555,18500,True,0.9984,0.9984,0.376394,0.774737,0.0,0.442147,0.719528,-0.015197,0.484444,0.669114,-0.041849,0.507087,0.634339,-0.073607,0.501559,0.599808,-0.106076,0.431949,0.52173,-0.037255,0.463421,0.453672,-0.076233,0.491605,0.409134,-0.100749,0.516514,0.375316,-0.115684,0.384878,0.529777,-0.05212,0.465644,0.567596,-0.097284,0.480926,0.655237,-0.106211,0.472592,0.692216,-0.105006,0.350322,0.571154,-0.069105,0.43406,0.620842,-0.111991,0.448827,0.689536,-0.102219,0.438709,0.717648,-0.087516,0.324437,0.627211,-0.088149,0.387881,0.655152,-0.114508,0.411912,0.700126,-0.103147,0.412782,0.722247,-0.088383
556,18533,True,0.9977,0.9977,0.367268,0.821739,-0.0,0.43981,0.770046,-0.013348,0.490692,0.7171,-0.037994,0.515702,0.687163,-0.067392,0.513133,0.668716,-0.097018,0.443974,0.576386,-0.032905,0.482214,0.532554,-0.071545,0.518112,0.501991,-0.097253,0.550689,0.475648,-0.114845,0.398552,0.581773,-0.048903,0.476499,0.645581,-0.094088,0.486298,0.727047,-0.105634,0.473926,0.747889,-0.108262,0.362705,0.625269,-0.066857,0.441436,0.702845,-0.108442,0.451199,0.762415,-0.100344,0.437795,0.767191,-0.088775,0.335469,0.683779,-0.086883,0.391757,0.739122,-0.110574,0.40418,0.773999,-0.100913,0.393531,0.77239,-0.08975
557,18566,True,0.9981,0.9981,0.367742,0.865732,-0.0,0.437637,0.823613,-0.014235,0.494302,0.781306,-0.037097,0.533429,0.767245,-0.063839,0.54802,0.763204,-0.091242,0.451758,0.622893,-0.033233,0.492659,0.623348,-0.070267,0.529995,0.624884,-0.098611,0.564043,0.6234,-0.118013,0.40459,0.635624,-0.047581,0.48293,0.755697,-0.08983,0.479882,0.827913,-0.106203,0.46152,0.846946,-0.113438,0.363185,0.686986,-0.063619,0.445902,0.815514,-0.102853,0.442145,0.860208,-0.103451,0.422986,0.850655,-0.097814,0.32925,0.750361,-0.081323,0.393268,0.840162,-0.103695,0.396595,0.867372,-0.09813,0.380646,0.85381,-0.089544
558,18600,True,0.8385,0.8385,0.396036,0.859331,0.0,0.4689,0.825672,-0.027051,0.520648,0.803474,-0.05336,0.54416,0.81876,-0.08076,0.54887,0.857954,-0.108244,0.465811,0.6877,-0.045722,0.507677,0.746548,-0.087381,0.530171,0.777369,-0.119621,0.546381,0.802411,-0.139758,0.411191,0.712151,-0.052424,0.474593,0.86818,-0.082489,0.460762,0.88505,-0.094464,0.444618,0.862235,-0.105692,0.365951,0.768286,-0.062933,0.432392,0.916572,-0.084709,0.418233,0.913321,-0.079978,0.405022,0.880046,-0.078151,0.328548,0.831018,-0.078449,0.378557,0.934343,-0.094941,0.369673,0.929205,-0.090561,0.354517,0.902373,-0.086136
559,18633,True,0.9911,0.9911,0.373262,0.915181,-0.0,0.441769,0.8952,-0.030685,0.499063,0.877876,-0.058239,0.534929,0.887734,-0.08505,0.54319,0.905191,-0.107875,0.462623,0.741705,-0.058535,0.497653,0.818209,-0.107143,0.514455,0.868617,-0.137102,0.524861,0.91174,-0.151403,0.401638,0.761662,-0.064489,0.463871,0.938987,-0.099703,0.454764,0.946174,-0.10544,0.436178,0.921438,-0.108433,0.352037,0.816709,-0.074734,0.420428,0.981605,-0.098766,0.411781,0.969284,-0.080391,0.398492,0.932477,-0.065542,0.309883,0.881937,-0.091003,0.364403,0.998861,-0.110962,0.363454,0.987039,-0.100021,0.353951,0.950861,-0.085944
560,18666,True,0.9944,0.9944,0.358968,0.924993,-0.0,0.419945,0.90561,-0.027246,0.4781,0.887208,-0.055085,0.522703,0.889072,-0.082971,0.51476,0.907459,-0.107474,0.445262,0.752811,-0.055879,0.473323,0.813694,-0.099485,0.491157,0.872755,-0.124671,0.499858,0.91883,-0.137074,0.387611,0.773986,-0.065264,0.450251,0.942307,-0.101015,0.452139,0.965532,-0.107058,0.441949,0.944433,-0.110727,0.338096,0.826433,-0.07841,0.412207,0.987489,-0.106355,0.40911,0.988212,-0.095095,0.398708,0.952242,-0.086286,0.297857,0.888612,-0.096306,0.356708,1.010963,-0.117429,0.355548,1.026969,-0.109377,0.342843,1.008874,-0.099633
561,18700,True,0.9906,0.9906,0.351754,0.906085,0.0,0.417532,0.883033,-0.023911,0.47579,0.866009,-0.050361,0.51292,0.875707,-0.077206,0.500051,0.903572,-0.10188,0.426635,0.739107,-0.05206,0.44628,0.78299,-0.092928,0.470935,0.816585,-0.120215,0.492079,0.846257,-0.136917,0.367123,0.758603,-0.061615,0.43348,0.922316,-0.098277,0.441612,0.939427,-0.105554,0.438205,0.918668,-0.110328,0.31788,0.811667,-0.074537,0.393032,0.976318,-0.098866,0.398386,0.962393,-0.085491,0.394153,0.917321,-0.076,0.279867,0.871834,-0.092784,0.335771,0.994965,-0.112054,0.342461,0.980056,-0.106349,0.335829,0.933041,-0.099184
562,18733,True,0.9956,0.9956,0.336093,0.916793,0.0,0.40871,0.870124,-0.014669,0.467105,0.823278,-0.033148,0.497648,0.8116,-0.05356,0.477868,0.843602,-0.07159,0.410531,0.707423,-0.039469,0.412263,0.711255,-0.069264,0.431268,0.735762,-0.083777,0.448101,0.758,-0.091368,0.348507,0.720159,-0.050173,0.407108,0.862301,-0.08106,0.42878,0.89975,-0.082473,0.42823,0.893929,-0.079666,0.30047,0.773644,-0.062745,0.371029,0.91812,-0.086024,0.390895,0.926135,-0.071227,0.387322,0.895644,-0.057436,0.267219,0.835541,-0.078817,0.323972,0.940604,-0.095643,0.340607,0.949214,-0.086345,0.335241,0.924911,-0.073847
563,18766,True,0.9973,0.9973,0.326206,0.897908,0.0,0.394965,0.841811,-0.016403,0.448408,0.784303,-0.036641,0.477726,0.758786,-0.058545,0.468578,0.776493,-0.079909,0.386553,0.662062,-0.031162,0.386592,0.651601,-0.060151,0.404122,0.650887,-0.080771,0.426506,0.651502,-0.095083,0.330851,0.673674,-0.04192,0.390113,0.768178,-0.076948,0.417112,0.825616,-0.088484,0.42815,0.844275,-0.091971,0.28484,0.722655,-0.054523,0.355883,0.836166,-0.085808,0.379531,0.868289,-0.084849,0.386,0.86135,-0.079018,0.253271,0.784528,-0.069476,0.309538,0.866671,-0.088021,0.331556,0.891907,-0.083807,0.335063,0.88681,-0.076379
564,18800,True,0.9968,0.9968,0.328732,0.851101,0.0,0.391453,0.795523,-0.017082,0.441632,0.737519,-0.036561,0.467517,0.705403,-0.058286,0.450305,0.715466,-0.07964,0.376113,0.617858,-0.027566,0.380436,0.598217,-0.057178,0.393429,0.580779,-0.077382,0.410785,0.561397,-0.091282,0.3221,0.625552,-0.038424,0.373667,0.700841,-0.074822,0.399813,0.754082,-0.086956,0.411234,0.76668,-0.089721,0.278494,0.668551,-0.051579,0.342558,0.770737,-0.08589,0.369913,0.809891,-0.085578,0.380804,0.808007,-0.078625,0.249593,0.725231,-0.067121,0.299116,0.801069,-0.085904,0.321429,0.832577,-0.081431,0.326212,0.831879,-0.073628
565,18833,True,0.9988,0.9988,0.332017,0.813696,0.0,0.391923,0.758267,-0.019181,0.441017,0.702386,-0.040138,0.46404,0.662576,-0.063408,0.444031,0.65644,-0.086527,0.372222,0.575556,-0.02961,0.379055,0.543239,-0.061357,0.38565,0.513602,-0.083286,0.392621,0.480587,-0.098235,0.31541,0.581181,-0.039792,0.369422,0.646185,-0.079487,0.395661,0.7112,-0.092296,0.402675,0.733736,-0.094151,0.272024,0.624643,-0.052249,0.33864,0.714406,-0.088526,0.365391,0.760812,-0.085678,0.372792,0.766317,-0.076084,0.243942,0.683502,-0.067204,0.296133,0.74858,-0.086506,0.321036,0.78086,-0.079955,0.326789,0.78442,-0.069841
566,18866,True,0.9983,0.9983,0.335382,0.779806,0.0,0.393033,0.727994,-0.022477,0.441249,0.668192,-0.046034,0.457162,0.622047,-0.071224,0.430507,0.621489,-0.096497,0.371499,0.543178,-0.03687,0.373276,0.49643,-0.072196,0.377462,0.456401,-0.093471,0.38212,0.416656,-0.106987,0.312605,0.548788,-0.045388,0.365336,0.599201,-0.089915,0.392578,0.680548,-0.09785,0.397063,0.712963,-0.093563,0.269118,0.591119,-0.056466,0.33191,0.669249,-0.097566,0.358997,0.72353,-0.088975,0.363876,0.734822,-0.073017,0.239585,0.647824,-0.070136,0.288449,0.703244,-0.092086,0.315573,0.738549,-0.082275,0.319991,0.744365,-0.068235
567,18900,True,0.9976,0.9976,0.338135,0.755852,0.0,0.392526,0.705012,-0.024397,0.439303,0.640626,-0.04687,0.452109,0.593094,-0.070149,0.423699,0.603993,-0.093752,0.370245,0.52277,-0.041768,0.370239,0.472042,-0.077308,0.373135,0.431931,-0.098392,0.37583,0.389792,-0.111912,0.310789,0.528323,-0.048563,0.362872,0.584774,-0.095055,0.391837,0.663764,-0.103639,0.399125,0.695175,-0.099355,0.266304,0.570852,-0.057643,0.329536,0.654428,-0.099591,0.356634,0.707652,-0.09298,0.362514,0.716503,-0.078029,0.235207,0.627603,-0.069367,0.283345,0.688281,-0.091678,0.309886,0.723026,-0.08352,0.314551,0.726718,-0.070573
568,18933,True,0.9974,0.9974,0.337644,0.758708,0.0,0.391519,0.708953,-0.024487,0.439664,0.64276,-0.047493,0.450013,0.593758,-0.07116,0.419775,0.599302,-0.095286,0.367585,0.523233,-0.041757,0.367906,0.471646,-0.077573,0.372119,0.43032,-0.09982,0.376532,0.386015,-0.11492,0.307124,0.528456,-0.049342,0.358908,0.586462,-0.094989,0.386237,0.666794,-0.105217,0.390187,0.692619,-0.103537,0.263138,0.572352,-0.059049,0.327363,0.656463,-0.101069,0.353191,0.710856,-0.094683,0.35523,0.714649,-0.081539,0.232728,0.630757,-0.071302,0.280564,0.689916,-0.094961,0.309422,0.728369,-0.085672,0.315823,0.732163,-0.072614
569,18966,True,0.9978,0.9978,0.331947,0.777441,0.0,0.386286,0.730227,-0.026602,0.434396,0.671686,-0.050404,0.450553,0.629834,-0.074854,0.424693,0.62644,-0.09878,0.364506,0.549459,-0.045229,0.366481,0.501855,-0.081836,0.369876,0.466785,-0.104567,0.374047,0.425353,-0.12051,0.304124,0.550309,-0.052315,0.349751,0.626736,-0.097005,0.377515,0.695192,-0.10873,0.388223,0.711728,-0.110337,0.259864,0.592431,-0.061961,0.318981,0.697371,-0.101909,0.344299,0.743695,-0.09755,0.351366,0.741292,-0.087985,0.230707,0.648891,-0.074929,0.27285,0.725486,-0.099485,0.300579,0.758989,-0.094482,0.31074,0.75797,-0.085406
570,19000,True,0.997,0.997,0.319782,0.807272,-0.0,0.376535,0.766112,-0.030493,0.422854,0.71852,-0.056889,0.445785,0.689546,-0.082779,0.431848,0.675946,-0.107301,0.370912,0.59112,-0.054722,0.368079,0.566265,-0.095461,0.365334,0.545154,-0.120697,0.363761,0.517112,-0.137957,0.306647,0.588781,-0.060556,0.343191,0.681872,-0.107899,0.366902,0.736536,-0.122155,0.37803,0.739576,-0.126182,0.255492,0.628851,-0.069277,0.305324,0.753527,-0.110772,0.326246,0.793971,-0.108367,0.333733,0.783977,-0.100745,0.218755,0.685154,-0.081799,0.255845,0.77709,-0.109985,0.279911,0.807948,-0.108547,0.288825,0.798334,-0.102134
571,19033,True,0.9979,0.9979,0.309669,0.86557,-0.0,0.367911,0.818234,-0.021066,0.419066,0.762383,-0.041308,0.446457,0.738075,-0.063411,0.428539,0.750448,-0.081336,0.366247,0.633312,-0.038822,0.363708,0.602986,-0.077242,0.3598,0.619671,-0.096948,0.358624,0.650208,-0.105876,0.306137,0.630579,-0.045627,0.344777,0.754233,-0.083668,0.368209,0.798601,-0.091186,0.379272,0.801755,-0.090805,0.256463,0.672598,-0.055914,0.306494,0.816816,-0.08526,0.325922,0.84207,-0.078141,0.33142,0.824428,-0.068425,0.219738,0.729174,-0.07014,0.258508,0.834017,-0.089024,0.2772,0.854904,-0.084627,0.280999,0.838749,-0.075671
572,19066,True,0.9972,0.9972,0.312792,0.885595,-0.0,0.372335,0.844017,-0.023755,0.425421,0.794378,-0.046025,0.452916,0.780761,-0.069265,0.431209,0.80533,-0.087895,0.364487,0.654414,-0.045017,0.360878,0.654136,-0.084792,0.363932,0.685461,-0.104934,0.368464,0.721678,-0.113818,0.302613,0.66378,-0.051535,0.347494,0.810676,-0.090391,0.370806,0.851319,-0.095154,0.379996,0.847704,-0.092517,0.254805,0.714214,-0.061867,0.313722,0.870094,-0.088935,0.336364,0.883799,-0.075891,0.342984,0.856603,-0.062111,0.221255,0.775202,-0.077054,0.265888,0.883854,-0.094688,0.285318,0.896757,-0.086853,0.289273,0.873024,-0.074723
573,19100,True,0.9963,0.9963,0.320612,0.897373,-0.0,0.381613,0.86389,-0.024912,0.44041,0.817518,-0.047108,0.465799,0.810068,-0.069523,0.442454,0.839776,-0.086932,0.378784,0.678586,-0.048867,0.384127,0.699242,-0.089316,0.39166,0.740793,-0.109087,0.399687,0.773848,-0.118144,0.314231,0.691276,-0.05516,0.366112,0.850016,-0.092372,0.391132,0.885966,-0.095874,0.399197,0.875392,-0.094573,0.266038,0.744046,-0.065231,0.331851,0.900308,-0.089543,0.353732,0.907826,-0.073538,0.355571,0.875837,-0.05979,0.231979,0.805919,-0.080557,0.283702,0.914707,-0.098686,0.301839,0.922038,-0.091248,0.299355,0.893577,-0.080175
574,19133,True,0.9933,0.9933,0.332015,0.904725,-0.0,0.398804,0.865353,-0.020075,0.455152,0.824974,-0.042282,0.481414,0.828335,-0.065964,0.466011,0.856543,-0.086673,0.398122,0.696728,-0.045561,0.404807,0.705566,-0.086007,0.424108,0.722395,-0.110309,0.447516,0.744911,-0.122831,0.337893,0.708963,-0.052539,0.400623,0.861966,-0.085893,0.416512,0.884521,-0.087608,0.418004,0.871258,-0.085248,0.292056,0.760905,-0.063005,0.36579,0.911602,-0.084143,0.374742,0.905149,-0.064486,0.369068,0.868088,-0.047746,0.257998,0.822156,-0.078695,0.316619,0.927204,-0.097356,0.329519,0.921793,-0.087869,0.32466,0.88799,-0.074199
575,19166,True,0.9915,0.9915,0.338932,0.914831,0.0,0.413896,0.859143,-0.012714,0.470259,0.809985,-0.031166,0.499851,0.808457,-0.052836,0.504644,0.840995,-0.07419,0.41797,0.692865,-0.03101,0.438572,0.700751,-0.066659,0.468835,0.70971,-0.094825,0.503989,0.71915,-0.11333,0.364839,0.709043,-0.041411,0.437156,0.845645,-0.073856,0.450685,0.875785,-0.084344,0.448362,0.871904,-0.089939,0.322757,0.76324,-0.054237,0.402966,0.898206,-0.07776,0.409018,0.901647,-0.070753,0.399683,0.873059,-0.063176,0.291187,0.824713,-0.070633,0.356121,0.91745,-0.086896,0.363005,0.920771,-0.080831,0.351921,0.897499,-0.071968
576,19200,True,0.9966,0.9966,0.357936,0.904011,0.0,0.42603,0.848555,-0.009914,0.482291,0.800567,-0.028202,0.521122,0.800969,-0.05052,0.541719,0.827202,-0.072858,0.447184,0.683363,-0.025234,0.492262,0.69676,-0.059626,0.529407,0.701415,-0.085868,0.567019,0.69975,-0.104106,0.401503,0.700194,-0.039038,0.483611,0.832634,-0.077642,0.488631,0.877191,-0.090943,0.479623,0.876774,-0.096848,0.362016,0.753029,-0.055195,0.445307,0.883747,-0.08824,0.446786,0.901121,-0.086976,0.435127,0.878008,-0.081101,0.331819,0.815279,-0.073532,0.398787,0.905688,-0.094167,0.402518,0.916568,-0.091416,0.389,0.896264,-0.084901
577,19233,True,0.9996,0.9996,0.377183,0.892046,0.0,0.443247,0.840846,-0.006336,0.500586,0.798279,-0.023962,0.543863,0.803254,-0.04613,0.570551,0.833832,-0.069298,0.475825,0.688047,-0.029679,0.530686,0.692625,-0.06484,0.573726,0.696547,-0.091722,0.615487,0.69639,-0.110677,0.432405,0.701232,-0.045978,0.516402,0.828634,-0.08418,0.514375,0.876101,-0.097149,0.501202,0.876072,-0.103717,0.393279,0.753532,-0.063743,0.478462,0.882954,-0.097187,0.475439,0.904743,-0.095829,0.460889,0.886023,-0.090684,0.361904,0.818201,-0.083081,0.432027,0.906543,-0.102439,0.435389,0.920517,-0.097114,0.42108,0.906079,-0.089732
578,19266,True,0.9996,0.9996,0.383261,0.896562,0.0,0.450972,0.848309,-0.005676,0.507424,0.811083,-0.027078,0.548208,0.81472,-0.052534,0.571741,0.84121,-0.079556,0.489619,0.697816,-0.039829,0.538987,0.699491,-0.07839,0.583069,0.698061,-0.1066,0.623225,0.695525,-0.125785,0.443722,0.70439,-0.057065,0.523559,0.83329,-0.096392,0.525497,0.89549,-0.105345,0.513159,0.906306,-0.10865,0.402223,0.752658,-0.074985,0.483215,0.885036,-0.109587,0.484906,0.918891,-0.102321,0.469993,0.907786,-0.093047,0.369275,0.815245,-0.094136,0.434252,0.906304,-0.11237,0.442073,0.928539,-0.101373,0.430195,0.917188,-0.090149
579,19300,True,0.9992,0.9992,0.378428,0.895652,0.0,0.444996,0.845974,-0.008723,0.50663,0.803214,-0.028165,0.547748,0.808192,-0.050555,0.566685,0.837854,-0.074076,0.474304,0.691018,-0.038868,0.524319,0.698804,-0.074212,0.565386,0.698799,-0.102286,0.603946,0.697538,-0.122867,0.426362,0.702291,-0.054288,0.503062,0.835784,-0.092408,0.502241,0.881931,-0.104819,0.489395,0.882759,-0.112236,0.38453,0.753705,-0.070527,0.464192,0.891898,-0.100748,0.464048,0.912244,-0.095551,0.450448,0.89079,-0.089985,0.350843,0.817505,-0.088868,0.415027,0.915203,-0.106426,0.419938,0.9286,-0.099164,0.407395,0.908567,-0.09181
580,19333,True,0.9986,0.9986,0.365038,0.896099,0.0,0.425677,0.849341,-0.011597,0.476298,0.803112,-0.030614,0.509293,0.799585,-0.051126,0.528563,0.823396,-0.072058,0.431929,0.687088,-0.038431,0.466619,0.679529,-0.069241,0.502665,0.67771,-0.093825,0.54021,0.6776,-0.112311,0.384331,0.70219,-0.051112,0.462448,0.811024,-0.084032,0.47341,0.853494,-0.096578,0.474621,0.857114,-0.105533,0.345288,0.753832,-0.064662,0.425831,0.876102,-0.090662,0.434765,0.896541,-0.08799,0.431289,0.881666,-0.085853,0.317351,0.816868,-0.080524,0.376884,0.902393,-0.095934,0.384525,0.916535,-0.090978,0.377345,0.899278,-0.086558
581,19366,True,0.9983,0.9983,0.340749,0.897993,0.0,0.399243,0.855788,-0.016213,0.446277,0.803166,-0.034791,0.474069,0.784996,-0.054625,0.480637,0.80775,-0.073859,0.397312,0.691916,-0.036545,0.405506,0.664352,-0.066888,0.431586,0.657986,-0.088306,0.460945,0.651883,-0.104257,0.343427,0.695711,-0.047553,0.399014,0.800221,-0.081038,0.415305,0.838667,-0.093889,0.417293,0.831535,-0.101354,0.299325,0.741339,-0.06024,0.363696,0.87333,-0.087444,0.384148,0.893683,-0.084383,0.390558,0.869752,-0.080886,0.267325,0.800085,-0.075829,0.315921,0.889344,-0.091872,0.333717,0.911842,-0.085169,0.336073,0.898759,-0.078191
582,19400,True,0.9986,0.9986,0.313953,0.900692,0.0,0.378312,0.853331,-0.019525,0.427607,0.79786,-0.037939,0.448509,0.769152,-0.056072,0.432216,0.783078,-0.072887,0.370613,0.695066,-0.044579,0.37181,0.667704,-0.075091,0.376967,0.654095,-0.094484,0.382851,0.636665,-0.108334,0.309241,0.695518,-0.054008,0.352187,0.787532,-0.087515,0.374946,0.817641,-0.099687,0.385875,0.807387,-0.105374,0.258671,0.737038,-0.064737,0.320543,0.866772,-0.092787,0.351345,0.890007,-0.08947,0.369244,0.869876,-0.084076,0.224125,0.792557,-0.078635,0.266084,0.880976,-0.095817,0.290589,0.901352,-0.089608,0.303764,0.887765,-0.081762
583,19433,True,0.998,0.998,0.30051,0.899377,0.0,0.359881,0.851039,-0.026206,0.40633,0.790853,-0.048944,0.425187,0.757837,-0.071071,0.406203,0.770255,-0.090668,0.344037,0.683169,-0.051524,0.339189,0.658898,-0.091771,0.336895,0.643096,-0.115927,0.336208,0.627126,-0.131109,0.280725,0.687052,-0.058652,0.320906,0.790745,-0.102178,0.347747,0.824668,-0.112537,0.35981,0.813434,-0.113915,0.231623,0.731377,-0.068808,0.291417,0.863476,-0.105695,0.322733,0.884788,-0.099207,0.338371,0.861268,-0.088539,0.1997,0.788752,-0.083114,0.2426,0.879933,-0.108179,0.268035,0.901027,-0.104249,0.278978,0.886944,-0.095286
584,19466,True,0.9975,0.9975,0.290132,0.892699,0.0,0.347249,0.843521,-0.027263,0.390024,0.783999,-0.04958,0.409226,0.756485,-0.071605,0.397831,0.761501,-0.0913,0.33002,0.674134,-0.04594,0.326024,0.65367,-0.08295,0.320023,0.63776,-0.105822,0.314699,0.618353,-0.120429,0.268712,0.678871,-0.051345,0.315775,0.78351,-0.091742,0.342891,0.820106,-0.101564,0.354466,0.814976,-0.102619,0.221268,0.723854,-0.060086,0.28398,0.850125,-0.094356,0.309239,0.870328,-0.088349,0.318077,0.848822,-0.078123,0.189103,0.781527,-0.073089,0.233159,0.871869,-0.096918,0.257697,0.891328,-0.093928,0.266479,0.877163,-0.085406
585,19500,True,0.9963,0.9963,0.292607,0.885429,0.0,0.345113,0.834374,-0.027219,0.38638,0.773163,-0.049426,0.403785,0.745172,-0.071635,0.392509,0.756461,-0.091474,0.326218,0.664966,-0.044691,0.318251,0.642112,-0.083397,0.314763,0.625317,-0.107495,0.312123,0.604549,-0.122338,0.267014,0.671369,-0.050453,0.309771,0.771712,-0.094425,0.337001,0.807484,-0.106221,0.347883,0.803393,-0.107418,0.221716,0.716707,-0.059843,0.280525,0.8431,-0.096487,0.310321,0.864656,-0.093042,0.322947,0.844684,-0.083437,0.191932,0.775036,-0.073392,0.232167,0.864785,-0.095984,0.256627,0.886242,-0.093288,0.265332,0.874901,-0.085156
586,19533,True,0.9962,0.9962,0.294071,0.875196,0.0,0.347781,0.828529,-0.028322,0.390869,0.766261,-0.050917,0.407199,0.738016,-0.073163,0.396133,0.750007,-0.093367,0.329069,0.665636,-0.047649,0.321604,0.640735,-0.08619,0.320625,0.621712,-0.109322,0.321343,0.595117,-0.124246,0.268913,0.671876,-0.053275,0.316135,0.766809,-0.097812,0.342345,0.796667,-0.110468,0.349625,0.782684,-0.113061,0.22343,0.717288,-0.062338,0.284769,0.832987,-0.100931,0.315507,0.856945,-0.09776,0.326649,0.836833,-0.088441,0.193595,0.774642,-0.075315,0.236994,0.85466,-0.099069,0.262023,0.877249,-0.09621,0.269936,0.866418,-0.088325
587,19566,True,0.9971,0.9971,0.295264,0.875873,0.0,0.350452,0.831235,-0.027561,0.394166,0.774289,-0.051241,0.412436,0.742879,-0.074977,0.401959,0.74312,-0.096239,0.334666,0.658658,-0.045677,0.327747,0.630619,-0.084548,0.328505,0.612278,-0.108492,0.33162,0.587888,-0.123951,0.27442,0.664311,-0.052155,0.32238,0.758108,-0.096256,0.349656,0.791956,-0.10935,0.35975,0.781712,-0.112755,0.228178,0.710113,-0.062211,0.291831,0.827919,-0.099615,0.323338,0.853262,-0.096682,0.335863,0.834641,-0.088444,0.19822,0.768692,-0.076233,0.24366,0.849987,-0.098555,0.267946,0.873753,-0.095195,0.274783,0.863989,-0.0876
588,19600,True,0.9971,0.9971,0.301652,0.873904,0.0,0.357173,0.827682,-0.025257,0.40168,0.770448,-0.048574,0.420041,0.738107,-0.072818,0.405885,0.741298,-0.095272,0.339172,0.65685,-0.04231,0.334909,0.629744,-0.080214,0.339268,0.611242,-0.102884,0.346054,0.58585,-0.11756,0.280562,0.66366,-0.050655,0.333552,0.753809,-0.094405,0.359281,0.795169,-0.106465,0.364897,0.787411,-0.108691,0.235463,0.709945,-0.062381,0.300998,0.821064,-0.101431,0.330116,0.850232,-0.09767,0.338097,0.831641,-0.088256,0.205351,0.769004,-0.077564,0.250908,0.845857,-0.101275,0.277806,0.869756,-0.096816,0.286257,0.860635,-0.087999
589,19633,True,0.9972,0.9972,0.303407,0.874777,0.0,0.35906,0.829391,-0.021139,0.405856,0.772656,-0.041904,0.426077,0.742101,-0.064277,0.412194,0.743872,-0.085254,0.343778,0.66214,-0.038365,0.340051,0.634583,-0.073379,0.344785,0.614733,-0.094199,0.352627,0.588303,-0.107916,0.285725,0.667076,-0.047671,0.339081,0.753659,-0.088562,0.364457,0.793397,-0.100397,0.37045,0.78448,-0.103215,0.240531,0.71121,-0.059704,0.306251,0.821268,-0.097028,0.335491,0.852867,-0.094125,0.343885,0.836702,-0.085764,0.209631,0.767883,-0.074672,0.255033,0.843801,-0.097016,0.280764,0.870645,-0.092481,0.28807,0.864104,-0.084167
590,19666,True,0.9973,0.9973,0.304454,0.879767,0.0,0.362703,0.830702,-0.020988,0.409081,0.772175,-0.042471,0.428803,0.742286,-0.065888,0.415687,0.743873,-0.087728,0.345168,0.661745,-0.037343,0.343353,0.635763,-0.073977,0.350401,0.615242,-0.095294,0.360903,0.588331,-0.109099,0.288341,0.668515,-0.047492,0.34267,0.753761,-0.090546,0.367624,0.796011,-0.102397,0.372419,0.786075,-0.104515,0.244312,0.713332,-0.060648,0.31128,0.822111,-0.10067,0.338924,0.855749,-0.097402,0.344777,0.838323,-0.088051,0.214349,0.770787,-0.076675,0.262854,0.847505,-0.100972,0.288527,0.8751,-0.096606,0.294089,0.867122,-0.087968
591,19700,True,0.9969,0.9969,0.306131,0.881555,0.0,0.364824,0.833835,-0.020982,0.411694,0.776443,-0.042696,0.43185,0.745884,-0.06642,0.419542,0.746535,-0.088416,0.348315,0.662623,-0.036981,0.346964,0.63724,-0.073873,0.356306,0.61796,-0.095611,0.369136,0.592152,-0.109582,0.291585,0.670669,-0.047234,0.345089,0.760003,-0.09038,0.370119,0.800025,-0.102268,0.375005,0.790663,-0.104148,0.247944,0.7168,-0.060553,0.315251,0.828517,-0.099836,0.343452,0.858062,-0.09546,0.349789,0.839508,-0.085171,0.218694,0.775469,-0.076913,0.269613,0.853361,-0.100874,0.294572,0.879133,-0.095858,0.299109,0.870095,-0.086279
592,19733,True,0.9966,0.9966,0.303634,0.888197,0.0,0.360366,0.843043,-0.019374,0.407477,0.78849,-0.039705,0.431257,0.756607,-0.061959,0.422795,0.74796,-0.082283,0.352458,0.668398,-0.0355,0.35086,0.641959,-0.070133,0.358516,0.623418,-0.090684,0.369769,0.598418,-0.104186,0.295763,0.672658,-0.045493,0.346287,0.765005,-0.085813,0.370835,0.8054,-0.097348,0.377508,0.797042,-0.099666,0.251327,0.716766,-0.058226,0.316742,0.832896,-0.094468,0.345498,0.862617,-0.090133,0.354241,0.845959,-0.08072,0.220826,0.774641,-0.073918,0.270266,0.855476,-0.096125,0.294972,0.881485,-0.091188,0.301351,0.872928,-0.082023
593,19766,True,0.9964,0.9964,0.303416,0.889194,0.0,0.361688,0.84366,-0.019492,0.409741,0.78565,-0.03946,0.432163,0.752599,-0.061344,0.42178,0.751677,-0.08181,0.351259,0.668856,-0.033717,0.351021,0.645067,-0.067365,0.360426,0.626904,-0.087856,0.372741,0.602317,-0.101375,0.296102,0.674442,-0.043703,0.347893,0.772873,-0.082694,0.371759,0.814397,-0.093719,0.376842,0.805346,-0.095614,0.252341,0.718728,-0.056535,0.317828,0.837912,-0.092645,0.345349,0.86741,-0.088223,0.352528,0.8489,-0.078456,0.221571,0.7762,-0.072286,0.271261,0.856562,-0.094375,0.295643,0.883803,-0.088514,0.30173,0.876549,-0.078436
594,19800,True,0.9965,0.9965,0.306334,0.89262,0.0,0.364056,0.847221,-0.019139,0.411922,0.790289,-0.039556,0.434317,0.757284,-0.062128,0.424779,0.75589,-0.083263,0.354082,0.672034,-0.033184,0.354236,0.649236,-0.067017,0.364237,0.631303,-0.087793,0.377929,0.607544,-0.101541,0.298373,0.677812,-0.043424,0.350683,0.776712,-0.083387,0.375462,0.820343,-0.094613,0.381439,0.813679,-0.096416,0.254476,0.722395,-0.056466,0.32036,0.840243,-0.09275,0.347861,0.870801,-0.08797,0.354591,0.853959,-0.07795,0.22388,0.780114,-0.072445,0.273957,0.859079,-0.094377,0.297419,0.886085,-0.0884,0.301842,0.879129,-0.078291
595,19833,True,0.9966,0.9966,0.306524,0.894636,0.0,0.365428,0.851222,-0.02005,0.413386,0.795559,-0.040168,0.436279,0.764538,-0.062335,0.428244,0.761861,-0.082794,0.354921,0.675585,-0.033312,0.354637,0.652406,-0.067904,0.365087,0.636575,-0.089143,0.380624,0.614766,-0.102917,0.299304,0.680817,-0.043146,0.350331,0.783031,-0.084572,0.375388,0.824183,-0.096881,0.382852,0.817174,-0.099121,0.25551,0.725867,-0.055982,0.320498,0.845199,-0.093739,0.349324,0.876811,-0.089479,0.358646,0.863119,-0.079146,0.225201,0.784275,-0.071818,0.274989,0.864595,-0.09489,0.300692,0.891627,-0.089286,0.309003,0.885821,-0.078927
596,19866,True,0.9973,0.9973,0.310159,0.895161,0.0,0.36882,0.852691,-0.019489,0.417691,0.798642,-0.040159,0.441057,0.769466,-0.063022,0.4357,0.767735,-0.084429,0.357897,0.678067,-0.03506,0.360093,0.660202,-0.069851,0.371514,0.645142,-0.092115,0.388402,0.624725,-0.107241,0.300048,0.684178,-0.045714,0.358364,0.794799,-0.08835,0.382507,0.833638,-0.102255,0.387907,0.8256,-0.106385,0.256253,0.731587,-0.059019,0.325956,0.851891,-0.09743,0.354799,0.880842,-0.093849,0.362361,0.866054,-0.084684,0.226636,0.791796,-0.075182,0.280519,0.874239,-0.099547,0.307123,0.897778,-0.095024,0.31489,0.888673,-0.085742
597,19900,True,0.9976,0.9976,0.309229,0.900655,0.0,0.370357,0.85367,-0.017042,0.421959,0.797125,-0.035437,0.446095,0.773289,-0.056262,0.440473,0.786964,-0.076034,0.362098,0.68708,-0.033724,0.367193,0.672993,-0.066519,0.379252,0.659473,-0.088613,0.397024,0.639337,-0.104242,0.303213,0.692875,-0.044812,0.366242,0.808083,-0.084162,0.390452,0.843071,-0.097531,0.396515,0.835765,-0.102621,0.258863,0.741094,-0.058244,0.332402,0.866261,-0.092929,0.359478,0.889293,-0.091394,0.365664,0.871384,-0.084907,0.228846,0.800981,-0.074448,0.284161,0.887363,-0.095905,0.307864,0.906463,-0.092731,0.312898,0.894468,-0.085656
598,19933,True,0.9978,0.9978,0.316648,0.905063,0.0,0.375512,0.857978,-0.014658,0.426963,0.802168,-0.033072,0.451122,0.779358,-0.054587,0.444194,0.797726,-0.075699,0.364819,0.693763,-0.034561,0.369995,0.677518,-0.067793,0.384917,0.665036,-0.089894,0.40585,0.647424,-0.105022,0.30696,0.703203,-0.046969,0.374145,0.816374,-0.086296,0.397437,0.854039,-0.098742,0.400973,0.849532,-0.10304,0.263707,0.753182,-0.061389,0.33913,0.873463,-0.097386,0.366685,0.898758,-0.095803,0.372515,0.884017,-0.088578,0.234517,0.813075,-0.078041,0.291153,0.892541,-0.099743,0.314415,0.912261,-0.095606,0.318662,0.902848,-0.087528
599,19966,True,0.9979,0.9979,0.318606,0.913736,0.0,0.37714,0.861714,-0.011699,0.427509,0.804209,-0.029593,0.45335,0.780522,-0.051363,0.453522,0.789198,-0.073411,0.369155,0.698158,-0.031721,0.377498,0.675216,-0.065962,0.395209,0.658239,-0.087798,0.416103,0.635605,-0.102415,0.314273,0.707574,-0.045906,0.389335,0.802,-0.086641,0.409761,0.854197,-0.098877,0.405672,0.859467,-0.102033,0.272435,0.757097,-0.061867,0.351279,0.864365,-0.101773,0.37336,0.899347,-0.100474,0.371156,0.888268,-0.092185,0.242776,0.817825,-0.079248,0.299171,0.887283,-0.103766,0.321791,0.912727,-0.099149,0.322648,0.908663,-0.090095
600,20000,True,0.9988,0.9988,0.327371,0.894397,0.0,0.386276,0.841976,-0.012866,0.434936,0.783373,-0.030631,0.462337,0.757872,-0.052242,0.46218,0.775606,-0.074268,0.37931,0.681802,-0.030817,0.388834,0.648435,-0.061961,0.407299,0.628473,-0.082243,0.427775,0.603535,-0.095958,0.326789,0.691022,-0.043405,0.394007,0.782926,-0.080409,0.411987,0.833701,-0.090727,0.408505,0.8424,-0.0923,0.285733,0.73896,-0.057653,0.363631,0.846836,-0.092092,0.384662,0.878202,-0.088047,0.382097,0.8716,-0.078086,0.256443,0.798244,-0.073829,0.31387,0.87088,-0.092518,0.330371,0.893502,-0.084941,0.323638,0.889093,-0.074008
601,20033,True,0.9992,0.9992,0.34033,0.874383,0.0,0.395526,0.824678,-0.01404,0.44016,0.771938,-0.035638,0.467007,0.739477,-0.060951,0.463295,0.737948,-0.086786,0.379909,0.662349,-0.036298,0.391527,0.612375,-0.070399,0.412578,0.5809,-0.090971,0.433277,0.550762,-0.103865,0.329962,0.67251,-0.048184,0.399499,0.739149,-0.084686,0.421536,0.792945,-0.090503,0.421015,0.800385,-0.089705,0.292042,0.71708,-0.062102,0.370068,0.801729,-0.096241,0.389912,0.837612,-0.08766,0.385429,0.8351,-0.075864,0.265646,0.774368,-0.078053,0.322685,0.827173,-0.096877,0.341754,0.852561,-0.086586,0.335828,0.85378,-0.074336
602,20066,True,0.9994,0.9994,0.354552,0.842403,0.0,0.408178,0.795688,-0.014234,0.449936,0.743155,-0.035793,0.472499,0.705048,-0.060838,0.462307,0.686429,-0.086569,0.385251,0.623402,-0.034972,0.397218,0.56752,-0.070303,0.414443,0.525328,-0.09245,0.431041,0.486643,-0.106459,0.336691,0.630728,-0.047221,0.409073,0.677369,-0.087368,0.425855,0.746374,-0.095569,0.416741,0.767243,-0.095206,0.301495,0.673562,-0.0612,0.38071,0.740178,-0.098154,0.395869,0.788054,-0.089003,0.386442,0.794298,-0.076167,0.276105,0.732193,-0.076994,0.333441,0.774622,-0.09801,0.356192,0.806293,-0.086941,0.352926,0.812368,-0.073585
603,20100,True,0.9996,0.9996,0.35955,0.803484,0.0,0.412002,0.754858,-0.013745,0.452409,0.699975,-0.036375,0.472016,0.660097,-0.06246,0.462647,0.639233,-0.089921,0.384113,0.580589,-0.036804,0.398625,0.517899,-0.073588,0.41632,0.467402,-0.097342,0.432424,0.423335,-0.11212,0.337121,0.589455,-0.049197,0.413539,0.622028,-0.092803,0.438926,0.695942,-0.10211,0.435851,0.731668,-0.101324,0.30319,0.632336,-0.063096,0.3832,0.678849,-0.103599,0.406591,0.732939,-0.094938,0.402572,0.754125,-0.081116,0.279343,0.691058,-0.078438,0.338653,0.716531,-0.101765,0.365234,0.752364,-0.09038,0.363322,0.769844,-0.076236
604,20133,True,0.9993,0.9993,0.36608,0.767154,0.0,0.418091,0.722119,-0.01472,0.45707,0.668206,-0.03709,0.47489,0.626293,-0.062776,0.461471,0.595002,-0.08954,0.388171,0.542697,-0.037888,0.402987,0.469071,-0.074465,0.419872,0.413934,-0.09788,0.433265,0.366219,-0.112204,0.340487,0.551509,-0.049308,0.414201,0.574748,-0.096218,0.442253,0.653596,-0.106242,0.440979,0.701333,-0.104383,0.306533,0.593412,-0.062176,0.384072,0.627137,-0.104493,0.410688,0.686309,-0.095663,0.410097,0.717772,-0.080447,0.283308,0.651657,-0.076445,0.340548,0.665193,-0.101261,0.368415,0.701853,-0.090241,0.36925,0.724046,-0.075457
605,20166,True,0.9992,0.9992,0.369623,0.743515,0.0,0.422807,0.693941,-0.018021,0.461807,0.634955,-0.043337,0.47924,0.590145,-0.071653,0.462698,0.562011,-0.100826,0.390891,0.507895,-0.04027,0.407411,0.433913,-0.080155,0.423065,0.377646,-0.10542,0.436493,0.328636,-0.120361,0.341982,0.516704,-0.050924,0.416849,0.536867,-0.099191,0.439944,0.620934,-0.107459,0.435591,0.665204,-0.103765,0.307278,0.557479,-0.063755,0.387104,0.588172,-0.110138,0.409044,0.651137,-0.101146,0.404889,0.681072,-0.08467,0.28332,0.614205,-0.078011,0.342069,0.62181,-0.105886,0.371491,0.662615,-0.093957,0.375174,0.686408,-0.077715
606,20200,True,0.9985,0.9985,0.368899,0.729285,0.0,0.425143,0.679911,-0.020383,0.468142,0.615266,-0.04565,0.488494,0.564918,-0.073793,0.470905,0.540141,-0.10279,0.395572,0.483091,-0.037787,0.414074,0.409332,-0.076551,0.430324,0.351122,-0.101106,0.443958,0.300997,-0.115844,0.34716,0.490635,-0.047709,0.421776,0.512004,-0.095913,0.44449,0.598785,-0.103832,0.440543,0.643759,-0.099591,0.312404,0.529792,-0.060244,0.389906,0.559716,-0.10625,0.410843,0.627154,-0.095819,0.407067,0.660267,-0.078113,0.28712,0.584594,-0.074793,0.345811,0.591941,-0.102418,0.374014,0.636528,-0.089964,0.37741,0.662772,-0.073132
607,20233,True,0.9975,0.9975,0.368752,0.727939,0.0,0.426392,0.675698,-0.022073,0.46916,0.609197,-0.047431,0.489587,0.557064,-0.075427,0.47445,0.532353,-0.104033,0.399468,0.476727,-0.040007,0.419792,0.401224,-0.079854,0.437611,0.343384,-0.105072,0.451394,0.292263,-0.120506,0.352113,0.483335,-0.050085,0.427389,0.506126,-0.100473,0.448775,0.594656,-0.108841,0.444116,0.641993,-0.104746,0.317051,0.521551,-0.063036,0.39379,0.553224,-0.112325,0.412533,0.624925,-0.102204,0.407608,0.660405,-0.083833,0.290159,0.574947,-0.078126,0.347573,0.580471,-0.108506,0.374172,0.62753,-0.096763,0.376792,0.655936,-0.079994
608,20266,True,0.9975,0.9975,0.365955,0.738481,0.0,0.426207,0.687476,-0.021013,0.469065,0.627062,-0.047499,0.487593,0.581007,-0.077315,0.474756,0.54738,-0.107632,0.406982,0.486597,-0.040515,0.428135,0.413,-0.079986,0.447217,0.356227,-0.104948,0.463192,0.306607,-0.120642,0.356701,0.49183,-0.051724,0.428309,0.529124,-0.099653,0.446497,0.617846,-0.108719,0.43996,0.656861,-0.106498,0.319651,0.531167,-0.065437,0.393902,0.578226,-0.111833,0.410274,0.646746,-0.102233,0.402131,0.673803,-0.086093,0.291374,0.585659,-0.081359,0.344667,0.606224,-0.109492,0.367704,0.649148,-0.097931,0.366444,0.669068,-0.082283
609,20300,True,0.9986,0.9986,0.362257,0.763423,-0.0,0.41945,0.709562,-0.014228,0.463187,0.661328,-0.039437,0.48842,0.628589,-0.069379,0.482029,0.604134,-0.099857,0.413742,0.522119,-0.037244,0.434706,0.452966,-0.075042,0.456073,0.406302,-0.098492,0.475017,0.364799,-0.113259,0.363247,0.525744,-0.051697,0.43212,0.569242,-0.09819,0.448978,0.65797,-0.108767,0.441239,0.696352,-0.108072,0.324359,0.564083,-0.067622,0.398065,0.62889,-0.110606,0.415616,0.693957,-0.102505,0.407884,0.715764,-0.08846,0.295643,0.618389,-0.085255,0.348669,0.657937,-0.10892,0.371896,0.701304,-0.097227,0.369884,0.718373,-0.082767
610,20333,True,0.9983,0.9983,0.357395,0.805771,-0.0,0.417377,0.759373,-0.015334,0.464024,0.712955,-0.039476,0.493214,0.683501,-0.06778,0.497273,0.664747,-0.095936,0.424093,0.579418,-0.040239,0.444399,0.518756,-0.078758,0.466526,0.480948,-0.102047,0.486594,0.447562,-0.117134,0.372185,0.578579,-0.053501,0.437412,0.647999,-0.097853,0.447047,0.725466,-0.106491,0.437447,0.749894,-0.106588,0.330231,0.618151,-0.068621,0.399354,0.709383,-0.108194,0.407392,0.760737,-0.100071,0.395844,0.764746,-0.088465,0.297879,0.674572,-0.085856,0.347523,0.739386,-0.108173,0.36084,0.771394,-0.099189,0.351002,0.769768,-0.088015
611,20366,True,0.9987,0.9987,0.35121,0.845296,-0.0,0.413107,0.804376,-0.016092,0.464455,0.762915,-0.041077,0.495456,0.750907,-0.069933,0.498633,0.767909,-0.099226,0.427956,0.629782,-0.042337,0.447135,0.607704,-0.081671,0.468802,0.591854,-0.108641,0.491435,0.570614,-0.127759,0.371265,0.63323,-0.057352,0.440182,0.752661,-0.10276,0.445068,0.819801,-0.116818,0.435929,0.829531,-0.122651,0.325219,0.680636,-0.074211,0.39811,0.812524,-0.114502,0.401738,0.852771,-0.111607,0.389412,0.836436,-0.104938,0.289972,0.741354,-0.093375,0.342808,0.832724,-0.117807,0.350313,0.859131,-0.112431,0.340091,0.84383,-0.104823
612,20400,True,0.975,0.975,0.358451,0.854026,-0.0,0.418509,0.824695,-0.016721,0.469369,0.805237,-0.039531,0.493535,0.828344,-0.064598,0.495719,0.87613,-0.090467,0.430847,0.693317,-0.044424,0.448666,0.699332,-0.076201,0.470487,0.700783,-0.099364,0.496545,0.699571,-0.116067,0.374798,0.699641,-0.054395,0.427283,0.858638,-0.086222,0.430683,0.900025,-0.095131,0.427447,0.89227,-0.100497,0.328824,0.747007,-0.065463,0.387634,0.906032,-0.089117,0.386249,0.917948,-0.081333,0.377747,0.886867,-0.074761,0.291604,0.80216,-0.079827,0.33293,0.917318,-0.096473,0.333716,0.928788,-0.088939,0.323088,0.904706,-0.080088
613,20433,True,0.9853,0.9853,0.351816,0.911728,0.0,0.42115,0.884284,-0.026786,0.477557,0.860359,-0.051484,0.50461,0.884262,-0.076804,0.497232,0.926823,-0.100174,0.435912,0.741026,-0.054051,0.452927,0.754032,-0.102548,0.477815,0.763717,-0.133543,0.509008,0.781703,-0.149845,0.377721,0.74861,-0.058983,0.439959,0.925086,-0.098531,0.432747,0.941774,-0.10103,0.419957,0.916826,-0.097917,0.328915,0.801174,-0.068487,0.396593,0.971474,-0.097486,0.386339,0.95825,-0.078918,0.376035,0.919434,-0.059942,0.287176,0.865016,-0.083655,0.34201,0.982533,-0.109902,0.339319,0.967126,-0.10331,0.328173,0.930637,-0.089498
614,20466,True,0.9911,0.9911,0.348162,0.941206,0.0,0.417914,0.910111,-0.023189,0.478004,0.881316,-0.048818,0.51312,0.900201,-0.076105,0.509152,0.942612,-0.101584,0.435548,0.756389,-0.047956,0.45181,0.776863,-0.094555,0.480729,0.789246,-0.125768,0.51637,0.809238,-0.143868,0.379995,0.764289,-0.056541,0.450574,0.940632,-0.096478,0.439522,0.962017,-0.101646,0.424402,0.932574,-0.101806,0.331793,0.815282,-0.069403,0.405673,0.988126,-0.100761,0.391408,0.979241,-0.086226,0.378091,0.935858,-0.071382,0.290846,0.878077,-0.087261,0.350942,1.001205,-0.111826,0.345663,0.992831,-0.105038,0.331571,0.957526,-0.093406
615,20500,True,0.9894,0.9894,0.342684,0.933028,0.0,0.415993,0.896539,-0.019098,0.477275,0.862891,-0.042706,0.515897,0.880788,-0.068874,0.521729,0.926659,-0.093848,0.441847,0.749827,-0.039765,0.463843,0.766049,-0.079164,0.492903,0.770501,-0.106721,0.526917,0.783004,-0.124372,0.387017,0.759114,-0.049924,0.462051,0.924777,-0.085987,0.449565,0.944678,-0.092139,0.433577,0.916468,-0.094147,0.339946,0.808586,-0.063658,0.417559,0.972845,-0.089658,0.402235,0.960355,-0.075594,0.387403,0.915078,-0.063111,0.29966,0.86965,-0.082451,0.363916,0.987812,-0.103339,0.35559,0.975891,-0.097386,0.337644,0.93797,-0.087926
616,20533,True,0.9977,0.9977,0.355617,0.933577,0.0,0.42466,0.887753,-0.008534,0.483226,0.844441,-0.028813,0.524078,0.848649,-0.05261,0.538842,0.882779,-0.077811,0.44727,0.727056,-0.034571,0.479181,0.7379,-0.06811,0.511606,0.734765,-0.093584,0.544719,0.732834,-0.112475,0.397245,0.734503,-0.04994,0.474075,0.874676,-0.087124,0.46951,0.92634,-0.09659,0.453052,0.928856,-0.101212,0.352418,0.781457,-0.066699,0.431402,0.928836,-0.098251,0.426246,0.947776,-0.093174,0.410654,0.921779,-0.087002,0.315444,0.842655,-0.08549,0.375719,0.947489,-0.104639,0.374671,0.96082,-0.099541,0.357467,0.937481,-0.093515
617,20566,True,0.9992,0.9992,0.365673,0.904326,0.0,0.43431,0.855163,-0.00548,0.491688,0.805711,-0.022337,0.529757,0.801673,-0.04361,0.548224,0.833357,-0.066026,0.45177,0.691899,-0.02738,0.488268,0.678919,-0.059945,0.522911,0.66935,-0.083593,0.557564,0.660209,-0.100383,0.404415,0.699215,-0.04341,0.483232,0.81694,-0.083304,0.491345,0.873321,-0.094897,0.484016,0.886001,-0.098278,0.363375,0.746335,-0.060566,0.445105,0.87424,-0.095144,0.449102,0.904992,-0.091587,0.438355,0.893056,-0.083291,0.332195,0.806254,-0.07903,0.393745,0.895435,-0.099025,0.397782,0.913977,-0.093135,0.383493,0.898058,-0.084431
618,20600,True,0.9994,0.9994,0.386865,0.866788,0.0,0.448825,0.822101,-0.008285,0.501607,0.776625,-0.028008,0.539186,0.760633,-0.052149,0.556058,0.778995,-0.077879,0.465117,0.657301,-0.029848,0.499339,0.629821,-0.060458,0.531901,0.606115,-0.082388,0.563459,0.584498,-0.098198,0.417581,0.659337,-0.04444,0.492825,0.763046,-0.081171,0.49956,0.825199,-0.091551,0.490048,0.841614,-0.094585,0.377676,0.700419,-0.05985,0.456332,0.817924,-0.092203,0.461403,0.855562,-0.087977,0.45043,0.850826,-0.080067,0.345504,0.755928,-0.076674,0.403543,0.835155,-0.094162,0.410087,0.85962,-0.086252,0.396698,0.851837,-0.076642
619,20633,True,0.9996,0.9996,0.39934,0.830988,0.0,0.46586,0.792847,-0.010132,0.519312,0.752014,-0.033178,0.552647,0.725292,-0.060993,0.557807,0.729373,-0.090466,0.480909,0.628165,-0.037396,0.514992,0.583304,-0.074276,0.547292,0.546609,-0.096329,0.575586,0.51193,-0.1108,0.432874,0.6268,-0.053166,0.507009,0.710841,-0.096179,0.51019,0.782705,-0.102927,0.495228,0.798003,-0.101359,0.393979,0.665222,-0.07011,0.471144,0.766546,-0.109699,0.476062,0.812686,-0.099949,0.463475,0.81103,-0.086233,0.364159,0.719429,-0.088399,0.417509,0.786114,-0.109933,0.42494,0.814064,-0.098816,0.412032,0.809322,-0.085686
620,20666,True,0.9998,0.9998,0.408675,0.810159,0.0,0.481356,0.773932,-0.005827,0.535724,0.733315,-0.029532,0.566865,0.701477,-0.059068,0.562454,0.69472,-0.09055,0.489945,0.601862,-0.040527,0.528307,0.541882,-0.080119,0.563009,0.496687,-0.103887,0.590324,0.455266,-0.119097,0.442148,0.601153,-0.059202,0.519154,0.676046,-0.102163,0.521579,0.751028,-0.107279,0.502775,0.760992,-0.105814,0.403807,0.639708,-0.078299,0.483376,0.724312,-0.119178,0.489624,0.777021,-0.105327,0.473972,0.778462,-0.089558,0.374505,0.693467,-0.098233,0.43314,0.743877,-0.11988,0.446538,0.77995,-0.103037,0.435591,0.785554,-0.08604
621,20700,True,0.9997,0.9997,0.414538,0.797509,0.0,0.489983,0.757847,-0.005544,0.54467,0.714314,-0.03031,0.575382,0.680129,-0.060778,0.57006,0.67358,-0.092822,0.497539,0.579503,-0.042911,0.539585,0.513742,-0.083475,0.576466,0.467484,-0.108151,0.604408,0.42564,-0.124154,0.450339,0.578774,-0.063157,0.533972,0.645892,-0.107935,0.536572,0.727056,-0.112876,0.515622,0.742916,-0.110668,0.412995,0.617461,-0.083669,0.498122,0.698255,-0.127145,0.502274,0.756555,-0.113927,0.482993,0.760856,-0.098019,0.384703,0.670983,-0.104834,0.450751,0.722636,-0.128259,0.46543,0.763551,-0.111449,0.454365,0.771485,-0.094333
622,20733,True,0.9996,0.9996,0.413825,0.790862,0.0,0.492928,0.752269,-0.00613,0.549393,0.709377,-0.030676,0.582654,0.674224,-0.060829,0.575066,0.662226,-0.092094,0.507102,0.570067,-0.04477,0.550952,0.50043,-0.084861,0.586246,0.451986,-0.109729,0.611103,0.408244,-0.126507,0.459251,0.568281,-0.064417,0.540554,0.640696,-0.111339,0.543486,0.720195,-0.118982,0.523462,0.737939,-0.118812,0.420783,0.606185,-0.08387,0.503895,0.691557,-0.127915,0.507303,0.750084,-0.115757,0.488342,0.755493,-0.100739,0.392459,0.658643,-0.104145,0.457308,0.715964,-0.128454,0.472266,0.75704,-0.113076,0.462065,0.765368,-0.096906
623,20766,True,0.9991,0.9991,0.407628,0.80109,0.0,0.488768,0.757711,-0.009456,0.543597,0.711752,-0.035005,0.57309,0.676578,-0.065898,0.568863,0.668141,-0.097196,0.505476,0.572928,-0.044552,0.548386,0.501418,-0.08466,0.583459,0.451845,-0.108761,0.610809,0.407577,-0.125057,0.457464,0.568506,-0.063106,0.537215,0.641971,-0.110778,0.535571,0.719424,-0.118666,0.515736,0.733398,-0.11758,0.418733,0.603561,-0.081903,0.49981,0.697054,-0.124675,0.501032,0.752485,-0.1126,0.484213,0.75325,-0.09732,0.389167,0.654081,-0.102314,0.448936,0.72227,-0.125903,0.462498,0.761008,-0.112058,0.454756,0.763829,-0.096667
624,20800,True,0.9977,0.9977,0.394512,0.808992,0.0,0.474163,0.762997,-0.014727,0.522847,0.715748,-0.042816,0.550661,0.681166,-0.075156,0.554834,0.661975,-0.107641,0.489112,0.567451,-0.046898,0.530534,0.498572,-0.085476,0.563519,0.448505,-0.110822,0.58965,0.404968,-0.129152,0.439825,0.568968,-0.063385,0.519029,0.639271,-0.108197,0.518305,0.713399,-0.117711,0.500998,0.724458,-0.120043,0.40022,0.607989,-0.080639,0.482254,0.697323,-0.118884,0.482851,0.748583,-0.107106,0.46536,0.747106,-0.094979,0.368856,0.662734,-0.1004,0.430599,0.726633,-0.122162,0.442136,0.761659,-0.109156,0.431632,0.761034,-0.095978
625,20833,True,0.9965,0.9965,0.378716,0.816769,0.0,0.449145,0.76607,-0.011256,0.493307,0.719562,-0.035282,0.515656,0.688498,-0.064301,0.52309,0.66073,-0.093542,0.459073,0.576655,-0.041598,0.493163,0.503961,-0.07611,0.519723,0.450065,-0.098119,0.542765,0.403659,-0.113989,0.409259,0.579818,-0.057501,0.479489,0.644531,-0.098583,0.482245,0.710792,-0.107752,0.46892,0.724863,-0.110453,0.369306,0.618485,-0.073936,0.443729,0.699654,-0.109761,0.447062,0.746593,-0.100917,0.432513,0.747778,-0.091006,0.338575,0.671006,-0.092388,0.394429,0.726616,-0.11332,0.404225,0.757529,-0.103645,0.394318,0.756638,-0.093098
626,20866,True,0.9982,0.9982,0.364082,0.824986,0.0,0.424642,0.774515,-0.015259,0.467218,0.726662,-0.04028,0.490581,0.692355,-0.069201,0.48963,0.67636,-0.097786,0.423946,0.58502,-0.045208,0.44369,0.502324,-0.079013,0.459896,0.444525,-0.099644,0.472114,0.395057,-0.114741,0.370681,0.58957,-0.059312,0.43182,0.640569,-0.097631,0.44381,0.699727,-0.10561,0.437789,0.711563,-0.108152,0.329173,0.628376,-0.074258,0.400454,0.7138,-0.107445,0.409662,0.757705,-0.09826,0.399552,0.756972,-0.088909,0.299097,0.682461,-0.091817,0.353922,0.742552,-0.110491,0.367522,0.7732,-0.100124,0.359358,0.772132,-0.089712
627,20900,True,0.9984,0.9984,0.350205,0.829326,0.0,0.408748,0.774742,-0.017437,0.456164,0.716545,-0.04054,0.479423,0.675204,-0.066582,0.465669,0.67429,-0.092886,0.394599,0.591016,-0.048319,0.408168,0.51217,-0.08275,0.418787,0.45658,-0.104029,0.427725,0.403988,-0.119747,0.337809,0.594261,-0.06096,0.401165,0.654754,-0.102109,0.424143,0.710664,-0.111972,0.427187,0.722514,-0.115112,0.293833,0.63648,-0.074252,0.367934,0.729992,-0.109245,0.383579,0.775072,-0.102266,0.37933,0.777544,-0.093445,0.263705,0.693894,-0.090359,0.318781,0.75952,-0.109493,0.338985,0.7914,-0.100647,0.337116,0.795247,-0.09092
628,20933,True,0.998,0.998,0.344026,0.829087,0.0,0.397107,0.773004,-0.018641,0.443404,0.710823,-0.041405,0.466871,0.667058,-0.066205,0.444889,0.678545,-0.091515,0.375382,0.599301,-0.05058,0.380848,0.523364,-0.08541,0.387881,0.468479,-0.10646,0.392605,0.415915,-0.121715,0.317569,0.602577,-0.06131,0.379339,0.67211,-0.101678,0.404881,0.731291,-0.109403,0.408713,0.74696,-0.110487,0.276094,0.648843,-0.072857,0.347487,0.748892,-0.107951,0.368267,0.786155,-0.102833,0.369256,0.782879,-0.094973,0.250542,0.707761,-0.086991,0.302065,0.780811,-0.106063,0.325224,0.807707,-0.09909,0.327778,0.807191,-0.090651
629,20966,True,0.9977,0.9977,0.34177,0.829524,0.0,0.393019,0.777841,-0.020351,0.437071,0.720777,-0.043136,0.459293,0.682001,-0.067772,0.444653,0.683508,-0.093065,0.374045,0.605138,-0.047463,0.379737,0.535577,-0.081985,0.384201,0.484439,-0.103965,0.386905,0.433376,-0.119995,0.316384,0.609812,-0.057148,0.375202,0.675933,-0.101098,0.399004,0.740063,-0.113471,0.402786,0.762612,-0.116557,0.274841,0.655105,-0.067773,0.346215,0.749177,-0.105831,0.368732,0.793888,-0.102176,0.371825,0.798574,-0.093834,0.247253,0.713333,-0.080987,0.297112,0.780904,-0.102601,0.322501,0.813019,-0.096389,0.328459,0.81669,-0.087334
630,21000,True,0.9981,0.9981,0.352145,0.836882,0.0,0.401248,0.793863,-0.019573,0.445166,0.741665,-0.042998,0.467004,0.703705,-0.069123,0.455781,0.696952,-0.095651,0.386287,0.624706,-0.047074,0.396288,0.559227,-0.083452,0.405642,0.512886,-0.104999,0.415944,0.467417,-0.11928,0.329166,0.626259,-0.056471,0.391694,0.69879,-0.099578,0.411871,0.765117,-0.108231,0.413844,0.784622,-0.108609,0.287333,0.668006,-0.067382,0.360114,0.758465,-0.105824,0.376604,0.803428,-0.098889,0.374427,0.808281,-0.088175,0.257489,0.723862,-0.080725,0.308924,0.784627,-0.102857,0.331678,0.815192,-0.095059,0.333727,0.817989,-0.084511
631,21033,True,0.9976,0.9976,0.357089,0.855604,-0.0,0.411631,0.806415,-0.015376,0.455911,0.753827,-0.037603,0.481255,0.72283,-0.063863,0.481026,0.724931,-0.090022,0.405195,0.631146,-0.034666,0.42434,0.583876,-0.071654,0.448763,0.549967,-0.094371,0.474079,0.518378,-0.109113,0.353701,0.63784,-0.045796,0.424551,0.717313,-0.088294,0.43634,0.783711,-0.099128,0.42592,0.797567,-0.101723,0.316094,0.68123,-0.059143,0.392377,0.772986,-0.097923,0.404497,0.817558,-0.094705,0.394587,0.815684,-0.086721,0.289363,0.737545,-0.074434,0.346006,0.802005,-0.09697,0.362028,0.830407,-0.092139,0.354187,0.82654,-0.084071
632,21066,True,0.9981,0.9981,0.364937,0.860004,-0.0,0.426235,0.803923,-0.009406,0.474403,0.755303,-0.029938,0.504386,0.736509,-0.056152,0.509197,0.753962,-0.082828,0.430356,0.638049,-0.023844,0.464272,0.612985,-0.059023,0.500154,0.602798,-0.081411,0.536885,0.594992,-0.09536,0.384441,0.649888,-0.037927,0.46245,0.737509,-0.075398,0.46631,0.807248,-0.084811,0.452781,0.81881,-0.086479,0.348274,0.695115,-0.054325,0.429589,0.792578,-0.089657,0.433992,0.837831,-0.086777,0.42041,0.833234,-0.078436,0.320968,0.750429,-0.072155,0.377488,0.816296,-0.090573,0.386306,0.840054,-0.083807,0.374332,0.83128,-0.074403
633,21100,True,0.9987,0.9987,0.377572,0.872611,0.0,0.438083,0.820532,-0.009868,0.48847,0.776993,-0.029688,0.522139,0.761566,-0.05422,0.535206,0.772424,-0.078641,0.460275,0.654341,-0.023944,0.503665,0.653613,-0.060538,0.543859,0.652282,-0.086203,0.583049,0.647331,-0.102995,0.416853,0.667326,-0.038948,0.490179,0.767201,-0.08041,0.488837,0.826198,-0.093045,0.473044,0.833358,-0.096286,0.379944,0.712978,-0.056358,0.456774,0.823321,-0.094301,0.457041,0.859456,-0.092246,0.442031,0.848565,-0.083544,0.351421,0.770083,-0.07537,0.411425,0.843961,-0.096067,0.417557,0.864507,-0.089946,0.403897,0.850755,-0.080447
634,21133,True,0.9994,0.9994,0.381164,0.885475,0.0,0.442431,0.839085,-0.004992,0.492705,0.801355,-0.023668,0.529591,0.791135,-0.047198,0.554319,0.790527,-0.071385,0.475089,0.674783,-0.026156,0.530599,0.683634,-0.063456,0.57552,0.69546,-0.090464,0.615707,0.705369,-0.107425,0.433722,0.687637,-0.041973,0.509102,0.794588,-0.079868,0.509383,0.857295,-0.091499,0.496291,0.870449,-0.096033,0.397139,0.73345,-0.059263,0.472398,0.840438,-0.094385,0.472844,0.880759,-0.091165,0.458361,0.876742,-0.083351,0.368555,0.790207,-0.077406,0.428405,0.862833,-0.096201,0.434983,0.886206,-0.088211,0.423008,0.876873,-0.078173
635,21166,True,0.9993,0.9993,0.379945,0.897806,0.0,0.448625,0.846642,-0.000825,0.503847,0.805057,-0.017519,0.542622,0.798748,-0.038976,0.564554,0.819779,-0.061753,0.482276,0.695497,-0.028746,0.541125,0.713246,-0.063705,0.588244,0.72867,-0.088703,0.628891,0.742207,-0.105041,0.439053,0.705531,-0.045876,0.514733,0.818916,-0.080213,0.515078,0.875868,-0.088581,0.501888,0.885561,-0.092376,0.400596,0.750445,-0.063571,0.474976,0.865579,-0.094485,0.475094,0.900605,-0.090651,0.461321,0.892327,-0.084036,0.370826,0.805512,-0.081856,0.429618,0.885042,-0.096865,0.435757,0.904329,-0.088567,0.424151,0.89204,-0.07985
636,21200,True,0.9976,0.9976,0.379779,0.906545,0.0,0.446128,0.860233,-0.005892,0.502957,0.818746,-0.02158,0.537485,0.814974,-0.041031,0.554649,0.837655,-0.061703,0.472237,0.699363,-0.024547,0.521971,0.728581,-0.055956,0.561974,0.746162,-0.081504,0.600588,0.760733,-0.099916,0.427339,0.711251,-0.039048,0.495687,0.840073,-0.071476,0.490375,0.880921,-0.084637,0.476893,0.878938,-0.093516,0.387043,0.756748,-0.054865,0.453515,0.885351,-0.082728,0.450035,0.907367,-0.082499,0.438245,0.889862,-0.080435,0.353073,0.812491,-0.072345,0.406311,0.904254,-0.088292,0.407212,0.918734,-0.084632,0.395024,0.901517,-0.08014
637,21233,True,0.9942,0.9942,0.373851,0.909533,0.0,0.434754,0.865598,-0.019435,0.480435,0.826447,-0.042263,0.506438,0.828512,-0.065706,0.520711,0.855032,-0.087983,0.441717,0.704201,-0.039423,0.476635,0.725866,-0.078141,0.511987,0.750266,-0.108285,0.546033,0.770634,-0.128688,0.392285,0.717485,-0.047426,0.458479,0.85338,-0.081897,0.451041,0.875543,-0.093149,0.436785,0.852896,-0.101411,0.351229,0.767781,-0.058768,0.420736,0.903277,-0.085754,0.417272,0.903715,-0.080167,0.409203,0.8684,-0.075594,0.318358,0.828918,-0.073793,0.371532,0.923027,-0.093239,0.372522,0.921525,-0.089453,0.363568,0.890929,-0.084051
638,21266,True,0.9852,0.9852,0.351237,0.899963,0.0,0.417864,0.854546,-0.020182,0.459223,0.816891,-0.039219,0.478599,0.817974,-0.058721,0.486655,0.833069,-0.07596,0.40691,0.696118,-0.032942,0.424311,0.716644,-0.065271,0.454029,0.740811,-0.089078,0.482243,0.761802,-0.104202,0.35429,0.715278,-0.038934,0.406451,0.855236,-0.07028,0.426937,0.873624,-0.082181,0.432134,0.857366,-0.089255,0.311094,0.767528,-0.048298,0.373055,0.911451,-0.073055,0.390339,0.907887,-0.069804,0.392764,0.869842,-0.065177,0.279076,0.827276,-0.061279,0.325406,0.926066,-0.081,0.338003,0.927248,-0.078545,0.334929,0.896709,-0.072179
639,21300,True,0.9888,0.9888,0.326975,0.911452,0.0,0.392992,0.865198,-0.019957,0.437206,0.818286,-0.037296,0.458373,0.803897,-0.055498,0.455898,0.815191,-0.070925,0.380671,0.695819,-0.030929,0.390864,0.711372,-0.065192,0.411554,0.736911,-0.088207,0.432904,0.757483,-0.101455,0.32495,0.711521,-0.037633,0.374987,0.838755,-0.071156,0.397376,0.864745,-0.082862,0.406584,0.854645,-0.087666,0.28027,0.763038,-0.047831,0.341136,0.899652,-0.074382,0.365551,0.90671,-0.070919,0.375959,0.877648,-0.064403,0.248115,0.822878,-0.061705,0.291297,0.917898,-0.080469,0.310329,0.923918,-0.077498,0.315943,0.897885,-0.069963
640,21333,True,0.9942,0.9942,0.314207,0.911016,0.0,0.376922,0.860305,-0.019343,0.425996,0.799709,-0.037373,0.449332,0.785664,-0.057078,0.426693,0.817711,-0.072963,0.359513,0.694583,-0.033811,0.364868,0.682309,-0.070799,0.387816,0.709946,-0.090032,0.409195,0.74934,-0.097548,0.30357,0.709281,-0.041442,0.361873,0.827365,-0.078649,0.389518,0.857142,-0.084991,0.399646,0.853728,-0.082587,0.261084,0.760439,-0.05307,0.328812,0.890391,-0.081132,0.354985,0.89911,-0.072127,0.363816,0.874531,-0.059514,0.23231,0.819058,-0.068707,0.282321,0.913113,-0.087619,0.303252,0.92543,-0.081945,0.30831,0.906917,-0.070552
641,21366,True,0.9948,0.9948,0.3113,0.912454,-0.0,0.370628,0.860201,-0.01627,0.417866,0.800483,-0.033818,0.443642,0.776545,-0.053552,0.429987,0.796181,-0.069171,0.354987,0.685155,-0.032581,0.3561,0.675015,-0.068916,0.377147,0.69713,-0.085264,0.397401,0.728163,-0.09072,0.298758,0.698995,-0.041471,0.356236,0.812208,-0.078821,0.383509,0.849109,-0.082086,0.391477,0.850315,-0.076977,0.256413,0.749501,-0.054091,0.327181,0.877152,-0.08385,0.352442,0.893393,-0.072754,0.357023,0.873683,-0.058239,0.227915,0.809038,-0.070279,0.280694,0.900633,-0.089408,0.300271,0.917141,-0.083019,0.300536,0.900813,-0.071102
642,21400,True,0.9941,0.9941,0.311063,0.907691,-0.0,0.36893,0.857942,-0.017844,0.414531,0.803299,-0.037115,0.439964,0.778219,-0.058324,0.432456,0.787996,-0.075961,0.35629,0.684005,-0.035827,0.351322,0.666032,-0.076827,0.373143,0.682181,-0.099176,0.396488,0.708421,-0.108601,0.300663,0.696579,-0.044642,0.354387,0.798472,-0.086572,0.383444,0.835688,-0.094356,0.393725,0.842189,-0.092007,0.257955,0.746538,-0.057333,0.327212,0.868269,-0.090801,0.355515,0.887746,-0.08387,0.363908,0.87429,-0.071356,0.229072,0.806966,-0.073406,0.28118,0.891357,-0.093191,0.302008,0.908497,-0.087814,0.303867,0.895634,-0.076779
643,21433,True,0.9967,0.9967,0.313848,0.904702,-0.0,0.370401,0.853505,-0.01612,0.415999,0.798497,-0.035578,0.442433,0.777228,-0.05767,0.43773,0.78767,-0.076534,0.357632,0.683567,-0.032691,0.354012,0.667072,-0.072712,0.379656,0.678275,-0.0961,0.407648,0.697499,-0.10732,0.303477,0.698959,-0.042719,0.365863,0.803705,-0.082859,0.389682,0.837774,-0.091486,0.391442,0.833826,-0.090795,0.262555,0.749209,-0.056437,0.338288,0.867901,-0.088259,0.360395,0.885615,-0.079532,0.359813,0.86479,-0.066673,0.234411,0.807554,-0.073519,0.291932,0.888757,-0.091927,0.310582,0.90479,-0.083993,0.307451,0.890503,-0.071502
644,21466,True,0.9965,0.9965,0.316825,0.901311,-0.0,0.374831,0.84947,-0.014719,0.422615,0.791407,-0.032817,0.447264,0.770419,-0.053816,0.442078,0.78873,-0.072388,0.362806,0.680526,-0.02936,0.359217,0.667407,-0.065987,0.384099,0.676595,-0.087326,0.41331,0.688831,-0.098327,0.309174,0.69533,-0.040012,0.374748,0.804398,-0.078158,0.396031,0.841631,-0.086949,0.395807,0.835123,-0.087118,0.268474,0.745694,-0.053985,0.343543,0.863913,-0.086214,0.366149,0.884374,-0.079745,0.367797,0.863567,-0.06867,0.239918,0.804278,-0.070854,0.295056,0.883578,-0.08948,0.314675,0.901281,-0.082486,0.315209,0.888706,-0.071181
645,21500,True,0.9967,0.9967,0.320612,0.900899,-0.0,0.378933,0.851758,-0.014281,0.427573,0.796061,-0.032092,0.45308,0.771711,-0.052865,0.449414,0.785098,-0.071667,0.370092,0.684298,-0.029981,0.367064,0.669025,-0.066493,0.389522,0.675814,-0.088959,0.416488,0.685258,-0.101375,0.31557,0.69699,-0.041018,0.377425,0.804209,-0.079924,0.399391,0.84134,-0.09052,0.400895,0.837422,-0.092305,0.273708,0.746399,-0.055138,0.346473,0.86459,-0.088063,0.369772,0.885994,-0.083665,0.372744,0.86753,-0.074281,0.2446,0.804277,-0.071959,0.299919,0.883847,-0.090608,0.320714,0.901612,-0.0846,0.322538,0.889483,-0.074559
646,21533,True,0.9968,0.9968,0.323371,0.898817,0.0,0.382374,0.851317,-0.014457,0.430472,0.799283,-0.03229,0.454906,0.776446,-0.052857,0.450148,0.786431,-0.071627,0.372109,0.682071,-0.030502,0.368035,0.667914,-0.066705,0.391571,0.676246,-0.089699,0.420332,0.685341,-0.102604,0.317461,0.697319,-0.041607,0.379243,0.804324,-0.080209,0.403394,0.842577,-0.091731,0.407436,0.841183,-0.094581,0.27596,0.748866,-0.055665,0.348973,0.864439,-0.089136,0.374888,0.887533,-0.086117,0.379868,0.873294,-0.077759,0.24783,0.807987,-0.072273,0.303636,0.883516,-0.091228,0.326311,0.901902,-0.085534,0.330391,0.892007,-0.07585
647,21566,True,0.9976,0.9976,0.326496,0.89924,-0.0,0.384393,0.853732,-0.015327,0.433059,0.801372,-0.033522,0.45705,0.776659,-0.054082,0.451623,0.786472,-0.072881,0.374738,0.686152,-0.031918,0.372168,0.672665,-0.068002,0.393564,0.678869,-0.091751,0.421032,0.687005,-0.105539,0.319721,0.699017,-0.042205,0.381039,0.806572,-0.07966,0.404702,0.844352,-0.090712,0.409898,0.844289,-0.094068,0.278345,0.749218,-0.055445,0.350547,0.865401,-0.08698,0.374024,0.887158,-0.083579,0.377015,0.873002,-0.076156,0.250508,0.808342,-0.071459,0.304997,0.886828,-0.089363,0.323935,0.903421,-0.084275,0.323216,0.891388,-0.075845
648,21600,True,0.998,0.998,0.328842,0.896523,0.0,0.386017,0.849462,-0.015974,0.433194,0.796909,-0.034361,0.45771,0.775665,-0.054955,0.45111,0.790687,-0.073677,0.373963,0.679849,-0.032547,0.371969,0.667884,-0.069049,0.396448,0.679176,-0.09265,0.42655,0.693132,-0.105606,0.319056,0.69591,-0.042656,0.381954,0.806226,-0.081406,0.406599,0.844933,-0.092995,0.412906,0.848061,-0.096023,0.27738,0.747899,-0.055793,0.350775,0.864954,-0.088165,0.37679,0.886957,-0.085815,0.383191,0.875341,-0.078404,0.249416,0.808324,-0.071696,0.304303,0.886481,-0.089583,0.325937,0.90335,-0.084684,0.329839,0.892789,-0.076
649,21633,True,0.9975,0.9975,0.330052,0.895384,-0.0,0.387242,0.848483,-0.016589,0.435615,0.794611,-0.035657,0.459499,0.775644,-0.057044,0.452147,0.796036,-0.07682,0.374974,0.682565,-0.032467,0.373212,0.670036,-0.069251,0.397696,0.679225,-0.094036,0.428132,0.690939,-0.108261,0.320093,0.6981,-0.042334,0.383428,0.806458,-0.080273,0.408541,0.844135,-0.091943,0.414769,0.846676,-0.095829,0.279069,0.749217,-0.05534,0.352852,0.864774,-0.085524,0.376258,0.885693,-0.082319,0.379381,0.873074,-0.075396,0.251431,0.809068,-0.07149,0.307054,0.888235,-0.087901,0.326897,0.904095,-0.082872,0.327461,0.892711,-0.074829
650,21666,True,0.9976,0.9976,0.329975,0.893818,0.0,0.387526,0.847286,-0.018081,0.435349,0.795242,-0.038486,0.460111,0.779644,-0.060785,0.454072,0.800617,-0.081335,0.376644,0.679796,-0.035229,0.376276,0.671726,-0.073619,0.401448,0.682714,-0.099781,0.432058,0.695239,-0.114863,0.321314,0.695734,-0.044633,0.385406,0.808284,-0.084021,0.410672,0.84507,-0.096174,0.41729,0.847273,-0.10024,0.279713,0.747095,-0.057316,0.354446,0.866585,-0.087934,0.377211,0.885496,-0.084243,0.380077,0.870508,-0.076935,0.251547,0.807423,-0.073401,0.308348,0.889399,-0.090601,0.328455,0.90496,-0.085563,0.329441,0.89222,-0.077322
651,21700,True,0.998,0.998,0.329186,0.893746,0.0,0.387624,0.845479,-0.017007,0.436601,0.793769,-0.037579,0.462736,0.778306,-0.060523,0.455955,0.802893,-0.08222,0.377666,0.679551,-0.034626,0.378817,0.673388,-0.072389,0.404275,0.683928,-0.098478,0.435141,0.694422,-0.11397,0.322336,0.69628,-0.044905,0.387514,0.80691,-0.083362,0.412089,0.845007,-0.095546,0.417738,0.848712,-0.100279,0.280804,0.74837,-0.058277,0.356487,0.86506,-0.088593,0.378321,0.885593,-0.085784,0.379343,0.8728,-0.07954,0.253206,0.809147,-0.074866,0.311503,0.889858,-0.091256,0.330246,0.905332,-0.086512,0.328866,0.893227,-0.079139
652,21733,True,0.9979,0.9979,0.32831,0.894461,0.0,0.387845,0.845952,-0.016609,0.437424,0.794868,-0.036825,0.463281,0.78041,-0.059432,0.456759,0.803394,-0.080966,0.379564,0.68202,-0.034383,0.381494,0.6771,-0.072292,0.407253,0.686525,-0.098577,0.438928,0.694669,-0.114201,0.324435,0.697292,-0.044686,0.390455,0.808088,-0.083211,0.414851,0.847863,-0.09542,0.420746,0.852969,-0.099968,0.282736,0.747912,-0.058012,0.358733,0.86534,-0.089288,0.380514,0.88739,-0.086967,0.381968,0.875093,-0.080579,0.254348,0.807436,-0.074378,0.312323,0.887708,-0.091305,0.330609,0.904735,-0.086601,0.329278,0.894081,-0.079027
653,21766,True,0.9978,0.9978,0.332989,0.896533,0.0,0.392987,0.850958,-0.017041,0.442416,0.801206,-0.036783,0.465583,0.784202,-0.058593,0.456814,0.802549,-0.079033,0.382347,0.683932,-0.03606,0.385528,0.677847,-0.074469,0.411578,0.690167,-0.10073,0.442819,0.702223,-0.115977,0.326297,0.698861,-0.04604,0.390742,0.811908,-0.084289,0.414187,0.848553,-0.096468,0.419556,0.849441,-0.101202,0.283943,0.750062,-0.05897,0.357718,0.869403,-0.089809,0.381817,0.889465,-0.087268,0.38666,0.87516,-0.080916,0.255421,0.810509,-0.074987,0.312203,0.892025,-0.091915,0.331834,0.907363,-0.087021,0.332732,0.894781,-0.079146
654,21800,True,0.9968,0.9968,0.332096,0.896983,0.0,0.391586,0.84784,-0.017494,0.439704,0.79604,-0.037805,0.466126,0.782858,-0.060193,0.460815,0.807839,-0.081136,0.382305,0.681558,-0.036168,0.385182,0.679034,-0.074177,0.412109,0.69133,-0.100118,0.444017,0.704242,-0.115173,0.327136,0.697746,-0.045725,0.391083,0.813896,-0.084914,0.417992,0.849587,-0.096569,0.426638,0.854316,-0.100266,0.285447,0.749852,-0.058334,0.359961,0.872068,-0.08863,0.382954,0.890567,-0.084998,0.385898,0.877467,-0.077534,0.257374,0.81072,-0.074318,0.315536,0.895602,-0.091566,0.334342,0.909989,-0.086996,0.33335,0.896965,-0.078921
655,21833,True,0.9972,0.9972,0.331607,0.902826,0.0,0.390794,0.855092,-0.01906,0.438704,0.805824,-0.040639,0.466061,0.79027,-0.063794,0.46557,0.808729,-0.0853,0.385414,0.6846,-0.039553,0.388689,0.682454,-0.078989,0.415231,0.696623,-0.105728,0.446168,0.712094,-0.121137,0.329712,0.69868,-0.048329,0.392526,0.817092,-0.088655,0.418868,0.855436,-0.100321,0.427497,0.862171,-0.103977,0.287244,0.749799,-0.060254,0.3598,0.87557,-0.091576,0.382616,0.896014,-0.087938,0.386651,0.884409,-0.080517,0.258212,0.81115,-0.075625,0.314574,0.899231,-0.09367,0.334327,0.91491,-0.089357,0.335174,0.901974,-0.081442
656,21866,True,0.9975,0.9975,0.332265,0.907303,0.0,0.392358,0.859431,-0.017953,0.442258,0.808897,-0.038503,0.468459,0.792111,-0.060958,0.463225,0.81395,-0.082017,0.38832,0.68762,-0.035057,0.391562,0.688342,-0.072813,0.415957,0.70146,-0.0984,0.445498,0.714654,-0.113416,0.331961,0.701032,-0.044602,0.392485,0.818559,-0.083409,0.415648,0.858285,-0.095343,0.422152,0.862089,-0.099449,0.288231,0.75161,-0.057328,0.359732,0.879781,-0.088854,0.381614,0.90123,-0.086974,0.385389,0.885552,-0.080769,0.258003,0.81273,-0.073185,0.313328,0.902439,-0.090318,0.332295,0.919305,-0.086111,0.332458,0.904975,-0.078766
657,21900,True,0.9973,0.9973,0.333271,0.907484,0.0,0.393226,0.857346,-0.016177,0.441967,0.808009,-0.035669,0.466811,0.792033,-0.057283,0.460169,0.810384,-0.07763,0.388172,0.684705,-0.034665,0.393733,0.685435,-0.071989,0.419116,0.70055,-0.09684,0.447907,0.715942,-0.11069,0.33103,0.700384,-0.044848,0.3949,0.817185,-0.083445,0.418062,0.859498,-0.094978,0.423108,0.868478,-0.098016,0.287468,0.752903,-0.057859,0.360475,0.877165,-0.090167,0.384913,0.900307,-0.088598,0.389868,0.889683,-0.081461,0.25794,0.814768,-0.07358,0.315194,0.898153,-0.091367,0.335895,0.916025,-0.086655,0.337987,0.905702,-0.078011
658,21933,True,0.9975,0.9975,0.333598,0.903534,0.0,0.39263,0.849304,-0.013075,0.438123,0.795276,-0.03039,0.463981,0.776326,-0.05088,0.461415,0.794429,-0.070687,0.383496,0.683935,-0.029701,0.393012,0.67428,-0.064822,0.420574,0.684634,-0.088416,0.450877,0.69081,-0.102782,0.328583,0.699555,-0.041546,0.393458,0.802738,-0.080044,0.414393,0.848603,-0.0923,0.415262,0.856395,-0.095808,0.286636,0.751287,-0.055915,0.36086,0.86631,-0.089289,0.38373,0.891597,-0.088565,0.38548,0.878731,-0.081855,0.258913,0.812081,-0.072542,0.31645,0.890193,-0.091273,0.336036,0.909192,-0.087291,0.335715,0.900039,-0.079273
659,21966,True,0.9988,0.9988,0.331918,0.879932,0.0,0.389832,0.832974,-0.017019,0.436142,0.783007,-0.036743,0.465207,0.758314,-0.059019,0.465999,0.766278,-0.080445,0.385613,0.656196,-0.030314,0.393719,0.646775,-0.067171,0.419636,0.648376,-0.091459,0.449126,0.646289,-0.105893,0.332613,0.666888,-0.040026,0.395657,0.765023,-0.081218,0.418583,0.823168,-0.09218,0.421599,0.839936,-0.092983,0.290556,0.713633,-0.052929,0.363277,0.828284,-0.089838,0.383297,0.862918,-0.087118,0.382517,0.857161,-0.077112,0.260903,0.77307,-0.068319,0.316113,0.853038,-0.088831,0.333459,0.877028,-0.084214,0.328722,0.869828,-0.074644
660,22000,True,0.9991,0.9991,0.332661,0.861252,0.0,0.390549,0.813323,-0.013765,0.438714,0.762967,-0.03221,0.46665,0.734027,-0.053568,0.46339,0.730343,-0.074895,0.381833,0.633486,-0.027237,0.399002,0.614607,-0.060333,0.426383,0.604113,-0.082853,0.456518,0.593799,-0.096682,0.333593,0.6415,-0.037514,0.401591,0.726392,-0.074029,0.419164,0.784562,-0.084471,0.417007,0.8011,-0.086263,0.294682,0.685399,-0.050199,0.366615,0.783601,-0.084738,0.382092,0.821589,-0.082109,0.37799,0.820922,-0.073156,0.266077,0.743082,-0.064721,0.317824,0.805363,-0.084426,0.332679,0.828593,-0.07903,0.326801,0.82494,-0.069407
661,22033,True,0.9993,0.9993,0.339773,0.824784,0.0,0.398445,0.777361,-0.011853,0.446223,0.726404,-0.029382,0.470847,0.693216,-0.050339,0.459411,0.686261,-0.071836,0.387991,0.597437,-0.022938,0.405219,0.567864,-0.05226,0.427652,0.549776,-0.073364,0.453076,0.534946,-0.086959,0.338785,0.600704,-0.033821,0.405877,0.675984,-0.066749,0.422192,0.736027,-0.077629,0.421957,0.756308,-0.080862,0.298637,0.641411,-0.046695,0.367631,0.730409,-0.076649,0.381908,0.771924,-0.074618,0.380359,0.776653,-0.068343,0.269735,0.697816,-0.061346,0.317807,0.757899,-0.077404,0.336231,0.785404,-0.071398,0.337165,0.787284,-0.063094
662,22066,True,0.9992,0.9992,0.344653,0.785346,0.0,0.403363,0.742876,-0.018554,0.45046,0.692529,-0.039548,0.472178,0.654222,-0.062814,0.456998,0.649383,-0.086415,0.39197,0.560312,-0.027687,0.410731,0.524864,-0.060905,0.436513,0.500944,-0.083372,0.463231,0.481469,-0.096952,0.341947,0.561739,-0.035986,0.403075,0.621674,-0.075825,0.421367,0.69878,-0.085762,0.421141,0.734346,-0.084741,0.301859,0.598543,-0.047024,0.363882,0.67872,-0.082693,0.380511,0.731105,-0.077805,0.378791,0.746096,-0.066406,0.273671,0.651349,-0.060361,0.31842,0.705175,-0.079252,0.336875,0.738744,-0.071856,0.334949,0.746605,-0.060743
663,22100,True,0.9994,0.9994,0.355963,0.748191,0.0,0.409868,0.713444,-0.020713,0.455801,0.665391,-0.043143,0.474498,0.628062,-0.067228,0.456165,0.618382,-0.091605,0.398234,0.529038,-0.034511,0.413836,0.487172,-0.071255,0.440407,0.46004,-0.094859,0.467784,0.438335,-0.108495,0.345044,0.528955,-0.042386,0.404345,0.586547,-0.086562,0.423064,0.668912,-0.096634,0.421509,0.706234,-0.094427,0.302709,0.566337,-0.053007,0.365057,0.644378,-0.093949,0.383159,0.700558,-0.088794,0.381454,0.715182,-0.075616,0.27184,0.621085,-0.065593,0.316577,0.671877,-0.088194,0.337773,0.707089,-0.079995,0.337949,0.714513,-0.067183
664,22133,True,0.9986,0.9986,0.353024,0.73853,0.0,0.408267,0.70561,-0.023111,0.460151,0.655798,-0.045445,0.478881,0.611292,-0.069524,0.453283,0.599333,-0.093668,0.405767,0.513482,-0.030275,0.420452,0.466473,-0.066952,0.444431,0.434696,-0.090153,0.470265,0.408715,-0.103501,0.350779,0.508022,-0.036489,0.398051,0.56692,-0.0817,0.413218,0.653208,-0.091837,0.412401,0.688027,-0.089041,0.305742,0.539327,-0.046119,0.360269,0.615992,-0.08871,0.374669,0.679226,-0.082865,0.372084,0.694796,-0.068683,0.26926,0.588485,-0.057967,0.313778,0.643157,-0.080901,0.334384,0.685778,-0.071867,0.334462,0.693909,-0.05811
665,22166,True,0.998,0.998,0.348898,0.736372,0.0,0.403948,0.704418,-0.023231,0.459034,0.652439,-0.045103,0.477724,0.607973,-0.068668,0.449639,0.600653,-0.09216,0.40919,0.514548,-0.030582,0.423679,0.473063,-0.06597,0.445391,0.446599,-0.08752,0.469047,0.421055,-0.100283,0.352993,0.505926,-0.037489,0.393618,0.565137,-0.080149,0.407695,0.649453,-0.089342,0.408298,0.675816,-0.086655,0.306055,0.534189,-0.047534,0.353841,0.617477,-0.086999,0.367432,0.680378,-0.080146,0.36557,0.688811,-0.066508,0.267781,0.579424,-0.060172,0.305062,0.638222,-0.080723,0.3238,0.682382,-0.070672,0.324469,0.688884,-0.057131
666,22200,True,0.9971,0.9971,0.33801,0.749206,-0.0,0.393404,0.715551,-0.022748,0.444246,0.667997,-0.043387,0.466443,0.633867,-0.065501,0.450125,0.61951,-0.08704,0.401489,0.520609,-0.029546,0.417824,0.49264,-0.064669,0.440138,0.47765,-0.08834,0.465609,0.464469,-0.102657,0.346538,0.511168,-0.035769,0.389341,0.592542,-0.074828,0.403408,0.666401,-0.08685,0.406517,0.690265,-0.088666,0.299389,0.542149,-0.045344,0.348252,0.643392,-0.080914,0.360224,0.700345,-0.077728,0.360731,0.707618,-0.068625,0.262348,0.590633,-0.057821,0.298137,0.659323,-0.077385,0.315642,0.699167,-0.070624,0.319302,0.7035,-0.060311
667,22233,True,0.9979,0.9979,0.327825,0.763315,-0.0,0.385457,0.731913,-0.021676,0.439176,0.690425,-0.040771,0.466167,0.664019,-0.061151,0.444913,0.661948,-0.080844,0.395242,0.548343,-0.027878,0.401915,0.536895,-0.059439,0.419635,0.527667,-0.081384,0.444545,0.521665,-0.095224,0.343332,0.539342,-0.033748,0.374012,0.635542,-0.069904,0.387856,0.698835,-0.081825,0.397267,0.719266,-0.084419,0.296291,0.568345,-0.042726,0.332762,0.688061,-0.073777,0.341846,0.734053,-0.071767,0.345178,0.73427,-0.064684,0.257283,0.613082,-0.054935,0.282671,0.700177,-0.071883,0.297261,0.734522,-0.067258,0.302169,0.731064,-0.059418
668,22266,True,0.9967,0.9967,0.322095,0.805169,-0.0,0.378706,0.772113,-0.025084,0.428081,0.738944,-0.049685,0.453032,0.726588,-0.075341,0.4354,0.733763,-0.098226,0.397397,0.581811,-0.036592,0.403048,0.586505,-0.076989,0.414866,0.605754,-0.100472,0.429471,0.627078,-0.112721,0.340738,0.578752,-0.043099,0.363408,0.697532,-0.082514,0.379964,0.760439,-0.091239,0.392052,0.770122,-0.091741,0.289308,0.613731,-0.053845,0.321965,0.749545,-0.087061,0.333991,0.791507,-0.080771,0.339106,0.77962,-0.070973,0.24686,0.663414,-0.068509,0.271565,0.763798,-0.088132,0.289282,0.796804,-0.081986,0.297091,0.785275,-0.072207
669,22300,True,0.9911,0.9911,0.313219,0.825233,-0.0,0.375481,0.795242,-0.028995,0.428013,0.7699,-0.056433,0.455512,0.771337,-0.084173,0.441334,0.785874,-0.10886,0.400135,0.609796,-0.045959,0.416238,0.679214,-0.097252,0.427998,0.73961,-0.130712,0.437314,0.776548,-0.147315,0.341715,0.622109,-0.051157,0.366415,0.782908,-0.091614,0.380394,0.831422,-0.102572,0.385681,0.828374,-0.106233,0.289115,0.665272,-0.061457,0.322489,0.825454,-0.092842,0.334197,0.850303,-0.086043,0.335248,0.82416,-0.07622,0.245468,0.716547,-0.076439,0.272738,0.828614,-0.094986,0.28879,0.850115,-0.087947,0.293251,0.829797,-0.077019
670,22333,True,0.9898,0.9898,0.323249,0.835069,-0.0,0.387523,0.812192,-0.034919,0.438537,0.802052,-0.070708,0.467115,0.819007,-0.106765,0.458672,0.842152,-0.139834,0.411996,0.661471,-0.064594,0.436871,0.738374,-0.123697,0.453562,0.796579,-0.161037,0.464512,0.832208,-0.179287,0.349886,0.67438,-0.068951,0.385508,0.848999,-0.111742,0.392797,0.879518,-0.118177,0.390781,0.853935,-0.119744,0.297122,0.716656,-0.078964,0.340567,0.885355,-0.109141,0.348043,0.891049,-0.093753,0.343955,0.851199,-0.079249,0.253738,0.764858,-0.095194,0.288058,0.88487,-0.114381,0.299758,0.8907,-0.104495,0.297652,0.859871,-0.091614
671,22366,True,0.9928,0.9928,0.322464,0.868711,-0.0,0.390462,0.846938,-0.02169,0.443984,0.835737,-0.049509,0.478201,0.857986,-0.078989,0.498392,0.888451,-0.106326,0.423398,0.70186,-0.050874,0.456422,0.756755,-0.100876,0.483556,0.805533,-0.134348,0.504434,0.850384,-0.151412,0.366988,0.712023,-0.059062,0.416128,0.886899,-0.094619,0.41997,0.915437,-0.099011,0.413047,0.900609,-0.100711,0.317225,0.756418,-0.071375,0.369956,0.920844,-0.094554,0.371144,0.919026,-0.077225,0.362276,0.883777,-0.063119,0.274541,0.807992,-0.088723,0.315274,0.923748,-0.104065,0.32307,0.921391,-0.091902,0.317412,0.886972,-0.07821
672,22400,True,0.9885,0.9885,0.336871,0.909576,0.0,0.413881,0.876087,-0.016902,0.475449,0.848731,-0.039122,0.506515,0.862531,-0.063843,0.52197,0.896468,-0.087864,0.448846,0.720753,-0.037038,0.491168,0.769533,-0.080734,0.528699,0.801061,-0.113587,0.563409,0.831329,-0.134046,0.396949,0.727782,-0.046719,0.457975,0.901102,-0.083657,0.443773,0.922864,-0.092875,0.427465,0.899109,-0.098074,0.347298,0.772556,-0.060098,0.408206,0.937363,-0.087869,0.396598,0.930834,-0.078463,0.386835,0.891529,-0.069462,0.303405,0.828077,-0.077541,0.354394,0.945128,-0.09693,0.351179,0.93855,-0.09076,0.340257,0.904021,-0.082253
673,22433,True,0.9947,0.9947,0.358893,0.905268,0.0,0.432903,0.867572,-0.009638,0.496881,0.8376,-0.029019,0.536705,0.856341,-0.052123,0.554563,0.89295,-0.076127,0.473749,0.721055,-0.035506,0.524698,0.760771,-0.075476,0.566151,0.778855,-0.106805,0.607944,0.794444,-0.127821,0.423948,0.727795,-0.049614,0.493734,0.889939,-0.085675,0.475632,0.91869,-0.094661,0.45808,0.900682,-0.099871,0.376734,0.771576,-0.066064,0.445432,0.927217,-0.095039,0.427731,0.927787,-0.087598,0.413735,0.893349,-0.079803,0.335222,0.827611,-0.085433,0.394798,0.937128,-0.104241,0.388786,0.936234,-0.097518,0.374093,0.909938,-0.089175
674,22466,True,0.9994,0.9994,0.383661,0.901997,0.0,0.450754,0.861129,-0.005492,0.513363,0.826445,-0.025547,0.557069,0.833577,-0.049784,0.57538,0.868865,-0.076035,0.495357,0.710088,-0.039436,0.555816,0.728023,-0.077894,0.603672,0.733498,-0.105882,0.647898,0.734994,-0.124765,0.446854,0.712034,-0.055902,0.521547,0.852234,-0.094976,0.513426,0.909242,-0.102604,0.497926,0.91781,-0.105093,0.401304,0.755067,-0.073235,0.475673,0.895288,-0.107216,0.468845,0.926931,-0.100269,0.45411,0.917238,-0.091117,0.363655,0.813327,-0.091918,0.425134,0.910057,-0.108665,0.426556,0.928348,-0.099057,0.413194,0.917517,-0.08913
675,22500,True,0.9997,0.9997,0.40362,0.884483,0.0,0.472494,0.844743,-0.003198,0.535802,0.804293,-0.022514,0.577922,0.804275,-0.046578,0.590398,0.835018,-0.073582,0.512341,0.691489,-0.039231,0.570145,0.686145,-0.077071,0.618828,0.674835,-0.104033,0.661063,0.661966,-0.122604,0.465269,0.691425,-0.057352,0.540945,0.812421,-0.096454,0.538309,0.877877,-0.103788,0.522692,0.890731,-0.105898,0.421571,0.732733,-0.075688,0.500218,0.861525,-0.109918,0.497292,0.904243,-0.101221,0.480391,0.898791,-0.091062,0.38589,0.791395,-0.095021,0.449549,0.881413,-0.112009,0.454996,0.908507,-0.100121,0.441352,0.900262,-0.088639
676,22533,True,0.9999,0.9999,0.407436,0.875509,0.0,0.481518,0.843759,-0.001651,0.543995,0.801114,-0.021687,0.585284,0.782754,-0.04675,0.594593,0.803188,-0.073924,0.515691,0.673964,-0.038555,0.57607,0.650333,-0.077457,0.625068,0.630724,-0.103745,0.666165,0.609427,-0.12188,0.46946,0.671774,-0.058431,0.548916,0.783089,-0.100167,0.545273,0.857908,-0.106525,0.527702,0.871135,-0.10762,0.427547,0.710585,-0.078406,0.510235,0.830147,-0.117967,0.5084,0.880995,-0.108668,0.491002,0.876848,-0.097395,0.39421,0.766808,-0.098712,0.460958,0.847964,-0.119305,0.46834,0.883297,-0.106083,0.454745,0.880655,-0.093244
677,22566,True,0.9998,0.9998,0.417425,0.860126,0.0,0.494634,0.826239,-0.003183,0.557739,0.78846,-0.027117,0.598369,0.768572,-0.057245,0.599476,0.77987,-0.089643,0.525023,0.649178,-0.040406,0.583105,0.613514,-0.08031,0.629344,0.586946,-0.106452,0.666199,0.558553,-0.124277,0.477349,0.649584,-0.061879,0.557422,0.755044,-0.105537,0.554275,0.834075,-0.112101,0.53476,0.842143,-0.112656,0.435492,0.689178,-0.083559,0.518606,0.799551,-0.12544,0.518845,0.856109,-0.114403,0.500519,0.852395,-0.101062,0.402526,0.7443,-0.105817,0.47157,0.817556,-0.128012,0.480105,0.857339,-0.112919,0.465136,0.857614,-0.097822
678,22600,True,0.9996,0.9996,0.427313,0.850914,0.0,0.508321,0.819624,-0.006866,0.568167,0.783591,-0.033599,0.602981,0.757052,-0.066034,0.598194,0.755349,-0.099963,0.535181,0.634751,-0.043513,0.588787,0.586804,-0.085176,0.63236,0.552546,-0.112083,0.666727,0.520906,-0.130144,0.487521,0.634026,-0.064255,0.566623,0.725613,-0.109628,0.564803,0.805996,-0.116241,0.54609,0.81957,-0.11624,0.446039,0.672565,-0.085696,0.527159,0.772511,-0.128708,0.527325,0.830849,-0.117079,0.508848,0.831837,-0.1032,0.413935,0.727782,-0.108187,0.481591,0.795606,-0.131341,0.491578,0.835887,-0.116354,0.477748,0.838175,-0.101245
679,22633,True,0.9996,0.9996,0.432761,0.84567,0.0,0.515714,0.813675,-0.006672,0.575476,0.774927,-0.033147,0.609295,0.743717,-0.065271,0.600352,0.741238,-0.098549,0.543029,0.624061,-0.044272,0.596464,0.571785,-0.084831,0.638881,0.534665,-0.111091,0.672513,0.500082,-0.129402,0.494288,0.621984,-0.065366,0.57266,0.712729,-0.11091,0.57077,0.792934,-0.117921,0.552619,0.807498,-0.118596,0.452074,0.660265,-0.086885,0.534633,0.761277,-0.128481,0.534246,0.819468,-0.116094,0.516268,0.821357,-0.102484,0.419575,0.715624,-0.10972,0.487955,0.783552,-0.13239,0.498576,0.824045,-0.11765,0.486188,0.827354,-0.10315
680,22666,True,0.9994,0.9994,0.424012,0.847189,0.0,0.514257,0.810132,-0.007952,0.576722,0.769901,-0.035601,0.610443,0.739729,-0.069337,0.597039,0.748332,-0.10415,0.541327,0.621238,-0.043955,0.597378,0.570039,-0.083984,0.64104,0.533592,-0.110833,0.676417,0.499264,-0.130496,0.490783,0.618169,-0.065378,0.57088,0.714731,-0.111013,0.571181,0.789354,-0.119635,0.555083,0.797791,-0.121904,0.448386,0.657789,-0.087251,0.531374,0.764432,-0.126362,0.53551,0.81888,-0.114394,0.520387,0.818288,-0.10222,0.416432,0.71434,-0.111213,0.48132,0.791323,-0.132126,0.49205,0.827532,-0.118744,0.480206,0.827006,-0.105968
681,22700,True,0.9989,0.9989,0.418262,0.855035,0.0,0.507737,0.817979,-0.013724,0.569531,0.784585,-0.045634,0.603084,0.757778,-0.082687,0.586077,0.756765,-0.12039,0.534251,0.626955,-0.05038,0.590127,0.576862,-0.091239,0.630488,0.537521,-0.118337,0.663017,0.500987,-0.138645,0.482871,0.622493,-0.070004,0.561028,0.721542,-0.11631,0.556872,0.796193,-0.12516,0.54147,0.802114,-0.128094,0.439707,0.661762,-0.09039,0.520815,0.773927,-0.129275,0.51951,0.82409,-0.11673,0.502584,0.817218,-0.105149,0.407504,0.719671,-0.113506,0.46675,0.796995,-0.135435,0.471514,0.827382,-0.123001,0.455979,0.819005,-0.111386
682,22733,True,0.9973,0.9973,0.399517,0.859901,0.0,0.482349,0.825091,-0.019506,0.54568,0.791781,-0.047016,0.58292,0.768654,-0.07693,0.574761,0.757953,-0.106163,0.507003,0.631703,-0.052795,0.559633,0.582117,-0.090179,0.597312,0.539734,-0.117386,0.628775,0.498755,-0.138777,0.454506,0.625095,-0.066169,0.52647,0.727204,-0.108828,0.533778,0.785091,-0.120429,0.525616,0.79603,-0.127454,0.409751,0.664411,-0.080505,0.487076,0.784248,-0.111388,0.485882,0.81711,-0.100364,0.468334,0.809445,-0.092549,0.376632,0.723519,-0.098869,0.437786,0.809412,-0.118636,0.443009,0.828352,-0.111125,0.428721,0.814761,-0.103966
683,22766,True,0.9985,0.9985,0.378697,0.866535,0.0,0.448818,0.825728,-0.019678,0.503827,0.780967,-0.043482,0.538516,0.754583,-0.069439,0.540603,0.747213,-0.094742,0.463445,0.63532,-0.048812,0.506688,0.579536,-0.084019,0.541705,0.539525,-0.110104,0.573406,0.503217,-0.130461,0.409589,0.634834,-0.060924,0.471209,0.725215,-0.101717,0.482634,0.774577,-0.116127,0.477575,0.78717,-0.125308,0.364524,0.678658,-0.074137,0.434795,0.793772,-0.105133,0.443975,0.827134,-0.099228,0.434106,0.824426,-0.094523,0.331967,0.74045,-0.091061,0.387499,0.827239,-0.111348,0.398984,0.847508,-0.106825,0.390722,0.838383,-0.101576
684,22800,True,0.9984,0.9984,0.35068,0.874511,0.0,0.413024,0.835966,-0.022148,0.461075,0.791234,-0.04633,0.490126,0.761454,-0.072211,0.49704,0.744039,-0.096974,0.421406,0.645908,-0.050596,0.455782,0.583029,-0.083821,0.483448,0.537106,-0.10679,0.508527,0.493246,-0.125263,0.363749,0.643581,-0.06108,0.422923,0.742002,-0.099871,0.436763,0.782323,-0.114246,0.435936,0.778604,-0.12404,0.316779,0.688281,-0.072645,0.383111,0.811105,-0.103167,0.3992,0.838669,-0.097002,0.399453,0.826325,-0.092517,0.28377,0.749569,-0.088021,0.335178,0.833579,-0.108315,0.352951,0.856967,-0.101976,0.352325,0.849463,-0.095168
685,22833,True,0.9983,0.9983,0.335531,0.870362,0.0,0.395114,0.82939,-0.020846,0.44636,0.780801,-0.044126,0.473923,0.745837,-0.069025,0.462992,0.749969,-0.093844,0.395068,0.647408,-0.050166,0.417906,0.582326,-0.083132,0.435999,0.538414,-0.103361,0.453027,0.495139,-0.118905,0.333954,0.646771,-0.061042,0.389847,0.734315,-0.101363,0.409917,0.788852,-0.113617,0.416291,0.797719,-0.119227,0.285536,0.69044,-0.07274,0.353739,0.812375,-0.106135,0.375451,0.848908,-0.101716,0.382005,0.842662,-0.095911,0.252241,0.748789,-0.08759,0.302086,0.835197,-0.106585,0.325673,0.867187,-0.099554,0.331795,0.867034,-0.091566
686,22866,True,0.9973,0.9973,0.331126,0.86342,0.0,0.386703,0.817278,-0.018865,0.437794,0.760928,-0.040428,0.460947,0.733883,-0.064501,0.438801,0.752606,-0.089023,0.376913,0.642107,-0.045049,0.392153,0.584229,-0.07861,0.40751,0.544776,-0.098554,0.423915,0.501509,-0.113286,0.314861,0.643304,-0.056601,0.371076,0.744611,-0.097085,0.392924,0.799318,-0.108141,0.398393,0.797334,-0.112244,0.26792,0.69133,-0.069505,0.336255,0.815183,-0.106093,0.359586,0.851193,-0.102669,0.365766,0.835654,-0.096047,0.236746,0.750949,-0.085113,0.284442,0.83542,-0.106658,0.310071,0.86583,-0.100445,0.318896,0.862003,-0.092131
687,22900,True,0.9975,0.9975,0.324443,0.863055,0.0,0.378476,0.817672,-0.02194,0.427561,0.760674,-0.044501,0.452877,0.734253,-0.069371,0.436225,0.745027,-0.094727,0.372685,0.64292,-0.044839,0.384264,0.582339,-0.079739,0.397165,0.538976,-0.101851,0.410228,0.493084,-0.117668,0.310317,0.644382,-0.054616,0.364818,0.736448,-0.097901,0.38645,0.788996,-0.111455,0.389594,0.792939,-0.115987,0.26285,0.69073,-0.066222,0.327561,0.808774,-0.104214,0.350473,0.848908,-0.101789,0.354887,0.841389,-0.094492,0.230547,0.749085,-0.080902,0.273528,0.829854,-0.103506,0.300405,0.862757,-0.098052,0.310861,0.862846,-0.089293
688,22933,True,0.9976,0.9976,0.327778,0.867783,0.0,0.380655,0.821482,-0.019612,0.430486,0.762174,-0.040815,0.452053,0.731829,-0.06469,0.43265,0.743112,-0.08895,0.369998,0.644383,-0.042234,0.381196,0.581109,-0.07669,0.395427,0.538397,-0.098716,0.409333,0.491697,-0.114811,0.308515,0.645088,-0.052754,0.361194,0.735888,-0.094446,0.381792,0.789428,-0.107725,0.382219,0.791043,-0.113026,0.262553,0.690072,-0.064962,0.326425,0.805733,-0.101264,0.349624,0.844944,-0.098973,0.352075,0.835027,-0.092926,0.231457,0.748477,-0.079952,0.275521,0.828611,-0.100766,0.300675,0.861367,-0.095108,0.3068,0.86043,-0.087121
689,22966,True,0.9978,0.9978,0.330776,0.865026,0.0,0.382459,0.820011,-0.019174,0.429577,0.765736,-0.04088,0.45214,0.737683,-0.065234,0.440041,0.739631,-0.089802,0.373223,0.643816,-0.043539,0.384437,0.582423,-0.078493,0.399118,0.539265,-0.101617,0.414759,0.494114,-0.118414,0.31221,0.645125,-0.053813,0.367471,0.736561,-0.095285,0.389307,0.787887,-0.108397,0.392496,0.791061,-0.113948,0.266703,0.690829,-0.065727,0.331994,0.806524,-0.100221,0.353278,0.842967,-0.096958,0.355454,0.834127,-0.090997,0.235685,0.750086,-0.080637,0.28186,0.831504,-0.100541,0.30571,0.861109,-0.094963,0.309913,0.857843,-0.087365
690,23000,True,0.9982,0.9982,0.332603,0.865688,0.0,0.385185,0.821293,-0.017721,0.433529,0.76612,-0.039554,0.457311,0.735652,-0.064336,0.444205,0.742551,-0.089666,0.377404,0.648452,-0.043024,0.390646,0.588446,-0.078281,0.405914,0.545068,-0.100956,0.421837,0.500394,-0.117406,0.317652,0.648031,-0.054131,0.375358,0.733711,-0.096785,0.396772,0.79554,-0.108819,0.398418,0.806288,-0.112858,0.272808,0.692305,-0.066644,0.338729,0.803257,-0.102856,0.358296,0.844638,-0.098672,0.357726,0.838953,-0.091466,0.242142,0.750826,-0.081764,0.287388,0.828803,-0.102434,0.308884,0.859842,-0.096243,0.309226,0.857559,-0.088108
691,23033,True,0.9982,0.9982,0.335693,0.862651,0.0,0.387769,0.821254,-0.018035,0.435415,0.769013,-0.039794,0.460013,0.739248,-0.064611,0.450566,0.743483,-0.089686,0.382071,0.647913,-0.040874,0.396972,0.58719,-0.074624,0.41411,0.544231,-0.096189,0.43155,0.501512,-0.111993,0.323132,0.647455,-0.051708,0.378873,0.737654,-0.092634,0.399328,0.792951,-0.104917,0.401776,0.798164,-0.109686,0.278344,0.691063,-0.064109,0.34264,0.8072,-0.098523,0.362781,0.846147,-0.094661,0.364137,0.839026,-0.088233,0.247449,0.748512,-0.079342,0.292199,0.831865,-0.098778,0.313416,0.862755,-0.09282,0.314755,0.859686,-0.085147
692,23066,True,0.9981,0.9981,0.333519,0.861644,0.0,0.386431,0.821412,-0.017939,0.434018,0.770289,-0.03895,0.458419,0.739652,-0.062857,0.453977,0.740877,-0.087055,0.381613,0.647974,-0.039528,0.397785,0.587276,-0.072332,0.415784,0.54619,-0.09329,0.434383,0.504107,-0.108525,0.324593,0.648025,-0.049884,0.381137,0.737956,-0.0904,0.401548,0.795925,-0.102813,0.405083,0.805906,-0.107429,0.280674,0.690708,-0.061715,0.344523,0.804743,-0.096241,0.365267,0.845832,-0.09283,0.368887,0.843083,-0.086324,0.249964,0.746991,-0.076199,0.295274,0.827956,-0.095297,0.316286,0.862101,-0.088977,0.318503,0.862852,-0.080826
693,23100,True,0.9979,0.9979,0.333817,0.860503,0.0,0.385836,0.821347,-0.018346,0.43309,0.772678,-0.040347,0.458771,0.740831,-0.065294,0.452964,0.739726,-0.090572,0.38009,0.65045,-0.041516,0.396114,0.589258,-0.075458,0.415055,0.547145,-0.096314,0.435155,0.506226,-0.110869,0.323544,0.650238,-0.051728,0.381798,0.73809,-0.092127,0.402531,0.797074,-0.102735,0.406878,0.808316,-0.10595,0.280036,0.692088,-0.063632,0.346196,0.803675,-0.099195,0.367435,0.844048,-0.095229,0.372,0.842104,-0.088055,0.249655,0.747957,-0.078073,0.295805,0.825892,-0.09778,0.315901,0.858502,-0.091439,0.318069,0.859193,-0.083193
694,23133,True,0.9983,0.9983,0.332419,0.861324,0.0,0.384935,0.819936,-0.017983,0.431997,0.770099,-0.040223,0.458053,0.738637,-0.065717,0.452668,0.741188,-0.091684,0.379662,0.64652,-0.039503,0.39641,0.588999,-0.074171,0.41666,0.548971,-0.095576,0.438066,0.509384,-0.110237,0.323871,0.649013,-0.050271,0.382229,0.73446,-0.091675,0.403394,0.796352,-0.102474,0.407499,0.809793,-0.105239,0.280745,0.692457,-0.062858,0.346272,0.800975,-0.099818,0.368194,0.844586,-0.095757,0.372349,0.845912,-0.087686,0.250755,0.749354,-0.077874,0.297609,0.824711,-0.097807,0.318713,0.859255,-0.090724,0.320607,0.861783,-0.081611
695,23166,True,0.9983,0.9983,0.331472,0.860327,0.0,0.383122,0.818204,-0.017386,0.430653,0.767831,-0.039241,0.457062,0.73625,-0.064335,0.450446,0.742222,-0.090091,0.377051,0.648013,-0.040311,0.396579,0.591845,-0.074229,0.418472,0.552327,-0.095506,0.44108,0.51356,-0.110283,0.321093,0.650474,-0.051268,0.383099,0.738899,-0.090695,0.402961,0.798155,-0.100789,0.405924,0.810898,-0.103894,0.278603,0.69459,-0.063881,0.347699,0.803008,-0.098676,0.368656,0.843078,-0.094202,0.372029,0.843845,-0.086776,0.249468,0.752161,-0.078998,0.299295,0.826425,-0.097765,0.320411,0.858523,-0.090478,0.322817,0.861426,-0.081674
696,23200,True,0.9986,0.9986,0.33051,0.862874,0.0,0.383269,0.821381,-0.01736,0.430607,0.770821,-0.038223,0.457018,0.73876,-0.062178,0.45201,0.738618,-0.086845,0.375387,0.651292,-0.039359,0.395694,0.594183,-0.072303,0.417514,0.554568,-0.093599,0.440117,0.515703,-0.108415,0.32026,0.653643,-0.049672,0.38277,0.741753,-0.088512,0.402621,0.799079,-0.099856,0.405756,0.813291,-0.103928,0.278255,0.697565,-0.061496,0.347822,0.804591,-0.096009,0.368738,0.844667,-0.092771,0.372107,0.847677,-0.086066,0.249443,0.754555,-0.075735,0.299288,0.827698,-0.094985,0.322159,0.860377,-0.088426,0.326599,0.865526,-0.079857
697,23233,True,0.9984,0.9984,0.329948,0.864235,0.0,0.38239,0.823255,-0.01761,0.429464,0.773958,-0.039093,0.455698,0.741611,-0.063674,0.452581,0.737523,-0.088807,0.374698,0.652872,-0.039737,0.394673,0.59575,-0.073339,0.416721,0.556472,-0.095057,0.43958,0.518248,-0.110058,0.319689,0.655695,-0.049938,0.382569,0.742443,-0.089445,0.403357,0.799302,-0.100947,0.407344,0.813281,-0.105052,0.277879,0.699273,-0.061745,0.348229,0.805696,-0.09638,0.368983,0.845074,-0.093021,0.371576,0.847411,-0.086334,0.249309,0.756154,-0.075987,0.299721,0.82913,-0.095158,0.321135,0.860593,-0.08871,0.323365,0.864184,-0.080327
698,23266,True,0.9986,0.9986,0.328885,0.866211,0.0,0.381046,0.823518,-0.015729,0.428455,0.771887,-0.036009,0.455568,0.738777,-0.059647,0.452252,0.741163,-0.084047,0.37383,0.655297,-0.03843,0.393804,0.597277,-0.07089,0.416838,0.557961,-0.0918,0.440746,0.520672,-0.106174,0.319256,0.657806,-0.049144,0.382838,0.74353,-0.087415,0.40332,0.800883,-0.098021,0.407047,0.818342,-0.101459,0.277649,0.700819,-0.061227,0.348368,0.805864,-0.09474,0.369079,0.845402,-0.091416,0.371919,0.850472,-0.084726,0.249169,0.756789,-0.07558,0.300105,0.828281,-0.093506,0.321444,0.859954,-0.086702,0.323976,0.865434,-0.078186
699,23300,True,0.9986,0.9986,0.328655,0.866759,0.0,0.380437,0.82419,-0.015649,0.428184,0.771519,-0.036001,0.455469,0.738391,-0.05978,0.451975,0.742981,-0.084351,0.373945,0.656506,-0.039222,0.393822,0.598752,-0.072577,0.417365,0.55982,-0.093694,0.441563,0.522515,-0.108119,0.318775,0.658599,-0.050247,0.383393,0.745211,-0.089343,0.40355,0.804055,-0.099529,0.406025,0.820471,-0.102519,0.277036,0.701573,-0.062688,0.348518,0.807678,-0.096977,0.368985,0.847318,-0.093213,0.370847,0.85057,-0.086164,0.248441,0.757843,-0.077377,0.299774,0.830568,-0.095732,0.321324,0.86202,-0.088753,0.323736,0.866319,-0.080099
700,23333,True,0.9986,0.9986,0.32687,0.871041,0.0,0.379426,0.827768,-0.015373,0.427317,0.775407,-0.03569,0.45543,0.741763,-0.059428,0.453043,0.743523,-0.083942,0.373307,0.658627,-0.039371,0.393943,0.601976,-0.073038,0.417848,0.563798,-0.094637,0.44225,0.526704,-0.109456,0.318319,0.660679,-0.050365,0.383111,0.748843,-0.089377,0.402965,0.807651,-0.09976,0.40459,0.823663,-0.1033,0.276657,0.704015,-0.062742,0.348159,0.809893,-0.096833,0.36751,0.84857,-0.093198,0.367823,0.850785,-0.086667,0.248156,0.760939,-0.077343,0.299685,0.833781,-0.095894,0.321061,0.864344,-0.0893,0.322701,0.867704,-0.081111
701,23366,True,0.9987,0.9987,0.32515,0.874192,0.0,0.377178,0.830219,-0.014807,0.424856,0.777821,-0.03541,0.453758,0.744916,-0.059704,0.451541,0.749773,-0.084967,0.372966,0.661719,-0.038982,0.392565,0.604885,-0.07301,0.417115,0.567374,-0.095305,0.44254,0.531808,-0.110664,0.318203,0.66473,-0.050561,0.381851,0.750866,-0.090416,0.401871,0.810139,-0.101544,0.403842,0.827996,-0.105396,0.276525,0.70874,-0.063421,0.346422,0.812708,-0.097609,0.365565,0.851863,-0.093837,0.365667,0.855406,-0.087108,0.248049,0.765974,-0.078516,0.299044,0.837309,-0.096778,0.319168,0.868479,-0.089629,0.319054,0.872674,-0.081085
702,23400,True,0.9987,0.9987,0.323726,0.872992,0.0,0.376264,0.830467,-0.014544,0.425135,0.778706,-0.03482,0.454059,0.745684,-0.058755,0.450163,0.75179,-0.083579,0.371919,0.663803,-0.040189,0.391085,0.606206,-0.074428,0.416416,0.56937,-0.096509,0.442704,0.534471,-0.111705,0.317101,0.666393,-0.051882,0.381158,0.754401,-0.091561,0.400612,0.811738,-0.102276,0.402146,0.827422,-0.106142,0.275437,0.710267,-0.064811,0.345961,0.817074,-0.099,0.364988,0.85503,-0.095017,0.364944,0.857213,-0.08834,0.247061,0.767395,-0.079975,0.297716,0.83986,-0.098655,0.317271,0.870223,-0.091747,0.317021,0.873917,-0.083392
703,23433,True,0.9987,0.9987,0.324385,0.872591,0.0,0.376603,0.828816,-0.014843,0.425411,0.776039,-0.035375,0.453906,0.744522,-0.059638,0.448874,0.753093,-0.084636,0.372303,0.661876,-0.039564,0.390778,0.605451,-0.074069,0.41577,0.568806,-0.096125,0.442026,0.534012,-0.111286,0.316759,0.665051,-0.051371,0.382639,0.756786,-0.091224,0.40245,0.815036,-0.101473,0.403614,0.828861,-0.104961,0.274732,0.709944,-0.064628,0.347377,0.818942,-0.099383,0.366575,0.856372,-0.095091,0.365954,0.855757,-0.088115,0.246145,0.767903,-0.08014,0.298096,0.842009,-0.099139,0.317964,0.872147,-0.092026,0.317566,0.874438,-0.083481
704,23466,True,0.9987,0.9987,0.32395,0.872012,0.0,0.376275,0.827921,-0.015015,0.424678,0.775169,-0.035979,0.453221,0.744923,-0.060809,0.44858,0.753909,-0.086397,0.372044,0.662021,-0.040477,0.389871,0.605796,-0.075859,0.414415,0.569446,-0.098272,0.440196,0.534873,-0.113545,0.316029,0.665134,-0.052453,0.382807,0.75763,-0.093608,0.403456,0.817437,-0.103693,0.40454,0.832471,-0.106604,0.273913,0.710156,-0.065927,0.346899,0.818426,-0.101617,0.366046,0.856988,-0.096642,0.364742,0.857436,-0.08878,0.245374,0.768146,-0.081691,0.297797,0.84244,-0.101275,0.318466,0.872461,-0.093926,0.318451,0.874817,-0.084902
705,23500,True,0.9986,0.9986,0.323711,0.873783,0.0,0.37615,0.829522,-0.015261,0.423855,0.776399,-0.036042,0.452425,0.745808,-0.060645,0.449038,0.753096,-0.085767,0.371504,0.662418,-0.039016,0.389086,0.606527,-0.073702,0.413965,0.571012,-0.095866,0.440356,0.536981,-0.111064,0.315903,0.665404,-0.050673,0.381417,0.759257,-0.091277,0.401794,0.816761,-0.102038,0.403272,0.829712,-0.105509,0.273943,0.71022,-0.063901,0.346415,0.820815,-0.099478,0.366614,0.858355,-0.095629,0.366519,0.857684,-0.088471,0.24548,0.767923,-0.079407,0.297893,0.843753,-0.0992,0.318794,0.873341,-0.092683,0.319037,0.874612,-0.084175
706,23533,True,0.9986,0.9986,0.324423,0.87322,0.0,0.377342,0.829156,-0.015372,0.425445,0.776207,-0.036528,0.452821,0.746246,-0.061483,0.448126,0.754742,-0.086811,0.372231,0.661908,-0.03945,0.388989,0.607418,-0.074846,0.413064,0.572617,-0.097236,0.43891,0.538306,-0.112598,0.316054,0.665187,-0.051395,0.381365,0.759389,-0.092233,0.40129,0.815585,-0.102832,0.402052,0.824401,-0.106347,0.273947,0.710477,-0.064988,0.346859,0.82187,-0.100925,0.366884,0.859172,-0.096441,0.365999,0.856224,-0.088952,0.245475,0.768519,-0.080909,0.298709,0.844638,-0.101023,0.319671,0.874421,-0.094042,0.319427,0.874817,-0.085239
707,23566,True,0.9986,0.9986,0.325736,0.87458,0.0,0.378999,0.830886,-0.01472,0.427598,0.776859,-0.035174,0.454141,0.744897,-0.059537,0.447136,0.754415,-0.084172,0.372502,0.661981,-0.037605,0.389292,0.606417,-0.07243,0.413988,0.571469,-0.094291,0.440411,0.537776,-0.109212,0.31689,0.665072,-0.049703,0.381905,0.757492,-0.090144,0.401351,0.814015,-0.100527,0.401783,0.823598,-0.103619,0.275327,0.709976,-0.063476,0.348639,0.821405,-0.099093,0.367464,0.858537,-0.09492,0.36561,0.854967,-0.087509,0.247276,0.767845,-0.079516,0.300995,0.84487,-0.099156,0.320664,0.874146,-0.092353,0.319246,0.873331,-0.083683
708,23600,True,0.9988,0.9988,0.324524,0.878456,0.0,0.378563,0.835055,-0.014539,0.426613,0.781489,-0.035267,0.454471,0.745591,-0.060042,0.449211,0.752294,-0.084976,0.372705,0.665152,-0.036348,0.390775,0.606183,-0.070969,0.417742,0.569703,-0.092493,0.445383,0.537057,-0.106807,0.317929,0.668057,-0.047985,0.382935,0.754297,-0.087669,0.400197,0.811163,-0.097861,0.397645,0.82251,-0.100528,0.277156,0.710881,-0.061276,0.350954,0.818291,-0.096074,0.368883,0.855749,-0.092048,0.365696,0.853811,-0.084545,0.249731,0.767146,-0.076751,0.303807,0.842209,-0.094927,0.32213,0.870033,-0.087747,0.318971,0.868869,-0.078773
709,23633,True,0.999,0.999,0.329668,0.876936,0.0,0.383624,0.833636,-0.013879,0.431745,0.780241,-0.034688,0.459203,0.74327,-0.059571,0.45042,0.750102,-0.084917,0.374024,0.661741,-0.037305,0.394774,0.604843,-0.071414,0.423375,0.568577,-0.0932,0.45259,0.537588,-0.107849,0.320406,0.666378,-0.04917,0.390429,0.756232,-0.088817,0.407847,0.81429,-0.099065,0.405752,0.82933,-0.102031,0.280879,0.710442,-0.062431,0.358847,0.814878,-0.096445,0.375949,0.851484,-0.092125,0.372282,0.851793,-0.084867,0.254843,0.768316,-0.077863,0.312398,0.839586,-0.096046,0.329583,0.865827,-0.089006,0.325117,0.865789,-0.080278
710,23666,True,0.9988,0.9988,0.335285,0.871718,0.0,0.389243,0.8276,-0.014423,0.437379,0.775751,-0.036563,0.464891,0.7414,-0.062833,0.456838,0.744927,-0.089463,0.380034,0.655147,-0.03835,0.401368,0.600285,-0.075051,0.43017,0.565769,-0.098281,0.459191,0.53309,-0.113507,0.327242,0.660672,-0.050553,0.397987,0.74721,-0.091621,0.411758,0.807812,-0.101838,0.404281,0.818236,-0.104426,0.288365,0.705323,-0.064386,0.367189,0.807774,-0.099644,0.381172,0.847296,-0.093351,0.373328,0.844838,-0.084208,0.26184,0.764384,-0.080492,0.317686,0.832599,-0.099884,0.335078,0.859593,-0.091495,0.330453,0.858212,-0.081127
711,23700,True,0.9991,0.9991,0.344172,0.861755,0.0,0.397333,0.819763,-0.015445,0.442834,0.769159,-0.039913,0.468258,0.733984,-0.068711,0.464189,0.731203,-0.097667,0.389584,0.641972,-0.039799,0.413134,0.588343,-0.080348,0.442157,0.549167,-0.104616,0.470051,0.512238,-0.119778,0.337041,0.647246,-0.052728,0.411055,0.732422,-0.097729,0.422725,0.79898,-0.10609,0.411679,0.805862,-0.106342,0.298132,0.691749,-0.067861,0.377368,0.791022,-0.10757,0.389226,0.834103,-0.09788,0.379046,0.828996,-0.085395,0.270557,0.751916,-0.085328,0.325256,0.816788,-0.107571,0.34332,0.845377,-0.09739,0.33866,0.843257,-0.085037
712,23733,True,0.9993,0.9993,0.350109,0.840043,0.0,0.404816,0.800005,-0.015471,0.44851,0.754292,-0.040212,0.475569,0.722194,-0.069303,0.477247,0.704882,-0.098678,0.399215,0.626676,-0.039778,0.424963,0.563757,-0.080835,0.452939,0.519724,-0.105662,0.477647,0.480051,-0.120778,0.348261,0.631923,-0.051879,0.41776,0.69693,-0.097527,0.428296,0.765474,-0.106779,0.415696,0.776988,-0.106999,0.310425,0.672793,-0.06591,0.386991,0.756635,-0.10631,0.396659,0.803803,-0.095776,0.383097,0.80327,-0.08193,0.282652,0.729135,-0.082041,0.335053,0.784518,-0.104365,0.352765,0.814622,-0.092499,0.346294,0.815068,-0.078324
713,23766,True,0.9993,0.9993,0.356741,0.814789,0.0,0.412827,0.775759,-0.01502,0.456973,0.732095,-0.04001,0.483602,0.700067,-0.068998,0.479303,0.680208,-0.098506,0.410831,0.601422,-0.043173,0.435926,0.533602,-0.085191,0.462015,0.486742,-0.110234,0.484702,0.444156,-0.125489,0.359158,0.604333,-0.055735,0.427668,0.660827,-0.101586,0.440005,0.735673,-0.108746,0.429708,0.753381,-0.107638,0.319729,0.643968,-0.070167,0.394539,0.71835,-0.112,0.405719,0.771474,-0.100509,0.392711,0.776795,-0.085827,0.290911,0.700778,-0.086336,0.34254,0.746368,-0.109948,0.35936,0.779752,-0.097338,0.350397,0.783969,-0.082668
714,23800,True,0.9994,0.9994,0.365433,0.791018,0.0,0.421354,0.751256,-0.013566,0.465001,0.70851,-0.039555,0.490417,0.673802,-0.069949,0.482863,0.642938,-0.101102,0.412728,0.570746,-0.043953,0.43938,0.499455,-0.085478,0.46501,0.448159,-0.110053,0.486547,0.404147,-0.124974,0.361369,0.575221,-0.057967,0.434141,0.626279,-0.103843,0.447231,0.703099,-0.110766,0.436534,0.723602,-0.10941,0.322927,0.615142,-0.073536,0.400389,0.685804,-0.116217,0.412247,0.741754,-0.104439,0.399145,0.750166,-0.089548,0.29545,0.672483,-0.090556,0.349689,0.714175,-0.11522,0.368582,0.750667,-0.101963,0.360798,0.758583,-0.086735
715,23833,True,0.9993,0.9993,0.371743,0.774467,0.0,0.426664,0.73122,-0.016017,0.468569,0.685205,-0.044674,0.494861,0.649633,-0.077477,0.489088,0.625944,-0.110971,0.418794,0.545893,-0.046803,0.445453,0.47215,-0.089456,0.471684,0.416768,-0.114683,0.493221,0.370796,-0.130465,0.365984,0.551423,-0.06078,0.43938,0.603128,-0.109436,0.45366,0.6858,-0.116756,0.442354,0.709555,-0.11535,0.326627,0.593007,-0.076494,0.404911,0.661231,-0.121774,0.417597,0.720395,-0.110137,0.403661,0.730819,-0.095122,0.298324,0.652232,-0.093802,0.35255,0.690516,-0.120579,0.373048,0.727424,-0.1078,0.366251,0.734837,-0.092842
716,23866,True,0.999,0.999,0.373163,0.770751,0.0,0.432024,0.724849,-0.017544,0.474583,0.677997,-0.047973,0.499808,0.641444,-0.082594,0.494212,0.612243,-0.11733,0.427002,0.532728,-0.04657,0.454961,0.458926,-0.091673,0.480645,0.39985,-0.117711,0.501179,0.352415,-0.133429,0.373523,0.535769,-0.060546,0.449618,0.588668,-0.110588,0.461227,0.673896,-0.117319,0.447385,0.69569,-0.114522,0.333533,0.575298,-0.076719,0.414582,0.648517,-0.124151,0.424614,0.709848,-0.111895,0.408354,0.718592,-0.095647,0.303596,0.631825,-0.094773,0.363927,0.677613,-0.123376,0.38536,0.718763,-0.110212,0.378666,0.727093,-0.094159
717,23900,True,0.9991,0.9991,0.375592,0.775288,0.0,0.437526,0.729759,-0.017968,0.482736,0.687197,-0.049687,0.508069,0.650694,-0.085662,0.501493,0.617427,-0.121571,0.436523,0.531754,-0.048456,0.464491,0.455522,-0.092706,0.491337,0.395467,-0.118294,0.512353,0.346281,-0.134095,0.38134,0.531768,-0.062901,0.455895,0.588769,-0.109505,0.465984,0.675462,-0.115351,0.451032,0.690957,-0.113237,0.339516,0.57166,-0.079273,0.418737,0.65265,-0.124486,0.428472,0.713389,-0.111491,0.411998,0.716856,-0.095913,0.30806,0.629076,-0.097618,0.36497,0.680231,-0.124441,0.388222,0.722502,-0.109411,0.383637,0.7306,-0.092571
718,23933,True,0.9988,0.9988,0.377008,0.78944,0.0,0.444534,0.743524,-0.017572,0.492014,0.702252,-0.049392,0.518401,0.669857,-0.085865,0.512006,0.638719,-0.12299,0.444231,0.545789,-0.051533,0.469965,0.467754,-0.097109,0.495991,0.408482,-0.124838,0.517543,0.360377,-0.142524,0.390125,0.546115,-0.067324,0.468404,0.607949,-0.116833,0.476061,0.694464,-0.124998,0.461017,0.713916,-0.124485,0.348235,0.587905,-0.084829,0.43102,0.67187,-0.130174,0.438515,0.732196,-0.117429,0.42255,0.73709,-0.102501,0.316749,0.648019,-0.104603,0.37372,0.704813,-0.131185,0.395242,0.745149,-0.116939,0.392164,0.750698,-0.10128
719,23966,True,0.9986,0.9986,0.386231,0.823006,0.0,0.452843,0.778752,-0.018954,0.500201,0.734804,-0.049925,0.523769,0.704079,-0.085226,0.523818,0.676537,-0.120841,0.455217,0.582326,-0.050664,0.48623,0.50951,-0.094391,0.513382,0.456381,-0.119838,0.536459,0.410594,-0.136698,0.399286,0.582941,-0.065076,0.470193,0.650628,-0.115343,0.479898,0.737288,-0.12412,0.467597,0.755806,-0.123948,0.356186,0.62572,-0.081123,0.432863,0.713722,-0.127938,0.444395,0.77322,-0.116135,0.430735,0.77537,-0.101114,0.323156,0.685453,-0.099318,0.378409,0.74471,-0.128049,0.397269,0.78196,-0.116283,0.388341,0.781376,-0.101911
720,24000,True,0.9993,0.9993,0.390482,0.862508,-0.0,0.460314,0.825356,-0.022159,0.519239,0.78609,-0.053353,0.551159,0.752588,-0.088685,0.542116,0.732756,-0.12473,0.468646,0.632199,-0.056039,0.496255,0.562369,-0.10432,0.52626,0.513706,-0.132867,0.554896,0.471053,-0.15087,0.410244,0.627467,-0.069142,0.479367,0.718708,-0.123307,0.484608,0.802013,-0.133,0.470379,0.826706,-0.132721,0.364275,0.669636,-0.08467,0.44042,0.782624,-0.132477,0.447281,0.838004,-0.121956,0.434535,0.84149,-0.107118,0.329897,0.729942,-0.103002,0.38273,0.806714,-0.130659,0.395243,0.838285,-0.121176,0.384823,0.834123,-0.10838
721,24033,True,0.9985,0.9985,0.386779,0.898046,-0.0,0.452014,0.85645,-0.013776,0.514221,0.811163,-0.036872,0.554852,0.797224,-0.064733,0.559551,0.812885,-0.094148,0.469676,0.67849,-0.043287,0.50106,0.64523,-0.08254,0.53298,0.626635,-0.109951,0.565125,0.605394,-0.129486,0.413602,0.684875,-0.060082,0.492744,0.806489,-0.106476,0.498684,0.872496,-0.122442,0.487844,0.887168,-0.129449,0.367882,0.73814,-0.077967,0.449631,0.873491,-0.119701,0.453041,0.914827,-0.118141,0.439598,0.904551,-0.111287,0.33221,0.804257,-0.097812,0.39372,0.897922,-0.122244,0.400659,0.924566,-0.116015,0.386631,0.912737,-0.107165
722,24066,True,0.9819,0.9819,0.40074,0.913357,0.0,0.466149,0.885665,-0.027535,0.52353,0.859648,-0.056352,0.55537,0.882957,-0.085921,0.560322,0.93417,-0.11626,0.491682,0.739202,-0.059748,0.52638,0.760058,-0.105853,0.555915,0.756752,-0.140897,0.589632,0.749771,-0.164774,0.434812,0.746256,-0.069226,0.493827,0.920908,-0.110564,0.479027,0.955179,-0.121279,0.468,0.941335,-0.128312,0.384443,0.801798,-0.081828,0.450669,0.969382,-0.113941,0.428156,0.970263,-0.104617,0.414778,0.937066,-0.096505,0.342353,0.870383,-0.09946,0.397434,0.984615,-0.123242,0.383096,0.981993,-0.116607,0.365686,0.955027,-0.108265
723,24100,True,0.9932,0.9932,0.385606,0.982144,0.0,0.447997,0.949703,-0.021355,0.503155,0.91009,-0.041089,0.545951,0.910739,-0.064179,0.567417,0.930969,-0.089902,0.492631,0.788608,-0.032491,0.527798,0.825865,-0.073927,0.561717,0.846196,-0.103626,0.596213,0.871829,-0.121142,0.435556,0.796798,-0.044747,0.500437,0.925205,-0.093828,0.539818,1.009065,-0.113112,0.570451,1.06613,-0.117981,0.381135,0.843141,-0.060242,0.448423,1.000102,-0.111787,0.468228,1.086027,-0.116241,0.482494,1.136651,-0.105801,0.336229,0.910294,-0.077873,0.381642,1.020059,-0.110815,0.397079,1.084792,-0.107448,0.405379,1.121167,-0.096081
724,24133,True,0.9966,0.9966,0.390332,0.985895,-0.0,0.453129,0.966228,-0.019007,0.507943,0.942251,-0.040087,0.549635,0.944252,-0.06376,0.577921,0.951965,-0.089048,0.487299,0.821573,-0.039994,0.529057,0.880579,-0.079834,0.566105,0.922604,-0.111496,0.599022,0.958381,-0.131879,0.429504,0.832252,-0.05063,0.487772,0.99533,-0.092822,0.492355,1.06181,-0.111254,0.486569,1.085063,-0.121756,0.376702,0.874232,-0.063446,0.438455,1.026926,-0.100837,0.441343,1.069976,-0.103091,0.434928,1.073028,-0.100483,0.333728,0.931015,-0.078791,0.377562,1.03345,-0.105652,0.382139,1.067965,-0.103464,0.37448,1.072213,-0.097231
725,24166,True,0.9983,0.9983,0.386516,1.011913,-0.0,0.449252,0.984824,-0.019831,0.500538,0.95466,-0.042604,0.54073,0.957138,-0.067746,0.56279,0.971193,-0.09349,0.480978,0.824504,-0.039855,0.502454,0.87282,-0.082474,0.527948,0.911456,-0.113604,0.550357,0.947499,-0.132154,0.422801,0.834889,-0.051174,0.471479,0.99928,-0.101212,0.475229,1.070947,-0.120608,0.468566,1.100628,-0.127927,0.368506,0.878291,-0.0651,0.421333,1.028924,-0.107641,0.417594,1.06938,-0.10844,0.405993,1.067521,-0.102191,0.322502,0.939738,-0.081671,0.362654,1.040189,-0.111534,0.364781,1.074294,-0.108579,0.356415,1.076017,-0.099879
726,24200,True,0.9976,0.9976,0.364632,1.013039,-0.0,0.425298,0.994193,-0.020623,0.479784,0.964333,-0.041658,0.521221,0.950451,-0.06437,0.541743,0.929495,-0.087023,0.456428,0.816736,-0.038867,0.487399,0.854764,-0.075902,0.511064,0.883207,-0.10277,0.528643,0.910879,-0.119689,0.398366,0.820102,-0.048217,0.456831,0.981272,-0.093021,0.456816,1.049084,-0.112859,0.442722,1.073019,-0.122967,0.344197,0.860355,-0.05968,0.406094,1.01273,-0.100378,0.40167,1.06235,-0.103394,0.384882,1.068894,-0.10061,0.297157,0.919691,-0.073392,0.344199,1.029809,-0.104907,0.348178,1.069444,-0.105939,0.335797,1.072767,-0.100971
727,24233,True,0.9927,0.9927,0.348225,0.956656,0.0,0.414203,0.930163,-0.018981,0.473427,0.902521,-0.041068,0.513868,0.906842,-0.065573,0.513696,0.934026,-0.090309,0.434381,0.785613,-0.041949,0.456459,0.805523,-0.076054,0.48452,0.823869,-0.100842,0.512232,0.847255,-0.11741,0.376995,0.794369,-0.053471,0.441528,0.952871,-0.08972,0.445826,0.983882,-0.103182,0.437518,0.973125,-0.11218,0.325763,0.840672,-0.067075,0.396727,1.000141,-0.100282,0.39219,1.026718,-0.097108,0.378316,1.013373,-0.092219,0.285037,0.899154,-0.083949,0.340355,1.017256,-0.110756,0.338952,1.049104,-0.108139,0.322579,1.044691,-0.101936
728,24266,True,0.9907,0.9907,0.341281,0.930427,0.0,0.410033,0.897604,-0.017345,0.470139,0.863462,-0.038418,0.501683,0.869543,-0.061962,0.493296,0.904842,-0.08358,0.415219,0.760634,-0.03991,0.421784,0.767926,-0.076205,0.449843,0.771182,-0.099407,0.481749,0.781647,-0.113453,0.355531,0.766548,-0.050515,0.428791,0.930116,-0.085046,0.430648,0.948854,-0.087564,0.419672,0.91824,-0.085465,0.308477,0.815438,-0.064308,0.384935,0.97967,-0.090787,0.387613,0.964632,-0.074023,0.378789,0.914216,-0.058421,0.270969,0.873702,-0.082751,0.32943,0.996001,-0.105759,0.333795,0.984531,-0.099409,0.322879,0.942806,-0.088198
729,24300,True,0.9968,0.9968,0.324283,0.938269,0.0,0.39665,0.887615,-0.011764,0.45399,0.831176,-0.027668,0.483863,0.826233,-0.046467,0.475007,0.868477,-0.065247,0.4,0.735048,-0.030559,0.404344,0.732152,-0.056272,0.421034,0.726967,-0.07332,0.442019,0.720886,-0.086045,0.339669,0.739182,-0.042592,0.402553,0.877414,-0.074154,0.42199,0.920416,-0.081486,0.421643,0.915945,-0.083179,0.291864,0.787238,-0.055984,0.361996,0.930176,-0.082811,0.381055,0.946103,-0.075775,0.378516,0.916452,-0.067012,0.257724,0.846994,-0.072073,0.312285,0.950173,-0.090965,0.328406,0.965368,-0.08557,0.323549,0.944803,-0.076824
730,24333,True,0.9958,0.9958,0.317127,0.936248,0.0,0.384555,0.889246,-0.017194,0.437892,0.827544,-0.035091,0.462985,0.80111,-0.054839,0.46109,0.818925,-0.073597,0.389222,0.718915,-0.037747,0.38974,0.703018,-0.068932,0.3998,0.692834,-0.089237,0.414165,0.676342,-0.103848,0.326539,0.719942,-0.048406,0.378867,0.844536,-0.085449,0.398945,0.882804,-0.0956,0.400912,0.872547,-0.098015,0.277172,0.766411,-0.061018,0.339477,0.903651,-0.093297,0.363212,0.922543,-0.087322,0.36632,0.896909,-0.077962,0.241059,0.824156,-0.076849,0.293442,0.923258,-0.099824,0.316098,0.944992,-0.09535,0.318601,0.931529,-0.086254
731,24366,True,0.9955,0.9955,0.31292,0.929349,0.0,0.380634,0.887896,-0.019298,0.433063,0.826091,-0.037337,0.45366,0.796058,-0.056596,0.445948,0.801059,-0.073998,0.376234,0.708722,-0.037931,0.37415,0.693026,-0.071542,0.379495,0.679273,-0.09184,0.389397,0.657536,-0.105858,0.314006,0.708922,-0.047721,0.360246,0.83164,-0.086847,0.380083,0.864978,-0.096682,0.383685,0.843187,-0.097937,0.264067,0.753252,-0.060145,0.32423,0.89478,-0.09457,0.350764,0.914018,-0.086345,0.358953,0.883809,-0.074431,0.228275,0.810739,-0.076128,0.274308,0.909948,-0.101638,0.296293,0.931573,-0.096942,0.300926,0.914584,-0.086503
732,24400,True,0.9954,0.9954,0.315028,0.926117,0.0,0.376186,0.884519,-0.019859,0.427236,0.827049,-0.039487,0.450202,0.798495,-0.060281,0.441118,0.804649,-0.079378,0.372927,0.709977,-0.042554,0.371523,0.693038,-0.076726,0.37675,0.679069,-0.098116,0.386561,0.659243,-0.112729,0.310751,0.708636,-0.052218,0.356819,0.830023,-0.092203,0.381526,0.859771,-0.103313,0.392945,0.846664,-0.105985,0.260389,0.750975,-0.064158,0.320214,0.891544,-0.098035,0.350017,0.91219,-0.092094,0.36463,0.891654,-0.08222,0.224694,0.807445,-0.0796,0.267932,0.902288,-0.102181,0.291725,0.924354,-0.097589,0.302371,0.912981,-0.088391
733,24433,True,0.9972,0.9972,0.317498,0.927905,-0.0,0.381332,0.883569,-0.015556,0.436396,0.828115,-0.032805,0.462537,0.801102,-0.053064,0.455708,0.81394,-0.071441,0.383419,0.715176,-0.031792,0.382311,0.700834,-0.065302,0.387644,0.689618,-0.087061,0.400901,0.675135,-0.101588,0.321918,0.711206,-0.042807,0.374679,0.847715,-0.08134,0.396987,0.878858,-0.092432,0.40537,0.867769,-0.095069,0.27282,0.754502,-0.056467,0.334601,0.903612,-0.089306,0.358404,0.92191,-0.084299,0.366363,0.898006,-0.074869,0.236505,0.810741,-0.073418,0.28122,0.915357,-0.095846,0.303571,0.934294,-0.092645,0.310813,0.91908,-0.08407
734,24466,True,0.9962,0.9962,0.33007,0.921781,-0.0,0.397714,0.874243,-0.015093,0.453562,0.823092,-0.033619,0.483704,0.817351,-0.055245,0.480682,0.850563,-0.075587,0.398055,0.704972,-0.032881,0.397554,0.702751,-0.068278,0.42058,0.708441,-0.093291,0.452632,0.710904,-0.109842,0.341769,0.715013,-0.043592,0.402226,0.858845,-0.080746,0.420346,0.890396,-0.092316,0.422706,0.879706,-0.09694,0.29752,0.766375,-0.057132,0.367472,0.916635,-0.087111,0.386424,0.929207,-0.083179,0.386526,0.900659,-0.075942,0.264794,0.825383,-0.074117,0.316373,0.931807,-0.094542,0.332582,0.942299,-0.092065,0.330928,0.919395,-0.085178
735,24500,True,0.9906,0.9906,0.344749,0.919925,-0.0,0.416786,0.874135,-0.016994,0.473674,0.835526,-0.03921,0.50705,0.843136,-0.063644,0.512111,0.879223,-0.086451,0.433836,0.715249,-0.040834,0.451707,0.729972,-0.082111,0.48013,0.741633,-0.110867,0.515853,0.747144,-0.129469,0.379539,0.725553,-0.050527,0.448793,0.883983,-0.089776,0.454375,0.916909,-0.099015,0.447499,0.899992,-0.103104,0.334529,0.777624,-0.063322,0.408322,0.934604,-0.09421,0.41379,0.939056,-0.086188,0.408254,0.902776,-0.076934,0.300095,0.839216,-0.07983,0.3589,0.948518,-0.102101,0.368184,0.952118,-0.098007,0.362188,0.924288,-0.090034
736,24533,True,0.9922,0.9922,0.36304,0.918105,0.0,0.432433,0.873611,-0.016358,0.493823,0.838857,-0.038016,0.532031,0.850852,-0.062267,0.545262,0.888199,-0.085942,0.462666,0.728596,-0.038044,0.500983,0.753974,-0.080085,0.535449,0.76502,-0.110726,0.572304,0.774244,-0.130217,0.412223,0.737697,-0.048225,0.487151,0.896961,-0.086371,0.476582,0.927291,-0.094367,0.459649,0.910471,-0.097054,0.36756,0.78711,-0.06184,0.442345,0.946126,-0.092616,0.434474,0.946153,-0.08389,0.424067,0.910811,-0.073387,0.330373,0.847336,-0.079083,0.391054,0.961177,-0.099946,0.389209,0.958944,-0.094613,0.376427,0.929536,-0.085722
737,24566,True,0.9978,0.9978,0.371935,0.924809,0.0,0.44366,0.882972,-0.017214,0.504631,0.848684,-0.042617,0.544581,0.861047,-0.070137,0.563061,0.898315,-0.09757,0.484145,0.732226,-0.04587,0.522039,0.755354,-0.090234,0.557299,0.765419,-0.122277,0.59542,0.772853,-0.143516,0.435524,0.737747,-0.057788,0.503139,0.898014,-0.09972,0.487459,0.937451,-0.10789,0.473697,0.923619,-0.110641,0.390676,0.786385,-0.07287,0.460223,0.948865,-0.107527,0.448658,0.953682,-0.098099,0.441317,0.918835,-0.087552,0.352113,0.848598,-0.091378,0.409383,0.962104,-0.112996,0.405712,0.962857,-0.105714,0.396837,0.934363,-0.096347
738,24600,True,0.9987,0.9987,0.38101,0.917351,0.0,0.44961,0.874782,-0.016308,0.51143,0.840781,-0.041393,0.554726,0.852301,-0.068443,0.570775,0.891852,-0.095964,0.487837,0.728768,-0.048091,0.527962,0.751,-0.090721,0.564294,0.760969,-0.12272,0.600576,0.769188,-0.144958,0.439019,0.73542,-0.061162,0.510875,0.888812,-0.103428,0.498882,0.927349,-0.113329,0.482299,0.915781,-0.118223,0.394667,0.783116,-0.076655,0.469219,0.938583,-0.109766,0.462592,0.949235,-0.100418,0.450893,0.921112,-0.09135,0.356929,0.845453,-0.095584,0.416598,0.955328,-0.116302,0.417368,0.958578,-0.109304,0.407613,0.931977,-0.101264
739,24633,True,0.9985,0.9985,0.385616,0.917759,0.0,0.450156,0.871474,-0.013822,0.511139,0.832901,-0.036073,0.548742,0.846837,-0.060009,0.558497,0.889047,-0.084463,0.481806,0.723408,-0.042505,0.520978,0.74947,-0.07991,0.555301,0.757506,-0.109342,0.590075,0.764058,-0.130566,0.431143,0.730575,-0.055265,0.501523,0.886395,-0.092145,0.494996,0.921247,-0.102451,0.483596,0.908517,-0.109146,0.385407,0.778873,-0.070108,0.459,0.934836,-0.099415,0.456311,0.941306,-0.093427,0.448281,0.909066,-0.087884,0.347337,0.841483,-0.087911,0.405686,0.950509,-0.10638,0.408317,0.953,-0.101157,0.399654,0.925427,-0.095422
740,24666,True,0.9916,0.9916,0.380499,0.923551,0.0,0.447303,0.879142,-0.016063,0.504705,0.837526,-0.03762,0.534851,0.847609,-0.061226,0.542055,0.891757,-0.084158,0.468118,0.722474,-0.034922,0.498738,0.742797,-0.073688,0.529318,0.749302,-0.102472,0.561593,0.757324,-0.121944,0.416003,0.729043,-0.045392,0.481831,0.888701,-0.083332,0.470897,0.918616,-0.091938,0.456937,0.895466,-0.095872,0.370208,0.776847,-0.059509,0.438009,0.937333,-0.090945,0.434203,0.937442,-0.08515,0.431199,0.895164,-0.078123,0.332521,0.837116,-0.076985,0.386508,0.950739,-0.098606,0.387339,0.948393,-0.095892,0.380683,0.914319,-0.090471
741,24700,True,0.9927,0.9927,0.358922,0.933599,0.0,0.43253,0.898491,-0.016613,0.490962,0.861549,-0.036917,0.523164,0.860443,-0.05985,0.525509,0.883942,-0.081065,0.450284,0.738825,-0.030057,0.463176,0.74958,-0.066416,0.486637,0.759669,-0.091254,0.513987,0.771551,-0.106459,0.396646,0.741194,-0.039476,0.452326,0.899342,-0.073988,0.451657,0.924805,-0.079996,0.443492,0.900903,-0.080177,0.349628,0.785988,-0.052793,0.410289,0.945559,-0.080995,0.411191,0.946594,-0.068925,0.40717,0.90638,-0.05598,0.311392,0.843655,-0.069948,0.356349,0.957161,-0.091073,0.359868,0.959118,-0.084225,0.354839,0.927138,-0.073012
742,24733,True,0.9912,0.9912,0.359699,0.903991,0.0,0.429418,0.8854,-0.027323,0.484913,0.860087,-0.049533,0.508443,0.874235,-0.071656,0.490009,0.903058,-0.09071,0.430807,0.751453,-0.048299,0.430341,0.78261,-0.086057,0.445071,0.793581,-0.110229,0.459831,0.813038,-0.123031,0.370106,0.760945,-0.052385,0.416542,0.932933,-0.081743,0.413103,0.916774,-0.083528,0.400208,0.873615,-0.082501,0.320559,0.807513,-0.060459,0.378994,0.97444,-0.08076,0.37873,0.939613,-0.061873,0.373599,0.88943,-0.045673,0.279902,0.864513,-0.074592,0.328862,0.985398,-0.097063,0.332765,0.956659,-0.089929,0.32833,0.908216,-0.07737
743,24766,True,0.9981,0.9981,0.341248,0.927852,-0.0,0.399552,0.914972,-0.027256,0.459505,0.889862,-0.050014,0.490453,0.890244,-0.07149,0.46375,0.914057,-0.088572,0.409139,0.769417,-0.058877,0.415152,0.814851,-0.095154,0.413615,0.838832,-0.112485,0.408805,0.858466,-0.120777,0.342701,0.777675,-0.06343,0.387924,0.958694,-0.092981,0.397555,0.955528,-0.091233,0.392965,0.918457,-0.088408,0.290886,0.825832,-0.070849,0.345992,0.997205,-0.088644,0.357584,0.973681,-0.064498,0.357962,0.925976,-0.046163,0.25085,0.884595,-0.084398,0.299005,1.008493,-0.104365,0.311067,0.989226,-0.094745,0.309609,0.943344,-0.080961
744,24800,True,0.9949,0.9949,0.320656,0.932744,-0.0,0.384349,0.916623,-0.027869,0.445306,0.894156,-0.051001,0.471683,0.905968,-0.072984,0.44397,0.942646,-0.091678,0.386972,0.774511,-0.060411,0.39144,0.819705,-0.099332,0.385938,0.867497,-0.119134,0.377091,0.899473,-0.12926,0.322885,0.787045,-0.065458,0.356499,0.955465,-0.09676,0.375946,0.976083,-0.100337,0.382614,0.955126,-0.102539,0.271203,0.83263,-0.073356,0.317849,1.006321,-0.092927,0.341282,1.005566,-0.078109,0.351358,0.966911,-0.067789,0.231665,0.888423,-0.086925,0.272141,1.020812,-0.105266,0.294696,1.031435,-0.098316,0.303577,1.00527,-0.089004
745,24833,True,0.9929,0.9929,0.314437,0.93876,-0.0,0.37652,0.92066,-0.029482,0.433978,0.900423,-0.055423,0.464687,0.906287,-0.080287,0.439639,0.935176,-0.102386,0.372709,0.77437,-0.060746,0.375876,0.839197,-0.101877,0.37167,0.886164,-0.12587,0.363615,0.907597,-0.139464,0.310176,0.795031,-0.065744,0.347058,0.962516,-0.098226,0.372569,0.988242,-0.103538,0.386746,0.969033,-0.107544,0.258807,0.842433,-0.073769,0.306421,1.011249,-0.095815,0.331638,1.017357,-0.081834,0.343259,0.983143,-0.071843,0.220263,0.897948,-0.087509,0.259442,1.025451,-0.104753,0.281175,1.039279,-0.096393,0.288725,1.016921,-0.086844
746,24866,True,0.9954,0.9954,0.309336,0.941875,-0.0,0.371229,0.924278,-0.032185,0.432789,0.90167,-0.060821,0.458783,0.912796,-0.087735,0.430774,0.944985,-0.110852,0.369935,0.778004,-0.068991,0.370788,0.824128,-0.11541,0.359259,0.875243,-0.139558,0.343194,0.906476,-0.151752,0.308195,0.795025,-0.072716,0.339005,0.95966,-0.110586,0.369982,0.990252,-0.113511,0.388493,0.972354,-0.113581,0.257234,0.840717,-0.080014,0.299399,1.013649,-0.106355,0.327841,1.019343,-0.089022,0.33996,0.981664,-0.074968,0.21932,0.894451,-0.093229,0.255157,1.024615,-0.114742,0.277491,1.036229,-0.106476,0.284002,1.007754,-0.095382
747,24900,True,0.9961,0.9961,0.314761,0.936232,-0.0,0.375844,0.915943,-0.029701,0.434018,0.893713,-0.057179,0.459974,0.90692,-0.083513,0.434025,0.942887,-0.106362,0.37073,0.776269,-0.065359,0.372911,0.828069,-0.110641,0.363053,0.865572,-0.135885,0.347937,0.888631,-0.149059,0.308586,0.79537,-0.069912,0.350778,0.962648,-0.105107,0.373868,0.977232,-0.106752,0.382663,0.949883,-0.106131,0.25935,0.843118,-0.077962,0.309688,1.014037,-0.100619,0.331294,1.007255,-0.08018,0.338027,0.963255,-0.064234,0.222988,0.898704,-0.092294,0.263641,1.027573,-0.112666,0.281739,1.027064,-0.103623,0.285617,0.991404,-0.091671
748,24933,True,0.9941,0.9941,0.318638,0.941439,-0.0,0.380218,0.917368,-0.030007,0.43624,0.890422,-0.057095,0.46248,0.897735,-0.082646,0.440715,0.929266,-0.104207,0.370743,0.774489,-0.067381,0.378268,0.813642,-0.113059,0.371854,0.849492,-0.138229,0.361111,0.883342,-0.150367,0.30937,0.792948,-0.071102,0.362574,0.949767,-0.106511,0.375862,0.960523,-0.107834,0.3738,0.940202,-0.106649,0.262618,0.842579,-0.078336,0.323975,1.005075,-0.100917,0.338059,0.994071,-0.082163,0.337125,0.953544,-0.067183,0.228296,0.902355,-0.091675,0.277579,1.023727,-0.113141,0.287801,1.01896,-0.106709,0.282696,0.982724,-0.096312
749,24966,True,0.9922,0.9922,0.325347,0.94369,-0.0,0.384923,0.9159,-0.02915,0.439501,0.882469,-0.054631,0.466221,0.886391,-0.079163,0.44566,0.918539,-0.099442,0.374925,0.770134,-0.061736,0.382652,0.810746,-0.105712,0.37976,0.840266,-0.128668,0.375391,0.872946,-0.138972,0.313625,0.78533,-0.06517,0.373925,0.948555,-0.099933,0.383283,0.956935,-0.099897,0.377704,0.932668,-0.096628,0.267022,0.834305,-0.07243,0.332011,1.000396,-0.094933,0.340004,0.988552,-0.075029,0.333852,0.946283,-0.058379,0.231603,0.894904,-0.085841,0.282776,1.020216,-0.108254,0.2886,1.017837,-0.101986,0.278257,0.98278,-0.090638
750,25000,True,0.9947,0.9947,0.334992,0.93662,-0.0,0.393119,0.909788,-0.029007,0.446974,0.877341,-0.053454,0.470605,0.878054,-0.076364,0.448561,0.90877,-0.095109,0.379457,0.761684,-0.059457,0.388284,0.822197,-0.097432,0.388781,0.840457,-0.116072,0.389665,0.854561,-0.125092,0.317953,0.778899,-0.062133,0.378931,0.94491,-0.091994,0.385778,0.943672,-0.089362,0.378964,0.912283,-0.085199,0.272287,0.827041,-0.068128,0.339108,0.988705,-0.086835,0.343943,0.96647,-0.064186,0.335397,0.918341,-0.046427,0.237418,0.886973,-0.080441,0.291694,1.004512,-0.101389,0.298946,0.988066,-0.094792,0.289873,0.94355,-0.083475
751,25033,True,0.9949,0.9949,0.331383,0.930633,-0.0,0.389122,0.905539,-0.027834,0.446663,0.869081,-0.051728,0.473844,0.871272,-0.074842,0.451991,0.907264,-0.09407,0.383582,0.756414,-0.058762,0.391587,0.797081,-0.100676,0.391564,0.821242,-0.122646,0.394506,0.848753,-0.13265,0.320835,0.770453,-0.061934,0.383157,0.935496,-0.096892,0.395786,0.946684,-0.096412,0.394951,0.932467,-0.092604,0.274024,0.820472,-0.068836,0.342527,0.983231,-0.092257,0.348495,0.96907,-0.072277,0.340927,0.929342,-0.054944,0.238585,0.882033,-0.081547,0.29391,0.996619,-0.104277,0.301088,0.986114,-0.098605,0.291009,0.947748,-0.087445
752,25066,True,0.9948,0.9948,0.335407,0.937176,-0.0,0.394669,0.908255,-0.026632,0.448682,0.870288,-0.051002,0.473821,0.861966,-0.07532,0.456312,0.886655,-0.095896,0.384168,0.749693,-0.054785,0.386964,0.785664,-0.095522,0.390045,0.806103,-0.117093,0.394963,0.825315,-0.127879,0.322151,0.764867,-0.059839,0.379809,0.92634,-0.096264,0.395667,0.946673,-0.097581,0.396855,0.927489,-0.094433,0.275709,0.815008,-0.06843,0.342994,0.977627,-0.094003,0.355311,0.973054,-0.075084,0.351291,0.932496,-0.058143,0.240994,0.87618,-0.082604,0.294452,0.991506,-0.104445,0.305214,0.992266,-0.097099,0.297076,0.958873,-0.085037
753,25100,True,0.9922,0.9922,0.334638,0.947365,-0.0,0.394239,0.911264,-0.0243,0.447714,0.868518,-0.046853,0.473866,0.855491,-0.070266,0.459522,0.875711,-0.08934,0.384971,0.74665,-0.047577,0.390702,0.770944,-0.088393,0.393728,0.797494,-0.1083,0.398579,0.823888,-0.116848,0.323649,0.760319,-0.05327,0.380042,0.910089,-0.090027,0.397983,0.93446,-0.092465,0.402005,0.917565,-0.089438,0.277615,0.809443,-0.062851,0.345296,0.965346,-0.089379,0.361259,0.967658,-0.073731,0.361256,0.930971,-0.05849,0.243742,0.869925,-0.077578,0.296559,0.979246,-0.097918,0.308662,0.985995,-0.091438,0.30299,0.958354,-0.080158
754,25133,True,0.9932,0.9932,0.331882,0.949215,-0.0,0.390341,0.91127,-0.022711,0.44216,0.864468,-0.044912,0.471339,0.850814,-0.069032,0.461284,0.873247,-0.088928,0.385322,0.748211,-0.043029,0.386657,0.748802,-0.085167,0.398477,0.76949,-0.105201,0.412694,0.801496,-0.112295,0.324505,0.758666,-0.049016,0.382841,0.897465,-0.086883,0.399958,0.925077,-0.086808,0.40118,0.912137,-0.079625,0.279493,0.807407,-0.059561,0.348932,0.957082,-0.087139,0.362614,0.959299,-0.068385,0.358757,0.924829,-0.049035,0.24624,0.866263,-0.075253,0.299294,0.975138,-0.096121,0.311565,0.981048,-0.088059,0.305026,0.954587,-0.073929
755,25166,True,0.9952,0.9952,0.334118,0.934903,-0.0,0.393312,0.896332,-0.021634,0.446589,0.851022,-0.042931,0.47499,0.844681,-0.065596,0.459504,0.87556,-0.084481,0.386578,0.745672,-0.047669,0.384485,0.751063,-0.087474,0.399975,0.768127,-0.105802,0.419034,0.791642,-0.113096,0.324572,0.756665,-0.054131,0.387381,0.902191,-0.092422,0.40769,0.929978,-0.092774,0.408957,0.915656,-0.08643,0.280387,0.806567,-0.064144,0.353991,0.95725,-0.091798,0.372259,0.959194,-0.072945,0.369218,0.924342,-0.054002,0.248985,0.864893,-0.078998,0.305701,0.973947,-0.10105,0.32,0.981355,-0.093194,0.313065,0.956859,-0.079429
756,25200,True,0.9943,0.9943,0.328896,0.943438,-0.0,0.391241,0.90285,-0.021067,0.446583,0.856817,-0.044066,0.47551,0.846508,-0.069413,0.461763,0.873818,-0.090929,0.385842,0.744091,-0.043609,0.385503,0.745018,-0.087544,0.403658,0.760948,-0.108017,0.424872,0.787497,-0.115084,0.325346,0.756385,-0.050578,0.388019,0.895856,-0.090467,0.406648,0.927726,-0.088955,0.405545,0.91379,-0.079871,0.282525,0.805859,-0.062025,0.353442,0.951345,-0.091581,0.369636,0.956949,-0.070902,0.36445,0.925478,-0.049376,0.251391,0.863729,-0.078372,0.306178,0.970784,-0.100552,0.31908,0.979554,-0.091566,0.310614,0.956179,-0.076148
757,25233,True,0.9949,0.9949,0.328488,0.952223,-0.0,0.393243,0.908557,-0.017242,0.44946,0.857199,-0.036442,0.476,0.842528,-0.057736,0.4611,0.868425,-0.074947,0.388332,0.741088,-0.037751,0.388131,0.737276,-0.075326,0.408208,0.753734,-0.092766,0.430582,0.782621,-0.099295,0.328252,0.751545,-0.045587,0.396827,0.894458,-0.080972,0.412422,0.923445,-0.081088,0.407798,0.910658,-0.074783,0.285143,0.80345,-0.057094,0.362218,0.9528,-0.083241,0.375746,0.952757,-0.065164,0.368381,0.916368,-0.046966,0.253998,0.864322,-0.07292,0.314131,0.971936,-0.093775,0.325338,0.975876,-0.085864,0.314564,0.94748,-0.072179
758,25266,True,0.9946,0.9946,0.330876,0.947993,-0.0,0.397405,0.903294,-0.016399,0.454502,0.851202,-0.033731,0.478531,0.842152,-0.053073,0.459945,0.874313,-0.068813,0.392381,0.738733,-0.036017,0.389856,0.737957,-0.072631,0.412084,0.755104,-0.092325,0.438144,0.778584,-0.101574,0.332566,0.751606,-0.044326,0.402871,0.898209,-0.079095,0.417991,0.923767,-0.08265,0.413349,0.90719,-0.079859,0.289879,0.806008,-0.055975,0.368613,0.956623,-0.080724,0.381581,0.954323,-0.065727,0.373276,0.916104,-0.050652,0.259392,0.867803,-0.071917,0.323047,0.977064,-0.091939,0.33538,0.978687,-0.085329,0.325346,0.949578,-0.073399
759,25300,True,0.994,0.994,0.336053,0.948468,-0.0,0.401554,0.907651,-0.01941,0.458014,0.859816,-0.039737,0.482621,0.85,-0.061841,0.466724,0.878297,-0.080396,0.399648,0.742213,-0.040278,0.399883,0.743186,-0.081307,0.419672,0.759948,-0.104686,0.444515,0.779674,-0.116582,0.337638,0.75317,-0.048434,0.405293,0.902927,-0.088158,0.422452,0.931723,-0.093105,0.421821,0.915697,-0.090603,0.292693,0.80665,-0.060383,0.371705,0.961562,-0.089554,0.386955,0.96234,-0.074201,0.382652,0.924206,-0.057953,0.261062,0.869178,-0.076903,0.324641,0.979733,-0.099585,0.339081,0.982914,-0.092856,0.332433,0.953701,-0.080314
760,25333,True,0.9928,0.9928,0.342316,0.949431,0.0,0.406276,0.908663,-0.019567,0.461177,0.862784,-0.04033,0.484869,0.855199,-0.062901,0.468732,0.881188,-0.081891,0.401476,0.746386,-0.040692,0.405262,0.74551,-0.082497,0.427409,0.761222,-0.106304,0.453436,0.784658,-0.117651,0.340162,0.75705,-0.047799,0.407389,0.908448,-0.085757,0.424573,0.934195,-0.08841,0.424164,0.917444,-0.084255,0.295055,0.808771,-0.05887,0.374827,0.966034,-0.084749,0.385864,0.962021,-0.066146,0.378338,0.920994,-0.048076,0.262458,0.869991,-0.074901,0.324995,0.983587,-0.095678,0.338091,0.982371,-0.087295,0.329982,0.949317,-0.073314
761,25366,True,0.9935,0.9935,0.336652,0.953693,-0.0,0.40387,0.910406,-0.016099,0.462305,0.863148,-0.034548,0.488013,0.857627,-0.055471,0.473136,0.886644,-0.074209,0.405778,0.748734,-0.034326,0.411289,0.753843,-0.072904,0.43407,0.763347,-0.09766,0.46288,0.773874,-0.111944,0.345261,0.758068,-0.043181,0.414932,0.908644,-0.078514,0.428811,0.937551,-0.08405,0.425177,0.923025,-0.083803,0.299828,0.810169,-0.055467,0.379161,0.967828,-0.08063,0.386847,0.967427,-0.066294,0.376557,0.927242,-0.052421,0.266074,0.87281,-0.072069,0.329114,0.987282,-0.092258,0.340625,0.98902,-0.085435,0.329675,0.957711,-0.074013
762,25400,True,0.9947,0.9947,0.33633,0.941021,0.0,0.404792,0.895197,-0.016614,0.461914,0.849678,-0.035947,0.491362,0.847886,-0.057501,0.483222,0.882275,-0.077605,0.407952,0.740397,-0.037466,0.413205,0.747131,-0.072428,0.441124,0.759625,-0.094736,0.473477,0.770098,-0.108678,0.346813,0.754538,-0.046904,0.41899,0.899531,-0.082141,0.435037,0.934923,-0.088561,0.431193,0.923973,-0.089347,0.301003,0.808176,-0.059151,0.381344,0.95985,-0.085112,0.393765,0.962917,-0.07339,0.384596,0.924466,-0.06159,0.267376,0.869342,-0.075408,0.33106,0.977806,-0.09498,0.342567,0.981619,-0.088868,0.330297,0.952319,-0.078864
763,25433,True,0.9954,0.9954,0.328108,0.949638,0.0,0.401276,0.90168,-0.015885,0.462245,0.851094,-0.034244,0.490881,0.842602,-0.055011,0.478995,0.875935,-0.074563,0.4092,0.738979,-0.032491,0.416938,0.743043,-0.065657,0.445056,0.753451,-0.087466,0.477849,0.761574,-0.1014,0.350485,0.752876,-0.042476,0.422818,0.891599,-0.076726,0.434621,0.92939,-0.084755,0.427691,0.918631,-0.086746,0.305225,0.804842,-0.055261,0.383535,0.950754,-0.081878,0.39545,0.957373,-0.07358,0.387919,0.92097,-0.06402,0.271219,0.865254,-0.071661,0.334772,0.969825,-0.090147,0.345912,0.976588,-0.084555,0.33496,0.949775,-0.075438
764,25466,True,0.9964,0.9964,0.321464,0.943851,0.0,0.39761,0.890116,-0.012842,0.457877,0.835386,-0.030009,0.489864,0.825381,-0.050292,0.486896,0.862481,-0.069943,0.410654,0.732517,-0.028903,0.422626,0.73328,-0.059608,0.44805,0.736672,-0.079576,0.476623,0.734966,-0.093506,0.353011,0.741237,-0.040961,0.427441,0.875024,-0.07683,0.434751,0.920583,-0.087221,0.423363,0.910035,-0.090461,0.307884,0.790424,-0.055131,0.384989,0.931845,-0.086388,0.39697,0.949156,-0.083563,0.389599,0.91731,-0.076901,0.273758,0.849166,-0.071857,0.335064,0.951614,-0.09325,0.34748,0.96561,-0.091362,0.338906,0.944711,-0.085068
765,25500,True,0.9988,0.9988,0.32813,0.927107,0.0,0.397455,0.8709,-0.007556,0.451701,0.812867,-0.023698,0.486282,0.801382,-0.043789,0.501473,0.835729,-0.064821,0.40947,0.710653,-0.026575,0.429021,0.703864,-0.056967,0.458218,0.701718,-0.0782,0.490008,0.69485,-0.09365,0.35689,0.720179,-0.041604,0.436688,0.83048,-0.078003,0.44475,0.888914,-0.088262,0.43363,0.895069,-0.091526,0.313622,0.767804,-0.058057,0.394604,0.893577,-0.091904,0.403492,0.924745,-0.090762,0.392612,0.907007,-0.084805,0.280413,0.825314,-0.075802,0.34151,0.916531,-0.094538,0.350996,0.93865,-0.089977,0.33785,0.924265,-0.083169
766,25533,True,0.9994,0.9994,0.341833,0.890354,0.0,0.405001,0.842308,-0.009553,0.45738,0.792141,-0.026853,0.49296,0.774042,-0.048245,0.506668,0.788352,-0.070425,0.417244,0.676579,-0.025572,0.443435,0.661939,-0.058334,0.472447,0.652877,-0.080552,0.50052,0.638408,-0.095408,0.366064,0.683379,-0.039571,0.443899,0.78706,-0.078742,0.4535,0.849669,-0.089343,0.443995,0.860266,-0.090933,0.324239,0.72923,-0.055461,0.4031,0.846106,-0.093047,0.414582,0.884277,-0.089499,0.406246,0.874697,-0.079483,0.292085,0.786741,-0.072523,0.349623,0.867758,-0.093829,0.360693,0.892043,-0.086982,0.349529,0.881319,-0.076545
767,25566,True,0.9995,0.9995,0.358555,0.856579,0.0,0.417802,0.820059,-0.010399,0.467402,0.776834,-0.029272,0.498184,0.747717,-0.05189,0.50649,0.735251,-0.075448,0.421803,0.648307,-0.033277,0.450358,0.610371,-0.065766,0.478656,0.58345,-0.087897,0.50648,0.556784,-0.10327,0.372546,0.6467,-0.046618,0.442986,0.737582,-0.085014,0.451144,0.797056,-0.096625,0.441793,0.809484,-0.100925,0.332219,0.685645,-0.061021,0.408003,0.790156,-0.095293,0.418092,0.829011,-0.091086,0.411376,0.824731,-0.083734,0.300591,0.741898,-0.076837,0.353131,0.809454,-0.097206,0.364168,0.832341,-0.090804,0.355985,0.823973,-0.082234
768,25600,True,0.9997,0.9997,0.369718,0.823834,0.0,0.427034,0.790757,-0.010586,0.47066,0.751647,-0.031013,0.496603,0.723632,-0.055512,0.503958,0.692372,-0.08021,0.431015,0.615013,-0.033682,0.457505,0.564244,-0.068134,0.480692,0.526663,-0.089928,0.502519,0.490224,-0.104296,0.381233,0.609161,-0.04707,0.448244,0.68153,-0.084288,0.456297,0.74673,-0.092162,0.44509,0.757111,-0.093282,0.341852,0.645712,-0.061756,0.416514,0.734419,-0.096705,0.426658,0.780749,-0.087176,0.415425,0.779757,-0.075562,0.310762,0.702501,-0.077878,0.365123,0.76177,-0.099426,0.381494,0.793278,-0.088837,0.374117,0.792859,-0.076091
769,25633,True,0.9996,0.9996,0.381725,0.791413,0.0,0.43811,0.755225,-0.011631,0.480378,0.712596,-0.034405,0.505067,0.682071,-0.061176,0.511266,0.65323,-0.088275,0.438628,0.578029,-0.036309,0.463212,0.520431,-0.071588,0.484647,0.476221,-0.092786,0.503243,0.434614,-0.106649,0.388658,0.573873,-0.050182,0.458129,0.632404,-0.087734,0.471026,0.706149,-0.092972,0.46057,0.721535,-0.091739,0.349259,0.61067,-0.065331,0.424737,0.687108,-0.101786,0.436564,0.741441,-0.089022,0.422759,0.746225,-0.074653,0.31753,0.667084,-0.081937,0.372974,0.720897,-0.104448,0.393277,0.757717,-0.091529,0.385795,0.76296,-0.076821
770,25666,True,0.9996,0.9996,0.39198,0.76575,0.0,0.449328,0.729726,-0.0172,0.49435,0.683997,-0.042957,0.520063,0.647352,-0.072354,0.514941,0.619105,-0.101865,0.445805,0.54405,-0.038834,0.467293,0.481084,-0.07845,0.488837,0.431094,-0.101438,0.507575,0.386581,-0.115416,0.395018,0.540913,-0.050738,0.465237,0.602812,-0.093393,0.477143,0.686006,-0.097669,0.465621,0.706628,-0.093769,0.355,0.577101,-0.065228,0.431364,0.65442,-0.107479,0.441784,0.714892,-0.094456,0.42814,0.721942,-0.077854,0.322996,0.63293,-0.08159,0.378653,0.681854,-0.106865,0.398401,0.724307,-0.093241,0.39176,0.733715,-0.076987
771,25700,True,0.9994,0.9994,0.391522,0.760219,0.0,0.448998,0.718517,-0.014897,0.492706,0.673313,-0.040915,0.520947,0.639445,-0.070755,0.521577,0.609567,-0.100658,0.448361,0.533267,-0.044263,0.473107,0.465806,-0.086764,0.498065,0.415788,-0.11072,0.518568,0.37084,-0.125049,0.396489,0.530753,-0.057984,0.472155,0.587337,-0.104704,0.482155,0.673235,-0.109833,0.468557,0.694301,-0.106602,0.355053,0.567891,-0.073725,0.43611,0.646559,-0.120463,0.443575,0.708336,-0.110077,0.426999,0.713788,-0.095109,0.323339,0.624133,-0.090678,0.379524,0.671256,-0.119209,0.398027,0.711824,-0.107624,0.391301,0.718769,-0.093021
772,25733,True,0.9989,0.9989,0.393739,0.763229,0.0,0.457077,0.724051,-0.021407,0.507093,0.68465,-0.053247,0.531943,0.649315,-0.088367,0.528395,0.625106,-0.123016,0.462145,0.539073,-0.050279,0.483782,0.477749,-0.095604,0.506206,0.429753,-0.121288,0.525323,0.385631,-0.137536,0.407056,0.532322,-0.063409,0.475122,0.605007,-0.111442,0.484978,0.693301,-0.116425,0.474278,0.702135,-0.113625,0.362949,0.569101,-0.079164,0.437727,0.665336,-0.125607,0.446658,0.725903,-0.111742,0.433696,0.722206,-0.09557,0.328328,0.624716,-0.097365,0.376861,0.689634,-0.12545,0.396172,0.730085,-0.112335,0.392427,0.730554,-0.097217
773,25766,True,0.9988,0.9988,0.389639,0.796046,-0.0,0.455853,0.760277,-0.018096,0.508326,0.719508,-0.044249,0.533159,0.688708,-0.074134,0.527599,0.661851,-0.103421,0.464867,0.565863,-0.037773,0.491459,0.52133,-0.078985,0.515977,0.484118,-0.104058,0.539848,0.449475,-0.120159,0.411875,0.558624,-0.050355,0.474828,0.648372,-0.096075,0.478569,0.729557,-0.10573,0.466323,0.740849,-0.106419,0.368277,0.596747,-0.065484,0.437539,0.706439,-0.109555,0.443482,0.763716,-0.100836,0.431639,0.760165,-0.087859,0.333987,0.6543,-0.082757,0.383592,0.731176,-0.109746,0.396327,0.769134,-0.100918,0.387006,0.765273,-0.088754
774,25800,True,0.9984,0.9984,0.387049,0.81785,-0.0,0.450626,0.788314,-0.017178,0.507828,0.755843,-0.04422,0.546731,0.739775,-0.075038,0.555462,0.727868,-0.105438,0.472768,0.605901,-0.040097,0.495251,0.585034,-0.081186,0.521553,0.565935,-0.10773,0.548937,0.547793,-0.125232,0.418251,0.600231,-0.053594,0.48119,0.718576,-0.100934,0.487706,0.789733,-0.112883,0.480369,0.801247,-0.115131,0.372053,0.639069,-0.069635,0.441509,0.777719,-0.112059,0.445783,0.826806,-0.105078,0.435929,0.818786,-0.093332,0.335196,0.693563,-0.088125,0.38483,0.791598,-0.113159,0.390837,0.822309,-0.106201,0.379257,0.808877,-0.0958
775,25833,True,0.9939,0.9939,0.405049,0.849181,0.0,0.470062,0.805437,-0.017797,0.525978,0.767274,-0.042177,0.559148,0.773769,-0.069306,0.567395,0.808108,-0.096455,0.487722,0.64109,-0.043273,0.516332,0.649948,-0.084999,0.54689,0.657434,-0.11497,0.578502,0.65969,-0.134787,0.429494,0.647881,-0.055131,0.499603,0.807752,-0.099317,0.504507,0.856944,-0.112705,0.496766,0.851662,-0.118217,0.380771,0.699651,-0.069661,0.454204,0.86082,-0.108614,0.460859,0.881477,-0.105846,0.454747,0.851525,-0.098137,0.342576,0.76177,-0.0869,0.399417,0.871332,-0.111379,0.406788,0.885796,-0.106882,0.397104,0.859749,-0.09851
776,25866,True,0.9899,0.9899,0.390254,0.896086,-0.0,0.467831,0.852845,-0.016505,0.529813,0.817876,-0.040178,0.565203,0.825041,-0.067444,0.580976,0.85962,-0.094095,0.502443,0.683577,-0.037409,0.540768,0.70343,-0.081199,0.573723,0.720152,-0.111343,0.607258,0.7384,-0.12959,0.450772,0.691496,-0.049116,0.523059,0.857598,-0.087306,0.510393,0.897221,-0.095482,0.492754,0.881674,-0.098389,0.404663,0.743784,-0.06449,0.479142,0.908894,-0.09719,0.463271,0.918898,-0.089001,0.44763,0.885623,-0.07855,0.363407,0.809182,-0.083358,0.422808,0.924227,-0.106895,0.42151,0.927137,-0.101316,0.410549,0.898266,-0.091151
777,25900,True,0.9981,0.9981,0.406179,0.909543,0.0,0.481969,0.86894,-0.017527,0.546697,0.835351,-0.041266,0.583908,0.855453,-0.067398,0.598241,0.901799,-0.093217,0.518765,0.712854,-0.045175,0.563223,0.745276,-0.091609,0.601961,0.770359,-0.125192,0.640459,0.793254,-0.146502,0.466629,0.722597,-0.057597,0.541963,0.890619,-0.099688,0.528022,0.922938,-0.108649,0.5133,0.902277,-0.112121,0.417887,0.776049,-0.07355,0.494437,0.942307,-0.11027,0.48303,0.944376,-0.102103,0.474568,0.909062,-0.091162,0.376444,0.842618,-0.092871,0.44071,0.957709,-0.117341,0.442944,0.954047,-0.110695,0.438217,0.925229,-0.100624
778,25933,True,0.9956,0.9956,0.402139,0.920801,0.0,0.479667,0.879207,-0.01354,0.547177,0.849948,-0.036573,0.589277,0.872113,-0.063014,0.604388,0.912281,-0.08989,0.527878,0.725589,-0.039261,0.578911,0.765939,-0.081886,0.617674,0.789371,-0.114335,0.653845,0.814499,-0.135484,0.4788,0.734325,-0.052456,0.551095,0.905233,-0.08824,0.52439,0.929756,-0.096866,0.504364,0.906184,-0.102309,0.431585,0.783556,-0.068625,0.503834,0.949848,-0.098246,0.479766,0.943729,-0.09151,0.466106,0.90561,-0.0845,0.389699,0.845398,-0.088139,0.450733,0.961434,-0.107577,0.438564,0.952582,-0.101434,0.423484,0.921418,-0.093691
779,25966,True,0.997,0.997,0.41023,0.915865,0.0,0.484564,0.874635,-0.020554,0.548544,0.849441,-0.050014,0.591333,0.874962,-0.080593,0.610223,0.91802,-0.111243,0.527035,0.728666,-0.058234,0.581738,0.775182,-0.104819,0.623456,0.797595,-0.138473,0.6577,0.821464,-0.160195,0.478248,0.737106,-0.0696,0.54982,0.910282,-0.10924,0.524166,0.929833,-0.116062,0.504441,0.901451,-0.120098,0.432782,0.787195,-0.083741,0.503848,0.956538,-0.114997,0.481865,0.948297,-0.104167,0.467064,0.909051,-0.094868,0.392286,0.8502,-0.102034,0.450259,0.968356,-0.123118,0.438642,0.956471,-0.115727,0.422287,0.922874,-0.107216
780,26000,True,0.9969,0.9969,0.400069,0.920521,0.0,0.476391,0.881572,-0.020444,0.544029,0.84958,-0.04667,0.588795,0.857093,-0.074225,0.612982,0.889291,-0.101149,0.518886,0.729483,-0.049555,0.560774,0.765488,-0.09471,0.598478,0.780867,-0.12817,0.631476,0.799572,-0.150292,0.469952,0.738648,-0.060625,0.539297,0.909725,-0.101566,0.513885,0.927959,-0.110401,0.493487,0.898817,-0.115648,0.423973,0.788029,-0.075271,0.492797,0.957568,-0.108893,0.470467,0.946596,-0.100928,0.457105,0.905888,-0.09341,0.382494,0.85141,-0.093963,0.440285,0.970808,-0.117268,0.428146,0.955935,-0.113088,0.412555,0.92102,-0.107056
781,26033,True,0.9951,0.9951,0.393074,0.926533,0.0,0.465146,0.88736,-0.016928,0.527892,0.853901,-0.041742,0.566004,0.870296,-0.06833,0.581415,0.911103,-0.094873,0.505087,0.724237,-0.043718,0.544628,0.7599,-0.084291,0.580361,0.777318,-0.115723,0.612632,0.796998,-0.137712,0.454937,0.729674,-0.055922,0.521974,0.90267,-0.09437,0.498645,0.925482,-0.104283,0.47812,0.899727,-0.110983,0.407778,0.778592,-0.07104,0.476309,0.949693,-0.101844,0.457642,0.945493,-0.09476,0.44583,0.907817,-0.088708,0.365236,0.842589,-0.089844,0.420959,0.963914,-0.111354,0.413193,0.956827,-0.107437,0.401823,0.923514,-0.102213
782,26066,True,0.9961,0.9961,0.370812,0.925526,0.0,0.447449,0.884827,-0.017667,0.5112,0.849708,-0.041146,0.547478,0.85953,-0.066229,0.558996,0.896365,-0.090414,0.487391,0.720999,-0.041511,0.518934,0.753882,-0.084642,0.555501,0.776157,-0.1168,0.591301,0.799533,-0.138286,0.435777,0.729423,-0.053073,0.498539,0.899815,-0.093586,0.479035,0.923442,-0.10263,0.45909,0.89659,-0.107446,0.386609,0.780146,-0.068337,0.450512,0.94952,-0.100981,0.435674,0.944053,-0.092223,0.425966,0.901732,-0.0835,0.343443,0.844498,-0.087421,0.395388,0.963373,-0.110182,0.388096,0.955761,-0.105193,0.376415,0.919387,-0.097934
783,26099,True,0.9955,0.9955,0.362751,0.923937,0.0,0.434782,0.8919,-0.020309,0.492272,0.860036,-0.044642,0.52658,0.859075,-0.069994,0.540541,0.872384,-0.093783,0.464326,0.724183,-0.042773,0.487709,0.752536,-0.083384,0.515445,0.776155,-0.114325,0.539387,0.799976,-0.134615,0.410205,0.732029,-0.052382,0.462727,0.902921,-0.089795,0.453088,0.917765,-0.10022,0.43856,0.888616,-0.106968,0.359369,0.780148,-0.065582,0.41598,0.949628,-0.093921,0.408751,0.939288,-0.083699,0.401245,0.89621,-0.075465,0.315053,0.840106,-0.083114,0.360091,0.958714,-0.104626,0.360126,0.950867,-0.098577,0.352858,0.91309,-0.090507
784,26133,True,0.9919,0.9919,0.357296,0.89299,0.0,0.428408,0.875277,-0.023555,0.48486,0.85805,-0.047118,0.513681,0.868764,-0.071702,0.495899,0.886021,-0.094137,0.440323,0.729205,-0.044239,0.451085,0.763187,-0.083526,0.470445,0.785404,-0.111603,0.489131,0.810761,-0.128259,0.380193,0.738054,-0.05197,0.429169,0.913786,-0.085192,0.426838,0.915197,-0.091315,0.418022,0.878609,-0.093755,0.327028,0.785268,-0.063465,0.38442,0.959666,-0.087496,0.382517,0.936547,-0.071775,0.377492,0.886355,-0.058281,0.282544,0.842627,-0.080275,0.326778,0.971684,-0.102727,0.329381,0.953307,-0.0952,0.323914,0.90691,-0.083552
785,26166,True,0.9944,0.9944,0.345238,0.916672,-0.0,0.413491,0.897292,-0.022638,0.467484,0.872321,-0.044582,0.492025,0.868315,-0.067045,0.463887,0.879875,-0.085285,0.414287,0.738989,-0.047428,0.415643,0.782677,-0.081028,0.426194,0.819517,-0.096234,0.435599,0.841541,-0.104181,0.347995,0.747637,-0.055389,0.390621,0.921013,-0.085086,0.399734,0.937523,-0.086211,0.396982,0.897209,-0.085837,0.294516,0.794641,-0.066141,0.350752,0.966477,-0.08661,0.362079,0.958451,-0.068057,0.361015,0.904885,-0.054578,0.252364,0.852123,-0.081954,0.295848,0.976369,-0.101581,0.308098,0.973906,-0.093199,0.305112,0.933395,-0.082123
786,26200,True,0.9964,0.9964,0.324242,0.926474,-0.0,0.38641,0.904562,-0.023768,0.44478,0.870542,-0.042948,0.470516,0.864967,-0.061237,0.439951,0.892851,-0.075103,0.383589,0.748022,-0.050397,0.390128,0.796479,-0.082971,0.389677,0.820079,-0.099029,0.387882,0.842265,-0.106684,0.317306,0.755658,-0.05453,0.365756,0.93535,-0.077379,0.371131,0.924117,-0.075413,0.361643,0.887981,-0.073643,0.265297,0.804082,-0.061268,0.322424,0.978502,-0.073383,0.329711,0.94742,-0.050632,0.326337,0.894741,-0.034297,0.223955,0.864433,-0.073963,0.27236,0.98693,-0.090879,0.283863,0.961558,-0.082618,0.281661,0.910136,-0.070364
787,26233,True,0.9962,0.9962,0.3083,0.920395,-0.0,0.367097,0.897733,-0.028201,0.424314,0.866987,-0.05201,0.447088,0.870393,-0.074324,0.418132,0.903073,-0.093592,0.35929,0.740243,-0.06063,0.365287,0.803707,-0.100144,0.362257,0.835207,-0.122033,0.35743,0.858288,-0.133509,0.293696,0.758026,-0.064496,0.337781,0.931103,-0.093363,0.350703,0.936335,-0.094959,0.351783,0.914475,-0.096207,0.243407,0.80867,-0.071365,0.297334,0.980401,-0.088308,0.310762,0.963047,-0.070255,0.3115,0.917914,-0.057983,0.204768,0.869572,-0.084323,0.251095,0.990252,-0.102572,0.264307,0.978523,-0.096173,0.262127,0.935545,-0.087054
788,26266,True,0.997,0.997,0.298876,0.931237,-0.0,0.355428,0.906022,-0.033475,0.411117,0.868736,-0.05997,0.435271,0.864138,-0.084149,0.406263,0.888477,-0.103559,0.343328,0.739821,-0.064903,0.350053,0.78325,-0.107405,0.344633,0.821205,-0.129804,0.336834,0.855716,-0.140692,0.279196,0.757625,-0.06638,0.325104,0.929591,-0.102455,0.346984,0.941024,-0.106051,0.355217,0.924215,-0.106728,0.230017,0.809666,-0.071559,0.285765,0.977387,-0.094131,0.304075,0.961486,-0.078029,0.306629,0.918961,-0.065752,0.193953,0.873068,-0.083066,0.240537,0.990266,-0.1048,0.254703,0.981534,-0.100388,0.252164,0.940743,-0.0917
789,26300,True,0.9952,0.9952,0.295579,0.931473,-0.0,0.352821,0.898436,-0.035321,0.407313,0.860859,-0.062962,0.433883,0.85674,-0.087612,0.408158,0.887212,-0.106812,0.336653,0.730418,-0.068766,0.349326,0.795605,-0.112249,0.346292,0.834157,-0.132458,0.337533,0.8553,-0.14211,0.2741,0.754986,-0.069531,0.326915,0.927237,-0.105321,0.347851,0.932646,-0.106329,0.351194,0.902274,-0.105017,0.226552,0.808597,-0.073993,0.2879,0.97567,-0.098014,0.306277,0.959331,-0.079165,0.304975,0.910233,-0.063906,0.192379,0.872063,-0.08491,0.24184,0.988229,-0.108369,0.256475,0.97757,-0.103564,0.251814,0.933975,-0.093717
790,26333,True,0.996,0.996,0.298135,0.935703,-0.0,0.354774,0.898132,-0.034664,0.405602,0.85666,-0.062351,0.432169,0.851486,-0.08794,0.410981,0.876315,-0.107996,0.335219,0.726515,-0.063887,0.350022,0.784092,-0.107458,0.349466,0.82756,-0.128325,0.342235,0.854118,-0.138105,0.273068,0.753037,-0.064772,0.330315,0.917743,-0.100773,0.351087,0.929768,-0.10291,0.351913,0.902282,-0.102464,0.225876,0.807576,-0.069849,0.290437,0.966316,-0.095263,0.306676,0.954468,-0.079667,0.301196,0.907156,-0.066588,0.192007,0.869452,-0.081026,0.243606,0.977228,-0.104171,0.257544,0.970241,-0.100511,0.249847,0.930486,-0.09193
791,26366,True,0.9928,0.9928,0.297959,0.93381,-0.0,0.355898,0.899454,-0.031042,0.408788,0.857882,-0.055753,0.438862,0.847469,-0.07893,0.419132,0.867521,-0.097394,0.338113,0.726854,-0.056578,0.352859,0.796609,-0.09764,0.362008,0.848988,-0.119517,0.368883,0.876565,-0.130667,0.278335,0.752886,-0.05866,0.330765,0.909823,-0.090146,0.348786,0.924786,-0.094525,0.352354,0.903744,-0.097586,0.23207,0.805545,-0.064656,0.292983,0.957166,-0.085463,0.304843,0.950055,-0.074207,0.299552,0.908324,-0.06634,0.197217,0.865971,-0.076288,0.247238,0.970083,-0.093645,0.259254,0.967342,-0.090572,0.251686,0.932462,-0.084909
792,26400,True,0.9943,0.9943,0.301258,0.938146,-0.0,0.358625,0.902599,-0.029853,0.414738,0.850227,-0.054262,0.44249,0.839237,-0.078591,0.417877,0.87212,-0.09843,0.343913,0.729525,-0.050536,0.350632,0.756703,-0.095358,0.356733,0.791508,-0.119863,0.362816,0.827359,-0.130547,0.282469,0.748667,-0.053722,0.337483,0.900344,-0.090044,0.354477,0.921708,-0.09402,0.35522,0.905392,-0.093432,0.236504,0.800955,-0.061858,0.298418,0.951941,-0.085919,0.309971,0.947679,-0.072115,0.304211,0.907297,-0.059883,0.201997,0.861229,-0.075888,0.25093,0.9668,-0.09397,0.261903,0.967913,-0.088413,0.253989,0.936534,-0.07906
793,26433,True,0.9933,0.9933,0.303429,0.934328,-0.0,0.363196,0.896371,-0.027852,0.417344,0.845944,-0.051418,0.444619,0.839021,-0.075382,0.425676,0.873476,-0.095029,0.348446,0.727349,-0.047768,0.353815,0.752429,-0.09118,0.361439,0.784638,-0.115487,0.369882,0.821603,-0.126219,0.28635,0.745227,-0.051998,0.346707,0.896476,-0.088108,0.363584,0.916256,-0.091934,0.364545,0.904097,-0.090541,0.239707,0.798616,-0.060971,0.305796,0.953213,-0.084709,0.31887,0.949766,-0.069689,0.315855,0.912939,-0.055656,0.204987,0.860465,-0.075807,0.255293,0.966313,-0.093783,0.266766,0.966373,-0.087021,0.260572,0.935519,-0.076008
794,26466,True,0.991,0.991,0.306144,0.928252,-0.0,0.366342,0.893198,-0.027612,0.421214,0.847565,-0.051367,0.448987,0.839762,-0.07572,0.43,0.870746,-0.096204,0.351615,0.722934,-0.047281,0.356004,0.754948,-0.090332,0.367218,0.787756,-0.114756,0.379925,0.816529,-0.126364,0.289935,0.741626,-0.052634,0.347919,0.89438,-0.090357,0.369338,0.915675,-0.096238,0.374578,0.900842,-0.096334,0.243217,0.795446,-0.062516,0.309798,0.951301,-0.088768,0.329882,0.953026,-0.076228,0.332182,0.918384,-0.063446,0.208806,0.857834,-0.077945,0.258917,0.964165,-0.096332,0.273583,0.968145,-0.090276,0.269977,0.939669,-0.080088
795,26500,True,0.9924,0.9924,0.308204,0.933873,-0.0,0.369497,0.899346,-0.025721,0.42461,0.850457,-0.047758,0.453394,0.836779,-0.070626,0.434008,0.8603,-0.089503,0.356482,0.72662,-0.043905,0.361804,0.747775,-0.085416,0.373179,0.781462,-0.108876,0.385505,0.81521,-0.119664,0.295435,0.742146,-0.049481,0.352812,0.890555,-0.086068,0.372311,0.914524,-0.091204,0.376103,0.904198,-0.090548,0.248569,0.79477,-0.059514,0.313871,0.948552,-0.084258,0.329084,0.950033,-0.07048,0.327428,0.915598,-0.057165,0.2134,0.856789,-0.074974,0.262179,0.963126,-0.092718,0.275426,0.96726,-0.085611,0.270073,0.938345,-0.074571
796,26533,True,0.9928,0.9928,0.309349,0.931113,-0.0,0.370912,0.894453,-0.024153,0.42663,0.847981,-0.046428,0.454537,0.836383,-0.069745,0.436383,0.862128,-0.089182,0.359218,0.717929,-0.044741,0.365426,0.749968,-0.086577,0.380251,0.784558,-0.108434,0.395286,0.811191,-0.118198,0.298292,0.738687,-0.051742,0.359531,0.889913,-0.088765,0.378343,0.916772,-0.091612,0.379373,0.901036,-0.088894,0.252336,0.79426,-0.062948,0.322316,0.947415,-0.089116,0.338321,0.951605,-0.072565,0.334718,0.915386,-0.056585,0.218065,0.85802,-0.079343,0.270063,0.96448,-0.098322,0.284837,0.969749,-0.089689,0.279369,0.940626,-0.076851
797,26566,True,0.9943,0.9943,0.307769,0.91664,-0.0,0.371588,0.88481,-0.025325,0.429266,0.843918,-0.048609,0.458894,0.835368,-0.07247,0.436393,0.860701,-0.092662,0.362552,0.715716,-0.05081,0.369538,0.750643,-0.094795,0.384983,0.780137,-0.119304,0.401528,0.806699,-0.130816,0.301481,0.734072,-0.05729,0.362921,0.891753,-0.096218,0.382021,0.91005,-0.100376,0.384384,0.89457,-0.0989,0.255028,0.788989,-0.067757,0.325142,0.945347,-0.094188,0.339475,0.943583,-0.076619,0.33568,0.907276,-0.060089,0.220729,0.852355,-0.083717,0.27278,0.96257,-0.104236,0.285812,0.962473,-0.096241,0.279531,0.930205,-0.083555
798,26599,True,0.9938,0.9938,0.3084,0.912341,-0.0,0.373644,0.877778,-0.024149,0.431888,0.839531,-0.047924,0.460393,0.834333,-0.072436,0.436685,0.862367,-0.093773,0.364657,0.714271,-0.05146,0.377032,0.749395,-0.095495,0.394911,0.781435,-0.120848,0.411347,0.810209,-0.133183,0.305402,0.736315,-0.058888,0.366796,0.888711,-0.096678,0.386659,0.907047,-0.101756,0.388593,0.892405,-0.102086,0.259455,0.791375,-0.07004,0.329878,0.944158,-0.095524,0.345171,0.942506,-0.079392,0.34146,0.906867,-0.064847,0.22548,0.853149,-0.0865,0.277941,0.960086,-0.105758,0.291949,0.961507,-0.097547,0.286135,0.932075,-0.085738
799,26633,True,0.9921,0.9921,0.312877,0.921468,-0.0,0.379137,0.885003,-0.022023,0.436487,0.8454,-0.043735,0.464837,0.83574,-0.066637,0.443426,0.857726,-0.08707,0.372198,0.718648,-0.046379,0.383406,0.747113,-0.087205,0.403881,0.768866,-0.112303,0.424756,0.788764,-0.125961,0.311913,0.737358,-0.05429,0.374564,0.886205,-0.091188,0.395367,0.908953,-0.098102,0.398136,0.900099,-0.100129,0.265837,0.791565,-0.065532,0.338723,0.943035,-0.090352,0.353269,0.944573,-0.076939,0.347727,0.91398,-0.064895,0.231929,0.853521,-0.081747,0.288653,0.962718,-0.100104,0.301809,0.965753,-0.093649,0.293353,0.93872,-0.083865
800,26666,True,0.9935,0.9935,0.313721,0.928594,-0.0,0.378942,0.889069,-0.019916,0.437795,0.845417,-0.04059,0.464307,0.834936,-0.06301,0.444056,0.860881,-0.083171,0.377383,0.723655,-0.041768,0.391824,0.744256,-0.081597,0.41553,0.763514,-0.105427,0.438359,0.782869,-0.117867,0.316988,0.740904,-0.049978,0.384772,0.888679,-0.084905,0.402955,0.914403,-0.089139,0.400791,0.902469,-0.088688,0.270837,0.794813,-0.061616,0.347249,0.944633,-0.086411,0.357689,0.947345,-0.070603,0.346707,0.914254,-0.056048,0.235994,0.855765,-0.077892,0.295106,0.963152,-0.096495,0.30813,0.966486,-0.08789,0.297877,0.93924,-0.075669
801,26700,True,0.9933,0.9933,0.314906,0.926743,-0.0,0.383196,0.891181,-0.020401,0.443508,0.853165,-0.041844,0.468445,0.843644,-0.064937,0.448798,0.864489,-0.085749,0.385348,0.729788,-0.042477,0.396171,0.751365,-0.082521,0.419159,0.765295,-0.106521,0.444299,0.782795,-0.118945,0.322998,0.742554,-0.049822,0.390365,0.900835,-0.084092,0.403195,0.9233,-0.087205,0.397666,0.90435,-0.085544,0.275769,0.794279,-0.060662,0.350746,0.955032,-0.085591,0.358258,0.951508,-0.068603,0.347113,0.912165,-0.052658,0.239521,0.854545,-0.076222,0.297645,0.967997,-0.096428,0.309163,0.965414,-0.087876,0.299318,0.932532,-0.07474
802,26733,True,0.9932,0.9932,0.31469,0.945093,-0.0,0.384334,0.904638,-0.019117,0.442555,0.860363,-0.040374,0.466342,0.847662,-0.063707,0.451315,0.867766,-0.084667,0.388711,0.736234,-0.039682,0.398305,0.747819,-0.082522,0.423254,0.765243,-0.108477,0.449618,0.787714,-0.121623,0.32693,0.746519,-0.047981,0.391191,0.899215,-0.0855,0.404594,0.930844,-0.089219,0.399654,0.917232,-0.08684,0.279002,0.797412,-0.060203,0.351446,0.955506,-0.088119,0.359448,0.957681,-0.071944,0.349752,0.918656,-0.055729,0.242322,0.859323,-0.076907,0.298356,0.971925,-0.097432,0.309642,0.974895,-0.088495,0.299689,0.943341,-0.074986
803,26766,True,0.9933,0.9933,0.314734,0.941387,0.0,0.383591,0.89855,-0.019959,0.44157,0.854226,-0.042109,0.467724,0.848582,-0.065921,0.462524,0.874727,-0.087621,0.389352,0.735489,-0.042291,0.399666,0.754554,-0.085147,0.429132,0.776181,-0.112253,0.461035,0.795654,-0.127427,0.328112,0.74794,-0.050878,0.395648,0.901839,-0.090586,0.409848,0.93499,-0.097323,0.406117,0.919313,-0.097579,0.280029,0.799496,-0.063071,0.357212,0.960062,-0.093677,0.367662,0.965083,-0.080866,0.360167,0.924655,-0.066992,0.243165,0.861195,-0.079544,0.304952,0.978299,-0.101377,0.317569,0.984665,-0.093966,0.308565,0.953676,-0.082087
804,26800,True,0.9884,0.9884,0.318213,0.928734,0.0,0.383907,0.886322,-0.019406,0.438015,0.84748,-0.041679,0.47006,0.853434,-0.066372,0.469866,0.88948,-0.088954,0.395088,0.735846,-0.041224,0.409103,0.757589,-0.085078,0.436899,0.785918,-0.112644,0.464307,0.814419,-0.127153,0.334906,0.750619,-0.050295,0.398397,0.909708,-0.088842,0.410545,0.939367,-0.095249,0.40512,0.924326,-0.095745,0.286632,0.802842,-0.063259,0.360076,0.965106,-0.091297,0.366571,0.965817,-0.078006,0.355991,0.925974,-0.064457,0.24933,0.864098,-0.080885,0.308567,0.98328,-0.100887,0.318669,0.986763,-0.093414,0.307953,0.954911,-0.081865
805,26833,True,0.9905,0.9905,0.321925,0.921322,0.0,0.38721,0.880269,-0.020189,0.442435,0.847056,-0.043518,0.474924,0.859236,-0.06871,0.475861,0.899621,-0.092269,0.400525,0.736882,-0.046266,0.415,0.766069,-0.090467,0.441539,0.786635,-0.119246,0.470456,0.805968,-0.135797,0.339357,0.751753,-0.055082,0.405814,0.914157,-0.092613,0.411339,0.940425,-0.09773,0.403396,0.920858,-0.098525,0.290292,0.804637,-0.06751,0.364276,0.968483,-0.094361,0.363992,0.963452,-0.079516,0.351538,0.91981,-0.06591,0.251548,0.865976,-0.084806,0.310806,0.985369,-0.105381,0.314412,0.981617,-0.098171,0.300017,0.94575,-0.08743
806,26866,True,0.9887,0.9887,0.319412,0.925224,0.0,0.385414,0.883116,-0.020635,0.442443,0.849518,-0.044732,0.475981,0.86081,-0.070765,0.481957,0.900273,-0.095524,0.401106,0.739935,-0.046847,0.417399,0.771881,-0.090245,0.44536,0.786994,-0.11902,0.47649,0.802067,-0.136138,0.340959,0.755291,-0.055696,0.412624,0.918268,-0.091753,0.411952,0.941204,-0.095653,0.400472,0.918506,-0.096054,0.292474,0.807718,-0.068169,0.368531,0.970262,-0.094475,0.362325,0.961286,-0.078213,0.34832,0.917011,-0.063817,0.252836,0.868873,-0.08569,0.314512,0.98556,-0.106478,0.313014,0.977252,-0.098809,0.29602,0.939859,-0.087749
807,26900,True,0.9918,0.9918,0.320738,0.929585,0.0,0.388676,0.887933,-0.018805,0.446182,0.851433,-0.040705,0.480461,0.862463,-0.064368,0.486295,0.901236,-0.086162,0.40379,0.741918,-0.04388,0.419037,0.773433,-0.083656,0.447696,0.788221,-0.10858,0.481494,0.802188,-0.123754,0.344624,0.755165,-0.05337,0.418076,0.915473,-0.088775,0.415313,0.940948,-0.091476,0.403866,0.917704,-0.090414,0.296037,0.80638,-0.066118,0.374024,0.969554,-0.092419,0.366537,0.96193,-0.074954,0.352254,0.916025,-0.059281,0.255913,0.86705,-0.083691,0.317713,0.985146,-0.105457,0.316584,0.975854,-0.098114,0.300309,0.935619,-0.086795
808,26933,True,0.9955,0.9955,0.313513,0.946122,0.0,0.383966,0.900548,-0.014562,0.442628,0.858543,-0.035006,0.479476,0.858618,-0.058806,0.487366,0.892004,-0.081563,0.406437,0.74367,-0.031499,0.42237,0.760994,-0.067221,0.451824,0.773708,-0.09011,0.484465,0.785827,-0.104664,0.348841,0.754702,-0.043556,0.422934,0.899946,-0.079917,0.421596,0.941998,-0.086622,0.408095,0.926879,-0.087517,0.300924,0.803586,-0.058636,0.380634,0.959031,-0.088915,0.377414,0.967636,-0.078483,0.361974,0.926541,-0.066716,0.261382,0.862489,-0.077186,0.324085,0.974039,-0.097662,0.324662,0.98103,-0.0906,0.306038,0.94996,-0.080248
809,26966,True,0.9977,0.9977,0.311019,0.937306,0.0,0.386481,0.88921,-0.009872,0.448337,0.841457,-0.02832,0.481042,0.838859,-0.051043,0.485828,0.87739,-0.073756,0.405376,0.733756,-0.029334,0.420127,0.733231,-0.06315,0.451011,0.745978,-0.084322,0.483707,0.756348,-0.097445,0.348711,0.746264,-0.043165,0.424032,0.877596,-0.077236,0.431557,0.927137,-0.08475,0.421433,0.915384,-0.086043,0.303542,0.795997,-0.059079,0.381077,0.935868,-0.089058,0.391733,0.958364,-0.082787,0.381859,0.930332,-0.073443,0.267651,0.853796,-0.077225,0.3289,0.954639,-0.09485,0.342142,0.972597,-0.087831,0.332979,0.955288,-0.077813
810,27000,True,0.9993,0.9993,0.317155,0.93489,0.0,0.386737,0.883324,-0.005811,0.443938,0.824738,-0.021349,0.479879,0.813616,-0.041231,0.494393,0.84704,-0.06258,0.401807,0.719808,-0.024062,0.426281,0.712686,-0.052911,0.455788,0.710743,-0.073137,0.488029,0.705443,-0.087991,0.350953,0.729001,-0.039836,0.427588,0.839408,-0.074829,0.431372,0.89769,-0.085662,0.419811,0.898407,-0.089559,0.307102,0.774128,-0.0567,0.386022,0.897788,-0.090394,0.3942,0.933944,-0.089875,0.385629,0.918242,-0.084326,0.272137,0.83092,-0.07443,0.332294,0.919012,-0.092647,0.343138,0.945581,-0.087159,0.333643,0.935239,-0.079702
811,27033,True,0.9992,0.9992,0.328533,0.89563,0.0,0.394217,0.849194,-0.005874,0.448789,0.796959,-0.020789,0.484607,0.782726,-0.040672,0.49431,0.806151,-0.061907,0.406581,0.684307,-0.020722,0.43581,0.669401,-0.04871,0.465981,0.661329,-0.068844,0.49578,0.649197,-0.08344,0.35493,0.690235,-0.035525,0.431473,0.800579,-0.068718,0.439625,0.854872,-0.07948,0.430388,0.854734,-0.083927,0.31244,0.735635,-0.051655,0.389662,0.85268,-0.083122,0.400422,0.886303,-0.081373,0.391252,0.871638,-0.075444,0.278908,0.791014,-0.068877,0.337463,0.872548,-0.086595,0.347415,0.896116,-0.080687,0.33495,0.884731,-0.072783
812,27066,True,0.9992,0.9992,0.341276,0.860306,0.0,0.405123,0.8232,-0.008014,0.457693,0.779323,-0.024377,0.48771,0.750364,-0.044728,0.48553,0.739613,-0.066049,0.410995,0.651129,-0.026737,0.43619,0.616335,-0.056991,0.461137,0.593643,-0.077642,0.48656,0.570556,-0.091737,0.362881,0.650768,-0.040986,0.429409,0.733116,-0.07706,0.438577,0.793802,-0.08805,0.431014,0.80751,-0.091509,0.3216,0.689831,-0.056239,0.393423,0.788396,-0.089533,0.404293,0.829095,-0.085545,0.397771,0.825979,-0.077872,0.288903,0.744613,-0.072612,0.341784,0.812002,-0.091534,0.354021,0.840912,-0.083816,0.345915,0.837365,-0.074297
813,27099,True,0.9996,0.9996,0.350947,0.817595,0.0,0.410279,0.781945,-0.00765,0.456538,0.744019,-0.024817,0.484251,0.716975,-0.045788,0.491149,0.686382,-0.067814,0.414195,0.616172,-0.031912,0.438792,0.56133,-0.061321,0.461094,0.523536,-0.081173,0.483681,0.488588,-0.094303,0.368522,0.609581,-0.044771,0.434171,0.669695,-0.077646,0.449847,0.730703,-0.086733,0.447262,0.755412,-0.089115,0.329719,0.642209,-0.05796,0.40023,0.718801,-0.087461,0.414412,0.764427,-0.08061,0.409359,0.777465,-0.071619,0.298674,0.694192,-0.072351,0.348765,0.74186,-0.090221,0.367627,0.774344,-0.080754,0.366389,0.78523,-0.069523
814,27133,True,0.9998,0.9998,0.372236,0.782727,0.0,0.42734,0.744892,-0.011285,0.469968,0.69847,-0.031268,0.491866,0.665127,-0.054696,0.495026,0.626863,-0.079172,0.418321,0.5615,-0.033209,0.440496,0.503966,-0.065855,0.459689,0.458196,-0.088506,0.477787,0.417622,-0.103732,0.371141,0.559027,-0.046742,0.442934,0.605078,-0.084257,0.460595,0.681681,-0.094166,0.455171,0.713686,-0.095945,0.332367,0.596807,-0.06122,0.407687,0.654032,-0.097411,0.424484,0.714768,-0.088593,0.417445,0.734954,-0.076654,0.301334,0.656076,-0.076852,0.349815,0.683236,-0.099711,0.375107,0.719061,-0.088219,0.378948,0.734699,-0.074659
815,27166,True,0.9994,0.9994,0.38317,0.744268,0.0,0.439455,0.701249,-0.013669,0.482971,0.646638,-0.035433,0.501408,0.60557,-0.060848,0.495388,0.570206,-0.087524,0.419458,0.515278,-0.033141,0.443705,0.448705,-0.069955,0.466478,0.396934,-0.094379,0.485623,0.351636,-0.109387,0.371708,0.516,-0.045152,0.450214,0.549156,-0.089401,0.46803,0.633923,-0.09817,0.458183,0.676217,-0.096166,0.334791,0.552349,-0.05893,0.415311,0.592835,-0.102314,0.432338,0.660731,-0.092497,0.423022,0.69159,-0.076572,0.305041,0.607491,-0.073833,0.365997,0.625362,-0.101548,0.390343,0.67205,-0.089605,0.387621,0.697059,-0.07365
816,27200,True,0.999,0.999,0.38518,0.721898,0.0,0.442785,0.682349,-0.019271,0.486515,0.625758,-0.043159,0.506204,0.581113,-0.06963,0.498656,0.542117,-0.097045,0.424641,0.481719,-0.037676,0.452129,0.407007,-0.074783,0.473935,0.352535,-0.099305,0.4911,0.302639,-0.114644,0.375781,0.483703,-0.047635,0.452917,0.5083,-0.095052,0.470453,0.595848,-0.104946,0.462131,0.643199,-0.102927,0.338536,0.519558,-0.059791,0.417172,0.548463,-0.105074,0.436524,0.618483,-0.095728,0.431436,0.655406,-0.079459,0.309549,0.573979,-0.073608,0.366897,0.579804,-0.102721,0.395533,0.626299,-0.091554,0.401122,0.655191,-0.075585
817,27233,True,0.9987,0.9987,0.387766,0.711991,0.0,0.44847,0.668567,-0.019725,0.496047,0.611277,-0.046577,0.521324,0.562778,-0.076489,0.508705,0.528874,-0.106988,0.43654,0.462208,-0.042038,0.462622,0.382944,-0.081319,0.48307,0.323428,-0.104918,0.49933,0.272942,-0.118936,0.385482,0.462955,-0.053503,0.465402,0.489515,-0.102392,0.482261,0.583896,-0.108514,0.472522,0.629898,-0.102889,0.346654,0.498136,-0.067252,0.429769,0.533497,-0.114612,0.44535,0.609631,-0.101731,0.43562,0.644913,-0.082143,0.316943,0.552262,-0.082812,0.375952,0.557585,-0.112068,0.403489,0.607105,-0.097602,0.406953,0.636775,-0.078821
818,27266,True,0.9983,0.9983,0.390419,0.716738,0.0,0.453137,0.670835,-0.020878,0.498694,0.616457,-0.048869,0.524978,0.570976,-0.080331,0.515358,0.526124,-0.112076,0.44669,0.459162,-0.0412,0.473286,0.382941,-0.081257,0.49423,0.323533,-0.10685,0.511024,0.272888,-0.12304,0.396394,0.460496,-0.053589,0.472771,0.491692,-0.102633,0.488457,0.584112,-0.11193,0.479082,0.627433,-0.109673,0.357536,0.497023,-0.068508,0.437961,0.53683,-0.115089,0.451748,0.612269,-0.103705,0.441233,0.645275,-0.086386,0.326856,0.55149,-0.085755,0.38767,0.566842,-0.114703,0.413697,0.614605,-0.102178,0.416073,0.640082,-0.08552
819,27300,True,0.9985,0.9985,0.391342,0.730488,0.0,0.458684,0.683538,-0.016453,0.507505,0.631425,-0.043343,0.529451,0.589508,-0.074483,0.526154,0.548484,-0.10565,0.460387,0.472367,-0.039985,0.487812,0.396785,-0.079725,0.510932,0.340308,-0.104111,0.529437,0.290852,-0.119899,0.407629,0.470719,-0.055049,0.484708,0.51381,-0.101809,0.49691,0.607582,-0.109353,0.483074,0.642061,-0.106737,0.366525,0.50859,-0.072052,0.448253,0.568071,-0.118225,0.458563,0.640418,-0.106721,0.441923,0.660553,-0.090182,0.333706,0.564461,-0.090739,0.397738,0.598527,-0.118289,0.420326,0.647157,-0.103896,0.416055,0.66429,-0.086609
820,27333,True,0.999,0.999,0.39282,0.764689,0.0,0.462815,0.712585,-0.015512,0.509352,0.663059,-0.042631,0.531438,0.627392,-0.074411,0.534037,0.59092,-0.106843,0.46375,0.505452,-0.041091,0.497899,0.437225,-0.080377,0.524065,0.387016,-0.104783,0.546666,0.342427,-0.120727,0.412464,0.505641,-0.057494,0.493619,0.552609,-0.103713,0.506855,0.64655,-0.112695,0.497208,0.68164,-0.111597,0.37211,0.545761,-0.075426,0.457105,0.612243,-0.119866,0.469431,0.684461,-0.108887,0.457439,0.706422,-0.093348,0.338631,0.604058,-0.095344,0.401468,0.645742,-0.122471,0.427177,0.69556,-0.109245,0.429117,0.715688,-0.093122
821,27366,True,0.9984,0.9984,0.384181,0.8018,-0.0,0.466098,0.757753,-0.0176,0.528606,0.711836,-0.047349,0.552928,0.678525,-0.081026,0.539145,0.660142,-0.114137,0.48163,0.563684,-0.043102,0.510952,0.516405,-0.088454,0.5421,0.479218,-0.116231,0.567381,0.443415,-0.134807,0.426158,0.557139,-0.058585,0.492036,0.639161,-0.106451,0.502128,0.727047,-0.113835,0.489916,0.73597,-0.113971,0.380854,0.598161,-0.076577,0.452188,0.697855,-0.121739,0.462347,0.757733,-0.108191,0.447579,0.749919,-0.093451,0.345713,0.657681,-0.096948,0.396059,0.728639,-0.124233,0.410139,0.765155,-0.111939,0.398289,0.757297,-0.098663
822,27400,True,0.9987,0.9987,0.386574,0.83841,-0.0,0.45892,0.816385,-0.019396,0.520846,0.79355,-0.046636,0.559181,0.77945,-0.077072,0.560776,0.751596,-0.106612,0.484272,0.619885,-0.04736,0.520715,0.611931,-0.093507,0.551522,0.624671,-0.125214,0.575958,0.636239,-0.144482,0.428131,0.615923,-0.060008,0.491644,0.752407,-0.107019,0.488835,0.818444,-0.122959,0.471283,0.829209,-0.129862,0.379238,0.656754,-0.075153,0.448667,0.810048,-0.115778,0.44773,0.848835,-0.112601,0.433228,0.832159,-0.104929,0.339288,0.714122,-0.092855,0.392987,0.821121,-0.116691,0.397887,0.845671,-0.110545,0.385651,0.828481,-0.101034
823,27433,True,0.9841,0.9841,0.390126,0.856889,-0.0,0.46819,0.826834,-0.019452,0.529375,0.804617,-0.044934,0.563368,0.814659,-0.073684,0.580572,0.84382,-0.102424,0.499653,0.669933,-0.045121,0.544192,0.717997,-0.091352,0.575977,0.757009,-0.124179,0.602858,0.789553,-0.143321,0.442295,0.685339,-0.056107,0.504975,0.856528,-0.09334,0.492042,0.890692,-0.10358,0.474747,0.874837,-0.110088,0.391024,0.735908,-0.070402,0.453543,0.899185,-0.099163,0.440473,0.904902,-0.091016,0.425834,0.870594,-0.082973,0.346326,0.792278,-0.088652,0.395094,0.908453,-0.106888,0.392892,0.910586,-0.098898,0.380433,0.879879,-0.089037
824,27466,True,0.9871,0.9871,0.390056,0.898885,0.0,0.466843,0.875294,-0.028389,0.527291,0.850756,-0.05754,0.566029,0.856707,-0.087884,0.589762,0.885204,-0.115992,0.502466,0.71484,-0.049022,0.549987,0.785658,-0.101793,0.584839,0.837576,-0.136966,0.610456,0.883123,-0.15548,0.44692,0.728529,-0.05656,0.511496,0.904921,-0.096949,0.493103,0.926184,-0.103565,0.476493,0.897106,-0.105794,0.39633,0.778897,-0.069639,0.459143,0.947352,-0.100858,0.444543,0.94135,-0.088301,0.435577,0.903144,-0.075652,0.351504,0.837859,-0.088088,0.401407,0.955052,-0.108036,0.395998,0.945628,-0.099309,0.385108,0.911456,-0.087812
825,27500,True,0.9918,0.9918,0.379271,0.915806,0.0,0.458457,0.883476,-0.019028,0.524685,0.860968,-0.043479,0.562076,0.881821,-0.070936,0.576631,0.921678,-0.097747,0.506963,0.730938,-0.040482,0.557375,0.788942,-0.08952,0.596358,0.829411,-0.124452,0.629526,0.868233,-0.144368,0.45524,0.742073,-0.051492,0.5211,0.919465,-0.089878,0.499993,0.933783,-0.09797,0.482492,0.900389,-0.101595,0.4053,0.790931,-0.066882,0.469406,0.961315,-0.096754,0.450151,0.94811,-0.086066,0.439714,0.90507,-0.074543,0.36048,0.84902,-0.086726,0.41457,0.966946,-0.105963,0.404779,0.951055,-0.097348,0.392127,0.914114,-0.08582
826,27533,True,0.9983,0.9983,0.385852,0.908055,0.0,0.463371,0.868988,-0.007545,0.530431,0.845438,-0.02881,0.576112,0.871997,-0.053626,0.59466,0.909344,-0.079078,0.516886,0.728948,-0.042529,0.574459,0.769322,-0.082031,0.616372,0.798051,-0.111724,0.653358,0.824911,-0.131553,0.468088,0.738503,-0.059573,0.538268,0.900277,-0.092509,0.518066,0.924547,-0.098794,0.499371,0.901151,-0.103725,0.419811,0.78543,-0.078252,0.489705,0.941037,-0.104833,0.475886,0.942085,-0.095026,0.461974,0.908677,-0.087356,0.377384,0.844138,-0.099721,0.436446,0.951743,-0.116054,0.433453,0.951033,-0.106601,0.419326,0.924968,-0.097485
827,27566,True,0.9997,0.9997,0.401701,0.886744,0.0,0.475737,0.843905,-0.009965,0.545481,0.810631,-0.031985,0.595263,0.827328,-0.055557,0.610508,0.870076,-0.080725,0.523599,0.704694,-0.052987,0.588496,0.731758,-0.090131,0.635355,0.753822,-0.117134,0.675148,0.770362,-0.136709,0.474441,0.715013,-0.069324,0.557727,0.855165,-0.106278,0.546694,0.909379,-0.113717,0.528461,0.909287,-0.118848,0.428133,0.76341,-0.08582,0.510989,0.903032,-0.11673,0.504949,0.933826,-0.108721,0.488243,0.915914,-0.102201,0.389689,0.82546,-0.104148,0.457419,0.922558,-0.120572,0.46227,0.941523,-0.109996,0.448249,0.926724,-0.101432
828,27599,True,0.9999,0.9999,0.413434,0.870858,0.0,0.485812,0.827803,-0.005918,0.553454,0.78823,-0.026552,0.602569,0.790467,-0.049827,0.619404,0.826245,-0.074607,0.527207,0.681322,-0.049405,0.5892,0.687206,-0.090499,0.639966,0.693626,-0.11841,0.68329,0.694053,-0.137019,0.479663,0.689001,-0.067568,0.57045,0.814376,-0.107807,0.559942,0.874603,-0.112948,0.538284,0.875516,-0.114384,0.436119,0.735737,-0.086181,0.526341,0.866853,-0.123973,0.521397,0.904634,-0.115987,0.50279,0.889307,-0.106578,0.401714,0.797186,-0.105535,0.474784,0.887961,-0.124026,0.481332,0.912557,-0.111741,0.465066,0.901751,-0.100923
829,27633,True,1.0,1.0,0.420037,0.850604,0.0,0.492498,0.810578,-0.003312,0.556589,0.771697,-0.025076,0.600722,0.761457,-0.051241,0.617167,0.785327,-0.079513,0.534317,0.650053,-0.041637,0.59468,0.639328,-0.078992,0.644306,0.634422,-0.10443,0.686028,0.622916,-0.122398,0.485206,0.653945,-0.062036,0.570213,0.762344,-0.102409,0.568478,0.836401,-0.109768,0.551488,0.846424,-0.112162,0.441379,0.699668,-0.082215,0.527389,0.814734,-0.120337,0.531405,0.866482,-0.110248,0.514989,0.862682,-0.098859,0.407075,0.75939,-0.102807,0.477834,0.838342,-0.122219,0.489259,0.874576,-0.107481,0.475269,0.871955,-0.093851
830,27666,True,0.9999,0.9999,0.431348,0.836966,0.0,0.510328,0.803342,-0.006683,0.570548,0.767536,-0.03232,0.606044,0.742811,-0.062624,0.609347,0.742875,-0.094658,0.54,0.628269,-0.044914,0.592954,0.595903,-0.085346,0.636681,0.575689,-0.111575,0.673053,0.553912,-0.129641,0.489499,0.628124,-0.06541,0.567852,0.721114,-0.108993,0.569945,0.800715,-0.116228,0.557524,0.813115,-0.117827,0.444513,0.669331,-0.086198,0.525587,0.775401,-0.127556,0.532321,0.832949,-0.115698,0.520005,0.832918,-0.10274,0.409105,0.72726,-0.107774,0.476572,0.800049,-0.130147,0.4902,0.841443,-0.114584,0.479326,0.842522,-0.099757
831,27700,True,0.9997,0.9997,0.428456,0.827926,0.0,0.51238,0.788554,-0.007253,0.573283,0.743331,-0.029966,0.604188,0.713161,-0.057471,0.593519,0.719782,-0.086049,0.531255,0.611213,-0.040195,0.577446,0.563657,-0.07596,0.617147,0.536216,-0.100098,0.651135,0.506214,-0.118437,0.479711,0.610269,-0.060007,0.553745,0.698011,-0.102557,0.561866,0.771703,-0.11248,0.554398,0.782665,-0.116415,0.435701,0.651673,-0.079966,0.516446,0.755306,-0.116852,0.525508,0.80797,-0.10694,0.515084,0.805942,-0.096871,0.402784,0.708338,-0.101482,0.466187,0.779905,-0.12149,0.479756,0.816025,-0.10857,0.470308,0.814583,-0.096709
832,27733,True,0.9988,0.9988,0.419405,0.823683,0.0,0.501961,0.778641,-0.01021,0.56347,0.731717,-0.032767,0.595591,0.698985,-0.058889,0.582745,0.701703,-0.086087,0.51703,0.603462,-0.045335,0.559938,0.552703,-0.082834,0.598977,0.522428,-0.108078,0.632253,0.49109,-0.126363,0.465218,0.600985,-0.063395,0.546857,0.694671,-0.107259,0.550218,0.764417,-0.118127,0.535865,0.773384,-0.12163,0.422279,0.642966,-0.081624,0.505395,0.75542,-0.119461,0.511685,0.80038,-0.111875,0.49978,0.791228,-0.102281,0.391012,0.701319,-0.101597,0.449963,0.774829,-0.122764,0.463045,0.804101,-0.111856,0.454478,0.799172,-0.100498
833,27766,True,0.9986,0.9986,0.403949,0.832614,0.0,0.479177,0.787636,-0.012983,0.540553,0.744011,-0.035576,0.573926,0.71298,-0.061282,0.563598,0.707907,-0.087114,0.49496,0.615876,-0.045207,0.53792,0.567162,-0.080562,0.573945,0.53656,-0.103809,0.606757,0.506843,-0.12089,0.443241,0.612904,-0.060233,0.514478,0.702969,-0.103019,0.524601,0.770007,-0.114122,0.518784,0.785706,-0.118056,0.399948,0.652019,-0.075605,0.477382,0.76294,-0.111623,0.485101,0.806712,-0.104288,0.475327,0.803365,-0.09529,0.36852,0.707784,-0.093069,0.427335,0.785943,-0.113395,0.437444,0.8139,-0.104727,0.42675,0.806567,-0.095338
834,27800,True,0.9971,0.9971,0.379744,0.854592,0.0,0.45089,0.812372,-0.016066,0.508799,0.768205,-0.035211,0.544164,0.73966,-0.056934,0.551076,0.72895,-0.078247,0.464325,0.631434,-0.034137,0.503554,0.596657,-0.066534,0.538872,0.580755,-0.089532,0.572436,0.56751,-0.105564,0.413473,0.634608,-0.046185,0.484686,0.716808,-0.084995,0.494993,0.769619,-0.100296,0.490765,0.788511,-0.107341,0.370284,0.677708,-0.059854,0.446741,0.791914,-0.093819,0.454338,0.830072,-0.09466,0.44783,0.832122,-0.090452,0.336664,0.736819,-0.075674,0.392236,0.814655,-0.094274,0.399742,0.83298,-0.090584,0.390923,0.82294,-0.08475
835,27833,True,0.9963,0.9963,0.356154,0.877833,0.0,0.420452,0.833875,-0.019336,0.470845,0.786635,-0.03887,0.504971,0.765289,-0.059848,0.528024,0.760126,-0.079997,0.431933,0.644816,-0.032586,0.46396,0.640748,-0.062535,0.496917,0.634676,-0.086916,0.532419,0.628264,-0.105139,0.380497,0.651699,-0.041267,0.446192,0.78176,-0.073486,0.46611,0.822881,-0.087958,0.476946,0.823819,-0.098079,0.336629,0.699268,-0.052446,0.403353,0.836417,-0.08035,0.414593,0.858827,-0.080107,0.416127,0.842615,-0.078866,0.302808,0.760666,-0.066871,0.35261,0.855853,-0.085699,0.363368,0.875564,-0.083298,0.361529,0.861148,-0.079156
836,27866,True,0.9965,0.9965,0.348171,0.875764,0.0,0.412567,0.831315,-0.020063,0.466549,0.782078,-0.039515,0.498901,0.772494,-0.060567,0.504749,0.801271,-0.081081,0.414705,0.668255,-0.035485,0.429528,0.671307,-0.066607,0.456015,0.672438,-0.090456,0.487954,0.668086,-0.108184,0.355754,0.67573,-0.043734,0.416154,0.821358,-0.079026,0.43651,0.863373,-0.092833,0.442929,0.856028,-0.100859,0.307944,0.72468,-0.05459,0.374167,0.872207,-0.083958,0.393899,0.888995,-0.083064,0.398038,0.860555,-0.080307,0.272482,0.783454,-0.0688,0.321855,0.889165,-0.088216,0.337584,0.905547,-0.086391,0.336939,0.88469,-0.082073
837,27900,True,0.9981,0.9981,0.320145,0.905347,0.0,0.389151,0.858331,-0.016998,0.444897,0.803015,-0.036627,0.473687,0.775906,-0.05881,0.473132,0.788743,-0.079461,0.39333,0.6745,-0.030658,0.394435,0.664693,-0.064646,0.416284,0.668781,-0.086876,0.446819,0.670072,-0.101316,0.334071,0.683034,-0.041798,0.394284,0.805341,-0.079392,0.414747,0.854755,-0.090685,0.420261,0.853144,-0.094582,0.285908,0.732745,-0.055879,0.350687,0.865678,-0.089019,0.374485,0.897446,-0.085131,0.381199,0.881706,-0.077698,0.250724,0.793196,-0.072912,0.297063,0.888025,-0.091862,0.318447,0.912249,-0.086134,0.322884,0.900153,-0.0775
838,27933,True,0.9982,0.9982,0.31747,0.8911,0.0,0.381214,0.847912,-0.017738,0.435741,0.786721,-0.037181,0.461694,0.753483,-0.059034,0.449764,0.765821,-0.08046,0.375519,0.674077,-0.037547,0.374995,0.657518,-0.073818,0.388864,0.651029,-0.094048,0.405643,0.637103,-0.106664,0.314305,0.681946,-0.050471,0.37031,0.782555,-0.091436,0.391706,0.83338,-0.100805,0.395041,0.819223,-0.101429,0.265073,0.728941,-0.066141,0.330959,0.853987,-0.107176,0.360511,0.888081,-0.102909,0.368812,0.864712,-0.092754,0.229083,0.78704,-0.08419,0.273719,0.873576,-0.110823,0.297601,0.903467,-0.10545,0.303076,0.894616,-0.095546
839,27966,True,0.9982,0.9982,0.314776,0.873298,0.0,0.37736,0.825874,-0.021435,0.431194,0.760254,-0.040715,0.452214,0.72405,-0.061203,0.427446,0.735781,-0.081343,0.360518,0.657568,-0.041654,0.358606,0.624522,-0.076042,0.363487,0.604968,-0.095657,0.368783,0.578569,-0.108049,0.299976,0.663287,-0.051465,0.348374,0.745512,-0.091701,0.37866,0.799718,-0.09988,0.388439,0.801747,-0.098741,0.251782,0.707638,-0.063541,0.311465,0.815912,-0.101524,0.339915,0.855986,-0.09382,0.348682,0.844947,-0.080517,0.217615,0.763255,-0.078463,0.258329,0.839061,-0.100512,0.285189,0.870845,-0.091342,0.294693,0.868563,-0.078428
840,28000,True,0.9978,0.9978,0.309321,0.859376,0.0,0.368933,0.803993,-0.022458,0.419252,0.730745,-0.04141,0.438368,0.694234,-0.060984,0.414913,0.710023,-0.079787,0.352183,0.627752,-0.040756,0.345516,0.585826,-0.075014,0.34402,0.559567,-0.095248,0.342995,0.529939,-0.108209,0.288711,0.632044,-0.0491,0.335182,0.717116,-0.09075,0.367417,0.772616,-0.099627,0.378175,0.78252,-0.098267,0.239917,0.678418,-0.059939,0.299494,0.792885,-0.096007,0.327741,0.825684,-0.089345,0.336377,0.81101,-0.077166,0.206148,0.737503,-0.074041,0.247992,0.818331,-0.094571,0.276981,0.845962,-0.086908,0.288129,0.839293,-0.075209
841,28033,True,0.9973,0.9973,0.314667,0.833138,0.0,0.37156,0.777484,-0.026228,0.419554,0.704785,-0.046574,0.430063,0.667237,-0.0668,0.404951,0.684289,-0.086485,0.341832,0.60721,-0.047378,0.331852,0.563416,-0.082382,0.32866,0.533052,-0.101857,0.325293,0.495913,-0.114264,0.279883,0.617072,-0.054391,0.323377,0.690004,-0.099004,0.363858,0.745784,-0.108201,0.383045,0.760088,-0.105705,0.233396,0.665067,-0.063652,0.290943,0.771922,-0.103095,0.329315,0.808105,-0.096858,0.347583,0.801343,-0.083386,0.201397,0.724432,-0.076324,0.24137,0.801354,-0.099085,0.276322,0.830618,-0.09192,0.293573,0.828703,-0.07975
842,28066,True,0.9966,0.9966,0.319515,0.8251,0.0,0.371484,0.774158,-0.028713,0.416759,0.708464,-0.052978,0.428285,0.664716,-0.076769,0.405059,0.671886,-0.099647,0.344316,0.596667,-0.053591,0.335262,0.547171,-0.091361,0.329584,0.514239,-0.113207,0.323599,0.471457,-0.128146,0.281119,0.604774,-0.059556,0.328566,0.684841,-0.10382,0.365058,0.743644,-0.112487,0.378117,0.752327,-0.111898,0.235478,0.655355,-0.067917,0.297731,0.759965,-0.105966,0.332074,0.79627,-0.097151,0.342636,0.78609,-0.084464,0.205322,0.71895,-0.080072,0.245274,0.795164,-0.102563,0.279351,0.820766,-0.094766,0.293708,0.815238,-0.083368
843,28099,True,0.9964,0.9964,0.32441,0.824177,0.0,0.374962,0.774824,-0.025603,0.421803,0.708094,-0.048288,0.435159,0.669452,-0.071435,0.415444,0.680059,-0.094447,0.353585,0.601143,-0.050233,0.347991,0.553442,-0.085789,0.345304,0.519992,-0.107528,0.343089,0.478253,-0.123265,0.288455,0.607709,-0.057533,0.339578,0.686478,-0.101644,0.374278,0.745882,-0.112363,0.386284,0.758144,-0.113815,0.241915,0.65695,-0.066778,0.306095,0.761662,-0.10391,0.337313,0.800201,-0.098274,0.344994,0.793746,-0.088635,0.211263,0.718766,-0.079405,0.255877,0.791029,-0.101052,0.28746,0.818444,-0.094842,0.298264,0.815679,-0.085679
844,28133,True,0.9972,0.9972,0.335834,0.827461,-0.0,0.390009,0.783869,-0.026371,0.43826,0.724342,-0.050049,0.455072,0.695799,-0.074443,0.436591,0.70166,-0.098425,0.370692,0.61443,-0.049993,0.372215,0.584676,-0.090188,0.375993,0.558378,-0.115215,0.379803,0.522072,-0.132094,0.306227,0.619289,-0.057421,0.366243,0.712485,-0.103349,0.397642,0.76949,-0.114952,0.403724,0.772897,-0.117863,0.259614,0.66707,-0.06772,0.326289,0.777401,-0.109231,0.353094,0.817481,-0.105223,0.3552,0.808215,-0.096621,0.227298,0.728056,-0.08126,0.271888,0.805405,-0.10765,0.301678,0.833844,-0.103618,0.310032,0.828553,-0.095921
845,28166,True,0.9978,0.9978,0.335434,0.85693,-0.0,0.395535,0.815894,-0.023926,0.450934,0.764582,-0.047853,0.476202,0.740064,-0.073406,0.468777,0.740704,-0.097865,0.392937,0.640443,-0.046345,0.395636,0.62426,-0.088818,0.411934,0.610668,-0.113759,0.433137,0.588235,-0.129398,0.330344,0.643325,-0.055239,0.391718,0.750717,-0.103073,0.416075,0.820004,-0.114881,0.417598,0.82803,-0.116964,0.283198,0.68888,-0.066959,0.349009,0.811648,-0.110888,0.375228,0.856189,-0.106642,0.378181,0.84575,-0.096704,0.24753,0.748029,-0.081589,0.296262,0.838382,-0.108687,0.324255,0.872125,-0.103848,0.329297,0.864996,-0.09461
846,28200,True,0.9979,0.9979,0.339009,0.887313,-0.0,0.403221,0.836579,-0.021122,0.457282,0.781464,-0.046248,0.490135,0.764171,-0.074414,0.502167,0.781417,-0.101792,0.406097,0.656857,-0.04269,0.417457,0.648338,-0.087922,0.447514,0.64695,-0.116488,0.480009,0.636316,-0.134635,0.346467,0.668277,-0.054206,0.419671,0.786378,-0.104651,0.439591,0.852774,-0.118672,0.432571,0.851124,-0.122561,0.302441,0.720662,-0.068899,0.377895,0.849637,-0.116076,0.400193,0.893777,-0.113565,0.394679,0.878307,-0.103679,0.270577,0.783004,-0.086053,0.325153,0.870274,-0.113661,0.346063,0.899393,-0.108434,0.340721,0.888879,-0.098651
847,28233,True,0.9986,0.9986,0.347875,0.890695,0.0,0.413711,0.841391,-0.020823,0.467446,0.790636,-0.046588,0.501708,0.775623,-0.075533,0.516945,0.795216,-0.103375,0.419339,0.666314,-0.039483,0.438948,0.664162,-0.084922,0.474976,0.667576,-0.113432,0.512786,0.663871,-0.131208,0.359902,0.680071,-0.051974,0.438879,0.800228,-0.102589,0.454547,0.866439,-0.116002,0.446236,0.862606,-0.118684,0.315104,0.734135,-0.067974,0.394256,0.865159,-0.115955,0.411945,0.906235,-0.11249,0.403973,0.886657,-0.101229,0.283045,0.796548,-0.086399,0.341828,0.888639,-0.114124,0.36213,0.916922,-0.107685,0.356205,0.904008,-0.096535
848,28266,True,0.9989,0.9989,0.347259,0.896056,0.0,0.4103,0.843184,-0.012211,0.463737,0.788461,-0.031341,0.496288,0.767905,-0.05436,0.510311,0.784826,-0.077617,0.417612,0.67095,-0.029757,0.440015,0.660362,-0.067234,0.472568,0.655129,-0.091897,0.505915,0.643269,-0.108215,0.361577,0.682944,-0.044646,0.44224,0.790888,-0.088948,0.460953,0.857565,-0.103574,0.456393,0.863771,-0.108578,0.317282,0.734614,-0.061656,0.395993,0.853195,-0.105196,0.417381,0.897878,-0.106735,0.41491,0.887922,-0.100371,0.28502,0.796573,-0.079852,0.343442,0.877679,-0.104292,0.362605,0.906668,-0.100218,0.357832,0.898684,-0.092369
849,28300,True,0.9983,0.9983,0.347355,0.894034,0.0,0.408936,0.844665,-0.012172,0.460124,0.788163,-0.029915,0.48967,0.760107,-0.05143,0.495364,0.766638,-0.073192,0.407525,0.667548,-0.027084,0.425152,0.64805,-0.062287,0.455299,0.63496,-0.085504,0.487364,0.617033,-0.100848,0.354607,0.675533,-0.041337,0.430395,0.779444,-0.08485,0.447289,0.84436,-0.098922,0.442476,0.853609,-0.102634,0.312477,0.724181,-0.057863,0.388915,0.841045,-0.10166,0.411725,0.885311,-0.102957,0.412514,0.879735,-0.095662,0.28127,0.786296,-0.075556,0.335572,0.862607,-0.101814,0.356111,0.893484,-0.098478,0.355988,0.891034,-0.090241
850,28333,True,0.9981,0.9981,0.340181,0.877123,0.0,0.402267,0.841242,-0.020448,0.45601,0.789339,-0.039656,0.481764,0.752338,-0.060239,0.478713,0.737633,-0.080207,0.398398,0.663849,-0.035831,0.407299,0.633078,-0.072378,0.430669,0.616284,-0.09434,0.457983,0.594637,-0.108093,0.344915,0.667619,-0.045657,0.406323,0.754984,-0.08744,0.430564,0.811966,-0.099371,0.436635,0.814968,-0.102196,0.301276,0.711783,-0.058599,0.370965,0.823667,-0.101512,0.399279,0.864215,-0.100538,0.408591,0.856788,-0.092404,0.268649,0.770663,-0.073525,0.320204,0.848089,-0.100085,0.345024,0.884006,-0.095672,0.351103,0.885059,-0.08672
851,28366,True,0.9973,0.9973,0.337799,0.877418,0.0,0.398112,0.83181,-0.01891,0.45079,0.770534,-0.036778,0.471552,0.732723,-0.055847,0.454075,0.737753,-0.075075,0.382869,0.65102,-0.033994,0.390101,0.623084,-0.065746,0.407458,0.605945,-0.086047,0.427717,0.583031,-0.100059,0.326395,0.658018,-0.045145,0.384396,0.741902,-0.083413,0.410901,0.798293,-0.096606,0.419598,0.803214,-0.101024,0.28125,0.704912,-0.058536,0.35013,0.815093,-0.097358,0.383152,0.852399,-0.099425,0.397018,0.841487,-0.09477,0.249227,0.765619,-0.073864,0.300238,0.844096,-0.097322,0.32783,0.87963,-0.093866,0.337497,0.879707,-0.086974
852,28400,True,0.9981,0.9981,0.327841,0.878638,0.0,0.387335,0.830487,-0.019689,0.439899,0.764249,-0.036729,0.458329,0.727299,-0.054739,0.434952,0.743081,-0.073216,0.367958,0.659372,-0.037371,0.370316,0.63653,-0.067981,0.381294,0.621452,-0.087481,0.397082,0.599719,-0.101333,0.308026,0.66815,-0.04823,0.361978,0.747185,-0.086214,0.390328,0.798803,-0.100554,0.404119,0.803892,-0.106164,0.260529,0.71579,-0.060777,0.326144,0.826774,-0.098109,0.356236,0.866122,-0.101413,0.370777,0.855896,-0.097911,0.22735,0.774516,-0.075649,0.270197,0.85029,-0.097984,0.29844,0.88311,-0.09576,0.312712,0.880595,-0.090346
853,28433,True,0.9969,0.9969,0.307202,0.911065,0.0,0.371404,0.860966,-0.023922,0.422523,0.798694,-0.043335,0.446415,0.756012,-0.062409,0.425771,0.756642,-0.079888,0.358831,0.699119,-0.044267,0.35258,0.679643,-0.080457,0.354536,0.665148,-0.103292,0.359795,0.648089,-0.117823,0.299496,0.701116,-0.051627,0.318584,0.757587,-0.089777,0.336052,0.775026,-0.104378,0.351096,0.767529,-0.109942,0.249541,0.738093,-0.061338,0.295433,0.858253,-0.094543,0.323651,0.884655,-0.094459,0.344401,0.872981,-0.08869,0.214061,0.789109,-0.074849,0.247334,0.87865,-0.093701,0.26758,0.899116,-0.091531,0.278845,0.886145,-0.086323
854,28466,True,0.9981,0.9981,0.289397,0.961817,-0.0,0.347551,0.915817,-0.02212,0.395202,0.854501,-0.041658,0.422571,0.810102,-0.062445,0.416405,0.794606,-0.078375,0.337268,0.713886,-0.035306,0.332517,0.681707,-0.076951,0.324909,0.718309,-0.101518,0.315373,0.762369,-0.11376,0.278644,0.716738,-0.040716,0.299511,0.826251,-0.076688,0.327441,0.876762,-0.085962,0.344416,0.881181,-0.089297,0.228203,0.757819,-0.050536,0.263148,0.894417,-0.074864,0.284682,0.91768,-0.066956,0.292297,0.896711,-0.06062,0.191057,0.812433,-0.064847,0.221077,0.917558,-0.081111,0.241933,0.936632,-0.076829,0.247144,0.916933,-0.070045
855,28500,True,0.9979,0.9979,0.279866,0.937865,-0.0,0.340713,0.905399,-0.035508,0.394047,0.867889,-0.06404,0.41587,0.85725,-0.090146,0.390784,0.869471,-0.11232,0.327302,0.723514,-0.066021,0.317571,0.788443,-0.117498,0.306695,0.854568,-0.1507,0.290711,0.894139,-0.168476,0.263611,0.74716,-0.068347,0.281937,0.916182,-0.107244,0.316444,0.955405,-0.116001,0.335954,0.950171,-0.120994,0.213344,0.800554,-0.074895,0.24574,0.967969,-0.102078,0.279276,0.979408,-0.08935,0.294468,0.953819,-0.079066,0.178051,0.863389,-0.087417,0.204243,0.980757,-0.106914,0.232526,0.99265,-0.098499,0.2481,0.971924,-0.087914
856,28533,True,0.9918,0.9918,0.271067,0.917459,-0.0,0.331632,0.896023,-0.034843,0.38809,0.881653,-0.070278,0.407331,0.901043,-0.104719,0.376615,0.947279,-0.140178,0.315494,0.754995,-0.08113,0.313181,0.823749,-0.139139,0.304961,0.885925,-0.178748,0.290545,0.93568,-0.199855,0.251006,0.784478,-0.087976,0.271446,0.917134,-0.138543,0.290695,0.973913,-0.157516,0.298492,1.002943,-0.167449,0.199258,0.834128,-0.096963,0.224091,0.964742,-0.133817,0.2497,1.001796,-0.131809,0.262994,1.008574,-0.126852,0.164273,0.892018,-0.110602,0.1866,0.994464,-0.133738,0.21031,1.026654,-0.127938,0.225893,1.030774,-0.120047
857,28566,True,0.9913,0.9913,0.279716,0.91572,-0.0,0.337419,0.897829,-0.037658,0.391803,0.885126,-0.072397,0.407315,0.909811,-0.105354,0.386493,0.959505,-0.139451,0.310033,0.777612,-0.084797,0.307473,0.85583,-0.13926,0.303809,0.916913,-0.174286,0.29331,0.962325,-0.192556,0.246257,0.80839,-0.087915,0.267465,0.936418,-0.133843,0.285974,0.986196,-0.149437,0.292456,1.005333,-0.1584,0.197459,0.855089,-0.092882,0.223253,0.985287,-0.126421,0.25121,1.023678,-0.123538,0.265207,1.029834,-0.118829,0.1632,0.908962,-0.102702,0.186271,1.009994,-0.121143,0.212328,1.042244,-0.114366,0.228595,1.04605,-0.107084
858,28599,True,0.9928,0.9928,0.290946,0.961803,-0.0,0.341593,0.936026,-0.040964,0.392257,0.901186,-0.075387,0.410183,0.911514,-0.107113,0.395707,0.965405,-0.139886,0.306648,0.79372,-0.082496,0.309576,0.85188,-0.136416,0.302837,0.917331,-0.170421,0.290925,0.976526,-0.18675,0.24558,0.822511,-0.081594,0.264784,0.939194,-0.127382,0.283433,1.009402,-0.143893,0.29142,1.052652,-0.151503,0.200597,0.869896,-0.082778,0.226847,0.989103,-0.118358,0.250328,1.047055,-0.119925,0.260937,1.081118,-0.115629,0.171743,0.925153,-0.088341,0.188157,1.012931,-0.109079,0.208521,1.059116,-0.10594,0.21869,1.082204,-0.099096
859,28633,True,0.9953,0.9953,0.295338,0.968636,-0.0,0.347104,0.942869,-0.03694,0.396674,0.905918,-0.068448,0.41594,0.912131,-0.098225,0.401568,0.954469,-0.128946,0.317933,0.792464,-0.074292,0.322093,0.841846,-0.125412,0.316173,0.899883,-0.158531,0.3069,0.95489,-0.174748,0.255483,0.819098,-0.074922,0.275992,0.921196,-0.115028,0.29826,0.975989,-0.130319,0.310441,1.009922,-0.138595,0.208519,0.868928,-0.077796,0.237578,0.984391,-0.109833,0.260034,1.043186,-0.111087,0.268966,1.076586,-0.107737,0.178609,0.926896,-0.084883,0.195554,1.012735,-0.103471,0.209821,1.060703,-0.099913,0.212104,1.085742,-0.093727
860,28666,True,0.9939,0.9939,0.299038,0.970665,-0.0,0.352324,0.942637,-0.038423,0.40269,0.905697,-0.070451,0.427642,0.898497,-0.099803,0.414614,0.920026,-0.128059,0.332829,0.780916,-0.079459,0.337001,0.818123,-0.128039,0.328588,0.871777,-0.157478,0.319217,0.926496,-0.172692,0.26968,0.800386,-0.078969,0.292961,0.922489,-0.118382,0.321681,0.965507,-0.130155,0.342234,0.983174,-0.137554,0.219929,0.849135,-0.081047,0.253341,0.990377,-0.109304,0.273843,1.038416,-0.105165,0.282264,1.058354,-0.100995,0.187846,0.907318,-0.088375,0.210709,1.01062,-0.107309,0.225273,1.052573,-0.103921,0.227305,1.066536,-0.098807
861,28700,True,0.9972,0.9972,0.303032,0.948342,-0.0,0.3578,0.92059,-0.035907,0.411457,0.882167,-0.065437,0.435823,0.877031,-0.09167,0.420202,0.897136,-0.113241,0.341695,0.758044,-0.076098,0.340878,0.80167,-0.119273,0.330466,0.843586,-0.14196,0.319943,0.881795,-0.153851,0.277546,0.777081,-0.075656,0.320077,0.950743,-0.111219,0.350748,0.960181,-0.112998,0.367695,0.939739,-0.11365,0.228565,0.827937,-0.078433,0.281679,0.99824,-0.097433,0.304151,0.984687,-0.077127,0.309676,0.944399,-0.063832,0.194647,0.889794,-0.088072,0.237614,1.011835,-0.105793,0.256778,1.006549,-0.098142,0.258205,0.969595,-0.088691
862,28733,True,0.9966,0.9966,0.306777,0.944512,-0.0,0.360213,0.914955,-0.034204,0.416696,0.870333,-0.062421,0.438753,0.854786,-0.089226,0.419491,0.867571,-0.108879,0.347932,0.741278,-0.062254,0.348405,0.766737,-0.111957,0.343838,0.811172,-0.13294,0.335335,0.850522,-0.138897,0.282353,0.755755,-0.062144,0.330668,0.920898,-0.101441,0.357167,0.942754,-0.098141,0.361282,0.914104,-0.089632,0.233326,0.803657,-0.067408,0.290373,0.973213,-0.094301,0.316146,0.965624,-0.070307,0.31718,0.919971,-0.048613,0.196685,0.861617,-0.079037,0.24376,0.98082,-0.100535,0.26423,0.983466,-0.090035,0.262125,0.951903,-0.073977
863,28766,True,0.9971,0.9971,0.310101,0.933166,-0.0,0.36384,0.903796,-0.033914,0.420108,0.858531,-0.062832,0.44448,0.83968,-0.09067,0.42672,0.84323,-0.112455,0.350368,0.722962,-0.061374,0.349871,0.742522,-0.116968,0.343981,0.781361,-0.147314,0.337246,0.820918,-0.159716,0.286341,0.738976,-0.063245,0.336403,0.890969,-0.109811,0.363095,0.92278,-0.113069,0.371571,0.90841,-0.108,0.238373,0.788691,-0.070858,0.29636,0.954133,-0.104274,0.325043,0.960796,-0.084513,0.332898,0.928459,-0.063899,0.202991,0.848157,-0.084733,0.246745,0.962353,-0.108199,0.266645,0.972444,-0.098664,0.267928,0.946621,-0.083139
864,28800,True,0.9974,0.9974,0.309695,0.938334,-0.0,0.36486,0.899194,-0.026153,0.418009,0.84232,-0.050106,0.444964,0.817506,-0.075115,0.43178,0.825461,-0.094346,0.352393,0.720062,-0.048845,0.351732,0.710275,-0.097083,0.352904,0.740254,-0.121022,0.35505,0.783431,-0.129114,0.288441,0.728034,-0.053029,0.344373,0.87497,-0.095275,0.373963,0.91209,-0.094789,0.384956,0.907113,-0.086372,0.241281,0.777598,-0.06256,0.306533,0.932981,-0.093151,0.332796,0.943456,-0.072025,0.339284,0.918158,-0.050231,0.20814,0.838433,-0.077565,0.253661,0.945925,-0.098994,0.272474,0.958993,-0.088421,0.273524,0.940203,-0.071751
865,28833,True,0.9968,0.9968,0.311452,0.932135,-0.0,0.36789,0.887702,-0.026228,0.420725,0.828645,-0.051584,0.448507,0.801544,-0.079103,0.432121,0.816973,-0.100649,0.358579,0.710515,-0.044838,0.352459,0.696004,-0.094648,0.3592,0.719371,-0.115986,0.368221,0.758658,-0.121013,0.294636,0.719624,-0.049957,0.350309,0.854172,-0.095132,0.377446,0.896961,-0.092397,0.382655,0.888184,-0.079876,0.247546,0.768381,-0.061194,0.313433,0.915435,-0.097436,0.341243,0.931508,-0.076442,0.346032,0.905452,-0.051955,0.215021,0.828542,-0.077527,0.262555,0.931464,-0.101165,0.2844,0.947623,-0.090621,0.286314,0.931017,-0.072635
866,28866,True,0.9967,0.9967,0.315998,0.924596,-0.0,0.37237,0.876478,-0.025619,0.423108,0.812396,-0.049588,0.450923,0.787005,-0.075758,0.437601,0.809956,-0.096133,0.361494,0.701967,-0.043265,0.35312,0.681083,-0.091656,0.365493,0.701674,-0.111991,0.380184,0.742994,-0.116238,0.300438,0.710293,-0.048819,0.353737,0.840375,-0.095869,0.383059,0.880816,-0.095075,0.391175,0.879834,-0.082983,0.254258,0.759101,-0.06039,0.318555,0.903345,-0.099135,0.347816,0.919895,-0.081517,0.354508,0.897077,-0.058157,0.222493,0.818955,-0.07671,0.268994,0.920108,-0.101509,0.288694,0.937211,-0.092844,0.288149,0.921934,-0.075835
867,28900,True,0.9965,0.9965,0.31526,0.918864,-0.0,0.375119,0.873954,-0.024068,0.427114,0.816885,-0.046692,0.455806,0.788162,-0.071701,0.44731,0.797235,-0.091144,0.366449,0.701141,-0.037919,0.35727,0.680344,-0.082925,0.373593,0.695275,-0.101303,0.393406,0.724886,-0.105706,0.307308,0.707717,-0.044479,0.362325,0.833602,-0.089397,0.391548,0.87833,-0.089617,0.398369,0.872758,-0.079311,0.262375,0.756159,-0.056715,0.327671,0.898918,-0.095186,0.356825,0.919491,-0.078837,0.362818,0.895095,-0.057119,0.230762,0.816093,-0.073282,0.276766,0.916845,-0.097797,0.296734,0.934053,-0.089555,0.295632,0.916804,-0.073668
868,28933,True,0.998,0.998,0.3198,0.916646,-0.0,0.381251,0.867868,-0.020119,0.436092,0.808345,-0.040875,0.463831,0.780227,-0.064419,0.450154,0.796273,-0.082293,0.372683,0.694242,-0.035693,0.362306,0.675936,-0.077718,0.380793,0.692182,-0.09396,0.401975,0.721729,-0.097199,0.31261,0.701445,-0.043671,0.373835,0.837755,-0.085673,0.3963,0.875859,-0.085467,0.395289,0.861715,-0.075232,0.267182,0.750838,-0.056671,0.338088,0.901559,-0.091868,0.362848,0.915727,-0.074692,0.36333,0.885011,-0.052986,0.235138,0.811186,-0.073775,0.284791,0.915731,-0.09671,0.301979,0.929901,-0.08754,0.297778,0.910425,-0.070906
869,28966,True,0.9977,0.9977,0.325546,0.912141,-0.0,0.387096,0.865881,-0.021678,0.443083,0.807566,-0.043187,0.469567,0.782263,-0.066948,0.456137,0.803017,-0.085581,0.378305,0.692153,-0.039449,0.367526,0.67685,-0.083293,0.389565,0.692912,-0.102423,0.414639,0.718982,-0.108247,0.31822,0.700643,-0.047058,0.379482,0.839886,-0.091184,0.405355,0.877921,-0.093046,0.407361,0.866439,-0.08499,0.272709,0.750877,-0.059581,0.342941,0.90182,-0.09582,0.367764,0.916645,-0.08013,0.3681,0.887005,-0.060021,0.240031,0.810946,-0.076319,0.290432,0.916954,-0.099794,0.308104,0.931732,-0.091655,0.303298,0.91209,-0.076406
870,29000,True,0.996,0.996,0.326098,0.911717,-0.0,0.391379,0.868624,-0.024576,0.449713,0.810891,-0.046513,0.475618,0.786578,-0.070097,0.4649,0.806741,-0.088688,0.386579,0.695157,-0.042047,0.37439,0.68413,-0.087865,0.395379,0.700135,-0.110669,0.421679,0.722792,-0.119704,0.324244,0.702382,-0.048308,0.384294,0.849567,-0.095065,0.408359,0.883335,-0.100627,0.410575,0.868538,-0.095334,0.277945,0.751826,-0.059615,0.347183,0.909787,-0.097023,0.371222,0.921308,-0.083511,0.372672,0.888585,-0.064954,0.244057,0.810468,-0.075581,0.294422,0.921325,-0.100776,0.311642,0.934206,-0.094709,0.308291,0.911482,-0.080844
871,29033,True,0.9973,0.9973,0.334202,0.912199,-0.0,0.399135,0.867197,-0.022481,0.457877,0.804632,-0.042213,0.481508,0.786541,-0.063337,0.466195,0.819713,-0.079615,0.392946,0.695992,-0.042538,0.382219,0.68189,-0.087132,0.403813,0.702469,-0.109218,0.428006,0.731914,-0.117832,0.3292,0.703805,-0.049454,0.389412,0.848128,-0.094677,0.418069,0.887053,-0.09872,0.423539,0.881158,-0.092687,0.282851,0.75479,-0.061025,0.352694,0.911349,-0.095475,0.376406,0.924116,-0.080609,0.376112,0.894163,-0.062075,0.25055,0.813636,-0.07726,0.30391,0.925836,-0.099765,0.322419,0.939222,-0.092412,0.318465,0.917449,-0.078464
872,29066,True,0.9962,0.9962,0.334643,0.919206,-0.0,0.40282,0.875953,-0.020067,0.4623,0.818453,-0.039137,0.487697,0.797264,-0.060413,0.471794,0.821427,-0.077234,0.397646,0.700943,-0.039026,0.391049,0.688756,-0.083617,0.412864,0.708071,-0.107352,0.438001,0.733592,-0.117411,0.335699,0.708707,-0.046949,0.39619,0.855726,-0.090612,0.418222,0.885488,-0.097033,0.41855,0.869015,-0.093688,0.289128,0.759063,-0.059258,0.360347,0.917439,-0.09264,0.380857,0.927689,-0.078871,0.379183,0.89424,-0.061576,0.255804,0.81844,-0.076041,0.308833,0.930355,-0.098749,0.326281,0.942832,-0.091464,0.322607,0.920269,-0.077504
873,29099,True,0.997,0.997,0.340222,0.91494,-0.0,0.408154,0.868955,-0.021458,0.46607,0.810544,-0.040706,0.492085,0.79554,-0.061692,0.477369,0.825656,-0.078372,0.402509,0.696579,-0.040285,0.393198,0.687363,-0.0817,0.416326,0.707382,-0.102522,0.443742,0.733162,-0.111636,0.339321,0.708373,-0.048205,0.39793,0.853548,-0.092312,0.427254,0.891948,-0.09819,0.43509,0.885069,-0.094425,0.292354,0.762727,-0.060373,0.362984,0.918793,-0.09462,0.388999,0.932865,-0.081979,0.391009,0.904329,-0.06558,0.259748,0.824894,-0.076983,0.313198,0.93644,-0.099829,0.333011,0.949429,-0.093553,0.330272,0.927366,-0.080932
874,29133,True,0.9975,0.9975,0.339199,0.916179,-0.0,0.408789,0.87007,-0.021841,0.470067,0.812222,-0.041777,0.496402,0.798775,-0.063497,0.480607,0.828944,-0.080554,0.406154,0.695266,-0.041663,0.397448,0.690458,-0.085644,0.421203,0.71167,-0.107211,0.449278,0.735183,-0.116058,0.342305,0.708821,-0.049479,0.405121,0.859074,-0.094667,0.429847,0.894395,-0.099362,0.431937,0.879378,-0.094213,0.296121,0.765288,-0.061781,0.368958,0.923581,-0.097011,0.391713,0.934666,-0.081702,0.388747,0.90159,-0.062799,0.263636,0.828376,-0.078716,0.318282,0.941577,-0.103474,0.335541,0.952288,-0.096584,0.328714,0.92764,-0.082505
875,29166,True,0.9982,0.9982,0.34031,0.921356,-0.0,0.410528,0.876827,-0.02207,0.47368,0.818925,-0.042748,0.498284,0.796003,-0.065057,0.479647,0.818473,-0.082585,0.410999,0.693133,-0.038042,0.403261,0.691929,-0.080086,0.426857,0.713244,-0.100748,0.453357,0.738525,-0.109173,0.346248,0.705532,-0.04602,0.407033,0.854577,-0.087354,0.429524,0.893846,-0.090447,0.428922,0.878624,-0.084788,0.298853,0.760738,-0.058723,0.368502,0.918441,-0.091287,0.390161,0.930742,-0.075047,0.385462,0.895794,-0.056561,0.265159,0.825027,-0.076113,0.316462,0.93803,-0.09883,0.332296,0.948759,-0.090851,0.3241,0.921868,-0.076596
876,29200,True,0.9983,0.9983,0.338234,0.917739,-0.0,0.410413,0.872966,-0.021399,0.473307,0.816403,-0.040704,0.499242,0.793868,-0.06136,0.481768,0.814985,-0.077679,0.410848,0.691097,-0.038444,0.40622,0.691586,-0.077715,0.430586,0.711227,-0.097867,0.457322,0.732096,-0.107247,0.346639,0.703826,-0.046745,0.408088,0.854443,-0.087885,0.433198,0.894034,-0.092666,0.434481,0.884919,-0.088664,0.299112,0.759836,-0.059138,0.371002,0.917813,-0.091853,0.394757,0.929435,-0.077509,0.391358,0.897346,-0.060431,0.265937,0.824303,-0.075958,0.321181,0.938086,-0.098933,0.337152,0.94906,-0.091785,0.3285,0.923214,-0.078332
877,29233,True,0.9983,0.9983,0.340025,0.922141,-0.0,0.412555,0.87786,-0.020252,0.474047,0.824481,-0.040507,0.498747,0.795798,-0.062646,0.482448,0.807928,-0.080502,0.413382,0.688475,-0.036084,0.407098,0.690536,-0.07644,0.433143,0.709484,-0.097535,0.462296,0.725575,-0.107798,0.349965,0.701091,-0.045838,0.410859,0.848166,-0.088332,0.433895,0.890271,-0.094166,0.433382,0.878175,-0.090952,0.301906,0.756193,-0.059793,0.372158,0.911629,-0.095092,0.39511,0.927346,-0.081828,0.391523,0.894855,-0.065271,0.267655,0.820994,-0.077827,0.322093,0.932478,-0.101801,0.33908,0.945889,-0.094571,0.331155,0.9204,-0.081224
878,29266,True,0.9977,0.9977,0.341826,0.913615,-0.0,0.415649,0.86548,-0.019753,0.476787,0.811459,-0.038899,0.502227,0.789246,-0.05979,0.484407,0.808536,-0.07667,0.415478,0.683284,-0.035976,0.411439,0.688035,-0.072222,0.43725,0.705918,-0.091362,0.466,0.721214,-0.101528,0.351609,0.697563,-0.045428,0.416518,0.845483,-0.085718,0.441361,0.886756,-0.092129,0.442805,0.879781,-0.090205,0.304292,0.755122,-0.058502,0.379592,0.909467,-0.090315,0.402651,0.921669,-0.078125,0.398544,0.890275,-0.063531,0.271294,0.820767,-0.07577,0.329429,0.931878,-0.097875,0.345419,0.940912,-0.091903,0.336097,0.914318,-0.080419
879,29300,True,0.9974,0.9974,0.342649,0.909905,0.0,0.41626,0.861261,-0.019348,0.477945,0.807828,-0.038961,0.503533,0.78566,-0.060301,0.485824,0.806617,-0.078021,0.416342,0.683739,-0.037517,0.413488,0.6896,-0.074555,0.440507,0.704839,-0.094962,0.471845,0.715713,-0.106385,0.353011,0.69684,-0.047039,0.421097,0.847117,-0.087131,0.442158,0.886025,-0.093459,0.440118,0.872294,-0.092068,0.306524,0.753201,-0.060056,0.381966,0.907376,-0.09193,0.404465,0.918052,-0.079737,0.400652,0.88402,-0.065563,0.274126,0.818157,-0.077238,0.33248,0.928542,-0.09973,0.348676,0.937361,-0.093993,0.340386,0.911001,-0.082947
880,29333,True,0.9975,0.9975,0.346426,0.91365,0.0,0.419459,0.864172,-0.018024,0.479462,0.81065,-0.037593,0.503649,0.787901,-0.059378,0.487345,0.808319,-0.078058,0.417778,0.682715,-0.033757,0.414218,0.688137,-0.070635,0.442499,0.702721,-0.092235,0.476311,0.710592,-0.104878,0.355268,0.697477,-0.044106,0.420835,0.84179,-0.083565,0.443194,0.88473,-0.090841,0.442585,0.873336,-0.090331,0.308767,0.753394,-0.057945,0.382903,0.903468,-0.090152,0.407583,0.918648,-0.079422,0.405778,0.887272,-0.066191,0.275948,0.81834,-0.075614,0.335106,0.926264,-0.096556,0.353541,0.939292,-0.089864,0.347054,0.916383,-0.078521
881,29366,True,0.9974,0.9974,0.344542,0.914551,0.0,0.419957,0.861052,-0.017862,0.480267,0.804578,-0.036981,0.504984,0.786008,-0.058306,0.491002,0.812579,-0.077064,0.419768,0.683816,-0.033673,0.41858,0.687448,-0.070665,0.446521,0.701022,-0.094289,0.480466,0.712553,-0.108746,0.357338,0.698904,-0.044084,0.421279,0.842457,-0.084136,0.44669,0.884338,-0.09384,0.450993,0.879128,-0.095568,0.310579,0.755977,-0.057904,0.385094,0.905549,-0.089824,0.409753,0.919826,-0.082233,0.410749,0.890501,-0.0718,0.278301,0.822004,-0.075539,0.338807,0.930431,-0.095854,0.359197,0.943868,-0.090778,0.357338,0.92184,-0.081442
882,29400,True,0.9976,0.9976,0.346239,0.915575,0.0,0.416419,0.858795,-0.013335,0.47225,0.801679,-0.03229,0.503305,0.789632,-0.054642,0.508776,0.820901,-0.076155,0.419646,0.687262,-0.0312,0.425588,0.688096,-0.067219,0.456153,0.696731,-0.090815,0.492889,0.701036,-0.10624,0.360384,0.704318,-0.044172,0.431885,0.834309,-0.084631,0.454529,0.886377,-0.096293,0.45475,0.884881,-0.100122,0.314184,0.760581,-0.059714,0.391578,0.897929,-0.096014,0.416433,0.926445,-0.09342,0.417379,0.90529,-0.085898,0.280944,0.824985,-0.077651,0.342185,0.923253,-0.098938,0.364665,0.946548,-0.09437,0.363884,0.933025,-0.086158
883,29433,True,0.9972,0.9972,0.34331,0.915183,0.0,0.413594,0.859682,-0.009874,0.470369,0.798591,-0.027311,0.506212,0.779095,-0.049024,0.518081,0.806307,-0.070769,0.418874,0.689407,-0.027204,0.430093,0.67507,-0.061183,0.461492,0.67488,-0.083923,0.496064,0.670525,-0.099014,0.3624,0.701045,-0.041611,0.441742,0.81516,-0.08056,0.46342,0.87296,-0.092316,0.460102,0.874599,-0.095668,0.318547,0.752391,-0.057957,0.398891,0.878049,-0.093263,0.421377,0.914023,-0.090392,0.418736,0.899893,-0.082174,0.287081,0.812945,-0.076125,0.34749,0.902894,-0.094652,0.367626,0.929349,-0.087738,0.363632,0.921556,-0.077944
884,29466,True,0.9993,0.9993,0.358485,0.888849,0.0,0.421694,0.84049,-0.013355,0.471736,0.789719,-0.034417,0.506126,0.764522,-0.059916,0.525985,0.76295,-0.08523,0.428953,0.662404,-0.030222,0.447214,0.64552,-0.068869,0.475387,0.633767,-0.09233,0.505073,0.617751,-0.107126,0.374397,0.671835,-0.044273,0.452107,0.777578,-0.087374,0.467129,0.838829,-0.096723,0.460869,0.837028,-0.097209,0.330777,0.720716,-0.061358,0.408865,0.838619,-0.105175,0.429267,0.879318,-0.100141,0.42574,0.866655,-0.088312,0.297297,0.782756,-0.07997,0.355839,0.867004,-0.106266,0.370296,0.892343,-0.099983,0.3597,0.879415,-0.089171
885,29500,True,0.9995,0.9995,0.369411,0.851636,0.0,0.42804,0.815618,-0.015336,0.4746,0.773046,-0.036228,0.503082,0.745587,-0.06016,0.517918,0.719444,-0.084332,0.429747,0.637644,-0.039395,0.454923,0.592953,-0.075272,0.479155,0.561416,-0.098825,0.504133,0.529303,-0.114215,0.377081,0.636835,-0.050558,0.444919,0.723829,-0.090659,0.466006,0.786014,-0.101216,0.468049,0.805751,-0.103801,0.334445,0.678206,-0.063561,0.410296,0.780598,-0.100708,0.43329,0.823746,-0.095459,0.43639,0.828313,-0.085867,0.301431,0.737592,-0.078371,0.356974,0.80136,-0.100187,0.373139,0.82892,-0.092644,0.367907,0.828158,-0.082093
886,29533,True,0.9998,0.9998,0.384091,0.817156,0.0,0.438849,0.77983,-0.011346,0.479891,0.737326,-0.033445,0.505645,0.707887,-0.059518,0.511192,0.673647,-0.086022,0.430424,0.600851,-0.037978,0.449139,0.539279,-0.073377,0.468609,0.49197,-0.095168,0.486656,0.449533,-0.108984,0.380425,0.599136,-0.05111,0.452513,0.663348,-0.088007,0.469753,0.731984,-0.093697,0.463242,0.752087,-0.092624,0.342041,0.639646,-0.06552,0.421794,0.719307,-0.101259,0.439334,0.766805,-0.090248,0.432276,0.772763,-0.076813,0.31269,0.700213,-0.081302,0.371625,0.752155,-0.10325,0.394147,0.785367,-0.090965,0.390169,0.791696,-0.076409
887,29566,True,0.9998,0.9998,0.390804,0.784909,0.0,0.444929,0.743428,-0.015997,0.486516,0.696764,-0.044467,0.511996,0.660009,-0.076476,0.507554,0.628388,-0.10926,0.430649,0.551504,-0.043894,0.447753,0.486441,-0.084963,0.467657,0.431948,-0.10879,0.484468,0.386395,-0.122893,0.377713,0.555217,-0.05767,0.458503,0.598404,-0.101932,0.479063,0.684364,-0.106537,0.468918,0.712587,-0.102265,0.338719,0.599152,-0.073468,0.425111,0.661008,-0.118217,0.445246,0.72158,-0.105324,0.434211,0.735752,-0.088083,0.3095,0.663606,-0.090543,0.369952,0.697826,-0.117512,0.399964,0.740029,-0.102574,0.399388,0.756566,-0.084991
888,29599,True,0.9996,0.9996,0.39692,0.76752,0.0,0.451921,0.727071,-0.016336,0.49409,0.677548,-0.043488,0.516655,0.635327,-0.074235,0.508232,0.596327,-0.105938,0.434338,0.528947,-0.047346,0.449423,0.445417,-0.090341,0.465258,0.380959,-0.116217,0.478259,0.326642,-0.131638,0.379361,0.530467,-0.05997,0.453816,0.56851,-0.110521,0.475258,0.659175,-0.117614,0.468624,0.699972,-0.113572,0.338839,0.571615,-0.07416,0.419614,0.624112,-0.121735,0.440129,0.691489,-0.109449,0.432532,0.717557,-0.09149,0.309244,0.633414,-0.089612,0.366317,0.664092,-0.117035,0.395691,0.706948,-0.102373,0.397307,0.725837,-0.084487
889,29633,True,0.9991,0.9991,0.391013,0.764454,0.0,0.450288,0.714761,-0.019711,0.493917,0.663194,-0.051021,0.518556,0.62028,-0.085954,0.508663,0.58468,-0.121411,0.4356,0.513332,-0.052635,0.455796,0.425522,-0.098683,0.472986,0.358479,-0.125834,0.4847,0.301529,-0.142459,0.379034,0.519089,-0.066364,0.459238,0.554922,-0.120886,0.480563,0.649651,-0.1287,0.470421,0.685773,-0.125081,0.338349,0.563143,-0.081856,0.422828,0.617208,-0.134088,0.441624,0.687181,-0.121371,0.428772,0.70957,-0.102696,0.309941,0.625614,-0.098964,0.367663,0.653112,-0.13011,0.395483,0.695714,-0.115212,0.393512,0.712798,-0.096763
890,29666,True,0.9991,0.9991,0.389997,0.7747,0.0,0.454131,0.720635,-0.019265,0.500572,0.67227,-0.052375,0.525443,0.631331,-0.089715,0.51788,0.590858,-0.127243,0.445248,0.5136,-0.054296,0.466877,0.429309,-0.101939,0.486047,0.362319,-0.130256,0.499028,0.30427,-0.148013,0.386155,0.514725,-0.069814,0.465637,0.563374,-0.121452,0.483523,0.65831,-0.128019,0.471361,0.683452,-0.124932,0.343226,0.558423,-0.08712,0.429407,0.630143,-0.137706,0.444553,0.698454,-0.12364,0.428601,0.710281,-0.105442,0.312306,0.620976,-0.106393,0.373417,0.663989,-0.136955,0.40203,0.708708,-0.120472,0.400794,0.722406,-0.101291
891,29700,True,0.9976,0.9976,0.386829,0.800649,0.0,0.455549,0.74879,-0.022085,0.504241,0.698303,-0.055579,0.528744,0.66272,-0.093669,0.523485,0.637344,-0.131634,0.455805,0.541245,-0.047777,0.477998,0.457957,-0.09223,0.501532,0.395738,-0.117704,0.520596,0.342708,-0.134814,0.3981,0.54197,-0.062541,0.470965,0.598433,-0.114415,0.487154,0.696714,-0.122095,0.475599,0.719507,-0.12008,0.353776,0.584318,-0.079867,0.432527,0.668219,-0.127921,0.446937,0.73736,-0.113403,0.432133,0.743856,-0.09603,0.319593,0.645703,-0.100048,0.3728,0.701645,-0.128351,0.394326,0.745058,-0.114087,0.386775,0.749696,-0.097904
892,29733,True,0.9984,0.9984,0.384517,0.845621,-0.0,0.461528,0.801418,-0.019673,0.524504,0.750285,-0.047771,0.551371,0.71839,-0.080053,0.543161,0.697965,-0.111573,0.470496,0.596891,-0.041028,0.496081,0.533163,-0.082928,0.523113,0.489141,-0.107694,0.547972,0.448799,-0.124608,0.412707,0.593555,-0.054885,0.478488,0.683344,-0.100981,0.484304,0.763292,-0.110679,0.468753,0.767147,-0.112726,0.36575,0.636405,-0.071298,0.436578,0.747604,-0.113309,0.443073,0.802829,-0.101801,0.427051,0.790542,-0.089053,0.328016,0.697507,-0.090603,0.378402,0.778415,-0.116402,0.392793,0.814765,-0.105516,0.381894,0.806276,-0.092949
893,29766,True,0.9967,0.9967,0.386558,0.861608,-0.0,0.461106,0.821497,-0.022874,0.527791,0.783842,-0.050991,0.571117,0.779563,-0.081828,0.575531,0.790406,-0.112606,0.487471,0.635648,-0.052741,0.525874,0.6455,-0.100953,0.561331,0.646168,-0.136715,0.59485,0.63823,-0.160667,0.424093,0.639705,-0.064939,0.489934,0.809898,-0.113237,0.494305,0.857599,-0.129154,0.484824,0.847034,-0.137513,0.371007,0.692298,-0.080124,0.441256,0.866244,-0.119965,0.443664,0.889496,-0.113701,0.432197,0.855877,-0.105064,0.328763,0.756199,-0.099314,0.380971,0.880619,-0.125309,0.389487,0.900013,-0.119068,0.380865,0.874824,-0.109657
894,29800,True,0.9704,0.9704,0.397452,0.884421,-0.0,0.47676,0.857057,-0.025127,0.541185,0.841009,-0.052604,0.568953,0.863586,-0.083052,0.568577,0.910298,-0.113537,0.505299,0.702726,-0.04913,0.55485,0.753362,-0.098846,0.59366,0.785386,-0.133168,0.62675,0.819448,-0.152244,0.441755,0.717455,-0.057946,0.509519,0.914457,-0.095546,0.497845,0.940811,-0.102652,0.481162,0.91633,-0.106029,0.385673,0.773832,-0.071034,0.452344,0.95906,-0.099934,0.438054,0.954768,-0.086169,0.424563,0.912973,-0.072615,0.3377,0.836995,-0.089318,0.389133,0.968367,-0.110878,0.386443,0.959418,-0.101425,0.374405,0.921288,-0.087912
895,29833,True,0.9984,0.9984,0.394592,0.970889,-0.0,0.463294,0.943781,-0.019382,0.528527,0.90644,-0.041154,0.573667,0.891023,-0.065737,0.59625,0.896898,-0.091911,0.514287,0.765534,-0.043646,0.562049,0.827949,-0.09125,0.604605,0.884943,-0.123693,0.642524,0.93341,-0.141078,0.450143,0.772209,-0.056284,0.515961,0.968017,-0.109971,0.51321,1.070017,-0.127397,0.500615,1.112885,-0.131273,0.389758,0.817703,-0.071173,0.458951,1.007649,-0.124343,0.454253,1.091089,-0.123856,0.444114,1.122802,-0.111717,0.338286,0.882355,-0.087863,0.392594,1.009959,-0.122429,0.399844,1.084086,-0.115054,0.396989,1.120184,-0.099978
896,29866,True,0.9987,0.9987,0.394465,0.985356,-0.0,0.463324,0.96166,-0.021155,0.529586,0.930917,-0.044255,0.580459,0.937303,-0.07118,0.616309,0.950159,-0.100505,0.526612,0.789712,-0.042639,0.573936,0.854694,-0.092428,0.614519,0.910503,-0.127428,0.652958,0.956154,-0.147052,0.460408,0.794716,-0.055938,0.516833,0.977191,-0.118382,0.521881,1.094372,-0.140169,0.518306,1.153129,-0.144289,0.396266,0.834915,-0.07175,0.459004,1.007709,-0.132393,0.45918,1.113179,-0.13289,0.451297,1.163282,-0.118511,0.342483,0.895809,-0.089538,0.394075,1.011752,-0.131308,0.404992,1.096041,-0.126071,0.404617,1.140208,-0.110429
897,29900,True,0.9993,0.9993,0.38231,0.99296,0.0,0.455652,0.966168,-0.010399,0.526941,0.935463,-0.029487,0.579042,0.937557,-0.053618,0.609472,0.950679,-0.080489,0.528952,0.789164,-0.030442,0.58098,0.830544,-0.073464,0.62233,0.858994,-0.107547,0.661044,0.885192,-0.129476,0.472015,0.786034,-0.046792,0.539619,0.970574,-0.095394,0.526158,1.056447,-0.114275,0.50746,1.086524,-0.121926,0.413059,0.825273,-0.065104,0.479343,1.006684,-0.112902,0.463528,1.068414,-0.113299,0.444434,1.077826,-0.105151,0.358706,0.885886,-0.084786,0.413287,1.010444,-0.117774,0.411579,1.070256,-0.112217,0.398367,1.088746,-0.100883
898,29933,True,0.9959,0.9959,0.389775,0.929909,0.0,0.469203,0.894883,-0.010745,0.541562,0.871122,-0.032899,0.594313,0.8925,-0.058812,0.615754,0.937155,-0.085371,0.533092,0.752604,-0.045089,0.599049,0.783255,-0.086444,0.647615,0.792214,-0.117191,0.690781,0.800431,-0.138846,0.482073,0.756185,-0.061767,0.548087,0.932923,-0.099681,0.517655,0.948343,-0.105322,0.495284,0.918456,-0.109359,0.429481,0.802086,-0.080721,0.494089,0.972993,-0.110686,0.464659,0.95753,-0.099527,0.446591,0.913656,-0.091085,0.381663,0.862273,-0.103149,0.437779,0.983021,-0.123802,0.419805,0.967326,-0.116748,0.397545,0.928476,-0.10925
899,29966,True,0.9996,0.9996,0.413457,0.901445,0.0,0.491367,0.859976,-0.010123,0.563849,0.827347,-0.035314,0.610653,0.83734,-0.061587,0.621708,0.877903,-0.089558,0.531305,0.712389,-0.067632,0.59085,0.708401,-0.110098,0.641869,0.699235,-0.140104,0.684955,0.69109,-0.161346,0.48011,0.71504,-0.084513,0.562147,0.865179,-0.124245,0.545302,0.905957,-0.128141,0.520383,0.894548,-0.130987,0.429678,0.761424,-0.100869,0.511401,0.918918,-0.132769,0.501067,0.933768,-0.119934,0.483199,0.903303,-0.110923,0.386239,0.825538,-0.119202,0.454339,0.938145,-0.136929,0.454948,0.949799,-0.123796,0.43566,0.925719,-0.113668
900,30000,True,0.9998,0.9998,0.41543,0.885223,0.0,0.487466,0.841504,-0.005293,0.549284,0.798817,-0.027383,0.593366,0.78276,-0.05344,0.614444,0.80944,-0.081907,0.532635,0.682886,-0.048786,0.586369,0.652236,-0.087585,0.634651,0.627556,-0.114874,0.673506,0.601504,-0.13399,0.479502,0.677235,-0.066441,0.560773,0.803447,-0.105805,0.560401,0.865954,-0.112315,0.541063,0.871904,-0.114891,0.430446,0.719418,-0.083777,0.511367,0.852891,-0.120117,0.515828,0.890407,-0.111616,0.498493,0.879896,-0.102349,0.390862,0.777404,-0.101889,0.455031,0.870293,-0.120515,0.465765,0.897713,-0.107591,0.451656,0.889547,-0.095825
901,30033,True,0.9997,0.9997,0.432798,0.855485,0.0,0.505844,0.825773,-0.015863,0.563873,0.796666,-0.045892,0.601293,0.772265,-0.079234,0.604564,0.764901,-0.114024,0.539903,0.647359,-0.061413,0.585444,0.597646,-0.105172,0.622725,0.559201,-0.133792,0.652778,0.523317,-0.153984,0.481354,0.638212,-0.077449,0.551429,0.752238,-0.124236,0.55897,0.820949,-0.1326,0.549949,0.832329,-0.135738,0.42895,0.676809,-0.094137,0.502149,0.809599,-0.134642,0.510246,0.850437,-0.123345,0.499024,0.842885,-0.112351,0.387743,0.735225,-0.11313,0.447102,0.82426,-0.136801,0.458796,0.854675,-0.124528,0.446597,0.848431,-0.112505
902,30066,True,0.9994,0.9994,0.432547,0.83462,0.0,0.503761,0.808038,-0.020073,0.561352,0.776579,-0.050467,0.594891,0.747539,-0.084331,0.590383,0.739261,-0.118385,0.533634,0.621671,-0.056684,0.57307,0.562317,-0.100457,0.609637,0.523068,-0.128542,0.6415,0.484733,-0.148437,0.472984,0.61021,-0.07148,0.539562,0.72814,-0.122651,0.546533,0.797028,-0.134396,0.53763,0.803973,-0.137864,0.42258,0.648538,-0.087951,0.494085,0.789434,-0.130641,0.503592,0.83091,-0.120797,0.496042,0.820091,-0.109381,0.384649,0.706442,-0.10753,0.440225,0.800821,-0.133327,0.452118,0.828801,-0.123932,0.443641,0.818355,-0.11265
903,30099,True,0.999,0.999,0.417183,0.828479,0.0,0.487748,0.795151,-0.017483,0.550613,0.762078,-0.044326,0.587618,0.736538,-0.074502,0.578494,0.728938,-0.104847,0.512247,0.622103,-0.057301,0.554632,0.563318,-0.099952,0.592093,0.525601,-0.12825,0.625871,0.487005,-0.148357,0.452091,0.61078,-0.07215,0.513942,0.727534,-0.121787,0.53016,0.785271,-0.134827,0.527255,0.795258,-0.139996,0.402036,0.649833,-0.087886,0.472787,0.783646,-0.128766,0.486466,0.821596,-0.119018,0.480104,0.814044,-0.107805,0.366427,0.705875,-0.106491,0.422948,0.797735,-0.131657,0.436575,0.826167,-0.121901,0.427452,0.818959,-0.110178
904,30133,True,0.9966,0.9966,0.39861,0.842119,0.0,0.465822,0.80452,-0.017489,0.527037,0.763858,-0.039927,0.565603,0.742058,-0.065371,0.573438,0.743287,-0.091165,0.497457,0.630313,-0.045162,0.542952,0.597846,-0.08256,0.579714,0.572408,-0.109738,0.613625,0.543872,-0.129631,0.437699,0.618847,-0.058334,0.493852,0.739363,-0.101438,0.502673,0.789571,-0.116697,0.49674,0.7942,-0.123965,0.386803,0.657657,-0.07293,0.448482,0.80214,-0.108066,0.457992,0.835,-0.103986,0.453332,0.822876,-0.097278,0.34691,0.714244,-0.090567,0.394149,0.814773,-0.111938,0.406843,0.840483,-0.105629,0.404681,0.831413,-0.096975
905,30166,True,0.9939,0.9939,0.375714,0.859024,0.0,0.441961,0.821159,-0.017684,0.503,0.778736,-0.038406,0.542955,0.764747,-0.061502,0.560724,0.767098,-0.084699,0.470865,0.641386,-0.036311,0.508174,0.648322,-0.071688,0.543717,0.639105,-0.101038,0.580238,0.624375,-0.123239,0.415628,0.638201,-0.047296,0.472005,0.793918,-0.085149,0.478066,0.837573,-0.101081,0.474703,0.829176,-0.111942,0.366109,0.681137,-0.060602,0.421229,0.837027,-0.092215,0.417686,0.85496,-0.089344,0.406545,0.821807,-0.086421,0.324253,0.737989,-0.077231,0.366134,0.852722,-0.100303,0.369098,0.869577,-0.097773,0.359893,0.842794,-0.093132
906,30200,True,0.9742,0.9742,0.354411,0.875481,0.0,0.425961,0.841709,-0.017051,0.488232,0.805354,-0.035066,0.526334,0.810662,-0.055907,0.530522,0.839818,-0.077567,0.441145,0.68998,-0.032866,0.471156,0.696006,-0.061281,0.502838,0.691774,-0.086253,0.534877,0.692044,-0.105184,0.390165,0.688716,-0.041128,0.434821,0.847786,-0.066951,0.43028,0.863711,-0.07786,0.418607,0.841211,-0.086827,0.343027,0.729304,-0.051318,0.390665,0.885871,-0.069821,0.380975,0.882819,-0.061956,0.367641,0.846232,-0.057214,0.300751,0.781735,-0.065682,0.336406,0.896252,-0.081819,0.336146,0.900365,-0.076064,0.326551,0.871931,-0.068964
907,30233,True,0.9931,0.9931,0.354427,0.872056,0.0,0.428052,0.856043,-0.02442,0.488184,0.834875,-0.046313,0.514033,0.840807,-0.068663,0.488011,0.860612,-0.089245,0.43371,0.708577,-0.047615,0.432208,0.75138,-0.084826,0.446113,0.767109,-0.110779,0.462761,0.779731,-0.126794,0.368426,0.712067,-0.054219,0.402629,0.906781,-0.085674,0.40538,0.903414,-0.092324,0.397832,0.857651,-0.095755,0.312364,0.755598,-0.063706,0.356033,0.94277,-0.084469,0.361271,0.918084,-0.067264,0.358729,0.862154,-0.053789,0.264818,0.811309,-0.078865,0.300716,0.947832,-0.101411,0.313781,0.929245,-0.094251,0.316426,0.876694,-0.082402
908,30266,True,0.9927,0.9927,0.335739,0.891234,-0.0,0.406364,0.864359,-0.022428,0.468188,0.839656,-0.042887,0.493049,0.858105,-0.062701,0.461833,0.90503,-0.080061,0.409213,0.722645,-0.056394,0.416478,0.805833,-0.090336,0.423159,0.845065,-0.108431,0.428572,0.862538,-0.119039,0.339624,0.734035,-0.062451,0.372818,0.927156,-0.088766,0.386846,0.931669,-0.091692,0.387701,0.897677,-0.095371,0.282031,0.776097,-0.069995,0.324891,0.95827,-0.085374,0.336808,0.940681,-0.070547,0.337535,0.886045,-0.061411,0.236147,0.827659,-0.082688,0.275192,0.959899,-0.10058,0.292065,0.948673,-0.095284,0.295377,0.901612,-0.087498
909,30300,True,0.9953,0.9953,0.313051,0.934808,-0.0,0.380094,0.895536,-0.02476,0.442079,0.838848,-0.045026,0.469762,0.829324,-0.065068,0.44503,0.8624,-0.080642,0.380818,0.710185,-0.047289,0.386647,0.736934,-0.083116,0.390867,0.787529,-0.101252,0.390927,0.833253,-0.109141,0.314324,0.71696,-0.051832,0.343074,0.888263,-0.080795,0.362144,0.918316,-0.08303,0.368434,0.911192,-0.082709,0.260059,0.761353,-0.059829,0.300605,0.932983,-0.07574,0.317475,0.932538,-0.060945,0.32158,0.894517,-0.050584,0.218629,0.817471,-0.073416,0.255364,0.942891,-0.087573,0.272862,0.948299,-0.080452,0.275632,0.91283,-0.070844
910,30333,True,0.9959,0.9959,0.303231,0.906564,-0.0,0.366692,0.870146,-0.024792,0.423517,0.819616,-0.044794,0.457852,0.795533,-0.065494,0.444978,0.796434,-0.082701,0.367863,0.68609,-0.042067,0.369772,0.685941,-0.080897,0.36697,0.692867,-0.102188,0.364222,0.700407,-0.112716,0.305296,0.683698,-0.046769,0.334686,0.827268,-0.085742,0.360368,0.86715,-0.090878,0.374112,0.864532,-0.088551,0.252243,0.723682,-0.055448,0.291332,0.877359,-0.084143,0.310652,0.893019,-0.071487,0.31766,0.865926,-0.05781,0.211407,0.777287,-0.069062,0.241044,0.890187,-0.090448,0.257448,0.905007,-0.086107,0.2602,0.881575,-0.076069
911,30366,True,0.9973,0.9973,0.309252,0.866416,0.0,0.375212,0.817666,-0.021073,0.429957,0.761016,-0.041416,0.458729,0.733868,-0.063109,0.441428,0.732915,-0.082804,0.373495,0.647008,-0.04486,0.364191,0.611593,-0.081601,0.3584,0.585202,-0.106392,0.355458,0.561211,-0.122185,0.309186,0.64066,-0.053216,0.341221,0.754957,-0.090735,0.368052,0.790364,-0.098286,0.382479,0.794582,-0.098574,0.256102,0.68153,-0.064221,0.30318,0.819092,-0.091805,0.322895,0.841685,-0.076805,0.331583,0.828237,-0.061796,0.220448,0.73824,-0.08009,0.252205,0.834493,-0.098557,0.27397,0.855191,-0.089105,0.284013,0.845973,-0.076274
912,30400,True,0.9986,0.9986,0.325826,0.826205,0.0,0.386102,0.779686,-0.026008,0.435152,0.727854,-0.0507,0.457842,0.689349,-0.076008,0.446737,0.672928,-0.100645,0.371412,0.600003,-0.05294,0.366109,0.545603,-0.090998,0.364399,0.505945,-0.1144,0.361698,0.464223,-0.129536,0.308136,0.600518,-0.06066,0.346495,0.674474,-0.103637,0.37499,0.728358,-0.113863,0.386161,0.742245,-0.114202,0.258265,0.643404,-0.070574,0.310095,0.758553,-0.10789,0.3389,0.79466,-0.100487,0.350866,0.788876,-0.088206,0.225095,0.701811,-0.084044,0.259981,0.78065,-0.105582,0.284518,0.808347,-0.097156,0.292826,0.806355,-0.085096
913,30433,True,0.9983,0.9983,0.345779,0.783908,0.0,0.398424,0.743095,-0.029378,0.443981,0.690197,-0.057016,0.45875,0.64592,-0.085403,0.440702,0.63921,-0.113562,0.375505,0.559698,-0.057985,0.369808,0.487941,-0.097549,0.369445,0.437657,-0.12045,0.37086,0.386927,-0.135438,0.311707,0.562596,-0.06439,0.358874,0.639979,-0.110696,0.390621,0.703178,-0.116512,0.402122,0.722091,-0.113079,0.265201,0.611594,-0.073287,0.320152,0.714374,-0.113918,0.353815,0.751701,-0.100745,0.367576,0.753517,-0.083826,0.235023,0.67582,-0.086072,0.269125,0.744269,-0.110188,0.30004,0.770974,-0.099368,0.313716,0.77405,-0.084603
914,30466,True,0.9966,0.9966,0.356341,0.762062,0.0,0.405295,0.727635,-0.03597,0.44824,0.675367,-0.06867,0.460742,0.631823,-0.101346,0.445966,0.615014,-0.133369,0.387254,0.535997,-0.063794,0.382701,0.453149,-0.111663,0.384813,0.394509,-0.139364,0.387086,0.339929,-0.156636,0.322402,0.540622,-0.067775,0.366517,0.600633,-0.125531,0.400246,0.678205,-0.134898,0.411698,0.700866,-0.13114,0.27428,0.585686,-0.075218,0.328035,0.67527,-0.125983,0.362809,0.726047,-0.114576,0.374605,0.731043,-0.096941,0.240866,0.646338,-0.086654,0.279039,0.711035,-0.117696,0.314771,0.748742,-0.107784,0.328486,0.753482,-0.092466
915,30500,True,0.998,0.998,0.360676,0.76106,0.0,0.411121,0.725415,-0.036701,0.455662,0.678262,-0.07352,0.47065,0.636917,-0.11074,0.456248,0.61214,-0.147566,0.393857,0.531797,-0.065908,0.393254,0.450569,-0.117123,0.397282,0.385293,-0.146737,0.400136,0.331062,-0.164914,0.328969,0.538688,-0.071043,0.378151,0.590659,-0.131345,0.411992,0.678934,-0.139507,0.420627,0.708397,-0.134227,0.281735,0.584126,-0.079984,0.340513,0.667865,-0.132827,0.372648,0.724037,-0.118659,0.378993,0.733358,-0.098833,0.249198,0.645105,-0.092854,0.290816,0.704596,-0.124297,0.323981,0.743536,-0.111981,0.331281,0.748276,-0.095124
916,30533,True,0.9972,0.9972,0.35886,0.78785,0.0,0.409557,0.752447,-0.028801,0.458829,0.702707,-0.056772,0.476068,0.662665,-0.085851,0.465868,0.634787,-0.11437,0.405615,0.558627,-0.054679,0.411059,0.47977,-0.097444,0.416961,0.420894,-0.12185,0.423413,0.366594,-0.137589,0.34235,0.553593,-0.060182,0.392301,0.628685,-0.110567,0.414467,0.709474,-0.118502,0.419222,0.736066,-0.116388,0.293942,0.593593,-0.068816,0.348749,0.696492,-0.114872,0.371456,0.747205,-0.106115,0.375749,0.752586,-0.092455,0.256349,0.65062,-0.08061,0.296304,0.726501,-0.110388,0.322614,0.764814,-0.103942,0.327686,0.767001,-0.092439
917,30566,True,0.9985,0.9985,0.349049,0.828039,-0.0,0.404035,0.79578,-0.025163,0.455918,0.750325,-0.049059,0.481285,0.718717,-0.074483,0.479743,0.693567,-0.099036,0.413848,0.605238,-0.045949,0.428282,0.545435,-0.083668,0.439827,0.504414,-0.107131,0.451138,0.460036,-0.12335,0.351259,0.593614,-0.053266,0.398325,0.690364,-0.097547,0.414462,0.757011,-0.110718,0.414691,0.769585,-0.114678,0.300637,0.631224,-0.062868,0.353913,0.756833,-0.102198,0.369579,0.804801,-0.097667,0.368501,0.799496,-0.089201,0.260955,0.687134,-0.075554,0.298548,0.778812,-0.10045,0.318594,0.817052,-0.094926,0.319251,0.813494,-0.085609
918,30599,True,0.9972,0.9972,0.343564,0.863817,-0.0,0.401742,0.832075,-0.023073,0.457453,0.787689,-0.044888,0.488434,0.76583,-0.069394,0.490616,0.765056,-0.091886,0.421893,0.644421,-0.041088,0.440054,0.622968,-0.082715,0.46068,0.622055,-0.106781,0.484387,0.622151,-0.120368,0.360514,0.641663,-0.048135,0.402502,0.795353,-0.093938,0.417714,0.858288,-0.102666,0.421973,0.867756,-0.101665,0.308248,0.687262,-0.058916,0.353599,0.850731,-0.097762,0.365286,0.884998,-0.089173,0.365456,0.866437,-0.076212,0.265329,0.745396,-0.073178,0.299755,0.864771,-0.097993,0.312675,0.889732,-0.092128,0.311165,0.870297,-0.08064
919,30633,True,0.9828,0.9828,0.35747,0.847008,-0.0,0.417515,0.814708,-0.02701,0.473977,0.795885,-0.05402,0.508136,0.8209,-0.080951,0.510292,0.871954,-0.105918,0.432731,0.693274,-0.064742,0.459443,0.800618,-0.114323,0.479549,0.8724,-0.144496,0.49232,0.909937,-0.160104,0.367702,0.717532,-0.071441,0.402434,0.904546,-0.105919,0.411639,0.929796,-0.113424,0.407229,0.90542,-0.120147,0.313814,0.764295,-0.080915,0.352782,0.940131,-0.102338,0.362234,0.946415,-0.090367,0.359209,0.906379,-0.082581,0.27179,0.812905,-0.095648,0.302879,0.938868,-0.107138,0.31516,0.946858,-0.095768,0.312599,0.919048,-0.085482
920,30666,True,0.8997,0.8997,0.356839,0.893881,-0.0,0.418555,0.887103,-0.036229,0.478193,0.884916,-0.068402,0.516019,0.910285,-0.099341,0.508608,0.954968,-0.130301,0.443028,0.755482,-0.078127,0.466976,0.866054,-0.127066,0.478594,0.910541,-0.157391,0.481668,0.92756,-0.174945,0.373683,0.772653,-0.085649,0.406394,0.955495,-0.126002,0.412556,0.978674,-0.137743,0.403908,0.961212,-0.147179,0.314164,0.820203,-0.095368,0.351974,1.00252,-0.127907,0.363388,1.034822,-0.119216,0.361374,1.025022,-0.11091,0.266118,0.876103,-0.110636,0.298558,1.007116,-0.132817,0.309137,1.04034,-0.123593,0.306262,1.042675,-0.113256
921,30700,True,0.967,0.967,0.353357,0.927007,-0.0,0.4173,0.910185,-0.024422,0.477592,0.908752,-0.054731,0.518758,0.930804,-0.087711,0.521226,0.973319,-0.12249,0.446077,0.792272,-0.065114,0.475698,0.921414,-0.119139,0.492026,0.998348,-0.155419,0.501523,1.04016,-0.175547,0.375699,0.807407,-0.078464,0.412259,0.982532,-0.129699,0.429778,1.054449,-0.147573,0.43339,1.079407,-0.157165,0.314315,0.846858,-0.093409,0.355159,1.010913,-0.134098,0.373371,1.069011,-0.131875,0.376566,1.081664,-0.124824,0.266226,0.895498,-0.11185,0.29991,1.013759,-0.133109,0.316304,1.056975,-0.124605,0.319017,1.069445,-0.114665
922,30733,True,0.9793,0.9793,0.341066,0.958668,-0.0,0.409975,0.938872,-0.023274,0.47237,0.932404,-0.05057,0.515962,0.946159,-0.07983,0.523221,0.982123,-0.110069,0.445764,0.809888,-0.060041,0.474545,0.952635,-0.112987,0.483965,1.028714,-0.148026,0.487722,1.062196,-0.168065,0.374844,0.825742,-0.073423,0.41083,1.00353,-0.119743,0.420819,1.064902,-0.135873,0.418012,1.074618,-0.146329,0.312108,0.865008,-0.088914,0.353684,1.033779,-0.126753,0.365365,1.077068,-0.124515,0.363089,1.068373,-0.119581,0.261426,0.914227,-0.1079,0.297444,1.036828,-0.128978,0.308871,1.074044,-0.12195,0.306254,1.074299,-0.114179
923,30766,True,0.9906,0.9906,0.344414,0.96323,-0.0,0.416976,0.945897,-0.021038,0.480699,0.944475,-0.046693,0.52102,0.961296,-0.074894,0.504357,0.990705,-0.104031,0.454922,0.81594,-0.05274,0.475532,0.956158,-0.102769,0.485894,1.024848,-0.136558,0.491944,1.047304,-0.156564,0.383294,0.83158,-0.067464,0.414205,1.004583,-0.110442,0.428107,1.060026,-0.125688,0.429001,1.059956,-0.136232,0.318735,0.870922,-0.084745,0.357009,1.036582,-0.11966,0.375528,1.071772,-0.117337,0.378415,1.0514,-0.113405,0.267532,0.922236,-0.105529,0.303404,1.048352,-0.124288,0.319002,1.075026,-0.117897,0.318405,1.062222,-0.111742
924,30800,True,0.9947,0.9947,0.336542,0.965592,-0.0,0.401531,0.942777,-0.020312,0.460122,0.934558,-0.04738,0.501864,0.950468,-0.07764,0.519478,0.992157,-0.109207,0.449341,0.810115,-0.049973,0.478136,0.95781,-0.103737,0.487904,1.042038,-0.140221,0.493157,1.0825,-0.160587,0.379292,0.827951,-0.065673,0.418793,0.994941,-0.115109,0.43491,1.07528,-0.132264,0.439023,1.102209,-0.141056,0.315213,0.866162,-0.084094,0.358391,1.023594,-0.12725,0.375711,1.085841,-0.126466,0.37779,1.0967,-0.119799,0.262856,0.914549,-0.105203,0.300568,1.035647,-0.129247,0.320395,1.084367,-0.122083,0.325279,1.09703,-0.11288
925,30833,True,0.9918,0.9918,0.334262,0.955928,-0.0,0.396324,0.928824,-0.022936,0.452474,0.917861,-0.051331,0.496509,0.939866,-0.082578,0.525659,0.981057,-0.114835,0.446128,0.801638,-0.050008,0.481297,0.933505,-0.104339,0.50003,1.011805,-0.139485,0.515668,1.059921,-0.157776,0.376708,0.820194,-0.063374,0.419273,0.989262,-0.120377,0.442008,1.084965,-0.138327,0.45384,1.127474,-0.143518,0.313778,0.858644,-0.079735,0.357552,1.016693,-0.129048,0.380077,1.090121,-0.128126,0.389027,1.114547,-0.117659,0.263021,0.90619,-0.098822,0.297718,1.023354,-0.1276,0.320234,1.077711,-0.121733,0.330556,1.099286,-0.110637
926,30866,True,0.9941,0.9941,0.330472,0.949504,-0.0,0.394865,0.927928,-0.026586,0.452027,0.915565,-0.05622,0.492897,0.931629,-0.088156,0.508214,0.964187,-0.120463,0.448375,0.791009,-0.051405,0.477096,0.933095,-0.110956,0.487598,1.0258,-0.149487,0.498084,1.080038,-0.168636,0.376743,0.806866,-0.06377,0.415111,0.985254,-0.123048,0.430065,1.083531,-0.141853,0.436436,1.125412,-0.146997,0.311455,0.843632,-0.08006,0.353599,1.007355,-0.132947,0.370215,1.085202,-0.131681,0.375954,1.111879,-0.119896,0.258447,0.892448,-0.099331,0.293255,1.010998,-0.131656,0.313662,1.073164,-0.125794,0.324209,1.101033,-0.113534
927,30900,True,0.9914,0.9914,0.34145,0.90302,0.0,0.401608,0.886066,-0.023008,0.458242,0.879506,-0.048678,0.501127,0.908855,-0.075659,0.507309,0.951928,-0.103556,0.430103,0.776289,-0.053285,0.455627,0.880366,-0.092336,0.471013,0.918094,-0.119156,0.48011,0.941506,-0.135781,0.365803,0.794319,-0.064969,0.406406,0.974382,-0.097551,0.406545,0.988856,-0.107324,0.397113,0.961107,-0.116082,0.308647,0.834098,-0.078783,0.356402,1.00098,-0.110427,0.36237,1.016685,-0.103897,0.360357,0.994317,-0.097793,0.259811,0.881006,-0.096507,0.300572,1.008281,-0.123633,0.313228,1.045577,-0.116792,0.314829,1.052588,-0.107707
928,30933,True,0.9831,0.9831,0.343773,0.898079,0.0,0.406413,0.883096,-0.031139,0.466277,0.874136,-0.059131,0.506793,0.898627,-0.08626,0.502472,0.943474,-0.113161,0.429559,0.762037,-0.061391,0.452434,0.896299,-0.101967,0.459287,0.917088,-0.129079,0.461983,0.910203,-0.14656,0.364027,0.783876,-0.069104,0.406255,0.966112,-0.097293,0.404039,0.957646,-0.103941,0.391077,0.910795,-0.112458,0.307507,0.827026,-0.079645,0.35451,0.997003,-0.103435,0.357003,0.989175,-0.092233,0.351685,0.946238,-0.085323,0.259449,0.877055,-0.095906,0.304409,1.011669,-0.116726,0.311274,1.023032,-0.109942,0.304914,1.005207,-0.102793
929,30966,True,0.9874,0.9874,0.348402,0.895197,0.0,0.415619,0.879484,-0.034195,0.477549,0.867172,-0.062222,0.51517,0.889367,-0.088545,0.500395,0.935279,-0.112607,0.428519,0.756312,-0.069122,0.450766,0.87917,-0.113604,0.468423,0.911497,-0.138282,0.478551,0.919977,-0.151123,0.36259,0.774206,-0.073257,0.40565,0.964081,-0.102047,0.408347,0.953042,-0.102714,0.397857,0.90493,-0.105103,0.307523,0.818154,-0.080771,0.355871,0.995791,-0.100935,0.360567,0.973863,-0.082526,0.356433,0.921456,-0.069743,0.261758,0.870908,-0.094968,0.306474,1.008291,-0.113853,0.314853,0.996043,-0.10568,0.308883,0.95876,-0.095933
930,31000,True,0.9867,0.9867,0.35477,0.882016,0.0,0.421382,0.868647,-0.039997,0.4841,0.859945,-0.070836,0.522109,0.887793,-0.098432,0.497479,0.936817,-0.123589,0.429207,0.753836,-0.082078,0.454983,0.880733,-0.129815,0.473401,0.900454,-0.154885,0.484039,0.899557,-0.167474,0.361746,0.770988,-0.082416,0.410183,0.96226,-0.11387,0.411163,0.937388,-0.112084,0.399541,0.882783,-0.112083,0.307221,0.81467,-0.08611,0.360353,0.994525,-0.106686,0.363363,0.96035,-0.083959,0.358956,0.901861,-0.06725,0.263728,0.868182,-0.097372,0.309415,1.003611,-0.118808,0.314761,0.974097,-0.111385,0.307195,0.925048,-0.100969
931,31033,True,0.986,0.986,0.356562,0.881964,0.0,0.417969,0.870787,-0.042254,0.478218,0.860849,-0.074224,0.51737,0.883026,-0.103053,0.498496,0.924493,-0.129115,0.431039,0.749299,-0.081725,0.458244,0.877491,-0.13054,0.475668,0.890394,-0.155132,0.487797,0.880319,-0.167361,0.362936,0.766303,-0.081355,0.411348,0.959317,-0.114962,0.409628,0.931401,-0.112416,0.396963,0.871985,-0.110882,0.307732,0.81124,-0.084903,0.357717,0.990177,-0.107648,0.359375,0.954987,-0.082766,0.354677,0.892773,-0.063654,0.262845,0.865612,-0.096344,0.305512,0.999449,-0.119044,0.310063,0.968902,-0.110627,0.302906,0.917448,-0.098634
932,31066,True,0.9671,0.9671,0.349404,0.880656,0.0,0.411639,0.863069,-0.04005,0.469889,0.847421,-0.070844,0.513984,0.871322,-0.099728,0.521614,0.912765,-0.126006,0.427872,0.746575,-0.076033,0.461687,0.858937,-0.128427,0.484417,0.886838,-0.158559,0.504333,0.902706,-0.173371,0.362872,0.762476,-0.076192,0.41438,0.949586,-0.110432,0.409112,0.923749,-0.11067,0.394585,0.874082,-0.110798,0.309167,0.808722,-0.080811,0.360667,0.983806,-0.102559,0.359865,0.950045,-0.078149,0.354686,0.89398,-0.059216,0.264781,0.863911,-0.093531,0.307658,0.9953,-0.115064,0.310472,0.967784,-0.105416,0.30143,0.919599,-0.092055
933,31099,True,0.9683,0.9683,0.346836,0.876505,0.0,0.408807,0.858389,-0.038208,0.466506,0.842506,-0.067712,0.506234,0.870047,-0.095367,0.504797,0.914043,-0.119588,0.42632,0.74465,-0.074298,0.465225,0.842835,-0.129973,0.488639,0.881715,-0.162909,0.5035,0.916228,-0.177703,0.361914,0.759089,-0.075361,0.416443,0.950933,-0.113199,0.412847,0.927152,-0.11497,0.395944,0.882248,-0.114908,0.308055,0.805978,-0.081241,0.364412,0.982393,-0.105534,0.364271,0.947063,-0.08181,0.357968,0.892447,-0.062058,0.264179,0.86148,-0.094903,0.312403,0.99249,-0.117884,0.316127,0.964005,-0.108005,0.307423,0.916189,-0.093379
934,31133,True,0.9828,0.9828,0.345178,0.89029,0.0,0.410203,0.870696,-0.037937,0.468777,0.851053,-0.067946,0.505794,0.873004,-0.09588,0.498413,0.913067,-0.119208,0.425626,0.742969,-0.074221,0.459007,0.827455,-0.129789,0.485412,0.876593,-0.160303,0.503038,0.918981,-0.172751,0.360969,0.759156,-0.075845,0.414587,0.946015,-0.11528,0.413839,0.932595,-0.115272,0.398565,0.891406,-0.11266,0.306767,0.807397,-0.082633,0.366134,0.983701,-0.1078,0.369675,0.952488,-0.083118,0.364948,0.898566,-0.062223,0.264157,0.863186,-0.097004,0.314066,0.992856,-0.11943,0.319533,0.968107,-0.108688,0.311246,0.920722,-0.093193
935,31166,True,0.9844,0.9844,0.346513,0.883797,0.0,0.409302,0.86437,-0.036836,0.46831,0.846764,-0.066348,0.506774,0.872751,-0.094176,0.500926,0.915013,-0.118076,0.427209,0.741191,-0.073123,0.461637,0.832905,-0.129565,0.486994,0.878704,-0.162455,0.505309,0.91564,-0.176977,0.362644,0.757148,-0.07506,0.416773,0.949807,-0.113805,0.414683,0.934098,-0.114569,0.399467,0.890909,-0.113041,0.308447,0.805329,-0.082073,0.366348,0.984523,-0.10594,0.367785,0.951097,-0.08078,0.362369,0.895868,-0.059887,0.265129,0.860711,-0.096837,0.313237,0.992239,-0.118921,0.317431,0.965518,-0.108067,0.308876,0.91702,-0.092475
936,31200,True,0.9812,0.9812,0.343016,0.880055,0.0,0.408556,0.857588,-0.039127,0.468329,0.844792,-0.072395,0.50584,0.871063,-0.10383,0.499216,0.913074,-0.131344,0.427079,0.740622,-0.079529,0.464606,0.836841,-0.137466,0.490106,0.883632,-0.169302,0.50636,0.918634,-0.183187,0.361599,0.758002,-0.081251,0.41837,0.94744,-0.122358,0.418585,0.937472,-0.12172,0.40526,0.892553,-0.11909,0.307195,0.804963,-0.088039,0.367083,0.982936,-0.114269,0.370635,0.952065,-0.088477,0.365704,0.894856,-0.067283,0.264462,0.858383,-0.102623,0.314211,0.989641,-0.125812,0.319756,0.965696,-0.11504,0.311112,0.918145,-0.099973
937,31233,True,0.9816,0.9816,0.341052,0.886925,0.0,0.410542,0.864295,-0.036685,0.470381,0.848066,-0.068348,0.505568,0.871215,-0.098516,0.501324,0.909467,-0.124667,0.427777,0.74011,-0.073486,0.461702,0.828059,-0.129629,0.488101,0.877121,-0.160807,0.505288,0.915248,-0.174504,0.363796,0.756061,-0.076044,0.416325,0.941825,-0.116615,0.417751,0.937566,-0.116844,0.405712,0.896098,-0.114491,0.309305,0.802633,-0.083632,0.366376,0.981052,-0.110041,0.37085,0.954379,-0.085754,0.36635,0.898929,-0.065504,0.265851,0.856205,-0.098552,0.312978,0.988181,-0.12152,0.320202,0.967682,-0.111001,0.312498,0.920395,-0.096177
938,31266,True,0.9868,0.9868,0.340619,0.897526,0.0,0.411247,0.877159,-0.03504,0.471976,0.859052,-0.064495,0.506334,0.876231,-0.092643,0.499848,0.905737,-0.116424,0.428394,0.736132,-0.066511,0.455981,0.822007,-0.121109,0.483081,0.871574,-0.152603,0.503818,0.90984,-0.166574,0.365139,0.752663,-0.069527,0.416011,0.942755,-0.108392,0.4158,0.937318,-0.109439,0.403959,0.894079,-0.107499,0.310395,0.800992,-0.077772,0.366012,0.980913,-0.103478,0.369248,0.953458,-0.079623,0.364991,0.898238,-0.059275,0.265768,0.856652,-0.09318,0.311581,0.987844,-0.115869,0.317781,0.965733,-0.105159,0.310414,0.9175,-0.089605
939,31300,True,0.9843,0.9843,0.340336,0.887207,0.0,0.410222,0.865684,-0.035408,0.472389,0.849602,-0.066005,0.508376,0.871193,-0.095322,0.498865,0.906673,-0.120677,0.428604,0.737073,-0.070971,0.458471,0.824338,-0.126242,0.483611,0.869385,-0.157306,0.501128,0.906144,-0.170949,0.364514,0.753834,-0.073963,0.417892,0.944366,-0.113805,0.4179,0.938369,-0.113967,0.405419,0.89586,-0.111513,0.309897,0.801401,-0.081933,0.367377,0.981507,-0.107716,0.369927,0.952913,-0.082895,0.364609,0.897025,-0.062103,0.265685,0.855625,-0.097196,0.312944,0.987996,-0.119929,0.318297,0.965473,-0.109289,0.309745,0.917276,-0.09411
940,31333,True,0.9831,0.9831,0.339408,0.88719,0.0,0.408032,0.86539,-0.033318,0.470916,0.850115,-0.062947,0.508746,0.873679,-0.09178,0.499104,0.910802,-0.116987,0.428495,0.741676,-0.06777,0.460705,0.831446,-0.122128,0.484016,0.880244,-0.153412,0.499106,0.918809,-0.167491,0.364427,0.758078,-0.071997,0.416127,0.946411,-0.111189,0.417743,0.94398,-0.112859,0.40712,0.904119,-0.111924,0.308953,0.803951,-0.080919,0.365126,0.982236,-0.106956,0.368667,0.957847,-0.084245,0.36439,0.903708,-0.065126,0.264341,0.85625,-0.096697,0.311202,0.987488,-0.118328,0.316792,0.969319,-0.107121,0.308366,0.924358,-0.092105
941,31366,True,0.9834,0.9834,0.340364,0.889869,0.0,0.408738,0.872311,-0.035214,0.474049,0.857829,-0.064556,0.513019,0.876297,-0.092585,0.497683,0.910725,-0.117607,0.42562,0.746413,-0.067824,0.451752,0.837731,-0.118775,0.474437,0.867038,-0.149881,0.490435,0.891574,-0.165335,0.361977,0.764438,-0.071476,0.413974,0.953185,-0.107568,0.414631,0.941167,-0.109762,0.40398,0.898046,-0.110434,0.30743,0.810804,-0.079696,0.363247,0.986592,-0.103825,0.363204,0.955379,-0.082042,0.356933,0.900354,-0.064565,0.262257,0.863356,-0.095154,0.309651,0.993466,-0.117014,0.311825,0.969834,-0.107624,0.301311,0.922996,-0.094557
942,31400,True,0.9831,0.9831,0.339814,0.903689,0.0,0.413098,0.886709,-0.037071,0.480024,0.865616,-0.066697,0.516876,0.875772,-0.094761,0.492233,0.910632,-0.119663,0.419248,0.75334,-0.070077,0.437799,0.816514,-0.119516,0.456684,0.840574,-0.150382,0.468424,0.867418,-0.166127,0.353988,0.771816,-0.073201,0.409554,0.951219,-0.111097,0.413162,0.940044,-0.11559,0.401782,0.904299,-0.117408,0.300905,0.820826,-0.080798,0.361975,0.992897,-0.105892,0.365466,0.960312,-0.087249,0.358726,0.909155,-0.071939,0.258846,0.876276,-0.095742,0.31186,1.006618,-0.118788,0.315011,0.980838,-0.112569,0.303934,0.933576,-0.102064
943,31433,True,0.99,0.99,0.342056,0.914319,0.0,0.412858,0.889927,-0.028984,0.473781,0.862039,-0.05466,0.508944,0.86988,-0.07985,0.486924,0.901739,-0.10126,0.408715,0.747315,-0.06538,0.418542,0.78667,-0.107943,0.438189,0.810359,-0.129927,0.452983,0.835181,-0.140597,0.342516,0.759174,-0.070534,0.402138,0.947812,-0.10732,0.416602,0.952915,-0.106881,0.41177,0.918309,-0.10333,0.289621,0.80798,-0.078956,0.356984,0.994235,-0.104247,0.373209,0.976122,-0.080938,0.3729,0.924427,-0.061107,0.249471,0.865147,-0.093789,0.299069,1.001931,-0.118563,0.312866,0.990363,-0.110018,0.310268,0.94688,-0.095914
944,31466,True,0.9912,0.9912,0.337151,0.949247,-0.0,0.397528,0.903342,-0.022393,0.456954,0.84002,-0.040413,0.491205,0.837308,-0.059519,0.48066,0.886986,-0.075582,0.395285,0.75872,-0.04673,0.387913,0.747634,-0.082717,0.39613,0.742763,-0.10015,0.40939,0.759971,-0.107421,0.327873,0.757988,-0.050865,0.385313,0.916539,-0.086837,0.410026,0.94329,-0.086399,0.414507,0.942724,-0.078751,0.277227,0.801106,-0.05838,0.344025,0.976762,-0.087872,0.369271,0.977418,-0.073243,0.373237,0.946709,-0.055197,0.239824,0.854505,-0.070613,0.29283,0.982724,-0.094428,0.30972,0.99403,-0.089852,0.306179,0.973776,-0.077343
945,31500,True,0.9973,0.9973,0.327322,0.924303,-0.0,0.387429,0.892867,-0.019502,0.446331,0.82847,-0.03561,0.47692,0.809987,-0.053514,0.475281,0.832692,-0.067356,0.39398,0.734653,-0.044132,0.385788,0.709412,-0.083552,0.378703,0.69192,-0.103852,0.371752,0.681296,-0.113009,0.322215,0.721616,-0.050371,0.379887,0.879898,-0.087979,0.398209,0.899241,-0.084106,0.39106,0.888498,-0.072554,0.271363,0.76644,-0.060625,0.334837,0.931259,-0.092454,0.351064,0.930916,-0.069297,0.342962,0.896965,-0.043796,0.235152,0.822419,-0.075522,0.283776,0.941082,-0.101033,0.296506,0.950427,-0.091052,0.286968,0.928245,-0.073023
946,31533,True,0.9978,0.9978,0.330948,0.890226,0.0,0.389859,0.857609,-0.02071,0.443405,0.803296,-0.041545,0.469227,0.774277,-0.062965,0.467752,0.771526,-0.082076,0.38902,0.693532,-0.054413,0.374327,0.649836,-0.096855,0.358866,0.621386,-0.12372,0.346084,0.593985,-0.139579,0.321404,0.681585,-0.06133,0.363009,0.811702,-0.097916,0.385573,0.841162,-0.099378,0.390484,0.834378,-0.096034,0.269696,0.724639,-0.071109,0.323597,0.866147,-0.10187,0.346442,0.883897,-0.082974,0.353743,0.866929,-0.064462,0.235701,0.783361,-0.085105,0.270756,0.883862,-0.106387,0.291971,0.904423,-0.095124,0.298948,0.894763,-0.080147
947,31566,True,0.9986,0.9986,0.342104,0.857183,0.0,0.400102,0.814887,-0.026693,0.449339,0.75974,-0.052462,0.474077,0.726511,-0.078782,0.464063,0.727289,-0.104268,0.386655,0.639077,-0.058141,0.369675,0.588607,-0.097453,0.355513,0.548043,-0.121011,0.343057,0.506763,-0.135983,0.323214,0.640427,-0.06439,0.366872,0.743764,-0.1072,0.396872,0.786276,-0.112686,0.407825,0.789893,-0.109882,0.273806,0.687034,-0.073146,0.329237,0.813725,-0.109012,0.359648,0.84191,-0.096318,0.373331,0.834691,-0.08014,0.241176,0.748419,-0.086074,0.276306,0.833698,-0.10674,0.300099,0.856529,-0.096902,0.308765,0.852824,-0.083219
948,31599,True,0.9986,0.9986,0.35264,0.828625,0.0,0.410521,0.786661,-0.024816,0.458528,0.733553,-0.049813,0.483036,0.692268,-0.075804,0.473798,0.675345,-0.101113,0.395595,0.602268,-0.05546,0.380882,0.529047,-0.091862,0.368139,0.478858,-0.111919,0.357444,0.429357,-0.125008,0.333848,0.60315,-0.062656,0.380303,0.674845,-0.104716,0.407241,0.725852,-0.111496,0.417453,0.734882,-0.109739,0.286814,0.647742,-0.071525,0.346928,0.756009,-0.108456,0.374098,0.794562,-0.098181,0.385476,0.795764,-0.083948,0.253545,0.707694,-0.083766,0.292162,0.781263,-0.104376,0.316944,0.810546,-0.094125,0.32595,0.812301,-0.080561
949,31633,True,0.9987,0.9987,0.370546,0.788501,0.0,0.42536,0.750251,-0.029563,0.468504,0.706959,-0.060954,0.493698,0.670684,-0.093329,0.487726,0.6441,-0.124543,0.414742,0.565282,-0.065668,0.401198,0.480759,-0.112338,0.392831,0.421026,-0.138277,0.385573,0.364735,-0.154348,0.354249,0.567209,-0.072159,0.402166,0.634374,-0.126212,0.432648,0.698137,-0.133634,0.444144,0.713982,-0.130123,0.308427,0.610589,-0.081243,0.369647,0.710182,-0.127332,0.39665,0.751799,-0.115458,0.405136,0.752613,-0.098798,0.276848,0.669032,-0.093909,0.321229,0.738196,-0.120963,0.344391,0.769677,-0.111218,0.347103,0.769428,-0.097109
950,31666,True,0.9991,0.9991,0.386352,0.767847,0.0,0.44727,0.728958,-0.024672,0.49391,0.689737,-0.061743,0.521025,0.655318,-0.102149,0.516828,0.625268,-0.14189,0.440004,0.540442,-0.066733,0.437562,0.447087,-0.120783,0.437208,0.374813,-0.149009,0.43429,0.31023,-0.165979,0.379741,0.543104,-0.078135,0.44741,0.601425,-0.135576,0.46932,0.690891,-0.135937,0.462946,0.704786,-0.127313,0.33544,0.586828,-0.092328,0.410126,0.673996,-0.142994,0.428036,0.729921,-0.120582,0.418724,0.727881,-0.097338,0.302781,0.646893,-0.109593,0.355722,0.708461,-0.138917,0.379378,0.748716,-0.120424,0.375094,0.749993,-0.100289
951,31700,True,0.9989,0.9989,0.408522,0.76913,0.0,0.471531,0.730582,-0.0252,0.52023,0.690992,-0.062039,0.544422,0.660413,-0.102795,0.539108,0.632926,-0.143307,0.474092,0.537102,-0.061902,0.482271,0.439452,-0.112134,0.493781,0.364686,-0.13916,0.502037,0.301446,-0.156129,0.414416,0.539078,-0.073997,0.482994,0.595523,-0.126916,0.502825,0.68682,-0.12839,0.497839,0.70294,-0.12163,0.370228,0.580556,-0.089171,0.446289,0.667351,-0.135921,0.462249,0.725764,-0.115959,0.451868,0.724423,-0.095579,0.337357,0.637727,-0.107786,0.388824,0.698502,-0.134435,0.40945,0.737483,-0.117325,0.403601,0.73724,-0.099232
952,31733,True,0.9989,0.9989,0.414025,0.788807,0.0,0.492513,0.746182,-0.019753,0.557938,0.698882,-0.052505,0.587476,0.667275,-0.090344,0.575883,0.670174,-0.129312,0.509965,0.550975,-0.05425,0.535229,0.45777,-0.098696,0.556824,0.389466,-0.122815,0.572162,0.328539,-0.139087,0.448547,0.549809,-0.069188,0.522716,0.624124,-0.118934,0.529626,0.713198,-0.12394,0.512428,0.7242,-0.1215,0.400527,0.59118,-0.085743,0.4818,0.688708,-0.1309,0.489875,0.749375,-0.114944,0.472593,0.746078,-0.098096,0.364152,0.647523,-0.104913,0.421831,0.715887,-0.128456,0.439511,0.758476,-0.111362,0.429194,0.759852,-0.094467
953,31766,True,0.9983,0.9983,0.41589,0.822081,-0.0,0.502939,0.791357,-0.015456,0.57699,0.759611,-0.044729,0.611268,0.729416,-0.078588,0.598599,0.720946,-0.113533,0.550013,0.601788,-0.061695,0.58813,0.517234,-0.110504,0.617876,0.460611,-0.140224,0.642914,0.407196,-0.160459,0.487762,0.582744,-0.078667,0.552706,0.6891,-0.133129,0.560147,0.772112,-0.142118,0.548812,0.794941,-0.143047,0.431793,0.617586,-0.096563,0.500713,0.746403,-0.141678,0.508938,0.799889,-0.127675,0.498834,0.800316,-0.112806,0.388159,0.673071,-0.117097,0.439836,0.760827,-0.142157,0.45377,0.797449,-0.128478,0.446671,0.795354,-0.113995
954,31800,True,0.9985,0.9985,0.39559,0.843716,-0.0,0.482463,0.804874,-0.01452,0.555014,0.774274,-0.046937,0.602167,0.768903,-0.084516,0.615357,0.795978,-0.122998,0.550834,0.635103,-0.061723,0.612728,0.601156,-0.112179,0.660449,0.579213,-0.14513,0.70067,0.553043,-0.168067,0.495366,0.625159,-0.081471,0.56111,0.76725,-0.13737,0.554579,0.841846,-0.147438,0.533449,0.850423,-0.150084,0.441654,0.66577,-0.102293,0.510469,0.814521,-0.151786,0.509304,0.86264,-0.140313,0.492199,0.851835,-0.126461,0.39948,0.723354,-0.125302,0.452463,0.826823,-0.153018,0.45716,0.85868,-0.140276,0.442398,0.845355,-0.126707
955,31833,True,0.9964,0.9964,0.37558,0.87356,-0.0,0.466773,0.838144,-0.015101,0.55379,0.801488,-0.042459,0.608416,0.818591,-0.072841,0.617029,0.865877,-0.104275,0.541472,0.689639,-0.061998,0.607632,0.698619,-0.105071,0.660089,0.705079,-0.133886,0.706692,0.707358,-0.154414,0.488947,0.68505,-0.078567,0.550572,0.862155,-0.126501,0.528572,0.917494,-0.134607,0.504096,0.910159,-0.137716,0.43313,0.724375,-0.095676,0.500994,0.901911,-0.136945,0.482427,0.921543,-0.128873,0.463761,0.886445,-0.119575,0.386388,0.780482,-0.115086,0.44676,0.90385,-0.1392,0.440475,0.919403,-0.129967,0.422431,0.894109,-0.120267
956,31866,True,0.9883,0.9883,0.381948,0.909385,0.0,0.469572,0.888293,-0.025506,0.539617,0.870027,-0.057025,0.579271,0.901438,-0.090015,0.578984,0.944437,-0.122773,0.533499,0.731131,-0.064136,0.587228,0.790296,-0.107984,0.632149,0.832277,-0.137149,0.667739,0.875852,-0.15612,0.474094,0.734375,-0.075952,0.52086,0.938232,-0.114128,0.48785,0.950593,-0.115851,0.468479,0.911775,-0.11676,0.411474,0.775309,-0.090965,0.461284,0.964923,-0.120817,0.440338,0.952394,-0.106044,0.43136,0.906529,-0.094772,0.355561,0.827891,-0.111146,0.402305,0.96107,-0.132262,0.392852,0.951793,-0.122509,0.379218,0.915562,-0.112247
957,31900,True,0.9837,0.9837,0.370165,0.93212,0.0,0.437145,0.905799,-0.018938,0.502795,0.886875,-0.041535,0.55164,0.91365,-0.065489,0.587185,0.955706,-0.09213,0.493659,0.772296,-0.055494,0.526327,0.850538,-0.092732,0.553909,0.89227,-0.120802,0.575484,0.921924,-0.139716,0.43081,0.781376,-0.067744,0.467502,0.971184,-0.106063,0.477961,1.047905,-0.120469,0.48197,1.082189,-0.129929,0.369352,0.820308,-0.080669,0.40791,0.993927,-0.117453,0.420231,1.048686,-0.118151,0.426341,1.067833,-0.114983,0.313834,0.870715,-0.095919,0.346894,0.987406,-0.122595,0.357283,1.036531,-0.118151,0.363165,1.06134,-0.11069
958,31933,True,0.9527,0.9527,0.359109,0.923481,0.0,0.421693,0.916971,-0.027901,0.477165,0.911769,-0.052316,0.514492,0.931275,-0.077546,0.529286,0.94885,-0.104001,0.465561,0.78454,-0.057419,0.466932,0.867216,-0.098067,0.473394,0.901827,-0.124724,0.482766,0.917515,-0.14145,0.398793,0.788275,-0.067855,0.413324,0.974042,-0.111037,0.416186,1.006089,-0.127461,0.413823,0.988868,-0.13705,0.337437,0.821731,-0.080296,0.359236,0.996993,-0.124445,0.368188,1.03607,-0.123038,0.374259,1.028612,-0.116016,0.282261,0.865223,-0.096035,0.303542,0.992778,-0.133527,0.310823,1.043354,-0.130148,0.316492,1.0601,-0.12014
959,31966,True,0.9927,0.9927,0.343674,0.900212,0.0,0.415661,0.899421,-0.02688,0.478889,0.890163,-0.049059,0.510902,0.916597,-0.071068,0.478474,0.946364,-0.090419,0.428723,0.776959,-0.058648,0.42637,0.820965,-0.098429,0.432066,0.842761,-0.121754,0.437971,0.859562,-0.134797,0.363057,0.773965,-0.065815,0.384848,0.967066,-0.098003,0.390192,0.963365,-0.101106,0.389389,0.917422,-0.10291,0.304271,0.808256,-0.076147,0.337827,0.997051,-0.097306,0.348941,0.974193,-0.077611,0.357001,0.920065,-0.062979,0.255641,0.85543,-0.092851,0.282483,0.994538,-0.116188,0.292715,0.980102,-0.108683,0.296868,0.935654,-0.097235
960,32000,True,0.9829,0.9829,0.331628,0.916402,0.0,0.403962,0.890777,-0.027484,0.462995,0.855978,-0.048578,0.492019,0.871601,-0.06874,0.47464,0.91635,-0.084934,0.400704,0.733332,-0.05283,0.411441,0.809322,-0.091398,0.431701,0.856201,-0.112867,0.446539,0.890174,-0.122771,0.332793,0.740144,-0.056026,0.36698,0.940716,-0.083063,0.387318,0.946185,-0.083504,0.390215,0.918383,-0.082761,0.27555,0.782192,-0.062803,0.319556,0.976075,-0.080706,0.33953,0.956814,-0.063298,0.346031,0.905688,-0.04912,0.231056,0.834524,-0.075586,0.267916,0.972532,-0.094782,0.285605,0.960811,-0.088091,0.290334,0.915954,-0.076658
961,32033,True,0.9921,0.9921,0.320961,0.918586,-0.0,0.388416,0.888922,-0.026077,0.450052,0.839098,-0.04864,0.487897,0.824212,-0.072946,0.471656,0.847207,-0.095069,0.397291,0.713203,-0.043404,0.400052,0.717725,-0.083519,0.400322,0.729077,-0.107348,0.404143,0.745839,-0.11985,0.330622,0.705205,-0.048574,0.35867,0.858555,-0.087707,0.380088,0.899959,-0.094017,0.392486,0.899109,-0.092789,0.274732,0.74105,-0.057828,0.312647,0.902331,-0.084464,0.329962,0.918507,-0.072584,0.336862,0.892356,-0.060214,0.229752,0.791754,-0.072532,0.260984,0.912156,-0.091244,0.278365,0.927894,-0.086562,0.283148,0.904132,-0.077305
962,32066,True,0.9966,0.9966,0.322916,0.896463,0.0,0.394918,0.857738,-0.023967,0.453416,0.802687,-0.046763,0.486348,0.777275,-0.071475,0.480197,0.786599,-0.093031,0.40626,0.677262,-0.044239,0.405963,0.650552,-0.085919,0.406068,0.636536,-0.111771,0.408214,0.622525,-0.128008,0.340271,0.660604,-0.052276,0.372059,0.787588,-0.095695,0.402331,0.837428,-0.102445,0.421031,0.838096,-0.10113,0.282775,0.692257,-0.064132,0.324198,0.839931,-0.096301,0.344322,0.867194,-0.081827,0.351952,0.844907,-0.066814,0.239764,0.742849,-0.081218,0.27193,0.852464,-0.103165,0.290474,0.873529,-0.096554,0.292986,0.853883,-0.085636
963,32100,True,0.9986,0.9986,0.343762,0.859481,0.0,0.408287,0.826118,-0.027797,0.459054,0.780522,-0.054515,0.488591,0.751426,-0.08207,0.504546,0.730163,-0.108456,0.418273,0.64059,-0.057185,0.426917,0.588548,-0.098784,0.438507,0.549637,-0.125166,0.449504,0.513461,-0.141988,0.357764,0.627649,-0.063889,0.398663,0.723323,-0.110801,0.425448,0.773564,-0.121582,0.438264,0.786393,-0.122444,0.304832,0.660219,-0.073196,0.352322,0.788803,-0.11134,0.371384,0.827339,-0.101488,0.377709,0.825805,-0.087668,0.26442,0.711672,-0.086717,0.292243,0.794221,-0.110346,0.309639,0.816082,-0.103021,0.31306,0.809121,-0.091216
964,32133,True,0.9988,0.9988,0.366575,0.822277,0.0,0.430384,0.789911,-0.022025,0.480173,0.750705,-0.047495,0.504695,0.723507,-0.075328,0.519154,0.704194,-0.102427,0.443996,0.609746,-0.048076,0.461805,0.546865,-0.08849,0.480072,0.503587,-0.11324,0.498811,0.458825,-0.129634,0.386941,0.597861,-0.057033,0.437988,0.687437,-0.099762,0.45506,0.738215,-0.108515,0.455944,0.737255,-0.109665,0.337744,0.632827,-0.068658,0.390948,0.754173,-0.106608,0.407417,0.794875,-0.097055,0.407859,0.787387,-0.084557,0.298578,0.686359,-0.083435,0.334298,0.769543,-0.106522,0.348143,0.801818,-0.097701,0.344138,0.797126,-0.085692
965,32166,True,0.999,0.999,0.389396,0.805555,0.0,0.450031,0.773348,-0.019806,0.498487,0.733198,-0.047874,0.526205,0.705656,-0.079842,0.551521,0.704056,-0.112026,0.468632,0.591224,-0.049199,0.498713,0.533738,-0.093013,0.528792,0.492364,-0.119486,0.556578,0.451302,-0.136927,0.412529,0.583774,-0.061869,0.474563,0.686663,-0.111045,0.485123,0.751323,-0.120595,0.476989,0.756517,-0.12103,0.365024,0.621749,-0.077122,0.430412,0.746316,-0.121631,0.443496,0.791381,-0.113782,0.438861,0.784073,-0.101371,0.326467,0.675691,-0.095007,0.373285,0.761299,-0.121174,0.388783,0.796174,-0.113159,0.385171,0.792345,-0.10168
966,32200,True,0.9992,0.9992,0.394656,0.803962,0.0,0.467005,0.776296,-0.024134,0.523747,0.745263,-0.060492,0.557115,0.719153,-0.101033,0.567531,0.710959,-0.14206,0.493994,0.592904,-0.058956,0.533507,0.538034,-0.112132,0.572627,0.496737,-0.142734,0.606232,0.45861,-0.161348,0.435615,0.585527,-0.073095,0.50639,0.682786,-0.128442,0.511988,0.762617,-0.135774,0.499423,0.766579,-0.133325,0.387885,0.622135,-0.090503,0.459252,0.741183,-0.138323,0.468791,0.789827,-0.122415,0.459582,0.776809,-0.10441,0.34948,0.676401,-0.111239,0.398447,0.761567,-0.138631,0.415966,0.797056,-0.124515,0.412127,0.790083,-0.108197
967,32233,True,0.9994,0.9994,0.391221,0.816664,0.0,0.465775,0.787996,-0.020898,0.525772,0.756412,-0.056826,0.563761,0.730241,-0.097565,0.5847,0.728009,-0.13973,0.500283,0.605373,-0.059395,0.547026,0.550272,-0.110039,0.592297,0.509573,-0.139585,0.629628,0.473681,-0.158096,0.441942,0.597325,-0.074968,0.514962,0.697266,-0.128951,0.512621,0.777828,-0.13619,0.490538,0.785009,-0.134431,0.393952,0.63448,-0.092748,0.467211,0.754271,-0.140369,0.472783,0.807589,-0.125543,0.456375,0.802873,-0.108358,0.354642,0.687657,-0.11324,0.410551,0.77106,-0.139336,0.426216,0.809316,-0.12445,0.416835,0.808085,-0.107977
968,32266,True,0.9995,0.9995,0.3842,0.827698,0.0,0.462923,0.802013,-0.022844,0.526466,0.774533,-0.058526,0.568399,0.752821,-0.098142,0.583145,0.738523,-0.139134,0.501564,0.613749,-0.06247,0.55011,0.563284,-0.113999,0.596749,0.5245,-0.146878,0.633769,0.492097,-0.168089,0.444086,0.60428,-0.077941,0.514181,0.705553,-0.13444,0.517556,0.785512,-0.146407,0.500866,0.801439,-0.148241,0.39453,0.642519,-0.095496,0.463784,0.764085,-0.14532,0.472594,0.817691,-0.133948,0.459078,0.817227,-0.119151,0.354607,0.698748,-0.115823,0.407303,0.784067,-0.144624,0.421752,0.820988,-0.131927,0.411029,0.818961,-0.117127
969,32299,True,0.9986,0.9986,0.376322,0.839348,0.0,0.459881,0.820718,-0.028587,0.525798,0.794538,-0.062922,0.565318,0.77672,-0.099859,0.569997,0.755716,-0.137636,0.49306,0.624738,-0.060781,0.539554,0.571963,-0.108918,0.584532,0.536092,-0.141814,0.622658,0.504255,-0.164153,0.436524,0.614137,-0.072415,0.496574,0.719366,-0.126228,0.505172,0.792688,-0.142072,0.496236,0.808094,-0.147791,0.386412,0.651559,-0.086605,0.448542,0.778256,-0.132154,0.460834,0.829492,-0.12476,0.454022,0.829252,-0.113816,0.346026,0.708399,-0.104531,0.395928,0.801252,-0.131437,0.410359,0.835844,-0.122622,0.403353,0.83177,-0.111228
970,32333,True,0.9987,0.9987,0.371926,0.843537,0.0,0.450501,0.823113,-0.025742,0.514585,0.798539,-0.058936,0.558411,0.785585,-0.095084,0.567678,0.762964,-0.131569,0.481504,0.630324,-0.060166,0.521657,0.578144,-0.107059,0.561602,0.543943,-0.137595,0.598055,0.511446,-0.158453,0.424878,0.619921,-0.072902,0.483301,0.727478,-0.124465,0.491952,0.796894,-0.138717,0.486161,0.802078,-0.144245,0.37405,0.658543,-0.087833,0.434298,0.787791,-0.13263,0.447141,0.837516,-0.124078,0.442825,0.831242,-0.112791,0.33398,0.715993,-0.106077,0.380203,0.80851,-0.132884,0.395183,0.843688,-0.123352,0.389156,0.838007,-0.111635
971,32366,True,0.999,0.999,0.368335,0.843649,0.0,0.440116,0.813129,-0.024477,0.494504,0.781478,-0.056857,0.533278,0.767421,-0.092609,0.555783,0.754079,-0.128249,0.469018,0.628325,-0.053815,0.508418,0.578702,-0.097443,0.54753,0.54171,-0.125162,0.582202,0.505661,-0.144707,0.411926,0.62491,-0.066797,0.469985,0.729821,-0.116609,0.480485,0.795724,-0.130387,0.477417,0.794846,-0.13603,0.362125,0.66606,-0.082154,0.422496,0.792106,-0.126755,0.438579,0.838117,-0.119738,0.436681,0.826641,-0.109998,0.32375,0.723052,-0.100593,0.369855,0.81283,-0.12715,0.385359,0.845644,-0.118597,0.379362,0.835558,-0.108221
972,32400,True,0.9993,0.9993,0.363062,0.833651,0.0,0.431637,0.803188,-0.024292,0.488282,0.767426,-0.055418,0.524991,0.744296,-0.08972,0.53291,0.736211,-0.124593,0.462129,0.620898,-0.051544,0.498808,0.5695,-0.093508,0.537517,0.534251,-0.120432,0.572614,0.50204,-0.138709,0.40589,0.618323,-0.064112,0.463184,0.720274,-0.112487,0.477421,0.786733,-0.12552,0.47533,0.797616,-0.129553,0.355523,0.658502,-0.079036,0.416552,0.782163,-0.121446,0.432344,0.829896,-0.114344,0.429298,0.828461,-0.103739,0.316407,0.714644,-0.097117,0.364048,0.799279,-0.120939,0.380553,0.836502,-0.110989,0.375584,0.837369,-0.09914
973,32433,True,0.9993,0.9993,0.362646,0.829566,0.0,0.428449,0.793691,-0.021483,0.48488,0.755323,-0.052414,0.521885,0.731608,-0.087289,0.525746,0.731152,-0.123131,0.453359,0.615174,-0.050069,0.492221,0.562875,-0.090757,0.530856,0.525297,-0.115677,0.564407,0.492685,-0.132461,0.397521,0.615194,-0.063802,0.464062,0.714092,-0.110631,0.475379,0.78309,-0.120608,0.468829,0.791854,-0.122118,0.349777,0.655868,-0.07957,0.417351,0.774821,-0.120515,0.43227,0.822062,-0.110832,0.427344,0.818005,-0.098414,0.313396,0.71113,-0.09837,0.362732,0.790992,-0.120749,0.37974,0.826274,-0.109084,0.374713,0.826508,-0.095993
974,32466,True,0.9992,0.9992,0.365048,0.822879,0.0,0.430644,0.789268,-0.020947,0.487983,0.75211,-0.05106,0.524089,0.728185,-0.085323,0.522058,0.729518,-0.120468,0.451631,0.612181,-0.049291,0.490563,0.559273,-0.09084,0.528307,0.520264,-0.115939,0.56218,0.485108,-0.13272,0.395565,0.610731,-0.063114,0.462049,0.712269,-0.110982,0.47161,0.781703,-0.120775,0.464602,0.788955,-0.122041,0.348245,0.651161,-0.079093,0.417395,0.770418,-0.121637,0.430401,0.816272,-0.112372,0.424834,0.80991,-0.100094,0.31207,0.7062,-0.097998,0.362579,0.789653,-0.122293,0.379496,0.824739,-0.111914,0.375032,0.823383,-0.09951
975,32500,True,0.999,0.999,0.363362,0.819622,0.0,0.428073,0.787425,-0.021277,0.48403,0.75113,-0.050799,0.518269,0.727309,-0.08413,0.519981,0.728073,-0.117936,0.45096,0.6142,-0.049203,0.488917,0.559371,-0.091099,0.525665,0.518996,-0.116319,0.558525,0.480592,-0.133404,0.394607,0.611388,-0.062254,0.455732,0.711992,-0.11044,0.466767,0.78102,-0.120618,0.461611,0.785459,-0.122611,0.347537,0.650743,-0.07754,0.412159,0.769901,-0.121368,0.425492,0.81508,-0.11286,0.420201,0.805832,-0.101226,0.31146,0.703779,-0.095587,0.359446,0.787476,-0.120948,0.376265,0.824,-0.111101,0.371681,0.821946,-0.099201
976,32533,True,0.9991,0.9991,0.363285,0.818433,0.0,0.42603,0.789521,-0.021109,0.479928,0.755653,-0.050529,0.513018,0.733528,-0.083698,0.520203,0.727532,-0.117492,0.448338,0.615942,-0.051188,0.485657,0.560373,-0.093874,0.52148,0.518979,-0.119767,0.553764,0.479163,-0.137165,0.392062,0.611638,-0.064178,0.453319,0.71387,-0.112552,0.463739,0.782253,-0.12334,0.458225,0.786304,-0.125967,0.344979,0.650771,-0.079257,0.408664,0.77088,-0.123487,0.422182,0.816296,-0.115431,0.41751,0.807157,-0.104172,0.308717,0.703809,-0.096951,0.354953,0.786995,-0.122797,0.372475,0.82356,-0.112973,0.369268,0.822016,-0.101066
977,32566,True,0.9993,0.9993,0.363773,0.823051,0.0,0.424111,0.79519,-0.019679,0.476578,0.760555,-0.048422,0.51004,0.736273,-0.081056,0.518528,0.726757,-0.114234,0.444696,0.6229,-0.052212,0.480399,0.564168,-0.096016,0.516499,0.52239,-0.122176,0.548319,0.481428,-0.139385,0.387936,0.617096,-0.065792,0.448423,0.716117,-0.114714,0.458482,0.783003,-0.12467,0.451719,0.786519,-0.126514,0.340934,0.655819,-0.081426,0.403369,0.776344,-0.126424,0.416865,0.819595,-0.117953,0.411013,0.808724,-0.106174,0.304756,0.70888,-0.09948,0.34945,0.791783,-0.125887,0.368039,0.827761,-0.115869,0.364795,0.826382,-0.103724
978,32600,True,0.9992,0.9992,0.362824,0.836927,0.0,0.419264,0.803332,-0.018901,0.468394,0.764267,-0.047312,0.501313,0.739666,-0.080222,0.517528,0.738544,-0.113887,0.437825,0.627031,-0.046627,0.473848,0.571438,-0.087675,0.510831,0.530256,-0.113618,0.543496,0.49013,-0.13119,0.38151,0.623001,-0.060164,0.444316,0.725296,-0.106892,0.453558,0.786031,-0.118797,0.445202,0.786204,-0.122322,0.335951,0.662874,-0.075762,0.39935,0.785429,-0.118225,0.414013,0.826948,-0.112412,0.408059,0.817067,-0.102807,0.299973,0.716269,-0.093894,0.344169,0.80027,-0.118424,0.361777,0.836077,-0.109836,0.357405,0.835478,-0.099047
979,32633,True,0.999,0.999,0.358686,0.846346,0.0,0.41453,0.81042,-0.018562,0.465293,0.768562,-0.045625,0.500026,0.744184,-0.077252,0.516457,0.744016,-0.1097,0.433165,0.638825,-0.048144,0.469022,0.582203,-0.090509,0.505982,0.543203,-0.116898,0.538318,0.5032,-0.134126,0.375335,0.632571,-0.06106,0.44014,0.740475,-0.107742,0.447968,0.798843,-0.11948,0.437565,0.796316,-0.122827,0.329182,0.6725,-0.076003,0.393779,0.801327,-0.119494,0.409526,0.839282,-0.115217,0.403623,0.825786,-0.106269,0.293282,0.72587,-0.09321,0.337471,0.813779,-0.118254,0.354657,0.848351,-0.110204,0.34992,0.847498,-0.09949
980,32666,True,0.9987,0.9987,0.35575,0.853384,0.0,0.409794,0.815598,-0.018641,0.459892,0.770309,-0.044677,0.495843,0.749339,-0.075192,0.514895,0.75866,-0.10636,0.427006,0.653137,-0.04774,0.461604,0.598803,-0.089395,0.497243,0.560195,-0.114789,0.529094,0.520982,-0.131252,0.36788,0.645609,-0.059858,0.436138,0.763356,-0.104809,0.442412,0.817688,-0.113934,0.430875,0.809465,-0.115144,0.321415,0.686394,-0.074328,0.387709,0.824188,-0.115954,0.401298,0.855328,-0.109813,0.394495,0.833788,-0.099434,0.285206,0.739414,-0.091328,0.328435,0.835181,-0.115712,0.345286,0.865353,-0.107397,0.341799,0.859333,-0.096176
981,32700,True,0.999,0.999,0.345652,0.875712,0.0,0.401245,0.836932,-0.019348,0.452544,0.789229,-0.044442,0.489939,0.766793,-0.074097,0.511269,0.770763,-0.104422,0.418414,0.671785,-0.043746,0.446071,0.621237,-0.082426,0.477587,0.589248,-0.10687,0.508864,0.556317,-0.123282,0.359296,0.665912,-0.055193,0.422823,0.777694,-0.097407,0.430834,0.832264,-0.108262,0.421033,0.828035,-0.111299,0.313364,0.707081,-0.069051,0.377264,0.838387,-0.106549,0.391809,0.873968,-0.100735,0.384109,0.860562,-0.091508,0.277697,0.761976,-0.085853,0.321887,0.854186,-0.107241,0.337364,0.883169,-0.099263,0.330512,0.87775,-0.088911
982,32733,True,0.999,0.999,0.33783,0.894585,0.0,0.396127,0.854388,-0.01832,0.451348,0.801524,-0.04053,0.487629,0.779687,-0.066684,0.503323,0.790629,-0.093118,0.405204,0.685587,-0.039458,0.424557,0.648546,-0.076572,0.45467,0.630034,-0.0999,0.486194,0.610128,-0.115352,0.345036,0.68375,-0.051038,0.412332,0.803857,-0.089875,0.420512,0.857342,-0.099886,0.411326,0.846542,-0.103323,0.297684,0.727898,-0.065355,0.366871,0.864253,-0.100975,0.382138,0.897362,-0.096231,0.37685,0.875478,-0.088551,0.261269,0.784918,-0.082436,0.308017,0.880472,-0.103435,0.32192,0.908122,-0.096389,0.314774,0.898039,-0.087078
983,32766,True,0.9981,0.9981,0.32613,0.917318,0.0,0.389809,0.869626,-0.017779,0.448757,0.810034,-0.039294,0.482021,0.786962,-0.06434,0.491421,0.808191,-0.08858,0.394301,0.697587,-0.039143,0.405114,0.66892,-0.078225,0.434999,0.663214,-0.104412,0.467529,0.654461,-0.121682,0.328822,0.700142,-0.050923,0.396985,0.823733,-0.091117,0.412063,0.863344,-0.104535,0.404462,0.847203,-0.110589,0.279864,0.749363,-0.065431,0.351022,0.886998,-0.099662,0.372607,0.90955,-0.096042,0.369115,0.881564,-0.089364,0.244517,0.808248,-0.083053,0.297483,0.907463,-0.10285,0.318375,0.928423,-0.096758,0.316445,0.912521,-0.088208
984,32800,True,0.9988,0.9988,0.31825,0.927457,0.0,0.381889,0.883878,-0.020837,0.438412,0.825032,-0.043653,0.467807,0.796052,-0.069469,0.474328,0.813599,-0.09286,0.383517,0.709692,-0.038088,0.381046,0.685282,-0.081069,0.407837,0.684267,-0.104651,0.441968,0.682984,-0.117215,0.320875,0.712707,-0.048827,0.385506,0.828363,-0.091726,0.402105,0.872586,-0.098337,0.398461,0.855267,-0.096321,0.271519,0.759229,-0.063902,0.339367,0.89545,-0.103315,0.363231,0.922772,-0.093487,0.365022,0.895123,-0.078949,0.23544,0.816802,-0.082366,0.278989,0.911325,-0.105168,0.298171,0.932624,-0.096426,0.297302,0.915904,-0.083444
985,32833,True,0.9986,0.9986,0.31848,0.927787,0.0,0.379387,0.884554,-0.018078,0.43227,0.81961,-0.037375,0.462421,0.788358,-0.05942,0.468646,0.805049,-0.079916,0.373518,0.71444,-0.035577,0.368271,0.68889,-0.073475,0.391976,0.690182,-0.095034,0.423288,0.693224,-0.106963,0.312532,0.717482,-0.047109,0.37132,0.820045,-0.08741,0.393744,0.863624,-0.096495,0.399366,0.856393,-0.096767,0.26258,0.762598,-0.062103,0.326241,0.893379,-0.099194,0.356292,0.924528,-0.093439,0.369051,0.906874,-0.082318,0.2262,0.819337,-0.080023,0.263509,0.908056,-0.101578,0.284789,0.931434,-0.095209,0.291634,0.919613,-0.084776
986,32866,True,0.9985,0.9985,0.319894,0.923578,0.0,0.381671,0.877463,-0.020407,0.435846,0.811867,-0.041509,0.463759,0.774295,-0.065569,0.452048,0.787062,-0.087401,0.372481,0.693805,-0.034089,0.364715,0.671101,-0.075392,0.384778,0.671364,-0.098975,0.410488,0.674363,-0.111406,0.309065,0.703277,-0.045418,0.363795,0.810065,-0.088643,0.387283,0.856344,-0.097605,0.390146,0.848677,-0.096215,0.259934,0.753899,-0.060965,0.326118,0.886697,-0.099531,0.355027,0.912426,-0.090951,0.361857,0.889136,-0.076958,0.225642,0.815948,-0.080143,0.272912,0.910795,-0.103672,0.298652,0.935236,-0.096493,0.304358,0.921788,-0.084051
987,32900,True,0.9987,0.9987,0.329871,0.899462,0.0,0.388688,0.851374,-0.020658,0.442046,0.789728,-0.042126,0.468539,0.751793,-0.066326,0.453964,0.763732,-0.090173,0.372113,0.675112,-0.036739,0.36924,0.647811,-0.07171,0.388022,0.637619,-0.091914,0.412122,0.625626,-0.103175,0.312182,0.686788,-0.046846,0.365534,0.777419,-0.085209,0.391867,0.828022,-0.094415,0.399639,0.828629,-0.09471,0.264293,0.735136,-0.059843,0.328084,0.847856,-0.097184,0.359324,0.8847,-0.092321,0.370348,0.874794,-0.08093,0.230568,0.794636,-0.075551,0.265814,0.862765,-0.095367,0.288927,0.891065,-0.086694,0.295765,0.890622,-0.074382
988,32933,True,0.9987,0.9987,0.335517,0.877308,0.0,0.397207,0.823492,-0.019526,0.448184,0.762571,-0.041254,0.47519,0.724381,-0.06541,0.463624,0.727579,-0.089492,0.374836,0.642639,-0.042755,0.378159,0.5902,-0.079777,0.404678,0.57194,-0.102941,0.435,0.556938,-0.116679,0.317288,0.652829,-0.052818,0.380464,0.720609,-0.094073,0.414652,0.774546,-0.104188,0.428407,0.794093,-0.105268,0.272668,0.702284,-0.065082,0.340839,0.799416,-0.10038,0.370605,0.838434,-0.094575,0.382521,0.843062,-0.083658,0.24249,0.764057,-0.080249,0.288583,0.827931,-0.097019,0.315553,0.855191,-0.087037,0.325097,0.85854,-0.074775
989,32966,True,0.9989,0.9989,0.354313,0.846707,0.0,0.412681,0.794594,-0.021849,0.460293,0.737516,-0.049162,0.486598,0.697015,-0.079532,0.475442,0.686333,-0.110017,0.387051,0.603326,-0.046066,0.399014,0.543197,-0.089573,0.426811,0.509654,-0.115364,0.453959,0.480661,-0.130358,0.329843,0.615272,-0.05666,0.404023,0.677464,-0.103313,0.428889,0.747026,-0.111992,0.424404,0.764154,-0.111002,0.2882,0.666197,-0.070199,0.36842,0.754873,-0.112439,0.391324,0.799178,-0.103263,0.386452,0.798852,-0.088986,0.259497,0.731866,-0.086365,0.317981,0.789631,-0.108669,0.344102,0.819664,-0.097006,0.340968,0.822294,-0.082393
990,33000,True,0.9992,0.9992,0.366651,0.813893,0.0,0.425988,0.764541,-0.021413,0.470774,0.712904,-0.051126,0.493936,0.672109,-0.084516,0.48232,0.642135,-0.118009,0.401927,0.56912,-0.046189,0.420224,0.498973,-0.093492,0.446414,0.450758,-0.121449,0.47076,0.409774,-0.137855,0.345104,0.578953,-0.057915,0.420761,0.627369,-0.110082,0.446061,0.710606,-0.119085,0.439853,0.733694,-0.11725,0.304906,0.627974,-0.072746,0.384948,0.698848,-0.120414,0.407268,0.753891,-0.108531,0.3993,0.758926,-0.091931,0.276728,0.694272,-0.089885,0.332063,0.743536,-0.117462,0.358392,0.776946,-0.105175,0.354451,0.77977,-0.089445
991,33033,True,0.9989,0.9989,0.382622,0.782834,0.0,0.440234,0.739567,-0.02376,0.485993,0.689922,-0.055412,0.508377,0.650452,-0.090415,0.493904,0.622331,-0.125354,0.423992,0.536075,-0.050186,0.443216,0.46076,-0.099766,0.467216,0.407647,-0.129123,0.490202,0.363864,-0.146156,0.364817,0.543496,-0.061009,0.435,0.595195,-0.116717,0.458994,0.68217,-0.125728,0.454806,0.708365,-0.122608,0.322326,0.589302,-0.074986,0.398191,0.662332,-0.124795,0.4186,0.722088,-0.111087,0.410792,0.732216,-0.092282,0.291159,0.653446,-0.091581,0.345035,0.700888,-0.120741,0.370593,0.73903,-0.107014,0.366884,0.744802,-0.089297
992,33066,True,0.9988,0.9988,0.390494,0.77211,0.0,0.450853,0.727082,-0.022852,0.498152,0.683083,-0.059182,0.522377,0.64392,-0.0994,0.510961,0.610707,-0.139571,0.441768,0.52326,-0.05558,0.463708,0.442849,-0.106578,0.488049,0.381742,-0.135941,0.50868,0.33421,-0.153267,0.379479,0.528868,-0.068698,0.452012,0.58019,-0.123825,0.470716,0.671976,-0.130522,0.459386,0.691076,-0.126702,0.335535,0.574543,-0.084406,0.413253,0.649411,-0.134681,0.430244,0.710257,-0.118346,0.416811,0.714675,-0.098855,0.304336,0.637868,-0.102528,0.358474,0.684384,-0.131745,0.384275,0.723433,-0.114615,0.378562,0.727547,-0.095089
993,33100,True,0.999,0.999,0.391149,0.777031,0.0,0.454239,0.730875,-0.020255,0.504018,0.68538,-0.054132,0.529292,0.646746,-0.091986,0.519445,0.617107,-0.129515,0.454027,0.526675,-0.053353,0.479032,0.444535,-0.103102,0.506529,0.383009,-0.132475,0.528563,0.331988,-0.151141,0.392026,0.526023,-0.068424,0.462823,0.588826,-0.121776,0.481546,0.683336,-0.129088,0.473052,0.699458,-0.127382,0.346171,0.570526,-0.085817,0.424611,0.661621,-0.134264,0.441264,0.722271,-0.118778,0.428976,0.720077,-0.101628,0.313331,0.63443,-0.10567,0.363899,0.696388,-0.133575,0.389514,0.734993,-0.117256,0.385245,0.734768,-0.099777
994,33133,True,0.9985,0.9985,0.389292,0.799286,0.0,0.456816,0.761537,-0.022385,0.516589,0.716,-0.053604,0.543997,0.678231,-0.088491,0.529346,0.657738,-0.123041,0.469676,0.562105,-0.050894,0.498568,0.483106,-0.095018,0.52765,0.431172,-0.119588,0.554857,0.384339,-0.135516,0.407116,0.553555,-0.063004,0.467572,0.632096,-0.109865,0.478065,0.717276,-0.117324,0.468815,0.723567,-0.117402,0.357262,0.591759,-0.077405,0.424422,0.698358,-0.120428,0.435206,0.755545,-0.107917,0.423605,0.746593,-0.094225,0.318327,0.647657,-0.094612,0.365869,0.72241,-0.119348,0.384939,0.762164,-0.106421,0.377936,0.758205,-0.092282
995,33166,True,0.9985,0.9985,0.391673,0.812727,-0.0,0.464395,0.787745,-0.028447,0.529043,0.753406,-0.059299,0.561439,0.738644,-0.092254,0.552021,0.736844,-0.124109,0.486418,0.597443,-0.04898,0.503105,0.57659,-0.093249,0.523553,0.554079,-0.122228,0.545624,0.529348,-0.142087,0.420299,0.589376,-0.05964,0.469975,0.724492,-0.107853,0.485102,0.788244,-0.120372,0.484683,0.786875,-0.124175,0.363755,0.631067,-0.07409,0.424136,0.786204,-0.115501,0.435237,0.821688,-0.105714,0.42846,0.794674,-0.093717,0.319306,0.690044,-0.092781,0.365802,0.797822,-0.119887,0.380649,0.823788,-0.111516,0.375629,0.804116,-0.099835
996,33200,True,0.9782,0.9782,0.389454,0.814283,-0.0,0.468664,0.791456,-0.02993,0.5368,0.772858,-0.056171,0.578156,0.766973,-0.082573,0.585364,0.768222,-0.106203,0.475154,0.633065,-0.056599,0.518863,0.71712,-0.104076,0.543881,0.781496,-0.135048,0.558981,0.819128,-0.152134,0.412689,0.651357,-0.062205,0.469046,0.833741,-0.096971,0.472513,0.861244,-0.107523,0.462595,0.836439,-0.116976,0.359506,0.698962,-0.07164,0.416255,0.870562,-0.097255,0.415396,0.875591,-0.088934,0.403942,0.834254,-0.083866,0.315397,0.75161,-0.086191,0.356253,0.875977,-0.104448,0.362138,0.880648,-0.098253,0.353911,0.848689,-0.091113
997,33233,True,0.983,0.983,0.382636,0.852938,-0.0,0.457743,0.818458,-0.031295,0.523488,0.794502,-0.063606,0.570517,0.817987,-0.097127,0.599915,0.858197,-0.128171,0.484956,0.68281,-0.066415,0.525312,0.786538,-0.128826,0.5531,0.862355,-0.170801,0.573772,0.91736,-0.192344,0.418389,0.708341,-0.0743,0.465901,0.904611,-0.116401,0.464463,0.924718,-0.124526,0.452412,0.8942,-0.130256,0.361577,0.762072,-0.087101,0.413955,0.94476,-0.115012,0.414895,0.943022,-0.095472,0.405385,0.898121,-0.08037,0.314408,0.818173,-0.106527,0.354324,0.951475,-0.124672,0.362406,0.951171,-0.109773,0.355636,0.913963,-0.094234
998,33266,True,0.9791,0.9791,0.381482,0.881239,-0.0,0.450061,0.870863,-0.036541,0.51546,0.86743,-0.068981,0.558738,0.908502,-0.100474,0.566548,0.959971,-0.127772,0.482368,0.733314,-0.07228,0.523265,0.841883,-0.131163,0.548679,0.907642,-0.166379,0.560638,0.965387,-0.181341,0.413786,0.747971,-0.07729,0.463324,0.958942,-0.115023,0.452058,0.949535,-0.117293,0.43308,0.907029,-0.117883,0.354384,0.797357,-0.087517,0.409188,0.990514,-0.112133,0.401963,0.959113,-0.086934,0.392192,0.90671,-0.066518,0.302812,0.853977,-0.105398,0.347841,0.991737,-0.127559,0.349731,0.966274,-0.113431,0.342154,0.918696,-0.095373
999,33300,True,0.9816,0.9816,0.372134,0.896774,0.0,0.439784,0.872593,-0.033436,0.502703,0.857035,-0.063751,0.550747,0.878326,-0.09436,0.584739,0.895988,-0.121512,0.474295,0.740793,-0.061964,0.519207,0.862027,-0.124376,0.553577,0.928137,-0.169225,0.58037,0.976912,-0.192039,0.40869,0.763903,-0.06767,0.46175,0.966623,-0.106619,0.452894,0.950234,-0.113643,0.436049,0.897652,-0.118567,0.351891,0.812957,-0.079175,0.40568,0.996975,-0.103551,0.404649,0.962872,-0.078706,0.397927,0.904423,-0.059339,0.303438,0.866776,-0.098378,0.349197,1.0038,-0.118144,0.354964,0.97887,-0.102687,0.347716,0.930316,-0.084477
1000,33333,True,0.9841,0.9841,0.373592,0.892712,0.0,0.444867,0.873232,-0.028589,0.509257,0.856968,-0.05638,0.556814,0.876636,-0.085359,0.592768,0.902084,-0.110974,0.483402,0.738984,-0.050587,0.530698,0.834172,-0.106498,0.564204,0.897709,-0.148453,0.588401,0.955403,-0.170807,0.420268,0.753109,-0.057746,0.477227,0.944584,-0.092936,0.458526,0.938344,-0.101463,0.437677,0.895333,-0.108934,0.363114,0.798704,-0.070656,0.420339,0.975276,-0.09162,0.409272,0.947202,-0.07347,0.398439,0.896408,-0.061321,0.313506,0.852805,-0.090488,0.361813,0.981145,-0.106425,0.359287,0.955582,-0.095247,0.346457,0.907501,-0.083385
1001,33366,True,0.994,0.994,0.371613,0.895724,0.0,0.450829,0.861978,-0.019959,0.522112,0.830323,-0.044264,0.580995,0.836221,-0.071683,0.62471,0.854655,-0.09777,0.488844,0.71795,-0.046038,0.545746,0.779332,-0.096891,0.578681,0.8391,-0.132906,0.598874,0.889702,-0.153044,0.428217,0.729927,-0.05739,0.486834,0.904843,-0.098661,0.483829,0.933257,-0.11082,0.469893,0.908785,-0.118553,0.372182,0.774497,-0.072909,0.430896,0.941541,-0.103274,0.431823,0.943655,-0.09462,0.424636,0.90144,-0.086988,0.325985,0.827923,-0.092688,0.373014,0.951115,-0.112019,0.380475,0.953327,-0.104968,0.374471,0.920466,-0.096101
1002,33400,True,0.9962,0.9962,0.365675,0.899865,0.0,0.442725,0.848697,-0.011242,0.511254,0.810789,-0.033377,0.555567,0.818306,-0.05962,0.57677,0.85486,-0.087313,0.489502,0.688671,-0.039734,0.553183,0.71904,-0.081631,0.605755,0.742669,-0.114226,0.65305,0.76365,-0.136602,0.432952,0.698119,-0.054846,0.498523,0.857304,-0.09721,0.497467,0.904283,-0.110361,0.485443,0.90056,-0.117842,0.37915,0.745515,-0.071857,0.446475,0.902402,-0.105403,0.4481,0.918965,-0.100577,0.439366,0.891027,-0.094032,0.334505,0.804829,-0.09153,0.389918,0.914026,-0.111714,0.394423,0.925203,-0.105349,0.383678,0.900717,-0.096954
1003,33433,True,0.9995,0.9995,0.391135,0.866579,0.0,0.457795,0.821087,-0.007444,0.520976,0.777911,-0.030134,0.567012,0.780681,-0.056899,0.59247,0.823598,-0.085841,0.495751,0.665601,-0.048331,0.561062,0.672727,-0.089767,0.616326,0.677686,-0.119103,0.664516,0.676388,-0.139608,0.439331,0.6657,-0.065475,0.511405,0.811262,-0.108268,0.516133,0.871293,-0.115969,0.506516,0.871475,-0.119046,0.387042,0.710505,-0.083287,0.460792,0.858654,-0.118819,0.471748,0.891323,-0.107881,0.466546,0.872694,-0.096752,0.344842,0.769083,-0.102853,0.402919,0.869563,-0.121468,0.414389,0.892872,-0.109267,0.406097,0.880023,-0.097188
1004,33466,True,0.9993,0.9993,0.394069,0.848157,0.0,0.458311,0.819358,-0.018731,0.516885,0.788908,-0.047518,0.55648,0.774312,-0.080429,0.582798,0.780898,-0.114339,0.50696,0.651012,-0.051092,0.563678,0.63014,-0.096845,0.613262,0.61683,-0.126104,0.654773,0.596182,-0.145749,0.445985,0.639067,-0.065286,0.50935,0.775826,-0.114113,0.51036,0.841726,-0.124546,0.497035,0.833553,-0.127403,0.391392,0.675081,-0.081987,0.454747,0.824433,-0.128096,0.463308,0.86656,-0.11988,0.455666,0.845684,-0.108062,0.347008,0.728164,-0.100966,0.397632,0.829105,-0.128883,0.412321,0.863008,-0.119358,0.406575,0.853687,-0.106946
1005,33500,True,0.9994,0.9994,0.396254,0.817369,0.0,0.460403,0.800971,-0.02439,0.518927,0.770938,-0.054624,0.559219,0.749292,-0.086859,0.573527,0.741862,-0.119544,0.493872,0.624232,-0.059783,0.539256,0.576124,-0.104959,0.584364,0.548591,-0.133391,0.62451,0.521167,-0.152552,0.435877,0.611283,-0.07115,0.489732,0.731427,-0.122429,0.501025,0.798529,-0.13378,0.499766,0.807425,-0.136802,0.383517,0.644704,-0.085011,0.440236,0.790442,-0.129514,0.456296,0.833727,-0.120917,0.45975,0.825152,-0.109644,0.342102,0.698116,-0.101956,0.384625,0.795103,-0.128159,0.400403,0.831095,-0.118726,0.400259,0.827958,-0.107106
1006,33533,True,0.9991,0.9991,0.395234,0.796133,0.0,0.459971,0.774357,-0.030075,0.51273,0.741392,-0.063315,0.544573,0.716083,-0.098244,0.553471,0.702401,-0.132814,0.483847,0.590968,-0.060008,0.516598,0.537425,-0.107889,0.554559,0.498919,-0.136487,0.588981,0.460517,-0.155229,0.422121,0.580344,-0.070484,0.473256,0.692896,-0.123423,0.485198,0.758309,-0.135032,0.485286,0.752367,-0.137784,0.368564,0.617566,-0.084659,0.421059,0.75959,-0.13367,0.441129,0.802682,-0.1267,0.447218,0.784846,-0.115947,0.327142,0.672926,-0.102408,0.362321,0.770638,-0.133069,0.382673,0.808271,-0.125862,0.386657,0.80263,-0.115441
1007,33566,True,0.9989,0.9989,0.378569,0.784618,0.0,0.436912,0.763315,-0.027884,0.484521,0.732751,-0.058311,0.512355,0.708538,-0.089943,0.531028,0.67529,-0.120081,0.459065,0.584553,-0.05689,0.487804,0.514084,-0.098603,0.513383,0.463169,-0.119336,0.536841,0.412444,-0.133432,0.399083,0.570779,-0.065366,0.444581,0.65296,-0.113536,0.460849,0.725311,-0.120072,0.468322,0.727443,-0.118869,0.348121,0.603605,-0.076873,0.39471,0.733837,-0.12118,0.4181,0.783572,-0.11028,0.42787,0.772064,-0.09757,0.308246,0.655462,-0.0917,0.335637,0.750256,-0.119803,0.355541,0.791533,-0.11134,0.359212,0.785595,-0.100394
1008,33600,True,0.999,0.999,0.361173,0.787956,0.0,0.419068,0.768011,-0.024511,0.468083,0.73583,-0.048659,0.500021,0.705045,-0.073792,0.506355,0.667834,-0.097837,0.431043,0.590489,-0.05654,0.454485,0.504591,-0.093425,0.475097,0.445965,-0.113565,0.492666,0.393211,-0.127235,0.373115,0.575134,-0.063925,0.413547,0.642221,-0.105982,0.432167,0.698652,-0.114218,0.442956,0.714983,-0.114922,0.3237,0.605455,-0.073108,0.365945,0.733993,-0.108235,0.389429,0.772174,-0.10122,0.403751,0.769104,-0.092636,0.287586,0.655659,-0.085698,0.312929,0.747725,-0.106558,0.32322,0.778257,-0.099841,0.322327,0.772789,-0.091245
1009,33633,True,0.9988,0.9988,0.35048,0.808914,0.0,0.405555,0.785765,-0.031216,0.454141,0.748982,-0.05756,0.480727,0.715015,-0.083098,0.482399,0.680447,-0.107498,0.409818,0.598143,-0.060212,0.421991,0.526838,-0.098322,0.435716,0.47474,-0.120671,0.448007,0.424012,-0.136738,0.34716,0.585256,-0.065706,0.375021,0.674048,-0.108841,0.394152,0.738244,-0.117416,0.405545,0.752848,-0.118503,0.29533,0.620836,-0.073812,0.335832,0.754631,-0.111724,0.361129,0.794947,-0.103572,0.375706,0.788809,-0.09388,0.257336,0.674082,-0.085876,0.283961,0.770471,-0.110836,0.304149,0.806297,-0.104012,0.31312,0.801381,-0.09449
1010,33666,True,0.9983,0.9983,0.342512,0.836208,0.0,0.397635,0.806895,-0.028369,0.451581,0.758519,-0.054747,0.479872,0.725949,-0.081554,0.490041,0.707475,-0.107008,0.409645,0.625555,-0.059637,0.415442,0.566353,-0.102416,0.422164,0.524823,-0.126604,0.429967,0.476606,-0.143369,0.345379,0.610175,-0.066055,0.379265,0.715665,-0.115392,0.400698,0.774632,-0.124546,0.409825,0.773366,-0.124567,0.29229,0.64558,-0.07509,0.331413,0.785302,-0.116869,0.354459,0.826461,-0.106783,0.363683,0.813723,-0.094008,0.252741,0.698841,-0.087989,0.27853,0.801388,-0.115439,0.299393,0.833252,-0.10939,0.304472,0.821215,-0.099171
1011,33700,True,0.998,0.998,0.35182,0.845365,-0.0,0.407793,0.812063,-0.026413,0.464367,0.761411,-0.051503,0.49435,0.738433,-0.078015,0.504298,0.749329,-0.102767,0.427721,0.633105,-0.052344,0.433678,0.612331,-0.096767,0.44376,0.590868,-0.123781,0.457047,0.556733,-0.141866,0.357815,0.620938,-0.06041,0.403505,0.761737,-0.110954,0.424176,0.813939,-0.122815,0.427702,0.79923,-0.125137,0.302731,0.660371,-0.07186,0.353966,0.81673,-0.115503,0.379955,0.851221,-0.109157,0.386247,0.826157,-0.098099,0.262057,0.714283,-0.087146,0.296579,0.822636,-0.11471,0.316906,0.851254,-0.111032,0.318867,0.834648,-0.102574
1012,33733,True,0.997,0.997,0.352511,0.843572,0.0,0.413912,0.798837,-0.020311,0.471194,0.755362,-0.045357,0.509153,0.754201,-0.074148,0.528421,0.787546,-0.103265,0.439372,0.639636,-0.046101,0.465592,0.632552,-0.086514,0.497767,0.620195,-0.115296,0.532684,0.600333,-0.135309,0.376355,0.642927,-0.057063,0.440336,0.793559,-0.100487,0.457299,0.836384,-0.114345,0.454118,0.823608,-0.120938,0.326162,0.691812,-0.070637,0.389772,0.840391,-0.108002,0.412515,0.869132,-0.104634,0.412509,0.848611,-0.097235,0.287537,0.747476,-0.087671,0.334486,0.851179,-0.110517,0.352671,0.874578,-0.106328,0.351,0.861572,-0.098655
1013,33766,True,0.9979,0.9979,0.3707,0.853091,0.0,0.432173,0.80544,-0.014102,0.490737,0.766757,-0.036694,0.531536,0.770949,-0.063867,0.557567,0.812065,-0.092651,0.472245,0.652929,-0.041524,0.51475,0.645421,-0.080091,0.553362,0.634426,-0.108709,0.590822,0.617776,-0.129313,0.41108,0.655511,-0.056371,0.480801,0.798658,-0.098014,0.494412,0.849278,-0.112058,0.489208,0.848444,-0.11903,0.358663,0.703567,-0.072961,0.427911,0.853479,-0.107933,0.443062,0.882031,-0.104764,0.437257,0.866253,-0.098022,0.316754,0.760542,-0.092379,0.371299,0.863532,-0.112386,0.388676,0.88739,-0.105542,0.384989,0.877728,-0.096765
1014,33800,True,0.9991,0.9991,0.381356,0.865441,0.0,0.441817,0.81776,-0.012278,0.501339,0.777201,-0.035586,0.545868,0.773992,-0.063116,0.574008,0.809075,-0.092701,0.482154,0.658861,-0.046503,0.533316,0.644561,-0.087375,0.578171,0.63367,-0.116727,0.620493,0.616657,-0.137388,0.426101,0.657265,-0.062383,0.497394,0.798277,-0.106313,0.499515,0.856836,-0.119165,0.48647,0.859578,-0.124789,0.376498,0.703668,-0.079492,0.446791,0.857679,-0.119066,0.454321,0.887277,-0.116059,0.446277,0.868934,-0.10865,0.335772,0.764306,-0.098523,0.391774,0.866201,-0.120871,0.405471,0.892125,-0.11322,0.399233,0.882934,-0.103453
1015,33833,True,0.9994,0.9994,0.389285,0.855755,0.0,0.4463,0.817711,-0.015123,0.501834,0.783105,-0.04148,0.543782,0.775983,-0.071577,0.573921,0.789539,-0.102898,0.482199,0.657879,-0.052766,0.533361,0.635047,-0.097484,0.579212,0.614873,-0.128052,0.619114,0.589613,-0.14862,0.425827,0.652289,-0.066705,0.497887,0.795474,-0.1127,0.501738,0.851193,-0.123395,0.488498,0.845852,-0.127767,0.376955,0.695566,-0.082306,0.44797,0.845075,-0.123926,0.454908,0.87391,-0.11702,0.444216,0.851656,-0.107305,0.337481,0.752605,-0.099975,0.391793,0.850986,-0.12493,0.405637,0.878093,-0.115674,0.397952,0.869647,-0.104303
1016,33866,True,0.9994,0.9994,0.38389,0.846715,0.0,0.443452,0.81291,-0.020034,0.499456,0.778569,-0.049133,0.541045,0.762131,-0.081947,0.55885,0.770364,-0.115594,0.478349,0.641569,-0.051193,0.523813,0.611427,-0.096763,0.567196,0.584764,-0.124521,0.605217,0.555818,-0.142289,0.420349,0.637042,-0.064652,0.489955,0.765845,-0.11492,0.491628,0.830071,-0.124517,0.479092,0.825423,-0.125289,0.371264,0.678933,-0.080843,0.439561,0.823417,-0.127746,0.449738,0.862391,-0.120112,0.444978,0.843685,-0.107607,0.332348,0.736738,-0.099428,0.382279,0.832516,-0.126905,0.396074,0.865106,-0.117493,0.390761,0.856205,-0.104881
1017,33900,True,0.9995,0.9995,0.37606,0.82788,0.0,0.436976,0.798057,-0.022448,0.490796,0.7618,-0.052459,0.530016,0.741006,-0.085808,0.541578,0.738766,-0.119532,0.465987,0.620778,-0.049453,0.505291,0.58321,-0.092518,0.546047,0.553428,-0.119018,0.583146,0.525793,-0.136568,0.409526,0.620662,-0.062776,0.47534,0.740336,-0.113115,0.485369,0.805227,-0.124161,0.480419,0.809309,-0.126223,0.35987,0.664375,-0.0791,0.427581,0.801552,-0.124992,0.438677,0.840436,-0.117773,0.433759,0.824934,-0.106405,0.321321,0.723901,-0.09823,0.374469,0.817985,-0.125523,0.38894,0.849517,-0.117042,0.381822,0.839416,-0.105828
1018,33933,True,0.9994,0.9994,0.370621,0.825074,0.0,0.427966,0.786992,-0.019363,0.474726,0.746954,-0.047715,0.50782,0.72822,-0.079601,0.523573,0.725327,-0.111566,0.448981,0.61519,-0.04982,0.486283,0.570209,-0.091908,0.521882,0.533893,-0.117189,0.554223,0.498527,-0.134461,0.391814,0.613939,-0.063795,0.456252,0.722283,-0.111933,0.474331,0.788606,-0.121113,0.477128,0.792161,-0.122986,0.343573,0.656591,-0.080033,0.41204,0.78128,-0.123074,0.428138,0.823959,-0.112172,0.425186,0.811359,-0.099655,0.306633,0.714033,-0.099139,0.357307,0.801447,-0.125437,0.375204,0.836826,-0.114903,0.370389,0.831348,-0.102597
1019,33966,True,0.9992,0.9992,0.364763,0.814021,0.0,0.420207,0.783295,-0.019334,0.469271,0.749469,-0.046886,0.500955,0.726903,-0.07771,0.507497,0.714816,-0.108708,0.440283,0.61137,-0.05025,0.473989,0.560991,-0.091938,0.505244,0.521065,-0.11773,0.533568,0.480408,-0.135254,0.383058,0.608191,-0.062925,0.445333,0.712297,-0.108986,0.463006,0.774892,-0.11863,0.464086,0.779049,-0.12158,0.335345,0.649597,-0.077801,0.400167,0.768656,-0.119484,0.417461,0.809016,-0.111091,0.415564,0.79951,-0.100979,0.299826,0.705915,-0.095256,0.347511,0.789556,-0.120903,0.366501,0.824843,-0.112162,0.363848,0.823338,-0.101675
1020,34000,True,0.9993,0.9993,0.36499,0.814156,0.0,0.416553,0.780103,-0.019713,0.463503,0.744267,-0.048401,0.495461,0.719998,-0.080793,0.506191,0.714352,-0.11347,0.435534,0.611084,-0.051635,0.466367,0.560094,-0.094727,0.496904,0.518539,-0.121399,0.523246,0.4764,-0.139113,0.377134,0.60765,-0.064107,0.443471,0.714402,-0.110389,0.458022,0.774074,-0.119657,0.453249,0.773833,-0.121874,0.330966,0.65038,-0.078866,0.397343,0.775092,-0.121927,0.414549,0.810751,-0.114647,0.409651,0.796293,-0.104474,0.296114,0.70671,-0.096096,0.345168,0.794456,-0.122053,0.364469,0.828826,-0.113229,0.35968,0.827126,-0.102391
1021,34033,True,0.9991,0.9991,0.370146,0.814072,0.0,0.420938,0.778808,-0.020313,0.468472,0.740541,-0.047914,0.499479,0.716977,-0.079254,0.510536,0.716006,-0.111007,0.436162,0.61375,-0.051645,0.465043,0.562097,-0.093829,0.493673,0.52008,-0.120121,0.518681,0.475148,-0.137839,0.375607,0.609713,-0.063272,0.439365,0.723897,-0.109393,0.452325,0.776928,-0.11979,0.446082,0.768029,-0.122648,0.329016,0.652455,-0.077148,0.394849,0.783493,-0.120211,0.414,0.814883,-0.114819,0.410557,0.795476,-0.105591,0.293869,0.708013,-0.093577,0.340081,0.799246,-0.119911,0.359811,0.831131,-0.11272,0.356821,0.827581,-0.10266
1022,34066,True,0.9989,0.9989,0.367906,0.822756,0.0,0.419202,0.785719,-0.018629,0.467313,0.747328,-0.045778,0.499177,0.721417,-0.076987,0.511308,0.717895,-0.108596,0.434671,0.618787,-0.048302,0.464414,0.566214,-0.088973,0.493368,0.525636,-0.114016,0.520509,0.483696,-0.130931,0.375158,0.61427,-0.060582,0.439947,0.723395,-0.104828,0.453963,0.781476,-0.114535,0.448979,0.779925,-0.117276,0.329267,0.656102,-0.075049,0.394893,0.783613,-0.115969,0.413607,0.818455,-0.110382,0.411295,0.803832,-0.101592,0.294524,0.711578,-0.091954,0.338814,0.800169,-0.11632,0.359236,0.831914,-0.109136,0.358659,0.829165,-0.099534
1023,34100,True,0.9987,0.9987,0.369923,0.82961,0.0,0.422158,0.789387,-0.017835,0.470676,0.74738,-0.043854,0.503621,0.723215,-0.074206,0.514618,0.727977,-0.105156,0.436067,0.624933,-0.047359,0.466708,0.573527,-0.0859,0.496866,0.535038,-0.109723,0.525005,0.495828,-0.125961,0.375775,0.620563,-0.059219,0.44139,0.734164,-0.101513,0.451849,0.787354,-0.111195,0.443366,0.782378,-0.114187,0.329839,0.662424,-0.072998,0.398583,0.794315,-0.111339,0.414638,0.826881,-0.106124,0.409099,0.811494,-0.097734,0.295346,0.717762,-0.089345,0.341607,0.806564,-0.112135,0.358923,0.833114,-0.105741,0.354479,0.827653,-0.096697
1024,34133,True,0.9982,0.9982,0.367308,0.837327,0.0,0.419858,0.794152,-0.018456,0.468882,0.749022,-0.045386,0.503781,0.725921,-0.07681,0.515795,0.736322,-0.108709,0.435681,0.628795,-0.046159,0.467754,0.580668,-0.086806,0.500037,0.543496,-0.111273,0.530132,0.50588,-0.127401,0.375249,0.626971,-0.058479,0.443299,0.741252,-0.102032,0.452574,0.79936,-0.11007,0.442318,0.79348,-0.111155,0.329142,0.670859,-0.073314,0.400628,0.802971,-0.114149,0.415776,0.834917,-0.107612,0.408926,0.813914,-0.097502,0.294898,0.727232,-0.090719,0.344038,0.816764,-0.114938,0.361747,0.844252,-0.107219,0.357146,0.836893,-0.09671
1025,34166,True,0.9986,0.9986,0.365448,0.845005,0.0,0.417976,0.801296,-0.017939,0.466891,0.755571,-0.044115,0.502184,0.733325,-0.074998,0.516582,0.743988,-0.106468,0.434719,0.636826,-0.045505,0.466656,0.590076,-0.08631,0.499678,0.552875,-0.111214,0.529533,0.513975,-0.12746,0.372956,0.635645,-0.057995,0.443599,0.751053,-0.101244,0.453774,0.806524,-0.109305,0.442616,0.798292,-0.110164,0.326854,0.681183,-0.072939,0.398513,0.813161,-0.113906,0.41513,0.844904,-0.106951,0.406844,0.82472,-0.09606,0.292713,0.737172,-0.090426,0.342335,0.828088,-0.114481,0.361165,0.856389,-0.105828,0.355938,0.850182,-0.094339
1026,34200,True,0.9981,0.9981,0.365011,0.850797,0.0,0.418618,0.806767,-0.016496,0.468579,0.759997,-0.040489,0.503879,0.74026,-0.069238,0.518295,0.751763,-0.098927,0.435684,0.645535,-0.044881,0.467795,0.59748,-0.083752,0.500085,0.559861,-0.108377,0.528944,0.519301,-0.125111,0.373178,0.643255,-0.057503,0.441918,0.76211,-0.099089,0.45352,0.811642,-0.108716,0.44329,0.800926,-0.111616,0.326341,0.689013,-0.072191,0.395381,0.823139,-0.111521,0.413774,0.851729,-0.106629,0.407274,0.830324,-0.097925,0.291478,0.744604,-0.089297,0.33944,0.837336,-0.113106,0.359453,0.864331,-0.105991,0.356544,0.857331,-0.096021
1027,34233,True,0.9983,0.9983,0.357457,0.865421,0.0,0.412994,0.819566,-0.015954,0.464109,0.76893,-0.039753,0.499773,0.747704,-0.0684,0.517239,0.760872,-0.09789,0.429886,0.656541,-0.04328,0.464014,0.608638,-0.082704,0.497619,0.571177,-0.107179,0.527815,0.531373,-0.123307,0.368929,0.654209,-0.056113,0.442816,0.771593,-0.096697,0.451722,0.821903,-0.104931,0.438613,0.809695,-0.106673,0.322746,0.700028,-0.071173,0.395582,0.831673,-0.110235,0.412034,0.860137,-0.104424,0.403746,0.8372,-0.094873,0.288328,0.756174,-0.088585,0.338044,0.845634,-0.11145,0.35819,0.871871,-0.102947,0.356049,0.865399,-0.091921
1028,34266,True,0.9983,0.9983,0.354003,0.870894,0.0,0.409354,0.823221,-0.014438,0.462585,0.771307,-0.036412,0.499609,0.750686,-0.06314,0.516021,0.77175,-0.090875,0.426935,0.665879,-0.042911,0.460202,0.617534,-0.079771,0.49478,0.581501,-0.104247,0.524352,0.543405,-0.121355,0.365144,0.664228,-0.055779,0.438671,0.784262,-0.09328,0.449412,0.827334,-0.102118,0.435948,0.814401,-0.105814,0.318879,0.711277,-0.070393,0.392119,0.844081,-0.10473,0.409311,0.866235,-0.098834,0.399798,0.842026,-0.090905,0.285129,0.767711,-0.087529,0.337536,0.857012,-0.107639,0.355677,0.879322,-0.099237,0.349596,0.871439,-0.089296
1029,34300,True,0.9982,0.9982,0.34849,0.872593,0.0,0.404221,0.825067,-0.015298,0.457757,0.773177,-0.036738,0.494915,0.756804,-0.062546,0.512439,0.78147,-0.089226,0.424533,0.668906,-0.043181,0.45683,0.62145,-0.079868,0.490942,0.586185,-0.104429,0.521417,0.54834,-0.121961,0.363979,0.66804,-0.056117,0.434383,0.788154,-0.09519,0.447013,0.828435,-0.106147,0.437537,0.816264,-0.111372,0.317365,0.71598,-0.070806,0.389363,0.852066,-0.105858,0.406981,0.872685,-0.102243,0.400216,0.847471,-0.095956,0.283352,0.773655,-0.088099,0.335263,0.86586,-0.108383,0.352758,0.88789,-0.101478,0.347392,0.878146,-0.09296
1030,34333,True,0.9986,0.9986,0.351769,0.876429,0.0,0.403424,0.832556,-0.017305,0.455773,0.77886,-0.039391,0.491955,0.760554,-0.065102,0.511525,0.786296,-0.091903,0.417892,0.672205,-0.046089,0.449358,0.626365,-0.082127,0.484376,0.592582,-0.106846,0.515781,0.556198,-0.12473,0.357458,0.672559,-0.05805,0.427713,0.793717,-0.096611,0.44255,0.834674,-0.107635,0.435378,0.825269,-0.113018,0.311501,0.720962,-0.071715,0.383128,0.857528,-0.106322,0.403062,0.878598,-0.102956,0.398306,0.85585,-0.097041,0.277527,0.778807,-0.088172,0.329678,0.870745,-0.108702,0.348887,0.895434,-0.101959,0.345724,0.88879,-0.093594
1031,34366,True,0.9985,0.9985,0.343919,0.888797,0.0,0.399673,0.839576,-0.015017,0.454199,0.7795,-0.034681,0.489594,0.759502,-0.058725,0.50608,0.787103,-0.083579,0.413374,0.677391,-0.037243,0.443509,0.633011,-0.071354,0.476619,0.600987,-0.094343,0.507461,0.565457,-0.111122,0.351465,0.678306,-0.050298,0.424975,0.791782,-0.088082,0.43955,0.837048,-0.099961,0.430946,0.82767,-0.105511,0.305831,0.727364,-0.06517,0.380519,0.858767,-0.09963,0.40002,0.884977,-0.09713,0.393193,0.862422,-0.091442,0.272416,0.786057,-0.082559,0.324289,0.876307,-0.102482,0.342244,0.901886,-0.096055,0.335812,0.893225,-0.087867
1032,34400,True,0.9988,0.9988,0.336793,0.890515,0.0,0.391083,0.84111,-0.013391,0.444783,0.785576,-0.034801,0.479464,0.763109,-0.06085,0.495815,0.788565,-0.087762,0.406159,0.677207,-0.037863,0.429045,0.62809,-0.071582,0.460708,0.599749,-0.093492,0.491156,0.570285,-0.109313,0.345392,0.678536,-0.051557,0.418879,0.784092,-0.087788,0.437284,0.837206,-0.097736,0.43156,0.837549,-0.102439,0.29931,0.726242,-0.066743,0.373171,0.851598,-0.098292,0.394122,0.882289,-0.09417,0.387855,0.867899,-0.088563,0.265491,0.785624,-0.084334,0.320281,0.875337,-0.101202,0.339501,0.901826,-0.093661,0.332387,0.896214,-0.085632
1033,34433,True,0.9986,0.9986,0.327671,0.889837,0.0,0.382871,0.842183,-0.015378,0.436359,0.789972,-0.038139,0.470622,0.766256,-0.065083,0.489545,0.77883,-0.092565,0.394119,0.681471,-0.042711,0.41181,0.62995,-0.07934,0.441415,0.6013,-0.102695,0.470333,0.571428,-0.118621,0.334861,0.683117,-0.055498,0.407683,0.786237,-0.093408,0.426693,0.834667,-0.102947,0.422162,0.829201,-0.106831,0.290461,0.729872,-0.070098,0.36447,0.854262,-0.103584,0.386211,0.883103,-0.098036,0.381452,0.867003,-0.090608,0.257147,0.787701,-0.087235,0.310753,0.875239,-0.10574,0.331193,0.902502,-0.09701,0.326731,0.898917,-0.087286
1034,34466,True,0.9986,0.9986,0.323368,0.885582,0.0,0.382711,0.833838,-0.016017,0.438049,0.772565,-0.038551,0.472592,0.746166,-0.065491,0.475239,0.769866,-0.092734,0.383358,0.669155,-0.039335,0.395428,0.620091,-0.074732,0.419721,0.587649,-0.094874,0.444109,0.555447,-0.108191,0.323111,0.674752,-0.052099,0.393731,0.783253,-0.091848,0.413188,0.834141,-0.09877,0.410213,0.823967,-0.098679,0.278295,0.722837,-0.067223,0.353913,0.850384,-0.102766,0.378228,0.881013,-0.095247,0.376923,0.860506,-0.085008,0.24675,0.781476,-0.085074,0.300284,0.869876,-0.104925,0.31926,0.896608,-0.096124,0.31457,0.888476,-0.085403
1035,34500,True,0.9986,0.9986,0.319432,0.876287,0.0,0.381526,0.829038,-0.018892,0.437689,0.768328,-0.042064,0.465136,0.735455,-0.068222,0.458178,0.751067,-0.094573,0.378608,0.6634,-0.046775,0.381659,0.606263,-0.08558,0.398175,0.573531,-0.105891,0.417406,0.539317,-0.118377,0.317184,0.666724,-0.059376,0.37927,0.756461,-0.104914,0.405572,0.81607,-0.112552,0.410554,0.817149,-0.110686,0.269226,0.712915,-0.074142,0.337867,0.829915,-0.117048,0.370611,0.871458,-0.109782,0.380714,0.861053,-0.09659,0.235706,0.770912,-0.091262,0.278233,0.846597,-0.115753,0.302733,0.880359,-0.106857,0.309118,0.879789,-0.09429
1036,34533,True,0.9979,0.9979,0.317658,0.870512,0.0,0.376435,0.82731,-0.021236,0.428832,0.766869,-0.044208,0.455025,0.729029,-0.068965,0.451236,0.734779,-0.093037,0.371351,0.649482,-0.047326,0.368896,0.590492,-0.084681,0.380228,0.552191,-0.104441,0.394944,0.514187,-0.116846,0.311943,0.65053,-0.057553,0.365954,0.738595,-0.102124,0.393669,0.794526,-0.109787,0.402277,0.798015,-0.107908,0.265208,0.695476,-0.070049,0.328334,0.816459,-0.1121,0.362953,0.856563,-0.105597,0.376756,0.849751,-0.092856,0.232138,0.754125,-0.085114,0.271897,0.831915,-0.109649,0.296562,0.864622,-0.10186,0.304058,0.864503,-0.089967
1037,34566,True,0.9987,0.9987,0.325581,0.848029,0.0,0.381257,0.805804,-0.023738,0.429532,0.749155,-0.049257,0.455154,0.709589,-0.076502,0.447007,0.712187,-0.103783,0.369682,0.628084,-0.052837,0.363812,0.563292,-0.092216,0.370215,0.517365,-0.114218,0.379739,0.47242,-0.128448,0.310134,0.631548,-0.062657,0.360892,0.711106,-0.110735,0.391396,0.766911,-0.120075,0.403456,0.776574,-0.119161,0.262947,0.677869,-0.074738,0.324874,0.791,-0.117273,0.359134,0.828681,-0.110807,0.374434,0.824937,-0.098479,0.229761,0.738146,-0.089852,0.270275,0.814644,-0.113762,0.295102,0.844735,-0.106359,0.302095,0.844334,-0.095304
1038,34600,True,0.9986,0.9986,0.332479,0.823636,0.0,0.38663,0.784324,-0.025573,0.432235,0.734028,-0.053259,0.456998,0.69817,-0.082625,0.450583,0.68399,-0.111535,0.370591,0.605074,-0.05601,0.363849,0.531083,-0.09757,0.368562,0.481054,-0.119911,0.375442,0.430129,-0.134047,0.310698,0.60986,-0.064953,0.363604,0.682821,-0.116257,0.395644,0.743599,-0.126158,0.406038,0.751299,-0.12509,0.265235,0.656754,-0.076162,0.32915,0.764393,-0.121305,0.362374,0.805604,-0.112852,0.372392,0.800001,-0.098704,0.234027,0.716281,-0.09042,0.272147,0.788188,-0.116436,0.298837,0.819263,-0.107688,0.304502,0.818552,-0.095006
1039,34633,True,0.9985,0.9985,0.341502,0.798612,0.0,0.394241,0.764831,-0.02973,0.440587,0.716525,-0.060542,0.467716,0.680168,-0.092909,0.460644,0.66134,-0.124342,0.383278,0.579296,-0.05877,0.379439,0.501656,-0.101982,0.383193,0.447923,-0.124998,0.389735,0.395968,-0.139703,0.320552,0.583165,-0.066631,0.371975,0.659128,-0.118644,0.402561,0.718182,-0.126945,0.415267,0.720131,-0.124915,0.273344,0.629306,-0.077694,0.34022,0.741895,-0.122868,0.371376,0.781137,-0.11226,0.382068,0.772733,-0.097603,0.240626,0.689789,-0.09271,0.282876,0.767895,-0.11977,0.312005,0.800457,-0.111012,0.322178,0.797731,-0.098513
1040,34666,True,0.9986,0.9986,0.357999,0.783727,0.0,0.412603,0.751999,-0.026866,0.458291,0.70677,-0.054072,0.483743,0.673013,-0.082829,0.477629,0.648068,-0.11135,0.403984,0.565269,-0.058511,0.402405,0.476824,-0.10025,0.408424,0.418667,-0.124403,0.415597,0.36254,-0.140262,0.341994,0.56576,-0.066288,0.38904,0.628925,-0.117446,0.41914,0.695001,-0.128639,0.433513,0.716042,-0.1288,0.29392,0.607835,-0.076138,0.356528,0.713813,-0.118972,0.385851,0.758706,-0.111615,0.397501,0.761866,-0.09959,0.259833,0.665795,-0.089395,0.304275,0.740906,-0.113461,0.331737,0.776269,-0.104947,0.340274,0.778165,-0.09312
1041,34700,True,0.9984,0.9984,0.375286,0.775357,0.0,0.430588,0.743075,-0.024644,0.477107,0.704328,-0.054963,0.502284,0.674173,-0.088077,0.502043,0.652635,-0.120842,0.431333,0.554274,-0.056215,0.434791,0.465183,-0.099189,0.445242,0.403499,-0.123106,0.455968,0.347262,-0.138877,0.369438,0.551316,-0.06625,0.422982,0.619339,-0.114572,0.44483,0.696347,-0.120806,0.447768,0.713739,-0.118484,0.321617,0.59225,-0.078869,0.383828,0.697997,-0.11986,0.405129,0.746848,-0.107713,0.40679,0.745164,-0.093843,0.285488,0.649561,-0.09488,0.325258,0.726042,-0.117482,0.348031,0.76227,-0.10592,0.350793,0.760182,-0.092748
1042,34733,True,0.9984,0.9984,0.393255,0.782444,0.0,0.455066,0.748223,-0.02724,0.508475,0.70595,-0.063129,0.537413,0.674606,-0.103087,0.536198,0.660396,-0.142485,0.463981,0.553466,-0.058679,0.477787,0.472368,-0.11153,0.496371,0.411972,-0.139471,0.514474,0.357268,-0.156168,0.400755,0.550765,-0.070381,0.467902,0.638025,-0.126242,0.484015,0.725436,-0.130101,0.478138,0.732508,-0.124329,0.352126,0.593896,-0.086112,0.42403,0.706403,-0.136493,0.438683,0.760801,-0.119056,0.431307,0.749694,-0.099137,0.314575,0.653696,-0.105428,0.361059,0.73232,-0.13449,0.380688,0.77173,-0.119468,0.376078,0.767973,-0.10189
1043,34766,True,0.9985,0.9985,0.408978,0.799326,0.0,0.476003,0.760905,-0.023178,0.538175,0.72249,-0.057045,0.572265,0.702828,-0.094446,0.57937,0.71762,-0.132498,0.507577,0.578642,-0.066363,0.540402,0.506113,-0.118165,0.570264,0.453975,-0.147394,0.597577,0.407183,-0.16575,0.441367,0.569952,-0.080203,0.499991,0.680426,-0.139026,0.525908,0.764751,-0.145724,0.532604,0.790358,-0.141524,0.386014,0.611507,-0.096523,0.451987,0.745712,-0.14571,0.474154,0.795881,-0.129946,0.476339,0.793758,-0.110336,0.344799,0.670431,-0.11622,0.387357,0.758157,-0.144789,0.403922,0.793846,-0.131633,0.400739,0.792254,-0.114604
1044,34800,True,0.9979,0.9979,0.403622,0.828202,-0.0,0.477944,0.799615,-0.019126,0.547203,0.774893,-0.050139,0.590029,0.763367,-0.085951,0.597607,0.769027,-0.123584,0.530139,0.632479,-0.062465,0.578149,0.589589,-0.111539,0.619784,0.561966,-0.142719,0.657213,0.532431,-0.163772,0.469088,0.619284,-0.078553,0.536372,0.76325,-0.131943,0.52956,0.828623,-0.143946,0.51076,0.832025,-0.147967,0.414569,0.660264,-0.096588,0.479643,0.811175,-0.145794,0.481331,0.851767,-0.138392,0.470813,0.839619,-0.126868,0.369678,0.71648,-0.117053,0.416504,0.814015,-0.147587,0.421907,0.843574,-0.138788,0.41066,0.834574,-0.12686
1045,34833,True,0.9913,0.9913,0.401466,0.861927,0.0,0.475688,0.82206,-0.01152,0.546996,0.787804,-0.033649,0.592897,0.808233,-0.060552,0.607825,0.861712,-0.088306,0.537843,0.671888,-0.044356,0.608774,0.685757,-0.087198,0.662576,0.696649,-0.118291,0.713107,0.70612,-0.139904,0.482736,0.669998,-0.061057,0.541581,0.848918,-0.104685,0.519631,0.889871,-0.114909,0.499872,0.876106,-0.120061,0.425584,0.713502,-0.079699,0.486447,0.890705,-0.113816,0.465766,0.895001,-0.105156,0.451107,0.857324,-0.095751,0.374882,0.769123,-0.101516,0.424677,0.887853,-0.123018,0.413641,0.888331,-0.11523,0.396342,0.857497,-0.105218
1046,34866,True,0.981,0.981,0.405977,0.877237,0.0,0.472781,0.858958,-0.025379,0.535598,0.857807,-0.057837,0.575936,0.902878,-0.094087,0.588735,0.953411,-0.131613,0.540119,0.72693,-0.054625,0.604157,0.799944,-0.110913,0.652844,0.845043,-0.15232,0.695175,0.890951,-0.175584,0.479624,0.731567,-0.065393,0.526708,0.935251,-0.102391,0.496165,0.946997,-0.107093,0.481135,0.911064,-0.110157,0.418391,0.77612,-0.081116,0.466537,0.961607,-0.108446,0.440806,0.945931,-0.08911,0.428159,0.906362,-0.07302,0.362017,0.827972,-0.102736,0.401804,0.954287,-0.120157,0.388687,0.939934,-0.103556,0.374062,0.907833,-0.086075
1047,34900,True,0.9967,0.9967,0.377216,0.937198,0.0,0.445161,0.919504,-0.027422,0.508209,0.921125,-0.059058,0.55449,0.956005,-0.092086,0.589823,0.999419,-0.126726,0.519728,0.794093,-0.07017,0.557412,0.930788,-0.128367,0.573845,1.037162,-0.166467,0.588089,1.107744,-0.186876,0.450649,0.796702,-0.081795,0.481074,0.991797,-0.134705,0.493647,1.107304,-0.150372,0.504962,1.168428,-0.1573,0.383941,0.829109,-0.096114,0.416759,1.005713,-0.144664,0.438668,1.09719,-0.143713,0.452553,1.148945,-0.135139,0.32493,0.877565,-0.113199,0.356718,1.00335,-0.142707,0.377144,1.075491,-0.134857,0.390483,1.122326,-0.122577
1048,34933,True,0.9676,0.9676,0.341631,0.946374,0.0,0.40665,0.939876,-0.033467,0.464361,0.948689,-0.069413,0.502481,0.983247,-0.10394,0.523161,1.025653,-0.141831,0.467038,0.830454,-0.082742,0.473246,0.959593,-0.137127,0.479452,1.044217,-0.175543,0.486796,1.090831,-0.199939,0.399093,0.835871,-0.093976,0.416914,1.010241,-0.142704,0.420754,1.100299,-0.160272,0.423991,1.138769,-0.172697,0.332682,0.865444,-0.106795,0.35222,1.026732,-0.149612,0.356341,1.094131,-0.147152,0.359265,1.118908,-0.14287,0.274162,0.908258,-0.123026,0.284414,1.030228,-0.150875,0.289351,1.086147,-0.142614,0.296151,1.112424,-0.134028
1049,34966,True,0.9953,0.9953,0.297604,0.925532,0.0,0.36716,0.913911,-0.030527,0.429689,0.937348,-0.069751,0.465533,0.994483,-0.109265,0.477365,1.064694,-0.152507,0.429538,0.839345,-0.083684,0.466351,0.983528,-0.142678,0.480108,1.079713,-0.184117,0.483703,1.136425,-0.209936,0.35543,0.8524,-0.098695,0.402988,1.029579,-0.150773,0.415987,1.120954,-0.169442,0.420423,1.151592,-0.183318,0.285681,0.886847,-0.115742,0.333588,1.055424,-0.158535,0.353525,1.116577,-0.154144,0.362957,1.124452,-0.149239,0.228017,0.930323,-0.13615,0.261927,1.053503,-0.16068,0.28076,1.102477,-0.149102,0.292466,1.11325,-0.140014
1050,35000,False,0.0,0.0,0.0,0.0,0.0,0.0,0.0,0.0,0.0,0.0,0.0,0.0,0.0,0.0,0.0,0.0,0.0,0.0,0.0,0.0,0.0,0.0,0.0,0.0,0.0,0.0,0.0,0.0,0.0,0.0,0.0,0.0,0.0,0.0,0.0,0.0,0.0,0.0,0.0,0.0,0.0,0.0,0.0,0.0,0.0,0.0,0.0,0.0,0.0,0.0,0.0,0.0,0.0,0.0,0.0,0.0,0.0,0.0,0.0,0.0,0.0,0.0,0.0,0.0,0.0
1051,35033,True,0.9308,0.9308,0.279585,0.91259,-0.0,0.353201,0.917698,-0.059383,0.422612,0.914288,-0.122267,0.456772,0.9374,-0.172282,0.440934,0.974897,-0.225228,0.369107,0.795224,-0.200203,0.377917,0.848416,-0.285621,0.367171,0.907937,-0.340353,0.359572,0.9512,-0.371462,0.299482,0.791888,-0.192278,0.30111,0.951685,-0.257157,0.305511,0.971458,-0.26717,0.311293,0.943571,-0.27549,0.238986,0.828277,-0.181583,0.241527,0.99449,-0.238394,0.251214,0.990119,-0.226033,0.256892,0.938666,-0.212506,0.194003,0.883845,-0.17265,0.200748,1.01461,-0.211575,0.206538,1.013497,-0.199709,0.210536,0.970572,-0.189187
1052,35066,True,0.9933,0.9933,0.285426,0.888316,0.0,0.360205,0.877335,-0.036075,0.423003,0.860842,-0.064535,0.446304,0.895862,-0.090337,0.423302,0.939785,-0.11382,0.352049,0.742539,-0.079726,0.348648,0.800809,-0.130523,0.339042,0.818121,-0.164057,0.322649,0.840128,-0.181458,0.278894,0.744562,-0.079978,0.29716,0.955577,-0.117263,0.319671,0.954394,-0.120314,0.32485,0.935377,-0.120706,0.219074,0.781898,-0.083634,0.24081,0.986546,-0.10614,0.26517,0.963041,-0.083238,0.278856,0.921426,-0.064433,0.174842,0.831043,-0.094957,0.196156,0.97755,-0.118941,0.211456,0.961308,-0.110216,0.218714,0.917357,-0.096032
1053,35100,True,0.9963,0.9963,0.291395,0.943214,-0.0,0.358112,0.904099,-0.023989,0.42342,0.839312,-0.043438,0.457634,0.826134,-0.063747,0.446473,0.859401,-0.082079,0.365093,0.724656,-0.045466,0.373351,0.731963,-0.080935,0.366441,0.7231,-0.103159,0.356063,0.717215,-0.117213,0.297083,0.709909,-0.049732,0.3214,0.87819,-0.079056,0.344813,0.907554,-0.081324,0.354941,0.897453,-0.081813,0.240042,0.741876,-0.057238,0.267797,0.909414,-0.071913,0.281433,0.914705,-0.053615,0.283453,0.878169,-0.042123,0.193902,0.790028,-0.071076,0.215422,0.917417,-0.082491,0.233416,0.928408,-0.074139,0.237657,0.897721,-0.065197
1054,35133,True,0.996,0.996,0.315963,0.905439,0.0,0.390251,0.868474,-0.020164,0.454435,0.802912,-0.038014,0.488316,0.785705,-0.058051,0.481325,0.813443,-0.077273,0.407886,0.695355,-0.046774,0.40777,0.649666,-0.080204,0.414161,0.617414,-0.100926,0.427347,0.589549,-0.115022,0.339093,0.670247,-0.0541,0.366718,0.817883,-0.092893,0.394975,0.865337,-0.093716,0.413092,0.877226,-0.087454,0.278237,0.701213,-0.063975,0.311301,0.86349,-0.08651,0.328264,0.872215,-0.065438,0.336633,0.846108,-0.046857,0.229167,0.749618,-0.079483,0.255129,0.868416,-0.095903,0.274041,0.879688,-0.085721,0.281302,0.854466,-0.071904
1055,35166,True,0.998,0.998,0.342831,0.881881,0.0,0.409917,0.84634,-0.021833,0.470041,0.796416,-0.049863,0.501449,0.781235,-0.081531,0.523478,0.801267,-0.112786,0.440805,0.658546,-0.055064,0.461801,0.594569,-0.100644,0.491351,0.5613,-0.128148,0.523888,0.530781,-0.145938,0.376617,0.644945,-0.065548,0.421408,0.77143,-0.112371,0.437995,0.829087,-0.116945,0.44027,0.827681,-0.114414,0.319899,0.682453,-0.079072,0.370224,0.828552,-0.116138,0.383299,0.858721,-0.099097,0.380809,0.835171,-0.081751,0.27319,0.735359,-0.096805,0.310554,0.834218,-0.120215,0.326753,0.860866,-0.107654,0.324231,0.844525,-0.092024
1056,35200,True,0.9973,0.9973,0.364173,0.849918,0.0,0.43255,0.813637,-0.019842,0.495942,0.777045,-0.047048,0.538553,0.771491,-0.077983,0.576452,0.799661,-0.108804,0.478706,0.648956,-0.054518,0.523376,0.604368,-0.101813,0.566939,0.575988,-0.133477,0.607989,0.545843,-0.154157,0.416318,0.639081,-0.065757,0.47808,0.783896,-0.113014,0.491502,0.826521,-0.121161,0.485477,0.819133,-0.12178,0.361532,0.679847,-0.079804,0.423218,0.840787,-0.11444,0.429106,0.852181,-0.098848,0.416493,0.820164,-0.083033,0.31547,0.733066,-0.098224,0.362347,0.840036,-0.121124,0.371099,0.854239,-0.109752,0.358828,0.832411,-0.095086
1057,35233,True,0.9967,0.9967,0.383575,0.851874,0.0,0.450499,0.81102,-0.011502,0.516137,0.774467,-0.036765,0.56279,0.776938,-0.066666,0.594444,0.819137,-0.09843,0.507162,0.65476,-0.055324,0.572089,0.631361,-0.099861,0.624915,0.616751,-0.130771,0.671233,0.599484,-0.152634,0.447256,0.642927,-0.071739,0.511051,0.794123,-0.118774,0.519208,0.848229,-0.129092,0.50802,0.852115,-0.133394,0.390782,0.681982,-0.089203,0.452107,0.84634,-0.125732,0.459502,0.869244,-0.116318,0.448129,0.846936,-0.106317,0.343624,0.738275,-0.109319,0.395211,0.850606,-0.130512,0.405366,0.87265,-0.12057,0.392894,0.857872,-0.109607
1058,35266,True,0.9974,0.9974,0.390846,0.855039,0.0,0.455969,0.809435,-0.009789,0.52397,0.772375,-0.034174,0.571472,0.779491,-0.062752,0.599247,0.828939,-0.093617,0.508362,0.65942,-0.055934,0.579109,0.652578,-0.100599,0.634764,0.647985,-0.132434,0.685208,0.641041,-0.154595,0.45121,0.652446,-0.073152,0.515466,0.806332,-0.118866,0.520992,0.860951,-0.128541,0.511615,0.864184,-0.133095,0.39655,0.693651,-0.091099,0.45859,0.855481,-0.127513,0.467523,0.880312,-0.118621,0.461812,0.860595,-0.10898,0.352569,0.750863,-0.111359,0.406459,0.860943,-0.130686,0.418665,0.884992,-0.11957,0.411727,0.873907,-0.108195
1059,35300,True,0.9958,0.9958,0.394501,0.866053,0.0,0.453588,0.824184,-0.011566,0.518417,0.785412,-0.034546,0.563492,0.792637,-0.061342,0.593875,0.834444,-0.089463,0.500278,0.67047,-0.047968,0.571392,0.674137,-0.091341,0.629712,0.669866,-0.123838,0.681215,0.666309,-0.146404,0.443596,0.659279,-0.062087,0.500002,0.816274,-0.103811,0.507336,0.861127,-0.114489,0.502908,0.855628,-0.120791,0.390207,0.696352,-0.077725,0.444251,0.866179,-0.108962,0.447385,0.878886,-0.100041,0.439521,0.845068,-0.09198,0.345071,0.749266,-0.096399,0.389,0.868396,-0.115164,0.395729,0.882056,-0.106636,0.386511,0.856789,-0.097371
1060,35333,True,0.9922,0.9922,0.375231,0.86082,0.0,0.435495,0.827843,-0.015961,0.499387,0.799079,-0.0382,0.547401,0.806209,-0.063346,0.580916,0.831057,-0.089762,0.485159,0.679567,-0.046171,0.546301,0.692582,-0.084584,0.600403,0.697822,-0.115435,0.64998,0.704085,-0.13749,0.429208,0.673057,-0.056789,0.473424,0.841225,-0.095096,0.480464,0.877735,-0.108136,0.477307,0.874035,-0.117102,0.374301,0.711385,-0.069171,0.413544,0.877197,-0.095267,0.412585,0.879998,-0.087567,0.404252,0.848066,-0.081816,0.325606,0.760541,-0.085272,0.354599,0.875148,-0.1025,0.359252,0.878414,-0.096033,0.35367,0.848182,-0.088615
1061,35366,True,0.9854,0.9854,0.350754,0.890727,0.0,0.425648,0.86188,-0.032729,0.490687,0.820586,-0.058544,0.536054,0.799212,-0.083031,0.577325,0.794904,-0.106151,0.452134,0.691106,-0.055061,0.492483,0.744433,-0.098119,0.533493,0.785127,-0.130423,0.570205,0.813638,-0.151494,0.391436,0.695922,-0.057934,0.429795,0.868076,-0.097449,0.434585,0.901596,-0.111185,0.431342,0.880869,-0.120264,0.335066,0.735406,-0.064502,0.376379,0.901998,-0.095942,0.375915,0.911035,-0.088603,0.370823,0.872419,-0.081764,0.287702,0.783354,-0.07587,0.3202,0.900152,-0.100233,0.328519,0.91126,-0.094831,0.326652,0.880822,-0.086094
1062,35400,True,0.9972,0.9972,0.348556,0.89531,0.0,0.416875,0.866047,-0.031846,0.473405,0.837315,-0.062297,0.501988,0.851776,-0.091725,0.494085,0.898493,-0.118104,0.432467,0.704876,-0.066799,0.429975,0.786657,-0.114688,0.450719,0.833818,-0.142394,0.47366,0.859248,-0.157591,0.360992,0.710628,-0.071516,0.380134,0.916794,-0.109766,0.391279,0.935724,-0.113847,0.392845,0.895381,-0.115248,0.298889,0.750052,-0.079604,0.32733,0.944357,-0.10533,0.339559,0.938636,-0.086338,0.343281,0.884829,-0.071281,0.248442,0.799333,-0.093833,0.274072,0.941803,-0.114734,0.294051,0.938325,-0.104874,0.303199,0.891018,-0.09169
1063,35433,True,0.9917,0.9917,0.317616,0.859624,-0.0,0.38001,0.853663,-0.042084,0.440362,0.859315,-0.07623,0.472652,0.899831,-0.103758,0.460277,0.949517,-0.129798,0.388931,0.743414,-0.096979,0.392631,0.906565,-0.142128,0.399434,0.923298,-0.168322,0.404601,0.901785,-0.185847,0.318693,0.756039,-0.09501,0.325262,0.956705,-0.125399,0.334814,0.935561,-0.129544,0.334406,0.878123,-0.138133,0.258006,0.788674,-0.09411,0.272434,0.970309,-0.115081,0.284232,0.941755,-0.098719,0.285845,0.877071,-0.090102,0.210181,0.830551,-0.099775,0.225756,0.959082,-0.122216,0.239194,0.93371,-0.117586,0.241453,0.874335,-0.112511
1064,35466,True,0.9948,0.9948,0.302823,0.852475,-0.0,0.366596,0.858256,-0.04727,0.426623,0.872353,-0.087483,0.45658,0.909994,-0.121042,0.435108,0.958665,-0.153356,0.366351,0.757573,-0.105916,0.36043,0.935355,-0.160933,0.36256,0.989414,-0.193656,0.359193,0.989699,-0.212428,0.293931,0.772787,-0.102993,0.301099,0.980092,-0.140806,0.319787,0.993904,-0.145168,0.326306,0.962098,-0.152202,0.234107,0.800062,-0.102224,0.246355,0.989966,-0.12873,0.268347,0.988898,-0.113771,0.278545,0.944085,-0.105187,0.188469,0.834166,-0.108222,0.1956,0.968482,-0.125346,0.214308,0.972483,-0.11534,0.225098,0.940839,-0.10771
1065,35500,True,0.9944,0.9944,0.291963,0.829298,0.0,0.357238,0.847364,-0.053596,0.422202,0.873647,-0.099438,0.454784,0.914586,-0.13608,0.439355,0.965503,-0.171692,0.346413,0.778112,-0.12658,0.34696,0.965288,-0.179276,0.351422,0.98084,-0.210015,0.345526,0.952285,-0.229843,0.27275,0.79615,-0.121437,0.291469,1.004061,-0.159434,0.312908,0.990556,-0.164104,0.317211,0.9385,-0.173802,0.214698,0.824091,-0.117004,0.241037,1.014376,-0.141845,0.266314,0.997578,-0.125124,0.273607,0.943143,-0.11798,0.173704,0.861,-0.120223,0.195536,0.999406,-0.137492,0.215357,0.99231,-0.128354,0.221814,0.951877,-0.123577
1066,35533,True,0.9819,0.9819,0.305883,0.845845,-0.0,0.368042,0.857449,-0.062609,0.422377,0.863075,-0.109031,0.446651,0.905772,-0.144764,0.452246,0.966983,-0.174991,0.349531,0.775302,-0.124501,0.349924,0.93052,-0.173641,0.354138,0.963998,-0.191333,0.354758,0.959304,-0.19898,0.280507,0.785938,-0.111716,0.290485,0.972952,-0.152407,0.309025,0.972118,-0.15338,0.316139,0.935713,-0.15543,0.227655,0.807681,-0.100748,0.239914,0.978599,-0.128317,0.256654,0.971033,-0.11684,0.257817,0.930174,-0.110322,0.188208,0.840602,-0.097112,0.193103,0.962886,-0.115137,0.205254,0.966369,-0.111314,0.20552,0.936953,-0.108047
1067,35566,True,0.9875,0.9875,0.31137,0.858299,-0.0,0.370749,0.845754,-0.045248,0.418702,0.841349,-0.082197,0.44651,0.885542,-0.112057,0.452584,0.946911,-0.138528,0.363756,0.755971,-0.107157,0.366894,0.887163,-0.15507,0.363632,0.925508,-0.177731,0.355601,0.951218,-0.18737,0.293533,0.766841,-0.100699,0.303836,0.945668,-0.131419,0.313462,0.928627,-0.129468,0.318858,0.897974,-0.129873,0.238008,0.797854,-0.095547,0.251761,0.964573,-0.111075,0.261063,0.938913,-0.091472,0.262255,0.894826,-0.079308,0.197098,0.841596,-0.097622,0.203349,0.959478,-0.108759,0.214294,0.943135,-0.09829,0.217791,0.901974,-0.089195
1068,35600,True,0.9947,0.9947,0.316054,0.869595,-0.0,0.37688,0.854191,-0.038906,0.430606,0.838708,-0.069852,0.460198,0.872409,-0.096358,0.462906,0.924622,-0.119571,0.363889,0.735503,-0.081575,0.37495,0.872805,-0.123476,0.381567,0.905737,-0.14438,0.379082,0.903237,-0.155837,0.299183,0.75023,-0.079123,0.320264,0.933661,-0.107816,0.34078,0.926315,-0.107161,0.347929,0.886972,-0.108735,0.246292,0.784301,-0.079142,0.269381,0.954764,-0.096137,0.290972,0.940185,-0.077695,0.295887,0.892116,-0.065929,0.204325,0.82775,-0.086003,0.221192,0.948306,-0.097834,0.238486,0.940149,-0.088116,0.242164,0.899909,-0.079626
1069,35633,True,0.9953,0.9953,0.323598,0.903574,-0.0,0.38477,0.874545,-0.033689,0.438378,0.836666,-0.058365,0.470261,0.855557,-0.080329,0.471921,0.901531,-0.09772,0.374007,0.715237,-0.060346,0.394443,0.827346,-0.101112,0.405492,0.877514,-0.120127,0.40887,0.887466,-0.129742,0.30864,0.728962,-0.060493,0.341222,0.907837,-0.091116,0.359157,0.922101,-0.092522,0.362801,0.889147,-0.09346,0.254791,0.7673,-0.064557,0.291556,0.939722,-0.08571,0.311003,0.939449,-0.073303,0.312293,0.891003,-0.063992,0.211609,0.81344,-0.07446,0.240106,0.93287,-0.090525,0.255945,0.938888,-0.085595,0.254935,0.902682,-0.078985
1070,35666,True,0.9933,0.9933,0.330804,0.87724,-0.0,0.391695,0.856598,-0.034707,0.45036,0.819805,-0.060916,0.487194,0.832209,-0.086401,0.476516,0.879005,-0.10882,0.388959,0.69934,-0.064972,0.408038,0.775147,-0.115984,0.425679,0.821042,-0.142343,0.438776,0.844763,-0.153768,0.319995,0.708455,-0.06611,0.35964,0.888409,-0.103593,0.383812,0.914685,-0.105961,0.393615,0.892161,-0.105903,0.264665,0.749787,-0.072268,0.308771,0.923243,-0.097859,0.32878,0.932471,-0.084602,0.333131,0.894801,-0.07323,0.220692,0.798285,-0.084773,0.255397,0.917649,-0.102363,0.273465,0.929374,-0.096926,0.275221,0.902963,-0.089043
1071,35700,True,0.9936,0.9936,0.337154,0.874472,-0.0,0.400766,0.85434,-0.042725,0.45636,0.818023,-0.07604,0.493102,0.831278,-0.108881,0.491411,0.865532,-0.138176,0.404317,0.689733,-0.072821,0.426557,0.738557,-0.138697,0.453834,0.797293,-0.177397,0.475966,0.841669,-0.194563,0.334079,0.697698,-0.073534,0.373364,0.86356,-0.127582,0.401165,0.908693,-0.137781,0.414951,0.904803,-0.139283,0.276949,0.741584,-0.081142,0.319962,0.907584,-0.120027,0.341197,0.930623,-0.110094,0.347493,0.903062,-0.097346,0.23193,0.793208,-0.09562,0.262026,0.910468,-0.119787,0.281276,0.929607,-0.11548,0.28542,0.906042,-0.106494
1072,35733,True,0.9955,0.9955,0.332453,0.875512,-0.0,0.397712,0.856434,-0.042485,0.455519,0.825723,-0.077317,0.497707,0.831743,-0.111494,0.512798,0.849145,-0.142468,0.409389,0.677776,-0.076215,0.433126,0.728679,-0.142065,0.462409,0.781547,-0.181734,0.487783,0.8204,-0.200324,0.342428,0.688624,-0.077936,0.384844,0.853742,-0.131507,0.410483,0.893214,-0.142394,0.423065,0.888027,-0.145126,0.285947,0.735694,-0.086112,0.330955,0.899088,-0.126215,0.352752,0.921896,-0.115296,0.36208,0.900452,-0.10142,0.240553,0.791251,-0.100952,0.268275,0.899408,-0.126798,0.286067,0.916522,-0.121562,0.291944,0.897165,-0.111094
1073,35766,True,0.9953,0.9953,0.322437,0.892063,-0.0,0.393658,0.864721,-0.041495,0.452049,0.828367,-0.073913,0.490746,0.824557,-0.10532,0.512882,0.835423,-0.133249,0.414316,0.673465,-0.064736,0.439341,0.732902,-0.124984,0.469931,0.78428,-0.161955,0.497841,0.813915,-0.180416,0.347597,0.683514,-0.066809,0.390406,0.844087,-0.116572,0.410606,0.884061,-0.128217,0.417458,0.871711,-0.131416,0.28905,0.728993,-0.075344,0.335373,0.891444,-0.11718,0.359467,0.919576,-0.108295,0.370672,0.895977,-0.094629,0.242585,0.782585,-0.089871,0.273308,0.892175,-0.116099,0.292057,0.915914,-0.109575,0.298764,0.89884,-0.097466
1074,35800,True,0.9957,0.9957,0.311905,0.875181,0.0,0.385013,0.838303,-0.0359,0.444859,0.803392,-0.067028,0.490107,0.807574,-0.097597,0.52335,0.82947,-0.125355,0.411678,0.665153,-0.064122,0.442218,0.742274,-0.120998,0.48156,0.79862,-0.157649,0.517118,0.833723,-0.177261,0.347457,0.68376,-0.068883,0.395758,0.850897,-0.115402,0.416487,0.882065,-0.127491,0.42133,0.866294,-0.133062,0.290162,0.734772,-0.078872,0.342096,0.894487,-0.116022,0.363165,0.913642,-0.106576,0.367992,0.886862,-0.094663,0.245834,0.791492,-0.09443,0.282037,0.903321,-0.118013,0.298579,0.918204,-0.110719,0.299749,0.896275,-0.099363
1075,35833,True,0.9969,0.9969,0.314032,0.889627,0.0,0.39082,0.853864,-0.033814,0.449395,0.81691,-0.064344,0.48557,0.807811,-0.094473,0.507025,0.821529,-0.122612,0.412946,0.670766,-0.059014,0.433751,0.719878,-0.111115,0.471186,0.759795,-0.146103,0.50728,0.789298,-0.16649,0.346092,0.685735,-0.065138,0.39057,0.84047,-0.1135,0.416204,0.881788,-0.126835,0.426087,0.875442,-0.132098,0.287579,0.73639,-0.076067,0.341464,0.893507,-0.116867,0.369921,0.918104,-0.10957,0.38093,0.896089,-0.098179,0.243558,0.796177,-0.091861,0.288093,0.906773,-0.117517,0.310641,0.926148,-0.110841,0.31649,0.908074,-0.099726
1076,35866,True,0.9957,0.9957,0.320488,0.883999,0.0,0.395565,0.852018,-0.03481,0.455617,0.817456,-0.065034,0.490866,0.807668,-0.094712,0.506462,0.819263,-0.122404,0.416824,0.672865,-0.059734,0.435857,0.724747,-0.111536,0.471588,0.762737,-0.145555,0.507197,0.7899,-0.164973,0.349559,0.686949,-0.064823,0.396293,0.847955,-0.112161,0.418968,0.888042,-0.124785,0.425972,0.878649,-0.129862,0.291771,0.737807,-0.074826,0.345002,0.896122,-0.11533,0.372772,0.9192,-0.108743,0.383577,0.897227,-0.098074,0.248169,0.797371,-0.089688,0.291467,0.907289,-0.11563,0.31223,0.925354,-0.11022,0.316499,0.907607,-0.10019
1077,35900,True,0.9954,0.9954,0.317763,0.883803,0.0,0.393553,0.849545,-0.034147,0.454265,0.814324,-0.064889,0.492859,0.812366,-0.095345,0.515688,0.830996,-0.124016,0.418088,0.670725,-0.061143,0.437011,0.716398,-0.115423,0.474577,0.755168,-0.151373,0.511037,0.783266,-0.171721,0.351963,0.685905,-0.066534,0.400712,0.844997,-0.116185,0.425247,0.886971,-0.12857,0.432071,0.881461,-0.132718,0.295139,0.738479,-0.077016,0.349957,0.89633,-0.11852,0.377027,0.918778,-0.111074,0.384946,0.897388,-0.099119,0.252016,0.799286,-0.092431,0.296518,0.909824,-0.119432,0.316233,0.926059,-0.114397,0.318195,0.906422,-0.104017
1078,35933,True,0.9955,0.9955,0.319507,0.894066,0.0,0.396866,0.8598,-0.032915,0.456586,0.824705,-0.062573,0.494411,0.818749,-0.092303,0.524415,0.828611,-0.120317,0.417285,0.675268,-0.054816,0.440004,0.720461,-0.107828,0.479066,0.761245,-0.144216,0.516898,0.789313,-0.165658,0.353406,0.692086,-0.060972,0.403871,0.843229,-0.110235,0.426611,0.891925,-0.125782,0.433352,0.88784,-0.133251,0.298188,0.743793,-0.072244,0.353082,0.896955,-0.115439,0.380708,0.926076,-0.113204,0.390972,0.907262,-0.105623,0.255877,0.8045,-0.087869,0.301059,0.91191,-0.114568,0.322292,0.934512,-0.111015,0.326117,0.919275,-0.103011
1079,35966,True,0.9949,0.9949,0.319821,0.891512,0.0,0.397463,0.85488,-0.029404,0.459095,0.820242,-0.057411,0.502507,0.822296,-0.086197,0.538805,0.839197,-0.113591,0.419523,0.680844,-0.053159,0.443292,0.72083,-0.105443,0.481726,0.758114,-0.141735,0.519608,0.785521,-0.16302,0.355963,0.694208,-0.060342,0.408708,0.848736,-0.107938,0.428614,0.893429,-0.121857,0.432231,0.888344,-0.128003,0.301374,0.744957,-0.072342,0.35798,0.900162,-0.113422,0.382516,0.925761,-0.108565,0.389762,0.906091,-0.098956,0.259443,0.805038,-0.088666,0.304296,0.912405,-0.114499,0.321565,0.931736,-0.109585,0.322097,0.914856,-0.10013
1080,36000,True,0.997,0.997,0.320706,0.899521,0.0,0.398781,0.8629,-0.025303,0.459358,0.829785,-0.052708,0.49808,0.827025,-0.08189,0.523493,0.841023,-0.110139,0.417462,0.679033,-0.048806,0.44518,0.70998,-0.098467,0.483664,0.75306,-0.132899,0.520182,0.786717,-0.152796,0.356461,0.695101,-0.058465,0.412411,0.835021,-0.103712,0.434514,0.892185,-0.117983,0.440605,0.901493,-0.124513,0.302693,0.745661,-0.072276,0.362882,0.89116,-0.111219,0.389981,0.928783,-0.108481,0.399909,0.923412,-0.10086,0.261478,0.807035,-0.089788,0.307848,0.908291,-0.111477,0.326624,0.93306,-0.105698,0.328876,0.923842,-0.096745
1081,36033,True,0.9947,0.9947,0.324594,0.898464,0.0,0.403422,0.861191,-0.029214,0.465131,0.827398,-0.057281,0.503497,0.825086,-0.08626,0.528605,0.842037,-0.113789,0.423195,0.681589,-0.050004,0.45105,0.718069,-0.099879,0.488579,0.761503,-0.134105,0.524238,0.793691,-0.154145,0.360427,0.696502,-0.057407,0.412205,0.84329,-0.1032,0.432593,0.895625,-0.118463,0.437905,0.896685,-0.126188,0.305956,0.747237,-0.069421,0.363181,0.898636,-0.109395,0.389684,0.932233,-0.108282,0.399682,0.919548,-0.10205,0.26438,0.807984,-0.085394,0.309019,0.911691,-0.108656,0.327495,0.935026,-0.104667,0.32958,0.922312,-0.097088
1082,36066,True,0.9953,0.9953,0.323374,0.902494,0.0,0.403008,0.864695,-0.027046,0.463528,0.831214,-0.054417,0.498823,0.826968,-0.083039,0.516735,0.842461,-0.110362,0.423649,0.681875,-0.049102,0.452096,0.716975,-0.099052,0.49043,0.762347,-0.132502,0.526416,0.795229,-0.151693,0.361587,0.698549,-0.057437,0.414844,0.8396,-0.102614,0.436217,0.896045,-0.116023,0.441765,0.901844,-0.122246,0.306786,0.749883,-0.070263,0.36652,0.899153,-0.109142,0.391126,0.933585,-0.106689,0.398508,0.921886,-0.099678,0.264969,0.811505,-0.086913,0.31257,0.91682,-0.10897,0.330308,0.938993,-0.104474,0.330102,0.924376,-0.096727
1083,36100,True,0.9956,0.9956,0.328636,0.900245,0.0,0.403822,0.861425,-0.026544,0.463878,0.825717,-0.053979,0.502427,0.827082,-0.082763,0.525288,0.852432,-0.109966,0.424696,0.687761,-0.04921,0.452004,0.716307,-0.100688,0.48999,0.760143,-0.134868,0.525311,0.792984,-0.154374,0.362635,0.701603,-0.05814,0.417181,0.85108,-0.105884,0.436026,0.903126,-0.118891,0.438075,0.900228,-0.123877,0.307986,0.7534,-0.071836,0.368878,0.908621,-0.11331,0.393208,0.937616,-0.109205,0.400126,0.918888,-0.099849,0.266581,0.815522,-0.089355,0.315939,0.921393,-0.114243,0.335011,0.942659,-0.1088,0.335987,0.927687,-0.099115
1084,36133,True,0.9939,0.9939,0.326962,0.89691,0.0,0.402221,0.855172,-0.024148,0.460512,0.820093,-0.04964,0.503083,0.825203,-0.077013,0.537325,0.849265,-0.103096,0.423463,0.68528,-0.045277,0.457307,0.720902,-0.095189,0.496866,0.769748,-0.12853,0.53238,0.806624,-0.147033,0.364111,0.704423,-0.054189,0.419693,0.847425,-0.098879,0.441563,0.902465,-0.112035,0.447787,0.906827,-0.117991,0.311024,0.756149,-0.067528,0.373622,0.904936,-0.104599,0.395982,0.935022,-0.10144,0.401483,0.919892,-0.094138,0.269849,0.817109,-0.084648,0.317279,0.919584,-0.105647,0.333042,0.937647,-0.100503,0.331157,0.919377,-0.092209
1085,36166,True,0.9946,0.9946,0.327147,0.900993,0.0,0.405648,0.852988,-0.021476,0.468466,0.812494,-0.045391,0.515021,0.816603,-0.072101,0.550209,0.846054,-0.0984,0.426594,0.689704,-0.040782,0.462196,0.722053,-0.087864,0.502455,0.76453,-0.119544,0.539705,0.794867,-0.138123,0.367668,0.708871,-0.051861,0.430961,0.847247,-0.096973,0.446888,0.906509,-0.111284,0.446108,0.909308,-0.117584,0.314954,0.761612,-0.06684,0.382591,0.90741,-0.106823,0.400401,0.942615,-0.10519,0.401619,0.928122,-0.097951,0.273605,0.822696,-0.084914,0.326536,0.92372,-0.107183,0.345355,0.949549,-0.101467,0.345393,0.938123,-0.09254
1086,36200,True,0.9949,0.9949,0.327081,0.90685,0.0,0.405577,0.853546,-0.016531,0.469747,0.814027,-0.039097,0.510052,0.822443,-0.065496,0.530988,0.867994,-0.092373,0.430949,0.692222,-0.036941,0.467673,0.719086,-0.080828,0.508914,0.755079,-0.111493,0.549601,0.783309,-0.130364,0.371799,0.709963,-0.049938,0.438286,0.847324,-0.092126,0.449233,0.897164,-0.106681,0.444048,0.891962,-0.113952,0.319319,0.760746,-0.066178,0.389289,0.908476,-0.103184,0.404308,0.936184,-0.104566,0.403606,0.913399,-0.100097,0.278271,0.82023,-0.085092,0.335679,0.925158,-0.105399,0.34876,0.94485,-0.10182,0.343877,0.927504,-0.095003
1087,36233,True,0.9981,0.9981,0.330635,0.901016,0.0,0.40863,0.847928,-0.015881,0.472178,0.800842,-0.038597,0.513699,0.80322,-0.065096,0.529253,0.849531,-0.092356,0.434873,0.673882,-0.032272,0.472478,0.69297,-0.075228,0.514747,0.718676,-0.106517,0.555954,0.734617,-0.126741,0.375251,0.688317,-0.046429,0.43987,0.810852,-0.091341,0.453789,0.873437,-0.107968,0.449728,0.874037,-0.115011,0.323373,0.737874,-0.063654,0.39208,0.873073,-0.104127,0.409457,0.912044,-0.106046,0.407146,0.893952,-0.100502,0.284427,0.798636,-0.083099,0.340603,0.89747,-0.104062,0.356244,0.924244,-0.099781,0.3516,0.91008,-0.092051
1088,36266,True,0.999,0.999,0.341084,0.877919,0.0,0.410909,0.828373,-0.013749,0.470824,0.779438,-0.034733,0.513647,0.773653,-0.059577,0.533276,0.80532,-0.086214,0.432213,0.647875,-0.031513,0.471129,0.652235,-0.069341,0.512893,0.66156,-0.096696,0.555344,0.663953,-0.115468,0.376155,0.659434,-0.047047,0.451091,0.76918,-0.092507,0.460297,0.834222,-0.109963,0.453413,0.843952,-0.116626,0.326241,0.707991,-0.064714,0.399412,0.832802,-0.10913,0.418638,0.877332,-0.113359,0.420606,0.870982,-0.107953,0.287228,0.769349,-0.083603,0.340584,0.852555,-0.108304,0.35645,0.883319,-0.104657,0.353879,0.878791,-0.096787
1089,36300,True,0.9995,0.9995,0.349059,0.850527,0.0,0.420837,0.802325,-0.013517,0.478642,0.753977,-0.03493,0.516205,0.735225,-0.060555,0.52143,0.745542,-0.087438,0.433266,0.612489,-0.029538,0.466193,0.58666,-0.06539,0.506655,0.582885,-0.090992,0.545887,0.579024,-0.107962,0.379505,0.622303,-0.044173,0.450191,0.720092,-0.085344,0.461686,0.788835,-0.100109,0.453803,0.802878,-0.105622,0.332486,0.670751,-0.061068,0.406873,0.782775,-0.099187,0.424093,0.826897,-0.099083,0.421051,0.820985,-0.092702,0.296326,0.732035,-0.079646,0.352385,0.805362,-0.099147,0.367079,0.834749,-0.092028,0.360141,0.8293,-0.08253
1090,36333,True,0.9997,0.9997,0.361626,0.815906,0.0,0.421838,0.78031,-0.013392,0.46732,0.737603,-0.037692,0.497236,0.713568,-0.065537,0.51272,0.691949,-0.094028,0.433494,0.587175,-0.038197,0.471943,0.54379,-0.079246,0.513109,0.521178,-0.106375,0.549708,0.50213,-0.123831,0.382757,0.589045,-0.053567,0.457216,0.657437,-0.097963,0.468288,0.736319,-0.108589,0.458506,0.757382,-0.110975,0.339423,0.630709,-0.070949,0.416241,0.724413,-0.111988,0.429132,0.777615,-0.104073,0.419489,0.778771,-0.092903,0.303892,0.691655,-0.089884,0.360709,0.754133,-0.113057,0.378334,0.791797,-0.101373,0.370893,0.792667,-0.088387
1091,36366,True,0.9997,0.9997,0.378595,0.792072,0.0,0.435283,0.759916,-0.019476,0.480358,0.714969,-0.047061,0.507305,0.677547,-0.076878,0.50654,0.642088,-0.107404,0.433816,0.562252,-0.047624,0.46789,0.502834,-0.091363,0.502053,0.464204,-0.119034,0.530632,0.429099,-0.136576,0.380152,0.559456,-0.061349,0.454993,0.605725,-0.108944,0.469241,0.69521,-0.118478,0.459148,0.721841,-0.118931,0.336096,0.599637,-0.077262,0.411273,0.672834,-0.122971,0.428563,0.736234,-0.113318,0.420706,0.744832,-0.099753,0.300977,0.661835,-0.094811,0.351082,0.706899,-0.12168,0.37649,0.748509,-0.109022,0.376408,0.756936,-0.094617
1092,36400,True,0.9997,0.9997,0.388538,0.772227,0.0,0.443645,0.736073,-0.019029,0.489502,0.688253,-0.047351,0.513801,0.648494,-0.078782,0.502016,0.614323,-0.110946,0.433257,0.529812,-0.044617,0.461551,0.46523,-0.088295,0.492412,0.417836,-0.116081,0.519634,0.378633,-0.13316,0.376642,0.529797,-0.057489,0.447188,0.57723,-0.107428,0.465384,0.66787,-0.117461,0.45711,0.700303,-0.1169,0.333128,0.571723,-0.072656,0.408446,0.63725,-0.119138,0.427661,0.702272,-0.109089,0.419673,0.718096,-0.09426,0.300395,0.635864,-0.0895,0.353154,0.673336,-0.11621,0.379755,0.715134,-0.103161,0.378585,0.726803,-0.087682
1093,36433,True,0.9994,0.9994,0.38296,0.770073,0.0,0.440728,0.72812,-0.021205,0.489777,0.678947,-0.051094,0.513987,0.636398,-0.083891,0.500434,0.608809,-0.116934,0.434658,0.520341,-0.04579,0.462572,0.449501,-0.091135,0.492289,0.395793,-0.119032,0.517157,0.352818,-0.135727,0.376005,0.520356,-0.057783,0.447715,0.56595,-0.110515,0.462368,0.659103,-0.120439,0.45181,0.690176,-0.118613,0.331268,0.56002,-0.072324,0.40905,0.627133,-0.122169,0.422177,0.693263,-0.11252,0.410294,0.706653,-0.096681,0.298054,0.619277,-0.088623,0.351637,0.657806,-0.117352,0.374188,0.700674,-0.104239,0.370113,0.709666,-0.087786
1094,36466,True,0.9987,0.9987,0.377698,0.78073,0.0,0.441304,0.740896,-0.027379,0.49306,0.693539,-0.06048,0.51979,0.657067,-0.096177,0.510306,0.630098,-0.13202,0.440774,0.529681,-0.048355,0.468231,0.464901,-0.094978,0.499565,0.416416,-0.125149,0.527413,0.378217,-0.144152,0.380125,0.528784,-0.059635,0.445826,0.589973,-0.112902,0.462494,0.683244,-0.125976,0.454851,0.710606,-0.126543,0.332498,0.570645,-0.074142,0.405458,0.658912,-0.122264,0.419555,0.722001,-0.113143,0.408491,0.727966,-0.098852,0.296972,0.632166,-0.091786,0.346602,0.687774,-0.120236,0.36996,0.730228,-0.107796,0.368016,0.736226,-0.092277
1095,36500,True,0.9985,0.9985,0.366239,0.80963,-0.0,0.429644,0.77709,-0.027638,0.483284,0.735491,-0.055311,0.514894,0.709665,-0.084319,0.513401,0.681762,-0.111671,0.444396,0.569129,-0.045131,0.469204,0.532718,-0.089303,0.500869,0.506374,-0.119839,0.534407,0.482894,-0.139858,0.384859,0.562367,-0.05371,0.434569,0.661237,-0.102516,0.449098,0.735958,-0.118006,0.450321,0.755614,-0.122604,0.334187,0.603711,-0.065814,0.391393,0.730702,-0.107398,0.403333,0.77756,-0.103292,0.399025,0.770689,-0.094554,0.29522,0.664825,-0.081588,0.337145,0.756665,-0.107065,0.351072,0.788319,-0.101584,0.345453,0.776635,-0.092319
1096,36533,True,0.9909,0.9909,0.352528,0.821265,-0.0,0.416306,0.781556,-0.022691,0.471434,0.74719,-0.048441,0.508364,0.750446,-0.077693,0.530103,0.782449,-0.106561,0.442675,0.605019,-0.036353,0.490673,0.646081,-0.083395,0.529916,0.674214,-0.117564,0.565932,0.701682,-0.136948,0.385937,0.61701,-0.045105,0.43932,0.779232,-0.085566,0.439392,0.820874,-0.100297,0.42825,0.814631,-0.107445,0.335522,0.666396,-0.058173,0.387704,0.826167,-0.090106,0.389501,0.846136,-0.087137,0.382285,0.816799,-0.080427,0.292407,0.722561,-0.075217,0.331162,0.83847,-0.093159,0.335897,0.855414,-0.087011,0.328897,0.830588,-0.07751
1097,36566,True,0.9755,0.9755,0.36283,0.833152,-0.0,0.431883,0.806299,-0.027651,0.485236,0.795567,-0.059142,0.516645,0.829348,-0.09294,0.5242,0.878628,-0.124548,0.46192,0.660345,-0.054296,0.509287,0.742687,-0.11602,0.540974,0.812788,-0.159175,0.564852,0.869606,-0.179888,0.398216,0.676959,-0.062345,0.446015,0.865478,-0.101746,0.4365,0.878303,-0.110224,0.421021,0.846907,-0.114594,0.342001,0.72848,-0.075886,0.394651,0.907345,-0.099343,0.388477,0.898605,-0.081052,0.376798,0.856109,-0.065828,0.29588,0.785679,-0.095835,0.333674,0.914083,-0.110867,0.335484,0.907607,-0.096026,0.326561,0.870772,-0.079232
1098,36600,True,0.9685,0.9685,0.368023,0.841817,0.0,0.440058,0.829892,-0.041567,0.495074,0.845496,-0.086849,0.524558,0.89756,-0.131488,0.537062,0.94871,-0.173692,0.47446,0.713693,-0.092945,0.521721,0.828814,-0.169524,0.559397,0.895533,-0.218299,0.589438,0.949833,-0.240324,0.404743,0.731902,-0.096636,0.458124,0.930867,-0.142802,0.446665,0.923093,-0.14276,0.430425,0.875039,-0.140633,0.345971,0.781944,-0.106228,0.403842,0.964187,-0.136249,0.39891,0.936931,-0.104717,0.389416,0.887808,-0.07828,0.296401,0.835871,-0.124143,0.342684,0.96774,-0.147919,0.346553,0.941551,-0.129998,0.338304,0.89471,-0.108156
1099,36633,True,0.9791,0.9791,0.357269,0.894481,0.0,0.433869,0.881574,-0.024936,0.50841,0.871951,-0.049622,0.563977,0.890931,-0.0758,0.610471,0.912038,-0.099805,0.475808,0.731765,-0.050864,0.527718,0.829149,-0.102481,0.565671,0.881677,-0.138723,0.59697,0.93066,-0.158506,0.414101,0.743458,-0.059275,0.471798,0.948312,-0.096297,0.451751,0.940407,-0.103067,0.433624,0.892186,-0.107882,0.357926,0.789973,-0.072453,0.414134,0.97817,-0.099219,0.402056,0.950121,-0.083012,0.394914,0.897906,-0.069739,0.306357,0.844751,-0.091369,0.354001,0.980157,-0.112701,0.351336,0.953657,-0.103525,0.342965,0.905114,-0.091273
1100,36666,True,0.9829,0.9829,0.354623,0.902606,0.0,0.432954,0.867574,-0.015087,0.501089,0.849934,-0.041323,0.542072,0.881701,-0.072396,0.550758,0.928318,-0.104627,0.479118,0.725846,-0.042539,0.543202,0.775603,-0.085982,0.591303,0.807037,-0.120615,0.630272,0.844694,-0.143919,0.421316,0.735745,-0.05823,0.490259,0.914872,-0.093103,0.466723,0.926971,-0.102798,0.443199,0.89463,-0.111496,0.365455,0.783155,-0.076799,0.437359,0.954648,-0.101067,0.417944,0.941814,-0.089577,0.401751,0.897729,-0.082393,0.316156,0.84119,-0.100111,0.378539,0.967004,-0.115952,0.368486,0.955832,-0.106241,0.348886,0.91985,-0.097248
1101,36700,True,0.994,0.994,0.371165,0.894354,0.0,0.446646,0.851021,-0.016496,0.510412,0.82505,-0.042212,0.551266,0.85364,-0.070417,0.565268,0.896441,-0.099642,0.488275,0.697524,-0.047999,0.546391,0.742572,-0.089294,0.595135,0.756551,-0.124239,0.641631,0.768712,-0.150167,0.433174,0.706183,-0.061866,0.494576,0.879693,-0.100125,0.467745,0.899171,-0.111384,0.446407,0.873226,-0.120818,0.380851,0.754991,-0.078121,0.44471,0.92418,-0.106401,0.421646,0.912856,-0.098214,0.404224,0.868918,-0.093332,0.333892,0.816024,-0.098585,0.389067,0.93385,-0.118807,0.375588,0.92548,-0.113556,0.354614,0.888891,-0.108411
1102,36733,True,0.9991,0.9991,0.377462,0.875119,0.0,0.445093,0.834866,-0.011181,0.5103,0.802404,-0.03544,0.55357,0.812546,-0.063103,0.574439,0.841195,-0.092655,0.487157,0.673997,-0.051167,0.549855,0.68369,-0.093547,0.599197,0.676579,-0.126775,0.644168,0.666303,-0.150546,0.431451,0.673981,-0.066351,0.502089,0.83419,-0.106117,0.491593,0.871257,-0.115448,0.475067,0.857773,-0.122063,0.379754,0.720668,-0.082713,0.454006,0.883361,-0.11413,0.446592,0.890829,-0.103747,0.433419,0.857738,-0.09559,0.335899,0.782813,-0.101894,0.3969,0.896488,-0.121351,0.399761,0.904593,-0.111549,0.388784,0.881965,-0.101903
1103,36766,True,0.9989,0.9989,0.380648,0.851789,0.0,0.44295,0.81471,-0.016035,0.499128,0.78154,-0.040776,0.538017,0.776351,-0.068134,0.559286,0.796968,-0.096178,0.4839,0.652207,-0.053119,0.535004,0.628494,-0.093259,0.575211,0.605018,-0.123025,0.611707,0.576394,-0.145274,0.426076,0.646182,-0.06647,0.486578,0.783967,-0.106961,0.490862,0.828028,-0.1184,0.484556,0.821204,-0.126278,0.373863,0.68831,-0.081202,0.440844,0.841944,-0.11543,0.449184,0.860482,-0.109529,0.444512,0.834743,-0.104272,0.331889,0.746373,-0.098792,0.387783,0.854367,-0.120326,0.398685,0.873616,-0.113275,0.391768,0.857342,-0.105822
1104,36800,True,0.999,0.999,0.380346,0.829739,1e-06,0.43796,0.809466,-0.02299,0.490071,0.777722,-0.049997,0.528241,0.757906,-0.078506,0.549958,0.745811,-0.107047,0.46714,0.63615,-0.057679,0.511038,0.582039,-0.099607,0.549451,0.544358,-0.126982,0.584898,0.510855,-0.145599,0.41023,0.624302,-0.068076,0.473043,0.721807,-0.114418,0.493898,0.775968,-0.126294,0.502471,0.792402,-0.130632,0.359872,0.658561,-0.080531,0.425505,0.797136,-0.121084,0.442971,0.835746,-0.115648,0.446838,0.833861,-0.107394,0.319692,0.713379,-0.095912,0.369893,0.810618,-0.119478,0.386969,0.845968,-0.111149,0.38719,0.846373,-0.101316
1105,36833,True,0.9989,0.9989,0.373037,0.820424,0.0,0.427073,0.799803,-0.020715,0.474399,0.765741,-0.045574,0.503042,0.741543,-0.072866,0.52012,0.73555,-0.099992,0.455911,0.614002,-0.046471,0.491066,0.551527,-0.080834,0.519658,0.506867,-0.102836,0.547791,0.467693,-0.119269,0.398157,0.603299,-0.057229,0.447931,0.698492,-0.097281,0.463743,0.748882,-0.110148,0.470713,0.756581,-0.116232,0.346992,0.640422,-0.069505,0.398613,0.772947,-0.103578,0.417838,0.809187,-0.100216,0.425861,0.803223,-0.095221,0.30695,0.697074,-0.084806,0.345945,0.793068,-0.104122,0.363531,0.826995,-0.097073,0.367205,0.82421,-0.089086
1106,36866,True,0.9983,0.9983,0.354227,0.825256,0.0,0.412167,0.803089,-0.023634,0.459441,0.768852,-0.048215,0.485894,0.743339,-0.07395,0.502662,0.715853,-0.09884,0.431676,0.610184,-0.052377,0.463238,0.543789,-0.088467,0.485495,0.493706,-0.111893,0.507508,0.447057,-0.12943,0.372884,0.597246,-0.061509,0.421702,0.68183,-0.101564,0.43906,0.726818,-0.114064,0.449463,0.734552,-0.120451,0.321149,0.634415,-0.072444,0.376578,0.76287,-0.105565,0.397924,0.796098,-0.100607,0.409214,0.791062,-0.09567,0.281021,0.692111,-0.086986,0.321333,0.787687,-0.107912,0.341361,0.82037,-0.101962,0.34947,0.817877,-0.095017
1107,36900,True,0.9961,0.9961,0.339942,0.838326,0.0,0.397441,0.80517,-0.021457,0.44585,0.765611,-0.043372,0.473508,0.743788,-0.067038,0.485733,0.731537,-0.089941,0.41416,0.614945,-0.045447,0.44001,0.557892,-0.078953,0.459386,0.51319,-0.102526,0.478489,0.468359,-0.120613,0.354533,0.605425,-0.054971,0.392398,0.710626,-0.094233,0.409762,0.746677,-0.109295,0.417979,0.747507,-0.117314,0.302671,0.645265,-0.066224,0.347395,0.78632,-0.097914,0.367334,0.811089,-0.096519,0.377447,0.798153,-0.093421,0.262456,0.703703,-0.081035,0.295922,0.804885,-0.101323,0.313233,0.832123,-0.097674,0.320276,0.822954,-0.091889
1108,36933,True,0.9959,0.9959,0.334926,0.856404,0.0,0.394278,0.81762,-0.021322,0.448986,0.764036,-0.041558,0.479753,0.741407,-0.062585,0.476371,0.750597,-0.083215,0.405494,0.645315,-0.050759,0.423636,0.596789,-0.083378,0.438055,0.562012,-0.10488,0.454912,0.524434,-0.121441,0.343684,0.632608,-0.059323,0.378764,0.749492,-0.099079,0.397884,0.787533,-0.110896,0.409036,0.787739,-0.115928,0.289412,0.669586,-0.069331,0.333504,0.817655,-0.099099,0.349906,0.838997,-0.094603,0.358365,0.820747,-0.089408,0.247979,0.724854,-0.083146,0.278777,0.829995,-0.10265,0.295144,0.85304,-0.099015,0.302218,0.83985,-0.093206
1109,36966,True,0.996,0.996,0.32407,0.856965,0.0,0.388017,0.820357,-0.021975,0.443091,0.773476,-0.043707,0.475937,0.76861,-0.066667,0.477491,0.792711,-0.088515,0.404754,0.656313,-0.04634,0.41123,0.652265,-0.084601,0.42569,0.637906,-0.111691,0.4471,0.625672,-0.130051,0.341131,0.648163,-0.055126,0.379514,0.796152,-0.097225,0.403089,0.823883,-0.110584,0.416212,0.814935,-0.115955,0.284689,0.687931,-0.066577,0.329389,0.850515,-0.097914,0.343985,0.863873,-0.091894,0.34945,0.833952,-0.083921,0.239447,0.743157,-0.082361,0.273101,0.859767,-0.103486,0.291008,0.875814,-0.099027,0.2984,0.852091,-0.091151
1110,37000,True,0.9933,0.9933,0.324919,0.849187,0.0,0.399333,0.817052,-0.023451,0.462889,0.785263,-0.047371,0.49693,0.801058,-0.072137,0.486067,0.842524,-0.09558,0.409018,0.664596,-0.054592,0.416595,0.683557,-0.097328,0.441287,0.691865,-0.127228,0.474093,0.703341,-0.145845,0.346747,0.668281,-0.061559,0.401632,0.845095,-0.099836,0.419366,0.860818,-0.107235,0.42499,0.843514,-0.109936,0.293284,0.715808,-0.071473,0.354831,0.889567,-0.097779,0.361056,0.878034,-0.08398,0.357778,0.836979,-0.071166,0.250948,0.773918,-0.086733,0.300885,0.899368,-0.109399,0.313007,0.893028,-0.104269,0.311508,0.857136,-0.094249
1111,37033,True,0.9934,0.9934,0.335993,0.864345,0.0,0.416597,0.833267,-0.024191,0.482272,0.806936,-0.050941,0.515039,0.826562,-0.078858,0.517414,0.8609,-0.106257,0.433402,0.671871,-0.054047,0.45762,0.707209,-0.101604,0.492704,0.708079,-0.136986,0.535832,0.7107,-0.15937,0.37395,0.678335,-0.061416,0.445259,0.862862,-0.100678,0.442087,0.881652,-0.106889,0.429144,0.855591,-0.109024,0.322518,0.72924,-0.072309,0.394987,0.906433,-0.10226,0.387331,0.891295,-0.085387,0.373516,0.842489,-0.069572,0.278841,0.791054,-0.088523,0.33723,0.915062,-0.114436,0.341011,0.901146,-0.106928,0.330285,0.858351,-0.094554
1112,37066,True,0.9878,0.9878,0.342783,0.885156,0.0,0.41902,0.840483,-0.013043,0.484082,0.801998,-0.034024,0.525806,0.811258,-0.058846,0.551342,0.837908,-0.083857,0.451739,0.677494,-0.033947,0.495619,0.701677,-0.073447,0.53648,0.706932,-0.105319,0.578693,0.714316,-0.126577,0.398365,0.685119,-0.046201,0.46766,0.848069,-0.081001,0.458373,0.876432,-0.090137,0.44241,0.859777,-0.094751,0.350218,0.732357,-0.061167,0.420499,0.891746,-0.087365,0.409571,0.887487,-0.07565,0.394876,0.849006,-0.06447,0.307682,0.790113,-0.080166,0.367971,0.903177,-0.098192,0.366415,0.902691,-0.089214,0.351828,0.873965,-0.077764
1113,37100,True,0.9947,0.9947,0.358892,0.879452,0.0,0.429452,0.839568,-0.011926,0.49173,0.805484,-0.033109,0.533362,0.811706,-0.057494,0.565537,0.831985,-0.08252,0.472459,0.676853,-0.036996,0.521097,0.705595,-0.076239,0.563184,0.711056,-0.10908,0.60563,0.715442,-0.132426,0.421312,0.680992,-0.050565,0.490642,0.842345,-0.086163,0.477279,0.870935,-0.097228,0.461903,0.850928,-0.105299,0.373168,0.726777,-0.066421,0.440375,0.884291,-0.093638,0.423192,0.881937,-0.084462,0.407602,0.843314,-0.077338,0.32937,0.785676,-0.085808,0.387652,0.894911,-0.104105,0.382652,0.894364,-0.096318,0.367948,0.865744,-0.087891
1114,37133,True,0.9965,0.9965,0.371369,0.877633,0.0,0.435284,0.838513,-0.011505,0.493005,0.804211,-0.033134,0.534814,0.811379,-0.057569,0.569264,0.8278,-0.08277,0.475115,0.677086,-0.041477,0.524162,0.704489,-0.082446,0.566371,0.706284,-0.11562,0.607753,0.709151,-0.138613,0.425831,0.679777,-0.054704,0.496377,0.846323,-0.090993,0.479077,0.873001,-0.099485,0.461142,0.854041,-0.105609,0.379492,0.725985,-0.070332,0.446369,0.885719,-0.099363,0.429316,0.881071,-0.089493,0.41533,0.844013,-0.081746,0.336995,0.787185,-0.089188,0.394395,0.896364,-0.109299,0.387768,0.893003,-0.102015,0.373261,0.863483,-0.094045
1115,37166,True,0.9943,0.9943,0.371012,0.873808,0.0,0.435953,0.832861,-0.0126,0.494235,0.796886,-0.033515,0.533782,0.809928,-0.056702,0.557546,0.840618,-0.079694,0.467285,0.674888,-0.038041,0.513746,0.702639,-0.077125,0.55428,0.707669,-0.10831,0.593417,0.715479,-0.129675,0.416778,0.678352,-0.049537,0.482693,0.845421,-0.084515,0.465832,0.865294,-0.093105,0.448222,0.839508,-0.098973,0.369953,0.724753,-0.063807,0.43544,0.88464,-0.091629,0.424267,0.877192,-0.083933,0.414859,0.838281,-0.077296,0.329216,0.784687,-0.081332,0.383821,0.896478,-0.101563,0.381528,0.89066,-0.097025,0.372006,0.858279,-0.090701
1116,37200,True,0.9833,0.9833,0.359957,0.871796,0.0,0.424217,0.831514,-0.016445,0.481508,0.801857,-0.03959,0.515148,0.819271,-0.065266,0.527223,0.858723,-0.091053,0.452448,0.682342,-0.03851,0.487077,0.70961,-0.079816,0.523317,0.708886,-0.113272,0.561621,0.711493,-0.135901,0.399621,0.685937,-0.048856,0.457793,0.852694,-0.082972,0.445284,0.863951,-0.091046,0.430935,0.831736,-0.096682,0.351828,0.733225,-0.062752,0.412818,0.893424,-0.088796,0.401801,0.878558,-0.078087,0.3931,0.833546,-0.069468,0.309599,0.793353,-0.080884,0.358314,0.909307,-0.101994,0.353081,0.895587,-0.097233,0.342755,0.856616,-0.090089
1117,37233,True,0.9843,0.9843,0.351969,0.88143,0.0,0.426776,0.855983,-0.026873,0.482587,0.829344,-0.051748,0.512489,0.835218,-0.077112,0.517852,0.850204,-0.100176,0.431724,0.694395,-0.044172,0.45416,0.717917,-0.083134,0.479253,0.723446,-0.110596,0.501675,0.737656,-0.126868,0.37539,0.701943,-0.048643,0.428451,0.875289,-0.082373,0.420988,0.877298,-0.0872,0.406444,0.839864,-0.087722,0.327407,0.749675,-0.057474,0.387314,0.91972,-0.083335,0.381295,0.899134,-0.067302,0.370458,0.852991,-0.052412,0.286358,0.808314,-0.071746,0.332983,0.928419,-0.096083,0.332871,0.914842,-0.089355,0.323873,0.874771,-0.077143
1118,37266,True,0.9967,0.9967,0.351225,0.880783,0.0,0.420609,0.868694,-0.028482,0.47971,0.852135,-0.054144,0.500448,0.856134,-0.078474,0.467792,0.873514,-0.099805,0.422546,0.714978,-0.059067,0.426012,0.774638,-0.097106,0.435246,0.795199,-0.119724,0.444683,0.805815,-0.132752,0.355709,0.726433,-0.063894,0.397925,0.918804,-0.093212,0.405216,0.910366,-0.095458,0.399812,0.861883,-0.096855,0.30195,0.775852,-0.071448,0.35577,0.956345,-0.090701,0.364306,0.927783,-0.069871,0.36198,0.871725,-0.054442,0.258401,0.835554,-0.084971,0.303617,0.968687,-0.106641,0.318233,0.94616,-0.0979,0.318602,0.893047,-0.085177
1119,37300,True,0.9946,0.9946,0.337308,0.897267,-0.0,0.405364,0.883886,-0.032369,0.467468,0.869062,-0.059487,0.48281,0.889322,-0.083701,0.450068,0.921302,-0.10444,0.406098,0.740833,-0.072521,0.418815,0.828721,-0.11243,0.421074,0.865607,-0.132554,0.418703,0.877827,-0.144247,0.336418,0.751658,-0.075065,0.378686,0.947104,-0.106677,0.393545,0.949583,-0.108559,0.394005,0.910564,-0.110627,0.282348,0.796992,-0.079708,0.333547,0.98299,-0.09997,0.34939,0.964128,-0.08097,0.351369,0.910608,-0.067869,0.239967,0.853796,-0.090487,0.283103,0.987691,-0.113578,0.297801,0.972784,-0.107813,0.296342,0.923584,-0.098346
1120,37333,True,0.9968,0.9968,0.326345,0.906942,-0.0,0.392936,0.892848,-0.032891,0.454447,0.882448,-0.062934,0.46892,0.905528,-0.090844,0.429014,0.94128,-0.115861,0.39264,0.742332,-0.07248,0.405287,0.840762,-0.113619,0.411198,0.882177,-0.133862,0.410914,0.883293,-0.146283,0.325051,0.759208,-0.076478,0.362519,0.947542,-0.108334,0.380013,0.957529,-0.111871,0.380523,0.909918,-0.115956,0.271309,0.805288,-0.082665,0.319421,0.985546,-0.103668,0.338831,0.97659,-0.086361,0.339295,0.919102,-0.075393,0.228439,0.861258,-0.094771,0.270796,0.995701,-0.114904,0.290555,0.99342,-0.107468,0.291179,0.950467,-0.098483
1121,37366,True,0.9938,0.9938,0.325814,0.894563,-0.0,0.392334,0.877195,-0.031577,0.453476,0.860082,-0.058794,0.474285,0.893206,-0.083328,0.440564,0.951379,-0.10493,0.38867,0.744442,-0.073923,0.401411,0.84922,-0.115532,0.409555,0.89322,-0.135652,0.412309,0.899667,-0.147175,0.321357,0.761155,-0.077113,0.365135,0.948964,-0.10745,0.380969,0.952975,-0.108352,0.37891,0.908586,-0.110465,0.268287,0.806247,-0.082528,0.322843,0.988102,-0.100911,0.339849,0.976605,-0.082044,0.339242,0.921064,-0.069772,0.227512,0.859754,-0.094082,0.273911,0.996779,-0.11232,0.290153,0.992879,-0.105139,0.287188,0.95034,-0.09657
1122,37400,True,0.9934,0.9934,0.328215,0.898984,-0.0,0.396289,0.880142,-0.033515,0.458452,0.862035,-0.061547,0.482812,0.886839,-0.0864,0.451021,0.932428,-0.107857,0.389839,0.738727,-0.07725,0.405227,0.842175,-0.120477,0.414214,0.865648,-0.1409,0.417921,0.864172,-0.151894,0.322675,0.757798,-0.079017,0.378168,0.945802,-0.110616,0.387614,0.936826,-0.108294,0.378573,0.889712,-0.106767,0.270739,0.805719,-0.083315,0.334066,0.985571,-0.103028,0.341901,0.960166,-0.078524,0.333232,0.89985,-0.060742,0.230206,0.863535,-0.094344,0.282601,0.996132,-0.118057,0.291339,0.977037,-0.111376,0.282012,0.925035,-0.100579
1123,37433,True,0.9875,0.9875,0.332489,0.896835,-0.0,0.398594,0.879953,-0.030521,0.459776,0.857947,-0.057265,0.48869,0.872591,-0.083102,0.459869,0.907575,-0.105365,0.397211,0.73164,-0.068061,0.411909,0.805803,-0.115978,0.423179,0.84871,-0.140828,0.433581,0.873745,-0.152643,0.329646,0.745262,-0.072266,0.387682,0.932732,-0.108812,0.399405,0.941264,-0.109113,0.395349,0.908735,-0.10746,0.277301,0.795581,-0.080132,0.342509,0.978249,-0.103276,0.351961,0.964643,-0.080646,0.345332,0.913836,-0.06295,0.236138,0.856176,-0.094521,0.288943,0.990833,-0.117355,0.299207,0.983424,-0.109447,0.290119,0.939566,-0.097295
1124,37466,True,0.9865,0.9865,0.337904,0.873257,-0.0,0.402077,0.858041,-0.034423,0.461035,0.848577,-0.065917,0.494992,0.864662,-0.095899,0.470789,0.89527,-0.122063,0.404509,0.719998,-0.081055,0.42111,0.801115,-0.132126,0.438744,0.84907,-0.156693,0.45479,0.876015,-0.167568,0.337364,0.737461,-0.084377,0.39297,0.925687,-0.122819,0.410194,0.937311,-0.119228,0.41292,0.909427,-0.114689,0.284921,0.78784,-0.091429,0.349115,0.969939,-0.116156,0.36319,0.954895,-0.090285,0.362586,0.906975,-0.069962,0.244622,0.846611,-0.105432,0.296318,0.979062,-0.128142,0.308279,0.969621,-0.118707,0.302786,0.928406,-0.105395
1125,37500,True,0.9861,0.9861,0.336185,0.871268,-0.0,0.405721,0.856085,-0.033093,0.467705,0.845358,-0.063545,0.499106,0.862572,-0.093031,0.472632,0.891113,-0.119001,0.408496,0.712979,-0.071236,0.424856,0.792939,-0.119197,0.442416,0.84231,-0.144314,0.459666,0.873094,-0.156425,0.343563,0.729813,-0.074489,0.395798,0.916721,-0.111534,0.411285,0.931531,-0.112067,0.414175,0.904758,-0.110955,0.291335,0.777979,-0.081482,0.352345,0.958913,-0.105533,0.362614,0.948391,-0.084607,0.358766,0.900858,-0.068313,0.249682,0.833856,-0.09498,0.299081,0.967316,-0.116555,0.310449,0.961316,-0.108656,0.303863,0.920183,-0.097286
1126,37533,True,0.9906,0.9906,0.337712,0.874058,-0.0,0.410229,0.856287,-0.03105,0.469681,0.841038,-0.061203,0.502097,0.861309,-0.090744,0.478734,0.893575,-0.116921,0.414297,0.711655,-0.070536,0.423551,0.762872,-0.119608,0.438828,0.792802,-0.146527,0.455659,0.825894,-0.158795,0.35046,0.727222,-0.074954,0.40112,0.911388,-0.113174,0.416027,0.919205,-0.112474,0.419323,0.895954,-0.10912,0.298403,0.776688,-0.083278,0.359859,0.956845,-0.106614,0.368806,0.939495,-0.081929,0.366366,0.894899,-0.061874,0.257624,0.835537,-0.098477,0.306882,0.967591,-0.120384,0.31658,0.955348,-0.110552,0.31124,0.912803,-0.096313
1127,37566,True,0.9917,0.9917,0.330718,0.882558,0.0,0.40624,0.861095,-0.028765,0.464481,0.842509,-0.057216,0.496502,0.858177,-0.085838,0.488265,0.883655,-0.112411,0.415163,0.709614,-0.0633,0.42862,0.758629,-0.109109,0.450529,0.77688,-0.137694,0.472658,0.796311,-0.153154,0.350785,0.724342,-0.068906,0.409202,0.907315,-0.105308,0.417479,0.910865,-0.108391,0.413179,0.882713,-0.108303,0.298089,0.775586,-0.078035,0.362767,0.953294,-0.101103,0.366441,0.932138,-0.079494,0.358528,0.883915,-0.061846,0.255244,0.834835,-0.093716,0.306694,0.967213,-0.116363,0.314725,0.951201,-0.107601,0.306495,0.904074,-0.094103
1128,37600,True,0.9901,0.9901,0.332679,0.895846,0.0,0.408868,0.868777,-0.028313,0.462918,0.845132,-0.057731,0.49095,0.859502,-0.088485,0.49092,0.885928,-0.116819,0.418606,0.714626,-0.057048,0.435944,0.750997,-0.108632,0.462909,0.776823,-0.141139,0.489068,0.805831,-0.157867,0.354621,0.725681,-0.063497,0.411002,0.904427,-0.104916,0.415495,0.919596,-0.109734,0.407085,0.889211,-0.109224,0.301657,0.774689,-0.074623,0.365682,0.953552,-0.103294,0.370257,0.941847,-0.083838,0.364099,0.89329,-0.066043,0.258525,0.834281,-0.091942,0.310538,0.96441,-0.115375,0.320808,0.957947,-0.105745,0.314992,0.917531,-0.091183
1129,37633,True,0.99,0.99,0.336152,0.898837,0.0,0.407024,0.867818,-0.031127,0.460472,0.840776,-0.059583,0.491485,0.856145,-0.088598,0.509151,0.889616,-0.115703,0.423539,0.719724,-0.056582,0.446426,0.761639,-0.111388,0.476738,0.796009,-0.147625,0.505844,0.827085,-0.16671,0.35933,0.733882,-0.06163,0.413689,0.907897,-0.107333,0.423067,0.929655,-0.116588,0.418681,0.904742,-0.118703,0.30463,0.784722,-0.071913,0.364945,0.95884,-0.106299,0.375023,0.954488,-0.093317,0.373402,0.908436,-0.078473,0.260572,0.844653,-0.087911,0.309546,0.968161,-0.112605,0.321236,0.968633,-0.104793,0.316255,0.932453,-0.091621
1130,37666,True,0.9905,0.9905,0.338926,0.887304,0.0,0.403443,0.859983,-0.03345,0.454803,0.84048,-0.064559,0.486539,0.860043,-0.095266,0.497218,0.884465,-0.123591,0.42005,0.719421,-0.065627,0.4504,0.779045,-0.121635,0.483878,0.815027,-0.158728,0.51368,0.846729,-0.17785,0.356789,0.740678,-0.069676,0.420563,0.925272,-0.111655,0.427621,0.93308,-0.117452,0.421495,0.899615,-0.11889,0.303389,0.794633,-0.078827,0.370581,0.969575,-0.108887,0.376318,0.95151,-0.090167,0.37056,0.901427,-0.072739,0.260074,0.854291,-0.094379,0.314817,0.977904,-0.1189,0.322849,0.963035,-0.108863,0.31401,0.918626,-0.093942
1131,37700,True,0.9919,0.9919,0.344592,0.901887,0.0,0.411725,0.879849,-0.038665,0.464535,0.861909,-0.072061,0.49273,0.877769,-0.104471,0.496386,0.895996,-0.133682,0.427117,0.730663,-0.0707,0.453736,0.790031,-0.132791,0.48677,0.82214,-0.171864,0.51933,0.853227,-0.190719,0.36177,0.747385,-0.072486,0.425352,0.938884,-0.119045,0.424121,0.944342,-0.122924,0.412994,0.902939,-0.121289,0.307549,0.799827,-0.080644,0.374712,0.98413,-0.114507,0.376061,0.964299,-0.092909,0.370104,0.912224,-0.071796,0.262744,0.860404,-0.095981,0.317547,0.988882,-0.123706,0.322224,0.971688,-0.114207,0.312359,0.92612,-0.098061
1132,37733,True,0.9902,0.9902,0.344334,0.910655,0.0,0.410099,0.886274,-0.034358,0.463841,0.864649,-0.065236,0.497981,0.877791,-0.095769,0.517106,0.889321,-0.123968,0.426394,0.734102,-0.064943,0.454572,0.7947,-0.122632,0.488689,0.824784,-0.162195,0.523045,0.851503,-0.18298,0.363202,0.752479,-0.068163,0.42807,0.934966,-0.110202,0.424457,0.939911,-0.116769,0.412005,0.903496,-0.118936,0.310372,0.804341,-0.076854,0.378219,0.979709,-0.106115,0.375596,0.960805,-0.087151,0.366331,0.911559,-0.069967,0.265742,0.865118,-0.092369,0.321939,0.988299,-0.1162,0.324388,0.971445,-0.106764,0.311894,0.926799,-0.092454
1133,37766,True,0.9898,0.9898,0.341708,0.915024,0.0,0.408651,0.890383,-0.033003,0.46592,0.864039,-0.062347,0.508437,0.873162,-0.091666,0.544443,0.877131,-0.118682,0.430708,0.737007,-0.062341,0.461666,0.805598,-0.11872,0.497635,0.836582,-0.157558,0.534006,0.863141,-0.1783,0.368123,0.754952,-0.066003,0.433238,0.937098,-0.106616,0.424584,0.940114,-0.112653,0.408556,0.900971,-0.114888,0.315259,0.806043,-0.075047,0.380818,0.97895,-0.103363,0.373186,0.960685,-0.083128,0.360821,0.912424,-0.065545,0.268846,0.866047,-0.090897,0.323923,0.98748,-0.114617,0.324167,0.970274,-0.104813,0.310649,0.926403,-0.090369
1134,37800,True,0.9902,0.9902,0.335874,0.914673,0.0,0.407829,0.886631,-0.028432,0.471132,0.855535,-0.055882,0.522749,0.857672,-0.084073,0.567616,0.859383,-0.109711,0.432152,0.736962,-0.05803,0.459778,0.7964,-0.110251,0.497805,0.830699,-0.144564,0.533351,0.860926,-0.163388,0.371362,0.754069,-0.065025,0.440944,0.935044,-0.106868,0.431323,0.950362,-0.113175,0.413638,0.913737,-0.115612,0.318341,0.803686,-0.076775,0.386777,0.977061,-0.108935,0.377486,0.966059,-0.091612,0.364001,0.917109,-0.076307,0.271546,0.863191,-0.094229,0.328259,0.98633,-0.119695,0.327791,0.974883,-0.111133,0.31306,0.932061,-0.09865
1135,37833,True,0.9875,0.9875,0.332053,0.903095,0.0,0.403188,0.87739,-0.025407,0.460942,0.862357,-0.054705,0.505943,0.884369,-0.08583,0.53928,0.908668,-0.115293,0.431221,0.737117,-0.058832,0.462305,0.787852,-0.110332,0.497975,0.818635,-0.144887,0.530961,0.848171,-0.16428,0.372378,0.754773,-0.068218,0.44141,0.936595,-0.10804,0.431623,0.946787,-0.113009,0.414604,0.911074,-0.115112,0.319887,0.804674,-0.081783,0.387123,0.97708,-0.110427,0.377437,0.958979,-0.090959,0.364427,0.909703,-0.074866,0.27286,0.863343,-0.101194,0.32812,0.985932,-0.123611,0.327613,0.969851,-0.11278,0.314642,0.926225,-0.099034
1136,37866,True,0.9947,0.9947,0.327713,0.910558,0.0,0.399041,0.876115,-0.022221,0.456765,0.856516,-0.051686,0.499147,0.876746,-0.08325,0.522952,0.902972,-0.113531,0.428733,0.734081,-0.057218,0.459262,0.770155,-0.102393,0.494669,0.799872,-0.131636,0.526516,0.833475,-0.148843,0.371176,0.751411,-0.068457,0.442033,0.925043,-0.105599,0.431842,0.944136,-0.109426,0.416025,0.91569,-0.111265,0.319761,0.803051,-0.083065,0.393169,0.969696,-0.110128,0.385274,0.957134,-0.092474,0.373696,0.913657,-0.07876,0.274534,0.865564,-0.102803,0.333482,0.9826,-0.123091,0.332994,0.969788,-0.11234,0.319824,0.930548,-0.100034
1137,37900,True,0.9948,0.9948,0.333917,0.919383,0.0,0.401967,0.884034,-0.020204,0.45873,0.858567,-0.04865,0.495655,0.878603,-0.079014,0.51091,0.916771,-0.108314,0.428836,0.730437,-0.055209,0.445295,0.747362,-0.100409,0.475065,0.767037,-0.130211,0.506317,0.79143,-0.148464,0.370976,0.743228,-0.066986,0.435487,0.917508,-0.107026,0.431352,0.942644,-0.112029,0.421088,0.918595,-0.113434,0.318851,0.796238,-0.082049,0.38795,0.967588,-0.111244,0.38642,0.958129,-0.094984,0.381396,0.913723,-0.081249,0.273649,0.860245,-0.1019,0.329555,0.980268,-0.124095,0.331624,0.96923,-0.115289,0.322494,0.928746,-0.103835
1138,37933,True,0.9946,0.9946,0.321885,0.936947,0.0,0.393855,0.890195,-0.013674,0.451374,0.845472,-0.036612,0.487229,0.856771,-0.062637,0.501846,0.905661,-0.087885,0.41812,0.726566,-0.042547,0.429903,0.723067,-0.080225,0.458388,0.741657,-0.101766,0.489467,0.761973,-0.115345,0.36068,0.737087,-0.056207,0.427096,0.884951,-0.096732,0.435891,0.935119,-0.103341,0.42962,0.928378,-0.104376,0.309309,0.787877,-0.072339,0.381433,0.945581,-0.105944,0.394341,0.963815,-0.098054,0.393199,0.932048,-0.088556,0.267738,0.849943,-0.091294,0.327044,0.960926,-0.11231,0.339746,0.978699,-0.105769,0.334181,0.957538,-0.096864
1139,37966,True,0.9965,0.9965,0.324493,0.917959,0.0,0.390896,0.875805,-0.013205,0.446891,0.828806,-0.032488,0.47966,0.834863,-0.05476,0.481763,0.881946,-0.076139,0.403377,0.723389,-0.037036,0.406032,0.701791,-0.069582,0.427732,0.710586,-0.088938,0.45534,0.72545,-0.101271,0.345905,0.724442,-0.04955,0.409894,0.858986,-0.085643,0.428496,0.904079,-0.092764,0.432084,0.901854,-0.094055,0.295315,0.768153,-0.064384,0.363964,0.918585,-0.094515,0.386856,0.937226,-0.089353,0.393819,0.913064,-0.081521,0.256104,0.82349,-0.082026,0.31028,0.932322,-0.100108,0.324459,0.949672,-0.095114,0.320845,0.932134,-0.08743
1140,38000,True,0.9963,0.9963,0.311649,0.905934,0.0,0.37897,0.864894,-0.014518,0.43446,0.812876,-0.033838,0.468546,0.804185,-0.056194,0.474849,0.837849,-0.078336,0.391244,0.707077,-0.035695,0.395419,0.690571,-0.068954,0.40586,0.680226,-0.090811,0.419618,0.666447,-0.105947,0.332593,0.707779,-0.048539,0.387169,0.823696,-0.087536,0.411353,0.86827,-0.098092,0.41841,0.869734,-0.100616,0.282229,0.749385,-0.063466,0.346636,0.887887,-0.096708,0.372344,0.912308,-0.092932,0.379979,0.894489,-0.084669,0.244084,0.804042,-0.08124,0.295894,0.906608,-0.100782,0.31337,0.928999,-0.096086,0.312116,0.916421,-0.088124
1141,38033,True,0.9977,0.9977,0.31441,0.886955,0.0,0.376847,0.841041,-0.012715,0.426556,0.790462,-0.03271,0.457699,0.772516,-0.056775,0.470972,0.790009,-0.080792,0.383543,0.675725,-0.032533,0.384827,0.653837,-0.065806,0.388816,0.636166,-0.087651,0.391035,0.611601,-0.10254,0.322244,0.67713,-0.046318,0.380509,0.790159,-0.082355,0.404701,0.839016,-0.09027,0.405723,0.836127,-0.091678,0.272838,0.723203,-0.062256,0.334127,0.847615,-0.096497,0.360278,0.87659,-0.089904,0.361144,0.860218,-0.079946,0.236032,0.78036,-0.08058,0.283593,0.872141,-0.10208,0.301522,0.897793,-0.095185,0.295298,0.888079,-0.085278
1142,38066,True,0.9987,0.9987,0.313354,0.850298,0.0,0.375447,0.812211,-0.018676,0.42776,0.761621,-0.038505,0.455567,0.738152,-0.060064,0.447949,0.754169,-0.081442,0.376877,0.649596,-0.041861,0.370139,0.607801,-0.075136,0.363335,0.583974,-0.09622,0.356662,0.559909,-0.109771,0.316925,0.647374,-0.05186,0.353618,0.742691,-0.089083,0.382001,0.78897,-0.098822,0.396302,0.795856,-0.100334,0.266205,0.687435,-0.063695,0.315334,0.807848,-0.095954,0.347383,0.839915,-0.091021,0.366943,0.832854,-0.081432,0.229502,0.741724,-0.078498,0.262145,0.824665,-0.096851,0.28504,0.85354,-0.089497,0.296245,0.851844,-0.078878
1143,38100,True,0.9989,0.9989,0.323423,0.818017,0.0,0.379209,0.774824,-0.02193,0.4274,0.721788,-0.043887,0.449856,0.698991,-0.066077,0.434262,0.719467,-0.087967,0.370984,0.611419,-0.051957,0.354127,0.563177,-0.086936,0.340587,0.534408,-0.109103,0.32755,0.504423,-0.123623,0.310496,0.614511,-0.060578,0.341901,0.700427,-0.099846,0.370646,0.749458,-0.108896,0.387275,0.761699,-0.109893,0.261201,0.657771,-0.070684,0.310198,0.76986,-0.103925,0.345105,0.803919,-0.097628,0.368639,0.80133,-0.087239,0.226916,0.715089,-0.08401,0.254355,0.786768,-0.102444,0.279421,0.815055,-0.094067,0.295697,0.816269,-0.083077
1144,38133,True,0.9988,0.9988,0.334422,0.78365,0.0,0.383802,0.742468,-0.02742,0.425977,0.69222,-0.052665,0.444889,0.667117,-0.077235,0.432475,0.682288,-0.101285,0.366696,0.574556,-0.058354,0.346877,0.525348,-0.094385,0.329837,0.491742,-0.116217,0.31327,0.453714,-0.131036,0.306417,0.580974,-0.064797,0.338773,0.663117,-0.106429,0.370236,0.710525,-0.115837,0.3879,0.721369,-0.116929,0.259084,0.627907,-0.073032,0.30931,0.739405,-0.108252,0.344995,0.771103,-0.102075,0.367527,0.766713,-0.091803,0.227194,0.688255,-0.084996,0.254629,0.763017,-0.105236,0.283837,0.789352,-0.098128,0.302676,0.789086,-0.088047
1145,38166,True,0.9977,0.9977,0.342232,0.753017,0.0,0.390069,0.716802,-0.029425,0.433764,0.664752,-0.056853,0.453109,0.637198,-0.08405,0.438564,0.650656,-0.11052,0.373247,0.546116,-0.060596,0.349763,0.485607,-0.102451,0.328026,0.445936,-0.12743,0.310875,0.403268,-0.143706,0.310318,0.550029,-0.066004,0.352031,0.635165,-0.114268,0.38604,0.688884,-0.121897,0.401299,0.699967,-0.119586,0.26319,0.599296,-0.073858,0.320039,0.700004,-0.115931,0.355352,0.735475,-0.105151,0.371563,0.73453,-0.089509,0.231862,0.662158,-0.085432,0.26837,0.734706,-0.112154,0.30313,0.763411,-0.103774,0.321915,0.764067,-0.090442
1146,38200,True,0.9955,0.9955,0.355667,0.734912,0.0,0.402372,0.699738,-0.033389,0.447576,0.650732,-0.065908,0.465248,0.617402,-0.098269,0.450781,0.624,-0.129608,0.387097,0.518183,-0.064971,0.365832,0.454298,-0.112293,0.345432,0.409642,-0.140413,0.329002,0.363476,-0.158971,0.323272,0.524249,-0.070014,0.3666,0.603887,-0.122704,0.400533,0.664292,-0.130377,0.415603,0.675854,-0.128015,0.276667,0.573528,-0.078484,0.337202,0.671992,-0.124396,0.371882,0.708806,-0.114391,0.387322,0.704821,-0.099783,0.245851,0.637117,-0.091028,0.290616,0.708327,-0.118893,0.324527,0.737617,-0.111615,0.34036,0.734188,-0.100054
1147,38233,True,0.9976,0.9976,0.376519,0.72022,0.0,0.423919,0.682712,-0.033338,0.463134,0.642556,-0.069507,0.480267,0.617394,-0.10637,0.47212,0.604846,-0.141807,0.407563,0.497778,-0.0663,0.389927,0.42739,-0.116177,0.377138,0.376154,-0.14469,0.364863,0.32576,-0.162984,0.343752,0.507687,-0.073433,0.395998,0.565271,-0.131469,0.431947,0.643438,-0.138941,0.444698,0.663032,-0.133804,0.297924,0.555068,-0.084089,0.368228,0.645399,-0.131767,0.400171,0.692206,-0.118052,0.407483,0.6893,-0.09992,0.266433,0.616488,-0.098948,0.316986,0.680246,-0.125624,0.346176,0.713597,-0.113635,0.352169,0.70935,-0.098286
1148,38266,True,0.9985,0.9985,0.388282,0.725301,0.0,0.43708,0.691269,-0.031529,0.481505,0.656969,-0.067802,0.49967,0.633037,-0.104453,0.499025,0.608622,-0.139134,0.432915,0.504556,-0.069644,0.424977,0.423934,-0.121419,0.422204,0.362629,-0.150623,0.418814,0.303956,-0.169067,0.371528,0.505627,-0.076231,0.421412,0.573391,-0.132085,0.451935,0.654766,-0.136749,0.460577,0.673628,-0.130734,0.326988,0.547802,-0.086115,0.39693,0.649042,-0.133687,0.420253,0.697674,-0.11787,0.419006,0.692093,-0.098812,0.293984,0.605797,-0.099747,0.344648,0.674527,-0.128153,0.367956,0.712827,-0.115198,0.367044,0.709079,-0.098579
1149,38300,True,0.9981,0.9981,0.403154,0.731014,0.0,0.457968,0.694329,-0.026127,0.5055,0.655615,-0.059503,0.526073,0.627185,-0.095351,0.527468,0.610892,-0.130751,0.463374,0.506427,-0.059313,0.47312,0.424238,-0.106862,0.482871,0.361271,-0.133724,0.490859,0.302608,-0.15104,0.404226,0.506855,-0.068884,0.46603,0.577667,-0.119454,0.486816,0.659525,-0.124072,0.486505,0.674885,-0.120156,0.360576,0.547997,-0.081442,0.437129,0.644272,-0.126336,0.452637,0.699423,-0.111794,0.445941,0.697096,-0.094838,0.328308,0.60451,-0.09735,0.3819,0.666317,-0.123108,0.40308,0.707391,-0.109761,0.402672,0.709111,-0.094107
1150,38333,True,0.999,0.999,0.41583,0.761457,0.0,0.486607,0.7222,-0.023364,0.545643,0.682229,-0.058491,0.574258,0.653181,-0.097363,0.567039,0.63706,-0.135086,0.505581,0.529377,-0.05395,0.529631,0.450382,-0.102895,0.552378,0.394367,-0.127609,0.569848,0.342475,-0.142994,0.444305,0.523975,-0.067776,0.50942,0.594851,-0.120872,0.525361,0.691365,-0.123743,0.517327,0.699602,-0.117294,0.397197,0.563612,-0.084646,0.473699,0.662043,-0.134939,0.486908,0.725612,-0.116052,0.474459,0.715942,-0.094675,0.361451,0.620521,-0.104252,0.418723,0.693109,-0.133726,0.44191,0.738538,-0.116534,0.43717,0.735736,-0.097092
1151,38366,True,0.9989,0.9989,0.413998,0.784303,0.0,0.497056,0.740167,-0.010267,0.565236,0.699068,-0.036326,0.60288,0.684476,-0.067893,0.597863,0.698797,-0.101178,0.536449,0.554467,-0.045498,0.581252,0.497576,-0.087666,0.615331,0.460108,-0.114707,0.643955,0.422215,-0.133725,0.475676,0.543713,-0.064935,0.550751,0.64171,-0.11457,0.558656,0.72596,-0.126303,0.545096,0.746371,-0.128901,0.423496,0.582762,-0.08495,0.503947,0.703264,-0.127691,0.512514,0.761925,-0.118774,0.49906,0.763793,-0.106323,0.383035,0.640269,-0.106763,0.441925,0.720728,-0.129505,0.460029,0.761941,-0.11666,0.454769,0.765082,-0.102605
1152,38400,True,0.9989,0.9989,0.404803,0.818155,0.0,0.497763,0.789446,-0.018719,0.570318,0.759406,-0.049169,0.607916,0.741222,-0.08273,0.60405,0.745718,-0.116554,0.545572,0.594808,-0.056736,0.593742,0.556521,-0.104428,0.632424,0.532218,-0.136347,0.668257,0.505254,-0.159302,0.487525,0.579829,-0.074162,0.557427,0.701396,-0.124834,0.560584,0.781532,-0.136835,0.551371,0.790632,-0.141925,0.432814,0.618081,-0.093251,0.507845,0.761576,-0.13611,0.512735,0.811119,-0.12558,0.502728,0.797148,-0.114748,0.389898,0.678286,-0.115393,0.447926,0.776993,-0.140332,0.459906,0.811621,-0.128647,0.451953,0.800609,-0.116781
1153,38433,True,0.9988,0.9988,0.390914,0.83976,0.0,0.478825,0.805017,-0.01352,0.555196,0.775267,-0.039914,0.601336,0.770921,-0.070175,0.599118,0.787663,-0.101722,0.529568,0.623145,-0.052407,0.583274,0.598986,-0.09483,0.624011,0.582213,-0.126398,0.661478,0.562877,-0.149672,0.473964,0.612496,-0.070844,0.546951,0.750035,-0.119082,0.548021,0.816093,-0.13605,0.535081,0.827645,-0.145285,0.420825,0.652252,-0.089576,0.493414,0.803636,-0.129833,0.497442,0.846385,-0.126913,0.487266,0.837986,-0.121069,0.378504,0.710411,-0.110519,0.437905,0.819407,-0.132239,0.445692,0.849838,-0.123806,0.435771,0.841052,-0.115016
1154,38466,True,0.9965,0.9965,0.381812,0.865945,0.0,0.455696,0.8201,-0.013612,0.527647,0.778305,-0.03778,0.574302,0.782226,-0.06525,0.58922,0.821123,-0.094233,0.497122,0.646687,-0.050268,0.549135,0.629483,-0.089274,0.591255,0.616602,-0.118389,0.630839,0.602088,-0.139812,0.440783,0.641376,-0.065763,0.512052,0.785305,-0.109006,0.520523,0.841451,-0.122391,0.515774,0.848145,-0.130095,0.388348,0.683886,-0.082092,0.460118,0.839201,-0.119321,0.467023,0.869544,-0.11781,0.459655,0.852183,-0.113257,0.345984,0.740492,-0.100511,0.404905,0.851051,-0.120547,0.412268,0.874104,-0.114164,0.401556,0.858891,-0.107345
1155,38500,True,0.9928,0.9928,0.362291,0.90075,0.0,0.435876,0.863993,-0.018918,0.49866,0.817321,-0.041377,0.536035,0.81422,-0.065424,0.556554,0.837086,-0.089586,0.459998,0.67415,-0.042666,0.496262,0.659639,-0.077365,0.532219,0.652996,-0.105548,0.567757,0.64762,-0.126811,0.404763,0.672248,-0.053438,0.470376,0.817916,-0.090896,0.476196,0.866902,-0.105372,0.469742,0.871247,-0.11526,0.354835,0.718173,-0.066218,0.424395,0.873632,-0.095867,0.428324,0.89181,-0.092502,0.42095,0.868079,-0.089633,0.313103,0.781273,-0.082308,0.370886,0.889251,-0.101078,0.379737,0.908155,-0.095261,0.374325,0.89085,-0.089312
1156,38533,True,0.9932,0.9932,0.344806,0.900737,0.0,0.413756,0.872357,-0.023134,0.475692,0.833237,-0.044976,0.512604,0.836612,-0.065911,0.526022,0.858652,-0.085868,0.427346,0.706589,-0.054787,0.442812,0.699245,-0.088342,0.465207,0.689846,-0.115178,0.495427,0.685202,-0.135519,0.367442,0.704507,-0.06162,0.418741,0.870526,-0.094878,0.434653,0.891287,-0.106699,0.440378,0.879299,-0.115586,0.31638,0.752204,-0.069856,0.374844,0.918941,-0.09279,0.392136,0.909211,-0.084242,0.398061,0.871212,-0.07891,0.27496,0.814258,-0.082654,0.323038,0.930301,-0.103369,0.337651,0.929964,-0.098645,0.340817,0.897659,-0.091842
1157,38566,True,0.993,0.993,0.333579,0.940723,-0.0,0.397161,0.921946,-0.02413,0.458108,0.888764,-0.045951,0.493756,0.881565,-0.068451,0.480417,0.888286,-0.087216,0.408409,0.752463,-0.051797,0.414213,0.726908,-0.090933,0.415746,0.732612,-0.114668,0.420579,0.758911,-0.12767,0.344588,0.741082,-0.057037,0.379082,0.910181,-0.095792,0.393657,0.929864,-0.104648,0.396461,0.916919,-0.106864,0.289517,0.780159,-0.065136,0.335212,0.96118,-0.092403,0.351724,0.951521,-0.080304,0.357151,0.910448,-0.068334,0.245104,0.835355,-0.078107,0.283952,0.964512,-0.103072,0.297535,0.961988,-0.099105,0.299072,0.92618,-0.088674
1158,38600,True,0.9969,0.9969,0.323572,0.914643,-0.0,0.387413,0.898472,-0.031682,0.447498,0.880911,-0.060176,0.471086,0.909677,-0.087264,0.439386,0.956115,-0.109523,0.389447,0.748124,-0.07176,0.394012,0.767307,-0.118341,0.388233,0.789483,-0.14197,0.381656,0.823878,-0.152431,0.317754,0.755266,-0.075145,0.36099,0.947093,-0.112075,0.38073,0.948358,-0.109526,0.384632,0.91766,-0.104185,0.261557,0.804917,-0.082295,0.317336,0.996831,-0.10431,0.339769,0.970128,-0.076729,0.347975,0.919844,-0.054174,0.220285,0.866837,-0.096513,0.269612,1.005026,-0.122331,0.288355,0.984187,-0.11329,0.2927,0.936346,-0.097499
1159,38633,True,0.9975,0.9975,0.326602,0.937308,-0.0,0.388686,0.927061,-0.041186,0.453888,0.909644,-0.076237,0.471807,0.931912,-0.107049,0.438888,0.981223,-0.134291,0.381403,0.767454,-0.085293,0.383004,0.85767,-0.141374,0.382345,0.899084,-0.174463,0.374048,0.900649,-0.194028,0.312037,0.785944,-0.087519,0.341807,0.977111,-0.13172,0.371792,0.994834,-0.140596,0.382336,0.946659,-0.147309,0.257405,0.832065,-0.093329,0.301781,1.019586,-0.121671,0.331063,1.018283,-0.106328,0.338839,0.960809,-0.096306,0.217464,0.887805,-0.106125,0.256183,1.029092,-0.127704,0.281325,1.034575,-0.120279,0.288026,0.99371,-0.111965
1160,38666,True,0.9919,0.9919,0.333125,0.931771,-0.0,0.396024,0.932156,-0.0374,0.457742,0.929559,-0.073571,0.481947,0.947896,-0.10887,0.453416,0.978321,-0.144588,0.394809,0.799151,-0.084995,0.405762,0.855276,-0.146141,0.411371,0.911005,-0.184279,0.413879,0.951223,-0.203927,0.328367,0.810717,-0.089733,0.350776,0.950135,-0.139107,0.368673,1.009963,-0.153182,0.378097,1.021107,-0.16159,0.273851,0.851041,-0.097661,0.303926,1.000674,-0.136414,0.319548,1.049054,-0.133161,0.324154,1.04891,-0.128266,0.233777,0.901135,-0.110407,0.254022,1.015951,-0.132691,0.264572,1.058317,-0.127247,0.26352,1.061385,-0.121013
1161,38700,True,0.9946,0.9946,0.348669,0.969585,-0.0,0.415079,0.964651,-0.038434,0.477665,0.954435,-0.073756,0.506245,0.962608,-0.107906,0.479179,0.978215,-0.13937,0.419703,0.803875,-0.083085,0.428681,0.833727,-0.136588,0.432731,0.871035,-0.165961,0.43217,0.898908,-0.182802,0.350653,0.812278,-0.088127,0.386871,0.970451,-0.137328,0.407329,1.01811,-0.147559,0.412373,1.013408,-0.15425,0.294753,0.859038,-0.096828,0.339208,1.024323,-0.131163,0.354245,1.046043,-0.120469,0.351448,1.01892,-0.113544,0.252813,0.918543,-0.11147,0.288785,1.039419,-0.135362,0.301162,1.059535,-0.130182,0.294272,1.040098,-0.124435
1162,38733,True,0.9867,0.9867,0.358244,0.963945,-0.0,0.417868,0.945877,-0.027372,0.472153,0.92892,-0.058746,0.516057,0.944523,-0.092643,0.524349,0.976661,-0.125472,0.450119,0.78999,-0.060728,0.478162,0.856854,-0.113431,0.494606,0.903043,-0.14696,0.507505,0.937535,-0.165589,0.387332,0.801407,-0.07102,0.444541,0.974912,-0.114775,0.450392,1.01571,-0.124556,0.444783,1.009893,-0.130443,0.331696,0.847836,-0.085422,0.389516,1.01441,-0.118545,0.393328,1.035655,-0.107937,0.385304,1.011789,-0.098555,0.284465,0.906234,-0.105052,0.330089,1.024592,-0.127135,0.335016,1.051355,-0.119151,0.323692,1.03998,-0.109816
1163,38766,True,0.9924,0.9924,0.3594,0.973398,-0.0,0.427473,0.940467,-0.013492,0.486405,0.907658,-0.033429,0.535533,0.914117,-0.058056,0.571209,0.930394,-0.083488,0.470212,0.776721,-0.032355,0.500634,0.829858,-0.070527,0.526884,0.854962,-0.098107,0.551899,0.875006,-0.115796,0.412614,0.788224,-0.046691,0.483457,0.96024,-0.08692,0.478533,1.006726,-0.101535,0.462271,1.004938,-0.109316,0.35843,0.832948,-0.063527,0.427713,1.00062,-0.102767,0.422299,1.037474,-0.101664,0.408411,1.028325,-0.09541,0.310002,0.89154,-0.082779,0.366739,1.012447,-0.110653,0.363705,1.05152,-0.107292,0.346939,1.050177,-0.099386
1164,38800,True,0.9918,0.9918,0.355776,0.922424,0.0,0.437187,0.891611,-0.015346,0.501264,0.871706,-0.0394,0.544376,0.898336,-0.067987,0.565272,0.942986,-0.097368,0.479509,0.75104,-0.032566,0.521692,0.797037,-0.070211,0.55878,0.816464,-0.098841,0.594325,0.839121,-0.118023,0.427415,0.764853,-0.046303,0.498119,0.935577,-0.078436,0.468171,0.955654,-0.085664,0.443945,0.925012,-0.090899,0.378615,0.813964,-0.063565,0.450561,0.976801,-0.088002,0.424845,0.966572,-0.077952,0.407369,0.925085,-0.070417,0.334225,0.874233,-0.085241,0.394659,0.990294,-0.10196,0.381097,0.97729,-0.094866,0.362579,0.941375,-0.087273
1165,38833,True,0.9973,0.9973,0.355253,0.913691,0.0,0.435595,0.877134,-0.016087,0.508792,0.852515,-0.0406,0.556428,0.878704,-0.066121,0.56675,0.92308,-0.092391,0.481793,0.736281,-0.057843,0.528825,0.771202,-0.100431,0.567654,0.783187,-0.130983,0.605047,0.79561,-0.151644,0.432,0.745531,-0.071482,0.505536,0.908078,-0.107933,0.47353,0.924547,-0.111935,0.449358,0.895768,-0.114965,0.384594,0.792447,-0.087246,0.460917,0.955733,-0.117487,0.43442,0.943503,-0.108927,0.416613,0.900455,-0.102341,0.343071,0.855217,-0.10636,0.406267,0.972196,-0.12584,0.391741,0.958438,-0.119879,0.371429,0.923729,-0.1142
1166,38866,True,0.9996,0.9996,0.360722,0.904728,0.0,0.434441,0.857988,-0.016056,0.503473,0.826409,-0.042454,0.550203,0.848608,-0.069548,0.560442,0.896372,-0.097795,0.471165,0.716426,-0.064667,0.521211,0.74083,-0.110608,0.562906,0.752638,-0.143325,0.600187,0.760349,-0.164813,0.419653,0.728871,-0.07922,0.501003,0.872729,-0.119143,0.478687,0.902478,-0.123941,0.453257,0.880493,-0.126482,0.371661,0.781857,-0.095448,0.457005,0.929415,-0.131947,0.445887,0.940355,-0.124138,0.428446,0.910133,-0.115938,0.331846,0.850012,-0.113964,0.404993,0.956813,-0.134854,0.408385,0.962956,-0.125594,0.393978,0.94204,-0.11699
1167,38900,True,0.9998,0.9998,0.354465,0.909929,0.0,0.428211,0.860255,-0.011049,0.493295,0.819771,-0.036461,0.537702,0.830109,-0.064003,0.550998,0.869457,-0.093566,0.456867,0.705147,-0.055116,0.496851,0.710336,-0.097592,0.534987,0.714154,-0.128073,0.570809,0.715329,-0.148572,0.406723,0.717621,-0.071669,0.490832,0.850962,-0.111853,0.480991,0.898324,-0.120059,0.460211,0.890008,-0.124173,0.361598,0.771707,-0.089191,0.450994,0.911757,-0.127166,0.450599,0.936309,-0.122085,0.437053,0.915579,-0.115072,0.325718,0.840271,-0.108021,0.396791,0.938871,-0.129603,0.410034,0.958874,-0.120571,0.404779,0.947309,-0.111539
1168,38933,True,0.9998,0.9998,0.350475,0.909037,0.0,0.420774,0.85046,-0.008823,0.48343,0.803861,-0.03206,0.525793,0.811055,-0.057733,0.544235,0.850774,-0.085407,0.439371,0.70136,-0.052288,0.479314,0.699593,-0.092626,0.517778,0.697904,-0.122641,0.55439,0.69145,-0.143895,0.387386,0.714613,-0.069125,0.476609,0.840586,-0.109416,0.477916,0.891476,-0.119935,0.460528,0.890082,-0.125764,0.343279,0.770569,-0.086194,0.435379,0.902072,-0.122651,0.445618,0.930197,-0.117176,0.435373,0.915048,-0.109923,0.310332,0.840212,-0.104483,0.382297,0.930914,-0.124734,0.400748,0.953103,-0.115212,0.396999,0.944355,-0.105822
1169,38966,True,0.9995,0.9995,0.347796,0.915161,0.0,0.416997,0.858182,-0.009661,0.476379,0.807609,-0.031096,0.5162,0.810788,-0.056212,0.531841,0.848921,-0.082786,0.431533,0.691166,-0.036335,0.461269,0.687764,-0.071944,0.497245,0.687363,-0.097698,0.535408,0.685303,-0.115836,0.379572,0.709979,-0.052834,0.465207,0.83373,-0.092457,0.473254,0.889859,-0.104754,0.462857,0.893406,-0.109853,0.336843,0.768433,-0.070625,0.425094,0.901881,-0.106558,0.438118,0.931354,-0.102968,0.432569,0.914487,-0.095254,0.304542,0.838176,-0.089943,0.372638,0.929391,-0.109424,0.389735,0.951961,-0.100879,0.386459,0.939727,-0.090889
1170,39000,True,0.999,0.999,0.349043,0.919573,0.0,0.414933,0.862227,-0.009563,0.472253,0.809023,-0.030428,0.511202,0.810615,-0.055072,0.529945,0.852473,-0.080955,0.42628,0.697102,-0.037394,0.452675,0.691714,-0.076023,0.487659,0.689683,-0.102513,0.524433,0.68523,-0.120464,0.372031,0.71312,-0.053758,0.461632,0.835815,-0.096472,0.469319,0.891926,-0.108372,0.456549,0.89219,-0.112371,0.328692,0.770546,-0.071779,0.417606,0.905502,-0.111706,0.430169,0.933262,-0.109667,0.422255,0.911461,-0.102027,0.296018,0.837767,-0.091108,0.363371,0.930369,-0.113899,0.379654,0.953029,-0.107551,0.373505,0.940969,-0.098661
1171,39033,True,0.9977,0.9977,0.339856,0.925092,0.0,0.415306,0.871686,-0.011058,0.475811,0.817706,-0.031077,0.511015,0.813143,-0.054665,0.52679,0.85009,-0.078926,0.42714,0.704688,-0.03484,0.45144,0.698512,-0.073598,0.482748,0.695859,-0.099371,0.517147,0.689175,-0.116471,0.372213,0.718292,-0.050204,0.4584,0.842603,-0.092334,0.466531,0.898245,-0.104174,0.455339,0.896096,-0.107943,0.327882,0.773875,-0.067609,0.415934,0.911348,-0.107053,0.426484,0.93952,-0.105037,0.419733,0.915604,-0.097317,0.29482,0.840798,-0.086571,0.361984,0.934721,-0.109459,0.377067,0.956684,-0.103514,0.372107,0.942847,-0.094555
1172,39066,True,0.9991,0.9991,0.343405,0.925185,0.0,0.415745,0.868677,-0.008286,0.476151,0.812486,-0.027177,0.514049,0.812778,-0.049736,0.531098,0.858167,-0.073082,0.425772,0.705319,-0.034036,0.449419,0.701924,-0.069689,0.48198,0.701675,-0.094586,0.516966,0.697208,-0.112054,0.371747,0.721608,-0.050712,0.459541,0.84634,-0.090795,0.469652,0.902209,-0.102367,0.458991,0.903469,-0.106383,0.327995,0.779149,-0.068738,0.418454,0.915623,-0.105233,0.4311,0.942051,-0.101816,0.423453,0.919155,-0.093765,0.295405,0.846627,-0.088174,0.365112,0.941311,-0.108901,0.380983,0.963193,-0.101476,0.374353,0.949352,-0.091866
1173,39100,True,0.9987,0.9987,0.344187,0.927603,0.0,0.417606,0.872589,-0.007241,0.478558,0.816764,-0.024304,0.516093,0.814734,-0.045315,0.533423,0.856373,-0.067561,0.428067,0.710599,-0.031774,0.452101,0.703825,-0.064758,0.48382,0.703703,-0.088226,0.517745,0.700383,-0.104861,0.373704,0.726063,-0.048036,0.457144,0.851911,-0.085641,0.46978,0.904943,-0.098013,0.461472,0.908447,-0.103226,0.329423,0.782523,-0.065405,0.416121,0.917448,-0.099885,0.432069,0.944815,-0.098727,0.429121,0.927635,-0.092562,0.296602,0.848429,-0.084051,0.364561,0.940399,-0.10332,0.38338,0.963309,-0.097024,0.381982,0.953879,-0.088391
1174,39133,True,0.9985,0.9985,0.34253,0.933117,0.0,0.416386,0.877964,-0.007938,0.47787,0.822364,-0.026488,0.517446,0.81941,-0.048875,0.536729,0.860673,-0.072019,0.430304,0.717074,-0.033882,0.453666,0.708705,-0.06911,0.485679,0.70847,-0.093059,0.519273,0.705917,-0.109516,0.376207,0.731785,-0.050212,0.462187,0.85416,-0.090091,0.47503,0.909636,-0.101269,0.466411,0.914073,-0.104836,0.332395,0.787674,-0.067869,0.420859,0.922145,-0.103639,0.43419,0.948735,-0.100577,0.427671,0.928655,-0.092728,0.300234,0.853318,-0.086936,0.369249,0.945766,-0.107055,0.385587,0.966458,-0.100208,0.380056,0.953142,-0.090972
1175,39166,True,0.9987,0.9987,0.342182,0.932165,0.0,0.415049,0.877508,-0.008145,0.475352,0.825179,-0.028119,0.515523,0.824627,-0.051894,0.538792,0.863241,-0.076591,0.42787,0.716634,-0.035389,0.452953,0.709944,-0.072257,0.487101,0.709552,-0.09823,0.523408,0.707595,-0.116221,0.37551,0.732216,-0.051895,0.460214,0.857216,-0.092529,0.474002,0.910653,-0.104691,0.467893,0.913102,-0.109769,0.332618,0.78785,-0.069863,0.420068,0.923843,-0.105855,0.434105,0.949248,-0.103292,0.429685,0.92836,-0.096543,0.300762,0.853888,-0.089358,0.36789,0.947086,-0.109555,0.383593,0.966499,-0.10313,0.378927,0.951623,-0.094775
1176,39200,True,0.9983,0.9983,0.343808,0.928519,0.0,0.415164,0.874753,-0.011142,0.475045,0.823483,-0.032109,0.516229,0.82598,-0.055981,0.537978,0.866813,-0.080464,0.430927,0.713144,-0.038883,0.457341,0.713489,-0.076606,0.489195,0.714032,-0.103677,0.524266,0.711905,-0.122374,0.377661,0.727972,-0.053852,0.462677,0.860678,-0.094397,0.472439,0.909013,-0.106578,0.464508,0.909598,-0.111755,0.33329,0.783812,-0.07052,0.421637,0.925661,-0.105775,0.434024,0.945932,-0.102804,0.430398,0.923425,-0.095867,0.299685,0.85083,-0.0892,0.368443,0.948577,-0.109799,0.383774,0.96522,-0.103953,0.380837,0.949268,-0.095785
1177,39233,True,0.9988,0.9988,0.339688,0.930142,0.0,0.413062,0.877804,-0.010336,0.474894,0.828257,-0.031668,0.517701,0.828786,-0.056323,0.538655,0.866353,-0.081612,0.432468,0.717287,-0.039396,0.456922,0.714144,-0.077905,0.488702,0.714176,-0.104653,0.523108,0.712924,-0.122718,0.378627,0.730689,-0.055154,0.462934,0.863693,-0.095818,0.470582,0.914481,-0.106598,0.459935,0.914541,-0.11041,0.333722,0.786072,-0.072557,0.421651,0.929441,-0.108642,0.433062,0.951842,-0.10368,0.427979,0.930024,-0.094888,0.299445,0.852783,-0.091876,0.367803,0.95092,-0.112908,0.383578,0.969983,-0.105258,0.380449,0.956221,-0.0953
1178,39266,True,0.9976,0.9976,0.344883,0.934386,0.0,0.417179,0.880254,-0.011455,0.477934,0.828292,-0.033235,0.518184,0.82786,-0.057803,0.537839,0.86909,-0.082946,0.432136,0.717815,-0.04118,0.457035,0.714953,-0.079658,0.490071,0.715378,-0.107015,0.524756,0.716024,-0.125958,0.378565,0.729755,-0.056083,0.460046,0.862925,-0.097825,0.466743,0.915696,-0.10944,0.455477,0.918695,-0.113937,0.333529,0.783424,-0.072616,0.418899,0.931023,-0.108824,0.428948,0.953046,-0.105446,0.423601,0.928995,-0.098305,0.298592,0.849928,-0.091146,0.365068,0.953333,-0.11272,0.37909,0.970652,-0.107282,0.374298,0.9522,-0.099452
1179,39300,True,0.9962,0.9962,0.338851,0.93052,0.0,0.413745,0.880636,-0.014955,0.475499,0.833143,-0.037985,0.516824,0.832495,-0.06391,0.535732,0.872187,-0.089961,0.436849,0.722586,-0.040432,0.458993,0.722705,-0.08198,0.489472,0.724173,-0.110939,0.523794,0.725046,-0.130123,0.381797,0.733153,-0.054008,0.458447,0.872181,-0.097916,0.464011,0.920725,-0.11007,0.454388,0.919104,-0.114261,0.335349,0.784425,-0.070168,0.415903,0.937837,-0.10725,0.423046,0.956148,-0.103094,0.417359,0.928469,-0.094781,0.299217,0.848005,-0.089094,0.36178,0.955579,-0.111215,0.371552,0.969539,-0.10611,0.364228,0.947188,-0.09788
1180,39333,True,0.9983,0.9983,0.339803,0.93216,0.0,0.413962,0.880777,-0.011787,0.476522,0.829445,-0.033736,0.51675,0.830022,-0.058522,0.536076,0.873406,-0.083595,0.432449,0.722909,-0.042263,0.454167,0.719664,-0.08148,0.487992,0.721122,-0.109293,0.524321,0.722773,-0.128606,0.3792,0.733105,-0.057266,0.459936,0.875387,-0.099549,0.464607,0.925961,-0.110151,0.450927,0.925165,-0.113916,0.333888,0.785735,-0.074071,0.419659,0.940596,-0.109706,0.427153,0.958219,-0.103874,0.418418,0.929431,-0.095375,0.297881,0.851275,-0.093207,0.365184,0.960229,-0.114871,0.375021,0.975364,-0.108402,0.364912,0.9533,-0.099845
1181,39366,True,0.9975,0.9975,0.340085,0.932102,0.0,0.412496,0.880153,-0.013636,0.474919,0.830076,-0.035939,0.516608,0.830859,-0.060885,0.534902,0.872967,-0.08621,0.435146,0.723276,-0.042545,0.459199,0.723767,-0.081942,0.492337,0.724747,-0.110164,0.527277,0.724249,-0.129718,0.380176,0.733805,-0.056922,0.461636,0.875629,-0.099223,0.467424,0.92477,-0.110649,0.454136,0.924648,-0.115123,0.333404,0.786154,-0.073336,0.419231,0.939307,-0.109276,0.427568,0.957029,-0.104538,0.419197,0.930554,-0.096633,0.296741,0.851691,-0.092251,0.363986,0.958769,-0.114009,0.373987,0.973922,-0.108209,0.364097,0.953969,-0.100086
1182,39400,True,0.9972,0.9972,0.34559,0.935089,0.0,0.416001,0.882969,-0.012826,0.477801,0.832016,-0.034438,0.518995,0.832893,-0.058782,0.536238,0.875985,-0.083733,0.434946,0.727198,-0.042655,0.459839,0.725402,-0.082686,0.493475,0.72609,-0.111494,0.528898,0.726066,-0.131125,0.379842,0.737776,-0.05715,0.462857,0.877422,-0.100078,0.467719,0.926435,-0.111875,0.453737,0.927083,-0.116218,0.33331,0.79022,-0.073476,0.420098,0.942178,-0.11014,0.428027,0.959225,-0.106036,0.419943,0.932222,-0.098091,0.296983,0.855425,-0.092099,0.364791,0.961307,-0.113764,0.375345,0.976771,-0.107572,0.366707,0.957758,-0.098993
1183,39433,True,0.997,0.997,0.345138,0.934252,0.0,0.415154,0.881606,-0.014424,0.476502,0.832577,-0.037957,0.520153,0.836526,-0.064319,0.539246,0.879701,-0.090986,0.437986,0.726651,-0.0437,0.463355,0.729241,-0.085535,0.496924,0.729332,-0.11542,0.532327,0.727889,-0.135721,0.382181,0.738521,-0.058092,0.464575,0.88247,-0.101736,0.471294,0.930146,-0.113758,0.459375,0.925975,-0.118785,0.335431,0.791896,-0.07469,0.421612,0.945328,-0.111281,0.429597,0.960393,-0.106069,0.420636,0.930424,-0.097884,0.299403,0.857633,-0.094045,0.36735,0.963501,-0.116403,0.37724,0.976246,-0.110295,0.366563,0.954442,-0.101794
1184,39466,True,0.9974,0.9974,0.3469,0.936612,0.0,0.415205,0.884865,-0.013986,0.477507,0.837508,-0.038201,0.52211,0.843514,-0.065068,0.540536,0.884236,-0.092581,0.437118,0.728158,-0.046689,0.465832,0.731799,-0.089165,0.500487,0.730765,-0.119809,0.537465,0.729972,-0.140577,0.383017,0.74059,-0.061362,0.469035,0.884472,-0.104821,0.475929,0.931187,-0.116039,0.465305,0.929581,-0.12065,0.337511,0.794244,-0.078024,0.42663,0.946885,-0.113919,0.433665,0.960833,-0.107517,0.424301,0.932723,-0.098704,0.3021,0.860635,-0.097437,0.371619,0.966206,-0.118942,0.379964,0.977304,-0.111811,0.368432,0.95527,-0.102771
1185,39500,True,0.9969,0.9969,0.3464,0.935789,0.0,0.416658,0.883783,-0.013987,0.47929,0.838177,-0.038272,0.52335,0.846131,-0.065373,0.540856,0.88914,-0.093007,0.43893,0.728246,-0.045418,0.468962,0.730977,-0.087598,0.503653,0.730501,-0.1176,0.540857,0.729796,-0.138021,0.385138,0.741871,-0.060446,0.472411,0.882048,-0.103964,0.477237,0.929248,-0.115056,0.46525,0.925429,-0.119472,0.339696,0.796367,-0.077605,0.428837,0.945643,-0.114575,0.436139,0.959557,-0.108906,0.428019,0.929919,-0.100311,0.304133,0.862894,-0.097433,0.373831,0.966413,-0.120236,0.383775,0.975998,-0.114231,0.374552,0.952627,-0.105808
1186,39533,True,0.9974,0.9974,0.3427,0.939479,0.0,0.41643,0.8884,-0.010697,0.480759,0.840007,-0.033003,0.524308,0.845296,-0.058544,0.542685,0.88669,-0.08509,0.440155,0.726988,-0.04128,0.472426,0.728181,-0.081712,0.507844,0.72728,-0.110835,0.544282,0.72602,-0.130819,0.387784,0.740941,-0.057383,0.47833,0.87696,-0.099872,0.478701,0.926722,-0.110509,0.461724,0.92647,-0.114491,0.34255,0.795462,-0.075344,0.435212,0.942314,-0.111159,0.43943,0.958568,-0.105388,0.427912,0.931726,-0.096947,0.306748,0.862659,-0.095486,0.377305,0.964399,-0.116344,0.382939,0.973661,-0.109331,0.369641,0.949472,-0.100742
1187,39566,True,0.9974,0.9974,0.34227,0.938069,0.0,0.412948,0.890482,-0.008709,0.477375,0.845846,-0.030821,0.522547,0.848755,-0.0563,0.542579,0.885123,-0.083439,0.44057,0.730009,-0.043362,0.476081,0.725866,-0.083644,0.511085,0.721081,-0.11349,0.54659,0.716921,-0.134468,0.390196,0.739874,-0.060638,0.478166,0.869772,-0.102824,0.477121,0.917842,-0.11472,0.460646,0.920122,-0.120402,0.346215,0.792388,-0.079182,0.437874,0.938362,-0.114021,0.439481,0.955468,-0.109564,0.427704,0.93079,-0.103233,0.31025,0.859703,-0.099693,0.37972,0.963034,-0.119628,0.383534,0.974107,-0.113005,0.371362,0.951231,-0.105789
1188,39600,True,0.999,0.999,0.344066,0.928836,0.0,0.414985,0.883377,-0.007625,0.481384,0.841174,-0.030387,0.526868,0.845267,-0.056623,0.542785,0.884012,-0.085087,0.443076,0.730072,-0.04999,0.479196,0.718334,-0.09229,0.514032,0.712011,-0.122567,0.549289,0.706193,-0.143552,0.3923,0.739064,-0.068304,0.4834,0.864399,-0.110397,0.4803,0.909449,-0.119981,0.461356,0.907397,-0.12456,0.347857,0.79215,-0.087434,0.442269,0.933737,-0.1226,0.444211,0.948695,-0.11609,0.432093,0.922585,-0.108614,0.311821,0.86023,-0.108266,0.38296,0.960375,-0.128189,0.38879,0.970336,-0.119589,0.377226,0.948383,-0.111102
1189,39633,True,0.9992,0.9992,0.342246,0.925776,0.0,0.418105,0.882121,-0.0095,0.485286,0.83783,-0.03227,0.529021,0.838618,-0.058275,0.544807,0.875725,-0.085987,0.44591,0.722649,-0.045188,0.479898,0.708583,-0.086067,0.514543,0.698595,-0.115962,0.549349,0.689237,-0.137018,0.395268,0.731052,-0.062752,0.485769,0.856173,-0.104141,0.484628,0.901529,-0.114643,0.467434,0.896673,-0.119496,0.350811,0.782808,-0.081475,0.444715,0.928029,-0.115922,0.445236,0.943367,-0.108167,0.431583,0.914089,-0.099481,0.314376,0.84975,-0.102225,0.385547,0.951753,-0.122056,0.392068,0.964097,-0.112191,0.380632,0.942157,-0.102158
1190,39666,True,0.9997,0.9997,0.352845,0.910423,0.0,0.424301,0.867385,-0.009201,0.487556,0.825035,-0.03252,0.52876,0.826164,-0.059338,0.543946,0.862724,-0.088267,0.448747,0.709088,-0.047636,0.48263,0.687169,-0.088469,0.519717,0.679962,-0.117405,0.55604,0.671603,-0.137506,0.397742,0.718599,-0.065634,0.482614,0.828548,-0.108337,0.486522,0.8847,-0.118783,0.473543,0.887367,-0.123061,0.353691,0.769034,-0.084442,0.443072,0.900812,-0.12111,0.451082,0.931205,-0.114085,0.440472,0.91546,-0.105292,0.318084,0.833162,-0.104919,0.387755,0.927244,-0.12518,0.401493,0.952696,-0.114536,0.394186,0.943718,-0.1038
1191,39700,True,0.9997,0.9997,0.359044,0.896301,0.0,0.430248,0.850661,-0.005457,0.493249,0.803695,-0.0245,0.533692,0.800675,-0.047988,0.548625,0.836211,-0.074077,0.449953,0.693386,-0.037927,0.485344,0.665739,-0.0734,0.52391,0.652875,-0.099047,0.560188,0.639575,-0.117113,0.400692,0.703218,-0.056449,0.486236,0.808276,-0.095469,0.489614,0.864687,-0.106779,0.472827,0.869129,-0.111264,0.358267,0.75311,-0.075276,0.447253,0.877898,-0.10996,0.456787,0.910354,-0.105705,0.446635,0.898055,-0.09811,0.323446,0.816254,-0.095188,0.3925,0.902528,-0.1133,0.40699,0.9301,-0.10284,0.399898,0.926063,-0.091904
1192,39733,True,0.9997,0.9997,0.365968,0.881387,0.0,0.436935,0.833106,-0.005818,0.49776,0.785315,-0.026145,0.539743,0.779689,-0.051087,0.556956,0.815334,-0.078945,0.455781,0.672279,-0.035944,0.493718,0.642939,-0.069672,0.533282,0.625558,-0.094017,0.568633,0.608838,-0.111076,0.408521,0.683499,-0.053806,0.494897,0.782038,-0.090242,0.498763,0.843908,-0.100269,0.482431,0.852913,-0.104175,0.367406,0.732914,-0.071977,0.457788,0.849416,-0.10639,0.465028,0.886902,-0.10362,0.452017,0.879983,-0.096937,0.334161,0.79484,-0.090909,0.402958,0.873849,-0.108227,0.417826,0.902402,-0.098153,0.410352,0.901819,-0.087715
1193,39766,True,0.9998,0.9998,0.375634,0.86133,0.0,0.446488,0.814127,-0.006301,0.507377,0.772292,-0.030796,0.551698,0.764398,-0.06051,0.566125,0.788035,-0.093376,0.466994,0.651898,-0.042739,0.506734,0.615555,-0.080399,0.546854,0.592457,-0.105557,0.582674,0.571348,-0.122599,0.418357,0.66289,-0.062026,0.505695,0.754576,-0.1015,0.510686,0.818353,-0.109801,0.495556,0.828142,-0.112201,0.377249,0.711581,-0.081635,0.469133,0.81938,-0.117763,0.477554,0.861573,-0.110601,0.464969,0.859124,-0.100704,0.345415,0.773167,-0.102234,0.415708,0.844815,-0.119989,0.428996,0.872445,-0.107486,0.418818,0.869654,-0.095156
1194,39800,True,0.9998,0.9998,0.385416,0.847009,0.0,0.461841,0.803279,-0.007271,0.523098,0.765236,-0.034613,0.565425,0.752048,-0.066974,0.576912,0.769521,-0.101983,0.481746,0.635869,-0.047393,0.522783,0.592734,-0.089352,0.563605,0.562493,-0.116973,0.598765,0.536616,-0.135051,0.43342,0.639963,-0.066644,0.52162,0.729586,-0.109434,0.523628,0.803134,-0.115746,0.50433,0.820524,-0.115794,0.392627,0.684915,-0.086365,0.485246,0.790585,-0.125048,0.489254,0.838333,-0.114874,0.472221,0.840085,-0.102389,0.361735,0.746133,-0.107135,0.433351,0.816861,-0.126193,0.444818,0.848886,-0.111679,0.432251,0.849114,-0.097444
1195,39833,True,0.9998,0.9998,0.391645,0.8331,0.0,0.471652,0.78947,-0.005041,0.53264,0.749951,-0.03252,0.571829,0.733281,-0.065992,0.582146,0.746667,-0.102186,0.495632,0.618051,-0.044862,0.543086,0.570807,-0.085893,0.586092,0.537017,-0.113262,0.621804,0.507228,-0.132013,0.448013,0.623157,-0.066748,0.537706,0.708721,-0.111373,0.535223,0.783668,-0.119888,0.512163,0.796062,-0.121487,0.40834,0.667963,-0.088652,0.501126,0.763687,-0.129883,0.503008,0.81657,-0.119187,0.482972,0.818009,-0.106263,0.377227,0.728055,-0.111291,0.451471,0.790724,-0.13307,0.464697,0.827732,-0.11748,0.45242,0.82933,-0.102209
1196,39866,True,0.9997,0.9997,0.397173,0.823719,0.0,0.483317,0.78676,-0.005075,0.54222,0.746991,-0.031286,0.580016,0.717117,-0.0631,0.605325,0.687182,-0.096731,0.50846,0.60512,-0.045418,0.55855,0.556743,-0.087601,0.603255,0.519146,-0.115291,0.638466,0.487036,-0.133835,0.461298,0.606768,-0.067586,0.558686,0.686704,-0.115667,0.560319,0.760922,-0.126145,0.539598,0.776743,-0.128174,0.423199,0.651207,-0.089685,0.519448,0.743842,-0.133531,0.519965,0.799101,-0.122613,0.498051,0.801664,-0.109074,0.393166,0.711181,-0.112473,0.467665,0.775702,-0.137831,0.481576,0.810377,-0.123945,0.469805,0.809003,-0.1091
1197,39900,True,0.9996,0.9996,0.402444,0.816421,0.0,0.489997,0.780244,-0.004196,0.549606,0.745545,-0.0324,0.59159,0.725128,-0.066658,0.609994,0.710179,-0.10266,0.524363,0.598138,-0.046643,0.577314,0.546861,-0.089289,0.622099,0.50897,-0.117327,0.655707,0.474133,-0.136477,0.476776,0.59809,-0.070499,0.570743,0.678664,-0.117853,0.568767,0.754853,-0.127172,0.54569,0.767148,-0.128855,0.43709,0.641069,-0.094223,0.53079,0.735011,-0.137546,0.530711,0.792431,-0.125959,0.507885,0.792326,-0.11234,0.406375,0.700349,-0.118741,0.479668,0.766543,-0.142734,0.493701,0.804662,-0.127605,0.481158,0.805009,-0.112424
1198,39933,True,0.9995,0.9995,0.403,0.816507,0.0,0.492483,0.781435,-0.009236,0.551884,0.749418,-0.041101,0.592183,0.732294,-0.077841,0.601332,0.716381,-0.11561,0.530436,0.593777,-0.054055,0.582642,0.544592,-0.098536,0.627255,0.508713,-0.128071,0.661606,0.475382,-0.148768,0.482611,0.593383,-0.076135,0.571892,0.68319,-0.124698,0.567535,0.764501,-0.133455,0.546401,0.777222,-0.135192,0.440506,0.635978,-0.098436,0.531134,0.739382,-0.142,0.530462,0.797315,-0.128927,0.508923,0.796062,-0.114942,0.407789,0.694856,-0.122185,0.479883,0.769745,-0.14666,0.494272,0.810571,-0.131399,0.48337,0.811026,-0.116494
1199,39966,True,0.9993,0.9993,0.395879,0.821953,0.0,0.486683,0.788053,-0.013495,0.543125,0.756175,-0.046817,0.579092,0.737291,-0.08424,0.591953,0.725583,-0.12182,0.521783,0.603135,-0.057139,0.574737,0.54914,-0.102301,0.616304,0.512502,-0.132316,0.649102,0.478902,-0.153625,0.472953,0.598698,-0.077318,0.560944,0.681431,-0.126334,0.560624,0.757443,-0.136615,0.545074,0.768177,-0.139437,0.430674,0.638963,-0.097739,0.517826,0.745045,-0.139228,0.517382,0.797628,-0.125478,0.49729,0.791619,-0.111662,0.396981,0.695261,-0.12035,0.462685,0.774419,-0.143263,0.472922,0.81053,-0.127341,0.458336,0.804331,-0.112192
1200,40000,True,0.9984,0.9984,0.371827,0.827483,0.0,0.464505,0.791117,-0.013464,0.520803,0.753577,-0.041215,0.552253,0.729695,-0.072565,0.573149,0.702767,-0.103716,0.48736,0.601673,-0.051273,0.541632,0.551782,-0.09473,0.585655,0.515909,-0.126085,0.622799,0.485564,-0.148825,0.441166,0.602683,-0.070695,0.534353,0.682623,-0.123025,0.546773,0.747255,-0.141286,0.538753,0.761998,-0.149704,0.40085,0.645368,-0.090253,0.490767,0.753836,-0.132351,0.490098,0.79924,-0.123099,0.469578,0.792017,-0.112505,0.366595,0.70263,-0.112199,0.43251,0.782204,-0.137461,0.43961,0.809243,-0.125567,0.423989,0.796418,-0.113236
1201,40033,True,0.996,0.996,0.350601,0.843828,0.0,0.428834,0.796642,-0.01267,0.480132,0.749917,-0.034143,0.507478,0.727026,-0.059029,0.531262,0.713661,-0.08317,0.449699,0.607299,-0.04199,0.492949,0.557224,-0.077307,0.524795,0.519103,-0.102074,0.557,0.488222,-0.120212,0.401795,0.612011,-0.056626,0.472303,0.687492,-0.096503,0.505745,0.732638,-0.1092,0.526216,0.750828,-0.11617,0.359427,0.653098,-0.072219,0.434228,0.759592,-0.102307,0.444328,0.795505,-0.094022,0.438491,0.797496,-0.086428,0.32579,0.709907,-0.090958,0.38211,0.793301,-0.108997,0.391697,0.813453,-0.10151,0.384309,0.802803,-0.093785
1202,40066,True,0.9982,0.9982,0.334196,0.843596,0.0,0.403556,0.797444,-0.021107,0.452976,0.750028,-0.043467,0.481027,0.723732,-0.067297,0.497605,0.718057,-0.090041,0.418549,0.625268,-0.052218,0.444145,0.564206,-0.088061,0.459409,0.524446,-0.10993,0.472963,0.482482,-0.125892,0.364518,0.626855,-0.06481,0.414655,0.676181,-0.103419,0.444521,0.698382,-0.11776,0.465942,0.696097,-0.126315,0.313489,0.663745,-0.079048,0.375355,0.77249,-0.11533,0.406772,0.805166,-0.115588,0.425844,0.807533,-0.112296,0.274324,0.719325,-0.096325,0.323096,0.796591,-0.116646,0.343285,0.82223,-0.112319,0.351974,0.823575,-0.107327
1203,40100,True,0.9992,0.9992,0.329627,0.834119,1e-06,0.393217,0.78944,-0.026655,0.445003,0.73703,-0.051088,0.470181,0.702527,-0.075529,0.454187,0.704325,-0.098642,0.391581,0.611488,-0.056422,0.394114,0.553193,-0.099083,0.399667,0.514546,-0.125382,0.400117,0.471853,-0.142411,0.329991,0.615968,-0.069918,0.371956,0.610669,-0.11408,0.393197,0.594786,-0.131982,0.405354,0.555446,-0.139871,0.278615,0.658008,-0.085697,0.342692,0.758992,-0.129348,0.37696,0.793745,-0.13034,0.398206,0.792569,-0.122645,0.242046,0.721791,-0.105035,0.292212,0.796886,-0.128133,0.318928,0.826714,-0.120524,0.332363,0.828098,-0.110946
1204,40133,True,0.9988,0.9988,0.326495,0.825457,0.0,0.384806,0.773541,-0.024042,0.434045,0.715481,-0.048145,0.452796,0.684106,-0.073036,0.430531,0.698187,-0.098084,0.367176,0.594644,-0.051448,0.366269,0.545347,-0.088688,0.366434,0.509969,-0.111281,0.364274,0.468439,-0.127285,0.305206,0.606077,-0.062712,0.360186,0.682843,-0.107444,0.392557,0.741752,-0.120008,0.40516,0.749401,-0.122844,0.25697,0.65888,-0.075836,0.32476,0.774503,-0.117436,0.360233,0.8108,-0.11561,0.376105,0.799052,-0.107586,0.225355,0.723735,-0.091839,0.272916,0.800301,-0.116621,0.30707,0.832393,-0.110191,0.324412,0.832889,-0.100575
1205,40166,True,0.9973,0.9973,0.324642,0.823404,0.0,0.380196,0.770641,-0.023481,0.430163,0.706779,-0.046656,0.447725,0.676579,-0.070694,0.431193,0.696865,-0.094492,0.366275,0.592111,-0.049607,0.361846,0.539089,-0.085874,0.36123,0.501738,-0.107543,0.35943,0.456096,-0.123299,0.304308,0.59959,-0.060155,0.359317,0.679443,-0.104688,0.390471,0.735128,-0.117289,0.397736,0.738174,-0.120293,0.258381,0.650482,-0.072522,0.328204,0.760159,-0.112537,0.364965,0.7951,-0.110049,0.377292,0.781608,-0.102075,0.227777,0.714414,-0.087832,0.273396,0.787604,-0.111172,0.304721,0.819875,-0.105125,0.317395,0.818795,-0.095975
1206,40200,True,0.9978,0.9978,0.335378,0.805099,0.0,0.389836,0.75957,-0.025315,0.438286,0.704589,-0.051223,0.459189,0.669671,-0.077973,0.442833,0.681436,-0.104615,0.375354,0.58681,-0.057982,0.374659,0.530591,-0.098467,0.377307,0.490291,-0.122388,0.3778,0.4438,-0.139162,0.312639,0.592526,-0.068363,0.367054,0.672158,-0.11647,0.397728,0.728738,-0.127272,0.406015,0.734845,-0.128528,0.266764,0.642822,-0.080608,0.337683,0.754777,-0.123228,0.371244,0.787782,-0.117457,0.382828,0.77617,-0.106567,0.236441,0.705169,-0.09607,0.283629,0.780936,-0.120886,0.313242,0.808775,-0.11369,0.324839,0.805034,-0.103186
1207,40233,True,0.9989,0.9989,0.337913,0.803928,0.0,0.397456,0.757827,-0.021886,0.44892,0.703073,-0.049068,0.473367,0.670055,-0.078959,0.459877,0.673137,-0.108581,0.38771,0.579463,-0.052844,0.394315,0.519752,-0.09497,0.405416,0.478505,-0.119003,0.41534,0.429679,-0.134733,0.328305,0.585495,-0.064269,0.393843,0.664981,-0.1098,0.416936,0.720848,-0.117289,0.416168,0.71558,-0.116401,0.285113,0.635027,-0.077955,0.362104,0.740944,-0.117863,0.385797,0.773707,-0.107153,0.385775,0.757649,-0.093318,0.256451,0.69753,-0.094818,0.310945,0.768474,-0.117023,0.335478,0.794091,-0.106231,0.337452,0.786506,-0.092928
1208,40266,True,0.9987,0.9987,0.3535,0.796009,0.0,0.410613,0.753016,-0.019763,0.460006,0.706337,-0.047199,0.486511,0.676839,-0.078361,0.477812,0.674984,-0.10945,0.404862,0.573016,-0.046737,0.416333,0.517621,-0.088982,0.431879,0.477977,-0.114374,0.44743,0.434059,-0.131129,0.347528,0.576697,-0.059961,0.418641,0.665635,-0.106073,0.437178,0.730058,-0.115808,0.432015,0.728502,-0.117309,0.305265,0.624544,-0.075613,0.384061,0.729565,-0.117421,0.406226,0.770555,-0.109172,0.404305,0.758202,-0.097738,0.275999,0.686806,-0.093983,0.329394,0.756536,-0.117308,0.351613,0.786952,-0.107299,0.351202,0.783174,-0.095412
1209,40300,True,0.9991,0.9991,0.364444,0.800127,0.0,0.420419,0.764033,-0.019352,0.469646,0.721448,-0.045333,0.497274,0.695932,-0.074513,0.502064,0.683732,-0.103481,0.422658,0.590394,-0.048781,0.438015,0.531507,-0.089418,0.454964,0.493245,-0.114162,0.47161,0.450662,-0.131058,0.365168,0.590138,-0.060123,0.432067,0.678548,-0.103852,0.446992,0.742972,-0.113415,0.439888,0.746026,-0.116196,0.322245,0.633908,-0.07332,0.396731,0.739385,-0.111616,0.412757,0.779768,-0.102594,0.404873,0.770738,-0.092278,0.290512,0.692863,-0.089191,0.34514,0.765174,-0.111874,0.365898,0.795783,-0.10228,0.361138,0.792852,-0.09116
1210,40333,True,0.9991,0.9991,0.373536,0.831091,0.0,0.426332,0.79752,-0.020787,0.474715,0.756694,-0.046959,0.501927,0.726607,-0.076126,0.506909,0.718254,-0.105216,0.435146,0.622842,-0.048905,0.454879,0.569033,-0.0881,0.4705,0.527832,-0.111406,0.485266,0.482393,-0.127474,0.376775,0.61611,-0.059616,0.432683,0.715061,-0.1021,0.446636,0.775948,-0.110655,0.442281,0.776104,-0.112022,0.331793,0.656681,-0.072365,0.396922,0.777597,-0.111504,0.412811,0.816805,-0.103917,0.408116,0.805134,-0.093184,0.297691,0.71306,-0.087855,0.34471,0.796455,-0.111275,0.362686,0.82778,-0.103071,0.358952,0.824247,-0.092166
1211,40366,True,0.9954,0.9954,0.373085,0.865372,-0.0,0.427433,0.822429,-0.015203,0.475428,0.777715,-0.036586,0.506279,0.768145,-0.062145,0.518773,0.793741,-0.088794,0.445089,0.657967,-0.035907,0.471378,0.627417,-0.070629,0.495062,0.602346,-0.093922,0.517563,0.571732,-0.11042,0.388605,0.655132,-0.048162,0.444199,0.78322,-0.089084,0.450882,0.843338,-0.101474,0.44241,0.849983,-0.105093,0.342464,0.700217,-0.062329,0.403864,0.841008,-0.099767,0.412544,0.876484,-0.098331,0.405679,0.858904,-0.091102,0.306015,0.758746,-0.078614,0.351524,0.856769,-0.100768,0.361577,0.88573,-0.095634,0.354389,0.874494,-0.086844
1212,40400,True,0.9693,0.9693,0.375393,0.856844,0.0,0.441093,0.833872,-0.027874,0.495377,0.821991,-0.057898,0.518102,0.846504,-0.08909,0.521311,0.891356,-0.120787,0.458491,0.699546,-0.0582,0.486863,0.726656,-0.106088,0.517363,0.741773,-0.140546,0.547773,0.75563,-0.161021,0.400448,0.711794,-0.064507,0.455808,0.87919,-0.102564,0.45159,0.907027,-0.112956,0.442306,0.889445,-0.119381,0.351553,0.763392,-0.074172,0.412232,0.92429,-0.102545,0.400993,0.924635,-0.094591,0.387732,0.890874,-0.087044,0.310779,0.822551,-0.088635,0.357648,0.937428,-0.109301,0.354329,0.937179,-0.102702,0.341576,0.909922,-0.093497
1213,40433,True,0.9906,0.9906,0.364087,0.938598,-0.0,0.4299,0.922843,-0.026335,0.489867,0.896013,-0.051283,0.531061,0.897579,-0.077625,0.563231,0.916388,-0.10432,0.475633,0.760931,-0.048302,0.500081,0.805236,-0.092221,0.522939,0.830378,-0.121961,0.547158,0.852358,-0.139733,0.413958,0.763737,-0.058849,0.465896,0.953607,-0.112377,0.472254,1.027891,-0.130539,0.471379,1.053165,-0.135305,0.357561,0.811696,-0.072158,0.414329,1.002301,-0.120561,0.413115,1.060374,-0.117177,0.408916,1.073703,-0.104965,0.309066,0.87655,-0.088785,0.351827,1.007088,-0.122237,0.358727,1.060286,-0.115652,0.360503,1.076867,-0.102083
1214,40466,True,0.9964,0.9964,0.365158,0.970241,-0.0,0.428096,0.947771,-0.018124,0.486565,0.920264,-0.040565,0.532055,0.932176,-0.066288,0.566473,0.960837,-0.09263,0.472423,0.788798,-0.041465,0.501557,0.846315,-0.081878,0.523471,0.897646,-0.107559,0.542027,0.94177,-0.121759,0.409001,0.794696,-0.054195,0.457709,0.976005,-0.104234,0.465231,1.059939,-0.121111,0.462377,1.095136,-0.126466,0.349057,0.833532,-0.068951,0.403611,1.000302,-0.11704,0.413204,1.070985,-0.118938,0.413578,1.096376,-0.11139,0.298516,0.887792,-0.085637,0.343495,1.002792,-0.120435,0.357324,1.066024,-0.118584,0.361215,1.094611,-0.109254
1215,40500,True,0.9941,0.9941,0.353002,0.981669,-0.0,0.421118,0.957795,-0.019091,0.483301,0.93191,-0.042489,0.530903,0.949053,-0.070902,0.554309,0.982741,-0.100844,0.474058,0.800692,-0.034081,0.502241,0.863808,-0.079967,0.523471,0.921558,-0.110241,0.545036,0.966536,-0.126118,0.408702,0.812304,-0.048751,0.464559,0.980516,-0.106327,0.481774,1.080446,-0.127168,0.489329,1.128422,-0.131802,0.346015,0.850911,-0.066426,0.404848,1.008903,-0.12051,0.419094,1.092276,-0.124852,0.423155,1.125739,-0.115216,0.293122,0.901534,-0.086101,0.336867,1.006061,-0.120277,0.352965,1.071985,-0.116645,0.358875,1.104807,-0.104806
1216,40533,True,0.9962,0.9962,0.350754,0.979963,-0.0,0.420502,0.95486,-0.018367,0.483254,0.930713,-0.042037,0.532378,0.951009,-0.070134,0.561853,0.98906,-0.099462,0.471956,0.798573,-0.036815,0.498786,0.870578,-0.081318,0.51875,0.926436,-0.111053,0.539251,0.96654,-0.127782,0.40667,0.812831,-0.051807,0.464508,0.993034,-0.107261,0.47504,1.084344,-0.127138,0.477796,1.12115,-0.132913,0.345385,0.852091,-0.069358,0.406136,1.016466,-0.122031,0.414417,1.087598,-0.125144,0.413491,1.108693,-0.116473,0.293287,0.903493,-0.088896,0.33833,1.010749,-0.124107,0.350922,1.072099,-0.120711,0.353469,1.099927,-0.109701
1217,40566,True,0.997,0.997,0.352326,0.982714,0.0,0.414406,0.949714,-0.018027,0.4726,0.918441,-0.0413,0.522299,0.92612,-0.06777,0.565588,0.951936,-0.095646,0.4635,0.788815,-0.042672,0.505534,0.870325,-0.079984,0.534971,0.921466,-0.103684,0.557883,0.960491,-0.117848,0.400594,0.802883,-0.055258,0.460033,0.984839,-0.097113,0.459758,1.057389,-0.110683,0.450751,1.078733,-0.117124,0.342203,0.843955,-0.069415,0.403235,1.00785,-0.113373,0.403043,1.068289,-0.113053,0.394307,1.082461,-0.106284,0.290598,0.896694,-0.085329,0.337325,1.01029,-0.118963,0.350574,1.070935,-0.115109,0.352172,1.097094,-0.105354
1218,40600,True,0.9936,0.9936,0.355079,0.960837,0.0,0.418515,0.935402,-0.021517,0.47599,0.905557,-0.044171,0.524985,0.91407,-0.069354,0.562475,0.937697,-0.095445,0.466057,0.777398,-0.041736,0.496025,0.848832,-0.080897,0.522986,0.889473,-0.108297,0.549325,0.920909,-0.125228,0.404777,0.786693,-0.052747,0.462933,0.967321,-0.092715,0.457818,1.009971,-0.106524,0.445557,1.003044,-0.114174,0.346346,0.827845,-0.06658,0.403422,0.996798,-0.10858,0.398967,1.042143,-0.107072,0.390189,1.044775,-0.099875,0.293789,0.88236,-0.083274,0.338212,1.001611,-0.116655,0.346987,1.055736,-0.113386,0.346861,1.075527,-0.10409
1219,40633,True,0.9912,0.9912,0.35139,0.939151,0.0,0.417518,0.913546,-0.017722,0.476402,0.887985,-0.039604,0.521517,0.900297,-0.063805,0.553442,0.921676,-0.087578,0.459092,0.760247,-0.041226,0.489742,0.823615,-0.080425,0.520637,0.855177,-0.110276,0.548786,0.881968,-0.130084,0.400826,0.771859,-0.05296,0.45613,0.956061,-0.086935,0.439046,0.968404,-0.097819,0.419012,0.932763,-0.106779,0.346172,0.817648,-0.067548,0.403364,0.991254,-0.095621,0.388074,0.985667,-0.087084,0.373564,0.944299,-0.080815,0.295911,0.875826,-0.0862,0.346807,1.004963,-0.109471,0.342381,1.007566,-0.104175,0.32893,0.976643,-0.096796
1220,40666,True,0.9931,0.9931,0.3455,0.907683,0.0,0.415876,0.888565,-0.021021,0.476861,0.873316,-0.045807,0.521537,0.888482,-0.0722,0.550783,0.911644,-0.096535,0.456668,0.747473,-0.047625,0.491726,0.802988,-0.08946,0.522709,0.842688,-0.116722,0.543794,0.883744,-0.132516,0.399577,0.757821,-0.057487,0.458353,0.94099,-0.092076,0.44103,0.955163,-0.098319,0.421158,0.92283,-0.103254,0.346269,0.803156,-0.070899,0.406799,0.977097,-0.095373,0.390704,0.96339,-0.081295,0.377195,0.91954,-0.071648,0.297817,0.860013,-0.089133,0.348197,0.984261,-0.107763,0.34463,0.97092,-0.099737,0.333425,0.930525,-0.090771
1221,40700,True,0.9965,0.9965,0.337726,0.911947,0.0,0.402065,0.88633,-0.021444,0.460266,0.871169,-0.049695,0.50601,0.89005,-0.080263,0.535204,0.917323,-0.110454,0.448238,0.744028,-0.050624,0.485854,0.787472,-0.093748,0.52295,0.810529,-0.123372,0.554293,0.838796,-0.141879,0.394039,0.75201,-0.061527,0.454766,0.929244,-0.098376,0.429703,0.945975,-0.103132,0.409244,0.913795,-0.105806,0.343181,0.796444,-0.076115,0.404642,0.966412,-0.104618,0.385203,0.95419,-0.091466,0.372534,0.911709,-0.081192,0.296446,0.853559,-0.095312,0.347163,0.974047,-0.114631,0.339518,0.962543,-0.105802,0.326793,0.926875,-0.096248
1222,40733,True,0.9974,0.9974,0.336847,0.906437,0.0,0.402471,0.87815,-0.021011,0.460033,0.862482,-0.050323,0.503168,0.882064,-0.081906,0.528778,0.913399,-0.11272,0.444418,0.735348,-0.054578,0.482209,0.771145,-0.099383,0.516223,0.798503,-0.127985,0.543438,0.832455,-0.144674,0.390053,0.743023,-0.065347,0.451092,0.922261,-0.101211,0.430153,0.93927,-0.102843,0.411728,0.907941,-0.102732,0.339602,0.790542,-0.079751,0.402728,0.963078,-0.106332,0.386598,0.948943,-0.088708,0.375269,0.907072,-0.074927,0.293543,0.8504,-0.098988,0.343676,0.971781,-0.118551,0.338283,0.957628,-0.107961,0.327673,0.921801,-0.095849
1223,40766,True,0.9955,0.9955,0.340379,0.89831,0.0,0.405983,0.866972,-0.023499,0.464074,0.850355,-0.054313,0.505322,0.87684,-0.087071,0.524742,0.919374,-0.119113,0.44357,0.728976,-0.056714,0.477625,0.767383,-0.103729,0.51224,0.791569,-0.135077,0.542768,0.823493,-0.154002,0.388656,0.737794,-0.066605,0.446468,0.920374,-0.104132,0.430031,0.933558,-0.106933,0.414881,0.899198,-0.107722,0.338131,0.786643,-0.080494,0.399065,0.961558,-0.108107,0.387687,0.944636,-0.09015,0.379999,0.900452,-0.075843,0.292794,0.846815,-0.099733,0.341963,0.970315,-0.121262,0.337952,0.95427,-0.111494,0.328355,0.915894,-0.099539
1224,40800,True,0.9943,0.9943,0.341661,0.904542,0.0,0.407572,0.869523,-0.025048,0.467479,0.851989,-0.05719,0.505558,0.881227,-0.09059,0.519918,0.930303,-0.122906,0.44167,0.732492,-0.061819,0.476311,0.770003,-0.112535,0.513141,0.796429,-0.146733,0.546336,0.828402,-0.167494,0.384582,0.741608,-0.071384,0.447092,0.921668,-0.112846,0.436853,0.93778,-0.117414,0.422905,0.904174,-0.119284,0.333672,0.790651,-0.084991,0.397751,0.964985,-0.115236,0.391463,0.951484,-0.097973,0.384747,0.906476,-0.08382,0.289722,0.850681,-0.104023,0.342585,0.973427,-0.126452,0.342394,0.961372,-0.116889,0.333466,0.923631,-0.105303
1225,40833,True,0.9921,0.9921,0.344032,0.914116,0.0,0.414541,0.876755,-0.023687,0.474403,0.853308,-0.054087,0.511605,0.878622,-0.086284,0.523919,0.927438,-0.117019,0.44401,0.730633,-0.054638,0.476748,0.76439,-0.10215,0.513136,0.789575,-0.13385,0.546411,0.820686,-0.153368,0.386419,0.739927,-0.064532,0.449869,0.919194,-0.104597,0.437377,0.93772,-0.109582,0.420669,0.902335,-0.111617,0.335101,0.789414,-0.078599,0.401855,0.964931,-0.107906,0.394443,0.952503,-0.092244,0.386032,0.904988,-0.07943,0.291247,0.850959,-0.097981,0.346967,0.975079,-0.120486,0.345728,0.964967,-0.112641,0.334486,0.926869,-0.102271
1226,40866,True,0.9951,0.9951,0.343731,0.914745,0.0,0.417886,0.877529,-0.021885,0.478418,0.850606,-0.049787,0.516396,0.866922,-0.079592,0.539332,0.9054,-0.107961,0.448331,0.729881,-0.052219,0.479239,0.771788,-0.099591,0.516654,0.800908,-0.130626,0.551741,0.831713,-0.149383,0.390331,0.740622,-0.06261,0.452711,0.916456,-0.102598,0.44187,0.939655,-0.106856,0.425535,0.909106,-0.108017,0.33833,0.791001,-0.077069,0.403316,0.962867,-0.108517,0.396944,0.955382,-0.092441,0.388236,0.909332,-0.078332,0.29364,0.853339,-0.096302,0.347736,0.972095,-0.119607,0.347317,0.966341,-0.110345,0.335285,0.929084,-0.098572
1227,40900,True,0.9949,0.9949,0.340809,0.918787,0.0,0.411617,0.880033,-0.020465,0.472199,0.8525,-0.048663,0.512833,0.873385,-0.078711,0.533141,0.91948,-0.107484,0.444521,0.731935,-0.051894,0.478107,0.765814,-0.097624,0.517179,0.790995,-0.127851,0.55377,0.821154,-0.146664,0.389573,0.74318,-0.063354,0.457306,0.917198,-0.103086,0.445207,0.940512,-0.107009,0.428341,0.911935,-0.107898,0.339127,0.794338,-0.078594,0.408668,0.965128,-0.109614,0.400648,0.956256,-0.093852,0.392227,0.911441,-0.080014,0.295652,0.857738,-0.098456,0.353198,0.976543,-0.120714,0.351809,0.968537,-0.111202,0.340374,0.931374,-0.09957
1228,40933,True,0.9944,0.9944,0.340225,0.907631,0.0,0.412715,0.872392,-0.024805,0.474759,0.849195,-0.055721,0.515833,0.873619,-0.088294,0.535166,0.921646,-0.11953,0.449157,0.732754,-0.057155,0.484298,0.77244,-0.109169,0.523149,0.800634,-0.144165,0.558963,0.834245,-0.165008,0.392771,0.742923,-0.067184,0.458303,0.919675,-0.110406,0.441889,0.933886,-0.115205,0.424242,0.899102,-0.116263,0.341767,0.793446,-0.081827,0.410596,0.965798,-0.113953,0.396539,0.949332,-0.096796,0.386087,0.903179,-0.081687,0.297532,0.855825,-0.101964,0.354882,0.9767,-0.126034,0.348844,0.960668,-0.117251,0.335728,0.920962,-0.105475
1229,40966,True,0.9964,0.9964,0.341593,0.912752,0.0,0.410072,0.880777,-0.019519,0.470665,0.857149,-0.046876,0.513179,0.870772,-0.077095,0.540353,0.902012,-0.10664,0.450179,0.737206,-0.04985,0.486089,0.767926,-0.097978,0.522316,0.790137,-0.131676,0.555093,0.819469,-0.152395,0.395132,0.744741,-0.061978,0.460495,0.921031,-0.101901,0.440605,0.936286,-0.10755,0.422516,0.903141,-0.1102,0.344466,0.793201,-0.078143,0.41063,0.965109,-0.108297,0.394113,0.950511,-0.093603,0.383521,0.906974,-0.081488,0.298504,0.854737,-0.09909,0.353964,0.976271,-0.121014,0.346657,0.961269,-0.112536,0.333443,0.92332,-0.102187
1230,41000,True,0.9964,0.9964,0.347368,0.906237,0.0,0.415616,0.874462,-0.022494,0.47491,0.85213,-0.051989,0.516074,0.868557,-0.083848,0.539398,0.905569,-0.114933,0.452433,0.735645,-0.054143,0.488003,0.766908,-0.104944,0.524013,0.791167,-0.140441,0.557587,0.821425,-0.162128,0.396548,0.744049,-0.065441,0.462288,0.921458,-0.107745,0.443135,0.938764,-0.113662,0.426064,0.906249,-0.116088,0.34552,0.792991,-0.081062,0.41311,0.964479,-0.112669,0.397181,0.949672,-0.097198,0.387096,0.906177,-0.084112,0.29995,0.854264,-0.101824,0.355616,0.974171,-0.124697,0.348395,0.957553,-0.11591,0.335329,0.91908,-0.104904
1231,41033,True,0.9964,0.9964,0.345812,0.912661,0.0,0.413933,0.878762,-0.022849,0.474906,0.853708,-0.05056,0.517465,0.869962,-0.080434,0.54343,0.905917,-0.109153,0.454396,0.734854,-0.050746,0.491387,0.773876,-0.099936,0.528633,0.803098,-0.133377,0.562371,0.836039,-0.153189,0.398333,0.743952,-0.060659,0.462134,0.92372,-0.101376,0.443826,0.940116,-0.106765,0.426567,0.907485,-0.108522,0.346649,0.793304,-0.075151,0.412099,0.966881,-0.106542,0.396928,0.953194,-0.091874,0.387444,0.910023,-0.078665,0.300609,0.855085,-0.094672,0.35641,0.976184,-0.1173,0.350284,0.961993,-0.10891,0.338312,0.92504,-0.097725
1232,41066,True,0.9961,0.9961,0.346361,0.916072,0.0,0.414952,0.880685,-0.021647,0.475497,0.856577,-0.049565,0.517142,0.875885,-0.079844,0.538618,0.916371,-0.109048,0.454208,0.736529,-0.0511,0.490424,0.774063,-0.099371,0.527991,0.801394,-0.131565,0.562202,0.834251,-0.150677,0.398334,0.745234,-0.06176,0.462832,0.925156,-0.102235,0.443823,0.941467,-0.106584,0.426277,0.909135,-0.107491,0.347011,0.794504,-0.076756,0.412767,0.968467,-0.108225,0.397813,0.954808,-0.093162,0.38884,0.911715,-0.079558,0.301458,0.856158,-0.096646,0.356888,0.977319,-0.119162,0.35071,0.963413,-0.110438,0.339156,0.926338,-0.099077
1233,41100,True,0.9948,0.9948,0.346158,0.917354,0.0,0.414905,0.881604,-0.021277,0.475878,0.856728,-0.048086,0.517239,0.876274,-0.077246,0.538634,0.919214,-0.105176,0.455736,0.737673,-0.048614,0.492465,0.776725,-0.096224,0.529993,0.805447,-0.128127,0.564,0.838357,-0.147072,0.400208,0.746536,-0.059266,0.462444,0.92742,-0.099293,0.444629,0.943851,-0.104059,0.427021,0.911866,-0.105187,0.348377,0.796346,-0.074312,0.412142,0.970619,-0.105729,0.398236,0.956958,-0.091356,0.389503,0.913557,-0.077986,0.302169,0.858631,-0.094162,0.356443,0.979897,-0.116837,0.350401,0.965701,-0.108578,0.338763,0.928075,-0.097341
1234,41133,True,0.9948,0.9948,0.345813,0.923408,0.0,0.413764,0.884925,-0.018884,0.475362,0.859912,-0.045174,0.518745,0.88176,-0.07447,0.540672,0.927703,-0.102953,0.455758,0.740044,-0.045856,0.493171,0.778596,-0.091774,0.530404,0.805561,-0.122968,0.564228,0.838868,-0.141686,0.4006,0.749143,-0.057508,0.465276,0.927905,-0.095758,0.444061,0.94362,-0.100166,0.425301,0.911726,-0.101426,0.349377,0.798129,-0.073249,0.414153,0.971273,-0.102913,0.396941,0.957357,-0.089127,0.387087,0.914286,-0.076723,0.303467,0.859424,-0.093617,0.358905,0.980761,-0.113765,0.351926,0.966902,-0.104768,0.340323,0.930079,-0.093752
1235,41166,True,0.9951,0.9951,0.34472,0.925683,0.0,0.413346,0.887769,-0.018751,0.475779,0.862293,-0.044189,0.51962,0.884388,-0.072689,0.540857,0.931436,-0.100503,0.456363,0.741917,-0.043585,0.492994,0.781237,-0.089404,0.531005,0.807887,-0.121073,0.566204,0.840356,-0.140198,0.401426,0.751152,-0.055215,0.46685,0.929894,-0.09361,0.444641,0.946154,-0.098954,0.425175,0.914368,-0.100867,0.350145,0.800284,-0.071071,0.416092,0.974143,-0.101657,0.397513,0.961353,-0.089769,0.38692,0.918688,-0.078426,0.304097,0.861931,-0.091394,0.361359,0.98355,-0.11182,0.353134,0.970895,-0.10362,0.340541,0.935371,-0.09327
1236,41200,True,0.9944,0.9944,0.345705,0.926449,0.0,0.413506,0.886842,-0.018989,0.475655,0.860287,-0.04465,0.5193,0.884165,-0.073412,0.540153,0.933573,-0.10152,0.454833,0.743781,-0.043133,0.495772,0.783467,-0.088882,0.534499,0.809629,-0.121042,0.570292,0.840536,-0.140715,0.400756,0.753358,-0.054867,0.469073,0.930002,-0.09324,0.444889,0.945684,-0.099153,0.424689,0.913348,-0.101569,0.350663,0.802426,-0.070758,0.41933,0.97431,-0.100844,0.399202,0.96213,-0.088981,0.387985,0.920318,-0.077875,0.305927,0.864746,-0.091231,0.363944,0.985898,-0.110868,0.353833,0.97297,-0.102418,0.340275,0.938036,-0.09214
1237,41233,True,0.9955,0.9955,0.340347,0.922938,0.0,0.411965,0.88718,-0.017597,0.476047,0.86278,-0.042954,0.520282,0.886321,-0.071771,0.537615,0.935668,-0.100831,0.455445,0.745114,-0.043406,0.495226,0.776841,-0.090606,0.531088,0.795944,-0.125774,0.565659,0.81957,-0.14825,0.402622,0.753127,-0.056882,0.472602,0.922526,-0.097321,0.443997,0.937972,-0.106394,0.420846,0.905523,-0.111512,0.352559,0.800944,-0.074312,0.423508,0.969781,-0.106098,0.398022,0.956796,-0.097557,0.383194,0.91368,-0.089337,0.307328,0.862765,-0.096025,0.366445,0.982251,-0.117298,0.351266,0.967552,-0.111324,0.333922,0.931873,-0.10359
1238,41266,True,0.9976,0.9976,0.354606,0.91886,0.0,0.420542,0.88636,-0.019598,0.483358,0.862296,-0.046288,0.524507,0.879128,-0.074855,0.535606,0.920485,-0.103814,0.458429,0.742361,-0.054637,0.494847,0.769046,-0.103649,0.530213,0.784406,-0.140695,0.564658,0.803208,-0.165054,0.405312,0.747466,-0.067643,0.474892,0.913475,-0.110858,0.447516,0.928579,-0.120892,0.424465,0.898029,-0.127178,0.355081,0.794702,-0.083896,0.427473,0.96217,-0.118693,0.404413,0.948108,-0.111667,0.389827,0.904545,-0.104951,0.310814,0.85766,-0.104071,0.369894,0.976379,-0.128294,0.356182,0.961368,-0.123865,0.338442,0.924178,-0.117843
1239,41300,True,0.9969,0.9969,0.342398,0.921701,0.0,0.418529,0.881599,-0.02077,0.486772,0.850006,-0.048696,0.530921,0.863598,-0.078819,0.542117,0.911826,-0.10926,0.458261,0.730949,-0.052465,0.495706,0.755775,-0.102084,0.531366,0.77233,-0.138804,0.566951,0.786558,-0.16315,0.403084,0.739443,-0.065706,0.479401,0.89596,-0.111159,0.458952,0.926624,-0.123352,0.436606,0.903297,-0.130094,0.353724,0.790642,-0.082299,0.434818,0.955359,-0.118942,0.419203,0.952859,-0.112696,0.403645,0.910061,-0.105469,0.31177,0.856698,-0.102822,0.378203,0.974629,-0.126612,0.372306,0.967299,-0.121637,0.356799,0.93127,-0.114602
1240,41333,True,0.9995,0.9995,0.346074,0.918616,0.0,0.417304,0.875255,-0.017329,0.482087,0.839284,-0.045501,0.527857,0.849332,-0.074826,0.54139,0.893182,-0.104995,0.449076,0.722489,-0.059715,0.48507,0.727454,-0.106441,0.522041,0.738305,-0.139751,0.558202,0.747792,-0.162372,0.397591,0.733383,-0.074505,0.475834,0.867523,-0.119606,0.466728,0.912574,-0.12988,0.447172,0.902372,-0.135367,0.351383,0.784668,-0.091183,0.435892,0.931577,-0.130002,0.436228,0.954218,-0.123714,0.423938,0.931272,-0.116436,0.314415,0.851407,-0.110438,0.381507,0.957092,-0.133462,0.389441,0.973118,-0.125816,0.379182,0.954007,-0.117813
1241,41366,True,0.9997,0.9997,0.348792,0.903725,0.0,0.420403,0.858053,-0.013794,0.484408,0.818602,-0.039562,0.528553,0.826941,-0.067439,0.543739,0.872317,-0.096812,0.448261,0.706624,-0.05494,0.489244,0.707801,-0.09859,0.526148,0.714044,-0.129041,0.562724,0.71602,-0.149897,0.396685,0.718577,-0.071001,0.476166,0.841866,-0.116567,0.471216,0.893531,-0.127487,0.454412,0.892078,-0.132172,0.35158,0.769404,-0.088405,0.436458,0.907017,-0.128834,0.440784,0.936966,-0.12476,0.432349,0.923234,-0.117386,0.316595,0.834047,-0.107705,0.384648,0.931995,-0.130494,0.39824,0.95513,-0.123221,0.394931,0.946523,-0.114794
1242,41400,True,0.9997,0.9997,0.354197,0.88541,0.0,0.420447,0.840226,-0.008996,0.481337,0.798281,-0.030414,0.523453,0.804022,-0.05493,0.539018,0.846284,-0.081227,0.444542,0.689804,-0.046804,0.484528,0.679176,-0.085527,0.521525,0.682717,-0.112549,0.55953,0.682197,-0.131317,0.395507,0.702681,-0.064198,0.4748,0.818068,-0.106381,0.474899,0.869902,-0.117191,0.462655,0.869714,-0.121725,0.352189,0.752926,-0.082339,0.437045,0.883475,-0.119288,0.444332,0.913885,-0.115098,0.43751,0.900999,-0.107882,0.317617,0.815817,-0.101981,0.383026,0.907302,-0.122085,0.398743,0.933339,-0.113425,0.397546,0.928222,-0.104038
1243,41433,True,0.9997,0.9997,0.361668,0.870902,0.0,0.425449,0.826564,-0.009305,0.484807,0.77972,-0.029042,0.52713,0.777951,-0.052537,0.542978,0.816905,-0.078249,0.446732,0.668712,-0.037889,0.484043,0.648367,-0.072023,0.522093,0.638147,-0.097192,0.558359,0.62653,-0.11518,0.397494,0.678086,-0.054232,0.476449,0.786168,-0.093652,0.480415,0.839666,-0.106765,0.467216,0.846134,-0.112562,0.354776,0.726846,-0.071279,0.438914,0.851775,-0.106886,0.450008,0.885764,-0.10559,0.443575,0.879735,-0.099763,0.320326,0.788894,-0.089788,0.386466,0.874888,-0.109183,0.403196,0.904223,-0.10165,0.401213,0.904866,-0.092731
1244,41466,True,0.9997,0.9997,0.369943,0.861095,0.0,0.435515,0.824379,-0.012636,0.492686,0.781053,-0.035749,0.532574,0.764998,-0.062592,0.544486,0.786613,-0.091808,0.45437,0.657141,-0.039806,0.488846,0.622107,-0.075402,0.524989,0.599038,-0.100336,0.558655,0.57613,-0.117683,0.404626,0.660767,-0.055388,0.477061,0.754143,-0.096506,0.482111,0.812274,-0.109573,0.469586,0.821573,-0.114372,0.361175,0.703795,-0.072079,0.440336,0.817542,-0.110487,0.453771,0.858394,-0.109424,0.450228,0.856226,-0.102874,0.325961,0.762888,-0.090201,0.387606,0.838931,-0.110642,0.405174,0.872064,-0.102716,0.404663,0.875923,-0.093057
1245,41500,True,0.9998,0.9998,0.377848,0.834245,0.0,0.442566,0.793371,-0.012707,0.495435,0.751285,-0.039597,0.534055,0.73449,-0.070484,0.553605,0.756365,-0.103458,0.464653,0.633128,-0.04823,0.49778,0.586733,-0.085759,0.52834,0.551836,-0.11012,0.55724,0.519137,-0.127001,0.411557,0.633654,-0.063389,0.482997,0.725699,-0.105208,0.490635,0.789751,-0.112445,0.479585,0.804312,-0.112405,0.367261,0.674737,-0.079173,0.448373,0.782743,-0.115871,0.46164,0.824961,-0.10552,0.453715,0.827197,-0.092511,0.332513,0.732629,-0.096776,0.39776,0.806301,-0.115755,0.413842,0.838097,-0.102457,0.407012,0.840023,-0.08818
1246,41533,True,0.9998,0.9998,0.380877,0.815047,0.0,0.451702,0.776949,-0.012099,0.506803,0.735011,-0.039994,0.539897,0.710543,-0.072398,0.548928,0.720984,-0.106288,0.467412,0.606867,-0.049029,0.499685,0.552791,-0.091892,0.532637,0.513593,-0.117413,0.562401,0.475672,-0.13362,0.415688,0.608613,-0.065665,0.49244,0.696682,-0.110453,0.494117,0.767842,-0.114865,0.476377,0.772821,-0.111671,0.374313,0.651833,-0.083353,0.45856,0.755767,-0.124917,0.465985,0.802245,-0.109837,0.452294,0.796582,-0.092076,0.342852,0.710141,-0.1027,0.409543,0.780495,-0.125414,0.425533,0.815097,-0.108935,0.418276,0.815079,-0.090978
1247,41566,True,0.9994,0.9994,0.388295,0.807624,0.0,0.463857,0.768934,-0.011075,0.516887,0.72578,-0.039518,0.54456,0.69714,-0.072449,0.551126,0.702224,-0.106675,0.476372,0.589861,-0.049148,0.508218,0.531289,-0.091755,0.539006,0.487997,-0.116822,0.564354,0.446577,-0.13341,0.425455,0.590715,-0.066737,0.504295,0.673599,-0.111969,0.506445,0.751415,-0.115842,0.487139,0.757416,-0.112962,0.384338,0.63415,-0.085181,0.466977,0.734725,-0.127459,0.473879,0.785405,-0.112776,0.459045,0.778023,-0.096385,0.352392,0.693647,-0.105003,0.416731,0.763572,-0.127806,0.433276,0.799901,-0.111488,0.425601,0.79884,-0.09482
1248,41600,True,0.9993,0.9993,0.39253,0.811254,0.0,0.468434,0.767264,-0.010837,0.525169,0.721394,-0.038211,0.554473,0.691325,-0.070295,0.554429,0.695823,-0.103695,0.480335,0.586651,-0.047583,0.515375,0.526679,-0.087976,0.547446,0.481757,-0.112659,0.572533,0.440616,-0.129619,0.429334,0.587364,-0.066299,0.511201,0.671465,-0.111715,0.514166,0.747123,-0.11858,0.494306,0.755266,-0.11812,0.387218,0.630444,-0.085494,0.472664,0.732446,-0.126986,0.479782,0.784773,-0.114021,0.465431,0.780924,-0.099176,0.354479,0.689675,-0.106283,0.41847,0.757172,-0.128766,0.436457,0.794538,-0.113112,0.431033,0.79716,-0.097221
1249,41633,True,0.9994,0.9994,0.390612,0.830814,0.0,0.470695,0.78246,-0.011621,0.533773,0.736414,-0.039598,0.567684,0.706656,-0.072711,0.563085,0.719435,-0.107589,0.489792,0.601231,-0.048798,0.526948,0.549249,-0.090286,0.560298,0.509764,-0.117821,0.589361,0.471659,-0.137358,0.435138,0.599595,-0.068028,0.515839,0.696233,-0.115934,0.518337,0.771619,-0.126967,0.497679,0.785805,-0.129503,0.39015,0.644278,-0.087463,0.47506,0.754795,-0.12967,0.481208,0.807087,-0.119177,0.463477,0.807247,-0.106179,0.355582,0.705324,-0.108784,0.422128,0.783205,-0.132471,0.437377,0.81989,-0.119085,0.426436,0.821066,-0.104674
1250,41666,True,0.9993,0.9993,0.385716,0.854863,0.0,0.467701,0.817413,-0.016123,0.536016,0.786467,-0.04384,0.576622,0.769482,-0.075195,0.571572,0.766309,-0.107626,0.500054,0.634853,-0.052711,0.542745,0.603961,-0.099631,0.578909,0.577008,-0.131591,0.610573,0.547024,-0.152895,0.445268,0.629005,-0.069875,0.523855,0.745939,-0.122158,0.520364,0.81395,-0.136366,0.498771,0.825727,-0.14013,0.397669,0.673766,-0.088447,0.482303,0.81741,-0.135417,0.48311,0.86047,-0.129799,0.468572,0.85131,-0.118062,0.361303,0.737477,-0.109099,0.425712,0.835041,-0.135843,0.436623,0.861982,-0.126609,0.428297,0.851844,-0.114205
1251,41700,True,0.9983,0.9983,0.377745,0.879573,0.0,0.456796,0.831453,-0.013675,0.526588,0.786558,-0.038003,0.571408,0.795725,-0.065458,0.582249,0.839313,-0.094608,0.490866,0.664708,-0.050569,0.535295,0.669699,-0.094522,0.576525,0.667542,-0.127546,0.616201,0.663723,-0.150371,0.437463,0.671153,-0.066376,0.518274,0.829828,-0.111095,0.508386,0.880726,-0.123146,0.486473,0.877237,-0.129094,0.388839,0.723901,-0.08372,0.471029,0.885723,-0.122229,0.461417,0.904916,-0.118058,0.443801,0.875465,-0.11099,0.350193,0.79198,-0.10339,0.414904,0.903389,-0.125309,0.41244,0.915973,-0.118147,0.394669,0.892627,-0.109742
1252,41733,True,0.9823,0.9823,0.384843,0.890423,0.0,0.461167,0.864992,-0.026682,0.519947,0.847023,-0.054955,0.552604,0.87506,-0.084198,0.562039,0.918122,-0.113638,0.486098,0.710392,-0.053238,0.527913,0.755294,-0.098788,0.563804,0.778316,-0.135201,0.597933,0.803631,-0.159403,0.430512,0.727002,-0.06267,0.495737,0.902066,-0.098707,0.469425,0.914467,-0.110186,0.449398,0.889298,-0.120462,0.379936,0.784844,-0.075955,0.45046,0.950318,-0.103199,0.42428,0.937905,-0.095818,0.407,0.904241,-0.091227,0.336085,0.85402,-0.094479,0.393267,0.966315,-0.115287,0.374994,0.953358,-0.109612,0.354306,0.923247,-0.103493
1253,41766,True,0.9965,0.9965,0.367683,0.953568,-0.0,0.42959,0.934615,-0.019617,0.485452,0.916906,-0.04081,0.531425,0.92463,-0.064415,0.567587,0.93619,-0.08911,0.477381,0.770186,-0.042496,0.506091,0.828515,-0.080745,0.512225,0.862442,-0.107889,0.513984,0.888055,-0.124138,0.415146,0.775062,-0.054587,0.466495,0.967052,-0.098511,0.469565,1.05016,-0.115426,0.467202,1.089193,-0.122184,0.358331,0.820763,-0.068363,0.412151,1.002561,-0.109487,0.41669,1.061408,-0.109947,0.416816,1.081278,-0.103623,0.308391,0.883342,-0.084394,0.347577,1.008576,-0.11267,0.354704,1.066927,-0.106018,0.358214,1.096012,-0.094507
1254,41800,True,0.9935,0.9935,0.362956,0.962015,-0.0,0.423209,0.9358,-0.025687,0.47242,0.931594,-0.057125,0.498783,0.966906,-0.089675,0.50733,1.012386,-0.122806,0.456259,0.800499,-0.067603,0.471632,0.889089,-0.111326,0.478561,0.942137,-0.137304,0.479927,0.972783,-0.153978,0.386708,0.819264,-0.081038,0.424058,0.997188,-0.132293,0.436779,1.070206,-0.149015,0.436255,1.091649,-0.157404,0.326319,0.866201,-0.095424,0.374332,1.032665,-0.140491,0.391206,1.084958,-0.137533,0.394512,1.086309,-0.130418,0.278479,0.929251,-0.112832,0.323101,1.046857,-0.144542,0.336177,1.093637,-0.137661,0.338478,1.105027,-0.127567
1255,41833,True,0.9958,0.9958,0.351141,0.972346,0.0,0.411878,0.952143,-0.030698,0.461002,0.943771,-0.060974,0.476257,0.970796,-0.091059,0.466746,1.002251,-0.12033,0.421772,0.81586,-0.06951,0.421581,0.852971,-0.11065,0.42512,0.882615,-0.134976,0.430131,0.893952,-0.151345,0.354545,0.832267,-0.077239,0.386154,1.00122,-0.122525,0.404259,1.042642,-0.134968,0.408881,1.033554,-0.142554,0.298397,0.876634,-0.087151,0.337445,1.040006,-0.123861,0.357402,1.061645,-0.116098,0.362648,1.035818,-0.10838,0.25566,0.931827,-0.101558,0.291408,1.044581,-0.129516,0.305181,1.066635,-0.123798,0.307201,1.052902,-0.115398
1256,41866,True,0.9908,0.9908,0.342245,0.951819,-0.0,0.403872,0.942043,-0.031407,0.457082,0.932232,-0.061735,0.482744,0.949459,-0.092335,0.459124,0.980679,-0.122547,0.41139,0.805048,-0.064354,0.424397,0.848632,-0.118927,0.429909,0.89793,-0.15572,0.432107,0.940692,-0.17517,0.344421,0.813921,-0.071383,0.376933,0.962249,-0.119398,0.39114,1.006813,-0.136144,0.394638,1.013629,-0.144641,0.286525,0.857625,-0.082401,0.327495,1.015264,-0.118354,0.344972,1.038243,-0.116261,0.350423,1.021283,-0.111217,0.242314,0.913984,-0.098149,0.272437,1.033025,-0.121484,0.288322,1.056541,-0.118093,0.29281,1.043974,-0.111709
1257,41900,True,0.9962,0.9962,0.323514,0.924279,0.0,0.386376,0.907978,-0.030539,0.453119,0.88396,-0.056294,0.484049,0.910156,-0.080751,0.461769,0.962838,-0.100951,0.396218,0.766093,-0.065822,0.409137,0.805445,-0.108612,0.410756,0.822007,-0.129819,0.410967,0.846052,-0.139353,0.327396,0.772855,-0.06911,0.387069,0.972294,-0.102305,0.394959,0.966735,-0.099862,0.386351,0.924058,-0.095189,0.273551,0.821059,-0.076037,0.339832,1.016626,-0.096757,0.349402,0.990099,-0.070973,0.346865,0.933417,-0.049929,0.230973,0.881593,-0.0898,0.286188,1.029324,-0.114473,0.297457,1.018879,-0.105782,0.29457,0.978478,-0.090673
1258,41933,True,0.9935,0.9935,0.317783,0.955481,0.0,0.392147,0.909352,-0.017346,0.452565,0.856096,-0.036999,0.483542,0.850644,-0.059412,0.464513,0.879012,-0.078186,0.39778,0.735628,-0.040731,0.407329,0.722478,-0.07569,0.402763,0.723991,-0.093261,0.399402,0.739506,-0.10177,0.331989,0.727522,-0.048653,0.378455,0.890266,-0.083489,0.403329,0.919971,-0.084175,0.411661,0.911882,-0.077948,0.277946,0.7688,-0.059396,0.339014,0.944336,-0.083428,0.360108,0.947737,-0.063399,0.363621,0.91184,-0.043403,0.238613,0.825577,-0.07501,0.287776,0.953815,-0.095668,0.305134,0.963302,-0.086491,0.303873,0.935617,-0.070625
1259,41966,True,0.9979,0.9979,0.317127,0.906328,0.0,0.388785,0.857503,-0.016502,0.452855,0.802567,-0.037092,0.483724,0.782873,-0.060025,0.471119,0.804589,-0.081568,0.401977,0.680473,-0.043058,0.405155,0.660183,-0.077888,0.409163,0.63865,-0.101477,0.414214,0.607265,-0.118648,0.335185,0.678714,-0.05455,0.383644,0.812039,-0.0923,0.408691,0.848438,-0.101273,0.413174,0.836805,-0.103875,0.282652,0.72532,-0.067843,0.347175,0.878043,-0.097493,0.372883,0.894382,-0.087014,0.373576,0.86574,-0.075663,0.247383,0.787088,-0.084917,0.299216,0.895471,-0.105029,0.318425,0.912528,-0.097984,0.313517,0.894508,-0.087764
1260,42000,True,0.9991,0.9991,0.333126,0.868989,0.0,0.396048,0.818635,-0.015312,0.450957,0.769492,-0.036809,0.480286,0.739083,-0.061279,0.478838,0.744209,-0.085727,0.40416,0.638924,-0.044263,0.41373,0.583662,-0.076468,0.420307,0.545999,-0.096599,0.426169,0.503704,-0.111378,0.34376,0.636792,-0.056945,0.395686,0.731135,-0.0941,0.419061,0.79013,-0.103039,0.424881,0.803553,-0.105013,0.294726,0.681016,-0.070354,0.359473,0.806663,-0.102756,0.386867,0.844395,-0.094826,0.394828,0.841567,-0.084359,0.25949,0.741517,-0.086338,0.306537,0.823316,-0.104332,0.329335,0.852827,-0.094302,0.332585,0.852589,-0.08247
1261,42033,True,0.9993,0.9993,0.347936,0.818957,0.0,0.407483,0.787256,-0.022413,0.457527,0.745044,-0.045998,0.482284,0.711891,-0.071598,0.478073,0.698707,-0.097108,0.410223,0.600866,-0.045846,0.416784,0.530755,-0.078643,0.426627,0.481224,-0.096825,0.436909,0.434131,-0.109187,0.35255,0.599214,-0.054963,0.400478,0.68281,-0.094433,0.420429,0.7427,-0.101465,0.423705,0.754247,-0.100059,0.306173,0.642788,-0.06602,0.366368,0.756316,-0.103924,0.39416,0.796222,-0.096006,0.40366,0.795064,-0.082997,0.271954,0.702653,-0.079795,0.313922,0.778412,-0.101902,0.337631,0.809588,-0.092349,0.343255,0.811908,-0.079039
1262,42066,True,0.9992,0.9992,0.357271,0.792113,0.0,0.413336,0.759208,-0.023171,0.45811,0.722252,-0.053114,0.482208,0.691896,-0.085889,0.476137,0.678386,-0.118144,0.414453,0.578672,-0.056205,0.424102,0.499304,-0.099187,0.435232,0.446954,-0.121462,0.446745,0.396312,-0.135176,0.35675,0.582185,-0.067489,0.413202,0.65361,-0.116739,0.433209,0.722639,-0.122635,0.43612,0.730558,-0.118919,0.31242,0.625478,-0.080928,0.381801,0.730858,-0.125699,0.406581,0.7766,-0.113163,0.410903,0.774273,-0.096486,0.280489,0.683779,-0.097273,0.328374,0.756051,-0.122264,0.354998,0.791947,-0.109566,0.363206,0.794343,-0.093928
1263,42100,True,0.9989,0.9989,0.365143,0.782517,0.0,0.420402,0.751091,-0.024228,0.466375,0.716706,-0.055847,0.490105,0.688782,-0.090496,0.48066,0.669388,-0.124785,0.422439,0.569865,-0.058937,0.434291,0.491324,-0.102748,0.446543,0.434321,-0.127039,0.458288,0.380918,-0.142998,0.363697,0.569122,-0.07022,0.425985,0.650374,-0.118465,0.446024,0.721401,-0.125341,0.446266,0.72878,-0.124513,0.319675,0.611682,-0.083656,0.388542,0.716954,-0.126216,0.410263,0.762804,-0.11402,0.410664,0.760284,-0.100317,0.288208,0.670298,-0.100394,0.334265,0.741936,-0.126196,0.359152,0.774929,-0.115489,0.363951,0.775188,-0.102555
1264,42133,True,0.9991,0.9991,0.368759,0.78719,0.0,0.425028,0.753121,-0.022576,0.470479,0.717962,-0.055121,0.495212,0.691507,-0.090574,0.48883,0.67218,-0.125867,0.425225,0.572274,-0.060691,0.438431,0.495252,-0.106931,0.452046,0.438507,-0.132554,0.463616,0.384821,-0.149135,0.367974,0.572155,-0.07278,0.435892,0.645615,-0.121391,0.452952,0.723822,-0.126037,0.44765,0.735986,-0.123767,0.325095,0.616265,-0.086931,0.399908,0.714003,-0.131405,0.418145,0.762793,-0.117442,0.412632,0.760621,-0.102327,0.294751,0.677107,-0.10385,0.34554,0.742766,-0.131196,0.369971,0.777728,-0.119121,0.370347,0.778718,-0.105193
1265,42166,True,0.999,0.999,0.371673,0.804153,0.0,0.427671,0.767689,-0.021855,0.472858,0.728374,-0.053264,0.497244,0.698594,-0.088222,0.492864,0.684294,-0.123018,0.429888,0.58186,-0.056424,0.445458,0.505843,-0.101678,0.460199,0.449159,-0.126546,0.472774,0.39591,-0.142763,0.372803,0.582635,-0.069089,0.439077,0.662373,-0.118448,0.454148,0.739534,-0.123753,0.44763,0.750968,-0.121574,0.330105,0.627122,-0.084003,0.406424,0.729253,-0.129049,0.422147,0.77936,-0.115169,0.415298,0.776599,-0.099517,0.299279,0.6887,-0.101768,0.352403,0.757194,-0.128597,0.37514,0.792296,-0.116325,0.374071,0.792145,-0.102019
1266,42200,True,0.9992,0.9992,0.370933,0.829201,0.0,0.429195,0.788184,-0.017725,0.476328,0.741575,-0.045686,0.50095,0.708512,-0.078051,0.501041,0.703377,-0.110572,0.432324,0.602102,-0.050452,0.450564,0.525517,-0.093859,0.468454,0.470508,-0.11801,0.483959,0.416783,-0.134077,0.374798,0.603931,-0.064909,0.439529,0.68397,-0.114088,0.453314,0.759222,-0.120825,0.444952,0.767783,-0.119441,0.331828,0.649313,-0.081113,0.409557,0.75213,-0.12678,0.426198,0.803998,-0.114137,0.419072,0.800726,-0.098329,0.30061,0.710532,-0.099663,0.354776,0.776909,-0.125878,0.375877,0.812361,-0.113152,0.373006,0.811923,-0.09816
1267,42233,True,0.9987,0.9987,0.366819,0.843685,0.0,0.42714,0.804451,-0.023918,0.476261,0.760968,-0.0561,0.502921,0.729709,-0.091967,0.504673,0.727219,-0.127733,0.435301,0.620295,-0.056086,0.457297,0.546917,-0.099496,0.475782,0.492787,-0.123844,0.491991,0.439868,-0.140475,0.376176,0.621191,-0.068407,0.443064,0.711658,-0.11776,0.458905,0.782176,-0.125224,0.453804,0.786977,-0.124535,0.33217,0.666353,-0.08294,0.410138,0.777918,-0.127861,0.427728,0.823525,-0.116331,0.422947,0.816328,-0.101742,0.300355,0.726,-0.10064,0.358758,0.799973,-0.127037,0.381095,0.834468,-0.115817,0.379924,0.83449,-0.101952
1268,42266,True,0.999,0.999,0.368163,0.853561,0.0,0.428256,0.812006,-0.019274,0.479465,0.76885,-0.04925,0.509678,0.741829,-0.083631,0.511699,0.746595,-0.118549,0.438176,0.631562,-0.056133,0.459427,0.56154,-0.099677,0.478228,0.510756,-0.124509,0.495097,0.458967,-0.141403,0.377431,0.63283,-0.070461,0.446739,0.729479,-0.119437,0.457736,0.796487,-0.127431,0.447711,0.797796,-0.127652,0.332747,0.679581,-0.086298,0.414232,0.796743,-0.131574,0.429894,0.84026,-0.121119,0.422106,0.831474,-0.107364,0.299854,0.740104,-0.104719,0.360019,0.817042,-0.131176,0.383573,0.851173,-0.119741,0.383847,0.851712,-0.105864
1269,42300,True,0.9988,0.9988,0.367453,0.85751,0.0,0.428403,0.816401,-0.019856,0.480274,0.772199,-0.048985,0.510932,0.745102,-0.082071,0.516868,0.753199,-0.11573,0.438946,0.643265,-0.058859,0.460174,0.570384,-0.102512,0.479296,0.517762,-0.128181,0.496435,0.465143,-0.14595,0.378583,0.643038,-0.072611,0.448576,0.744315,-0.122858,0.460864,0.806008,-0.1321,0.452639,0.811128,-0.133165,0.333807,0.689891,-0.087722,0.414445,0.810304,-0.133526,0.430892,0.849439,-0.124863,0.425471,0.842564,-0.112236,0.301298,0.750247,-0.10547,0.361003,0.830456,-0.133271,0.383642,0.862343,-0.123888,0.384343,0.863017,-0.11129
1270,42333,True,0.9989,0.9989,0.36917,0.863925,0.0,0.429074,0.823093,-0.018906,0.479485,0.77948,-0.047855,0.511363,0.752642,-0.080816,0.521433,0.757391,-0.11454,0.439812,0.649539,-0.058812,0.461908,0.578331,-0.101869,0.481101,0.525338,-0.127665,0.497765,0.473759,-0.145515,0.379593,0.648732,-0.072442,0.451283,0.750337,-0.12017,0.462949,0.808926,-0.128841,0.453963,0.813124,-0.130356,0.334844,0.695682,-0.087291,0.415442,0.816438,-0.131311,0.431093,0.853615,-0.122926,0.4243,0.847223,-0.11123,0.302274,0.756133,-0.104652,0.361967,0.837176,-0.131322,0.384012,0.867877,-0.121836,0.383542,0.869655,-0.1097
1271,42366,True,0.9994,0.9994,0.367626,0.862348,0.0,0.427318,0.821114,-0.01738,0.478626,0.77992,-0.047051,0.511527,0.75567,-0.081151,0.521367,0.760654,-0.11583,0.441487,0.652094,-0.058116,0.462843,0.580329,-0.102012,0.482968,0.528246,-0.12768,0.500311,0.476786,-0.145225,0.380879,0.650973,-0.072706,0.454228,0.74986,-0.12012,0.465608,0.81226,-0.1276,0.455833,0.814941,-0.128238,0.336427,0.697368,-0.088427,0.417542,0.816835,-0.131663,0.432279,0.855057,-0.120762,0.423124,0.846106,-0.107683,0.304385,0.756915,-0.1066,0.36331,0.838236,-0.132161,0.385849,0.869085,-0.120474,0.384022,0.868752,-0.106992
1272,42400,True,0.9993,0.9993,0.367676,0.862023,0.0,0.426453,0.822036,-0.018805,0.477126,0.781678,-0.047868,0.510225,0.75822,-0.080609,0.520164,0.761207,-0.113881,0.440665,0.651583,-0.05995,0.463149,0.583342,-0.103621,0.483258,0.533168,-0.130385,0.500333,0.482421,-0.149018,0.380817,0.650628,-0.07372,0.453422,0.75377,-0.121407,0.466298,0.812455,-0.130652,0.458043,0.816175,-0.132958,0.33604,0.697798,-0.088552,0.416606,0.818311,-0.131602,0.432505,0.855817,-0.122282,0.425086,0.849538,-0.110457,0.303545,0.758338,-0.105989,0.363953,0.840839,-0.131942,0.386446,0.871686,-0.121563,0.385243,0.872562,-0.109064
1273,42433,True,0.9994,0.9994,0.366761,0.863498,0.0,0.425182,0.823665,-0.018002,0.475837,0.783315,-0.04622,0.508655,0.758594,-0.078167,0.518948,0.761412,-0.11072,0.43921,0.654921,-0.058388,0.46102,0.587005,-0.101091,0.480696,0.536799,-0.127156,0.497496,0.486632,-0.14525,0.379587,0.653819,-0.072045,0.451763,0.756246,-0.118167,0.464141,0.813845,-0.12679,0.455287,0.816719,-0.12889,0.33507,0.70082,-0.086697,0.415241,0.821458,-0.128668,0.430851,0.85774,-0.119084,0.422928,0.850628,-0.107254,0.302762,0.761247,-0.103846,0.362729,0.843328,-0.128825,0.38452,0.873978,-0.117942,0.382453,0.875022,-0.105274
1274,42466,True,0.9993,0.9993,0.367599,0.867219,0.0,0.424636,0.824071,-0.016452,0.475301,0.77905,-0.044037,0.508925,0.754791,-0.075717,0.518753,0.770147,-0.108604,0.436077,0.656798,-0.057188,0.458392,0.589402,-0.098128,0.47811,0.539065,-0.12326,0.494612,0.489329,-0.14096,0.376665,0.658234,-0.071204,0.450481,0.760183,-0.115267,0.463414,0.81611,-0.122986,0.454026,0.81882,-0.124919,0.333044,0.70667,-0.085939,0.414857,0.823795,-0.125989,0.430745,0.858582,-0.116503,0.421858,0.851712,-0.105169,0.301533,0.766992,-0.103054,0.362415,0.846117,-0.126217,0.384288,0.876055,-0.114992,0.382257,0.878477,-0.102551
1275,42500,True,0.9994,0.9994,0.363629,0.867111,0.0,0.421277,0.824359,-0.015396,0.473328,0.779932,-0.042918,0.508509,0.75675,-0.07509,0.519668,0.77197,-0.108589,0.433881,0.658597,-0.055183,0.456232,0.591847,-0.096759,0.477807,0.543428,-0.121725,0.49624,0.494556,-0.138895,0.375069,0.660993,-0.070149,0.450559,0.761391,-0.114949,0.462498,0.8196,-0.122649,0.451262,0.821515,-0.123959,0.332427,0.710219,-0.085972,0.414816,0.827106,-0.127491,0.430864,0.863481,-0.118277,0.421386,0.855827,-0.1064,0.301777,0.771011,-0.103932,0.362151,0.850008,-0.127579,0.383572,0.880319,-0.11608,0.380529,0.881909,-0.103092
1276,42533,True,0.9992,0.9992,0.364412,0.870301,0.0,0.420624,0.828443,-0.015889,0.472585,0.78426,-0.042846,0.509248,0.762903,-0.074036,0.521238,0.776327,-0.106671,0.432516,0.663998,-0.058222,0.45681,0.59892,-0.100362,0.478913,0.551721,-0.126971,0.498125,0.503758,-0.145455,0.374993,0.664651,-0.072317,0.449077,0.770585,-0.116848,0.459063,0.82426,-0.125014,0.447336,0.826758,-0.127448,0.332315,0.71338,-0.087221,0.414974,0.833732,-0.127685,0.429601,0.867306,-0.119014,0.419659,0.860266,-0.108229,0.301387,0.775369,-0.104384,0.361757,0.855474,-0.128212,0.380614,0.88335,-0.11778,0.375387,0.884347,-0.105894
1277,42566,True,0.9991,0.9991,0.366439,0.874705,0.0,0.423828,0.835455,-0.018144,0.475253,0.794137,-0.046213,0.510248,0.771935,-0.078309,0.521839,0.781359,-0.111909,0.435224,0.668474,-0.057699,0.458568,0.607547,-0.10064,0.483266,0.562712,-0.128618,0.50572,0.517803,-0.147892,0.375962,0.668856,-0.071025,0.447719,0.778512,-0.116231,0.458705,0.831064,-0.126353,0.448152,0.834247,-0.130017,0.332529,0.718279,-0.085589,0.411996,0.843091,-0.126288,0.427765,0.874445,-0.119129,0.419976,0.866476,-0.109287,0.301045,0.780439,-0.102717,0.360116,0.86315,-0.126818,0.380797,0.890034,-0.117463,0.378277,0.890429,-0.10622
1278,42600,True,0.9988,0.9988,0.371068,0.874473,0.0,0.425774,0.833314,-0.01439,0.476349,0.788308,-0.039313,0.51104,0.773007,-0.068851,0.52562,0.795514,-0.100184,0.436896,0.674205,-0.050919,0.458351,0.616319,-0.089885,0.483039,0.575398,-0.11461,0.50649,0.533517,-0.132178,0.377285,0.67428,-0.065454,0.449787,0.787816,-0.108368,0.462612,0.8432,-0.117874,0.453563,0.844072,-0.121031,0.333354,0.723322,-0.080954,0.413605,0.851129,-0.120615,0.431481,0.883038,-0.114607,0.42492,0.870531,-0.105368,0.301159,0.784224,-0.098534,0.36081,0.868722,-0.122028,0.380787,0.896625,-0.113164,0.376719,0.895004,-0.102243
1279,42633,True,0.9982,0.9982,0.369125,0.872782,0.0,0.425056,0.834082,-0.013607,0.478413,0.789086,-0.03692,0.514188,0.77787,-0.064978,0.527936,0.804143,-0.094972,0.43725,0.683022,-0.049246,0.460767,0.625022,-0.086564,0.486074,0.585217,-0.110307,0.510088,0.54584,-0.127256,0.378132,0.683437,-0.063232,0.450599,0.795676,-0.10421,0.46196,0.846476,-0.113732,0.450905,0.846662,-0.117208,0.335139,0.731599,-0.078067,0.415062,0.859239,-0.115047,0.431508,0.88688,-0.109397,0.423377,0.872682,-0.100881,0.303785,0.790782,-0.095023,0.364252,0.877634,-0.116826,0.381265,0.902501,-0.108677,0.373962,0.898173,-0.098629
1280,42666,True,0.9985,0.9985,0.366511,0.880415,0.0,0.423158,0.839959,-0.01306,0.477319,0.794051,-0.035542,0.514711,0.780912,-0.062775,0.529839,0.807306,-0.091953,0.437286,0.686928,-0.046277,0.462035,0.629517,-0.081518,0.488601,0.590714,-0.104725,0.513376,0.553364,-0.121515,0.379905,0.687888,-0.060429,0.451315,0.796077,-0.09908,0.463807,0.845606,-0.108915,0.453888,0.849535,-0.112954,0.33655,0.735584,-0.075383,0.416077,0.861826,-0.110729,0.432051,0.889407,-0.106303,0.423639,0.877918,-0.09888,0.304462,0.794654,-0.092417,0.364305,0.879818,-0.112953,0.381847,0.904842,-0.10498,0.37594,0.902705,-0.095314
1281,42700,True,0.9987,0.9987,0.365278,0.883304,0.0,0.421207,0.839363,-0.012747,0.47461,0.79333,-0.036186,0.513308,0.780824,-0.064501,0.529094,0.810397,-0.095016,0.436481,0.684327,-0.047809,0.463224,0.628901,-0.084024,0.490922,0.589603,-0.107842,0.516169,0.551622,-0.124906,0.379863,0.687689,-0.062427,0.45337,0.796359,-0.101697,0.465856,0.846913,-0.111205,0.456445,0.850019,-0.114964,0.337376,0.737147,-0.077703,0.417697,0.859879,-0.113834,0.434353,0.889295,-0.109052,0.426976,0.880219,-0.101233,0.306277,0.797318,-0.09496,0.366864,0.880522,-0.115676,0.385951,0.906951,-0.106987,0.382109,0.907124,-0.096749
1282,42733,True,0.9988,0.9988,0.365213,0.881805,0.0,0.421147,0.839563,-0.014822,0.474084,0.793544,-0.039262,0.512601,0.781187,-0.067976,0.528479,0.810856,-0.098635,0.436509,0.684992,-0.050391,0.463251,0.629632,-0.087606,0.490818,0.589784,-0.112159,0.515899,0.551352,-0.129758,0.379899,0.687905,-0.064305,0.450902,0.795005,-0.105128,0.464815,0.841745,-0.115669,0.457834,0.84251,-0.119969,0.337064,0.73612,-0.079033,0.416333,0.859798,-0.115704,0.434352,0.887892,-0.110928,0.429171,0.877842,-0.103065,0.305624,0.795871,-0.09604,0.366614,0.87984,-0.117446,0.385812,0.906833,-0.109097,0.382684,0.906309,-0.099011
1283,42766,True,0.9989,0.9989,0.365545,0.88269,0.0,0.421461,0.839946,-0.013872,0.474755,0.793828,-0.037861,0.513083,0.780722,-0.066205,0.527318,0.809396,-0.096665,0.436601,0.684739,-0.050215,0.463243,0.62941,-0.087252,0.491004,0.589894,-0.111593,0.516248,0.551859,-0.128931,0.380064,0.687679,-0.064342,0.451778,0.795059,-0.104295,0.463735,0.843415,-0.114119,0.454723,0.844876,-0.118131,0.337245,0.736223,-0.079162,0.417031,0.859362,-0.115465,0.433898,0.887464,-0.110409,0.427951,0.877409,-0.102482,0.305854,0.796294,-0.09609,0.367077,0.879228,-0.117203,0.38736,0.905947,-0.108453,0.385497,0.906058,-0.09813
1284,42800,True,0.9988,0.9988,0.364241,0.882024,0.0,0.421259,0.838763,-0.013929,0.47495,0.79236,-0.038311,0.513328,0.779609,-0.067082,0.526917,0.810138,-0.097976,0.435998,0.683984,-0.051722,0.46259,0.627416,-0.090285,0.49082,0.588399,-0.115249,0.516518,0.550979,-0.132789,0.378935,0.687033,-0.066277,0.451161,0.791929,-0.108399,0.464593,0.841285,-0.118707,0.455799,0.843009,-0.122469,0.336423,0.736174,-0.081475,0.416698,0.85877,-0.119728,0.434537,0.88895,-0.114535,0.42853,0.880328,-0.105719,0.305551,0.79696,-0.098714,0.367654,0.880048,-0.121313,0.387836,0.906959,-0.112807,0.384899,0.906268,-0.102106
1285,42833,True,0.9991,0.9991,0.362745,0.883464,0.0,0.420879,0.840365,-0.0141,0.47523,0.794644,-0.039038,0.514592,0.781232,-0.068532,0.527297,0.807722,-0.100093,0.435959,0.683722,-0.051116,0.462229,0.628637,-0.090483,0.490722,0.590828,-0.115901,0.516981,0.554046,-0.133487,0.379234,0.687871,-0.066132,0.451536,0.790166,-0.108613,0.463057,0.838563,-0.118916,0.45251,0.837855,-0.122397,0.337043,0.737536,-0.08199,0.418699,0.859032,-0.120935,0.435359,0.890029,-0.114944,0.427717,0.880673,-0.105162,0.306407,0.798531,-0.099962,0.369584,0.88053,-0.122831,0.390306,0.908308,-0.113366,0.387532,0.908131,-0.101696
1286,42866,True,0.9992,0.9992,0.363553,0.885411,0.0,0.42224,0.842908,-0.013641,0.477289,0.79702,-0.037547,0.515966,0.785421,-0.06589,0.527634,0.812998,-0.096598,0.437985,0.686989,-0.049972,0.464591,0.634769,-0.088173,0.492171,0.598705,-0.113102,0.518165,0.562192,-0.130377,0.381728,0.690532,-0.064731,0.453477,0.795729,-0.105824,0.465742,0.847388,-0.115936,0.456523,0.850146,-0.119329,0.339142,0.739849,-0.080152,0.419644,0.860641,-0.118571,0.436698,0.895196,-0.112822,0.429714,0.889551,-0.103077,0.307831,0.80034,-0.09751,0.370879,0.883045,-0.119848,0.392218,0.913991,-0.109931,0.389938,0.917393,-0.097857
1287,42900,True,0.9991,0.9991,0.36396,0.886845,0.0,0.423351,0.843533,-0.012256,0.479652,0.798234,-0.035176,0.519269,0.788504,-0.06251,0.532422,0.817691,-0.092527,0.437822,0.689914,-0.048545,0.471022,0.638553,-0.084348,0.501506,0.601519,-0.108948,0.529744,0.566937,-0.126552,0.383318,0.69481,-0.064004,0.45677,0.798923,-0.103122,0.468237,0.838569,-0.115321,0.459521,0.83722,-0.121428,0.341337,0.744724,-0.079798,0.4257,0.866324,-0.115961,0.441739,0.895217,-0.113182,0.436308,0.888701,-0.106556,0.310082,0.80632,-0.097487,0.37491,0.888393,-0.119001,0.394979,0.916292,-0.111041,0.393984,0.918886,-0.101099
1288,42933,True,0.9992,0.9992,0.365165,0.886497,0.0,0.424033,0.841263,-0.010093,0.481456,0.794722,-0.032134,0.522105,0.787371,-0.058676,0.53689,0.821873,-0.088328,0.441348,0.689866,-0.048383,0.47662,0.639789,-0.083989,0.509659,0.60413,-0.108406,0.540409,0.57134,-0.125877,0.388728,0.696387,-0.065014,0.467006,0.799049,-0.105593,0.476572,0.843454,-0.118034,0.465248,0.849645,-0.123575,0.347107,0.74767,-0.081627,0.434323,0.868527,-0.118427,0.447312,0.896526,-0.116289,0.440181,0.889882,-0.109578,0.316319,0.811124,-0.099739,0.382244,0.891016,-0.120829,0.400644,0.916226,-0.112951,0.398959,0.917496,-0.103055
1289,42966,True,0.9994,0.9994,0.367108,0.881179,0.0,0.428278,0.837458,-0.007829,0.487178,0.793965,-0.031012,0.527568,0.785917,-0.058986,0.538724,0.818592,-0.090066,0.448479,0.686686,-0.050441,0.48319,0.635121,-0.088072,0.518791,0.600911,-0.112524,0.551402,0.570785,-0.129262,0.397332,0.6928,-0.067314,0.477986,0.796502,-0.108372,0.487619,0.853873,-0.116716,0.475059,0.868268,-0.118954,0.355622,0.741092,-0.084013,0.441547,0.859513,-0.121012,0.453373,0.891399,-0.115505,0.443762,0.887339,-0.106661,0.323984,0.800639,-0.101827,0.388796,0.879969,-0.121995,0.405826,0.908313,-0.112163,0.400518,0.911274,-0.101092
1290,43000,True,0.9998,0.9998,0.372623,0.872367,0.0,0.437495,0.828939,-0.008871,0.495168,0.791228,-0.036787,0.535525,0.782243,-0.070079,0.551664,0.808333,-0.105465,0.459122,0.671772,-0.049854,0.493472,0.621049,-0.09255,0.53107,0.588206,-0.118795,0.565892,0.559841,-0.135278,0.408987,0.678751,-0.068065,0.492639,0.778974,-0.111361,0.497989,0.845427,-0.116364,0.482962,0.853774,-0.114999,0.367417,0.725919,-0.087015,0.455993,0.838535,-0.126288,0.46503,0.878332,-0.114871,0.45082,0.873394,-0.101073,0.334995,0.785837,-0.107285,0.401774,0.861407,-0.126887,0.414938,0.892112,-0.111773,0.402487,0.89241,-0.096401
1291,43033,True,0.9998,0.9998,0.3782,0.862879,0.0,0.449104,0.821823,-0.007283,0.50986,0.782214,-0.034105,0.551054,0.770908,-0.066441,0.563231,0.792216,-0.10156,0.466103,0.65462,-0.047439,0.503379,0.601194,-0.089371,0.544691,0.566836,-0.115509,0.58206,0.537773,-0.132166,0.419014,0.661344,-0.067122,0.503449,0.752804,-0.110923,0.50481,0.82229,-0.118318,0.486042,0.833867,-0.118911,0.379061,0.708097,-0.087306,0.467525,0.815106,-0.128587,0.475565,0.862445,-0.120397,0.46379,0.862509,-0.108497,0.347699,0.768191,-0.108283,0.41287,0.833895,-0.128498,0.428113,0.868414,-0.113947,0.422175,0.873689,-0.09933
1292,43066,True,0.9998,0.9998,0.383263,0.847846,0.0,0.459224,0.810873,-0.009435,0.518431,0.78044,-0.040988,0.559795,0.768604,-0.078071,0.573293,0.770395,-0.117144,0.478981,0.632888,-0.053356,0.518227,0.576204,-0.101839,0.560973,0.537811,-0.131883,0.597622,0.505966,-0.150666,0.430833,0.635962,-0.073834,0.5161,0.721355,-0.123091,0.518616,0.799984,-0.13012,0.499401,0.814855,-0.129575,0.390766,0.681481,-0.0953,0.478274,0.783973,-0.141211,0.485963,0.837508,-0.128674,0.470944,0.838862,-0.113131,0.359901,0.743162,-0.117838,0.425615,0.809649,-0.141938,0.440486,0.84442,-0.125745,0.430348,0.84511,-0.109124
1293,43100,True,0.9997,0.9997,0.388983,0.83378,0.0,0.468248,0.792246,-0.007141,0.525489,0.753128,-0.037224,0.561588,0.732354,-0.072993,0.570571,0.734748,-0.110824,0.486669,0.61077,-0.050923,0.532403,0.549556,-0.094318,0.575393,0.511751,-0.121232,0.610938,0.481225,-0.138907,0.439211,0.617863,-0.072636,0.526183,0.694329,-0.119403,0.529046,0.776939,-0.12538,0.510974,0.795008,-0.124548,0.399417,0.664791,-0.094513,0.487292,0.751236,-0.137114,0.495619,0.809149,-0.121842,0.480849,0.815478,-0.105423,0.369156,0.726106,-0.117442,0.43578,0.779957,-0.139342,0.452135,0.817564,-0.120583,0.442367,0.822779,-0.102705
1294,43133,True,0.9997,0.9997,0.391652,0.825029,0.0,0.47139,0.780174,-0.00594,0.527197,0.738114,-0.036156,0.563675,0.714267,-0.072528,0.58039,0.713328,-0.110886,0.495262,0.592148,-0.050185,0.543026,0.526994,-0.09263,0.585733,0.484442,-0.119987,0.620456,0.448907,-0.138451,0.44641,0.596808,-0.073337,0.537226,0.670645,-0.121999,0.541239,0.752727,-0.131056,0.522669,0.773453,-0.131776,0.406772,0.642157,-0.09616,0.497976,0.72375,-0.13957,0.508638,0.784325,-0.126272,0.494406,0.79568,-0.110785,0.375838,0.701085,-0.119978,0.446533,0.751695,-0.142246,0.466892,0.793742,-0.124101,0.461037,0.805753,-0.106313
1295,43166,True,0.9995,0.9995,0.395584,0.817372,0.0,0.476769,0.769411,-0.004759,0.533807,0.724168,-0.03375,0.570842,0.699587,-0.069289,0.587161,0.694156,-0.106871,0.502168,0.577273,-0.047313,0.554411,0.51092,-0.088192,0.59693,0.463121,-0.114812,0.629823,0.424424,-0.132947,0.454508,0.581999,-0.070732,0.545619,0.65094,-0.117977,0.551116,0.730354,-0.126669,0.533572,0.752251,-0.127459,0.415179,0.625147,-0.093834,0.50663,0.700896,-0.136234,0.515272,0.761737,-0.123655,0.5,0.774735,-0.10899,0.384743,0.68401,-0.117991,0.452229,0.726924,-0.140706,0.473654,0.767552,-0.124131,0.471428,0.783166,-0.107544
1296,43200,True,0.9993,0.9993,0.397276,0.810095,0.0,0.48292,0.766473,-0.00667,0.540732,0.721124,-0.035081,0.577676,0.69153,-0.069581,0.587223,0.673221,-0.105825,0.508014,0.565961,-0.048854,0.562941,0.500991,-0.0906,0.604939,0.454171,-0.118128,0.636731,0.413293,-0.137006,0.460551,0.569721,-0.07161,0.553497,0.640431,-0.119716,0.556645,0.718876,-0.129425,0.537322,0.737081,-0.131325,0.420814,0.612301,-0.094248,0.513907,0.688744,-0.138046,0.519441,0.750359,-0.12643,0.501734,0.760859,-0.112602,0.390203,0.670885,-0.11808,0.45848,0.712966,-0.142433,0.479163,0.755495,-0.126766,0.475969,0.772392,-0.110898
1297,43233,True,0.9991,0.9991,0.398708,0.811844,0.0,0.483884,0.767025,-0.008168,0.539013,0.721554,-0.037104,0.573795,0.690692,-0.07213,0.592582,0.674161,-0.108491,0.51365,0.568035,-0.048816,0.568726,0.503446,-0.090143,0.610109,0.460669,-0.117071,0.642333,0.422254,-0.135693,0.465155,0.569423,-0.070599,0.556374,0.641225,-0.117581,0.560826,0.720172,-0.126345,0.543472,0.738035,-0.127719,0.424501,0.611137,-0.092497,0.514987,0.691218,-0.134785,0.521223,0.752527,-0.122528,0.503918,0.762235,-0.108623,0.392104,0.668557,-0.115874,0.460594,0.717275,-0.138814,0.480134,0.758974,-0.123157,0.475325,0.772355,-0.10755
1298,43266,True,0.9991,0.9991,0.388457,0.820989,0.0,0.483858,0.771759,-0.008121,0.543828,0.717272,-0.031494,0.576992,0.66754,-0.060164,0.594476,0.622981,-0.08909,0.518785,0.581311,-0.041036,0.574253,0.523525,-0.080537,0.618206,0.483615,-0.106286,0.654698,0.448112,-0.124312,0.469951,0.57873,-0.061236,0.560089,0.652113,-0.109638,0.572403,0.729295,-0.120958,0.563231,0.754593,-0.122939,0.428358,0.618535,-0.081856,0.517058,0.714548,-0.123812,0.523055,0.773402,-0.112161,0.50549,0.78317,-0.098164,0.394154,0.675178,-0.104295,0.462753,0.745581,-0.1295,0.47818,0.782249,-0.11727,0.46807,0.785504,-0.103335
1299,43300,True,0.9988,0.9988,0.381037,0.844108,0.0,0.479081,0.805013,-0.010777,0.548914,0.774589,-0.039942,0.591933,0.754289,-0.074207,0.58934,0.743793,-0.109147,0.516163,0.610937,-0.048209,0.576658,0.576142,-0.089344,0.618763,0.548604,-0.117272,0.6534,0.520258,-0.137962,0.466213,0.606966,-0.0696,0.548649,0.70461,-0.116354,0.552009,0.788401,-0.127749,0.540323,0.806578,-0.132366,0.420156,0.647363,-0.091312,0.50351,0.760493,-0.130619,0.506091,0.814041,-0.121099,0.48972,0.809645,-0.111263,0.384279,0.706312,-0.115187,0.447861,0.784577,-0.136647,0.456758,0.816701,-0.124992,0.44293,0.808209,-0.114249
1300,43333,True,0.9975,0.9975,0.369317,0.864124,0.0,0.460797,0.822388,-0.009051,0.538809,0.786412,-0.032512,0.592056,0.778413,-0.060469,0.598902,0.776611,-0.088905,0.50241,0.637081,-0.042726,0.56051,0.635442,-0.082193,0.600765,0.623081,-0.111778,0.63545,0.607954,-0.134037,0.454842,0.635864,-0.062236,0.535545,0.77844,-0.107078,0.532279,0.840314,-0.121274,0.515506,0.8477,-0.129888,0.407521,0.679585,-0.082517,0.485384,0.827296,-0.121539,0.482953,0.86441,-0.118259,0.4673,0.848212,-0.113518,0.3699,0.74202,-0.104623,0.428892,0.846242,-0.127579,0.430348,0.868386,-0.121626,0.414325,0.850016,-0.115716
1301,43366,True,0.9923,0.9923,0.354612,0.896992,-0.0,0.441048,0.856464,-0.01164,0.513616,0.811234,-0.031637,0.557971,0.808484,-0.054664,0.578577,0.831603,-0.077816,0.486121,0.671597,-0.036604,0.528577,0.691352,-0.07234,0.565898,0.704687,-0.098985,0.60039,0.719891,-0.118106,0.437175,0.676652,-0.050848,0.505478,0.840411,-0.090261,0.491559,0.890308,-0.101747,0.47422,0.888171,-0.108337,0.389764,0.72419,-0.066823,0.455072,0.886501,-0.101639,0.439047,0.90651,-0.100175,0.422439,0.881538,-0.096288,0.3486,0.787376,-0.084844,0.400715,0.900721,-0.107007,0.394731,0.911292,-0.104481,0.380338,0.88485,-0.099998
1302,43400,True,0.9759,0.9759,0.362311,0.898555,-0.0,0.441656,0.879544,-0.022669,0.503765,0.857775,-0.044435,0.546141,0.868263,-0.067063,0.577073,0.882787,-0.087199,0.473349,0.709226,-0.042905,0.512024,0.765801,-0.083379,0.533933,0.801117,-0.113116,0.549178,0.832041,-0.131003,0.418678,0.723112,-0.051739,0.473291,0.903846,-0.08618,0.449951,0.913016,-0.096787,0.43001,0.880138,-0.104546,0.367337,0.772594,-0.064174,0.42654,0.941509,-0.090641,0.40423,0.927618,-0.082341,0.388246,0.885177,-0.075834,0.319711,0.830638,-0.081242,0.368787,0.946373,-0.10264,0.358618,0.936667,-0.097247,0.345835,0.903598,-0.089457
1303,43433,True,0.9389,0.9389,0.355205,0.882253,0.0,0.424655,0.864546,-0.026773,0.484004,0.863559,-0.055381,0.525972,0.906204,-0.084853,0.54401,0.964649,-0.111886,0.45794,0.746679,-0.05631,0.497263,0.855329,-0.106487,0.522775,0.917471,-0.139247,0.541728,0.965835,-0.15553,0.396375,0.766835,-0.06509,0.446023,0.949729,-0.096912,0.431728,0.939624,-0.099603,0.417277,0.896251,-0.101925,0.342229,0.814756,-0.078079,0.398138,0.982174,-0.098965,0.387268,0.954254,-0.077093,0.377993,0.908674,-0.060189,0.294758,0.866942,-0.097431,0.339856,0.986619,-0.114034,0.337806,0.961043,-0.099296,0.328627,0.918496,-0.083096
1304,43466,True,0.9915,0.9915,0.324222,0.948676,-0.0,0.38794,0.922054,-0.022317,0.448336,0.913198,-0.051781,0.489783,0.948916,-0.083569,0.51361,1.006608,-0.11713,0.455625,0.771911,-0.05145,0.487575,0.933662,-0.102963,0.501685,1.024499,-0.138717,0.515403,1.077522,-0.158855,0.387383,0.788773,-0.066274,0.430936,0.985377,-0.113989,0.439589,1.077968,-0.131082,0.442237,1.112249,-0.139237,0.32445,0.8318,-0.08342,0.374279,1.009533,-0.131289,0.387214,1.089765,-0.130583,0.391068,1.117534,-0.121023,0.269763,0.885759,-0.102945,0.316128,1.008295,-0.132153,0.33246,1.07708,-0.122671,0.340357,1.111039,-0.109073
1305,43500,True,0.9946,0.9946,0.323014,0.927309,0.0,0.384816,0.90311,-0.023869,0.443173,0.903208,-0.055257,0.484001,0.947638,-0.089257,0.503453,1.008418,-0.125105,0.446372,0.774217,-0.054836,0.478721,0.935269,-0.107572,0.493405,1.014088,-0.144048,0.507366,1.057343,-0.165278,0.378864,0.789905,-0.068999,0.42546,0.985596,-0.117675,0.434041,1.060488,-0.134488,0.436121,1.080005,-0.143707,0.316532,0.828307,-0.085968,0.366215,1.005841,-0.132908,0.378252,1.067094,-0.132888,0.38137,1.076144,-0.125629,0.263681,0.876453,-0.105703,0.307164,1.00552,-0.135072,0.322471,1.059698,-0.128919,0.327538,1.076751,-0.119304
1306,43533,True,0.9643,0.9643,0.329062,0.87727,0.0,0.393571,0.863163,-0.029634,0.448324,0.872459,-0.06332,0.483893,0.921381,-0.097323,0.494792,0.977751,-0.13103,0.43584,0.756959,-0.061403,0.466433,0.896646,-0.111284,0.477074,0.939007,-0.148596,0.484959,0.958041,-0.171588,0.373657,0.780512,-0.071036,0.415378,0.960047,-0.103778,0.405497,0.941669,-0.11396,0.394676,0.891512,-0.125404,0.317472,0.823135,-0.084312,0.36098,0.986514,-0.107342,0.354664,0.95461,-0.095627,0.348749,0.901467,-0.088795,0.268084,0.869487,-0.103545,0.307385,0.99189,-0.120549,0.308629,0.966927,-0.111629,0.30077,0.922155,-0.103602
1307,43566,True,0.9826,0.9826,0.336059,0.857056,0.0,0.40397,0.836808,-0.023688,0.45711,0.850833,-0.056839,0.490719,0.8958,-0.090263,0.493685,0.94398,-0.122721,0.423458,0.732658,-0.069582,0.460454,0.853432,-0.111806,0.476115,0.899175,-0.138887,0.477193,0.916358,-0.156243,0.36247,0.754768,-0.081133,0.412925,0.928591,-0.109884,0.412551,0.924907,-0.114989,0.398258,0.88388,-0.124511,0.309914,0.797446,-0.094355,0.361329,0.962341,-0.113534,0.364862,0.943554,-0.101201,0.357396,0.894966,-0.096971,0.266675,0.84452,-0.112495,0.308435,0.971385,-0.127315,0.314395,0.957892,-0.119856,0.304774,0.917184,-0.115377
1308,43600,True,0.9727,0.9727,0.324708,0.867002,0.0,0.395517,0.833013,-0.024956,0.448672,0.815173,-0.052589,0.480825,0.840748,-0.08017,0.481888,0.889179,-0.10423,0.417107,0.696328,-0.052737,0.451492,0.791972,-0.096473,0.468937,0.860909,-0.121829,0.475698,0.902863,-0.134844,0.357535,0.713089,-0.059192,0.402844,0.886067,-0.092036,0.411288,0.910694,-0.096418,0.405248,0.888198,-0.099685,0.305594,0.757185,-0.06908,0.360261,0.927962,-0.091119,0.367265,0.92453,-0.077514,0.359194,0.880034,-0.067257,0.264412,0.808949,-0.08382,0.308093,0.936708,-0.098657,0.320462,0.937093,-0.09016,0.315297,0.900707,-0.08075
1309,43633,True,0.9836,0.9836,0.32007,0.859264,0.0,0.392299,0.816425,-0.023671,0.446789,0.783242,-0.047592,0.475484,0.788336,-0.071823,0.470811,0.82401,-0.09206,0.418209,0.659979,-0.046402,0.452651,0.737544,-0.088796,0.467666,0.812137,-0.109853,0.471511,0.853569,-0.11879,0.356863,0.674684,-0.052903,0.39574,0.834847,-0.087089,0.411198,0.875926,-0.089873,0.408587,0.863853,-0.088627,0.302484,0.719975,-0.063214,0.352439,0.881566,-0.089653,0.371422,0.893155,-0.076765,0.372365,0.855062,-0.063561,0.260973,0.772749,-0.077569,0.303731,0.890707,-0.094449,0.320153,0.903838,-0.084901,0.318254,0.877088,-0.072122
1310,43666,True,0.9975,0.9975,0.318102,0.857907,0.0,0.386289,0.811981,-0.019434,0.440734,0.765496,-0.043853,0.478031,0.75221,-0.071012,0.473794,0.780857,-0.097683,0.402873,0.631629,-0.029859,0.410116,0.642136,-0.066434,0.433915,0.649657,-0.090673,0.461468,0.652795,-0.106017,0.346121,0.639531,-0.040798,0.396622,0.758007,-0.080436,0.410023,0.820719,-0.090418,0.411265,0.824697,-0.091772,0.295999,0.681776,-0.055423,0.352584,0.817303,-0.092598,0.370725,0.854757,-0.090322,0.373583,0.839211,-0.081912,0.257341,0.73736,-0.072802,0.30268,0.836559,-0.093121,0.316434,0.863891,-0.088699,0.3128,0.850756,-0.080499
1311,43700,True,0.9982,0.9982,0.317131,0.826377,0.0,0.384788,0.787705,-0.01667,0.442794,0.745255,-0.037549,0.476003,0.719022,-0.060894,0.465714,0.721512,-0.08441,0.391609,0.610432,-0.035087,0.404417,0.584307,-0.068525,0.424896,0.573838,-0.091058,0.446609,0.561776,-0.106254,0.337115,0.612328,-0.046903,0.390762,0.706849,-0.083284,0.407387,0.761159,-0.095115,0.409052,0.764743,-0.099664,0.290434,0.654399,-0.060847,0.351543,0.771553,-0.095068,0.374223,0.807846,-0.092835,0.380014,0.798826,-0.086451,0.255551,0.711932,-0.077066,0.300317,0.795688,-0.096911,0.319704,0.826966,-0.090818,0.322623,0.824326,-0.08243
1312,43733,True,0.9988,0.9988,0.330303,0.79988,0.0,0.393213,0.763575,-0.020049,0.4451,0.722082,-0.043293,0.471917,0.691029,-0.068361,0.460274,0.680666,-0.093662,0.397392,0.582291,-0.04164,0.409065,0.537106,-0.07517,0.422824,0.504326,-0.096238,0.435741,0.46944,-0.110721,0.341981,0.58133,-0.052156,0.395594,0.657947,-0.091429,0.416318,0.72277,-0.101345,0.419477,0.737509,-0.102847,0.295573,0.621381,-0.064493,0.356384,0.723063,-0.101563,0.380861,0.768653,-0.096486,0.38702,0.769313,-0.086547,0.261585,0.677741,-0.079145,0.306613,0.747554,-0.100087,0.327025,0.779047,-0.092271,0.328956,0.779682,-0.081735
1313,43766,True,0.9993,0.9993,0.342203,0.783238,0.0,0.399814,0.740729,-0.018705,0.447092,0.691356,-0.045314,0.471365,0.653165,-0.074056,0.460077,0.651368,-0.104025,0.391993,0.562095,-0.048521,0.406136,0.509115,-0.088038,0.422881,0.468919,-0.110974,0.436398,0.428321,-0.126048,0.337993,0.566569,-0.061055,0.404863,0.626279,-0.106161,0.425193,0.706264,-0.1119,0.421216,0.725203,-0.109041,0.295183,0.609789,-0.075292,0.366197,0.694686,-0.118348,0.388458,0.744805,-0.108833,0.386137,0.746237,-0.09488,0.263417,0.669578,-0.091311,0.316334,0.728159,-0.115674,0.341759,0.76373,-0.104361,0.341816,0.768176,-0.090891
1314,43800,True,0.9995,0.9995,0.350795,0.765767,0.0,0.405319,0.726817,-0.021892,0.450352,0.684302,-0.052102,0.473538,0.646102,-0.084529,0.460403,0.636273,-0.116948,0.396401,0.549384,-0.055053,0.407548,0.493026,-0.101806,0.42536,0.449793,-0.128028,0.440369,0.408181,-0.143983,0.340676,0.553104,-0.067671,0.405744,0.616678,-0.121361,0.427992,0.699414,-0.128319,0.425491,0.720712,-0.124547,0.298782,0.598602,-0.082636,0.370927,0.686283,-0.132848,0.395155,0.737652,-0.122543,0.39384,0.741075,-0.106548,0.269556,0.661611,-0.099712,0.320938,0.720649,-0.129576,0.348747,0.755931,-0.119339,0.351937,0.760106,-0.105378
1315,43833,True,0.9991,0.9991,0.35516,0.766592,0.0,0.407068,0.730599,-0.02026,0.451548,0.690264,-0.048923,0.475732,0.654349,-0.0802,0.466798,0.634123,-0.111859,0.397372,0.554574,-0.051476,0.411921,0.494898,-0.094916,0.428603,0.447961,-0.120694,0.44267,0.402564,-0.137202,0.342456,0.555596,-0.063573,0.412014,0.615831,-0.112846,0.433349,0.696121,-0.121419,0.429139,0.719474,-0.120302,0.301862,0.598596,-0.077405,0.376506,0.682169,-0.122314,0.398026,0.735407,-0.112027,0.393974,0.742392,-0.097802,0.27427,0.659746,-0.093341,0.325631,0.71726,-0.119908,0.351681,0.752528,-0.109048,0.352557,0.757991,-0.095475
1316,43866,True,0.9994,0.9994,0.360339,0.775812,0.0,0.41025,0.738297,-0.018052,0.452855,0.698672,-0.047404,0.478495,0.667149,-0.080366,0.474309,0.643645,-0.113475,0.401079,0.558604,-0.049015,0.416738,0.498767,-0.094601,0.433981,0.451629,-0.121434,0.448437,0.405305,-0.137973,0.346705,0.560905,-0.062161,0.420033,0.6271,-0.111076,0.438583,0.707582,-0.118888,0.429231,0.72292,-0.117749,0.307508,0.604951,-0.077304,0.385852,0.687927,-0.123858,0.405479,0.741787,-0.112531,0.397018,0.744529,-0.09761,0.280299,0.66714,-0.094233,0.334957,0.724126,-0.122053,0.363913,0.76191,-0.109597,0.365524,0.768281,-0.094559
1317,43900,True,0.9994,0.9994,0.358831,0.784209,0.0,0.411527,0.748867,-0.020024,0.457178,0.711268,-0.048718,0.484031,0.682936,-0.080754,0.479072,0.657982,-0.112708,0.405296,0.570948,-0.048444,0.421256,0.507453,-0.090461,0.43929,0.461576,-0.115143,0.455318,0.41573,-0.130839,0.350817,0.574037,-0.060001,0.424807,0.646291,-0.106007,0.441127,0.722163,-0.114847,0.431327,0.733514,-0.115289,0.311771,0.618204,-0.073533,0.391436,0.706318,-0.116952,0.410091,0.756356,-0.107472,0.40137,0.755285,-0.094871,0.284092,0.678473,-0.089146,0.339507,0.739111,-0.115509,0.366746,0.774601,-0.104523,0.367479,0.777838,-0.090984
1318,43933,True,0.9994,0.9994,0.360975,0.799718,0.0,0.415823,0.76166,-0.019388,0.461694,0.722776,-0.048443,0.488666,0.695065,-0.081418,0.484991,0.677474,-0.114112,0.410154,0.584001,-0.0487,0.425633,0.521083,-0.092498,0.444025,0.477957,-0.117085,0.46056,0.431987,-0.132589,0.354464,0.589147,-0.062043,0.425338,0.664317,-0.110045,0.441422,0.739922,-0.118236,0.431533,0.744076,-0.118082,0.314668,0.63539,-0.077568,0.393524,0.727052,-0.122115,0.413626,0.777383,-0.110724,0.405604,0.771641,-0.096597,0.286578,0.697051,-0.095365,0.34152,0.760716,-0.121086,0.365573,0.796194,-0.10888,0.362142,0.796493,-0.094651
1319,43966,True,0.9993,0.9993,0.361754,0.810982,0.0,0.417126,0.774069,-0.018324,0.463104,0.734846,-0.045584,0.489701,0.707502,-0.07642,0.491471,0.686472,-0.107077,0.412889,0.597665,-0.04929,0.429617,0.533158,-0.091654,0.448646,0.490634,-0.116113,0.466673,0.4465,-0.131735,0.357555,0.600948,-0.062009,0.427916,0.678564,-0.10935,0.445325,0.749618,-0.119044,0.438882,0.757789,-0.12019,0.317354,0.645943,-0.076427,0.395984,0.742723,-0.119179,0.414865,0.789871,-0.110058,0.408348,0.785683,-0.097872,0.289218,0.706675,-0.092945,0.343856,0.772372,-0.117546,0.366586,0.806206,-0.106691,0.363699,0.806413,-0.093629
1320,44000,True,0.9991,0.9991,0.360115,0.822466,0.0,0.415456,0.785444,-0.015923,0.461517,0.743773,-0.040708,0.487495,0.717504,-0.069271,0.498481,0.699845,-0.098233,0.413992,0.608371,-0.045736,0.432892,0.545922,-0.085197,0.452592,0.502196,-0.108698,0.472627,0.458376,-0.124096,0.360002,0.609888,-0.058313,0.430988,0.694231,-0.102885,0.446704,0.762245,-0.112833,0.441423,0.773743,-0.114705,0.319465,0.653961,-0.072269,0.39793,0.755374,-0.112906,0.415211,0.799225,-0.105872,0.41049,0.796492,-0.095478,0.289611,0.714149,-0.088062,0.345119,0.782895,-0.111654,0.365508,0.815615,-0.102262,0.362456,0.81626,-0.090509
1321,44033,True,0.9993,0.9993,0.360493,0.826743,0.0,0.418169,0.789705,-0.015646,0.467333,0.747931,-0.040806,0.493823,0.720102,-0.069811,0.499174,0.706019,-0.099021,0.419411,0.618807,-0.047521,0.438839,0.555713,-0.087666,0.458042,0.512337,-0.111182,0.476417,0.466657,-0.126853,0.363355,0.617054,-0.060543,0.434497,0.703799,-0.1049,0.448668,0.770472,-0.11415,0.441235,0.775326,-0.116194,0.321286,0.658848,-0.074805,0.40034,0.76247,-0.114765,0.416502,0.806029,-0.105993,0.410054,0.800629,-0.095032,0.290346,0.716399,-0.091065,0.345854,0.787339,-0.114367,0.36703,0.818855,-0.104413,0.364874,0.818537,-0.092572
1322,44066,True,0.999,0.999,0.361175,0.830165,0.0,0.418147,0.791868,-0.016409,0.46585,0.747313,-0.042468,0.493521,0.71811,-0.072173,0.501269,0.712639,-0.102403,0.420706,0.61814,-0.046841,0.439546,0.559371,-0.085228,0.459387,0.518027,-0.107973,0.478672,0.474946,-0.123492,0.365199,0.618371,-0.059854,0.435911,0.705802,-0.102916,0.450153,0.772392,-0.111943,0.443721,0.777749,-0.113851,0.323182,0.660914,-0.074182,0.401873,0.763325,-0.113195,0.419162,0.807189,-0.105668,0.414341,0.80252,-0.095633,0.291959,0.718631,-0.0906,0.348455,0.787871,-0.113128,0.370059,0.8208,-0.103893,0.369388,0.821804,-0.092833
1323,44100,True,0.9992,0.9992,0.362083,0.833261,0.0,0.419981,0.795896,-0.016835,0.467648,0.753601,-0.042972,0.494947,0.723458,-0.072642,0.500635,0.711049,-0.10249,0.42151,0.620831,-0.047816,0.441548,0.563546,-0.08708,0.461211,0.522776,-0.110235,0.479946,0.478913,-0.126007,0.366049,0.620325,-0.060899,0.437329,0.709304,-0.105094,0.450922,0.775505,-0.114536,0.443776,0.778539,-0.11666,0.324154,0.663138,-0.075318,0.403422,0.766607,-0.115395,0.42039,0.810858,-0.10736,0.414861,0.804843,-0.096815,0.293367,0.721407,-0.091864,0.349981,0.791109,-0.11552,0.37124,0.823723,-0.106217,0.369732,0.823556,-0.094892
1324,44133,True,0.9992,0.9992,0.36461,0.832827,0.0,0.422225,0.795768,-0.01599,0.47034,0.753642,-0.041518,0.497785,0.722627,-0.070692,0.499105,0.712556,-0.100471,0.422537,0.623035,-0.047636,0.442726,0.565923,-0.086418,0.462681,0.525882,-0.108999,0.481914,0.482896,-0.124153,0.368185,0.622396,-0.061048,0.441123,0.710487,-0.104649,0.453809,0.777569,-0.113607,0.445815,0.783155,-0.115437,0.326251,0.664952,-0.075708,0.405962,0.76677,-0.115734,0.422055,0.811601,-0.108419,0.416974,0.807194,-0.098313,0.295478,0.723271,-0.092297,0.351231,0.790057,-0.115482,0.371952,0.821801,-0.106534,0.371484,0.822655,-0.095676
1325,44166,True,0.9993,0.9993,0.365053,0.835833,0.0,0.42244,0.797175,-0.016166,0.47069,0.753924,-0.042196,0.499084,0.723088,-0.071842,0.500915,0.717086,-0.10205,0.424573,0.625605,-0.046993,0.444384,0.571048,-0.085649,0.464478,0.532433,-0.108216,0.483964,0.490106,-0.12345,0.36994,0.625044,-0.060341,0.441912,0.711245,-0.103449,0.453399,0.779864,-0.112009,0.444272,0.784613,-0.11351,0.327962,0.667247,-0.074934,0.408278,0.768667,-0.114329,0.422974,0.814238,-0.106029,0.415397,0.809355,-0.095286,0.296866,0.725228,-0.091538,0.353804,0.792671,-0.114217,0.374961,0.825861,-0.104428,0.373283,0.827349,-0.092941
1326,44200,True,0.999,0.999,0.367272,0.834194,0.0,0.424525,0.797632,-0.018053,0.472504,0.755635,-0.045113,0.501145,0.724535,-0.075474,0.501442,0.719253,-0.106613,0.42466,0.624817,-0.049257,0.44467,0.572575,-0.088393,0.465041,0.533067,-0.111291,0.484593,0.490768,-0.1266,0.370632,0.624646,-0.061919,0.44258,0.714041,-0.105165,0.454751,0.78078,-0.113789,0.447161,0.784863,-0.115419,0.329007,0.667393,-0.076019,0.408769,0.770603,-0.115676,0.424374,0.814802,-0.108472,0.419368,0.809756,-0.098582,0.298435,0.726257,-0.09232,0.354088,0.793909,-0.115523,0.3749,0.825574,-0.107001,0.375283,0.826968,-0.096502
1327,44233,True,0.9991,0.9991,0.364798,0.836482,0.0,0.422579,0.797789,-0.017561,0.471331,0.754387,-0.044678,0.500501,0.723339,-0.075365,0.501593,0.720699,-0.106673,0.424732,0.625912,-0.047336,0.444395,0.5741,-0.086588,0.464428,0.535067,-0.108943,0.483325,0.491873,-0.123902,0.37075,0.626342,-0.060661,0.443236,0.712493,-0.104102,0.455355,0.783428,-0.111528,0.446614,0.787126,-0.111895,0.329677,0.66926,-0.075596,0.410274,0.770102,-0.115998,0.425196,0.81678,-0.107344,0.418117,0.8111,-0.096015,0.299293,0.727873,-0.092714,0.356176,0.795339,-0.116227,0.377633,0.829255,-0.10669,0.377654,0.831209,-0.095191
1328,44266,True,0.999,0.999,0.365541,0.837807,0.0,0.422576,0.799139,-0.016921,0.470159,0.756283,-0.043801,0.499591,0.725495,-0.074349,0.500605,0.722232,-0.105349,0.424443,0.627425,-0.045906,0.444089,0.577351,-0.084445,0.464101,0.538903,-0.106209,0.48289,0.497234,-0.120731,0.37126,0.628382,-0.059384,0.443757,0.714462,-0.101586,0.455579,0.783036,-0.108411,0.447175,0.784711,-0.108585,0.330697,0.671229,-0.074554,0.411451,0.773551,-0.114083,0.426334,0.817471,-0.105505,0.419501,0.808878,-0.094546,0.300572,0.729749,-0.091886,0.358215,0.79858,-0.115039,0.377562,0.831347,-0.105739,0.374964,0.831385,-0.094653
1329,44300,True,0.9991,0.9991,0.364684,0.839014,0.0,0.421767,0.79946,-0.017326,0.469404,0.75606,-0.044388,0.499125,0.726405,-0.075149,0.50057,0.726079,-0.106379,0.423508,0.6274,-0.044817,0.443844,0.579361,-0.082846,0.464542,0.54099,-0.104643,0.484054,0.500157,-0.119237,0.370141,0.629503,-0.058038,0.442167,0.718319,-0.100026,0.453975,0.785729,-0.107359,0.445546,0.786922,-0.107778,0.329985,0.673213,-0.073005,0.41052,0.776559,-0.112401,0.425729,0.820289,-0.104226,0.418919,0.812442,-0.093326,0.300334,0.731862,-0.090195,0.35815,0.801701,-0.113241,0.378737,0.834497,-0.104019,0.377317,0.834997,-0.092811
1330,44333,True,0.9991,0.9991,0.36559,0.837711,0.0,0.421987,0.798246,-0.017422,0.469894,0.755468,-0.044909,0.499832,0.726464,-0.076188,0.500601,0.728223,-0.108121,0.424371,0.628372,-0.046313,0.443963,0.580559,-0.085329,0.464922,0.54332,-0.10745,0.484267,0.503148,-0.122058,0.370522,0.63006,-0.059701,0.442962,0.718297,-0.102687,0.454702,0.788729,-0.109579,0.44498,0.792551,-0.109375,0.329976,0.673681,-0.074813,0.410778,0.775991,-0.115141,0.426527,0.823003,-0.106158,0.418852,0.818566,-0.094303,0.299942,0.73261,-0.09211,0.357679,0.80143,-0.115358,0.378401,0.835106,-0.105604,0.376345,0.836907,-0.09387
1331,44366,True,0.9993,0.9993,0.366231,0.842447,0.0,0.421288,0.802099,-0.015732,0.467901,0.759341,-0.042936,0.497743,0.730392,-0.074338,0.502447,0.730287,-0.106463,0.424807,0.63213,-0.045505,0.444725,0.583497,-0.084426,0.465506,0.546008,-0.106689,0.484781,0.505786,-0.12151,0.370666,0.633261,-0.059876,0.445016,0.72189,-0.103218,0.455165,0.791305,-0.110722,0.44375,0.794995,-0.110956,0.330191,0.677235,-0.075753,0.411922,0.779703,-0.116791,0.426482,0.826479,-0.108231,0.417359,0.82235,-0.096481,0.300033,0.736314,-0.093585,0.358212,0.804732,-0.117526,0.378258,0.838102,-0.108002,0.374776,0.839631,-0.096299
1332,44400,True,0.9994,0.9994,0.364922,0.843858,0.0,0.420271,0.802313,-0.015404,0.468819,0.757317,-0.042285,0.500058,0.728038,-0.073389,0.502754,0.732584,-0.105398,0.4241,0.633344,-0.045075,0.443657,0.586657,-0.084437,0.465441,0.5503,-0.106687,0.48573,0.511786,-0.120989,0.370098,0.63553,-0.059202,0.44498,0.723912,-0.101526,0.454049,0.794585,-0.107311,0.441164,0.79812,-0.106121,0.329752,0.679454,-0.074953,0.412706,0.782429,-0.11521,0.425896,0.828189,-0.105389,0.415923,0.821806,-0.092622,0.299499,0.738304,-0.09262,0.360618,0.806988,-0.115064,0.381199,0.841244,-0.103675,0.377934,0.842963,-0.090642
1333,44433,True,0.9993,0.9993,0.364512,0.842612,0.0,0.420784,0.802669,-0.015839,0.469946,0.759417,-0.04211,0.500434,0.730653,-0.07224,0.501839,0.732055,-0.103213,0.425194,0.634622,-0.045841,0.444906,0.587387,-0.084351,0.466163,0.552471,-0.106587,0.486236,0.514981,-0.121215,0.370865,0.636518,-0.059833,0.44523,0.722986,-0.102439,0.455601,0.792398,-0.109963,0.444419,0.798242,-0.110112,0.330188,0.680694,-0.075184,0.412652,0.782547,-0.11543,0.42703,0.82863,-0.10689,0.417927,0.825072,-0.09506,0.299683,0.739766,-0.092423,0.359799,0.807981,-0.115295,0.381259,0.841484,-0.104786,0.379252,0.843649,-0.092421
1334,44466,True,0.9994,0.9994,0.363067,0.848047,0.0,0.41943,0.806394,-0.014315,0.468087,0.761142,-0.039966,0.499646,0.731805,-0.06987,0.503097,0.734766,-0.10073,0.423156,0.636576,-0.042865,0.44352,0.589168,-0.080539,0.466465,0.554213,-0.102106,0.488093,0.51784,-0.116187,0.369983,0.638972,-0.057477,0.445446,0.723958,-0.099743,0.454825,0.795721,-0.106847,0.442101,0.803709,-0.106317,0.330266,0.683022,-0.073407,0.413635,0.783648,-0.11384,0.427263,0.831582,-0.105105,0.41699,0.829463,-0.092692,0.300339,0.741993,-0.091025,0.36179,0.809402,-0.113848,0.382456,0.844474,-0.102916,0.378652,0.847696,-0.089975
1335,44500,True,0.9993,0.9993,0.363878,0.846494,0.0,0.420385,0.805028,-0.015211,0.469509,0.759526,-0.040921,0.500563,0.732192,-0.070593,0.502549,0.738698,-0.101493,0.424256,0.638202,-0.044764,0.44366,0.591763,-0.082765,0.465786,0.558394,-0.104758,0.487238,0.522438,-0.119087,0.370354,0.641044,-0.059155,0.44526,0.72491,-0.101548,0.45626,0.795334,-0.109177,0.445423,0.803236,-0.109107,0.329871,0.685761,-0.074849,0.412463,0.784191,-0.115869,0.427822,0.832121,-0.108165,0.419165,0.831648,-0.096342,0.298986,0.744611,-0.09223,0.359213,0.81085,-0.115672,0.382005,0.846585,-0.105277,0.381444,0.852109,-0.092694
1336,44533,True,0.9991,0.9991,0.361502,0.847867,0.0,0.419308,0.804801,-0.014451,0.468754,0.758951,-0.039831,0.500283,0.732658,-0.069342,0.504147,0.740139,-0.100052,0.424268,0.638816,-0.044286,0.443115,0.592319,-0.082359,0.46642,0.560909,-0.104281,0.48891,0.52659,-0.118533,0.370743,0.642259,-0.058941,0.447629,0.727444,-0.101566,0.457945,0.798677,-0.109434,0.445444,0.806933,-0.10958,0.330415,0.687535,-0.074822,0.413976,0.78711,-0.115944,0.428098,0.834456,-0.108746,0.417784,0.832672,-0.097278,0.299794,0.746477,-0.092273,0.361492,0.813141,-0.11577,0.383423,0.847717,-0.105803,0.381067,0.851795,-0.093548
1337,44566,True,0.9994,0.9994,0.365351,0.849717,0.0,0.422014,0.805555,-0.014237,0.47087,0.759241,-0.040583,0.502223,0.732484,-0.071212,0.503697,0.742662,-0.102908,0.4249,0.639157,-0.045318,0.444724,0.594653,-0.084751,0.469196,0.562242,-0.107341,0.492364,0.527806,-0.121924,0.370341,0.642655,-0.060275,0.449351,0.732088,-0.103432,0.458737,0.803214,-0.109896,0.445416,0.807196,-0.109084,0.330093,0.688335,-0.076591,0.415875,0.79191,-0.117593,0.429286,0.836743,-0.108052,0.417582,0.830013,-0.095242,0.299822,0.748224,-0.094647,0.363174,0.817378,-0.11808,0.383943,0.849767,-0.10696,0.378993,0.850365,-0.093934
1338,44600,True,0.9993,0.9993,0.361094,0.853816,0.0,0.418972,0.806973,-0.011798,0.469897,0.757526,-0.035789,0.503001,0.733281,-0.064436,0.508435,0.748526,-0.094556,0.425064,0.643415,-0.041755,0.444844,0.596095,-0.077888,0.470252,0.564364,-0.099107,0.495351,0.530756,-0.113385,0.370812,0.647062,-0.057091,0.450541,0.732951,-0.097703,0.459336,0.802973,-0.105348,0.445009,0.812127,-0.105933,0.330517,0.692746,-0.073341,0.416766,0.793327,-0.112157,0.430123,0.837565,-0.105482,0.417942,0.834376,-0.095062,0.300154,0.751501,-0.090978,0.364712,0.819704,-0.112924,0.384021,0.851055,-0.103606,0.376907,0.85161,-0.092371
1339,44633,True,0.9995,0.9995,0.362609,0.854134,0.0,0.421704,0.808956,-0.012356,0.472845,0.761798,-0.037202,0.505261,0.737209,-0.066718,0.507901,0.749872,-0.097648,0.426887,0.645217,-0.04212,0.446273,0.599752,-0.078389,0.47085,0.569069,-0.100222,0.494719,0.535789,-0.115172,0.372363,0.648758,-0.057746,0.450948,0.73903,-0.098051,0.460145,0.806348,-0.105893,0.446337,0.810142,-0.107204,0.331612,0.695007,-0.0744,0.416576,0.796072,-0.113,0.430798,0.838742,-0.105724,0.419216,0.833109,-0.095494,0.300381,0.754313,-0.092608,0.364783,0.822439,-0.115145,0.385826,0.854703,-0.105339,0.38048,0.856201,-0.093947
1340,44666,True,0.9995,0.9995,0.361934,0.856248,0.0,0.421376,0.809199,-0.01116,0.473189,0.760245,-0.034908,0.506121,0.736185,-0.063474,0.507954,0.754371,-0.093704,0.427331,0.645613,-0.041903,0.447064,0.599991,-0.077647,0.472523,0.570708,-0.099112,0.497018,0.538463,-0.11382,0.373042,0.650401,-0.057977,0.45367,0.740003,-0.098044,0.462465,0.807702,-0.105947,0.447659,0.813438,-0.107346,0.332201,0.697801,-0.074868,0.418395,0.799013,-0.113902,0.431638,0.842482,-0.107788,0.418695,0.838161,-0.098079,0.301074,0.757143,-0.093057,0.366781,0.824384,-0.115696,0.385894,0.85667,-0.106503,0.378124,0.858573,-0.095569
1341,44700,True,0.9995,0.9995,0.361148,0.85654,0.0,0.421258,0.809951,-0.010977,0.473088,0.76142,-0.034856,0.506171,0.73774,-0.063527,0.507037,0.755969,-0.093886,0.42664,0.64585,-0.042939,0.446726,0.599542,-0.079088,0.4731,0.570624,-0.100767,0.498588,0.538871,-0.115529,0.372844,0.651509,-0.059207,0.45465,0.740885,-0.099493,0.46323,0.808203,-0.107293,0.448624,0.813849,-0.108632,0.332472,0.699317,-0.0762,0.419962,0.800838,-0.114998,0.432939,0.844047,-0.108269,0.42016,0.83997,-0.098228,0.301781,0.758777,-0.094536,0.368023,0.82623,-0.116827,0.386624,0.858659,-0.107059,0.378745,0.860844,-0.09575
1342,44733,True,0.9995,0.9995,0.361363,0.856925,0.0,0.421875,0.810384,-0.011133,0.473468,0.762292,-0.035683,0.505827,0.737949,-0.065044,0.506092,0.755786,-0.095898,0.426773,0.647752,-0.043611,0.446407,0.600681,-0.081456,0.472472,0.571001,-0.103247,0.497527,0.538261,-0.117554,0.373284,0.653247,-0.060125,0.454406,0.739441,-0.101978,0.462318,0.808167,-0.10892,0.447238,0.81215,-0.108885,0.333272,0.700162,-0.077529,0.420286,0.800782,-0.118179,0.43292,0.845465,-0.110425,0.420072,0.83984,-0.098877,0.303195,0.758964,-0.096191,0.368216,0.826632,-0.119072,0.386375,0.859766,-0.108442,0.37826,0.860888,-0.096122
1343,44766,True,0.9995,0.9995,0.36107,0.858558,0.0,0.421429,0.81108,-0.011069,0.473229,0.761027,-0.034992,0.5062,0.734858,-0.063515,0.504638,0.754654,-0.09345,0.424199,0.648282,-0.043135,0.443225,0.601414,-0.080087,0.468294,0.570995,-0.100867,0.492112,0.537879,-0.114445,0.371115,0.653823,-0.059405,0.45182,0.738673,-0.100651,0.459974,0.808504,-0.106289,0.44588,0.814056,-0.105053,0.331389,0.700431,-0.076602,0.419045,0.801311,-0.116335,0.431353,0.846178,-0.107738,0.419201,0.840983,-0.095628,0.301858,0.759723,-0.095119,0.366888,0.827674,-0.116955,0.384371,0.860593,-0.10589,0.376566,0.861625,-0.093406
1344,44800,True,0.9993,0.9993,0.356202,0.857649,0.0,0.415294,0.811978,-0.013609,0.466188,0.76223,-0.038236,0.49945,0.733313,-0.066787,0.502928,0.750309,-0.096441,0.419984,0.648163,-0.042898,0.440674,0.598839,-0.07896,0.465675,0.565,-0.100365,0.489396,0.530893,-0.114953,0.366834,0.653819,-0.057616,0.443811,0.735061,-0.098346,0.455726,0.800279,-0.105856,0.446122,0.806542,-0.106326,0.327534,0.699539,-0.073464,0.412331,0.799106,-0.111206,0.428879,0.839695,-0.103996,0.421987,0.833739,-0.093542,0.299244,0.758103,-0.091064,0.362452,0.82518,-0.111399,0.38129,0.85546,-0.101221,0.376926,0.855381,-0.089832
1345,44833,True,0.9994,0.9994,0.354906,0.849361,0.0,0.413258,0.802051,-0.011703,0.462389,0.752001,-0.034613,0.49558,0.724443,-0.061731,0.500037,0.742916,-0.090085,0.41476,0.640372,-0.043185,0.436436,0.589161,-0.07969,0.458936,0.55405,-0.100399,0.478942,0.516044,-0.114393,0.362755,0.64604,-0.058857,0.440257,0.727157,-0.101706,0.452633,0.794494,-0.108873,0.443551,0.803283,-0.108412,0.323802,0.692932,-0.075442,0.408156,0.792376,-0.11607,0.426423,0.835702,-0.109445,0.421983,0.832221,-0.098434,0.296045,0.753006,-0.093405,0.357543,0.818713,-0.115863,0.375898,0.849495,-0.106659,0.372687,0.850572,-0.095477
1346,44866,True,0.9992,0.9992,0.359522,0.845102,0.0,0.416445,0.801098,-0.015208,0.463401,0.754248,-0.039141,0.491108,0.72156,-0.06619,0.486942,0.726041,-0.094132,0.409809,0.633963,-0.04557,0.425113,0.579066,-0.081399,0.442064,0.539957,-0.101911,0.458501,0.50065,-0.115956,0.357043,0.639123,-0.059281,0.430582,0.713283,-0.10267,0.445565,0.779001,-0.111602,0.440567,0.789371,-0.112412,0.316692,0.683898,-0.073941,0.399097,0.778759,-0.114529,0.418346,0.824054,-0.108392,0.41732,0.822967,-0.097943,0.288063,0.743099,-0.090275,0.347399,0.803877,-0.113628,0.369767,0.837988,-0.104824,0.372022,0.842728,-0.093761
1347,44900,True,0.9982,0.9982,0.358019,0.831136,0.0,0.412978,0.790358,-0.021531,0.457206,0.745104,-0.04966,0.482454,0.711007,-0.07987,0.478355,0.708509,-0.110123,0.402814,0.622852,-0.052739,0.41078,0.560974,-0.092049,0.42292,0.517248,-0.113775,0.435157,0.472352,-0.1285,0.348699,0.628829,-0.063932,0.415741,0.696086,-0.111025,0.436129,0.764542,-0.118973,0.435644,0.775177,-0.118494,0.308854,0.673753,-0.07686,0.388043,0.765285,-0.119095,0.410454,0.811391,-0.11047,0.410899,0.810309,-0.09839,0.281252,0.73299,-0.092234,0.336686,0.795597,-0.11662,0.357045,0.827513,-0.10807,0.355872,0.827438,-0.097271
1348,44933,True,0.9985,0.9985,0.355862,0.817161,0.0,0.410497,0.781803,-0.023031,0.457407,0.736934,-0.050996,0.481133,0.700954,-0.080571,0.467751,0.696529,-0.110039,0.396603,0.610592,-0.054365,0.398495,0.545478,-0.095129,0.406226,0.49877,-0.117665,0.415042,0.451689,-0.132673,0.341246,0.615145,-0.065179,0.407709,0.684299,-0.115001,0.431189,0.755076,-0.123637,0.433333,0.769903,-0.12289,0.300999,0.661201,-0.077889,0.378776,0.754824,-0.122294,0.403299,0.801538,-0.113612,0.406065,0.802336,-0.100993,0.273778,0.72183,-0.093153,0.326706,0.786847,-0.11911,0.350205,0.820422,-0.110468,0.353076,0.821777,-0.099258
1349,44966,True,0.9985,0.9985,0.352795,0.821669,0.0,0.404855,0.7819,-0.023471,0.452032,0.736498,-0.051953,0.475981,0.704328,-0.081952,0.4675,0.698221,-0.111628,0.394125,0.609398,-0.055907,0.391051,0.546432,-0.09767,0.393389,0.499872,-0.120934,0.396641,0.450596,-0.136584,0.335318,0.612887,-0.066508,0.396768,0.683721,-0.116073,0.424698,0.753863,-0.124492,0.43136,0.766728,-0.123683,0.29242,0.658648,-0.079141,0.367845,0.755686,-0.124353,0.39538,0.802729,-0.11548,0.400632,0.801265,-0.102494,0.263508,0.718842,-0.094383,0.315629,0.787147,-0.121396,0.341035,0.823606,-0.112799,0.344178,0.824445,-0.101274
1350,45000,True,0.9991,0.9991,0.351626,0.83356,0.0,0.406736,0.794019,-0.025767,0.455482,0.748884,-0.054907,0.480866,0.715741,-0.085542,0.470313,0.707834,-0.115556,0.398403,0.618164,-0.059989,0.394899,0.554351,-0.101949,0.396245,0.506645,-0.124917,0.398584,0.455805,-0.140344,0.337811,0.621009,-0.069475,0.40096,0.701713,-0.118955,0.424242,0.767676,-0.127701,0.42675,0.777725,-0.127141,0.294033,0.667937,-0.081009,0.371729,0.777437,-0.125354,0.396817,0.817309,-0.117988,0.399988,0.81209,-0.106312,0.264224,0.729484,-0.095578,0.318485,0.807292,-0.122707,0.341656,0.838546,-0.116437,0.343089,0.835678,-0.106495
1351,45033,True,0.9985,0.9985,0.355684,0.854074,0.0,0.411984,0.813425,-0.025155,0.460452,0.767863,-0.053023,0.485383,0.736282,-0.082787,0.477816,0.727926,-0.111818,0.406811,0.634635,-0.054595,0.407815,0.576369,-0.093265,0.408628,0.530878,-0.115574,0.410953,0.482689,-0.131209,0.344635,0.634829,-0.064082,0.401611,0.730731,-0.109833,0.422227,0.787872,-0.119314,0.424039,0.7915,-0.119971,0.299129,0.680868,-0.075807,0.376323,0.802985,-0.117023,0.401936,0.838501,-0.110696,0.404588,0.830465,-0.099756,0.267772,0.743259,-0.090847,0.321781,0.825223,-0.116246,0.344465,0.852522,-0.110382,0.346496,0.848948,-0.100522
1352,45066,True,0.9991,0.9991,0.359367,0.882919,-0.0,0.415887,0.839685,-0.017701,0.466802,0.786862,-0.040382,0.492969,0.757041,-0.066532,0.493206,0.764814,-0.093136,0.416541,0.664449,-0.044142,0.420318,0.606462,-0.077547,0.424262,0.566659,-0.097338,0.428995,0.520084,-0.111957,0.355387,0.662871,-0.056211,0.419893,0.765011,-0.09641,0.434905,0.825295,-0.106987,0.428248,0.826539,-0.109723,0.310013,0.709174,-0.069426,0.385412,0.831404,-0.107524,0.407368,0.871802,-0.103401,0.404705,0.86331,-0.09458,0.276766,0.769638,-0.084872,0.329042,0.850012,-0.107136,0.35139,0.880299,-0.099681,0.351513,0.879311,-0.089355
1353,45100,True,0.9984,0.9984,0.363807,0.906115,-0.0,0.422376,0.85849,-0.012631,0.4748,0.802149,-0.032786,0.505699,0.787395,-0.057022,0.517615,0.815816,-0.08271,0.431244,0.699877,-0.044273,0.440087,0.658021,-0.081797,0.452053,0.62913,-0.105739,0.463404,0.591443,-0.122542,0.367788,0.697316,-0.059085,0.435646,0.806993,-0.102687,0.452586,0.865939,-0.114186,0.44589,0.872186,-0.116419,0.321319,0.746438,-0.074766,0.394717,0.875697,-0.115037,0.415734,0.912807,-0.111579,0.412665,0.901333,-0.101903,0.287025,0.806991,-0.09221,0.343112,0.899926,-0.115634,0.364793,0.92979,-0.108257,0.36352,0.924644,-0.09737
1354,45133,True,0.992,0.992,0.366179,0.922015,-0.0,0.434556,0.87517,-0.020491,0.489259,0.834391,-0.045575,0.521853,0.845064,-0.073325,0.523172,0.890601,-0.100208,0.444553,0.715354,-0.0449,0.458229,0.703378,-0.087545,0.483585,0.706541,-0.114816,0.514025,0.708016,-0.132037,0.387252,0.727734,-0.055828,0.455463,0.875936,-0.100139,0.469998,0.928584,-0.110356,0.466181,0.920294,-0.112433,0.341809,0.784392,-0.069937,0.41886,0.94335,-0.105878,0.430912,0.965317,-0.098061,0.424808,0.933602,-0.086685,0.308022,0.850364,-0.087761,0.365827,0.961733,-0.110405,0.378103,0.978149,-0.103244,0.36941,0.954969,-0.092047
1355,45166,True,0.9895,0.9895,0.371995,0.936887,0.0,0.44431,0.902924,-0.026681,0.502623,0.873499,-0.053791,0.537894,0.895286,-0.08331,0.540716,0.942255,-0.111734,0.469503,0.740837,-0.046255,0.507596,0.764596,-0.09875,0.544435,0.786764,-0.134336,0.581147,0.811724,-0.154006,0.413502,0.75308,-0.055564,0.488023,0.928443,-0.100823,0.471084,0.962196,-0.110073,0.451913,0.936999,-0.111939,0.364023,0.80959,-0.070344,0.441947,0.982783,-0.107431,0.419593,0.986531,-0.096773,0.402574,0.948803,-0.082762,0.321341,0.879353,-0.090279,0.385053,0.997914,-0.117059,0.374764,0.996234,-0.110572,0.358161,0.964983,-0.09831
1356,45200,True,0.9968,0.9968,0.373388,0.955787,0.0,0.445319,0.920445,-0.02236,0.506362,0.88912,-0.050186,0.547847,0.906001,-0.08038,0.564941,0.948284,-0.110946,0.488595,0.74911,-0.045922,0.526816,0.788005,-0.095337,0.566359,0.814437,-0.131588,0.604357,0.842745,-0.153112,0.434966,0.760228,-0.056841,0.502279,0.937859,-0.097697,0.478559,0.972688,-0.106754,0.4555,0.952884,-0.110565,0.383873,0.81364,-0.072204,0.456431,0.988516,-0.109813,0.431701,0.997947,-0.102695,0.413422,0.967612,-0.092356,0.338657,0.882705,-0.091513,0.401832,1.006151,-0.117285,0.388285,1.018929,-0.110278,0.368588,0.999616,-0.099185
1357,45233,True,0.9935,0.9935,0.366132,0.946733,0.0,0.437517,0.906432,-0.016089,0.506408,0.87998,-0.043311,0.555679,0.904555,-0.074615,0.574994,0.953512,-0.106739,0.499287,0.760299,-0.043423,0.549743,0.794461,-0.091948,0.591136,0.811381,-0.127394,0.629077,0.833959,-0.149519,0.449883,0.768333,-0.057918,0.519646,0.931031,-0.098112,0.487389,0.954324,-0.105036,0.463084,0.927144,-0.107906,0.401888,0.815144,-0.076259,0.471962,0.978462,-0.108633,0.443667,0.972457,-0.097829,0.427354,0.933933,-0.087081,0.357859,0.875892,-0.098754,0.417654,0.993603,-0.118966,0.400232,0.984293,-0.11061,0.381924,0.95219,-0.100727
1358,45266,True,0.9984,0.9984,0.378922,0.925627,0.0,0.454332,0.887655,-0.018549,0.526915,0.863501,-0.045601,0.575957,0.891439,-0.074063,0.590259,0.940415,-0.102428,0.510243,0.743979,-0.062353,0.570779,0.774863,-0.113431,0.615465,0.796758,-0.147682,0.658877,0.818649,-0.168758,0.463129,0.75344,-0.076611,0.538929,0.913924,-0.120456,0.503251,0.930533,-0.12405,0.479082,0.900464,-0.12415,0.416465,0.800606,-0.093965,0.492695,0.962295,-0.131107,0.463959,0.9516,-0.120697,0.446929,0.910698,-0.109633,0.375106,0.863261,-0.114966,0.441609,0.976068,-0.137119,0.426148,0.962444,-0.128487,0.405171,0.930349,-0.118695
1359,45300,True,0.9999,0.9999,0.380951,0.90599,0.0,0.459158,0.866892,-0.010385,0.532677,0.841357,-0.036012,0.584363,0.865542,-0.063991,0.602029,0.912258,-0.093413,0.516311,0.727497,-0.05853,0.583082,0.744112,-0.104489,0.633346,0.767814,-0.133537,0.67783,0.787242,-0.151259,0.468903,0.739092,-0.076795,0.553032,0.875178,-0.117894,0.53365,0.927917,-0.119946,0.511983,0.918843,-0.118575,0.422492,0.787742,-0.096426,0.509722,0.930972,-0.136213,0.503204,0.967008,-0.12582,0.487863,0.951259,-0.113327,0.384257,0.852499,-0.117324,0.458493,0.951644,-0.136594,0.466609,0.979236,-0.121193,0.453808,0.973006,-0.106653
1360,45333,True,0.9998,0.9998,0.387048,0.891869,0.0,0.466868,0.847893,-0.007945,0.536775,0.818278,-0.034217,0.586263,0.831024,-0.062536,0.604415,0.871475,-0.091731,0.519195,0.708916,-0.063106,0.584322,0.711587,-0.110381,0.634775,0.725716,-0.140276,0.679762,0.736377,-0.158339,0.473543,0.717367,-0.08208,0.557738,0.84898,-0.121823,0.54062,0.90249,-0.12189,0.519414,0.893307,-0.120001,0.428175,0.763357,-0.10177,0.515246,0.899587,-0.14024,0.509897,0.93715,-0.128469,0.492863,0.919656,-0.116072,0.390961,0.826734,-0.122314,0.462043,0.919239,-0.140157,0.470745,0.946572,-0.123659,0.45579,0.937331,-0.109256
1361,45366,True,0.9998,0.9998,0.389061,0.877806,0.0,0.467822,0.833305,-0.005999,0.532802,0.801028,-0.033208,0.579617,0.803053,-0.064259,0.601608,0.836365,-0.09655,0.520338,0.685225,-0.051768,0.580446,0.678129,-0.095708,0.63318,0.69015,-0.123936,0.677528,0.699626,-0.141577,0.474762,0.691882,-0.072008,0.557527,0.804695,-0.11321,0.54717,0.875343,-0.116088,0.527756,0.877818,-0.115009,0.430864,0.736299,-0.092911,0.514318,0.855515,-0.13274,0.512349,0.90682,-0.121498,0.493029,0.898236,-0.108678,0.395919,0.795275,-0.114383,0.465123,0.880075,-0.132761,0.475277,0.917769,-0.116197,0.4596,0.913181,-0.101429
1362,45400,True,0.9996,0.9996,0.389307,0.864269,0.0,0.469861,0.821563,-0.006033,0.534008,0.786255,-0.033585,0.579786,0.783389,-0.065519,0.596904,0.812183,-0.098848,0.515501,0.663428,-0.047336,0.575093,0.653543,-0.088943,0.6261,0.658215,-0.115513,0.668752,0.662272,-0.13276,0.471807,0.668594,-0.068108,0.552988,0.773467,-0.110332,0.545632,0.847853,-0.114294,0.528708,0.856014,-0.113337,0.429524,0.710084,-0.089538,0.510814,0.822497,-0.129015,0.510744,0.876986,-0.117432,0.49527,0.874284,-0.104369,0.395304,0.767118,-0.111842,0.461678,0.848303,-0.130485,0.473948,0.88808,-0.115155,0.464064,0.887272,-0.101202
1363,45433,True,0.9995,0.9995,0.395111,0.855228,0.0,0.477421,0.824514,-0.010842,0.539008,0.795594,-0.041144,0.580767,0.783221,-0.075519,0.590558,0.790934,-0.110946,0.513128,0.647424,-0.048556,0.571411,0.632116,-0.09142,0.621025,0.631986,-0.11819,0.663678,0.632101,-0.13542,0.468079,0.649439,-0.067616,0.54946,0.74727,-0.113156,0.540177,0.823374,-0.119092,0.524,0.830533,-0.118526,0.42648,0.689054,-0.087797,0.508046,0.798797,-0.130236,0.507858,0.855261,-0.1188,0.494283,0.853966,-0.10495,0.393378,0.744755,-0.10923,0.458818,0.822743,-0.130557,0.470704,0.862572,-0.116132,0.462099,0.861033,-0.102015
1364,45466,True,0.9997,0.9997,0.398684,0.845818,0.0,0.478989,0.810731,-0.012323,0.538103,0.780154,-0.044108,0.579727,0.768477,-0.08008,0.587359,0.773654,-0.116816,0.511026,0.637106,-0.051204,0.568959,0.611981,-0.096355,0.619023,0.610799,-0.123776,0.661397,0.609547,-0.140839,0.465038,0.641478,-0.070391,0.547022,0.730358,-0.117462,0.542961,0.814033,-0.123085,0.528356,0.824683,-0.121674,0.423604,0.683011,-0.090801,0.508204,0.785751,-0.135305,0.509774,0.847282,-0.122653,0.493755,0.847181,-0.107115,0.39124,0.739468,-0.112528,0.459521,0.812491,-0.135157,0.472877,0.855681,-0.118956,0.462419,0.857568,-0.10278
1365,45500,True,0.9997,0.9997,0.399537,0.849033,0.0,0.479175,0.810722,-0.01011,0.538465,0.777854,-0.039667,0.578487,0.765807,-0.073966,0.586531,0.773341,-0.109567,0.512216,0.634903,-0.04802,0.568166,0.612382,-0.090505,0.615949,0.610901,-0.118026,0.657077,0.608196,-0.135919,0.463945,0.637926,-0.068256,0.546227,0.731906,-0.112675,0.544445,0.809413,-0.12122,0.528609,0.818129,-0.12271,0.421398,0.680727,-0.089171,0.506424,0.783718,-0.131239,0.510908,0.842945,-0.121421,0.495313,0.844317,-0.108437,0.388091,0.737575,-0.111313,0.45575,0.808038,-0.133226,0.471019,0.849938,-0.118365,0.46295,0.854953,-0.103293
1366,45533,True,0.9996,0.9996,0.401859,0.858392,0.0,0.481871,0.821906,-0.008489,0.544377,0.789499,-0.035139,0.582506,0.776096,-0.067008,0.583312,0.77942,-0.100696,0.512755,0.643542,-0.043755,0.565333,0.617416,-0.084174,0.610543,0.614595,-0.109604,0.650357,0.612968,-0.126004,0.464674,0.643324,-0.064235,0.544022,0.738702,-0.106527,0.539207,0.816937,-0.11445,0.520844,0.826831,-0.115352,0.420683,0.684945,-0.085451,0.500396,0.794631,-0.125867,0.504231,0.853277,-0.116362,0.491028,0.854523,-0.10369,0.385075,0.743255,-0.107867,0.445099,0.812998,-0.129926,0.460638,0.854697,-0.115875,0.456372,0.862218,-0.101051
1367,45566,True,0.9997,0.9997,0.39614,0.862394,0.0,0.474198,0.825696,-0.008128,0.538557,0.79398,-0.033046,0.579472,0.782618,-0.062997,0.587515,0.783366,-0.094554,0.50907,0.648333,-0.042016,0.564523,0.625534,-0.08205,0.611116,0.624589,-0.108722,0.652029,0.622474,-0.126173,0.460402,0.650126,-0.062278,0.540662,0.747753,-0.104741,0.542122,0.823772,-0.115804,0.527316,0.837204,-0.119357,0.416144,0.694277,-0.083104,0.49633,0.803311,-0.123776,0.505492,0.862372,-0.116733,0.494687,0.867889,-0.105651,0.380985,0.753961,-0.10497,0.443909,0.824773,-0.127235,0.461343,0.866605,-0.114104,0.457125,0.875866,-0.099872
1368,45600,True,0.9997,0.9997,0.397238,0.864904,0.0,0.474791,0.826038,-0.006497,0.5366,0.792609,-0.032295,0.576783,0.782272,-0.063019,0.587388,0.787995,-0.095663,0.508817,0.650929,-0.045984,0.564885,0.625466,-0.086804,0.611827,0.620285,-0.113718,0.652773,0.611976,-0.131785,0.459496,0.653379,-0.067305,0.541253,0.751216,-0.110381,0.540386,0.825448,-0.120383,0.524073,0.833875,-0.12368,0.415511,0.698574,-0.088756,0.499664,0.808242,-0.130398,0.507086,0.864886,-0.122414,0.495031,0.865343,-0.111024,0.381213,0.758456,-0.110919,0.44655,0.827932,-0.133519,0.46358,0.86983,-0.119409,0.459029,0.877316,-0.104843
1369,45633,True,0.9998,0.9998,0.404819,0.863724,0.0,0.483853,0.830734,-0.008857,0.543893,0.802049,-0.037387,0.582681,0.784701,-0.070498,0.582927,0.773762,-0.105214,0.507294,0.651176,-0.051271,0.557622,0.610286,-0.093971,0.603522,0.594853,-0.121062,0.64007,0.579508,-0.138459,0.457679,0.652418,-0.07117,0.540752,0.741426,-0.113335,0.542845,0.819915,-0.119732,0.526587,0.827753,-0.120586,0.415044,0.69678,-0.091436,0.501072,0.80104,-0.132044,0.509044,0.857426,-0.120761,0.494198,0.855364,-0.107629,0.383168,0.757357,-0.112629,0.449354,0.823532,-0.133986,0.466782,0.862463,-0.117718,0.458152,0.866929,-0.101968
1370,45666,True,0.9998,0.9998,0.409864,0.858124,0.0,0.489143,0.825835,-0.012421,0.548669,0.796658,-0.043874,0.585564,0.775169,-0.080131,0.582809,0.758446,-0.1177,0.507363,0.642905,-0.053609,0.552712,0.590421,-0.098723,0.597324,0.565163,-0.127432,0.633707,0.545028,-0.145573,0.456245,0.644076,-0.072346,0.537967,0.730134,-0.118577,0.543605,0.808113,-0.126799,0.529937,0.819113,-0.128203,0.413896,0.68667,-0.091835,0.49999,0.785566,-0.132859,0.508335,0.840391,-0.119732,0.494002,0.841834,-0.105689,0.382011,0.745673,-0.112989,0.449085,0.810394,-0.134913,0.466255,0.849016,-0.118204,0.45772,0.853439,-0.101882
1371,45700,True,0.9997,0.9997,0.411279,0.850075,0.0,0.491472,0.811127,-0.010732,0.549236,0.777223,-0.042157,0.583169,0.749686,-0.078537,0.576612,0.7395,-0.116141,0.509564,0.628202,-0.053983,0.552661,0.570532,-0.099221,0.594794,0.535152,-0.126903,0.628522,0.504037,-0.144924,0.457285,0.628734,-0.074226,0.542414,0.713455,-0.122673,0.545394,0.796095,-0.129269,0.527079,0.807145,-0.128743,0.415238,0.672847,-0.094948,0.502735,0.773678,-0.138366,0.508357,0.83013,-0.123349,0.489804,0.829118,-0.107376,0.383802,0.73292,-0.117185,0.449005,0.799473,-0.140926,0.465627,0.837807,-0.123858,0.455391,0.839113,-0.1069
1372,45733,True,0.9996,0.9996,0.418448,0.855326,0.0,0.498103,0.821562,-0.015921,0.558392,0.789484,-0.046936,0.590463,0.758868,-0.082116,0.579247,0.740619,-0.118298,0.513519,0.632336,-0.05664,0.55555,0.569606,-0.100239,0.594863,0.52891,-0.127432,0.626377,0.493333,-0.145489,0.457927,0.627468,-0.074018,0.540045,0.716714,-0.119376,0.546441,0.79214,-0.127374,0.531321,0.801264,-0.128676,0.413059,0.669588,-0.09212,0.49724,0.779337,-0.132829,0.505328,0.830926,-0.119341,0.489483,0.827137,-0.105168,0.379499,0.729267,-0.112477,0.439057,0.799673,-0.135941,0.456214,0.833536,-0.120586,0.447769,0.83388,-0.104913
1373,45766,True,0.9994,0.9994,0.39914,0.877782,-0.0,0.472148,0.836414,-0.012311,0.542356,0.797236,-0.038112,0.585737,0.785056,-0.069254,0.586727,0.800399,-0.101769,0.513951,0.661295,-0.04831,0.558591,0.623514,-0.094228,0.594429,0.594023,-0.125843,0.627316,0.558875,-0.148072,0.459287,0.650772,-0.067097,0.531925,0.784327,-0.11844,0.53235,0.860944,-0.132704,0.516553,0.871627,-0.138316,0.409135,0.691287,-0.086996,0.481829,0.83277,-0.133505,0.481695,0.884487,-0.127593,0.464912,0.877319,-0.11759,0.368598,0.750902,-0.108737,0.42286,0.845445,-0.135216,0.428091,0.881101,-0.12553,0.413164,0.875519,-0.114264
1374,45800,True,0.9965,0.9965,0.389943,0.896029,-0.0,0.474347,0.859348,-0.015521,0.543483,0.82332,-0.039998,0.580877,0.836164,-0.068191,0.591527,0.885581,-0.097125,0.522381,0.689421,-0.043735,0.568578,0.706727,-0.087391,0.607289,0.721005,-0.119491,0.644837,0.735113,-0.141491,0.465744,0.6888,-0.058576,0.527695,0.868426,-0.100325,0.516795,0.919001,-0.110867,0.499657,0.914101,-0.116387,0.409819,0.738201,-0.076144,0.473271,0.920205,-0.110418,0.464402,0.935378,-0.102132,0.45244,0.902982,-0.093016,0.363036,0.803577,-0.097033,0.413044,0.928628,-0.118328,0.412543,0.938614,-0.109789,0.400661,0.911143,-0.099593
1375,45833,True,0.9864,0.9864,0.396139,0.915318,0.0,0.475027,0.894667,-0.021549,0.536153,0.881085,-0.05028,0.568872,0.909953,-0.082396,0.571813,0.949252,-0.113481,0.524661,0.728616,-0.045455,0.579896,0.795531,-0.101867,0.619459,0.853484,-0.140576,0.647312,0.911366,-0.159884,0.466852,0.734912,-0.057047,0.523788,0.925427,-0.094069,0.49849,0.939744,-0.098552,0.477677,0.904841,-0.100011,0.410644,0.784937,-0.074019,0.469607,0.963528,-0.100893,0.448549,0.951355,-0.082374,0.435075,0.910907,-0.065948,0.358943,0.847083,-0.096587,0.408575,0.971328,-0.114439,0.399247,0.956259,-0.100568,0.385965,0.919778,-0.084319
1376,45866,True,0.9995,0.9995,0.381541,0.948279,0.0,0.453371,0.925618,-0.017677,0.529054,0.899974,-0.041101,0.594678,0.924499,-0.067308,0.64552,0.963541,-0.094054,0.523266,0.762351,-0.048381,0.575968,0.844836,-0.099148,0.61335,0.911158,-0.133857,0.645045,0.963729,-0.152914,0.462318,0.76951,-0.06292,0.525541,0.970497,-0.112808,0.513142,1.040184,-0.126302,0.498518,1.050092,-0.129784,0.403213,0.813828,-0.080383,0.470558,1.016129,-0.12545,0.459868,1.061809,-0.119717,0.446635,1.056199,-0.106964,0.349381,0.873341,-0.100576,0.408383,1.014429,-0.127565,0.411731,1.062706,-0.116805,0.405829,1.071559,-0.101318
1377,45900,True,0.9993,0.9993,0.370943,0.953574,0.0,0.44979,0.930666,-0.01752,0.526583,0.91101,-0.044348,0.584959,0.928667,-0.073419,0.626041,0.957889,-0.10342,0.529774,0.777399,-0.055275,0.588748,0.885587,-0.108697,0.629672,0.965393,-0.144689,0.663709,1.026301,-0.165131,0.466166,0.78287,-0.069807,0.529548,0.982828,-0.120467,0.52102,1.060696,-0.13421,0.508407,1.073842,-0.139991,0.404355,0.822009,-0.086628,0.469531,1.013809,-0.130372,0.464174,1.060208,-0.124723,0.453758,1.051262,-0.114608,0.350182,0.875624,-0.105797,0.405618,1.011134,-0.132582,0.407331,1.053135,-0.123168,0.396686,1.052687,-0.110435
1378,45933,True,0.9983,0.9983,0.364697,0.929948,0.0,0.442562,0.90661,-0.018563,0.520877,0.887399,-0.046698,0.580937,0.908382,-0.075321,0.62223,0.931277,-0.103961,0.515403,0.763563,-0.067886,0.573394,0.861941,-0.116373,0.613606,0.923269,-0.148021,0.647243,0.974108,-0.166936,0.459402,0.774797,-0.080877,0.521735,0.958652,-0.119722,0.494701,0.969393,-0.125009,0.472011,0.932689,-0.129863,0.403747,0.818163,-0.095658,0.465551,0.991011,-0.126758,0.447646,0.987005,-0.113463,0.432265,0.948779,-0.103639,0.352979,0.873419,-0.113879,0.407269,1.003047,-0.133179,0.400272,1.004638,-0.121953,0.3836,0.976039,-0.111375
1379,45966,True,0.9857,0.9857,0.375582,0.897458,0.0,0.458145,0.873624,-0.027639,0.528715,0.86947,-0.063436,0.58323,0.916493,-0.099651,0.606102,0.963114,-0.133688,0.510515,0.744078,-0.072984,0.567386,0.850612,-0.122626,0.607873,0.913404,-0.149805,0.63645,0.969423,-0.16441,0.453049,0.756587,-0.084273,0.510211,0.935128,-0.123976,0.480521,0.92989,-0.122434,0.461004,0.881329,-0.120893,0.399298,0.798572,-0.099019,0.455436,0.972493,-0.127513,0.434659,0.947475,-0.106574,0.421887,0.897133,-0.091178,0.350745,0.848995,-0.119491,0.398581,0.97867,-0.138281,0.388541,0.957463,-0.126319,0.373091,0.914216,-0.11459
1380,46000,True,0.9907,0.9907,0.379842,0.895373,0.0,0.459369,0.865693,-0.025953,0.527047,0.855671,-0.05836,0.570626,0.889491,-0.091356,0.582415,0.932333,-0.122999,0.504173,0.727699,-0.064583,0.558343,0.829109,-0.111034,0.595805,0.889462,-0.138996,0.620252,0.938904,-0.155442,0.444025,0.736299,-0.074471,0.501979,0.914874,-0.112189,0.488102,0.926404,-0.116262,0.473031,0.887427,-0.119773,0.389178,0.77719,-0.087168,0.446793,0.950856,-0.115387,0.439327,0.946005,-0.100739,0.428682,0.90328,-0.090013,0.341577,0.826809,-0.104839,0.3905,0.960547,-0.123393,0.389644,0.957841,-0.113569,0.377171,0.92352,-0.103791
1381,46033,True,0.9918,0.9918,0.364419,0.897296,0.0,0.442927,0.866477,-0.020677,0.511216,0.846137,-0.047451,0.559432,0.853811,-0.075895,0.592001,0.878718,-0.102954,0.491835,0.709454,-0.050612,0.540053,0.783281,-0.096612,0.570325,0.839417,-0.127563,0.593513,0.878988,-0.146086,0.432101,0.72082,-0.061738,0.48918,0.891275,-0.099096,0.481432,0.919902,-0.106854,0.468344,0.89763,-0.112609,0.37652,0.765971,-0.076311,0.435155,0.935215,-0.104821,0.435158,0.940028,-0.095207,0.429427,0.904546,-0.087639,0.329497,0.820901,-0.09491,0.379335,0.946242,-0.111836,0.384961,0.948923,-0.104153,0.377616,0.918438,-0.096091
1382,46066,True,0.9963,0.9963,0.362909,0.889098,0.0,0.443821,0.846977,-0.017749,0.509416,0.808209,-0.040682,0.537277,0.819255,-0.065254,0.535853,0.862526,-0.089875,0.469088,0.675473,-0.040029,0.498623,0.700867,-0.078151,0.534984,0.725286,-0.106182,0.570147,0.746772,-0.125081,0.411174,0.682742,-0.05161,0.469827,0.843795,-0.090642,0.4719,0.882505,-0.102176,0.463838,0.864756,-0.107744,0.357356,0.730398,-0.066128,0.419396,0.89394,-0.100521,0.434378,0.909444,-0.097706,0.439467,0.877408,-0.091428,0.313772,0.790691,-0.083472,0.365042,0.907328,-0.105212,0.379508,0.922648,-0.100948,0.380996,0.90032,-0.093649
1383,46100,True,0.9974,0.9974,0.355574,0.85618,0.0,0.42356,0.817614,-0.017203,0.477779,0.777593,-0.039295,0.509038,0.777312,-0.06356,0.524406,0.798059,-0.087513,0.448786,0.640844,-0.038294,0.460289,0.637438,-0.073465,0.485638,0.641828,-0.097433,0.515704,0.640577,-0.114408,0.390552,0.643838,-0.050997,0.44221,0.774958,-0.08871,0.465641,0.83095,-0.099135,0.476036,0.831713,-0.103678,0.337296,0.688751,-0.066463,0.394506,0.830066,-0.103279,0.422023,0.862767,-0.098786,0.433065,0.844303,-0.090833,0.295596,0.745843,-0.084465,0.342639,0.847078,-0.108966,0.36245,0.878361,-0.103231,0.365677,0.867337,-0.094252
1384,46133,True,0.9979,0.9979,0.349254,0.828889,0.0,0.41489,0.798234,-0.018288,0.4716,0.75573,-0.039754,0.503923,0.735949,-0.063822,0.503612,0.743769,-0.087754,0.434227,0.617733,-0.031336,0.449814,0.598518,-0.064646,0.469915,0.587351,-0.084861,0.494625,0.572062,-0.09875,0.379295,0.612561,-0.043458,0.430032,0.719221,-0.08341,0.44629,0.786913,-0.093801,0.45289,0.792196,-0.095499,0.329076,0.649607,-0.05849,0.386508,0.778177,-0.098907,0.410082,0.826302,-0.096069,0.420244,0.818569,-0.087142,0.28898,0.703364,-0.075617,0.331775,0.796953,-0.100241,0.348576,0.836567,-0.094981,0.349853,0.832994,-0.085889
1385,46166,True,0.9972,0.9972,0.349009,0.806016,0.0,0.413603,0.777455,-0.024775,0.46826,0.737615,-0.048807,0.496569,0.7115,-0.074005,0.49013,0.709272,-0.098332,0.428995,0.60092,-0.041818,0.445279,0.568542,-0.078663,0.463863,0.548168,-0.100858,0.484378,0.521917,-0.115644,0.371928,0.594297,-0.050582,0.414762,0.698665,-0.092962,0.43627,0.75949,-0.102835,0.447068,0.762205,-0.104141,0.321761,0.630774,-0.062668,0.376135,0.757039,-0.103356,0.404031,0.796305,-0.098323,0.418197,0.785035,-0.088196,0.283181,0.684148,-0.07773,0.324922,0.772832,-0.103004,0.344067,0.80743,-0.097302,0.349061,0.803161,-0.08759
1386,46200,True,0.9984,0.9984,0.348772,0.796157,0.0,0.409371,0.765442,-0.022234,0.462261,0.723067,-0.043384,0.487122,0.696418,-0.065527,0.490044,0.69001,-0.086888,0.428009,0.588805,-0.041062,0.445678,0.54951,-0.07565,0.462521,0.523646,-0.097064,0.480229,0.490062,-0.112126,0.370643,0.581587,-0.050413,0.412826,0.682719,-0.090978,0.432799,0.746188,-0.101476,0.440658,0.755758,-0.103392,0.3214,0.619491,-0.062261,0.37653,0.747966,-0.100726,0.403888,0.788318,-0.095429,0.415984,0.780447,-0.085352,0.28319,0.673894,-0.076905,0.325699,0.760533,-0.100238,0.348934,0.796207,-0.093037,0.357647,0.794291,-0.082324
1387,46233,True,0.9981,0.9981,0.356399,0.790474,0.0,0.412993,0.765291,-0.021836,0.465652,0.729721,-0.045595,0.493216,0.707059,-0.071283,0.487399,0.703236,-0.096732,0.427636,0.593768,-0.044486,0.446359,0.558428,-0.081081,0.46434,0.531432,-0.10339,0.484418,0.497283,-0.118949,0.370512,0.583916,-0.054453,0.415224,0.693236,-0.096574,0.436148,0.756757,-0.10722,0.445063,0.761373,-0.110075,0.321681,0.619725,-0.066854,0.374019,0.748632,-0.105587,0.399801,0.787619,-0.102402,0.410462,0.776124,-0.095271,0.284882,0.673099,-0.081963,0.324844,0.763245,-0.105447,0.347873,0.798593,-0.100564,0.355004,0.797487,-0.092821
1388,46266,True,0.999,0.999,0.352785,0.821796,0.0,0.409998,0.793594,-0.022416,0.462435,0.755352,-0.046638,0.491778,0.73667,-0.072892,0.495544,0.734321,-0.098555,0.428006,0.611219,-0.042224,0.442424,0.593176,-0.083197,0.464001,0.57755,-0.11007,0.488314,0.556692,-0.127752,0.370318,0.605975,-0.053061,0.419605,0.722026,-0.100359,0.431626,0.787631,-0.114698,0.428707,0.793708,-0.118466,0.321006,0.645721,-0.066965,0.377885,0.782169,-0.111292,0.397356,0.826605,-0.10939,0.400561,0.816651,-0.10054,0.282329,0.703176,-0.083521,0.325245,0.796967,-0.110107,0.344892,0.833719,-0.105009,0.347998,0.829788,-0.09561
1389,46300,True,0.9964,0.9964,0.346387,0.856267,-0.0,0.406743,0.824163,-0.018108,0.459955,0.783422,-0.037985,0.49,0.776661,-0.060293,0.497665,0.795578,-0.080998,0.425999,0.652349,-0.033756,0.439779,0.641857,-0.069425,0.457639,0.638994,-0.092448,0.480834,0.636455,-0.107415,0.370354,0.644214,-0.042716,0.40774,0.788341,-0.081835,0.42276,0.840735,-0.091909,0.428951,0.843156,-0.094204,0.320676,0.682538,-0.054626,0.365293,0.841513,-0.085257,0.37406,0.866193,-0.078561,0.373378,0.840555,-0.069739,0.280273,0.735817,-0.070063,0.313044,0.851574,-0.090389,0.321614,0.871566,-0.08612,0.317549,0.847721,-0.077867
1390,46333,True,0.9973,0.9973,0.340557,0.870454,-0.0,0.40284,0.850106,-0.023543,0.457747,0.823863,-0.045651,0.48403,0.837629,-0.067509,0.466412,0.872897,-0.085672,0.415745,0.689763,-0.054709,0.425313,0.721824,-0.092897,0.424727,0.758126,-0.114193,0.421323,0.792358,-0.124469,0.354344,0.695346,-0.06025,0.387661,0.880487,-0.092215,0.397656,0.893886,-0.096519,0.394209,0.873294,-0.097782,0.300962,0.741986,-0.068219,0.341305,0.917357,-0.087511,0.35184,0.907878,-0.070976,0.351956,0.870113,-0.057791,0.257524,0.798819,-0.08132,0.292592,0.923404,-0.09844,0.306232,0.919734,-0.089012,0.308503,0.883973,-0.076093
1391,46366,True,0.9968,0.9968,0.325332,0.853821,-0.0,0.392548,0.849721,-0.03563,0.444878,0.859761,-0.070498,0.458687,0.903388,-0.100852,0.422704,0.94621,-0.1293,0.396577,0.726141,-0.090678,0.399258,0.855673,-0.138357,0.399521,0.887676,-0.166392,0.394965,0.880952,-0.18373,0.330302,0.744004,-0.093647,0.353427,0.926291,-0.127168,0.36093,0.924052,-0.131227,0.354917,0.884099,-0.137292,0.276649,0.78418,-0.098078,0.314496,0.955738,-0.120542,0.325909,0.936602,-0.104082,0.323167,0.88135,-0.094203,0.23649,0.834754,-0.108305,0.274308,0.963611,-0.1297,0.288558,0.949044,-0.122974,0.288097,0.901881,-0.115508
1392,46400,True,0.9979,0.9979,0.309292,0.865015,-0.0,0.370202,0.863588,-0.038982,0.422852,0.879149,-0.075243,0.439308,0.926357,-0.105969,0.402629,0.974705,-0.13434,0.375768,0.74631,-0.094807,0.373202,0.888004,-0.146306,0.369762,0.929663,-0.176627,0.359941,0.929952,-0.19399,0.309892,0.766141,-0.095724,0.32668,0.955433,-0.130672,0.347536,0.951546,-0.132885,0.354529,0.908809,-0.13687,0.255207,0.807046,-0.098676,0.285627,0.979641,-0.1205,0.304466,0.961035,-0.100115,0.31032,0.908817,-0.086663,0.214987,0.857188,-0.108255,0.246042,0.987046,-0.128225,0.267963,0.97098,-0.119191,0.277923,0.924453,-0.109272
1393,46433,True,0.9981,0.9981,0.308927,0.884354,0.0,0.368433,0.877363,-0.037253,0.42128,0.881609,-0.070319,0.434084,0.925423,-0.097708,0.398286,0.978553,-0.123414,0.36592,0.748148,-0.087978,0.363472,0.901338,-0.132659,0.362663,0.926563,-0.159532,0.357165,0.909634,-0.176563,0.298598,0.770227,-0.088385,0.32514,0.962523,-0.118842,0.345301,0.951142,-0.121847,0.350376,0.900155,-0.127439,0.244718,0.812573,-0.090241,0.282939,0.987631,-0.109014,0.302096,0.967775,-0.089953,0.306682,0.912277,-0.078073,0.204842,0.863907,-0.098532,0.240233,0.992554,-0.116942,0.261221,0.978209,-0.109088,0.268605,0.931742,-0.100629
1394,46466,True,0.9982,0.9982,0.308996,0.933833,-0.0,0.369893,0.909847,-0.032555,0.425632,0.876322,-0.057953,0.445834,0.888086,-0.079326,0.418567,0.933942,-0.096644,0.36366,0.727738,-0.058222,0.375157,0.852541,-0.095589,0.381467,0.892578,-0.115507,0.378176,0.880374,-0.128224,0.300133,0.744349,-0.060154,0.329561,0.911338,-0.087813,0.34821,0.930391,-0.091593,0.348939,0.893925,-0.095883,0.249655,0.788756,-0.06512,0.290555,0.949646,-0.083361,0.306374,0.9524,-0.072518,0.299113,0.905425,-0.066606,0.212434,0.844372,-0.075475,0.247995,0.959766,-0.090033,0.26446,0.965289,-0.086211,0.258904,0.9294,-0.082108
1395,46500,True,0.9969,0.9969,0.304778,0.91391,-0.0,0.363833,0.875964,-0.020869,0.417994,0.831646,-0.042562,0.44518,0.83062,-0.065923,0.434439,0.857645,-0.084773,0.374453,0.701857,-0.044919,0.376442,0.689138,-0.085277,0.371528,0.716233,-0.105683,0.367935,0.753642,-0.114536,0.31047,0.699241,-0.050494,0.346796,0.851049,-0.085897,0.369022,0.891391,-0.086125,0.375757,0.891991,-0.08135,0.258819,0.741407,-0.059932,0.305885,0.90227,-0.080864,0.326131,0.909653,-0.061135,0.329195,0.880871,-0.044438,0.220174,0.79757,-0.074628,0.259874,0.913617,-0.091026,0.27892,0.923215,-0.081952,0.280241,0.897703,-0.068804
1396,46533,True,0.9978,0.9978,0.310386,0.881242,0.0,0.369473,0.845918,-0.020623,0.420448,0.797873,-0.043331,0.448929,0.776674,-0.067612,0.442864,0.776272,-0.088683,0.377958,0.666418,-0.042434,0.373007,0.636079,-0.085802,0.365504,0.623672,-0.113476,0.358607,0.615057,-0.128901,0.315751,0.657751,-0.05022,0.347796,0.780691,-0.092116,0.372257,0.82167,-0.098157,0.381102,0.82027,-0.095278,0.264634,0.69586,-0.061766,0.313528,0.838096,-0.092577,0.333699,0.860583,-0.074652,0.337269,0.841598,-0.055759,0.228237,0.751314,-0.07806,0.264711,0.85062,-0.098617,0.283292,0.871831,-0.087762,0.284757,0.858155,-0.072081
1397,46566,True,0.999,0.999,0.321435,0.837385,0.0,0.380232,0.785412,-0.017154,0.429079,0.733769,-0.036264,0.451575,0.703617,-0.057147,0.440546,0.71078,-0.077878,0.379626,0.605882,-0.038371,0.373881,0.557048,-0.066113,0.365208,0.517862,-0.083998,0.356572,0.477241,-0.096896,0.320054,0.601946,-0.047669,0.350775,0.688777,-0.080434,0.377089,0.738453,-0.08944,0.389737,0.752341,-0.090879,0.271334,0.643132,-0.058074,0.319857,0.762902,-0.08771,0.352037,0.801037,-0.083854,0.36912,0.802706,-0.075482,0.237495,0.701887,-0.071157,0.267109,0.780497,-0.088132,0.290722,0.810251,-0.081605,0.302041,0.813827,-0.071884
1398,46600,True,0.9989,0.9989,0.347779,0.785727,0.0,0.397692,0.740385,-0.026434,0.440115,0.689772,-0.052034,0.456629,0.652425,-0.078136,0.438011,0.655578,-0.104194,0.378257,0.555593,-0.052514,0.366561,0.488682,-0.087238,0.355887,0.435874,-0.110023,0.345505,0.385951,-0.126572,0.316793,0.561827,-0.0608,0.353185,0.625775,-0.105783,0.385242,0.680128,-0.118721,0.399873,0.703665,-0.120615,0.270458,0.609872,-0.070601,0.322658,0.703373,-0.11105,0.361402,0.741603,-0.107127,0.382969,0.750105,-0.096474,0.239556,0.674085,-0.08363,0.278168,0.737232,-0.108749,0.313586,0.768096,-0.102531,0.335284,0.776175,-0.091552
1399,46633,True,0.9983,0.9983,0.352353,0.753461,0.0,0.401934,0.711524,-0.030381,0.444389,0.659392,-0.061439,0.458167,0.614538,-0.093647,0.433081,0.613873,-0.125518,0.380676,0.524284,-0.056277,0.363328,0.443658,-0.099345,0.35304,0.382581,-0.122483,0.343764,0.329793,-0.136684,0.318684,0.535977,-0.063078,0.360137,0.582001,-0.119073,0.395807,0.663168,-0.125542,0.408452,0.694473,-0.117399,0.273774,0.581978,-0.072694,0.329618,0.658424,-0.121729,0.365757,0.710223,-0.10788,0.378485,0.722206,-0.086171,0.243189,0.641628,-0.085782,0.28594,0.695947,-0.113039,0.320996,0.731352,-0.100031,0.3341,0.736722,-0.081617
1400,46666,True,0.998,0.998,0.353881,0.746399,0.0,0.40451,0.698647,-0.029518,0.447096,0.645986,-0.063392,0.459803,0.601883,-0.098994,0.434053,0.605397,-0.134702,0.377601,0.509865,-0.060972,0.362391,0.425444,-0.106144,0.352425,0.361115,-0.131515,0.343388,0.306352,-0.1481,0.316189,0.523193,-0.070057,0.36566,0.571031,-0.126002,0.40172,0.655764,-0.132279,0.413844,0.68508,-0.126129,0.273908,0.571989,-0.08172,0.336616,0.645125,-0.129592,0.372227,0.697272,-0.114785,0.384141,0.709833,-0.09511,0.246591,0.634621,-0.097123,0.293401,0.686874,-0.124574,0.328278,0.72232,-0.111436,0.341213,0.729089,-0.094645
1401,46700,True,0.9979,0.9979,0.353844,0.754891,0.0,0.406293,0.70614,-0.030359,0.451035,0.654767,-0.064712,0.465866,0.610048,-0.100434,0.438682,0.605036,-0.13623,0.382911,0.516891,-0.065592,0.367737,0.42894,-0.111417,0.35864,0.361093,-0.137624,0.350208,0.304631,-0.154171,0.321369,0.52897,-0.073034,0.370119,0.575737,-0.129061,0.40331,0.659641,-0.135577,0.414749,0.69602,-0.129945,0.277973,0.576545,-0.082752,0.339959,0.647503,-0.129359,0.371745,0.699395,-0.114504,0.382689,0.717159,-0.095172,0.249453,0.636177,-0.096254,0.293933,0.684836,-0.121926,0.325914,0.719605,-0.108839,0.336557,0.729636,-0.092492
1402,46733,True,0.9972,0.9972,0.353024,0.770085,0.0,0.407823,0.718904,-0.031383,0.453003,0.667634,-0.065748,0.469889,0.623581,-0.10139,0.446501,0.618013,-0.136827,0.386786,0.527762,-0.06324,0.372004,0.446902,-0.109809,0.365798,0.383296,-0.136605,0.360682,0.328589,-0.153161,0.326871,0.538879,-0.070206,0.377708,0.590022,-0.125961,0.412279,0.671943,-0.133113,0.424144,0.707233,-0.127618,0.28487,0.587259,-0.079763,0.347988,0.663897,-0.127753,0.37985,0.71594,-0.114282,0.390491,0.733028,-0.094862,0.257822,0.647698,-0.093076,0.303866,0.700352,-0.119429,0.336892,0.734363,-0.106704,0.348223,0.744528,-0.090008
1403,46766,True,0.9978,0.9978,0.352959,0.790096,0.0,0.409905,0.742232,-0.029284,0.455395,0.692633,-0.062707,0.476138,0.652256,-0.097704,0.462845,0.640946,-0.132439,0.394823,0.553391,-0.064422,0.381939,0.470898,-0.110817,0.37645,0.407355,-0.136164,0.372242,0.351805,-0.151909,0.334406,0.559683,-0.072797,0.387927,0.618719,-0.128935,0.419896,0.699864,-0.135954,0.43008,0.731893,-0.130846,0.290718,0.606984,-0.083555,0.357207,0.692999,-0.134143,0.388808,0.745194,-0.122576,0.39968,0.759129,-0.104342,0.261428,0.668095,-0.097558,0.309917,0.727178,-0.127202,0.342585,0.76289,-0.116934,0.354621,0.772564,-0.101791
1404,46800,True,0.9987,0.9987,0.356948,0.810728,0.0,0.412655,0.765231,-0.027216,0.461283,0.718042,-0.060089,0.486743,0.680614,-0.095528,0.470043,0.676146,-0.130984,0.400156,0.582022,-0.063495,0.394546,0.500608,-0.108506,0.392609,0.439584,-0.13125,0.39058,0.383436,-0.145693,0.338843,0.58632,-0.074329,0.396248,0.657588,-0.127981,0.422834,0.737596,-0.133321,0.4245,0.755235,-0.128344,0.295145,0.634981,-0.087316,0.363479,0.731555,-0.137508,0.392392,0.782731,-0.124672,0.397583,0.785311,-0.106502,0.264815,0.698295,-0.103355,0.309614,0.764603,-0.133034,0.341252,0.79868,-0.121746,0.351897,0.802214,-0.106414
1405,46833,True,0.9983,0.9983,0.36632,0.823987,0.0,0.416003,0.785399,-0.02509,0.460927,0.737148,-0.053084,0.485805,0.704425,-0.083135,0.481518,0.706591,-0.113129,0.406868,0.610133,-0.060775,0.403022,0.531069,-0.10249,0.403136,0.474497,-0.124502,0.404254,0.41979,-0.139118,0.34541,0.609959,-0.070245,0.405781,0.692293,-0.12007,0.42974,0.759808,-0.126027,0.431328,0.774433,-0.122899,0.301071,0.656697,-0.081676,0.372606,0.765624,-0.127702,0.400369,0.809156,-0.118289,0.406037,0.809718,-0.103633,0.27097,0.718458,-0.096015,0.317858,0.792597,-0.123377,0.345288,0.823242,-0.115025,0.352482,0.824302,-0.102664
1406,46866,True,0.9982,0.9982,0.368424,0.838784,0.0,0.415936,0.805869,-0.025154,0.45986,0.764199,-0.054865,0.486427,0.732786,-0.086921,0.487695,0.723518,-0.118376,0.413699,0.634382,-0.062644,0.409739,0.556085,-0.109695,0.408059,0.497576,-0.134504,0.407935,0.440313,-0.14966,0.351982,0.628527,-0.071369,0.414343,0.722379,-0.124091,0.435917,0.790689,-0.127991,0.436311,0.802879,-0.12234,0.306661,0.6733,-0.082719,0.380786,0.788997,-0.131967,0.403272,0.831409,-0.119802,0.404371,0.827754,-0.102165,0.27513,0.734743,-0.096908,0.321133,0.813605,-0.127187,0.345082,0.843851,-0.117988,0.349932,0.842904,-0.103808
1407,46900,True,0.9986,0.9986,0.368378,0.854972,0.0,0.418151,0.819916,-0.021782,0.464401,0.774962,-0.048678,0.491647,0.744608,-0.078651,0.497283,0.747261,-0.107958,0.420777,0.648841,-0.057338,0.415809,0.575501,-0.101658,0.415256,0.519976,-0.124568,0.416118,0.462644,-0.138758,0.355884,0.642168,-0.066909,0.422009,0.749361,-0.116468,0.441006,0.810928,-0.119934,0.437334,0.814167,-0.114191,0.310775,0.688083,-0.078858,0.386718,0.815727,-0.124675,0.408027,0.850671,-0.112606,0.404558,0.839674,-0.095245,0.279508,0.748075,-0.093637,0.330577,0.836056,-0.121835,0.350928,0.863077,-0.112973,0.348959,0.85897,-0.098905
1408,46933,True,0.9984,0.9984,0.367359,0.861257,0.0,0.422257,0.825938,-0.020942,0.472401,0.783449,-0.048772,0.499656,0.758064,-0.079734,0.501722,0.76444,-0.110239,0.425383,0.655008,-0.05761,0.423715,0.586907,-0.101207,0.424685,0.534281,-0.124125,0.42655,0.478059,-0.138862,0.361258,0.650867,-0.068049,0.427764,0.767601,-0.116381,0.444757,0.828049,-0.121836,0.43788,0.82206,-0.118803,0.316698,0.698786,-0.080387,0.391555,0.832345,-0.125666,0.413328,0.866785,-0.115196,0.40989,0.850427,-0.099982,0.286022,0.759173,-0.095401,0.336695,0.850747,-0.124065,0.35955,0.877912,-0.115743,0.360684,0.871992,-0.102534
1409,46966,True,0.9984,0.9984,0.368107,0.868244,0.0,0.42236,0.827637,-0.016517,0.472322,0.781053,-0.041819,0.50364,0.759998,-0.071258,0.510945,0.775018,-0.100808,0.426984,0.66053,-0.050855,0.429244,0.596466,-0.089795,0.4343,0.546145,-0.111309,0.440598,0.494177,-0.12612,0.364609,0.657331,-0.063428,0.432515,0.777909,-0.107289,0.449283,0.833635,-0.113074,0.442931,0.829867,-0.111855,0.320345,0.705964,-0.077524,0.396521,0.840029,-0.118415,0.41789,0.871556,-0.10914,0.414238,0.856379,-0.096263,0.28961,0.767626,-0.0941,0.345427,0.857747,-0.119298,0.367672,0.883944,-0.110852,0.367137,0.879146,-0.098874
1410,47000,True,0.9982,0.9982,0.366781,0.872753,0.0,0.424122,0.831755,-0.019268,0.475513,0.786486,-0.046671,0.507569,0.764567,-0.077473,0.515195,0.776904,-0.108345,0.429884,0.665422,-0.056354,0.432203,0.600597,-0.097661,0.438222,0.552569,-0.12151,0.444796,0.501812,-0.137974,0.367927,0.663975,-0.068343,0.436138,0.777904,-0.11385,0.451336,0.83278,-0.121852,0.442912,0.829626,-0.122826,0.323792,0.71279,-0.081792,0.402531,0.842118,-0.123021,0.423669,0.873865,-0.114553,0.420239,0.859457,-0.102977,0.293263,0.775276,-0.097936,0.351708,0.861172,-0.12275,0.374523,0.888336,-0.113935,0.374819,0.88462,-0.102309
1411,47033,True,0.9986,0.9986,0.36648,0.874894,0.0,0.424372,0.833551,-0.017992,0.475478,0.789616,-0.04492,0.507306,0.768133,-0.075253,0.518861,0.772455,-0.105447,0.431819,0.6693,-0.057978,0.435239,0.603369,-0.100929,0.441023,0.554945,-0.125969,0.447007,0.503763,-0.143153,0.37124,0.668192,-0.07075,0.441766,0.777311,-0.118046,0.456068,0.831779,-0.126961,0.44738,0.82991,-0.128478,0.327882,0.717056,-0.084652,0.40832,0.843864,-0.127358,0.427259,0.876227,-0.118565,0.421978,0.86287,-0.106587,0.297221,0.779186,-0.10104,0.357184,0.865364,-0.12731,0.379104,0.892294,-0.118268,0.378026,0.887992,-0.106264
1412,47066,True,0.9992,0.9992,0.368556,0.872024,0.0,0.424117,0.831334,-0.017241,0.474149,0.79064,-0.04377,0.50717,0.770132,-0.07379,0.521191,0.775352,-0.104072,0.434108,0.671307,-0.058045,0.439695,0.605357,-0.099207,0.446806,0.556373,-0.123986,0.453297,0.506751,-0.14118,0.373547,0.670279,-0.070771,0.443513,0.776991,-0.115546,0.457374,0.828979,-0.124338,0.448421,0.831098,-0.126394,0.330093,0.719289,-0.084318,0.409169,0.844018,-0.125099,0.428618,0.87506,-0.117025,0.422994,0.866634,-0.105937,0.299119,0.781015,-0.100221,0.358905,0.865278,-0.124808,0.380857,0.891014,-0.115517,0.379543,0.889672,-0.103807
1413,47100,True,0.9988,0.9988,0.370032,0.875001,0.0,0.424372,0.833532,-0.016116,0.474113,0.788715,-0.041984,0.507668,0.76737,-0.071731,0.524488,0.780612,-0.102048,0.434995,0.675197,-0.055146,0.443295,0.610981,-0.095501,0.452341,0.562205,-0.119255,0.460411,0.511739,-0.135858,0.375299,0.673581,-0.068223,0.446266,0.782892,-0.112805,0.459397,0.840363,-0.120083,0.450296,0.842302,-0.120709,0.332471,0.721318,-0.082235,0.412357,0.846056,-0.123088,0.430865,0.878724,-0.114797,0.424259,0.867579,-0.103417,0.301251,0.782093,-0.098453,0.361492,0.866561,-0.122694,0.380325,0.89331,-0.113443,0.37473,0.890695,-0.101822
1414,47133,True,0.9987,0.9987,0.368998,0.873923,0.0,0.424153,0.832602,-0.017431,0.474907,0.788901,-0.043765,0.510589,0.769796,-0.073737,0.52718,0.786649,-0.104339,0.437713,0.675775,-0.055102,0.448117,0.61165,-0.094854,0.457792,0.561826,-0.119153,0.466521,0.511192,-0.136606,0.377895,0.674418,-0.067744,0.448513,0.778931,-0.112779,0.463783,0.830525,-0.12228,0.456511,0.833874,-0.124399,0.334932,0.720533,-0.081279,0.416445,0.844743,-0.121011,0.43537,0.875768,-0.113292,0.42958,0.867322,-0.10234,0.303069,0.780149,-0.097408,0.367234,0.866789,-0.121368,0.388399,0.895545,-0.112619,0.385339,0.895595,-0.101219
1415,47166,True,0.9991,0.9991,0.368894,0.871659,0.0,0.427604,0.831164,-0.016963,0.480177,0.78688,-0.043377,0.516021,0.769247,-0.07362,0.525962,0.790202,-0.10504,0.439552,0.673838,-0.054972,0.452539,0.611596,-0.095053,0.465528,0.565683,-0.11974,0.476949,0.518594,-0.136915,0.38114,0.674825,-0.068409,0.455208,0.778563,-0.114064,0.469284,0.829582,-0.123994,0.46066,0.830812,-0.125937,0.337973,0.722204,-0.082705,0.421522,0.844148,-0.123843,0.439408,0.877047,-0.116787,0.432741,0.869585,-0.105341,0.306197,0.781489,-0.09935,0.370184,0.864533,-0.123711,0.390798,0.893636,-0.114497,0.387912,0.894928,-0.102289
1416,47200,True,0.9994,0.9994,0.366799,0.872309,0.0,0.426361,0.83099,-0.015493,0.480472,0.788534,-0.043173,0.51778,0.771139,-0.074861,0.527316,0.791607,-0.108026,0.44093,0.672745,-0.056175,0.454925,0.612509,-0.096969,0.468504,0.56695,-0.121415,0.480878,0.520541,-0.13821,0.38462,0.674835,-0.07066,0.461767,0.777556,-0.116038,0.474189,0.83494,-0.123731,0.463721,0.838983,-0.124114,0.342871,0.723969,-0.08579,0.428448,0.842785,-0.127014,0.443781,0.878105,-0.117971,0.434226,0.871491,-0.105273,0.31227,0.784481,-0.102975,0.376565,0.86557,-0.127169,0.395932,0.894331,-0.116635,0.390901,0.894856,-0.103645
1417,47233,True,0.9995,0.9995,0.367175,0.872645,0.0,0.428428,0.828656,-0.012896,0.483922,0.786336,-0.039596,0.521634,0.768186,-0.070495,0.527964,0.790143,-0.103322,0.440269,0.674254,-0.055304,0.45536,0.612273,-0.095111,0.47054,0.56465,-0.1186,0.484626,0.518949,-0.134543,0.386178,0.677279,-0.070676,0.46654,0.776066,-0.113613,0.478122,0.834941,-0.119204,0.466908,0.83973,-0.118512,0.345641,0.726407,-0.086326,0.433559,0.841858,-0.125507,0.446999,0.876397,-0.115227,0.436694,0.86868,-0.10234,0.315508,0.787436,-0.10375,0.380771,0.864382,-0.126601,0.398599,0.892532,-0.114956,0.392806,0.892921,-0.101645
1418,47266,True,0.9997,0.9997,0.364488,0.872452,0.0,0.425778,0.827688,-0.012415,0.480063,0.785909,-0.039211,0.51737,0.767751,-0.070343,0.529384,0.787619,-0.103425,0.442693,0.674815,-0.055873,0.455467,0.611345,-0.096789,0.471207,0.563964,-0.120569,0.485147,0.517871,-0.136503,0.389427,0.677064,-0.071981,0.468677,0.772503,-0.115945,0.481007,0.835183,-0.120988,0.46941,0.841421,-0.119692,0.348569,0.725491,-0.088523,0.434584,0.837946,-0.129535,0.44824,0.875358,-0.118908,0.437176,0.869123,-0.105418,0.317048,0.786018,-0.106657,0.381128,0.860478,-0.130723,0.399639,0.890034,-0.118807,0.393955,0.890889,-0.105198
1419,47300,True,0.9996,0.9996,0.363368,0.869623,0.0,0.426164,0.823237,-0.013087,0.480065,0.78171,-0.041085,0.517953,0.766998,-0.073071,0.529213,0.791526,-0.107053,0.443717,0.671928,-0.060191,0.456407,0.608549,-0.103727,0.473354,0.561485,-0.129875,0.488338,0.514633,-0.147378,0.390959,0.675178,-0.076404,0.468263,0.769951,-0.122943,0.483517,0.833422,-0.128586,0.474364,0.844208,-0.127488,0.349341,0.723595,-0.092931,0.432132,0.833498,-0.134617,0.447995,0.872684,-0.122974,0.438969,0.871456,-0.108617,0.31749,0.783382,-0.111218,0.381727,0.857083,-0.134819,0.400271,0.887755,-0.121903,0.394755,0.890473,-0.107587
1420,47333,True,0.9997,0.9997,0.363269,0.871895,0.0,0.42787,0.823717,-0.01256,0.481334,0.782143,-0.040839,0.517913,0.766144,-0.073174,0.528143,0.7886,-0.107651,0.444442,0.669704,-0.059318,0.458251,0.608974,-0.102183,0.475232,0.56225,-0.127725,0.489968,0.516733,-0.144783,0.391381,0.67393,-0.075877,0.468317,0.76673,-0.121177,0.483101,0.833823,-0.125621,0.473168,0.847074,-0.123608,0.349531,0.723202,-0.092673,0.432491,0.828559,-0.133551,0.449253,0.871048,-0.120372,0.440109,0.872906,-0.104969,0.317794,0.784272,-0.111192,0.382791,0.855689,-0.13419,0.402635,0.886921,-0.120022,0.39765,0.89058,-0.104692
1421,47366,True,0.9997,0.9997,0.35946,0.872029,0.0,0.426641,0.823936,-0.011875,0.481744,0.783247,-0.040645,0.5192,0.766321,-0.07369,0.527483,0.78852,-0.109099,0.443662,0.671009,-0.060242,0.457982,0.609039,-0.103044,0.475751,0.561443,-0.128777,0.491038,0.516757,-0.145973,0.391412,0.675,-0.07735,0.468704,0.765339,-0.122935,0.482193,0.832317,-0.127903,0.471271,0.847054,-0.126183,0.349908,0.722964,-0.094424,0.433357,0.825662,-0.135586,0.450006,0.869914,-0.122858,0.441525,0.875436,-0.107636,0.318401,0.782808,-0.113093,0.38346,0.852831,-0.135917,0.403225,0.885727,-0.121675,0.398976,0.892208,-0.106328
1422,47400,True,0.9998,0.9998,0.355959,0.875964,0.0,0.427045,0.826893,-0.011599,0.483397,0.785585,-0.039842,0.520721,0.76588,-0.072252,0.529367,0.787486,-0.106774,0.443795,0.671017,-0.057439,0.459598,0.610911,-0.098318,0.477806,0.563174,-0.122766,0.493682,0.520424,-0.139245,0.39239,0.674762,-0.074679,0.470463,0.764654,-0.118525,0.48244,0.832899,-0.122775,0.471179,0.849162,-0.120542,0.350701,0.722148,-0.091964,0.43558,0.82544,-0.132018,0.451554,0.870769,-0.119526,0.443528,0.87703,-0.104675,0.318877,0.782552,-0.110842,0.385591,0.853628,-0.132879,0.405646,0.88702,-0.118661,0.402188,0.893867,-0.103542
1423,47433,True,0.9997,0.9997,0.353072,0.878988,0.0,0.423681,0.830313,-0.010257,0.479554,0.787221,-0.036794,0.516004,0.765007,-0.06732,0.528302,0.7863,-0.099743,0.442698,0.670364,-0.054861,0.459448,0.608691,-0.093897,0.479034,0.561143,-0.118223,0.495768,0.519456,-0.134978,0.39224,0.673806,-0.071985,0.467965,0.763418,-0.113572,0.483947,0.829569,-0.117986,0.476832,0.849291,-0.11668,0.350639,0.72058,-0.089198,0.434261,0.823633,-0.127114,0.453002,0.867854,-0.116461,0.448005,0.876617,-0.103699,0.319557,0.781115,-0.107924,0.386684,0.852098,-0.128286,0.405739,0.884737,-0.115247,0.401929,0.892372,-0.10176
1424,47466,True,0.9996,0.9996,0.351304,0.882072,0.0,0.423731,0.831213,-0.008925,0.479301,0.787168,-0.034516,0.515538,0.767034,-0.064253,0.527719,0.788477,-0.095656,0.442582,0.668676,-0.052296,0.459579,0.608204,-0.090339,0.479383,0.560774,-0.114312,0.495908,0.518191,-0.131207,0.393323,0.672444,-0.070705,0.470947,0.760829,-0.112824,0.486091,0.826869,-0.118866,0.478363,0.846251,-0.118641,0.352054,0.719277,-0.089075,0.436694,0.823406,-0.128101,0.454999,0.868657,-0.119587,0.45051,0.876064,-0.108037,0.321585,0.779831,-0.108738,0.388983,0.850756,-0.129271,0.407142,0.88333,-0.116987,0.403337,0.890064,-0.104284
1425,47500,True,0.9995,0.9995,0.350289,0.882954,0.0,0.424042,0.830954,-0.007774,0.480026,0.786573,-0.033932,0.516184,0.767041,-0.064619,0.52712,0.788236,-0.096981,0.442016,0.667254,-0.050652,0.460287,0.606918,-0.087985,0.480695,0.558914,-0.110209,0.497353,0.517906,-0.125584,0.393544,0.671763,-0.069893,0.473347,0.755674,-0.110638,0.486465,0.825418,-0.113913,0.477208,0.845379,-0.111388,0.352803,0.718254,-0.089198,0.439298,0.822059,-0.127421,0.455465,0.868967,-0.11664,0.449132,0.876294,-0.103346,0.322452,0.778933,-0.109753,0.390865,0.850466,-0.129299,0.409755,0.883827,-0.115367,0.405995,0.890855,-0.101425
1426,47533,True,0.9994,0.9994,0.34982,0.88508,0.0,0.423546,0.833753,-0.008434,0.479653,0.789534,-0.034658,0.515908,0.768818,-0.065099,0.527368,0.787165,-0.097149,0.443078,0.668242,-0.052331,0.461146,0.607652,-0.091004,0.481609,0.559452,-0.114079,0.497659,0.517735,-0.129903,0.39427,0.672062,-0.071679,0.473798,0.754394,-0.114139,0.487106,0.826563,-0.117838,0.477174,0.848577,-0.115199,0.352869,0.718369,-0.091144,0.438187,0.821201,-0.131121,0.454517,0.869642,-0.120152,0.447905,0.877252,-0.106246,0.321912,0.779351,-0.111845,0.389767,0.849807,-0.132554,0.409563,0.884147,-0.118275,0.40604,0.891912,-0.103812
1427,47566,True,0.9994,0.9994,0.348187,0.88534,0.0,0.421978,0.835222,-0.009022,0.47862,0.791997,-0.03521,0.515334,0.772761,-0.065423,0.528588,0.788935,-0.097091,0.442989,0.668262,-0.052196,0.46121,0.609662,-0.090997,0.481433,0.562741,-0.114585,0.497557,0.521425,-0.130923,0.394473,0.672103,-0.071353,0.474043,0.756707,-0.114547,0.487786,0.828645,-0.119341,0.478411,0.851248,-0.117471,0.353134,0.718707,-0.090714,0.438678,0.823075,-0.130751,0.454976,0.871232,-0.120258,0.44839,0.878679,-0.106772,0.322326,0.780146,-0.111441,0.390664,0.851393,-0.132543,0.409854,0.885087,-0.118903,0.405823,0.891911,-0.10489
1428,47600,True,0.9994,0.9994,0.346555,0.886297,0.0,0.423382,0.832271,-0.006049,0.480771,0.78632,-0.031145,0.517977,0.769265,-0.061183,0.528947,0.791823,-0.092887,0.442133,0.665897,-0.047464,0.460629,0.609681,-0.084347,0.481114,0.563476,-0.106205,0.497808,0.523646,-0.121318,0.39375,0.670394,-0.067916,0.474899,0.757887,-0.109526,0.486372,0.831636,-0.113041,0.47527,0.853608,-0.109799,0.352825,0.717665,-0.088429,0.440102,0.824359,-0.127761,0.455641,0.873362,-0.117222,0.448245,0.879909,-0.103212,0.322217,0.779707,-0.110019,0.391497,0.852415,-0.130037,0.410729,0.886232,-0.115828,0.406389,0.892869,-0.10122
1429,47633,True,0.9994,0.9994,0.345654,0.886798,0.0,0.423694,0.83302,-0.003685,0.482476,0.785513,-0.026243,0.519408,0.766257,-0.05403,0.526306,0.785554,-0.083555,0.441048,0.666585,-0.044213,0.460111,0.609683,-0.079332,0.479348,0.564277,-0.100234,0.494079,0.523089,-0.114955,0.393034,0.670631,-0.06538,0.473666,0.756714,-0.105842,0.483948,0.829343,-0.109738,0.471102,0.848936,-0.107015,0.352253,0.717885,-0.086267,0.438177,0.82293,-0.125245,0.453796,0.871681,-0.115362,0.44648,0.876725,-0.101895,0.321777,0.779591,-0.107895,0.389968,0.851352,-0.127798,0.409594,0.884935,-0.113749,0.405818,0.891257,-0.099388
1430,47666,True,0.9994,0.9994,0.348081,0.884383,0.0,0.425674,0.834335,-0.006296,0.483338,0.789816,-0.030836,0.519771,0.768386,-0.060117,0.52609,0.779138,-0.090818,0.441442,0.665868,-0.048596,0.460475,0.604581,-0.08638,0.478348,0.556053,-0.108938,0.490043,0.510215,-0.124777,0.392772,0.668426,-0.06851,0.472376,0.753693,-0.111059,0.481163,0.826455,-0.115265,0.465625,0.841234,-0.113046,0.351628,0.71427,-0.088351,0.435891,0.818458,-0.128794,0.449744,0.866518,-0.117815,0.439179,0.867075,-0.103928,0.320593,0.774619,-0.109131,0.38716,0.847561,-0.130788,0.405217,0.88049,-0.11691,0.397854,0.883161,-0.102645
1431,47700,True,0.9994,0.9994,0.349591,0.87693,0.0,0.426167,0.826753,-0.008996,0.483648,0.780664,-0.034995,0.519788,0.756987,-0.065716,0.523299,0.769727,-0.09792,0.438618,0.655806,-0.049426,0.457572,0.592838,-0.087145,0.473957,0.541901,-0.10921,0.484796,0.494004,-0.124736,0.388954,0.660757,-0.068134,0.468614,0.742168,-0.110614,0.478472,0.816202,-0.11412,0.464793,0.829589,-0.111312,0.348414,0.707243,-0.08698,0.432689,0.805947,-0.126611,0.446793,0.855206,-0.113784,0.436622,0.857584,-0.098697,0.318218,0.766675,-0.107294,0.385453,0.836398,-0.128198,0.404137,0.869589,-0.113691,0.398671,0.873547,-0.098892
1432,47733,True,0.9993,0.9993,0.350955,0.865286,0.0,0.424464,0.815841,-0.012619,0.478147,0.766513,-0.040129,0.512141,0.73753,-0.071878,0.515848,0.753124,-0.104507,0.433784,0.642238,-0.051247,0.447229,0.571005,-0.089047,0.459007,0.517584,-0.110599,0.468298,0.470043,-0.125515,0.382921,0.64782,-0.06829,0.463272,0.727451,-0.111154,0.475405,0.799137,-0.113733,0.465722,0.814067,-0.109744,0.34157,0.693707,-0.086018,0.429081,0.79286,-0.124854,0.442691,0.841645,-0.111169,0.434113,0.846273,-0.095509,0.310662,0.752509,-0.105753,0.37922,0.822615,-0.125742,0.396194,0.85745,-0.110917,0.391372,0.862957,-0.095803
1433,47766,True,0.9992,0.9992,0.357851,0.851574,0.0,0.42219,0.803341,-0.016966,0.468015,0.754662,-0.045693,0.497771,0.725439,-0.077487,0.511461,0.728503,-0.109459,0.425752,0.62498,-0.058796,0.434573,0.550851,-0.099529,0.440893,0.49527,-0.123648,0.445634,0.443879,-0.140719,0.372888,0.631515,-0.073888,0.449255,0.708126,-0.121552,0.466628,0.778518,-0.127869,0.462705,0.796524,-0.126695,0.331382,0.6779,-0.089754,0.417408,0.774423,-0.130993,0.435448,0.82281,-0.118714,0.431912,0.829036,-0.104299,0.301057,0.737327,-0.108134,0.368564,0.803964,-0.130331,0.387793,0.838257,-0.11769,0.38677,0.84334,-0.104159
1434,47800,True,0.9991,0.9991,0.365241,0.838183,0.0,0.42722,0.795967,-0.019184,0.472571,0.751581,-0.049687,0.499005,0.716938,-0.083437,0.500474,0.707517,-0.117118,0.425483,0.618374,-0.063238,0.423253,0.535946,-0.109198,0.426465,0.477996,-0.134655,0.42995,0.424464,-0.151328,0.368914,0.622048,-0.077344,0.436495,0.688246,-0.130136,0.458198,0.759964,-0.135918,0.458682,0.776865,-0.132782,0.326075,0.667135,-0.092633,0.405032,0.759015,-0.137836,0.425563,0.810163,-0.122978,0.422764,0.817191,-0.105558,0.295669,0.72656,-0.110692,0.353771,0.789993,-0.136629,0.373632,0.822912,-0.124114,0.37075,0.825195,-0.109446
1435,47833,True,0.9992,0.9992,0.360104,0.848539,0.0,0.420911,0.807111,-0.019832,0.470521,0.767331,-0.050069,0.499666,0.73678,-0.083459,0.496089,0.736674,-0.116999,0.426096,0.630801,-0.064395,0.42312,0.554502,-0.110691,0.424957,0.497371,-0.137604,0.427804,0.441963,-0.155319,0.366806,0.629316,-0.077098,0.426245,0.716456,-0.129507,0.443568,0.785937,-0.137851,0.442419,0.80365,-0.136826,0.321019,0.673785,-0.090676,0.393042,0.787944,-0.136081,0.40906,0.830841,-0.126494,0.40569,0.830822,-0.112502,0.28854,0.733206,-0.106713,0.340366,0.808711,-0.131974,0.357933,0.838791,-0.122004,0.355055,0.837664,-0.109233
1436,47866,True,0.9967,0.9967,0.352682,0.887899,-0.0,0.414661,0.850069,-0.016462,0.468397,0.804917,-0.038414,0.498024,0.781,-0.063602,0.507725,0.790633,-0.088824,0.437029,0.678492,-0.047451,0.448708,0.609553,-0.082891,0.453544,0.561982,-0.104576,0.460309,0.511499,-0.12072,0.377403,0.664116,-0.059586,0.425988,0.777638,-0.102187,0.435043,0.835305,-0.113206,0.432367,0.846654,-0.116293,0.327786,0.703769,-0.072671,0.385116,0.845284,-0.10996,0.396846,0.881993,-0.106889,0.396404,0.873552,-0.09972,0.288266,0.761278,-0.088165,0.330946,0.862942,-0.110089,0.345347,0.893535,-0.104763,0.345707,0.887507,-0.096666
1437,47900,True,0.9857,0.9857,0.351484,0.887287,-0.0,0.424759,0.846442,-0.017545,0.484478,0.813347,-0.043568,0.516762,0.829425,-0.072706,0.522161,0.877652,-0.101584,0.450177,0.685023,-0.048764,0.479489,0.680016,-0.095093,0.511594,0.700392,-0.12562,0.544868,0.722251,-0.143653,0.392436,0.698416,-0.061141,0.460568,0.861533,-0.10618,0.470722,0.910788,-0.117557,0.467821,0.903868,-0.121784,0.341915,0.754309,-0.076341,0.414297,0.917585,-0.111981,0.419473,0.93349,-0.105898,0.414582,0.899859,-0.096699,0.302989,0.817346,-0.09476,0.356849,0.929731,-0.116878,0.363517,0.940478,-0.109898,0.355159,0.912322,-0.099414
1438,47933,True,0.9875,0.9875,0.360924,0.899441,0.0,0.437317,0.873005,-0.027265,0.500322,0.854379,-0.057508,0.538114,0.88167,-0.090876,0.560973,0.925164,-0.123153,0.486804,0.723387,-0.04997,0.544589,0.774395,-0.111057,0.586493,0.808878,-0.153163,0.623049,0.845835,-0.175132,0.430577,0.733259,-0.058759,0.49764,0.925497,-0.103738,0.481369,0.94201,-0.109624,0.466943,0.910351,-0.109442,0.377574,0.787683,-0.073875,0.445615,0.965885,-0.108032,0.42624,0.95353,-0.087904,0.413568,0.914558,-0.067203,0.328271,0.852691,-0.095164,0.385612,0.974924,-0.120926,0.379787,0.954603,-0.109256,0.370657,0.913644,-0.091905
1439,47966,True,0.9982,0.9982,0.338562,0.921155,0.0,0.420043,0.889323,-0.013166,0.499961,0.872174,-0.038945,0.553254,0.908785,-0.067784,0.577021,0.965057,-0.097322,0.515711,0.760108,-0.050878,0.581815,0.809588,-0.100652,0.629064,0.838625,-0.136689,0.671194,0.862298,-0.160184,0.469436,0.76848,-0.06874,0.545355,0.959346,-0.115213,0.518061,1.001647,-0.125131,0.497085,0.988203,-0.128885,0.417841,0.815529,-0.088919,0.492113,0.99616,-0.127405,0.463471,0.99069,-0.117175,0.442999,0.948745,-0.105539,0.36896,0.876873,-0.112207,0.435318,1.004348,-0.138983,0.422644,1.005355,-0.129286,0.403713,0.980126,-0.116931
1440,48000,True,0.9975,0.9975,0.362128,0.896287,0.0,0.450753,0.866807,-0.00724,0.538359,0.861507,-0.028403,0.597022,0.906389,-0.052226,0.609168,0.961638,-0.076032,0.540859,0.753342,-0.052958,0.615291,0.782965,-0.096723,0.669966,0.801983,-0.125275,0.717285,0.820131,-0.143694,0.49518,0.763923,-0.074596,0.571266,0.929511,-0.115171,0.535005,0.951076,-0.117112,0.512024,0.921855,-0.116326,0.446298,0.803917,-0.097313,0.518412,0.970865,-0.134019,0.486759,0.967456,-0.123179,0.469694,0.923591,-0.112092,0.40073,0.858032,-0.121971,0.46678,0.981008,-0.140411,0.450632,0.977198,-0.126854,0.424954,0.94163,-0.114863
1441,48033,True,0.9985,0.9985,0.385243,0.889196,0.0,0.471485,0.861453,-0.005194,0.55135,0.84983,-0.031755,0.606266,0.875914,-0.060999,0.624107,0.919384,-0.091204,0.554462,0.735347,-0.060813,0.629425,0.735282,-0.102907,0.686132,0.737071,-0.129991,0.734524,0.743283,-0.14792,0.51143,0.737849,-0.08113,0.588557,0.883234,-0.124639,0.564813,0.932133,-0.127788,0.543831,0.928811,-0.126675,0.465621,0.774751,-0.100452,0.543523,0.930825,-0.136202,0.526649,0.960643,-0.121321,0.507561,0.940346,-0.107093,0.423413,0.828105,-0.120919,0.495259,0.941656,-0.137128,0.492471,0.963242,-0.119545,0.47494,0.941972,-0.104378
1442,48066,True,0.9979,0.9979,0.398198,0.875417,0.0,0.487714,0.842762,-0.00335,0.559811,0.820103,-0.030974,0.613065,0.834252,-0.06318,0.632438,0.869802,-0.096385,0.557846,0.699322,-0.053509,0.633407,0.683119,-0.096226,0.691062,0.669396,-0.122715,0.739167,0.660054,-0.140418,0.518159,0.700022,-0.075539,0.601724,0.82823,-0.120536,0.577485,0.8896,-0.122203,0.553188,0.89161,-0.11911,0.476209,0.737367,-0.097198,0.558546,0.873329,-0.136917,0.54128,0.914269,-0.120638,0.518495,0.900435,-0.104074,0.437547,0.791554,-0.119791,0.509113,0.888444,-0.139074,0.507028,0.918516,-0.12123,0.487192,0.904757,-0.105038
1443,48100,True,0.9986,0.9986,0.404819,0.853027,0.0,0.499679,0.822208,-0.001061,0.571048,0.79717,-0.030121,0.621525,0.803458,-0.065171,0.636273,0.832241,-0.102229,0.559929,0.667607,-0.05156,0.634591,0.641661,-0.09292,0.689784,0.621377,-0.118325,0.733539,0.604194,-0.135876,0.518657,0.668342,-0.076062,0.606016,0.782327,-0.120532,0.58625,0.850413,-0.122621,0.561546,0.852954,-0.120216,0.476659,0.706548,-0.099832,0.562508,0.830051,-0.140066,0.550188,0.879217,-0.124085,0.527908,0.869834,-0.108093,0.440124,0.760856,-0.12418,0.51154,0.849876,-0.144009,0.514115,0.885052,-0.125787,0.496285,0.875841,-0.109678
1444,48133,True,0.9977,0.9977,0.400955,0.850887,0.0,0.494368,0.816788,-0.003104,0.561841,0.783334,-0.03295,0.609803,0.778799,-0.068985,0.624685,0.804671,-0.106398,0.555947,0.647309,-0.044416,0.625618,0.620493,-0.083221,0.678676,0.60049,-0.106794,0.721548,0.584148,-0.123429,0.513912,0.648722,-0.06812,0.597735,0.762126,-0.11311,0.58005,0.83471,-0.116585,0.55841,0.838099,-0.114086,0.471257,0.685979,-0.091812,0.553976,0.810002,-0.131445,0.54176,0.864267,-0.116973,0.521608,0.859089,-0.101622,0.434071,0.739456,-0.116516,0.501881,0.832207,-0.134872,0.504783,0.871526,-0.118741,0.490241,0.865161,-0.104055
1445,48166,True,0.9979,0.9979,0.384429,0.855693,0.0,0.482145,0.808534,-0.003763,0.554866,0.772924,-0.029705,0.603047,0.777552,-0.061738,0.611926,0.823849,-0.094647,0.540564,0.648981,-0.039923,0.604244,0.631018,-0.075521,0.650422,0.614857,-0.099693,0.691265,0.601563,-0.118102,0.497072,0.649335,-0.062583,0.575722,0.772608,-0.106693,0.564054,0.843301,-0.114554,0.546264,0.854586,-0.115657,0.452705,0.688004,-0.085063,0.528152,0.823067,-0.121994,0.521095,0.870888,-0.113653,0.503704,0.865296,-0.102827,0.414432,0.743133,-0.109063,0.475253,0.84291,-0.125823,0.47714,0.87297,-0.114289,0.461949,0.862109,-0.103484
1446,48200,True,0.9925,0.9925,0.363707,0.873267,0.0,0.457569,0.823652,-0.010835,0.540106,0.780979,-0.033746,0.587212,0.790558,-0.059549,0.589248,0.843631,-0.08544,0.515227,0.668457,-0.045346,0.572308,0.667945,-0.080883,0.613482,0.658967,-0.106163,0.652603,0.652578,-0.126002,0.470851,0.669259,-0.062633,0.543469,0.816981,-0.107803,0.531401,0.879474,-0.118299,0.514426,0.890729,-0.122447,0.424375,0.709104,-0.080254,0.495641,0.865511,-0.11609,0.48277,0.899151,-0.110956,0.465643,0.88342,-0.104137,0.385087,0.765557,-0.100114,0.440453,0.87964,-0.11736,0.433478,0.899072,-0.110265,0.416539,0.877353,-0.104052
1447,48233,True,0.9947,0.9947,0.352295,0.901029,0.0,0.436695,0.862111,-0.016258,0.513568,0.824501,-0.044044,0.561551,0.836691,-0.074035,0.567683,0.880296,-0.104434,0.490158,0.702537,-0.054519,0.530008,0.715179,-0.095612,0.569383,0.719184,-0.124189,0.604456,0.727132,-0.144491,0.44096,0.70084,-0.069709,0.50478,0.870178,-0.11477,0.486413,0.917186,-0.122634,0.46735,0.90777,-0.125892,0.391058,0.742382,-0.086618,0.453167,0.914308,-0.125,0.43481,0.927351,-0.118265,0.41698,0.893064,-0.110691,0.347211,0.800784,-0.106171,0.395994,0.919815,-0.12973,0.386784,0.926393,-0.124416,0.370048,0.894104,-0.118474
1448,48266,True,0.9688,0.9688,0.367943,0.919407,0.0,0.446661,0.895161,-0.021882,0.506914,0.869167,-0.050007,0.534917,0.892996,-0.078607,0.531165,0.931772,-0.106681,0.468068,0.732215,-0.057167,0.487946,0.740239,-0.09971,0.512875,0.744398,-0.13219,0.53558,0.755404,-0.154315,0.414499,0.732778,-0.067715,0.465314,0.8981,-0.106098,0.44989,0.909906,-0.11578,0.436676,0.876996,-0.123012,0.363772,0.777934,-0.080789,0.425375,0.950309,-0.11054,0.416757,0.938784,-0.102957,0.409747,0.894042,-0.097657,0.318398,0.837617,-0.098042,0.367868,0.960855,-0.122084,0.364522,0.951944,-0.117838,0.354872,0.914336,-0.112447
1449,48300,True,0.9824,0.9824,0.358391,0.895186,0.0,0.434033,0.882987,-0.02847,0.494041,0.872783,-0.05582,0.521219,0.908406,-0.083147,0.507303,0.959012,-0.107255,0.454285,0.754679,-0.062448,0.467907,0.773023,-0.108101,0.481421,0.793297,-0.133246,0.495084,0.824305,-0.145468,0.391814,0.752904,-0.067958,0.441512,0.941436,-0.105267,0.435195,0.946043,-0.103741,0.424648,0.905367,-0.098974,0.33647,0.797184,-0.077437,0.397734,0.984872,-0.104841,0.394868,0.959793,-0.082592,0.391477,0.908077,-0.062706,0.2894,0.854699,-0.092789,0.338404,0.989196,-0.120409,0.341647,0.966611,-0.112331,0.338613,0.921294,-0.098055
1450,48333,True,0.9904,0.9904,0.34714,0.918332,0.0,0.413611,0.901791,-0.025569,0.471651,0.883435,-0.052091,0.508861,0.911994,-0.0792,0.494944,0.955271,-0.103797,0.435122,0.757226,-0.058131,0.439375,0.795361,-0.095469,0.447078,0.831573,-0.116199,0.453281,0.860127,-0.127778,0.371619,0.768878,-0.06769,0.420824,0.959677,-0.103061,0.427231,0.980073,-0.108027,0.424091,0.946637,-0.109223,0.316635,0.815529,-0.079742,0.379785,1.005104,-0.107831,0.393906,1.00308,-0.093485,0.399086,0.958166,-0.080286,0.271109,0.871364,-0.096801,0.324579,1.013822,-0.121121,0.335335,1.033755,-0.111026,0.335722,1.014563,-0.097054
1451,48366,True,0.9943,0.9943,0.348336,0.938907,-0.0,0.415884,0.920274,-0.024293,0.472275,0.898363,-0.049126,0.497597,0.913634,-0.074845,0.473166,0.945065,-0.099463,0.425884,0.771586,-0.05959,0.429619,0.809793,-0.095752,0.433121,0.847901,-0.116254,0.43589,0.870875,-0.128821,0.359457,0.783235,-0.069296,0.400775,0.957092,-0.107706,0.417207,0.991618,-0.118069,0.419738,0.975798,-0.123753,0.30283,0.827712,-0.080432,0.355676,0.997494,-0.112355,0.378082,1.020692,-0.105564,0.386898,0.996773,-0.097701,0.258882,0.884124,-0.095461,0.304668,1.009747,-0.120181,0.32537,1.043264,-0.113432,0.332917,1.037822,-0.103284
1452,48400,True,0.9899,0.9899,0.343857,0.941853,-0.0,0.406373,0.921574,-0.022774,0.461526,0.895825,-0.046362,0.495716,0.913616,-0.072193,0.486238,0.946264,-0.095812,0.421235,0.776569,-0.05229,0.429956,0.803677,-0.093555,0.434832,0.841574,-0.117171,0.437716,0.873711,-0.129769,0.35744,0.783447,-0.061509,0.406452,0.959305,-0.101909,0.417881,0.989655,-0.110897,0.412715,0.973435,-0.114207,0.301999,0.828822,-0.073608,0.359011,1.002872,-0.104404,0.373756,1.015195,-0.094747,0.372208,0.98263,-0.084483,0.258152,0.887271,-0.090121,0.30576,1.020376,-0.113722,0.318575,1.042449,-0.107688,0.314153,1.02458,-0.097581
1453,48433,True,0.9952,0.9952,0.345875,0.958092,-0.0,0.410537,0.935465,-0.022015,0.469345,0.898192,-0.044495,0.501237,0.914453,-0.069486,0.491376,0.955576,-0.091226,0.421473,0.777047,-0.04868,0.42416,0.780017,-0.091643,0.435198,0.820731,-0.114723,0.446098,0.867682,-0.125256,0.356105,0.782145,-0.058332,0.412205,0.9541,-0.103474,0.426771,0.991736,-0.113257,0.424389,0.983058,-0.114123,0.301767,0.830319,-0.071302,0.366774,1.006779,-0.104831,0.379506,1.024114,-0.09465,0.374903,0.99652,-0.081776,0.259663,0.890987,-0.088675,0.312508,1.027744,-0.113814,0.321025,1.049227,-0.108525,0.310279,1.028692,-0.097281
1454,48466,True,0.9953,0.9953,0.34596,0.962261,-0.0,0.411382,0.937433,-0.024757,0.469734,0.90206,-0.048822,0.502177,0.916531,-0.075152,0.490642,0.951989,-0.097009,0.422655,0.775856,-0.050578,0.427818,0.774884,-0.095602,0.437426,0.805928,-0.117847,0.44783,0.849718,-0.126251,0.356968,0.780268,-0.058011,0.416725,0.958898,-0.099037,0.424707,0.981725,-0.102231,0.41822,0.958102,-0.098236,0.303977,0.829729,-0.06988,0.371372,1.011763,-0.098624,0.38146,1.010339,-0.079955,0.376298,0.971286,-0.06132,0.261288,0.891569,-0.087389,0.316269,1.030961,-0.112298,0.322056,1.039579,-0.104529,0.310074,1.011982,-0.089768
1455,48500,True,0.9918,0.9918,0.34225,0.954082,-0.0,0.411427,0.931432,-0.026059,0.471719,0.89866,-0.050551,0.506098,0.91095,-0.076719,0.48922,0.948908,-0.09816,0.424939,0.772809,-0.051636,0.431018,0.771277,-0.092822,0.438156,0.796492,-0.110922,0.446348,0.840602,-0.11708,0.360381,0.77451,-0.058217,0.42006,0.950101,-0.096245,0.422916,0.97167,-0.097306,0.415452,0.945463,-0.092652,0.308365,0.821697,-0.069014,0.377612,1.005058,-0.094501,0.37834,1.000072,-0.07631,0.370234,0.957455,-0.059482,0.266313,0.882807,-0.085622,0.322533,1.025351,-0.108895,0.320796,1.02851,-0.103169,0.30522,0.996774,-0.091112
1456,48533,True,0.9907,0.9907,0.334529,0.945601,0.0,0.408564,0.915789,-0.025915,0.469048,0.881161,-0.052046,0.505807,0.899886,-0.080093,0.491046,0.948239,-0.104046,0.425459,0.764868,-0.05182,0.431114,0.767973,-0.096056,0.443098,0.780995,-0.116723,0.455932,0.820643,-0.124139,0.359815,0.765102,-0.058425,0.422777,0.939384,-0.097172,0.418539,0.956248,-0.095306,0.406709,0.923907,-0.087249,0.308108,0.810788,-0.06969,0.379078,0.99413,-0.095682,0.374484,0.979304,-0.073698,0.365302,0.929208,-0.052898,0.265766,0.870281,-0.087264,0.326796,1.011393,-0.110763,0.325013,1.003305,-0.103587,0.31159,0.964644,-0.089458
1457,48566,True,0.993,0.993,0.338616,0.92145,0.0,0.411862,0.896726,-0.024361,0.469617,0.868886,-0.050203,0.504194,0.889453,-0.077606,0.492094,0.933339,-0.101339,0.426084,0.758472,-0.055247,0.425016,0.752974,-0.097101,0.440985,0.764016,-0.117721,0.459425,0.799783,-0.12624,0.362054,0.758118,-0.062439,0.423799,0.932354,-0.099656,0.428045,0.946791,-0.097667,0.421738,0.917688,-0.090017,0.311159,0.804359,-0.073382,0.380893,0.985165,-0.098143,0.386115,0.965493,-0.074144,0.382491,0.91615,-0.051951,0.269963,0.862394,-0.090462,0.325949,0.997387,-0.113938,0.332291,0.984241,-0.104667,0.325,0.943183,-0.088669
1458,48600,True,0.9916,0.9916,0.336847,0.924112,0.0,0.4085,0.89394,-0.022174,0.46536,0.860531,-0.047235,0.499589,0.87952,-0.073894,0.492718,0.926207,-0.097014,0.423146,0.754621,-0.054859,0.424154,0.742458,-0.097946,0.442805,0.754394,-0.119591,0.463114,0.787496,-0.12937,0.36226,0.756155,-0.063075,0.422773,0.923157,-0.103443,0.425852,0.942956,-0.103949,0.418119,0.913658,-0.098271,0.312506,0.802103,-0.074794,0.381295,0.977718,-0.102446,0.386206,0.962528,-0.081741,0.382813,0.91163,-0.062179,0.27172,0.85935,-0.092055,0.328743,0.988171,-0.116943,0.334928,0.977261,-0.109687,0.327666,0.935782,-0.095978
1459,48633,True,0.9917,0.9917,0.337986,0.919003,0.0,0.407368,0.891651,-0.020933,0.463499,0.859535,-0.043597,0.497067,0.876056,-0.06759,0.497776,0.920177,-0.088943,0.425375,0.75268,-0.050783,0.423935,0.74553,-0.092017,0.442328,0.751002,-0.116574,0.467476,0.767999,-0.130566,0.364573,0.75267,-0.059233,0.423369,0.919734,-0.098664,0.42615,0.935332,-0.103781,0.418344,0.90841,-0.103243,0.313989,0.799332,-0.070824,0.382102,0.973205,-0.098893,0.385338,0.958515,-0.08347,0.380042,0.910524,-0.06861,0.272229,0.856361,-0.087457,0.327821,0.982496,-0.112458,0.331474,0.971682,-0.107709,0.321534,0.9303,-0.09712
1460,48666,True,0.9898,0.9898,0.338474,0.919695,0.0,0.40884,0.889937,-0.018443,0.465598,0.856069,-0.040547,0.499787,0.873778,-0.064652,0.501983,0.920636,-0.086343,0.426273,0.748147,-0.046821,0.425919,0.745417,-0.086444,0.445545,0.750132,-0.109538,0.471656,0.766282,-0.122946,0.366424,0.749673,-0.056836,0.429246,0.914366,-0.09461,0.42661,0.932447,-0.098258,0.41597,0.903048,-0.096922,0.316886,0.797526,-0.069953,0.385484,0.969629,-0.096368,0.383006,0.955207,-0.080086,0.374407,0.90676,-0.065275,0.275172,0.85591,-0.088046,0.331016,0.982168,-0.111938,0.330858,0.970287,-0.107017,0.317577,0.928789,-0.096842
1461,48700,True,0.9911,0.9911,0.333305,0.919496,0.0,0.405907,0.89254,-0.017496,0.464517,0.859933,-0.039348,0.499891,0.877231,-0.063315,0.50375,0.921788,-0.084963,0.427393,0.751,-0.046377,0.427903,0.744809,-0.086999,0.447439,0.749978,-0.111002,0.473913,0.765572,-0.125083,0.368938,0.750535,-0.057203,0.431628,0.914526,-0.095887,0.428933,0.93524,-0.099643,0.419236,0.907437,-0.098349,0.319027,0.797298,-0.07119,0.389005,0.969502,-0.09875,0.384609,0.956554,-0.081842,0.376249,0.908164,-0.066483,0.276992,0.855449,-0.09003,0.332143,0.980701,-0.114893,0.331395,0.969365,-0.109681,0.319243,0.927748,-0.099229
1462,48733,True,0.9885,0.9885,0.327992,0.91586,0.0,0.401097,0.889109,-0.017059,0.460693,0.860517,-0.040809,0.497498,0.87891,-0.06692,0.507181,0.922489,-0.091625,0.426224,0.749627,-0.047323,0.434016,0.746413,-0.089492,0.454508,0.74788,-0.117766,0.480676,0.760657,-0.135832,0.370584,0.753515,-0.059656,0.435128,0.916452,-0.098758,0.429219,0.935861,-0.105698,0.418649,0.910311,-0.108268,0.321553,0.80118,-0.074943,0.39187,0.971538,-0.102227,0.383849,0.956083,-0.087321,0.375142,0.908659,-0.074921,0.278497,0.860253,-0.095105,0.334685,0.983649,-0.118655,0.330585,0.969433,-0.113149,0.317545,0.926378,-0.104058
1463,48766,True,0.9888,0.9888,0.324002,0.90649,0.0,0.397601,0.881212,-0.017941,0.461049,0.854414,-0.042199,0.500788,0.876514,-0.068679,0.511431,0.925365,-0.094044,0.426714,0.746117,-0.046306,0.440021,0.749783,-0.086627,0.45875,0.75199,-0.115313,0.482808,0.763553,-0.134973,0.37344,0.752848,-0.059452,0.442797,0.914393,-0.098965,0.432245,0.932907,-0.108729,0.420683,0.908757,-0.114083,0.324967,0.801337,-0.075356,0.398122,0.967532,-0.103237,0.385853,0.950505,-0.092111,0.376549,0.904821,-0.083109,0.281892,0.861264,-0.095994,0.339659,0.982908,-0.118503,0.332179,0.965002,-0.114396,0.318398,0.921743,-0.10781
1464,48800,True,0.9887,0.9887,0.324478,0.910156,0.0,0.398288,0.879695,-0.018414,0.463374,0.852125,-0.04445,0.5024,0.876195,-0.072371,0.51174,0.925094,-0.099449,0.426586,0.745508,-0.051255,0.442668,0.748723,-0.094055,0.46426,0.751195,-0.125387,0.486945,0.763499,-0.146871,0.374686,0.754662,-0.064626,0.444222,0.91628,-0.105423,0.437096,0.933178,-0.116154,0.428687,0.906488,-0.122868,0.327064,0.803645,-0.080574,0.399486,0.968991,-0.10922,0.390006,0.952347,-0.09894,0.383099,0.906887,-0.09114,0.284533,0.864214,-0.101107,0.341947,0.9841,-0.123306,0.335015,0.965076,-0.118555,0.321646,0.921983,-0.112199
1465,48833,True,0.9907,0.9907,0.324169,0.911152,0.0,0.398648,0.882451,-0.019071,0.464679,0.854607,-0.045208,0.50387,0.876068,-0.072918,0.512775,0.924319,-0.099699,0.429091,0.746425,-0.052099,0.444702,0.750427,-0.095942,0.467081,0.752219,-0.127936,0.49176,0.762759,-0.149668,0.377011,0.753992,-0.064925,0.445006,0.918755,-0.107084,0.433626,0.935752,-0.117638,0.422,0.907585,-0.123716,0.328934,0.802275,-0.080483,0.400033,0.969206,-0.111209,0.388768,0.952772,-0.101648,0.381107,0.90705,-0.093656,0.286109,0.862688,-0.100466,0.343964,0.98335,-0.123681,0.335951,0.96501,-0.119389,0.322287,0.922691,-0.113093
1466,48866,True,0.9911,0.9911,0.326362,0.910903,0.0,0.401203,0.881806,-0.01905,0.46742,0.854441,-0.044856,0.506856,0.875502,-0.072211,0.512842,0.923632,-0.098975,0.43141,0.744763,-0.051862,0.448467,0.751145,-0.095143,0.471372,0.753328,-0.126868,0.496561,0.762599,-0.148728,0.37929,0.751906,-0.065007,0.447839,0.914056,-0.107984,0.431947,0.934335,-0.119274,0.416431,0.9086,-0.125695,0.33125,0.799277,-0.080758,0.403063,0.966002,-0.112976,0.387973,0.952413,-0.105704,0.377391,0.907481,-0.099106,0.288463,0.859124,-0.100661,0.34623,0.981381,-0.124212,0.335423,0.965725,-0.121247,0.319716,0.924559,-0.116273
1467,48900,True,0.9904,0.9904,0.327754,0.91538,0.0,0.402108,0.883935,-0.019237,0.468205,0.856186,-0.045451,0.507296,0.877395,-0.073095,0.5128,0.923815,-0.100184,0.433104,0.74145,-0.051634,0.45156,0.749935,-0.095399,0.47638,0.751983,-0.127915,0.503099,0.759776,-0.150448,0.381303,0.748939,-0.064698,0.448479,0.912272,-0.107759,0.432915,0.93359,-0.119514,0.416833,0.907183,-0.126482,0.333298,0.796882,-0.080467,0.403999,0.964747,-0.113007,0.389614,0.952647,-0.105839,0.378767,0.906825,-0.099353,0.290205,0.857815,-0.100392,0.347492,0.980082,-0.124436,0.337648,0.96568,-0.121574,0.322208,0.92421,-0.116597
1468,48933,True,0.9878,0.9878,0.326555,0.921567,0.0,0.400012,0.888357,-0.017585,0.46654,0.85825,-0.042582,0.507205,0.87691,-0.069392,0.514965,0.923461,-0.095748,0.434339,0.742884,-0.047005,0.454998,0.752752,-0.089217,0.481785,0.753711,-0.121147,0.511007,0.759888,-0.143655,0.382885,0.74891,-0.060444,0.450624,0.911704,-0.102477,0.434232,0.935412,-0.114065,0.417236,0.911544,-0.120891,0.334931,0.796076,-0.076634,0.405089,0.964937,-0.108596,0.389774,0.953939,-0.102035,0.378986,0.908383,-0.096029,0.291813,0.856482,-0.096823,0.349005,0.980277,-0.120138,0.338184,0.967961,-0.11769,0.322442,0.92692,-0.113254
1469,48966,True,0.9893,0.9893,0.326133,0.919295,0.0,0.399348,0.887162,-0.018252,0.465498,0.857546,-0.04386,0.506201,0.877633,-0.071283,0.515182,0.925561,-0.098329,0.436218,0.741304,-0.047952,0.45694,0.751665,-0.091109,0.483308,0.752964,-0.123549,0.512939,0.759678,-0.146301,0.384624,0.747171,-0.061301,0.452914,0.911671,-0.104321,0.435792,0.935774,-0.116063,0.420096,0.911509,-0.122837,0.336406,0.794735,-0.077503,0.407325,0.963893,-0.110404,0.389915,0.953149,-0.103482,0.378557,0.908494,-0.097006,0.293071,0.85578,-0.097775,0.350778,0.979409,-0.122051,0.33871,0.96608,-0.119645,0.32259,0.925538,-0.11497
1470,49000,True,0.9919,0.9919,0.324213,0.921068,0.0,0.398758,0.889777,-0.016659,0.46672,0.859637,-0.040542,0.507697,0.8802,-0.066065,0.516981,0.927077,-0.091422,0.435313,0.744285,-0.048302,0.459812,0.754889,-0.090799,0.487122,0.75519,-0.123373,0.517704,0.760292,-0.146475,0.385345,0.749797,-0.06183,0.454278,0.915221,-0.104531,0.435322,0.937198,-0.116653,0.418197,0.913716,-0.124169,0.337904,0.797685,-0.07788,0.409523,0.963594,-0.111217,0.390905,0.952763,-0.105685,0.379282,0.910346,-0.100385,0.295543,0.859552,-0.097648,0.353709,0.979961,-0.122803,0.341071,0.96573,-0.121525,0.325033,0.92687,-0.117919
1471,49033,True,0.9945,0.9945,0.323898,0.923179,0.0,0.397588,0.891286,-0.015569,0.466713,0.859974,-0.037837,0.507588,0.879613,-0.061622,0.517732,0.925801,-0.08552,0.437171,0.745495,-0.046847,0.464534,0.756778,-0.087334,0.493656,0.756533,-0.119318,0.526211,0.760249,-0.142542,0.387033,0.750997,-0.060695,0.458182,0.91601,-0.102172,0.439403,0.937859,-0.115053,0.422028,0.914787,-0.123275,0.339237,0.799015,-0.076639,0.413071,0.96637,-0.108755,0.395049,0.956377,-0.103419,0.383123,0.914756,-0.098314,0.296218,0.861169,-0.096126,0.356541,0.98194,-0.119767,0.344052,0.968718,-0.117428,0.327496,0.930579,-0.11319
1472,49066,True,0.9929,0.9929,0.324801,0.923251,0.0,0.397638,0.891334,-0.0149,0.466465,0.860895,-0.037023,0.507846,0.880556,-0.060983,0.51868,0.926688,-0.085176,0.439224,0.745776,-0.046581,0.467393,0.757277,-0.087811,0.497172,0.75863,-0.119788,0.530885,0.764016,-0.142708,0.390271,0.751356,-0.060811,0.460109,0.916962,-0.10307,0.43926,0.937999,-0.115652,0.421438,0.91335,-0.123311,0.343078,0.799296,-0.07718,0.414903,0.967484,-0.110401,0.396557,0.956197,-0.105366,0.385995,0.91353,-0.099994,0.300125,0.860556,-0.096958,0.358847,0.981712,-0.121229,0.346468,0.967011,-0.119194,0.331335,0.927493,-0.114913
1473,49100,True,0.993,0.993,0.324187,0.922798,0.0,0.397748,0.889544,-0.01635,0.466471,0.85984,-0.039251,0.509028,0.88114,-0.063569,0.520379,0.927535,-0.08811,0.441265,0.745986,-0.048913,0.472003,0.759654,-0.089924,0.502226,0.760176,-0.122104,0.535663,0.7642,-0.145457,0.392209,0.752385,-0.062662,0.459974,0.916764,-0.104918,0.43868,0.936938,-0.117876,0.420637,0.913584,-0.126173,0.344955,0.800004,-0.078539,0.415407,0.96563,-0.111104,0.396116,0.953473,-0.106275,0.384438,0.911284,-0.101613,0.302276,0.860787,-0.098059,0.36024,0.980384,-0.122069,0.34727,0.964722,-0.120584,0.331743,0.925087,-0.117106
1474,49133,True,0.9926,0.9926,0.322529,0.920935,0.0,0.398097,0.887531,-0.01656,0.468361,0.859857,-0.03973,0.511447,0.881842,-0.064144,0.521531,0.928955,-0.088878,0.442624,0.745945,-0.051006,0.472915,0.762031,-0.092874,0.503944,0.762312,-0.125276,0.537747,0.766496,-0.148394,0.393512,0.752674,-0.06458,0.462124,0.917328,-0.106713,0.438086,0.935407,-0.118444,0.41814,0.910372,-0.125756,0.34599,0.799761,-0.080273,0.417371,0.965622,-0.113468,0.395905,0.951661,-0.108499,0.382352,0.909318,-0.103447,0.302838,0.860218,-0.099502,0.362053,0.979377,-0.124146,0.347827,0.962151,-0.122857,0.330796,0.922953,-0.119368
1475,49166,True,0.9941,0.9941,0.324452,0.919804,0.0,0.399105,0.886673,-0.015952,0.468442,0.859422,-0.039138,0.510585,0.883126,-0.063513,0.520802,0.929633,-0.088203,0.443235,0.745627,-0.0517,0.473924,0.762087,-0.09379,0.505249,0.762978,-0.125902,0.539038,0.767819,-0.148579,0.394334,0.752234,-0.06549,0.4653,0.916283,-0.107666,0.441229,0.936582,-0.118672,0.420922,0.913179,-0.125181,0.346912,0.798772,-0.081242,0.4199,0.963175,-0.114455,0.398845,0.951091,-0.108369,0.384602,0.909782,-0.102349,0.303832,0.858811,-0.100391,0.363059,0.976218,-0.124313,0.349628,0.960117,-0.121657,0.332178,0.921705,-0.117191
1476,49200,True,0.9941,0.9941,0.323593,0.920706,0.0,0.397279,0.887362,-0.018531,0.467568,0.859935,-0.044076,0.5112,0.881825,-0.069921,0.52149,0.928349,-0.096086,0.443718,0.74503,-0.05885,0.476803,0.764275,-0.104024,0.507752,0.763475,-0.138161,0.540522,0.765501,-0.161965,0.394674,0.750661,-0.071681,0.466788,0.916171,-0.114868,0.441228,0.93453,-0.124352,0.420611,0.909721,-0.130247,0.347147,0.797673,-0.086725,0.421202,0.962738,-0.120777,0.397469,0.948911,-0.11302,0.382453,0.907823,-0.106224,0.304317,0.85904,-0.105452,0.365608,0.975744,-0.130109,0.351088,0.958377,-0.12679,0.333348,0.921079,-0.12207
1477,49233,True,0.9946,0.9946,0.327543,0.918527,0.0,0.400495,0.88536,-0.018155,0.468891,0.859221,-0.04314,0.511391,0.881272,-0.068553,0.522886,0.925843,-0.094175,0.444906,0.744691,-0.057837,0.478203,0.763867,-0.103099,0.509243,0.762835,-0.137251,0.541706,0.764048,-0.160964,0.396361,0.749977,-0.070693,0.468516,0.913761,-0.114255,0.444355,0.932225,-0.124396,0.42386,0.908243,-0.130559,0.3492,0.796411,-0.085754,0.422937,0.960068,-0.120591,0.400848,0.947352,-0.113903,0.38649,0.906589,-0.107489,0.306719,0.857769,-0.104342,0.367197,0.973441,-0.129332,0.353884,0.956759,-0.126534,0.336793,0.920078,-0.122063
1478,49266,True,0.996,0.996,0.328448,0.919232,0.0,0.401368,0.885595,-0.018747,0.468906,0.858858,-0.044605,0.511675,0.878876,-0.070564,0.524356,0.923305,-0.096848,0.444444,0.746171,-0.062576,0.478798,0.762625,-0.109974,0.510677,0.76036,-0.145065,0.543818,0.759063,-0.16914,0.396366,0.751808,-0.075429,0.469995,0.912863,-0.120095,0.446436,0.933218,-0.129467,0.425307,0.909175,-0.135183,0.349515,0.798563,-0.090471,0.424728,0.959459,-0.126863,0.40406,0.948964,-0.119769,0.389133,0.908493,-0.112986,0.307751,0.86068,-0.108941,0.368771,0.973918,-0.134864,0.356951,0.958786,-0.1317,0.339444,0.923444,-0.126949
1479,49300,True,0.9959,0.9959,0.326969,0.920719,0.0,0.4,0.887681,-0.019162,0.467885,0.860003,-0.045966,0.512179,0.877929,-0.072719,0.525593,0.921316,-0.0999,0.446477,0.747214,-0.064112,0.482178,0.762231,-0.111872,0.513661,0.758224,-0.147162,0.545924,0.754439,-0.171574,0.398993,0.750238,-0.076974,0.470004,0.908496,-0.12208,0.445243,0.930402,-0.131579,0.423361,0.908426,-0.13741,0.352113,0.795444,-0.091938,0.425397,0.958054,-0.128682,0.403525,0.949078,-0.121343,0.38872,0.909202,-0.114468,0.31049,0.857258,-0.110338,0.369502,0.971788,-0.136038,0.357429,0.957974,-0.132467,0.341291,0.922583,-0.127576
1480,49333,True,0.9977,0.9977,0.328061,0.917193,0.0,0.400468,0.883785,-0.017363,0.467846,0.855943,-0.043609,0.512855,0.875167,-0.070252,0.526903,0.920403,-0.097607,0.446668,0.745697,-0.063474,0.483494,0.760213,-0.108958,0.516061,0.757795,-0.142413,0.547997,0.755384,-0.165649,0.399126,0.748261,-0.076835,0.469203,0.907448,-0.119212,0.446531,0.930079,-0.12773,0.424624,0.908432,-0.133259,0.352048,0.793497,-0.091847,0.427061,0.957392,-0.126988,0.409246,0.952508,-0.119179,0.394562,0.91545,-0.112064,0.310303,0.855798,-0.109993,0.371069,0.970059,-0.134039,0.362556,0.960015,-0.12891,0.347191,0.927594,-0.122918
1481,49366,True,0.9969,0.9969,0.329566,0.915215,0.0,0.403516,0.880354,-0.017294,0.471287,0.85303,-0.043209,0.515729,0.87378,-0.069858,0.528468,0.919261,-0.097424,0.445875,0.740507,-0.061834,0.482958,0.756333,-0.10685,0.516776,0.753928,-0.139941,0.550574,0.753385,-0.162791,0.398192,0.745629,-0.075126,0.470308,0.902516,-0.116888,0.445921,0.923435,-0.125029,0.423441,0.901527,-0.130106,0.351899,0.792526,-0.090166,0.428255,0.954845,-0.124794,0.408292,0.948124,-0.117245,0.392888,0.911186,-0.110166,0.310583,0.855467,-0.108402,0.371783,0.969962,-0.132139,0.361391,0.957893,-0.127539,0.345235,0.9249,-0.121882
1482,49400,True,0.999,0.999,0.326235,0.916473,0.0,0.401381,0.881833,-0.013737,0.470079,0.853478,-0.040206,0.51665,0.869497,-0.068195,0.530243,0.914108,-0.097632,0.44582,0.743398,-0.061255,0.483936,0.750877,-0.106368,0.518553,0.74961,-0.139403,0.552617,0.748667,-0.162622,0.398093,0.746311,-0.076842,0.471704,0.896279,-0.12083,0.454547,0.932052,-0.130939,0.435276,0.920289,-0.137025,0.352275,0.792441,-0.093318,0.431532,0.955352,-0.13034,0.417129,0.962315,-0.123383,0.402261,0.930309,-0.116371,0.313016,0.855087,-0.112162,0.375465,0.970292,-0.135198,0.369989,0.969015,-0.128504,0.356596,0.938431,-0.121697
1483,49433,True,0.9996,0.9996,0.324558,0.915326,0.0,0.400492,0.875914,-0.011603,0.470131,0.846647,-0.037278,0.518557,0.864589,-0.064615,0.532831,0.91184,-0.093399,0.447909,0.736775,-0.059606,0.486221,0.742496,-0.103631,0.521473,0.742145,-0.134958,0.55563,0.744285,-0.156439,0.399606,0.741694,-0.075889,0.478436,0.887406,-0.11712,0.459709,0.924772,-0.123788,0.43882,0.911893,-0.127105,0.353291,0.788298,-0.092994,0.436467,0.94579,-0.128377,0.423725,0.95557,-0.119822,0.40793,0.927186,-0.111443,0.31365,0.852081,-0.112226,0.380291,0.965326,-0.133835,0.380706,0.967185,-0.125719,0.369633,0.940869,-0.117606
1484,49466,True,0.9996,0.9996,0.33061,0.907088,0.0,0.404652,0.870167,-0.010108,0.474212,0.839787,-0.035535,0.523964,0.855873,-0.063549,0.538479,0.899316,-0.093284,0.449295,0.725332,-0.053664,0.488961,0.727265,-0.093629,0.525694,0.725513,-0.122019,0.560015,0.725681,-0.141798,0.402859,0.732374,-0.070855,0.47905,0.868772,-0.110661,0.46308,0.909725,-0.117606,0.443029,0.89839,-0.12071,0.358586,0.779374,-0.088701,0.439707,0.926347,-0.12422,0.430745,0.945379,-0.116399,0.415509,0.923473,-0.108053,0.321356,0.842393,-0.108276,0.390507,0.949839,-0.129599,0.394604,0.964483,-0.120778,0.384411,0.948155,-0.111932
1485,49500,True,0.9999,0.9999,0.33815,0.898124,0.0,0.412028,0.860565,-0.00736,0.480166,0.828234,-0.030396,0.52711,0.838616,-0.055986,0.542201,0.87838,-0.083534,0.451558,0.715831,-0.053723,0.491692,0.707395,-0.095561,0.529779,0.704443,-0.123686,0.565275,0.70118,-0.142067,0.405488,0.720136,-0.071591,0.48514,0.848865,-0.11105,0.472459,0.899062,-0.115548,0.451379,0.8936,-0.116147,0.36108,0.765017,-0.09007,0.444269,0.906603,-0.127874,0.440242,0.933821,-0.119543,0.425139,0.915468,-0.109546,0.324327,0.826687,-0.109536,0.393479,0.928607,-0.130673,0.404471,0.953153,-0.119106,0.395871,0.944962,-0.107726
1486,49533,True,0.9999,0.9999,0.342744,0.870769,0.0,0.417624,0.829415,-0.004617,0.485386,0.797503,-0.026814,0.529637,0.809399,-0.052922,0.546275,0.85257,-0.081548,0.456714,0.69266,-0.049433,0.500678,0.674963,-0.08832,0.5398,0.66334,-0.113164,0.576733,0.652329,-0.129546,0.410451,0.698934,-0.068499,0.490958,0.820982,-0.108771,0.484401,0.881427,-0.113577,0.467201,0.886826,-0.113121,0.365079,0.744374,-0.087566,0.449526,0.876716,-0.126751,0.44959,0.911772,-0.11982,0.437611,0.901275,-0.109227,0.327952,0.804672,-0.106947,0.396838,0.895982,-0.12814,0.409697,0.924769,-0.116511,0.403141,0.923007,-0.104244
1487,49566,True,0.9999,0.9999,0.353145,0.857048,0.0,0.431226,0.814876,-0.003101,0.495259,0.780757,-0.026426,0.536087,0.784223,-0.054686,0.552532,0.821262,-0.085705,0.463809,0.673223,-0.046462,0.511511,0.64652,-0.084255,0.551077,0.626414,-0.107684,0.586303,0.607933,-0.123284,0.41671,0.678189,-0.066042,0.500916,0.788134,-0.102566,0.49297,0.851257,-0.103712,0.47451,0.851889,-0.101494,0.372667,0.721684,-0.085523,0.459938,0.844612,-0.121253,0.459487,0.883294,-0.109518,0.443493,0.871697,-0.096806,0.3368,0.77989,-0.105402,0.407791,0.862658,-0.123769,0.420474,0.894578,-0.108132,0.410327,0.893025,-0.093592
1488,49600,True,0.9999,0.9999,0.360214,0.839047,0.0,0.439826,0.802266,-0.003093,0.505471,0.769173,-0.028658,0.547898,0.763193,-0.059595,0.558815,0.785968,-0.093586,0.473205,0.647606,-0.047482,0.516994,0.608033,-0.086826,0.556312,0.581138,-0.111135,0.590897,0.559095,-0.127323,0.425899,0.646839,-0.068542,0.50704,0.745763,-0.109296,0.504144,0.821897,-0.113022,0.486612,0.838264,-0.111602,0.382186,0.687067,-0.089322,0.466825,0.799758,-0.128049,0.469696,0.851657,-0.116107,0.455189,0.854327,-0.102553,0.346301,0.744353,-0.110471,0.4152,0.821416,-0.130627,0.428114,0.860489,-0.114848,0.418256,0.864778,-0.099746
1489,49633,True,0.9998,0.9998,0.367674,0.825398,0.0,0.449274,0.792973,-0.008027,0.509923,0.760969,-0.037186,0.547439,0.746866,-0.071365,0.563028,0.75535,-0.107958,0.479756,0.623475,-0.051047,0.522066,0.574426,-0.094227,0.56269,0.540663,-0.120403,0.595275,0.51172,-0.13713,0.432962,0.621223,-0.071345,0.513278,0.711229,-0.117313,0.512145,0.794545,-0.122109,0.492439,0.813116,-0.119496,0.390077,0.661668,-0.092008,0.472356,0.763549,-0.136456,0.479592,0.823821,-0.123238,0.465559,0.830919,-0.106731,0.354774,0.719062,-0.11328,0.421674,0.789748,-0.137106,0.438641,0.832416,-0.120197,0.430801,0.838526,-0.102881
1490,49666,True,0.9997,0.9997,0.373211,0.821558,0.0,0.457504,0.783661,-0.008625,0.517392,0.746326,-0.037803,0.553387,0.722168,-0.071802,0.555715,0.723939,-0.107564,0.487843,0.607945,-0.051337,0.531078,0.556017,-0.094448,0.567603,0.518438,-0.120506,0.596407,0.48171,-0.137512,0.440127,0.605831,-0.072041,0.52209,0.69303,-0.118526,0.518275,0.777279,-0.122694,0.497356,0.79293,-0.119492,0.397029,0.646297,-0.093135,0.480632,0.74579,-0.13874,0.484143,0.807425,-0.125344,0.466917,0.812426,-0.108463,0.362516,0.703354,-0.115017,0.430535,0.7739,-0.139574,0.447416,0.818494,-0.122837,0.438928,0.825527,-0.105519
1491,49700,True,0.9997,0.9997,0.372928,0.827175,0.0,0.46072,0.791417,-0.012083,0.519937,0.755244,-0.043317,0.555809,0.727813,-0.079044,0.560924,0.719818,-0.115795,0.491576,0.604,-0.052893,0.533208,0.552222,-0.097561,0.57466,0.513827,-0.125831,0.605782,0.479839,-0.144554,0.441853,0.601412,-0.0732,0.527424,0.689871,-0.123083,0.528325,0.773471,-0.130917,0.507724,0.790355,-0.129673,0.399021,0.643191,-0.094147,0.484709,0.748879,-0.140398,0.489748,0.808582,-0.127323,0.470964,0.811667,-0.110688,0.364848,0.700593,-0.116678,0.433313,0.776306,-0.142134,0.450984,0.819126,-0.126082,0.441976,0.825037,-0.108969
1492,49733,True,0.9995,0.9995,0.365947,0.839794,0.0,0.458977,0.807582,-0.00968,0.527351,0.782524,-0.040108,0.570254,0.768448,-0.075951,0.577438,0.754278,-0.113193,0.498411,0.622196,-0.050173,0.543402,0.577843,-0.094818,0.58433,0.544494,-0.124249,0.617473,0.515715,-0.144274,0.449967,0.614345,-0.072236,0.534741,0.715581,-0.12262,0.53303,0.79945,-0.133988,0.511699,0.817284,-0.136005,0.404917,0.653592,-0.094725,0.490331,0.774661,-0.140459,0.492028,0.834782,-0.130536,0.472176,0.836474,-0.116941,0.367213,0.712996,-0.118626,0.431918,0.795236,-0.144434,0.4456,0.836059,-0.130501,0.434577,0.838334,-0.115467
1493,49766,True,0.9995,0.9995,0.35971,0.864011,0.0,0.454384,0.821561,-0.004869,0.530098,0.784515,-0.029594,0.576251,0.77624,-0.060019,0.575387,0.792815,-0.091887,0.497003,0.64308,-0.043811,0.547295,0.619299,-0.083125,0.588725,0.604736,-0.109469,0.624091,0.58872,-0.12821,0.448477,0.643616,-0.067214,0.531878,0.758698,-0.113107,0.53095,0.838449,-0.123585,0.513014,0.854881,-0.125978,0.401906,0.687884,-0.090415,0.485906,0.814896,-0.13199,0.488491,0.873197,-0.123817,0.472387,0.872079,-0.111975,0.365465,0.750203,-0.114714,0.434193,0.841445,-0.136088,0.444737,0.879745,-0.123035,0.432444,0.877585,-0.109711
1494,49800,True,0.9989,0.9989,0.344482,0.890646,0.0,0.435938,0.843066,-0.005358,0.51451,0.79886,-0.025987,0.563994,0.796578,-0.050521,0.581843,0.831841,-0.075622,0.489007,0.669893,-0.043594,0.54478,0.678688,-0.084851,0.590011,0.687621,-0.114478,0.630308,0.696188,-0.135209,0.442257,0.676994,-0.063741,0.52816,0.826508,-0.108209,0.521035,0.889616,-0.118745,0.501753,0.895575,-0.123553,0.394832,0.727005,-0.084492,0.477117,0.884616,-0.124279,0.472212,0.919825,-0.121003,0.455506,0.90152,-0.114561,0.356772,0.792962,-0.10623,0.420438,0.907248,-0.126115,0.425003,0.928613,-0.117658,0.411807,0.909453,-0.109537
1495,49833,True,0.9981,0.9981,0.340707,0.923249,0.0,0.431494,0.879905,-0.012893,0.511017,0.828029,-0.033991,0.563687,0.800709,-0.056647,0.598785,0.79653,-0.078578,0.476351,0.702798,-0.050162,0.51985,0.728071,-0.087686,0.559008,0.749914,-0.111093,0.592249,0.772886,-0.126718,0.426466,0.718568,-0.065156,0.506547,0.879512,-0.106699,0.499044,0.9272,-0.114576,0.482342,0.920749,-0.117706,0.378288,0.771809,-0.081201,0.455942,0.934451,-0.119783,0.452197,0.95765,-0.114009,0.43852,0.933918,-0.105979,0.33692,0.8377,-0.098778,0.39928,0.950339,-0.122783,0.399074,0.96231,-0.116419,0.3825,0.936535,-0.108288
1496,49866,True,0.9922,0.9922,0.354614,0.926793,0.0,0.430544,0.884337,-0.025563,0.497786,0.851978,-0.055832,0.535597,0.872208,-0.086752,0.540106,0.919444,-0.116989,0.467046,0.725726,-0.059574,0.500032,0.760212,-0.110351,0.536608,0.781041,-0.147397,0.571605,0.80613,-0.171386,0.4115,0.735219,-0.070446,0.480426,0.911347,-0.117467,0.458843,0.928154,-0.127293,0.441083,0.897632,-0.131591,0.360027,0.7879,-0.085124,0.431411,0.964563,-0.122589,0.414359,0.95149,-0.112869,0.405026,0.907069,-0.10225,0.313859,0.854239,-0.104508,0.372421,0.975567,-0.130723,0.363061,0.959518,-0.125098,0.349977,0.920832,-0.116632
1497,49900,True,0.9934,0.9934,0.357264,0.930604,0.0,0.426802,0.889591,-0.020907,0.486339,0.856593,-0.047345,0.520361,0.877367,-0.074624,0.519444,0.928236,-0.100802,0.452115,0.724615,-0.050294,0.474183,0.742386,-0.094163,0.503372,0.76129,-0.125881,0.533206,0.782557,-0.147177,0.393289,0.731527,-0.061077,0.459879,0.905094,-0.103595,0.4505,0.937465,-0.114253,0.434108,0.916823,-0.120146,0.339877,0.784925,-0.07515,0.413095,0.964504,-0.110059,0.414313,0.964304,-0.10493,0.411468,0.919594,-0.098698,0.29532,0.851852,-0.092875,0.352186,0.978117,-0.117131,0.355191,0.975477,-0.113885,0.347857,0.936677,-0.108213
1498,49933,True,0.9957,0.9957,0.333729,0.944066,0.0,0.407965,0.895445,-0.011581,0.470165,0.841066,-0.031064,0.505171,0.839725,-0.054194,0.512609,0.886621,-0.076861,0.430883,0.723237,-0.031169,0.442327,0.710133,-0.065598,0.468435,0.71396,-0.087222,0.500314,0.717727,-0.101917,0.373276,0.726077,-0.045472,0.442464,0.866973,-0.08459,0.454475,0.925858,-0.093363,0.451503,0.922001,-0.095256,0.32309,0.773946,-0.06227,0.397567,0.929874,-0.097731,0.416352,0.959575,-0.094434,0.419242,0.933751,-0.086924,0.283949,0.834375,-0.081215,0.343785,0.946825,-0.102135,0.357649,0.971463,-0.097578,0.353013,0.953543,-0.09005
1499,49966,True,0.9974,0.9974,0.335967,0.909447,0.0,0.408189,0.863169,-0.010937,0.46691,0.811111,-0.028668,0.500836,0.807544,-0.049924,0.507401,0.844238,-0.072683,0.420475,0.694066,-0.032441,0.436835,0.680223,-0.061377,0.457753,0.672223,-0.082833,0.482086,0.65952,-0.09963,0.363939,0.69543,-0.046874,0.432808,0.82139,-0.08162,0.44767,0.880578,-0.094957,0.445913,0.888286,-0.101978,0.315067,0.74172,-0.062261,0.391517,0.887819,-0.094329,0.410153,0.922559,-0.095561,0.411638,0.908988,-0.092793,0.277039,0.802395,-0.079422,0.337325,0.90845,-0.097853,0.352278,0.937244,-0.093901,0.347942,0.92858,-0.088309
1500,50000,True,0.999,0.999,0.335295,0.886454,0.0,0.405208,0.841569,-0.013298,0.462584,0.789233,-0.032607,0.497132,0.774686,-0.05598,0.507791,0.799991,-0.08056,0.423273,0.66751,-0.034534,0.438791,0.63972,-0.069136,0.458841,0.625089,-0.092278,0.481813,0.600977,-0.108637,0.364232,0.667458,-0.049193,0.431298,0.784909,-0.088961,0.447754,0.845208,-0.101019,0.44548,0.848751,-0.104815,0.313903,0.713735,-0.065659,0.388841,0.84969,-0.104709,0.409693,0.891181,-0.101774,0.409213,0.881811,-0.092768,0.274577,0.773116,-0.084022,0.333046,0.8675,-0.106686,0.352838,0.901264,-0.099224,0.351254,0.898783,-0.08849
1501,50033,True,0.9992,0.9992,0.336036,0.864006,0.0,0.401557,0.822347,-0.012747,0.457927,0.773301,-0.033699,0.492143,0.756413,-0.059326,0.504418,0.776852,-0.086218,0.424221,0.652622,-0.035671,0.44364,0.613369,-0.072419,0.466866,0.590121,-0.095113,0.490889,0.560524,-0.110471,0.366672,0.651293,-0.051517,0.434284,0.754111,-0.09376,0.449168,0.81763,-0.103725,0.445651,0.821083,-0.104598,0.317375,0.694192,-0.06935,0.391267,0.821946,-0.111295,0.410438,0.864871,-0.106321,0.409797,0.85441,-0.094702,0.278105,0.750125,-0.088892,0.334564,0.836302,-0.11209,0.353566,0.87177,-0.102327,0.35252,0.87053,-0.089435
1502,50066,True,0.9993,0.9993,0.335118,0.849874,0.0,0.40015,0.818789,-0.01626,0.456923,0.779329,-0.0396,0.491172,0.754625,-0.066482,0.502101,0.756454,-0.093731,0.424778,0.642853,-0.043451,0.446295,0.600345,-0.082379,0.472856,0.574752,-0.106413,0.500185,0.545256,-0.122591,0.369507,0.63735,-0.057337,0.428446,0.746659,-0.102947,0.439364,0.80794,-0.115414,0.436853,0.811696,-0.118574,0.321618,0.677724,-0.073026,0.386874,0.807213,-0.116553,0.407161,0.85062,-0.114502,0.411445,0.845287,-0.106047,0.282938,0.733439,-0.090551,0.331936,0.820583,-0.116383,0.348964,0.855584,-0.110447,0.349434,0.854166,-0.100816
1503,50100,True,0.999,0.999,0.341223,0.847005,0.0,0.401334,0.809483,-0.015384,0.458817,0.763814,-0.03842,0.492426,0.749409,-0.065272,0.501216,0.774478,-0.093185,0.426001,0.641323,-0.041283,0.447108,0.606893,-0.078484,0.472386,0.583656,-0.10231,0.499238,0.554489,-0.119195,0.369172,0.635824,-0.056083,0.431059,0.751988,-0.101119,0.4394,0.81292,-0.114337,0.433148,0.812823,-0.118188,0.32111,0.676934,-0.072429,0.38736,0.811886,-0.115891,0.403859,0.853422,-0.11494,0.403306,0.841834,-0.107143,0.282341,0.731907,-0.090488,0.334555,0.825668,-0.116165,0.353059,0.862693,-0.110568,0.353025,0.860901,-0.101369
1504,50133,True,0.9982,0.9982,0.335147,0.866484,0.0,0.39878,0.830235,-0.014871,0.454585,0.785649,-0.03479,0.489428,0.77192,-0.058617,0.504205,0.784591,-0.082872,0.420353,0.659293,-0.033201,0.442209,0.637862,-0.067719,0.465891,0.620677,-0.091147,0.490755,0.59771,-0.107816,0.363302,0.653867,-0.047027,0.420057,0.775538,-0.087554,0.430035,0.83196,-0.102127,0.42561,0.828335,-0.107999,0.314807,0.694246,-0.063006,0.377245,0.835579,-0.10329,0.395247,0.874386,-0.104234,0.395952,0.858977,-0.098428,0.27561,0.748464,-0.080894,0.3248,0.844841,-0.10522,0.344051,0.879663,-0.100729,0.34543,0.875831,-0.092596
1505,50166,True,0.9986,0.9986,0.334121,0.88695,0.0,0.39958,0.843569,-0.014254,0.455079,0.798442,-0.034587,0.48786,0.799914,-0.058246,0.497525,0.835972,-0.081887,0.418393,0.677302,-0.036991,0.435806,0.672394,-0.0746,0.460952,0.667771,-0.101306,0.490269,0.656272,-0.119652,0.359794,0.677459,-0.049675,0.42624,0.825648,-0.088496,0.435274,0.870571,-0.10073,0.428708,0.856351,-0.10612,0.311627,0.724636,-0.064696,0.380161,0.878351,-0.099658,0.395292,0.901688,-0.097082,0.391898,0.872971,-0.090226,0.274584,0.782423,-0.082239,0.327058,0.889195,-0.103334,0.343454,0.910524,-0.097971,0.340864,0.894007,-0.089517
1506,50200,True,0.993,0.993,0.338885,0.908569,-0.0,0.412234,0.865916,-0.021121,0.467069,0.827666,-0.046005,0.493424,0.843954,-0.073228,0.490593,0.892501,-0.099209,0.434153,0.69717,-0.043058,0.448015,0.710831,-0.087456,0.46552,0.729492,-0.115972,0.486324,0.745857,-0.13278,0.373275,0.704107,-0.052833,0.42604,0.874689,-0.09384,0.431409,0.916499,-0.101256,0.426235,0.89958,-0.101904,0.320652,0.755835,-0.066613,0.383151,0.932654,-0.097625,0.388844,0.944833,-0.085476,0.383834,0.907415,-0.072063,0.277811,0.819445,-0.08495,0.324106,0.945127,-0.106795,0.333982,0.956834,-0.099232,0.329956,0.928297,-0.087198
1507,50233,True,0.9665,0.9665,0.340558,0.879494,-0.0,0.406628,0.852489,-0.03007,0.45894,0.842539,-0.062541,0.492881,0.876891,-0.095244,0.500675,0.932265,-0.124147,0.437669,0.727975,-0.064006,0.475542,0.818657,-0.116746,0.490297,0.879694,-0.145032,0.49593,0.932095,-0.156319,0.375572,0.749631,-0.070516,0.429264,0.934854,-0.105273,0.422086,0.941965,-0.105109,0.408665,0.905101,-0.103687,0.32266,0.800631,-0.081551,0.38248,0.974985,-0.10358,0.375901,0.956737,-0.080659,0.36645,0.908866,-0.062688,0.277051,0.858484,-0.099098,0.324012,0.985025,-0.117135,0.326291,0.971347,-0.103875,0.319058,0.931154,-0.088034
1508,50266,True,0.9944,0.9944,0.335543,0.949734,-0.0,0.397185,0.920386,-0.019298,0.451909,0.893744,-0.043412,0.497138,0.907354,-0.069815,0.523942,0.945651,-0.094955,0.438836,0.767469,-0.045189,0.475575,0.841908,-0.088266,0.499974,0.89987,-0.115599,0.518475,0.943661,-0.130409,0.380991,0.78171,-0.057213,0.436559,0.957078,-0.095222,0.423261,0.992187,-0.105078,0.404611,0.973776,-0.111111,0.327144,0.825407,-0.072224,0.387373,0.995829,-0.107429,0.376679,1.020695,-0.102268,0.362766,0.999889,-0.095082,0.280839,0.879931,-0.090423,0.331668,0.999627,-0.11328,0.33005,1.029097,-0.10597,0.317824,1.021734,-0.096414
1509,50300,True,0.9986,0.9986,0.330678,0.97494,-0.0,0.394004,0.945283,-0.028783,0.457064,0.922319,-0.060591,0.506416,0.936845,-0.093606,0.545112,0.962887,-0.127066,0.464896,0.793864,-0.061733,0.515524,0.901581,-0.122894,0.545262,0.987752,-0.162395,0.565722,1.051393,-0.181834,0.400009,0.804282,-0.073212,0.458067,0.98163,-0.139517,0.472462,1.090463,-0.15939,0.472583,1.142763,-0.162298,0.33848,0.842787,-0.088149,0.402388,1.007666,-0.148491,0.408957,1.096853,-0.146983,0.402451,1.130269,-0.131868,0.287108,0.895868,-0.105653,0.34066,1.007605,-0.144149,0.353896,1.078045,-0.136778,0.353654,1.108448,-0.120658
1510,50333,True,0.9987,0.9987,0.338028,0.958433,0.0,0.40754,0.928982,-0.0171,0.477873,0.908484,-0.040413,0.534292,0.929746,-0.06624,0.580613,0.966467,-0.094303,0.479332,0.800084,-0.045067,0.528379,0.900112,-0.090748,0.566141,0.957097,-0.123237,0.601713,1.003047,-0.142707,0.417979,0.812968,-0.058965,0.481867,0.989332,-0.113624,0.499055,1.085335,-0.132642,0.507782,1.133282,-0.138619,0.360101,0.851371,-0.074536,0.427896,1.014528,-0.12409,0.440124,1.085189,-0.125789,0.441418,1.109387,-0.117247,0.312151,0.903747,-0.091733,0.366954,1.017931,-0.124627,0.376867,1.070131,-0.120918,0.373225,1.086183,-0.110824
1511,50366,True,0.9988,0.9988,0.331363,0.939057,0.0,0.405405,0.91028,-0.014122,0.488055,0.891461,-0.035895,0.552798,0.925625,-0.05929,0.601295,0.969066,-0.085148,0.484581,0.795157,-0.049854,0.546528,0.875817,-0.088664,0.588994,0.928261,-0.117101,0.626824,0.973021,-0.135994,0.431532,0.808963,-0.063373,0.503086,0.98615,-0.109301,0.510384,1.08414,-0.122865,0.512783,1.133665,-0.1282,0.380728,0.850826,-0.077673,0.454732,1.014372,-0.117825,0.464836,1.078112,-0.117439,0.46479,1.101135,-0.111387,0.337241,0.90691,-0.093452,0.400957,1.021377,-0.119386,0.410797,1.072384,-0.114432,0.407283,1.092721,-0.106267
1512,50400,True,0.9997,0.9997,0.33902,0.906834,0.0,0.412823,0.884613,-0.01927,0.495186,0.871791,-0.044961,0.552982,0.899115,-0.069374,0.579894,0.925555,-0.094976,0.49622,0.77514,-0.072546,0.557204,0.848235,-0.112533,0.599334,0.895063,-0.135078,0.637433,0.933807,-0.14913,0.4494,0.789471,-0.084656,0.521118,0.966503,-0.120289,0.494289,1.009971,-0.118464,0.476576,0.998649,-0.116382,0.400475,0.83433,-0.097913,0.472399,1.00398,-0.132418,0.455194,1.0399,-0.119519,0.44092,1.031091,-0.107385,0.353577,0.894707,-0.113389,0.421017,1.017999,-0.135877,0.420031,1.054819,-0.12434,0.405364,1.060955,-0.112673
1513,50433,True,0.999,0.999,0.35608,0.905059,0.0,0.43181,0.867254,-0.01694,0.510654,0.854864,-0.043735,0.563878,0.897423,-0.069287,0.568387,0.95258,-0.0938,0.498434,0.750138,-0.070841,0.555726,0.800968,-0.115942,0.598982,0.83341,-0.14163,0.636145,0.862165,-0.156939,0.454627,0.769006,-0.086744,0.52765,0.93294,-0.12712,0.491977,0.956389,-0.123093,0.469451,0.925874,-0.117914,0.40863,0.814436,-0.104344,0.480196,0.973576,-0.14178,0.449835,0.978131,-0.127619,0.431305,0.938341,-0.114231,0.365385,0.875562,-0.124153,0.42805,0.992561,-0.143038,0.414835,0.994061,-0.129198,0.391976,0.962156,-0.117481
1514,50466,True,0.9999,0.9999,0.359004,0.900184,0.0,0.435364,0.866555,-0.01441,0.511827,0.847741,-0.041114,0.56387,0.874622,-0.067434,0.573565,0.920939,-0.093983,0.494695,0.736867,-0.068767,0.549957,0.76425,-0.11437,0.593634,0.788775,-0.143444,0.630738,0.810971,-0.161669,0.449571,0.747219,-0.085525,0.528975,0.89577,-0.124645,0.503454,0.934178,-0.124568,0.48192,0.91251,-0.123394,0.403146,0.792161,-0.10352,0.484627,0.944592,-0.140494,0.467342,0.967311,-0.127897,0.44948,0.937789,-0.116453,0.361496,0.855793,-0.123408,0.432661,0.966123,-0.142241,0.429795,0.981468,-0.127594,0.409979,0.959611,-0.115713
1515,50500,True,0.9998,0.9998,0.358356,0.899112,0.0,0.438529,0.857551,-0.01243,0.512172,0.825576,-0.037905,0.561,0.840373,-0.064382,0.572525,0.887331,-0.09206,0.487899,0.714039,-0.059127,0.540149,0.731949,-0.102252,0.58527,0.749136,-0.130994,0.624364,0.763481,-0.149311,0.441481,0.723794,-0.076088,0.526218,0.857613,-0.116069,0.505744,0.906555,-0.119636,0.4814,0.892114,-0.119193,0.395648,0.772985,-0.09409,0.481484,0.911074,-0.135224,0.471864,0.946812,-0.128254,0.451232,0.925697,-0.117902,0.356281,0.838082,-0.112998,0.429922,0.939517,-0.135161,0.43819,0.968372,-0.123019,0.423189,0.958097,-0.111144
1516,50533,True,0.9999,0.9999,0.355423,0.898217,0.0,0.432283,0.852955,-0.006766,0.501513,0.812698,-0.029176,0.551294,0.813953,-0.05375,0.573504,0.844876,-0.079428,0.478479,0.697805,-0.048751,0.528652,0.708508,-0.089498,0.57322,0.7121,-0.117485,0.611696,0.713895,-0.135406,0.432477,0.708274,-0.067345,0.522334,0.83564,-0.106393,0.508021,0.895316,-0.110753,0.48375,0.894298,-0.11041,0.389231,0.758739,-0.086775,0.479546,0.888457,-0.127475,0.476389,0.930749,-0.121335,0.456549,0.917726,-0.111336,0.354052,0.824815,-0.106529,0.429303,0.918076,-0.127975,0.439026,0.950048,-0.115989,0.423298,0.944025,-0.104205
1517,50566,True,0.9999,0.9999,0.354228,0.896918,0.0,0.429436,0.849541,-0.007162,0.494525,0.808645,-0.031373,0.541679,0.808163,-0.05838,0.569044,0.835113,-0.086369,0.469059,0.689238,-0.048364,0.512616,0.686513,-0.091509,0.555464,0.687486,-0.120743,0.593328,0.686963,-0.139252,0.423004,0.701594,-0.067671,0.513832,0.816005,-0.111749,0.511593,0.881836,-0.119109,0.495262,0.887399,-0.119473,0.38141,0.752982,-0.087812,0.471433,0.875279,-0.130551,0.476329,0.919384,-0.123959,0.461162,0.910509,-0.112739,0.348709,0.817811,-0.108505,0.422928,0.906881,-0.13056,0.436097,0.940339,-0.118113,0.424088,0.936217,-0.10527
1518,50600,True,0.9999,0.9999,0.353056,0.902093,0.0,0.427752,0.851082,-0.00604,0.494425,0.803689,-0.028127,0.539334,0.803439,-0.053691,0.559411,0.835725,-0.080534,0.460677,0.688968,-0.043395,0.502388,0.678791,-0.084762,0.543417,0.678058,-0.113014,0.58151,0.676735,-0.131342,0.416585,0.703226,-0.063336,0.506215,0.813105,-0.10765,0.504311,0.877191,-0.116999,0.488277,0.881716,-0.118508,0.375359,0.753631,-0.084086,0.466486,0.877557,-0.126372,0.470807,0.920058,-0.121595,0.457586,0.909877,-0.111403,0.342591,0.818776,-0.105409,0.417762,0.903561,-0.126805,0.429509,0.937141,-0.11492,0.417855,0.934839,-0.102341
1519,50633,True,0.9998,0.9998,0.346018,0.905672,0.0,0.422245,0.850313,-0.004657,0.490952,0.801608,-0.024823,0.535405,0.802299,-0.048936,0.550852,0.840193,-0.074658,0.455025,0.691869,-0.039762,0.493813,0.678347,-0.0767,0.53216,0.675396,-0.102866,0.569653,0.672705,-0.120798,0.41054,0.706025,-0.059581,0.496634,0.814913,-0.101087,0.49805,0.875092,-0.112277,0.48339,0.884513,-0.115612,0.369348,0.757627,-0.079589,0.458594,0.880649,-0.117314,0.465094,0.920393,-0.113767,0.453417,0.914514,-0.105318,0.33733,0.823851,-0.100405,0.41173,0.909408,-0.119886,0.423552,0.940409,-0.109784,0.413474,0.939003,-0.098604
1520,50666,True,0.9998,0.9998,0.34408,0.915407,0.0,0.421935,0.857105,-0.004539,0.490375,0.806177,-0.024987,0.534293,0.806629,-0.049549,0.547321,0.851199,-0.075532,0.455389,0.698462,-0.040677,0.49131,0.684135,-0.077699,0.528334,0.682138,-0.103515,0.564754,0.680582,-0.121107,0.408976,0.711425,-0.060258,0.493569,0.825928,-0.100334,0.49481,0.885654,-0.110154,0.480078,0.892091,-0.113009,0.366515,0.762471,-0.080081,0.455305,0.889768,-0.11659,0.462134,0.929009,-0.112712,0.449791,0.921598,-0.104595,0.333746,0.828455,-0.100788,0.408103,0.917709,-0.119553,0.420452,0.94784,-0.109711,0.409844,0.945092,-0.098936
1521,50700,True,0.9998,0.9998,0.344079,0.917222,0.0,0.423121,0.857355,-0.005782,0.49186,0.808981,-0.027897,0.536058,0.81263,-0.054153,0.547821,0.858185,-0.081994,0.45777,0.702695,-0.044787,0.492035,0.688733,-0.084379,0.529064,0.687566,-0.111578,0.565451,0.686888,-0.129567,0.409836,0.718256,-0.064628,0.49393,0.836643,-0.10654,0.494316,0.895681,-0.116072,0.479101,0.900672,-0.118406,0.365961,0.771526,-0.084822,0.455751,0.901316,-0.123442,0.461862,0.939039,-0.118511,0.449025,0.930521,-0.109126,0.331862,0.838926,-0.105956,0.406114,0.928605,-0.126283,0.419295,0.957044,-0.115483,0.410331,0.953127,-0.103523
1522,50733,True,0.9998,0.9998,0.3409,0.923223,0.0,0.424189,0.863801,-0.004062,0.494943,0.813903,-0.024697,0.539361,0.817256,-0.049701,0.550673,0.863328,-0.076356,0.457942,0.709297,-0.041303,0.494224,0.702992,-0.078063,0.529755,0.702222,-0.102239,0.56287,0.699964,-0.118261,0.409857,0.724214,-0.060884,0.496833,0.847738,-0.099189,0.492439,0.906648,-0.10533,0.474373,0.905099,-0.10563,0.366016,0.777284,-0.080776,0.456878,0.910433,-0.118268,0.459946,0.946427,-0.112862,0.445797,0.932107,-0.103344,0.332322,0.84375,-0.101176,0.406773,0.936705,-0.121288,0.41791,0.963411,-0.110516,0.406806,0.956041,-0.098818
1523,50766,True,0.9998,0.9998,0.342047,0.92153,0.0,0.422509,0.863693,-0.006805,0.49255,0.815642,-0.028341,0.537739,0.820494,-0.053319,0.550606,0.866367,-0.079494,0.457284,0.709172,-0.043515,0.494068,0.70763,-0.08188,0.531383,0.710848,-0.108594,0.565726,0.709919,-0.126572,0.409236,0.724867,-0.062123,0.498563,0.850662,-0.102964,0.496478,0.910561,-0.111884,0.478579,0.9121,-0.114057,0.365722,0.778495,-0.081265,0.456805,0.914532,-0.12043,0.461783,0.950233,-0.117041,0.447336,0.936059,-0.108733,0.33261,0.84504,-0.101163,0.408194,0.940622,-0.121857,0.42013,0.96764,-0.112275,0.408329,0.959869,-0.101677
1524,50800,True,0.9998,0.9998,0.341926,0.922974,0.0,0.420827,0.864633,-0.007147,0.49017,0.817258,-0.029375,0.536085,0.821188,-0.054684,0.550174,0.866912,-0.081268,0.455278,0.710953,-0.045857,0.495656,0.711469,-0.086247,0.534666,0.715134,-0.113985,0.569851,0.716031,-0.132192,0.408928,0.727616,-0.064679,0.500039,0.852368,-0.105947,0.494648,0.911384,-0.113836,0.474026,0.910967,-0.115286,0.365374,0.781222,-0.084214,0.45851,0.915792,-0.126002,0.461784,0.952054,-0.122412,0.447535,0.937713,-0.113285,0.33158,0.849483,-0.104205,0.407553,0.941417,-0.12677,0.421534,0.969073,-0.11636,0.412232,0.963231,-0.104744
1525,50833,True,0.9999,0.9999,0.3434,0.923003,0.0,0.422215,0.866352,-0.00734,0.491107,0.819414,-0.028998,0.53633,0.823549,-0.053611,0.54987,0.868093,-0.079585,0.455218,0.711156,-0.045851,0.495284,0.710775,-0.086372,0.533537,0.71441,-0.114983,0.568631,0.714995,-0.133956,0.408669,0.727343,-0.06456,0.498395,0.853098,-0.10522,0.49338,0.90913,-0.11416,0.473088,0.906998,-0.117023,0.364906,0.780902,-0.084031,0.457135,0.915651,-0.124824,0.460596,0.950382,-0.121759,0.446569,0.935483,-0.113653,0.330862,0.84926,-0.104122,0.406543,0.941541,-0.12648,0.420547,0.969158,-0.116502,0.411298,0.963894,-0.10547
1526,50866,True,0.9998,0.9998,0.343092,0.921025,0.0,0.421989,0.864265,-0.006778,0.49227,0.817464,-0.027906,0.538159,0.821122,-0.052337,0.55083,0.865702,-0.078527,0.453802,0.711681,-0.044591,0.494533,0.710687,-0.083351,0.532316,0.71269,-0.111035,0.566481,0.711633,-0.129686,0.406273,0.727934,-0.063202,0.496251,0.852573,-0.102514,0.491534,0.906155,-0.111472,0.471103,0.903532,-0.11465,0.362379,0.781226,-0.082352,0.455918,0.915743,-0.121137,0.45925,0.947712,-0.117972,0.445152,0.933139,-0.110296,0.328506,0.848657,-0.102239,0.405677,0.940838,-0.123617,0.420606,0.967232,-0.114049,0.412977,0.96277,-0.103488
1527,50900,True,0.9999,0.9999,0.345987,0.914979,0.0,0.423339,0.859028,-0.005792,0.492153,0.813724,-0.025852,0.536143,0.820503,-0.049507,0.548054,0.866253,-0.075178,0.454098,0.708555,-0.042184,0.494247,0.707147,-0.078712,0.530739,0.708339,-0.105488,0.565486,0.705722,-0.124208,0.405419,0.724462,-0.060853,0.493032,0.850695,-0.098132,0.489923,0.9038,-0.107441,0.471961,0.901465,-0.111632,0.360674,0.77851,-0.079837,0.452539,0.912159,-0.115772,0.457135,0.942933,-0.112195,0.444403,0.927925,-0.105285,0.32626,0.846036,-0.099652,0.401781,0.938385,-0.119498,0.416256,0.964024,-0.109815,0.408706,0.958758,-0.099627
1528,50933,True,0.9999,0.9999,0.347291,0.913763,0.0,0.421025,0.860845,-0.004599,0.488883,0.815453,-0.024355,0.533008,0.81888,-0.048005,0.544929,0.862515,-0.074322,0.452262,0.709696,-0.042462,0.491002,0.702116,-0.078284,0.527606,0.701585,-0.10415,0.562813,0.698536,-0.122235,0.403268,0.723254,-0.061415,0.489485,0.844584,-0.098891,0.488766,0.904249,-0.107552,0.47182,0.910153,-0.110696,0.358373,0.776532,-0.080313,0.449852,0.907086,-0.115899,0.45582,0.94186,-0.110651,0.443734,0.931791,-0.102213,0.323099,0.843607,-0.099869,0.39864,0.933445,-0.118739,0.414811,0.962053,-0.107331,0.40932,0.960172,-0.0957
1529,50966,True,0.9999,0.9999,0.345415,0.910371,0.0,0.417878,0.857798,-0.004477,0.485213,0.814493,-0.024412,0.529621,0.819329,-0.048702,0.543767,0.861307,-0.075568,0.451093,0.70877,-0.04044,0.490405,0.700373,-0.076552,0.527479,0.700116,-0.102695,0.562941,0.696437,-0.120996,0.401912,0.722329,-0.059577,0.486666,0.842083,-0.098024,0.487515,0.901376,-0.107708,0.470852,0.907923,-0.111203,0.357502,0.775271,-0.078817,0.447723,0.905999,-0.114842,0.455214,0.940697,-0.109643,0.443153,0.93022,-0.100836,0.322816,0.841547,-0.098763,0.397458,0.932503,-0.117624,0.413165,0.960034,-0.106208,0.406613,0.955751,-0.094307
1530,51000,True,0.9999,0.9999,0.346665,0.909967,0.0,0.418545,0.856183,-0.003748,0.485036,0.812334,-0.024289,0.528821,0.816695,-0.049204,0.54338,0.858637,-0.076892,0.44842,0.707018,-0.042899,0.486698,0.696396,-0.079578,0.524006,0.696358,-0.105728,0.560353,0.694582,-0.123881,0.39951,0.721077,-0.062354,0.48533,0.838663,-0.100649,0.484751,0.898611,-0.109413,0.467713,0.90455,-0.112498,0.355615,0.774755,-0.081619,0.447369,0.903159,-0.117766,0.453781,0.939598,-0.11144,0.44116,0.931,-0.102017,0.321358,0.841918,-0.101425,0.396983,0.930744,-0.120538,0.413143,0.95973,-0.108242,0.406858,0.95702,-0.095737
1531,51033,True,0.9999,0.9999,0.347472,0.911685,0.0,0.417978,0.858462,-0.004015,0.482303,0.815227,-0.025295,0.526106,0.818139,-0.051278,0.54112,0.857741,-0.079883,0.44779,0.704822,-0.041205,0.485547,0.693679,-0.079039,0.524284,0.693004,-0.105715,0.561471,0.690542,-0.124094,0.398774,0.717813,-0.061021,0.484669,0.838382,-0.101036,0.485383,0.901275,-0.110494,0.469387,0.90688,-0.113724,0.355229,0.771447,-0.081066,0.445273,0.905019,-0.119169,0.45171,0.940701,-0.113994,0.439482,0.927301,-0.105008,0.321157,0.838668,-0.101617,0.394032,0.929913,-0.121645,0.408464,0.95695,-0.11016,0.400579,0.949833,-0.098211
1532,51066,True,0.9999,0.9999,0.346791,0.911197,0.0,0.417362,0.858778,-0.003401,0.481087,0.815567,-0.023254,0.524142,0.817315,-0.048107,0.539669,0.854658,-0.075543,0.447821,0.701988,-0.036766,0.482394,0.691754,-0.073333,0.520044,0.691596,-0.099204,0.556479,0.689855,-0.116795,0.398658,0.714327,-0.056455,0.482457,0.835033,-0.095138,0.48591,0.898073,-0.104868,0.471188,0.906439,-0.108126,0.35465,0.767379,-0.076639,0.442253,0.900645,-0.114705,0.451021,0.93686,-0.111088,0.440458,0.925941,-0.102757,0.319701,0.833626,-0.097228,0.391586,0.92583,-0.117207,0.407936,0.954827,-0.106703,0.402598,0.950722,-0.095197
1533,51100,True,0.9999,0.9999,0.346245,0.911222,0.0,0.417038,0.858614,-0.001829,0.480173,0.814972,-0.021232,0.522493,0.817704,-0.045921,0.538724,0.854694,-0.073312,0.447305,0.702538,-0.035477,0.481943,0.691792,-0.071364,0.518563,0.690443,-0.096849,0.554076,0.686994,-0.1145,0.398006,0.713936,-0.055856,0.483371,0.83465,-0.094231,0.486475,0.901143,-0.10407,0.471474,0.910855,-0.107525,0.353748,0.766368,-0.076419,0.442663,0.898839,-0.113866,0.450431,0.937658,-0.109585,0.438213,0.927104,-0.101121,0.318289,0.832211,-0.097216,0.390204,0.923316,-0.116886,0.405436,0.95367,-0.105587,0.397952,0.949188,-0.093679
1534,51133,True,0.9999,0.9999,0.346339,0.907725,0.0,0.417961,0.854164,-0.00246,0.481235,0.80992,-0.02234,0.5235,0.814601,-0.047452,0.54026,0.85431,-0.075304,0.447606,0.700625,-0.038141,0.482884,0.691015,-0.075741,0.519685,0.689058,-0.102426,0.555828,0.684719,-0.120707,0.397343,0.713098,-0.058368,0.484507,0.833079,-0.098333,0.488094,0.899936,-0.108267,0.473186,0.911305,-0.111323,0.35333,0.766995,-0.078723,0.443574,0.89678,-0.117353,0.451735,0.937075,-0.112345,0.438752,0.929446,-0.10281,0.318812,0.833423,-0.099388,0.393027,0.924209,-0.119748,0.40963,0.955344,-0.10793,0.402793,0.952628,-0.09526
1535,51166,True,0.9999,0.9999,0.35027,0.906482,0.0,0.419236,0.854221,-0.003283,0.481498,0.810468,-0.023396,0.52319,0.814057,-0.048332,0.540307,0.851461,-0.075878,0.447554,0.698939,-0.039894,0.483537,0.689423,-0.077774,0.520861,0.686975,-0.104307,0.557077,0.682842,-0.122336,0.398131,0.710789,-0.059494,0.484975,0.833353,-0.100158,0.489148,0.900939,-0.109565,0.47491,0.91389,-0.112164,0.354365,0.76416,-0.079338,0.44372,0.896284,-0.118705,0.452252,0.936686,-0.113746,0.44067,0.92954,-0.104193,0.320036,0.830723,-0.099511,0.392303,0.921929,-0.120411,0.408019,0.953325,-0.109098,0.401019,0.951088,-0.096832
1536,51200,True,0.9998,0.9998,0.350299,0.904637,0.0,0.417237,0.853616,-0.003139,0.47995,0.8112,-0.02237,0.522704,0.813296,-0.0464,0.539477,0.850554,-0.073409,0.445924,0.699634,-0.039516,0.482519,0.688195,-0.075769,0.520788,0.684725,-0.101585,0.558514,0.680407,-0.119171,0.398051,0.711444,-0.058956,0.48315,0.828002,-0.098068,0.489253,0.890269,-0.10857,0.476529,0.905269,-0.112364,0.355172,0.764314,-0.078505,0.442261,0.891846,-0.116952,0.454136,0.931289,-0.11503,0.446701,0.92992,-0.107697,0.321336,0.830811,-0.098289,0.39213,0.919283,-0.1181,0.408307,0.949909,-0.108592,0.403165,0.951413,-0.098028
1537,51233,True,0.9998,0.9998,0.351295,0.901881,0.0,0.417534,0.850743,-0.003238,0.480414,0.806998,-0.021883,0.522942,0.809701,-0.045317,0.538624,0.849021,-0.071696,0.446639,0.696893,-0.038364,0.482675,0.684214,-0.074416,0.520682,0.680994,-0.100017,0.557986,0.676693,-0.117481,0.398825,0.708656,-0.057709,0.484138,0.824782,-0.096734,0.490738,0.888078,-0.107196,0.478156,0.903034,-0.110906,0.355765,0.761263,-0.077264,0.442607,0.888753,-0.115654,0.454373,0.928574,-0.113645,0.446397,0.926405,-0.106221,0.321572,0.827539,-0.097078,0.391719,0.915232,-0.116849,0.407132,0.945844,-0.107195,0.40091,0.94682,-0.096522
1538,51266,True,0.9999,0.9999,0.350346,0.900282,0.0,0.417917,0.847601,-0.002161,0.480513,0.801926,-0.020261,0.522559,0.803238,-0.043299,0.537639,0.842851,-0.069316,0.447284,0.693966,-0.036718,0.483279,0.679237,-0.071638,0.521361,0.674792,-0.096562,0.558632,0.668555,-0.113805,0.399506,0.706266,-0.056318,0.485958,0.821998,-0.094533,0.491497,0.887488,-0.10449,0.477436,0.903032,-0.107846,0.356399,0.759424,-0.075977,0.445244,0.884502,-0.113594,0.455559,0.92383,-0.111158,0.445208,0.919721,-0.103591,0.322684,0.825823,-0.095764,0.395006,0.910779,-0.115245,0.410703,0.9405,-0.105197,0.403711,0.939999,-0.094252
1539,51300,True,0.9999,0.9999,0.35061,0.896297,0.0,0.421343,0.841634,-0.002534,0.485987,0.793818,-0.02123,0.528485,0.795099,-0.04488,0.541481,0.835418,-0.071314,0.446377,0.687887,-0.037752,0.483714,0.670737,-0.073027,0.521361,0.66495,-0.098756,0.558749,0.658768,-0.116693,0.399083,0.700536,-0.05739,0.487984,0.816424,-0.095128,0.48914,0.877557,-0.10556,0.472185,0.887619,-0.109661,0.356931,0.753481,-0.076899,0.450521,0.877811,-0.112826,0.456493,0.916165,-0.109383,0.442833,0.910766,-0.101889,0.323733,0.820283,-0.096844,0.399946,0.905806,-0.115764,0.413904,0.936549,-0.10487,0.404792,0.937452,-0.093388
1540,51333,True,0.9999,0.9999,0.348035,0.896967,0.0,0.421022,0.841767,-0.003179,0.485643,0.792898,-0.021551,0.529457,0.791968,-0.044919,0.544142,0.8312,-0.070775,0.44844,0.682266,-0.032677,0.485028,0.663079,-0.066116,0.52275,0.654345,-0.090911,0.559502,0.645877,-0.108428,0.402846,0.693926,-0.052161,0.489294,0.807437,-0.088557,0.492216,0.870919,-0.099245,0.476427,0.882745,-0.103487,0.361415,0.746211,-0.071906,0.452228,0.868561,-0.107444,0.460059,0.909414,-0.104665,0.447644,0.906322,-0.097515,0.327919,0.81312,-0.092203,0.401844,0.895933,-0.111167,0.416461,0.928133,-0.100547,0.407998,0.930922,-0.089137
1541,51366,True,0.9997,0.9997,0.350592,0.89337,0.0,0.429075,0.840245,-0.005341,0.493363,0.792008,-0.025875,0.534779,0.790337,-0.05083,0.552789,0.827564,-0.077987,0.455152,0.675769,-0.036969,0.495432,0.656156,-0.073215,0.534583,0.645785,-0.098699,0.57252,0.634897,-0.116227,0.410764,0.688036,-0.056394,0.498461,0.794458,-0.095765,0.497931,0.86109,-0.105297,0.481676,0.872339,-0.10798,0.370199,0.738804,-0.076408,0.462153,0.8595,-0.114611,0.466002,0.904887,-0.110935,0.453086,0.902683,-0.102353,0.337888,0.80359,-0.097129,0.411438,0.885479,-0.116125,0.424038,0.920011,-0.104889,0.415567,0.923018,-0.093122
1542,51400,True,0.9997,0.9997,0.354274,0.88401,0.0,0.439736,0.831317,-0.002439,0.509431,0.784151,-0.024127,0.557912,0.780735,-0.051611,0.577834,0.814255,-0.081546,0.466768,0.668592,-0.033416,0.512214,0.64913,-0.068508,0.555293,0.635934,-0.092967,0.593859,0.624342,-0.109874,0.422875,0.682296,-0.054546,0.513006,0.779088,-0.094247,0.517746,0.849565,-0.102316,0.504426,0.862982,-0.103445,0.383756,0.732588,-0.075958,0.477044,0.840902,-0.112344,0.482089,0.889627,-0.105102,0.466761,0.891094,-0.0942,0.353422,0.795959,-0.098101,0.42851,0.870522,-0.115595,0.442113,0.902337,-0.102854,0.43228,0.9029,-0.089969
1543,51433,True,0.9998,0.9998,0.369479,0.874761,0.0,0.454647,0.829787,-0.00301,0.525036,0.788436,-0.028041,0.571602,0.77813,-0.058509,0.58699,0.800966,-0.091593,0.485577,0.665465,-0.042519,0.537489,0.639811,-0.081329,0.583984,0.622309,-0.106761,0.622152,0.606576,-0.123814,0.442544,0.673837,-0.06453,0.537283,0.769356,-0.106945,0.533939,0.844113,-0.112986,0.512809,0.85665,-0.112597,0.403665,0.719342,-0.086474,0.499442,0.825756,-0.126929,0.499347,0.877334,-0.117281,0.480113,0.876934,-0.104446,0.372769,0.779174,-0.108689,0.450847,0.852548,-0.129179,0.463632,0.89055,-0.114513,0.451626,0.893206,-0.100122
1544,51466,True,0.9997,0.9997,0.380377,0.868074,0.0,0.466009,0.823734,-0.004166,0.535421,0.783109,-0.030611,0.582095,0.773834,-0.062153,0.598004,0.800599,-0.095873,0.505043,0.653711,-0.043927,0.563169,0.633736,-0.084571,0.61246,0.616661,-0.111147,0.653308,0.601103,-0.128933,0.462426,0.661657,-0.066247,0.559944,0.763225,-0.110935,0.551257,0.841917,-0.116475,0.528777,0.855381,-0.115055,0.423786,0.707667,-0.088794,0.520856,0.819572,-0.131507,0.517418,0.87399,-0.121098,0.498385,0.874018,-0.106962,0.393149,0.769121,-0.11176,0.471864,0.84555,-0.132939,0.482562,0.885406,-0.117432,0.470776,0.888586,-0.102138
1545,51500,True,0.9996,0.9996,0.380535,0.861619,0.0,0.468468,0.815837,-0.004323,0.538642,0.777552,-0.032318,0.585985,0.776487,-0.066014,0.601449,0.810191,-0.101298,0.517811,0.651145,-0.04418,0.576952,0.633995,-0.085897,0.627022,0.621763,-0.112797,0.669553,0.609908,-0.130858,0.475548,0.660773,-0.067465,0.567098,0.770304,-0.113046,0.557059,0.847418,-0.118854,0.536266,0.854441,-0.117795,0.435662,0.707074,-0.091131,0.52992,0.82504,-0.134695,0.525027,0.880627,-0.123704,0.504342,0.876642,-0.109252,0.402907,0.768036,-0.115472,0.480727,0.852116,-0.136501,0.488207,0.891667,-0.120608,0.472754,0.89031,-0.105319
1546,51533,True,0.9994,0.9994,0.378532,0.868787,0.0,0.472207,0.822635,-0.005308,0.54263,0.783116,-0.032542,0.587785,0.781736,-0.064443,0.600244,0.813552,-0.097435,0.514554,0.652372,-0.044829,0.569007,0.636537,-0.084566,0.617093,0.629428,-0.110213,0.659249,0.625436,-0.127732,0.471089,0.659296,-0.067282,0.560857,0.772448,-0.112064,0.551807,0.850093,-0.118327,0.534433,0.859655,-0.117358,0.429222,0.704279,-0.089899,0.519684,0.832444,-0.131491,0.515658,0.887853,-0.120772,0.497811,0.883455,-0.106624,0.394035,0.765098,-0.113392,0.466315,0.853756,-0.133306,0.474907,0.894395,-0.117771,0.462073,0.893256,-0.102757
1547,51566,True,0.9989,0.9989,0.368925,0.872946,0.0,0.462006,0.828577,-0.008189,0.534994,0.78868,-0.032194,0.580468,0.78209,-0.060171,0.582165,0.806249,-0.089108,0.492727,0.652828,-0.041939,0.545767,0.635262,-0.078681,0.589767,0.627112,-0.103878,0.629287,0.619474,-0.121765,0.447375,0.657371,-0.061005,0.530843,0.773616,-0.103919,0.524559,0.842308,-0.113101,0.507995,0.85011,-0.115027,0.404453,0.701755,-0.080462,0.487477,0.831732,-0.118646,0.488044,0.878547,-0.112067,0.474513,0.872987,-0.101876,0.369096,0.762559,-0.101266,0.434599,0.853562,-0.120685,0.443069,0.885321,-0.110055,0.432254,0.879829,-0.098926
1548,51600,True,0.9989,0.9989,0.344082,0.881334,0.0,0.426056,0.834986,-0.011943,0.490532,0.79101,-0.033262,0.532807,0.780025,-0.058029,0.55234,0.790854,-0.083256,0.453363,0.650785,-0.037861,0.495032,0.630556,-0.072092,0.535373,0.623967,-0.097208,0.57213,0.62298,-0.114942,0.404741,0.659265,-0.053292,0.478555,0.771394,-0.093562,0.481459,0.836498,-0.107385,0.470725,0.856429,-0.113702,0.360898,0.706645,-0.069596,0.436799,0.830785,-0.104009,0.442996,0.87432,-0.101052,0.434721,0.876553,-0.094846,0.326574,0.768495,-0.087832,0.386735,0.857098,-0.106147,0.397025,0.884259,-0.098515,0.390854,0.87861,-0.089955
1549,51633,True,0.9976,0.9976,0.324937,0.887632,0.0,0.397816,0.842139,-0.017531,0.452356,0.797207,-0.038068,0.487196,0.777179,-0.060317,0.503174,0.77981,-0.081362,0.40992,0.657371,-0.040176,0.438215,0.629011,-0.071897,0.46878,0.616866,-0.094139,0.501801,0.610174,-0.109943,0.357502,0.662247,-0.051446,0.422494,0.758913,-0.085108,0.447087,0.801757,-0.09762,0.46105,0.814214,-0.104973,0.312214,0.707314,-0.064325,0.384291,0.836181,-0.093385,0.404602,0.87106,-0.091229,0.411679,0.874999,-0.087043,0.278107,0.768565,-0.080154,0.334915,0.858353,-0.096103,0.350989,0.881348,-0.090322,0.353357,0.876752,-0.083754
1550,51666,True,0.9982,0.9982,0.302724,0.884357,0.0,0.373235,0.842693,-0.02233,0.428739,0.789586,-0.042902,0.458896,0.771057,-0.063869,0.471142,0.787131,-0.084303,0.380631,0.66582,-0.042865,0.395551,0.644344,-0.076083,0.416612,0.63194,-0.099672,0.441192,0.61627,-0.117029,0.324389,0.667122,-0.052578,0.374304,0.771361,-0.089113,0.400632,0.806779,-0.106706,0.417921,0.803262,-0.117613,0.274523,0.709285,-0.064384,0.335816,0.847884,-0.097776,0.363982,0.876387,-0.102307,0.38151,0.865901,-0.102694,0.236605,0.768136,-0.079293,0.284526,0.863958,-0.10012,0.304647,0.895594,-0.098471,0.314207,0.8939,-0.09495
1551,51699,True,0.9965,0.9965,0.289803,0.887142,0.0,0.359703,0.849833,-0.019058,0.418199,0.799148,-0.03845,0.444849,0.777009,-0.059847,0.448793,0.782925,-0.080165,0.371768,0.671923,-0.03633,0.373224,0.655592,-0.074864,0.38768,0.651969,-0.099897,0.408998,0.641515,-0.116321,0.309339,0.670362,-0.048312,0.363822,0.786822,-0.093874,0.386236,0.834018,-0.110856,0.39588,0.828078,-0.117697,0.258007,0.714329,-0.063189,0.318065,0.845395,-0.106919,0.349317,0.88261,-0.109069,0.364878,0.870721,-0.103822,0.219771,0.771135,-0.080366,0.265918,0.863393,-0.108055,0.292336,0.898611,-0.105978,0.30499,0.89511,-0.099176
1552,51733,True,0.9966,0.9966,0.294498,0.895285,-0.0,0.364838,0.852185,-0.013749,0.422648,0.802345,-0.033058,0.451172,0.783928,-0.056491,0.450266,0.805754,-0.077516,0.380224,0.67215,-0.027881,0.377499,0.652642,-0.066616,0.39482,0.658207,-0.088768,0.418656,0.667381,-0.100996,0.318222,0.669675,-0.041247,0.369797,0.808465,-0.084081,0.389734,0.859335,-0.094671,0.394783,0.85049,-0.095101,0.267052,0.715269,-0.058027,0.326367,0.864944,-0.097121,0.354494,0.895427,-0.09286,0.364569,0.872485,-0.082114,0.228208,0.773814,-0.077315,0.274043,0.878109,-0.101158,0.296033,0.904054,-0.096037,0.301369,0.890216,-0.085328
1553,51766,True,0.997,0.997,0.314043,0.898304,0.0,0.387562,0.852155,-0.016997,0.441797,0.804977,-0.03852,0.473219,0.80293,-0.062707,0.473865,0.836519,-0.085055,0.400324,0.671269,-0.037367,0.405576,0.661152,-0.074492,0.429723,0.68175,-0.098874,0.460899,0.701673,-0.114311,0.342111,0.680519,-0.049022,0.398807,0.815954,-0.088962,0.421385,0.862732,-0.101191,0.430714,0.86713,-0.105823,0.292798,0.732,-0.063531,0.363384,0.879332,-0.096294,0.390036,0.90329,-0.093372,0.401655,0.887848,-0.08652,0.257106,0.794018,-0.081319,0.313913,0.895935,-0.10027,0.333834,0.917382,-0.095225,0.338757,0.905842,-0.086958
1554,51800,True,0.9957,0.9957,0.32806,0.896654,0.0,0.401281,0.844113,-0.013683,0.460727,0.803136,-0.036403,0.500823,0.815514,-0.063195,0.518128,0.857535,-0.088935,0.433827,0.678952,-0.033226,0.468082,0.69349,-0.076286,0.502149,0.721886,-0.105334,0.535858,0.746479,-0.122048,0.382763,0.696699,-0.045814,0.454693,0.843226,-0.088868,0.468064,0.886745,-0.10165,0.465861,0.885698,-0.105641,0.337735,0.751275,-0.061772,0.41558,0.899292,-0.096399,0.426885,0.915881,-0.09324,0.422978,0.8931,-0.0845,0.303159,0.814109,-0.080586,0.368583,0.917011,-0.099874,0.380933,0.928215,-0.094585,0.375774,0.906756,-0.085238
1555,51833,True,0.9989,0.9989,0.345191,0.891653,0.0,0.421081,0.844157,-0.014042,0.488951,0.810288,-0.036859,0.537682,0.830411,-0.062799,0.56445,0.878537,-0.089249,0.480132,0.702153,-0.041148,0.533331,0.744413,-0.083607,0.571768,0.772151,-0.113076,0.609839,0.793479,-0.131831,0.433125,0.717696,-0.055338,0.511147,0.871172,-0.098487,0.506582,0.921516,-0.111071,0.498061,0.924237,-0.115877,0.388031,0.76857,-0.071855,0.467543,0.923556,-0.110913,0.462531,0.944388,-0.10939,0.452436,0.926668,-0.101769,0.349451,0.830149,-0.090693,0.417739,0.938934,-0.114852,0.422693,0.952057,-0.110682,0.414862,0.935562,-0.102497
1556,51866,True,0.9998,0.9998,0.355516,0.895955,0.0,0.435537,0.85631,-0.015928,0.513341,0.838672,-0.042992,0.570569,0.874413,-0.071214,0.590754,0.924726,-0.099145,0.51134,0.727665,-0.064,0.577232,0.776088,-0.11473,0.622093,0.811188,-0.145225,0.663222,0.839944,-0.162036,0.468517,0.742663,-0.079169,0.546896,0.8983,-0.122383,0.521443,0.940378,-0.124552,0.503224,0.925096,-0.122108,0.425347,0.789204,-0.09668,0.505308,0.94472,-0.138506,0.486643,0.967719,-0.129948,0.468681,0.944725,-0.117108,0.387983,0.851576,-0.116259,0.456932,0.961526,-0.13915,0.456335,0.978878,-0.128513,0.440704,0.965757,-0.115896
1557,51900,True,0.9987,0.9987,0.361321,0.903497,0.0,0.447281,0.865507,-0.016435,0.527344,0.852663,-0.043326,0.582062,0.894572,-0.070105,0.590235,0.95103,-0.095293,0.526522,0.741408,-0.064098,0.588207,0.799325,-0.109198,0.633687,0.835873,-0.134847,0.674172,0.869115,-0.150172,0.484114,0.758842,-0.080982,0.556823,0.920303,-0.121867,0.521403,0.951118,-0.119427,0.502363,0.926331,-0.114737,0.440231,0.802642,-0.100172,0.50931,0.963979,-0.13737,0.482111,0.969889,-0.126343,0.467062,0.929438,-0.11455,0.400461,0.862609,-0.122041,0.45899,0.979375,-0.140043,0.447895,0.979451,-0.128825,0.427214,0.945886,-0.11874
1558,51933,True,0.9975,0.9975,0.353619,0.906153,0.0,0.440303,0.870606,-0.012795,0.522256,0.857445,-0.039411,0.571617,0.896847,-0.067891,0.576515,0.956312,-0.095865,0.516423,0.751762,-0.057456,0.573607,0.80733,-0.098718,0.613343,0.847223,-0.124112,0.647423,0.882068,-0.141216,0.471511,0.764984,-0.076423,0.538342,0.931473,-0.117657,0.508615,0.955889,-0.120145,0.491622,0.928571,-0.119953,0.42318,0.808441,-0.09662,0.486188,0.974203,-0.130074,0.46202,0.972622,-0.118219,0.448625,0.931236,-0.107585,0.377693,0.864407,-0.119659,0.434815,0.986552,-0.136891,0.425113,0.982666,-0.125794,0.408346,0.947707,-0.116238
1559,51966,True,0.9956,0.9956,0.340704,0.929772,0.0,0.415444,0.902625,-0.01076,0.488388,0.881726,-0.034369,0.54387,0.887612,-0.059111,0.58541,0.885632,-0.084191,0.473633,0.759157,-0.060509,0.519457,0.801216,-0.097671,0.555271,0.816872,-0.12005,0.584156,0.831916,-0.134737,0.42694,0.768642,-0.076346,0.491389,0.929972,-0.111366,0.458986,0.941676,-0.111102,0.436756,0.91029,-0.111265,0.379114,0.813742,-0.092734,0.439816,0.973092,-0.124299,0.41401,0.963802,-0.110843,0.399017,0.922082,-0.101687,0.332747,0.869208,-0.110956,0.386894,0.98582,-0.130902,0.37384,0.978044,-0.121124,0.356983,0.942844,-0.113757
1560,52000,True,0.988,0.988,0.341093,0.914269,0.0,0.410096,0.893833,-0.02923,0.463544,0.882787,-0.06045,0.495524,0.905723,-0.090547,0.484395,0.933623,-0.118771,0.429476,0.763035,-0.066512,0.441354,0.784668,-0.096816,0.461385,0.801005,-0.110391,0.470343,0.826288,-0.117633,0.376129,0.776407,-0.072811,0.418669,0.928925,-0.099073,0.400883,0.927969,-0.095003,0.384142,0.891815,-0.091623,0.327961,0.820008,-0.080919,0.37783,0.96751,-0.101672,0.365399,0.946051,-0.082485,0.351258,0.907862,-0.068538,0.284083,0.870964,-0.094014,0.328732,0.97398,-0.113719,0.320302,0.95859,-0.102171,0.304189,0.929648,-0.08957
1561,52033,True,0.9961,0.9961,0.301032,0.930022,0.0,0.370902,0.922833,-0.027301,0.428138,0.901228,-0.04699,0.441302,0.920427,-0.066019,0.409266,0.957503,-0.082392,0.370495,0.780623,-0.049369,0.373312,0.777093,-0.079149,0.380049,0.773201,-0.094872,0.380875,0.777634,-0.10422,0.309717,0.779164,-0.053968,0.348725,0.946608,-0.079137,0.352891,0.942288,-0.079791,0.345323,0.901239,-0.078937,0.259568,0.823042,-0.061244,0.310183,0.988957,-0.081609,0.320269,0.964624,-0.063045,0.321923,0.917016,-0.047309,0.218624,0.879129,-0.073905,0.263057,0.991623,-0.098443,0.272667,0.970996,-0.089907,0.27197,0.930707,-0.075931
1562,52066,True,0.9961,0.9961,0.266293,0.912303,0.0,0.325235,0.899822,-0.032823,0.378104,0.886495,-0.061224,0.392059,0.91749,-0.085884,0.357939,0.960633,-0.106457,0.325434,0.763814,-0.076442,0.329107,0.802347,-0.120786,0.331226,0.841513,-0.144355,0.32616,0.874473,-0.155573,0.261433,0.775298,-0.077429,0.292439,0.950056,-0.109204,0.313222,0.953318,-0.109186,0.312593,0.922468,-0.108949,0.208548,0.819768,-0.081219,0.250127,0.994828,-0.097252,0.273696,0.973563,-0.072995,0.279534,0.924316,-0.05618,0.169123,0.874446,-0.091477,0.203808,0.998399,-0.109166,0.223466,0.981396,-0.097616,0.22746,0.934671,-0.083814
1563,52100,True,0.9984,0.9984,0.244202,0.936283,-0.0,0.296555,0.911308,-0.035943,0.349923,0.881213,-0.065219,0.362876,0.904803,-0.091189,0.336471,0.950411,-0.111127,0.293287,0.754351,-0.073641,0.287298,0.796605,-0.122931,0.278081,0.837367,-0.146656,0.262946,0.862201,-0.158082,0.224086,0.769557,-0.075118,0.257403,0.957132,-0.11914,0.289343,0.976537,-0.121932,0.295688,0.939367,-0.119716,0.171013,0.818428,-0.080696,0.219274,1.00655,-0.109357,0.256605,1.000939,-0.086901,0.26815,0.949415,-0.06768,0.133383,0.876525,-0.092975,0.174972,1.008637,-0.119003,0.20204,1.010378,-0.111131,0.209972,0.971124,-0.097777
1564,52133,True,0.9966,0.9966,0.224462,0.94458,-0.0,0.273944,0.917394,-0.034631,0.325854,0.883731,-0.063286,0.346784,0.887547,-0.090437,0.324549,0.91238,-0.112004,0.270843,0.757794,-0.06459,0.272952,0.775906,-0.114935,0.260621,0.808458,-0.139589,0.245207,0.837509,-0.149859,0.207211,0.764228,-0.064905,0.239784,0.933784,-0.108232,0.270308,0.959617,-0.110763,0.280388,0.930186,-0.106841,0.156429,0.807197,-0.070135,0.19815,0.988139,-0.099979,0.234169,0.991195,-0.08017,0.249221,0.949199,-0.061391,0.11791,0.861798,-0.081741,0.151011,0.989363,-0.105122,0.17604,0.999592,-0.096972,0.185217,0.970987,-0.083378
1565,52166,True,0.9951,0.9951,0.219904,0.9435,-0.0,0.267969,0.916173,-0.032895,0.319213,0.872789,-0.060658,0.347472,0.870917,-0.089555,0.334636,0.907286,-0.113714,0.269331,0.760657,-0.052523,0.269994,0.757819,-0.107321,0.269071,0.777899,-0.133467,0.268342,0.804867,-0.142725,0.20182,0.763241,-0.0557,0.243533,0.908694,-0.10513,0.277665,0.950903,-0.105683,0.289296,0.93139,-0.095741,0.151071,0.806718,-0.065446,0.205378,0.967694,-0.105318,0.241769,0.984865,-0.085642,0.254451,0.951267,-0.061617,0.11413,0.861127,-0.080985,0.15319,0.973023,-0.108261,0.177882,0.991262,-0.099167,0.184774,0.972342,-0.082234
1566,52199,True,0.9962,0.9962,0.221729,0.950821,-0.0,0.271016,0.922694,-0.032805,0.320956,0.876649,-0.06014,0.35026,0.869934,-0.088318,0.339583,0.90593,-0.112924,0.263401,0.774151,-0.05393,0.260021,0.759241,-0.108181,0.275264,0.768302,-0.138247,0.295093,0.788506,-0.150943,0.200483,0.777871,-0.056838,0.251356,0.91064,-0.106135,0.276172,0.943293,-0.112899,0.281304,0.926384,-0.108887,0.153237,0.821781,-0.065672,0.213187,0.971858,-0.105429,0.237382,0.982988,-0.093998,0.242439,0.947372,-0.076597,0.118856,0.8745,-0.079849,0.158394,0.977029,-0.105765,0.175044,0.987334,-0.100604,0.175411,0.964222,-0.08803
1567,52233,True,0.9927,0.9927,0.224736,0.946022,-0.0,0.272166,0.916508,-0.028203,0.316134,0.884401,-0.055207,0.350732,0.890635,-0.083511,0.356123,0.930003,-0.110765,0.271442,0.780114,-0.056935,0.280946,0.781098,-0.100304,0.303468,0.797798,-0.1259,0.328735,0.824632,-0.139204,0.212553,0.792402,-0.062059,0.269615,0.921606,-0.106507,0.30267,0.966818,-0.117421,0.317977,0.979602,-0.12089,0.165946,0.840158,-0.070403,0.226675,0.978648,-0.104172,0.248186,1.006692,-0.100276,0.251047,0.999702,-0.093265,0.129673,0.896388,-0.082931,0.172828,0.99778,-0.103579,0.18957,1.023017,-0.10029,0.18614,1.01836,-0.093933
1568,52266,True,0.975,0.975,0.228069,0.98003,-0.0,0.273862,0.958745,-0.027395,0.315535,0.929864,-0.054463,0.353837,0.925913,-0.0833,0.37848,0.946356,-0.111577,0.279769,0.823358,-0.053804,0.31865,0.840634,-0.103105,0.35636,0.881836,-0.136496,0.383688,0.925386,-0.153036,0.226532,0.843087,-0.060216,0.29014,0.956457,-0.101187,0.295427,0.992114,-0.116842,0.281123,0.995447,-0.126527,0.182309,0.8927,-0.070199,0.244073,1.010818,-0.103928,0.244922,1.041653,-0.105468,0.230609,1.039379,-0.102692,0.146636,0.950297,-0.083642,0.185341,1.031552,-0.103275,0.191385,1.057077,-0.099544,0.179415,1.059653,-0.093401
1569,52300,True,0.941,0.941,0.249436,1.012063,-0.0,0.295319,0.995963,-0.042899,0.339277,0.981043,-0.080026,0.375719,0.98439,-0.114954,0.401706,0.999969,-0.151991,0.300899,0.892296,-0.079918,0.343369,0.927938,-0.133086,0.377538,0.968643,-0.171588,0.404712,1.003216,-0.193913,0.251268,0.911023,-0.079592,0.281825,0.977054,-0.122727,0.291916,1.017116,-0.142024,0.293483,1.043757,-0.156273,0.208418,0.947337,-0.082829,0.23217,0.998913,-0.120012,0.237137,1.023427,-0.12709,0.235695,1.036155,-0.13036,0.175896,0.986947,-0.089928,0.190373,1.020674,-0.114251,0.196385,1.042507,-0.115122,0.196282,1.054141,-0.114607
1570,52333,False,0.0,0.0,0.0,0.0,0.0,0.0,0.0,0.0,0.0,0.0,0.0,0.0,0.0,0.0,0.0,0.0,0.0,0.0,0.0,0.0,0.0,0.0,0.0,0.0,0.0,0.0,0.0,0.0,0.0,0.0,0.0,0.0,0.0,0.0,0.0,0.0,0.0,0.0,0.0,0.0,0.0,0.0,0.0,0.0,0.0,0.0,0.0,0.0,0.0,0.0,0.0,0.0,0.0,0.0,0.0,0.0,0.0,0.0,0.0,0.0,0.0,0.0,0.0,0.0,0.0
1571,52366,False,0.0,0.0,0.0,0.0,0.0,0.0,0.0,0.0,0.0,0.0,0.0,0.0,0.0,0.0,0.0,0.0,0.0,0.0,0.0,0.0,0.0,0.0,0.0,0.0,0.0,0.0,0.0,0.0,0.0,0.0,0.0,0.0,0.0,0.0,0.0,0.0,0.0,0.0,0.0,0.0,0.0,0.0,0.0,0.0,0.0,0.0,0.0,0.0,0.0,0.0,0.0,0.0,0.0,0.0,0.0,0.0,0.0,0.0,0.0,0.0,0.0,0.0,0.0,0.0,0.0
1572,52400,False,0.0,0.0,0.0,0.0,0.0,0.0,0.0,0.0,0.0,0.0,0.0,0.0,0.0,0.0,0.0,0.0,0.0,0.0,0.0,0.0,0.0,0.0,0.0,0.0,0.0,0.0,0.0,0.0,0.0,0.0,0.0,0.0,0.0,0.0,0.0,0.0,0.0,0.0,0.0,0.0,0.0,0.0,0.0,0.0,0.0,0.0,0.0,0.0,0.0,0.0,0.0,0.0,0.0,0.0,0.0,0.0,0.0,0.0,0.0,0.0,0.0,0.0,0.0,0.0,0.0
1573,52433,False,0.0,0.0,0.0,0.0,0.0,0.0,0.0,0.0,0.0,0.0,0.0,0.0,0.0,0.0,0.0,0.0,0.0,0.0,0.0,0.0,0.0,0.0,0.0,0.0,0.0,0.0,0.0,0.0,0.0,0.0,0.0,0.0,0.0,0.0,0.0,0.0,0.0,0.0,0.0,0.0,0.0,0.0,0.0,0.0,0.0,0.0,0.0,0.0,0.0,0.0,0.0,0.0,0.0,0.0,0.0,0.0,0.0,0.0,0.0,0.0,0.0,0.0,0.0,0.0,0.0
1574,52466,False,0.0,0.0,0.0,0.0,0.0,0.0,0.0,0.0,0.0,0.0,0.0,0.0,0.0,0.0,0.0,0.0,0.0,0.0,0.0,0.0,0.0,0.0,0.0,0.0,0.0,0.0,0.0,0.0,0.0,0.0,0.0,0.0,0.0,0.0,0.0,0.0,0.0,0.0,0.0,0.0,0.0,0.0,0.0,0.0,0.0,0.0,0.0,0.0,0.0,0.0,0.0,0.0,0.0,0.0,0.0,0.0,0.0,0.0,0.0,0.0,0.0,0.0,0.0,0.0,0.0
1575,52500,False,0.0,0.0,0.0,0.0,0.0,0.0,0.0,0.0,0.0,0.0,0.0,0.0,0.0,0.0,0.0,0.0,0.0,0.0,0.0,0.0,0.0,0.0,0.0,0.0,0.0,0.0,0.0,0.0,0.0,0.0,0.0,0.0,0.0,0.0,0.0,0.0,0.0,0.0,0.0,0.0,0.0,0.0,0.0,0.0,0.0,0.0,0.0,0.0,0.0,0.0,0.0,0.0,0.0,0.0,0.0,0.0,0.0,0.0,0.0,0.0,0.0,0.0,0.0,0.0,0.0
1576,52533,False,0.0,0.0,0.0,0.0,0.0,0.0,0.0,0.0,0.0,0.0,0.0,0.0,0.0,0.0,0.0,0.0,0.0,0.0,0.0,0.0,0.0,0.0,0.0,0.0,0.0,0.0,0.0,0.0,0.0,0.0,0.0,0.0,0.0,0.0,0.0,0.0,0.0,0.0,0.0,0.0,0.0,0.0,0.0,0.0,0.0,0.0,0.0,0.0,0.0,0.0,0.0,0.0,0.0,0.0,0.0,0.0,0.0,0.0,0.0,0.0,0.0,0.0,0.0,0.0,0.0
1577,52566,False,0.0,0.0,0.0,0.0,0.0,0.0,0.0,0.0,0.0,0.0,0.0,0.0,0.0,0.0,0.0,0.0,0.0,0.0,0.0,0.0,0.0,0.0,0.0,0.0,0.0,0.0,0.0,0.0,0.0,0.0,0.0,0.0,0.0,0.0,0.0,0.0,0.0,0.0,0.0,0.0,0.0,0.0,0.0,0.0,0.0,0.0,0.0,0.0,0.0,0.0,0.0,0.0,0.0,0.0,0.0,0.0,0.0,0.0,0.0,0.0,0.0,0.0,0.0,0.0,0.0
1578,52600,False,0.0,0.0,0.0,0.0,0.0,0.0,0.0,0.0,0.0,0.0,0.0,0.0,0.0,0.0,0.0,0.0,0.0,0.0,0.0,0.0,0.0,0.0,0.0,0.0,0.0,0.0,0.0,0.0,0.0,0.0,0.0,0.0,0.0,0.0,0.0,0.0,0.0,0.0,0.0,0.0,0.0,0.0,0.0,0.0,0.0,0.0,0.0,0.0,0.0,0.0,0.0,0.0,0.0,0.0,0.0,0.0,0.0,0.0,0.0,0.0,0.0,0.0,0.0,0.0,0.0
1579,52633,False,0.0,0.0,0.0,0.0,0.0,0.0,0.0,0.0,0.0,0.0,0.0,0.0,0.0,0.0,0.0,0.0,0.0,0.0,0.0,0.0,0.0,0.0,0.0,0.0,0.0,0.0,0.0,0.0,0.0,0.0,0.0,0.0,0.0,0.0,0.0,0.0,0.0,0.0,0.0,0.0,0.0,0.0,0.0,0.0,0.0,0.0,0.0,0.0,0.0,0.0,0.0,0.0,0.0,0.0,0.0,0.0,0.0,0.0,0.0,0.0,0.0,0.0,0.0,0.0,0.0
1580,52666,False,0.0,0.0,0.0,0.0,0.0,0.0,0.0,0.0,0.0,0.0,0.0,0.0,0.0,0.0,0.0,0.0,0.0,0.0,0.0,0.0,0.0,0.0,0.0,0.0,0.0,0.0,0.0,0.0,0.0,0.0,0.0,0.0,0.0,0.0,0.0,0.0,0.0,0.0,0.0,0.0,0.0,0.0,0.0,0.0,0.0,0.0,0.0,0.0,0.0,0.0,0.0,0.0,0.0,0.0,0.0,0.0,0.0,0.0,0.0,0.0,0.0,0.0,0.0,0.0,0.0
1581,52699,False,0.0,0.0,0.0,0.0,0.0,0.0,0.0,0.0,0.0,0.0,0.0,0.0,0.0,0.0,0.0,0.0,0.0,0.0,0.0,0.0,0.0,0.0,0.0,0.0,0.0,0.0,0.0,0.0,0.0,0.0,0.0,0.0,0.0,0.0,0.0,0.0,0.0,0.0,0.0,0.0,0.0,0.0,0.0,0.0,0.0,0.0,0.0,0.0,0.0,0.0,0.0,0.0,0.0,0.0,0.0,0.0,0.0,0.0,0.0,0.0,0.0,0.0,0.0,0.0,0.0
1582,52733,False,0.0,0.0,0.0,0.0,0.0,0.0,0.0,0.0,0.0,0.0,0.0,0.0,0.0,0.0,0.0,0.0,0.0,0.0,0.0,0.0,0.0,0.0,0.0,0.0,0.0,0.0,0.0,0.0,0.0,0.0,0.0,0.0,0.0,0.0,0.0,0.0,0.0,0.0,0.0,0.0,0.0,0.0,0.0,0.0,0.0,0.0,0.0,0.0,0.0,0.0,0.0,0.0,0.0,0.0,0.0,0.0,0.0,0.0,0.0,0.0,0.0,0.0,0.0,0.0,0.0
1583,52766,False,0.0,0.0,0.0,0.0,0.0,0.0,0.0,0.0,0.0,0.0,0.0,0.0,0.0,0.0,0.0,0.0,0.0,0.0,0.0,0.0,0.0,0.0,0.0,0.0,0.0,0.0,0.0,0.0,0.0,0.0,0.0,0.0,0.0,0.0,0.0,0.0,0.0,0.0,0.0,0.0,0.0,0.0,0.0,0.0,0.0,0.0,0.0,0.0,0.0,0.0,0.0,0.0,0.0,0.0,0.0,0.0,0.0,0.0,0.0,0.0,0.0,0.0,0.0,0.0,0.0
1584,52800,False,0.0,0.0,0.0,0.0,0.0,0.0,0.0,0.0,0.0,0.0,0.0,0.0,0.0,0.0,0.0,0.0,0.0,0.0,0.0,0.0,0.0,0.0,0.0,0.0,0.0,0.0,0.0,0.0,0.0,0.0,0.0,0.0,0.0,0.0,0.0,0.0,0.0,0.0,0.0,0.0,0.0,0.0,0.0,0.0,0.0,0.0,0.0,0.0,0.0,0.0,0.0,0.0,0.0,0.0,0.0,0.0,0.0,0.0,0.0,0.0,0.0,0.0,0.0,0.0,0.0
1585,52833,False,0.0,0.0,0.0,0.0,0.0,0.0,0.0,0.0,0.0,0.0,0.0,0.0,0.0,0.0,0.0,0.0,0.0,0.0,0.0,0.0,0.0,0.0,0.0,0.0,0.0,0.0,0.0,0.0,0.0,0.0,0.0,0.0,0.0,0.0,0.0,0.0,0.0,0.0,0.0,0.0,0.0,0.0,0.0,0.0,0.0,0.0,0.0,0.0,0.0,0.0,0.0,0.0,0.0,0.0,0.0,0.0,0.0,0.0,0.0,0.0,0.0,0.0,0.0,0.0,0.0
1586,52866,False,0.0,0.0,0.0,0.0,0.0,0.0,0.0,0.0,0.0,0.0,0.0,0.0,0.0,0.0,0.0,0.0,0.0,0.0,0.0,0.0,0.0,0.0,0.0,0.0,0.0,0.0,0.0,0.0,0.0,0.0,0.0,0.0,0.0,0.0,0.0,0.0,0.0,0.0,0.0,0.0,0.0,0.0,0.0,0.0,0.0,0.0,0.0,0.0,0.0,0.0,0.0,0.0,0.0,0.0,0.0,0.0,0.0,0.0,0.0,0.0,0.0,0.0,0.0,0.0,0.0
1587,52900,False,0.0,0.0,0.0,0.0,0.0,0.0,0.0,0.0,0.0,0.0,0.0,0.0,0.0,0.0,0.0,0.0,0.0,0.0,0.0,0.0,0.0,0.0,0.0,0.0,0.0,0.0,0.0,0.0,0.0,0.0,0.0,0.0,0.0,0.0,0.0,0.0,0.0,0.0,0.0,0.0,0.0,0.0,0.0,0.0,0.0,0.0,0.0,0.0,0.0,0.0,0.0,0.0,0.0,0.0,0.0,0.0,0.0,0.0,0.0,0.0,0.0,0.0,0.0,0.0,0.0
1588,52933,False,0.0,0.0,0.0,0.0,0.0,0.0,0.0,0.0,0.0,0.0,0.0,0.0,0.0,0.0,0.0,0.0,0.0,0.0,0.0,0.0,0.0,0.0,0.0,0.0,0.0,0.0,0.0,0.0,0.0,0.0,0.0,0.0,0.0,0.0,0.0,0.0,0.0,0.0,0.0,0.0,0.0,0.0,0.0,0.0,0.0,0.0,0.0,0.0,0.0,0.0,0.0,0.0,0.0,0.0,0.0,0.0,0.0,0.0,0.0,0.0,0.0,0.0,0.0,0.0,0.0
1589,52966,False,0.0,0.0,0.0,0.0,0.0,0.0,0.0,0.0,0.0,0.0,0.0,0.0,0.0,0.0,0.0,0.0,0.0,0.0,0.0,0.0,0.0,0.0,0.0,0.0,0.0,0.0,0.0,0.0,0.0,0.0,0.0,0.0,0.0,0.0,0.0,0.0,0.0,0.0,0.0,0.0,0.0,0.0,0.0,0.0,0.0,0.0,0.0,0.0,0.0,0.0,0.0,0.0,0.0,0.0,0.0,0.0,0.0,0.0,0.0,0.0,0.0,0.0,0.0,0.0,0.0
1590,53000,False,0.0,0.0,0.0,0.0,0.0,0.0,0.0,0.0,0.0,0.0,0.0,0.0,0.0,0.0,0.0,0.0,0.0,0.0,0.0,0.0,0.0,0.0,0.0,0.0,0.0,0.0,0.0,0.0,0.0,0.0,0.0,0.0,0.0,0.0,0.0,0.0,0.0,0.0,0.0,0.0,0.0,0.0,0.0,0.0,0.0,0.0,0.0,0.0,0.0,0.0,0.0,0.0,0.0,0.0,0.0,0.0,0.0,0.0,0.0,0.0,0.0,0.0,0.0,0.0,0.0
1591,53033,False,0.0,0.0,0.0,0.0,0.0,0.0,0.0,0.0,0.0,0.0,0.0,0.0,0.0,0.0,0.0,0.0,0.0,0.0,0.0,0.0,0.0,0.0,0.0,0.0,0.0,0.0,0.0,0.0,0.0,0.0,0.0,0.0,0.0,0.0,0.0,0.0,0.0,0.0,0.0,0.0,0.0,0.0,0.0,0.0,0.0,0.0,0.0,0.0,0.0,0.0,0.0,0.0,0.0,0.0,0.0,0.0,0.0,0.0,0.0,0.0,0.0,0.0,0.0,0.0,0.0
1592,53066,False,0.0,0.0,0.0,0.0,0.0,0.0,0.0,0.0,0.0,0.0,0.0,0.0,0.0,0.0,0.0,0.0,0.0,0.0,0.0,0.0,0.0,0.0,0.0,0.0,0.0,0.0,0.0,0.0,0.0,0.0,0.0,0.0,0.0,0.0,0.0,0.0,0.0,0.0,0.0,0.0,0.0,0.0,0.0,0.0,0.0,0.0,0.0,0.0,0.0,0.0,0.0,0.0,0.0,0.0,0.0,0.0,0.0,0.0,0.0,0.0,0.0,0.0,0.0,0.0,0.0
1593,53100,False,0.0,0.0,0.0,0.0,0.0,0.0,0.0,0.0,0.0,0.0,0.0,0.0,0.0,0.0,0.0,0.0,0.0,0.0,0.0,0.0,0.0,0.0,0.0,0.0,0.0,0.0,0.0,0.0,0.0,0.0,0.0,0.0,0.0,0.0,0.0,0.0,0.0,0.0,0.0,0.0,0.0,0.0,0.0,0.0,0.0,0.0,0.0,0.0,0.0,0.0,0.0,0.0,0.0,0.0,0.0,0.0,0.0,0.0,0.0,0.0,0.0,0.0,0.0,0.0,0.0
1594,53133,False,0.0,0.0,0.0,0.0,0.0,0.0,0.0,0.0,0.0,0.0,0.0,0.0,0.0,0.0,0.0,0.0,0.0,0.0,0.0,0.0,0.0,0.0,0.0,0.0,0.0,0.0,0.0,0.0,0.0,0.0,0.0,0.0,0.0,0.0,0.0,0.0,0.0,0.0,0.0,0.0,0.0,0.0,0.0,0.0,0.0,0.0,0.0,0.0,0.0,0.0,0.0,0.0,0.0,0.0,0.0,0.0,0.0,0.0,0.0,0.0,0.0,0.0,0.0,0.0,0.0
1595,53166,False,0.0,0.0,0.0,0.0,0.0,0.0,0.0,0.0,0.0,0.0,0.0,0.0,0.0,0.0,0.0,0.0,0.0,0.0,0.0,0.0,0.0,0.0,0.0,0.0,0.0,0.0,0.0,0.0,0.0,0.0,0.0,0.0,0.0,0.0,0.0,0.0,0.0,0.0,0.0,0.0,0.0,0.0,0.0,0.0,0.0,0.0,0.0,0.0,0.0,0.0,0.0,0.0,0.0,0.0,0.0,0.0,0.0,0.0,0.0,0.0,0.0,0.0,0.0,0.0,0.0
1596,53199,False,0.0,0.0,0.0,0.0,0.0,0.0,0.0,0.0,0.0,0.0,0.0,0.0,0.0,0.0,0.0,0.0,0.0,0.0,0.0,0.0,0.0,0.0,0.0,0.0,0.0,0.0,0.0,0.0,0.0,0.0,0.0,0.0,0.0,0.0,0.0,0.0,0.0,0.0,0.0,0.0,0.0,0.0,0.0,0.0,0.0,0.0,0.0,0.0,0.0,0.0,0.0,0.0,0.0,0.0,0.0,0.0,0.0,0.0,0.0,0.0,0.0,0.0,0.0,0.0,0.0
1597,53233,False,0.0,0.0,0.0,0.0,0.0,0.0,0.0,0.0,0.0,0.0,0.0,0.0,0.0,0.0,0.0,0.0,0.0,0.0,0.0,0.0,0.0,0.0,0.0,0.0,0.0,0.0,0.0,0.0,0.0,0.0,0.0,0.0,0.0,0.0,0.0,0.0,0.0,0.0,0.0,0.0,0.0,0.0,0.0,0.0,0.0,0.0,0.0,0.0,0.0,0.0,0.0,0.0,0.0,0.0,0.0,0.0,0.0,0.0,0.0,0.0,0.0,0.0,0.0,0.0,0.0
1598,53266,False,0.0,0.0,0.0,0.0,0.0,0.0,0.0,0.0,0.0,0.0,0.0,0.0,0.0,0.0,0.0,0.0,0.0,0.0,0.0,0.0,0.0,0.0,0.0,0.0,0.0,0.0,0.0,0.0,0.0,0.0,0.0,0.0,0.0,0.0,0.0,0.0,0.0,0.0,0.0,0.0,0.0,0.0,0.0,0.0,0.0,0.0,0.0,0.0,0.0,0.0,0.0,0.0,0.0,0.0,0.0,0.0,0.0,0.0,0.0,0.0,0.0,0.0,0.0,0.0,0.0
1599,53300,False,0.0,0.0,0.0,0.0,0.0,0.0,0.0,0.0,0.0,0.0,0.0,0.0,0.0,0.0,0.0,0.0,0.0,0.0,0.0,0.0,0.0,0.0,0.0,0.0,0.0,0.0,0.0,0.0,0.0,0.0,0.0,0.0,0.0,0.0,0.0,0.0,0.0,0.0,0.0,0.0,0.0,0.0,0.0,0.0,0.0,0.0,0.0,0.0,0.0,0.0,0.0,0.0,0.0,0.0,0.0,0.0,0.0,0.0,0.0,0.0,0.0,0.0,0.0,0.0,0.0
1600,53333,False,0.0,0.0,0.0,0.0,0.0,0.0,0.0,0.0,0.0,0.0,0.0,0.0,0.0,0.0,0.0,0.0,0.0,0.0,0.0,0.0,0.0,0.0,0.0,0.0,0.0,0.0,0.0,0.0,0.0,0.0,0.0,0.0,0.0,0.0,0.0,0.0,0.0,0.0,0.0,0.0,0.0,0.0,0.0,0.0,0.0,0.0,0.0,0.0,0.0,0.0,0.0,0.0,0.0,0.0,0.0,0.0,0.0,0.0,0.0,0.0,0.0,0.0,0.0,0.0,0.0
1601,53366,False,0.0,0.0,0.0,0.0,0.0,0.0,0.0,0.0,0.0,0.0,0.0,0.0,0.0,0.0,0.0,0.0,0.0,0.0,0.0,0.0,0.0,0.0,0.0,0.0,0.0,0.0,0.0,0.0,0.0,0.0,0.0,0.0,0.0,0.0,0.0,0.0,0.0,0.0,0.0,0.0,0.0,0.0,0.0,0.0,0.0,0.0,0.0,0.0,0.0,0.0,0.0,0.0,0.0,0.0,0.0,0.0,0.0,0.0,0.0,0.0,0.0,0.0,0.0,0.0,0.0
1602,53400,False,0.0,0.0,0.0,0.0,0.0,0.0,0.0,0.0,0.0,0.0,0.0,0.0,0.0,0.0,0.0,0.0,0.0,0.0,0.0,0.0,0.0,0.0,0.0,0.0,0.0,0.0,0.0,0.0,0.0,0.0,0.0,0.0,0.0,0.0,0.0,0.0,0.0,0.0,0.0,0.0,0.0,0.0,0.0,0.0,0.0,0.0,0.0,0.0,0.0,0.0,0.0,0.0,0.0,0.0,0.0,0.0,0.0,0.0,0.0,0.0,0.0,0.0,0.0,0.0,0.0
1603,53433,False,0.0,0.0,0.0,0.0,0.0,0.0,0.0,0.0,0.0,0.0,0.0,0.0,0.0,0.0,0.0,0.0,0.0,0.0,0.0,0.0,0.0,0.0,0.0,0.0,0.0,0.0,0.0,0.0,0.0,0.0,0.0,0.0,0.0,0.0,0.0,0.0,0.0,0.0,0.0,0.0,0.0,0.0,0.0,0.0,0.0,0.0,0.0,0.0,0.0,0.0,0.0,0.0,0.0,0.0,0.0,0.0,0.0,0.0,0.0,0.0,0.0,0.0,0.0,0.0,0.0
1604,53466,False,0.0,0.0,0.0,0.0,0.0,0.0,0.0,0.0,0.0,0.0,0.0,0.0,0.0,0.0,0.0,0.0,0.0,0.0,0.0,0.0,0.0,0.0,0.0,0.0,0.0,0.0,0.0,0.0,0.0,0.0,0.0,0.0,0.0,0.0,0.0,0.0,0.0,0.0,0.0,0.0,0.0,0.0,0.0,0.0,0.0,0.0,0.0,0.0,0.0,0.0,0.0,0.0,0.0,0.0,0.0,0.0,0.0,0.0,0.0,0.0,0.0,0.0,0.0,0.0,0.0
1605,53500,False,0.0,0.0,0.0,0.0,0.0,0.0,0.0,0.0,0.0,0.0,0.0,0.0,0.0,0.0,0.0,0.0,0.0,0.0,0.0,0.0,0.0,0.0,0.0,0.0,0.0,0.0,0.0,0.0,0.0,0.0,0.0,0.0,0.0,0.0,0.0,0.0,0.0,0.0,0.0,0.0,0.0,0.0,0.0,0.0,0.0,0.0,0.0,0.0,0.0,0.0,0.0,0.0,0.0,0.0,0.0,0.0,0.0,0.0,0.0,0.0,0.0,0.0,0.0,0.0,0.0
1606,53533,False,0.0,0.0,0.0,0.0,0.0,0.0,0.0,0.0,0.0,0.0,0.0,0.0,0.0,0.0,0.0,0.0,0.0,0.0,0.0,0.0,0.0,0.0,0.0,0.0,0.0,0.0,0.0,0.0,0.0,0.0,0.0,0.0,0.0,0.0,0.0,0.0,0.0,0.0,0.0,0.0,0.0,0.0,0.0,0.0,0.0,0.0,0.0,0.0,0.0,0.0,0.0,0.0,0.0,0.0,0.0,0.0,0.0,0.0,0.0,0.0,0.0,0.0,0.0,0.0,0.0
1607,53566,False,0.0,0.0,0.0,0.0,0.0,0.0,0.0,0.0,0.0,0.0,0.0,0.0,0.0,0.0,0.0,0.0,0.0,0.0,0.0,0.0,0.0,0.0,0.0,0.0,0.0,0.0,0.0,0.0,0.0,0.0,0.0,0.0,0.0,0.0,0.0,0.0,0.0,0.0,0.0,0.0,0.0,0.0,0.0,0.0,0.0,0.0,0.0,0.0,0.0,0.0,0.0,0.0,0.0,0.0,0.0,0.0,0.0,0.0,0.0,0.0,0.0,0.0,0.0,0.0,0.0
1608,53600,False,0.0,0.0,0.0,0.0,0.0,0.0,0.0,0.0,0.0,0.0,0.0,0.0,0.0,0.0,0.0,0.0,0.0,0.0,0.0,0.0,0.0,0.0,0.0,0.0,0.0,0.0,0.0,0.0,0.0,0.0,0.0,0.0,0.0,0.0,0.0,0.0,0.0,0.0,0.0,0.0,0.0,0.0,0.0,0.0,0.0,0.0,0.0,0.0,0.0,0.0,0.0,0.0,0.0,0.0,0.0,0.0,0.0,0.0,0.0,0.0,0.0,0.0,0.0,0.0,0.0
1609,53633,False,0.0,0.0,0.0,0.0,0.0,0.0,0.0,0.0,0.0,0.0,0.0,0.0,0.0,0.0,0.0,0.0,0.0,0.0,0.0,0.0,0.0,0.0,0.0,0.0,0.0,0.0,0.0,0.0,0.0,0.0,0.0,0.0,0.0,0.0,0.0,0.0,0.0,0.0,0.0,0.0,0.0,0.0,0.0,0.0,0.0,0.0,0.0,0.0,0.0,0.0,0.0,0.0,0.0,0.0,0.0,0.0,0.0,0.0,0.0,0.0,0.0,0.0,0.0,0.0,0.0
1610,53666,True,0.98,0.98,0.395997,0.651026,0.0,0.40498,0.687255,-0.001219,0.42612,0.719411,-0.005933,0.448098,0.738073,-0.010029,0.469313,0.745045,-0.01536,0.423242,0.731623,-0.022872,0.44858,0.766817,-0.034421,0.470505,0.778645,-0.040634,0.487841,0.779704,-0.043981,0.427358,0.717516,-0.027412,0.454666,0.752064,-0.03646,0.477923,0.761196,-0.040188,0.496113,0.761077,-0.043235,0.431996,0.694978,-0.030993,0.462216,0.717578,-0.038699,0.486564,0.722208,-0.040824,0.505341,0.721588,-0.042662,0.437616,0.666905,-0.033857,0.464367,0.67747,-0.042509,0.484518,0.683064,-0.044927,0.501465,0.684996,-0.045925
1611,53699,True,0.9547,0.9547,0.403468,0.655939,-0.0,0.422875,0.638246,-0.023017,0.450641,0.629855,-0.039798,0.478211,0.631974,-0.052497,0.501295,0.629863,-0.064578,0.44364,0.678643,-0.041992,0.479386,0.689348,-0.058434,0.502013,0.693215,-0.068102,0.519273,0.696048,-0.073835,0.437935,0.709279,-0.036217,0.470416,0.730579,-0.050834,0.492275,0.734835,-0.05653,0.509318,0.734612,-0.060542,0.433604,0.728425,-0.030914,0.458306,0.754533,-0.043453,0.478172,0.762219,-0.046448,0.494901,0.763677,-0.047845,0.43223,0.73821,-0.026818,0.449632,0.762151,-0.03622,0.465271,0.772501,-0.038342,0.479171,0.777174,-0.03904
1612,53733,True,0.9657,0.9657,0.405939,0.655673,0.0,0.427723,0.638434,-0.01964,0.454667,0.630183,-0.034688,0.478006,0.630903,-0.046139,0.496797,0.634324,-0.057185,0.452049,0.678645,-0.039048,0.488311,0.68736,-0.054329,0.508958,0.689737,-0.063042,0.525932,0.691007,-0.068123,0.443986,0.70504,-0.035283,0.47604,0.7243,-0.050083,0.496328,0.72971,-0.056681,0.514209,0.732136,-0.060837,0.436926,0.721479,-0.031798,0.462957,0.747068,-0.044951,0.482482,0.757793,-0.048893,0.500304,0.764321,-0.050542,0.4323,0.730425,-0.029051,0.452039,0.754277,-0.039549,0.468609,0.766344,-0.04186,0.484253,0.773986,-0.042322
1613,53766,False,0.0,0.0,0.0,0.0,0.0,0.0,0.0,0.0,0.0,0.0,0.0,0.0,0.0,0.0,0.0,0.0,0.0,0.0,0.0,0.0,0.0,0.0,0.0,0.0,0.0,0.0,0.0,0.0,0.0,0.0,0.0,0.0,0.0,0.0,0.0,0.0,0.0,0.0,0.0,0.0,0.0,0.0,0.0,0.0,0.0,0.0,0.0,0.0,0.0,0.0,0.0,0.0,0.0,0.0,0.0,0.0,0.0,0.0,0.0,0.0,0.0,0.0,0.0,0.0,0.0
1614,53800,False,0.0,0.0,0.0,0.0,0.0,0.0,0.0,0.0,0.0,0.0,0.0,0.0,0.0,0.0,0.0,0.0,0.0,0.0,0.0,0.0,0.0,0.0,0.0,0.0,0.0,0.0,0.0,0.0,0.0,0.0,0.0,0.0,0.0,0.0,0.0,0.0,0.0,0.0,0.0,0.0,0.0,0.0,0.0,0.0,0.0,0.0,0.0,0.0,0.0,0.0,0.0,0.0,0.0,0.0,0.0,0.0,0.0,0.0,0.0,0.0,0.0,0.0,0.0,0.0,0.0
1615,53833,False,0.0,0.0,0.0,0.0,0.0,0.0,0.0,0.0,0.0,0.0,0.0,0.0,0.0,0.0,0.0,0.0,0.0,0.0,0.0,0.0,0.0,0.0,0.0,0.0,0.0,0.0,0.0,0.0,0.0,0.0,0.0,0.0,0.0,0.0,0.0,0.0,0.0,0.0,0.0,0.0,0.0,0.0,0.0,0.0,0.0,0.0,0.0,0.0,0.0,0.0,0.0,0.0,0.0,0.0,0.0,0.0,0.0,0.0,0.0,0.0,0.0,0.0,0.0,0.0,0.0
1616,53866,False,0.0,0.0,0.0,0.0,0.0,0.0,0.0,0.0,0.0,0.0,0.0,0.0,0.0,0.0,0.0,0.0,0.0,0.0,0.0,0.0,0.0,0.0,0.0,0.0,0.0,0.0,0.0,0.0,0.0,0.0,0.0,0.0,0.0,0.0,0.0,0.0,0.0,0.0,0.0,0.0,0.0,0.0,0.0,0.0,0.0,0.0,0.0,0.0,0.0,0.0,0.0,0.0,0.0,0.0,0.0,0.0,0.0,0.0,0.0,0.0,0.0,0.0,0.0,0.0,0.0
1617,53900,False,0.0,0.0,0.0,0.0,0.0,0.0,0.0,0.0,0.0,0.0,0.0,0.0,0.0,0.0,0.0,0.0,0.0,0.0,0.0,0.0,0.0,0.0,0.0,0.0,0.0,0.0,0.0,0.0,0.0,0.0,0.0,0.0,0.0,0.0,0.0,0.0,0.0,0.0,0.0,0.0,0.0,0.0,0.0,0.0,0.0,0.0,0.0,0.0,0.0,0.0,0.0,0.0,0.0,0.0,0.0,0.0,0.0,0.0,0.0,0.0,0.0,0.0,0.0,0.0,0.0
1618,53933,False,0.0,0.0,0.0,0.0,0.0,0.0,0.0,0.0,0.0,0.0,0.0,0.0,0.0,0.0,0.0,0.0,0.0,0.0,0.0,0.0,0.0,0.0,0.0,0.0,0.0,0.0,0.0,0.0,0.0,0.0,0.0,0.0,0.0,0.0,0.0,0.0,0.0,0.0,0.0,0.0,0.0,0.0,0.0,0.0,0.0,0.0,0.0,0.0,0.0,0.0,0.0,0.0,0.0,0.0,0.0,0.0,0.0,0.0,0.0,0.0,0.0,0.0,0.0,0.0,0.0
1619,53966,False,0.0,0.0,0.0,0.0,0.0,0.0,0.0,0.0,0.0,0.0,0.0,0.0,0.0,0.0,0.0,0.0,0.0,0.0,0.0,0.0,0.0,0.0,0.0,0.0,0.0,0.0,0.0,0.0,0.0,0.0,0.0,0.0,0.0,0.0,0.0,0.0,0.0,0.0,0.0,0.0,0.0,0.0,0.0,0.0,0.0,0.0,0.0,0.0,0.0,0.0,0.0,0.0,0.0,0.0,0.0,0.0,0.0,0.0,0.0,0.0,0.0,0.0,0.0,0.0,0.0
1620,54000,False,0.0,0.0,0.0,0.0,0.0,0.0,0.0,0.0,0.0,0.0,0.0,0.0,0.0,0.0,0.0,0.0,0.0,0.0,0.0,0.0,0.0,0.0,0.0,0.0,0.0,0.0,0.0,0.0,0.0,0.0,0.0,0.0,0.0,0.0,0.0,0.0,0.0,0.0,0.0,0.0,0.0,0.0,0.0,0.0,0.0,0.0,0.0,0.0,0.0,0.0,0.0,0.0,0.0,0.0,0.0,0.0,0.0,0.0,0.0,0.0,0.0,0.0,0.0,0.0,0.0
1621,54033,False,0.0,0.0,0.0,0.0,0.0,0.0,0.0,0.0,0.0,0.0,0.0,0.0,0.0,0.0,0.0,0.0,0.0,0.0,0.0,0.0,0.0,0.0,0.0,0.0,0.0,0.0,0.0,0.0,0.0,0.0,0.0,0.0,0.0,0.0,0.0,0.0,0.0,0.0,0.0,0.0,0.0,0.0,0.0,0.0,0.0,0.0,0.0,0.0,0.0,0.0,0.0,0.0,0.0,0.0,0.0,0.0,0.0,0.0,0.0,0.0,0.0,0.0,0.0,0.0,0.0
1622,54066,False,0.0,0.0,0.0,0.0,0.0,0.0,0.0,0.0,0.0,0.0,0.0,0.0,0.0,0.0,0.0,0.0,0.0,0.0,0.0,0.0,0.0,0.0,0.0,0.0,0.0,0.0,0.0,0.0,0.0,0.0,0.0,0.0,0.0,0.0,0.0,0.0,0.0,0.0,0.0,0.0,0.0,0.0,0.0,0.0,0.0,0.0,0.0,0.0,0.0,0.0,0.0,0.0,0.0,0.0,0.0,0.0,0.0,0.0,0.0,0.0,0.0,0.0,0.0,0.0,0.0
1623,54100,False,0.0,0.0,0.0,0.0,0.0,0.0,0.0,0.0,0.0,0.0,0.0,0.0,0.0,0.0,0.0,0.0,0.0,0.0,0.0,0.0,0.0,0.0,0.0,0.0,0.0,0.0,0.0,0.0,0.0,0.0,0.0,0.0,0.0,0.0,0.0,0.0,0.0,0.0,0.0,0.0,0.0,0.0,0.0,0.0,0.0,0.0,0.0,0.0,0.0,0.0,0.0,0.0,0.0,0.0,0.0,0.0,0.0,0.0,0.0,0.0,0.0,0.0,0.0,0.0,0.0
1624,54133,False,0.0,0.0,0.0,0.0,0.0,0.0,0.0,0.0,0.0,0.0,0.0,0.0,0.0,0.0,0.0,0.0,0.0,0.0,0.0,0.0,0.0,0.0,0.0,0.0,0.0,0.0,0.0,0.0,0.0,0.0,0.0,0.0,0.0,0.0,0.0,0.0,0.0,0.0,0.0,0.0,0.0,0.0,0.0,0.0,0.0,0.0,0.0,0.0,0.0,0.0,0.0,0.0,0.0,0.0,0.0,0.0,0.0,0.0,0.0,0.0,0.0,0.0,0.0,0.0,0.0
1625,54166,False,0.0,0.0,0.0,0.0,0.0,0.0,0.0,0.0,0.0,0.0,0.0,0.0,0.0,0.0,0.0,0.0,0.0,0.0,0.0,0.0,0.0,0.0,0.0,0.0,0.0,0.0,0.0,0.0,0.0,0.0,0.0,0.0,0.0,0.0,0.0,0.0,0.0,0.0,0.0,0.0,0.0,0.0,0.0,0.0,0.0,0.0,0.0,0.0,0.0,0.0,0.0,0.0,0.0,0.0,0.0,0.0,0.0,0.0,0.0,0.0,0.0,0.0,0.0,0.0,0.0
1626,54199,False,0.0,0.0,0.0,0.0,0.0,0.0,0.0,0.0,0.0,0.0,0.0,0.0,0.0,0.0,0.0,0.0,0.0,0.0,0.0,0.0,0.0,0.0,0.0,0.0,0.0,0.0,0.0,0.0,0.0,0.0,0.0,0.0,0.0,0.0,0.0,0.0,0.0,0.0,0.0,0.0,0.0,0.0,0.0,0.0,0.0,0.0,0.0,0.0,0.0,0.0,0.0,0.0,0.0,0.0,0.0,0.0,0.0,0.0,0.0,0.0,0.0,0.0,0.0,0.0,0.0
1627,54233,False,0.0,0.0,0.0,0.0,0.0,0.0,0.0,0.0,0.0,0.0,0.0,0.0,0.0,0.0,0.0,0.0,0.0,0.0,0.0,0.0,0.0,0.0,0.0,0.0,0.0,0.0,0.0,0.0,0.0,0.0,0.0,0.0,0.0,0.0,0.0,0.0,0.0,0.0,0.0,0.0,0.0,0.0,0.0,0.0,0.0,0.0,0.0,0.0,0.0,0.0,0.0,0.0,0.0,0.0,0.0,0.0,0.0,0.0,0.0,0.0,0.0,0.0,0.0,0.0,0.0
1628,54266,False,0.0,0.0,0.0,0.0,0.0,0.0,0.0,0.0,0.0,0.0,0.0,0.0,0.0,0.0,0.0,0.0,0.0,0.0,0.0,0.0,0.0,0.0,0.0,0.0,0.0,0.0,0.0,0.0,0.0,0.0,0.0,0.0,0.0,0.0,0.0,0.0,0.0,0.0,0.0,0.0,0.0,0.0,0.0,0.0,0.0,0.0,0.0,0.0,0.0,0.0,0.0,0.0,0.0,0.0,0.0,0.0,0.0,0.0,0.0,0.0,0.0,0.0,0.0,0.0,0.0
1629,54300,False,0.0,0.0,0.0,0.0,0.0,0.0,0.0,0.0,0.0,0.0,0.0,0.0,0.0,0.0,0.0,0.0,0.0,0.0,0.0,0.0,0.0,0.0,0.0,0.0,0.0,0.0,0.0,0.0,0.0,0.0,0.0,0.0,0.0,0.0,0.0,0.0,0.0,0.0,0.0,0.0,0.0,0.0,0.0,0.0,0.0,0.0,0.0,0.0,0.0,0.0,0.0,0.0,0.0,0.0,0.0,0.0,0.0,0.0,0.0,0.0,0.0,0.0,0.0,0.0,0.0
1630,54333,False,0.0,0.0,0.0,0.0,0.0,0.0,0.0,0.0,0.0,0.0,0.0,0.0,0.0,0.0,0.0,0.0,0.0,0.0,0.0,0.0,0.0,0.0,0.0,0.0,0.0,0.0,0.0,0.0,0.0,0.0,0.0,0.0,0.0,0.0,0.0,0.0,0.0,0.0,0.0,0.0,0.0,0.0,0.0,0.0,0.0,0.0,0.0,0.0,0.0,0.0,0.0,0.0,0.0,0.0,0.0,0.0,0.0,0.0,0.0,0.0,0.0,0.0,0.0,0.0,0.0
1631,54366,False,0.0,0.0,0.0,0.0,0.0,0.0,0.0,0.0,0.0,0.0,0.0,0.0,0.0,0.0,0.0,0.0,0.0,0.0,0.0,0.0,0.0,0.0,0.0,0.0,0.0,0.0,0.0,0.0,0.0,0.0,0.0,0.0,0.0,0.0,0.0,0.0,0.0,0.0,0.0,0.0,0.0,0.0,0.0,0.0,0.0,0.0,0.0,0.0,0.0,0.0,0.0,0.0,0.0,0.0,0.0,0.0,0.0,0.0,0.0,0.0,0.0,0.0,0.0,0.0,0.0
1632,54400,False,0.0,0.0,0.0,0.0,0.0,0.0,0.0,0.0,0.0,0.0,0.0,0.0,0.0,0.0,0.0,0.0,0.0,0.0,0.0,0.0,0.0,0.0,0.0,0.0,0.0,0.0,0.0,0.0,0.0,0.0,0.0,0.0,0.0,0.0,0.0,0.0,0.0,0.0,0.0,0.0,0.0,0.0,0.0,0.0,0.0,0.0,0.0,0.0,0.0,0.0,0.0,0.0,0.0,0.0,0.0,0.0,0.0,0.0,0.0,0.0,0.0,0.0,0.0,0.0,0.0
1633,54433,False,0.0,0.0,0.0,0.0,0.0,0.0,0.0,0.0,0.0,0.0,0.0,0.0,0.0,0.0,0.0,0.0,0.0,0.0,0.0,0.0,0.0,0.0,0.0,0.0,0.0,0.0,0.0,0.0,0.0,0.0,0.0,0.0,0.0,0.0,0.0,0.0,0.0,0.0,0.0,0.0,0.0,0.0,0.0,0.0,0.0,0.0,0.0,0.0,0.0,0.0,0.0,0.0,0.0,0.0,0.0,0.0,0.0,0.0,0.0,0.0,0.0,0.0,0.0,0.0,0.0
1634,54466,False,0.0,0.0,0.0,0.0,0.0,0.0,0.0,0.0,0.0,0.0,0.0,0.0,0.0,0.0,0.0,0.0,0.0,0.0,0.0,0.0,0.0,0.0,0.0,0.0,0.0,0.0,0.0,0.0,0.0,0.0,0.0,0.0,0.0,0.0,0.0,0.0,0.0,0.0,0.0,0.0,0.0,0.0,0.0,0.0,0.0,0.0,0.0,0.0,0.0,0.0,0.0,0.0,0.0,0.0,0.0,0.0,0.0,0.0,0.0,0.0,0.0,0.0,0.0,0.0,0.0
1635,54500,False,0.0,0.0,0.0,0.0,0.0,0.0,0.0,0.0,0.0,0.0,0.0,0.0,0.0,0.0,0.0,0.0,0.0,0.0,0.0,0.0,0.0,0.0,0.0,0.0,0.0,0.0,0.0,0.0,0.0,0.0,0.0,0.0,0.0,0.0,0.0,0.0,0.0,0.0,0.0,0.0,0.0,0.0,0.0,0.0,0.0,0.0,0.0,0.0,0.0,0.0,0.0,0.0,0.0,0.0,0.0,0.0,0.0,0.0,0.0,0.0,0.0,0.0,0.0,0.0,0.0
1636,54533,False,0.0,0.0,0.0,0.0,0.0,0.0,0.0,0.0,0.0,0.0,0.0,0.0,0.0,0.0,0.0,0.0,0.0,0.0,0.0,0.0,0.0,0.0,0.0,0.0,0.0,0.0,0.0,0.0,0.0,0.0,0.0,0.0,0.0,0.0,0.0,0.0,0.0,0.0,0.0,0.0,0.0,0.0,0.0,0.0,0.0,0.0,0.0,0.0,0.0,0.0,0.0,0.0,0.0,0.0,0.0,0.0,0.0,0.0,0.0,0.0,0.0,0.0,0.0,0.0,0.0
1637,54566,False,0.0,0.0,0.0,0.0,0.0,0.0,0.0,0.0,0.0,0.0,0.0,0.0,0.0,0.0,0.0,0.0,0.0,0.0,0.0,0.0,0.0,0.0,0.0,0.0,0.0,0.0,0.0,0.0,0.0,0.0,0.0,0.0,0.0,0.0,0.0,0.0,0.0,0.0,0.0,0.0,0.0,0.0,0.0,0.0,0.0,0.0,0.0,0.0,0.0,0.0,0.0,0.0,0.0,0.0,0.0,0.0,0.0,0.0,0.0,0.0,0.0,0.0,0.0,0.0,0.0
1638,54600,False,0.0,0.0,0.0,0.0,0.0,0.0,0.0,0.0,0.0,0.0,0.0,0.0,0.0,0.0,0.0,0.0,0.0,0.0,0.0,0.0,0.0,0.0,0.0,0.0,0.0,0.0,0.0,0.0,0.0,0.0,0.0,0.0,0.0,0.0,0.0,0.0,0.0,0.0,0.0,0.0,0.0,0.0,0.0,0.0,0.0,0.0,0.0,0.0,0.0,0.0,0.0,0.0,0.0,0.0,0.0,0.0,0.0,0.0,0.0,0.0,0.0,0.0,0.0,0.0,0.0
1639,54633,False,0.0,0.0,0.0,0.0,0.0,0.0,0.0,0.0,0.0,0.0,0.0,0.0,0.0,0.0,0.0,0.0,0.0,0.0,0.0,0.0,0.0,0.0,0.0,0.0,0.0,0.0,0.0,0.0,0.0,0.0,0.0,0.0,0.0,0.0,0.0,0.0,0.0,0.0,0.0,0.0,0.0,0.0,0.0,0.0,0.0,0.0,0.0,0.0,0.0,0.0,0.0,0.0,0.0,0.0,0.0,0.0,0.0,0.0,0.0,0.0,0.0,0.0,0.0,0.0,0.0
1640,54666,False,0.0,0.0,0.0,0.0,0.0,0.0,0.0,0.0,0.0,0.0,0.0,0.0,0.0,0.0,0.0,0.0,0.0,0.0,0.0,0.0,0.0,0.0,0.0,0.0,0.0,0.0,0.0,0.0,0.0,0.0,0.0,0.0,0.0,0.0,0.0,0.0,0.0,0.0,0.0,0.0,0.0,0.0,0.0,0.0,0.0,0.0,0.0,0.0,0.0,0.0,0.0,0.0,0.0,0.0,0.0,0.0,0.0,0.0,0.0,0.0,0.0,0.0,0.0,0.0,0.0
1641,54699,False,0.0,0.0,0.0,0.0,0.0,0.0,0.0,0.0,0.0,0.0,0.0,0.0,0.0,0.0,0.0,0.0,0.0,0.0,0.0,0.0,0.0,0.0,0.0,0.0,0.0,0.0,0.0,0.0,0.0,0.0,0.0,0.0,0.0,0.0,0.0,0.0,0.0,0.0,0.0,0.0,0.0,0.0,0.0,0.0,0.0,0.0,0.0,0.0,0.0,0.0,0.0,0.0,0.0,0.0,0.0,0.0,0.0,0.0,0.0,0.0,0.0,0.0,0.0,0.0,0.0
1642,54733,False,0.0,0.0,0.0,0.0,0.0,0.0,0.0,0.0,0.0,0.0,0.0,0.0,0.0,0.0,0.0,0.0,0.0,0.0,0.0,0.0,0.0,0.0,0.0,0.0,0.0,0.0,0.0,0.0,0.0,0.0,0.0,0.0,0.0,0.0,0.0,0.0,0.0,0.0,0.0,0.0,0.0,0.0,0.0,0.0,0.0,0.0,0.0,0.0,0.0,0.0,0.0,0.0,0.0,0.0,0.0,0.0,0.0,0.0,0.0,0.0,0.0,0.0,0.0,0.0,0.0
1643,54766,False,0.0,0.0,0.0,0.0,0.0,0.0,0.0,0.0,0.0,0.0,0.0,0.0,0.0,0.0,0.0,0.0,0.0,0.0,0.0,0.0,0.0,0.0,0.0,0.0,0.0,0.0,0.0,0.0,0.0,0.0,0.0,0.0,0.0,0.0,0.0,0.0,0.0,0.0,0.0,0.0,0.0,0.0,0.0,0.0,0.0,0.0,0.0,0.0,0.0,0.0,0.0,0.0,0.0,0.0,0.0,0.0,0.0,0.0,0.0,0.0,0.0,0.0,0.0,0.0,0.0
1644,54800,False,0.0,0.0,0.0,0.0,0.0,0.0,0.0,0.0,0.0,0.0,0.0,0.0,0.0,0.0,0.0,0.0,0.0,0.0,0.0,0.0,0.0,0.0,0.0,0.0,0.0,0.0,0.0,0.0,0.0,0.0,0.0,0.0,0.0,0.0,0.0,0.0,0.0,0.0,0.0,0.0,0.0,0.0,0.0,0.0,0.0,0.0,0.0,0.0,0.0,0.0,0.0,0.0,0.0,0.0,0.0,0.0,0.0,0.0,0.0,0.0,0.0,0.0,0.0,0.0,0.0
